node_id,x_m,y_m
0,92.937,186.81
1,122.906,96.197
2,153.2,154.084
3,151.296,147.104
4,109.216,107.118
5,192.763,120.928
6,189.427,211.393
7,226.792,242.058
8,103.356,103.911
9,201.158,170.019
10,96.965,189.972
11,228.22,220.896
12,99.747,115.945
13,58.803,248.245
14,100.596,199.649
15,162.659,173.522
16,160.477,218.891
17,174.786,116.773
18,79.949,150.833
19,237.937,85.887
20,191.209,180.882
21,88.831,97.937
22,191.661,142.931
23,137.07,151.407
24,77.289,195.249
25,172.528,161.938
26,123.899,216.165
27,218.585,164.021
28,74.838,86.417
29,87.253,72.914
30,184.244,163.751
31,97.356,235.475
32,180.623,212.368
33,217.427,190.739
34,160.485,250.015
35,83.482,192.253
36,230.369,151.025
37,217.261,92.955
38,138.875,110.458
39,135.104,194.717
40,85.56,123.67
41,222.906,116.426
42,82.144,251.897
43,163.298,61.044
44,169.188,86.049
45,89.326,201.929
46,185.002,140.859
47,158.069,166.718
48,147.22,77.286
49,207.775,208.102
50,140.001,136.465
51,176.843,149.773
52,138.696,228.786
53,234.406,86.995
54,91.156,210.876
55,244.722,200.267
56,115.544,68.944
57,219.247,239.34
58,205.809,201.381
59,247.67,159.881
60,239.335,108.771
61,72.436,221.613
62,194.085,213.208
63,82.98,116.163
64,172.308,70.13
65,121.722,175.38
66,240.652,198.13
67,135.032,137.247
68,157.765,202.453
69,252.131,59.657
70,238.44,214.407
71,66.435,107.614
72,110.97,99.642
73,89.231,84.158
74,189.64,143.096
75,78.435,222.384
76,220.772,108.36
77,219.714,209.154
78,161.161,74.687
79,196.107,228.487
80,230.89,243.22
81,89.239,248.297
82,75.784,128.608
83,162.869,182.407
84,161.048,234.832
85,208.911,225.442
86,189.797,146.545
87,61.531,183.983
88,240.393,94.723
89,252.285,60.933
90,135.134,204.298
91,196.978,170.37
92,112.331,105.677
93,84.869,183.607
94,61.081,82.765
95,197.673,144.766
96,60.854,140.467
97,238.3,157.549
98,109.995,84.251
99,155.134,104.888
100,111.244,69.432
101,176.019,212.633
102,156.521,177.15
103,114.652,251.5
104,113.58,236.929
105,60.272,186.684
106,227.65,168.773
107,99.728,90.262
108,250.767,251.695
109,103.647,138.037
110,219.426,227.054
111,63.218,164.033
112,106.206,73.856
113,192.921,152.649
114,98.269,206.046
115,120.576,108.983
116,115.909,95.857
117,222.251,121.92
118,239.789,191.829
119,162.845,232.496
120,130.412,64.418
121,185.793,69.866
122,238.853,247.818
123,133.995,75.067
124,244.693,108.03
125,246.496,150.77
126,230.598,228.425
127,87.239,122.846
128,141.769,96.519
129,239.173,98.492
130,103.68,93.184
131,87.084,216.447
132,97.114,172.712
133,82.05,216.101
134,210.872,241.792
135,68.269,188.43
136,199.625,123.745
137,192.23,120.479
138,171.777,224.098
139,218.958,122.428
140,108.126,243.719
141,103.183,149.77
142,139.195,128.833
143,161.99,80.295
144,148.445,188.988
145,223.361,153.365
146,102.58,112.765
147,94.83,86.168
148,117.528,132.531
149,242.279,205.291
150,237.671,153.634
151,95.225,169.125
152,193.694,251.838
153,102.526,206.571
154,245.306,134.414
155,159.31,78.509
156,188.708,68.262
157,210.15,205.208
158,219.975,222.84
159,71.026,228.789
160,195.6,242.78
161,233.514,151.455
162,225.096,96.532
163,247.064,189.459
164,216.252,164.256
165,169.666,104.873
166,214.151,160.09
167,101.278,204.929
168,171.241,141.293
169,215.118,140.089
170,190.034,163.545
171,128.999,126.749
172,172.639,93.423
173,91.156,119.148
174,196.889,94.201
175,207.796,121.552
176,242.29,78.707
177,224.104,218.604
178,219.685,180.674
179,115.58,244.548
180,100.996,194.907
181,137.009,71.211
182,138.543,119.618
183,211.643,97.851
184,219.234,63.568
185,74.424,179.185
186,239.222,177.715
187,89.206,235.667
188,189.018,58.716
189,83.371,133.725
190,161.218,168.071
191,221.151,177.495
192,244.963,136.818
193,123.715,186.619
194,233.763,141.691
195,66.801,131.672
196,97.449,232.789
197,121.642,146.398
198,178.285,68.645
199,75.116,158.797
200,106.731,69.353
201,203.033,201.272
202,177.51,82.715
203,216.762,252.002
204,79.304,190.585
205,67.547,79.141
206,122.639,246.578
207,146.767,163.093
208,230.893,134.362
209,114.055,73.452
210,103.103,177.289
211,230.356,250.781
212,108.777,188.239
213,119.999,166.709
214,60.668,239.258
215,210.048,205.576
216,182.121,131.939
217,222.019,156.504
218,187.169,110.497
219,93.541,197.912
220,119.226,66.281
221,116.209,139.912
222,94.406,84.76
223,197.166,148.031
224,156.234,197.452
225,66.754,158.45
226,250.301,111.62
227,194.528,92.3
228,131.51,145.272
229,99.983,104.158
230,122.344,150.01
231,133.833,154.204
232,106.149,163.793
233,207.511,149.442
234,127.863,218.106
235,179.916,154.617
236,118.028,244.472
237,80.22,237.977
238,117.314,236.773
239,66.315,193.144
240,150.965,177.584
241,74.525,130.995
242,128.601,166.738
243,197.986,243.284
244,114.578,66.48
245,93.263,236.518
246,164.876,187.916
247,252.376,212.864
248,172.774,209.44
249,90.231,217.905
250,91.488,229.838
251,223.871,168.895
252,112.001,82.06
253,152.842,98.778
254,129.334,86.89
255,73.827,212.226
256,210.737,173.575
257,179.332,217.206
258,173.815,181.417
259,68.421,72.724
260,192.801,163.51
261,113.003,215.712
262,147.792,171.079
263,244.789,144.651
264,231.684,154.441
265,187.525,203.008
266,157.256,161.768
267,226.291,206.741
268,177.113,196.591
269,108.125,166.263
270,221.171,198.48
271,239.232,68.031
272,90.145,101.266
273,243.361,233.163
274,110.458,70.839
275,122.622,219.704
276,220.969,179.284
277,240.954,207.768
278,59.877,91.516
279,219.468,207.01
280,227.335,173.174
281,236.361,57.557
282,131.818,65.001
283,249.614,227.14
284,185.251,164.63
285,159.859,171.735
286,112.938,79.231
287,223.355,219.513
288,109.588,141.427
289,138.293,206.071
290,123.851,189.509
291,81.117,237.6
292,187.413,131.402
293,157.078,191.806
294,166.533,83.062
295,88.062,77.792
296,181.104,252.869
297,80.316,225.632
298,207.347,107.83
299,149.123,73.687
300,216.649,148.875
301,220.844,140.437
302,142.902,164.177
303,211.563,169.13
304,184.323,137.277
305,95.022,104.414
306,218.23,60.804
307,215.917,162.519
308,126.254,146.536
309,137.43,198.593
310,200.774,238.003
311,151.577,182.27
312,95.179,193.975
313,61.112,222.988
314,237.249,144.166
315,81.708,92.554
316,175.661,59.498
317,118.698,58.284
318,70.851,77.772
319,239.103,207.517
320,147.466,193.687
321,79.875,198.055
322,104.391,194.745
323,130.945,225.43
324,70.015,69.794
325,229.188,219.488
326,124.107,82.22
327,162.713,156.322
328,136.903,220.198
329,74.414,133.307
330,183.055,155.883
331,141.166,176.53
332,91.503,156.654
333,67.902,109.546
334,64.988,112.917
335,65.409,251.973
336,241.574,64.837
337,83.494,238.672
338,243.384,239.689
339,251.589,159.682
340,251.636,247.759
341,115.983,154.601
342,153.323,245.825
343,180.164,122.503
344,210.432,124.199
345,176.32,117.6
346,142.807,159.403
347,71.281,190.464
348,223.072,67.899
349,98.841,179.473
350,125.658,65.298
351,115.107,97.559
352,244.465,208.765
353,75.327,148.197
354,228.128,133.503
355,107.893,103.182
356,133.417,217.726
357,249.883,248.924
358,229.558,65.518
359,185.916,185.757
360,82.391,63.639
361,151.861,117.624
362,228.442,192.782
363,132.11,211.17
364,61.686,160.75
365,110.998,113.599
366,167.465,190.131
367,243.707,155.545
368,99.088,236.563
369,220.827,225.934
370,161.534,58.12
371,206.518,75.747
372,147.732,98.025
373,199.233,144.431
374,238.852,234.609
375,117.263,110.279
376,197.903,231.903
377,240.931,156.724
378,113.104,99.445
379,208.238,121.381
380,219.88,246.415
381,192.414,162.575
382,244.165,200.396
383,176.827,177.321
384,162.05,117.258
385,69.913,182.543
386,70.142,141.783
387,130.407,210.654
388,190.104,228.571
389,175.269,156.974
390,105.29,114.263
391,137.75,160.605
392,148.771,94.184
393,107.772,222.968
394,177.497,96.87
395,115.413,120.769
396,74.194,189.675
397,157.059,141.222
398,210.992,184.19
399,187.321,225.645
400,190.033,75.548
401,226.816,246.632
402,218.134,72.583
403,225.579,193.729
404,141.218,192.714
405,158.49,223.676
406,190.409,205.168
407,202.254,146.143
408,57.979,169.393
409,153.038,177.8
410,208.124,190.835
411,90.387,110.762
412,83.868,232.259
413,83.632,78.845
414,247.232,182.666
415,198.435,252.889
416,63.709,165.335
417,126.086,218.237
418,75.459,85.926
419,194.391,241.645
420,206.048,114.313
421,141.95,124.723
422,152.125,139.799
423,200.702,221.667
424,136.083,169.718
425,231.386,116.202
426,234.538,87.76
427,119.954,211.655
428,148.042,143.546
429,162.341,88.636
430,149.67,120.633
431,64.593,171.284
432,190.579,77.249
433,70.263,87.282
434,87.03,103.509
435,176.64,133.684
436,101.829,165.313
437,206.234,199.105
438,218.914,179.645
439,144.438,178.529
440,109.361,223.562
441,62.365,205.584
442,98.33,215.229
443,216.762,245.627
444,191.958,142.606
445,130.494,112.464
446,237.205,129.473
447,151.721,143.83
448,109.189,183.939
449,238.525,175.825
450,143.806,62.758
451,201.925,161.725
452,133.752,98.965
453,182.329,249.862
454,70.632,231.145
455,105.467,86.102
456,158.819,65.836
457,68.834,217.519
458,224.175,101.139
459,140.959,155.248
460,118.186,82.566
461,80.205,202.497
462,89.212,68.107
463,141.486,192.588
464,192.452,130.131
465,143.761,109.37
466,202.785,185.583
467,81.339,90.036
468,99.033,179.153
469,118.103,135.406
470,161.117,115.924
471,60.121,130.536
472,120.776,155.849
473,79.641,155.893
474,72.495,113.961
475,123.714,135.139
476,180.776,235.344
477,168.103,160.266
478,191.434,85.736
479,156.138,200.952
480,146.419,123.898
481,170.128,118.734
482,205.874,129.198
483,135.454,247.043
484,145.467,146.162
485,155.476,71.883
486,100.095,159.304
487,67.926,195.118
488,249.453,168.87
489,228.024,205.807
490,163.992,60.127
491,151.252,217.152
492,136.507,238.915
493,180.962,110.097
494,123.589,116.389
495,210.022,157.97
496,62.484,170.218
497,234.185,105.663
498,99.84,110.188
499,214.234,196.666
500,103.179,148.359
501,146.023,176.384
502,87.611,201.537
503,109.747,127.013
504,71.681,106.699
505,200.138,159.062
506,64.49,222.582
507,184.299,153.684
508,157.318,198.769
509,110.903,229.897
510,67.202,97.289
511,130.987,106.38
512,100.519,137.435
513,172.656,127.394
514,194.923,137.579
515,103.929,242.864
516,199.081,117.41
517,121.372,210.27
518,196.937,116.651
519,98.173,242.451
520,243.786,192.555
521,193.414,182.609
522,215.27,248.047
523,154.192,225.707
524,100.485,180.751
525,186.202,68.912
526,88.502,241.338
527,194.116,222.216
528,154.996,88.074
529,157.588,233.066
530,152.289,108.417
531,62.965,213.915
532,159.891,117.514
533,168.129,176.348
534,152.454,202.033
535,171.96,243.24
536,156.031,124.658
537,126.832,242.745
538,239.673,225.595
539,176.384,251.178
540,130.825,172.578
541,133.099,77.03
542,238.985,184.091
543,118.289,88.352
544,136.764,197.524
545,163.902,116.446
546,160.34,123.677
547,222.176,184.69
548,136.213,189.933
549,76.896,176.741
550,86.929,112.935
551,150.246,202.785
552,122.92,93.6
553,156.104,199.988
554,220.749,227.574
555,58.714,156.763
556,70.565,177.88
557,135.789,247.011
558,79.961,63.498
559,128.652,75.287
560,112.307,249.145
561,90.96,215.426
562,221.321,98.142
563,118.103,116.849
564,172.216,180.245
565,72.25,171.65
566,59.466,156.855
567,120.595,213.146
568,200.397,202.983
569,126.744,250.953
570,158.977,159.369
571,246.449,134.957
572,79.762,218.326
573,179.46,222.429
574,165.105,160.847
575,196.856,195.939
576,155.848,76.608
577,141.256,154.144
578,213.55,65.947
579,246.822,206.139
580,151.994,83.795
581,170.739,99.055
582,118.606,111.705
583,162.406,160.573
584,128.802,127.41
585,67.591,97.271
586,97.331,163.254
587,238.778,84.552
588,124.799,133.207
589,127.648,73.169
590,172.744,199.582
591,89.769,173.588
592,74.177,143.877
593,141.371,111.963
594,138.373,96.966
595,225.679,188.797
596,172.412,197.208
597,115.978,148.534
598,57.58,128.686
599,250.814,126.105
600,198.14,100.799
601,230.902,198.871
602,154.728,147.185
603,185.046,223.742
604,218.565,143.964
605,138.873,183.288
606,147.458,128.557
607,159.15,178.473
608,98.618,197.713
609,198.393,112.544
610,91.808,216.044
611,243.475,200.617
612,72.613,203.45
613,235.395,100.672
614,243.217,58.495
615,246.087,68.615
616,153.479,158.377
617,245.565,189.145
618,238.835,65.73
619,177.234,170.98
620,85.129,145.389
621,124.508,143.02
622,210.922,196.771
623,195.177,86.023
624,131.975,222.746
625,60.31,99.374
626,61.511,196.603
627,156.78,110.562
628,110.117,85.25
629,101.126,125.896
630,152.542,234.884
631,167.832,120.352
632,232.929,125.076
633,104.016,81.185
634,100.515,128.413
635,94.715,58.196
636,72.09,187.267
637,240.217,115.766
638,181.197,177.728
639,127.534,239.866
640,97.384,62.798
641,134.947,186.243
642,210.753,200.727
643,137.748,152.808
644,153.972,236.294
645,207.397,157.819
646,236.175,172.613
647,178.019,127.767
648,107.861,138.663
649,227.989,235.732
650,75.779,155.65
651,77.27,245.966
652,78.22,166.142
653,241.063,176.472
654,246.139,81.97
655,247.147,252.456
656,84.337,186.063
657,250.087,237.758
658,125.891,242.537
659,178.512,121.091
660,100.822,229.764
661,209.789,146.713
662,172.792,220.887
663,106.419,213.99
664,180.952,240.381
665,155.305,132.913
666,103.88,134.81
667,197.592,245.507
668,251.812,99.522
669,249.558,72.781
670,219.258,97.369
671,166.758,205.203
672,234.868,174.134
673,99.634,63.89
674,150.616,193.497
675,229.421,223.282
676,71.335,91.925
677,182.203,198.539
678,88.489,177.165
679,78.137,99.22
680,153.619,154.687
681,115.549,118.385
682,245.439,187.656
683,155.274,160.071
684,172.497,110.57
685,98.147,219.816
686,242.984,243.689
687,202.604,92.677
688,65.573,168.259
689,232.869,151.611
690,71.174,77.648
691,190.691,191.888
692,206.532,138.004
693,105.766,238.242
694,153.535,98.008
695,107.372,95.332
696,154.409,163.45
697,76.265,217.337
698,119.198,126.387
699,87.439,247.582
700,71.909,197.993
701,168.75,95.704
702,166.794,142.299
703,239.251,222.485
704,108.221,116.982
705,146.27,174.284
706,237.43,77.328
707,240.132,163.473
708,145.966,63.685
709,145.561,228.19
710,185.55,218.818
711,136.139,197.634
712,130.021,239.934
713,81.312,143.966
714,173.043,104.193
715,118.062,210.758
716,181.541,144.281
717,236.628,129.233
718,199.485,169.991
719,138.067,121.272
720,227.255,71.938
721,112.973,59.599
722,252.767,60.816
723,104.442,80.397
724,94.537,186.179
725,78.431,128.732
726,88.07,184.543
727,113.604,184.609
728,109.367,196.45
729,214.562,139.729
730,175.843,136.824
731,225.084,104.747
732,143.494,207.111
733,59.206,79.975
734,216.334,81.98
735,184.771,207.795
736,179.634,215.11
737,173.075,58.992
738,109.837,247.923
739,204.577,112.599
740,170.394,133.242
741,178.05,160.579
742,173.452,176.443
743,185.51,198.518
744,204.671,249.669
745,212.381,134.536
746,252.345,79.941
747,226.51,224.378
748,70.434,104.511
749,182.926,130.36
750,144.136,234.326
751,116.593,210.428
752,80.254,139.299
753,65.828,252.995
754,119.939,57.697
755,139.724,248.758
756,80.494,137.941
757,152.701,112.156
758,102.255,113.442
759,203.162,117.891
760,80.176,174.634
761,127.599,239.878
762,100.285,221.848
763,65.463,97.382
764,148.83,117.336
765,181.491,57.946
766,198.284,129.152
767,129.648,251.471
768,157.559,89.342
769,224.121,183.439
770,82.561,117.899
771,110.878,217.575
772,97.848,175.732
773,237.355,75.87
774,113.547,186.278
775,141.744,164.092
776,150.306,89.043
777,127.858,93.323
778,162.909,175.31
779,106.529,65.824
780,158.683,145.117
781,212.131,209.228
782,123.292,160.136
783,141.839,172.609
784,149.947,112.209
785,202.206,201.303
786,172.193,201.521
787,130.06,72.109
788,88.608,187.234
789,170.75,222.116
790,202.806,226.546
791,224.356,82.412
792,236.861,67.446
793,226.742,85.878
794,93.806,249.846
795,199.492,158.223
796,201.04,246.134
797,202.824,160.422
798,183.564,214.736
799,73.439,153.725
800,188.329,111.306
801,73.745,135.111
802,191.707,212.534
803,159.668,140.497
804,234.308,66.833
805,174.873,142.634
806,143.871,155.361
807,177.528,214.342
808,150.349,197.784
809,84.953,155.263
810,164.39,236.253
811,220.71,178.567
812,116.344,252.864
813,92.536,97.153
814,165.368,114.663
815,142.526,143.739
816,80.988,70.248
817,114.245,103.394
818,125.003,202.688
819,212.203,195.544
820,111.111,73.898
821,156.892,200.226
822,210.359,166.845
823,207.084,139.531
824,168.157,144.619
825,143.51,178.009
826,185.874,148.042
827,118.359,91.328
828,60.893,129.395
829,161.03,75.027
830,100.206,174.33
831,172.471,147.443
832,200.23,216.416
833,157.714,218.995
834,94.53,203.048
835,134.4,112.6
836,138.54,125.409
837,193.535,78.202
838,80.409,82.434
839,183.59,100.982
840,149.604,171.712
841,79.033,166.519
842,94.221,227.351
843,166.326,165.143
844,182.169,230.49
845,183.333,196.782
846,157.615,168.685
847,189.472,100.611
848,144.774,236.19
849,205.723,149.309
850,140.965,188.891
851,145.33,219.646
852,120.542,70.987
853,149.647,242.431
854,180.731,153.105
855,90.005,86.629
856,123.085,233.121
857,72.084,181.211
858,77.96,235.192
859,121.159,101.962
860,125.057,100.205
861,197.587,99.368
862,153.449,64.837
863,101.218,82.864
864,187.815,85.439
865,108.9,100.402
866,195.347,247.947
867,195.099,233.258
868,60.572,145.149
869,155.333,157.763
870,240.904,105.245
871,109.222,209.602
872,93.655,246.689
873,225.091,91.851
874,93.947,191.468
875,186.908,155.788
876,179.003,95.748
877,236.22,120.683
878,196.813,147.19
879,99.209,132.226
880,193.404,160.642
881,240.133,211.465
882,127.541,109.549
883,146.545,80.714
884,110.908,114.763
885,74.101,175.129
886,57.522,114.385
887,234.61,242.375
888,115.66,239.584
889,63.489,215.01
890,71.008,244.456
891,236.209,117.308
892,223.365,249.003
893,184.368,86.403
894,200.711,178.98
895,92.501,145.358
896,70.505,241.382
897,154.726,133.13
898,107.756,212.277
899,78.087,93.083
900,157.348,129.802
901,244.917,176.222
902,166.404,216.79
903,166.799,60.139
904,73.875,165.698
905,152.508,180.411
906,151.483,225.654
907,218.704,227.82
908,230.739,116.131
909,189.53,142.987
910,249.544,101.024
911,69.116,204.169
912,179.204,139.204
913,143.247,219.832
914,189.5,227.745
915,61.255,167.495
916,227.586,72.062
917,229.616,235.166
918,191.298,203.53
919,212.686,187.208
920,208.409,150.721
921,113.826,150.234
922,79.101,140.027
923,229.854,189.416
924,142.028,235.512
925,219.409,176.632
926,105.482,173.753
927,68.663,182.891
928,203.262,74.669
929,189.916,124.558
930,128.47,68.973
931,188.26,192.975
932,177.723,139.089
933,251.781,62.922
934,112.302,193.867
935,131.115,82.146
936,68.138,113.663
937,85.958,123.579
938,196.711,111.761
939,202.924,229.147
940,181.194,80.417
941,100.88,135.321
942,151.526,214.063
943,63.471,135.449
944,187.606,167.846
945,90.039,182.01
946,177.407,109.458
947,205.416,187.517
948,57.648,216.672
949,127.393,248.161
950,129.597,234.326
951,195.314,114.777
952,213.562,234.952
953,57.85,119.943
954,129.311,114.907
955,95.7,161.18
956,76.365,195.912
957,106.354,57.619
958,67.325,66.816
959,204.103,226.986
960,70.675,78.108
961,126.997,250.2
962,180.357,164.916
963,60.934,62.344
964,244.561,212.172
965,183.284,59.203
966,128.159,81.744
967,160.497,145.039
968,69.449,219.256
969,213.222,154.091
970,126.57,247.492
971,198.604,111.455
972,179.003,83.227
973,115.648,165.45
974,247.364,110.058
975,92.102,122.513
976,134.131,138.497
977,178.406,159.388
978,115.986,134.679
979,71.073,201.019
980,121.181,148.165
981,116.098,99.412
982,235.165,177.791
983,108.196,102.502
984,220.802,192.109
985,145.843,76.975
986,179.274,95.479
987,188.528,229.731
988,241.189,238.247
989,71.543,147.198
990,123.148,174.841
991,147.842,106.022
992,60.669,66.005
993,208.11,248.371
994,236.517,223.807
995,221.516,158.148
996,76.568,113.017
997,97.874,251.795
998,218.492,228.691
999,193.436,108.776
1000,82.066,156.381
1001,160.72,252.453
1002,247.865,221.796
1003,111.383,228.276
1004,95.581,92.391
1005,92.167,214.076
1006,64.054,107.731
1007,217.052,125.453
1008,158.114,98.48
1009,154.923,107.82
1010,181.153,196.467
1011,66.304,84.748
1012,142.702,121.68
1013,136.053,184.418
1014,229.258,179.769
1015,144.595,119.671
1016,193.038,82.602
1017,75.316,233.853
1018,77.452,156.023
1019,162.836,113.664
1020,244.919,203.26
1021,144.251,246.626
1022,88.554,251.151
1023,203.289,113.021
1024,83.348,131.876
1025,174.087,212.789
1026,111.688,109.437
1027,241.606,197.237
1028,119.48,57.76
1029,127.268,90.382
1030,224.86,64.212
1031,242.753,240.551
1032,157.547,77.027
1033,237.62,105.304
1034,213.951,80.672
1035,228.095,107.908
1036,57.667,85.65
1037,215.456,122.317
1038,128.082,83.478
1039,240.527,101.48
1040,171.272,166.768
1041,117.628,115.429
1042,126.58,134.516
1043,78.6,101.776
1044,214.379,230.1
1045,61.534,80.984
1046,107.504,87.808
1047,83.075,69.956
1048,93.497,155.739
1049,125.262,238.013
1050,211.445,246.067
1051,150.73,244.22
1052,235.667,117.772
1053,169.9,69.379
1054,252.164,143.058
1055,136.596,239.334
1056,113.217,171.54
1057,102.716,127.798
1058,202.353,86.278
1059,248.772,116.144
1060,145.382,166.226
1061,57.961,224.074
1062,168.5,203.852
1063,248.721,204.595
1064,77.651,69.812
1065,130.797,126.105
1066,234.956,159.299
1067,174.386,129.129
1068,123.005,139.993
1069,76.653,112.174
1070,100.849,168.976
1071,155.049,140.155
1072,241.653,192.104
1073,125.746,130.068
1074,157.582,63.398
1075,99.671,213.522
1076,198.317,165.43
1077,158.386,109.156
1078,194.153,220.147
1079,189.503,118.047
1080,98.729,228.002
1081,174.759,213.55
1082,73.437,144.436
1083,239.226,93.689
1084,211.708,157.18
1085,122.899,240.583
1086,61.818,220.642
1087,123.472,239.948
1088,236.162,104.8
1089,208.388,80.919
1090,165.995,230.586
1091,61.928,171.046
1092,76.56,152.089
1093,170.099,132.084
1094,114.61,87.339
1095,81.941,157.645
1096,195.717,107.022
1097,66.151,118.751
1098,192.379,173.661
1099,192.355,162.315
1100,145.713,104.547
1101,61.042,198.428
1102,211.484,70.89
1103,63.702,162.015
1104,69.476,117.16
1105,198.374,114.799
1106,132.946,136.393
1107,147.726,175.284
1108,155.13,158.014
1109,128.885,251.477
1110,140.065,147.216
1111,90.1,148.106
1112,204.415,124.257
1113,176.949,203.967
1114,88.538,97.421
1115,97.812,122.726
1116,70.624,88.763
1117,169.502,100.009
1118,134.253,223.047
1119,222.351,164.613
1120,64.569,155.63
1121,234.724,80.025
1122,201.372,118.009
1123,238.77,102.797
1124,96.378,81.641
1125,249.418,199.619
1126,61.718,234.825
1127,196.524,100.023
1128,176.086,209.704
1129,81.788,176.171
1130,234.305,93.304
1131,141.518,238.054
1132,244.154,164.343
1133,126.984,73.736
1134,64.919,172.043
1135,139.128,195.233
1136,63.84,97.886
1137,221.127,150.077
1138,223.515,151.627
1139,236.876,154.518
1140,131.43,231.781
1141,229.859,140.11
1142,211.99,108.506
1143,207.674,113.973
1144,249.591,166.648
1145,142.458,212.73
1146,193.509,230.749
1147,120.027,157.697
1148,121.78,198.467
1149,90.706,138.457
1150,148.129,176.102
1151,118.236,117.918
1152,191.86,128.823
1153,237.134,135.343
1154,77.314,204.642
1155,105.22,242.454
1156,111.477,241.548
1157,88.95,146.63
1158,61.548,216.806
1159,75.066,188.067
1160,131.651,201.588
1161,234.89,133.13
1162,81.28,79.08
1163,224.788,222.366
1164,185.341,200.521
1165,104.888,117.161
1166,86.929,60.828
1167,107.933,93.025
1168,110.184,241.725
1169,175.152,75.382
1170,107.36,112.937
1171,158.887,157.718
1172,203.468,62.638
1173,72.686,181.603
1174,215.738,239.713
1175,162.723,209.699
1176,165.17,118.931
1177,106.401,93.562
1178,218.584,219.359
1179,213.394,189.493
1180,157.03,108.054
1181,104.107,83.613
1182,206.43,133.605
1183,247.846,202.854
1184,144.407,62.193
1185,125.315,154.988
1186,231.86,104.226
1187,169.932,194.798
1188,80.691,109.072
1189,209.046,102.648
1190,147.481,128.228
1191,194.173,93.921
1192,157.498,60.904
1193,198.706,92.758
1194,215.127,137.64
1195,201.032,99.211
1196,83.521,226.415
1197,150.609,230.659
1198,152.661,81.271
1199,124.089,80.671
1200,160.747,212.114
1201,137.04,171.694
1202,225.5,70.596
1203,157.405,123.474
1204,101.238,218.878
1205,242.308,242.549
1206,165.13,100.726
1207,165.853,188.888
1208,213.248,65.464
1209,103.059,97.775
1210,191.379,203.527
1211,191.903,81.285
1212,154.665,152.916
1213,120.474,147.15
1214,159.385,218.849
1215,76.54,182.792
1216,110.108,175.878
1217,243.503,134.633
1218,221.532,206.053
1219,199.734,195.296
1220,119.193,78.156
1221,234.341,131.086
1222,120.261,102.156
1223,148.659,60.019
1224,212.973,198.006
1225,158.608,206.963
1226,201.512,219.668
1227,59.773,79.09
1228,87.613,187.634
1229,67.347,59.093
1230,196.851,194.116
1231,176.767,73.574
1232,58.201,138.198
1233,176.213,112.389
1234,151.101,231.969
1235,129.313,77.788
1236,115.006,213.149
1237,126.394,68.805
1238,186.905,86.707
1239,185.602,122.287
1240,109.259,66.793
1241,249.743,122.775
1242,101.682,97.635
1243,105.412,133.311
1244,137.015,73.644
1245,239.2,240.164
1246,208.806,118.66
1247,134.032,127.35
1248,106.027,120.728
1249,117.775,161.191
1250,117.221,119.429
1251,227.909,143.358
1252,130.45,164.106
1253,219.221,157.406
1254,148.926,65.146
1255,75.9,168.543
1256,207.687,150.393
1257,135.477,68.962
1258,197.229,91.541
1259,127.848,159.053
1260,194.735,166.033
1261,117.812,127.647
1262,200.415,68.892
1263,247.297,106.863
1264,124.35,61.572
1265,252.892,191.509
1266,123.157,137.417
1267,104.248,57.505
1268,194.196,232.525
1269,131.844,168.055
1270,155.154,227.752
1271,66.882,144.027
1272,139.042,219.208
1273,109.481,88.222
1274,57.58,141.065
1275,206.912,231.937
1276,171.56,107.934
1277,57.546,154.44
1278,240.254,109.577
1279,141.164,191.038
1280,71.594,66.236
1281,191.382,231.02
1282,218.544,102.623
1283,64.435,203.149
1284,126.049,228.564
1285,57.963,109.752
1286,85.944,103.536
1287,78.656,105.46
1288,140.842,100.965
1289,197.28,154.086
1290,92.528,69.6
1291,159.986,71.925
1292,217.903,215.222
1293,107.326,139.362
1294,162.731,179.252
1295,159.663,252.5
1296,123.639,163.517
1297,175.736,97.345
1298,108.333,63.437
1299,175.18,217.155
1300,172.551,183.97
1301,228.182,86.462
1302,232.033,230.222
1303,116.715,145.95
1304,136.843,96.81
1305,193.011,245.372
1306,184.145,134.516
1307,61.962,81.887
1308,112.767,102.791
1309,228.18,126.937
1310,252.171,249.435
1311,152.802,111.69
1312,145.852,247.576
1313,134.34,152.157
1314,188.145,173.186
1315,63.154,244.021
1316,251.579,241.272
1317,115.334,199.56
1318,188.016,225.146
1319,63.581,166.285
1320,156.586,189.507
1321,151.721,66.862
1322,68.827,130.997
1323,152.054,105.572
1324,210.047,68.027
1325,135.593,162.725
1326,172.967,84.927
1327,104.347,137.42
1328,112.992,115.846
1329,81.832,235.895
1330,80.717,123.521
1331,121.004,76.829
1332,73.688,193.631
1333,63.166,162.032
1334,149.05,246.519
1335,58.413,202.713
1336,123.892,63.921
1337,89.83,98.289
1338,229.989,239.562
1339,111.184,246.509
1340,173.804,178.107
1341,91.818,236.742
1342,85.234,146.68
1343,112.918,136.528
1344,250.859,111.744
1345,76.022,234.02
1346,200.133,193.661
1347,157.122,252.235
1348,189.784,245.998
1349,156.112,112.472
1350,82.78,99.28
1351,59.718,115.902
1352,113.1,152.312
1353,247.294,161.64
1354,109.367,60.091
1355,202.095,251.825
1356,205.631,99.056
1357,114.378,210.761
1358,127.786,184.692
1359,131.322,58.826
1360,86.758,75.628
1361,205.639,114.524
1362,173.246,78.678
1363,86.407,227.906
1364,213.203,104.888
1365,118.454,225.494
1366,159.224,121.525
1367,223.175,143.6
1368,242.398,219.55
1369,104.814,128.247
1370,224.162,127.261
1371,126.451,71.364
1372,204.423,179.305
1373,171.814,217.638
1374,153.755,246.275
1375,242.986,210.466
1376,96.531,228.199
1377,145.436,166.82
1378,224.369,151.333
1379,247.04,115.257
1380,130.694,115.822
1381,161.809,93.483
1382,135.555,218.0
1383,238.311,117.551
1384,221.874,232.92
1385,121.398,160.022
1386,155.035,140.448
1387,211.719,250.092
1388,63.719,201.623
1389,176.613,252.608
1390,103.301,120.681
1391,182.312,216.354
1392,84.287,185.666
1393,239.714,243.532
1394,232.718,60.818
1395,92.427,137.759
1396,141.487,220.373
1397,176.745,250.536
1398,176.706,61.862
1399,231.883,228.143
1400,62.563,215.389
1401,216.402,243.534
1402,152.356,225.003
1403,209.612,230.683
1404,146.545,207.736
1405,120.571,116.474
1406,246.823,167.159
1407,104.846,157.373
1408,99.744,225.697
1409,131.614,95.524
1410,216.919,171.373
1411,162.761,85.289
1412,105.555,207.189
1413,224.268,174.883
1414,242.588,218.301
1415,151.115,66.444
1416,249.26,235.047
1417,170.035,145.952
1418,140.703,240.915
1419,147.922,241.079
1420,207.245,168.108
1421,110.768,195.315
1422,165.075,161.047
1423,136.447,206.225
1424,231.439,77.971
1425,126.868,169.29
1426,149.61,134.073
1427,188.53,69.93
1428,233.378,248.19
1429,93.092,135.31
1430,65.87,246.033
1431,212.255,69.154
1432,239.744,129.251
1433,145.634,235.201
1434,146.032,194.961
1435,88.191,238.982
1436,161.864,90.269
1437,228.037,220.736
1438,98.176,178.393
1439,107.998,169.436
1440,205.48,153.05
1441,69.775,106.487
1442,151.801,60.043
1443,203.407,143.529
1444,182.238,146.281
1445,195.965,178.749
1446,173.528,175.707
1447,131.483,90.432
1448,149.109,150.427
1449,157.475,133.257
1450,115.038,158.365
1451,68.216,135.249
1452,127.712,145.561
1453,112.173,185.58
1454,252.724,69.695
1455,134.929,127.167
1456,245.009,206.986
1457,124.993,210.826
1458,104.491,203.756
1459,212.498,180.624
1460,230.64,138.615
1461,224.113,239.857
1462,119.343,242.233
1463,193.498,244.538
1464,172.68,176.011
1465,242.193,126.176
1466,234.714,73.537
1467,88.279,69.114
1468,187.236,209.233
1469,96.976,88.654
1470,109.146,170.719
1471,81.762,76.369
1472,64.39,135.869
1473,165.922,206.501
1474,77.688,140.471
1475,163.752,57.622
1476,251.005,177.267
1477,202.054,165.348
1478,72.543,101.206
1479,124.919,62.163
1480,191.115,141.389
1481,97.74,159.604
1482,205.321,83.279
1483,172.299,203.109
1484,72.791,196.252
1485,228.228,113.219
1486,85.614,152.992
1487,186.512,143.389
1488,96.691,74.043
1489,74.056,128.522
1490,153.274,211.63
1491,64.722,73.396
1492,143.991,151.081
1493,241.193,232.767
1494,155.345,80.139
1495,89.426,178.208
1496,167.566,95.742
1497,234.334,237.917
1498,152.185,225.12
1499,203.25,126.675
1500,110.693,187.79
1501,139.543,188.438
1502,102.826,66.283
1503,223.244,146.319
1504,138.968,186.375
1505,199.76,224.027
1506,233.444,123.51
1507,223.076,197.187
1508,79.595,136.916
1509,211.871,97.386
1510,173.65,102.658
1511,183.87,190.06
1512,108.542,178.032
1513,208.078,232.988
1514,164.491,208.184
1515,197.501,139.333
1516,67.673,173.281
1517,181.115,181.5
1518,240.071,239.766
1519,80.721,88.49
1520,252.986,75.59
1521,248.646,204.429
1522,129.615,216.417
1523,79.442,146.077
1524,250.203,252.955
1525,96.713,159.324
1526,182.009,100.261
1527,129.692,73.247
1528,133.256,227.905
1529,145.6,142.147
1530,203.414,214.523
1531,180.58,156.326
1532,125.715,209.171
1533,107.888,243.224
1534,220.589,159.716
1535,222.748,105.676
1536,173.851,206.428
1537,171.275,122.861
1538,199.276,73.74
1539,205.794,126.933
1540,221.291,174.2
1541,191.023,237.864
1542,99.579,172.098
1543,62.32,187.592
1544,121.431,99.741
1545,187.835,202.5
1546,121.548,224.54
1547,248.1,162.39
1548,236.839,236.546
1549,173.062,124.536
1550,174.305,195.389
1551,130.505,84.998
1552,159.896,228.742
1553,240.125,100.4
1554,211.291,201.709
1555,200.976,184.732
1556,231.501,157.927
1557,133.666,96.984
1558,116.952,249.524
1559,246.178,66.125
1560,74.666,182.119
1561,184.761,145.006
1562,187.827,187.953
1563,125.355,200.562
1564,154.312,245.458
1565,178.782,126.619
1566,231.875,60.432
1567,239.285,143.313
1568,222.942,58.225
1569,234.824,220.422
1570,216.456,186.58
1571,126.15,82.056
1572,210.93,197.929
1573,96.157,239.691
1574,76.268,166.132
1575,214.152,108.439
1576,204.324,93.639
1577,157.148,97.384
1578,240.394,66.179
1579,108.162,222.692
1580,164.046,124.953
1581,73.741,244.045
1582,143.866,76.432
1583,81.541,188.7
1584,165.714,187.25
1585,207.998,133.827
1586,192.405,175.447
1587,146.227,150.619
1588,138.867,161.871
1589,92.351,121.277
1590,202.883,208.934
1591,135.009,68.506
1592,112.016,252.514
1593,247.71,101.198
1594,86.202,127.674
1595,95.688,75.812
1596,161.573,81.282
1597,141.536,154.994
1598,67.989,181.491
1599,86.881,63.971
1600,185.461,187.775
1601,69.755,67.394
1602,67.044,231.054
1603,117.172,250.543
1604,226.648,69.411
1605,251.652,157.357
1606,220.13,189.026
1607,76.986,94.3
1608,154.506,68.693
1609,181.776,235.108
1610,104.404,75.9
1611,221.61,158.241
1612,146.428,187.761
1613,185.205,234.244
1614,129.965,143.661
1615,69.543,247.392
1616,113.322,219.218
1617,181.575,200.971
1618,117.734,213.688
1619,126.051,130.31
1620,221.063,162.176
1621,142.072,124.544
1622,99.719,230.974
1623,90.554,152.77
1624,60.401,70.312
1625,71.867,109.729
1626,145.541,161.278
1627,205.049,246.999
1628,241.493,166.902
1629,108.121,172.11
1630,218.532,95.475
1631,65.927,214.702
1632,137.669,94.178
1633,174.513,204.084
1634,227.494,141.181
1635,143.862,96.879
1636,175.241,198.824
1637,222.877,77.062
1638,161.555,242.128
1639,72.23,143.065
1640,88.739,246.185
1641,85.384,152.142
1642,156.276,236.533
1643,83.469,182.483
1644,79.978,185.984
1645,82.267,157.793
1646,173.842,62.259
1647,189.686,204.798
1648,183.786,169.202
1649,67.339,70.859
1650,153.001,234.183
1651,168.931,155.987
1652,122.339,86.208
1653,241.553,152.647
1654,82.773,225.963
1655,66.924,147.849
1656,233.828,191.096
1657,109.877,109.908
1658,187.785,138.845
1659,241.228,90.686
1660,126.835,149.051
1661,210.761,70.829
1662,196.555,165.466
1663,188.818,218.95
1664,186.002,227.138
1665,199.437,184.42
1666,186.584,193.823
1667,142.034,131.076
1668,65.651,101.057
1669,173.256,231.898
1670,110.264,60.777
1671,146.427,65.726
1672,100.794,108.36
1673,160.361,241.61
1674,182.745,74.455
1675,218.111,135.083
1676,68.677,155.564
1677,175.747,217.276
1678,251.197,98.014
1679,58.667,244.993
1680,236.012,227.508
1681,93.99,216.694
1682,181.671,93.351
1683,252.756,61.43
1684,108.936,140.079
1685,133.881,193.625
1686,157.701,85.127
1687,102.064,200.505
1688,223.68,133.014
1689,108.74,65.96
1690,171.667,198.84
1691,249.985,203.139
1692,190.45,239.188
1693,209.725,181.237
1694,206.722,83.815
1695,99.15,89.428
1696,248.319,99.217
1697,75.819,57.952
1698,208.168,239.758
1699,243.866,135.407
1700,102.955,170.919
1701,85.399,67.669
1702,117.27,219.135
1703,127.274,159.148
1704,179.353,239.594
1705,72.904,219.068
1706,131.896,99.28
1707,158.168,78.581
1708,208.117,230.676
1709,206.437,148.715
1710,236.984,86.362
1711,168.097,200.561
1712,177.613,125.607
1713,218.905,113.956
1714,228.868,117.253
1715,75.337,142.85
1716,113.903,92.165
1717,78.617,194.854
1718,168.043,149.471
1719,152.835,234.239
1720,133.584,99.345
1721,178.611,80.446
1722,187.628,184.71
1723,130.998,241.365
1724,185.139,149.955
1725,63.061,151.991
1726,151.698,163.44
1727,92.955,82.17
1728,127.183,235.26
1729,139.85,110.856
1730,238.033,139.963
1731,197.507,206.611
1732,102.982,233.234
1733,218.337,131.051
1734,93.859,60.906
1735,151.598,164.529
1736,251.433,112.811
1737,243.903,173.194
1738,66.126,83.578
1739,132.571,122.123
1740,193.522,105.003
1741,166.106,234.393
1742,124.524,215.565
1743,152.112,107.56
1744,168.568,184.677
1745,130.378,116.422
1746,231.508,166.463
1747,245.707,66.753
1748,163.285,164.546
1749,78.793,223.88
1750,252.08,235.66
1751,87.405,100.481
1752,139.141,168.459
1753,226.939,150.911
1754,87.637,95.926
1755,139.568,133.043
1756,183.135,98.608
1757,222.2,216.893
1758,223.006,198.693
1759,157.389,77.459
1760,225.884,114.261
1761,124.678,141.451
1762,229.327,85.657
1763,241.401,207.656
1764,165.165,212.423
1765,62.886,156.74
1766,232.353,233.402
1767,206.843,158.049
1768,168.644,205.385
1769,174.308,65.736
1770,251.583,89.301
1771,140.657,115.26
1772,132.925,194.861
1773,164.615,94.824
1774,120.464,107.49
1775,171.896,140.271
1776,230.059,92.822
1777,154.84,141.203
1778,77.019,236.772
1779,152.796,202.877
1780,134.19,103.748
1781,229.073,112.626
1782,77.678,172.12
1783,126.999,144.242
1784,145.506,86.993
1785,102.481,113.812
1786,80.778,98.811
1787,174.07,87.047
1788,172.119,98.275
1789,87.558,78.789
1790,69.471,212.233
1791,234.681,216.558
1792,146.71,206.413
1793,132.363,68.864
1794,109.104,180.233
1795,164.116,157.25
1796,166.814,76.731
1797,232.985,73.203
1798,240.193,150.7
1799,140.018,214.91
1800,154.571,81.609
1801,94.227,82.788
1802,84.823,244.582
1803,224.424,152.163
1804,193.885,241.073
1805,230.919,119.383
1806,88.065,95.427
1807,88.29,215.254
1808,161.079,163.765
1809,88.385,190.029
1810,154.833,162.47
1811,246.57,128.29
1812,96.075,71.912
1813,203.183,237.394
1814,77.446,78.003
1815,159.42,203.049
1816,141.802,135.376
1817,214.09,212.694
1818,108.498,194.297
1819,108.203,121.759
1820,168.834,243.718
1821,119.996,164.229
1822,117.284,87.183
1823,94.259,188.188
1824,69.716,179.321
1825,82.774,102.211
1826,185.77,226.074
1827,210.575,91.659
1828,165.799,236.456
1829,145.425,226.864
1830,99.14,197.778
1831,204.138,119.892
1832,118.321,131.947
1833,210.783,145.155
1834,192.518,103.385
1835,220.274,72.784
1836,236.761,170.177
1837,146.496,183.405
1838,173.001,212.595
1839,226.996,58.128
1840,171.118,125.632
1841,218.404,131.453
1842,141.698,225.911
1843,140.973,84.115
1844,185.255,161.487
1845,126.155,182.039
1846,81.184,101.616
1847,244.848,218.639
1848,230.634,106.663
1849,187.907,171.531
1850,225.454,125.382
1851,248.261,165.588
1852,69.745,102.301
1853,90.128,181.905
1854,246.331,101.844
1855,237.658,144.387
1856,213.14,151.993
1857,106.648,191.086
1858,165.653,59.049
1859,213.016,186.161
1860,154.74,234.37
1861,100.191,154.882
1862,159.944,176.265
1863,84.493,137.304
1864,62.961,249.702
1865,239.304,104.103
1866,218.312,203.5
1867,96.708,153.31
1868,182.736,178.354
1869,195.979,166.587
1870,118.927,190.122
1871,182.335,157.959
1872,250.308,136.047
1873,173.242,74.162
1874,91.688,70.347
1875,210.307,70.76
1876,230.301,76.396
1877,131.353,147.784
1878,88.325,205.542
1879,74.23,85.366
1880,118.118,214.087
1881,113.879,190.278
1882,80.225,192.008
1883,74.325,66.1
1884,183.905,131.686
1885,152.287,85.897
1886,155.31,172.032
1887,120.392,59.463
1888,124.072,200.28
1889,232.028,101.482
1890,162.42,128.013
1891,175.291,239.458
1892,176.473,209.16
1893,211.009,127.285
1894,238.901,195.444
1895,218.643,112.282
1896,245.745,113.059
1897,208.926,112.202
1898,196.634,59.361
1899,167.935,141.332
1900,152.143,139.402
1901,95.586,240.877
1902,221.728,206.915
1903,178.569,110.827
1904,179.737,171.124
1905,125.878,97.037
1906,226.662,129.903
1907,165.69,202.343
1908,143.579,236.14
1909,210.76,191.246
1910,135.613,175.817
1911,165.058,117.389
1912,246.704,218.156
1913,196.439,153.309
1914,133.167,181.394
1915,99.929,218.568
1916,214.575,89.099
1917,67.22,59.672
1918,231.992,184.903
1919,207.159,62.501
1920,109.922,211.796
1921,214.356,164.069
1922,249.965,172.571
1923,188.489,215.712
1924,98.547,230.901
1925,135.463,66.852
1926,150.529,245.912
1927,133.085,203.741
1928,80.485,186.529
1929,81.591,191.849
1930,197.228,244.687
1931,96.098,193.855
1932,102.734,210.222
1933,139.283,90.271
1934,117.508,147.525
1935,122.515,144.058
1936,178.66,190.906
1937,118.529,187.367
1938,188.312,124.831
1939,162.96,72.714
1940,189.003,168.336
1941,245.276,196.44
1942,249.403,153.421
1943,178.656,91.204
1944,79.816,239.231
1945,208.746,148.522
1946,162.566,121.802
1947,177.342,76.205
1948,105.143,145.419
1949,212.392,74.348
1950,216.493,222.829
1951,133.593,248.378
1952,70.252,128.66
1953,183.36,101.954
1954,229.975,217.894
1955,65.876,70.846
1956,251.739,165.454
1957,193.126,171.963
1958,104.222,192.422
1959,115.109,123.032
1960,128.161,182.544
1961,116.46,70.799
1962,66.685,204.205
1963,227.555,222.565
1964,85.862,221.248
1965,75.008,121.52
1966,136.539,121.283
1967,134.893,90.266
1968,231.232,175.887
1969,232.404,196.522
1970,223.339,245.479
1971,70.603,195.955
1972,74.849,61.953
1973,148.785,220.42
1974,157.253,224.384
1975,58.163,156.174
1976,181.02,109.464
1977,154.58,160.585
1978,59.723,143.692
1979,218.168,209.53
1980,247.997,225.918
1981,227.625,184.937
1982,240.5,214.205
1983,86.814,114.723
1984,229.964,233.505
1985,208.666,105.17
1986,175.911,120.928
1987,185.362,238.127
1988,116.049,99.715
1989,131.561,71.337
1990,220.503,240.863
1991,76.107,190.098
1992,190.044,179.065
1993,166.134,183.993
1994,194.906,199.771
1995,244.811,176.268
1996,194.546,252.718
1997,206.737,216.13
1998,184.511,205.716
1999,69.901,230.275
2000,178.318,132.395
2001,249.66,142.319
2002,172.591,65.829
2003,185.834,251.648
2004,81.194,110.708
2005,122.135,120.846
2006,153.694,208.257
2007,219.149,131.204
2008,112.063,59.642
2009,211.77,94.451
2010,83.012,208.571
2011,96.42,79.888
2012,206.536,147.657
2013,94.878,113.192
2014,73.458,157.804
2015,144.855,244.988
2016,116.9,111.128
2017,107.013,249.448
2018,170.896,195.702
2019,108.102,178.834
2020,235.517,144.429
2021,99.316,95.221
2022,82.271,58.668
2023,252.294,195.454
2024,107.389,64.82
2025,209.73,113.444
2026,239.56,81.744
2027,64.093,66.223
2028,198.491,145.629
2029,119.909,196.162
2030,125.612,219.36
2031,122.809,141.117
2032,124.555,186.194
2033,233.283,181.095
2034,90.9,175.349
2035,164.485,215.753
2036,159.027,174.19
2037,116.589,228.689
2038,60.79,155.147
2039,252.446,78.075
2040,235.498,129.463
2041,149.675,79.878
2042,169.147,233.529
2043,199.951,217.988
2044,153.012,78.866
2045,227.362,170.763
2046,153.635,148.648
2047,141.809,59.767
2048,94.113,186.885
2049,100.667,86.951
2050,74.378,202.366
2051,88.733,82.634
2052,98.261,75.683
2053,251.03,153.799
2054,238.254,139.728
2055,160.443,161.396
2056,112.899,116.719
2057,215.017,186.083
2058,158.711,139.722
2059,252.452,103.088
2060,214.071,140.085
2061,131.962,57.924
2062,69.883,87.566
2063,189.15,217.206
2064,79.8,212.005
2065,242.74,243.373
2066,207.579,170.974
2067,231.216,110.424
2068,186.954,195.065
2069,131.928,134.736
2070,160.682,126.072
2071,90.389,75.159
2072,205.854,199.867
2073,236.678,235.617
2074,199.018,210.847
2075,77.145,194.093
2076,111.388,234.193
2077,206.798,88.439
2078,132.803,139.096
2079,192.094,129.222
2080,182.555,197.027
2081,115.545,235.136
2082,163.347,159.99
2083,139.943,63.148
2084,98.408,86.929
2085,122.304,61.274
2086,138.104,219.609
2087,140.448,157.929
2088,101.751,232.287
2089,212.112,206.509
2090,154.15,63.709
2091,217.71,180.232
2092,143.833,134.221
2093,167.122,204.631
2094,251.879,204.659
2095,105.672,105.763
2096,117.845,218.251
2097,161.688,129.498
2098,111.461,61.21
2099,205.368,77.739
2100,208.305,86.887
2101,175.683,239.3
2102,144.084,248.489
2103,94.076,156.525
2104,205.921,120.66
2105,200.12,146.457
2106,179.383,218.057
2107,76.298,104.362
2108,199.386,214.848
2109,142.678,186.083
2110,181.142,195.513
2111,237.42,100.507
2112,109.484,125.811
2113,66.183,137.608
2114,213.542,91.492
2115,183.184,69.306
2116,243.962,102.821
2117,162.287,73.93
2118,59.368,223.701
2119,75.5,79.548
2120,169.501,213.223
2121,230.08,234.325
2122,199.808,219.974
2123,205.755,159.121
2124,140.094,106.687
2125,225.916,158.817
2126,70.69,84.103
2127,147.456,223.166
2128,75.189,192.2
2129,181.546,139.238
2130,74.699,74.451
2131,235.884,97.773
2132,113.331,148.12
2133,89.215,83.28
2134,188.463,252.91
2135,241.254,65.028
2136,205.095,138.549
2137,111.696,239.887
2138,128.126,189.545
2139,88.67,178.962
2140,190.018,186.458
2141,101.323,99.191
2142,210.759,124.318
2143,90.574,247.444
2144,143.545,134.065
2145,159.788,150.979
2146,207.035,124.523
2147,60.066,138.289
2148,142.06,196.27
2149,209.368,152.697
2150,154.999,154.346
2151,239.597,182.857
2152,214.128,236.335
2153,74.359,81.201
2154,243.966,223.605
2155,248.98,108.774
2156,193.725,216.708
2157,185.391,169.39
2158,70.742,130.322
2159,172.993,230.875
2160,135.481,238.363
2161,231.286,226.036
2162,204.851,166.395
2163,114.606,81.585
2164,59.382,78.689
2165,112.344,231.306
2166,186.32,186.236
2167,103.722,208.906
2168,60.978,241.296
2169,187.022,177.986
2170,178.948,246.41
2171,60.574,97.664
2172,112.233,215.477
2173,229.397,164.246
2174,213.52,248.447
2175,226.472,90.647
2176,79.427,179.573
2177,164.447,138.637
2178,107.968,190.564
2179,128.915,204.764
2180,78.448,221.039
2181,220.476,85.929
2182,135.951,150.062
2183,151.412,84.247
2184,84.898,115.626
2185,74.863,160.3
2186,175.529,104.304
2187,182.024,90.28
2188,106.201,67.186
2189,72.49,130.049
2190,127.393,169.852
2191,173.635,219.568
2192,87.115,227.808
2193,171.014,133.127
2194,195.286,245.99
2195,150.947,200.247
2196,66.925,159.311
2197,184.347,203.854
2198,84.722,151.447
2199,162.454,206.782
2200,195.148,180.812
2201,101.743,142.052
2202,189.12,139.963
2203,76.477,94.79
2204,79.306,63.777
2205,126.906,139.605
2206,73.288,67.732
2207,80.955,136.198
2208,155.102,101.952
2209,180.658,218.952
2210,155.171,80.221
2211,117.999,239.583
2212,183.059,197.532
2213,94.859,83.446
2214,187.652,154.531
2215,208.31,164.999
2216,206.727,197.225
2217,234.814,71.8
2218,104.667,187.638
2219,232.582,211.297
2220,208.251,93.569
2221,168.194,142.797
2222,186.0,239.558
2223,239.702,119.049
2224,180.061,127.026
2225,120.009,215.376
2226,79.587,77.864
2227,143.103,127.815
2228,183.158,227.061
2229,125.739,77.558
2230,184.362,186.519
2231,146.287,120.36
2232,87.142,115.176
2233,223.39,117.018
2234,107.894,174.9
2235,65.022,60.913
2236,186.685,65.054
2237,128.451,84.358
2238,82.115,153.781
2239,247.295,77.802
2240,67.604,145.249
2241,139.587,88.153
2242,207.463,70.658
2243,104.542,68.678
2244,100.576,209.079
2245,170.936,85.7
2246,219.846,160.081
2247,170.043,212.333
2248,210.321,74.094
2249,84.765,188.593
2250,234.565,124.921
2251,172.27,219.01
2252,201.176,86.568
2253,95.141,203.058
2254,231.476,158.193
2255,154.658,153.08
2256,241.365,208.685
2257,143.093,244.529
2258,173.226,250.444
2259,78.607,86.033
2260,158.289,193.012
2261,148.834,177.566
2262,59.571,207.764
2263,95.892,225.34
2264,228.164,183.982
2265,123.259,225.809
2266,124.183,159.343
2267,94.51,192.264
2268,160.671,163.672
2269,245.11,82.509
2270,110.603,164.051
2271,77.254,111.24
2272,130.465,226.483
2273,63.973,158.369
2274,127.453,230.146
2275,195.173,191.394
2276,189.956,97.656
2277,204.034,246.166
2278,203.804,127.463
2279,249.248,189.125
2280,167.487,203.907
2281,163.587,231.652
2282,94.243,103.501
2283,80.586,64.108
2284,89.609,117.644
2285,241.717,243.171
2286,65.892,209.367
2287,250.731,203.534
2288,148.164,243.502
2289,63.181,59.731
2290,91.322,108.935
2291,71.466,204.428
2292,221.052,151.753
2293,123.223,168.346
2294,250.284,252.721
2295,176.369,223.286
2296,98.447,136.978
2297,227.323,61.7
2298,210.599,70.123
2299,142.625,81.378
2300,237.884,156.166
2301,210.019,108.849
2302,77.693,130.304
2303,178.657,169.209
2304,115.656,233.181
2305,237.226,134.718
2306,60.274,158.377
2307,74.018,152.012
2308,83.983,136.858
2309,129.692,146.542
2310,121.157,99.296
2311,76.55,99.63
2312,200.588,236.931
2313,222.717,209.343
2314,75.845,115.12
2315,169.154,125.936
2316,209.483,126.134
2317,69.058,93.289
2318,129.182,162.167
2319,230.202,61.427
2320,187.42,156.492
2321,83.136,166.681
2322,199.687,74.013
2323,220.777,239.278
2324,130.691,152.299
2325,210.817,80.858
2326,72.854,210.719
2327,243.647,164.606
2328,205.732,158.754
2329,151.334,132.957
2330,171.766,176.743
2331,226.097,251.849
2332,203.433,88.929
2333,194.236,178.083
2334,89.643,137.767
2335,144.076,118.043
2336,154.974,126.979
2337,101.251,219.536
2338,204.574,58.982
2339,208.823,104.922
2340,90.807,85.815
2341,127.762,125.623
2342,93.987,145.801
2343,245.695,65.14
2344,144.703,250.257
2345,81.714,116.648
2346,230.997,248.299
2347,244.971,173.991
2348,209.964,80.371
2349,246.959,193.876
2350,206.91,113.904
2351,224.837,121.674
2352,127.619,219.251
2353,216.35,163.921
2354,201.366,59.462
2355,222.681,82.328
2356,93.617,221.73
2357,94.071,102.46
2358,220.852,204.652
2359,229.921,170.729
2360,72.911,153.05
2361,91.589,207.95
2362,124.513,97.054
2363,176.973,75.893
2364,131.368,251.966
2365,245.595,72.225
2366,219.234,150.456
2367,147.452,189.852
2368,162.326,237.912
2369,233.857,138.157
2370,141.299,232.384
2371,141.345,66.531
2372,170.81,125.037
2373,197.12,69.567
2374,58.85,209.77
2375,136.283,72.963
2376,69.136,204.874
2377,59.354,210.404
2378,92.187,197.548
2379,124.663,128.791
2380,237.598,245.384
2381,213.283,114.874
2382,249.008,135.745
2383,110.859,104.748
2384,238.634,225.45
2385,163.147,236.253
2386,108.841,161.416
2387,251.158,100.321
2388,85.221,120.23
2389,207.719,157.615
2390,75.198,157.288
2391,156.728,77.657
2392,91.309,62.312
2393,227.52,132.16
2394,99.902,167.683
2395,189.596,162.312
2396,232.762,195.924
2397,140.011,177.374
2398,95.829,77.041
2399,227.499,229.875
2400,144.753,217.669
2401,141.47,121.111
2402,135.339,209.275
2403,183.205,236.374
2404,230.408,236.751
2405,133.51,98.118
2406,117.832,109.102
2407,132.626,87.796
2408,157.515,229.392
2409,95.316,119.149
2410,133.045,153.652
2411,76.456,196.056
2412,66.092,70.594
2413,119.457,148.35
2414,179.917,247.633
2415,220.523,74.397
2416,79.073,76.372
2417,176.296,83.362
2418,195.653,71.096
2419,219.893,150.877
2420,222.492,130.276
2421,204.621,170.574
2422,133.642,164.863
2423,117.426,74.1
2424,141.724,231.643
2425,159.513,197.258
2426,98.343,209.368
2427,213.519,190.439
2428,127.307,120.289
2429,231.536,114.843
2430,154.548,239.924
2431,171.874,113.974
2432,124.586,231.406
2433,98.446,237.519
2434,78.837,65.461
2435,71.926,213.029
2436,135.847,193.161
2437,205.227,93.471
2438,185.606,85.792
2439,105.396,125.419
2440,102.816,113.93
2441,162.31,102.009
2442,184.034,162.425
2443,194.451,196.605
2444,98.655,100.414
2445,140.084,212.835
2446,113.017,137.147
2447,108.943,79.037
2448,96.615,113.637
2449,190.542,120.758
2450,91.49,228.458
2451,206.821,192.716
2452,148.122,101.074
2453,178.934,57.518
2454,112.881,107.53
2455,247.792,70.401
2456,154.806,182.883
2457,169.978,240.211
2458,137.98,221.517
2459,172.308,183.531
2460,153.924,177.253
2461,66.556,132.797
2462,79.466,145.851
2463,132.161,126.211
2464,221.489,171.386
2465,196.515,215.586
2466,108.775,135.085
2467,86.174,161.189
2468,173.346,95.027
2469,180.679,61.391
2470,131.5,162.243
2471,72.093,103.252
2472,66.184,210.009
2473,66.533,121.576
2474,232.033,190.402
2475,236.375,130.003
2476,71.353,64.347
2477,78.429,135.404
2478,236.155,223.067
2479,169.858,129.093
2480,233.709,155.627
2481,153.091,66.388
2482,226.568,58.881
2483,199.084,72.533
2484,102.067,104.252
2485,225.98,95.971
2486,201.491,169.833
2487,91.37,128.689
2488,233.056,123.567
2489,123.783,134.644
2490,189.602,227.376
2491,126.968,72.066
2492,227.592,128.241
2493,206.313,218.976
2494,204.842,63.815
2495,162.682,244.325
2496,160.746,242.655
2497,133.792,98.072
2498,223.025,58.599
2499,99.968,250.989
2500,224.814,105.208
2501,58.677,184.95
2502,116.551,167.825
2503,196.84,231.609
2504,186.081,169.329
2505,212.396,217.529
2506,167.906,196.779
2507,77.401,116.85
2508,119.977,188.69
2509,223.908,91.083
2510,87.724,164.146
2511,131.128,162.372
2512,164.544,187.903
2513,213.852,141.227
2514,137.395,69.128
2515,216.09,239.919
2516,215.422,180.793
2517,59.183,120.32
2518,157.578,218.363
2519,68.165,223.671
2520,81.534,106.761
2521,158.79,231.057
2522,176.927,100.537
2523,158.695,107.301
2524,80.686,108.717
2525,252.815,183.357
2526,164.169,149.994
2527,194.548,145.157
2528,211.795,199.811
2529,234.815,95.107
2530,134.59,68.072
2531,219.261,131.419
2532,144.433,116.064
2533,201.242,228.047
2534,188.271,108.746
2535,157.611,98.379
2536,194.777,217.231
2537,143.277,127.951
2538,60.672,221.894
2539,69.695,188.06
2540,113.732,118.84
2541,210.068,222.718
2542,208.248,84.124
2543,68.15,176.681
2544,229.005,234.489
2545,250.396,98.213
2546,110.098,133.651
2547,163.706,185.575
2548,112.154,125.439
2549,130.683,87.48
2550,150.203,57.693
2551,227.105,197.297
2552,146.923,185.312
2553,242.156,247.939
2554,195.201,184.725
2555,130.731,83.982
2556,87.814,182.899
2557,221.288,244.423
2558,229.726,77.74
2559,233.021,85.039
2560,79.753,170.254
2561,173.478,175.367
2562,150.478,70.019
2563,180.606,102.268
2564,180.631,167.19
2565,192.912,57.858
2566,86.587,146.862
2567,67.932,221.821
2568,226.069,74.212
2569,68.132,241.053
2570,142.307,197.006
2571,135.819,97.687
2572,168.299,209.4
2573,115.018,193.975
2574,138.851,197.035
2575,128.367,93.777
2576,238.75,75.078
2577,62.481,112.357
2578,85.696,207.275
2579,100.316,89.351
2580,176.379,249.698
2581,65.717,88.281
2582,162.108,125.072
2583,231.698,117.337
2584,162.8,64.41
2585,96.528,119.568
2586,84.555,88.374
2587,215.222,213.871
2588,236.167,154.326
2589,220.634,131.373
2590,83.512,58.689
2591,201.39,225.186
2592,186.42,213.65
2593,127.229,134.289
2594,240.878,242.865
2595,204.057,235.125
2596,189.484,142.331
2597,113.071,115.616
2598,242.928,194.437
2599,219.164,71.726
2600,216.949,90.486
2601,234.035,77.103
2602,93.569,249.922
2603,102.629,197.734
2604,194.378,232.995
2605,96.822,150.996
2606,125.716,172.021
2607,64.992,248.119
2608,136.353,186.153
2609,205.412,82.098
2610,199.767,149.544
2611,230.863,82.026
2612,212.923,226.369
2613,163.74,205.864
2614,61.708,62.576
2615,203.329,119.4
2616,230.896,62.01
2617,229.838,106.685
2618,130.316,237.437
2619,174.351,173.206
2620,90.925,69.281
2621,109.211,242.977
2622,248.602,184.332
2623,242.773,240.558
2624,144.212,120.426
2625,88.807,190.961
2626,124.37,140.33
2627,160.011,62.777
2628,140.897,220.516
2629,141.243,207.336
2630,99.189,141.204
2631,180.376,193.984
2632,232.414,179.865
2633,170.26,212.927
2634,228.89,139.95
2635,250.54,249.13
2636,184.042,159.576
2637,90.069,161.277
2638,86.516,242.415
2639,217.499,164.987
2640,161.538,100.805
2641,140.267,197.016
2642,180.49,186.234
2643,193.954,171.711
2644,208.298,220.67
2645,145.256,208.248
2646,240.409,100.04
2647,125.918,72.075
2648,247.691,63.955
2649,189.784,176.718
2650,210.054,211.493
2651,206.806,176.197
2652,180.238,108.678
2653,193.643,191.309
2654,205.479,216.789
2655,114.676,164.635
2656,104.039,220.761
2657,252.544,63.428
2658,248.516,156.966
2659,188.123,179.63
2660,208.975,135.07
2661,58.376,133.375
2662,183.917,194.334
2663,202.1,208.483
2664,84.822,101.868
2665,79.071,250.893
2666,78.893,173.326
2667,106.316,99.885
2668,132.428,191.771
2669,153.089,113.355
2670,208.866,63.967
2671,235.686,168.725
2672,90.597,195.056
2673,237.496,198.905
2674,65.176,136.913
2675,155.259,125.818
2676,233.318,76.275
2677,159.929,247.097
2678,108.58,186.838
2679,232.329,191.261
2680,79.275,184.569
2681,170.396,69.549
2682,194.15,62.224
2683,66.902,221.286
2684,138.437,127.003
2685,229.229,73.342
2686,250.188,133.935
2687,206.384,215.904
2688,93.875,241.889
2689,166.069,74.161
2690,97.471,104.518
2691,138.777,61.413
2692,235.512,217.795
2693,82.226,247.632
2694,129.524,93.686
2695,211.534,249.291
2696,69.594,77.071
2697,197.123,73.224
2698,208.894,94.139
2699,203.67,204.062
2700,189.442,141.522
2701,61.594,200.642
2702,121.913,73.589
2703,240.853,137.62
2704,228.578,81.588
2705,195.314,194.553
2706,114.354,185.733
2707,95.81,117.283
2708,64.9,143.337
2709,117.21,81.4
2710,216.842,179.84
2711,57.743,150.042
2712,149.847,75.736
2713,194.707,155.178
2714,131.037,112.262
2715,161.524,86.897
2716,160.375,82.111
2717,106.453,234.175
2718,213.165,245.973
2719,251.263,64.813
2720,134.581,182.001
2721,81.903,75.924
2722,105.44,146.125
2723,92.715,220.219
2724,190.038,97.527
2725,164.889,208.945
2726,132.562,127.905
2727,134.833,126.208
2728,98.686,81.346
2729,73.69,105.444
2730,74.876,154.954
2731,227.727,116.084
2732,170.468,79.467
2733,83.497,118.302
2734,136.117,173.618
2735,219.81,73.902
2736,167.514,214.548
2737,91.303,107.198
2738,77.339,119.848
2739,113.51,158.205
2740,189.012,122.553
2741,117.352,197.328
2742,211.468,175.596
2743,149.846,179.315
2744,162.265,141.53
2745,156.9,130.842
2746,238.211,85.384
2747,237.171,114.625
2748,198.921,138.663
2749,157.177,208.907
2750,137.892,100.64
2751,142.547,196.03
2752,235.597,63.327
2753,72.439,203.566
2754,226.636,101.01
2755,127.537,90.951
2756,68.411,91.974
2757,192.138,99.014
2758,150.404,60.953
2759,209.013,212.613
2760,92.372,115.957
2761,118.667,175.255
2762,232.955,81.511
2763,102.299,167.526
2764,206.927,188.826
2765,248.057,209.836
2766,191.949,84.3
2767,74.813,222.773
2768,104.351,89.372
2769,227.788,94.905
2770,206.454,225.806
2771,108.54,110.803
2772,232.438,103.894
2773,83.773,157.058
2774,111.446,71.518
2775,120.266,78.276
2776,87.042,210.221
2777,131.556,182.968
2778,203.671,91.115
2779,93.538,72.281
2780,155.691,214.779
2781,163.937,108.99
2782,249.807,209.839
2783,72.034,203.595
2784,123.397,235.125
2785,191.494,114.996
2786,74.007,85.468
2787,144.722,94.629
2788,209.182,100.607
2789,226.791,109.181
2790,204.609,159.1
2791,88.371,222.316
2792,171.989,153.638
2793,214.744,118.241
2794,247.71,73.736
2795,86.137,183.992
2796,202.89,236.111
2797,121.295,250.469
2798,63.845,123.125
2799,123.646,179.128
2800,242.552,169.532
2801,228.255,74.884
2802,231.489,176.837
2803,122.954,110.284
2804,163.341,80.052
2805,80.717,231.749
2806,189.855,74.998
2807,68.784,210.585
2808,185.342,156.254
2809,196.898,154.676
2810,104.944,144.005
2811,107.54,136.143
2812,169.562,231.32
2813,174.505,227.438
2814,210.361,171.614
2815,133.842,215.438
2816,71.22,58.916
2817,252.082,151.209
2818,198.953,179.431
2819,238.239,184.212
2820,223.601,252.593
2821,79.319,76.612
2822,161.538,83.732
2823,212.256,248.095
2824,113.414,129.031
2825,210.302,194.903
2826,140.158,222.513
2827,81.975,200.879
2828,142.615,120.048
2829,173.616,157.51
2830,168.003,202.802
2831,97.204,201.426
2832,68.666,246.943
2833,223.223,185.519
2834,229.089,157.189
2835,197.154,239.48
2836,60.468,110.826
2837,108.703,238.528
2838,122.946,230.638
2839,244.387,238.646
2840,61.287,172.326
2841,172.049,62.343
2842,159.586,175.227
2843,236.849,81.093
2844,246.227,237.621
2845,110.775,85.244
2846,122.303,78.574
2847,248.737,172.952
2848,214.653,110.626
2849,170.607,73.483
2850,78.029,166.333
2851,239.06,70.611
2852,103.111,201.793
2853,90.073,177.174
2854,118.249,97.914
2855,168.783,189.756
2856,113.798,149.676
2857,232.31,136.967
2858,192.508,191.797
2859,130.177,121.93
2860,208.325,86.128
2861,122.043,66.812
2862,184.231,84.465
2863,250.467,203.914
2864,151.071,148.075
2865,106.121,226.783
2866,155.614,196.226
2867,241.278,234.561
2868,175.789,139.366
2869,192.708,147.256
2870,147.7,215.216
2871,87.901,176.068
2872,65.98,218.929
2873,235.882,69.602
2874,102.015,223.381
2875,90.074,186.223
2876,126.796,128.103
2877,101.734,101.039
2878,209.721,234.053
2879,113.375,112.203
2880,103.626,188.37
2881,212.791,146.55
2882,75.316,193.691
2883,228.583,148.291
2884,190.608,199.014
2885,129.879,124.438
2886,184.013,205.118
2887,202.469,147.802
2888,121.636,182.33
2889,238.642,105.176
2890,251.881,76.382
2891,215.415,113.352
2892,135.021,100.423
2893,103.764,248.461
2894,187.988,185.218
2895,178.722,188.549
2896,83.559,92.466
2897,126.145,99.746
2898,123.818,193.45
2899,201.574,220.545
2900,98.306,161.681
2901,221.233,66.552
2902,153.693,85.697
2903,192.99,182.419
2904,66.933,67.142
2905,239.427,200.689
2906,213.845,152.634
2907,68.16,84.212
2908,90.642,109.402
2909,105.567,115.712
2910,237.019,234.746
2911,165.207,148.745
2912,215.409,98.096
2913,240.931,163.713
2914,102.71,150.594
2915,110.167,209.475
2916,167.436,191.001
2917,126.779,124.07
2918,161.325,155.31
2919,236.991,171.654
2920,119.323,201.78
2921,165.51,90.186
2922,225.018,62.245
2923,57.556,61.28
2924,205.272,157.675
2925,231.787,192.478
2926,112.093,71.208
2927,151.178,178.825
2928,169.499,61.825
2929,86.09,105.058
2930,200.451,192.337
2931,79.718,227.073
2932,219.269,191.528
2933,235.836,93.955
2934,129.596,133.286
2935,57.999,165.676
2936,104.41,162.093
2937,70.157,187.121
2938,233.665,242.509
2939,90.892,165.56
2940,170.755,97.493
2941,72.04,220.137
2942,67.852,233.46
2943,84.805,125.733
2944,241.301,213.204
2945,179.363,92.37
2946,117.014,131.864
2947,71.616,109.157
2948,168.937,98.392
2949,247.684,125.853
2950,251.085,88.869
2951,132.909,171.719
2952,97.8,119.784
2953,224.882,155.942
2954,211.851,87.769
2955,184.811,165.558
2956,238.532,83.045
2957,207.255,103.13
2958,95.382,99.447
2959,209.269,97.803
2960,211.937,245.681
2961,204.261,115.393
2962,239.07,135.359
2963,117.999,58.591
2964,88.913,93.681
2965,141.435,179.723
2966,103.591,209.173
2967,158.733,199.061
2968,156.316,88.322
2969,91.416,149.937
2970,182.594,92.078
2971,86.39,88.686
2972,144.323,68.2
2973,198.656,83.813
2974,248.288,93.521
2975,118.471,239.131
2976,172.023,121.348
2977,182.443,58.058
2978,88.241,207.883
2979,164.654,158.977
2980,236.695,171.353
2981,126.273,58.806
2982,224.053,198.411
2983,77.707,132.438
2984,152.72,90.561
2985,90.337,249.523
2986,251.87,73.289
2987,147.085,229.436
2988,209.601,118.775
2989,106.961,96.966
2990,217.853,234.82
2991,63.166,249.495
2992,182.784,212.242
2993,66.073,169.019
2994,212.959,184.022
2995,181.3,185.328
2996,210.428,93.975
2997,60.026,183.319
2998,99.74,198.063
2999,108.865,87.843
3000,248.644,80.942
3001,108.158,174.513
3002,202.87,80.066
3003,208.603,201.988
3004,124.858,195.003
3005,103.975,147.813
3006,193.578,199.157
3007,77.825,224.256
3008,150.7,163.754
3009,184.008,243.51
3010,126.391,158.247
3011,157.493,87.422
3012,157.414,201.752
3013,59.676,226.546
3014,131.756,188.86
3015,158.38,75.701
3016,120.044,210.121
3017,214.4,249.819
3018,95.251,170.214
3019,176.954,130.575
3020,116.896,64.255
3021,173.578,230.169
3022,86.524,157.649
3023,110.949,238.41
3024,184.113,249.809
3025,224.315,157.168
3026,95.824,148.448
3027,133.744,209.891
3028,186.612,183.382
3029,101.82,232.099
3030,198.513,70.166
3031,234.758,198.647
3032,196.881,163.286
3033,214.079,214.812
3034,113.599,227.185
3035,247.389,155.201
3036,116.552,172.291
3037,188.887,149.626
3038,109.347,250.006
3039,119.35,212.967
3040,103.748,156.173
3041,148.809,241.571
3042,156.851,229.145
3043,246.592,238.175
3044,228.933,61.676
3045,75.524,139.562
3046,199.267,107.205
3047,215.937,163.177
3048,111.985,158.076
3049,79.281,224.365
3050,58.455,225.909
3051,158.719,205.134
3052,217.71,222.174
3053,58.371,145.917
3054,152.392,134.125
3055,176.729,87.625
3056,146.849,234.412
3057,216.172,114.884
3058,250.766,180.407
3059,122.486,183.824
3060,80.237,203.597
3061,81.031,226.412
3062,68.874,87.993
3063,117.801,123.17
3064,107.661,148.444
3065,182.12,154.29
3066,130.342,124.578
3067,198.021,128.012
3068,140.668,250.378
3069,169.446,229.639
3070,229.489,136.334
3071,248.996,183.52
3072,67.71,199.679
3073,166.956,113.83
3074,126.09,101.032
3075,114.604,91.337
3076,148.225,75.053
3077,188.067,227.32
3078,88.479,112.38
3079,76.759,119.04
3080,67.601,59.719
3081,91.027,85.383
3082,134.844,194.189
3083,199.86,122.316
3084,157.582,229.363
3085,248.96,178.571
3086,226.024,61.359
3087,239.36,61.946
3088,116.317,184.423
3089,69.245,185.857
3090,167.788,88.409
3091,242.549,100.974
3092,191.506,217.626
3093,162.948,189.483
3094,252.921,202.531
3095,233.151,239.513
3096,63.895,111.502
3097,235.407,157.558
3098,124.338,211.386
3099,115.381,177.039
3100,163.182,74.874
3101,61.627,90.589
3102,152.026,69.158
3103,57.734,88.474
3104,144.358,70.981
3105,59.2,108.652
3106,106.54,131.077
3107,77.187,125.378
3108,108.729,223.698
3109,111.4,166.804
3110,187.37,109.163
3111,177.193,191.97
3112,223.147,229.907
3113,141.251,116.926
3114,77.343,200.514
3115,145.36,145.065
3116,248.836,167.033
3117,136.021,153.84
3118,83.883,236.832
3119,199.805,94.95
3120,225.028,248.073
3121,176.645,131.028
3122,210.96,217.887
3123,209.794,59.605
3124,220.701,71.344
3125,236.091,238.132
3126,80.155,115.22
3127,186.059,235.387
3128,101.031,116.492
3129,138.539,96.241
3130,165.472,246.888
3131,224.936,236.361
3132,182.023,153.734
3133,126.111,176.753
3134,74.095,140.208
3135,232.201,161.089
3136,247.744,170.303
3137,74.026,107.129
3138,214.035,200.926
3139,201.753,195.403
3140,80.927,202.054
3141,69.334,107.568
3142,219.329,115.806
3143,150.415,104.98
3144,219.979,165.337
3145,89.597,239.284
3146,141.134,151.306
3147,230.758,188.556
3148,185.719,96.25
3149,62.882,209.608
3150,86.948,228.368
3151,241.39,155.387
3152,195.951,110.16
3153,151.138,148.735
3154,176.175,153.209
3155,124.324,210.407
3156,168.494,69.084
3157,68.031,232.729
3158,68.399,76.961
3159,158.517,200.597
3160,157.53,139.75
3161,248.052,226.687
3162,114.725,159.674
3163,142.758,121.622
3164,95.322,143.78
3165,100.848,113.225
3166,201.975,142.068
3167,186.185,104.986
3168,194.988,164.313
3169,152.575,97.148
3170,72.271,175.79
3171,209.649,247.9
3172,59.072,104.471
3173,116.363,196.785
3174,96.199,119.236
3175,87.875,94.658
3176,151.058,127.23
3177,68.029,142.319
3178,215.74,213.303
3179,109.399,184.721
3180,172.061,247.336
3181,92.371,62.193
3182,236.569,213.63
3183,101.76,206.956
3184,242.868,158.048
3185,83.867,179.771
3186,76.982,113.282
3187,153.102,248.669
3188,151.085,202.952
3189,146.291,242.322
3190,110.022,234.75
3191,208.369,207.081
3192,140.518,223.47
3193,90.306,204.015
3194,219.106,218.093
3195,108.76,208.378
3196,65.199,111.228
3197,156.64,163.401
3198,111.162,148.936
3199,91.753,228.109
3200,213.696,62.02
3201,219.877,174.029
3202,79.269,90.283
3203,185.728,215.626
3204,179.14,199.238
3205,160.449,121.058
3206,189.274,134.451
3207,85.826,200.109
3208,105.576,139.285
3209,64.565,175.637
3210,71.756,117.289
3211,158.052,69.466
3212,78.127,115.287
3213,202.446,77.811
3214,219.663,148.945
3215,220.793,238.494
3216,138.568,226.768
3217,113.691,231.199
3218,63.631,134.214
3219,213.859,251.538
3220,160.777,97.139
3221,84.219,152.477
3222,166.306,252.334
3223,69.519,248.043
3224,101.251,87.348
3225,71.79,224.167
3226,146.23,237.366
3227,171.046,101.479
3228,112.036,203.332
3229,84.548,180.893
3230,96.537,157.382
3231,140.757,103.196
3232,199.941,103.415
3233,66.688,249.044
3234,85.81,125.196
3235,114.01,213.251
3236,81.816,229.494
3237,252.091,80.988
3238,63.275,223.327
3239,238.611,94.701
3240,207.856,145.776
3241,111.721,166.027
3242,97.292,223.779
3243,62.827,176.201
3244,95.633,223.217
3245,200.984,168.235
3246,185.435,205.951
3247,119.833,171.405
3248,129.114,126.493
3249,161.935,229.105
3250,139.17,107.39
3251,61.956,132.766
3252,159.076,167.627
3253,169.179,239.753
3254,202.189,191.069
3255,140.345,251.026
3256,209.11,92.636
3257,202.958,129.058
3258,121.536,211.698
3259,78.928,139.03
3260,236.117,232.208
3261,110.957,105.042
3262,135.238,95.078
3263,217.819,180.888
3264,141.291,153.992
3265,82.321,64.142
3266,136.103,132.426
3267,148.081,186.614
3268,232.45,219.422
3269,73.042,194.794
3270,161.932,81.369
3271,220.205,246.091
3272,173.565,248.208
3273,67.761,217.325
3274,62.73,64.501
3275,106.633,167.139
3276,205.82,247.042
3277,229.326,170.786
3278,158.569,150.135
3279,101.519,173.776
3280,202.036,102.033
3281,117.814,201.952
3282,191.243,231.109
3283,228.706,175.868
3284,130.564,68.739
3285,148.153,82.197
3286,64.083,245.106
3287,200.641,114.202
3288,168.899,99.47
3289,198.747,186.267
3290,162.711,249.564
3291,218.773,114.505
3292,82.125,182.223
3293,61.004,212.486
3294,157.249,249.419
3295,68.876,174.635
3296,126.723,79.486
3297,112.214,148.86
3298,121.389,78.407
3299,246.156,249.117
3300,180.983,146.194
3301,92.383,157.337
3302,78.93,128.997
3303,179.24,135.753
3304,81.522,199.718
3305,183.777,64.537
3306,170.095,233.041
3307,244.481,141.72
3308,147.576,92.834
3309,184.28,102.694
3310,152.473,118.686
3311,156.588,90.25
3312,143.209,227.59
3313,236.499,219.602
3314,131.783,87.783
3315,131.154,68.003
3316,123.2,87.55
3317,250.991,188.458
3318,230.085,110.675
3319,143.857,136.163
3320,72.811,171.603
3321,182.539,241.872
3322,70.406,148.917
3323,75.853,199.407
3324,215.734,185.348
3325,217.556,103.391
3326,133.585,174.754
3327,215.855,166.807
3328,120.854,80.822
3329,210.41,66.535
3330,85.068,139.839
3331,240.055,142.291
3332,91.492,84.554
3333,227.937,237.407
3334,176.699,198.411
3335,104.113,155.702
3336,123.976,173.823
3337,100.158,133.885
3338,90.88,62.861
3339,219.907,129.154
3340,114.263,89.521
3341,176.828,190.571
3342,101.219,129.799
3343,102.415,222.702
3344,112.732,203.852
3345,210.187,134.146
3346,93.741,87.414
3347,246.03,184.078
3348,155.795,123.45
3349,224.396,97.213
3350,165.247,243.071
3351,198.221,221.389
3352,99.456,97.441
3353,245.944,92.33
3354,111.554,97.862
3355,89.991,109.912
3356,145.839,67.559
3357,206.555,64.504
3358,220.97,242.834
3359,134.448,236.918
3360,178.886,220.221
3361,65.968,206.504
3362,235.018,223.22
3363,60.172,114.456
3364,81.6,166.432
3365,112.517,107.995
3366,236.459,138.937
3367,218.079,249.947
3368,217.681,101.277
3369,127.784,211.216
3370,138.691,185.518
3371,237.739,117.774
3372,199.599,150.506
3373,180.14,182.809
3374,135.106,76.379
3375,187.332,94.278
3376,165.926,111.424
3377,164.493,239.726
3378,67.488,143.687
3379,183.066,177.234
3380,161.615,86.205
3381,142.365,109.278
3382,87.158,199.602
3383,179.044,185.08
3384,110.111,238.097
3385,190.856,130.164
3386,171.062,189.908
3387,192.34,87.772
3388,108.53,151.232
3389,69.842,184.502
3390,98.846,81.841
3391,155.156,112.89
3392,124.226,179.673
3393,236.663,224.894
3394,167.996,98.638
3395,213.614,160.009
3396,153.594,88.862
3397,190.564,71.682
3398,68.18,245.595
3399,213.524,77.788
3400,200.898,142.497
3401,145.876,133.07
3402,103.006,92.26
3403,238.71,202.402
3404,211.5,128.507
3405,67.86,135.314
3406,136.454,143.327
3407,199.193,252.456
3408,127.959,168.917
3409,205.065,176.349
3410,94.521,64.27
3411,207.872,207.878
3412,125.88,96.282
3413,164.663,190.941
3414,116.36,156.742
3415,215.153,97.989
3416,61.424,127.199
3417,229.583,92.231
3418,97.463,234.282
3419,168.072,130.372
3420,190.104,59.489
3421,88.257,109.434
3422,166.623,234.841
3423,193.183,146.851
3424,123.973,167.0
3425,121.51,177.238
3426,244.589,236.866
3427,82.494,204.278
3428,113.711,192.331
3429,168.146,132.907
3430,238.646,76.509
3431,135.107,188.302
3432,97.114,107.388
3433,111.108,160.519
3434,129.082,107.865
3435,196.71,224.247
3436,86.965,135.413
3437,100.383,120.917
3438,110.388,149.046
3439,198.343,168.683
3440,226.21,123.321
3441,80.682,81.481
3442,140.242,76.103
3443,129.709,73.38
3444,136.968,144.251
3445,229.899,204.499
3446,240.86,83.289
3447,252.141,176.584
3448,160.369,171.748
3449,148.055,193.461
3450,127.979,241.186
3451,198.133,120.418
3452,131.188,106.585
3453,197.855,183.319
3454,63.022,59.925
3455,214.508,237.418
3456,175.982,88.036
3457,162.033,186.016
3458,242.61,193.795
3459,239.213,127.707
3460,128.28,116.784
3461,185.303,248.944
3462,138.106,162.21
3463,214.207,102.665
3464,131.766,126.705
3465,167.264,146.466
3466,93.489,187.219
3467,146.02,244.623
3468,194.252,60.915
3469,153.955,106.499
3470,187.822,105.882
3471,58.5,136.678
3472,199.539,211.13
3473,136.986,194.778
3474,220.715,108.646
3475,243.502,174.54
3476,77.5,141.094
3477,205.954,217.219
3478,225.984,229.055
3479,75.072,128.522
3480,92.552,96.621
3481,136.292,105.305
3482,74.704,120.747
3483,161.511,208.329
3484,157.983,78.981
3485,146.783,131.269
3486,190.317,62.18
3487,195.536,183.032
3488,91.003,60.24
3489,57.934,134.447
3490,221.364,129.951
3491,105.042,185.231
3492,220.114,104.657
3493,69.443,140.266
3494,67.072,126.507
3495,157.86,227.301
3496,61.741,148.232
3497,164.35,97.613
3498,246.537,128.894
3499,110.96,230.995
3500,136.772,165.72
3501,153.666,149.628
3502,61.412,210.96
3503,197.194,139.433
3504,208.253,132.84
3505,118.986,191.965
3506,125.14,180.105
3507,239.996,114.129
3508,207.244,226.888
3509,106.715,244.521
3510,206.12,242.272
3511,174.344,155.847
3512,230.483,76.598
3513,191.286,130.076
3514,245.177,166.378
3515,139.895,86.915
3516,230.505,102.393
3517,162.481,62.41
3518,119.79,137.502
3519,144.747,57.554
3520,107.785,168.795
3521,123.907,83.91
3522,139.268,147.483
3523,161.217,252.735
3524,99.451,167.307
3525,108.416,122.697
3526,181.192,226.716
3527,103.324,104.596
3528,171.722,180.0
3529,190.038,242.243
3530,69.104,195.221
3531,191.053,227.814
3532,121.218,252.728
3533,57.518,109.387
3534,110.68,101.234
3535,235.386,199.326
3536,213.874,201.526
3537,197.003,150.712
3538,152.816,178.957
3539,118.389,171.154
3540,162.982,189.188
3541,192.027,217.936
3542,107.079,190.495
3543,146.119,101.529
3544,108.706,75.135
3545,98.204,251.646
3546,157.715,159.234
3547,142.252,155.377
3548,120.259,196.484
3549,176.251,104.402
3550,242.162,230.116
3551,150.001,220.561
3552,168.322,180.54
3553,233.893,142.415
3554,233.107,153.326
3555,197.251,249.706
3556,227.585,246.83
3557,205.845,242.511
3558,159.418,112.484
3559,163.21,126.149
3560,80.939,158.159
3561,205.005,179.267
3562,89.013,119.444
3563,168.595,223.416
3564,102.326,70.379
3565,226.224,125.467
3566,184.038,152.325
3567,109.98,123.444
3568,251.997,164.627
3569,216.047,124.808
3570,187.916,131.536
3571,249.365,232.073
3572,112.306,126.374
3573,131.596,200.741
3574,153.301,105.634
3575,237.294,162.573
3576,58.602,82.278
3577,75.031,188.843
3578,77.661,239.111
3579,175.943,162.458
3580,193.166,198.864
3581,226.779,232.177
3582,63.925,219.468
3583,155.106,250.832
3584,84.661,78.396
3585,203.705,130.133
3586,192.538,167.266
3587,219.625,216.584
3588,136.846,203.793
3589,139.061,115.722
3590,118.764,159.921
3591,130.213,147.979
3592,234.468,248.223
3593,170.355,231.811
3594,81.741,192.753
3595,159.205,232.587
3596,98.351,249.504
3597,161.472,234.164
3598,187.41,78.994
3599,166.163,222.339
3600,179.025,79.959
3601,245.251,149.902
3602,209.228,169.245
3603,128.005,182.565
3604,168.502,70.063
3605,247.638,60.375
3606,142.06,227.344
3607,195.529,136.504
3608,126.491,61.076
3609,106.029,171.969
3610,172.748,164.213
3611,199.482,141.908
3612,237.079,130.263
3613,152.256,66.757
3614,129.168,141.986
3615,252.954,123.52
3616,89.012,217.558
3617,94.427,232.992
3618,78.166,239.962
3619,107.837,61.766
3620,130.375,67.757
3621,119.855,227.508
3622,125.668,60.068
3623,91.803,224.825
3624,240.597,115.152
3625,174.3,63.644
3626,198.288,187.821
3627,143.09,75.189
3628,133.179,210.588
3629,74.73,225.139
3630,62.741,129.98
3631,180.719,201.868
3632,238.61,240.556
3633,229.355,99.581
3634,179.806,199.378
3635,125.557,184.208
3636,173.114,240.497
3637,57.902,130.182
3638,101.328,151.98
3639,226.098,77.862
3640,100.32,187.943
3641,164.242,136.457
3642,148.84,66.056
3643,146.743,167.735
3644,175.558,243.545
3645,246.322,167.062
3646,104.816,202.537
3647,144.825,195.271
3648,93.018,203.36
3649,186.201,141.292
3650,222.922,70.292
3651,134.124,118.901
3652,72.106,135.227
3653,113.818,148.799
3654,58.841,221.769
3655,239.17,154.079
3656,200.568,76.097
3657,190.254,67.849
3658,143.815,121.712
3659,173.554,230.353
3660,108.471,208.904
3661,115.77,102.353
3662,232.294,62.645
3663,216.253,59.685
3664,106.008,80.376
3665,186.025,130.718
3666,81.419,104.047
3667,213.826,106.089
3668,137.473,71.216
3669,115.478,93.068
3670,161.234,218.596
3671,123.459,169.074
3672,77.303,199.184
3673,96.527,216.191
3674,244.613,204.09
3675,152.919,75.231
3676,149.136,59.39
3677,176.103,212.182
3678,99.168,79.385
3679,230.749,229.78
3680,120.931,80.89
3681,173.44,235.801
3682,125.149,238.137
3683,207.545,68.761
3684,129.348,79.867
3685,98.66,73.24
3686,69.7,231.02
3687,173.588,189.678
3688,225.55,121.553
3689,107.397,226.297
3690,176.998,214.487
3691,244.812,123.548
3692,120.803,196.558
3693,203.702,136.891
3694,68.582,205.045
3695,187.759,68.963
3696,169.954,235.689
3697,221.645,206.599
3698,160.562,143.304
3699,167.017,63.108
3700,237.261,222.908
3701,162.12,185.389
3702,107.052,228.047
3703,206.338,136.325
3704,138.682,179.759
3705,64.306,240.316
3706,250.143,61.038
3707,197.941,199.453
3708,191.919,212.257
3709,145.752,107.782
3710,94.769,202.412
3711,74.266,115.949
3712,185.721,130.046
3713,248.85,87.487
3714,86.656,99.823
3715,63.82,242.909
3716,118.24,251.83
3717,125.672,179.171
3718,108.78,77.276
3719,142.656,248.002
3720,77.375,118.045
3721,233.81,136.24
3722,68.845,217.274
3723,97.437,95.508
3724,199.839,107.102
3725,248.606,129.001
3726,183.29,176.206
3727,156.292,108.574
3728,179.747,154.618
3729,75.914,62.118
3730,231.474,83.236
3731,84.515,188.083
3732,235.157,87.238
3733,131.756,128.808
3734,130.136,65.75
3735,220.729,170.999
3736,211.289,94.419
3737,180.929,158.241
3738,203.486,58.136
3739,126.176,133.88
3740,123.382,97.012
3741,196.005,123.032
3742,65.698,152.474
3743,180.672,222.999
3744,81.688,125.97
3745,225.629,100.221
3746,179.296,129.676
3747,66.107,98.45
3748,218.35,131.659
3749,114.346,68.252
3750,346.42,699.225
3751,1126.791,68.752
3752,568.657,813.861
3753,623.284,703.963
3754,140.477,258.411
3755,208.32,587.423
3756,768.83,996.133
3757,930.949,472.748
3758,506.774,364.493
3759,548.036,1131.662
3760,328.328,530.464
3761,120.863,866.482
3762,266.226,489.126
3763,758.327,1064.632
3764,894.002,744.612
3765,601.741,587.376
3766,702.447,234.397
3767,465.198,591.475
3768,1089.48,70.949
3769,18.178,507.769
3770,926.121,1068.593
3771,179.26,781.288
3772,209.678,563.058
3773,299.15,389.408
3774,1051.136,52.59
3775,723.729,1104.739
3776,792.019,494.121
3777,427.09,718.344
3778,686.957,51.669
3779,455.308,885.328
3780,540.149,994.34
3781,983.894,652.743
3782,678.686,655.304
3783,607.878,873.359
3784,940.37,459.188
3785,354.898,846.616
3786,397.716,185.502
3787,25.998,714.836
3788,612.707,318.37
3789,1045.679,297.807
3790,588.685,813.912
3791,139.8,164.693
3792,243.436,64.671
3793,1013.902,427.807
3794,1069.256,854.465
3795,1134.398,1075.614
3796,850.871,862.675
3797,963.737,398.29
3798,314.67,196.402
3799,280.631,336.178
3800,787.081,1102.536
3801,697.667,676.619
3802,473.219,652.812
3803,570.362,107.79
3804,981.852,598.204
3805,704.767,51.699
3806,430.237,211.674
3807,1056.389,403.455
3808,303.616,877.22
3809,985.601,1098.146
3810,277.705,475.568
3811,227.177,330.43
3812,913.777,683.296
3813,60.531,579.221
3814,150.982,244.579
3815,135.625,1122.79
3816,473.849,348.889
3817,864.381,46.926
3818,663.491,171.019
3819,354.246,336.629
3820,748.067,290.993
3821,846.136,1111.731
3822,1028.435,512.496
3823,1085.163,883.701
3824,344.584,1124.393
3825,214.208,781.591
3826,564.877,116.875
3827,98.153,76.25
3828,958.169,234.114
3829,95.549,748.229
3830,588.257,936.559
3831,201.065,1059.994
3832,962.552,349.673
3833,24.122,418.118
3834,149.77,545.477
3835,512.929,235.758
3836,751.783,376.03
3837,237.765,818.089
3838,708.274,390.769
3839,1026.053,303.549
3840,672.669,141.285
3841,744.945,567.911
3842,559.805,234.123
3843,1102.217,612.938
3844,995.214,1078.086
3845,507.427,155.749
3846,799.619,455.342
3847,872.739,126.557
3848,620.127,42.079
3849,827.333,771.215
3850,250.272,1125.609
3851,987.306,133.663
3852,449.338,550.366
3853,1124.239,507.304
3854,978.741,824.684
3855,181.191,316.533
3856,821.214,726.483
3857,757.579,80.138
3858,98.748,71.789
3859,364.537,389.264
3860,104.663,921.393
3861,638.103,200.109
3862,785.204,452.356
3863,301.021,106.13
3864,420.997,957.418
3865,1076.401,998.266
3866,516.862,868.28
3867,484.754,835.374
3868,1025.577,972.138
3869,181.683,674.587
3870,956.773,311.91
3871,926.639,397.52
3872,494.427,363.689
3873,982.826,498.783
3874,133.307,1125.155
3875,56.33,1099.881
3876,137.86,687.469
3877,282.471,698.931
3878,141.376,475.99
3879,1124.902,959.28
3880,189.368,638.33
3881,534.726,687.07
3882,942.649,400.215
3883,209.415,405.101
3884,993.838,713.769
3885,536.856,580.792
3886,1048.438,370.743
3887,471.868,683.861
3888,866.67,464.123
3889,356.667,839.349
3890,569.404,866.733
3891,574.875,207.801
3892,785.409,360.194
3893,50.502,947.799
3894,89.652,858.915
3895,517.008,455.609
3896,123.629,208.238
3897,1077.774,132.81
3898,842.386,975.615
3899,118.613,339.381
3900,649.382,593.155
3901,952.357,16.496
3902,514.629,403.306
3903,296.453,532.923
3904,164.981,689.851
3905,935.473,801.788
3906,638.384,749.295
3907,106.38,495.883
3908,1050.468,95.622
3909,230.632,734.732
3910,1033.912,129.266
3911,355.193,215.866
3912,786.132,537.922
3913,550.831,958.604
3914,244.728,744.534
3915,909.387,743.726
3916,118.238,845.968
3917,1059.004,1096.779
3918,879.511,1008.461
3919,8.494,163.633
3920,590.368,844.024
3921,448.355,806.359
3922,891.941,960.956
3923,1136.595,386.29
3924,456.763,133.005
3925,108.565,611.506
3926,545.419,15.198
3927,246.337,20.939
3928,265.815,841.392
3929,1110.393,987.973
3930,71.456,752.481
3931,439.495,1078.732
3932,858.545,736.709
3933,314.763,505.889
3934,422.087,339.675
3935,302.061,968.236
3936,839.488,739.381
3937,201.448,325.861
3938,534.513,1055.999
3939,806.417,1067.526
3940,1080.708,434.39
3941,1025.982,1134.656
3942,654.412,744.386
3943,580.238,776.976
3944,520.016,952.023
3945,597.673,291.317
3946,740.726,88.118
3947,132.459,983.317
3948,846.885,976.659
3949,650.844,305.461
3950,383.364,72.838
3951,459.348,193.841
3952,615.046,637.587
3953,953.971,497.116
3954,965.086,522.014
3955,1128.62,280.577
3956,413.655,464.069
3957,1016.521,206.499
3958,196.862,568.517
3959,563.633,116.942
3960,832.641,380.594
3961,49.704,897.614
3962,37.435,1099.11
3963,66.312,644.596
3964,983.578,248.458
3965,305.936,147.703
3966,1036.148,797.077
3967,1083.951,834.736
3968,908.79,291.436
3969,999.478,1082.336
3970,552.637,623.857
3971,572.101,690.935
3972,535.538,539.065
3973,433.856,1026.419
3974,1025.917,608.26
3975,1080.148,987.118
3976,550.982,1093.455
3977,605.933,1014.961
3978,622.827,64.627
3979,983.304,182.854
3980,674.703,345.566
3981,912.355,1006.617
3982,592.548,456.355
3983,1146.921,87.268
3984,891.978,168.416
3985,162.227,143.411
3986,1080.159,60.316
3987,186.538,334.663
3988,328.791,219.511
3989,817.412,559.911
3990,657.864,633.548
3991,29.021,116.213
3992,847.182,168.393
3993,983.956,1029.622
3994,758.884,716.539
3995,177.66,399.621
3996,661.841,1018.175
3997,265.685,796.892
3998,70.878,1029.242
3999,490.071,28.118
4000,201.837,16.132
4001,15.041,298.021
4002,723.677,904.291
4003,399.921,674.658
4004,495.656,69.297
4005,876.92,175.38
4006,353.802,269.144
4007,439.753,605.136
4008,539.623,685.159
4009,133.625,787.866
4010,620.605,124.355
4011,1024.027,537.958
4012,592.58,75.688
4013,887.04,372.935
4014,380.978,1016.635
4015,646.861,960.497
4016,278.174,778.62
4017,329.806,100.272
4018,71.984,169.686
4019,1060.33,365.389
4020,103.325,365.293
4021,1006.062,970.673
4022,907.619,888.687
4023,568.144,498.494
4024,781.514,248.806
4025,1033.301,762.767
4026,1084.3,239.393
4027,122.819,519.35
4028,607.647,647.239
4029,416.196,405.328
4030,393.482,381.296
4031,1018.083,624.049
4032,924.179,856.188
4033,224.414,106.915
4034,995.047,25.742
4035,130.825,890.905
4036,590.439,1007.391
4037,754.654,693.999
4038,382.458,828.999
4039,395.18,241.764
4040,1079.206,620.392
4041,1029.691,471.862
4042,203.435,286.157
4043,752.521,557.419
4044,1011.398,701.42
4045,771.698,1127.06
4046,390.2,95.374
4047,958.366,1011.069
4048,124.425,911.304
4049,931.036,151.287
4050,427.835,819.481
4051,132.036,336.653
4052,728.719,254.187
4053,381.833,430.312
4054,866.586,734.519
4055,74.53,1119.165
4056,753.264,30.247
4057,998.118,693.155
4058,540.56,1072.46
4059,15.759,1043.118
4060,88.234,567.781
4061,601.008,496.018
4062,651.793,977.858
4063,253.076,995.744
4064,696.668,205.031
4065,903.325,1066.064
4066,287.495,823.88
4067,461.04,175.873
4068,101.187,69.283
4069,283.085,264.559
4070,460.64,791.99
4071,186.621,672.702
4072,779.724,1028.956
4073,980.321,326.967
4074,861.552,115.369
4075,416.327,1069.638
4076,554.044,550.752
4077,450.167,899.003
4078,299.678,955.273
4079,1126.674,674.355
4080,1018.126,103.019
4081,690.655,506.355
4082,1088.522,932.076
4083,181.92,300.988
4084,136.762,293.666
4085,981.917,853.854
4086,751.601,573.679
4087,240.069,988.843
4088,654.926,581.498
4089,528.185,47.954
4090,403.911,26.022
4091,1145.618,744.557
4092,1120.484,811.174
4093,301.716,957.906
4094,926.171,29.013
4095,618.473,614.096
4096,189.358,692.708
4097,1122.419,661.215
4098,490.203,286.205
4099,523.57,1088.108
4100,942.043,408.986
4101,737.225,203.547
4102,298.072,951.199
4103,533.85,774.478
4104,500.488,896.698
4105,439.42,651.106
4106,71.034,1031.491
4107,388.991,448.931
4108,355.641,1111.391
4109,260.825,841.912
4110,104.102,344.369
4111,380.822,409.913
4112,320.045,1145.827
4113,460.123,747.626
4114,548.539,52.037
4115,381.45,847.222
4116,40.148,55.306
4117,1123.834,231.737
4118,536.048,283.931
4119,682.586,38.672
4120,1126.436,505.247
4121,1134.46,457.338
4122,275.815,741.823
4123,918.078,107.081
4124,134.484,889.619
4125,556.043,499.026
4126,715.986,372.965
4127,53.941,602.753
4128,887.331,937.052
4129,79.779,1093.181
4130,364.581,111.034
4131,185.624,703.536
4132,809.293,89.333
4133,1126.269,617.546
4134,599.378,244.842
4135,1004.338,292.946
4136,539.49,214.867
4137,767.923,1069.499
4138,462.693,794.977
4139,80.968,195.478
4140,222.947,457.552
4141,936.179,299.95
4142,377.684,282.32
4143,1007.268,844.172
4144,968.148,869.622
4145,492.171,311.548
4146,328.796,755.456
4147,391.311,1037.53
4148,74.456,432.959
4149,585.178,1064.067
4150,314.65,125.532
4151,326.414,877.605
4152,289.625,516.929
4153,335.048,18.072
4154,792.871,750.358
4155,652.283,296.536
4156,74.018,103.713
4157,745.646,525.251
4158,806.943,1131.497
4159,841.89,24.341
4160,411.814,31.029
4161,553.204,1147.691
4162,72.25,77.401
4163,349.506,7.852
4164,73.833,570.83
4165,356.51,873.793
4166,603.36,147.19
4167,444.436,137.131
4168,986.329,259.26
4169,1025.267,388.611
4170,806.674,783.95
4171,962.597,704.515
4172,184.064,1017.398
4173,912.123,471.145
4174,516.52,545.661
4175,848.552,580.3
4176,485.861,399.309
4177,488.181,524.126
4178,584.03,599.382
4179,517.86,1005.396
4180,869.146,707.324
4181,372.888,596.383
4182,1081.903,1030.897
4183,996.542,836.651
4184,1006.719,783.713
4185,287.265,396.482
4186,483.467,484.366
4187,813.17,250.473
4188,877.303,133.937
4189,492.167,1119.386
4190,690.85,451.421
4191,520.656,446.873
4192,339.012,947.513
4193,359.654,522.15
4194,65.456,992.005
4195,1013.354,149.637
4196,421.276,75.688
4197,282.126,763.224
4198,655.23,14.352
4199,467.697,657.586
4200,1056.407,196.075
4201,295.03,609.215
4202,303.031,446.722
4203,972.659,605.802
4204,385.291,794.573
4205,225.995,532.724
4206,42.337,481.848
4207,909.767,853.087
4208,58.575,722.092
4209,97.77,576.606
4210,192.342,37.13
4211,494.358,23.252
4212,316.077,651.834
4213,45.856,484.28
4214,431.21,780.632
4215,814.073,1005.148
4216,298.675,783.708
4217,1097.732,1076.347
4218,277.089,110.189
4219,381.268,627.573
4220,262.856,773.428
4221,987.251,866.481
4222,899.683,353.948
4223,992.468,362.87
4224,446.811,849.029
4225,177.805,536.737
4226,85.63,307.453
4227,912.509,492.665
4228,1127.613,131.482
4229,1091.127,486.675
4230,664.616,1072.812
4231,271.052,115.51
4232,42.455,705.182
4233,686.997,328.489
4234,711.489,647.737
4235,40.856,601.954
4236,888.612,379.129
4237,853.887,588.275
4238,717.0,65.753
4239,100.359,626.528
4240,728.92,518.445
4241,389.194,103.46
4242,1000.959,156.044
4243,35.493,680.92
4244,263.948,136.51
4245,289.992,58.032
4246,576.824,616.114
4247,727.635,1146.092
4248,952.249,909.589
4249,4.722,752.14
4250,419.358,440.137
4251,315.093,778.789
4252,548.92,23.716
4253,44.168,1111.019
4254,458.976,873.278
4255,988.0,707.308
4256,406.567,685.913
4257,1143.053,671.86
4258,874.786,641.431
4259,678.633,960.628
4260,1069.771,365.02
4261,810.97,137.406
4262,199.991,138.246
4263,35.805,482.719
4264,846.153,469.057
4265,143.317,618.459
4266,210.779,556.968
4267,78.131,570.29
4268,896.595,932.711
4269,470.578,873.385
4270,202.195,159.453
4271,322.897,218.144
4272,637.441,301.65
4273,32.603,421.879
4274,300.436,58.63
4275,118.628,472.382
4276,165.53,745.963
4277,415.102,473.762
4278,170.189,8.506
4279,920.169,289.548
4280,1079.954,168.691
4281,899.391,973.827
4282,415.408,288.757
4283,191.859,438.885
4284,474.619,16.567
4285,9.536,61.694
4286,308.994,463.308
4287,393.698,673.371
4288,212.54,352.847
4289,799.806,533.696
4290,1105.796,300.344
4291,1140.797,338.24
4292,1026.382,834.809
4293,68.167,685.865
4294,164.431,514.587
4295,495.994,107.741
4296,64.094,956.721
4297,1128.342,12.264
4298,96.13,125.349
4299,404.214,670.064
4300,198.201,1024.053
4301,985.814,849.692
4302,110.916,1086.586
4303,789.086,23.437
4304,162.386,405.088
4305,744.51,561.009
4306,1081.146,434.253
4307,675.035,273.405
4308,59.463,803.218
4309,313.929,147.968
4310,1111.81,453.442
4311,476.532,338.423
4312,373.649,539.411
4313,1124.561,1109.543
4314,988.963,1140.383
4315,709.639,1117.737
4316,833.709,682.042
4317,1048.964,231.76
4318,316.204,1063.624
4319,289.877,867.187
4320,965.78,659.993
4321,293.507,602.891
4322,426.286,848.305
4323,108.582,905.338
4324,597.238,1067.267
4325,839.263,155.338
4326,339.596,677.805
4327,489.711,386.675
4328,613.373,890.813
4329,347.833,799.012
4330,334.091,94.682
4331,861.775,342.184
4332,563.813,800.549
4333,713.047,690.411
4334,1064.983,568.877
4335,146.537,228.116
4336,211.996,533.65
4337,671.249,292.562
4338,1001.041,157.023
4339,606.9,808.617
4340,481.257,412.946
4341,694.103,789.689
4342,475.978,76.746
4343,392.96,730.775
4344,1131.271,331.673
4345,525.25,174.175
4346,887.949,709.4
4347,1038.32,583.109
4348,965.831,965.593
4349,884.525,1068.452
4350,464.779,407.953
4351,19.518,837.549
4352,463.2,725.038
4353,577.258,440.018
4354,491.017,1031.108
4355,1009.055,708.108
4356,976.754,708.568
4357,983.488,150.751
4358,712.907,992.044
4359,576.333,659.112
4360,94.142,643.322
4361,328.363,1095.641
4362,1111.541,70.438
4363,1032.007,450.561
4364,189.273,829.731
4365,358.684,889.878
4366,851.211,698.851
4367,1071.683,566.413
4368,544.733,615.486
4369,288.113,54.779
4370,732.807,1080.203
4371,506.632,702.618
4372,653.728,39.979
4373,466.197,558.818
4374,397.26,785.934
4375,13.959,573.719
4376,138.391,851.396
4377,775.673,261.249
4378,903.563,72.072
4379,888.277,10.816
4380,801.807,719.732
4381,1124.217,1021.129
4382,1093.982,592.362
4383,970.348,529.67
4384,13.692,697.389
4385,823.656,813.39
4386,503.418,660.019
4387,144.067,576.644
4388,26.318,39.264
4389,513.041,311.678
4390,897.324,762.898
4391,142.486,913.822
4392,902.613,225.881
4393,211.06,767.17
4394,968.174,477.692
4395,540.733,1130.404
4396,126.547,1060.411
4397,410.371,584.993
4398,860.398,33.291
4399,873.956,928.791
4400,974.506,418.261
4401,468.255,211.938
4402,506.788,113.166
4403,152.969,484.669
4404,857.22,275.255
4405,522.481,825.107
4406,26.567,991.531
4407,402.151,124.136
4408,12.25,45.269
4409,1139.246,519.014
4410,291.847,91.396
4411,454.646,1034.616
4412,200.358,1119.569
4413,879.464,21.126
4414,581.189,507.567
4415,409.578,897.287
4416,1107.956,31.062
4417,324.643,663.141
4418,829.52,1068.092
4419,411.152,273.453
4420,312.414,149.836
4421,238.803,323.885
4422,217.225,7.688
4423,1131.878,340.443
4424,284.899,83.904
4425,17.215,251.897
4426,249.161,542.048
4427,6.922,151.645
4428,186.721,836.477
4429,730.471,1039.03
4430,330.55,1027.432
4431,1113.527,31.123
4432,270.396,843.596
4433,1073.712,612.519
4434,277.668,1109.839
4435,176.493,113.019
4436,9.734,234.697
4437,183.152,705.635
4438,394.48,604.445
4439,486.557,626.083
4440,907.388,660.802
4441,285.791,686.833
4442,495.85,197.784
4443,1051.489,775.847
4444,935.727,264.493
4445,792.211,181.12
4446,361.612,557.446
4447,504.317,632.231
4448,917.936,1028.038
4449,241.815,1041.964
4450,951.969,687.886
4451,472.709,1082.232
4452,1075.473,665.898
4453,448.176,560.625
4454,196.495,86.462
4455,209.058,289.001
4456,975.816,1130.953
4457,471.447,667.745
4458,1062.123,758.452
4459,590.892,471.873
4460,983.792,62.075
4461,1013.456,302.012
4462,279.437,335.803
4463,444.171,659.213
4464,260.988,1024.895
4465,279.62,76.859
4466,172.621,103.359
4467,1112.149,982.169
4468,979.506,713.18
4469,351.838,243.699
4470,1062.037,712.047
4471,813.667,1138.676
4472,285.191,205.94
4473,93.768,415.052
4474,835.29,654.397
4475,65.708,883.112
4476,966.82,231.8
4477,478.975,950.168
4478,1048.73,948.795
4479,478.991,931.957
4480,1036.213,295.067
4481,134.56,99.304
4482,818.003,1049.545
4483,352.968,704.477
4484,415.301,366.569
4485,710.25,709.061
4486,329.913,661.885
4487,212.614,479.814
4488,140.699,58.519
4489,668.809,653.965
4490,270.928,25.986
4491,671.405,491.888
4492,360.997,10.268
4493,178.607,563.89
4494,996.283,317.37
4495,455.203,421.69
4496,133.191,84.092
4497,286.383,436.95
4498,411.737,22.636
4499,1082.853,1116.51
4500,472.674,379.085
4501,680.211,98.442
4502,646.097,754.31
4503,19.112,790.869
4504,859.256,426.778
4505,1073.793,1077.47
4506,380.472,1100.329
4507,1127.632,90.695
4508,131.32,1122.396
4509,230.846,342.091
4510,190.092,708.382
4511,793.01,400.174
4512,1012.193,962.459
4513,853.864,636.971
4514,462.3,411.788
4515,144.86,1119.458
4516,1002.222,71.764
4517,811.447,179.27
4518,965.586,146.931
4519,467.1,390.157
4520,715.347,385.225
4521,809.347,616.659
4522,634.454,321.027
4523,603.392,974.097
4524,132.554,442.301
4525,227.433,316.841
4526,452.653,172.389
4527,62.446,364.71
4528,143.134,868.232
4529,456.568,386.945
4530,1087.365,651.242
4531,973.487,461.348
4532,820.176,533.461
4533,1111.59,943.488
4534,954.473,672.058
4535,453.077,628.553
4536,1145.911,1000.101
4537,568.001,497.067
4538,789.281,850.767
4539,798.382,976.551
4540,367.757,701.304
4541,628.885,134.31
4542,1111.169,674.698
4543,975.385,620.893
4544,463.476,868.139
4545,832.138,1136.219
4546,297.828,997.571
4547,793.558,410.281
4548,865.2,889.625
4549,401.25,356.365
4550,551.018,526.994
4551,61.385,106.94
4552,849.111,616.9
4553,177.088,1130.312
4554,681.862,783.788
4555,948.824,396.766
4556,43.312,233.289
4557,435.851,314.204
4558,768.645,865.941
4559,232.206,355.293
4560,215.753,673.375
4561,301.589,1075.014
4562,257.615,785.109
4563,544.855,139.458
4564,829.407,560.466
4565,747.144,530.399
4566,115.405,233.274
4567,35.005,128.231
4568,656.124,511.226
4569,835.437,1086.967
4570,845.638,513.489
4571,1116.786,421.163
4572,258.101,916.466
4573,620.639,1100.278
4574,379.137,81.456
4575,757.436,123.6
4576,509.88,176.731
4577,208.863,730.492
4578,342.827,176.343
4579,89.473,706.662
4580,572.142,941.008
4581,575.644,82.996
4582,1044.638,120.127
4583,455.878,897.421
4584,679.323,954.364
4585,727.529,1030.326
4586,171.898,55.96
4587,654.521,942.328
4588,1102.908,214.982
4589,557.382,723.645
4590,110.235,225.131
4591,1049.807,219.01
4592,282.433,867.08
4593,572.66,732.42
4594,1135.803,830.379
4595,550.178,3.553
4596,962.651,86.956
4597,918.143,193.122
4598,1057.765,169.507
4599,752.646,127.759
4600,572.617,277.184
4601,661.65,126.879
4602,170.907,242.676
4603,518.576,780.384
4604,31.658,109.797
4605,333.944,390.357
4606,926.395,896.973
4607,1111.483,1053.41
4608,1131.87,396.315
4609,366.574,863.066
4610,228.524,743.777
4611,1123.832,452.032
4612,1079.976,943.628
4613,1098.09,1074.373
4614,949.432,241.43
4615,523.539,936.555
4616,702.681,879.001
4617,983.818,805.483
4618,293.606,987.438
4619,488.695,400.866
4620,302.632,861.499
4621,639.291,228.136
4622,246.754,723.889
4623,26.12,869.283
4624,353.247,964.609
4625,659.775,156.564
4626,214.889,456.657
4627,1066.463,571.929
4628,1088.083,223.213
4629,1034.794,623.729
4630,1016.235,1004.317
4631,1116.254,866.145
4632,677.629,182.178
4633,12.481,84.317
4634,152.655,1082.513
4635,54.287,825.854
4636,949.808,477.426
4637,144.657,1133.564
4638,987.01,1028.269
4639,523.392,509.575
4640,941.382,1000.851
4641,717.312,290.71
4642,234.367,582.334
4643,952.699,298.596
4644,232.388,739.876
4645,455.1,1065.944
4646,560.931,227.627
4647,883.011,259.993
4648,619.887,846.909
4649,684.412,430.187
4650,1099.78,421.739
4651,658.765,786.767
4652,245.573,400.789
4653,783.29,442.04
4654,938.409,912.49
4655,1124.801,20.3
4656,250.12,228.375
4657,615.279,6.777
4658,72.142,256.756
4659,677.509,663.252
4660,533.368,216.575
4661,1024.218,397.0
4662,124.945,65.812
4663,895.265,976.608
4664,247.628,982.603
4665,841.153,833.236
4666,1109.938,1031.09
4667,414.047,128.142
4668,735.028,24.097
4669,62.2,222.613
4670,560.245,333.238
4671,24.338,346.772
4672,658.719,499.979
4673,112.005,1039.262
4674,203.058,1114.031
4675,932.221,363.454
4676,841.283,623.399
4677,837.881,338.966
4678,1024.275,305.936
4679,366.142,594.932
4680,970.944,712.955
4681,1120.933,346.127
4682,1038.126,1066.178
4683,356.415,1088.78
4684,602.999,505.853
4685,456.02,951.719
4686,347.575,1117.748
4687,653.049,653.196
4688,463.87,1127.14
4689,363.636,928.17
4690,41.539,678.777
4691,842.004,645.802
4692,896.797,77.415
4693,472.481,885.872
4694,642.576,1112.706
4695,26.853,1135.741
4696,715.098,717.385
4697,52.671,823.411
4698,1115.15,1072.69
4699,930.03,295.128
4700,862.409,870.273
4701,326.886,536.601
4702,619.32,29.065
4703,966.099,1010.699
4704,142.783,689.86
4705,540.621,746.7
4706,797.711,29.383
4707,699.324,773.683
4708,390.359,1030.769
4709,472.87,867.276
4710,695.905,483.436
4711,218.652,537.7
4712,493.845,995.237
4713,317.889,823.766
4714,586.451,135.02
4715,186.565,904.938
4716,570.683,230.723
4717,784.124,1041.679
4718,743.566,885.474
4719,355.402,363.601
4720,1055.064,574.865
4721,425.28,155.207
4722,299.693,793.982
4723,849.696,402.992
4724,816.739,859.144
4725,970.5,553.691
4726,1001.258,23.146
4727,898.53,687.139
4728,212.57,735.282
4729,204.973,854.033
4730,244.795,1048.701
4731,943.781,1093.196
4732,764.436,509.509
4733,809.609,742.181
4734,815.186,299.471
4735,1113.692,101.554
4736,442.499,523.128
4737,607.139,819.974
4738,43.459,949.152
4739,31.014,301.087
4740,15.994,940.417
4741,342.895,77.975
4742,985.222,176.167
4743,575.921,82.737
4744,330.317,721.811
4745,1063.408,61.561
4746,586.699,562.682
4747,658.419,348.933
4748,798.428,575.731
4749,277.371,1046.436
4750,267.003,1127.991
4751,900.228,59.163
4752,815.854,12.098
4753,936.704,533.696
4754,511.819,772.85
4755,289.162,44.39
4756,20.843,3.735
4757,79.077,687.662
4758,211.136,857.898
4759,86.476,703.03
4760,336.264,394.16
4761,623.095,702.027
4762,255.981,777.755
4763,761.207,661.775
4764,181.698,335.991
4765,228.334,1128.562
4766,626.263,552.48
4767,1046.016,707.022
4768,773.634,348.632
4769,769.271,549.859
4770,1033.52,555.358
4771,581.898,407.88
4772,289.347,864.142
4773,1074.752,500.565
4774,685.497,1111.695
4775,459.277,175.942
4776,671.253,102.002
4777,343.808,867.174
4778,425.162,154.617
4779,724.9,556.787
4780,1026.592,811.66
4781,1082.537,995.202
4782,69.672,944.769
4783,663.209,856.607
4784,259.587,98.139
4785,772.068,355.419
4786,840.232,1007.104
4787,520.545,197.368
4788,949.94,599.186
4789,463.507,237.336
4790,48.534,228.357
4791,1103.214,961.852
4792,71.817,627.618
4793,861.032,102.464
4794,209.263,124.359
4795,513.134,402.251
4796,763.303,972.002
4797,939.868,768.982
4798,991.145,910.271
4799,897.566,485.944
4800,372.606,703.459
4801,813.286,1119.588
4802,427.756,655.25
4803,889.044,848.56
4804,1077.595,453.684
4805,27.493,354.907
4806,1053.098,798.001
4807,1034.232,1127.815
4808,356.097,485.581
4809,437.977,847.622
4810,598.332,1093.149
4811,199.334,938.965
4812,736.576,800.977
4813,173.207,483.832
4814,685.794,903.344
4815,170.268,800.159
4816,752.529,487.012
4817,111.618,650.808
4818,350.571,1015.869
4819,148.91,866.066
4820,51.113,677.504
4821,226.695,1072.472
4822,599.779,141.797
4823,304.805,462.604
4824,108.103,758.125
4825,628.487,14.701
4826,1097.613,628.898
4827,421.556,444.191
4828,337.509,6.42
4829,352.294,256.198
4830,720.153,221.899
4831,40.029,317.112
4832,922.549,4.161
4833,681.973,154.763
4834,535.962,562.396
4835,844.303,718.981
4836,630.422,985.397
4837,775.819,310.663
4838,818.272,596.897
4839,171.759,1119.3
4840,641.674,160.994
4841,46.439,154.908
4842,965.096,384.83
4843,1039.83,928.045
4844,700.974,826.886
4845,908.369,468.039
4846,604.074,198.414
4847,69.938,1080.602
4848,1047.457,421.726
4849,358.175,901.308
4850,512.718,862.958
4851,110.743,958.854
4852,615.541,343.397
4853,936.109,923.732
4854,297.168,74.644
4855,94.834,44.837
4856,52.684,353.753
4857,451.21,504.048
4858,775.824,907.954
4859,468.761,472.639
4860,658.611,523.729
4861,1015.523,176.328
4862,583.304,792.445
4863,317.532,1080.279
4864,302.981,723.916
4865,141.236,1120.013
4866,700.984,86.071
4867,387.736,886.847
4868,900.776,545.466
4869,971.591,1135.005
4870,726.73,69.672
4871,949.819,584.287
4872,1008.793,951.536
4873,685.487,642.671
4874,267.023,226.285
4875,456.11,957.639
4876,688.874,950.775
4877,52.956,477.217
4878,470.429,421.635
4879,823.958,520.726
4880,574.49,210.193
4881,714.335,1007.873
4882,726.675,1117.199
4883,450.744,1119.619
4884,188.173,463.762
4885,357.647,707.262
4886,337.874,598.587
4887,692.363,73.761
4888,654.307,626.502
4889,602.495,503.372
4890,562.677,147.09
4891,431.543,356.138
4892,124.017,753.988
4893,1146.028,482.382
4894,128.003,219.056
4895,436.451,1015.464
4896,335.683,431.897
4897,929.012,480.378
4898,573.535,205.229
4899,125.011,112.954
4900,2.935,454.219
4901,976.103,33.439
4902,386.933,264.849
4903,374.875,1129.986
4904,402.225,550.133
4905,630.958,1110.349
4906,1133.316,609.143
4907,368.472,151.283
4908,554.258,146.452
4909,111.628,930.896
4910,39.946,344.545
4911,145.257,540.939
4912,988.474,585.356
4913,995.706,257.945
4914,1129.603,771.393
4915,853.983,425.958
4916,923.045,957.993
4917,876.057,387.227
4918,244.013,267.565
4919,1104.66,852.49
4920,456.729,1052.926
4921,1009.319,970.098
4922,442.576,340.578
4923,161.605,798.979
4924,792.996,220.592
4925,328.473,485.584
4926,30.623,670.839
4927,753.844,1069.561
4928,956.112,1054.757
4929,666.66,198.183
4930,368.146,1130.2
4931,527.117,644.789
4932,627.034,298.886
4933,1104.694,379.451
4934,659.444,143.03
4935,580.584,179.966
4936,90.598,791.726
4937,954.84,124.461
4938,11.118,501.247
4939,936.627,245.048
4940,806.175,225.746
4941,826.136,532.425
4942,180.399,612.901
4943,900.172,555.935
4944,845.147,599.137
4945,756.293,607.625
4946,90.093,388.756
4947,974.617,884.721
4948,986.093,904.75
4949,204.082,171.986
4950,949.366,446.831
4951,300.26,150.121
4952,732.92,853.571
4953,95.585,708.667
4954,464.328,311.845
4955,21.729,186.789
4956,471.614,8.841
4957,726.074,163.216
4958,399.602,839.634
4959,776.593,714.932
4960,844.697,684.901
4961,1094.131,579.053
4962,1048.014,663.502
4963,893.406,1013.88
4964,110.673,120.554
4965,162.145,49.634
4966,936.942,1079.627
4967,748.936,409.563
4968,753.571,3.615
4969,313.885,67.888
4970,930.965,1066.012
4971,655.823,1104.159
4972,913.303,422.133
4973,1000.865,480.983
4974,602.499,631.515
4975,40.156,870.65
4976,996.451,743.512
4977,912.315,746.857
4978,1026.448,655.156
4979,48.216,820.908
4980,23.865,212.355
4981,621.621,446.941
4982,1036.381,142.996
4983,952.75,598.612
4984,422.855,316.439
4985,222.718,1008.956
4986,280.018,662.652
4987,593.552,133.071
4988,1012.327,270.568
4989,642.738,987.027
4990,717.927,1136.353
4991,389.671,701.663
4992,234.848,454.293
4993,387.174,588.587
4994,436.345,40.712
4995,476.484,749.722
4996,674.541,660.832
4997,151.79,1018.194
4998,969.751,596.918
4999,695.371,530.885
