run_id,external_run_id,scale,node_count,cluster_count,bs_count,map_profile,seed,architecture,load,failure_family,healing_id,variant,map_id,map_signature,mean_node_to_ch_distance,max_node_to_ch_distance,mean_ch_to_bs_distance,max_ch_to_bs_distance,cluster_size_mean,cluster_size_max,cluster_size_cv,long_link_ratio,failure_time_s,recovery_applied_delay_s,recovery_applied_s,recovery_event_time_s,first_recovered_aggregate_s,traffic_recovery_delay_s,recovery_stress_score,recovery_map_profile_penalty_s,recovery_queue_norm,recovery_cluster_norm,recovery_energy_norm,recovery_distance_norm,consumed_j,avg_res_j,min_res_j,low_nodes,raw_tx,raw_rx,raw_delivery_ratio,agg_tx,agg_rx,agg_delivery_ratio,pending_raw_total,failed_chs,recovered_clusters,candidate_group_key,is_healing_case,is_baseline,is_failure_no_healing,source_output_dir
campaign_v3_S10_M1_BALANCED_A_L1_F0_H0_seed041,campaign_v3_S10_M1_BALANCED_A_L1_F0_H0_seed041_41_20260603_112038,S10,5000,200,6,M1_BALANCED,41,A,L1,F0,H0,V1,map_S10_M1_BALANCED_seed041,00f6731b1be6645422980b4e678c9ffc0f045812e9b344049c7af5083bb8b64f,31.852,64.678,194.948,409.338,25,48,0.3175,0.1202,0.0,-1.0,-1.0,-1.0,-1.0,-1.0,0.0,0.0,0.0,0.0,0.0,0.0,2560.189325,1.487962,0.0,196,1411200,1411200,1.0,1800,1800,1.0,120000,0,0,S10|M1_BALANCED|41|A|L1|F0,false,true,false,/home/cyfer/FYP/WSN_simulation_V3/runs/S10_5000/outputs_production_50seed_part41_45/run_campaign_v3_S10_M1_BALANCED_A_L1_F0_H0_seed041_41_20260603_112038
campaign_v3_S10_M1_BALANCED_A_L1_F0_H0_seed042,campaign_v3_S10_M1_BALANCED_A_L1_F0_H0_seed042_42_20260603_112157,S10,5000,200,6,M1_BALANCED,42,A,L1,F0,H0,V1,map_S10_M1_BALANCED_seed042,3fb3b857639f7ab75593ba1aee5ffc19382e976b43395acf096091c5c0c42ba2,31.851,63.899,195.961,393.321,25,48,0.3037,0.1316,0.0,-1.0,-1.0,-1.0,-1.0,-1.0,0.0,0.0,0.0,0.0,0.0,0.0,2563.825658,1.487235,0.0,199,1411200,1411200,1.0,1800,1800,1.0,120000,0,0,S10|M1_BALANCED|42|A|L1|F0,false,true,false,/home/cyfer/FYP/WSN_simulation_V3/runs/S10_5000/outputs_production_50seed_part41_45/run_campaign_v3_S10_M1_BALANCED_A_L1_F0_H0_seed042_42_20260603_112157
campaign_v3_S10_M1_BALANCED_A_L1_F0_H0_seed043,campaign_v3_S10_M1_BALANCED_A_L1_F0_H0_seed043_43_20260603_112316,S10,5000,200,6,M1_BALANCED,43,A,L1,F0,H0,V1,map_S10_M1_BALANCED_seed043,95a779244b54b893be4537c1e51855809899e6e6c44613aecaa3b9e8e7b07542,32.292,63.903,195.696,409.379,25,46,0.3223,0.1158,0.0,-1.0,-1.0,-1.0,-1.0,-1.0,0.0,0.0,0.0,0.0,0.0,0.0,2578.989892,1.484202,0.0,200,1411200,1411200,1.0,1800,1800,1.0,120000,0,0,S10|M1_BALANCED|43|A|L1|F0,false,true,false,/home/cyfer/FYP/WSN_simulation_V3/runs/S10_5000/outputs_production_50seed_part41_45/run_campaign_v3_S10_M1_BALANCED_A_L1_F0_H0_seed043_43_20260603_112316
campaign_v3_S10_M1_BALANCED_A_L1_F0_H0_seed044,campaign_v3_S10_M1_BALANCED_A_L1_F0_H0_seed044_44_20260603_112439,S10,5000,200,6,M1_BALANCED,44,A,L1,F0,H0,V1,map_S10_M1_BALANCED_seed044,164de8a74a2f8962e3113265d4de3a695dafdcefa184b5ddb3f8a1f15c9664b2,32.167,62.854,198.129,397.168,25,51,0.3359,0.1284,0.0,-1.0,-1.0,-1.0,-1.0,-1.0,0.0,0.0,0.0,0.0,0.0,0.0,2572.652758,1.485469,0.0,196,1411200,1411200,1.0,1800,1800,1.0,120000,0,0,S10|M1_BALANCED|44|A|L1|F0,false,true,false,/home/cyfer/FYP/WSN_simulation_V3/runs/S10_5000/outputs_production_50seed_part41_45/run_campaign_v3_S10_M1_BALANCED_A_L1_F0_H0_seed044_44_20260603_112439
campaign_v3_S10_M1_BALANCED_A_L1_F0_H0_seed045,campaign_v3_S10_M1_BALANCED_A_L1_F0_H0_seed045_45_20260603_112604,S10,5000,200,6,M1_BALANCED,45,A,L1,F0,H0,V1,map_S10_M1_BALANCED_seed045,602ce207537d3ff0a03da4a7dad6122bee47a182415509d38b30edb3b98e0955,32.278,65.241,198.088,399.972,25,48,0.3216,0.1224,0.0,-1.0,-1.0,-1.0,-1.0,-1.0,0.0,0.0,0.0,0.0,0.0,0.0,2577.408884,1.484518,0.0,198,1411200,1411200,1.0,1800,1800,1.0,120000,0,0,S10|M1_BALANCED|45|A|L1|F0,false,true,false,/home/cyfer/FYP/WSN_simulation_V3/runs/S10_5000/outputs_production_50seed_part41_45/run_campaign_v3_S10_M1_BALANCED_A_L1_F0_H0_seed045_45_20260603_112604
campaign_v3_S10_M1_BALANCED_A_L1_F1_H0_seed041,campaign_v3_S10_M1_BALANCED_A_L1_F1_H0_seed041_41_20260603_112039,S10,5000,200,6,M1_BALANCED,41,A,L1,F1,H0,V2,map_S10_M1_BALANCED_seed041,00f6731b1be6645422980b4e678c9ffc0f045812e9b344049c7af5083bb8b64f,31.852,64.678,194.948,409.338,25,48,0.3175,0.1202,60.0,-1.0,-1.0,-1.0,-1.0,-1.0,0.0,0.0,0.0,0.0,0.0,0.0,2549.251671,1.490032,0.0,196,1403915,1403915,1.0,1792,1792,1.0,120155,1,0,S10|M1_BALANCED|41|A|L1|F1,false,false,true,/home/cyfer/FYP/WSN_simulation_V3/runs/S10_5000/outputs_production_50seed_part41_45/run_campaign_v3_S10_M1_BALANCED_A_L1_F1_H0_seed041_41_20260603_112039
campaign_v3_S10_M1_BALANCED_A_L1_F1_H0_seed042,campaign_v3_S10_M1_BALANCED_A_L1_F1_H0_seed042_42_20260603_112158,S10,5000,200,6,M1_BALANCED,42,A,L1,F1,H0,V2,map_S10_M1_BALANCED_seed042,3fb3b857639f7ab75593ba1aee5ffc19382e976b43395acf096091c5c0c42ba2,31.851,63.899,195.961,393.321,25,48,0.3037,0.1316,60.0,-1.0,-1.0,-1.0,-1.0,-1.0,0.0,0.0,0.0,0.0,0.0,0.0,2553.986878,1.489038,0.0,199,1405325,1405325,1.0,1792,1792,1.0,120125,1,0,S10|M1_BALANCED|42|A|L1|F1,false,false,true,/home/cyfer/FYP/WSN_simulation_V3/runs/S10_5000/outputs_production_50seed_part41_45/run_campaign_v3_S10_M1_BALANCED_A_L1_F1_H0_seed042_42_20260603_112158
campaign_v3_S10_M1_BALANCED_A_L1_F1_H0_seed043,campaign_v3_S10_M1_BALANCED_A_L1_F1_H0_seed043_43_20260603_112317,S10,5000,200,6,M1_BALANCED,43,A,L1,F1,H0,V2,map_S10_M1_BALANCED_seed043,95a779244b54b893be4537c1e51855809899e6e6c44613aecaa3b9e8e7b07542,32.292,63.903,195.696,409.379,25,46,0.3223,0.1158,60.0,-1.0,-1.0,-1.0,-1.0,-1.0,0.0,0.0,0.0,0.0,0.0,0.0,2566.590838,1.486604,0.0,200,1402975,1402975,1.0,1792,1792,1.0,120175,1,0,S10|M1_BALANCED|43|A|L1|F1,false,false,true,/home/cyfer/FYP/WSN_simulation_V3/runs/S10_5000/outputs_production_50seed_part41_45/run_campaign_v3_S10_M1_BALANCED_A_L1_F1_H0_seed043_43_20260603_112317
campaign_v3_S10_M1_BALANCED_A_L1_F1_H0_seed044,campaign_v3_S10_M1_BALANCED_A_L1_F1_H0_seed044_44_20260603_112440,S10,5000,200,6,M1_BALANCED,44,A,L1,F1,H0,V2,map_S10_M1_BALANCED_seed044,164de8a74a2f8962e3113265d4de3a695dafdcefa184b5ddb3f8a1f15c9664b2,32.167,62.854,198.129,397.168,25,51,0.3359,0.1284,60.0,-1.0,-1.0,-1.0,-1.0,-1.0,0.0,0.0,0.0,0.0,0.0,0.0,2561.908471,1.487476,0.0,196,1404855,1404855,1.0,1792,1792,1.0,120135,1,0,S10|M1_BALANCED|44|A|L1|F1,false,false,true,/home/cyfer/FYP/WSN_simulation_V3/runs/S10_5000/outputs_production_50seed_part41_45/run_campaign_v3_S10_M1_BALANCED_A_L1_F1_H0_seed044_44_20260603_112440
campaign_v3_S10_M1_BALANCED_A_L1_F1_H0_seed045,campaign_v3_S10_M1_BALANCED_A_L1_F1_H0_seed045_45_20260603_112605,S10,5000,200,6,M1_BALANCED,45,A,L1,F1,H0,V2,map_S10_M1_BALANCED_seed045,602ce207537d3ff0a03da4a7dad6122bee47a182415509d38b30edb3b98e0955,32.278,65.241,198.088,399.972,25,48,0.3216,0.1224,60.0,-1.0,-1.0,-1.0,-1.0,-1.0,0.0,0.0,0.0,0.0,0.0,0.0,2567.299349,1.486378,0.0,198,1405325,1405325,1.0,1792,1792,1.0,120125,1,0,S10|M1_BALANCED|45|A|L1|F1,false,false,true,/home/cyfer/FYP/WSN_simulation_V3/runs/S10_5000/outputs_production_50seed_part41_45/run_campaign_v3_S10_M1_BALANCED_A_L1_F1_H0_seed045_45_20260603_112605
campaign_v3_S10_M1_BALANCED_A_L1_F1_H1_seed041,campaign_v3_S10_M1_BALANCED_A_L1_F1_H1_seed041_41_20260603_112044,S10,5000,200,6,M1_BALANCED,41,A,L1,F1,H1,V3,map_S10_M1_BALANCED_seed041,00f6731b1be6645422980b4e678c9ffc0f045812e9b344049c7af5083bb8b64f,31.852,64.678,194.948,409.338,25,48,0.3175,0.1202,60.0,17.43,77.43,137.43,140.0,80.0,8.121,0.0,1.0,0.66,1.0,0.047,2558.447475,1.488193,0.0,197,1408782,1408782,1.0,1797,1797,1.0,120000,0,1,S10|M1_BALANCED|41|A|L1|F1,true,false,false,/home/cyfer/FYP/WSN_simulation_V3/runs/S10_5000/outputs_production_50seed_part41_45/run_campaign_v3_S10_M1_BALANCED_A_L1_F1_H1_seed041_41_20260603_112044
campaign_v3_S10_M1_BALANCED_A_L1_F1_H1_seed042,campaign_v3_S10_M1_BALANCED_A_L1_F1_H1_seed042_42_20260603_112203,S10,5000,200,6,M1_BALANCED,42,A,L1,F1,H1,V3,map_S10_M1_BALANCED_seed042,3fb3b857639f7ab75593ba1aee5ffc19382e976b43395acf096091c5c0c42ba2,31.851,63.899,195.961,393.321,25,48,0.3037,0.1316,60.0,17.739,77.739,137.739,140.0,80.0,7.999,0.0,1.0,0.532,1.0,0.134,2561.725607,1.48749,0.0,200,1409250,1409250,1.0,1797,1797,1.0,120000,0,1,S10|M1_BALANCED|42|A|L1|F1,true,false,false,/home/cyfer/FYP/WSN_simulation_V3/runs/S10_5000/outputs_production_50seed_part41_45/run_campaign_v3_S10_M1_BALANCED_A_L1_F1_H1_seed042_42_20260603_112203
campaign_v3_S10_M1_BALANCED_A_L1_F1_H1_seed043,campaign_v3_S10_M1_BALANCED_A_L1_F1_H1_seed043_43_20260603_112322,S10,5000,200,6,M1_BALANCED,43,A,L1,F1,H1,V3,map_S10_M1_BALANCED_seed043,95a779244b54b893be4537c1e51855809899e6e6c44613aecaa3b9e8e7b07542,32.292,63.903,195.696,409.379,25,46,0.3223,0.1158,60.0,18.518,78.518,138.518,140.0,80.0,8.801,0.0,1.0,0.778,1.0,0.156,2576.443719,1.484634,0.0,201,1408435,1408435,1.0,1797,1797,1.0,120000,0,1,S10|M1_BALANCED|43|A|L1|F1,true,false,false,/home/cyfer/FYP/WSN_simulation_V3/runs/S10_5000/outputs_production_50seed_part41_45/run_campaign_v3_S10_M1_BALANCED_A_L1_F1_H1_seed043_43_20260603_112322
campaign_v3_S10_M1_BALANCED_A_L1_F1_H1_seed044,campaign_v3_S10_M1_BALANCED_A_L1_F1_H1_seed044_44_20260603_112446,S10,5000,200,6,M1_BALANCED,44,A,L1,F1,H1,V3,map_S10_M1_BALANCED_seed044,164de8a74a2f8962e3113265d4de3a695dafdcefa184b5ddb3f8a1f15c9664b2,32.167,62.854,198.129,397.168,25,51,0.3359,0.1284,60.0,17.734,77.734,137.734,140.0,80.0,8.066,0.0,1.0,0.54,1.0,0.149,2570.388516,1.48578,0.0,197,1409094,1409094,1.0,1797,1797,1.0,120000,0,1,S10|M1_BALANCED|44|A|L1|F1,true,false,false,/home/cyfer/FYP/WSN_simulation_V3/runs/S10_5000/outputs_production_50seed_part41_45/run_campaign_v3_S10_M1_BALANCED_A_L1_F1_H1_seed044_44_20260603_112446
campaign_v3_S10_M1_BALANCED_A_L1_F1_H1_seed045,campaign_v3_S10_M1_BALANCED_A_L1_F1_H1_seed045_45_20260603_112609,S10,5000,200,6,M1_BALANCED,45,A,L1,F1,H1,V3,map_S10_M1_BALANCED_seed045,602ce207537d3ff0a03da4a7dad6122bee47a182415509d38b30edb3b98e0955,32.278,65.241,198.088,399.972,25,48,0.3216,0.1224,60.0,17.705,77.705,137.705,140.0,80.0,7.764,0.0,1.0,0.532,1.0,0.056,2575.36834,1.484764,0.0,199,1409250,1409250,1.0,1797,1797,1.0,120000,0,1,S10|M1_BALANCED|45|A|L1|F1,true,false,false,/home/cyfer/FYP/WSN_simulation_V3/runs/S10_5000/outputs_production_50seed_part41_45/run_campaign_v3_S10_M1_BALANCED_A_L1_F1_H1_seed045_45_20260603_112609
campaign_v3_S10_M1_BALANCED_A_L1_F1_H3_seed041,campaign_v3_S10_M1_BALANCED_A_L1_F1_H3_seed041_41_20260603_112047,S10,5000,200,6,M1_BALANCED,41,A,L1,F1,H3,V3,map_S10_M1_BALANCED_seed041,00f6731b1be6645422980b4e678c9ffc0f045812e9b344049c7af5083bb8b64f,31.852,64.678,194.948,409.338,25,48,0.3175,0.1202,60.0,23.377,83.377,143.377,150.0,90.0,8.121,0.0,1.0,0.66,1.0,0.047,2554.670205,1.488948,0.0,197,1406331,1406331,1.0,1797,1797,1.0,119625,0,1,S10|M1_BALANCED|41|A|L1|F1,true,false,false,/home/cyfer/FYP/WSN_simulation_V3/runs/S10_5000/outputs_production_50seed_part41_45/run_campaign_v3_S10_M1_BALANCED_A_L1_F1_H3_seed041_41_20260603_112047
campaign_v3_S10_M1_BALANCED_A_L1_F1_H3_seed042,campaign_v3_S10_M1_BALANCED_A_L1_F1_H3_seed042_42_20260603_112205,S10,5000,200,6,M1_BALANCED,42,A,L1,F1,H3,V3,map_S10_M1_BALANCED_seed042,3fb3b857639f7ab75593ba1aee5ffc19382e976b43395acf096091c5c0c42ba2,31.851,63.899,195.961,393.321,25,48,0.3037,0.1316,60.0,23.555,83.555,143.555,150.0,90.0,7.999,0.0,1.0,0.532,1.0,0.134,2558.881235,1.488059,0.0,200,1407288,1407288,1.0,1797,1797,1.0,119700,0,1,S10|M1_BALANCED|42|A|L1|F1,true,false,false,/home/cyfer/FYP/WSN_simulation_V3/runs/S10_5000/outputs_production_50seed_part41_45/run_campaign_v3_S10_M1_BALANCED_A_L1_F1_H3_seed042_42_20260603_112205
campaign_v3_S10_M1_BALANCED_A_L1_F1_H3_seed043,campaign_v3_S10_M1_BALANCED_A_L1_F1_H3_seed043_43_20260603_112325,S10,5000,200,6,M1_BALANCED,43,A,L1,F1,H3,V3,map_S10_M1_BALANCED_seed043,95a779244b54b893be4537c1e51855809899e6e6c44613aecaa3b9e8e7b07542,32.292,63.903,195.696,409.379,25,46,0.3223,0.1158,60.0,24.424,84.424,144.424,150.0,90.0,8.801,0.0,1.0,0.778,1.0,0.156,2572.226458,1.485477,0.0,201,1405675,1405675,1.0,1797,1797,1.0,119575,0,1,S10|M1_BALANCED|43|A|L1|F1,true,false,false,/home/cyfer/FYP/WSN_simulation_V3/runs/S10_5000/outputs_production_50seed_part41_45/run_campaign_v3_S10_M1_BALANCED_A_L1_F1_H3_seed043_43_20260603_112325
campaign_v3_S10_M1_BALANCED_A_L1_F1_H3_seed044,campaign_v3_S10_M1_BALANCED_A_L1_F1_H3_seed044_44_20260603_112449,S10,5000,200,6,M1_BALANCED,44,A,L1,F1,H3,V3,map_S10_M1_BALANCED_seed044,164de8a74a2f8962e3113265d4de3a695dafdcefa184b5ddb3f8a1f15c9664b2,32.167,62.854,198.129,397.168,25,51,0.3359,0.1284,60.0,23.759,83.759,143.759,150.0,90.0,8.066,0.0,1.0,0.54,1.0,0.149,2567.14159,1.48643,0.0,197,1406969,1406969,1.0,1797,1797,1.0,119675,0,1,S10|M1_BALANCED|44|A|L1|F1,true,false,false,/home/cyfer/FYP/WSN_simulation_V3/runs/S10_5000/outputs_production_50seed_part41_45/run_campaign_v3_S10_M1_BALANCED_A_L1_F1_H3_seed044_44_20260603_112449
campaign_v3_S10_M1_BALANCED_A_L1_F1_H3_seed045,campaign_v3_S10_M1_BALANCED_A_L1_F1_H3_seed045_45_20260603_112612,S10,5000,200,6,M1_BALANCED,45,A,L1,F1,H3,V3,map_S10_M1_BALANCED_seed045,602ce207537d3ff0a03da4a7dad6122bee47a182415509d38b30edb3b98e0955,32.278,65.241,198.088,399.972,25,48,0.3216,0.1224,60.0,23.729,83.729,143.729,150.0,90.0,7.764,0.0,1.0,0.532,1.0,0.056,2572.196594,1.485398,0.0,199,1407288,1407288,1.0,1797,1797,1.0,119700,0,1,S10|M1_BALANCED|45|A|L1|F1,true,false,false,/home/cyfer/FYP/WSN_simulation_V3/runs/S10_5000/outputs_production_50seed_part41_45/run_campaign_v3_S10_M1_BALANCED_A_L1_F1_H3_seed045_45_20260603_112612
campaign_v3_S10_M1_BALANCED_A_L1_F1_H4_seed041,campaign_v3_S10_M1_BALANCED_A_L1_F1_H4_seed041_41_20260603_112050,S10,5000,200,6,M1_BALANCED,41,A,L1,F1,H4,V3,map_S10_M1_BALANCED_seed041,00f6731b1be6645422980b4e678c9ffc0f045812e9b344049c7af5083bb8b64f,31.852,64.678,194.948,409.338,25,48,0.3175,0.1202,60.0,27.439,87.439,147.439,150.0,90.0,8.121,0.0,1.0,0.66,1.0,0.047,2551.979589,1.489486,0.0,197,1404523,1404523,1.0,1797,1797,1.0,119329,0,1,S10|M1_BALANCED|41|A|L1|F1,true,false,false,/home/cyfer/FYP/WSN_simulation_V3/runs/S10_5000/outputs_production_50seed_part41_45/run_campaign_v3_S10_M1_BALANCED_A_L1_F1_H4_seed041_41_20260603_112050
campaign_v3_S10_M1_BALANCED_A_L1_F1_H4_seed042,campaign_v3_S10_M1_BALANCED_A_L1_F1_H4_seed042_42_20260603_112208,S10,5000,200,6,M1_BALANCED,42,A,L1,F1,H4,V3,map_S10_M1_BALANCED_seed042,3fb3b857639f7ab75593ba1aee5ffc19382e976b43395acf096091c5c0c42ba2,31.851,63.899,195.961,393.321,25,48,0.3037,0.1316,60.0,27.837,87.837,147.837,150.0,90.0,7.999,0.0,1.0,0.532,1.0,0.134,2555.711451,1.488693,0.0,200,1405492,1405492,1.0,1797,1797,1.0,119404,0,1,S10|M1_BALANCED|42|A|L1|F1,true,false,false,/home/cyfer/FYP/WSN_simulation_V3/runs/S10_5000/outputs_production_50seed_part41_45/run_campaign_v3_S10_M1_BALANCED_A_L1_F1_H4_seed042_42_20260603_112208
campaign_v3_S10_M1_BALANCED_A_L1_F1_H4_seed043,campaign_v3_S10_M1_BALANCED_A_L1_F1_H4_seed043_43_20260603_112327,S10,5000,200,6,M1_BALANCED,43,A,L1,F1,H4,V3,map_S10_M1_BALANCED_seed043,95a779244b54b893be4537c1e51855809899e6e6c44613aecaa3b9e8e7b07542,32.292,63.903,195.696,409.379,25,46,0.3223,0.1158,60.0,27.985,87.985,147.985,150.0,90.0,8.801,0.0,1.0,0.778,1.0,0.156,2571.141834,1.485694,0.0,201,1404612,1404612,1.0,1797,1797,1.0,119404,0,1,S10|M1_BALANCED|43|A|L1|F1,true,false,false,/home/cyfer/FYP/WSN_simulation_V3/runs/S10_5000/outputs_production_50seed_part41_45/run_campaign_v3_S10_M1_BALANCED_A_L1_F1_H4_seed043_43_20260603_112327
campaign_v3_S10_M1_BALANCED_A_L1_F1_H4_seed044,campaign_v3_S10_M1_BALANCED_A_L1_F1_H4_seed044_44_20260603_112452,S10,5000,200,6,M1_BALANCED,44,A,L1,F1,H4,V3,map_S10_M1_BALANCED_seed044,164de8a74a2f8962e3113265d4de3a695dafdcefa184b5ddb3f8a1f15c9664b2,32.167,62.854,198.129,397.168,25,51,0.3359,0.1284,60.0,27.372,87.372,147.372,150.0,90.0,8.066,0.0,1.0,0.54,1.0,0.149,2562.937018,1.487271,0.0,197,1404434,1404434,1.0,1797,1797,1.0,119254,0,1,S10|M1_BALANCED|44|A|L1|F1,true,false,false,/home/cyfer/FYP/WSN_simulation_V3/runs/S10_5000/outputs_production_50seed_part41_45/run_campaign_v3_S10_M1_BALANCED_A_L1_F1_H4_seed044_44_20260603_112452
campaign_v3_S10_M1_BALANCED_A_L1_F1_H4_seed045,campaign_v3_S10_M1_BALANCED_A_L1_F1_H4_seed045_45_20260603_112615,S10,5000,200,6,M1_BALANCED,45,A,L1,F1,H4,V3,map_S10_M1_BALANCED_seed045,602ce207537d3ff0a03da4a7dad6122bee47a182415509d38b30edb3b98e0955,32.278,65.241,198.088,399.972,25,48,0.3216,0.1224,60.0,26.781,86.781,146.781,150.0,90.0,7.764,0.0,1.0,0.532,1.0,0.056,2570.46407,1.485745,0.0,199,1405937,1405937,1.0,1797,1797,1.0,119479,0,1,S10|M1_BALANCED|45|A|L1|F1,true,false,false,/home/cyfer/FYP/WSN_simulation_V3/runs/S10_5000/outputs_production_50seed_part41_45/run_campaign_v3_S10_M1_BALANCED_A_L1_F1_H4_seed045_45_20260603_112615
campaign_v3_S10_M1_BALANCED_A_L1_F2_H0_seed041,campaign_v3_S10_M1_BALANCED_A_L1_F2_H0_seed041_41_20260603_112042,S10,5000,200,6,M1_BALANCED,41,A,L1,F2,H0,V2,map_S10_M1_BALANCED_seed041,00f6731b1be6645422980b4e678c9ffc0f045812e9b344049c7af5083bb8b64f,31.852,64.678,194.948,409.338,25,48,0.3175,0.1202,60.0,-1.0,-1.0,-1.0,-1.0,-1.0,0.0,0.0,0.0,0.0,0.0,0.0,2549.799426,1.49004,0.0,195,1404855,1404855,1.0,1792,1792,1.0,120135,1,0,S10|M1_BALANCED|41|A|L1|F2,false,false,true,/home/cyfer/FYP/WSN_simulation_V3/runs/S10_5000/outputs_production_50seed_part41_45/run_campaign_v3_S10_M1_BALANCED_A_L1_F2_H0_seed041_41_20260603_112042
campaign_v3_S10_M1_BALANCED_A_L1_F2_H0_seed042,campaign_v3_S10_M1_BALANCED_A_L1_F2_H0_seed042_42_20260603_112201,S10,5000,200,6,M1_BALANCED,42,A,L1,F2,H0,V2,map_S10_M1_BALANCED_seed042,3fb3b857639f7ab75593ba1aee5ffc19382e976b43395acf096091c5c0c42ba2,31.851,63.899,195.961,393.321,25,48,0.3037,0.1316,60.0,-1.0,-1.0,-1.0,-1.0,-1.0,0.0,0.0,0.0,0.0,0.0,0.0,2553.911741,1.489218,0.0,198,1405560,1405560,1.0,1792,1792,1.0,120120,1,0,S10|M1_BALANCED|42|A|L1|F2,false,false,true,/home/cyfer/FYP/WSN_simulation_V3/runs/S10_5000/outputs_production_50seed_part41_45/run_campaign_v3_S10_M1_BALANCED_A_L1_F2_H0_seed042_42_20260603_112201
campaign_v3_S10_M1_BALANCED_A_L1_F2_H0_seed043,campaign_v3_S10_M1_BALANCED_A_L1_F2_H0_seed043_43_20260603_112320,S10,5000,200,6,M1_BALANCED,43,A,L1,F2,H0,V2,map_S10_M1_BALANCED_seed043,95a779244b54b893be4537c1e51855809899e6e6c44613aecaa3b9e8e7b07542,32.292,63.903,195.696,409.379,25,46,0.3223,0.1158,60.0,-1.0,-1.0,-1.0,-1.0,-1.0,0.0,0.0,0.0,0.0,0.0,0.0,2570.281179,1.485944,0.0,199,1405560,1405560,1.0,1792,1792,1.0,120120,1,0,S10|M1_BALANCED|43|A|L1|F2,false,false,true,/home/cyfer/FYP/WSN_simulation_V3/runs/S10_5000/outputs_production_50seed_part41_45/run_campaign_v3_S10_M1_BALANCED_A_L1_F2_H0_seed043_43_20260603_112320
campaign_v3_S10_M1_BALANCED_A_L1_F2_H0_seed044,campaign_v3_S10_M1_BALANCED_A_L1_F2_H0_seed044_44_20260603_112443,S10,5000,200,6,M1_BALANCED,44,A,L1,F2,H0,V2,map_S10_M1_BALANCED_seed044,164de8a74a2f8962e3113265d4de3a695dafdcefa184b5ddb3f8a1f15c9664b2,32.167,62.854,198.129,397.168,25,51,0.3359,0.1284,60.0,-1.0,-1.0,-1.0,-1.0,-1.0,0.0,0.0,0.0,0.0,0.0,0.0,2560.795524,1.487841,0.0,195,1404150,1404150,1.0,1792,1792,1.0,120150,1,0,S10|M1_BALANCED|44|A|L1|F2,false,false,true,/home/cyfer/FYP/WSN_simulation_V3/runs/S10_5000/outputs_production_50seed_part41_45/run_campaign_v3_S10_M1_BALANCED_A_L1_F2_H0_seed044_44_20260603_112443
campaign_v3_S10_M1_BALANCED_A_L1_F2_H0_seed045,campaign_v3_S10_M1_BALANCED_A_L1_F2_H0_seed045_45_20260603_112607,S10,5000,200,6,M1_BALANCED,45,A,L1,F2,H0,V2,map_S10_M1_BALANCED_seed045,602ce207537d3ff0a03da4a7dad6122bee47a182415509d38b30edb3b98e0955,32.278,65.241,198.088,399.972,25,48,0.3216,0.1224,60.0,-1.0,-1.0,-1.0,-1.0,-1.0,0.0,0.0,0.0,0.0,0.0,0.0,2569.107231,1.486179,0.0,197,1406265,1406265,1.0,1792,1792,1.0,120105,1,0,S10|M1_BALANCED|45|A|L1|F2,false,false,true,/home/cyfer/FYP/WSN_simulation_V3/runs/S10_5000/outputs_production_50seed_part41_45/run_campaign_v3_S10_M1_BALANCED_A_L1_F2_H0_seed045_45_20260603_112607
campaign_v3_S10_M1_BALANCED_A_L1_F2_H1_seed041,campaign_v3_S10_M1_BALANCED_A_L1_F2_H1_seed041_41_20260603_112053,S10,5000,200,6,M1_BALANCED,41,A,L1,F2,H1,V3,map_S10_M1_BALANCED_seed041,00f6731b1be6645422980b4e678c9ffc0f045812e9b344049c7af5083bb8b64f,31.852,64.678,194.948,409.338,25,48,0.3175,0.1202,60.0,24.224,84.224,144.224,150.0,90.0,6.837,0.0,1.0,0.574,0.631,0.074,2557.852546,1.488429,0.0,196,1408905,1408905,1.0,1797,1797,1.0,120000,0,1,S10|M1_BALANCED|41|A|L1|F2,true,false,false,/home/cyfer/FYP/WSN_simulation_V3/runs/S10_5000/outputs_production_50seed_part41_45/run_campaign_v3_S10_M1_BALANCED_A_L1_F2_H1_seed041_41_20260603_112053
campaign_v3_S10_M1_BALANCED_A_L1_F2_H1_seed042,campaign_v3_S10_M1_BALANCED_A_L1_F2_H1_seed042_42_20260603_112211,S10,5000,200,6,M1_BALANCED,42,A,L1,F2,H1,V3,map_S10_M1_BALANCED_seed042,3fb3b857639f7ab75593ba1aee5ffc19382e976b43395acf096091c5c0c42ba2,31.851,63.899,195.961,393.321,25,48,0.3037,0.1316,60.0,24.63,84.63,144.63,150.0,90.0,6.735,0.0,1.0,0.511,0.576,0.158,2561.56861,1.487686,0.0,199,1409160,1409160,1.0,1797,1797,1.0,120000,0,1,S10|M1_BALANCED|42|A|L1|F2,true,false,false,/home/cyfer/FYP/WSN_simulation_V3/runs/S10_5000/outputs_production_50seed_part41_45/run_campaign_v3_S10_M1_BALANCED_A_L1_F2_H1_seed042_42_20260603_112211
campaign_v3_S10_M1_BALANCED_A_L1_F2_H1_seed043,campaign_v3_S10_M1_BALANCED_A_L1_F2_H1_seed043_43_20260603_112330,S10,5000,200,6,M1_BALANCED,43,A,L1,F2,H1,V3,map_S10_M1_BALANCED_seed043,95a779244b54b893be4537c1e51855809899e6e6c44613aecaa3b9e8e7b07542,32.292,63.903,195.696,409.379,25,46,0.3223,0.1158,60.0,24.467,84.467,144.467,150.0,90.0,6.569,0.0,1.0,0.533,0.543,0.114,2577.095731,1.484581,0.0,200,1409160,1409160,1.0,1797,1797,1.0,120000,0,1,S10|M1_BALANCED|43|A|L1|F2,true,false,false,/home/cyfer/FYP/WSN_simulation_V3/runs/S10_5000/outputs_production_50seed_part41_45/run_campaign_v3_S10_M1_BALANCED_A_L1_F2_H1_seed043_43_20260603_112330
campaign_v3_S10_M1_BALANCED_A_L1_F2_H1_seed044,campaign_v3_S10_M1_BALANCED_A_L1_F2_H1_seed044_44_20260603_112456,S10,5000,200,6,M1_BALANCED,44,A,L1,F2,H1,V3,map_S10_M1_BALANCED_seed044,164de8a74a2f8962e3113265d4de3a695dafdcefa184b5ddb3f8a1f15c9664b2,32.167,62.854,198.129,397.168,25,51,0.3359,0.1284,60.0,25.206,85.206,145.206,150.0,90.0,7.347,0.0,1.0,0.6,0.719,0.13,2569.586961,1.486083,0.0,196,1408620,1408620,1.0,1797,1797,1.0,120000,0,1,S10|M1_BALANCED|44|A|L1|F2,true,false,false,/home/cyfer/FYP/WSN_simulation_V3/runs/S10_5000/outputs_production_50seed_part41_45/run_campaign_v3_S10_M1_BALANCED_A_L1_F2_H1_seed044_44_20260603_112456
campaign_v3_S10_M1_BALANCED_A_L1_F2_H1_seed045,campaign_v3_S10_M1_BALANCED_A_L1_F2_H1_seed045_45_20260603_112618,S10,5000,200,6,M1_BALANCED,45,A,L1,F2,H1,V3,map_S10_M1_BALANCED_seed045,602ce207537d3ff0a03da4a7dad6122bee47a182415509d38b30edb3b98e0955,32.278,65.241,198.088,399.972,25,48,0.3216,0.1224,60.0,23.38,83.38,143.38,150.0,90.0,6.134,0.0,1.0,0.447,0.487,0.111,2575.499017,1.4849,0.0,198,1409436,1409436,1.0,1797,1797,1.0,120000,0,1,S10|M1_BALANCED|45|A|L1|F2,true,false,false,/home/cyfer/FYP/WSN_simulation_V3/runs/S10_5000/outputs_production_50seed_part41_45/run_campaign_v3_S10_M1_BALANCED_A_L1_F2_H1_seed045_45_20260603_112618
campaign_v3_S10_M1_BALANCED_A_L1_F2_H3_seed041,campaign_v3_S10_M1_BALANCED_A_L1_F2_H3_seed041_41_20260603_112054,S10,5000,200,6,M1_BALANCED,41,A,L1,F2,H3,V3,map_S10_M1_BALANCED_seed041,00f6731b1be6645422980b4e678c9ffc0f045812e9b344049c7af5083bb8b64f,31.852,64.678,194.948,409.338,25,48,0.3175,0.1202,60.0,30.052,90.052,150.052,160.0,100.0,6.837,0.0,1.0,0.574,0.631,0.074,2555.126958,1.488975,0.0,196,1406871,1406871,1.0,1796,1796,1.0,119675,0,1,S10|M1_BALANCED|41|A|L1|F2,true,false,false,/home/cyfer/FYP/WSN_simulation_V3/runs/S10_5000/outputs_production_50seed_part41_45/run_campaign_v3_S10_M1_BALANCED_A_L1_F2_H3_seed041_41_20260603_112054
campaign_v3_S10_M1_BALANCED_A_L1_F2_H3_seed042,campaign_v3_S10_M1_BALANCED_A_L1_F2_H3_seed042_42_20260603_112212,S10,5000,200,6,M1_BALANCED,42,A,L1,F2,H3,V3,map_S10_M1_BALANCED_seed042,3fb3b857639f7ab75593ba1aee5ffc19382e976b43395acf096091c5c0c42ba2,31.851,63.899,195.961,393.321,25,48,0.3037,0.1316,60.0,29.975,89.975,149.975,150.0,90.0,6.735,0.0,1.0,0.511,0.576,0.158,2558.377171,1.488325,0.0,199,1407300,1407300,1.0,1797,1797,1.0,119700,0,1,S10|M1_BALANCED|42|A|L1|F2,true,false,false,/home/cyfer/FYP/WSN_simulation_V3/runs/S10_5000/outputs_production_50seed_part41_45/run_campaign_v3_S10_M1_BALANCED_A_L1_F2_H3_seed042_42_20260603_112212
campaign_v3_S10_M1_BALANCED_A_L1_F2_H3_seed043,campaign_v3_S10_M1_BALANCED_A_L1_F2_H3_seed043_43_20260603_112331,S10,5000,200,6,M1_BALANCED,43,A,L1,F2,H3,V3,map_S10_M1_BALANCED_seed043,95a779244b54b893be4537c1e51855809899e6e6c44613aecaa3b9e8e7b07542,32.292,63.903,195.696,409.379,25,46,0.3223,0.1158,60.0,30.401,90.401,150.401,160.0,100.0,6.569,0.0,1.0,0.533,0.543,0.114,2574.032172,1.485194,0.0,200,1407288,1407288,1.0,1796,1796,1.0,119700,0,1,S10|M1_BALANCED|43|A|L1|F2,true,false,false,/home/cyfer/FYP/WSN_simulation_V3/runs/S10_5000/outputs_production_50seed_part41_45/run_campaign_v3_S10_M1_BALANCED_A_L1_F2_H3_seed043_43_20260603_112331
campaign_v3_S10_M1_BALANCED_A_L1_F2_H3_seed044,campaign_v3_S10_M1_BALANCED_A_L1_F2_H3_seed044_44_20260603_112457,S10,5000,200,6,M1_BALANCED,44,A,L1,F2,H3,V3,map_S10_M1_BALANCED_seed044,164de8a74a2f8962e3113265d4de3a695dafdcefa184b5ddb3f8a1f15c9664b2,32.167,62.854,198.129,397.168,25,51,0.3359,0.1284,60.0,30.674,90.674,150.674,160.0,100.0,7.347,0.0,1.0,0.6,0.719,0.13,2566.290254,1.486742,0.0,196,1406310,1406310,1.0,1796,1796,1.0,119625,0,1,S10|M1_BALANCED|44|A|L1|F2,true,false,false,/home/cyfer/FYP/WSN_simulation_V3/runs/S10_5000/outputs_production_50seed_part41_45/run_campaign_v3_S10_M1_BALANCED_A_L1_F2_H3_seed044_44_20260603_112457
campaign_v3_S10_M1_BALANCED_A_L1_F2_H3_seed045,campaign_v3_S10_M1_BALANCED_A_L1_F2_H3_seed045_45_20260603_112619,S10,5000,200,6,M1_BALANCED,45,A,L1,F2,H3,V3,map_S10_M1_BALANCED_seed045,602ce207537d3ff0a03da4a7dad6122bee47a182415509d38b30edb3b98e0955,32.278,65.241,198.088,399.972,25,48,0.3216,0.1224,60.0,29.684,89.684,149.684,150.0,90.0,6.134,0.0,1.0,0.447,0.487,0.111,2572.785799,1.485443,0.0,198,1407860,1407860,1.0,1797,1797,1.0,119750,0,1,S10|M1_BALANCED|45|A|L1|F2,true,false,false,/home/cyfer/FYP/WSN_simulation_V3/runs/S10_5000/outputs_production_50seed_part41_45/run_campaign_v3_S10_M1_BALANCED_A_L1_F2_H3_seed045_45_20260603_112619
campaign_v3_S10_M1_BALANCED_A_L1_F2_H4_seed041,campaign_v3_S10_M1_BALANCED_A_L1_F2_H4_seed041_41_20260603_112054,S10,5000,200,6,M1_BALANCED,41,A,L1,F2,H4,V3,map_S10_M1_BALANCED_seed041,00f6731b1be6645422980b4e678c9ffc0f045812e9b344049c7af5083bb8b64f,31.852,64.678,194.948,409.338,25,48,0.3175,0.1202,60.0,34.476,94.476,154.476,160.0,100.0,6.837,0.0,1.0,0.574,0.631,0.074,2557.445236,1.488511,0.0,196,1408635,1408635,1.0,1796,1796,1.0,120000,0,1,S10|M1_BALANCED|41|A|L1|F2,true,false,false,/home/cyfer/FYP/WSN_simulation_V3/runs/S10_5000/outputs_production_50seed_part41_45/run_campaign_v3_S10_M1_BALANCED_A_L1_F2_H4_seed041_41_20260603_112054
campaign_v3_S10_M1_BALANCED_A_L1_F2_H4_seed042,campaign_v3_S10_M1_BALANCED_A_L1_F2_H4_seed042_42_20260603_112213,S10,5000,200,6,M1_BALANCED,42,A,L1,F2,H4,V3,map_S10_M1_BALANCED_seed042,3fb3b857639f7ab75593ba1aee5ffc19382e976b43395acf096091c5c0c42ba2,31.851,63.899,195.961,393.321,25,48,0.3037,0.1316,60.0,33.809,93.809,153.809,160.0,100.0,6.735,0.0,1.0,0.511,0.576,0.158,2561.225912,1.487755,0.0,199,1408944,1408944,1.0,1796,1796,1.0,120000,0,1,S10|M1_BALANCED|42|A|L1|F2,true,false,false,/home/cyfer/FYP/WSN_simulation_V3/runs/S10_5000/outputs_production_50seed_part41_45/run_campaign_v3_S10_M1_BALANCED_A_L1_F2_H4_seed042_42_20260603_112213
campaign_v3_S10_M1_BALANCED_A_L1_F2_H4_seed043,campaign_v3_S10_M1_BALANCED_A_L1_F2_H4_seed043_43_20260603_112331,S10,5000,200,6,M1_BALANCED,43,A,L1,F2,H4,V3,map_S10_M1_BALANCED_seed043,95a779244b54b893be4537c1e51855809899e6e6c44613aecaa3b9e8e7b07542,32.292,63.903,195.696,409.379,25,46,0.3223,0.1158,60.0,34.362,94.362,154.362,160.0,100.0,6.569,0.0,1.0,0.533,0.543,0.114,2576.770657,1.484646,0.0,200,1408920,1408920,1.0,1796,1796,1.0,120000,0,1,S10|M1_BALANCED|43|A|L1|F2,true,false,false,/home/cyfer/FYP/WSN_simulation_V3/runs/S10_5000/outputs_production_50seed_part41_45/run_campaign_v3_S10_M1_BALANCED_A_L1_F2_H4_seed043_43_20260603_112331
campaign_v3_S10_M1_BALANCED_A_L1_F2_H4_seed044,campaign_v3_S10_M1_BALANCED_A_L1_F2_H4_seed044_44_20260603_112457,S10,5000,200,6,M1_BALANCED,44,A,L1,F2,H4,V3,map_S10_M1_BALANCED_seed044,164de8a74a2f8962e3113265d4de3a695dafdcefa184b5ddb3f8a1f15c9664b2,32.167,62.854,198.129,397.168,25,51,0.3359,0.1284,60.0,34.71,94.71,154.71,160.0,100.0,7.347,0.0,1.0,0.6,0.719,0.13,2569.172993,1.486165,0.0,196,1408350,1408350,1.0,1796,1796,1.0,120000,0,1,S10|M1_BALANCED|44|A|L1|F2,true,false,false,/home/cyfer/FYP/WSN_simulation_V3/runs/S10_5000/outputs_production_50seed_part41_45/run_campaign_v3_S10_M1_BALANCED_A_L1_F2_H4_seed044_44_20260603_112457
campaign_v3_S10_M1_BALANCED_A_L1_F2_H4_seed045,campaign_v3_S10_M1_BALANCED_A_L1_F2_H4_seed045_45_20260603_112619,S10,5000,200,6,M1_BALANCED,45,A,L1,F2,H4,V3,map_S10_M1_BALANCED_seed045,602ce207537d3ff0a03da4a7dad6122bee47a182415509d38b30edb3b98e0955,32.278,65.241,198.088,399.972,25,48,0.3216,0.1224,60.0,33.515,93.515,153.515,160.0,100.0,6.134,0.0,1.0,0.447,0.487,0.111,2575.204203,1.484959,0.0,198,1409226,1409226,1.0,1796,1796,1.0,120000,0,1,S10|M1_BALANCED|45|A|L1|F2,true,false,false,/home/cyfer/FYP/WSN_simulation_V3/runs/S10_5000/outputs_production_50seed_part41_45/run_campaign_v3_S10_M1_BALANCED_A_L1_F2_H4_seed045_45_20260603_112619
campaign_v3_S10_M1_BALANCED_A_L1_F3_H0_seed041,campaign_v3_S10_M1_BALANCED_A_L1_F3_H0_seed041_41_20260603_112043,S10,5000,200,6,M1_BALANCED,41,A,L1,F3,H0,V2,map_S10_M1_BALANCED_seed041,00f6731b1be6645422980b4e678c9ffc0f045812e9b344049c7af5083bb8b64f,31.852,64.678,194.948,409.338,25,48,0.3175,0.1202,60.0,-1.0,-1.0,-1.0,-1.0,-1.0,0.0,0.0,0.0,0.0,0.0,0.0,2551.616548,1.489677,0.0,195,1406030,1406030,1.0,1792,1792,1.0,120110,1,0,S10|M1_BALANCED|41|A|L1|F3,false,false,true,/home/cyfer/FYP/WSN_simulation_V3/runs/S10_5000/outputs_production_50seed_part41_45/run_campaign_v3_S10_M1_BALANCED_A_L1_F3_H0_seed041_41_20260603_112043
campaign_v3_S10_M1_BALANCED_A_L1_F3_H0_seed042,campaign_v3_S10_M1_BALANCED_A_L1_F3_H0_seed042_42_20260603_112201,S10,5000,200,6,M1_BALANCED,42,A,L1,F3,H0,V2,map_S10_M1_BALANCED_seed042,3fb3b857639f7ab75593ba1aee5ffc19382e976b43395acf096091c5c0c42ba2,31.851,63.899,195.961,393.321,25,48,0.3037,0.1316,60.0,-1.0,-1.0,-1.0,-1.0,-1.0,0.0,0.0,0.0,0.0,0.0,0.0,2556.974084,1.488605,0.0,198,1407205,1407205,1.0,1792,1792,1.0,120085,1,0,S10|M1_BALANCED|42|A|L1|F3,false,false,true,/home/cyfer/FYP/WSN_simulation_V3/runs/S10_5000/outputs_production_50seed_part41_45/run_campaign_v3_S10_M1_BALANCED_A_L1_F3_H0_seed042_42_20260603_112201
campaign_v3_S10_M1_BALANCED_A_L1_F3_H0_seed043,campaign_v3_S10_M1_BALANCED_A_L1_F3_H0_seed043_43_20260603_112320,S10,5000,200,6,M1_BALANCED,43,A,L1,F3,H0,V2,map_S10_M1_BALANCED_seed043,95a779244b54b893be4537c1e51855809899e6e6c44613aecaa3b9e8e7b07542,32.292,63.903,195.696,409.379,25,46,0.3223,0.1158,60.0,-1.0,-1.0,-1.0,-1.0,-1.0,0.0,0.0,0.0,0.0,0.0,0.0,2572.653312,1.485469,0.0,199,1407440,1407440,1.0,1792,1792,1.0,120080,1,0,S10|M1_BALANCED|43|A|L1|F3,false,false,true,/home/cyfer/FYP/WSN_simulation_V3/runs/S10_5000/outputs_production_50seed_part41_45/run_campaign_v3_S10_M1_BALANCED_A_L1_F3_H0_seed043_43_20260603_112320
campaign_v3_S10_M1_BALANCED_A_L1_F3_H0_seed044,campaign_v3_S10_M1_BALANCED_A_L1_F3_H0_seed044_44_20260603_112444,S10,5000,200,6,M1_BALANCED,44,A,L1,F3,H0,V2,map_S10_M1_BALANCED_seed044,164de8a74a2f8962e3113265d4de3a695dafdcefa184b5ddb3f8a1f15c9664b2,32.167,62.854,198.129,397.168,25,51,0.3359,0.1284,60.0,-1.0,-1.0,-1.0,-1.0,-1.0,0.0,0.0,0.0,0.0,0.0,0.0,2566.379187,1.486724,0.0,195,1407440,1407440,1.0,1792,1792,1.0,120080,1,0,S10|M1_BALANCED|44|A|L1|F3,false,false,true,/home/cyfer/FYP/WSN_simulation_V3/runs/S10_5000/outputs_production_50seed_part41_45/run_campaign_v3_S10_M1_BALANCED_A_L1_F3_H0_seed044_44_20260603_112444
campaign_v3_S10_M1_BALANCED_A_L1_F3_H0_seed045,campaign_v3_S10_M1_BALANCED_A_L1_F3_H0_seed045_45_20260603_112608,S10,5000,200,6,M1_BALANCED,45,A,L1,F3,H0,V2,map_S10_M1_BALANCED_seed045,602ce207537d3ff0a03da4a7dad6122bee47a182415509d38b30edb3b98e0955,32.278,65.241,198.088,399.972,25,48,0.3216,0.1224,60.0,-1.0,-1.0,-1.0,-1.0,-1.0,0.0,0.0,0.0,0.0,0.0,0.0,2562.574122,1.487485,0.0,198,1402035,1402035,1.0,1792,1792,1.0,120195,1,0,S10|M1_BALANCED|45|A|L1|F3,false,false,true,/home/cyfer/FYP/WSN_simulation_V3/runs/S10_5000/outputs_production_50seed_part41_45/run_campaign_v3_S10_M1_BALANCED_A_L1_F3_H0_seed045_45_20260603_112608
campaign_v3_S10_M1_BALANCED_A_L1_F3_H1_seed041,campaign_v3_S10_M1_BALANCED_A_L1_F3_H1_seed041_41_20260603_112055,S10,5000,200,6,M1_BALANCED,41,A,L1,F3,H1,V3,map_S10_M1_BALANCED_seed041,00f6731b1be6645422980b4e678c9ffc0f045812e9b344049c7af5083bb8b64f,31.852,64.678,194.948,409.338,25,48,0.3175,0.1202,60.0,27.731,87.731,147.731,150.0,90.0,6.154,0.0,1.0,0.468,0.509,0.074,2551.824037,1.489635,0.0,195,1406050,1406050,1.0,1797,1797,1.0,119454,0,1,S10|M1_BALANCED|41|A|L1|F3,true,false,false,/home/cyfer/FYP/WSN_simulation_V3/runs/S10_5000/outputs_production_50seed_part41_45/run_campaign_v3_S10_M1_BALANCED_A_L1_F3_H1_seed041_41_20260603_112055
campaign_v3_S10_M1_BALANCED_A_L1_F3_H1_seed042,campaign_v3_S10_M1_BALANCED_A_L1_F3_H1_seed042_42_20260603_112213,S10,5000,200,6,M1_BALANCED,42,A,L1,F3,H1,V3,map_S10_M1_BALANCED_seed042,3fb3b857639f7ab75593ba1aee5ffc19382e976b43395acf096091c5c0c42ba2,31.851,63.899,195.961,393.321,25,48,0.3037,0.1316,60.0,27.04,87.04,147.04,150.0,90.0,5.579,0.0,1.0,0.362,0.388,0.11,2557.149705,1.48857,0.0,198,1407225,1407225,1.0,1797,1797,1.0,119579,0,1,S10|M1_BALANCED|42|A|L1|F3,true,false,false,/home/cyfer/FYP/WSN_simulation_V3/runs/S10_5000/outputs_production_50seed_part41_45/run_campaign_v3_S10_M1_BALANCED_A_L1_F3_H1_seed042_42_20260603_112213
campaign_v3_S10_M1_BALANCED_A_L1_F3_H1_seed043,campaign_v3_S10_M1_BALANCED_A_L1_F3_H1_seed043_43_20260603_112332,S10,5000,200,6,M1_BALANCED,43,A,L1,F3,H1,V3,map_S10_M1_BALANCED_seed043,95a779244b54b893be4537c1e51855809899e6e6c44613aecaa3b9e8e7b07542,32.292,63.903,195.696,409.379,25,46,0.3223,0.1158,60.0,26.908,86.908,146.908,150.0,90.0,5.608,0.0,1.0,0.356,0.358,0.156,2572.835818,1.485433,0.0,199,1407460,1407460,1.0,1797,1797,1.0,119604,0,1,S10|M1_BALANCED|43|A|L1|F3,true,false,false,/home/cyfer/FYP/WSN_simulation_V3/runs/S10_5000/outputs_production_50seed_part41_45/run_campaign_v3_S10_M1_BALANCED_A_L1_F3_H1_seed043_43_20260603_112332
campaign_v3_S10_M1_BALANCED_A_L1_F3_H1_seed044,campaign_v3_S10_M1_BALANCED_A_L1_F3_H1_seed044_44_20260603_112458,S10,5000,200,6,M1_BALANCED,44,A,L1,F3,H1,V3,map_S10_M1_BALANCED_seed044,164de8a74a2f8962e3113265d4de3a695dafdcefa184b5ddb3f8a1f15c9664b2,32.167,62.854,198.129,397.168,25,51,0.3359,0.1284,60.0,26.951,86.951,146.951,150.0,90.0,5.43,0.0,1.0,0.32,0.356,0.134,2566.550945,1.48669,0.0,195,1407460,1407460,1.0,1797,1797,1.0,119604,0,1,S10|M1_BALANCED|44|A|L1|F3,true,false,false,/home/cyfer/FYP/WSN_simulation_V3/runs/S10_5000/outputs_production_50seed_part41_45/run_campaign_v3_S10_M1_BALANCED_A_L1_F3_H1_seed044_44_20260603_112458
campaign_v3_S10_M1_BALANCED_A_L1_F3_H1_seed045,campaign_v3_S10_M1_BALANCED_A_L1_F3_H1_seed045_45_20260603_112620,S10,5000,200,6,M1_BALANCED,45,A,L1,F3,H1,V3,map_S10_M1_BALANCED_seed045,602ce207537d3ff0a03da4a7dad6122bee47a182415509d38b30edb3b98e0955,32.278,65.241,198.088,399.972,25,48,0.3216,0.1224,60.0,29.785,89.785,149.785,150.0,90.0,8.604,0.0,1.0,0.83,0.932,0.106,2562.883853,1.487423,0.0,198,1402055,1402055,1.0,1797,1797,1.0,119029,0,1,S10|M1_BALANCED|45|A|L1|F3,true,false,false,/home/cyfer/FYP/WSN_simulation_V3/runs/S10_5000/outputs_production_50seed_part41_45/run_campaign_v3_S10_M1_BALANCED_A_L1_F3_H1_seed045_45_20260603_112620
campaign_v3_S10_M1_BALANCED_A_L1_F3_H3_seed041,campaign_v3_S10_M1_BALANCED_A_L1_F3_H3_seed041_41_20260603_112056,S10,5000,200,6,M1_BALANCED,41,A,L1,F3,H3,V3,map_S10_M1_BALANCED_seed041,00f6731b1be6645422980b4e678c9ffc0f045812e9b344049c7af5083bb8b64f,31.852,64.678,194.948,409.338,25,48,0.3175,0.1202,60.0,33.366,93.366,153.366,160.0,100.0,6.154,0.0,1.0,0.468,0.509,0.074,2551.803882,1.489639,0.0,195,1406046,1406046,1.0,1796,1796,1.0,119454,0,1,S10|M1_BALANCED|41|A|L1|F3,true,false,false,/home/cyfer/FYP/WSN_simulation_V3/runs/S10_5000/outputs_production_50seed_part41_45/run_campaign_v3_S10_M1_BALANCED_A_L1_F3_H3_seed041_41_20260603_112056
campaign_v3_S10_M1_BALANCED_A_L1_F3_H3_seed042,campaign_v3_S10_M1_BALANCED_A_L1_F3_H3_seed042_42_20260603_112214,S10,5000,200,6,M1_BALANCED,42,A,L1,F3,H3,V3,map_S10_M1_BALANCED_seed042,3fb3b857639f7ab75593ba1aee5ffc19382e976b43395acf096091c5c0c42ba2,31.851,63.899,195.961,393.321,25,48,0.3037,0.1316,60.0,33.098,93.098,153.098,160.0,100.0,5.579,0.0,1.0,0.362,0.388,0.11,2557.137157,1.488573,0.0,198,1407221,1407221,1.0,1796,1796,1.0,119579,0,1,S10|M1_BALANCED|42|A|L1|F3,true,false,false,/home/cyfer/FYP/WSN_simulation_V3/runs/S10_5000/outputs_production_50seed_part41_45/run_campaign_v3_S10_M1_BALANCED_A_L1_F3_H3_seed042_42_20260603_112214
campaign_v3_S10_M1_BALANCED_A_L1_F3_H3_seed043,campaign_v3_S10_M1_BALANCED_A_L1_F3_H3_seed043_43_20260603_112333,S10,5000,200,6,M1_BALANCED,43,A,L1,F3,H3,V3,map_S10_M1_BALANCED_seed043,95a779244b54b893be4537c1e51855809899e6e6c44613aecaa3b9e8e7b07542,32.292,63.903,195.696,409.379,25,46,0.3223,0.1158,60.0,33.502,93.502,153.502,160.0,100.0,5.608,0.0,1.0,0.356,0.358,0.156,2572.818981,1.485436,0.0,199,1407456,1407456,1.0,1796,1796,1.0,119604,0,1,S10|M1_BALANCED|43|A|L1|F3,true,false,false,/home/cyfer/FYP/WSN_simulation_V3/runs/S10_5000/outputs_production_50seed_part41_45/run_campaign_v3_S10_M1_BALANCED_A_L1_F3_H3_seed043_43_20260603_112333
campaign_v3_S10_M1_BALANCED_A_L1_F3_H3_seed044,campaign_v3_S10_M1_BALANCED_A_L1_F3_H3_seed044_44_20260603_112459,S10,5000,200,6,M1_BALANCED,44,A,L1,F3,H3,V3,map_S10_M1_BALANCED_seed044,164de8a74a2f8962e3113265d4de3a695dafdcefa184b5ddb3f8a1f15c9664b2,32.167,62.854,198.129,397.168,25,51,0.3359,0.1284,60.0,33.388,93.388,153.388,160.0,100.0,5.43,0.0,1.0,0.32,0.356,0.134,2566.536608,1.486693,0.0,195,1407456,1407456,1.0,1796,1796,1.0,119604,0,1,S10|M1_BALANCED|44|A|L1|F3,true,false,false,/home/cyfer/FYP/WSN_simulation_V3/runs/S10_5000/outputs_production_50seed_part41_45/run_campaign_v3_S10_M1_BALANCED_A_L1_F3_H3_seed044_44_20260603_112459
campaign_v3_S10_M1_BALANCED_A_L1_F3_H3_seed045,campaign_v3_S10_M1_BALANCED_A_L1_F3_H3_seed045_45_20260603_112621,S10,5000,200,6,M1_BALANCED,45,A,L1,F3,H3,V3,map_S10_M1_BALANCED_seed045,602ce207537d3ff0a03da4a7dad6122bee47a182415509d38b30edb3b98e0955,32.278,65.241,198.088,399.972,25,48,0.3216,0.1224,60.0,35.824,95.824,155.824,160.0,100.0,8.604,0.0,1.0,0.83,0.932,0.106,2562.866956,1.487427,0.0,198,1402051,1402051,1.0,1796,1796,1.0,119029,0,1,S10|M1_BALANCED|45|A|L1|F3,true,false,false,/home/cyfer/FYP/WSN_simulation_V3/runs/S10_5000/outputs_production_50seed_part41_45/run_campaign_v3_S10_M1_BALANCED_A_L1_F3_H3_seed045_45_20260603_112621
campaign_v3_S10_M1_BALANCED_A_L1_F3_H4_seed041,campaign_v3_S10_M1_BALANCED_A_L1_F3_H4_seed041_41_20260603_112056,S10,5000,200,6,M1_BALANCED,41,A,L1,F3,H4,V3,map_S10_M1_BALANCED_seed041,00f6731b1be6645422980b4e678c9ffc0f045812e9b344049c7af5083bb8b64f,31.852,64.678,194.948,409.338,25,48,0.3175,0.1202,60.0,38.062,98.062,158.062,160.0,100.0,6.154,0.0,1.0,0.468,0.509,0.074,2551.808779,1.489638,0.0,195,1406046,1406046,1.0,1796,1796,1.0,119454,0,1,S10|M1_BALANCED|41|A|L1|F3,true,false,false,/home/cyfer/FYP/WSN_simulation_V3/runs/S10_5000/outputs_production_50seed_part41_45/run_campaign_v3_S10_M1_BALANCED_A_L1_F3_H4_seed041_41_20260603_112056
campaign_v3_S10_M1_BALANCED_A_L1_F3_H4_seed042,campaign_v3_S10_M1_BALANCED_A_L1_F3_H4_seed042_42_20260603_112214,S10,5000,200,6,M1_BALANCED,42,A,L1,F3,H4,V3,map_S10_M1_BALANCED_seed042,3fb3b857639f7ab75593ba1aee5ffc19382e976b43395acf096091c5c0c42ba2,31.851,63.899,195.961,393.321,25,48,0.3037,0.1316,60.0,37.221,97.221,157.221,160.0,100.0,5.579,0.0,1.0,0.362,0.388,0.11,2557.134821,1.488573,0.0,198,1407221,1407221,1.0,1796,1796,1.0,119579,0,1,S10|M1_BALANCED|42|A|L1|F3,true,false,false,/home/cyfer/FYP/WSN_simulation_V3/runs/S10_5000/outputs_production_50seed_part41_45/run_campaign_v3_S10_M1_BALANCED_A_L1_F3_H4_seed042_42_20260603_112214
campaign_v3_S10_M1_BALANCED_A_L1_F3_H4_seed043,campaign_v3_S10_M1_BALANCED_A_L1_F3_H4_seed043_43_20260603_112333,S10,5000,200,6,M1_BALANCED,43,A,L1,F3,H4,V3,map_S10_M1_BALANCED_seed043,95a779244b54b893be4537c1e51855809899e6e6c44613aecaa3b9e8e7b07542,32.292,63.903,195.696,409.379,25,46,0.3223,0.1158,60.0,37.274,97.274,157.274,160.0,100.0,5.608,0.0,1.0,0.356,0.358,0.156,2572.818357,1.485436,0.0,199,1407456,1407456,1.0,1796,1796,1.0,119604,0,1,S10|M1_BALANCED|43|A|L1|F3,true,false,false,/home/cyfer/FYP/WSN_simulation_V3/runs/S10_5000/outputs_production_50seed_part41_45/run_campaign_v3_S10_M1_BALANCED_A_L1_F3_H4_seed043_43_20260603_112333
campaign_v3_S10_M1_BALANCED_A_L1_F3_H4_seed044,campaign_v3_S10_M1_BALANCED_A_L1_F3_H4_seed044_44_20260603_112459,S10,5000,200,6,M1_BALANCED,44,A,L1,F3,H4,V3,map_S10_M1_BALANCED_seed044,164de8a74a2f8962e3113265d4de3a695dafdcefa184b5ddb3f8a1f15c9664b2,32.167,62.854,198.129,397.168,25,51,0.3359,0.1284,60.0,36.831,96.831,156.831,160.0,100.0,5.43,0.0,1.0,0.32,0.356,0.134,2566.535633,1.486693,0.0,195,1407456,1407456,1.0,1796,1796,1.0,119604,0,1,S10|M1_BALANCED|44|A|L1|F3,true,false,false,/home/cyfer/FYP/WSN_simulation_V3/runs/S10_5000/outputs_production_50seed_part41_45/run_campaign_v3_S10_M1_BALANCED_A_L1_F3_H4_seed044_44_20260603_112459
campaign_v3_S10_M1_BALANCED_A_L1_F3_H4_seed045,campaign_v3_S10_M1_BALANCED_A_L1_F3_H4_seed045_45_20260603_112621,S10,5000,200,6,M1_BALANCED,45,A,L1,F3,H4,V3,map_S10_M1_BALANCED_seed045,602ce207537d3ff0a03da4a7dad6122bee47a182415509d38b30edb3b98e0955,32.278,65.241,198.088,399.972,25,48,0.3216,0.1224,60.0,39.77,99.77,159.77,160.0,100.0,8.604,0.0,1.0,0.83,0.932,0.106,2562.868547,1.487426,0.0,198,1402051,1402051,1.0,1796,1796,1.0,119029,0,1,S10|M1_BALANCED|45|A|L1|F3,true,false,false,/home/cyfer/FYP/WSN_simulation_V3/runs/S10_5000/outputs_production_50seed_part41_45/run_campaign_v3_S10_M1_BALANCED_A_L1_F3_H4_seed045_45_20260603_112621
campaign_v3_S10_M1_BALANCED_A_L1_F4_H0_seed041,campaign_v3_S10_M1_BALANCED_A_L1_F4_H0_seed041_41_20260603_112043,S10,5000,200,6,M1_BALANCED,41,A,L1,F4,H0,V2,map_S10_M1_BALANCED_seed041,00f6731b1be6645422980b4e678c9ffc0f045812e9b344049c7af5083bb8b64f,31.852,64.678,194.948,409.338,25,48,0.3175,0.1202,60.0,-1.0,-1.0,-1.0,-1.0,-1.0,0.0,0.0,0.0,0.0,0.0,0.0,2549.251671,1.49015,0.0,195,1403915,1403915,1.0,1792,1792,1.0,120155,1,0,S10|M1_BALANCED|41|A|L1|F4,false,false,true,/home/cyfer/FYP/WSN_simulation_V3/runs/S10_5000/outputs_production_50seed_part41_45/run_campaign_v3_S10_M1_BALANCED_A_L1_F4_H0_seed041_41_20260603_112043
campaign_v3_S10_M1_BALANCED_A_L1_F4_H0_seed042,campaign_v3_S10_M1_BALANCED_A_L1_F4_H0_seed042_42_20260603_112202,S10,5000,200,6,M1_BALANCED,42,A,L1,F4,H0,V2,map_S10_M1_BALANCED_seed042,3fb3b857639f7ab75593ba1aee5ffc19382e976b43395acf096091c5c0c42ba2,31.851,63.899,195.961,393.321,25,48,0.3037,0.1316,60.0,-1.0,-1.0,-1.0,-1.0,-1.0,0.0,0.0,0.0,0.0,0.0,0.0,2553.986878,1.489203,0.0,198,1405325,1405325,1.0,1792,1792,1.0,120125,1,0,S10|M1_BALANCED|42|A|L1|F4,false,false,true,/home/cyfer/FYP/WSN_simulation_V3/runs/S10_5000/outputs_production_50seed_part41_45/run_campaign_v3_S10_M1_BALANCED_A_L1_F4_H0_seed042_42_20260603_112202
campaign_v3_S10_M1_BALANCED_A_L1_F4_H0_seed043,campaign_v3_S10_M1_BALANCED_A_L1_F4_H0_seed043_43_20260603_112321,S10,5000,200,6,M1_BALANCED,43,A,L1,F4,H0,V2,map_S10_M1_BALANCED_seed043,95a779244b54b893be4537c1e51855809899e6e6c44613aecaa3b9e8e7b07542,32.292,63.903,195.696,409.379,25,46,0.3223,0.1158,60.0,-1.0,-1.0,-1.0,-1.0,-1.0,0.0,0.0,0.0,0.0,0.0,0.0,2566.590838,1.486682,0.0,200,1402975,1402975,1.0,1792,1792,1.0,120175,1,0,S10|M1_BALANCED|43|A|L1|F4,false,false,true,/home/cyfer/FYP/WSN_simulation_V3/runs/S10_5000/outputs_production_50seed_part41_45/run_campaign_v3_S10_M1_BALANCED_A_L1_F4_H0_seed043_43_20260603_112321
campaign_v3_S10_M1_BALANCED_A_L1_F4_H0_seed044,campaign_v3_S10_M1_BALANCED_A_L1_F4_H0_seed044_44_20260603_112445,S10,5000,200,6,M1_BALANCED,44,A,L1,F4,H0,V2,map_S10_M1_BALANCED_seed044,164de8a74a2f8962e3113265d4de3a695dafdcefa184b5ddb3f8a1f15c9664b2,32.167,62.854,198.129,397.168,25,51,0.3359,0.1284,60.0,-1.0,-1.0,-1.0,-1.0,-1.0,0.0,0.0,0.0,0.0,0.0,0.0,2561.908471,1.487618,0.0,195,1404855,1404855,1.0,1792,1792,1.0,120135,1,0,S10|M1_BALANCED|44|A|L1|F4,false,false,true,/home/cyfer/FYP/WSN_simulation_V3/runs/S10_5000/outputs_production_50seed_part41_45/run_campaign_v3_S10_M1_BALANCED_A_L1_F4_H0_seed044_44_20260603_112445
campaign_v3_S10_M1_BALANCED_A_L1_F4_H0_seed045,campaign_v3_S10_M1_BALANCED_A_L1_F4_H0_seed045_45_20260603_112609,S10,5000,200,6,M1_BALANCED,45,A,L1,F4,H0,V2,map_S10_M1_BALANCED_seed045,602ce207537d3ff0a03da4a7dad6122bee47a182415509d38b30edb3b98e0955,32.278,65.241,198.088,399.972,25,48,0.3216,0.1224,60.0,-1.0,-1.0,-1.0,-1.0,-1.0,0.0,0.0,0.0,0.0,0.0,0.0,2567.299349,1.48654,0.0,197,1405325,1405325,1.0,1792,1792,1.0,120125,1,0,S10|M1_BALANCED|45|A|L1|F4,false,false,true,/home/cyfer/FYP/WSN_simulation_V3/runs/S10_5000/outputs_production_50seed_part41_45/run_campaign_v3_S10_M1_BALANCED_A_L1_F4_H0_seed045_45_20260603_112609
campaign_v3_S10_M1_BALANCED_A_L1_F4_H1_seed041,campaign_v3_S10_M1_BALANCED_A_L1_F4_H1_seed041_41_20260603_112057,S10,5000,200,6,M1_BALANCED,41,A,L1,F4,H1,V3,map_S10_M1_BALANCED_seed041,00f6731b1be6645422980b4e678c9ffc0f045812e9b344049c7af5083bb8b64f,31.852,64.678,194.948,409.338,25,48,0.3175,0.1202,60.0,34.886,94.886,154.886,160.0,100.0,7.236,0.0,1.0,0.66,0.705,0.047,2551.349834,1.48973,0.0,195,1404706,1404706,1.0,1796,1796,1.0,119229,0,1,S10|M1_BALANCED|41|A|L1|F4,true,false,false,/home/cyfer/FYP/WSN_simulation_V3/runs/S10_5000/outputs_production_50seed_part41_45/run_campaign_v3_S10_M1_BALANCED_A_L1_F4_H1_seed041_41_20260603_112057
campaign_v3_S10_M1_BALANCED_A_L1_F4_H1_seed042,campaign_v3_S10_M1_BALANCED_A_L1_F4_H1_seed042_42_20260603_112215,S10,5000,200,6,M1_BALANCED,42,A,L1,F4,H1,V3,map_S10_M1_BALANCED_seed042,3fb3b857639f7ab75593ba1aee5ffc19382e976b43395acf096091c5c0c42ba2,31.851,63.899,195.961,393.321,25,48,0.3037,0.1316,60.0,34.092,94.092,154.092,160.0,100.0,6.76,0.0,1.0,0.532,0.587,0.134,2555.701273,1.48886,0.0,198,1405966,1405966,1.0,1796,1796,1.0,119379,0,1,S10|M1_BALANCED|42|A|L1|F4,true,false,false,/home/cyfer/FYP/WSN_simulation_V3/runs/S10_5000/outputs_production_50seed_part41_45/run_campaign_v3_S10_M1_BALANCED_A_L1_F4_H1_seed042_42_20260603_112215
campaign_v3_S10_M1_BALANCED_A_L1_F4_H1_seed043,campaign_v3_S10_M1_BALANCED_A_L1_F4_H1_seed043_43_20260603_112334,S10,5000,200,6,M1_BALANCED,43,A,L1,F4,H1,V3,map_S10_M1_BALANCED_seed043,95a779244b54b893be4537c1e51855809899e6e6c44613aecaa3b9e8e7b07542,32.292,63.903,195.696,409.379,25,46,0.3223,0.1158,60.0,35.877,95.877,155.877,160.0,100.0,8.219,0.0,1.0,0.778,0.806,0.156,2568.843417,1.486231,0.0,200,1403831,1403831,1.0,1796,1796,1.0,119129,0,1,S10|M1_BALANCED|43|A|L1|F4,true,false,false,/home/cyfer/FYP/WSN_simulation_V3/runs/S10_5000/outputs_production_50seed_part41_45/run_campaign_v3_S10_M1_BALANCED_A_L1_F4_H1_seed043_43_20260603_112334
campaign_v3_S10_M1_BALANCED_A_L1_F4_H1_seed044,campaign_v3_S10_M1_BALANCED_A_L1_F4_H1_seed044_44_20260603_112500,S10,5000,200,6,M1_BALANCED,44,A,L1,F4,H1,V3,map_S10_M1_BALANCED_seed044,164de8a74a2f8962e3113265d4de3a695dafdcefa184b5ddb3f8a1f15c9664b2,32.167,62.854,198.129,397.168,25,51,0.3359,0.1284,60.0,34.117,94.117,154.117,160.0,100.0,7.001,0.0,1.0,0.54,0.645,0.149,2563.810851,1.487238,0.0,195,1405546,1405546,1.0,1796,1796,1.0,119329,0,1,S10|M1_BALANCED|44|A|L1|F4,true,false,false,/home/cyfer/FYP/WSN_simulation_V3/runs/S10_5000/outputs_production_50seed_part41_45/run_campaign_v3_S10_M1_BALANCED_A_L1_F4_H1_seed044_44_20260603_112500
campaign_v3_S10_M1_BALANCED_A_L1_F4_H1_seed045,campaign_v3_S10_M1_BALANCED_A_L1_F4_H1_seed045_45_20260603_112622,S10,5000,200,6,M1_BALANCED,45,A,L1,F4,H1,V3,map_S10_M1_BALANCED_seed045,602ce207537d3ff0a03da4a7dad6122bee47a182415509d38b30edb3b98e0955,32.278,65.241,198.088,399.972,25,48,0.3216,0.1224,60.0,33.73,93.73,153.73,160.0,100.0,6.546,0.0,1.0,0.532,0.594,0.056,2569.128821,1.486174,0.0,197,1405991,1405991,1.0,1796,1796,1.0,119379,0,1,S10|M1_BALANCED|45|A|L1|F4,true,false,false,/home/cyfer/FYP/WSN_simulation_V3/runs/S10_5000/outputs_production_50seed_part41_45/run_campaign_v3_S10_M1_BALANCED_A_L1_F4_H1_seed045_45_20260603_112622
campaign_v3_S10_M1_BALANCED_A_L1_F4_H3_seed041,campaign_v3_S10_M1_BALANCED_A_L1_F4_H3_seed041_41_20260603_112058,S10,5000,200,6,M1_BALANCED,41,A,L1,F4,H3,V3,map_S10_M1_BALANCED_seed041,00f6731b1be6645422980b4e678c9ffc0f045812e9b344049c7af5083bb8b64f,31.852,64.678,194.948,409.338,25,48,0.3175,0.1202,60.0,40.586,100.586,160.586,170.0,110.0,7.236,0.0,1.0,0.66,0.705,0.047,2550.207198,1.489959,0.0,195,1404235,1404235,1.0,1796,1796,1.0,119229,0,1,S10|M1_BALANCED|41|A|L1|F4,true,false,false,/home/cyfer/FYP/WSN_simulation_V3/runs/S10_5000/outputs_production_50seed_part41_45/run_campaign_v3_S10_M1_BALANCED_A_L1_F4_H3_seed041_41_20260603_112058
campaign_v3_S10_M1_BALANCED_A_L1_F4_H3_seed042,campaign_v3_S10_M1_BALANCED_A_L1_F4_H3_seed042_42_20260603_112216,S10,5000,200,6,M1_BALANCED,42,A,L1,F4,H3,V3,map_S10_M1_BALANCED_seed042,3fb3b857639f7ab75593ba1aee5ffc19382e976b43395acf096091c5c0c42ba2,31.851,63.899,195.961,393.321,25,48,0.3037,0.1316,60.0,39.867,99.867,159.867,160.0,100.0,6.76,0.0,1.0,0.532,0.587,0.134,2554.836959,1.489033,0.0,198,1405601,1405601,1.0,1796,1796,1.0,119379,0,1,S10|M1_BALANCED|42|A|L1|F4,true,false,false,/home/cyfer/FYP/WSN_simulation_V3/runs/S10_5000/outputs_production_50seed_part41_45/run_campaign_v3_S10_M1_BALANCED_A_L1_F4_H3_seed042_42_20260603_112216
campaign_v3_S10_M1_BALANCED_A_L1_F4_H3_seed043,campaign_v3_S10_M1_BALANCED_A_L1_F4_H3_seed043_43_20260603_112334,S10,5000,200,6,M1_BALANCED,43,A,L1,F4,H3,V3,map_S10_M1_BALANCED_seed043,95a779244b54b893be4537c1e51855809899e6e6c44613aecaa3b9e8e7b07542,32.292,63.903,195.696,409.379,25,46,0.3223,0.1158,60.0,41.686,101.686,161.686,170.0,110.0,8.219,0.0,1.0,0.778,0.806,0.156,2567.607495,1.486479,0.0,200,1403315,1403315,1.0,1796,1796,1.0,119129,0,1,S10|M1_BALANCED|43|A|L1|F4,true,false,false,/home/cyfer/FYP/WSN_simulation_V3/runs/S10_5000/outputs_production_50seed_part41_45/run_campaign_v3_S10_M1_BALANCED_A_L1_F4_H3_seed043_43_20260603_112334
campaign_v3_S10_M1_BALANCED_A_L1_F4_H3_seed044,campaign_v3_S10_M1_BALANCED_A_L1_F4_H3_seed044_44_20260603_112501,S10,5000,200,6,M1_BALANCED,44,A,L1,F4,H3,V3,map_S10_M1_BALANCED_seed044,164de8a74a2f8962e3113265d4de3a695dafdcefa184b5ddb3f8a1f15c9664b2,32.167,62.854,198.129,397.168,25,51,0.3359,0.1284,60.0,40.912,100.912,160.912,170.0,110.0,7.001,0.0,1.0,0.54,0.645,0.149,2562.815286,1.487437,0.0,195,1405137,1405137,1.0,1796,1796,1.0,119329,0,1,S10|M1_BALANCED|44|A|L1|F4,true,false,false,/home/cyfer/FYP/WSN_simulation_V3/runs/S10_5000/outputs_production_50seed_part41_45/run_campaign_v3_S10_M1_BALANCED_A_L1_F4_H3_seed044_44_20260603_112501
campaign_v3_S10_M1_BALANCED_A_L1_F4_H3_seed045,campaign_v3_S10_M1_BALANCED_A_L1_F4_H3_seed045_45_20260603_112622,S10,5000,200,6,M1_BALANCED,45,A,L1,F4,H3,V3,map_S10_M1_BALANCED_seed045,602ce207537d3ff0a03da4a7dad6122bee47a182415509d38b30edb3b98e0955,32.278,65.241,198.088,399.972,25,48,0.3216,0.1224,60.0,40.332,100.332,160.332,170.0,110.0,6.546,0.0,1.0,0.532,0.594,0.056,2568.112888,1.486377,0.0,197,1405588,1405588,1.0,1796,1796,1.0,119379,0,1,S10|M1_BALANCED|45|A|L1|F4,true,false,false,/home/cyfer/FYP/WSN_simulation_V3/runs/S10_5000/outputs_production_50seed_part41_45/run_campaign_v3_S10_M1_BALANCED_A_L1_F4_H3_seed045_45_20260603_112622
campaign_v3_S10_M1_BALANCED_A_L1_F4_H4_seed041,campaign_v3_S10_M1_BALANCED_A_L1_F4_H4_seed041_41_20260603_112058,S10,5000,200,6,M1_BALANCED,41,A,L1,F4,H4,V3,map_S10_M1_BALANCED_seed041,00f6731b1be6645422980b4e678c9ffc0f045812e9b344049c7af5083bb8b64f,31.852,64.678,194.948,409.338,25,48,0.3175,0.1202,60.0,44.278,104.278,164.278,170.0,110.0,7.236,0.0,1.0,0.66,0.705,0.047,2545.289938,1.490942,0.0,195,1400902,1400902,1.0,1796,1796,1.0,118558,0,1,S10|M1_BALANCED|41|A|L1|F4,true,false,false,/home/cyfer/FYP/WSN_simulation_V3/runs/S10_5000/outputs_production_50seed_part41_45/run_campaign_v3_S10_M1_BALANCED_A_L1_F4_H4_seed041_41_20260603_112058
campaign_v3_S10_M1_BALANCED_A_L1_F4_H4_seed042,campaign_v3_S10_M1_BALANCED_A_L1_F4_H4_seed042_42_20260603_112216,S10,5000,200,6,M1_BALANCED,42,A,L1,F4,H4,V3,map_S10_M1_BALANCED_seed042,3fb3b857639f7ab75593ba1aee5ffc19382e976b43395acf096091c5c0c42ba2,31.851,63.899,195.961,393.321,25,48,0.3037,0.1316,60.0,43.771,103.771,163.771,170.0,110.0,6.76,0.0,1.0,0.532,0.587,0.134,2550.129002,1.489974,0.0,198,1402613,1402613,1.0,1796,1796,1.0,118783,0,1,S10|M1_BALANCED|42|A|L1|F4,true,false,false,/home/cyfer/FYP/WSN_simulation_V3/runs/S10_5000/outputs_production_50seed_part41_45/run_campaign_v3_S10_M1_BALANCED_A_L1_F4_H4_seed042_42_20260603_112216
campaign_v3_S10_M1_BALANCED_A_L1_F4_H4_seed043,campaign_v3_S10_M1_BALANCED_A_L1_F4_H4_seed043_43_20260603_112335,S10,5000,200,6,M1_BALANCED,43,A,L1,F4,H4,V3,map_S10_M1_BALANCED_seed043,95a779244b54b893be4537c1e51855809899e6e6c44613aecaa3b9e8e7b07542,32.292,63.903,195.696,409.379,25,46,0.3223,0.1158,60.0,45.422,105.422,165.422,170.0,110.0,8.219,0.0,1.0,0.778,0.806,0.156,2563.766034,1.487247,0.0,200,1400401,1400401,1.0,1796,1796,1.0,118533,0,1,S10|M1_BALANCED|43|A|L1|F4,true,false,false,/home/cyfer/FYP/WSN_simulation_V3/runs/S10_5000/outputs_production_50seed_part41_45/run_campaign_v3_S10_M1_BALANCED_A_L1_F4_H4_seed043_43_20260603_112335
campaign_v3_S10_M1_BALANCED_A_L1_F4_H4_seed044,campaign_v3_S10_M1_BALANCED_A_L1_F4_H4_seed044_44_20260603_112502,S10,5000,200,6,M1_BALANCED,44,A,L1,F4,H4,V3,map_S10_M1_BALANCED_seed044,164de8a74a2f8962e3113265d4de3a695dafdcefa184b5ddb3f8a1f15c9664b2,32.167,62.854,198.129,397.168,25,51,0.3359,0.1284,60.0,44.247,104.247,164.247,170.0,110.0,7.001,0.0,1.0,0.54,0.645,0.149,2556.920139,1.488616,0.0,195,1401392,1401392,1.0,1796,1796,1.0,118583,0,1,S10|M1_BALANCED|44|A|L1|F4,true,false,false,/home/cyfer/FYP/WSN_simulation_V3/runs/S10_5000/outputs_production_50seed_part41_45/run_campaign_v3_S10_M1_BALANCED_A_L1_F4_H4_seed044_44_20260603_112502
campaign_v3_S10_M1_BALANCED_A_L1_F4_H4_seed045,campaign_v3_S10_M1_BALANCED_A_L1_F4_H4_seed045_45_20260603_112623,S10,5000,200,6,M1_BALANCED,45,A,L1,F4,H4,V3,map_S10_M1_BALANCED_seed045,602ce207537d3ff0a03da4a7dad6122bee47a182415509d38b30edb3b98e0955,32.278,65.241,198.088,399.972,25,48,0.3216,0.1224,60.0,43.838,103.838,163.838,170.0,110.0,6.546,0.0,1.0,0.532,0.594,0.056,2564.472115,1.487106,0.0,197,1403006,1403006,1.0,1796,1796,1.0,118858,0,1,S10|M1_BALANCED|45|A|L1|F4,true,false,false,/home/cyfer/FYP/WSN_simulation_V3/runs/S10_5000/outputs_production_50seed_part41_45/run_campaign_v3_S10_M1_BALANCED_A_L1_F4_H4_seed045_45_20260603_112623
campaign_v3_S10_M1_BALANCED_A_L2_F0_H0_seed041,campaign_v3_S10_M1_BALANCED_A_L2_F0_H0_seed041_41_20260603_112059,S10,5000,200,6,M1_BALANCED,41,A,L2,F0,H0,V1,map_S10_M1_BALANCED_seed041,00f6731b1be6645422980b4e678c9ffc0f045812e9b344049c7af5083bb8b64f,31.852,64.678,194.948,409.338,25,48,0.3175,0.1202,0.0,-1.0,-1.0,-1.0,-1.0,-1.0,0.0,0.0,0.0,0.0,0.0,0.0,3857.956383,1.228409,0.0,196,1411200,1411200,1.0,1800,1800,1.0,120000,0,0,S10|M1_BALANCED|41|A|L2|F0,false,true,false,/home/cyfer/FYP/WSN_simulation_V3/runs/S10_5000/outputs_production_50seed_part41_45/run_campaign_v3_S10_M1_BALANCED_A_L2_F0_H0_seed041_41_20260603_112059
campaign_v3_S10_M1_BALANCED_A_L2_F0_H0_seed042,campaign_v3_S10_M1_BALANCED_A_L2_F0_H0_seed042_42_20260603_112217,S10,5000,200,6,M1_BALANCED,42,A,L2,F0,H0,V1,map_S10_M1_BALANCED_seed042,3fb3b857639f7ab75593ba1aee5ffc19382e976b43395acf096091c5c0c42ba2,31.851,63.899,195.961,393.321,25,48,0.3037,0.1316,0.0,-1.0,-1.0,-1.0,-1.0,-1.0,0.0,0.0,0.0,0.0,0.0,0.0,3862.4528,1.227509,0.0,199,1411200,1411200,1.0,1800,1800,1.0,120000,0,0,S10|M1_BALANCED|42|A|L2|F0,false,true,false,/home/cyfer/FYP/WSN_simulation_V3/runs/S10_5000/outputs_production_50seed_part41_45/run_campaign_v3_S10_M1_BALANCED_A_L2_F0_H0_seed042_42_20260603_112217
campaign_v3_S10_M1_BALANCED_A_L2_F0_H0_seed043,campaign_v3_S10_M1_BALANCED_A_L2_F0_H0_seed043_43_20260603_112336,S10,5000,200,6,M1_BALANCED,43,A,L2,F0,H0,V1,map_S10_M1_BALANCED_seed043,95a779244b54b893be4537c1e51855809899e6e6c44613aecaa3b9e8e7b07542,32.292,63.903,195.696,409.379,25,46,0.3223,0.1158,0.0,-1.0,-1.0,-1.0,-1.0,-1.0,0.0,0.0,0.0,0.0,0.0,0.0,3886.638674,1.222672,0.0,200,1411200,1411200,1.0,1800,1800,1.0,120000,0,0,S10|M1_BALANCED|43|A|L2|F0,false,true,false,/home/cyfer/FYP/WSN_simulation_V3/runs/S10_5000/outputs_production_50seed_part41_45/run_campaign_v3_S10_M1_BALANCED_A_L2_F0_H0_seed043_43_20260603_112336
campaign_v3_S10_M1_BALANCED_A_L2_F0_H0_seed044,campaign_v3_S10_M1_BALANCED_A_L2_F0_H0_seed044_44_20260603_112503,S10,5000,200,6,M1_BALANCED,44,A,L2,F0,H0,V1,map_S10_M1_BALANCED_seed044,164de8a74a2f8962e3113265d4de3a695dafdcefa184b5ddb3f8a1f15c9664b2,32.167,62.854,198.129,397.168,25,51,0.3359,0.1284,0.0,-1.0,-1.0,-1.0,-1.0,-1.0,0.0,0.0,0.0,0.0,0.0,0.0,3877.894977,1.224421,0.0,196,1411200,1411200,1.0,1800,1800,1.0,120000,0,0,S10|M1_BALANCED|44|A|L2|F0,false,true,false,/home/cyfer/FYP/WSN_simulation_V3/runs/S10_5000/outputs_production_50seed_part41_45/run_campaign_v3_S10_M1_BALANCED_A_L2_F0_H0_seed044_44_20260603_112503
campaign_v3_S10_M1_BALANCED_A_L2_F0_H0_seed045,campaign_v3_S10_M1_BALANCED_A_L2_F0_H0_seed045_45_20260603_112624,S10,5000,200,6,M1_BALANCED,45,A,L2,F0,H0,V1,map_S10_M1_BALANCED_seed045,602ce207537d3ff0a03da4a7dad6122bee47a182415509d38b30edb3b98e0955,32.278,65.241,198.088,399.972,25,48,0.3216,0.1224,0.0,-1.0,-1.0,-1.0,-1.0,-1.0,0.0,0.0,0.0,0.0,0.0,0.0,3885.169173,1.222966,0.0,198,1411200,1411200,1.0,1800,1800,1.0,120000,0,0,S10|M1_BALANCED|45|A|L2|F0,false,true,false,/home/cyfer/FYP/WSN_simulation_V3/runs/S10_5000/outputs_production_50seed_part41_45/run_campaign_v3_S10_M1_BALANCED_A_L2_F0_H0_seed045_45_20260603_112624
campaign_v3_S10_M1_BALANCED_A_L2_F1_H0_seed041,campaign_v3_S10_M1_BALANCED_A_L2_F1_H0_seed041_41_20260603_112100,S10,5000,200,6,M1_BALANCED,41,A,L2,F1,H0,V2,map_S10_M1_BALANCED_seed041,00f6731b1be6645422980b4e678c9ffc0f045812e9b344049c7af5083bb8b64f,31.852,64.678,194.948,409.338,25,48,0.3175,0.1202,60.0,-1.0,-1.0,-1.0,-1.0,-1.0,0.0,0.0,0.0,0.0,0.0,0.0,3840.810131,1.23172,0.0,196,1403915,1403915,1.0,1792,1792,1.0,120155,1,0,S10|M1_BALANCED|41|A|L2|F1,false,false,true,/home/cyfer/FYP/WSN_simulation_V3/runs/S10_5000/outputs_production_50seed_part41_45/run_campaign_v3_S10_M1_BALANCED_A_L2_F1_H0_seed041_41_20260603_112100
campaign_v3_S10_M1_BALANCED_A_L2_F1_H0_seed042,campaign_v3_S10_M1_BALANCED_A_L2_F1_H0_seed042_42_20260603_112218,S10,5000,200,6,M1_BALANCED,42,A,L2,F1,H0,V2,map_S10_M1_BALANCED_seed042,3fb3b857639f7ab75593ba1aee5ffc19382e976b43395acf096091c5c0c42ba2,31.851,63.899,195.961,393.321,25,48,0.3037,0.1316,60.0,-1.0,-1.0,-1.0,-1.0,-1.0,0.0,0.0,0.0,0.0,0.0,0.0,3847.206063,1.230394,0.0,199,1405325,1405325,1.0,1792,1792,1.0,120125,1,0,S10|M1_BALANCED|42|A|L2|F1,false,false,true,/home/cyfer/FYP/WSN_simulation_V3/runs/S10_5000/outputs_production_50seed_part41_45/run_campaign_v3_S10_M1_BALANCED_A_L2_F1_H0_seed042_42_20260603_112218
campaign_v3_S10_M1_BALANCED_A_L2_F1_H0_seed043,campaign_v3_S10_M1_BALANCED_A_L2_F1_H0_seed043_43_20260603_112336,S10,5000,200,6,M1_BALANCED,43,A,L2,F1,H0,V2,map_S10_M1_BALANCED_seed043,95a779244b54b893be4537c1e51855809899e6e6c44613aecaa3b9e8e7b07542,32.292,63.903,195.696,409.379,25,46,0.3223,0.1158,60.0,-1.0,-1.0,-1.0,-1.0,-1.0,0.0,0.0,0.0,0.0,0.0,0.0,3867.033126,1.226516,0.0,200,1402975,1402975,1.0,1792,1792,1.0,120175,1,0,S10|M1_BALANCED|43|A|L2|F1,false,false,true,/home/cyfer/FYP/WSN_simulation_V3/runs/S10_5000/outputs_production_50seed_part41_45/run_campaign_v3_S10_M1_BALANCED_A_L2_F1_H0_seed043_43_20260603_112336
campaign_v3_S10_M1_BALANCED_A_L2_F1_H0_seed044,campaign_v3_S10_M1_BALANCED_A_L2_F1_H0_seed044_44_20260603_112503,S10,5000,200,6,M1_BALANCED,44,A,L2,F1,H0,V2,map_S10_M1_BALANCED_seed044,164de8a74a2f8962e3113265d4de3a695dafdcefa184b5ddb3f8a1f15c9664b2,32.167,62.854,198.129,397.168,25,51,0.3359,0.1284,60.0,-1.0,-1.0,-1.0,-1.0,-1.0,0.0,0.0,0.0,0.0,0.0,0.0,3861.130286,1.227632,0.0,196,1404855,1404855,1.0,1792,1792,1.0,120135,1,0,S10|M1_BALANCED|44|A|L2|F1,false,false,true,/home/cyfer/FYP/WSN_simulation_V3/runs/S10_5000/outputs_production_50seed_part41_45/run_campaign_v3_S10_M1_BALANCED_A_L2_F1_H0_seed044_44_20260603_112503
campaign_v3_S10_M1_BALANCED_A_L2_F1_H0_seed045,campaign_v3_S10_M1_BALANCED_A_L2_F1_H0_seed045_45_20260603_112624,S10,5000,200,6,M1_BALANCED,45,A,L2,F1,H0,V2,map_S10_M1_BALANCED_seed045,602ce207537d3ff0a03da4a7dad6122bee47a182415509d38b30edb3b98e0955,32.278,65.241,198.088,399.972,25,48,0.3216,0.1224,60.0,-1.0,-1.0,-1.0,-1.0,-1.0,0.0,0.0,0.0,0.0,0.0,0.0,3869.48117,1.225941,0.0,198,1405325,1405325,1.0,1792,1792,1.0,120125,1,0,S10|M1_BALANCED|45|A|L2|F1,false,false,true,/home/cyfer/FYP/WSN_simulation_V3/runs/S10_5000/outputs_production_50seed_part41_45/run_campaign_v3_S10_M1_BALANCED_A_L2_F1_H0_seed045_45_20260603_112624
campaign_v3_S10_M1_BALANCED_A_L2_F1_H1_seed041,campaign_v3_S10_M1_BALANCED_A_L2_F1_H1_seed041_41_20260603_112104,S10,5000,200,6,M1_BALANCED,41,A,L2,F1,H1,V3,map_S10_M1_BALANCED_seed041,00f6731b1be6645422980b4e678c9ffc0f045812e9b344049c7af5083bb8b64f,31.852,64.678,194.948,409.338,25,48,0.3175,0.1202,60.0,17.43,77.43,137.43,140.0,80.0,8.121,0.0,1.0,0.66,1.0,0.047,3854.323418,1.229017,0.0,197,1408782,1408782,1.0,1797,1797,1.0,120000,0,1,S10|M1_BALANCED|41|A|L2|F1,true,false,false,/home/cyfer/FYP/WSN_simulation_V3/runs/S10_5000/outputs_production_50seed_part41_45/run_campaign_v3_S10_M1_BALANCED_A_L2_F1_H1_seed041_41_20260603_112104
campaign_v3_S10_M1_BALANCED_A_L2_F1_H1_seed042,campaign_v3_S10_M1_BALANCED_A_L2_F1_H1_seed042_42_20260603_112222,S10,5000,200,6,M1_BALANCED,42,A,L2,F1,H1,V3,map_S10_M1_BALANCED_seed042,3fb3b857639f7ab75593ba1aee5ffc19382e976b43395acf096091c5c0c42ba2,31.851,63.899,195.961,393.321,25,48,0.3037,0.1316,60.0,17.739,77.739,137.739,140.0,80.0,7.999,0.0,1.0,0.532,1.0,0.134,3858.38803,1.228157,0.0,200,1409250,1409250,1.0,1797,1797,1.0,120000,0,1,S10|M1_BALANCED|42|A|L2|F1,true,false,false,/home/cyfer/FYP/WSN_simulation_V3/runs/S10_5000/outputs_production_50seed_part41_45/run_campaign_v3_S10_M1_BALANCED_A_L2_F1_H1_seed042_42_20260603_112222
campaign_v3_S10_M1_BALANCED_A_L2_F1_H1_seed043,campaign_v3_S10_M1_BALANCED_A_L2_F1_H1_seed043_43_20260603_112341,S10,5000,200,6,M1_BALANCED,43,A,L2,F1,H1,V3,map_S10_M1_BALANCED_seed043,95a779244b54b893be4537c1e51855809899e6e6c44613aecaa3b9e8e7b07542,32.292,63.903,195.696,409.379,25,46,0.3223,0.1158,60.0,18.518,78.518,138.518,140.0,80.0,8.801,0.0,1.0,0.778,1.0,0.156,3881.597736,1.223603,0.0,201,1408435,1408435,1.0,1797,1797,1.0,120000,0,1,S10|M1_BALANCED|43|A|L2|F1,true,false,false,/home/cyfer/FYP/WSN_simulation_V3/runs/S10_5000/outputs_production_50seed_part41_45/run_campaign_v3_S10_M1_BALANCED_A_L2_F1_H1_seed043_43_20260603_112341
campaign_v3_S10_M1_BALANCED_A_L2_F1_H1_seed044,campaign_v3_S10_M1_BALANCED_A_L2_F1_H1_seed044_44_20260603_112509,S10,5000,200,6,M1_BALANCED,44,A,L2,F1,H1,V3,map_S10_M1_BALANCED_seed044,164de8a74a2f8962e3113265d4de3a695dafdcefa184b5ddb3f8a1f15c9664b2,32.167,62.854,198.129,397.168,25,51,0.3359,0.1284,60.0,17.734,77.734,137.734,140.0,80.0,8.066,0.0,1.0,0.54,1.0,0.149,3873.498359,1.225158,0.0,197,1409094,1409094,1.0,1797,1797,1.0,120000,0,1,S10|M1_BALANCED|44|A|L2|F1,true,false,false,/home/cyfer/FYP/WSN_simulation_V3/runs/S10_5000/outputs_production_50seed_part41_45/run_campaign_v3_S10_M1_BALANCED_A_L2_F1_H1_seed044_44_20260603_112509
campaign_v3_S10_M1_BALANCED_A_L2_F1_H1_seed045,campaign_v3_S10_M1_BALANCED_A_L2_F1_H1_seed045_45_20260603_112629,S10,5000,200,6,M1_BALANCED,45,A,L2,F1,H1,V3,map_S10_M1_BALANCED_seed045,602ce207537d3ff0a03da4a7dad6122bee47a182415509d38b30edb3b98e0955,32.278,65.241,198.088,399.972,25,48,0.3216,0.1224,60.0,17.705,77.705,137.705,140.0,80.0,7.764,0.0,1.0,0.532,1.0,0.056,3881.191556,1.223599,0.0,199,1409250,1409250,1.0,1797,1797,1.0,120000,0,1,S10|M1_BALANCED|45|A|L2|F1,true,false,false,/home/cyfer/FYP/WSN_simulation_V3/runs/S10_5000/outputs_production_50seed_part41_45/run_campaign_v3_S10_M1_BALANCED_A_L2_F1_H1_seed045_45_20260603_112629
campaign_v3_S10_M1_BALANCED_A_L2_F1_H3_seed041,campaign_v3_S10_M1_BALANCED_A_L2_F1_H3_seed041_41_20260603_112107,S10,5000,200,6,M1_BALANCED,41,A,L2,F1,H3,V3,map_S10_M1_BALANCED_seed041,00f6731b1be6645422980b4e678c9ffc0f045812e9b344049c7af5083bb8b64f,31.852,64.678,194.948,409.338,25,48,0.3175,0.1202,60.0,23.377,83.377,143.377,150.0,90.0,8.121,0.0,1.0,0.66,1.0,0.047,3848.279786,1.230226,0.0,197,1406331,1406331,1.0,1797,1797,1.0,119625,0,1,S10|M1_BALANCED|41|A|L2|F1,true,false,false,/home/cyfer/FYP/WSN_simulation_V3/runs/S10_5000/outputs_production_50seed_part41_45/run_campaign_v3_S10_M1_BALANCED_A_L2_F1_H3_seed041_41_20260603_112107
campaign_v3_S10_M1_BALANCED_A_L2_F1_H3_seed042,campaign_v3_S10_M1_BALANCED_A_L2_F1_H3_seed042_42_20260603_112225,S10,5000,200,6,M1_BALANCED,42,A,L2,F1,H3,V3,map_S10_M1_BALANCED_seed042,3fb3b857639f7ab75593ba1aee5ffc19382e976b43395acf096091c5c0c42ba2,31.851,63.899,195.961,393.321,25,48,0.3037,0.1316,60.0,23.555,83.555,143.555,150.0,90.0,7.999,0.0,1.0,0.532,1.0,0.134,3853.909054,1.229053,0.0,200,1407288,1407288,1.0,1797,1797,1.0,119700,0,1,S10|M1_BALANCED|42|A|L2|F1,true,false,false,/home/cyfer/FYP/WSN_simulation_V3/runs/S10_5000/outputs_production_50seed_part41_45/run_campaign_v3_S10_M1_BALANCED_A_L2_F1_H3_seed042_42_20260603_112225
campaign_v3_S10_M1_BALANCED_A_L2_F1_H3_seed043,campaign_v3_S10_M1_BALANCED_A_L2_F1_H3_seed043_43_20260603_112344,S10,5000,200,6,M1_BALANCED,43,A,L2,F1,H3,V3,map_S10_M1_BALANCED_seed043,95a779244b54b893be4537c1e51855809899e6e6c44613aecaa3b9e8e7b07542,32.292,63.903,195.696,409.379,25,46,0.3223,0.1158,60.0,24.424,84.424,144.424,150.0,90.0,8.801,0.0,1.0,0.778,1.0,0.156,3874.850119,1.224952,0.0,201,1405675,1405675,1.0,1797,1797,1.0,119575,0,1,S10|M1_BALANCED|43|A|L2|F1,true,false,false,/home/cyfer/FYP/WSN_simulation_V3/runs/S10_5000/outputs_production_50seed_part41_45/run_campaign_v3_S10_M1_BALANCED_A_L2_F1_H3_seed043_43_20260603_112344
campaign_v3_S10_M1_BALANCED_A_L2_F1_H3_seed044,campaign_v3_S10_M1_BALANCED_A_L2_F1_H3_seed044_44_20260603_112512,S10,5000,200,6,M1_BALANCED,44,A,L2,F1,H3,V3,map_S10_M1_BALANCED_seed044,164de8a74a2f8962e3113265d4de3a695dafdcefa184b5ddb3f8a1f15c9664b2,32.167,62.854,198.129,397.168,25,51,0.3359,0.1284,60.0,23.759,83.759,143.759,150.0,90.0,8.066,0.0,1.0,0.54,1.0,0.149,3868.303277,1.226197,0.0,197,1406969,1406969,1.0,1797,1797,1.0,119675,0,1,S10|M1_BALANCED|44|A|L2|F1,true,false,false,/home/cyfer/FYP/WSN_simulation_V3/runs/S10_5000/outputs_production_50seed_part41_45/run_campaign_v3_S10_M1_BALANCED_A_L2_F1_H3_seed044_44_20260603_112512
campaign_v3_S10_M1_BALANCED_A_L2_F1_H3_seed045,campaign_v3_S10_M1_BALANCED_A_L2_F1_H3_seed045_45_20260603_112632,S10,5000,200,6,M1_BALANCED,45,A,L2,F1,H3,V3,map_S10_M1_BALANCED_seed045,602ce207537d3ff0a03da4a7dad6122bee47a182415509d38b30edb3b98e0955,32.278,65.241,198.088,399.972,25,48,0.3216,0.1224,60.0,23.729,83.729,143.729,150.0,90.0,7.764,0.0,1.0,0.532,1.0,0.056,3876.116762,1.224614,0.0,199,1407288,1407288,1.0,1797,1797,1.0,119700,0,1,S10|M1_BALANCED|45|A|L2|F1,true,false,false,/home/cyfer/FYP/WSN_simulation_V3/runs/S10_5000/outputs_production_50seed_part41_45/run_campaign_v3_S10_M1_BALANCED_A_L2_F1_H3_seed045_45_20260603_112632
campaign_v3_S10_M1_BALANCED_A_L2_F1_H4_seed041,campaign_v3_S10_M1_BALANCED_A_L2_F1_H4_seed041_41_20260603_112110,S10,5000,200,6,M1_BALANCED,41,A,L2,F1,H4,V3,map_S10_M1_BALANCED_seed041,00f6731b1be6645422980b4e678c9ffc0f045812e9b344049c7af5083bb8b64f,31.852,64.678,194.948,409.338,25,48,0.3175,0.1202,60.0,27.439,87.439,147.439,150.0,90.0,8.121,0.0,1.0,0.66,1.0,0.047,3843.974799,1.231087,0.0,197,1404523,1404523,1.0,1797,1797,1.0,119329,0,1,S10|M1_BALANCED|41|A|L2|F1,true,false,false,/home/cyfer/FYP/WSN_simulation_V3/runs/S10_5000/outputs_production_50seed_part41_45/run_campaign_v3_S10_M1_BALANCED_A_L2_F1_H4_seed041_41_20260603_112110
campaign_v3_S10_M1_BALANCED_A_L2_F1_H4_seed042,campaign_v3_S10_M1_BALANCED_A_L2_F1_H4_seed042_42_20260603_112229,S10,5000,200,6,M1_BALANCED,42,A,L2,F1,H4,V3,map_S10_M1_BALANCED_seed042,3fb3b857639f7ab75593ba1aee5ffc19382e976b43395acf096091c5c0c42ba2,31.851,63.899,195.961,393.321,25,48,0.3037,0.1316,60.0,27.837,87.837,147.837,150.0,90.0,7.999,0.0,1.0,0.532,1.0,0.134,3848.76538,1.230082,0.0,200,1405492,1405492,1.0,1797,1797,1.0,119404,0,1,S10|M1_BALANCED|42|A|L2|F1,true,false,false,/home/cyfer/FYP/WSN_simulation_V3/runs/S10_5000/outputs_production_50seed_part41_45/run_campaign_v3_S10_M1_BALANCED_A_L2_F1_H4_seed042_42_20260603_112229
campaign_v3_S10_M1_BALANCED_A_L2_F1_H4_seed043,campaign_v3_S10_M1_BALANCED_A_L2_F1_H4_seed043_43_20260603_112347,S10,5000,200,6,M1_BALANCED,43,A,L2,F1,H4,V3,map_S10_M1_BALANCED_seed043,95a779244b54b893be4537c1e51855809899e6e6c44613aecaa3b9e8e7b07542,32.292,63.903,195.696,409.379,25,46,0.3223,0.1158,60.0,27.985,87.985,147.985,150.0,90.0,8.801,0.0,1.0,0.778,1.0,0.156,3873.11472,1.225299,0.0,201,1404612,1404612,1.0,1797,1797,1.0,119404,0,1,S10|M1_BALANCED|43|A|L2|F1,true,false,false,/home/cyfer/FYP/WSN_simulation_V3/runs/S10_5000/outputs_production_50seed_part41_45/run_campaign_v3_S10_M1_BALANCED_A_L2_F1_H4_seed043_43_20260603_112347
campaign_v3_S10_M1_BALANCED_A_L2_F1_H4_seed044,campaign_v3_S10_M1_BALANCED_A_L2_F1_H4_seed044_44_20260603_112515,S10,5000,200,6,M1_BALANCED,44,A,L2,F1,H4,V3,map_S10_M1_BALANCED_seed044,164de8a74a2f8962e3113265d4de3a695dafdcefa184b5ddb3f8a1f15c9664b2,32.167,62.854,198.129,397.168,25,51,0.3359,0.1284,60.0,27.372,87.372,147.372,150.0,90.0,8.066,0.0,1.0,0.54,1.0,0.149,3861.575962,1.227543,0.0,197,1404434,1404434,1.0,1797,1797,1.0,119254,0,1,S10|M1_BALANCED|44|A|L2|F1,true,false,false,/home/cyfer/FYP/WSN_simulation_V3/runs/S10_5000/outputs_production_50seed_part41_45/run_campaign_v3_S10_M1_BALANCED_A_L2_F1_H4_seed044_44_20260603_112515
campaign_v3_S10_M1_BALANCED_A_L2_F1_H4_seed045,campaign_v3_S10_M1_BALANCED_A_L2_F1_H4_seed045_45_20260603_112635,S10,5000,200,6,M1_BALANCED,45,A,L2,F1,H4,V3,map_S10_M1_BALANCED_seed045,602ce207537d3ff0a03da4a7dad6122bee47a182415509d38b30edb3b98e0955,32.278,65.241,198.088,399.972,25,48,0.3216,0.1224,60.0,26.781,86.781,146.781,150.0,90.0,7.764,0.0,1.0,0.532,1.0,0.056,3873.344725,1.225169,0.0,199,1405937,1405937,1.0,1797,1797,1.0,119479,0,1,S10|M1_BALANCED|45|A|L2|F1,true,false,false,/home/cyfer/FYP/WSN_simulation_V3/runs/S10_5000/outputs_production_50seed_part41_45/run_campaign_v3_S10_M1_BALANCED_A_L2_F1_H4_seed045_45_20260603_112635
campaign_v3_S10_M1_BALANCED_A_L2_F2_H0_seed041,campaign_v3_S10_M1_BALANCED_A_L2_F2_H0_seed041_41_20260603_112102,S10,5000,200,6,M1_BALANCED,41,A,L2,F2,H0,V2,map_S10_M1_BALANCED_seed041,00f6731b1be6645422980b4e678c9ffc0f045812e9b344049c7af5083bb8b64f,31.852,64.678,194.948,409.338,25,48,0.3175,0.1202,60.0,-1.0,-1.0,-1.0,-1.0,-1.0,0.0,0.0,0.0,0.0,0.0,0.0,3841.77591,1.231645,0.0,195,1404855,1404855,1.0,1792,1792,1.0,120135,1,0,S10|M1_BALANCED|41|A|L2|F2,false,false,true,/home/cyfer/FYP/WSN_simulation_V3/runs/S10_5000/outputs_production_50seed_part41_45/run_campaign_v3_S10_M1_BALANCED_A_L2_F2_H0_seed041_41_20260603_112102
campaign_v3_S10_M1_BALANCED_A_L2_F2_H0_seed042,campaign_v3_S10_M1_BALANCED_A_L2_F2_H0_seed042_42_20260603_112220,S10,5000,200,6,M1_BALANCED,42,A,L2,F2,H0,V2,map_S10_M1_BALANCED_seed042,3fb3b857639f7ab75593ba1aee5ffc19382e976b43395acf096091c5c0c42ba2,31.851,63.899,195.961,393.321,25,48,0.3037,0.1316,60.0,-1.0,-1.0,-1.0,-1.0,-1.0,0.0,0.0,0.0,0.0,0.0,0.0,3847.099168,1.23058,0.0,198,1405560,1405560,1.0,1792,1792,1.0,120120,1,0,S10|M1_BALANCED|42|A|L2|F2,false,false,true,/home/cyfer/FYP/WSN_simulation_V3/runs/S10_5000/outputs_production_50seed_part41_45/run_campaign_v3_S10_M1_BALANCED_A_L2_F2_H0_seed042_42_20260603_112220
campaign_v3_S10_M1_BALANCED_A_L2_F2_H0_seed043,campaign_v3_S10_M1_BALANCED_A_L2_F2_H0_seed043_43_20260603_112339,S10,5000,200,6,M1_BALANCED,43,A,L2,F2,H0,V2,map_S10_M1_BALANCED_seed043,95a779244b54b893be4537c1e51855809899e6e6c44613aecaa3b9e8e7b07542,32.292,63.903,195.696,409.379,25,46,0.3223,0.1158,60.0,-1.0,-1.0,-1.0,-1.0,-1.0,0.0,0.0,0.0,0.0,0.0,0.0,3873.253658,1.225349,0.0,199,1405560,1405560,1.0,1792,1792,1.0,120120,1,0,S10|M1_BALANCED|43|A|L2|F2,false,false,true,/home/cyfer/FYP/WSN_simulation_V3/runs/S10_5000/outputs_production_50seed_part41_45/run_campaign_v3_S10_M1_BALANCED_A_L2_F2_H0_seed043_43_20260603_112339
campaign_v3_S10_M1_BALANCED_A_L2_F2_H0_seed044,campaign_v3_S10_M1_BALANCED_A_L2_F2_H0_seed044_44_20260603_112507,S10,5000,200,6,M1_BALANCED,44,A,L2,F2,H0,V2,map_S10_M1_BALANCED_seed044,164de8a74a2f8962e3113265d4de3a695dafdcefa184b5ddb3f8a1f15c9664b2,32.167,62.854,198.129,397.168,25,51,0.3359,0.1284,60.0,-1.0,-1.0,-1.0,-1.0,-1.0,0.0,0.0,0.0,0.0,0.0,0.0,3859.260891,1.228148,0.0,195,1404150,1404150,1.0,1792,1792,1.0,120150,1,0,S10|M1_BALANCED|44|A|L2|F2,false,false,true,/home/cyfer/FYP/WSN_simulation_V3/runs/S10_5000/outputs_production_50seed_part41_45/run_campaign_v3_S10_M1_BALANCED_A_L2_F2_H0_seed044_44_20260603_112507
campaign_v3_S10_M1_BALANCED_A_L2_F2_H0_seed045,campaign_v3_S10_M1_BALANCED_A_L2_F2_H0_seed045_45_20260603_112627,S10,5000,200,6,M1_BALANCED,45,A,L2,F2,H0,V2,map_S10_M1_BALANCED_seed045,602ce207537d3ff0a03da4a7dad6122bee47a182415509d38b30edb3b98e0955,32.278,65.241,198.088,399.972,25,48,0.3216,0.1224,60.0,-1.0,-1.0,-1.0,-1.0,-1.0,0.0,0.0,0.0,0.0,0.0,0.0,3872.501888,1.2255,0.0,197,1406265,1406265,1.0,1792,1792,1.0,120105,1,0,S10|M1_BALANCED|45|A|L2|F2,false,false,true,/home/cyfer/FYP/WSN_simulation_V3/runs/S10_5000/outputs_production_50seed_part41_45/run_campaign_v3_S10_M1_BALANCED_A_L2_F2_H0_seed045_45_20260603_112627
campaign_v3_S10_M1_BALANCED_A_L2_F2_H1_seed041,campaign_v3_S10_M1_BALANCED_A_L2_F2_H1_seed041_41_20260603_112113,S10,5000,200,6,M1_BALANCED,41,A,L2,F2,H1,V3,map_S10_M1_BALANCED_seed041,00f6731b1be6645422980b4e678c9ffc0f045812e9b344049c7af5083bb8b64f,31.852,64.678,194.948,409.338,25,48,0.3175,0.1202,60.0,24.224,84.224,144.224,150.0,90.0,6.837,0.0,1.0,0.574,0.631,0.074,3853.460903,1.229308,0.0,196,1408905,1408905,1.0,1797,1797,1.0,120000,0,1,S10|M1_BALANCED|41|A|L2|F2,true,false,false,/home/cyfer/FYP/WSN_simulation_V3/runs/S10_5000/outputs_production_50seed_part41_45/run_campaign_v3_S10_M1_BALANCED_A_L2_F2_H1_seed041_41_20260603_112113
campaign_v3_S10_M1_BALANCED_A_L2_F2_H1_seed042,campaign_v3_S10_M1_BALANCED_A_L2_F2_H1_seed042_42_20260603_112232,S10,5000,200,6,M1_BALANCED,42,A,L2,F2,H1,V3,map_S10_M1_BALANCED_seed042,3fb3b857639f7ab75593ba1aee5ffc19382e976b43395acf096091c5c0c42ba2,31.851,63.899,195.961,393.321,25,48,0.3037,0.1316,60.0,24.63,84.63,144.63,150.0,90.0,6.735,0.0,1.0,0.511,0.576,0.158,3858.150159,1.22837,0.0,199,1409160,1409160,1.0,1797,1797,1.0,120000,0,1,S10|M1_BALANCED|42|A|L2|F2,true,false,false,/home/cyfer/FYP/WSN_simulation_V3/runs/S10_5000/outputs_production_50seed_part41_45/run_campaign_v3_S10_M1_BALANCED_A_L2_F2_H1_seed042_42_20260603_112232
campaign_v3_S10_M1_BALANCED_A_L2_F2_H1_seed043,campaign_v3_S10_M1_BALANCED_A_L2_F2_H1_seed043_43_20260603_112349,S10,5000,200,6,M1_BALANCED,43,A,L2,F2,H1,V3,map_S10_M1_BALANCED_seed043,95a779244b54b893be4537c1e51855809899e6e6c44613aecaa3b9e8e7b07542,32.292,63.903,195.696,409.379,25,46,0.3223,0.1158,60.0,24.467,84.467,144.467,150.0,90.0,6.569,0.0,1.0,0.533,0.543,0.114,3882.956941,1.223409,0.0,200,1409160,1409160,1.0,1797,1797,1.0,120000,0,1,S10|M1_BALANCED|43|A|L2|F2,true,false,false,/home/cyfer/FYP/WSN_simulation_V3/runs/S10_5000/outputs_production_50seed_part41_45/run_campaign_v3_S10_M1_BALANCED_A_L2_F2_H1_seed043_43_20260603_112349
campaign_v3_S10_M1_BALANCED_A_L2_F2_H1_seed044,campaign_v3_S10_M1_BALANCED_A_L2_F2_H1_seed044_44_20260603_112518,S10,5000,200,6,M1_BALANCED,44,A,L2,F2,H1,V3,map_S10_M1_BALANCED_seed044,164de8a74a2f8962e3113265d4de3a695dafdcefa184b5ddb3f8a1f15c9664b2,32.167,62.854,198.129,397.168,25,51,0.3359,0.1284,60.0,25.206,85.206,145.206,150.0,90.0,7.347,0.0,1.0,0.6,0.719,0.13,3872.127191,1.225575,0.0,196,1408620,1408620,1.0,1797,1797,1.0,120000,0,1,S10|M1_BALANCED|44|A|L2|F2,true,false,false,/home/cyfer/FYP/WSN_simulation_V3/runs/S10_5000/outputs_production_50seed_part41_45/run_campaign_v3_S10_M1_BALANCED_A_L2_F2_H1_seed044_44_20260603_112518
campaign_v3_S10_M1_BALANCED_A_L2_F2_H1_seed045,campaign_v3_S10_M1_BALANCED_A_L2_F2_H1_seed045_45_20260603_112638,S10,5000,200,6,M1_BALANCED,45,A,L2,F2,H1,V3,map_S10_M1_BALANCED_seed045,602ce207537d3ff0a03da4a7dad6122bee47a182415509d38b30edb3b98e0955,32.278,65.241,198.088,399.972,25,48,0.3216,0.1224,60.0,23.38,83.38,143.38,150.0,90.0,6.134,0.0,1.0,0.447,0.487,0.111,3881.528746,1.223694,0.0,198,1409436,1409436,1.0,1797,1797,1.0,120000,0,1,S10|M1_BALANCED|45|A|L2|F2,true,false,false,/home/cyfer/FYP/WSN_simulation_V3/runs/S10_5000/outputs_production_50seed_part41_45/run_campaign_v3_S10_M1_BALANCED_A_L2_F2_H1_seed045_45_20260603_112638
campaign_v3_S10_M1_BALANCED_A_L2_F2_H3_seed041,campaign_v3_S10_M1_BALANCED_A_L2_F2_H3_seed041_41_20260603_112113,S10,5000,200,6,M1_BALANCED,41,A,L2,F2,H3,V3,map_S10_M1_BALANCED_seed041,00f6731b1be6645422980b4e678c9ffc0f045812e9b344049c7af5083bb8b64f,31.852,64.678,194.948,409.338,25,48,0.3175,0.1202,60.0,30.052,90.052,150.052,160.0,100.0,6.837,0.0,1.0,0.574,0.631,0.074,3849.099963,1.23018,0.0,196,1406871,1406871,1.0,1796,1796,1.0,119675,0,1,S10|M1_BALANCED|41|A|L2|F2,true,false,false,/home/cyfer/FYP/WSN_simulation_V3/runs/S10_5000/outputs_production_50seed_part41_45/run_campaign_v3_S10_M1_BALANCED_A_L2_F2_H3_seed041_41_20260603_112113
campaign_v3_S10_M1_BALANCED_A_L2_F2_H3_seed042,campaign_v3_S10_M1_BALANCED_A_L2_F2_H3_seed042_42_20260603_112233,S10,5000,200,6,M1_BALANCED,42,A,L2,F2,H3,V3,map_S10_M1_BALANCED_seed042,3fb3b857639f7ab75593ba1aee5ffc19382e976b43395acf096091c5c0c42ba2,31.851,63.899,195.961,393.321,25,48,0.3037,0.1316,60.0,29.975,89.975,149.975,150.0,90.0,6.735,0.0,1.0,0.511,0.576,0.158,3853.219238,1.229356,0.0,199,1407300,1407300,1.0,1797,1797,1.0,119700,0,1,S10|M1_BALANCED|42|A|L2|F2,true,false,false,/home/cyfer/FYP/WSN_simulation_V3/runs/S10_5000/outputs_production_50seed_part41_45/run_campaign_v3_S10_M1_BALANCED_A_L2_F2_H3_seed042_42_20260603_112233
campaign_v3_S10_M1_BALANCED_A_L2_F2_H3_seed043,campaign_v3_S10_M1_BALANCED_A_L2_F2_H3_seed043_43_20260603_112350,S10,5000,200,6,M1_BALANCED,43,A,L2,F2,H3,V3,map_S10_M1_BALANCED_seed043,95a779244b54b893be4537c1e51855809899e6e6c44613aecaa3b9e8e7b07542,32.292,63.903,195.696,409.379,25,46,0.3223,0.1158,60.0,30.401,90.401,150.401,160.0,100.0,6.569,0.0,1.0,0.533,0.543,0.114,3878.321589,1.224336,0.0,200,1407288,1407288,1.0,1796,1796,1.0,119700,0,1,S10|M1_BALANCED|43|A|L2|F2,true,false,false,/home/cyfer/FYP/WSN_simulation_V3/runs/S10_5000/outputs_production_50seed_part41_45/run_campaign_v3_S10_M1_BALANCED_A_L2_F2_H3_seed043_43_20260603_112350
campaign_v3_S10_M1_BALANCED_A_L2_F2_H3_seed044,campaign_v3_S10_M1_BALANCED_A_L2_F2_H3_seed044_44_20260603_112518,S10,5000,200,6,M1_BALANCED,44,A,L2,F2,H3,V3,map_S10_M1_BALANCED_seed044,164de8a74a2f8962e3113265d4de3a695dafdcefa184b5ddb3f8a1f15c9664b2,32.167,62.854,198.129,397.168,25,51,0.3359,0.1284,60.0,30.674,90.674,150.674,160.0,100.0,7.347,0.0,1.0,0.6,0.719,0.13,3866.852459,1.22663,0.0,196,1406310,1406310,1.0,1796,1796,1.0,119625,0,1,S10|M1_BALANCED|44|A|L2|F2,true,false,false,/home/cyfer/FYP/WSN_simulation_V3/runs/S10_5000/outputs_production_50seed_part41_45/run_campaign_v3_S10_M1_BALANCED_A_L2_F2_H3_seed044_44_20260603_112518
campaign_v3_S10_M1_BALANCED_A_L2_F2_H3_seed045,campaign_v3_S10_M1_BALANCED_A_L2_F2_H3_seed045_45_20260603_112639,S10,5000,200,6,M1_BALANCED,45,A,L2,F2,H3,V3,map_S10_M1_BALANCED_seed045,602ce207537d3ff0a03da4a7dad6122bee47a182415509d38b30edb3b98e0955,32.278,65.241,198.088,399.972,25,48,0.3216,0.1224,60.0,29.684,89.684,149.684,150.0,90.0,6.134,0.0,1.0,0.447,0.487,0.111,3877.499987,1.2245,0.0,198,1407860,1407860,1.0,1797,1797,1.0,119750,0,1,S10|M1_BALANCED|45|A|L2|F2,true,false,false,/home/cyfer/FYP/WSN_simulation_V3/runs/S10_5000/outputs_production_50seed_part41_45/run_campaign_v3_S10_M1_BALANCED_A_L2_F2_H3_seed045_45_20260603_112639
campaign_v3_S10_M1_BALANCED_A_L2_F2_H4_seed041,campaign_v3_S10_M1_BALANCED_A_L2_F2_H4_seed041_41_20260603_112114,S10,5000,200,6,M1_BALANCED,41,A,L2,F2,H4,V3,map_S10_M1_BALANCED_seed041,00f6731b1be6645422980b4e678c9ffc0f045812e9b344049c7af5083bb8b64f,31.852,64.678,194.948,409.338,25,48,0.3175,0.1202,60.0,34.476,94.476,154.476,160.0,100.0,6.837,0.0,1.0,0.574,0.631,0.074,3852.809207,1.229438,0.0,196,1408635,1408635,1.0,1796,1796,1.0,120000,0,1,S10|M1_BALANCED|41|A|L2|F2,true,false,false,/home/cyfer/FYP/WSN_simulation_V3/runs/S10_5000/outputs_production_50seed_part41_45/run_campaign_v3_S10_M1_BALANCED_A_L2_F2_H4_seed041_41_20260603_112114
campaign_v3_S10_M1_BALANCED_A_L2_F2_H4_seed042,campaign_v3_S10_M1_BALANCED_A_L2_F2_H4_seed042_42_20260603_112233,S10,5000,200,6,M1_BALANCED,42,A,L2,F2,H4,V3,map_S10_M1_BALANCED_seed042,3fb3b857639f7ab75593ba1aee5ffc19382e976b43395acf096091c5c0c42ba2,31.851,63.899,195.961,393.321,25,48,0.3037,0.1316,60.0,33.809,93.809,153.809,160.0,100.0,6.735,0.0,1.0,0.511,0.576,0.158,3857.601843,1.22848,0.0,199,1408944,1408944,1.0,1796,1796,1.0,120000,0,1,S10|M1_BALANCED|42|A|L2|F2,true,false,false,/home/cyfer/FYP/WSN_simulation_V3/runs/S10_5000/outputs_production_50seed_part41_45/run_campaign_v3_S10_M1_BALANCED_A_L2_F2_H4_seed042_42_20260603_112233
campaign_v3_S10_M1_BALANCED_A_L2_F2_H4_seed043,campaign_v3_S10_M1_BALANCED_A_L2_F2_H4_seed043_43_20260603_112351,S10,5000,200,6,M1_BALANCED,43,A,L2,F2,H4,V3,map_S10_M1_BALANCED_seed043,95a779244b54b893be4537c1e51855809899e6e6c44613aecaa3b9e8e7b07542,32.292,63.903,195.696,409.379,25,46,0.3223,0.1158,60.0,34.362,94.362,154.362,160.0,100.0,6.569,0.0,1.0,0.533,0.543,0.114,3882.436822,1.223513,0.0,200,1408920,1408920,1.0,1796,1796,1.0,120000,0,1,S10|M1_BALANCED|43|A|L2|F2,true,false,false,/home/cyfer/FYP/WSN_simulation_V3/runs/S10_5000/outputs_production_50seed_part41_45/run_campaign_v3_S10_M1_BALANCED_A_L2_F2_H4_seed043_43_20260603_112351
campaign_v3_S10_M1_BALANCED_A_L2_F2_H4_seed044,campaign_v3_S10_M1_BALANCED_A_L2_F2_H4_seed044_44_20260603_112519,S10,5000,200,6,M1_BALANCED,44,A,L2,F2,H4,V3,map_S10_M1_BALANCED_seed044,164de8a74a2f8962e3113265d4de3a695dafdcefa184b5ddb3f8a1f15c9664b2,32.167,62.854,198.129,397.168,25,51,0.3359,0.1284,60.0,34.71,94.71,154.71,160.0,100.0,7.347,0.0,1.0,0.6,0.719,0.13,3871.464843,1.225707,0.0,196,1408350,1408350,1.0,1796,1796,1.0,120000,0,1,S10|M1_BALANCED|44|A|L2|F2,true,false,false,/home/cyfer/FYP/WSN_simulation_V3/runs/S10_5000/outputs_production_50seed_part41_45/run_campaign_v3_S10_M1_BALANCED_A_L2_F2_H4_seed044_44_20260603_112519
campaign_v3_S10_M1_BALANCED_A_L2_F2_H4_seed045,campaign_v3_S10_M1_BALANCED_A_L2_F2_H4_seed045_45_20260603_112639,S10,5000,200,6,M1_BALANCED,45,A,L2,F2,H4,V3,map_S10_M1_BALANCED_seed045,602ce207537d3ff0a03da4a7dad6122bee47a182415509d38b30edb3b98e0955,32.278,65.241,198.088,399.972,25,48,0.3216,0.1224,60.0,33.515,93.515,153.515,160.0,100.0,6.134,0.0,1.0,0.447,0.487,0.111,3881.057042,1.223789,0.0,198,1409226,1409226,1.0,1796,1796,1.0,120000,0,1,S10|M1_BALANCED|45|A|L2|F2,true,false,false,/home/cyfer/FYP/WSN_simulation_V3/runs/S10_5000/outputs_production_50seed_part41_45/run_campaign_v3_S10_M1_BALANCED_A_L2_F2_H4_seed045_45_20260603_112639
campaign_v3_S10_M1_BALANCED_A_L2_F3_H0_seed041,campaign_v3_S10_M1_BALANCED_A_L2_F3_H0_seed041_41_20260603_112103,S10,5000,200,6,M1_BALANCED,41,A,L2,F3,H0,V2,map_S10_M1_BALANCED_seed041,00f6731b1be6645422980b4e678c9ffc0f045812e9b344049c7af5083bb8b64f,31.852,64.678,194.948,409.338,25,48,0.3175,0.1202,60.0,-1.0,-1.0,-1.0,-1.0,-1.0,0.0,0.0,0.0,0.0,0.0,0.0,3844.829072,1.231034,0.0,195,1406030,1406030,1.0,1792,1792,1.0,120110,1,0,S10|M1_BALANCED|41|A|L2|F3,false,false,true,/home/cyfer/FYP/WSN_simulation_V3/runs/S10_5000/outputs_production_50seed_part41_45/run_campaign_v3_S10_M1_BALANCED_A_L2_F3_H0_seed041_41_20260603_112103
campaign_v3_S10_M1_BALANCED_A_L2_F3_H0_seed042,campaign_v3_S10_M1_BALANCED_A_L2_F3_H0_seed042_42_20260603_112221,S10,5000,200,6,M1_BALANCED,42,A,L2,F3,H0,V2,map_S10_M1_BALANCED_seed042,3fb3b857639f7ab75593ba1aee5ffc19382e976b43395acf096091c5c0c42ba2,31.851,63.899,195.961,393.321,25,48,0.3037,0.1316,60.0,-1.0,-1.0,-1.0,-1.0,-1.0,0.0,0.0,0.0,0.0,0.0,0.0,3852.22505,1.229555,0.0,198,1407205,1407205,1.0,1792,1792,1.0,120085,1,0,S10|M1_BALANCED|42|A|L2|F3,false,false,true,/home/cyfer/FYP/WSN_simulation_V3/runs/S10_5000/outputs_production_50seed_part41_45/run_campaign_v3_S10_M1_BALANCED_A_L2_F3_H0_seed042_42_20260603_112221
campaign_v3_S10_M1_BALANCED_A_L2_F3_H0_seed043,campaign_v3_S10_M1_BALANCED_A_L2_F3_H0_seed043_43_20260603_112340,S10,5000,200,6,M1_BALANCED,43,A,L2,F3,H0,V2,map_S10_M1_BALANCED_seed043,95a779244b54b893be4537c1e51855809899e6e6c44613aecaa3b9e8e7b07542,32.292,63.903,195.696,409.379,25,46,0.3223,0.1158,60.0,-1.0,-1.0,-1.0,-1.0,-1.0,0.0,0.0,0.0,0.0,0.0,0.0,3877.270703,1.224546,0.0,199,1407440,1407440,1.0,1792,1792,1.0,120080,1,0,S10|M1_BALANCED|43|A|L2|F3,false,false,true,/home/cyfer/FYP/WSN_simulation_V3/runs/S10_5000/outputs_production_50seed_part41_45/run_campaign_v3_S10_M1_BALANCED_A_L2_F3_H0_seed043_43_20260603_112340
campaign_v3_S10_M1_BALANCED_A_L2_F3_H0_seed044,campaign_v3_S10_M1_BALANCED_A_L2_F3_H0_seed044_44_20260603_112508,S10,5000,200,6,M1_BALANCED,44,A,L2,F3,H0,V2,map_S10_M1_BALANCED_seed044,164de8a74a2f8962e3113265d4de3a695dafdcefa184b5ddb3f8a1f15c9664b2,32.167,62.854,198.129,397.168,25,51,0.3359,0.1284,60.0,-1.0,-1.0,-1.0,-1.0,-1.0,0.0,0.0,0.0,0.0,0.0,0.0,3868.630226,1.226274,0.0,195,1407440,1407440,1.0,1792,1792,1.0,120080,1,0,S10|M1_BALANCED|44|A|L2|F3,false,false,true,/home/cyfer/FYP/WSN_simulation_V3/runs/S10_5000/outputs_production_50seed_part41_45/run_campaign_v3_S10_M1_BALANCED_A_L2_F3_H0_seed044_44_20260603_112508
campaign_v3_S10_M1_BALANCED_A_L2_F3_H0_seed045,campaign_v3_S10_M1_BALANCED_A_L2_F3_H0_seed045_45_20260603_112628,S10,5000,200,6,M1_BALANCED,45,A,L2,F3,H0,V2,map_S10_M1_BALANCED_seed045,602ce207537d3ff0a03da4a7dad6122bee47a182415509d38b30edb3b98e0955,32.278,65.241,198.088,399.972,25,48,0.3216,0.1224,60.0,-1.0,-1.0,-1.0,-1.0,-1.0,0.0,0.0,0.0,0.0,0.0,0.0,3861.515111,1.227697,0.0,198,1402035,1402035,1.0,1792,1792,1.0,120195,1,0,S10|M1_BALANCED|45|A|L2|F3,false,false,true,/home/cyfer/FYP/WSN_simulation_V3/runs/S10_5000/outputs_production_50seed_part41_45/run_campaign_v3_S10_M1_BALANCED_A_L2_F3_H0_seed045_45_20260603_112628
campaign_v3_S10_M1_BALANCED_A_L2_F3_H1_seed041,campaign_v3_S10_M1_BALANCED_A_L2_F3_H1_seed041_41_20260603_112114,S10,5000,200,6,M1_BALANCED,41,A,L2,F3,H1,V3,map_S10_M1_BALANCED_seed041,00f6731b1be6645422980b4e678c9ffc0f045812e9b344049c7af5083bb8b64f,31.852,64.678,194.948,409.338,25,48,0.3175,0.1202,60.0,27.731,87.731,147.731,150.0,90.0,6.154,0.0,1.0,0.468,0.509,0.074,3845.056771,1.230989,0.0,195,1406050,1406050,1.0,1797,1797,1.0,119454,0,1,S10|M1_BALANCED|41|A|L2|F3,true,false,false,/home/cyfer/FYP/WSN_simulation_V3/runs/S10_5000/outputs_production_50seed_part41_45/run_campaign_v3_S10_M1_BALANCED_A_L2_F3_H1_seed041_41_20260603_112114
campaign_v3_S10_M1_BALANCED_A_L2_F3_H1_seed042,campaign_v3_S10_M1_BALANCED_A_L2_F3_H1_seed042_42_20260603_112234,S10,5000,200,6,M1_BALANCED,42,A,L2,F3,H1,V3,map_S10_M1_BALANCED_seed042,3fb3b857639f7ab75593ba1aee5ffc19382e976b43395acf096091c5c0c42ba2,31.851,63.899,195.961,393.321,25,48,0.3037,0.1316,60.0,27.04,87.04,147.04,150.0,90.0,5.579,0.0,1.0,0.362,0.388,0.11,3852.415104,1.229517,0.0,198,1407225,1407225,1.0,1797,1797,1.0,119579,0,1,S10|M1_BALANCED|42|A|L2|F3,true,false,false,/home/cyfer/FYP/WSN_simulation_V3/runs/S10_5000/outputs_production_50seed_part41_45/run_campaign_v3_S10_M1_BALANCED_A_L2_F3_H1_seed042_42_20260603_112234
campaign_v3_S10_M1_BALANCED_A_L2_F3_H1_seed043,campaign_v3_S10_M1_BALANCED_A_L2_F3_H1_seed043_43_20260603_112351,S10,5000,200,6,M1_BALANCED,43,A,L2,F3,H1,V3,map_S10_M1_BALANCED_seed043,95a779244b54b893be4537c1e51855809899e6e6c44613aecaa3b9e8e7b07542,32.292,63.903,195.696,409.379,25,46,0.3223,0.1158,60.0,26.908,86.908,146.908,150.0,90.0,5.608,0.0,1.0,0.356,0.358,0.156,3877.468777,1.224506,0.0,199,1407460,1407460,1.0,1797,1797,1.0,119604,0,1,S10|M1_BALANCED|43|A|L2|F3,true,false,false,/home/cyfer/FYP/WSN_simulation_V3/runs/S10_5000/outputs_production_50seed_part41_45/run_campaign_v3_S10_M1_BALANCED_A_L2_F3_H1_seed043_43_20260603_112351
campaign_v3_S10_M1_BALANCED_A_L2_F3_H1_seed044,campaign_v3_S10_M1_BALANCED_A_L2_F3_H1_seed044_44_20260603_112520,S10,5000,200,6,M1_BALANCED,44,A,L2,F3,H1,V3,map_S10_M1_BALANCED_seed044,164de8a74a2f8962e3113265d4de3a695dafdcefa184b5ddb3f8a1f15c9664b2,32.167,62.854,198.129,397.168,25,51,0.3359,0.1284,60.0,26.951,86.951,146.951,150.0,90.0,5.43,0.0,1.0,0.32,0.356,0.134,3868.815776,1.226237,0.0,195,1407460,1407460,1.0,1797,1797,1.0,119604,0,1,S10|M1_BALANCED|44|A|L2|F3,true,false,false,/home/cyfer/FYP/WSN_simulation_V3/runs/S10_5000/outputs_production_50seed_part41_45/run_campaign_v3_S10_M1_BALANCED_A_L2_F3_H1_seed044_44_20260603_112520
campaign_v3_S10_M1_BALANCED_A_L2_F3_H1_seed045,campaign_v3_S10_M1_BALANCED_A_L2_F3_H1_seed045_45_20260603_112640,S10,5000,200,6,M1_BALANCED,45,A,L2,F3,H1,V3,map_S10_M1_BALANCED_seed045,602ce207537d3ff0a03da4a7dad6122bee47a182415509d38b30edb3b98e0955,32.278,65.241,198.088,399.972,25,48,0.3216,0.1224,60.0,29.785,89.785,149.785,150.0,90.0,8.604,0.0,1.0,0.83,0.932,0.106,3861.842029,1.227632,0.0,198,1402055,1402055,1.0,1797,1797,1.0,119029,0,1,S10|M1_BALANCED|45|A|L2|F3,true,false,false,/home/cyfer/FYP/WSN_simulation_V3/runs/S10_5000/outputs_production_50seed_part41_45/run_campaign_v3_S10_M1_BALANCED_A_L2_F3_H1_seed045_45_20260603_112640
campaign_v3_S10_M1_BALANCED_A_L2_F3_H3_seed041,campaign_v3_S10_M1_BALANCED_A_L2_F3_H3_seed041_41_20260603_112115,S10,5000,200,6,M1_BALANCED,41,A,L2,F3,H3,V3,map_S10_M1_BALANCED_seed041,00f6731b1be6645422980b4e678c9ffc0f045812e9b344049c7af5083bb8b64f,31.852,64.678,194.948,409.338,25,48,0.3175,0.1202,60.0,33.366,93.366,153.366,160.0,100.0,6.154,0.0,1.0,0.468,0.509,0.074,3845.030172,1.230994,0.0,195,1406046,1406046,1.0,1796,1796,1.0,119454,0,1,S10|M1_BALANCED|41|A|L2|F3,true,false,false,/home/cyfer/FYP/WSN_simulation_V3/runs/S10_5000/outputs_production_50seed_part41_45/run_campaign_v3_S10_M1_BALANCED_A_L2_F3_H3_seed041_41_20260603_112115
campaign_v3_S10_M1_BALANCED_A_L2_F3_H3_seed042,campaign_v3_S10_M1_BALANCED_A_L2_F3_H3_seed042_42_20260603_112234,S10,5000,200,6,M1_BALANCED,42,A,L2,F3,H3,V3,map_S10_M1_BALANCED_seed042,3fb3b857639f7ab75593ba1aee5ffc19382e976b43395acf096091c5c0c42ba2,31.851,63.899,195.961,393.321,25,48,0.3037,0.1316,60.0,33.098,93.098,153.098,160.0,100.0,5.579,0.0,1.0,0.362,0.388,0.11,3852.400806,1.22952,0.0,198,1407221,1407221,1.0,1796,1796,1.0,119579,0,1,S10|M1_BALANCED|42|A|L2|F3,true,false,false,/home/cyfer/FYP/WSN_simulation_V3/runs/S10_5000/outputs_production_50seed_part41_45/run_campaign_v3_S10_M1_BALANCED_A_L2_F3_H3_seed042_42_20260603_112234
campaign_v3_S10_M1_BALANCED_A_L2_F3_H3_seed043,campaign_v3_S10_M1_BALANCED_A_L2_F3_H3_seed043_43_20260603_112352,S10,5000,200,6,M1_BALANCED,43,A,L2,F3,H3,V3,map_S10_M1_BALANCED_seed043,95a779244b54b893be4537c1e51855809899e6e6c44613aecaa3b9e8e7b07542,32.292,63.903,195.696,409.379,25,46,0.3223,0.1158,60.0,33.502,93.502,153.502,160.0,100.0,5.608,0.0,1.0,0.356,0.358,0.156,3877.449163,1.22451,0.0,199,1407456,1407456,1.0,1796,1796,1.0,119604,0,1,S10|M1_BALANCED|43|A|L2|F3,true,false,false,/home/cyfer/FYP/WSN_simulation_V3/runs/S10_5000/outputs_production_50seed_part41_45/run_campaign_v3_S10_M1_BALANCED_A_L2_F3_H3_seed043_43_20260603_112352
campaign_v3_S10_M1_BALANCED_A_L2_F3_H3_seed044,campaign_v3_S10_M1_BALANCED_A_L2_F3_H3_seed044_44_20260603_112520,S10,5000,200,6,M1_BALANCED,44,A,L2,F3,H3,V3,map_S10_M1_BALANCED_seed044,164de8a74a2f8962e3113265d4de3a695dafdcefa184b5ddb3f8a1f15c9664b2,32.167,62.854,198.129,397.168,25,51,0.3359,0.1284,60.0,33.388,93.388,153.388,160.0,100.0,5.43,0.0,1.0,0.32,0.356,0.134,3868.799142,1.22624,0.0,195,1407456,1407456,1.0,1796,1796,1.0,119604,0,1,S10|M1_BALANCED|44|A|L2|F3,true,false,false,/home/cyfer/FYP/WSN_simulation_V3/runs/S10_5000/outputs_production_50seed_part41_45/run_campaign_v3_S10_M1_BALANCED_A_L2_F3_H3_seed044_44_20260603_112520
campaign_v3_S10_M1_BALANCED_A_L2_F3_H3_seed045,campaign_v3_S10_M1_BALANCED_A_L2_F3_H3_seed045_45_20260603_112640,S10,5000,200,6,M1_BALANCED,45,A,L2,F3,H3,V3,map_S10_M1_BALANCED_seed045,602ce207537d3ff0a03da4a7dad6122bee47a182415509d38b30edb3b98e0955,32.278,65.241,198.088,399.972,25,48,0.3216,0.1224,60.0,35.824,95.824,155.824,160.0,100.0,8.604,0.0,1.0,0.83,0.932,0.106,3861.820908,1.227636,0.0,198,1402051,1402051,1.0,1796,1796,1.0,119029,0,1,S10|M1_BALANCED|45|A|L2|F3,true,false,false,/home/cyfer/FYP/WSN_simulation_V3/runs/S10_5000/outputs_production_50seed_part41_45/run_campaign_v3_S10_M1_BALANCED_A_L2_F3_H3_seed045_45_20260603_112640
campaign_v3_S10_M1_BALANCED_A_L2_F3_H4_seed041,campaign_v3_S10_M1_BALANCED_A_L2_F3_H4_seed041_41_20260603_112116,S10,5000,200,6,M1_BALANCED,41,A,L2,F3,H4,V3,map_S10_M1_BALANCED_seed041,00f6731b1be6645422980b4e678c9ffc0f045812e9b344049c7af5083bb8b64f,31.852,64.678,194.948,409.338,25,48,0.3175,0.1202,60.0,38.062,98.062,158.062,160.0,100.0,6.154,0.0,1.0,0.468,0.509,0.074,3845.037471,1.230993,0.0,195,1406046,1406046,1.0,1796,1796,1.0,119454,0,1,S10|M1_BALANCED|41|A|L2|F3,true,false,false,/home/cyfer/FYP/WSN_simulation_V3/runs/S10_5000/outputs_production_50seed_part41_45/run_campaign_v3_S10_M1_BALANCED_A_L2_F3_H4_seed041_41_20260603_112116
campaign_v3_S10_M1_BALANCED_A_L2_F3_H4_seed042,campaign_v3_S10_M1_BALANCED_A_L2_F3_H4_seed042_42_20260603_112235,S10,5000,200,6,M1_BALANCED,42,A,L2,F3,H4,V3,map_S10_M1_BALANCED_seed042,3fb3b857639f7ab75593ba1aee5ffc19382e976b43395acf096091c5c0c42ba2,31.851,63.899,195.961,393.321,25,48,0.3037,0.1316,60.0,37.221,97.221,157.221,160.0,100.0,5.579,0.0,1.0,0.362,0.388,0.11,3852.397333,1.229521,0.0,198,1407221,1407221,1.0,1796,1796,1.0,119579,0,1,S10|M1_BALANCED|42|A|L2|F3,true,false,false,/home/cyfer/FYP/WSN_simulation_V3/runs/S10_5000/outputs_production_50seed_part41_45/run_campaign_v3_S10_M1_BALANCED_A_L2_F3_H4_seed042_42_20260603_112235
campaign_v3_S10_M1_BALANCED_A_L2_F3_H4_seed043,campaign_v3_S10_M1_BALANCED_A_L2_F3_H4_seed043_43_20260603_112352,S10,5000,200,6,M1_BALANCED,43,A,L2,F3,H4,V3,map_S10_M1_BALANCED_seed043,95a779244b54b893be4537c1e51855809899e6e6c44613aecaa3b9e8e7b07542,32.292,63.903,195.696,409.379,25,46,0.3223,0.1158,60.0,37.274,97.274,157.274,160.0,100.0,5.608,0.0,1.0,0.356,0.358,0.156,3877.448202,1.22451,0.0,199,1407456,1407456,1.0,1796,1796,1.0,119604,0,1,S10|M1_BALANCED|43|A|L2|F3,true,false,false,/home/cyfer/FYP/WSN_simulation_V3/runs/S10_5000/outputs_production_50seed_part41_45/run_campaign_v3_S10_M1_BALANCED_A_L2_F3_H4_seed043_43_20260603_112352
campaign_v3_S10_M1_BALANCED_A_L2_F3_H4_seed044,campaign_v3_S10_M1_BALANCED_A_L2_F3_H4_seed044_44_20260603_112521,S10,5000,200,6,M1_BALANCED,44,A,L2,F3,H4,V3,map_S10_M1_BALANCED_seed044,164de8a74a2f8962e3113265d4de3a695dafdcefa184b5ddb3f8a1f15c9664b2,32.167,62.854,198.129,397.168,25,51,0.3359,0.1284,60.0,36.831,96.831,156.831,160.0,100.0,5.43,0.0,1.0,0.32,0.356,0.134,3868.797706,1.22624,0.0,195,1407456,1407456,1.0,1796,1796,1.0,119604,0,1,S10|M1_BALANCED|44|A|L2|F3,true,false,false,/home/cyfer/FYP/WSN_simulation_V3/runs/S10_5000/outputs_production_50seed_part41_45/run_campaign_v3_S10_M1_BALANCED_A_L2_F3_H4_seed044_44_20260603_112521
campaign_v3_S10_M1_BALANCED_A_L2_F3_H4_seed045,campaign_v3_S10_M1_BALANCED_A_L2_F3_H4_seed045_45_20260603_112641,S10,5000,200,6,M1_BALANCED,45,A,L2,F3,H4,V3,map_S10_M1_BALANCED_seed045,602ce207537d3ff0a03da4a7dad6122bee47a182415509d38b30edb3b98e0955,32.278,65.241,198.088,399.972,25,48,0.3216,0.1224,60.0,39.77,99.77,159.77,160.0,100.0,8.604,0.0,1.0,0.83,0.932,0.106,3861.823286,1.227635,0.0,198,1402051,1402051,1.0,1796,1796,1.0,119029,0,1,S10|M1_BALANCED|45|A|L2|F3,true,false,false,/home/cyfer/FYP/WSN_simulation_V3/runs/S10_5000/outputs_production_50seed_part41_45/run_campaign_v3_S10_M1_BALANCED_A_L2_F3_H4_seed045_45_20260603_112641
campaign_v3_S10_M1_BALANCED_A_L2_F4_H0_seed041,campaign_v3_S10_M1_BALANCED_A_L2_F4_H0_seed041_41_20260603_112104,S10,5000,200,6,M1_BALANCED,41,A,L2,F4,H0,V2,map_S10_M1_BALANCED_seed041,00f6731b1be6645422980b4e678c9ffc0f045812e9b344049c7af5083bb8b64f,31.852,64.678,194.948,409.338,25,48,0.3175,0.1202,60.0,-1.0,-1.0,-1.0,-1.0,-1.0,0.0,0.0,0.0,0.0,0.0,0.0,3840.810131,1.231838,0.0,195,1403915,1403915,1.0,1792,1792,1.0,120155,1,0,S10|M1_BALANCED|41|A|L2|F4,false,false,true,/home/cyfer/FYP/WSN_simulation_V3/runs/S10_5000/outputs_production_50seed_part41_45/run_campaign_v3_S10_M1_BALANCED_A_L2_F4_H0_seed041_41_20260603_112104
campaign_v3_S10_M1_BALANCED_A_L2_F4_H0_seed042,campaign_v3_S10_M1_BALANCED_A_L2_F4_H0_seed042_42_20260603_112222,S10,5000,200,6,M1_BALANCED,42,A,L2,F4,H0,V2,map_S10_M1_BALANCED_seed042,3fb3b857639f7ab75593ba1aee5ffc19382e976b43395acf096091c5c0c42ba2,31.851,63.899,195.961,393.321,25,48,0.3037,0.1316,60.0,-1.0,-1.0,-1.0,-1.0,-1.0,0.0,0.0,0.0,0.0,0.0,0.0,3847.206063,1.230559,0.0,198,1405325,1405325,1.0,1792,1792,1.0,120125,1,0,S10|M1_BALANCED|42|A|L2|F4,false,false,true,/home/cyfer/FYP/WSN_simulation_V3/runs/S10_5000/outputs_production_50seed_part41_45/run_campaign_v3_S10_M1_BALANCED_A_L2_F4_H0_seed042_42_20260603_112222
campaign_v3_S10_M1_BALANCED_A_L2_F4_H0_seed043,campaign_v3_S10_M1_BALANCED_A_L2_F4_H0_seed043_43_20260603_112340,S10,5000,200,6,M1_BALANCED,43,A,L2,F4,H0,V2,map_S10_M1_BALANCED_seed043,95a779244b54b893be4537c1e51855809899e6e6c44613aecaa3b9e8e7b07542,32.292,63.903,195.696,409.379,25,46,0.3223,0.1158,60.0,-1.0,-1.0,-1.0,-1.0,-1.0,0.0,0.0,0.0,0.0,0.0,0.0,3867.033126,1.226593,0.0,200,1402975,1402975,1.0,1792,1792,1.0,120175,1,0,S10|M1_BALANCED|43|A|L2|F4,false,false,true,/home/cyfer/FYP/WSN_simulation_V3/runs/S10_5000/outputs_production_50seed_part41_45/run_campaign_v3_S10_M1_BALANCED_A_L2_F4_H0_seed043_43_20260603_112340
campaign_v3_S10_M1_BALANCED_A_L2_F4_H0_seed044,campaign_v3_S10_M1_BALANCED_A_L2_F4_H0_seed044_44_20260603_112508,S10,5000,200,6,M1_BALANCED,44,A,L2,F4,H0,V2,map_S10_M1_BALANCED_seed044,164de8a74a2f8962e3113265d4de3a695dafdcefa184b5ddb3f8a1f15c9664b2,32.167,62.854,198.129,397.168,25,51,0.3359,0.1284,60.0,-1.0,-1.0,-1.0,-1.0,-1.0,0.0,0.0,0.0,0.0,0.0,0.0,3861.130286,1.227774,0.0,195,1404855,1404855,1.0,1792,1792,1.0,120135,1,0,S10|M1_BALANCED|44|A|L2|F4,false,false,true,/home/cyfer/FYP/WSN_simulation_V3/runs/S10_5000/outputs_production_50seed_part41_45/run_campaign_v3_S10_M1_BALANCED_A_L2_F4_H0_seed044_44_20260603_112508
campaign_v3_S10_M1_BALANCED_A_L2_F4_H0_seed045,campaign_v3_S10_M1_BALANCED_A_L2_F4_H0_seed045_45_20260603_112629,S10,5000,200,6,M1_BALANCED,45,A,L2,F4,H0,V2,map_S10_M1_BALANCED_seed045,602ce207537d3ff0a03da4a7dad6122bee47a182415509d38b30edb3b98e0955,32.278,65.241,198.088,399.972,25,48,0.3216,0.1224,60.0,-1.0,-1.0,-1.0,-1.0,-1.0,0.0,0.0,0.0,0.0,0.0,0.0,3869.48117,1.226104,0.0,197,1405325,1405325,1.0,1792,1792,1.0,120125,1,0,S10|M1_BALANCED|45|A|L2|F4,false,false,true,/home/cyfer/FYP/WSN_simulation_V3/runs/S10_5000/outputs_production_50seed_part41_45/run_campaign_v3_S10_M1_BALANCED_A_L2_F4_H0_seed045_45_20260603_112629
campaign_v3_S10_M1_BALANCED_A_L2_F4_H1_seed041,campaign_v3_S10_M1_BALANCED_A_L2_F4_H1_seed041_41_20260603_112116,S10,5000,200,6,M1_BALANCED,41,A,L2,F4,H1,V3,map_S10_M1_BALANCED_seed041,00f6731b1be6645422980b4e678c9ffc0f045812e9b344049c7af5083bb8b64f,31.852,64.678,194.948,409.338,25,48,0.3175,0.1202,60.0,34.886,94.886,154.886,160.0,100.0,7.236,0.0,1.0,0.66,0.705,0.047,3843.625671,1.231275,0.0,195,1404706,1404706,1.0,1796,1796,1.0,119229,0,1,S10|M1_BALANCED|41|A|L2|F4,true,false,false,/home/cyfer/FYP/WSN_simulation_V3/runs/S10_5000/outputs_production_50seed_part41_45/run_campaign_v3_S10_M1_BALANCED_A_L2_F4_H1_seed041_41_20260603_112116
campaign_v3_S10_M1_BALANCED_A_L2_F4_H1_seed042,campaign_v3_S10_M1_BALANCED_A_L2_F4_H1_seed042_42_20260603_112236,S10,5000,200,6,M1_BALANCED,42,A,L2,F4,H1,V3,map_S10_M1_BALANCED_seed042,3fb3b857639f7ab75593ba1aee5ffc19382e976b43395acf096091c5c0c42ba2,31.851,63.899,195.961,393.321,25,48,0.3037,0.1316,60.0,34.092,94.092,154.092,160.0,100.0,6.76,0.0,1.0,0.532,0.587,0.134,3849.500037,1.2301,0.0,198,1405966,1405966,1.0,1796,1796,1.0,119379,0,1,S10|M1_BALANCED|42|A|L2|F4,true,false,false,/home/cyfer/FYP/WSN_simulation_V3/runs/S10_5000/outputs_production_50seed_part41_45/run_campaign_v3_S10_M1_BALANCED_A_L2_F4_H1_seed042_42_20260603_112236
campaign_v3_S10_M1_BALANCED_A_L2_F4_H1_seed043,campaign_v3_S10_M1_BALANCED_A_L2_F4_H1_seed043_43_20260603_112353,S10,5000,200,6,M1_BALANCED,43,A,L2,F4,H1,V3,map_S10_M1_BALANCED_seed043,95a779244b54b893be4537c1e51855809899e6e6c44613aecaa3b9e8e7b07542,32.292,63.903,195.696,409.379,25,46,0.3223,0.1158,60.0,35.877,95.877,155.877,160.0,100.0,8.219,0.0,1.0,0.778,0.806,0.156,3870.038922,1.225992,0.0,200,1403831,1403831,1.0,1796,1796,1.0,119129,0,1,S10|M1_BALANCED|43|A|L2|F4,true,false,false,/home/cyfer/FYP/WSN_simulation_V3/runs/S10_5000/outputs_production_50seed_part41_45/run_campaign_v3_S10_M1_BALANCED_A_L2_F4_H1_seed043_43_20260603_112353
campaign_v3_S10_M1_BALANCED_A_L2_F4_H1_seed044,campaign_v3_S10_M1_BALANCED_A_L2_F4_H1_seed044_44_20260603_112521,S10,5000,200,6,M1_BALANCED,44,A,L2,F4,H1,V3,map_S10_M1_BALANCED_seed044,164de8a74a2f8962e3113265d4de3a695dafdcefa184b5ddb3f8a1f15c9664b2,32.167,62.854,198.129,397.168,25,51,0.3359,0.1284,60.0,34.117,94.117,154.117,160.0,100.0,7.001,0.0,1.0,0.54,0.645,0.149,3863.686585,1.227263,0.0,195,1405546,1405546,1.0,1796,1796,1.0,119329,0,1,S10|M1_BALANCED|44|A|L2|F4,true,false,false,/home/cyfer/FYP/WSN_simulation_V3/runs/S10_5000/outputs_production_50seed_part41_45/run_campaign_v3_S10_M1_BALANCED_A_L2_F4_H1_seed044_44_20260603_112521
campaign_v3_S10_M1_BALANCED_A_L2_F4_H1_seed045,campaign_v3_S10_M1_BALANCED_A_L2_F4_H1_seed045_45_20260603_112642,S10,5000,200,6,M1_BALANCED,45,A,L2,F4,H1,V3,map_S10_M1_BALANCED_seed045,602ce207537d3ff0a03da4a7dad6122bee47a182415509d38b30edb3b98e0955,32.278,65.241,198.088,399.972,25,48,0.3216,0.1224,60.0,33.73,93.73,153.73,160.0,100.0,6.546,0.0,1.0,0.532,0.594,0.056,3871.948043,1.22561,0.0,197,1405991,1405991,1.0,1796,1796,1.0,119379,0,1,S10|M1_BALANCED|45|A|L2|F4,true,false,false,/home/cyfer/FYP/WSN_simulation_V3/runs/S10_5000/outputs_production_50seed_part41_45/run_campaign_v3_S10_M1_BALANCED_A_L2_F4_H1_seed045_45_20260603_112642
campaign_v3_S10_M1_BALANCED_A_L2_F4_H3_seed041,campaign_v3_S10_M1_BALANCED_A_L2_F4_H3_seed041_41_20260603_112117,S10,5000,200,6,M1_BALANCED,41,A,L2,F4,H3,V3,map_S10_M1_BALANCED_seed041,00f6731b1be6645422980b4e678c9ffc0f045812e9b344049c7af5083bb8b64f,31.852,64.678,194.948,409.338,25,48,0.3175,0.1202,60.0,40.586,100.586,160.586,170.0,110.0,7.236,0.0,1.0,0.66,0.705,0.047,3842.050428,1.23159,0.0,195,1404235,1404235,1.0,1796,1796,1.0,119229,0,1,S10|M1_BALANCED|41|A|L2|F4,true,false,false,/home/cyfer/FYP/WSN_simulation_V3/runs/S10_5000/outputs_production_50seed_part41_45/run_campaign_v3_S10_M1_BALANCED_A_L2_F4_H3_seed041_41_20260603_112117
campaign_v3_S10_M1_BALANCED_A_L2_F4_H3_seed042,campaign_v3_S10_M1_BALANCED_A_L2_F4_H3_seed042_42_20260603_112236,S10,5000,200,6,M1_BALANCED,42,A,L2,F4,H3,V3,map_S10_M1_BALANCED_seed042,3fb3b857639f7ab75593ba1aee5ffc19382e976b43395acf096091c5c0c42ba2,31.851,63.899,195.961,393.321,25,48,0.3037,0.1316,60.0,39.867,99.867,159.867,160.0,100.0,6.76,0.0,1.0,0.532,0.587,0.134,3848.310418,1.230338,0.0,198,1405601,1405601,1.0,1796,1796,1.0,119379,0,1,S10|M1_BALANCED|42|A|L2|F4,true,false,false,/home/cyfer/FYP/WSN_simulation_V3/runs/S10_5000/outputs_production_50seed_part41_45/run_campaign_v3_S10_M1_BALANCED_A_L2_F4_H3_seed042_42_20260603_112236
campaign_v3_S10_M1_BALANCED_A_L2_F4_H3_seed043,campaign_v3_S10_M1_BALANCED_A_L2_F4_H3_seed043_43_20260603_112354,S10,5000,200,6,M1_BALANCED,43,A,L2,F4,H3,V3,map_S10_M1_BALANCED_seed043,95a779244b54b893be4537c1e51855809899e6e6c44613aecaa3b9e8e7b07542,32.292,63.903,195.696,409.379,25,46,0.3223,0.1158,60.0,41.686,101.686,161.686,170.0,110.0,8.219,0.0,1.0,0.778,0.806,0.156,3868.336559,1.226333,0.0,200,1403315,1403315,1.0,1796,1796,1.0,119129,0,1,S10|M1_BALANCED|43|A|L2|F4,true,false,false,/home/cyfer/FYP/WSN_simulation_V3/runs/S10_5000/outputs_production_50seed_part41_45/run_campaign_v3_S10_M1_BALANCED_A_L2_F4_H3_seed043_43_20260603_112354
campaign_v3_S10_M1_BALANCED_A_L2_F4_H3_seed044,campaign_v3_S10_M1_BALANCED_A_L2_F4_H3_seed044_44_20260603_112522,S10,5000,200,6,M1_BALANCED,44,A,L2,F4,H3,V3,map_S10_M1_BALANCED_seed044,164de8a74a2f8962e3113265d4de3a695dafdcefa184b5ddb3f8a1f15c9664b2,32.167,62.854,198.129,397.168,25,51,0.3359,0.1284,60.0,40.912,100.912,160.912,170.0,110.0,7.001,0.0,1.0,0.54,0.645,0.149,3862.311998,1.227538,0.0,195,1405137,1405137,1.0,1796,1796,1.0,119329,0,1,S10|M1_BALANCED|44|A|L2|F4,true,false,false,/home/cyfer/FYP/WSN_simulation_V3/runs/S10_5000/outputs_production_50seed_part41_45/run_campaign_v3_S10_M1_BALANCED_A_L2_F4_H3_seed044_44_20260603_112522
campaign_v3_S10_M1_BALANCED_A_L2_F4_H3_seed045,campaign_v3_S10_M1_BALANCED_A_L2_F4_H3_seed045_45_20260603_112642,S10,5000,200,6,M1_BALANCED,45,A,L2,F4,H3,V3,map_S10_M1_BALANCED_seed045,602ce207537d3ff0a03da4a7dad6122bee47a182415509d38b30edb3b98e0955,32.278,65.241,198.088,399.972,25,48,0.3216,0.1224,60.0,40.332,100.332,160.332,170.0,110.0,6.546,0.0,1.0,0.532,0.594,0.056,3870.542022,1.225892,0.0,197,1405588,1405588,1.0,1796,1796,1.0,119379,0,1,S10|M1_BALANCED|45|A|L2|F4,true,false,false,/home/cyfer/FYP/WSN_simulation_V3/runs/S10_5000/outputs_production_50seed_part41_45/run_campaign_v3_S10_M1_BALANCED_A_L2_F4_H3_seed045_45_20260603_112642
campaign_v3_S10_M1_BALANCED_A_L2_F4_H4_seed041,campaign_v3_S10_M1_BALANCED_A_L2_F4_H4_seed041_41_20260603_112118,S10,5000,200,6,M1_BALANCED,41,A,L2,F4,H4,V3,map_S10_M1_BALANCED_seed041,00f6731b1be6645422980b4e678c9ffc0f045812e9b344049c7af5083bb8b64f,31.852,64.678,194.948,409.338,25,48,0.3175,0.1202,60.0,44.278,104.278,164.278,170.0,110.0,7.236,0.0,1.0,0.66,0.705,0.047,3834.095386,1.233181,0.0,195,1400902,1400902,1.0,1796,1796,1.0,118558,0,1,S10|M1_BALANCED|41|A|L2|F4,true,false,false,/home/cyfer/FYP/WSN_simulation_V3/runs/S10_5000/outputs_production_50seed_part41_45/run_campaign_v3_S10_M1_BALANCED_A_L2_F4_H4_seed041_41_20260603_112118
campaign_v3_S10_M1_BALANCED_A_L2_F4_H4_seed042,campaign_v3_S10_M1_BALANCED_A_L2_F4_H4_seed042_42_20260603_112237,S10,5000,200,6,M1_BALANCED,42,A,L2,F4,H4,V3,map_S10_M1_BALANCED_seed042,3fb3b857639f7ab75593ba1aee5ffc19382e976b43395acf096091c5c0c42ba2,31.851,63.899,195.961,393.321,25,48,0.3037,0.1316,60.0,43.771,103.771,163.771,170.0,110.0,6.76,0.0,1.0,0.532,0.587,0.134,3840.704326,1.231859,0.0,198,1402613,1402613,1.0,1796,1796,1.0,118783,0,1,S10|M1_BALANCED|42|A|L2|F4,true,false,false,/home/cyfer/FYP/WSN_simulation_V3/runs/S10_5000/outputs_production_50seed_part41_45/run_campaign_v3_S10_M1_BALANCED_A_L2_F4_H4_seed042_42_20260603_112237
campaign_v3_S10_M1_BALANCED_A_L2_F4_H4_seed043,campaign_v3_S10_M1_BALANCED_A_L2_F4_H4_seed043_43_20260603_112354,S10,5000,200,6,M1_BALANCED,43,A,L2,F4,H4,V3,map_S10_M1_BALANCED_seed043,95a779244b54b893be4537c1e51855809899e6e6c44613aecaa3b9e8e7b07542,32.292,63.903,195.696,409.379,25,46,0.3223,0.1158,60.0,45.422,105.422,165.422,170.0,110.0,8.219,0.0,1.0,0.778,0.806,0.156,3862.099842,1.22758,0.0,200,1400401,1400401,1.0,1796,1796,1.0,118533,0,1,S10|M1_BALANCED|43|A|L2|F4,true,false,false,/home/cyfer/FYP/WSN_simulation_V3/runs/S10_5000/outputs_production_50seed_part41_45/run_campaign_v3_S10_M1_BALANCED_A_L2_F4_H4_seed043_43_20260603_112354
campaign_v3_S10_M1_BALANCED_A_L2_F4_H4_seed044,campaign_v3_S10_M1_BALANCED_A_L2_F4_H4_seed044_44_20260603_112523,S10,5000,200,6,M1_BALANCED,44,A,L2,F4,H4,V3,map_S10_M1_BALANCED_seed044,164de8a74a2f8962e3113265d4de3a695dafdcefa184b5ddb3f8a1f15c9664b2,32.167,62.854,198.129,397.168,25,51,0.3359,0.1284,60.0,44.247,104.247,164.247,170.0,110.0,7.001,0.0,1.0,0.54,0.645,0.149,3852.806704,1.229439,0.0,195,1401392,1401392,1.0,1796,1796,1.0,118583,0,1,S10|M1_BALANCED|44|A|L2|F4,true,false,false,/home/cyfer/FYP/WSN_simulation_V3/runs/S10_5000/outputs_production_50seed_part41_45/run_campaign_v3_S10_M1_BALANCED_A_L2_F4_H4_seed044_44_20260603_112523
campaign_v3_S10_M1_BALANCED_A_L2_F4_H4_seed045,campaign_v3_S10_M1_BALANCED_A_L2_F4_H4_seed045_45_20260603_112643,S10,5000,200,6,M1_BALANCED,45,A,L2,F4,H4,V3,map_S10_M1_BALANCED_seed045,602ce207537d3ff0a03da4a7dad6122bee47a182415509d38b30edb3b98e0955,32.278,65.241,198.088,399.972,25,48,0.3216,0.1224,60.0,43.838,103.838,163.838,170.0,110.0,6.546,0.0,1.0,0.532,0.594,0.056,3864.632879,1.227073,0.0,197,1403006,1403006,1.0,1796,1796,1.0,118858,0,1,S10|M1_BALANCED|45|A|L2|F4,true,false,false,/home/cyfer/FYP/WSN_simulation_V3/runs/S10_5000/outputs_production_50seed_part41_45/run_campaign_v3_S10_M1_BALANCED_A_L2_F4_H4_seed045_45_20260603_112643
campaign_v3_S10_M1_BALANCED_B_L1_F0_H0_seed041,campaign_v3_S10_M1_BALANCED_B_L1_F0_H0_seed041_41_20260603_112118,S10,5000,200,6,M1_BALANCED,41,B,L1,F0,H0,V1,map_S10_M1_BALANCED_seed041,00f6731b1be6645422980b4e678c9ffc0f045812e9b344049c7af5083bb8b64f,31.852,64.678,194.948,409.338,25,48,0.3175,0.1202,0.0,-1.0,-1.0,-1.0,-1.0,-1.0,0.0,0.0,0.0,0.0,0.0,0.0,2560.189325,1.487962,0.0,196,1411200,1411200,1.0,1800,1800,1.0,120000,0,0,S10|M1_BALANCED|41|B|L1|F0,false,true,false,/home/cyfer/FYP/WSN_simulation_V3/runs/S10_5000/outputs_production_50seed_part41_45/run_campaign_v3_S10_M1_BALANCED_B_L1_F0_H0_seed041_41_20260603_112118
campaign_v3_S10_M1_BALANCED_B_L1_F0_H0_seed042,campaign_v3_S10_M1_BALANCED_B_L1_F0_H0_seed042_42_20260603_112237,S10,5000,200,6,M1_BALANCED,42,B,L1,F0,H0,V1,map_S10_M1_BALANCED_seed042,3fb3b857639f7ab75593ba1aee5ffc19382e976b43395acf096091c5c0c42ba2,31.851,63.899,195.961,393.321,25,48,0.3037,0.1316,0.0,-1.0,-1.0,-1.0,-1.0,-1.0,0.0,0.0,0.0,0.0,0.0,0.0,2563.825658,1.487235,0.0,199,1411200,1411200,1.0,1800,1800,1.0,120000,0,0,S10|M1_BALANCED|42|B|L1|F0,false,true,false,/home/cyfer/FYP/WSN_simulation_V3/runs/S10_5000/outputs_production_50seed_part41_45/run_campaign_v3_S10_M1_BALANCED_B_L1_F0_H0_seed042_42_20260603_112237
campaign_v3_S10_M1_BALANCED_B_L1_F0_H0_seed043,campaign_v3_S10_M1_BALANCED_B_L1_F0_H0_seed043_43_20260603_112355,S10,5000,200,6,M1_BALANCED,43,B,L1,F0,H0,V1,map_S10_M1_BALANCED_seed043,95a779244b54b893be4537c1e51855809899e6e6c44613aecaa3b9e8e7b07542,32.292,63.903,195.696,409.379,25,46,0.3223,0.1158,0.0,-1.0,-1.0,-1.0,-1.0,-1.0,0.0,0.0,0.0,0.0,0.0,0.0,2578.989892,1.484202,0.0,200,1411200,1411200,1.0,1800,1800,1.0,120000,0,0,S10|M1_BALANCED|43|B|L1|F0,false,true,false,/home/cyfer/FYP/WSN_simulation_V3/runs/S10_5000/outputs_production_50seed_part41_45/run_campaign_v3_S10_M1_BALANCED_B_L1_F0_H0_seed043_43_20260603_112355
campaign_v3_S10_M1_BALANCED_B_L1_F0_H0_seed044,campaign_v3_S10_M1_BALANCED_B_L1_F0_H0_seed044_44_20260603_112523,S10,5000,200,6,M1_BALANCED,44,B,L1,F0,H0,V1,map_S10_M1_BALANCED_seed044,164de8a74a2f8962e3113265d4de3a695dafdcefa184b5ddb3f8a1f15c9664b2,32.167,62.854,198.129,397.168,25,51,0.3359,0.1284,0.0,-1.0,-1.0,-1.0,-1.0,-1.0,0.0,0.0,0.0,0.0,0.0,0.0,2572.652758,1.485469,0.0,196,1411200,1411200,1.0,1800,1800,1.0,120000,0,0,S10|M1_BALANCED|44|B|L1|F0,false,true,false,/home/cyfer/FYP/WSN_simulation_V3/runs/S10_5000/outputs_production_50seed_part41_45/run_campaign_v3_S10_M1_BALANCED_B_L1_F0_H0_seed044_44_20260603_112523
campaign_v3_S10_M1_BALANCED_B_L1_F0_H0_seed045,campaign_v3_S10_M1_BALANCED_B_L1_F0_H0_seed045_45_20260603_112644,S10,5000,200,6,M1_BALANCED,45,B,L1,F0,H0,V1,map_S10_M1_BALANCED_seed045,602ce207537d3ff0a03da4a7dad6122bee47a182415509d38b30edb3b98e0955,32.278,65.241,198.088,399.972,25,48,0.3216,0.1224,0.0,-1.0,-1.0,-1.0,-1.0,-1.0,0.0,0.0,0.0,0.0,0.0,0.0,2577.408884,1.484518,0.0,198,1411200,1411200,1.0,1800,1800,1.0,120000,0,0,S10|M1_BALANCED|45|B|L1|F0,false,true,false,/home/cyfer/FYP/WSN_simulation_V3/runs/S10_5000/outputs_production_50seed_part41_45/run_campaign_v3_S10_M1_BALANCED_B_L1_F0_H0_seed045_45_20260603_112644
campaign_v3_S10_M1_BALANCED_B_L1_F1_H0_seed041,campaign_v3_S10_M1_BALANCED_B_L1_F1_H0_seed041_41_20260603_112119,S10,5000,200,6,M1_BALANCED,41,B,L1,F1,H0,V2,map_S10_M1_BALANCED_seed041,00f6731b1be6645422980b4e678c9ffc0f045812e9b344049c7af5083bb8b64f,31.852,64.678,194.948,409.338,25,48,0.3175,0.1202,60.0,-1.0,-1.0,-1.0,-1.0,-1.0,0.0,0.0,0.0,0.0,0.0,0.0,2549.251671,1.490032,0.0,196,1403915,1403915,1.0,1792,1792,1.0,120155,1,0,S10|M1_BALANCED|41|B|L1|F1,false,false,true,/home/cyfer/FYP/WSN_simulation_V3/runs/S10_5000/outputs_production_50seed_part41_45/run_campaign_v3_S10_M1_BALANCED_B_L1_F1_H0_seed041_41_20260603_112119
campaign_v3_S10_M1_BALANCED_B_L1_F1_H0_seed042,campaign_v3_S10_M1_BALANCED_B_L1_F1_H0_seed042_42_20260603_112238,S10,5000,200,6,M1_BALANCED,42,B,L1,F1,H0,V2,map_S10_M1_BALANCED_seed042,3fb3b857639f7ab75593ba1aee5ffc19382e976b43395acf096091c5c0c42ba2,31.851,63.899,195.961,393.321,25,48,0.3037,0.1316,60.0,-1.0,-1.0,-1.0,-1.0,-1.0,0.0,0.0,0.0,0.0,0.0,0.0,2553.986878,1.489038,0.0,199,1405325,1405325,1.0,1792,1792,1.0,120125,1,0,S10|M1_BALANCED|42|B|L1|F1,false,false,true,/home/cyfer/FYP/WSN_simulation_V3/runs/S10_5000/outputs_production_50seed_part41_45/run_campaign_v3_S10_M1_BALANCED_B_L1_F1_H0_seed042_42_20260603_112238
campaign_v3_S10_M1_BALANCED_B_L1_F1_H0_seed043,campaign_v3_S10_M1_BALANCED_B_L1_F1_H0_seed043_43_20260603_112356,S10,5000,200,6,M1_BALANCED,43,B,L1,F1,H0,V2,map_S10_M1_BALANCED_seed043,95a779244b54b893be4537c1e51855809899e6e6c44613aecaa3b9e8e7b07542,32.292,63.903,195.696,409.379,25,46,0.3223,0.1158,60.0,-1.0,-1.0,-1.0,-1.0,-1.0,0.0,0.0,0.0,0.0,0.0,0.0,2566.590838,1.486604,0.0,200,1402975,1402975,1.0,1792,1792,1.0,120175,1,0,S10|M1_BALANCED|43|B|L1|F1,false,false,true,/home/cyfer/FYP/WSN_simulation_V3/runs/S10_5000/outputs_production_50seed_part41_45/run_campaign_v3_S10_M1_BALANCED_B_L1_F1_H0_seed043_43_20260603_112356
campaign_v3_S10_M1_BALANCED_B_L1_F1_H0_seed044,campaign_v3_S10_M1_BALANCED_B_L1_F1_H0_seed044_44_20260603_112524,S10,5000,200,6,M1_BALANCED,44,B,L1,F1,H0,V2,map_S10_M1_BALANCED_seed044,164de8a74a2f8962e3113265d4de3a695dafdcefa184b5ddb3f8a1f15c9664b2,32.167,62.854,198.129,397.168,25,51,0.3359,0.1284,60.0,-1.0,-1.0,-1.0,-1.0,-1.0,0.0,0.0,0.0,0.0,0.0,0.0,2561.908471,1.487476,0.0,196,1404855,1404855,1.0,1792,1792,1.0,120135,1,0,S10|M1_BALANCED|44|B|L1|F1,false,false,true,/home/cyfer/FYP/WSN_simulation_V3/runs/S10_5000/outputs_production_50seed_part41_45/run_campaign_v3_S10_M1_BALANCED_B_L1_F1_H0_seed044_44_20260603_112524
campaign_v3_S10_M1_BALANCED_B_L1_F1_H0_seed045,campaign_v3_S10_M1_BALANCED_B_L1_F1_H0_seed045_45_20260603_112644,S10,5000,200,6,M1_BALANCED,45,B,L1,F1,H0,V2,map_S10_M1_BALANCED_seed045,602ce207537d3ff0a03da4a7dad6122bee47a182415509d38b30edb3b98e0955,32.278,65.241,198.088,399.972,25,48,0.3216,0.1224,60.0,-1.0,-1.0,-1.0,-1.0,-1.0,0.0,0.0,0.0,0.0,0.0,0.0,2567.299349,1.486378,0.0,198,1405325,1405325,1.0,1792,1792,1.0,120125,1,0,S10|M1_BALANCED|45|B|L1|F1,false,false,true,/home/cyfer/FYP/WSN_simulation_V3/runs/S10_5000/outputs_production_50seed_part41_45/run_campaign_v3_S10_M1_BALANCED_B_L1_F1_H0_seed045_45_20260603_112644
campaign_v3_S10_M1_BALANCED_B_L1_F1_H1_seed041,campaign_v3_S10_M1_BALANCED_B_L1_F1_H1_seed041_41_20260603_112123,S10,5000,200,6,M1_BALANCED,41,B,L1,F1,H1,V3,map_S10_M1_BALANCED_seed041,00f6731b1be6645422980b4e678c9ffc0f045812e9b344049c7af5083bb8b64f,31.852,64.678,194.948,409.338,25,48,0.3175,0.1202,60.0,17.43,77.43,137.43,140.0,80.0,8.121,0.0,1.0,0.66,1.0,0.047,2558.447475,1.488193,0.0,197,1408782,1408782,1.0,1797,1797,1.0,120000,0,1,S10|M1_BALANCED|41|B|L1|F1,true,false,false,/home/cyfer/FYP/WSN_simulation_V3/runs/S10_5000/outputs_production_50seed_part41_45/run_campaign_v3_S10_M1_BALANCED_B_L1_F1_H1_seed041_41_20260603_112123
campaign_v3_S10_M1_BALANCED_B_L1_F1_H1_seed042,campaign_v3_S10_M1_BALANCED_B_L1_F1_H1_seed042_42_20260603_112243,S10,5000,200,6,M1_BALANCED,42,B,L1,F1,H1,V3,map_S10_M1_BALANCED_seed042,3fb3b857639f7ab75593ba1aee5ffc19382e976b43395acf096091c5c0c42ba2,31.851,63.899,195.961,393.321,25,48,0.3037,0.1316,60.0,17.739,77.739,137.739,140.0,80.0,7.999,0.0,1.0,0.532,1.0,0.134,2561.725607,1.48749,0.0,200,1409250,1409250,1.0,1797,1797,1.0,120000,0,1,S10|M1_BALANCED|42|B|L1|F1,true,false,false,/home/cyfer/FYP/WSN_simulation_V3/runs/S10_5000/outputs_production_50seed_part41_45/run_campaign_v3_S10_M1_BALANCED_B_L1_F1_H1_seed042_42_20260603_112243
campaign_v3_S10_M1_BALANCED_B_L1_F1_H1_seed043,campaign_v3_S10_M1_BALANCED_B_L1_F1_H1_seed043_43_20260603_112400,S10,5000,200,6,M1_BALANCED,43,B,L1,F1,H1,V3,map_S10_M1_BALANCED_seed043,95a779244b54b893be4537c1e51855809899e6e6c44613aecaa3b9e8e7b07542,32.292,63.903,195.696,409.379,25,46,0.3223,0.1158,60.0,18.518,78.518,138.518,140.0,80.0,8.801,0.0,1.0,0.778,1.0,0.156,2576.443719,1.484634,0.0,201,1408435,1408435,1.0,1797,1797,1.0,120000,0,1,S10|M1_BALANCED|43|B|L1|F1,true,false,false,/home/cyfer/FYP/WSN_simulation_V3/runs/S10_5000/outputs_production_50seed_part41_45/run_campaign_v3_S10_M1_BALANCED_B_L1_F1_H1_seed043_43_20260603_112400
campaign_v3_S10_M1_BALANCED_B_L1_F1_H1_seed044,campaign_v3_S10_M1_BALANCED_B_L1_F1_H1_seed044_44_20260603_112529,S10,5000,200,6,M1_BALANCED,44,B,L1,F1,H1,V3,map_S10_M1_BALANCED_seed044,164de8a74a2f8962e3113265d4de3a695dafdcefa184b5ddb3f8a1f15c9664b2,32.167,62.854,198.129,397.168,25,51,0.3359,0.1284,60.0,17.734,77.734,137.734,140.0,80.0,8.066,0.0,1.0,0.54,1.0,0.149,2570.388516,1.48578,0.0,197,1409094,1409094,1.0,1797,1797,1.0,120000,0,1,S10|M1_BALANCED|44|B|L1|F1,true,false,false,/home/cyfer/FYP/WSN_simulation_V3/runs/S10_5000/outputs_production_50seed_part41_45/run_campaign_v3_S10_M1_BALANCED_B_L1_F1_H1_seed044_44_20260603_112529
campaign_v3_S10_M1_BALANCED_B_L1_F1_H1_seed045,campaign_v3_S10_M1_BALANCED_B_L1_F1_H1_seed045_45_20260603_112649,S10,5000,200,6,M1_BALANCED,45,B,L1,F1,H1,V3,map_S10_M1_BALANCED_seed045,602ce207537d3ff0a03da4a7dad6122bee47a182415509d38b30edb3b98e0955,32.278,65.241,198.088,399.972,25,48,0.3216,0.1224,60.0,17.705,77.705,137.705,140.0,80.0,7.764,0.0,1.0,0.532,1.0,0.056,2575.36834,1.484764,0.0,199,1409250,1409250,1.0,1797,1797,1.0,120000,0,1,S10|M1_BALANCED|45|B|L1|F1,true,false,false,/home/cyfer/FYP/WSN_simulation_V3/runs/S10_5000/outputs_production_50seed_part41_45/run_campaign_v3_S10_M1_BALANCED_B_L1_F1_H1_seed045_45_20260603_112649
campaign_v3_S10_M1_BALANCED_B_L1_F1_H3_seed041,campaign_v3_S10_M1_BALANCED_B_L1_F1_H3_seed041_41_20260603_112126,S10,5000,200,6,M1_BALANCED,41,B,L1,F1,H3,V3,map_S10_M1_BALANCED_seed041,00f6731b1be6645422980b4e678c9ffc0f045812e9b344049c7af5083bb8b64f,31.852,64.678,194.948,409.338,25,48,0.3175,0.1202,60.0,23.377,83.377,143.377,150.0,90.0,8.121,0.0,1.0,0.66,1.0,0.047,2554.670205,1.488948,0.0,197,1406331,1406331,1.0,1797,1797,1.0,119625,0,1,S10|M1_BALANCED|41|B|L1|F1,true,false,false,/home/cyfer/FYP/WSN_simulation_V3/runs/S10_5000/outputs_production_50seed_part41_45/run_campaign_v3_S10_M1_BALANCED_B_L1_F1_H3_seed041_41_20260603_112126
campaign_v3_S10_M1_BALANCED_B_L1_F1_H3_seed042,campaign_v3_S10_M1_BALANCED_B_L1_F1_H3_seed042_42_20260603_112246,S10,5000,200,6,M1_BALANCED,42,B,L1,F1,H3,V3,map_S10_M1_BALANCED_seed042,3fb3b857639f7ab75593ba1aee5ffc19382e976b43395acf096091c5c0c42ba2,31.851,63.899,195.961,393.321,25,48,0.3037,0.1316,60.0,23.555,83.555,143.555,150.0,90.0,7.999,0.0,1.0,0.532,1.0,0.134,2558.881235,1.488059,0.0,200,1407288,1407288,1.0,1797,1797,1.0,119700,0,1,S10|M1_BALANCED|42|B|L1|F1,true,false,false,/home/cyfer/FYP/WSN_simulation_V3/runs/S10_5000/outputs_production_50seed_part41_45/run_campaign_v3_S10_M1_BALANCED_B_L1_F1_H3_seed042_42_20260603_112246
campaign_v3_S10_M1_BALANCED_B_L1_F1_H3_seed043,campaign_v3_S10_M1_BALANCED_B_L1_F1_H3_seed043_43_20260603_112403,S10,5000,200,6,M1_BALANCED,43,B,L1,F1,H3,V3,map_S10_M1_BALANCED_seed043,95a779244b54b893be4537c1e51855809899e6e6c44613aecaa3b9e8e7b07542,32.292,63.903,195.696,409.379,25,46,0.3223,0.1158,60.0,24.424,84.424,144.424,150.0,90.0,8.801,0.0,1.0,0.778,1.0,0.156,2572.226458,1.485477,0.0,201,1405675,1405675,1.0,1797,1797,1.0,119575,0,1,S10|M1_BALANCED|43|B|L1|F1,true,false,false,/home/cyfer/FYP/WSN_simulation_V3/runs/S10_5000/outputs_production_50seed_part41_45/run_campaign_v3_S10_M1_BALANCED_B_L1_F1_H3_seed043_43_20260603_112403
campaign_v3_S10_M1_BALANCED_B_L1_F1_H3_seed044,campaign_v3_S10_M1_BALANCED_B_L1_F1_H3_seed044_44_20260603_112532,S10,5000,200,6,M1_BALANCED,44,B,L1,F1,H3,V3,map_S10_M1_BALANCED_seed044,164de8a74a2f8962e3113265d4de3a695dafdcefa184b5ddb3f8a1f15c9664b2,32.167,62.854,198.129,397.168,25,51,0.3359,0.1284,60.0,23.759,83.759,143.759,150.0,90.0,8.066,0.0,1.0,0.54,1.0,0.149,2567.14159,1.48643,0.0,197,1406969,1406969,1.0,1797,1797,1.0,119675,0,1,S10|M1_BALANCED|44|B|L1|F1,true,false,false,/home/cyfer/FYP/WSN_simulation_V3/runs/S10_5000/outputs_production_50seed_part41_45/run_campaign_v3_S10_M1_BALANCED_B_L1_F1_H3_seed044_44_20260603_112532
campaign_v3_S10_M1_BALANCED_B_L1_F1_H3_seed045,campaign_v3_S10_M1_BALANCED_B_L1_F1_H3_seed045_45_20260603_112652,S10,5000,200,6,M1_BALANCED,45,B,L1,F1,H3,V3,map_S10_M1_BALANCED_seed045,602ce207537d3ff0a03da4a7dad6122bee47a182415509d38b30edb3b98e0955,32.278,65.241,198.088,399.972,25,48,0.3216,0.1224,60.0,23.729,83.729,143.729,150.0,90.0,7.764,0.0,1.0,0.532,1.0,0.056,2572.196594,1.485398,0.0,199,1407288,1407288,1.0,1797,1797,1.0,119700,0,1,S10|M1_BALANCED|45|B|L1|F1,true,false,false,/home/cyfer/FYP/WSN_simulation_V3/runs/S10_5000/outputs_production_50seed_part41_45/run_campaign_v3_S10_M1_BALANCED_B_L1_F1_H3_seed045_45_20260603_112652
campaign_v3_S10_M1_BALANCED_B_L1_F1_H4_seed041,campaign_v3_S10_M1_BALANCED_B_L1_F1_H4_seed041_41_20260603_112129,S10,5000,200,6,M1_BALANCED,41,B,L1,F1,H4,V3,map_S10_M1_BALANCED_seed041,00f6731b1be6645422980b4e678c9ffc0f045812e9b344049c7af5083bb8b64f,31.852,64.678,194.948,409.338,25,48,0.3175,0.1202,60.0,27.439,87.439,147.439,150.0,90.0,8.121,0.0,1.0,0.66,1.0,0.047,2551.979589,1.489486,0.0,197,1404523,1404523,1.0,1797,1797,1.0,119329,0,1,S10|M1_BALANCED|41|B|L1|F1,true,false,false,/home/cyfer/FYP/WSN_simulation_V3/runs/S10_5000/outputs_production_50seed_part41_45/run_campaign_v3_S10_M1_BALANCED_B_L1_F1_H4_seed041_41_20260603_112129
campaign_v3_S10_M1_BALANCED_B_L1_F1_H4_seed042,campaign_v3_S10_M1_BALANCED_B_L1_F1_H4_seed042_42_20260603_112248,S10,5000,200,6,M1_BALANCED,42,B,L1,F1,H4,V3,map_S10_M1_BALANCED_seed042,3fb3b857639f7ab75593ba1aee5ffc19382e976b43395acf096091c5c0c42ba2,31.851,63.899,195.961,393.321,25,48,0.3037,0.1316,60.0,27.837,87.837,147.837,150.0,90.0,7.999,0.0,1.0,0.532,1.0,0.134,2555.711451,1.488693,0.0,200,1405492,1405492,1.0,1797,1797,1.0,119404,0,1,S10|M1_BALANCED|42|B|L1|F1,true,false,false,/home/cyfer/FYP/WSN_simulation_V3/runs/S10_5000/outputs_production_50seed_part41_45/run_campaign_v3_S10_M1_BALANCED_B_L1_F1_H4_seed042_42_20260603_112248
campaign_v3_S10_M1_BALANCED_B_L1_F1_H4_seed043,campaign_v3_S10_M1_BALANCED_B_L1_F1_H4_seed043_43_20260603_112406,S10,5000,200,6,M1_BALANCED,43,B,L1,F1,H4,V3,map_S10_M1_BALANCED_seed043,95a779244b54b893be4537c1e51855809899e6e6c44613aecaa3b9e8e7b07542,32.292,63.903,195.696,409.379,25,46,0.3223,0.1158,60.0,27.985,87.985,147.985,150.0,90.0,8.801,0.0,1.0,0.778,1.0,0.156,2571.141834,1.485694,0.0,201,1404612,1404612,1.0,1797,1797,1.0,119404,0,1,S10|M1_BALANCED|43|B|L1|F1,true,false,false,/home/cyfer/FYP/WSN_simulation_V3/runs/S10_5000/outputs_production_50seed_part41_45/run_campaign_v3_S10_M1_BALANCED_B_L1_F1_H4_seed043_43_20260603_112406
campaign_v3_S10_M1_BALANCED_B_L1_F1_H4_seed044,campaign_v3_S10_M1_BALANCED_B_L1_F1_H4_seed044_44_20260603_112535,S10,5000,200,6,M1_BALANCED,44,B,L1,F1,H4,V3,map_S10_M1_BALANCED_seed044,164de8a74a2f8962e3113265d4de3a695dafdcefa184b5ddb3f8a1f15c9664b2,32.167,62.854,198.129,397.168,25,51,0.3359,0.1284,60.0,27.372,87.372,147.372,150.0,90.0,8.066,0.0,1.0,0.54,1.0,0.149,2562.937018,1.487271,0.0,197,1404434,1404434,1.0,1797,1797,1.0,119254,0,1,S10|M1_BALANCED|44|B|L1|F1,true,false,false,/home/cyfer/FYP/WSN_simulation_V3/runs/S10_5000/outputs_production_50seed_part41_45/run_campaign_v3_S10_M1_BALANCED_B_L1_F1_H4_seed044_44_20260603_112535
campaign_v3_S10_M1_BALANCED_B_L1_F1_H4_seed045,campaign_v3_S10_M1_BALANCED_B_L1_F1_H4_seed045_45_20260603_112655,S10,5000,200,6,M1_BALANCED,45,B,L1,F1,H4,V3,map_S10_M1_BALANCED_seed045,602ce207537d3ff0a03da4a7dad6122bee47a182415509d38b30edb3b98e0955,32.278,65.241,198.088,399.972,25,48,0.3216,0.1224,60.0,26.781,86.781,146.781,150.0,90.0,7.764,0.0,1.0,0.532,1.0,0.056,2570.46407,1.485745,0.0,199,1405937,1405937,1.0,1797,1797,1.0,119479,0,1,S10|M1_BALANCED|45|B|L1|F1,true,false,false,/home/cyfer/FYP/WSN_simulation_V3/runs/S10_5000/outputs_production_50seed_part41_45/run_campaign_v3_S10_M1_BALANCED_B_L1_F1_H4_seed045_45_20260603_112655
campaign_v3_S10_M1_BALANCED_B_L1_F2_H0_seed041,campaign_v3_S10_M1_BALANCED_B_L1_F2_H0_seed041_41_20260603_112121,S10,5000,200,6,M1_BALANCED,41,B,L1,F2,H0,V2,map_S10_M1_BALANCED_seed041,00f6731b1be6645422980b4e678c9ffc0f045812e9b344049c7af5083bb8b64f,31.852,64.678,194.948,409.338,25,48,0.3175,0.1202,60.0,-1.0,-1.0,-1.0,-1.0,-1.0,0.0,0.0,0.0,0.0,0.0,0.0,2549.799426,1.49004,0.0,195,1404855,1404855,1.0,1792,1792,1.0,120135,1,0,S10|M1_BALANCED|41|B|L1|F2,false,false,true,/home/cyfer/FYP/WSN_simulation_V3/runs/S10_5000/outputs_production_50seed_part41_45/run_campaign_v3_S10_M1_BALANCED_B_L1_F2_H0_seed041_41_20260603_112121
campaign_v3_S10_M1_BALANCED_B_L1_F2_H0_seed042,campaign_v3_S10_M1_BALANCED_B_L1_F2_H0_seed042_42_20260603_112241,S10,5000,200,6,M1_BALANCED,42,B,L1,F2,H0,V2,map_S10_M1_BALANCED_seed042,3fb3b857639f7ab75593ba1aee5ffc19382e976b43395acf096091c5c0c42ba2,31.851,63.899,195.961,393.321,25,48,0.3037,0.1316,60.0,-1.0,-1.0,-1.0,-1.0,-1.0,0.0,0.0,0.0,0.0,0.0,0.0,2553.911741,1.489218,0.0,198,1405560,1405560,1.0,1792,1792,1.0,120120,1,0,S10|M1_BALANCED|42|B|L1|F2,false,false,true,/home/cyfer/FYP/WSN_simulation_V3/runs/S10_5000/outputs_production_50seed_part41_45/run_campaign_v3_S10_M1_BALANCED_B_L1_F2_H0_seed042_42_20260603_112241
campaign_v3_S10_M1_BALANCED_B_L1_F2_H0_seed043,campaign_v3_S10_M1_BALANCED_B_L1_F2_H0_seed043_43_20260603_112358,S10,5000,200,6,M1_BALANCED,43,B,L1,F2,H0,V2,map_S10_M1_BALANCED_seed043,95a779244b54b893be4537c1e51855809899e6e6c44613aecaa3b9e8e7b07542,32.292,63.903,195.696,409.379,25,46,0.3223,0.1158,60.0,-1.0,-1.0,-1.0,-1.0,-1.0,0.0,0.0,0.0,0.0,0.0,0.0,2570.281179,1.485944,0.0,199,1405560,1405560,1.0,1792,1792,1.0,120120,1,0,S10|M1_BALANCED|43|B|L1|F2,false,false,true,/home/cyfer/FYP/WSN_simulation_V3/runs/S10_5000/outputs_production_50seed_part41_45/run_campaign_v3_S10_M1_BALANCED_B_L1_F2_H0_seed043_43_20260603_112358
campaign_v3_S10_M1_BALANCED_B_L1_F2_H0_seed044,campaign_v3_S10_M1_BALANCED_B_L1_F2_H0_seed044_44_20260603_112527,S10,5000,200,6,M1_BALANCED,44,B,L1,F2,H0,V2,map_S10_M1_BALANCED_seed044,164de8a74a2f8962e3113265d4de3a695dafdcefa184b5ddb3f8a1f15c9664b2,32.167,62.854,198.129,397.168,25,51,0.3359,0.1284,60.0,-1.0,-1.0,-1.0,-1.0,-1.0,0.0,0.0,0.0,0.0,0.0,0.0,2560.795524,1.487841,0.0,195,1404150,1404150,1.0,1792,1792,1.0,120150,1,0,S10|M1_BALANCED|44|B|L1|F2,false,false,true,/home/cyfer/FYP/WSN_simulation_V3/runs/S10_5000/outputs_production_50seed_part41_45/run_campaign_v3_S10_M1_BALANCED_B_L1_F2_H0_seed044_44_20260603_112527
campaign_v3_S10_M1_BALANCED_B_L1_F2_H0_seed045,campaign_v3_S10_M1_BALANCED_B_L1_F2_H0_seed045_45_20260603_112647,S10,5000,200,6,M1_BALANCED,45,B,L1,F2,H0,V2,map_S10_M1_BALANCED_seed045,602ce207537d3ff0a03da4a7dad6122bee47a182415509d38b30edb3b98e0955,32.278,65.241,198.088,399.972,25,48,0.3216,0.1224,60.0,-1.0,-1.0,-1.0,-1.0,-1.0,0.0,0.0,0.0,0.0,0.0,0.0,2569.107231,1.486179,0.0,197,1406265,1406265,1.0,1792,1792,1.0,120105,1,0,S10|M1_BALANCED|45|B|L1|F2,false,false,true,/home/cyfer/FYP/WSN_simulation_V3/runs/S10_5000/outputs_production_50seed_part41_45/run_campaign_v3_S10_M1_BALANCED_B_L1_F2_H0_seed045_45_20260603_112647
campaign_v3_S10_M1_BALANCED_B_L1_F2_H1_seed041,campaign_v3_S10_M1_BALANCED_B_L1_F2_H1_seed041_41_20260603_112132,S10,5000,200,6,M1_BALANCED,41,B,L1,F2,H1,V3,map_S10_M1_BALANCED_seed041,00f6731b1be6645422980b4e678c9ffc0f045812e9b344049c7af5083bb8b64f,31.852,64.678,194.948,409.338,25,48,0.3175,0.1202,60.0,24.224,84.224,144.224,150.0,90.0,6.837,0.0,1.0,0.574,0.631,0.074,2557.852546,1.488429,0.0,196,1408905,1408905,1.0,1797,1797,1.0,120000,0,1,S10|M1_BALANCED|41|B|L1|F2,true,false,false,/home/cyfer/FYP/WSN_simulation_V3/runs/S10_5000/outputs_production_50seed_part41_45/run_campaign_v3_S10_M1_BALANCED_B_L1_F2_H1_seed041_41_20260603_112132
campaign_v3_S10_M1_BALANCED_B_L1_F2_H1_seed042,campaign_v3_S10_M1_BALANCED_B_L1_F2_H1_seed042_42_20260603_112251,S10,5000,200,6,M1_BALANCED,42,B,L1,F2,H1,V3,map_S10_M1_BALANCED_seed042,3fb3b857639f7ab75593ba1aee5ffc19382e976b43395acf096091c5c0c42ba2,31.851,63.899,195.961,393.321,25,48,0.3037,0.1316,60.0,24.63,84.63,144.63,150.0,90.0,6.735,0.0,1.0,0.511,0.576,0.158,2561.56861,1.487686,0.0,199,1409160,1409160,1.0,1797,1797,1.0,120000,0,1,S10|M1_BALANCED|42|B|L1|F2,true,false,false,/home/cyfer/FYP/WSN_simulation_V3/runs/S10_5000/outputs_production_50seed_part41_45/run_campaign_v3_S10_M1_BALANCED_B_L1_F2_H1_seed042_42_20260603_112251
campaign_v3_S10_M1_BALANCED_B_L1_F2_H1_seed043,campaign_v3_S10_M1_BALANCED_B_L1_F2_H1_seed043_43_20260603_112409,S10,5000,200,6,M1_BALANCED,43,B,L1,F2,H1,V3,map_S10_M1_BALANCED_seed043,95a779244b54b893be4537c1e51855809899e6e6c44613aecaa3b9e8e7b07542,32.292,63.903,195.696,409.379,25,46,0.3223,0.1158,60.0,24.467,84.467,144.467,150.0,90.0,6.569,0.0,1.0,0.533,0.543,0.114,2577.095731,1.484581,0.0,200,1409160,1409160,1.0,1797,1797,1.0,120000,0,1,S10|M1_BALANCED|43|B|L1|F2,true,false,false,/home/cyfer/FYP/WSN_simulation_V3/runs/S10_5000/outputs_production_50seed_part41_45/run_campaign_v3_S10_M1_BALANCED_B_L1_F2_H1_seed043_43_20260603_112409
campaign_v3_S10_M1_BALANCED_B_L1_F2_H1_seed044,campaign_v3_S10_M1_BALANCED_B_L1_F2_H1_seed044_44_20260603_112538,S10,5000,200,6,M1_BALANCED,44,B,L1,F2,H1,V3,map_S10_M1_BALANCED_seed044,164de8a74a2f8962e3113265d4de3a695dafdcefa184b5ddb3f8a1f15c9664b2,32.167,62.854,198.129,397.168,25,51,0.3359,0.1284,60.0,25.206,85.206,145.206,150.0,90.0,7.347,0.0,1.0,0.6,0.719,0.13,2569.586961,1.486083,0.0,196,1408620,1408620,1.0,1797,1797,1.0,120000,0,1,S10|M1_BALANCED|44|B|L1|F2,true,false,false,/home/cyfer/FYP/WSN_simulation_V3/runs/S10_5000/outputs_production_50seed_part41_45/run_campaign_v3_S10_M1_BALANCED_B_L1_F2_H1_seed044_44_20260603_112538
campaign_v3_S10_M1_BALANCED_B_L1_F2_H1_seed045,campaign_v3_S10_M1_BALANCED_B_L1_F2_H1_seed045_45_20260603_112658,S10,5000,200,6,M1_BALANCED,45,B,L1,F2,H1,V3,map_S10_M1_BALANCED_seed045,602ce207537d3ff0a03da4a7dad6122bee47a182415509d38b30edb3b98e0955,32.278,65.241,198.088,399.972,25,48,0.3216,0.1224,60.0,23.38,83.38,143.38,150.0,90.0,6.134,0.0,1.0,0.447,0.487,0.111,2575.499017,1.4849,0.0,198,1409436,1409436,1.0,1797,1797,1.0,120000,0,1,S10|M1_BALANCED|45|B|L1|F2,true,false,false,/home/cyfer/FYP/WSN_simulation_V3/runs/S10_5000/outputs_production_50seed_part41_45/run_campaign_v3_S10_M1_BALANCED_B_L1_F2_H1_seed045_45_20260603_112658
campaign_v3_S10_M1_BALANCED_B_L1_F2_H3_seed041,campaign_v3_S10_M1_BALANCED_B_L1_F2_H3_seed041_41_20260603_112133,S10,5000,200,6,M1_BALANCED,41,B,L1,F2,H3,V3,map_S10_M1_BALANCED_seed041,00f6731b1be6645422980b4e678c9ffc0f045812e9b344049c7af5083bb8b64f,31.852,64.678,194.948,409.338,25,48,0.3175,0.1202,60.0,30.052,90.052,150.052,160.0,100.0,6.837,0.0,1.0,0.574,0.631,0.074,2555.126958,1.488975,0.0,196,1406871,1406871,1.0,1796,1796,1.0,119675,0,1,S10|M1_BALANCED|41|B|L1|F2,true,false,false,/home/cyfer/FYP/WSN_simulation_V3/runs/S10_5000/outputs_production_50seed_part41_45/run_campaign_v3_S10_M1_BALANCED_B_L1_F2_H3_seed041_41_20260603_112133
campaign_v3_S10_M1_BALANCED_B_L1_F2_H3_seed042,campaign_v3_S10_M1_BALANCED_B_L1_F2_H3_seed042_42_20260603_112252,S10,5000,200,6,M1_BALANCED,42,B,L1,F2,H3,V3,map_S10_M1_BALANCED_seed042,3fb3b857639f7ab75593ba1aee5ffc19382e976b43395acf096091c5c0c42ba2,31.851,63.899,195.961,393.321,25,48,0.3037,0.1316,60.0,29.975,89.975,149.975,150.0,90.0,6.735,0.0,1.0,0.511,0.576,0.158,2558.377171,1.488325,0.0,199,1407300,1407300,1.0,1797,1797,1.0,119700,0,1,S10|M1_BALANCED|42|B|L1|F2,true,false,false,/home/cyfer/FYP/WSN_simulation_V3/runs/S10_5000/outputs_production_50seed_part41_45/run_campaign_v3_S10_M1_BALANCED_B_L1_F2_H3_seed042_42_20260603_112252
campaign_v3_S10_M1_BALANCED_B_L1_F2_H3_seed043,campaign_v3_S10_M1_BALANCED_B_L1_F2_H3_seed043_43_20260603_112410,S10,5000,200,6,M1_BALANCED,43,B,L1,F2,H3,V3,map_S10_M1_BALANCED_seed043,95a779244b54b893be4537c1e51855809899e6e6c44613aecaa3b9e8e7b07542,32.292,63.903,195.696,409.379,25,46,0.3223,0.1158,60.0,30.401,90.401,150.401,160.0,100.0,6.569,0.0,1.0,0.533,0.543,0.114,2574.032172,1.485194,0.0,200,1407288,1407288,1.0,1796,1796,1.0,119700,0,1,S10|M1_BALANCED|43|B|L1|F2,true,false,false,/home/cyfer/FYP/WSN_simulation_V3/runs/S10_5000/outputs_production_50seed_part41_45/run_campaign_v3_S10_M1_BALANCED_B_L1_F2_H3_seed043_43_20260603_112410
campaign_v3_S10_M1_BALANCED_B_L1_F2_H3_seed044,campaign_v3_S10_M1_BALANCED_B_L1_F2_H3_seed044_44_20260603_112538,S10,5000,200,6,M1_BALANCED,44,B,L1,F2,H3,V3,map_S10_M1_BALANCED_seed044,164de8a74a2f8962e3113265d4de3a695dafdcefa184b5ddb3f8a1f15c9664b2,32.167,62.854,198.129,397.168,25,51,0.3359,0.1284,60.0,30.674,90.674,150.674,160.0,100.0,7.347,0.0,1.0,0.6,0.719,0.13,2566.290254,1.486742,0.0,196,1406310,1406310,1.0,1796,1796,1.0,119625,0,1,S10|M1_BALANCED|44|B|L1|F2,true,false,false,/home/cyfer/FYP/WSN_simulation_V3/runs/S10_5000/outputs_production_50seed_part41_45/run_campaign_v3_S10_M1_BALANCED_B_L1_F2_H3_seed044_44_20260603_112538
campaign_v3_S10_M1_BALANCED_B_L1_F2_H3_seed045,campaign_v3_S10_M1_BALANCED_B_L1_F2_H3_seed045_45_20260603_112658,S10,5000,200,6,M1_BALANCED,45,B,L1,F2,H3,V3,map_S10_M1_BALANCED_seed045,602ce207537d3ff0a03da4a7dad6122bee47a182415509d38b30edb3b98e0955,32.278,65.241,198.088,399.972,25,48,0.3216,0.1224,60.0,29.684,89.684,149.684,150.0,90.0,6.134,0.0,1.0,0.447,0.487,0.111,2572.785799,1.485443,0.0,198,1407860,1407860,1.0,1797,1797,1.0,119750,0,1,S10|M1_BALANCED|45|B|L1|F2,true,false,false,/home/cyfer/FYP/WSN_simulation_V3/runs/S10_5000/outputs_production_50seed_part41_45/run_campaign_v3_S10_M1_BALANCED_B_L1_F2_H3_seed045_45_20260603_112658
campaign_v3_S10_M1_BALANCED_B_L1_F2_H4_seed041,campaign_v3_S10_M1_BALANCED_B_L1_F2_H4_seed041_41_20260603_112133,S10,5000,200,6,M1_BALANCED,41,B,L1,F2,H4,V3,map_S10_M1_BALANCED_seed041,00f6731b1be6645422980b4e678c9ffc0f045812e9b344049c7af5083bb8b64f,31.852,64.678,194.948,409.338,25,48,0.3175,0.1202,60.0,34.476,94.476,154.476,160.0,100.0,6.837,0.0,1.0,0.574,0.631,0.074,2557.445236,1.488511,0.0,196,1408635,1408635,1.0,1796,1796,1.0,120000,0,1,S10|M1_BALANCED|41|B|L1|F2,true,false,false,/home/cyfer/FYP/WSN_simulation_V3/runs/S10_5000/outputs_production_50seed_part41_45/run_campaign_v3_S10_M1_BALANCED_B_L1_F2_H4_seed041_41_20260603_112133
campaign_v3_S10_M1_BALANCED_B_L1_F2_H4_seed042,campaign_v3_S10_M1_BALANCED_B_L1_F2_H4_seed042_42_20260603_112253,S10,5000,200,6,M1_BALANCED,42,B,L1,F2,H4,V3,map_S10_M1_BALANCED_seed042,3fb3b857639f7ab75593ba1aee5ffc19382e976b43395acf096091c5c0c42ba2,31.851,63.899,195.961,393.321,25,48,0.3037,0.1316,60.0,33.809,93.809,153.809,160.0,100.0,6.735,0.0,1.0,0.511,0.576,0.158,2561.225912,1.487755,0.0,199,1408944,1408944,1.0,1796,1796,1.0,120000,0,1,S10|M1_BALANCED|42|B|L1|F2,true,false,false,/home/cyfer/FYP/WSN_simulation_V3/runs/S10_5000/outputs_production_50seed_part41_45/run_campaign_v3_S10_M1_BALANCED_B_L1_F2_H4_seed042_42_20260603_112253
campaign_v3_S10_M1_BALANCED_B_L1_F2_H4_seed043,campaign_v3_S10_M1_BALANCED_B_L1_F2_H4_seed043_43_20260603_112410,S10,5000,200,6,M1_BALANCED,43,B,L1,F2,H4,V3,map_S10_M1_BALANCED_seed043,95a779244b54b893be4537c1e51855809899e6e6c44613aecaa3b9e8e7b07542,32.292,63.903,195.696,409.379,25,46,0.3223,0.1158,60.0,34.362,94.362,154.362,160.0,100.0,6.569,0.0,1.0,0.533,0.543,0.114,2576.770657,1.484646,0.0,200,1408920,1408920,1.0,1796,1796,1.0,120000,0,1,S10|M1_BALANCED|43|B|L1|F2,true,false,false,/home/cyfer/FYP/WSN_simulation_V3/runs/S10_5000/outputs_production_50seed_part41_45/run_campaign_v3_S10_M1_BALANCED_B_L1_F2_H4_seed043_43_20260603_112410
campaign_v3_S10_M1_BALANCED_B_L1_F2_H4_seed044,campaign_v3_S10_M1_BALANCED_B_L1_F2_H4_seed044_44_20260603_112539,S10,5000,200,6,M1_BALANCED,44,B,L1,F2,H4,V3,map_S10_M1_BALANCED_seed044,164de8a74a2f8962e3113265d4de3a695dafdcefa184b5ddb3f8a1f15c9664b2,32.167,62.854,198.129,397.168,25,51,0.3359,0.1284,60.0,34.71,94.71,154.71,160.0,100.0,7.347,0.0,1.0,0.6,0.719,0.13,2569.172993,1.486165,0.0,196,1408350,1408350,1.0,1796,1796,1.0,120000,0,1,S10|M1_BALANCED|44|B|L1|F2,true,false,false,/home/cyfer/FYP/WSN_simulation_V3/runs/S10_5000/outputs_production_50seed_part41_45/run_campaign_v3_S10_M1_BALANCED_B_L1_F2_H4_seed044_44_20260603_112539
campaign_v3_S10_M1_BALANCED_B_L1_F2_H4_seed045,campaign_v3_S10_M1_BALANCED_B_L1_F2_H4_seed045_45_20260603_112659,S10,5000,200,6,M1_BALANCED,45,B,L1,F2,H4,V3,map_S10_M1_BALANCED_seed045,602ce207537d3ff0a03da4a7dad6122bee47a182415509d38b30edb3b98e0955,32.278,65.241,198.088,399.972,25,48,0.3216,0.1224,60.0,33.515,93.515,153.515,160.0,100.0,6.134,0.0,1.0,0.447,0.487,0.111,2575.204203,1.484959,0.0,198,1409226,1409226,1.0,1796,1796,1.0,120000,0,1,S10|M1_BALANCED|45|B|L1|F2,true,false,false,/home/cyfer/FYP/WSN_simulation_V3/runs/S10_5000/outputs_production_50seed_part41_45/run_campaign_v3_S10_M1_BALANCED_B_L1_F2_H4_seed045_45_20260603_112659
campaign_v3_S10_M1_BALANCED_B_L1_F3_H0_seed041,campaign_v3_S10_M1_BALANCED_B_L1_F3_H0_seed041_41_20260603_112122,S10,5000,200,6,M1_BALANCED,41,B,L1,F3,H0,V2,map_S10_M1_BALANCED_seed041,00f6731b1be6645422980b4e678c9ffc0f045812e9b344049c7af5083bb8b64f,31.852,64.678,194.948,409.338,25,48,0.3175,0.1202,60.0,-1.0,-1.0,-1.0,-1.0,-1.0,0.0,0.0,0.0,0.0,0.0,0.0,2551.616548,1.489677,0.0,195,1406030,1406030,1.0,1792,1792,1.0,120110,1,0,S10|M1_BALANCED|41|B|L1|F3,false,false,true,/home/cyfer/FYP/WSN_simulation_V3/runs/S10_5000/outputs_production_50seed_part41_45/run_campaign_v3_S10_M1_BALANCED_B_L1_F3_H0_seed041_41_20260603_112122
campaign_v3_S10_M1_BALANCED_B_L1_F3_H0_seed042,campaign_v3_S10_M1_BALANCED_B_L1_F3_H0_seed042_42_20260603_112242,S10,5000,200,6,M1_BALANCED,42,B,L1,F3,H0,V2,map_S10_M1_BALANCED_seed042,3fb3b857639f7ab75593ba1aee5ffc19382e976b43395acf096091c5c0c42ba2,31.851,63.899,195.961,393.321,25,48,0.3037,0.1316,60.0,-1.0,-1.0,-1.0,-1.0,-1.0,0.0,0.0,0.0,0.0,0.0,0.0,2556.974084,1.488605,0.0,198,1407205,1407205,1.0,1792,1792,1.0,120085,1,0,S10|M1_BALANCED|42|B|L1|F3,false,false,true,/home/cyfer/FYP/WSN_simulation_V3/runs/S10_5000/outputs_production_50seed_part41_45/run_campaign_v3_S10_M1_BALANCED_B_L1_F3_H0_seed042_42_20260603_112242
campaign_v3_S10_M1_BALANCED_B_L1_F3_H0_seed043,campaign_v3_S10_M1_BALANCED_B_L1_F3_H0_seed043_43_20260603_112359,S10,5000,200,6,M1_BALANCED,43,B,L1,F3,H0,V2,map_S10_M1_BALANCED_seed043,95a779244b54b893be4537c1e51855809899e6e6c44613aecaa3b9e8e7b07542,32.292,63.903,195.696,409.379,25,46,0.3223,0.1158,60.0,-1.0,-1.0,-1.0,-1.0,-1.0,0.0,0.0,0.0,0.0,0.0,0.0,2572.653312,1.485469,0.0,199,1407440,1407440,1.0,1792,1792,1.0,120080,1,0,S10|M1_BALANCED|43|B|L1|F3,false,false,true,/home/cyfer/FYP/WSN_simulation_V3/runs/S10_5000/outputs_production_50seed_part41_45/run_campaign_v3_S10_M1_BALANCED_B_L1_F3_H0_seed043_43_20260603_112359
campaign_v3_S10_M1_BALANCED_B_L1_F3_H0_seed044,campaign_v3_S10_M1_BALANCED_B_L1_F3_H0_seed044_44_20260603_112528,S10,5000,200,6,M1_BALANCED,44,B,L1,F3,H0,V2,map_S10_M1_BALANCED_seed044,164de8a74a2f8962e3113265d4de3a695dafdcefa184b5ddb3f8a1f15c9664b2,32.167,62.854,198.129,397.168,25,51,0.3359,0.1284,60.0,-1.0,-1.0,-1.0,-1.0,-1.0,0.0,0.0,0.0,0.0,0.0,0.0,2566.379187,1.486724,0.0,195,1407440,1407440,1.0,1792,1792,1.0,120080,1,0,S10|M1_BALANCED|44|B|L1|F3,false,false,true,/home/cyfer/FYP/WSN_simulation_V3/runs/S10_5000/outputs_production_50seed_part41_45/run_campaign_v3_S10_M1_BALANCED_B_L1_F3_H0_seed044_44_20260603_112528
campaign_v3_S10_M1_BALANCED_B_L1_F3_H0_seed045,campaign_v3_S10_M1_BALANCED_B_L1_F3_H0_seed045_45_20260603_112648,S10,5000,200,6,M1_BALANCED,45,B,L1,F3,H0,V2,map_S10_M1_BALANCED_seed045,602ce207537d3ff0a03da4a7dad6122bee47a182415509d38b30edb3b98e0955,32.278,65.241,198.088,399.972,25,48,0.3216,0.1224,60.0,-1.0,-1.0,-1.0,-1.0,-1.0,0.0,0.0,0.0,0.0,0.0,0.0,2562.574122,1.487485,0.0,198,1402035,1402035,1.0,1792,1792,1.0,120195,1,0,S10|M1_BALANCED|45|B|L1|F3,false,false,true,/home/cyfer/FYP/WSN_simulation_V3/runs/S10_5000/outputs_production_50seed_part41_45/run_campaign_v3_S10_M1_BALANCED_B_L1_F3_H0_seed045_45_20260603_112648
campaign_v3_S10_M1_BALANCED_B_L1_F3_H1_seed041,campaign_v3_S10_M1_BALANCED_B_L1_F3_H1_seed041_41_20260603_112134,S10,5000,200,6,M1_BALANCED,41,B,L1,F3,H1,V3,map_S10_M1_BALANCED_seed041,00f6731b1be6645422980b4e678c9ffc0f045812e9b344049c7af5083bb8b64f,31.852,64.678,194.948,409.338,25,48,0.3175,0.1202,60.0,27.731,87.731,147.731,150.0,90.0,6.154,0.0,1.0,0.468,0.509,0.074,2551.824037,1.489635,0.0,195,1406050,1406050,1.0,1797,1797,1.0,119454,0,1,S10|M1_BALANCED|41|B|L1|F3,true,false,false,/home/cyfer/FYP/WSN_simulation_V3/runs/S10_5000/outputs_production_50seed_part41_45/run_campaign_v3_S10_M1_BALANCED_B_L1_F3_H1_seed041_41_20260603_112134
campaign_v3_S10_M1_BALANCED_B_L1_F3_H1_seed042,campaign_v3_S10_M1_BALANCED_B_L1_F3_H1_seed042_42_20260603_112253,S10,5000,200,6,M1_BALANCED,42,B,L1,F3,H1,V3,map_S10_M1_BALANCED_seed042,3fb3b857639f7ab75593ba1aee5ffc19382e976b43395acf096091c5c0c42ba2,31.851,63.899,195.961,393.321,25,48,0.3037,0.1316,60.0,27.04,87.04,147.04,150.0,90.0,5.579,0.0,1.0,0.362,0.388,0.11,2557.149705,1.48857,0.0,198,1407225,1407225,1.0,1797,1797,1.0,119579,0,1,S10|M1_BALANCED|42|B|L1|F3,true,false,false,/home/cyfer/FYP/WSN_simulation_V3/runs/S10_5000/outputs_production_50seed_part41_45/run_campaign_v3_S10_M1_BALANCED_B_L1_F3_H1_seed042_42_20260603_112253
campaign_v3_S10_M1_BALANCED_B_L1_F3_H1_seed043,campaign_v3_S10_M1_BALANCED_B_L1_F3_H1_seed043_43_20260603_112411,S10,5000,200,6,M1_BALANCED,43,B,L1,F3,H1,V3,map_S10_M1_BALANCED_seed043,95a779244b54b893be4537c1e51855809899e6e6c44613aecaa3b9e8e7b07542,32.292,63.903,195.696,409.379,25,46,0.3223,0.1158,60.0,26.908,86.908,146.908,150.0,90.0,5.608,0.0,1.0,0.356,0.358,0.156,2572.835818,1.485433,0.0,199,1407460,1407460,1.0,1797,1797,1.0,119604,0,1,S10|M1_BALANCED|43|B|L1|F3,true,false,false,/home/cyfer/FYP/WSN_simulation_V3/runs/S10_5000/outputs_production_50seed_part41_45/run_campaign_v3_S10_M1_BALANCED_B_L1_F3_H1_seed043_43_20260603_112411
campaign_v3_S10_M1_BALANCED_B_L1_F3_H1_seed044,campaign_v3_S10_M1_BALANCED_B_L1_F3_H1_seed044_44_20260603_112540,S10,5000,200,6,M1_BALANCED,44,B,L1,F3,H1,V3,map_S10_M1_BALANCED_seed044,164de8a74a2f8962e3113265d4de3a695dafdcefa184b5ddb3f8a1f15c9664b2,32.167,62.854,198.129,397.168,25,51,0.3359,0.1284,60.0,26.951,86.951,146.951,150.0,90.0,5.43,0.0,1.0,0.32,0.356,0.134,2566.550945,1.48669,0.0,195,1407460,1407460,1.0,1797,1797,1.0,119604,0,1,S10|M1_BALANCED|44|B|L1|F3,true,false,false,/home/cyfer/FYP/WSN_simulation_V3/runs/S10_5000/outputs_production_50seed_part41_45/run_campaign_v3_S10_M1_BALANCED_B_L1_F3_H1_seed044_44_20260603_112540
campaign_v3_S10_M1_BALANCED_B_L1_F3_H1_seed045,campaign_v3_S10_M1_BALANCED_B_L1_F3_H1_seed045_45_20260603_112700,S10,5000,200,6,M1_BALANCED,45,B,L1,F3,H1,V3,map_S10_M1_BALANCED_seed045,602ce207537d3ff0a03da4a7dad6122bee47a182415509d38b30edb3b98e0955,32.278,65.241,198.088,399.972,25,48,0.3216,0.1224,60.0,29.785,89.785,149.785,150.0,90.0,8.604,0.0,1.0,0.83,0.932,0.106,2562.883853,1.487423,0.0,198,1402055,1402055,1.0,1797,1797,1.0,119029,0,1,S10|M1_BALANCED|45|B|L1|F3,true,false,false,/home/cyfer/FYP/WSN_simulation_V3/runs/S10_5000/outputs_production_50seed_part41_45/run_campaign_v3_S10_M1_BALANCED_B_L1_F3_H1_seed045_45_20260603_112700
campaign_v3_S10_M1_BALANCED_B_L1_F3_H3_seed041,campaign_v3_S10_M1_BALANCED_B_L1_F3_H3_seed041_41_20260603_112134,S10,5000,200,6,M1_BALANCED,41,B,L1,F3,H3,V3,map_S10_M1_BALANCED_seed041,00f6731b1be6645422980b4e678c9ffc0f045812e9b344049c7af5083bb8b64f,31.852,64.678,194.948,409.338,25,48,0.3175,0.1202,60.0,33.366,93.366,153.366,160.0,100.0,6.154,0.0,1.0,0.468,0.509,0.074,2551.803882,1.489639,0.0,195,1406046,1406046,1.0,1796,1796,1.0,119454,0,1,S10|M1_BALANCED|41|B|L1|F3,true,false,false,/home/cyfer/FYP/WSN_simulation_V3/runs/S10_5000/outputs_production_50seed_part41_45/run_campaign_v3_S10_M1_BALANCED_B_L1_F3_H3_seed041_41_20260603_112134
campaign_v3_S10_M1_BALANCED_B_L1_F3_H3_seed042,campaign_v3_S10_M1_BALANCED_B_L1_F3_H3_seed042_42_20260603_112254,S10,5000,200,6,M1_BALANCED,42,B,L1,F3,H3,V3,map_S10_M1_BALANCED_seed042,3fb3b857639f7ab75593ba1aee5ffc19382e976b43395acf096091c5c0c42ba2,31.851,63.899,195.961,393.321,25,48,0.3037,0.1316,60.0,33.098,93.098,153.098,160.0,100.0,5.579,0.0,1.0,0.362,0.388,0.11,2557.137157,1.488573,0.0,198,1407221,1407221,1.0,1796,1796,1.0,119579,0,1,S10|M1_BALANCED|42|B|L1|F3,true,false,false,/home/cyfer/FYP/WSN_simulation_V3/runs/S10_5000/outputs_production_50seed_part41_45/run_campaign_v3_S10_M1_BALANCED_B_L1_F3_H3_seed042_42_20260603_112254
campaign_v3_S10_M1_BALANCED_B_L1_F3_H3_seed043,campaign_v3_S10_M1_BALANCED_B_L1_F3_H3_seed043_43_20260603_112412,S10,5000,200,6,M1_BALANCED,43,B,L1,F3,H3,V3,map_S10_M1_BALANCED_seed043,95a779244b54b893be4537c1e51855809899e6e6c44613aecaa3b9e8e7b07542,32.292,63.903,195.696,409.379,25,46,0.3223,0.1158,60.0,33.502,93.502,153.502,160.0,100.0,5.608,0.0,1.0,0.356,0.358,0.156,2572.818981,1.485436,0.0,199,1407456,1407456,1.0,1796,1796,1.0,119604,0,1,S10|M1_BALANCED|43|B|L1|F3,true,false,false,/home/cyfer/FYP/WSN_simulation_V3/runs/S10_5000/outputs_production_50seed_part41_45/run_campaign_v3_S10_M1_BALANCED_B_L1_F3_H3_seed043_43_20260603_112412
campaign_v3_S10_M1_BALANCED_B_L1_F3_H3_seed044,campaign_v3_S10_M1_BALANCED_B_L1_F3_H3_seed044_44_20260603_112540,S10,5000,200,6,M1_BALANCED,44,B,L1,F3,H3,V3,map_S10_M1_BALANCED_seed044,164de8a74a2f8962e3113265d4de3a695dafdcefa184b5ddb3f8a1f15c9664b2,32.167,62.854,198.129,397.168,25,51,0.3359,0.1284,60.0,33.388,93.388,153.388,160.0,100.0,5.43,0.0,1.0,0.32,0.356,0.134,2566.536608,1.486693,0.0,195,1407456,1407456,1.0,1796,1796,1.0,119604,0,1,S10|M1_BALANCED|44|B|L1|F3,true,false,false,/home/cyfer/FYP/WSN_simulation_V3/runs/S10_5000/outputs_production_50seed_part41_45/run_campaign_v3_S10_M1_BALANCED_B_L1_F3_H3_seed044_44_20260603_112540
campaign_v3_S10_M1_BALANCED_B_L1_F3_H3_seed045,campaign_v3_S10_M1_BALANCED_B_L1_F3_H3_seed045_45_20260603_112700,S10,5000,200,6,M1_BALANCED,45,B,L1,F3,H3,V3,map_S10_M1_BALANCED_seed045,602ce207537d3ff0a03da4a7dad6122bee47a182415509d38b30edb3b98e0955,32.278,65.241,198.088,399.972,25,48,0.3216,0.1224,60.0,35.824,95.824,155.824,160.0,100.0,8.604,0.0,1.0,0.83,0.932,0.106,2562.866956,1.487427,0.0,198,1402051,1402051,1.0,1796,1796,1.0,119029,0,1,S10|M1_BALANCED|45|B|L1|F3,true,false,false,/home/cyfer/FYP/WSN_simulation_V3/runs/S10_5000/outputs_production_50seed_part41_45/run_campaign_v3_S10_M1_BALANCED_B_L1_F3_H3_seed045_45_20260603_112700
campaign_v3_S10_M1_BALANCED_B_L1_F3_H4_seed041,campaign_v3_S10_M1_BALANCED_B_L1_F3_H4_seed041_41_20260603_112135,S10,5000,200,6,M1_BALANCED,41,B,L1,F3,H4,V3,map_S10_M1_BALANCED_seed041,00f6731b1be6645422980b4e678c9ffc0f045812e9b344049c7af5083bb8b64f,31.852,64.678,194.948,409.338,25,48,0.3175,0.1202,60.0,38.062,98.062,158.062,160.0,100.0,6.154,0.0,1.0,0.468,0.509,0.074,2551.808779,1.489638,0.0,195,1406046,1406046,1.0,1796,1796,1.0,119454,0,1,S10|M1_BALANCED|41|B|L1|F3,true,false,false,/home/cyfer/FYP/WSN_simulation_V3/runs/S10_5000/outputs_production_50seed_part41_45/run_campaign_v3_S10_M1_BALANCED_B_L1_F3_H4_seed041_41_20260603_112135
campaign_v3_S10_M1_BALANCED_B_L1_F3_H4_seed042,campaign_v3_S10_M1_BALANCED_B_L1_F3_H4_seed042_42_20260603_112254,S10,5000,200,6,M1_BALANCED,42,B,L1,F3,H4,V3,map_S10_M1_BALANCED_seed042,3fb3b857639f7ab75593ba1aee5ffc19382e976b43395acf096091c5c0c42ba2,31.851,63.899,195.961,393.321,25,48,0.3037,0.1316,60.0,37.221,97.221,157.221,160.0,100.0,5.579,0.0,1.0,0.362,0.388,0.11,2557.134821,1.488573,0.0,198,1407221,1407221,1.0,1796,1796,1.0,119579,0,1,S10|M1_BALANCED|42|B|L1|F3,true,false,false,/home/cyfer/FYP/WSN_simulation_V3/runs/S10_5000/outputs_production_50seed_part41_45/run_campaign_v3_S10_M1_BALANCED_B_L1_F3_H4_seed042_42_20260603_112254
campaign_v3_S10_M1_BALANCED_B_L1_F3_H4_seed043,campaign_v3_S10_M1_BALANCED_B_L1_F3_H4_seed043_43_20260603_112413,S10,5000,200,6,M1_BALANCED,43,B,L1,F3,H4,V3,map_S10_M1_BALANCED_seed043,95a779244b54b893be4537c1e51855809899e6e6c44613aecaa3b9e8e7b07542,32.292,63.903,195.696,409.379,25,46,0.3223,0.1158,60.0,37.274,97.274,157.274,160.0,100.0,5.608,0.0,1.0,0.356,0.358,0.156,2572.818357,1.485436,0.0,199,1407456,1407456,1.0,1796,1796,1.0,119604,0,1,S10|M1_BALANCED|43|B|L1|F3,true,false,false,/home/cyfer/FYP/WSN_simulation_V3/runs/S10_5000/outputs_production_50seed_part41_45/run_campaign_v3_S10_M1_BALANCED_B_L1_F3_H4_seed043_43_20260603_112413
campaign_v3_S10_M1_BALANCED_B_L1_F3_H4_seed044,campaign_v3_S10_M1_BALANCED_B_L1_F3_H4_seed044_44_20260603_112541,S10,5000,200,6,M1_BALANCED,44,B,L1,F3,H4,V3,map_S10_M1_BALANCED_seed044,164de8a74a2f8962e3113265d4de3a695dafdcefa184b5ddb3f8a1f15c9664b2,32.167,62.854,198.129,397.168,25,51,0.3359,0.1284,60.0,36.831,96.831,156.831,160.0,100.0,5.43,0.0,1.0,0.32,0.356,0.134,2566.535633,1.486693,0.0,195,1407456,1407456,1.0,1796,1796,1.0,119604,0,1,S10|M1_BALANCED|44|B|L1|F3,true,false,false,/home/cyfer/FYP/WSN_simulation_V3/runs/S10_5000/outputs_production_50seed_part41_45/run_campaign_v3_S10_M1_BALANCED_B_L1_F3_H4_seed044_44_20260603_112541
campaign_v3_S10_M1_BALANCED_B_L1_F3_H4_seed045,campaign_v3_S10_M1_BALANCED_B_L1_F3_H4_seed045_45_20260603_112701,S10,5000,200,6,M1_BALANCED,45,B,L1,F3,H4,V3,map_S10_M1_BALANCED_seed045,602ce207537d3ff0a03da4a7dad6122bee47a182415509d38b30edb3b98e0955,32.278,65.241,198.088,399.972,25,48,0.3216,0.1224,60.0,39.77,99.77,159.77,160.0,100.0,8.604,0.0,1.0,0.83,0.932,0.106,2562.868547,1.487426,0.0,198,1402051,1402051,1.0,1796,1796,1.0,119029,0,1,S10|M1_BALANCED|45|B|L1|F3,true,false,false,/home/cyfer/FYP/WSN_simulation_V3/runs/S10_5000/outputs_production_50seed_part41_45/run_campaign_v3_S10_M1_BALANCED_B_L1_F3_H4_seed045_45_20260603_112701
campaign_v3_S10_M1_BALANCED_B_L1_F4_H0_seed041,campaign_v3_S10_M1_BALANCED_B_L1_F4_H0_seed041_41_20260603_112123,S10,5000,200,6,M1_BALANCED,41,B,L1,F4,H0,V2,map_S10_M1_BALANCED_seed041,00f6731b1be6645422980b4e678c9ffc0f045812e9b344049c7af5083bb8b64f,31.852,64.678,194.948,409.338,25,48,0.3175,0.1202,60.0,-1.0,-1.0,-1.0,-1.0,-1.0,0.0,0.0,0.0,0.0,0.0,0.0,2549.251671,1.49015,0.0,195,1403915,1403915,1.0,1792,1792,1.0,120155,1,0,S10|M1_BALANCED|41|B|L1|F4,false,false,true,/home/cyfer/FYP/WSN_simulation_V3/runs/S10_5000/outputs_production_50seed_part41_45/run_campaign_v3_S10_M1_BALANCED_B_L1_F4_H0_seed041_41_20260603_112123
campaign_v3_S10_M1_BALANCED_B_L1_F4_H0_seed042,campaign_v3_S10_M1_BALANCED_B_L1_F4_H0_seed042_42_20260603_112242,S10,5000,200,6,M1_BALANCED,42,B,L1,F4,H0,V2,map_S10_M1_BALANCED_seed042,3fb3b857639f7ab75593ba1aee5ffc19382e976b43395acf096091c5c0c42ba2,31.851,63.899,195.961,393.321,25,48,0.3037,0.1316,60.0,-1.0,-1.0,-1.0,-1.0,-1.0,0.0,0.0,0.0,0.0,0.0,0.0,2553.986878,1.489203,0.0,198,1405325,1405325,1.0,1792,1792,1.0,120125,1,0,S10|M1_BALANCED|42|B|L1|F4,false,false,true,/home/cyfer/FYP/WSN_simulation_V3/runs/S10_5000/outputs_production_50seed_part41_45/run_campaign_v3_S10_M1_BALANCED_B_L1_F4_H0_seed042_42_20260603_112242
campaign_v3_S10_M1_BALANCED_B_L1_F4_H0_seed043,campaign_v3_S10_M1_BALANCED_B_L1_F4_H0_seed043_43_20260603_112400,S10,5000,200,6,M1_BALANCED,43,B,L1,F4,H0,V2,map_S10_M1_BALANCED_seed043,95a779244b54b893be4537c1e51855809899e6e6c44613aecaa3b9e8e7b07542,32.292,63.903,195.696,409.379,25,46,0.3223,0.1158,60.0,-1.0,-1.0,-1.0,-1.0,-1.0,0.0,0.0,0.0,0.0,0.0,0.0,2566.590838,1.486682,0.0,200,1402975,1402975,1.0,1792,1792,1.0,120175,1,0,S10|M1_BALANCED|43|B|L1|F4,false,false,true,/home/cyfer/FYP/WSN_simulation_V3/runs/S10_5000/outputs_production_50seed_part41_45/run_campaign_v3_S10_M1_BALANCED_B_L1_F4_H0_seed043_43_20260603_112400
campaign_v3_S10_M1_BALANCED_B_L1_F4_H0_seed044,campaign_v3_S10_M1_BALANCED_B_L1_F4_H0_seed044_44_20260603_112528,S10,5000,200,6,M1_BALANCED,44,B,L1,F4,H0,V2,map_S10_M1_BALANCED_seed044,164de8a74a2f8962e3113265d4de3a695dafdcefa184b5ddb3f8a1f15c9664b2,32.167,62.854,198.129,397.168,25,51,0.3359,0.1284,60.0,-1.0,-1.0,-1.0,-1.0,-1.0,0.0,0.0,0.0,0.0,0.0,0.0,2561.908471,1.487618,0.0,195,1404855,1404855,1.0,1792,1792,1.0,120135,1,0,S10|M1_BALANCED|44|B|L1|F4,false,false,true,/home/cyfer/FYP/WSN_simulation_V3/runs/S10_5000/outputs_production_50seed_part41_45/run_campaign_v3_S10_M1_BALANCED_B_L1_F4_H0_seed044_44_20260603_112528
campaign_v3_S10_M1_BALANCED_B_L1_F4_H0_seed045,campaign_v3_S10_M1_BALANCED_B_L1_F4_H0_seed045_45_20260603_112649,S10,5000,200,6,M1_BALANCED,45,B,L1,F4,H0,V2,map_S10_M1_BALANCED_seed045,602ce207537d3ff0a03da4a7dad6122bee47a182415509d38b30edb3b98e0955,32.278,65.241,198.088,399.972,25,48,0.3216,0.1224,60.0,-1.0,-1.0,-1.0,-1.0,-1.0,0.0,0.0,0.0,0.0,0.0,0.0,2567.299349,1.48654,0.0,197,1405325,1405325,1.0,1792,1792,1.0,120125,1,0,S10|M1_BALANCED|45|B|L1|F4,false,false,true,/home/cyfer/FYP/WSN_simulation_V3/runs/S10_5000/outputs_production_50seed_part41_45/run_campaign_v3_S10_M1_BALANCED_B_L1_F4_H0_seed045_45_20260603_112649
campaign_v3_S10_M1_BALANCED_B_L1_F4_H1_seed041,campaign_v3_S10_M1_BALANCED_B_L1_F4_H1_seed041_41_20260603_112136,S10,5000,200,6,M1_BALANCED,41,B,L1,F4,H1,V3,map_S10_M1_BALANCED_seed041,00f6731b1be6645422980b4e678c9ffc0f045812e9b344049c7af5083bb8b64f,31.852,64.678,194.948,409.338,25,48,0.3175,0.1202,60.0,34.886,94.886,154.886,160.0,100.0,7.236,0.0,1.0,0.66,0.705,0.047,2551.349834,1.48973,0.0,195,1404706,1404706,1.0,1796,1796,1.0,119229,0,1,S10|M1_BALANCED|41|B|L1|F4,true,false,false,/home/cyfer/FYP/WSN_simulation_V3/runs/S10_5000/outputs_production_50seed_part41_45/run_campaign_v3_S10_M1_BALANCED_B_L1_F4_H1_seed041_41_20260603_112136
campaign_v3_S10_M1_BALANCED_B_L1_F4_H1_seed042,campaign_v3_S10_M1_BALANCED_B_L1_F4_H1_seed042_42_20260603_112255,S10,5000,200,6,M1_BALANCED,42,B,L1,F4,H1,V3,map_S10_M1_BALANCED_seed042,3fb3b857639f7ab75593ba1aee5ffc19382e976b43395acf096091c5c0c42ba2,31.851,63.899,195.961,393.321,25,48,0.3037,0.1316,60.0,34.092,94.092,154.092,160.0,100.0,6.76,0.0,1.0,0.532,0.587,0.134,2555.701273,1.48886,0.0,198,1405966,1405966,1.0,1796,1796,1.0,119379,0,1,S10|M1_BALANCED|42|B|L1|F4,true,false,false,/home/cyfer/FYP/WSN_simulation_V3/runs/S10_5000/outputs_production_50seed_part41_45/run_campaign_v3_S10_M1_BALANCED_B_L1_F4_H1_seed042_42_20260603_112255
campaign_v3_S10_M1_BALANCED_B_L1_F4_H1_seed043,campaign_v3_S10_M1_BALANCED_B_L1_F4_H1_seed043_43_20260603_112414,S10,5000,200,6,M1_BALANCED,43,B,L1,F4,H1,V3,map_S10_M1_BALANCED_seed043,95a779244b54b893be4537c1e51855809899e6e6c44613aecaa3b9e8e7b07542,32.292,63.903,195.696,409.379,25,46,0.3223,0.1158,60.0,35.877,95.877,155.877,160.0,100.0,8.219,0.0,1.0,0.778,0.806,0.156,2568.843417,1.486231,0.0,200,1403831,1403831,1.0,1796,1796,1.0,119129,0,1,S10|M1_BALANCED|43|B|L1|F4,true,false,false,/home/cyfer/FYP/WSN_simulation_V3/runs/S10_5000/outputs_production_50seed_part41_45/run_campaign_v3_S10_M1_BALANCED_B_L1_F4_H1_seed043_43_20260603_112414
campaign_v3_S10_M1_BALANCED_B_L1_F4_H1_seed044,campaign_v3_S10_M1_BALANCED_B_L1_F4_H1_seed044_44_20260603_112542,S10,5000,200,6,M1_BALANCED,44,B,L1,F4,H1,V3,map_S10_M1_BALANCED_seed044,164de8a74a2f8962e3113265d4de3a695dafdcefa184b5ddb3f8a1f15c9664b2,32.167,62.854,198.129,397.168,25,51,0.3359,0.1284,60.0,34.117,94.117,154.117,160.0,100.0,7.001,0.0,1.0,0.54,0.645,0.149,2563.810851,1.487238,0.0,195,1405546,1405546,1.0,1796,1796,1.0,119329,0,1,S10|M1_BALANCED|44|B|L1|F4,true,false,false,/home/cyfer/FYP/WSN_simulation_V3/runs/S10_5000/outputs_production_50seed_part41_45/run_campaign_v3_S10_M1_BALANCED_B_L1_F4_H1_seed044_44_20260603_112542
campaign_v3_S10_M1_BALANCED_B_L1_F4_H1_seed045,campaign_v3_S10_M1_BALANCED_B_L1_F4_H1_seed045_45_20260603_112702,S10,5000,200,6,M1_BALANCED,45,B,L1,F4,H1,V3,map_S10_M1_BALANCED_seed045,602ce207537d3ff0a03da4a7dad6122bee47a182415509d38b30edb3b98e0955,32.278,65.241,198.088,399.972,25,48,0.3216,0.1224,60.0,33.73,93.73,153.73,160.0,100.0,6.546,0.0,1.0,0.532,0.594,0.056,2569.128821,1.486174,0.0,197,1405991,1405991,1.0,1796,1796,1.0,119379,0,1,S10|M1_BALANCED|45|B|L1|F4,true,false,false,/home/cyfer/FYP/WSN_simulation_V3/runs/S10_5000/outputs_production_50seed_part41_45/run_campaign_v3_S10_M1_BALANCED_B_L1_F4_H1_seed045_45_20260603_112702
campaign_v3_S10_M1_BALANCED_B_L1_F4_H3_seed041,campaign_v3_S10_M1_BALANCED_B_L1_F4_H3_seed041_41_20260603_112136,S10,5000,200,6,M1_BALANCED,41,B,L1,F4,H3,V3,map_S10_M1_BALANCED_seed041,00f6731b1be6645422980b4e678c9ffc0f045812e9b344049c7af5083bb8b64f,31.852,64.678,194.948,409.338,25,48,0.3175,0.1202,60.0,40.586,100.586,160.586,170.0,110.0,7.236,0.0,1.0,0.66,0.705,0.047,2550.207198,1.489959,0.0,195,1404235,1404235,1.0,1796,1796,1.0,119229,0,1,S10|M1_BALANCED|41|B|L1|F4,true,false,false,/home/cyfer/FYP/WSN_simulation_V3/runs/S10_5000/outputs_production_50seed_part41_45/run_campaign_v3_S10_M1_BALANCED_B_L1_F4_H3_seed041_41_20260603_112136
campaign_v3_S10_M1_BALANCED_B_L1_F4_H3_seed042,campaign_v3_S10_M1_BALANCED_B_L1_F4_H3_seed042_42_20260603_112256,S10,5000,200,6,M1_BALANCED,42,B,L1,F4,H3,V3,map_S10_M1_BALANCED_seed042,3fb3b857639f7ab75593ba1aee5ffc19382e976b43395acf096091c5c0c42ba2,31.851,63.899,195.961,393.321,25,48,0.3037,0.1316,60.0,39.867,99.867,159.867,160.0,100.0,6.76,0.0,1.0,0.532,0.587,0.134,2554.836959,1.489033,0.0,198,1405601,1405601,1.0,1796,1796,1.0,119379,0,1,S10|M1_BALANCED|42|B|L1|F4,true,false,false,/home/cyfer/FYP/WSN_simulation_V3/runs/S10_5000/outputs_production_50seed_part41_45/run_campaign_v3_S10_M1_BALANCED_B_L1_F4_H3_seed042_42_20260603_112256
campaign_v3_S10_M1_BALANCED_B_L1_F4_H3_seed043,campaign_v3_S10_M1_BALANCED_B_L1_F4_H3_seed043_43_20260603_112414,S10,5000,200,6,M1_BALANCED,43,B,L1,F4,H3,V3,map_S10_M1_BALANCED_seed043,95a779244b54b893be4537c1e51855809899e6e6c44613aecaa3b9e8e7b07542,32.292,63.903,195.696,409.379,25,46,0.3223,0.1158,60.0,41.686,101.686,161.686,170.0,110.0,8.219,0.0,1.0,0.778,0.806,0.156,2567.607495,1.486479,0.0,200,1403315,1403315,1.0,1796,1796,1.0,119129,0,1,S10|M1_BALANCED|43|B|L1|F4,true,false,false,/home/cyfer/FYP/WSN_simulation_V3/runs/S10_5000/outputs_production_50seed_part41_45/run_campaign_v3_S10_M1_BALANCED_B_L1_F4_H3_seed043_43_20260603_112414
campaign_v3_S10_M1_BALANCED_B_L1_F4_H3_seed044,campaign_v3_S10_M1_BALANCED_B_L1_F4_H3_seed044_44_20260603_112542,S10,5000,200,6,M1_BALANCED,44,B,L1,F4,H3,V3,map_S10_M1_BALANCED_seed044,164de8a74a2f8962e3113265d4de3a695dafdcefa184b5ddb3f8a1f15c9664b2,32.167,62.854,198.129,397.168,25,51,0.3359,0.1284,60.0,40.912,100.912,160.912,170.0,110.0,7.001,0.0,1.0,0.54,0.645,0.149,2562.815286,1.487437,0.0,195,1405137,1405137,1.0,1796,1796,1.0,119329,0,1,S10|M1_BALANCED|44|B|L1|F4,true,false,false,/home/cyfer/FYP/WSN_simulation_V3/runs/S10_5000/outputs_production_50seed_part41_45/run_campaign_v3_S10_M1_BALANCED_B_L1_F4_H3_seed044_44_20260603_112542
campaign_v3_S10_M1_BALANCED_B_L1_F4_H3_seed045,campaign_v3_S10_M1_BALANCED_B_L1_F4_H3_seed045_45_20260603_112702,S10,5000,200,6,M1_BALANCED,45,B,L1,F4,H3,V3,map_S10_M1_BALANCED_seed045,602ce207537d3ff0a03da4a7dad6122bee47a182415509d38b30edb3b98e0955,32.278,65.241,198.088,399.972,25,48,0.3216,0.1224,60.0,40.332,100.332,160.332,170.0,110.0,6.546,0.0,1.0,0.532,0.594,0.056,2568.112888,1.486377,0.0,197,1405588,1405588,1.0,1796,1796,1.0,119379,0,1,S10|M1_BALANCED|45|B|L1|F4,true,false,false,/home/cyfer/FYP/WSN_simulation_V3/runs/S10_5000/outputs_production_50seed_part41_45/run_campaign_v3_S10_M1_BALANCED_B_L1_F4_H3_seed045_45_20260603_112702
campaign_v3_S10_M1_BALANCED_B_L1_F4_H4_seed041,campaign_v3_S10_M1_BALANCED_B_L1_F4_H4_seed041_41_20260603_112137,S10,5000,200,6,M1_BALANCED,41,B,L1,F4,H4,V3,map_S10_M1_BALANCED_seed041,00f6731b1be6645422980b4e678c9ffc0f045812e9b344049c7af5083bb8b64f,31.852,64.678,194.948,409.338,25,48,0.3175,0.1202,60.0,44.278,104.278,164.278,170.0,110.0,7.236,0.0,1.0,0.66,0.705,0.047,2545.289938,1.490942,0.0,195,1400902,1400902,1.0,1796,1796,1.0,118558,0,1,S10|M1_BALANCED|41|B|L1|F4,true,false,false,/home/cyfer/FYP/WSN_simulation_V3/runs/S10_5000/outputs_production_50seed_part41_45/run_campaign_v3_S10_M1_BALANCED_B_L1_F4_H4_seed041_41_20260603_112137
campaign_v3_S10_M1_BALANCED_B_L1_F4_H4_seed042,campaign_v3_S10_M1_BALANCED_B_L1_F4_H4_seed042_42_20260603_112256,S10,5000,200,6,M1_BALANCED,42,B,L1,F4,H4,V3,map_S10_M1_BALANCED_seed042,3fb3b857639f7ab75593ba1aee5ffc19382e976b43395acf096091c5c0c42ba2,31.851,63.899,195.961,393.321,25,48,0.3037,0.1316,60.0,43.771,103.771,163.771,170.0,110.0,6.76,0.0,1.0,0.532,0.587,0.134,2550.129002,1.489974,0.0,198,1402613,1402613,1.0,1796,1796,1.0,118783,0,1,S10|M1_BALANCED|42|B|L1|F4,true,false,false,/home/cyfer/FYP/WSN_simulation_V3/runs/S10_5000/outputs_production_50seed_part41_45/run_campaign_v3_S10_M1_BALANCED_B_L1_F4_H4_seed042_42_20260603_112256
campaign_v3_S10_M1_BALANCED_B_L1_F4_H4_seed043,campaign_v3_S10_M1_BALANCED_B_L1_F4_H4_seed043_43_20260603_112415,S10,5000,200,6,M1_BALANCED,43,B,L1,F4,H4,V3,map_S10_M1_BALANCED_seed043,95a779244b54b893be4537c1e51855809899e6e6c44613aecaa3b9e8e7b07542,32.292,63.903,195.696,409.379,25,46,0.3223,0.1158,60.0,45.422,105.422,165.422,170.0,110.0,8.219,0.0,1.0,0.778,0.806,0.156,2563.766034,1.487247,0.0,200,1400401,1400401,1.0,1796,1796,1.0,118533,0,1,S10|M1_BALANCED|43|B|L1|F4,true,false,false,/home/cyfer/FYP/WSN_simulation_V3/runs/S10_5000/outputs_production_50seed_part41_45/run_campaign_v3_S10_M1_BALANCED_B_L1_F4_H4_seed043_43_20260603_112415
campaign_v3_S10_M1_BALANCED_B_L1_F4_H4_seed044,campaign_v3_S10_M1_BALANCED_B_L1_F4_H4_seed044_44_20260603_112543,S10,5000,200,6,M1_BALANCED,44,B,L1,F4,H4,V3,map_S10_M1_BALANCED_seed044,164de8a74a2f8962e3113265d4de3a695dafdcefa184b5ddb3f8a1f15c9664b2,32.167,62.854,198.129,397.168,25,51,0.3359,0.1284,60.0,44.247,104.247,164.247,170.0,110.0,7.001,0.0,1.0,0.54,0.645,0.149,2556.920139,1.488616,0.0,195,1401392,1401392,1.0,1796,1796,1.0,118583,0,1,S10|M1_BALANCED|44|B|L1|F4,true,false,false,/home/cyfer/FYP/WSN_simulation_V3/runs/S10_5000/outputs_production_50seed_part41_45/run_campaign_v3_S10_M1_BALANCED_B_L1_F4_H4_seed044_44_20260603_112543
campaign_v3_S10_M1_BALANCED_B_L1_F4_H4_seed045,campaign_v3_S10_M1_BALANCED_B_L1_F4_H4_seed045_45_20260603_112703,S10,5000,200,6,M1_BALANCED,45,B,L1,F4,H4,V3,map_S10_M1_BALANCED_seed045,602ce207537d3ff0a03da4a7dad6122bee47a182415509d38b30edb3b98e0955,32.278,65.241,198.088,399.972,25,48,0.3216,0.1224,60.0,43.838,103.838,163.838,170.0,110.0,6.546,0.0,1.0,0.532,0.594,0.056,2564.472115,1.487106,0.0,197,1403006,1403006,1.0,1796,1796,1.0,118858,0,1,S10|M1_BALANCED|45|B|L1|F4,true,false,false,/home/cyfer/FYP/WSN_simulation_V3/runs/S10_5000/outputs_production_50seed_part41_45/run_campaign_v3_S10_M1_BALANCED_B_L1_F4_H4_seed045_45_20260603_112703
campaign_v3_S10_M1_BALANCED_B_L2_F0_H0_seed041,campaign_v3_S10_M1_BALANCED_B_L2_F0_H0_seed041_41_20260603_112138,S10,5000,200,6,M1_BALANCED,41,B,L2,F0,H0,V1,map_S10_M1_BALANCED_seed041,00f6731b1be6645422980b4e678c9ffc0f045812e9b344049c7af5083bb8b64f,31.852,64.678,194.948,409.338,25,48,0.3175,0.1202,0.0,-1.0,-1.0,-1.0,-1.0,-1.0,0.0,0.0,0.0,0.0,0.0,0.0,3857.956383,1.228409,0.0,196,1411200,1411200,1.0,1800,1800,1.0,120000,0,0,S10|M1_BALANCED|41|B|L2|F0,false,true,false,/home/cyfer/FYP/WSN_simulation_V3/runs/S10_5000/outputs_production_50seed_part41_45/run_campaign_v3_S10_M1_BALANCED_B_L2_F0_H0_seed041_41_20260603_112138
campaign_v3_S10_M1_BALANCED_B_L2_F0_H0_seed042,campaign_v3_S10_M1_BALANCED_B_L2_F0_H0_seed042_42_20260603_112257,S10,5000,200,6,M1_BALANCED,42,B,L2,F0,H0,V1,map_S10_M1_BALANCED_seed042,3fb3b857639f7ab75593ba1aee5ffc19382e976b43395acf096091c5c0c42ba2,31.851,63.899,195.961,393.321,25,48,0.3037,0.1316,0.0,-1.0,-1.0,-1.0,-1.0,-1.0,0.0,0.0,0.0,0.0,0.0,0.0,3862.4528,1.227509,0.0,199,1411200,1411200,1.0,1800,1800,1.0,120000,0,0,S10|M1_BALANCED|42|B|L2|F0,false,true,false,/home/cyfer/FYP/WSN_simulation_V3/runs/S10_5000/outputs_production_50seed_part41_45/run_campaign_v3_S10_M1_BALANCED_B_L2_F0_H0_seed042_42_20260603_112257
campaign_v3_S10_M1_BALANCED_B_L2_F0_H0_seed043,campaign_v3_S10_M1_BALANCED_B_L2_F0_H0_seed043_43_20260603_112416,S10,5000,200,6,M1_BALANCED,43,B,L2,F0,H0,V1,map_S10_M1_BALANCED_seed043,95a779244b54b893be4537c1e51855809899e6e6c44613aecaa3b9e8e7b07542,32.292,63.903,195.696,409.379,25,46,0.3223,0.1158,0.0,-1.0,-1.0,-1.0,-1.0,-1.0,0.0,0.0,0.0,0.0,0.0,0.0,3886.638674,1.222672,0.0,200,1411200,1411200,1.0,1800,1800,1.0,120000,0,0,S10|M1_BALANCED|43|B|L2|F0,false,true,false,/home/cyfer/FYP/WSN_simulation_V3/runs/S10_5000/outputs_production_50seed_part41_45/run_campaign_v3_S10_M1_BALANCED_B_L2_F0_H0_seed043_43_20260603_112416
campaign_v3_S10_M1_BALANCED_B_L2_F0_H0_seed044,campaign_v3_S10_M1_BALANCED_B_L2_F0_H0_seed044_44_20260603_112544,S10,5000,200,6,M1_BALANCED,44,B,L2,F0,H0,V1,map_S10_M1_BALANCED_seed044,164de8a74a2f8962e3113265d4de3a695dafdcefa184b5ddb3f8a1f15c9664b2,32.167,62.854,198.129,397.168,25,51,0.3359,0.1284,0.0,-1.0,-1.0,-1.0,-1.0,-1.0,0.0,0.0,0.0,0.0,0.0,0.0,3877.894977,1.224421,0.0,196,1411200,1411200,1.0,1800,1800,1.0,120000,0,0,S10|M1_BALANCED|44|B|L2|F0,false,true,false,/home/cyfer/FYP/WSN_simulation_V3/runs/S10_5000/outputs_production_50seed_part41_45/run_campaign_v3_S10_M1_BALANCED_B_L2_F0_H0_seed044_44_20260603_112544
campaign_v3_S10_M1_BALANCED_B_L2_F0_H0_seed045,campaign_v3_S10_M1_BALANCED_B_L2_F0_H0_seed045_45_20260603_112704,S10,5000,200,6,M1_BALANCED,45,B,L2,F0,H0,V1,map_S10_M1_BALANCED_seed045,602ce207537d3ff0a03da4a7dad6122bee47a182415509d38b30edb3b98e0955,32.278,65.241,198.088,399.972,25,48,0.3216,0.1224,0.0,-1.0,-1.0,-1.0,-1.0,-1.0,0.0,0.0,0.0,0.0,0.0,0.0,3885.169173,1.222966,0.0,198,1411200,1411200,1.0,1800,1800,1.0,120000,0,0,S10|M1_BALANCED|45|B|L2|F0,false,true,false,/home/cyfer/FYP/WSN_simulation_V3/runs/S10_5000/outputs_production_50seed_part41_45/run_campaign_v3_S10_M1_BALANCED_B_L2_F0_H0_seed045_45_20260603_112704
campaign_v3_S10_M1_BALANCED_B_L2_F1_H0_seed041,campaign_v3_S10_M1_BALANCED_B_L2_F1_H0_seed041_41_20260603_112138,S10,5000,200,6,M1_BALANCED,41,B,L2,F1,H0,V2,map_S10_M1_BALANCED_seed041,00f6731b1be6645422980b4e678c9ffc0f045812e9b344049c7af5083bb8b64f,31.852,64.678,194.948,409.338,25,48,0.3175,0.1202,60.0,-1.0,-1.0,-1.0,-1.0,-1.0,0.0,0.0,0.0,0.0,0.0,0.0,3840.810131,1.23172,0.0,196,1403915,1403915,1.0,1792,1792,1.0,120155,1,0,S10|M1_BALANCED|41|B|L2|F1,false,false,true,/home/cyfer/FYP/WSN_simulation_V3/runs/S10_5000/outputs_production_50seed_part41_45/run_campaign_v3_S10_M1_BALANCED_B_L2_F1_H0_seed041_41_20260603_112138
campaign_v3_S10_M1_BALANCED_B_L2_F1_H0_seed042,campaign_v3_S10_M1_BALANCED_B_L2_F1_H0_seed042_42_20260603_112257,S10,5000,200,6,M1_BALANCED,42,B,L2,F1,H0,V2,map_S10_M1_BALANCED_seed042,3fb3b857639f7ab75593ba1aee5ffc19382e976b43395acf096091c5c0c42ba2,31.851,63.899,195.961,393.321,25,48,0.3037,0.1316,60.0,-1.0,-1.0,-1.0,-1.0,-1.0,0.0,0.0,0.0,0.0,0.0,0.0,3847.206063,1.230394,0.0,199,1405325,1405325,1.0,1792,1792,1.0,120125,1,0,S10|M1_BALANCED|42|B|L2|F1,false,false,true,/home/cyfer/FYP/WSN_simulation_V3/runs/S10_5000/outputs_production_50seed_part41_45/run_campaign_v3_S10_M1_BALANCED_B_L2_F1_H0_seed042_42_20260603_112257
campaign_v3_S10_M1_BALANCED_B_L2_F1_H0_seed043,campaign_v3_S10_M1_BALANCED_B_L2_F1_H0_seed043_43_20260603_112417,S10,5000,200,6,M1_BALANCED,43,B,L2,F1,H0,V2,map_S10_M1_BALANCED_seed043,95a779244b54b893be4537c1e51855809899e6e6c44613aecaa3b9e8e7b07542,32.292,63.903,195.696,409.379,25,46,0.3223,0.1158,60.0,-1.0,-1.0,-1.0,-1.0,-1.0,0.0,0.0,0.0,0.0,0.0,0.0,3867.033126,1.226516,0.0,200,1402975,1402975,1.0,1792,1792,1.0,120175,1,0,S10|M1_BALANCED|43|B|L2|F1,false,false,true,/home/cyfer/FYP/WSN_simulation_V3/runs/S10_5000/outputs_production_50seed_part41_45/run_campaign_v3_S10_M1_BALANCED_B_L2_F1_H0_seed043_43_20260603_112417
campaign_v3_S10_M1_BALANCED_B_L2_F1_H0_seed044,campaign_v3_S10_M1_BALANCED_B_L2_F1_H0_seed044_44_20260603_112544,S10,5000,200,6,M1_BALANCED,44,B,L2,F1,H0,V2,map_S10_M1_BALANCED_seed044,164de8a74a2f8962e3113265d4de3a695dafdcefa184b5ddb3f8a1f15c9664b2,32.167,62.854,198.129,397.168,25,51,0.3359,0.1284,60.0,-1.0,-1.0,-1.0,-1.0,-1.0,0.0,0.0,0.0,0.0,0.0,0.0,3861.130286,1.227632,0.0,196,1404855,1404855,1.0,1792,1792,1.0,120135,1,0,S10|M1_BALANCED|44|B|L2|F1,false,false,true,/home/cyfer/FYP/WSN_simulation_V3/runs/S10_5000/outputs_production_50seed_part41_45/run_campaign_v3_S10_M1_BALANCED_B_L2_F1_H0_seed044_44_20260603_112544
campaign_v3_S10_M1_BALANCED_B_L2_F1_H0_seed045,campaign_v3_S10_M1_BALANCED_B_L2_F1_H0_seed045_45_20260603_112704,S10,5000,200,6,M1_BALANCED,45,B,L2,F1,H0,V2,map_S10_M1_BALANCED_seed045,602ce207537d3ff0a03da4a7dad6122bee47a182415509d38b30edb3b98e0955,32.278,65.241,198.088,399.972,25,48,0.3216,0.1224,60.0,-1.0,-1.0,-1.0,-1.0,-1.0,0.0,0.0,0.0,0.0,0.0,0.0,3869.48117,1.225941,0.0,198,1405325,1405325,1.0,1792,1792,1.0,120125,1,0,S10|M1_BALANCED|45|B|L2|F1,false,false,true,/home/cyfer/FYP/WSN_simulation_V3/runs/S10_5000/outputs_production_50seed_part41_45/run_campaign_v3_S10_M1_BALANCED_B_L2_F1_H0_seed045_45_20260603_112704
campaign_v3_S10_M1_BALANCED_B_L2_F1_H1_seed041,campaign_v3_S10_M1_BALANCED_B_L2_F1_H1_seed041_41_20260603_112143,S10,5000,200,6,M1_BALANCED,41,B,L2,F1,H1,V3,map_S10_M1_BALANCED_seed041,00f6731b1be6645422980b4e678c9ffc0f045812e9b344049c7af5083bb8b64f,31.852,64.678,194.948,409.338,25,48,0.3175,0.1202,60.0,17.43,77.43,137.43,140.0,80.0,8.121,0.0,1.0,0.66,1.0,0.047,3854.323418,1.229017,0.0,197,1408782,1408782,1.0,1797,1797,1.0,120000,0,1,S10|M1_BALANCED|41|B|L2|F1,true,false,false,/home/cyfer/FYP/WSN_simulation_V3/runs/S10_5000/outputs_production_50seed_part41_45/run_campaign_v3_S10_M1_BALANCED_B_L2_F1_H1_seed041_41_20260603_112143
campaign_v3_S10_M1_BALANCED_B_L2_F1_H1_seed042,campaign_v3_S10_M1_BALANCED_B_L2_F1_H1_seed042_42_20260603_112302,S10,5000,200,6,M1_BALANCED,42,B,L2,F1,H1,V3,map_S10_M1_BALANCED_seed042,3fb3b857639f7ab75593ba1aee5ffc19382e976b43395acf096091c5c0c42ba2,31.851,63.899,195.961,393.321,25,48,0.3037,0.1316,60.0,17.739,77.739,137.739,140.0,80.0,7.999,0.0,1.0,0.532,1.0,0.134,3858.38803,1.228157,0.0,200,1409250,1409250,1.0,1797,1797,1.0,120000,0,1,S10|M1_BALANCED|42|B|L2|F1,true,false,false,/home/cyfer/FYP/WSN_simulation_V3/runs/S10_5000/outputs_production_50seed_part41_45/run_campaign_v3_S10_M1_BALANCED_B_L2_F1_H1_seed042_42_20260603_112302
campaign_v3_S10_M1_BALANCED_B_L2_F1_H1_seed043,campaign_v3_S10_M1_BALANCED_B_L2_F1_H1_seed043_43_20260603_112422,S10,5000,200,6,M1_BALANCED,43,B,L2,F1,H1,V3,map_S10_M1_BALANCED_seed043,95a779244b54b893be4537c1e51855809899e6e6c44613aecaa3b9e8e7b07542,32.292,63.903,195.696,409.379,25,46,0.3223,0.1158,60.0,18.518,78.518,138.518,140.0,80.0,8.801,0.0,1.0,0.778,1.0,0.156,3881.597736,1.223603,0.0,201,1408435,1408435,1.0,1797,1797,1.0,120000,0,1,S10|M1_BALANCED|43|B|L2|F1,true,false,false,/home/cyfer/FYP/WSN_simulation_V3/runs/S10_5000/outputs_production_50seed_part41_45/run_campaign_v3_S10_M1_BALANCED_B_L2_F1_H1_seed043_43_20260603_112422
campaign_v3_S10_M1_BALANCED_B_L2_F1_H1_seed044,campaign_v3_S10_M1_BALANCED_B_L2_F1_H1_seed044_44_20260603_112549,S10,5000,200,6,M1_BALANCED,44,B,L2,F1,H1,V3,map_S10_M1_BALANCED_seed044,164de8a74a2f8962e3113265d4de3a695dafdcefa184b5ddb3f8a1f15c9664b2,32.167,62.854,198.129,397.168,25,51,0.3359,0.1284,60.0,17.734,77.734,137.734,140.0,80.0,8.066,0.0,1.0,0.54,1.0,0.149,3873.498359,1.225158,0.0,197,1409094,1409094,1.0,1797,1797,1.0,120000,0,1,S10|M1_BALANCED|44|B|L2|F1,true,false,false,/home/cyfer/FYP/WSN_simulation_V3/runs/S10_5000/outputs_production_50seed_part41_45/run_campaign_v3_S10_M1_BALANCED_B_L2_F1_H1_seed044_44_20260603_112549
campaign_v3_S10_M1_BALANCED_B_L2_F1_H1_seed045,campaign_v3_S10_M1_BALANCED_B_L2_F1_H1_seed045_45_20260603_112709,S10,5000,200,6,M1_BALANCED,45,B,L2,F1,H1,V3,map_S10_M1_BALANCED_seed045,602ce207537d3ff0a03da4a7dad6122bee47a182415509d38b30edb3b98e0955,32.278,65.241,198.088,399.972,25,48,0.3216,0.1224,60.0,17.705,77.705,137.705,140.0,80.0,7.764,0.0,1.0,0.532,1.0,0.056,3881.191556,1.223599,0.0,199,1409250,1409250,1.0,1797,1797,1.0,120000,0,1,S10|M1_BALANCED|45|B|L2|F1,true,false,false,/home/cyfer/FYP/WSN_simulation_V3/runs/S10_5000/outputs_production_50seed_part41_45/run_campaign_v3_S10_M1_BALANCED_B_L2_F1_H1_seed045_45_20260603_112709
campaign_v3_S10_M1_BALANCED_B_L2_F1_H3_seed041,campaign_v3_S10_M1_BALANCED_B_L2_F1_H3_seed041_41_20260603_112146,S10,5000,200,6,M1_BALANCED,41,B,L2,F1,H3,V3,map_S10_M1_BALANCED_seed041,00f6731b1be6645422980b4e678c9ffc0f045812e9b344049c7af5083bb8b64f,31.852,64.678,194.948,409.338,25,48,0.3175,0.1202,60.0,23.377,83.377,143.377,150.0,90.0,8.121,0.0,1.0,0.66,1.0,0.047,3848.279786,1.230226,0.0,197,1406331,1406331,1.0,1797,1797,1.0,119625,0,1,S10|M1_BALANCED|41|B|L2|F1,true,false,false,/home/cyfer/FYP/WSN_simulation_V3/runs/S10_5000/outputs_production_50seed_part41_45/run_campaign_v3_S10_M1_BALANCED_B_L2_F1_H3_seed041_41_20260603_112146
campaign_v3_S10_M1_BALANCED_B_L2_F1_H3_seed042,campaign_v3_S10_M1_BALANCED_B_L2_F1_H3_seed042_42_20260603_112305,S10,5000,200,6,M1_BALANCED,42,B,L2,F1,H3,V3,map_S10_M1_BALANCED_seed042,3fb3b857639f7ab75593ba1aee5ffc19382e976b43395acf096091c5c0c42ba2,31.851,63.899,195.961,393.321,25,48,0.3037,0.1316,60.0,23.555,83.555,143.555,150.0,90.0,7.999,0.0,1.0,0.532,1.0,0.134,3853.909054,1.229053,0.0,200,1407288,1407288,1.0,1797,1797,1.0,119700,0,1,S10|M1_BALANCED|42|B|L2|F1,true,false,false,/home/cyfer/FYP/WSN_simulation_V3/runs/S10_5000/outputs_production_50seed_part41_45/run_campaign_v3_S10_M1_BALANCED_B_L2_F1_H3_seed042_42_20260603_112305
campaign_v3_S10_M1_BALANCED_B_L2_F1_H3_seed043,campaign_v3_S10_M1_BALANCED_B_L2_F1_H3_seed043_43_20260603_112426,S10,5000,200,6,M1_BALANCED,43,B,L2,F1,H3,V3,map_S10_M1_BALANCED_seed043,95a779244b54b893be4537c1e51855809899e6e6c44613aecaa3b9e8e7b07542,32.292,63.903,195.696,409.379,25,46,0.3223,0.1158,60.0,24.424,84.424,144.424,150.0,90.0,8.801,0.0,1.0,0.778,1.0,0.156,3874.850119,1.224952,0.0,201,1405675,1405675,1.0,1797,1797,1.0,119575,0,1,S10|M1_BALANCED|43|B|L2|F1,true,false,false,/home/cyfer/FYP/WSN_simulation_V3/runs/S10_5000/outputs_production_50seed_part41_45/run_campaign_v3_S10_M1_BALANCED_B_L2_F1_H3_seed043_43_20260603_112426
campaign_v3_S10_M1_BALANCED_B_L2_F1_H3_seed044,campaign_v3_S10_M1_BALANCED_B_L2_F1_H3_seed044_44_20260603_112552,S10,5000,200,6,M1_BALANCED,44,B,L2,F1,H3,V3,map_S10_M1_BALANCED_seed044,164de8a74a2f8962e3113265d4de3a695dafdcefa184b5ddb3f8a1f15c9664b2,32.167,62.854,198.129,397.168,25,51,0.3359,0.1284,60.0,23.759,83.759,143.759,150.0,90.0,8.066,0.0,1.0,0.54,1.0,0.149,3868.303277,1.226197,0.0,197,1406969,1406969,1.0,1797,1797,1.0,119675,0,1,S10|M1_BALANCED|44|B|L2|F1,true,false,false,/home/cyfer/FYP/WSN_simulation_V3/runs/S10_5000/outputs_production_50seed_part41_45/run_campaign_v3_S10_M1_BALANCED_B_L2_F1_H3_seed044_44_20260603_112552
campaign_v3_S10_M1_BALANCED_B_L2_F1_H3_seed045,campaign_v3_S10_M1_BALANCED_B_L2_F1_H3_seed045_45_20260603_112712,S10,5000,200,6,M1_BALANCED,45,B,L2,F1,H3,V3,map_S10_M1_BALANCED_seed045,602ce207537d3ff0a03da4a7dad6122bee47a182415509d38b30edb3b98e0955,32.278,65.241,198.088,399.972,25,48,0.3216,0.1224,60.0,23.729,83.729,143.729,150.0,90.0,7.764,0.0,1.0,0.532,1.0,0.056,3876.116762,1.224614,0.0,199,1407288,1407288,1.0,1797,1797,1.0,119700,0,1,S10|M1_BALANCED|45|B|L2|F1,true,false,false,/home/cyfer/FYP/WSN_simulation_V3/runs/S10_5000/outputs_production_50seed_part41_45/run_campaign_v3_S10_M1_BALANCED_B_L2_F1_H3_seed045_45_20260603_112712
campaign_v3_S10_M1_BALANCED_B_L2_F1_H4_seed041,campaign_v3_S10_M1_BALANCED_B_L2_F1_H4_seed041_41_20260603_112149,S10,5000,200,6,M1_BALANCED,41,B,L2,F1,H4,V3,map_S10_M1_BALANCED_seed041,00f6731b1be6645422980b4e678c9ffc0f045812e9b344049c7af5083bb8b64f,31.852,64.678,194.948,409.338,25,48,0.3175,0.1202,60.0,27.439,87.439,147.439,150.0,90.0,8.121,0.0,1.0,0.66,1.0,0.047,3843.974799,1.231087,0.0,197,1404523,1404523,1.0,1797,1797,1.0,119329,0,1,S10|M1_BALANCED|41|B|L2|F1,true,false,false,/home/cyfer/FYP/WSN_simulation_V3/runs/S10_5000/outputs_production_50seed_part41_45/run_campaign_v3_S10_M1_BALANCED_B_L2_F1_H4_seed041_41_20260603_112149
campaign_v3_S10_M1_BALANCED_B_L2_F1_H4_seed042,campaign_v3_S10_M1_BALANCED_B_L2_F1_H4_seed042_42_20260603_112308,S10,5000,200,6,M1_BALANCED,42,B,L2,F1,H4,V3,map_S10_M1_BALANCED_seed042,3fb3b857639f7ab75593ba1aee5ffc19382e976b43395acf096091c5c0c42ba2,31.851,63.899,195.961,393.321,25,48,0.3037,0.1316,60.0,27.837,87.837,147.837,150.0,90.0,7.999,0.0,1.0,0.532,1.0,0.134,3848.76538,1.230082,0.0,200,1405492,1405492,1.0,1797,1797,1.0,119404,0,1,S10|M1_BALANCED|42|B|L2|F1,true,false,false,/home/cyfer/FYP/WSN_simulation_V3/runs/S10_5000/outputs_production_50seed_part41_45/run_campaign_v3_S10_M1_BALANCED_B_L2_F1_H4_seed042_42_20260603_112308
campaign_v3_S10_M1_BALANCED_B_L2_F1_H4_seed043,campaign_v3_S10_M1_BALANCED_B_L2_F1_H4_seed043_43_20260603_112429,S10,5000,200,6,M1_BALANCED,43,B,L2,F1,H4,V3,map_S10_M1_BALANCED_seed043,95a779244b54b893be4537c1e51855809899e6e6c44613aecaa3b9e8e7b07542,32.292,63.903,195.696,409.379,25,46,0.3223,0.1158,60.0,27.985,87.985,147.985,150.0,90.0,8.801,0.0,1.0,0.778,1.0,0.156,3873.11472,1.225299,0.0,201,1404612,1404612,1.0,1797,1797,1.0,119404,0,1,S10|M1_BALANCED|43|B|L2|F1,true,false,false,/home/cyfer/FYP/WSN_simulation_V3/runs/S10_5000/outputs_production_50seed_part41_45/run_campaign_v3_S10_M1_BALANCED_B_L2_F1_H4_seed043_43_20260603_112429
campaign_v3_S10_M1_BALANCED_B_L2_F1_H4_seed044,campaign_v3_S10_M1_BALANCED_B_L2_F1_H4_seed044_44_20260603_112555,S10,5000,200,6,M1_BALANCED,44,B,L2,F1,H4,V3,map_S10_M1_BALANCED_seed044,164de8a74a2f8962e3113265d4de3a695dafdcefa184b5ddb3f8a1f15c9664b2,32.167,62.854,198.129,397.168,25,51,0.3359,0.1284,60.0,27.372,87.372,147.372,150.0,90.0,8.066,0.0,1.0,0.54,1.0,0.149,3861.575962,1.227543,0.0,197,1404434,1404434,1.0,1797,1797,1.0,119254,0,1,S10|M1_BALANCED|44|B|L2|F1,true,false,false,/home/cyfer/FYP/WSN_simulation_V3/runs/S10_5000/outputs_production_50seed_part41_45/run_campaign_v3_S10_M1_BALANCED_B_L2_F1_H4_seed044_44_20260603_112555
campaign_v3_S10_M1_BALANCED_B_L2_F1_H4_seed045,campaign_v3_S10_M1_BALANCED_B_L2_F1_H4_seed045_45_20260603_112715,S10,5000,200,6,M1_BALANCED,45,B,L2,F1,H4,V3,map_S10_M1_BALANCED_seed045,602ce207537d3ff0a03da4a7dad6122bee47a182415509d38b30edb3b98e0955,32.278,65.241,198.088,399.972,25,48,0.3216,0.1224,60.0,26.781,86.781,146.781,150.0,90.0,7.764,0.0,1.0,0.532,1.0,0.056,3873.344725,1.225169,0.0,199,1405937,1405937,1.0,1797,1797,1.0,119479,0,1,S10|M1_BALANCED|45|B|L2|F1,true,false,false,/home/cyfer/FYP/WSN_simulation_V3/runs/S10_5000/outputs_production_50seed_part41_45/run_campaign_v3_S10_M1_BALANCED_B_L2_F1_H4_seed045_45_20260603_112715
campaign_v3_S10_M1_BALANCED_B_L2_F2_H0_seed041,campaign_v3_S10_M1_BALANCED_B_L2_F2_H0_seed041_41_20260603_112141,S10,5000,200,6,M1_BALANCED,41,B,L2,F2,H0,V2,map_S10_M1_BALANCED_seed041,00f6731b1be6645422980b4e678c9ffc0f045812e9b344049c7af5083bb8b64f,31.852,64.678,194.948,409.338,25,48,0.3175,0.1202,60.0,-1.0,-1.0,-1.0,-1.0,-1.0,0.0,0.0,0.0,0.0,0.0,0.0,3841.77591,1.231645,0.0,195,1404855,1404855,1.0,1792,1792,1.0,120135,1,0,S10|M1_BALANCED|41|B|L2|F2,false,false,true,/home/cyfer/FYP/WSN_simulation_V3/runs/S10_5000/outputs_production_50seed_part41_45/run_campaign_v3_S10_M1_BALANCED_B_L2_F2_H0_seed041_41_20260603_112141
campaign_v3_S10_M1_BALANCED_B_L2_F2_H0_seed042,campaign_v3_S10_M1_BALANCED_B_L2_F2_H0_seed042_42_20260603_112300,S10,5000,200,6,M1_BALANCED,42,B,L2,F2,H0,V2,map_S10_M1_BALANCED_seed042,3fb3b857639f7ab75593ba1aee5ffc19382e976b43395acf096091c5c0c42ba2,31.851,63.899,195.961,393.321,25,48,0.3037,0.1316,60.0,-1.0,-1.0,-1.0,-1.0,-1.0,0.0,0.0,0.0,0.0,0.0,0.0,3847.099168,1.23058,0.0,198,1405560,1405560,1.0,1792,1792,1.0,120120,1,0,S10|M1_BALANCED|42|B|L2|F2,false,false,true,/home/cyfer/FYP/WSN_simulation_V3/runs/S10_5000/outputs_production_50seed_part41_45/run_campaign_v3_S10_M1_BALANCED_B_L2_F2_H0_seed042_42_20260603_112300
campaign_v3_S10_M1_BALANCED_B_L2_F2_H0_seed043,campaign_v3_S10_M1_BALANCED_B_L2_F2_H0_seed043_43_20260603_112420,S10,5000,200,6,M1_BALANCED,43,B,L2,F2,H0,V2,map_S10_M1_BALANCED_seed043,95a779244b54b893be4537c1e51855809899e6e6c44613aecaa3b9e8e7b07542,32.292,63.903,195.696,409.379,25,46,0.3223,0.1158,60.0,-1.0,-1.0,-1.0,-1.0,-1.0,0.0,0.0,0.0,0.0,0.0,0.0,3873.253658,1.225349,0.0,199,1405560,1405560,1.0,1792,1792,1.0,120120,1,0,S10|M1_BALANCED|43|B|L2|F2,false,false,true,/home/cyfer/FYP/WSN_simulation_V3/runs/S10_5000/outputs_production_50seed_part41_45/run_campaign_v3_S10_M1_BALANCED_B_L2_F2_H0_seed043_43_20260603_112420
campaign_v3_S10_M1_BALANCED_B_L2_F2_H0_seed044,campaign_v3_S10_M1_BALANCED_B_L2_F2_H0_seed044_44_20260603_112547,S10,5000,200,6,M1_BALANCED,44,B,L2,F2,H0,V2,map_S10_M1_BALANCED_seed044,164de8a74a2f8962e3113265d4de3a695dafdcefa184b5ddb3f8a1f15c9664b2,32.167,62.854,198.129,397.168,25,51,0.3359,0.1284,60.0,-1.0,-1.0,-1.0,-1.0,-1.0,0.0,0.0,0.0,0.0,0.0,0.0,3859.260891,1.228148,0.0,195,1404150,1404150,1.0,1792,1792,1.0,120150,1,0,S10|M1_BALANCED|44|B|L2|F2,false,false,true,/home/cyfer/FYP/WSN_simulation_V3/runs/S10_5000/outputs_production_50seed_part41_45/run_campaign_v3_S10_M1_BALANCED_B_L2_F2_H0_seed044_44_20260603_112547
campaign_v3_S10_M1_BALANCED_B_L2_F2_H0_seed045,campaign_v3_S10_M1_BALANCED_B_L2_F2_H0_seed045_45_20260603_112707,S10,5000,200,6,M1_BALANCED,45,B,L2,F2,H0,V2,map_S10_M1_BALANCED_seed045,602ce207537d3ff0a03da4a7dad6122bee47a182415509d38b30edb3b98e0955,32.278,65.241,198.088,399.972,25,48,0.3216,0.1224,60.0,-1.0,-1.0,-1.0,-1.0,-1.0,0.0,0.0,0.0,0.0,0.0,0.0,3872.501888,1.2255,0.0,197,1406265,1406265,1.0,1792,1792,1.0,120105,1,0,S10|M1_BALANCED|45|B|L2|F2,false,false,true,/home/cyfer/FYP/WSN_simulation_V3/runs/S10_5000/outputs_production_50seed_part41_45/run_campaign_v3_S10_M1_BALANCED_B_L2_F2_H0_seed045_45_20260603_112707
campaign_v3_S10_M1_BALANCED_B_L2_F2_H1_seed041,campaign_v3_S10_M1_BALANCED_B_L2_F2_H1_seed041_41_20260603_112152,S10,5000,200,6,M1_BALANCED,41,B,L2,F2,H1,V3,map_S10_M1_BALANCED_seed041,00f6731b1be6645422980b4e678c9ffc0f045812e9b344049c7af5083bb8b64f,31.852,64.678,194.948,409.338,25,48,0.3175,0.1202,60.0,24.224,84.224,144.224,150.0,90.0,6.837,0.0,1.0,0.574,0.631,0.074,3853.460903,1.229308,0.0,196,1408905,1408905,1.0,1797,1797,1.0,120000,0,1,S10|M1_BALANCED|41|B|L2|F2,true,false,false,/home/cyfer/FYP/WSN_simulation_V3/runs/S10_5000/outputs_production_50seed_part41_45/run_campaign_v3_S10_M1_BALANCED_B_L2_F2_H1_seed041_41_20260603_112152
campaign_v3_S10_M1_BALANCED_B_L2_F2_H1_seed042,campaign_v3_S10_M1_BALANCED_B_L2_F2_H1_seed042_42_20260603_112311,S10,5000,200,6,M1_BALANCED,42,B,L2,F2,H1,V3,map_S10_M1_BALANCED_seed042,3fb3b857639f7ab75593ba1aee5ffc19382e976b43395acf096091c5c0c42ba2,31.851,63.899,195.961,393.321,25,48,0.3037,0.1316,60.0,24.63,84.63,144.63,150.0,90.0,6.735,0.0,1.0,0.511,0.576,0.158,3858.150159,1.22837,0.0,199,1409160,1409160,1.0,1797,1797,1.0,120000,0,1,S10|M1_BALANCED|42|B|L2|F2,true,false,false,/home/cyfer/FYP/WSN_simulation_V3/runs/S10_5000/outputs_production_50seed_part41_45/run_campaign_v3_S10_M1_BALANCED_B_L2_F2_H1_seed042_42_20260603_112311
campaign_v3_S10_M1_BALANCED_B_L2_F2_H1_seed043,campaign_v3_S10_M1_BALANCED_B_L2_F2_H1_seed043_43_20260603_112432,S10,5000,200,6,M1_BALANCED,43,B,L2,F2,H1,V3,map_S10_M1_BALANCED_seed043,95a779244b54b893be4537c1e51855809899e6e6c44613aecaa3b9e8e7b07542,32.292,63.903,195.696,409.379,25,46,0.3223,0.1158,60.0,24.467,84.467,144.467,150.0,90.0,6.569,0.0,1.0,0.533,0.543,0.114,3882.956941,1.223409,0.0,200,1409160,1409160,1.0,1797,1797,1.0,120000,0,1,S10|M1_BALANCED|43|B|L2|F2,true,false,false,/home/cyfer/FYP/WSN_simulation_V3/runs/S10_5000/outputs_production_50seed_part41_45/run_campaign_v3_S10_M1_BALANCED_B_L2_F2_H1_seed043_43_20260603_112432
campaign_v3_S10_M1_BALANCED_B_L2_F2_H1_seed044,campaign_v3_S10_M1_BALANCED_B_L2_F2_H1_seed044_44_20260603_112558,S10,5000,200,6,M1_BALANCED,44,B,L2,F2,H1,V3,map_S10_M1_BALANCED_seed044,164de8a74a2f8962e3113265d4de3a695dafdcefa184b5ddb3f8a1f15c9664b2,32.167,62.854,198.129,397.168,25,51,0.3359,0.1284,60.0,25.206,85.206,145.206,150.0,90.0,7.347,0.0,1.0,0.6,0.719,0.13,3872.127191,1.225575,0.0,196,1408620,1408620,1.0,1797,1797,1.0,120000,0,1,S10|M1_BALANCED|44|B|L2|F2,true,false,false,/home/cyfer/FYP/WSN_simulation_V3/runs/S10_5000/outputs_production_50seed_part41_45/run_campaign_v3_S10_M1_BALANCED_B_L2_F2_H1_seed044_44_20260603_112558
campaign_v3_S10_M1_BALANCED_B_L2_F2_H1_seed045,campaign_v3_S10_M1_BALANCED_B_L2_F2_H1_seed045_45_20260603_112718,S10,5000,200,6,M1_BALANCED,45,B,L2,F2,H1,V3,map_S10_M1_BALANCED_seed045,602ce207537d3ff0a03da4a7dad6122bee47a182415509d38b30edb3b98e0955,32.278,65.241,198.088,399.972,25,48,0.3216,0.1224,60.0,23.38,83.38,143.38,150.0,90.0,6.134,0.0,1.0,0.447,0.487,0.111,3881.528746,1.223694,0.0,198,1409436,1409436,1.0,1797,1797,1.0,120000,0,1,S10|M1_BALANCED|45|B|L2|F2,true,false,false,/home/cyfer/FYP/WSN_simulation_V3/runs/S10_5000/outputs_production_50seed_part41_45/run_campaign_v3_S10_M1_BALANCED_B_L2_F2_H1_seed045_45_20260603_112718
campaign_v3_S10_M1_BALANCED_B_L2_F2_H3_seed041,campaign_v3_S10_M1_BALANCED_B_L2_F2_H3_seed041_41_20260603_112152,S10,5000,200,6,M1_BALANCED,41,B,L2,F2,H3,V3,map_S10_M1_BALANCED_seed041,00f6731b1be6645422980b4e678c9ffc0f045812e9b344049c7af5083bb8b64f,31.852,64.678,194.948,409.338,25,48,0.3175,0.1202,60.0,30.052,90.052,150.052,160.0,100.0,6.837,0.0,1.0,0.574,0.631,0.074,3849.099963,1.23018,0.0,196,1406871,1406871,1.0,1796,1796,1.0,119675,0,1,S10|M1_BALANCED|41|B|L2|F2,true,false,false,/home/cyfer/FYP/WSN_simulation_V3/runs/S10_5000/outputs_production_50seed_part41_45/run_campaign_v3_S10_M1_BALANCED_B_L2_F2_H3_seed041_41_20260603_112152
campaign_v3_S10_M1_BALANCED_B_L2_F2_H3_seed042,campaign_v3_S10_M1_BALANCED_B_L2_F2_H3_seed042_42_20260603_112311,S10,5000,200,6,M1_BALANCED,42,B,L2,F2,H3,V3,map_S10_M1_BALANCED_seed042,3fb3b857639f7ab75593ba1aee5ffc19382e976b43395acf096091c5c0c42ba2,31.851,63.899,195.961,393.321,25,48,0.3037,0.1316,60.0,29.975,89.975,149.975,150.0,90.0,6.735,0.0,1.0,0.511,0.576,0.158,3853.219238,1.229356,0.0,199,1407300,1407300,1.0,1797,1797,1.0,119700,0,1,S10|M1_BALANCED|42|B|L2|F2,true,false,false,/home/cyfer/FYP/WSN_simulation_V3/runs/S10_5000/outputs_production_50seed_part41_45/run_campaign_v3_S10_M1_BALANCED_B_L2_F2_H3_seed042_42_20260603_112311
campaign_v3_S10_M1_BALANCED_B_L2_F2_H3_seed043,campaign_v3_S10_M1_BALANCED_B_L2_F2_H3_seed043_43_20260603_112433,S10,5000,200,6,M1_BALANCED,43,B,L2,F2,H3,V3,map_S10_M1_BALANCED_seed043,95a779244b54b893be4537c1e51855809899e6e6c44613aecaa3b9e8e7b07542,32.292,63.903,195.696,409.379,25,46,0.3223,0.1158,60.0,30.401,90.401,150.401,160.0,100.0,6.569,0.0,1.0,0.533,0.543,0.114,3878.321589,1.224336,0.0,200,1407288,1407288,1.0,1796,1796,1.0,119700,0,1,S10|M1_BALANCED|43|B|L2|F2,true,false,false,/home/cyfer/FYP/WSN_simulation_V3/runs/S10_5000/outputs_production_50seed_part41_45/run_campaign_v3_S10_M1_BALANCED_B_L2_F2_H3_seed043_43_20260603_112433
campaign_v3_S10_M1_BALANCED_B_L2_F2_H3_seed044,campaign_v3_S10_M1_BALANCED_B_L2_F2_H3_seed044_44_20260603_112559,S10,5000,200,6,M1_BALANCED,44,B,L2,F2,H3,V3,map_S10_M1_BALANCED_seed044,164de8a74a2f8962e3113265d4de3a695dafdcefa184b5ddb3f8a1f15c9664b2,32.167,62.854,198.129,397.168,25,51,0.3359,0.1284,60.0,30.674,90.674,150.674,160.0,100.0,7.347,0.0,1.0,0.6,0.719,0.13,3866.852459,1.22663,0.0,196,1406310,1406310,1.0,1796,1796,1.0,119625,0,1,S10|M1_BALANCED|44|B|L2|F2,true,false,false,/home/cyfer/FYP/WSN_simulation_V3/runs/S10_5000/outputs_production_50seed_part41_45/run_campaign_v3_S10_M1_BALANCED_B_L2_F2_H3_seed044_44_20260603_112559
campaign_v3_S10_M1_BALANCED_B_L2_F2_H3_seed045,campaign_v3_S10_M1_BALANCED_B_L2_F2_H3_seed045_45_20260603_112719,S10,5000,200,6,M1_BALANCED,45,B,L2,F2,H3,V3,map_S10_M1_BALANCED_seed045,602ce207537d3ff0a03da4a7dad6122bee47a182415509d38b30edb3b98e0955,32.278,65.241,198.088,399.972,25,48,0.3216,0.1224,60.0,29.684,89.684,149.684,150.0,90.0,6.134,0.0,1.0,0.447,0.487,0.111,3877.499987,1.2245,0.0,198,1407860,1407860,1.0,1797,1797,1.0,119750,0,1,S10|M1_BALANCED|45|B|L2|F2,true,false,false,/home/cyfer/FYP/WSN_simulation_V3/runs/S10_5000/outputs_production_50seed_part41_45/run_campaign_v3_S10_M1_BALANCED_B_L2_F2_H3_seed045_45_20260603_112719
campaign_v3_S10_M1_BALANCED_B_L2_F2_H4_seed041,campaign_v3_S10_M1_BALANCED_B_L2_F2_H4_seed041_41_20260603_112153,S10,5000,200,6,M1_BALANCED,41,B,L2,F2,H4,V3,map_S10_M1_BALANCED_seed041,00f6731b1be6645422980b4e678c9ffc0f045812e9b344049c7af5083bb8b64f,31.852,64.678,194.948,409.338,25,48,0.3175,0.1202,60.0,34.476,94.476,154.476,160.0,100.0,6.837,0.0,1.0,0.574,0.631,0.074,3852.809207,1.229438,0.0,196,1408635,1408635,1.0,1796,1796,1.0,120000,0,1,S10|M1_BALANCED|41|B|L2|F2,true,false,false,/home/cyfer/FYP/WSN_simulation_V3/runs/S10_5000/outputs_production_50seed_part41_45/run_campaign_v3_S10_M1_BALANCED_B_L2_F2_H4_seed041_41_20260603_112153
campaign_v3_S10_M1_BALANCED_B_L2_F2_H4_seed042,campaign_v3_S10_M1_BALANCED_B_L2_F2_H4_seed042_42_20260603_112312,S10,5000,200,6,M1_BALANCED,42,B,L2,F2,H4,V3,map_S10_M1_BALANCED_seed042,3fb3b857639f7ab75593ba1aee5ffc19382e976b43395acf096091c5c0c42ba2,31.851,63.899,195.961,393.321,25,48,0.3037,0.1316,60.0,33.809,93.809,153.809,160.0,100.0,6.735,0.0,1.0,0.511,0.576,0.158,3857.601843,1.22848,0.0,199,1408944,1408944,1.0,1796,1796,1.0,120000,0,1,S10|M1_BALANCED|42|B|L2|F2,true,false,false,/home/cyfer/FYP/WSN_simulation_V3/runs/S10_5000/outputs_production_50seed_part41_45/run_campaign_v3_S10_M1_BALANCED_B_L2_F2_H4_seed042_42_20260603_112312
campaign_v3_S10_M1_BALANCED_B_L2_F2_H4_seed043,campaign_v3_S10_M1_BALANCED_B_L2_F2_H4_seed043_43_20260603_112434,S10,5000,200,6,M1_BALANCED,43,B,L2,F2,H4,V3,map_S10_M1_BALANCED_seed043,95a779244b54b893be4537c1e51855809899e6e6c44613aecaa3b9e8e7b07542,32.292,63.903,195.696,409.379,25,46,0.3223,0.1158,60.0,34.362,94.362,154.362,160.0,100.0,6.569,0.0,1.0,0.533,0.543,0.114,3882.436822,1.223513,0.0,200,1408920,1408920,1.0,1796,1796,1.0,120000,0,1,S10|M1_BALANCED|43|B|L2|F2,true,false,false,/home/cyfer/FYP/WSN_simulation_V3/runs/S10_5000/outputs_production_50seed_part41_45/run_campaign_v3_S10_M1_BALANCED_B_L2_F2_H4_seed043_43_20260603_112434
campaign_v3_S10_M1_BALANCED_B_L2_F2_H4_seed044,campaign_v3_S10_M1_BALANCED_B_L2_F2_H4_seed044_44_20260603_112559,S10,5000,200,6,M1_BALANCED,44,B,L2,F2,H4,V3,map_S10_M1_BALANCED_seed044,164de8a74a2f8962e3113265d4de3a695dafdcefa184b5ddb3f8a1f15c9664b2,32.167,62.854,198.129,397.168,25,51,0.3359,0.1284,60.0,34.71,94.71,154.71,160.0,100.0,7.347,0.0,1.0,0.6,0.719,0.13,3871.464843,1.225707,0.0,196,1408350,1408350,1.0,1796,1796,1.0,120000,0,1,S10|M1_BALANCED|44|B|L2|F2,true,false,false,/home/cyfer/FYP/WSN_simulation_V3/runs/S10_5000/outputs_production_50seed_part41_45/run_campaign_v3_S10_M1_BALANCED_B_L2_F2_H4_seed044_44_20260603_112559
campaign_v3_S10_M1_BALANCED_B_L2_F2_H4_seed045,campaign_v3_S10_M1_BALANCED_B_L2_F2_H4_seed045_45_20260603_112719,S10,5000,200,6,M1_BALANCED,45,B,L2,F2,H4,V3,map_S10_M1_BALANCED_seed045,602ce207537d3ff0a03da4a7dad6122bee47a182415509d38b30edb3b98e0955,32.278,65.241,198.088,399.972,25,48,0.3216,0.1224,60.0,33.515,93.515,153.515,160.0,100.0,6.134,0.0,1.0,0.447,0.487,0.111,3881.057042,1.223789,0.0,198,1409226,1409226,1.0,1796,1796,1.0,120000,0,1,S10|M1_BALANCED|45|B|L2|F2,true,false,false,/home/cyfer/FYP/WSN_simulation_V3/runs/S10_5000/outputs_production_50seed_part41_45/run_campaign_v3_S10_M1_BALANCED_B_L2_F2_H4_seed045_45_20260603_112719
campaign_v3_S10_M1_BALANCED_B_L2_F3_H0_seed041,campaign_v3_S10_M1_BALANCED_B_L2_F3_H0_seed041_41_20260603_112142,S10,5000,200,6,M1_BALANCED,41,B,L2,F3,H0,V2,map_S10_M1_BALANCED_seed041,00f6731b1be6645422980b4e678c9ffc0f045812e9b344049c7af5083bb8b64f,31.852,64.678,194.948,409.338,25,48,0.3175,0.1202,60.0,-1.0,-1.0,-1.0,-1.0,-1.0,0.0,0.0,0.0,0.0,0.0,0.0,3844.829072,1.231034,0.0,195,1406030,1406030,1.0,1792,1792,1.0,120110,1,0,S10|M1_BALANCED|41|B|L2|F3,false,false,true,/home/cyfer/FYP/WSN_simulation_V3/runs/S10_5000/outputs_production_50seed_part41_45/run_campaign_v3_S10_M1_BALANCED_B_L2_F3_H0_seed041_41_20260603_112142
campaign_v3_S10_M1_BALANCED_B_L2_F3_H0_seed042,campaign_v3_S10_M1_BALANCED_B_L2_F3_H0_seed042_42_20260603_112301,S10,5000,200,6,M1_BALANCED,42,B,L2,F3,H0,V2,map_S10_M1_BALANCED_seed042,3fb3b857639f7ab75593ba1aee5ffc19382e976b43395acf096091c5c0c42ba2,31.851,63.899,195.961,393.321,25,48,0.3037,0.1316,60.0,-1.0,-1.0,-1.0,-1.0,-1.0,0.0,0.0,0.0,0.0,0.0,0.0,3852.22505,1.229555,0.0,198,1407205,1407205,1.0,1792,1792,1.0,120085,1,0,S10|M1_BALANCED|42|B|L2|F3,false,false,true,/home/cyfer/FYP/WSN_simulation_V3/runs/S10_5000/outputs_production_50seed_part41_45/run_campaign_v3_S10_M1_BALANCED_B_L2_F3_H0_seed042_42_20260603_112301
campaign_v3_S10_M1_BALANCED_B_L2_F3_H0_seed043,campaign_v3_S10_M1_BALANCED_B_L2_F3_H0_seed043_43_20260603_112421,S10,5000,200,6,M1_BALANCED,43,B,L2,F3,H0,V2,map_S10_M1_BALANCED_seed043,95a779244b54b893be4537c1e51855809899e6e6c44613aecaa3b9e8e7b07542,32.292,63.903,195.696,409.379,25,46,0.3223,0.1158,60.0,-1.0,-1.0,-1.0,-1.0,-1.0,0.0,0.0,0.0,0.0,0.0,0.0,3877.270703,1.224546,0.0,199,1407440,1407440,1.0,1792,1792,1.0,120080,1,0,S10|M1_BALANCED|43|B|L2|F3,false,false,true,/home/cyfer/FYP/WSN_simulation_V3/runs/S10_5000/outputs_production_50seed_part41_45/run_campaign_v3_S10_M1_BALANCED_B_L2_F3_H0_seed043_43_20260603_112421
campaign_v3_S10_M1_BALANCED_B_L2_F3_H0_seed044,campaign_v3_S10_M1_BALANCED_B_L2_F3_H0_seed044_44_20260603_112548,S10,5000,200,6,M1_BALANCED,44,B,L2,F3,H0,V2,map_S10_M1_BALANCED_seed044,164de8a74a2f8962e3113265d4de3a695dafdcefa184b5ddb3f8a1f15c9664b2,32.167,62.854,198.129,397.168,25,51,0.3359,0.1284,60.0,-1.0,-1.0,-1.0,-1.0,-1.0,0.0,0.0,0.0,0.0,0.0,0.0,3868.630226,1.226274,0.0,195,1407440,1407440,1.0,1792,1792,1.0,120080,1,0,S10|M1_BALANCED|44|B|L2|F3,false,false,true,/home/cyfer/FYP/WSN_simulation_V3/runs/S10_5000/outputs_production_50seed_part41_45/run_campaign_v3_S10_M1_BALANCED_B_L2_F3_H0_seed044_44_20260603_112548
campaign_v3_S10_M1_BALANCED_B_L2_F3_H0_seed045,campaign_v3_S10_M1_BALANCED_B_L2_F3_H0_seed045_45_20260603_112708,S10,5000,200,6,M1_BALANCED,45,B,L2,F3,H0,V2,map_S10_M1_BALANCED_seed045,602ce207537d3ff0a03da4a7dad6122bee47a182415509d38b30edb3b98e0955,32.278,65.241,198.088,399.972,25,48,0.3216,0.1224,60.0,-1.0,-1.0,-1.0,-1.0,-1.0,0.0,0.0,0.0,0.0,0.0,0.0,3861.515111,1.227697,0.0,198,1402035,1402035,1.0,1792,1792,1.0,120195,1,0,S10|M1_BALANCED|45|B|L2|F3,false,false,true,/home/cyfer/FYP/WSN_simulation_V3/runs/S10_5000/outputs_production_50seed_part41_45/run_campaign_v3_S10_M1_BALANCED_B_L2_F3_H0_seed045_45_20260603_112708
campaign_v3_S10_M1_BALANCED_B_L2_F3_H1_seed041,campaign_v3_S10_M1_BALANCED_B_L2_F3_H1_seed041_41_20260603_112154,S10,5000,200,6,M1_BALANCED,41,B,L2,F3,H1,V3,map_S10_M1_BALANCED_seed041,00f6731b1be6645422980b4e678c9ffc0f045812e9b344049c7af5083bb8b64f,31.852,64.678,194.948,409.338,25,48,0.3175,0.1202,60.0,27.731,87.731,147.731,150.0,90.0,6.154,0.0,1.0,0.468,0.509,0.074,3845.056771,1.230989,0.0,195,1406050,1406050,1.0,1797,1797,1.0,119454,0,1,S10|M1_BALANCED|41|B|L2|F3,true,false,false,/home/cyfer/FYP/WSN_simulation_V3/runs/S10_5000/outputs_production_50seed_part41_45/run_campaign_v3_S10_M1_BALANCED_B_L2_F3_H1_seed041_41_20260603_112154
campaign_v3_S10_M1_BALANCED_B_L2_F3_H1_seed042,campaign_v3_S10_M1_BALANCED_B_L2_F3_H1_seed042_42_20260603_112313,S10,5000,200,6,M1_BALANCED,42,B,L2,F3,H1,V3,map_S10_M1_BALANCED_seed042,3fb3b857639f7ab75593ba1aee5ffc19382e976b43395acf096091c5c0c42ba2,31.851,63.899,195.961,393.321,25,48,0.3037,0.1316,60.0,27.04,87.04,147.04,150.0,90.0,5.579,0.0,1.0,0.362,0.388,0.11,3852.415104,1.229517,0.0,198,1407225,1407225,1.0,1797,1797,1.0,119579,0,1,S10|M1_BALANCED|42|B|L2|F3,true,false,false,/home/cyfer/FYP/WSN_simulation_V3/runs/S10_5000/outputs_production_50seed_part41_45/run_campaign_v3_S10_M1_BALANCED_B_L2_F3_H1_seed042_42_20260603_112313
campaign_v3_S10_M1_BALANCED_B_L2_F3_H1_seed043,campaign_v3_S10_M1_BALANCED_B_L2_F3_H1_seed043_43_20260603_112435,S10,5000,200,6,M1_BALANCED,43,B,L2,F3,H1,V3,map_S10_M1_BALANCED_seed043,95a779244b54b893be4537c1e51855809899e6e6c44613aecaa3b9e8e7b07542,32.292,63.903,195.696,409.379,25,46,0.3223,0.1158,60.0,26.908,86.908,146.908,150.0,90.0,5.608,0.0,1.0,0.356,0.358,0.156,3877.468777,1.224506,0.0,199,1407460,1407460,1.0,1797,1797,1.0,119604,0,1,S10|M1_BALANCED|43|B|L2|F3,true,false,false,/home/cyfer/FYP/WSN_simulation_V3/runs/S10_5000/outputs_production_50seed_part41_45/run_campaign_v3_S10_M1_BALANCED_B_L2_F3_H1_seed043_43_20260603_112435
campaign_v3_S10_M1_BALANCED_B_L2_F3_H1_seed044,campaign_v3_S10_M1_BALANCED_B_L2_F3_H1_seed044_44_20260603_112600,S10,5000,200,6,M1_BALANCED,44,B,L2,F3,H1,V3,map_S10_M1_BALANCED_seed044,164de8a74a2f8962e3113265d4de3a695dafdcefa184b5ddb3f8a1f15c9664b2,32.167,62.854,198.129,397.168,25,51,0.3359,0.1284,60.0,26.951,86.951,146.951,150.0,90.0,5.43,0.0,1.0,0.32,0.356,0.134,3868.815776,1.226237,0.0,195,1407460,1407460,1.0,1797,1797,1.0,119604,0,1,S10|M1_BALANCED|44|B|L2|F3,true,false,false,/home/cyfer/FYP/WSN_simulation_V3/runs/S10_5000/outputs_production_50seed_part41_45/run_campaign_v3_S10_M1_BALANCED_B_L2_F3_H1_seed044_44_20260603_112600
campaign_v3_S10_M1_BALANCED_B_L2_F3_H1_seed045,campaign_v3_S10_M1_BALANCED_B_L2_F3_H1_seed045_45_20260603_112720,S10,5000,200,6,M1_BALANCED,45,B,L2,F3,H1,V3,map_S10_M1_BALANCED_seed045,602ce207537d3ff0a03da4a7dad6122bee47a182415509d38b30edb3b98e0955,32.278,65.241,198.088,399.972,25,48,0.3216,0.1224,60.0,29.785,89.785,149.785,150.0,90.0,8.604,0.0,1.0,0.83,0.932,0.106,3861.842029,1.227632,0.0,198,1402055,1402055,1.0,1797,1797,1.0,119029,0,1,S10|M1_BALANCED|45|B|L2|F3,true,false,false,/home/cyfer/FYP/WSN_simulation_V3/runs/S10_5000/outputs_production_50seed_part41_45/run_campaign_v3_S10_M1_BALANCED_B_L2_F3_H1_seed045_45_20260603_112720
campaign_v3_S10_M1_BALANCED_B_L2_F3_H3_seed041,campaign_v3_S10_M1_BALANCED_B_L2_F3_H3_seed041_41_20260603_112154,S10,5000,200,6,M1_BALANCED,41,B,L2,F3,H3,V3,map_S10_M1_BALANCED_seed041,00f6731b1be6645422980b4e678c9ffc0f045812e9b344049c7af5083bb8b64f,31.852,64.678,194.948,409.338,25,48,0.3175,0.1202,60.0,33.366,93.366,153.366,160.0,100.0,6.154,0.0,1.0,0.468,0.509,0.074,3845.030172,1.230994,0.0,195,1406046,1406046,1.0,1796,1796,1.0,119454,0,1,S10|M1_BALANCED|41|B|L2|F3,true,false,false,/home/cyfer/FYP/WSN_simulation_V3/runs/S10_5000/outputs_production_50seed_part41_45/run_campaign_v3_S10_M1_BALANCED_B_L2_F3_H3_seed041_41_20260603_112154
campaign_v3_S10_M1_BALANCED_B_L2_F3_H3_seed042,campaign_v3_S10_M1_BALANCED_B_L2_F3_H3_seed042_42_20260603_112313,S10,5000,200,6,M1_BALANCED,42,B,L2,F3,H3,V3,map_S10_M1_BALANCED_seed042,3fb3b857639f7ab75593ba1aee5ffc19382e976b43395acf096091c5c0c42ba2,31.851,63.899,195.961,393.321,25,48,0.3037,0.1316,60.0,33.098,93.098,153.098,160.0,100.0,5.579,0.0,1.0,0.362,0.388,0.11,3852.400806,1.22952,0.0,198,1407221,1407221,1.0,1796,1796,1.0,119579,0,1,S10|M1_BALANCED|42|B|L2|F3,true,false,false,/home/cyfer/FYP/WSN_simulation_V3/runs/S10_5000/outputs_production_50seed_part41_45/run_campaign_v3_S10_M1_BALANCED_B_L2_F3_H3_seed042_42_20260603_112313
campaign_v3_S10_M1_BALANCED_B_L2_F3_H3_seed043,campaign_v3_S10_M1_BALANCED_B_L2_F3_H3_seed043_43_20260603_112435,S10,5000,200,6,M1_BALANCED,43,B,L2,F3,H3,V3,map_S10_M1_BALANCED_seed043,95a779244b54b893be4537c1e51855809899e6e6c44613aecaa3b9e8e7b07542,32.292,63.903,195.696,409.379,25,46,0.3223,0.1158,60.0,33.502,93.502,153.502,160.0,100.0,5.608,0.0,1.0,0.356,0.358,0.156,3877.449163,1.22451,0.0,199,1407456,1407456,1.0,1796,1796,1.0,119604,0,1,S10|M1_BALANCED|43|B|L2|F3,true,false,false,/home/cyfer/FYP/WSN_simulation_V3/runs/S10_5000/outputs_production_50seed_part41_45/run_campaign_v3_S10_M1_BALANCED_B_L2_F3_H3_seed043_43_20260603_112435
campaign_v3_S10_M1_BALANCED_B_L2_F3_H3_seed044,campaign_v3_S10_M1_BALANCED_B_L2_F3_H3_seed044_44_20260603_112601,S10,5000,200,6,M1_BALANCED,44,B,L2,F3,H3,V3,map_S10_M1_BALANCED_seed044,164de8a74a2f8962e3113265d4de3a695dafdcefa184b5ddb3f8a1f15c9664b2,32.167,62.854,198.129,397.168,25,51,0.3359,0.1284,60.0,33.388,93.388,153.388,160.0,100.0,5.43,0.0,1.0,0.32,0.356,0.134,3868.799142,1.22624,0.0,195,1407456,1407456,1.0,1796,1796,1.0,119604,0,1,S10|M1_BALANCED|44|B|L2|F3,true,false,false,/home/cyfer/FYP/WSN_simulation_V3/runs/S10_5000/outputs_production_50seed_part41_45/run_campaign_v3_S10_M1_BALANCED_B_L2_F3_H3_seed044_44_20260603_112601
campaign_v3_S10_M1_BALANCED_B_L2_F3_H3_seed045,campaign_v3_S10_M1_BALANCED_B_L2_F3_H3_seed045_45_20260603_112721,S10,5000,200,6,M1_BALANCED,45,B,L2,F3,H3,V3,map_S10_M1_BALANCED_seed045,602ce207537d3ff0a03da4a7dad6122bee47a182415509d38b30edb3b98e0955,32.278,65.241,198.088,399.972,25,48,0.3216,0.1224,60.0,35.824,95.824,155.824,160.0,100.0,8.604,0.0,1.0,0.83,0.932,0.106,3861.820908,1.227636,0.0,198,1402051,1402051,1.0,1796,1796,1.0,119029,0,1,S10|M1_BALANCED|45|B|L2|F3,true,false,false,/home/cyfer/FYP/WSN_simulation_V3/runs/S10_5000/outputs_production_50seed_part41_45/run_campaign_v3_S10_M1_BALANCED_B_L2_F3_H3_seed045_45_20260603_112721
campaign_v3_S10_M1_BALANCED_B_L2_F3_H4_seed041,campaign_v3_S10_M1_BALANCED_B_L2_F3_H4_seed041_41_20260603_112155,S10,5000,200,6,M1_BALANCED,41,B,L2,F3,H4,V3,map_S10_M1_BALANCED_seed041,00f6731b1be6645422980b4e678c9ffc0f045812e9b344049c7af5083bb8b64f,31.852,64.678,194.948,409.338,25,48,0.3175,0.1202,60.0,38.062,98.062,158.062,160.0,100.0,6.154,0.0,1.0,0.468,0.509,0.074,3845.037471,1.230993,0.0,195,1406046,1406046,1.0,1796,1796,1.0,119454,0,1,S10|M1_BALANCED|41|B|L2|F3,true,false,false,/home/cyfer/FYP/WSN_simulation_V3/runs/S10_5000/outputs_production_50seed_part41_45/run_campaign_v3_S10_M1_BALANCED_B_L2_F3_H4_seed041_41_20260603_112155
campaign_v3_S10_M1_BALANCED_B_L2_F3_H4_seed042,campaign_v3_S10_M1_BALANCED_B_L2_F3_H4_seed042_42_20260603_112314,S10,5000,200,6,M1_BALANCED,42,B,L2,F3,H4,V3,map_S10_M1_BALANCED_seed042,3fb3b857639f7ab75593ba1aee5ffc19382e976b43395acf096091c5c0c42ba2,31.851,63.899,195.961,393.321,25,48,0.3037,0.1316,60.0,37.221,97.221,157.221,160.0,100.0,5.579,0.0,1.0,0.362,0.388,0.11,3852.397333,1.229521,0.0,198,1407221,1407221,1.0,1796,1796,1.0,119579,0,1,S10|M1_BALANCED|42|B|L2|F3,true,false,false,/home/cyfer/FYP/WSN_simulation_V3/runs/S10_5000/outputs_production_50seed_part41_45/run_campaign_v3_S10_M1_BALANCED_B_L2_F3_H4_seed042_42_20260603_112314
campaign_v3_S10_M1_BALANCED_B_L2_F3_H4_seed043,campaign_v3_S10_M1_BALANCED_B_L2_F3_H4_seed043_43_20260603_112436,S10,5000,200,6,M1_BALANCED,43,B,L2,F3,H4,V3,map_S10_M1_BALANCED_seed043,95a779244b54b893be4537c1e51855809899e6e6c44613aecaa3b9e8e7b07542,32.292,63.903,195.696,409.379,25,46,0.3223,0.1158,60.0,37.274,97.274,157.274,160.0,100.0,5.608,0.0,1.0,0.356,0.358,0.156,3877.448202,1.22451,0.0,199,1407456,1407456,1.0,1796,1796,1.0,119604,0,1,S10|M1_BALANCED|43|B|L2|F3,true,false,false,/home/cyfer/FYP/WSN_simulation_V3/runs/S10_5000/outputs_production_50seed_part41_45/run_campaign_v3_S10_M1_BALANCED_B_L2_F3_H4_seed043_43_20260603_112436
campaign_v3_S10_M1_BALANCED_B_L2_F3_H4_seed044,campaign_v3_S10_M1_BALANCED_B_L2_F3_H4_seed044_44_20260603_112601,S10,5000,200,6,M1_BALANCED,44,B,L2,F3,H4,V3,map_S10_M1_BALANCED_seed044,164de8a74a2f8962e3113265d4de3a695dafdcefa184b5ddb3f8a1f15c9664b2,32.167,62.854,198.129,397.168,25,51,0.3359,0.1284,60.0,36.831,96.831,156.831,160.0,100.0,5.43,0.0,1.0,0.32,0.356,0.134,3868.797706,1.22624,0.0,195,1407456,1407456,1.0,1796,1796,1.0,119604,0,1,S10|M1_BALANCED|44|B|L2|F3,true,false,false,/home/cyfer/FYP/WSN_simulation_V3/runs/S10_5000/outputs_production_50seed_part41_45/run_campaign_v3_S10_M1_BALANCED_B_L2_F3_H4_seed044_44_20260603_112601
campaign_v3_S10_M1_BALANCED_B_L2_F3_H4_seed045,campaign_v3_S10_M1_BALANCED_B_L2_F3_H4_seed045_45_20260603_112721,S10,5000,200,6,M1_BALANCED,45,B,L2,F3,H4,V3,map_S10_M1_BALANCED_seed045,602ce207537d3ff0a03da4a7dad6122bee47a182415509d38b30edb3b98e0955,32.278,65.241,198.088,399.972,25,48,0.3216,0.1224,60.0,39.77,99.77,159.77,160.0,100.0,8.604,0.0,1.0,0.83,0.932,0.106,3861.823286,1.227635,0.0,198,1402051,1402051,1.0,1796,1796,1.0,119029,0,1,S10|M1_BALANCED|45|B|L2|F3,true,false,false,/home/cyfer/FYP/WSN_simulation_V3/runs/S10_5000/outputs_production_50seed_part41_45/run_campaign_v3_S10_M1_BALANCED_B_L2_F3_H4_seed045_45_20260603_112721
campaign_v3_S10_M1_BALANCED_B_L2_F4_H0_seed041,campaign_v3_S10_M1_BALANCED_B_L2_F4_H0_seed041_41_20260603_112142,S10,5000,200,6,M1_BALANCED,41,B,L2,F4,H0,V2,map_S10_M1_BALANCED_seed041,00f6731b1be6645422980b4e678c9ffc0f045812e9b344049c7af5083bb8b64f,31.852,64.678,194.948,409.338,25,48,0.3175,0.1202,60.0,-1.0,-1.0,-1.0,-1.0,-1.0,0.0,0.0,0.0,0.0,0.0,0.0,3840.810131,1.231838,0.0,195,1403915,1403915,1.0,1792,1792,1.0,120155,1,0,S10|M1_BALANCED|41|B|L2|F4,false,false,true,/home/cyfer/FYP/WSN_simulation_V3/runs/S10_5000/outputs_production_50seed_part41_45/run_campaign_v3_S10_M1_BALANCED_B_L2_F4_H0_seed041_41_20260603_112142
campaign_v3_S10_M1_BALANCED_B_L2_F4_H0_seed042,campaign_v3_S10_M1_BALANCED_B_L2_F4_H0_seed042_42_20260603_112302,S10,5000,200,6,M1_BALANCED,42,B,L2,F4,H0,V2,map_S10_M1_BALANCED_seed042,3fb3b857639f7ab75593ba1aee5ffc19382e976b43395acf096091c5c0c42ba2,31.851,63.899,195.961,393.321,25,48,0.3037,0.1316,60.0,-1.0,-1.0,-1.0,-1.0,-1.0,0.0,0.0,0.0,0.0,0.0,0.0,3847.206063,1.230559,0.0,198,1405325,1405325,1.0,1792,1792,1.0,120125,1,0,S10|M1_BALANCED|42|B|L2|F4,false,false,true,/home/cyfer/FYP/WSN_simulation_V3/runs/S10_5000/outputs_production_50seed_part41_45/run_campaign_v3_S10_M1_BALANCED_B_L2_F4_H0_seed042_42_20260603_112302
campaign_v3_S10_M1_BALANCED_B_L2_F4_H0_seed043,campaign_v3_S10_M1_BALANCED_B_L2_F4_H0_seed043_43_20260603_112421,S10,5000,200,6,M1_BALANCED,43,B,L2,F4,H0,V2,map_S10_M1_BALANCED_seed043,95a779244b54b893be4537c1e51855809899e6e6c44613aecaa3b9e8e7b07542,32.292,63.903,195.696,409.379,25,46,0.3223,0.1158,60.0,-1.0,-1.0,-1.0,-1.0,-1.0,0.0,0.0,0.0,0.0,0.0,0.0,3867.033126,1.226593,0.0,200,1402975,1402975,1.0,1792,1792,1.0,120175,1,0,S10|M1_BALANCED|43|B|L2|F4,false,false,true,/home/cyfer/FYP/WSN_simulation_V3/runs/S10_5000/outputs_production_50seed_part41_45/run_campaign_v3_S10_M1_BALANCED_B_L2_F4_H0_seed043_43_20260603_112421
campaign_v3_S10_M1_BALANCED_B_L2_F4_H0_seed044,campaign_v3_S10_M1_BALANCED_B_L2_F4_H0_seed044_44_20260603_112548,S10,5000,200,6,M1_BALANCED,44,B,L2,F4,H0,V2,map_S10_M1_BALANCED_seed044,164de8a74a2f8962e3113265d4de3a695dafdcefa184b5ddb3f8a1f15c9664b2,32.167,62.854,198.129,397.168,25,51,0.3359,0.1284,60.0,-1.0,-1.0,-1.0,-1.0,-1.0,0.0,0.0,0.0,0.0,0.0,0.0,3861.130286,1.227774,0.0,195,1404855,1404855,1.0,1792,1792,1.0,120135,1,0,S10|M1_BALANCED|44|B|L2|F4,false,false,true,/home/cyfer/FYP/WSN_simulation_V3/runs/S10_5000/outputs_production_50seed_part41_45/run_campaign_v3_S10_M1_BALANCED_B_L2_F4_H0_seed044_44_20260603_112548
campaign_v3_S10_M1_BALANCED_B_L2_F4_H0_seed045,campaign_v3_S10_M1_BALANCED_B_L2_F4_H0_seed045_45_20260603_112708,S10,5000,200,6,M1_BALANCED,45,B,L2,F4,H0,V2,map_S10_M1_BALANCED_seed045,602ce207537d3ff0a03da4a7dad6122bee47a182415509d38b30edb3b98e0955,32.278,65.241,198.088,399.972,25,48,0.3216,0.1224,60.0,-1.0,-1.0,-1.0,-1.0,-1.0,0.0,0.0,0.0,0.0,0.0,0.0,3869.48117,1.226104,0.0,197,1405325,1405325,1.0,1792,1792,1.0,120125,1,0,S10|M1_BALANCED|45|B|L2|F4,false,false,true,/home/cyfer/FYP/WSN_simulation_V3/runs/S10_5000/outputs_production_50seed_part41_45/run_campaign_v3_S10_M1_BALANCED_B_L2_F4_H0_seed045_45_20260603_112708
campaign_v3_S10_M1_BALANCED_B_L2_F4_H1_seed041,campaign_v3_S10_M1_BALANCED_B_L2_F4_H1_seed041_41_20260603_112155,S10,5000,200,6,M1_BALANCED,41,B,L2,F4,H1,V3,map_S10_M1_BALANCED_seed041,00f6731b1be6645422980b4e678c9ffc0f045812e9b344049c7af5083bb8b64f,31.852,64.678,194.948,409.338,25,48,0.3175,0.1202,60.0,34.886,94.886,154.886,160.0,100.0,7.236,0.0,1.0,0.66,0.705,0.047,3843.625671,1.231275,0.0,195,1404706,1404706,1.0,1796,1796,1.0,119229,0,1,S10|M1_BALANCED|41|B|L2|F4,true,false,false,/home/cyfer/FYP/WSN_simulation_V3/runs/S10_5000/outputs_production_50seed_part41_45/run_campaign_v3_S10_M1_BALANCED_B_L2_F4_H1_seed041_41_20260603_112155
campaign_v3_S10_M1_BALANCED_B_L2_F4_H1_seed042,campaign_v3_S10_M1_BALANCED_B_L2_F4_H1_seed042_42_20260603_112314,S10,5000,200,6,M1_BALANCED,42,B,L2,F4,H1,V3,map_S10_M1_BALANCED_seed042,3fb3b857639f7ab75593ba1aee5ffc19382e976b43395acf096091c5c0c42ba2,31.851,63.899,195.961,393.321,25,48,0.3037,0.1316,60.0,34.092,94.092,154.092,160.0,100.0,6.76,0.0,1.0,0.532,0.587,0.134,3849.500037,1.2301,0.0,198,1405966,1405966,1.0,1796,1796,1.0,119379,0,1,S10|M1_BALANCED|42|B|L2|F4,true,false,false,/home/cyfer/FYP/WSN_simulation_V3/runs/S10_5000/outputs_production_50seed_part41_45/run_campaign_v3_S10_M1_BALANCED_B_L2_F4_H1_seed042_42_20260603_112314
campaign_v3_S10_M1_BALANCED_B_L2_F4_H1_seed043,campaign_v3_S10_M1_BALANCED_B_L2_F4_H1_seed043_43_20260603_112437,S10,5000,200,6,M1_BALANCED,43,B,L2,F4,H1,V3,map_S10_M1_BALANCED_seed043,95a779244b54b893be4537c1e51855809899e6e6c44613aecaa3b9e8e7b07542,32.292,63.903,195.696,409.379,25,46,0.3223,0.1158,60.0,35.877,95.877,155.877,160.0,100.0,8.219,0.0,1.0,0.778,0.806,0.156,3870.038922,1.225992,0.0,200,1403831,1403831,1.0,1796,1796,1.0,119129,0,1,S10|M1_BALANCED|43|B|L2|F4,true,false,false,/home/cyfer/FYP/WSN_simulation_V3/runs/S10_5000/outputs_production_50seed_part41_45/run_campaign_v3_S10_M1_BALANCED_B_L2_F4_H1_seed043_43_20260603_112437
campaign_v3_S10_M1_BALANCED_B_L2_F4_H1_seed044,campaign_v3_S10_M1_BALANCED_B_L2_F4_H1_seed044_44_20260603_112602,S10,5000,200,6,M1_BALANCED,44,B,L2,F4,H1,V3,map_S10_M1_BALANCED_seed044,164de8a74a2f8962e3113265d4de3a695dafdcefa184b5ddb3f8a1f15c9664b2,32.167,62.854,198.129,397.168,25,51,0.3359,0.1284,60.0,34.117,94.117,154.117,160.0,100.0,7.001,0.0,1.0,0.54,0.645,0.149,3863.686585,1.227263,0.0,195,1405546,1405546,1.0,1796,1796,1.0,119329,0,1,S10|M1_BALANCED|44|B|L2|F4,true,false,false,/home/cyfer/FYP/WSN_simulation_V3/runs/S10_5000/outputs_production_50seed_part41_45/run_campaign_v3_S10_M1_BALANCED_B_L2_F4_H1_seed044_44_20260603_112602
campaign_v3_S10_M1_BALANCED_B_L2_F4_H1_seed045,campaign_v3_S10_M1_BALANCED_B_L2_F4_H1_seed045_45_20260603_112722,S10,5000,200,6,M1_BALANCED,45,B,L2,F4,H1,V3,map_S10_M1_BALANCED_seed045,602ce207537d3ff0a03da4a7dad6122bee47a182415509d38b30edb3b98e0955,32.278,65.241,198.088,399.972,25,48,0.3216,0.1224,60.0,33.73,93.73,153.73,160.0,100.0,6.546,0.0,1.0,0.532,0.594,0.056,3871.948043,1.22561,0.0,197,1405991,1405991,1.0,1796,1796,1.0,119379,0,1,S10|M1_BALANCED|45|B|L2|F4,true,false,false,/home/cyfer/FYP/WSN_simulation_V3/runs/S10_5000/outputs_production_50seed_part41_45/run_campaign_v3_S10_M1_BALANCED_B_L2_F4_H1_seed045_45_20260603_112722
campaign_v3_S10_M1_BALANCED_B_L2_F4_H3_seed041,campaign_v3_S10_M1_BALANCED_B_L2_F4_H3_seed041_41_20260603_112156,S10,5000,200,6,M1_BALANCED,41,B,L2,F4,H3,V3,map_S10_M1_BALANCED_seed041,00f6731b1be6645422980b4e678c9ffc0f045812e9b344049c7af5083bb8b64f,31.852,64.678,194.948,409.338,25,48,0.3175,0.1202,60.0,40.586,100.586,160.586,170.0,110.0,7.236,0.0,1.0,0.66,0.705,0.047,3842.050428,1.23159,0.0,195,1404235,1404235,1.0,1796,1796,1.0,119229,0,1,S10|M1_BALANCED|41|B|L2|F4,true,false,false,/home/cyfer/FYP/WSN_simulation_V3/runs/S10_5000/outputs_production_50seed_part41_45/run_campaign_v3_S10_M1_BALANCED_B_L2_F4_H3_seed041_41_20260603_112156
campaign_v3_S10_M1_BALANCED_B_L2_F4_H3_seed042,campaign_v3_S10_M1_BALANCED_B_L2_F4_H3_seed042_42_20260603_112315,S10,5000,200,6,M1_BALANCED,42,B,L2,F4,H3,V3,map_S10_M1_BALANCED_seed042,3fb3b857639f7ab75593ba1aee5ffc19382e976b43395acf096091c5c0c42ba2,31.851,63.899,195.961,393.321,25,48,0.3037,0.1316,60.0,39.867,99.867,159.867,160.0,100.0,6.76,0.0,1.0,0.532,0.587,0.134,3848.310418,1.230338,0.0,198,1405601,1405601,1.0,1796,1796,1.0,119379,0,1,S10|M1_BALANCED|42|B|L2|F4,true,false,false,/home/cyfer/FYP/WSN_simulation_V3/runs/S10_5000/outputs_production_50seed_part41_45/run_campaign_v3_S10_M1_BALANCED_B_L2_F4_H3_seed042_42_20260603_112315
campaign_v3_S10_M1_BALANCED_B_L2_F4_H3_seed043,campaign_v3_S10_M1_BALANCED_B_L2_F4_H3_seed043_43_20260603_112438,S10,5000,200,6,M1_BALANCED,43,B,L2,F4,H3,V3,map_S10_M1_BALANCED_seed043,95a779244b54b893be4537c1e51855809899e6e6c44613aecaa3b9e8e7b07542,32.292,63.903,195.696,409.379,25,46,0.3223,0.1158,60.0,41.686,101.686,161.686,170.0,110.0,8.219,0.0,1.0,0.778,0.806,0.156,3868.336559,1.226333,0.0,200,1403315,1403315,1.0,1796,1796,1.0,119129,0,1,S10|M1_BALANCED|43|B|L2|F4,true,false,false,/home/cyfer/FYP/WSN_simulation_V3/runs/S10_5000/outputs_production_50seed_part41_45/run_campaign_v3_S10_M1_BALANCED_B_L2_F4_H3_seed043_43_20260603_112438
campaign_v3_S10_M1_BALANCED_B_L2_F4_H3_seed044,campaign_v3_S10_M1_BALANCED_B_L2_F4_H3_seed044_44_20260603_112603,S10,5000,200,6,M1_BALANCED,44,B,L2,F4,H3,V3,map_S10_M1_BALANCED_seed044,164de8a74a2f8962e3113265d4de3a695dafdcefa184b5ddb3f8a1f15c9664b2,32.167,62.854,198.129,397.168,25,51,0.3359,0.1284,60.0,40.912,100.912,160.912,170.0,110.0,7.001,0.0,1.0,0.54,0.645,0.149,3862.311998,1.227538,0.0,195,1405137,1405137,1.0,1796,1796,1.0,119329,0,1,S10|M1_BALANCED|44|B|L2|F4,true,false,false,/home/cyfer/FYP/WSN_simulation_V3/runs/S10_5000/outputs_production_50seed_part41_45/run_campaign_v3_S10_M1_BALANCED_B_L2_F4_H3_seed044_44_20260603_112603
campaign_v3_S10_M1_BALANCED_B_L2_F4_H3_seed045,campaign_v3_S10_M1_BALANCED_B_L2_F4_H3_seed045_45_20260603_112723,S10,5000,200,6,M1_BALANCED,45,B,L2,F4,H3,V3,map_S10_M1_BALANCED_seed045,602ce207537d3ff0a03da4a7dad6122bee47a182415509d38b30edb3b98e0955,32.278,65.241,198.088,399.972,25,48,0.3216,0.1224,60.0,40.332,100.332,160.332,170.0,110.0,6.546,0.0,1.0,0.532,0.594,0.056,3870.542022,1.225892,0.0,197,1405588,1405588,1.0,1796,1796,1.0,119379,0,1,S10|M1_BALANCED|45|B|L2|F4,true,false,false,/home/cyfer/FYP/WSN_simulation_V3/runs/S10_5000/outputs_production_50seed_part41_45/run_campaign_v3_S10_M1_BALANCED_B_L2_F4_H3_seed045_45_20260603_112723
campaign_v3_S10_M1_BALANCED_B_L2_F4_H4_seed041,campaign_v3_S10_M1_BALANCED_B_L2_F4_H4_seed041_41_20260603_112157,S10,5000,200,6,M1_BALANCED,41,B,L2,F4,H4,V3,map_S10_M1_BALANCED_seed041,00f6731b1be6645422980b4e678c9ffc0f045812e9b344049c7af5083bb8b64f,31.852,64.678,194.948,409.338,25,48,0.3175,0.1202,60.0,44.278,104.278,164.278,170.0,110.0,7.236,0.0,1.0,0.66,0.705,0.047,3834.095386,1.233181,0.0,195,1400902,1400902,1.0,1796,1796,1.0,118558,0,1,S10|M1_BALANCED|41|B|L2|F4,true,false,false,/home/cyfer/FYP/WSN_simulation_V3/runs/S10_5000/outputs_production_50seed_part41_45/run_campaign_v3_S10_M1_BALANCED_B_L2_F4_H4_seed041_41_20260603_112157
campaign_v3_S10_M1_BALANCED_B_L2_F4_H4_seed042,campaign_v3_S10_M1_BALANCED_B_L2_F4_H4_seed042_42_20260603_112316,S10,5000,200,6,M1_BALANCED,42,B,L2,F4,H4,V3,map_S10_M1_BALANCED_seed042,3fb3b857639f7ab75593ba1aee5ffc19382e976b43395acf096091c5c0c42ba2,31.851,63.899,195.961,393.321,25,48,0.3037,0.1316,60.0,43.771,103.771,163.771,170.0,110.0,6.76,0.0,1.0,0.532,0.587,0.134,3840.704326,1.231859,0.0,198,1402613,1402613,1.0,1796,1796,1.0,118783,0,1,S10|M1_BALANCED|42|B|L2|F4,true,false,false,/home/cyfer/FYP/WSN_simulation_V3/runs/S10_5000/outputs_production_50seed_part41_45/run_campaign_v3_S10_M1_BALANCED_B_L2_F4_H4_seed042_42_20260603_112316
campaign_v3_S10_M1_BALANCED_B_L2_F4_H4_seed043,campaign_v3_S10_M1_BALANCED_B_L2_F4_H4_seed043_43_20260603_112438,S10,5000,200,6,M1_BALANCED,43,B,L2,F4,H4,V3,map_S10_M1_BALANCED_seed043,95a779244b54b893be4537c1e51855809899e6e6c44613aecaa3b9e8e7b07542,32.292,63.903,195.696,409.379,25,46,0.3223,0.1158,60.0,45.422,105.422,165.422,170.0,110.0,8.219,0.0,1.0,0.778,0.806,0.156,3862.099842,1.22758,0.0,200,1400401,1400401,1.0,1796,1796,1.0,118533,0,1,S10|M1_BALANCED|43|B|L2|F4,true,false,false,/home/cyfer/FYP/WSN_simulation_V3/runs/S10_5000/outputs_production_50seed_part41_45/run_campaign_v3_S10_M1_BALANCED_B_L2_F4_H4_seed043_43_20260603_112438
campaign_v3_S10_M1_BALANCED_B_L2_F4_H4_seed044,campaign_v3_S10_M1_BALANCED_B_L2_F4_H4_seed044_44_20260603_112603,S10,5000,200,6,M1_BALANCED,44,B,L2,F4,H4,V3,map_S10_M1_BALANCED_seed044,164de8a74a2f8962e3113265d4de3a695dafdcefa184b5ddb3f8a1f15c9664b2,32.167,62.854,198.129,397.168,25,51,0.3359,0.1284,60.0,44.247,104.247,164.247,170.0,110.0,7.001,0.0,1.0,0.54,0.645,0.149,3852.806704,1.229439,0.0,195,1401392,1401392,1.0,1796,1796,1.0,118583,0,1,S10|M1_BALANCED|44|B|L2|F4,true,false,false,/home/cyfer/FYP/WSN_simulation_V3/runs/S10_5000/outputs_production_50seed_part41_45/run_campaign_v3_S10_M1_BALANCED_B_L2_F4_H4_seed044_44_20260603_112603
campaign_v3_S10_M1_BALANCED_B_L2_F4_H4_seed045,campaign_v3_S10_M1_BALANCED_B_L2_F4_H4_seed045_45_20260603_112723,S10,5000,200,6,M1_BALANCED,45,B,L2,F4,H4,V3,map_S10_M1_BALANCED_seed045,602ce207537d3ff0a03da4a7dad6122bee47a182415509d38b30edb3b98e0955,32.278,65.241,198.088,399.972,25,48,0.3216,0.1224,60.0,43.838,103.838,163.838,170.0,110.0,6.546,0.0,1.0,0.532,0.594,0.056,3864.632879,1.227073,0.0,197,1403006,1403006,1.0,1796,1796,1.0,118858,0,1,S10|M1_BALANCED|45|B|L2|F4,true,false,false,/home/cyfer/FYP/WSN_simulation_V3/runs/S10_5000/outputs_production_50seed_part41_45/run_campaign_v3_S10_M1_BALANCED_B_L2_F4_H4_seed045_45_20260603_112723
campaign_v3_S10_M2_LONG_LINK_A_L1_F0_H0_seed041,campaign_v3_S10_M2_LONG_LINK_A_L1_F0_H0_seed041_41_20260603_112724,S10,5000,200,6,M2_LONG_LINK,41,A,L1,F0,H0,V1,map_S10_M2_LONG_LINK_seed041,9a7a6306da33858403718f6d6a6efc6dd36a559ea0d91a6dc5a81010910f1ef7,98.439,345.835,197.303,401.064,25,807,3.0751,0.295,0.0,-1.0,-1.0,-1.0,-1.0,-1.0,0.0,0.0,0.0,0.0,0.0,0.0,5586.875549,0.882625,0.0,1956,1411200,1411200,1.0,1782,1782,1.0,120000,0,0,S10|M2_LONG_LINK|41|A|L1|F0,false,true,false,/home/cyfer/FYP/WSN_simulation_V3/runs/S10_5000/outputs_production_50seed_part41_45/run_campaign_v3_S10_M2_LONG_LINK_A_L1_F0_H0_seed041_41_20260603_112724
campaign_v3_S10_M2_LONG_LINK_A_L1_F0_H0_seed042,campaign_v3_S10_M2_LONG_LINK_A_L1_F0_H0_seed042_42_20260603_112923,S10,5000,200,6,M2_LONG_LINK,42,A,L1,F0,H0,V1,map_S10_M2_LONG_LINK_seed042,654886926220e740373ea1aee8f686f1b284eb341d9afa43635772a41a92b6e4,99.981,360.819,198.136,398.213,25,891,3.5522,0.3054,0.0,-1.0,-1.0,-1.0,-1.0,-1.0,0.0,0.0,0.0,0.0,0.0,0.0,5636.221571,0.872756,0.0,2083,1411200,1411200,1.0,1800,1800,1.0,120000,0,0,S10|M2_LONG_LINK|42|A|L1|F0,false,true,false,/home/cyfer/FYP/WSN_simulation_V3/runs/S10_5000/outputs_production_50seed_part41_45/run_campaign_v3_S10_M2_LONG_LINK_A_L1_F0_H0_seed042_42_20260603_112923
campaign_v3_S10_M2_LONG_LINK_A_L1_F0_H0_seed043,campaign_v3_S10_M2_LONG_LINK_A_L1_F0_H0_seed043_43_20260603_113125,S10,5000,200,6,M2_LONG_LINK,43,A,L1,F0,H0,V1,map_S10_M2_LONG_LINK_seed043,c6c5b21dd2f84d0016ef5e0edc0c3a5a605eeddec74ac0fbbf68ed035869f43a,97.224,337.803,203.017,406.555,25,788,3.1467,0.295,0.0,-1.0,-1.0,-1.0,-1.0,-1.0,0.0,0.0,0.0,0.0,0.0,0.0,5571.192445,0.885762,0.0,1937,1411200,1411200,1.0,1800,1800,1.0,120000,0,0,S10|M2_LONG_LINK|43|A|L1|F0,false,true,false,/home/cyfer/FYP/WSN_simulation_V3/runs/S10_5000/outputs_production_50seed_part41_45/run_campaign_v3_S10_M2_LONG_LINK_A_L1_F0_H0_seed043_43_20260603_113125
campaign_v3_S10_M2_LONG_LINK_A_L1_F0_H0_seed044,campaign_v3_S10_M2_LONG_LINK_A_L1_F0_H0_seed044_44_20260603_113322,S10,5000,200,6,M2_LONG_LINK,44,A,L1,F0,H0,V1,map_S10_M2_LONG_LINK_seed044,4ba8ac696f5e478c6fe1c1d1179db3ea38a2323e9a8ef4dbc2dd10adb64f778b,97.875,343.411,196.029,397.845,25,742,3.1222,0.2948,0.0,-1.0,-1.0,-1.0,-1.0,-1.0,0.0,0.0,0.0,0.0,0.0,0.0,5615.654714,0.876869,0.0,1975,1411200,1411200,1.0,1800,1800,1.0,120000,0,0,S10|M2_LONG_LINK|44|A|L1|F0,false,true,false,/home/cyfer/FYP/WSN_simulation_V3/runs/S10_5000/outputs_production_50seed_part41_45/run_campaign_v3_S10_M2_LONG_LINK_A_L1_F0_H0_seed044_44_20260603_113322
campaign_v3_S10_M2_LONG_LINK_A_L1_F0_H0_seed045,campaign_v3_S10_M2_LONG_LINK_A_L1_F0_H0_seed045_45_20260603_113522,S10,5000,200,6,M2_LONG_LINK,45,A,L1,F0,H0,V1,map_S10_M2_LONG_LINK_seed045,3bce78a76991576b411506ee11fb37c3796d85bcaabb6fb8e97e2973ebd5a114,98.869,346.221,199.985,401.301,25,958,3.3448,0.293,0.0,-1.0,-1.0,-1.0,-1.0,-1.0,0.0,0.0,0.0,0.0,0.0,0.0,5627.790088,0.874442,0.0,1990,1411200,1411200,1.0,1800,1800,1.0,120000,0,0,S10|M2_LONG_LINK|45|A|L1|F0,false,true,false,/home/cyfer/FYP/WSN_simulation_V3/runs/S10_5000/outputs_production_50seed_part41_45/run_campaign_v3_S10_M2_LONG_LINK_A_L1_F0_H0_seed045_45_20260603_113522
campaign_v3_S10_M2_LONG_LINK_A_L1_F1_H0_seed041,campaign_v3_S10_M2_LONG_LINK_A_L1_F1_H0_seed041_41_20260603_112725,S10,5000,200,6,M2_LONG_LINK,41,A,L1,F1,H0,V2,map_S10_M2_LONG_LINK_seed041,9a7a6306da33858403718f6d6a6efc6dd36a559ea0d91a6dc5a81010910f1ef7,98.439,345.835,197.303,401.064,25,807,3.0751,0.295,60.0,-1.0,-1.0,-1.0,-1.0,-1.0,0.0,0.0,0.0,0.0,0.0,0.0,5580.729612,0.883578,0.0,1956,1408145,1408145,1.0,1774,1774,1.0,120065,1,0,S10|M2_LONG_LINK|41|A|L1|F1,false,false,true,/home/cyfer/FYP/WSN_simulation_V3/runs/S10_5000/outputs_production_50seed_part41_45/run_campaign_v3_S10_M2_LONG_LINK_A_L1_F1_H0_seed041_41_20260603_112725
campaign_v3_S10_M2_LONG_LINK_A_L1_F1_H0_seed042,campaign_v3_S10_M2_LONG_LINK_A_L1_F1_H0_seed042_42_20260603_112924,S10,5000,200,6,M2_LONG_LINK,42,A,L1,F1,H0,V2,map_S10_M2_LONG_LINK_seed042,654886926220e740373ea1aee8f686f1b284eb341d9afa43635772a41a92b6e4,99.981,360.819,198.136,398.213,25,891,3.5522,0.3054,60.0,-1.0,-1.0,-1.0,-1.0,-1.0,0.0,0.0,0.0,0.0,0.0,0.0,5631.401078,0.873411,0.0,2083,1408850,1408850,1.0,1792,1792,1.0,120050,1,0,S10|M2_LONG_LINK|42|A|L1|F1,false,false,true,/home/cyfer/FYP/WSN_simulation_V3/runs/S10_5000/outputs_production_50seed_part41_45/run_campaign_v3_S10_M2_LONG_LINK_A_L1_F1_H0_seed042_42_20260603_112924
campaign_v3_S10_M2_LONG_LINK_A_L1_F1_H0_seed043,campaign_v3_S10_M2_LONG_LINK_A_L1_F1_H0_seed043_43_20260603_113126,S10,5000,200,6,M2_LONG_LINK,43,A,L1,F1,H0,V2,map_S10_M2_LONG_LINK_seed043,c6c5b21dd2f84d0016ef5e0edc0c3a5a605eeddec74ac0fbbf68ed035869f43a,97.224,337.803,203.017,406.555,25,788,3.1467,0.295,60.0,-1.0,-1.0,-1.0,-1.0,-1.0,0.0,0.0,0.0,0.0,0.0,0.0,5567.100292,0.886248,0.0,1937,1409555,1409555,1.0,1792,1792,1.0,120035,1,0,S10|M2_LONG_LINK|43|A|L1|F1,false,false,true,/home/cyfer/FYP/WSN_simulation_V3/runs/S10_5000/outputs_production_50seed_part41_45/run_campaign_v3_S10_M2_LONG_LINK_A_L1_F1_H0_seed043_43_20260603_113126
campaign_v3_S10_M2_LONG_LINK_A_L1_F1_H0_seed044,campaign_v3_S10_M2_LONG_LINK_A_L1_F1_H0_seed044_44_20260603_113323,S10,5000,200,6,M2_LONG_LINK,44,A,L1,F1,H0,V2,map_S10_M2_LONG_LINK_seed044,4ba8ac696f5e478c6fe1c1d1179db3ea38a2323e9a8ef4dbc2dd10adb64f778b,97.875,343.411,196.029,397.845,25,742,3.1222,0.2948,60.0,-1.0,-1.0,-1.0,-1.0,-1.0,0.0,0.0,0.0,0.0,0.0,0.0,5607.100597,0.878378,0.0,1975,1406265,1406265,1.0,1792,1792,1.0,120105,1,0,S10|M2_LONG_LINK|44|A|L1|F1,false,false,true,/home/cyfer/FYP/WSN_simulation_V3/runs/S10_5000/outputs_production_50seed_part41_45/run_campaign_v3_S10_M2_LONG_LINK_A_L1_F1_H0_seed044_44_20260603_113323
campaign_v3_S10_M2_LONG_LINK_A_L1_F1_H0_seed045,campaign_v3_S10_M2_LONG_LINK_A_L1_F1_H0_seed045_45_20260603_113523,S10,5000,200,6,M2_LONG_LINK,45,A,L1,F1,H0,V2,map_S10_M2_LONG_LINK_seed045,3bce78a76991576b411506ee11fb37c3796d85bcaabb6fb8e97e2973ebd5a114,98.869,346.221,199.985,401.301,25,958,3.3448,0.293,60.0,-1.0,-1.0,-1.0,-1.0,-1.0,0.0,0.0,0.0,0.0,0.0,0.0,5623.37795,0.87501,0.0,1990,1408850,1408850,1.0,1792,1792,1.0,120050,1,0,S10|M2_LONG_LINK|45|A|L1|F1,false,false,true,/home/cyfer/FYP/WSN_simulation_V3/runs/S10_5000/outputs_production_50seed_part41_45/run_campaign_v3_S10_M2_LONG_LINK_A_L1_F1_H0_seed045_45_20260603_113523
campaign_v3_S10_M2_LONG_LINK_A_L1_F1_H1_seed041,campaign_v3_S10_M2_LONG_LINK_A_L1_F1_H1_seed041_41_20260603_112732,S10,5000,200,6,M2_LONG_LINK,41,A,L1,F1,H1,V3,map_S10_M2_LONG_LINK_seed041,9a7a6306da33858403718f6d6a6efc6dd36a559ea0d91a6dc5a81010910f1ef7,98.439,345.835,197.303,401.064,25,807,3.0751,0.295,60.0,18.738,78.738,138.738,140.0,80.0,6.474,3.0,1.0,0.016,1.0,0.142,5585.513123,0.882621,0.0,1957,1410173,1410173,1.0,1779,1779,1.0,120000,0,1,S10|M2_LONG_LINK|41|A|L1|F1,true,false,false,/home/cyfer/FYP/WSN_simulation_V3/runs/S10_5000/outputs_production_50seed_part41_45/run_campaign_v3_S10_M2_LONG_LINK_A_L1_F1_H1_seed041_41_20260603_112732
campaign_v3_S10_M2_LONG_LINK_A_L1_F1_H1_seed042,campaign_v3_S10_M2_LONG_LINK_A_L1_F1_H1_seed042_42_20260603_112931,S10,5000,200,6,M2_LONG_LINK,42,A,L1,F1,H1,V3,map_S10_M2_LONG_LINK_seed042,654886926220e740373ea1aee8f686f1b284eb341d9afa43635772a41a92b6e4,99.981,360.819,198.136,398.213,25,891,3.5522,0.3054,60.0,18.754,78.754,138.754,140.0,80.0,6.292,3.0,1.0,0.011,1.0,0.086,5634.844432,0.872722,0.0,2083,1410410,1410410,1.0,1797,1797,1.0,120000,0,1,S10|M2_LONG_LINK|42|A|L1|F1,true,false,false,/home/cyfer/FYP/WSN_simulation_V3/runs/S10_5000/outputs_production_50seed_part41_45/run_campaign_v3_S10_M2_LONG_LINK_A_L1_F1_H1_seed042_42_20260603_112931
campaign_v3_S10_M2_LONG_LINK_A_L1_F1_H1_seed043,campaign_v3_S10_M2_LONG_LINK_A_L1_F1_H1_seed043_43_20260603_113132,S10,5000,200,6,M2_LONG_LINK,43,A,L1,F1,H1,V3,map_S10_M2_LONG_LINK_seed043,c6c5b21dd2f84d0016ef5e0edc0c3a5a605eeddec74ac0fbbf68ed035869f43a,97.224,337.803,203.017,406.555,25,788,3.1467,0.295,60.0,18.63,78.63,138.63,140.0,80.0,6.541,3.0,1.0,0.009,1.0,0.171,5569.83443,0.885701,0.0,1937,1410647,1410647,1.0,1797,1797,1.0,120000,0,1,S10|M2_LONG_LINK|43|A|L1|F1,true,false,false,/home/cyfer/FYP/WSN_simulation_V3/runs/S10_5000/outputs_production_50seed_part41_45/run_campaign_v3_S10_M2_LONG_LINK_A_L1_F1_H1_seed043_43_20260603_113132
campaign_v3_S10_M2_LONG_LINK_A_L1_F1_H1_seed044,campaign_v3_S10_M2_LONG_LINK_A_L1_F1_H1_seed044_44_20260603_113329,S10,5000,200,6,M2_LONG_LINK,44,A,L1,F1,H1,V3,map_S10_M2_LONG_LINK_seed044,4ba8ac696f5e478c6fe1c1d1179db3ea38a2323e9a8ef4dbc2dd10adb64f778b,97.875,343.411,196.029,397.845,25,742,3.1222,0.2948,60.0,18.904,78.904,138.904,140.0,80.0,6.619,3.0,1.0,0.028,1.0,0.178,5613.911838,0.877015,0.0,1976,1409541,1409541,1.0,1797,1797,1.0,120000,0,1,S10|M2_LONG_LINK|44|A|L1|F1,true,false,false,/home/cyfer/FYP/WSN_simulation_V3/runs/S10_5000/outputs_production_50seed_part41_45/run_campaign_v3_S10_M2_LONG_LINK_A_L1_F1_H1_seed044_44_20260603_113329
campaign_v3_S10_M2_LONG_LINK_A_L1_F1_H1_seed045,campaign_v3_S10_M2_LONG_LINK_A_L1_F1_H1_seed045_45_20260603_113529,S10,5000,200,6,M2_LONG_LINK,45,A,L1,F1,H1,V3,map_S10_M2_LONG_LINK_seed045,3bce78a76991576b411506ee11fb37c3796d85bcaabb6fb8e97e2973ebd5a114,98.869,346.221,199.985,401.301,25,958,3.3448,0.293,60.0,18.595,78.595,138.595,140.0,80.0,6.261,3.0,1.0,0.01,1.0,0.077,5626.507487,0.874384,0.0,1990,1410410,1410410,1.0,1797,1797,1.0,120000,0,1,S10|M2_LONG_LINK|45|A|L1|F1,true,false,false,/home/cyfer/FYP/WSN_simulation_V3/runs/S10_5000/outputs_production_50seed_part41_45/run_campaign_v3_S10_M2_LONG_LINK_A_L1_F1_H1_seed045_45_20260603_113529
campaign_v3_S10_M2_LONG_LINK_A_L1_F1_H3_seed041,campaign_v3_S10_M2_LONG_LINK_A_L1_F1_H3_seed041_41_20260603_112735,S10,5000,200,6,M2_LONG_LINK,41,A,L1,F1,H3,V3,map_S10_M2_LONG_LINK_seed041,9a7a6306da33858403718f6d6a6efc6dd36a559ea0d91a6dc5a81010910f1ef7,98.439,345.835,197.303,401.064,25,807,3.0751,0.295,60.0,25.176,85.176,145.176,150.0,90.0,6.474,3.0,1.0,0.016,1.0,0.142,5583.147684,0.883094,0.0,1956,1409188,1409188,1.0,1779,1779,1.0,119850,0,1,S10|M2_LONG_LINK|41|A|L1|F1,true,false,false,/home/cyfer/FYP/WSN_simulation_V3/runs/S10_5000/outputs_production_50seed_part41_45/run_campaign_v3_S10_M2_LONG_LINK_A_L1_F1_H3_seed041_41_20260603_112735
campaign_v3_S10_M2_LONG_LINK_A_L1_F1_H3_seed042,campaign_v3_S10_M2_LONG_LINK_A_L1_F1_H3_seed042_42_20260603_112934,S10,5000,200,6,M2_LONG_LINK,42,A,L1,F1,H3,V3,map_S10_M2_LONG_LINK_seed042,654886926220e740373ea1aee8f686f1b284eb341d9afa43635772a41a92b6e4,99.981,360.819,198.136,398.213,25,891,3.5522,0.3054,60.0,24.396,84.396,144.396,150.0,90.0,6.292,3.0,1.0,0.011,1.0,0.086,5632.971311,0.873097,0.0,2083,1409600,1409600,1.0,1797,1797,1.0,119875,0,1,S10|M2_LONG_LINK|42|A|L1|F1,true,false,false,/home/cyfer/FYP/WSN_simulation_V3/runs/S10_5000/outputs_production_50seed_part41_45/run_campaign_v3_S10_M2_LONG_LINK_A_L1_F1_H3_seed042_42_20260603_112934
campaign_v3_S10_M2_LONG_LINK_A_L1_F1_H3_seed043,campaign_v3_S10_M2_LONG_LINK_A_L1_F1_H3_seed043_43_20260603_113136,S10,5000,200,6,M2_LONG_LINK,43,A,L1,F1,H3,V3,map_S10_M2_LONG_LINK_seed043,c6c5b21dd2f84d0016ef5e0edc0c3a5a605eeddec74ac0fbbf68ed035869f43a,97.224,337.803,203.017,406.555,25,788,3.1467,0.295,60.0,25.477,85.477,145.477,150.0,90.0,6.541,3.0,1.0,0.009,1.0,0.171,5568.418087,0.885984,0.0,1937,1410151,1410151,1.0,1797,1797,1.0,119925,0,1,S10|M2_LONG_LINK|43|A|L1|F1,true,false,false,/home/cyfer/FYP/WSN_simulation_V3/runs/S10_5000/outputs_production_50seed_part41_45/run_campaign_v3_S10_M2_LONG_LINK_A_L1_F1_H3_seed043_43_20260603_113136
campaign_v3_S10_M2_LONG_LINK_A_L1_F1_H3_seed044,campaign_v3_S10_M2_LONG_LINK_A_L1_F1_H3_seed044_44_20260603_113333,S10,5000,200,6,M2_LONG_LINK,44,A,L1,F1,H3,V3,map_S10_M2_LONG_LINK_seed044,4ba8ac696f5e478c6fe1c1d1179db3ea38a2323e9a8ef4dbc2dd10adb64f778b,97.875,343.411,196.029,397.845,25,742,3.1222,0.2948,60.0,25.173,85.173,145.173,150.0,90.0,6.619,3.0,1.0,0.028,1.0,0.178,5611.381132,0.877522,0.0,1976,1407904,1407904,1.0,1797,1797,1.0,119750,0,1,S10|M2_LONG_LINK|44|A|L1|F1,true,false,false,/home/cyfer/FYP/WSN_simulation_V3/runs/S10_5000/outputs_production_50seed_part41_45/run_campaign_v3_S10_M2_LONG_LINK_A_L1_F1_H3_seed044_44_20260603_113333
campaign_v3_S10_M2_LONG_LINK_A_L1_F1_H3_seed045,campaign_v3_S10_M2_LONG_LINK_A_L1_F1_H3_seed045_45_20260603_113532,S10,5000,200,6,M2_LONG_LINK,45,A,L1,F1,H3,V3,map_S10_M2_LONG_LINK_seed045,3bce78a76991576b411506ee11fb37c3796d85bcaabb6fb8e97e2973ebd5a114,98.869,346.221,199.985,401.301,25,958,3.3448,0.293,60.0,24.616,84.616,144.616,150.0,90.0,6.261,3.0,1.0,0.01,1.0,0.077,5624.98283,0.874689,0.0,1990,1409600,1409600,1.0,1797,1797,1.0,119875,0,1,S10|M2_LONG_LINK|45|A|L1|F1,true,false,false,/home/cyfer/FYP/WSN_simulation_V3/runs/S10_5000/outputs_production_50seed_part41_45/run_campaign_v3_S10_M2_LONG_LINK_A_L1_F1_H3_seed045_45_20260603_113532
campaign_v3_S10_M2_LONG_LINK_A_L1_F1_H4_seed041,campaign_v3_S10_M2_LONG_LINK_A_L1_F1_H4_seed041_41_20260603_112738,S10,5000,200,6,M2_LONG_LINK,41,A,L1,F1,H4,V3,map_S10_M2_LONG_LINK_seed041,9a7a6306da33858403718f6d6a6efc6dd36a559ea0d91a6dc5a81010910f1ef7,98.439,345.835,197.303,401.064,25,807,3.0751,0.295,60.0,29.065,89.065,149.065,150.0,90.0,6.474,3.0,1.0,0.016,1.0,0.142,5578.49009,0.884026,0.0,1957,1405990,1405990,1.0,1779,1779,1.0,119304,0,1,S10|M2_LONG_LINK|41|A|L1|F1,true,false,false,/home/cyfer/FYP/WSN_simulation_V3/runs/S10_5000/outputs_production_50seed_part41_45/run_campaign_v3_S10_M2_LONG_LINK_A_L1_F1_H4_seed041_41_20260603_112738
campaign_v3_S10_M2_LONG_LINK_A_L1_F1_H4_seed042,campaign_v3_S10_M2_LONG_LINK_A_L1_F1_H4_seed042_42_20260603_112938,S10,5000,200,6,M2_LONG_LINK,42,A,L1,F1,H4,V3,map_S10_M2_LONG_LINK_seed042,654886926220e740373ea1aee8f686f1b284eb341d9afa43635772a41a92b6e4,99.981,360.819,198.136,398.213,25,891,3.5522,0.3054,60.0,29.224,89.224,149.224,150.0,90.0,6.292,3.0,1.0,0.011,1.0,0.086,5630.830853,0.873525,0.0,2083,1407710,1407710,1.0,1797,1797,1.0,119554,0,1,S10|M2_LONG_LINK|42|A|L1|F1,true,false,false,/home/cyfer/FYP/WSN_simulation_V3/runs/S10_5000/outputs_production_50seed_part41_45/run_campaign_v3_S10_M2_LONG_LINK_A_L1_F1_H4_seed042_42_20260603_112938
campaign_v3_S10_M2_LONG_LINK_A_L1_F1_H4_seed043,campaign_v3_S10_M2_LONG_LINK_A_L1_F1_H4_seed043_43_20260603_113139,S10,5000,200,6,M2_LONG_LINK,43,A,L1,F1,H4,V3,map_S10_M2_LONG_LINK_seed043,c6c5b21dd2f84d0016ef5e0edc0c3a5a605eeddec74ac0fbbf68ed035869f43a,97.224,337.803,203.017,406.555,25,788,3.1467,0.295,60.0,28.662,88.662,148.662,150.0,90.0,6.541,3.0,1.0,0.009,1.0,0.171,5567.145287,0.886239,0.0,1936,1409283,1409283,1.0,1797,1797,1.0,119779,0,1,S10|M2_LONG_LINK|43|A|L1|F1,true,false,false,/home/cyfer/FYP/WSN_simulation_V3/runs/S10_5000/outputs_production_50seed_part41_45/run_campaign_v3_S10_M2_LONG_LINK_A_L1_F1_H4_seed043_43_20260603_113139
campaign_v3_S10_M2_LONG_LINK_A_L1_F1_H4_seed044,campaign_v3_S10_M2_LONG_LINK_A_L1_F1_H4_seed044_44_20260603_113336,S10,5000,200,6,M2_LONG_LINK,44,A,L1,F1,H4,V3,map_S10_M2_LONG_LINK_seed044,4ba8ac696f5e478c6fe1c1d1179db3ea38a2323e9a8ef4dbc2dd10adb64f778b,97.875,343.411,196.029,397.845,25,742,3.1222,0.2948,60.0,29.276,89.276,149.276,150.0,90.0,6.619,3.0,1.0,0.028,1.0,0.178,5609.292159,0.877939,0.0,1976,1406430,1406430,1.0,1797,1797,1.0,119504,0,1,S10|M2_LONG_LINK|44|A|L1|F1,true,false,false,/home/cyfer/FYP/WSN_simulation_V3/runs/S10_5000/outputs_production_50seed_part41_45/run_campaign_v3_S10_M2_LONG_LINK_A_L1_F1_H4_seed044_44_20260603_113336
campaign_v3_S10_M2_LONG_LINK_A_L1_F1_H4_seed045,campaign_v3_S10_M2_LONG_LINK_A_L1_F1_H4_seed045_45_20260603_113536,S10,5000,200,6,M2_LONG_LINK,45,A,L1,F1,H4,V3,map_S10_M2_LONG_LINK_seed045,3bce78a76991576b411506ee11fb37c3796d85bcaabb6fb8e97e2973ebd5a114,98.869,346.221,199.985,401.301,25,958,3.3448,0.293,60.0,28.76,88.76,148.76,150.0,90.0,6.261,3.0,1.0,0.01,1.0,0.077,5625.332944,0.874619,0.0,1990,1409892,1409892,1.0,1797,1797,1.0,119929,0,1,S10|M2_LONG_LINK|45|A|L1|F1,true,false,false,/home/cyfer/FYP/WSN_simulation_V3/runs/S10_5000/outputs_production_50seed_part41_45/run_campaign_v3_S10_M2_LONG_LINK_A_L1_F1_H4_seed045_45_20260603_113536
campaign_v3_S10_M2_LONG_LINK_A_L1_F2_H0_seed041,campaign_v3_S10_M2_LONG_LINK_A_L1_F2_H0_seed041_41_20260603_112728,S10,5000,200,6,M2_LONG_LINK,41,A,L1,F2,H0,V2,map_S10_M2_LONG_LINK_seed041,9a7a6306da33858403718f6d6a6efc6dd36a559ea0d91a6dc5a81010910f1ef7,98.439,345.835,197.303,401.064,25,807,3.0751,0.295,60.0,-1.0,-1.0,-1.0,-1.0,-1.0,0.0,0.0,0.0,0.0,0.0,0.0,5575.327174,0.884935,0.0,1955,1404620,1404620,1.0,1774,1774,1.0,120140,1,0,S10|M2_LONG_LINK|41|A|L1|F2,false,false,true,/home/cyfer/FYP/WSN_simulation_V3/runs/S10_5000/outputs_production_50seed_part41_45/run_campaign_v3_S10_M2_LONG_LINK_A_L1_F2_H0_seed041_41_20260603_112728
campaign_v3_S10_M2_LONG_LINK_A_L1_F2_H0_seed042,campaign_v3_S10_M2_LONG_LINK_A_L1_F2_H0_seed042_42_20260603_112928,S10,5000,200,6,M2_LONG_LINK,42,A,L1,F2,H0,V2,map_S10_M2_LONG_LINK_seed042,654886926220e740373ea1aee8f686f1b284eb341d9afa43635772a41a92b6e4,99.981,360.819,198.136,398.213,25,891,3.5522,0.3054,60.0,-1.0,-1.0,-1.0,-1.0,-1.0,0.0,0.0,0.0,0.0,0.0,0.0,5628.893911,0.874221,0.0,2082,1406970,1406970,1.0,1792,1792,1.0,120090,1,0,S10|M2_LONG_LINK|42|A|L1|F2,false,false,true,/home/cyfer/FYP/WSN_simulation_V3/runs/S10_5000/outputs_production_50seed_part41_45/run_campaign_v3_S10_M2_LONG_LINK_A_L1_F2_H0_seed042_42_20260603_112928
campaign_v3_S10_M2_LONG_LINK_A_L1_F2_H0_seed043,campaign_v3_S10_M2_LONG_LINK_A_L1_F2_H0_seed043_43_20260603_113129,S10,5000,200,6,M2_LONG_LINK,43,A,L1,F2,H0,V2,map_S10_M2_LONG_LINK_seed043,c6c5b21dd2f84d0016ef5e0edc0c3a5a605eeddec74ac0fbbf68ed035869f43a,97.224,337.803,203.017,406.555,25,788,3.1467,0.295,60.0,-1.0,-1.0,-1.0,-1.0,-1.0,0.0,0.0,0.0,0.0,0.0,0.0,5566.802601,0.886639,0.0,1936,1409085,1409085,1.0,1792,1792,1.0,120045,1,0,S10|M2_LONG_LINK|43|A|L1|F2,false,false,true,/home/cyfer/FYP/WSN_simulation_V3/runs/S10_5000/outputs_production_50seed_part41_45/run_campaign_v3_S10_M2_LONG_LINK_A_L1_F2_H0_seed043_43_20260603_113129
campaign_v3_S10_M2_LONG_LINK_A_L1_F2_H0_seed044,campaign_v3_S10_M2_LONG_LINK_A_L1_F2_H0_seed044_44_20260603_113326,S10,5000,200,6,M2_LONG_LINK,44,A,L1,F2,H0,V2,map_S10_M2_LONG_LINK_seed044,4ba8ac696f5e478c6fe1c1d1179db3ea38a2323e9a8ef4dbc2dd10adb64f778b,97.875,343.411,196.029,397.845,25,742,3.1222,0.2948,60.0,-1.0,-1.0,-1.0,-1.0,-1.0,0.0,0.0,0.0,0.0,0.0,0.0,5607.606004,0.878479,0.0,1974,1406500,1406500,1.0,1792,1792,1.0,120100,1,0,S10|M2_LONG_LINK|44|A|L1|F2,false,false,true,/home/cyfer/FYP/WSN_simulation_V3/runs/S10_5000/outputs_production_50seed_part41_45/run_campaign_v3_S10_M2_LONG_LINK_A_L1_F2_H0_seed044_44_20260603_113326
campaign_v3_S10_M2_LONG_LINK_A_L1_F2_H0_seed045,campaign_v3_S10_M2_LONG_LINK_A_L1_F2_H0_seed045_45_20260603_113526,S10,5000,200,6,M2_LONG_LINK,45,A,L1,F2,H0,V2,map_S10_M2_LONG_LINK_seed045,3bce78a76991576b411506ee11fb37c3796d85bcaabb6fb8e97e2973ebd5a114,98.869,346.221,199.985,401.301,25,958,3.3448,0.293,60.0,-1.0,-1.0,-1.0,-1.0,-1.0,0.0,0.0,0.0,0.0,0.0,0.0,5626.047106,0.874791,0.0,1990,1410495,1410495,1.0,1792,1792,1.0,120015,1,0,S10|M2_LONG_LINK|45|A|L1|F2,false,false,true,/home/cyfer/FYP/WSN_simulation_V3/runs/S10_5000/outputs_production_50seed_part41_45/run_campaign_v3_S10_M2_LONG_LINK_A_L1_F2_H0_seed045_45_20260603_113526
campaign_v3_S10_M2_LONG_LINK_A_L1_F2_H1_seed041,campaign_v3_S10_M2_LONG_LINK_A_L1_F2_H1_seed041_41_20260603_112741,S10,5000,200,6,M2_LONG_LINK,41,A,L1,F2,H1,V3,map_S10_M2_LONG_LINK_seed041,9a7a6306da33858403718f6d6a6efc6dd36a559ea0d91a6dc5a81010910f1ef7,98.439,345.835,197.303,401.064,25,807,3.0751,0.295,60.0,26.273,86.273,146.273,150.0,90.0,5.692,3.0,1.0,0.035,0.682,0.181,5584.205442,0.883159,0.0,1956,1408764,1408764,1.0,1779,1779,1.0,120000,0,1,S10|M2_LONG_LINK|41|A|L1|F2,true,false,false,/home/cyfer/FYP/WSN_simulation_V3/runs/S10_5000/outputs_production_50seed_part41_45/run_campaign_v3_S10_M2_LONG_LINK_A_L1_F2_H1_seed041_41_20260603_112741
campaign_v3_S10_M2_LONG_LINK_A_L1_F2_H1_seed042,campaign_v3_S10_M2_LONG_LINK_A_L1_F2_H1_seed042_42_20260603_112941,S10,5000,200,6,M2_LONG_LINK,42,A,L1,F2,H1,V3,map_S10_M2_LONG_LINK_seed042,654886926220e740373ea1aee8f686f1b284eb341d9afa43635772a41a92b6e4,99.981,360.819,198.136,398.213,25,891,3.5522,0.3054,60.0,25.246,85.246,145.246,150.0,90.0,4.561,3.0,1.0,0.02,0.415,0.085,5634.666609,0.873067,0.0,2083,1409652,1409652,1.0,1797,1797,1.0,120000,0,1,S10|M2_LONG_LINK|42|A|L1|F2,true,false,false,/home/cyfer/FYP/WSN_simulation_V3/runs/S10_5000/outputs_production_50seed_part41_45/run_campaign_v3_S10_M2_LONG_LINK_A_L1_F2_H1_seed042_42_20260603_112941
campaign_v3_S10_M2_LONG_LINK_A_L1_F2_H1_seed043,campaign_v3_S10_M2_LONG_LINK_A_L1_F2_H1_seed043_43_20260603_113142,S10,5000,200,6,M2_LONG_LINK,43,A,L1,F2,H1,V3,map_S10_M2_LONG_LINK_seed043,c6c5b21dd2f84d0016ef5e0edc0c3a5a605eeddec74ac0fbbf68ed035869f43a,97.224,337.803,203.017,406.555,25,788,3.1467,0.295,60.0,24.674,84.674,144.674,150.0,90.0,3.812,3.0,1.0,0.011,0.201,0.058,5569.680426,0.886064,0.0,1936,1410435,1410435,1.0,1797,1797,1.0,120000,0,1,S10|M2_LONG_LINK|43|A|L1|F2,true,false,false,/home/cyfer/FYP/WSN_simulation_V3/runs/S10_5000/outputs_production_50seed_part41_45/run_campaign_v3_S10_M2_LONG_LINK_A_L1_F2_H1_seed043_43_20260603_113142
campaign_v3_S10_M2_LONG_LINK_A_L1_F2_H1_seed044,campaign_v3_S10_M2_LONG_LINK_A_L1_F2_H1_seed044_44_20260603_113339,S10,5000,200,6,M2_LONG_LINK,44,A,L1,F2,H1,V3,map_S10_M2_LONG_LINK_seed044,4ba8ac696f5e478c6fe1c1d1179db3ea38a2323e9a8ef4dbc2dd10adb64f778b,97.875,343.411,196.029,397.845,25,742,3.1222,0.2948,60.0,25.085,85.085,145.085,150.0,90.0,4.899,3.0,1.0,0.027,0.466,0.14,5613.90193,0.87722,0.0,1975,1409480,1409480,1.0,1797,1797,1.0,120000,0,1,S10|M2_LONG_LINK|44|A|L1|F2,true,false,false,/home/cyfer/FYP/WSN_simulation_V3/runs/S10_5000/outputs_production_50seed_part41_45/run_campaign_v3_S10_M2_LONG_LINK_A_L1_F2_H1_seed044_44_20260603_113339
campaign_v3_S10_M2_LONG_LINK_A_L1_F2_H1_seed045,campaign_v3_S10_M2_LONG_LINK_A_L1_F2_H1_seed045_45_20260603_113539,S10,5000,200,6,M2_LONG_LINK,45,A,L1,F2,H1,V3,map_S10_M2_LONG_LINK_seed045,3bce78a76991576b411506ee11fb37c3796d85bcaabb6fb8e97e2973ebd5a114,98.869,346.221,199.985,401.301,25,958,3.3448,0.293,60.0,24.105,84.105,144.105,150.0,90.0,3.605,3.0,1.0,0.003,0.074,0.125,5627.235937,0.874553,0.0,1990,1410945,1410945,1.0,1797,1797,1.0,120000,0,1,S10|M2_LONG_LINK|45|A|L1|F2,true,false,false,/home/cyfer/FYP/WSN_simulation_V3/runs/S10_5000/outputs_production_50seed_part41_45/run_campaign_v3_S10_M2_LONG_LINK_A_L1_F2_H1_seed045_45_20260603_113539
campaign_v3_S10_M2_LONG_LINK_A_L1_F2_H3_seed041,campaign_v3_S10_M2_LONG_LINK_A_L1_F2_H3_seed041_41_20260603_112742,S10,5000,200,6,M2_LONG_LINK,41,A,L1,F2,H3,V3,map_S10_M2_LONG_LINK_seed041,9a7a6306da33858403718f6d6a6efc6dd36a559ea0d91a6dc5a81010910f1ef7,98.439,345.835,197.303,401.064,25,807,3.0751,0.295,60.0,32.027,92.027,152.027,160.0,100.0,5.692,3.0,1.0,0.035,0.682,0.181,5580.613863,0.883877,0.0,1956,1406608,1406608,1.0,1778,1778,1.0,119650,0,1,S10|M2_LONG_LINK|41|A|L1|F2,true,false,false,/home/cyfer/FYP/WSN_simulation_V3/runs/S10_5000/outputs_production_50seed_part41_45/run_campaign_v3_S10_M2_LONG_LINK_A_L1_F2_H3_seed041_41_20260603_112742
campaign_v3_S10_M2_LONG_LINK_A_L1_F2_H3_seed042,campaign_v3_S10_M2_LONG_LINK_A_L1_F2_H3_seed042_42_20260603_112942,S10,5000,200,6,M2_LONG_LINK,42,A,L1,F2,H3,V3,map_S10_M2_LONG_LINK_seed042,654886926220e740373ea1aee8f686f1b284eb341d9afa43635772a41a92b6e4,99.981,360.819,198.136,398.213,25,891,3.5522,0.3054,60.0,30.58,90.58,150.58,160.0,100.0,4.561,3.0,1.0,0.02,0.415,0.085,5631.756362,0.873649,0.0,2082,1408266,1408266,1.0,1796,1796,1.0,119775,0,1,S10|M2_LONG_LINK|42|A|L1|F2,true,false,false,/home/cyfer/FYP/WSN_simulation_V3/runs/S10_5000/outputs_production_50seed_part41_45/run_campaign_v3_S10_M2_LONG_LINK_A_L1_F2_H3_seed042_42_20260603_112942
campaign_v3_S10_M2_LONG_LINK_A_L1_F2_H3_seed043,campaign_v3_S10_M2_LONG_LINK_A_L1_F2_H3_seed043_43_20260603_113143,S10,5000,200,6,M2_LONG_LINK,43,A,L1,F2,H3,V3,map_S10_M2_LONG_LINK_seed043,c6c5b21dd2f84d0016ef5e0edc0c3a5a605eeddec74ac0fbbf68ed035869f43a,97.224,337.803,203.017,406.555,25,788,3.1467,0.295,60.0,30.763,90.763,150.763,160.0,100.0,3.812,3.0,1.0,0.011,0.201,0.058,5568.458633,0.886308,0.0,1936,1409805,1409805,1.0,1796,1796,1.0,119900,0,1,S10|M2_LONG_LINK|43|A|L1|F2,true,false,false,/home/cyfer/FYP/WSN_simulation_V3/runs/S10_5000/outputs_production_50seed_part41_45/run_campaign_v3_S10_M2_LONG_LINK_A_L1_F2_H3_seed043_43_20260603_113143
campaign_v3_S10_M2_LONG_LINK_A_L1_F2_H3_seed044,campaign_v3_S10_M2_LONG_LINK_A_L1_F2_H3_seed044_44_20260603_113341,S10,5000,200,6,M2_LONG_LINK,44,A,L1,F2,H3,V3,map_S10_M2_LONG_LINK_seed044,4ba8ac696f5e478c6fe1c1d1179db3ea38a2323e9a8ef4dbc2dd10adb64f778b,97.875,343.411,196.029,397.845,25,742,3.1222,0.2948,60.0,31.695,91.695,151.695,160.0,100.0,4.899,3.0,1.0,0.027,0.466,0.14,5611.002933,0.877799,0.0,1974,1407930,1407930,1.0,1796,1796,1.0,119750,0,1,S10|M2_LONG_LINK|44|A|L1|F2,true,false,false,/home/cyfer/FYP/WSN_simulation_V3/runs/S10_5000/outputs_production_50seed_part41_45/run_campaign_v3_S10_M2_LONG_LINK_A_L1_F2_H3_seed044_44_20260603_113341
campaign_v3_S10_M2_LONG_LINK_A_L1_F2_H3_seed045,campaign_v3_S10_M2_LONG_LINK_A_L1_F2_H3_seed045_45_20260603_113540,S10,5000,200,6,M2_LONG_LINK,45,A,L1,F2,H3,V3,map_S10_M2_LONG_LINK_seed045,3bce78a76991576b411506ee11fb37c3796d85bcaabb6fb8e97e2973ebd5a114,98.869,346.221,199.985,401.301,25,958,3.3448,0.293,60.0,30.436,90.436,150.436,160.0,100.0,3.605,3.0,1.0,0.003,0.074,0.125,5626.748637,0.87465,0.0,1990,1410783,1410783,1.0,1796,1796,1.0,119975,0,1,S10|M2_LONG_LINK|45|A|L1|F2,true,false,false,/home/cyfer/FYP/WSN_simulation_V3/runs/S10_5000/outputs_production_50seed_part41_45/run_campaign_v3_S10_M2_LONG_LINK_A_L1_F2_H3_seed045_45_20260603_113540
campaign_v3_S10_M2_LONG_LINK_A_L1_F2_H4_seed041,campaign_v3_S10_M2_LONG_LINK_A_L1_F2_H4_seed041_41_20260603_112743,S10,5000,200,6,M2_LONG_LINK,41,A,L1,F2,H4,V3,map_S10_M2_LONG_LINK_seed041,9a7a6306da33858403718f6d6a6efc6dd36a559ea0d91a6dc5a81010910f1ef7,98.439,345.835,197.303,401.064,25,807,3.0751,0.295,60.0,36.011,96.011,156.011,160.0,100.0,5.692,3.0,1.0,0.035,0.682,0.181,5583.736717,0.883253,0.0,1956,1408484,1408484,1.0,1778,1778,1.0,120000,0,1,S10|M2_LONG_LINK|41|A|L1|F2,true,false,false,/home/cyfer/FYP/WSN_simulation_V3/runs/S10_5000/outputs_production_50seed_part41_45/run_campaign_v3_S10_M2_LONG_LINK_A_L1_F2_H4_seed041_41_20260603_112743
campaign_v3_S10_M2_LONG_LINK_A_L1_F2_H4_seed042,campaign_v3_S10_M2_LONG_LINK_A_L1_F2_H4_seed042_42_20260603_112943,S10,5000,200,6,M2_LONG_LINK,42,A,L1,F2,H4,V3,map_S10_M2_LONG_LINK_seed042,654886926220e740373ea1aee8f686f1b284eb341d9afa43635772a41a92b6e4,99.981,360.819,198.136,398.213,25,891,3.5522,0.3054,60.0,35.466,95.466,155.466,160.0,100.0,4.561,3.0,1.0,0.02,0.415,0.085,5634.409742,0.873118,0.0,2083,1409472,1409472,1.0,1796,1796,1.0,120000,0,1,S10|M2_LONG_LINK|42|A|L1|F2,true,false,false,/home/cyfer/FYP/WSN_simulation_V3/runs/S10_5000/outputs_production_50seed_part41_45/run_campaign_v3_S10_M2_LONG_LINK_A_L1_F2_H4_seed042_42_20260603_112943
campaign_v3_S10_M2_LONG_LINK_A_L1_F2_H4_seed043,campaign_v3_S10_M2_LONG_LINK_A_L1_F2_H4_seed043_43_20260603_113144,S10,5000,200,6,M2_LONG_LINK,43,A,L1,F2,H4,V3,map_S10_M2_LONG_LINK_seed043,c6c5b21dd2f84d0016ef5e0edc0c3a5a605eeddec74ac0fbbf68ed035869f43a,97.224,337.803,203.017,406.555,25,788,3.1467,0.295,60.0,34.686,94.686,154.686,160.0,100.0,3.812,3.0,1.0,0.011,0.201,0.058,5569.485171,0.886103,0.0,1936,1410345,1410345,1.0,1796,1796,1.0,120000,0,1,S10|M2_LONG_LINK|43|A|L1|F2,true,false,false,/home/cyfer/FYP/WSN_simulation_V3/runs/S10_5000/outputs_production_50seed_part41_45/run_campaign_v3_S10_M2_LONG_LINK_A_L1_F2_H4_seed043_43_20260603_113144
campaign_v3_S10_M2_LONG_LINK_A_L1_F2_H4_seed044,campaign_v3_S10_M2_LONG_LINK_A_L1_F2_H4_seed044_44_20260603_113342,S10,5000,200,6,M2_LONG_LINK,44,A,L1,F2,H4,V3,map_S10_M2_LONG_LINK_seed044,4ba8ac696f5e478c6fe1c1d1179db3ea38a2323e9a8ef4dbc2dd10adb64f778b,97.875,343.411,196.029,397.845,25,742,3.1222,0.2948,60.0,35.614,95.614,155.614,160.0,100.0,4.899,3.0,1.0,0.027,0.466,0.14,5613.609977,0.877278,0.0,1975,1409280,1409280,1.0,1796,1796,1.0,120000,0,1,S10|M2_LONG_LINK|44|A|L1|F2,true,false,false,/home/cyfer/FYP/WSN_simulation_V3/runs/S10_5000/outputs_production_50seed_part41_45/run_campaign_v3_S10_M2_LONG_LINK_A_L1_F2_H4_seed044_44_20260603_113342
campaign_v3_S10_M2_LONG_LINK_A_L1_F2_H4_seed045,campaign_v3_S10_M2_LONG_LINK_A_L1_F2_H4_seed045_45_20260603_113541,S10,5000,200,6,M2_LONG_LINK,45,A,L1,F2,H4,V3,map_S10_M2_LONG_LINK_seed045,3bce78a76991576b411506ee11fb37c3796d85bcaabb6fb8e97e2973ebd5a114,98.869,346.221,199.985,401.301,25,958,3.3448,0.293,60.0,34.036,94.036,154.036,160.0,100.0,3.605,3.0,1.0,0.003,0.074,0.125,5627.150529,0.87457,0.0,1990,1410915,1410915,1.0,1796,1796,1.0,120000,0,1,S10|M2_LONG_LINK|45|A|L1|F2,true,false,false,/home/cyfer/FYP/WSN_simulation_V3/runs/S10_5000/outputs_production_50seed_part41_45/run_campaign_v3_S10_M2_LONG_LINK_A_L1_F2_H4_seed045_45_20260603_113541
campaign_v3_S10_M2_LONG_LINK_A_L1_F3_H0_seed041,campaign_v3_S10_M2_LONG_LINK_A_L1_F3_H0_seed041_41_20260603_112729,S10,5000,200,6,M2_LONG_LINK,41,A,L1,F3,H0,V2,map_S10_M2_LONG_LINK_seed041,9a7a6306da33858403718f6d6a6efc6dd36a559ea0d91a6dc5a81010910f1ef7,98.439,345.835,197.303,401.064,25,807,3.0751,0.295,60.0,-1.0,-1.0,-1.0,-1.0,-1.0,0.0,0.0,0.0,0.0,0.0,0.0,5582.822821,0.883435,0.0,1955,1409320,1409320,1.0,1774,1774,1.0,120040,1,0,S10|M2_LONG_LINK|41|A|L1|F3,false,false,true,/home/cyfer/FYP/WSN_simulation_V3/runs/S10_5000/outputs_production_50seed_part41_45/run_campaign_v3_S10_M2_LONG_LINK_A_L1_F3_H0_seed041_41_20260603_112729
campaign_v3_S10_M2_LONG_LINK_A_L1_F3_H0_seed042,campaign_v3_S10_M2_LONG_LINK_A_L1_F3_H0_seed042_42_20260603_112929,S10,5000,200,6,M2_LONG_LINK,42,A,L1,F3,H0,V2,map_S10_M2_LONG_LINK_seed042,654886926220e740373ea1aee8f686f1b284eb341d9afa43635772a41a92b6e4,99.981,360.819,198.136,398.213,25,891,3.5522,0.3054,60.0,-1.0,-1.0,-1.0,-1.0,-1.0,0.0,0.0,0.0,0.0,0.0,0.0,5630.589666,0.873882,0.0,2082,1408380,1408380,1.0,1792,1792,1.0,120060,1,0,S10|M2_LONG_LINK|42|A|L1|F3,false,false,true,/home/cyfer/FYP/WSN_simulation_V3/runs/S10_5000/outputs_production_50seed_part41_45/run_campaign_v3_S10_M2_LONG_LINK_A_L1_F3_H0_seed042_42_20260603_112929
campaign_v3_S10_M2_LONG_LINK_A_L1_F3_H0_seed043,campaign_v3_S10_M2_LONG_LINK_A_L1_F3_H0_seed043_43_20260603_113130,S10,5000,200,6,M2_LONG_LINK,43,A,L1,F3,H0,V2,map_S10_M2_LONG_LINK_seed043,c6c5b21dd2f84d0016ef5e0edc0c3a5a605eeddec74ac0fbbf68ed035869f43a,97.224,337.803,203.017,406.555,25,788,3.1467,0.295,60.0,-1.0,-1.0,-1.0,-1.0,-1.0,0.0,0.0,0.0,0.0,0.0,0.0,5565.02015,0.886996,0.0,1936,1408145,1408145,1.0,1792,1792,1.0,120065,1,0,S10|M2_LONG_LINK|43|A|L1|F3,false,false,true,/home/cyfer/FYP/WSN_simulation_V3/runs/S10_5000/outputs_production_50seed_part41_45/run_campaign_v3_S10_M2_LONG_LINK_A_L1_F3_H0_seed043_43_20260603_113130
campaign_v3_S10_M2_LONG_LINK_A_L1_F3_H0_seed044,campaign_v3_S10_M2_LONG_LINK_A_L1_F3_H0_seed044_44_20260603_113327,S10,5000,200,6,M2_LONG_LINK,44,A,L1,F3,H0,V2,map_S10_M2_LONG_LINK_seed044,4ba8ac696f5e478c6fe1c1d1179db3ea38a2323e9a8ef4dbc2dd10adb64f778b,97.875,343.411,196.029,397.845,25,742,3.1222,0.2948,60.0,-1.0,-1.0,-1.0,-1.0,-1.0,0.0,0.0,0.0,0.0,0.0,0.0,5609.858823,0.878028,0.0,1974,1407675,1407675,1.0,1792,1792,1.0,120075,1,0,S10|M2_LONG_LINK|44|A|L1|F3,false,false,true,/home/cyfer/FYP/WSN_simulation_V3/runs/S10_5000/outputs_production_50seed_part41_45/run_campaign_v3_S10_M2_LONG_LINK_A_L1_F3_H0_seed044_44_20260603_113327
campaign_v3_S10_M2_LONG_LINK_A_L1_F3_H0_seed045,campaign_v3_S10_M2_LONG_LINK_A_L1_F3_H0_seed045_45_20260603_113527,S10,5000,200,6,M2_LONG_LINK,45,A,L1,F3,H0,V2,map_S10_M2_LONG_LINK_seed045,3bce78a76991576b411506ee11fb37c3796d85bcaabb6fb8e97e2973ebd5a114,98.869,346.221,199.985,401.301,25,958,3.3448,0.293,60.0,-1.0,-1.0,-1.0,-1.0,-1.0,0.0,0.0,0.0,0.0,0.0,0.0,5611.419095,0.877716,0.0,1985,1405560,1405560,1.0,1792,1792,1.0,120120,1,0,S10|M2_LONG_LINK|45|A|L1|F3,false,false,true,/home/cyfer/FYP/WSN_simulation_V3/runs/S10_5000/outputs_production_50seed_part41_45/run_campaign_v3_S10_M2_LONG_LINK_A_L1_F3_H0_seed045_45_20260603_113527
campaign_v3_S10_M2_LONG_LINK_A_L1_F3_H1_seed041,campaign_v3_S10_M2_LONG_LINK_A_L1_F3_H1_seed041_41_20260603_112744,S10,5000,200,6,M2_LONG_LINK,41,A,L1,F3,H1,V3,map_S10_M2_LONG_LINK_seed041,9a7a6306da33858403718f6d6a6efc6dd36a559ea0d91a6dc5a81010910f1ef7,98.439,345.835,197.303,401.064,25,807,3.0751,0.295,60.0,28.074,88.074,148.074,150.0,90.0,3.623,3.0,1.0,0.01,0.176,0.022,5582.923692,0.883415,0.0,1955,1409340,1409340,1.0,1779,1779,1.0,119804,0,1,S10|M2_LONG_LINK|41|A|L1|F3,true,false,false,/home/cyfer/FYP/WSN_simulation_V3/runs/S10_5000/outputs_production_50seed_part41_45/run_campaign_v3_S10_M2_LONG_LINK_A_L1_F3_H1_seed041_41_20260603_112744
campaign_v3_S10_M2_LONG_LINK_A_L1_F3_H1_seed042,campaign_v3_S10_M2_LONG_LINK_A_L1_F3_H1_seed042_42_20260603_112944,S10,5000,200,6,M2_LONG_LINK,42,A,L1,F3,H1,V3,map_S10_M2_LONG_LINK_seed042,654886926220e740373ea1aee8f686f1b284eb341d9afa43635772a41a92b6e4,99.981,360.819,198.136,398.213,25,891,3.5522,0.3054,60.0,28.826,88.826,148.826,150.0,90.0,4.271,3.0,1.0,0.013,0.282,0.129,5630.740536,0.873852,0.0,2082,1408400,1408400,1.0,1797,1797,1.0,119704,0,1,S10|M2_LONG_LINK|42|A|L1|F3,true,false,false,/home/cyfer/FYP/WSN_simulation_V3/runs/S10_5000/outputs_production_50seed_part41_45/run_campaign_v3_S10_M2_LONG_LINK_A_L1_F3_H1_seed042_42_20260603_112944
campaign_v3_S10_M2_LONG_LINK_A_L1_F3_H1_seed043,campaign_v3_S10_M2_LONG_LINK_A_L1_F3_H1_seed043_43_20260603_113145,S10,5000,200,6,M2_LONG_LINK,43,A,L1,F3,H1,V3,map_S10_M2_LONG_LINK_seed043,c6c5b21dd2f84d0016ef5e0edc0c3a5a605eeddec74ac0fbbf68ed035869f43a,97.224,337.803,203.017,406.555,25,788,3.1467,0.295,60.0,29.155,89.155,149.155,150.0,90.0,4.477,3.0,1.0,0.017,0.312,0.164,5565.189031,0.886962,0.0,1936,1408165,1408165,1.0,1797,1797,1.0,119679,0,1,S10|M2_LONG_LINK|43|A|L1|F3,true,false,false,/home/cyfer/FYP/WSN_simulation_V3/runs/S10_5000/outputs_production_50seed_part41_45/run_campaign_v3_S10_M2_LONG_LINK_A_L1_F3_H1_seed043_43_20260603_113145
campaign_v3_S10_M2_LONG_LINK_A_L1_F3_H1_seed044,campaign_v3_S10_M2_LONG_LINK_A_L1_F3_H1_seed044_44_20260603_113343,S10,5000,200,6,M2_LONG_LINK,44,A,L1,F3,H1,V3,map_S10_M2_LONG_LINK_seed044,4ba8ac696f5e478c6fe1c1d1179db3ea38a2323e9a8ef4dbc2dd10adb64f778b,97.875,343.411,196.029,397.845,25,742,3.1222,0.2948,60.0,28.456,88.456,148.456,150.0,90.0,4.397,3.0,1.0,0.02,0.326,0.12,5610.030162,0.877994,0.0,1974,1407695,1407695,1.0,1797,1797,1.0,119629,0,1,S10|M2_LONG_LINK|44|A|L1|F3,true,false,false,/home/cyfer/FYP/WSN_simulation_V3/runs/S10_5000/outputs_production_50seed_part41_45/run_campaign_v3_S10_M2_LONG_LINK_A_L1_F3_H1_seed044_44_20260603_113343
campaign_v3_S10_M2_LONG_LINK_A_L1_F3_H1_seed045,campaign_v3_S10_M2_LONG_LINK_A_L1_F3_H1_seed045_45_20260603_113542,S10,5000,200,6,M2_LONG_LINK,45,A,L1,F3,H1,V3,map_S10_M2_LONG_LINK_seed045,3bce78a76991576b411506ee11fb37c3796d85bcaabb6fb8e97e2973ebd5a114,98.869,346.221,199.985,401.301,25,958,3.3448,0.293,60.0,30.171,90.171,150.171,160.0,100.0,5.455,3.0,1.0,0.025,0.698,0.095,5611.681917,0.877664,0.0,1985,1405576,1405576,1.0,1796,1796,1.0,119404,0,1,S10|M2_LONG_LINK|45|A|L1|F3,true,false,false,/home/cyfer/FYP/WSN_simulation_V3/runs/S10_5000/outputs_production_50seed_part41_45/run_campaign_v3_S10_M2_LONG_LINK_A_L1_F3_H1_seed045_45_20260603_113542
campaign_v3_S10_M2_LONG_LINK_A_L1_F3_H3_seed041,campaign_v3_S10_M2_LONG_LINK_A_L1_F3_H3_seed041_41_20260603_112745,S10,5000,200,6,M2_LONG_LINK,41,A,L1,F3,H3,V3,map_S10_M2_LONG_LINK_seed041,9a7a6306da33858403718f6d6a6efc6dd36a559ea0d91a6dc5a81010910f1ef7,98.439,345.835,197.303,401.064,25,807,3.0751,0.295,60.0,34.489,94.489,154.489,160.0,100.0,3.623,3.0,1.0,0.01,0.176,0.022,5582.910831,0.883418,0.0,1955,1409336,1409336,1.0,1778,1778,1.0,119804,0,1,S10|M2_LONG_LINK|41|A|L1|F3,true,false,false,/home/cyfer/FYP/WSN_simulation_V3/runs/S10_5000/outputs_production_50seed_part41_45/run_campaign_v3_S10_M2_LONG_LINK_A_L1_F3_H3_seed041_41_20260603_112745
campaign_v3_S10_M2_LONG_LINK_A_L1_F3_H3_seed042,campaign_v3_S10_M2_LONG_LINK_A_L1_F3_H3_seed042_42_20260603_112946,S10,5000,200,6,M2_LONG_LINK,42,A,L1,F3,H3,V3,map_S10_M2_LONG_LINK_seed042,654886926220e740373ea1aee8f686f1b284eb341d9afa43635772a41a92b6e4,99.981,360.819,198.136,398.213,25,891,3.5522,0.3054,60.0,34.843,94.843,154.843,160.0,100.0,4.271,3.0,1.0,0.013,0.282,0.129,5630.727044,0.873855,0.0,2082,1408396,1408396,1.0,1796,1796,1.0,119704,0,1,S10|M2_LONG_LINK|42|A|L1|F3,true,false,false,/home/cyfer/FYP/WSN_simulation_V3/runs/S10_5000/outputs_production_50seed_part41_45/run_campaign_v3_S10_M2_LONG_LINK_A_L1_F3_H3_seed042_42_20260603_112946
campaign_v3_S10_M2_LONG_LINK_A_L1_F3_H3_seed043,campaign_v3_S10_M2_LONG_LINK_A_L1_F3_H3_seed043_43_20260603_113146,S10,5000,200,6,M2_LONG_LINK,43,A,L1,F3,H3,V3,map_S10_M2_LONG_LINK_seed043,c6c5b21dd2f84d0016ef5e0edc0c3a5a605eeddec74ac0fbbf68ed035869f43a,97.224,337.803,203.017,406.555,25,788,3.1467,0.295,60.0,35.189,95.189,155.189,160.0,100.0,4.477,3.0,1.0,0.017,0.312,0.164,5565.171789,0.886966,0.0,1936,1408161,1408161,1.0,1796,1796,1.0,119679,0,1,S10|M2_LONG_LINK|43|A|L1|F3,true,false,false,/home/cyfer/FYP/WSN_simulation_V3/runs/S10_5000/outputs_production_50seed_part41_45/run_campaign_v3_S10_M2_LONG_LINK_A_L1_F3_H3_seed043_43_20260603_113146
campaign_v3_S10_M2_LONG_LINK_A_L1_F3_H3_seed044,campaign_v3_S10_M2_LONG_LINK_A_L1_F3_H3_seed044_44_20260603_113344,S10,5000,200,6,M2_LONG_LINK,44,A,L1,F3,H3,V3,map_S10_M2_LONG_LINK_seed044,4ba8ac696f5e478c6fe1c1d1179db3ea38a2323e9a8ef4dbc2dd10adb64f778b,97.875,343.411,196.029,397.845,25,742,3.1222,0.2948,60.0,34.64,94.64,154.64,160.0,100.0,4.397,3.0,1.0,0.02,0.326,0.12,5610.011549,0.877998,0.0,1974,1407691,1407691,1.0,1796,1796,1.0,119629,0,1,S10|M2_LONG_LINK|44|A|L1|F3,true,false,false,/home/cyfer/FYP/WSN_simulation_V3/runs/S10_5000/outputs_production_50seed_part41_45/run_campaign_v3_S10_M2_LONG_LINK_A_L1_F3_H3_seed044_44_20260603_113344
campaign_v3_S10_M2_LONG_LINK_A_L1_F3_H3_seed045,campaign_v3_S10_M2_LONG_LINK_A_L1_F3_H3_seed045_45_20260603_113543,S10,5000,200,6,M2_LONG_LINK,45,A,L1,F3,H3,V3,map_S10_M2_LONG_LINK_seed045,3bce78a76991576b411506ee11fb37c3796d85bcaabb6fb8e97e2973ebd5a114,98.869,346.221,199.985,401.301,25,958,3.3448,0.293,60.0,36.291,96.291,156.291,160.0,100.0,5.455,3.0,1.0,0.025,0.698,0.095,5611.654001,0.877669,0.0,1985,1405576,1405576,1.0,1796,1796,1.0,119404,0,1,S10|M2_LONG_LINK|45|A|L1|F3,true,false,false,/home/cyfer/FYP/WSN_simulation_V3/runs/S10_5000/outputs_production_50seed_part41_45/run_campaign_v3_S10_M2_LONG_LINK_A_L1_F3_H3_seed045_45_20260603_113543
campaign_v3_S10_M2_LONG_LINK_A_L1_F3_H4_seed041,campaign_v3_S10_M2_LONG_LINK_A_L1_F3_H4_seed041_41_20260603_112746,S10,5000,200,6,M2_LONG_LINK,41,A,L1,F3,H4,V3,map_S10_M2_LONG_LINK_seed041,9a7a6306da33858403718f6d6a6efc6dd36a559ea0d91a6dc5a81010910f1ef7,98.439,345.835,197.303,401.064,25,807,3.0751,0.295,60.0,37.857,97.857,157.857,160.0,100.0,3.623,3.0,1.0,0.01,0.176,0.022,5582.912958,0.883417,0.0,1955,1409336,1409336,1.0,1778,1778,1.0,119804,0,1,S10|M2_LONG_LINK|41|A|L1|F3,true,false,false,/home/cyfer/FYP/WSN_simulation_V3/runs/S10_5000/outputs_production_50seed_part41_45/run_campaign_v3_S10_M2_LONG_LINK_A_L1_F3_H4_seed041_41_20260603_112746
campaign_v3_S10_M2_LONG_LINK_A_L1_F3_H4_seed042,campaign_v3_S10_M2_LONG_LINK_A_L1_F3_H4_seed042_42_20260603_112947,S10,5000,200,6,M2_LONG_LINK,42,A,L1,F3,H4,V3,map_S10_M2_LONG_LINK_seed042,654886926220e740373ea1aee8f686f1b284eb341d9afa43635772a41a92b6e4,99.981,360.819,198.136,398.213,25,891,3.5522,0.3054,60.0,38.552,98.552,158.552,160.0,100.0,4.271,3.0,1.0,0.013,0.282,0.129,5630.724602,0.873855,0.0,2082,1408396,1408396,1.0,1796,1796,1.0,119704,0,1,S10|M2_LONG_LINK|42|A|L1|F3,true,false,false,/home/cyfer/FYP/WSN_simulation_V3/runs/S10_5000/outputs_production_50seed_part41_45/run_campaign_v3_S10_M2_LONG_LINK_A_L1_F3_H4_seed042_42_20260603_112947
campaign_v3_S10_M2_LONG_LINK_A_L1_F3_H4_seed043,campaign_v3_S10_M2_LONG_LINK_A_L1_F3_H4_seed043_43_20260603_113147,S10,5000,200,6,M2_LONG_LINK,43,A,L1,F3,H4,V3,map_S10_M2_LONG_LINK_seed043,c6c5b21dd2f84d0016ef5e0edc0c3a5a605eeddec74ac0fbbf68ed035869f43a,97.224,337.803,203.017,406.555,25,788,3.1467,0.295,60.0,38.671,98.671,158.671,160.0,100.0,4.477,3.0,1.0,0.017,0.312,0.164,5565.170695,0.886966,0.0,1936,1408161,1408161,1.0,1796,1796,1.0,119679,0,1,S10|M2_LONG_LINK|43|A|L1|F3,true,false,false,/home/cyfer/FYP/WSN_simulation_V3/runs/S10_5000/outputs_production_50seed_part41_45/run_campaign_v3_S10_M2_LONG_LINK_A_L1_F3_H4_seed043_43_20260603_113147
campaign_v3_S10_M2_LONG_LINK_A_L1_F3_H4_seed044,campaign_v3_S10_M2_LONG_LINK_A_L1_F3_H4_seed044_44_20260603_113345,S10,5000,200,6,M2_LONG_LINK,44,A,L1,F3,H4,V3,map_S10_M2_LONG_LINK_seed044,4ba8ac696f5e478c6fe1c1d1179db3ea38a2323e9a8ef4dbc2dd10adb64f778b,97.875,343.411,196.029,397.845,25,742,3.1222,0.2948,60.0,38.887,98.887,158.887,160.0,100.0,4.397,3.0,1.0,0.02,0.326,0.12,5610.013734,0.877997,0.0,1974,1407691,1407691,1.0,1796,1796,1.0,119629,0,1,S10|M2_LONG_LINK|44|A|L1|F3,true,false,false,/home/cyfer/FYP/WSN_simulation_V3/runs/S10_5000/outputs_production_50seed_part41_45/run_campaign_v3_S10_M2_LONG_LINK_A_L1_F3_H4_seed044_44_20260603_113345
campaign_v3_S10_M2_LONG_LINK_A_L1_F3_H4_seed045,campaign_v3_S10_M2_LONG_LINK_A_L1_F3_H4_seed045_45_20260603_113544,S10,5000,200,6,M2_LONG_LINK,45,A,L1,F3,H4,V3,map_S10_M2_LONG_LINK_seed045,3bce78a76991576b411506ee11fb37c3796d85bcaabb6fb8e97e2973ebd5a114,98.869,346.221,199.985,401.301,25,958,3.3448,0.293,60.0,40.402,100.402,160.402,170.0,110.0,5.455,3.0,1.0,0.025,0.698,0.095,5611.681917,0.877664,0.0,1985,1405576,1405576,1.0,1796,1796,1.0,119404,0,1,S10|M2_LONG_LINK|45|A|L1|F3,true,false,false,/home/cyfer/FYP/WSN_simulation_V3/runs/S10_5000/outputs_production_50seed_part41_45/run_campaign_v3_S10_M2_LONG_LINK_A_L1_F3_H4_seed045_45_20260603_113544
campaign_v3_S10_M2_LONG_LINK_A_L1_F4_H0_seed041,campaign_v3_S10_M2_LONG_LINK_A_L1_F4_H0_seed041_41_20260603_112730,S10,5000,200,6,M2_LONG_LINK,41,A,L1,F4,H0,V2,map_S10_M2_LONG_LINK_seed041,9a7a6306da33858403718f6d6a6efc6dd36a559ea0d91a6dc5a81010910f1ef7,98.439,345.835,197.303,401.064,25,807,3.0751,0.295,60.0,-1.0,-1.0,-1.0,-1.0,-1.0,0.0,0.0,0.0,0.0,0.0,0.0,5580.729612,0.883854,0.0,1955,1408145,1408145,1.0,1774,1774,1.0,120065,1,0,S10|M2_LONG_LINK|41|A|L1|F4,false,false,true,/home/cyfer/FYP/WSN_simulation_V3/runs/S10_5000/outputs_production_50seed_part41_45/run_campaign_v3_S10_M2_LONG_LINK_A_L1_F4_H0_seed041_41_20260603_112730
campaign_v3_S10_M2_LONG_LINK_A_L1_F4_H0_seed042,campaign_v3_S10_M2_LONG_LINK_A_L1_F4_H0_seed042_42_20260603_112930,S10,5000,200,6,M2_LONG_LINK,42,A,L1,F4,H0,V2,map_S10_M2_LONG_LINK_seed042,654886926220e740373ea1aee8f686f1b284eb341d9afa43635772a41a92b6e4,99.981,360.819,198.136,398.213,25,891,3.5522,0.3054,60.0,-1.0,-1.0,-1.0,-1.0,-1.0,0.0,0.0,0.0,0.0,0.0,0.0,5631.401078,0.87372,0.0,2082,1408850,1408850,1.0,1792,1792,1.0,120050,1,0,S10|M2_LONG_LINK|42|A|L1|F4,false,false,true,/home/cyfer/FYP/WSN_simulation_V3/runs/S10_5000/outputs_production_50seed_part41_45/run_campaign_v3_S10_M2_LONG_LINK_A_L1_F4_H0_seed042_42_20260603_112930
campaign_v3_S10_M2_LONG_LINK_A_L1_F4_H0_seed043,campaign_v3_S10_M2_LONG_LINK_A_L1_F4_H0_seed043_43_20260603_113131,S10,5000,200,6,M2_LONG_LINK,43,A,L1,F4,H0,V2,map_S10_M2_LONG_LINK_seed043,c6c5b21dd2f84d0016ef5e0edc0c3a5a605eeddec74ac0fbbf68ed035869f43a,97.224,337.803,203.017,406.555,25,788,3.1467,0.295,60.0,-1.0,-1.0,-1.0,-1.0,-1.0,0.0,0.0,0.0,0.0,0.0,0.0,5567.100292,0.88658,0.0,1936,1409555,1409555,1.0,1792,1792,1.0,120035,1,0,S10|M2_LONG_LINK|43|A|L1|F4,false,false,true,/home/cyfer/FYP/WSN_simulation_V3/runs/S10_5000/outputs_production_50seed_part41_45/run_campaign_v3_S10_M2_LONG_LINK_A_L1_F4_H0_seed043_43_20260603_113131
campaign_v3_S10_M2_LONG_LINK_A_L1_F4_H0_seed044,campaign_v3_S10_M2_LONG_LINK_A_L1_F4_H0_seed044_44_20260603_113328,S10,5000,200,6,M2_LONG_LINK,44,A,L1,F4,H0,V2,map_S10_M2_LONG_LINK_seed044,4ba8ac696f5e478c6fe1c1d1179db3ea38a2323e9a8ef4dbc2dd10adb64f778b,97.875,343.411,196.029,397.845,25,742,3.1222,0.2948,60.0,-1.0,-1.0,-1.0,-1.0,-1.0,0.0,0.0,0.0,0.0,0.0,0.0,5607.100597,0.87858,0.0,1974,1406265,1406265,1.0,1792,1792,1.0,120105,1,0,S10|M2_LONG_LINK|44|A|L1|F4,false,false,true,/home/cyfer/FYP/WSN_simulation_V3/runs/S10_5000/outputs_production_50seed_part41_45/run_campaign_v3_S10_M2_LONG_LINK_A_L1_F4_H0_seed044_44_20260603_113328
campaign_v3_S10_M2_LONG_LINK_A_L1_F4_H0_seed045,campaign_v3_S10_M2_LONG_LINK_A_L1_F4_H0_seed045_45_20260603_113528,S10,5000,200,6,M2_LONG_LINK,45,A,L1,F4,H0,V2,map_S10_M2_LONG_LINK_seed045,3bce78a76991576b411506ee11fb37c3796d85bcaabb6fb8e97e2973ebd5a114,98.869,346.221,199.985,401.301,25,958,3.3448,0.293,60.0,-1.0,-1.0,-1.0,-1.0,-1.0,0.0,0.0,0.0,0.0,0.0,0.0,5623.37795,0.875324,0.0,1989,1408850,1408850,1.0,1792,1792,1.0,120050,1,0,S10|M2_LONG_LINK|45|A|L1|F4,false,false,true,/home/cyfer/FYP/WSN_simulation_V3/runs/S10_5000/outputs_production_50seed_part41_45/run_campaign_v3_S10_M2_LONG_LINK_A_L1_F4_H0_seed045_45_20260603_113528
campaign_v3_S10_M2_LONG_LINK_A_L1_F4_H1_seed041,campaign_v3_S10_M2_LONG_LINK_A_L1_F4_H1_seed041_41_20260603_112748,S10,5000,200,6,M2_LONG_LINK,41,A,L1,F4,H1,V3,map_S10_M2_LONG_LINK_seed041,9a7a6306da33858403718f6d6a6efc6dd36a559ea0d91a6dc5a81010910f1ef7,98.439,345.835,197.303,401.064,25,807,3.0751,0.295,60.0,34.954,94.954,154.954,160.0,100.0,4.404,3.0,1.0,0.016,0.31,0.142,5581.639294,0.883672,0.0,1955,1408486,1408486,1.0,1778,1778,1.0,119679,0,1,S10|M2_LONG_LINK|41|A|L1|F4,true,false,false,/home/cyfer/FYP/WSN_simulation_V3/runs/S10_5000/outputs_production_50seed_part41_45/run_campaign_v3_S10_M2_LONG_LINK_A_L1_F4_H1_seed041_41_20260603_112748
campaign_v3_S10_M2_LONG_LINK_A_L1_F4_H1_seed042,campaign_v3_S10_M2_LONG_LINK_A_L1_F4_H1_seed042_42_20260603_112948,S10,5000,200,6,M2_LONG_LINK,42,A,L1,F4,H1,V3,map_S10_M2_LONG_LINK_seed042,654886926220e740373ea1aee8f686f1b284eb341d9afa43635772a41a92b6e4,99.981,360.819,198.136,398.213,25,891,3.5522,0.3054,60.0,34.937,94.937,154.937,160.0,100.0,3.977,3.0,1.0,0.011,0.228,0.086,5632.061806,0.873588,0.0,2082,1409116,1409116,1.0,1796,1796,1.0,119754,0,1,S10|M2_LONG_LINK|42|A|L1|F4,true,false,false,/home/cyfer/FYP/WSN_simulation_V3/runs/S10_5000/outputs_production_50seed_part41_45/run_campaign_v3_S10_M2_LONG_LINK_A_L1_F4_H1_seed042_42_20260603_112948
campaign_v3_S10_M2_LONG_LINK_A_L1_F4_H1_seed043,campaign_v3_S10_M2_LONG_LINK_A_L1_F4_H1_seed043_43_20260603_113148,S10,5000,200,6,M2_LONG_LINK,43,A,L1,F4,H1,V3,map_S10_M2_LONG_LINK_seed043,c6c5b21dd2f84d0016ef5e0edc0c3a5a605eeddec74ac0fbbf68ed035869f43a,97.224,337.803,203.017,406.555,25,788,3.1467,0.295,60.0,34.121,94.121,154.121,160.0,100.0,4.048,3.0,1.0,0.009,0.169,0.171,5567.651544,0.88647,0.0,1936,1409746,1409746,1.0,1796,1796,1.0,119829,0,1,S10|M2_LONG_LINK|43|A|L1|F4,true,false,false,/home/cyfer/FYP/WSN_simulation_V3/runs/S10_5000/outputs_production_50seed_part41_45/run_campaign_v3_S10_M2_LONG_LINK_A_L1_F4_H1_seed043_43_20260603_113148
campaign_v3_S10_M2_LONG_LINK_A_L1_F4_H1_seed044,campaign_v3_S10_M2_LONG_LINK_A_L1_F4_H1_seed044_44_20260603_113346,S10,5000,200,6,M2_LONG_LINK,44,A,L1,F4,H1,V3,map_S10_M2_LONG_LINK_seed044,4ba8ac696f5e478c6fe1c1d1179db3ea38a2323e9a8ef4dbc2dd10adb64f778b,97.875,343.411,196.029,397.845,25,742,3.1222,0.2948,60.0,35.472,95.472,155.472,160.0,100.0,5.103,3.0,1.0,0.028,0.495,0.178,5608.515553,0.878297,0.0,1974,1406785,1406785,1.0,1796,1796,1.0,119479,0,1,S10|M2_LONG_LINK|44|A|L1|F4,true,false,false,/home/cyfer/FYP/WSN_simulation_V3/runs/S10_5000/outputs_production_50seed_part41_45/run_campaign_v3_S10_M2_LONG_LINK_A_L1_F4_H1_seed044_44_20260603_113346
campaign_v3_S10_M2_LONG_LINK_A_L1_F4_H1_seed045,campaign_v3_S10_M2_LONG_LINK_A_L1_F4_H1_seed045_45_20260603_113545,S10,5000,200,6,M2_LONG_LINK,45,A,L1,F4,H1,V3,map_S10_M2_LONG_LINK_seed045,3bce78a76991576b411506ee11fb37c3796d85bcaabb6fb8e97e2973ebd5a114,98.869,346.221,199.985,401.301,25,958,3.3448,0.293,60.0,34.105,94.105,154.105,160.0,100.0,3.904,3.0,1.0,0.01,0.214,0.077,5623.98646,0.875203,0.0,1989,1409116,1409116,1.0,1796,1796,1.0,119754,0,1,S10|M2_LONG_LINK|45|A|L1|F4,true,false,false,/home/cyfer/FYP/WSN_simulation_V3/runs/S10_5000/outputs_production_50seed_part41_45/run_campaign_v3_S10_M2_LONG_LINK_A_L1_F4_H1_seed045_45_20260603_113545
campaign_v3_S10_M2_LONG_LINK_A_L1_F4_H3_seed041,campaign_v3_S10_M2_LONG_LINK_A_L1_F4_H3_seed041_41_20260603_112749,S10,5000,200,6,M2_LONG_LINK,41,A,L1,F4,H3,V3,map_S10_M2_LONG_LINK_seed041,9a7a6306da33858403718f6d6a6efc6dd36a559ea0d91a6dc5a81010910f1ef7,98.439,345.835,197.303,401.064,25,807,3.0751,0.295,60.0,40.972,100.972,160.972,170.0,110.0,4.404,3.0,1.0,0.016,0.31,0.142,5581.176891,0.883765,0.0,1955,1408294,1408294,1.0,1778,1778,1.0,119679,0,1,S10|M2_LONG_LINK|41|A|L1|F4,true,false,false,/home/cyfer/FYP/WSN_simulation_V3/runs/S10_5000/outputs_production_50seed_part41_45/run_campaign_v3_S10_M2_LONG_LINK_A_L1_F4_H3_seed041_41_20260603_112749
campaign_v3_S10_M2_LONG_LINK_A_L1_F4_H3_seed042,campaign_v3_S10_M2_LONG_LINK_A_L1_F4_H3_seed042_42_20260603_112949,S10,5000,200,6,M2_LONG_LINK,42,A,L1,F4,H3,V3,map_S10_M2_LONG_LINK_seed042,654886926220e740373ea1aee8f686f1b284eb341d9afa43635772a41a92b6e4,99.981,360.819,198.136,398.213,25,891,3.5522,0.3054,60.0,40.864,100.864,160.864,170.0,110.0,3.977,3.0,1.0,0.011,0.228,0.086,5631.703831,0.873659,0.0,2082,1408961,1408961,1.0,1796,1796,1.0,119754,0,1,S10|M2_LONG_LINK|42|A|L1|F4,true,false,false,/home/cyfer/FYP/WSN_simulation_V3/runs/S10_5000/outputs_production_50seed_part41_45/run_campaign_v3_S10_M2_LONG_LINK_A_L1_F4_H3_seed042_42_20260603_112949
campaign_v3_S10_M2_LONG_LINK_A_L1_F4_H3_seed043,campaign_v3_S10_M2_LONG_LINK_A_L1_F4_H3_seed043_43_20260603_113150,S10,5000,200,6,M2_LONG_LINK,43,A,L1,F4,H3,V3,map_S10_M2_LONG_LINK_seed043,c6c5b21dd2f84d0016ef5e0edc0c3a5a605eeddec74ac0fbbf68ed035869f43a,97.224,337.803,203.017,406.555,25,788,3.1467,0.295,60.0,40.644,100.644,160.644,170.0,110.0,4.048,3.0,1.0,0.009,0.169,0.171,5567.371126,0.886526,0.0,1936,1409647,1409647,1.0,1796,1796,1.0,119829,0,1,S10|M2_LONG_LINK|43|A|L1|F4,true,false,false,/home/cyfer/FYP/WSN_simulation_V3/runs/S10_5000/outputs_production_50seed_part41_45/run_campaign_v3_S10_M2_LONG_LINK_A_L1_F4_H3_seed043_43_20260603_113150
campaign_v3_S10_M2_LONG_LINK_A_L1_F4_H3_seed044,campaign_v3_S10_M2_LONG_LINK_A_L1_F4_H3_seed044_44_20260603_113347,S10,5000,200,6,M2_LONG_LINK,44,A,L1,F4,H3,V3,map_S10_M2_LONG_LINK_seed044,4ba8ac696f5e478c6fe1c1d1179db3ea38a2323e9a8ef4dbc2dd10adb64f778b,97.875,343.411,196.029,397.845,25,742,3.1222,0.2948,60.0,41.498,101.498,161.498,170.0,110.0,5.103,3.0,1.0,0.028,0.495,0.178,5607.812856,0.878437,0.0,1974,1406479,1406479,1.0,1796,1796,1.0,119479,0,1,S10|M2_LONG_LINK|44|A|L1|F4,true,false,false,/home/cyfer/FYP/WSN_simulation_V3/runs/S10_5000/outputs_production_50seed_part41_45/run_campaign_v3_S10_M2_LONG_LINK_A_L1_F4_H3_seed044_44_20260603_113347
campaign_v3_S10_M2_LONG_LINK_A_L1_F4_H3_seed045,campaign_v3_S10_M2_LONG_LINK_A_L1_F4_H3_seed045_45_20260603_113546,S10,5000,200,6,M2_LONG_LINK,45,A,L1,F4,H3,V3,map_S10_M2_LONG_LINK_seed045,3bce78a76991576b411506ee11fb37c3796d85bcaabb6fb8e97e2973ebd5a114,98.869,346.221,199.985,401.301,25,958,3.3448,0.293,60.0,40.713,100.713,160.713,170.0,110.0,3.904,3.0,1.0,0.01,0.214,0.077,5623.686527,0.875263,0.0,1989,1408961,1408961,1.0,1796,1796,1.0,119754,0,1,S10|M2_LONG_LINK|45|A|L1|F4,true,false,false,/home/cyfer/FYP/WSN_simulation_V3/runs/S10_5000/outputs_production_50seed_part41_45/run_campaign_v3_S10_M2_LONG_LINK_A_L1_F4_H3_seed045_45_20260603_113546
campaign_v3_S10_M2_LONG_LINK_A_L1_F4_H4_seed041,campaign_v3_S10_M2_LONG_LINK_A_L1_F4_H4_seed041_41_20260603_112750,S10,5000,200,6,M2_LONG_LINK,41,A,L1,F4,H4,V3,map_S10_M2_LONG_LINK_seed041,9a7a6306da33858403718f6d6a6efc6dd36a559ea0d91a6dc5a81010910f1ef7,98.439,345.835,197.303,401.064,25,807,3.0751,0.295,60.0,44.875,104.875,164.875,170.0,110.0,4.404,3.0,1.0,0.016,0.31,0.142,5575.324709,0.884935,0.0,1955,1404732,1404732,1.0,1778,1778,1.0,118983,0,1,S10|M2_LONG_LINK|41|A|L1|F4,true,false,false,/home/cyfer/FYP/WSN_simulation_V3/runs/S10_5000/outputs_production_50seed_part41_45/run_campaign_v3_S10_M2_LONG_LINK_A_L1_F4_H4_seed041_41_20260603_112750
campaign_v3_S10_M2_LONG_LINK_A_L1_F4_H4_seed042,campaign_v3_S10_M2_LONG_LINK_A_L1_F4_H4_seed042_42_20260603_112950,S10,5000,200,6,M2_LONG_LINK,42,A,L1,F4,H4,V3,map_S10_M2_LONG_LINK_seed042,654886926220e740373ea1aee8f686f1b284eb341d9afa43635772a41a92b6e4,99.981,360.819,198.136,398.213,25,891,3.5522,0.3054,60.0,44.311,104.311,164.311,170.0,110.0,3.977,3.0,1.0,0.011,0.228,0.086,5628.45789,0.874308,0.0,2082,1406692,1406692,1.0,1796,1796,1.0,119308,0,1,S10|M2_LONG_LINK|42|A|L1|F4,true,false,false,/home/cyfer/FYP/WSN_simulation_V3/runs/S10_5000/outputs_production_50seed_part41_45/run_campaign_v3_S10_M2_LONG_LINK_A_L1_F4_H4_seed042_42_20260603_112950
campaign_v3_S10_M2_LONG_LINK_A_L1_F4_H4_seed043,campaign_v3_S10_M2_LONG_LINK_A_L1_F4_H4_seed043_43_20260603_113151,S10,5000,200,6,M2_LONG_LINK,43,A,L1,F4,H4,V3,map_S10_M2_LONG_LINK_seed043,c6c5b21dd2f84d0016ef5e0edc0c3a5a605eeddec74ac0fbbf68ed035869f43a,97.224,337.803,203.017,406.555,25,788,3.1467,0.295,60.0,44.722,104.722,164.722,170.0,110.0,4.048,3.0,1.0,0.009,0.169,0.171,5565.258694,0.886948,0.0,1935,1408522,1408522,1.0,1796,1796,1.0,119608,0,1,S10|M2_LONG_LINK|43|A|L1|F4,true,false,false,/home/cyfer/FYP/WSN_simulation_V3/runs/S10_5000/outputs_production_50seed_part41_45/run_campaign_v3_S10_M2_LONG_LINK_A_L1_F4_H4_seed043_43_20260603_113151
campaign_v3_S10_M2_LONG_LINK_A_L1_F4_H4_seed044,campaign_v3_S10_M2_LONG_LINK_A_L1_F4_H4_seed044_44_20260603_113348,S10,5000,200,6,M2_LONG_LINK,44,A,L1,F4,H4,V3,map_S10_M2_LONG_LINK_seed044,4ba8ac696f5e478c6fe1c1d1179db3ea38a2323e9a8ef4dbc2dd10adb64f778b,97.875,343.411,196.029,397.845,25,742,3.1222,0.2948,60.0,45.641,105.641,165.641,170.0,110.0,5.103,3.0,1.0,0.028,0.495,0.178,5604.201445,0.87916,0.0,1974,1404011,1404011,1.0,1796,1796,1.0,118983,0,1,S10|M2_LONG_LINK|44|A|L1|F4,true,false,false,/home/cyfer/FYP/WSN_simulation_V3/runs/S10_5000/outputs_production_50seed_part41_45/run_campaign_v3_S10_M2_LONG_LINK_A_L1_F4_H4_seed044_44_20260603_113348
campaign_v3_S10_M2_LONG_LINK_A_L1_F4_H4_seed045,campaign_v3_S10_M2_LONG_LINK_A_L1_F4_H4_seed045_45_20260603_113547,S10,5000,200,6,M2_LONG_LINK,45,A,L1,F4,H4,V3,map_S10_M2_LONG_LINK_seed045,3bce78a76991576b411506ee11fb37c3796d85bcaabb6fb8e97e2973ebd5a114,98.869,346.221,199.985,401.301,25,958,3.3448,0.293,60.0,44.157,104.157,164.157,170.0,110.0,3.904,3.0,1.0,0.01,0.214,0.077,5622.916474,0.875417,0.0,1989,1408642,1408642,1.0,1796,1796,1.0,119683,0,1,S10|M2_LONG_LINK|45|A|L1|F4,true,false,false,/home/cyfer/FYP/WSN_simulation_V3/runs/S10_5000/outputs_production_50seed_part41_45/run_campaign_v3_S10_M2_LONG_LINK_A_L1_F4_H4_seed045_45_20260603_113547
campaign_v3_S10_M2_LONG_LINK_A_L2_F0_H0_seed041,campaign_v3_S10_M2_LONG_LINK_A_L2_F0_H0_seed041_41_20260603_112751,S10,5000,200,6,M2_LONG_LINK,41,A,L2,F0,H0,V1,map_S10_M2_LONG_LINK_seed041,9a7a6306da33858403718f6d6a6efc6dd36a559ea0d91a6dc5a81010910f1ef7,98.439,345.835,197.303,401.064,25,807,3.0751,0.295,0.0,-1.0,-1.0,-1.0,-1.0,-1.0,0.0,0.0,0.0,0.0,0.0,0.0,6599.077594,0.680184,0.0,2346,1411200,1411200,1.0,1782,1782,1.0,120000,0,0,S10|M2_LONG_LINK|41|A|L2|F0,false,true,false,/home/cyfer/FYP/WSN_simulation_V3/runs/S10_5000/outputs_production_50seed_part41_45/run_campaign_v3_S10_M2_LONG_LINK_A_L2_F0_H0_seed041_41_20260603_112751
campaign_v3_S10_M2_LONG_LINK_A_L2_F0_H0_seed042,campaign_v3_S10_M2_LONG_LINK_A_L2_F0_H0_seed042_42_20260603_112951,S10,5000,200,6,M2_LONG_LINK,42,A,L2,F0,H0,V1,map_S10_M2_LONG_LINK_seed042,654886926220e740373ea1aee8f686f1b284eb341d9afa43635772a41a92b6e4,99.981,360.819,198.136,398.213,25,891,3.5522,0.3054,0.0,-1.0,-1.0,-1.0,-1.0,-1.0,0.0,0.0,0.0,0.0,0.0,0.0,6570.492853,0.685901,0.0,2346,1411200,1411200,1.0,1800,1800,1.0,120000,0,0,S10|M2_LONG_LINK|42|A|L2|F0,false,true,false,/home/cyfer/FYP/WSN_simulation_V3/runs/S10_5000/outputs_production_50seed_part41_45/run_campaign_v3_S10_M2_LONG_LINK_A_L2_F0_H0_seed042_42_20260603_112951
campaign_v3_S10_M2_LONG_LINK_A_L2_F0_H0_seed043,campaign_v3_S10_M2_LONG_LINK_A_L2_F0_H0_seed043_43_20260603_113152,S10,5000,200,6,M2_LONG_LINK,43,A,L2,F0,H0,V1,map_S10_M2_LONG_LINK_seed043,c6c5b21dd2f84d0016ef5e0edc0c3a5a605eeddec74ac0fbbf68ed035869f43a,97.224,337.803,203.017,406.555,25,788,3.1467,0.295,0.0,-1.0,-1.0,-1.0,-1.0,-1.0,0.0,0.0,0.0,0.0,0.0,0.0,6596.051433,0.68079,0.0,2349,1411200,1411200,1.0,1800,1800,1.0,120000,0,0,S10|M2_LONG_LINK|43|A|L2|F0,false,true,false,/home/cyfer/FYP/WSN_simulation_V3/runs/S10_5000/outputs_production_50seed_part41_45/run_campaign_v3_S10_M2_LONG_LINK_A_L2_F0_H0_seed043_43_20260603_113152
campaign_v3_S10_M2_LONG_LINK_A_L2_F0_H0_seed044,campaign_v3_S10_M2_LONG_LINK_A_L2_F0_H0_seed044_44_20260603_113349,S10,5000,200,6,M2_LONG_LINK,44,A,L2,F0,H0,V1,map_S10_M2_LONG_LINK_seed044,4ba8ac696f5e478c6fe1c1d1179db3ea38a2323e9a8ef4dbc2dd10adb64f778b,97.875,343.411,196.029,397.845,25,742,3.1222,0.2948,0.0,-1.0,-1.0,-1.0,-1.0,-1.0,0.0,0.0,0.0,0.0,0.0,0.0,6626.0608,0.674788,0.0,2366,1411200,1411200,1.0,1800,1800,1.0,120000,0,0,S10|M2_LONG_LINK|44|A|L2|F0,false,true,false,/home/cyfer/FYP/WSN_simulation_V3/runs/S10_5000/outputs_production_50seed_part41_45/run_campaign_v3_S10_M2_LONG_LINK_A_L2_F0_H0_seed044_44_20260603_113349
campaign_v3_S10_M2_LONG_LINK_A_L2_F0_H0_seed045,campaign_v3_S10_M2_LONG_LINK_A_L2_F0_H0_seed045_45_20260603_113548,S10,5000,200,6,M2_LONG_LINK,45,A,L2,F0,H0,V1,map_S10_M2_LONG_LINK_seed045,3bce78a76991576b411506ee11fb37c3796d85bcaabb6fb8e97e2973ebd5a114,98.869,346.221,199.985,401.301,25,958,3.3448,0.293,0.0,-1.0,-1.0,-1.0,-1.0,-1.0,0.0,0.0,0.0,0.0,0.0,0.0,6629.965289,0.674007,0.0,2373,1411200,1411200,1.0,1800,1800,1.0,120000,0,0,S10|M2_LONG_LINK|45|A|L2|F0,false,true,false,/home/cyfer/FYP/WSN_simulation_V3/runs/S10_5000/outputs_production_50seed_part41_45/run_campaign_v3_S10_M2_LONG_LINK_A_L2_F0_H0_seed045_45_20260603_113548
campaign_v3_S10_M2_LONG_LINK_A_L2_F1_H0_seed041,campaign_v3_S10_M2_LONG_LINK_A_L2_F1_H0_seed041_41_20260603_112752,S10,5000,200,6,M2_LONG_LINK,41,A,L2,F1,H0,V2,map_S10_M2_LONG_LINK_seed041,9a7a6306da33858403718f6d6a6efc6dd36a559ea0d91a6dc5a81010910f1ef7,98.439,345.835,197.303,401.064,25,807,3.0751,0.295,60.0,-1.0,-1.0,-1.0,-1.0,-1.0,0.0,0.0,0.0,0.0,0.0,0.0,6590.072133,0.68171,0.0,2346,1408145,1408145,1.0,1774,1774,1.0,120065,1,0,S10|M2_LONG_LINK|41|A|L2|F1,false,false,true,/home/cyfer/FYP/WSN_simulation_V3/runs/S10_5000/outputs_production_50seed_part41_45/run_campaign_v3_S10_M2_LONG_LINK_A_L2_F1_H0_seed041_41_20260603_112752
campaign_v3_S10_M2_LONG_LINK_A_L2_F1_H0_seed042,campaign_v3_S10_M2_LONG_LINK_A_L2_F1_H0_seed042_42_20260603_112952,S10,5000,200,6,M2_LONG_LINK,42,A,L2,F1,H0,V2,map_S10_M2_LONG_LINK_seed042,654886926220e740373ea1aee8f686f1b284eb341d9afa43635772a41a92b6e4,99.981,360.819,198.136,398.213,25,891,3.5522,0.3054,60.0,-1.0,-1.0,-1.0,-1.0,-1.0,0.0,0.0,0.0,0.0,0.0,0.0,6563.706311,0.68695,0.0,2346,1408850,1408850,1.0,1792,1792,1.0,120050,1,0,S10|M2_LONG_LINK|42|A|L2|F1,false,false,true,/home/cyfer/FYP/WSN_simulation_V3/runs/S10_5000/outputs_production_50seed_part41_45/run_campaign_v3_S10_M2_LONG_LINK_A_L2_F1_H0_seed042_42_20260603_112952
campaign_v3_S10_M2_LONG_LINK_A_L2_F1_H0_seed043,campaign_v3_S10_M2_LONG_LINK_A_L2_F1_H0_seed043_43_20260603_113153,S10,5000,200,6,M2_LONG_LINK,43,A,L2,F1,H0,V2,map_S10_M2_LONG_LINK_seed043,c6c5b21dd2f84d0016ef5e0edc0c3a5a605eeddec74ac0fbbf68ed035869f43a,97.224,337.803,203.017,406.555,25,788,3.1467,0.295,60.0,-1.0,-1.0,-1.0,-1.0,-1.0,0.0,0.0,0.0,0.0,0.0,0.0,6590.439055,0.68158,0.0,2349,1409555,1409555,1.0,1792,1792,1.0,120035,1,0,S10|M2_LONG_LINK|43|A|L2|F1,false,false,true,/home/cyfer/FYP/WSN_simulation_V3/runs/S10_5000/outputs_production_50seed_part41_45/run_campaign_v3_S10_M2_LONG_LINK_A_L2_F1_H0_seed043_43_20260603_113153
campaign_v3_S10_M2_LONG_LINK_A_L2_F1_H0_seed044,campaign_v3_S10_M2_LONG_LINK_A_L2_F1_H0_seed044_44_20260603_113350,S10,5000,200,6,M2_LONG_LINK,44,A,L2,F1,H0,V2,map_S10_M2_LONG_LINK_seed044,4ba8ac696f5e478c6fe1c1d1179db3ea38a2323e9a8ef4dbc2dd10adb64f778b,97.875,343.411,196.029,397.845,25,742,3.1222,0.2948,60.0,-1.0,-1.0,-1.0,-1.0,-1.0,0.0,0.0,0.0,0.0,0.0,0.0,6612.9807,0.677202,0.0,2366,1406265,1406265,1.0,1792,1792,1.0,120105,1,0,S10|M2_LONG_LINK|44|A|L2|F1,false,false,true,/home/cyfer/FYP/WSN_simulation_V3/runs/S10_5000/outputs_production_50seed_part41_45/run_campaign_v3_S10_M2_LONG_LINK_A_L2_F1_H0_seed044_44_20260603_113350
campaign_v3_S10_M2_LONG_LINK_A_L2_F1_H0_seed045,campaign_v3_S10_M2_LONG_LINK_A_L2_F1_H0_seed045_45_20260603_113550,S10,5000,200,6,M2_LONG_LINK,45,A,L2,F1,H0,V2,map_S10_M2_LONG_LINK_seed045,3bce78a76991576b411506ee11fb37c3796d85bcaabb6fb8e97e2973ebd5a114,98.869,346.221,199.985,401.301,25,958,3.3448,0.293,60.0,-1.0,-1.0,-1.0,-1.0,-1.0,0.0,0.0,0.0,0.0,0.0,0.0,6623.857644,0.674914,0.0,2373,1408850,1408850,1.0,1792,1792,1.0,120050,1,0,S10|M2_LONG_LINK|45|A|L2|F1,false,false,true,/home/cyfer/FYP/WSN_simulation_V3/runs/S10_5000/outputs_production_50seed_part41_45/run_campaign_v3_S10_M2_LONG_LINK_A_L2_F1_H0_seed045_45_20260603_113550
campaign_v3_S10_M2_LONG_LINK_A_L2_F1_H1_seed041,campaign_v3_S10_M2_LONG_LINK_A_L2_F1_H1_seed041_41_20260603_112800,S10,5000,200,6,M2_LONG_LINK,41,A,L2,F1,H1,V3,map_S10_M2_LONG_LINK_seed041,9a7a6306da33858403718f6d6a6efc6dd36a559ea0d91a6dc5a81010910f1ef7,98.439,345.835,197.303,401.064,25,807,3.0751,0.295,60.0,18.738,78.738,138.738,140.0,80.0,6.474,3.0,1.0,0.016,1.0,0.142,6596.52575,0.680419,0.0,2347,1410173,1410173,1.0,1779,1779,1.0,120000,0,1,S10|M2_LONG_LINK|41|A|L2|F1,true,false,false,/home/cyfer/FYP/WSN_simulation_V3/runs/S10_5000/outputs_production_50seed_part41_45/run_campaign_v3_S10_M2_LONG_LINK_A_L2_F1_H1_seed041_41_20260603_112800
campaign_v3_S10_M2_LONG_LINK_A_L2_F1_H1_seed042,campaign_v3_S10_M2_LONG_LINK_A_L2_F1_H1_seed042_42_20260603_113000,S10,5000,200,6,M2_LONG_LINK,42,A,L2,F1,H1,V3,map_S10_M2_LONG_LINK_seed042,654886926220e740373ea1aee8f686f1b284eb341d9afa43635772a41a92b6e4,99.981,360.819,198.136,398.213,25,891,3.5522,0.3054,60.0,18.754,78.754,138.754,140.0,80.0,6.292,3.0,1.0,0.011,1.0,0.086,6568.399649,0.686011,0.0,2347,1410410,1410410,1.0,1797,1797,1.0,120000,0,1,S10|M2_LONG_LINK|42|A|L2|F1,true,false,false,/home/cyfer/FYP/WSN_simulation_V3/runs/S10_5000/outputs_production_50seed_part41_45/run_campaign_v3_S10_M2_LONG_LINK_A_L2_F1_H1_seed042_42_20260603_113000
campaign_v3_S10_M2_LONG_LINK_A_L2_F1_H1_seed043,campaign_v3_S10_M2_LONG_LINK_A_L2_F1_H1_seed043_43_20260603_113201,S10,5000,200,6,M2_LONG_LINK,43,A,L2,F1,H1,V3,map_S10_M2_LONG_LINK_seed043,c6c5b21dd2f84d0016ef5e0edc0c3a5a605eeddec74ac0fbbf68ed035869f43a,97.224,337.803,203.017,406.555,25,788,3.1467,0.295,60.0,18.63,78.63,138.63,140.0,80.0,6.541,3.0,1.0,0.009,1.0,0.171,6594.199132,0.680828,0.0,2349,1410647,1410647,1.0,1797,1797,1.0,120000,0,1,S10|M2_LONG_LINK|43|A|L2|F1,true,false,false,/home/cyfer/FYP/WSN_simulation_V3/runs/S10_5000/outputs_production_50seed_part41_45/run_campaign_v3_S10_M2_LONG_LINK_A_L2_F1_H1_seed043_43_20260603_113201
campaign_v3_S10_M2_LONG_LINK_A_L2_F1_H1_seed044,campaign_v3_S10_M2_LONG_LINK_A_L2_F1_H1_seed044_44_20260603_113359,S10,5000,200,6,M2_LONG_LINK,44,A,L2,F1,H1,V3,map_S10_M2_LONG_LINK_seed044,4ba8ac696f5e478c6fe1c1d1179db3ea38a2323e9a8ef4dbc2dd10adb64f778b,97.875,343.411,196.029,397.845,25,742,3.1222,0.2948,60.0,18.904,78.904,138.904,140.0,80.0,6.619,3.0,1.0,0.028,1.0,0.178,6622.678686,0.675262,0.0,2367,1409541,1409541,1.0,1797,1797,1.0,120000,0,1,S10|M2_LONG_LINK|44|A|L2|F1,true,false,false,/home/cyfer/FYP/WSN_simulation_V3/runs/S10_5000/outputs_production_50seed_part41_45/run_campaign_v3_S10_M2_LONG_LINK_A_L2_F1_H1_seed044_44_20260603_113359
campaign_v3_S10_M2_LONG_LINK_A_L2_F1_H1_seed045,campaign_v3_S10_M2_LONG_LINK_A_L2_F1_H1_seed045_45_20260603_113558,S10,5000,200,6,M2_LONG_LINK,45,A,L2,F1,H1,V3,map_S10_M2_LONG_LINK_seed045,3bce78a76991576b411506ee11fb37c3796d85bcaabb6fb8e97e2973ebd5a114,98.869,346.221,199.985,401.301,25,958,3.3448,0.293,60.0,18.595,78.595,138.595,140.0,80.0,6.261,3.0,1.0,0.01,1.0,0.077,6628.080352,0.67407,0.0,2373,1410410,1410410,1.0,1797,1797,1.0,120000,0,1,S10|M2_LONG_LINK|45|A|L2|F1,true,false,false,/home/cyfer/FYP/WSN_simulation_V3/runs/S10_5000/outputs_production_50seed_part41_45/run_campaign_v3_S10_M2_LONG_LINK_A_L2_F1_H1_seed045_45_20260603_113558
campaign_v3_S10_M2_LONG_LINK_A_L2_F1_H3_seed041,campaign_v3_S10_M2_LONG_LINK_A_L2_F1_H3_seed041_41_20260603_112803,S10,5000,200,6,M2_LONG_LINK,41,A,L2,F1,H3,V3,map_S10_M2_LONG_LINK_seed041,9a7a6306da33858403718f6d6a6efc6dd36a559ea0d91a6dc5a81010910f1ef7,98.439,345.835,197.303,401.064,25,807,3.0751,0.295,60.0,25.176,85.176,145.176,150.0,90.0,6.474,3.0,1.0,0.016,1.0,0.142,6593.355018,0.681053,0.0,2346,1409188,1409188,1.0,1779,1779,1.0,119850,0,1,S10|M2_LONG_LINK|41|A|L2|F1,true,false,false,/home/cyfer/FYP/WSN_simulation_V3/runs/S10_5000/outputs_production_50seed_part41_45/run_campaign_v3_S10_M2_LONG_LINK_A_L2_F1_H3_seed041_41_20260603_112803
campaign_v3_S10_M2_LONG_LINK_A_L2_F1_H3_seed042,campaign_v3_S10_M2_LONG_LINK_A_L2_F1_H3_seed042_42_20260603_113004,S10,5000,200,6,M2_LONG_LINK,42,A,L2,F1,H3,V3,map_S10_M2_LONG_LINK_seed042,654886926220e740373ea1aee8f686f1b284eb341d9afa43635772a41a92b6e4,99.981,360.819,198.136,398.213,25,891,3.5522,0.3054,60.0,24.396,84.396,144.396,150.0,90.0,6.292,3.0,1.0,0.011,1.0,0.086,6565.814708,0.686528,0.0,2346,1409600,1409600,1.0,1797,1797,1.0,119875,0,1,S10|M2_LONG_LINK|42|A|L2|F1,true,false,false,/home/cyfer/FYP/WSN_simulation_V3/runs/S10_5000/outputs_production_50seed_part41_45/run_campaign_v3_S10_M2_LONG_LINK_A_L2_F1_H3_seed042_42_20260603_113004
campaign_v3_S10_M2_LONG_LINK_A_L2_F1_H3_seed043,campaign_v3_S10_M2_LONG_LINK_A_L2_F1_H3_seed043_43_20260603_113204,S10,5000,200,6,M2_LONG_LINK,43,A,L2,F1,H3,V3,map_S10_M2_LONG_LINK_seed043,c6c5b21dd2f84d0016ef5e0edc0c3a5a605eeddec74ac0fbbf68ed035869f43a,97.224,337.803,203.017,406.555,25,788,3.1467,0.295,60.0,25.477,85.477,145.477,150.0,90.0,6.541,3.0,1.0,0.009,1.0,0.171,6592.211415,0.681225,0.0,2349,1410151,1410151,1.0,1797,1797,1.0,119925,0,1,S10|M2_LONG_LINK|43|A|L2|F1,true,false,false,/home/cyfer/FYP/WSN_simulation_V3/runs/S10_5000/outputs_production_50seed_part41_45/run_campaign_v3_S10_M2_LONG_LINK_A_L2_F1_H3_seed043_43_20260603_113204
campaign_v3_S10_M2_LONG_LINK_A_L2_F1_H3_seed044,campaign_v3_S10_M2_LONG_LINK_A_L2_F1_H3_seed044_44_20260603_113402,S10,5000,200,6,M2_LONG_LINK,44,A,L2,F1,H3,V3,map_S10_M2_LONG_LINK_seed044,4ba8ac696f5e478c6fe1c1d1179db3ea38a2323e9a8ef4dbc2dd10adb64f778b,97.875,343.411,196.029,397.845,25,742,3.1222,0.2948,60.0,25.173,85.173,145.173,150.0,90.0,6.619,3.0,1.0,0.028,1.0,0.178,6618.858215,0.676026,0.0,2367,1407904,1407904,1.0,1797,1797,1.0,119750,0,1,S10|M2_LONG_LINK|44|A|L2|F1,true,false,false,/home/cyfer/FYP/WSN_simulation_V3/runs/S10_5000/outputs_production_50seed_part41_45/run_campaign_v3_S10_M2_LONG_LINK_A_L2_F1_H3_seed044_44_20260603_113402
campaign_v3_S10_M2_LONG_LINK_A_L2_F1_H3_seed045,campaign_v3_S10_M2_LONG_LINK_A_L2_F1_H3_seed045_45_20260603_113601,S10,5000,200,6,M2_LONG_LINK,45,A,L2,F1,H3,V3,map_S10_M2_LONG_LINK_seed045,3bce78a76991576b411506ee11fb37c3796d85bcaabb6fb8e97e2973ebd5a114,98.869,346.221,199.985,401.301,25,958,3.3448,0.293,60.0,24.616,84.616,144.616,150.0,90.0,6.261,3.0,1.0,0.01,1.0,0.077,6626.012549,0.674483,0.0,2373,1409600,1409600,1.0,1797,1797,1.0,119875,0,1,S10|M2_LONG_LINK|45|A|L2|F1,true,false,false,/home/cyfer/FYP/WSN_simulation_V3/runs/S10_5000/outputs_production_50seed_part41_45/run_campaign_v3_S10_M2_LONG_LINK_A_L2_F1_H3_seed045_45_20260603_113601
campaign_v3_S10_M2_LONG_LINK_A_L2_F1_H4_seed041,campaign_v3_S10_M2_LONG_LINK_A_L2_F1_H4_seed041_41_20260603_112807,S10,5000,200,6,M2_LONG_LINK,41,A,L2,F1,H4,V3,map_S10_M2_LONG_LINK_seed041,9a7a6306da33858403718f6d6a6efc6dd36a559ea0d91a6dc5a81010910f1ef7,98.439,345.835,197.303,401.064,25,807,3.0751,0.295,60.0,29.065,89.065,149.065,150.0,90.0,6.474,3.0,1.0,0.016,1.0,0.142,6585.465717,0.682631,0.0,2347,1405990,1405990,1.0,1779,1779,1.0,119304,0,1,S10|M2_LONG_LINK|41|A|L2|F1,true,false,false,/home/cyfer/FYP/WSN_simulation_V3/runs/S10_5000/outputs_production_50seed_part41_45/run_campaign_v3_S10_M2_LONG_LINK_A_L2_F1_H4_seed041_41_20260603_112807
campaign_v3_S10_M2_LONG_LINK_A_L2_F1_H4_seed042,campaign_v3_S10_M2_LONG_LINK_A_L2_F1_H4_seed042_42_20260603_113007,S10,5000,200,6,M2_LONG_LINK,42,A,L2,F1,H4,V3,map_S10_M2_LONG_LINK_seed042,654886926220e740373ea1aee8f686f1b284eb341d9afa43635772a41a92b6e4,99.981,360.819,198.136,398.213,25,891,3.5522,0.3054,60.0,29.224,89.224,149.224,150.0,90.0,6.292,3.0,1.0,0.011,1.0,0.086,6562.033826,0.687284,0.0,2346,1407710,1407710,1.0,1797,1797,1.0,119554,0,1,S10|M2_LONG_LINK|42|A|L2|F1,true,false,false,/home/cyfer/FYP/WSN_simulation_V3/runs/S10_5000/outputs_production_50seed_part41_45/run_campaign_v3_S10_M2_LONG_LINK_A_L2_F1_H4_seed042_42_20260603_113007
campaign_v3_S10_M2_LONG_LINK_A_L2_F1_H4_seed043,campaign_v3_S10_M2_LONG_LINK_A_L2_F1_H4_seed043_43_20260603_113208,S10,5000,200,6,M2_LONG_LINK,43,A,L2,F1,H4,V3,map_S10_M2_LONG_LINK_seed043,c6c5b21dd2f84d0016ef5e0edc0c3a5a605eeddec74ac0fbbf68ed035869f43a,97.224,337.803,203.017,406.555,25,788,3.1467,0.295,60.0,28.662,88.662,148.662,150.0,90.0,6.541,3.0,1.0,0.009,1.0,0.171,6590.419173,0.681584,0.0,2348,1409283,1409283,1.0,1797,1797,1.0,119779,0,1,S10|M2_LONG_LINK|43|A|L2|F1,true,false,false,/home/cyfer/FYP/WSN_simulation_V3/runs/S10_5000/outputs_production_50seed_part41_45/run_campaign_v3_S10_M2_LONG_LINK_A_L2_F1_H4_seed043_43_20260603_113208
campaign_v3_S10_M2_LONG_LINK_A_L2_F1_H4_seed044,campaign_v3_S10_M2_LONG_LINK_A_L2_F1_H4_seed044_44_20260603_113406,S10,5000,200,6,M2_LONG_LINK,44,A,L2,F1,H4,V3,map_S10_M2_LONG_LINK_seed044,4ba8ac696f5e478c6fe1c1d1179db3ea38a2323e9a8ef4dbc2dd10adb64f778b,97.875,343.411,196.029,397.845,25,742,3.1222,0.2948,60.0,29.276,89.276,149.276,150.0,90.0,6.619,3.0,1.0,0.028,1.0,0.178,6615.287199,0.67674,0.0,2367,1406430,1406430,1.0,1797,1797,1.0,119504,0,1,S10|M2_LONG_LINK|44|A|L2|F1,true,false,false,/home/cyfer/FYP/WSN_simulation_V3/runs/S10_5000/outputs_production_50seed_part41_45/run_campaign_v3_S10_M2_LONG_LINK_A_L2_F1_H4_seed044_44_20260603_113406
campaign_v3_S10_M2_LONG_LINK_A_L2_F1_H4_seed045,campaign_v3_S10_M2_LONG_LINK_A_L2_F1_H4_seed045_45_20260603_113605,S10,5000,200,6,M2_LONG_LINK,45,A,L2,F1,H4,V3,map_S10_M2_LONG_LINK_seed045,3bce78a76991576b411506ee11fb37c3796d85bcaabb6fb8e97e2973ebd5a114,98.869,346.221,199.985,401.301,25,958,3.3448,0.293,60.0,28.76,88.76,148.76,150.0,90.0,6.261,3.0,1.0,0.01,1.0,0.077,6626.462865,0.674393,0.0,2373,1409892,1409892,1.0,1797,1797,1.0,119929,0,1,S10|M2_LONG_LINK|45|A|L2|F1,true,false,false,/home/cyfer/FYP/WSN_simulation_V3/runs/S10_5000/outputs_production_50seed_part41_45/run_campaign_v3_S10_M2_LONG_LINK_A_L2_F1_H4_seed045_45_20260603_113605
campaign_v3_S10_M2_LONG_LINK_A_L2_F2_H0_seed041,campaign_v3_S10_M2_LONG_LINK_A_L2_F2_H0_seed041_41_20260603_112756,S10,5000,200,6,M2_LONG_LINK,41,A,L2,F2,H0,V2,map_S10_M2_LONG_LINK_seed041,9a7a6306da33858403718f6d6a6efc6dd36a559ea0d91a6dc5a81010910f1ef7,98.439,345.835,197.303,401.064,25,807,3.0751,0.295,60.0,-1.0,-1.0,-1.0,-1.0,-1.0,0.0,0.0,0.0,0.0,0.0,0.0,6580.982381,0.683804,0.0,2345,1404620,1404620,1.0,1774,1774,1.0,120140,1,0,S10|M2_LONG_LINK|41|A|L2|F2,false,false,true,/home/cyfer/FYP/WSN_simulation_V3/runs/S10_5000/outputs_production_50seed_part41_45/run_campaign_v3_S10_M2_LONG_LINK_A_L2_F2_H0_seed041_41_20260603_112756
campaign_v3_S10_M2_LONG_LINK_A_L2_F2_H0_seed042,campaign_v3_S10_M2_LONG_LINK_A_L2_F2_H0_seed042_42_20260603_112956,S10,5000,200,6,M2_LONG_LINK,42,A,L2,F2,H0,V2,map_S10_M2_LONG_LINK_seed042,654886926220e740373ea1aee8f686f1b284eb341d9afa43635772a41a92b6e4,99.981,360.819,198.136,398.213,25,891,3.5522,0.3054,60.0,-1.0,-1.0,-1.0,-1.0,-1.0,0.0,0.0,0.0,0.0,0.0,0.0,6559.47036,0.688106,0.0,2345,1406970,1406970,1.0,1792,1792,1.0,120090,1,0,S10|M2_LONG_LINK|42|A|L2|F2,false,false,true,/home/cyfer/FYP/WSN_simulation_V3/runs/S10_5000/outputs_production_50seed_part41_45/run_campaign_v3_S10_M2_LONG_LINK_A_L2_F2_H0_seed042_42_20260603_112956
campaign_v3_S10_M2_LONG_LINK_A_L2_F2_H0_seed043,campaign_v3_S10_M2_LONG_LINK_A_L2_F2_H0_seed043_43_20260603_113157,S10,5000,200,6,M2_LONG_LINK,43,A,L2,F2,H0,V2,map_S10_M2_LONG_LINK_seed043,c6c5b21dd2f84d0016ef5e0edc0c3a5a605eeddec74ac0fbbf68ed035869f43a,97.224,337.803,203.017,406.555,25,788,3.1467,0.295,60.0,-1.0,-1.0,-1.0,-1.0,-1.0,0.0,0.0,0.0,0.0,0.0,0.0,6589.986767,0.682003,0.0,2348,1409085,1409085,1.0,1792,1792,1.0,120045,1,0,S10|M2_LONG_LINK|43|A|L2|F2,false,false,true,/home/cyfer/FYP/WSN_simulation_V3/runs/S10_5000/outputs_production_50seed_part41_45/run_campaign_v3_S10_M2_LONG_LINK_A_L2_F2_H0_seed043_43_20260603_113157
campaign_v3_S10_M2_LONG_LINK_A_L2_F2_H0_seed044,campaign_v3_S10_M2_LONG_LINK_A_L2_F2_H0_seed044_44_20260603_113355,S10,5000,200,6,M2_LONG_LINK,44,A,L2,F2,H0,V2,map_S10_M2_LONG_LINK_seed044,4ba8ac696f5e478c6fe1c1d1179db3ea38a2323e9a8ef4dbc2dd10adb64f778b,97.875,343.411,196.029,397.845,25,742,3.1222,0.2948,60.0,-1.0,-1.0,-1.0,-1.0,-1.0,0.0,0.0,0.0,0.0,0.0,0.0,6613.824123,0.677235,0.0,2365,1406500,1406500,1.0,1792,1792,1.0,120100,1,0,S10|M2_LONG_LINK|44|A|L2|F2,false,false,true,/home/cyfer/FYP/WSN_simulation_V3/runs/S10_5000/outputs_production_50seed_part41_45/run_campaign_v3_S10_M2_LONG_LINK_A_L2_F2_H0_seed044_44_20260603_113355
campaign_v3_S10_M2_LONG_LINK_A_L2_F2_H0_seed045,campaign_v3_S10_M2_LONG_LINK_A_L2_F2_H0_seed045_45_20260603_113553,S10,5000,200,6,M2_LONG_LINK,45,A,L2,F2,H0,V2,map_S10_M2_LONG_LINK_seed045,3bce78a76991576b411506ee11fb37c3796d85bcaabb6fb8e97e2973ebd5a114,98.869,346.221,199.985,401.301,25,958,3.3448,0.293,60.0,-1.0,-1.0,-1.0,-1.0,-1.0,0.0,0.0,0.0,0.0,0.0,0.0,6627.595476,0.674481,0.0,2373,1410495,1410495,1.0,1792,1792,1.0,120015,1,0,S10|M2_LONG_LINK|45|A|L2|F2,false,false,true,/home/cyfer/FYP/WSN_simulation_V3/runs/S10_5000/outputs_production_50seed_part41_45/run_campaign_v3_S10_M2_LONG_LINK_A_L2_F2_H0_seed045_45_20260603_113553
campaign_v3_S10_M2_LONG_LINK_A_L2_F2_H1_seed041,campaign_v3_S10_M2_LONG_LINK_A_L2_F2_H1_seed041_41_20260603_112811,S10,5000,200,6,M2_LONG_LINK,41,A,L2,F2,H1,V3,map_S10_M2_LONG_LINK_seed041,9a7a6306da33858403718f6d6a6efc6dd36a559ea0d91a6dc5a81010910f1ef7,98.439,345.835,197.303,401.064,25,807,3.0751,0.295,60.0,26.273,86.273,146.273,150.0,90.0,5.692,3.0,1.0,0.035,0.682,0.181,6593.987609,0.681202,0.0,2346,1408764,1408764,1.0,1779,1779,1.0,120000,0,1,S10|M2_LONG_LINK|41|A|L2|F2,true,false,false,/home/cyfer/FYP/WSN_simulation_V3/runs/S10_5000/outputs_production_50seed_part41_45/run_campaign_v3_S10_M2_LONG_LINK_A_L2_F2_H1_seed041_41_20260603_112811
campaign_v3_S10_M2_LONG_LINK_A_L2_F2_H1_seed042,campaign_v3_S10_M2_LONG_LINK_A_L2_F2_H1_seed042_42_20260603_113011,S10,5000,200,6,M2_LONG_LINK,42,A,L2,F2,H1,V3,map_S10_M2_LONG_LINK_seed042,654886926220e740373ea1aee8f686f1b284eb341d9afa43635772a41a92b6e4,99.981,360.819,198.136,398.213,25,891,3.5522,0.3054,60.0,25.246,85.246,145.246,150.0,90.0,4.561,3.0,1.0,0.02,0.415,0.085,6567.506677,0.686499,0.0,2346,1409652,1409652,1.0,1797,1797,1.0,120000,0,1,S10|M2_LONG_LINK|42|A|L2|F2,true,false,false,/home/cyfer/FYP/WSN_simulation_V3/runs/S10_5000/outputs_production_50seed_part41_45/run_campaign_v3_S10_M2_LONG_LINK_A_L2_F2_H1_seed042_42_20260603_113011
campaign_v3_S10_M2_LONG_LINK_A_L2_F2_H1_seed043,campaign_v3_S10_M2_LONG_LINK_A_L2_F2_H1_seed043_43_20260603_113211,S10,5000,200,6,M2_LONG_LINK,43,A,L2,F2,H1,V3,map_S10_M2_LONG_LINK_seed043,c6c5b21dd2f84d0016ef5e0edc0c3a5a605eeddec74ac0fbbf68ed035869f43a,97.224,337.803,203.017,406.555,25,788,3.1467,0.295,60.0,24.674,84.674,144.674,150.0,90.0,3.812,3.0,1.0,0.011,0.201,0.058,6593.893679,0.681221,0.0,2348,1410435,1410435,1.0,1797,1797,1.0,120000,0,1,S10|M2_LONG_LINK|43|A|L2|F2,true,false,false,/home/cyfer/FYP/WSN_simulation_V3/runs/S10_5000/outputs_production_50seed_part41_45/run_campaign_v3_S10_M2_LONG_LINK_A_L2_F2_H1_seed043_43_20260603_113211
campaign_v3_S10_M2_LONG_LINK_A_L2_F2_H1_seed044,campaign_v3_S10_M2_LONG_LINK_A_L2_F2_H1_seed044_44_20260603_113410,S10,5000,200,6,M2_LONG_LINK,44,A,L2,F2,H1,V3,map_S10_M2_LONG_LINK_seed044,4ba8ac696f5e478c6fe1c1d1179db3ea38a2323e9a8ef4dbc2dd10adb64f778b,97.875,343.411,196.029,397.845,25,742,3.1222,0.2948,60.0,25.085,85.085,145.085,150.0,90.0,4.899,3.0,1.0,0.027,0.466,0.14,6622.697605,0.67546,0.0,2366,1409480,1409480,1.0,1797,1797,1.0,120000,0,1,S10|M2_LONG_LINK|44|A|L2|F2,true,false,false,/home/cyfer/FYP/WSN_simulation_V3/runs/S10_5000/outputs_production_50seed_part41_45/run_campaign_v3_S10_M2_LONG_LINK_A_L2_F2_H1_seed044_44_20260603_113410
campaign_v3_S10_M2_LONG_LINK_A_L2_F2_H1_seed045,campaign_v3_S10_M2_LONG_LINK_A_L2_F2_H1_seed045_45_20260603_113609,S10,5000,200,6,M2_LONG_LINK,45,A,L2,F2,H1,V3,map_S10_M2_LONG_LINK_seed045,3bce78a76991576b411506ee11fb37c3796d85bcaabb6fb8e97e2973ebd5a114,98.869,346.221,199.985,401.301,25,958,3.3448,0.293,60.0,24.105,84.105,144.105,150.0,90.0,3.605,3.0,1.0,0.003,0.074,0.125,6629.224275,0.674155,0.0,2373,1410945,1410945,1.0,1797,1797,1.0,120000,0,1,S10|M2_LONG_LINK|45|A|L2|F2,true,false,false,/home/cyfer/FYP/WSN_simulation_V3/runs/S10_5000/outputs_production_50seed_part41_45/run_campaign_v3_S10_M2_LONG_LINK_A_L2_F2_H1_seed045_45_20260603_113609
campaign_v3_S10_M2_LONG_LINK_A_L2_F2_H3_seed041,campaign_v3_S10_M2_LONG_LINK_A_L2_F2_H3_seed041_41_20260603_112812,S10,5000,200,6,M2_LONG_LINK,41,A,L2,F2,H3,V3,map_S10_M2_LONG_LINK_seed041,9a7a6306da33858403718f6d6a6efc6dd36a559ea0d91a6dc5a81010910f1ef7,98.439,345.835,197.303,401.064,25,807,3.0751,0.295,60.0,32.027,92.027,152.027,160.0,100.0,5.692,3.0,1.0,0.035,0.682,0.181,6588.241083,0.682352,0.0,2346,1406608,1406608,1.0,1778,1778,1.0,119650,0,1,S10|M2_LONG_LINK|41|A|L2|F2,true,false,false,/home/cyfer/FYP/WSN_simulation_V3/runs/S10_5000/outputs_production_50seed_part41_45/run_campaign_v3_S10_M2_LONG_LINK_A_L2_F2_H3_seed041_41_20260603_112812
campaign_v3_S10_M2_LONG_LINK_A_L2_F2_H3_seed042,campaign_v3_S10_M2_LONG_LINK_A_L2_F2_H3_seed042_42_20260603_113013,S10,5000,200,6,M2_LONG_LINK,42,A,L2,F2,H3,V3,map_S10_M2_LONG_LINK_seed042,654886926220e740373ea1aee8f686f1b284eb341d9afa43635772a41a92b6e4,99.981,360.819,198.136,398.213,25,891,3.5522,0.3054,60.0,30.58,90.58,150.58,160.0,100.0,4.561,3.0,1.0,0.02,0.415,0.085,6563.343472,0.687331,0.0,2345,1408266,1408266,1.0,1796,1796,1.0,119775,0,1,S10|M2_LONG_LINK|42|A|L2|F2,true,false,false,/home/cyfer/FYP/WSN_simulation_V3/runs/S10_5000/outputs_production_50seed_part41_45/run_campaign_v3_S10_M2_LONG_LINK_A_L2_F2_H3_seed042_42_20260603_113013
campaign_v3_S10_M2_LONG_LINK_A_L2_F2_H3_seed043,campaign_v3_S10_M2_LONG_LINK_A_L2_F2_H3_seed043_43_20260603_113213,S10,5000,200,6,M2_LONG_LINK,43,A,L2,F2,H3,V3,map_S10_M2_LONG_LINK_seed043,c6c5b21dd2f84d0016ef5e0edc0c3a5a605eeddec74ac0fbbf68ed035869f43a,97.224,337.803,203.017,406.555,25,788,3.1467,0.295,60.0,30.763,90.763,150.763,160.0,100.0,3.812,3.0,1.0,0.011,0.201,0.058,6592.234217,0.681553,0.0,2348,1409805,1409805,1.0,1796,1796,1.0,119900,0,1,S10|M2_LONG_LINK|43|A|L2|F2,true,false,false,/home/cyfer/FYP/WSN_simulation_V3/runs/S10_5000/outputs_production_50seed_part41_45/run_campaign_v3_S10_M2_LONG_LINK_A_L2_F2_H3_seed043_43_20260603_113213
campaign_v3_S10_M2_LONG_LINK_A_L2_F2_H3_seed044,campaign_v3_S10_M2_LONG_LINK_A_L2_F2_H3_seed044_44_20260603_113411,S10,5000,200,6,M2_LONG_LINK,44,A,L2,F2,H3,V3,map_S10_M2_LONG_LINK_seed044,4ba8ac696f5e478c6fe1c1d1179db3ea38a2323e9a8ef4dbc2dd10adb64f778b,97.875,343.411,196.029,397.845,25,742,3.1222,0.2948,60.0,31.695,91.695,151.695,160.0,100.0,4.899,3.0,1.0,0.027,0.466,0.14,6618.445991,0.676311,0.0,2366,1407930,1407930,1.0,1796,1796,1.0,119750,0,1,S10|M2_LONG_LINK|44|A|L2|F2,true,false,false,/home/cyfer/FYP/WSN_simulation_V3/runs/S10_5000/outputs_production_50seed_part41_45/run_campaign_v3_S10_M2_LONG_LINK_A_L2_F2_H3_seed044_44_20260603_113411
campaign_v3_S10_M2_LONG_LINK_A_L2_F2_H3_seed045,campaign_v3_S10_M2_LONG_LINK_A_L2_F2_H3_seed045_45_20260603_113610,S10,5000,200,6,M2_LONG_LINK,45,A,L2,F2,H3,V3,map_S10_M2_LONG_LINK_seed045,3bce78a76991576b411506ee11fb37c3796d85bcaabb6fb8e97e2973ebd5a114,98.869,346.221,199.985,401.301,25,958,3.3448,0.293,60.0,30.436,90.436,150.436,160.0,100.0,3.605,3.0,1.0,0.003,0.074,0.125,6628.543305,0.674291,0.0,2373,1410783,1410783,1.0,1796,1796,1.0,119975,0,1,S10|M2_LONG_LINK|45|A|L2|F2,true,false,false,/home/cyfer/FYP/WSN_simulation_V3/runs/S10_5000/outputs_production_50seed_part41_45/run_campaign_v3_S10_M2_LONG_LINK_A_L2_F2_H3_seed045_45_20260603_113610
campaign_v3_S10_M2_LONG_LINK_A_L2_F2_H4_seed041,campaign_v3_S10_M2_LONG_LINK_A_L2_F2_H4_seed041_41_20260603_112814,S10,5000,200,6,M2_LONG_LINK,41,A,L2,F2,H4,V3,map_S10_M2_LONG_LINK_seed041,9a7a6306da33858403718f6d6a6efc6dd36a559ea0d91a6dc5a81010910f1ef7,98.439,345.835,197.303,401.064,25,807,3.0751,0.295,60.0,36.011,96.011,156.011,160.0,100.0,5.692,3.0,1.0,0.035,0.682,0.181,6593.23765,0.681352,0.0,2346,1408484,1408484,1.0,1778,1778,1.0,120000,0,1,S10|M2_LONG_LINK|41|A|L2|F2,true,false,false,/home/cyfer/FYP/WSN_simulation_V3/runs/S10_5000/outputs_production_50seed_part41_45/run_campaign_v3_S10_M2_LONG_LINK_A_L2_F2_H4_seed041_41_20260603_112814
campaign_v3_S10_M2_LONG_LINK_A_L2_F2_H4_seed042,campaign_v3_S10_M2_LONG_LINK_A_L2_F2_H4_seed042_42_20260603_113014,S10,5000,200,6,M2_LONG_LINK,42,A,L2,F2,H4,V3,map_S10_M2_LONG_LINK_seed042,654886926220e740373ea1aee8f686f1b284eb341d9afa43635772a41a92b6e4,99.981,360.819,198.136,398.213,25,891,3.5522,0.3054,60.0,35.466,95.466,155.466,160.0,100.0,4.561,3.0,1.0,0.02,0.415,0.085,6567.09569,0.686581,0.0,2346,1409472,1409472,1.0,1796,1796,1.0,120000,0,1,S10|M2_LONG_LINK|42|A|L2|F2,true,false,false,/home/cyfer/FYP/WSN_simulation_V3/runs/S10_5000/outputs_production_50seed_part41_45/run_campaign_v3_S10_M2_LONG_LINK_A_L2_F2_H4_seed042_42_20260603_113014
campaign_v3_S10_M2_LONG_LINK_A_L2_F2_H4_seed043,campaign_v3_S10_M2_LONG_LINK_A_L2_F2_H4_seed043_43_20260603_113214,S10,5000,200,6,M2_LONG_LINK,43,A,L2,F2,H4,V3,map_S10_M2_LONG_LINK_seed043,c6c5b21dd2f84d0016ef5e0edc0c3a5a605eeddec74ac0fbbf68ed035869f43a,97.224,337.803,203.017,406.555,25,788,3.1467,0.295,60.0,34.686,94.686,154.686,160.0,100.0,3.812,3.0,1.0,0.011,0.201,0.058,6593.629819,0.681274,0.0,2348,1410345,1410345,1.0,1796,1796,1.0,120000,0,1,S10|M2_LONG_LINK|43|A|L2|F2,true,false,false,/home/cyfer/FYP/WSN_simulation_V3/runs/S10_5000/outputs_production_50seed_part41_45/run_campaign_v3_S10_M2_LONG_LINK_A_L2_F2_H4_seed043_43_20260603_113214
campaign_v3_S10_M2_LONG_LINK_A_L2_F2_H4_seed044,campaign_v3_S10_M2_LONG_LINK_A_L2_F2_H4_seed044_44_20260603_113412,S10,5000,200,6,M2_LONG_LINK,44,A,L2,F2,H4,V3,map_S10_M2_LONG_LINK_seed044,4ba8ac696f5e478c6fe1c1d1179db3ea38a2323e9a8ef4dbc2dd10adb64f778b,97.875,343.411,196.029,397.845,25,742,3.1222,0.2948,60.0,35.614,95.614,155.614,160.0,100.0,4.899,3.0,1.0,0.027,0.466,0.14,6622.23048,0.675554,0.0,2366,1409280,1409280,1.0,1796,1796,1.0,120000,0,1,S10|M2_LONG_LINK|44|A|L2|F2,true,false,false,/home/cyfer/FYP/WSN_simulation_V3/runs/S10_5000/outputs_production_50seed_part41_45/run_campaign_v3_S10_M2_LONG_LINK_A_L2_F2_H4_seed044_44_20260603_113412
campaign_v3_S10_M2_LONG_LINK_A_L2_F2_H4_seed045,campaign_v3_S10_M2_LONG_LINK_A_L2_F2_H4_seed045_45_20260603_113612,S10,5000,200,6,M2_LONG_LINK,45,A,L2,F2,H4,V3,map_S10_M2_LONG_LINK_seed045,3bce78a76991576b411506ee11fb37c3796d85bcaabb6fb8e97e2973ebd5a114,98.869,346.221,199.985,401.301,25,958,3.3448,0.293,60.0,34.036,94.036,154.036,160.0,100.0,3.605,3.0,1.0,0.003,0.074,0.125,6629.109536,0.674178,0.0,2373,1410915,1410915,1.0,1796,1796,1.0,120000,0,1,S10|M2_LONG_LINK|45|A|L2|F2,true,false,false,/home/cyfer/FYP/WSN_simulation_V3/runs/S10_5000/outputs_production_50seed_part41_45/run_campaign_v3_S10_M2_LONG_LINK_A_L2_F2_H4_seed045_45_20260603_113612
campaign_v3_S10_M2_LONG_LINK_A_L2_F3_H0_seed041,campaign_v3_S10_M2_LONG_LINK_A_L2_F3_H0_seed041_41_20260603_112757,S10,5000,200,6,M2_LONG_LINK,41,A,L2,F3,H0,V2,map_S10_M2_LONG_LINK_seed041,9a7a6306da33858403718f6d6a6efc6dd36a559ea0d91a6dc5a81010910f1ef7,98.439,345.835,197.303,401.064,25,807,3.0751,0.295,60.0,-1.0,-1.0,-1.0,-1.0,-1.0,0.0,0.0,0.0,0.0,0.0,0.0,6593.558608,0.681288,0.0,2345,1409320,1409320,1.0,1774,1774,1.0,120040,1,0,S10|M2_LONG_LINK|41|A|L2|F3,false,false,true,/home/cyfer/FYP/WSN_simulation_V3/runs/S10_5000/outputs_production_50seed_part41_45/run_campaign_v3_S10_M2_LONG_LINK_A_L2_F3_H0_seed041_41_20260603_112757
campaign_v3_S10_M2_LONG_LINK_A_L2_F3_H0_seed042,campaign_v3_S10_M2_LONG_LINK_A_L2_F3_H0_seed042_42_20260603_112957,S10,5000,200,6,M2_LONG_LINK,42,A,L2,F3,H0,V2,map_S10_M2_LONG_LINK_seed042,654886926220e740373ea1aee8f686f1b284eb341d9afa43635772a41a92b6e4,99.981,360.819,198.136,398.213,25,891,3.5522,0.3054,60.0,-1.0,-1.0,-1.0,-1.0,-1.0,0.0,0.0,0.0,0.0,0.0,0.0,6562.34386,0.687531,0.0,2345,1408380,1408380,1.0,1792,1792,1.0,120060,1,0,S10|M2_LONG_LINK|42|A|L2|F3,false,false,true,/home/cyfer/FYP/WSN_simulation_V3/runs/S10_5000/outputs_production_50seed_part41_45/run_campaign_v3_S10_M2_LONG_LINK_A_L2_F3_H0_seed042_42_20260603_112957
campaign_v3_S10_M2_LONG_LINK_A_L2_F3_H0_seed043,campaign_v3_S10_M2_LONG_LINK_A_L2_F3_H0_seed043_43_20260603_113158,S10,5000,200,6,M2_LONG_LINK,43,A,L2,F3,H0,V2,map_S10_M2_LONG_LINK_seed043,c6c5b21dd2f84d0016ef5e0edc0c3a5a605eeddec74ac0fbbf68ed035869f43a,97.224,337.803,203.017,406.555,25,788,3.1467,0.295,60.0,-1.0,-1.0,-1.0,-1.0,-1.0,0.0,0.0,0.0,0.0,0.0,0.0,6587.001893,0.6826,0.0,2348,1408145,1408145,1.0,1792,1792,1.0,120065,1,0,S10|M2_LONG_LINK|43|A|L2|F3,false,false,true,/home/cyfer/FYP/WSN_simulation_V3/runs/S10_5000/outputs_production_50seed_part41_45/run_campaign_v3_S10_M2_LONG_LINK_A_L2_F3_H0_seed043_43_20260603_113158
campaign_v3_S10_M2_LONG_LINK_A_L2_F3_H0_seed044,campaign_v3_S10_M2_LONG_LINK_A_L2_F3_H0_seed044_44_20260603_113356,S10,5000,200,6,M2_LONG_LINK,44,A,L2,F3,H0,V2,map_S10_M2_LONG_LINK_seed044,4ba8ac696f5e478c6fe1c1d1179db3ea38a2323e9a8ef4dbc2dd10adb64f778b,97.875,343.411,196.029,397.845,25,742,3.1222,0.2948,60.0,-1.0,-1.0,-1.0,-1.0,-1.0,0.0,0.0,0.0,0.0,0.0,0.0,6617.596602,0.676481,0.0,2365,1407675,1407675,1.0,1792,1792,1.0,120075,1,0,S10|M2_LONG_LINK|44|A|L2|F3,false,false,true,/home/cyfer/FYP/WSN_simulation_V3/runs/S10_5000/outputs_production_50seed_part41_45/run_campaign_v3_S10_M2_LONG_LINK_A_L2_F3_H0_seed044_44_20260603_113356
campaign_v3_S10_M2_LONG_LINK_A_L2_F3_H0_seed045,campaign_v3_S10_M2_LONG_LINK_A_L2_F3_H0_seed045_45_20260603_113555,S10,5000,200,6,M2_LONG_LINK,45,A,L2,F3,H0,V2,map_S10_M2_LONG_LINK_seed045,3bce78a76991576b411506ee11fb37c3796d85bcaabb6fb8e97e2973ebd5a114,98.869,346.221,199.985,401.301,25,958,3.3448,0.293,60.0,-1.0,-1.0,-1.0,-1.0,-1.0,0.0,0.0,0.0,0.0,0.0,0.0,6607.444364,0.678511,0.0,2365,1405560,1405560,1.0,1792,1792,1.0,120120,1,0,S10|M2_LONG_LINK|45|A|L2|F3,false,false,true,/home/cyfer/FYP/WSN_simulation_V3/runs/S10_5000/outputs_production_50seed_part41_45/run_campaign_v3_S10_M2_LONG_LINK_A_L2_F3_H0_seed045_45_20260603_113555
campaign_v3_S10_M2_LONG_LINK_A_L2_F3_H1_seed041,campaign_v3_S10_M2_LONG_LINK_A_L2_F3_H1_seed041_41_20260603_112815,S10,5000,200,6,M2_LONG_LINK,41,A,L2,F3,H1,V3,map_S10_M2_LONG_LINK_seed041,9a7a6306da33858403718f6d6a6efc6dd36a559ea0d91a6dc5a81010910f1ef7,98.439,345.835,197.303,401.064,25,807,3.0751,0.295,60.0,28.074,88.074,148.074,150.0,90.0,3.623,3.0,1.0,0.01,0.176,0.022,6593.675238,0.681265,0.0,2345,1409340,1409340,1.0,1779,1779,1.0,119804,0,1,S10|M2_LONG_LINK|41|A|L2|F3,true,false,false,/home/cyfer/FYP/WSN_simulation_V3/runs/S10_5000/outputs_production_50seed_part41_45/run_campaign_v3_S10_M2_LONG_LINK_A_L2_F3_H1_seed041_41_20260603_112815
campaign_v3_S10_M2_LONG_LINK_A_L2_F3_H1_seed042,campaign_v3_S10_M2_LONG_LINK_A_L2_F3_H1_seed042_42_20260603_113016,S10,5000,200,6,M2_LONG_LINK,42,A,L2,F3,H1,V3,map_S10_M2_LONG_LINK_seed042,654886926220e740373ea1aee8f686f1b284eb341d9afa43635772a41a92b6e4,99.981,360.819,198.136,398.213,25,891,3.5522,0.3054,60.0,28.826,88.826,148.826,150.0,90.0,4.271,3.0,1.0,0.013,0.282,0.129,6562.509859,0.687498,0.0,2345,1408400,1408400,1.0,1797,1797,1.0,119704,0,1,S10|M2_LONG_LINK|42|A|L2|F3,true,false,false,/home/cyfer/FYP/WSN_simulation_V3/runs/S10_5000/outputs_production_50seed_part41_45/run_campaign_v3_S10_M2_LONG_LINK_A_L2_F3_H1_seed042_42_20260603_113016
campaign_v3_S10_M2_LONG_LINK_A_L2_F3_H1_seed043,campaign_v3_S10_M2_LONG_LINK_A_L2_F3_H1_seed043_43_20260603_113215,S10,5000,200,6,M2_LONG_LINK,43,A,L2,F3,H1,V3,map_S10_M2_LONG_LINK_seed043,c6c5b21dd2f84d0016ef5e0edc0c3a5a605eeddec74ac0fbbf68ed035869f43a,97.224,337.803,203.017,406.555,25,788,3.1467,0.295,60.0,29.155,89.155,149.155,150.0,90.0,4.477,3.0,1.0,0.017,0.312,0.164,6587.188183,0.682562,0.0,2348,1408165,1408165,1.0,1797,1797,1.0,119679,0,1,S10|M2_LONG_LINK|43|A|L2|F3,true,false,false,/home/cyfer/FYP/WSN_simulation_V3/runs/S10_5000/outputs_production_50seed_part41_45/run_campaign_v3_S10_M2_LONG_LINK_A_L2_F3_H1_seed043_43_20260603_113215
campaign_v3_S10_M2_LONG_LINK_A_L2_F3_H1_seed044,campaign_v3_S10_M2_LONG_LINK_A_L2_F3_H1_seed044_44_20260603_113414,S10,5000,200,6,M2_LONG_LINK,44,A,L2,F3,H1,V3,map_S10_M2_LONG_LINK_seed044,4ba8ac696f5e478c6fe1c1d1179db3ea38a2323e9a8ef4dbc2dd10adb64f778b,97.875,343.411,196.029,397.845,25,742,3.1222,0.2948,60.0,28.456,88.456,148.456,150.0,90.0,4.397,3.0,1.0,0.02,0.326,0.12,6617.785636,0.676443,0.0,2365,1407695,1407695,1.0,1797,1797,1.0,119629,0,1,S10|M2_LONG_LINK|44|A|L2|F3,true,false,false,/home/cyfer/FYP/WSN_simulation_V3/runs/S10_5000/outputs_production_50seed_part41_45/run_campaign_v3_S10_M2_LONG_LINK_A_L2_F3_H1_seed044_44_20260603_113414
campaign_v3_S10_M2_LONG_LINK_A_L2_F3_H1_seed045,campaign_v3_S10_M2_LONG_LINK_A_L2_F3_H1_seed045_45_20260603_113613,S10,5000,200,6,M2_LONG_LINK,45,A,L2,F3,H1,V3,map_S10_M2_LONG_LINK_seed045,3bce78a76991576b411506ee11fb37c3796d85bcaabb6fb8e97e2973ebd5a114,98.869,346.221,199.985,401.301,25,958,3.3448,0.293,60.0,30.171,90.171,150.171,160.0,100.0,5.455,3.0,1.0,0.025,0.698,0.095,6607.751966,0.67845,0.0,2365,1405576,1405576,1.0,1796,1796,1.0,119404,0,1,S10|M2_LONG_LINK|45|A|L2|F3,true,false,false,/home/cyfer/FYP/WSN_simulation_V3/runs/S10_5000/outputs_production_50seed_part41_45/run_campaign_v3_S10_M2_LONG_LINK_A_L2_F3_H1_seed045_45_20260603_113613
campaign_v3_S10_M2_LONG_LINK_A_L2_F3_H3_seed041,campaign_v3_S10_M2_LONG_LINK_A_L2_F3_H3_seed041_41_20260603_112816,S10,5000,200,6,M2_LONG_LINK,41,A,L2,F3,H3,V3,map_S10_M2_LONG_LINK_seed041,9a7a6306da33858403718f6d6a6efc6dd36a559ea0d91a6dc5a81010910f1ef7,98.439,345.835,197.303,401.064,25,807,3.0751,0.295,60.0,34.489,94.489,154.489,160.0,100.0,3.623,3.0,1.0,0.01,0.176,0.022,6593.658189,0.681268,0.0,2345,1409336,1409336,1.0,1778,1778,1.0,119804,0,1,S10|M2_LONG_LINK|41|A|L2|F3,true,false,false,/home/cyfer/FYP/WSN_simulation_V3/runs/S10_5000/outputs_production_50seed_part41_45/run_campaign_v3_S10_M2_LONG_LINK_A_L2_F3_H3_seed041_41_20260603_112816
campaign_v3_S10_M2_LONG_LINK_A_L2_F3_H3_seed042,campaign_v3_S10_M2_LONG_LINK_A_L2_F3_H3_seed042_42_20260603_113017,S10,5000,200,6,M2_LONG_LINK,42,A,L2,F3,H3,V3,map_S10_M2_LONG_LINK_seed042,654886926220e740373ea1aee8f686f1b284eb341d9afa43635772a41a92b6e4,99.981,360.819,198.136,398.213,25,891,3.5522,0.3054,60.0,34.843,94.843,154.843,160.0,100.0,4.271,3.0,1.0,0.013,0.282,0.129,6562.494472,0.687501,0.0,2345,1408396,1408396,1.0,1796,1796,1.0,119704,0,1,S10|M2_LONG_LINK|42|A|L2|F3,true,false,false,/home/cyfer/FYP/WSN_simulation_V3/runs/S10_5000/outputs_production_50seed_part41_45/run_campaign_v3_S10_M2_LONG_LINK_A_L2_F3_H3_seed042_42_20260603_113017
campaign_v3_S10_M2_LONG_LINK_A_L2_F3_H3_seed043,campaign_v3_S10_M2_LONG_LINK_A_L2_F3_H3_seed043_43_20260603_113217,S10,5000,200,6,M2_LONG_LINK,43,A,L2,F3,H3,V3,map_S10_M2_LONG_LINK_seed043,c6c5b21dd2f84d0016ef5e0edc0c3a5a605eeddec74ac0fbbf68ed035869f43a,97.224,337.803,203.017,406.555,25,788,3.1467,0.295,60.0,35.189,95.189,155.189,160.0,100.0,4.477,3.0,1.0,0.017,0.312,0.164,6587.167944,0.682566,0.0,2348,1408161,1408161,1.0,1796,1796,1.0,119679,0,1,S10|M2_LONG_LINK|43|A|L2|F3,true,false,false,/home/cyfer/FYP/WSN_simulation_V3/runs/S10_5000/outputs_production_50seed_part41_45/run_campaign_v3_S10_M2_LONG_LINK_A_L2_F3_H3_seed043_43_20260603_113217
campaign_v3_S10_M2_LONG_LINK_A_L2_F3_H3_seed044,campaign_v3_S10_M2_LONG_LINK_A_L2_F3_H3_seed044_44_20260603_113415,S10,5000,200,6,M2_LONG_LINK,44,A,L2,F3,H3,V3,map_S10_M2_LONG_LINK_seed044,4ba8ac696f5e478c6fe1c1d1179db3ea38a2323e9a8ef4dbc2dd10adb64f778b,97.875,343.411,196.029,397.845,25,742,3.1222,0.2948,60.0,34.64,94.64,154.64,160.0,100.0,4.397,3.0,1.0,0.02,0.326,0.12,6617.762454,0.676448,0.0,2365,1407691,1407691,1.0,1796,1796,1.0,119629,0,1,S10|M2_LONG_LINK|44|A|L2|F3,true,false,false,/home/cyfer/FYP/WSN_simulation_V3/runs/S10_5000/outputs_production_50seed_part41_45/run_campaign_v3_S10_M2_LONG_LINK_A_L2_F3_H3_seed044_44_20260603_113415
campaign_v3_S10_M2_LONG_LINK_A_L2_F3_H3_seed045,campaign_v3_S10_M2_LONG_LINK_A_L2_F3_H3_seed045_45_20260603_113614,S10,5000,200,6,M2_LONG_LINK,45,A,L2,F3,H3,V3,map_S10_M2_LONG_LINK_seed045,3bce78a76991576b411506ee11fb37c3796d85bcaabb6fb8e97e2973ebd5a114,98.869,346.221,199.985,401.301,25,958,3.3448,0.293,60.0,36.291,96.291,156.291,160.0,100.0,5.455,3.0,1.0,0.025,0.698,0.095,6607.709373,0.678458,0.0,2365,1405576,1405576,1.0,1796,1796,1.0,119404,0,1,S10|M2_LONG_LINK|45|A|L2|F3,true,false,false,/home/cyfer/FYP/WSN_simulation_V3/runs/S10_5000/outputs_production_50seed_part41_45/run_campaign_v3_S10_M2_LONG_LINK_A_L2_F3_H3_seed045_45_20260603_113614
campaign_v3_S10_M2_LONG_LINK_A_L2_F3_H4_seed041,campaign_v3_S10_M2_LONG_LINK_A_L2_F3_H4_seed041_41_20260603_112818,S10,5000,200,6,M2_LONG_LINK,41,A,L2,F3,H4,V3,map_S10_M2_LONG_LINK_seed041,9a7a6306da33858403718f6d6a6efc6dd36a559ea0d91a6dc5a81010910f1ef7,98.439,345.835,197.303,401.064,25,807,3.0751,0.295,60.0,37.857,97.857,157.857,160.0,100.0,3.623,3.0,1.0,0.01,0.176,0.022,6593.661352,0.681268,0.0,2345,1409336,1409336,1.0,1778,1778,1.0,119804,0,1,S10|M2_LONG_LINK|41|A|L2|F3,true,false,false,/home/cyfer/FYP/WSN_simulation_V3/runs/S10_5000/outputs_production_50seed_part41_45/run_campaign_v3_S10_M2_LONG_LINK_A_L2_F3_H4_seed041_41_20260603_112818
campaign_v3_S10_M2_LONG_LINK_A_L2_F3_H4_seed042,campaign_v3_S10_M2_LONG_LINK_A_L2_F3_H4_seed042_42_20260603_113019,S10,5000,200,6,M2_LONG_LINK,42,A,L2,F3,H4,V3,map_S10_M2_LONG_LINK_seed042,654886926220e740373ea1aee8f686f1b284eb341d9afa43635772a41a92b6e4,99.981,360.819,198.136,398.213,25,891,3.5522,0.3054,60.0,38.552,98.552,158.552,160.0,100.0,4.271,3.0,1.0,0.013,0.282,0.129,6562.490899,0.687502,0.0,2345,1408396,1408396,1.0,1796,1796,1.0,119704,0,1,S10|M2_LONG_LINK|42|A|L2|F3,true,false,false,/home/cyfer/FYP/WSN_simulation_V3/runs/S10_5000/outputs_production_50seed_part41_45/run_campaign_v3_S10_M2_LONG_LINK_A_L2_F3_H4_seed042_42_20260603_113019
campaign_v3_S10_M2_LONG_LINK_A_L2_F3_H4_seed043,campaign_v3_S10_M2_LONG_LINK_A_L2_F3_H4_seed043_43_20260603_113218,S10,5000,200,6,M2_LONG_LINK,43,A,L2,F3,H4,V3,map_S10_M2_LONG_LINK_seed043,c6c5b21dd2f84d0016ef5e0edc0c3a5a605eeddec74ac0fbbf68ed035869f43a,97.224,337.803,203.017,406.555,25,788,3.1467,0.295,60.0,38.671,98.671,158.671,160.0,100.0,4.477,3.0,1.0,0.017,0.312,0.164,6587.166365,0.682567,0.0,2348,1408161,1408161,1.0,1796,1796,1.0,119679,0,1,S10|M2_LONG_LINK|43|A|L2|F3,true,false,false,/home/cyfer/FYP/WSN_simulation_V3/runs/S10_5000/outputs_production_50seed_part41_45/run_campaign_v3_S10_M2_LONG_LINK_A_L2_F3_H4_seed043_43_20260603_113218
campaign_v3_S10_M2_LONG_LINK_A_L2_F3_H4_seed044,campaign_v3_S10_M2_LONG_LINK_A_L2_F3_H4_seed044_44_20260603_113416,S10,5000,200,6,M2_LONG_LINK,44,A,L2,F3,H4,V3,map_S10_M2_LONG_LINK_seed044,4ba8ac696f5e478c6fe1c1d1179db3ea38a2323e9a8ef4dbc2dd10adb64f778b,97.875,343.411,196.029,397.845,25,742,3.1222,0.2948,60.0,38.887,98.887,158.887,160.0,100.0,4.397,3.0,1.0,0.02,0.326,0.12,6617.765669,0.676447,0.0,2365,1407691,1407691,1.0,1796,1796,1.0,119629,0,1,S10|M2_LONG_LINK|44|A|L2|F3,true,false,false,/home/cyfer/FYP/WSN_simulation_V3/runs/S10_5000/outputs_production_50seed_part41_45/run_campaign_v3_S10_M2_LONG_LINK_A_L2_F3_H4_seed044_44_20260603_113416
campaign_v3_S10_M2_LONG_LINK_A_L2_F3_H4_seed045,campaign_v3_S10_M2_LONG_LINK_A_L2_F3_H4_seed045_45_20260603_113616,S10,5000,200,6,M2_LONG_LINK,45,A,L2,F3,H4,V3,map_S10_M2_LONG_LINK_seed045,3bce78a76991576b411506ee11fb37c3796d85bcaabb6fb8e97e2973ebd5a114,98.869,346.221,199.985,401.301,25,958,3.3448,0.293,60.0,40.402,100.402,160.402,170.0,110.0,5.455,3.0,1.0,0.025,0.698,0.095,6607.751966,0.67845,0.0,2365,1405576,1405576,1.0,1796,1796,1.0,119404,0,1,S10|M2_LONG_LINK|45|A|L2|F3,true,false,false,/home/cyfer/FYP/WSN_simulation_V3/runs/S10_5000/outputs_production_50seed_part41_45/run_campaign_v3_S10_M2_LONG_LINK_A_L2_F3_H4_seed045_45_20260603_113616
campaign_v3_S10_M2_LONG_LINK_A_L2_F4_H0_seed041,campaign_v3_S10_M2_LONG_LINK_A_L2_F4_H0_seed041_41_20260603_112758,S10,5000,200,6,M2_LONG_LINK,41,A,L2,F4,H0,V2,map_S10_M2_LONG_LINK_seed041,9a7a6306da33858403718f6d6a6efc6dd36a559ea0d91a6dc5a81010910f1ef7,98.439,345.835,197.303,401.064,25,807,3.0751,0.295,60.0,-1.0,-1.0,-1.0,-1.0,-1.0,0.0,0.0,0.0,0.0,0.0,0.0,6590.072133,0.681986,0.0,2345,1408145,1408145,1.0,1774,1774,1.0,120065,1,0,S10|M2_LONG_LINK|41|A|L2|F4,false,false,true,/home/cyfer/FYP/WSN_simulation_V3/runs/S10_5000/outputs_production_50seed_part41_45/run_campaign_v3_S10_M2_LONG_LINK_A_L2_F4_H0_seed041_41_20260603_112758
campaign_v3_S10_M2_LONG_LINK_A_L2_F4_H0_seed042,campaign_v3_S10_M2_LONG_LINK_A_L2_F4_H0_seed042_42_20260603_112959,S10,5000,200,6,M2_LONG_LINK,42,A,L2,F4,H0,V2,map_S10_M2_LONG_LINK_seed042,654886926220e740373ea1aee8f686f1b284eb341d9afa43635772a41a92b6e4,99.981,360.819,198.136,398.213,25,891,3.5522,0.3054,60.0,-1.0,-1.0,-1.0,-1.0,-1.0,0.0,0.0,0.0,0.0,0.0,0.0,6563.706311,0.687259,0.0,2345,1408850,1408850,1.0,1792,1792,1.0,120050,1,0,S10|M2_LONG_LINK|42|A|L2|F4,false,false,true,/home/cyfer/FYP/WSN_simulation_V3/runs/S10_5000/outputs_production_50seed_part41_45/run_campaign_v3_S10_M2_LONG_LINK_A_L2_F4_H0_seed042_42_20260603_112959
campaign_v3_S10_M2_LONG_LINK_A_L2_F4_H0_seed043,campaign_v3_S10_M2_LONG_LINK_A_L2_F4_H0_seed043_43_20260603_113159,S10,5000,200,6,M2_LONG_LINK,43,A,L2,F4,H0,V2,map_S10_M2_LONG_LINK_seed043,c6c5b21dd2f84d0016ef5e0edc0c3a5a605eeddec74ac0fbbf68ed035869f43a,97.224,337.803,203.017,406.555,25,788,3.1467,0.295,60.0,-1.0,-1.0,-1.0,-1.0,-1.0,0.0,0.0,0.0,0.0,0.0,0.0,6590.439055,0.681912,0.0,2348,1409555,1409555,1.0,1792,1792,1.0,120035,1,0,S10|M2_LONG_LINK|43|A|L2|F4,false,false,true,/home/cyfer/FYP/WSN_simulation_V3/runs/S10_5000/outputs_production_50seed_part41_45/run_campaign_v3_S10_M2_LONG_LINK_A_L2_F4_H0_seed043_43_20260603_113159
campaign_v3_S10_M2_LONG_LINK_A_L2_F4_H0_seed044,campaign_v3_S10_M2_LONG_LINK_A_L2_F4_H0_seed044_44_20260603_113357,S10,5000,200,6,M2_LONG_LINK,44,A,L2,F4,H0,V2,map_S10_M2_LONG_LINK_seed044,4ba8ac696f5e478c6fe1c1d1179db3ea38a2323e9a8ef4dbc2dd10adb64f778b,97.875,343.411,196.029,397.845,25,742,3.1222,0.2948,60.0,-1.0,-1.0,-1.0,-1.0,-1.0,0.0,0.0,0.0,0.0,0.0,0.0,6612.9807,0.677404,0.0,2365,1406265,1406265,1.0,1792,1792,1.0,120105,1,0,S10|M2_LONG_LINK|44|A|L2|F4,false,false,true,/home/cyfer/FYP/WSN_simulation_V3/runs/S10_5000/outputs_production_50seed_part41_45/run_campaign_v3_S10_M2_LONG_LINK_A_L2_F4_H0_seed044_44_20260603_113357
campaign_v3_S10_M2_LONG_LINK_A_L2_F4_H0_seed045,campaign_v3_S10_M2_LONG_LINK_A_L2_F4_H0_seed045_45_20260603_113556,S10,5000,200,6,M2_LONG_LINK,45,A,L2,F4,H0,V2,map_S10_M2_LONG_LINK_seed045,3bce78a76991576b411506ee11fb37c3796d85bcaabb6fb8e97e2973ebd5a114,98.869,346.221,199.985,401.301,25,958,3.3448,0.293,60.0,-1.0,-1.0,-1.0,-1.0,-1.0,0.0,0.0,0.0,0.0,0.0,0.0,6623.857644,0.675228,0.0,2372,1408850,1408850,1.0,1792,1792,1.0,120050,1,0,S10|M2_LONG_LINK|45|A|L2|F4,false,false,true,/home/cyfer/FYP/WSN_simulation_V3/runs/S10_5000/outputs_production_50seed_part41_45/run_campaign_v3_S10_M2_LONG_LINK_A_L2_F4_H0_seed045_45_20260603_113556
campaign_v3_S10_M2_LONG_LINK_A_L2_F4_H1_seed041,campaign_v3_S10_M2_LONG_LINK_A_L2_F4_H1_seed041_41_20260603_112819,S10,5000,200,6,M2_LONG_LINK,41,A,L2,F4,H1,V3,map_S10_M2_LONG_LINK_seed041,9a7a6306da33858403718f6d6a6efc6dd36a559ea0d91a6dc5a81010910f1ef7,98.439,345.835,197.303,401.064,25,807,3.0751,0.295,60.0,34.954,94.954,154.954,160.0,100.0,4.404,3.0,1.0,0.016,0.31,0.142,6591.282429,0.681744,0.0,2345,1408486,1408486,1.0,1778,1778,1.0,119679,0,1,S10|M2_LONG_LINK|41|A|L2|F4,true,false,false,/home/cyfer/FYP/WSN_simulation_V3/runs/S10_5000/outputs_production_50seed_part41_45/run_campaign_v3_S10_M2_LONG_LINK_A_L2_F4_H1_seed041_41_20260603_112819
campaign_v3_S10_M2_LONG_LINK_A_L2_F4_H1_seed042,campaign_v3_S10_M2_LONG_LINK_A_L2_F4_H1_seed042_42_20260603_113020,S10,5000,200,6,M2_LONG_LINK,42,A,L2,F4,H1,V3,map_S10_M2_LONG_LINK_seed042,654886926220e740373ea1aee8f686f1b284eb341d9afa43635772a41a92b6e4,99.981,360.819,198.136,398.213,25,891,3.5522,0.3054,60.0,34.937,94.937,154.937,160.0,100.0,3.977,3.0,1.0,0.011,0.228,0.086,6564.579192,0.687084,0.0,2345,1409116,1409116,1.0,1796,1796,1.0,119754,0,1,S10|M2_LONG_LINK|42|A|L2|F4,true,false,false,/home/cyfer/FYP/WSN_simulation_V3/runs/S10_5000/outputs_production_50seed_part41_45/run_campaign_v3_S10_M2_LONG_LINK_A_L2_F4_H1_seed042_42_20260603_113020
campaign_v3_S10_M2_LONG_LINK_A_L2_F4_H1_seed043,campaign_v3_S10_M2_LONG_LINK_A_L2_F4_H1_seed043_43_20260603_113219,S10,5000,200,6,M2_LONG_LINK,43,A,L2,F4,H1,V3,map_S10_M2_LONG_LINK_seed043,c6c5b21dd2f84d0016ef5e0edc0c3a5a605eeddec74ac0fbbf68ed035869f43a,97.224,337.803,203.017,406.555,25,788,3.1467,0.295,60.0,34.121,94.121,154.121,160.0,100.0,4.048,3.0,1.0,0.009,0.169,0.171,6591.171917,0.681766,0.0,2348,1409746,1409746,1.0,1796,1796,1.0,119829,0,1,S10|M2_LONG_LINK|43|A|L2|F4,true,false,false,/home/cyfer/FYP/WSN_simulation_V3/runs/S10_5000/outputs_production_50seed_part41_45/run_campaign_v3_S10_M2_LONG_LINK_A_L2_F4_H1_seed043_43_20260603_113219
campaign_v3_S10_M2_LONG_LINK_A_L2_F4_H1_seed044,campaign_v3_S10_M2_LONG_LINK_A_L2_F4_H1_seed044_44_20260603_113418,S10,5000,200,6,M2_LONG_LINK,44,A,L2,F4,H1,V3,map_S10_M2_LONG_LINK_seed044,4ba8ac696f5e478c6fe1c1d1179db3ea38a2323e9a8ef4dbc2dd10adb64f778b,97.875,343.411,196.029,397.845,25,742,3.1222,0.2948,60.0,35.472,95.472,155.472,160.0,100.0,5.103,3.0,1.0,0.028,0.495,0.178,6614.868585,0.677026,0.0,2365,1406785,1406785,1.0,1796,1796,1.0,119479,0,1,S10|M2_LONG_LINK|44|A|L2|F4,true,false,false,/home/cyfer/FYP/WSN_simulation_V3/runs/S10_5000/outputs_production_50seed_part41_45/run_campaign_v3_S10_M2_LONG_LINK_A_L2_F4_H1_seed044_44_20260603_113418
campaign_v3_S10_M2_LONG_LINK_A_L2_F4_H1_seed045,campaign_v3_S10_M2_LONG_LINK_A_L2_F4_H1_seed045_45_20260603_113617,S10,5000,200,6,M2_LONG_LINK,45,A,L2,F4,H1,V3,map_S10_M2_LONG_LINK_seed045,3bce78a76991576b411506ee11fb37c3796d85bcaabb6fb8e97e2973ebd5a114,98.869,346.221,199.985,401.301,25,958,3.3448,0.293,60.0,34.105,94.105,154.105,160.0,100.0,3.904,3.0,1.0,0.01,0.214,0.077,6624.652812,0.675069,0.0,2372,1409116,1409116,1.0,1796,1796,1.0,119754,0,1,S10|M2_LONG_LINK|45|A|L2|F4,true,false,false,/home/cyfer/FYP/WSN_simulation_V3/runs/S10_5000/outputs_production_50seed_part41_45/run_campaign_v3_S10_M2_LONG_LINK_A_L2_F4_H1_seed045_45_20260603_113617
campaign_v3_S10_M2_LONG_LINK_A_L2_F4_H3_seed041,campaign_v3_S10_M2_LONG_LINK_A_L2_F4_H3_seed041_41_20260603_112820,S10,5000,200,6,M2_LONG_LINK,41,A,L2,F4,H3,V3,map_S10_M2_LONG_LINK_seed041,9a7a6306da33858403718f6d6a6efc6dd36a559ea0d91a6dc5a81010910f1ef7,98.439,345.835,197.303,401.064,25,807,3.0751,0.295,60.0,40.972,100.972,160.972,170.0,110.0,4.404,3.0,1.0,0.016,0.31,0.142,6590.645129,0.681871,0.0,2345,1408294,1408294,1.0,1778,1778,1.0,119679,0,1,S10|M2_LONG_LINK|41|A|L2|F4,true,false,false,/home/cyfer/FYP/WSN_simulation_V3/runs/S10_5000/outputs_production_50seed_part41_45/run_campaign_v3_S10_M2_LONG_LINK_A_L2_F4_H3_seed041_41_20260603_112820
campaign_v3_S10_M2_LONG_LINK_A_L2_F4_H3_seed042,campaign_v3_S10_M2_LONG_LINK_A_L2_F4_H3_seed042_42_20260603_113021,S10,5000,200,6,M2_LONG_LINK,42,A,L2,F4,H3,V3,map_S10_M2_LONG_LINK_seed042,654886926220e740373ea1aee8f686f1b284eb341d9afa43635772a41a92b6e4,99.981,360.819,198.136,398.213,25,891,3.5522,0.3054,60.0,40.864,100.864,160.864,170.0,110.0,3.977,3.0,1.0,0.011,0.228,0.086,6564.087574,0.687182,0.0,2345,1408961,1408961,1.0,1796,1796,1.0,119754,0,1,S10|M2_LONG_LINK|42|A|L2|F4,true,false,false,/home/cyfer/FYP/WSN_simulation_V3/runs/S10_5000/outputs_production_50seed_part41_45/run_campaign_v3_S10_M2_LONG_LINK_A_L2_F4_H3_seed042_42_20260603_113021
campaign_v3_S10_M2_LONG_LINK_A_L2_F4_H3_seed043,campaign_v3_S10_M2_LONG_LINK_A_L2_F4_H3_seed043_43_20260603_113221,S10,5000,200,6,M2_LONG_LINK,43,A,L2,F4,H3,V3,map_S10_M2_LONG_LINK_seed043,c6c5b21dd2f84d0016ef5e0edc0c3a5a605eeddec74ac0fbbf68ed035869f43a,97.224,337.803,203.017,406.555,25,788,3.1467,0.295,60.0,40.644,100.644,160.644,170.0,110.0,4.048,3.0,1.0,0.009,0.169,0.171,6590.780057,0.681844,0.0,2348,1409647,1409647,1.0,1796,1796,1.0,119829,0,1,S10|M2_LONG_LINK|43|A|L2|F4,true,false,false,/home/cyfer/FYP/WSN_simulation_V3/runs/S10_5000/outputs_production_50seed_part41_45/run_campaign_v3_S10_M2_LONG_LINK_A_L2_F4_H3_seed043_43_20260603_113221
campaign_v3_S10_M2_LONG_LINK_A_L2_F4_H3_seed044,campaign_v3_S10_M2_LONG_LINK_A_L2_F4_H3_seed044_44_20260603_113419,S10,5000,200,6,M2_LONG_LINK,44,A,L2,F4,H3,V3,map_S10_M2_LONG_LINK_seed044,4ba8ac696f5e478c6fe1c1d1179db3ea38a2323e9a8ef4dbc2dd10adb64f778b,97.875,343.411,196.029,397.845,25,742,3.1222,0.2948,60.0,41.498,101.498,161.498,170.0,110.0,5.103,3.0,1.0,0.028,0.495,0.178,6613.903532,0.677219,0.0,2365,1406479,1406479,1.0,1796,1796,1.0,119479,0,1,S10|M2_LONG_LINK|44|A|L2|F4,true,false,false,/home/cyfer/FYP/WSN_simulation_V3/runs/S10_5000/outputs_production_50seed_part41_45/run_campaign_v3_S10_M2_LONG_LINK_A_L2_F4_H3_seed044_44_20260603_113419
campaign_v3_S10_M2_LONG_LINK_A_L2_F4_H3_seed045,campaign_v3_S10_M2_LONG_LINK_A_L2_F4_H3_seed045_45_20260603_113618,S10,5000,200,6,M2_LONG_LINK,45,A,L2,F4,H3,V3,map_S10_M2_LONG_LINK_seed045,3bce78a76991576b411506ee11fb37c3796d85bcaabb6fb8e97e2973ebd5a114,98.869,346.221,199.985,401.301,25,958,3.3448,0.293,60.0,40.713,100.713,160.713,170.0,110.0,3.904,3.0,1.0,0.01,0.214,0.077,6624.247344,0.675151,0.0,2372,1408961,1408961,1.0,1796,1796,1.0,119754,0,1,S10|M2_LONG_LINK|45|A|L2|F4,true,false,false,/home/cyfer/FYP/WSN_simulation_V3/runs/S10_5000/outputs_production_50seed_part41_45/run_campaign_v3_S10_M2_LONG_LINK_A_L2_F4_H3_seed045_45_20260603_113618
campaign_v3_S10_M2_LONG_LINK_A_L2_F4_H4_seed041,campaign_v3_S10_M2_LONG_LINK_A_L2_F4_H4_seed041_41_20260603_112822,S10,5000,200,6,M2_LONG_LINK,41,A,L2,F4,H4,V3,map_S10_M2_LONG_LINK_seed041,9a7a6306da33858403718f6d6a6efc6dd36a559ea0d91a6dc5a81010910f1ef7,98.439,345.835,197.303,401.064,25,807,3.0751,0.295,60.0,44.875,104.875,164.875,170.0,110.0,4.404,3.0,1.0,0.016,0.31,0.142,6581.247464,0.683751,0.0,2345,1404732,1404732,1.0,1778,1778,1.0,118983,0,1,S10|M2_LONG_LINK|41|A|L2|F4,true,false,false,/home/cyfer/FYP/WSN_simulation_V3/runs/S10_5000/outputs_production_50seed_part41_45/run_campaign_v3_S10_M2_LONG_LINK_A_L2_F4_H4_seed041_41_20260603_112822
campaign_v3_S10_M2_LONG_LINK_A_L2_F4_H4_seed042,campaign_v3_S10_M2_LONG_LINK_A_L2_F4_H4_seed042_42_20260603_113023,S10,5000,200,6,M2_LONG_LINK,42,A,L2,F4,H4,V3,map_S10_M2_LONG_LINK_seed042,654886926220e740373ea1aee8f686f1b284eb341d9afa43635772a41a92b6e4,99.981,360.819,198.136,398.213,25,891,3.5522,0.3054,60.0,44.311,104.311,164.311,170.0,110.0,3.977,3.0,1.0,0.011,0.228,0.086,6558.863748,0.688227,0.0,2345,1406692,1406692,1.0,1796,1796,1.0,119308,0,1,S10|M2_LONG_LINK|42|A|L2|F4,true,false,false,/home/cyfer/FYP/WSN_simulation_V3/runs/S10_5000/outputs_production_50seed_part41_45/run_campaign_v3_S10_M2_LONG_LINK_A_L2_F4_H4_seed042_42_20260603_113023
campaign_v3_S10_M2_LONG_LINK_A_L2_F4_H4_seed043,campaign_v3_S10_M2_LONG_LINK_A_L2_F4_H4_seed043_43_20260603_113222,S10,5000,200,6,M2_LONG_LINK,43,A,L2,F4,H4,V3,map_S10_M2_LONG_LINK_seed043,c6c5b21dd2f84d0016ef5e0edc0c3a5a605eeddec74ac0fbbf68ed035869f43a,97.224,337.803,203.017,406.555,25,788,3.1467,0.295,60.0,44.722,104.722,164.722,170.0,110.0,4.048,3.0,1.0,0.009,0.169,0.171,6587.799186,0.68244,0.0,2347,1408522,1408522,1.0,1796,1796,1.0,119608,0,1,S10|M2_LONG_LINK|43|A|L2|F4,true,false,false,/home/cyfer/FYP/WSN_simulation_V3/runs/S10_5000/outputs_production_50seed_part41_45/run_campaign_v3_S10_M2_LONG_LINK_A_L2_F4_H4_seed043_43_20260603_113222
campaign_v3_S10_M2_LONG_LINK_A_L2_F4_H4_seed044,campaign_v3_S10_M2_LONG_LINK_A_L2_F4_H4_seed044_44_20260603_113420,S10,5000,200,6,M2_LONG_LINK,44,A,L2,F4,H4,V3,map_S10_M2_LONG_LINK_seed044,4ba8ac696f5e478c6fe1c1d1179db3ea38a2323e9a8ef4dbc2dd10adb64f778b,97.875,343.411,196.029,397.845,25,742,3.1222,0.2948,60.0,45.641,105.641,165.641,170.0,110.0,5.103,3.0,1.0,0.028,0.495,0.178,6608.078113,0.678384,0.0,2365,1404011,1404011,1.0,1796,1796,1.0,118983,0,1,S10|M2_LONG_LINK|44|A|L2|F4,true,false,false,/home/cyfer/FYP/WSN_simulation_V3/runs/S10_5000/outputs_production_50seed_part41_45/run_campaign_v3_S10_M2_LONG_LINK_A_L2_F4_H4_seed044_44_20260603_113420
campaign_v3_S10_M2_LONG_LINK_A_L2_F4_H4_seed045,campaign_v3_S10_M2_LONG_LINK_A_L2_F4_H4_seed045_45_20260603_113620,S10,5000,200,6,M2_LONG_LINK,45,A,L2,F4,H4,V3,map_S10_M2_LONG_LINK_seed045,3bce78a76991576b411506ee11fb37c3796d85bcaabb6fb8e97e2973ebd5a114,98.869,346.221,199.985,401.301,25,958,3.3448,0.293,60.0,44.157,104.157,164.157,170.0,110.0,3.904,3.0,1.0,0.01,0.214,0.077,6623.179246,0.675364,0.0,2372,1408642,1408642,1.0,1796,1796,1.0,119683,0,1,S10|M2_LONG_LINK|45|A|L2|F4,true,false,false,/home/cyfer/FYP/WSN_simulation_V3/runs/S10_5000/outputs_production_50seed_part41_45/run_campaign_v3_S10_M2_LONG_LINK_A_L2_F4_H4_seed045_45_20260603_113620
campaign_v3_S10_M2_LONG_LINK_B_L1_F0_H0_seed041,campaign_v3_S10_M2_LONG_LINK_B_L1_F0_H0_seed041_41_20260603_112823,S10,5000,200,6,M2_LONG_LINK,41,B,L1,F0,H0,V1,map_S10_M2_LONG_LINK_seed041,9a7a6306da33858403718f6d6a6efc6dd36a559ea0d91a6dc5a81010910f1ef7,98.439,345.835,197.303,401.064,25,807,3.0751,0.295,0.0,-1.0,-1.0,-1.0,-1.0,-1.0,0.0,0.0,0.0,0.0,0.0,0.0,5586.875549,0.882625,0.0,1956,1411200,1411200,1.0,1782,1782,1.0,120000,0,0,S10|M2_LONG_LINK|41|B|L1|F0,false,true,false,/home/cyfer/FYP/WSN_simulation_V3/runs/S10_5000/outputs_production_50seed_part41_45/run_campaign_v3_S10_M2_LONG_LINK_B_L1_F0_H0_seed041_41_20260603_112823
campaign_v3_S10_M2_LONG_LINK_B_L1_F0_H0_seed042,campaign_v3_S10_M2_LONG_LINK_B_L1_F0_H0_seed042_42_20260603_113024,S10,5000,200,6,M2_LONG_LINK,42,B,L1,F0,H0,V1,map_S10_M2_LONG_LINK_seed042,654886926220e740373ea1aee8f686f1b284eb341d9afa43635772a41a92b6e4,99.981,360.819,198.136,398.213,25,891,3.5522,0.3054,0.0,-1.0,-1.0,-1.0,-1.0,-1.0,0.0,0.0,0.0,0.0,0.0,0.0,5636.221571,0.872756,0.0,2083,1411200,1411200,1.0,1800,1800,1.0,120000,0,0,S10|M2_LONG_LINK|42|B|L1|F0,false,true,false,/home/cyfer/FYP/WSN_simulation_V3/runs/S10_5000/outputs_production_50seed_part41_45/run_campaign_v3_S10_M2_LONG_LINK_B_L1_F0_H0_seed042_42_20260603_113024
campaign_v3_S10_M2_LONG_LINK_B_L1_F0_H0_seed043,campaign_v3_S10_M2_LONG_LINK_B_L1_F0_H0_seed043_43_20260603_113223,S10,5000,200,6,M2_LONG_LINK,43,B,L1,F0,H0,V1,map_S10_M2_LONG_LINK_seed043,c6c5b21dd2f84d0016ef5e0edc0c3a5a605eeddec74ac0fbbf68ed035869f43a,97.224,337.803,203.017,406.555,25,788,3.1467,0.295,0.0,-1.0,-1.0,-1.0,-1.0,-1.0,0.0,0.0,0.0,0.0,0.0,0.0,5571.192445,0.885762,0.0,1937,1411200,1411200,1.0,1800,1800,1.0,120000,0,0,S10|M2_LONG_LINK|43|B|L1|F0,false,true,false,/home/cyfer/FYP/WSN_simulation_V3/runs/S10_5000/outputs_production_50seed_part41_45/run_campaign_v3_S10_M2_LONG_LINK_B_L1_F0_H0_seed043_43_20260603_113223
campaign_v3_S10_M2_LONG_LINK_B_L1_F0_H0_seed044,campaign_v3_S10_M2_LONG_LINK_B_L1_F0_H0_seed044_44_20260603_113422,S10,5000,200,6,M2_LONG_LINK,44,B,L1,F0,H0,V1,map_S10_M2_LONG_LINK_seed044,4ba8ac696f5e478c6fe1c1d1179db3ea38a2323e9a8ef4dbc2dd10adb64f778b,97.875,343.411,196.029,397.845,25,742,3.1222,0.2948,0.0,-1.0,-1.0,-1.0,-1.0,-1.0,0.0,0.0,0.0,0.0,0.0,0.0,5615.654714,0.876869,0.0,1975,1411200,1411200,1.0,1800,1800,1.0,120000,0,0,S10|M2_LONG_LINK|44|B|L1|F0,false,true,false,/home/cyfer/FYP/WSN_simulation_V3/runs/S10_5000/outputs_production_50seed_part41_45/run_campaign_v3_S10_M2_LONG_LINK_B_L1_F0_H0_seed044_44_20260603_113422
campaign_v3_S10_M2_LONG_LINK_B_L1_F0_H0_seed045,campaign_v3_S10_M2_LONG_LINK_B_L1_F0_H0_seed045_45_20260603_113621,S10,5000,200,6,M2_LONG_LINK,45,B,L1,F0,H0,V1,map_S10_M2_LONG_LINK_seed045,3bce78a76991576b411506ee11fb37c3796d85bcaabb6fb8e97e2973ebd5a114,98.869,346.221,199.985,401.301,25,958,3.3448,0.293,0.0,-1.0,-1.0,-1.0,-1.0,-1.0,0.0,0.0,0.0,0.0,0.0,0.0,5627.790088,0.874442,0.0,1990,1411200,1411200,1.0,1800,1800,1.0,120000,0,0,S10|M2_LONG_LINK|45|B|L1|F0,false,true,false,/home/cyfer/FYP/WSN_simulation_V3/runs/S10_5000/outputs_production_50seed_part41_45/run_campaign_v3_S10_M2_LONG_LINK_B_L1_F0_H0_seed045_45_20260603_113621
campaign_v3_S10_M2_LONG_LINK_B_L1_F1_H0_seed041,campaign_v3_S10_M2_LONG_LINK_B_L1_F1_H0_seed041_41_20260603_112824,S10,5000,200,6,M2_LONG_LINK,41,B,L1,F1,H0,V2,map_S10_M2_LONG_LINK_seed041,9a7a6306da33858403718f6d6a6efc6dd36a559ea0d91a6dc5a81010910f1ef7,98.439,345.835,197.303,401.064,25,807,3.0751,0.295,60.0,-1.0,-1.0,-1.0,-1.0,-1.0,0.0,0.0,0.0,0.0,0.0,0.0,5580.729612,0.883578,0.0,1956,1408145,1408145,1.0,1774,1774,1.0,120065,1,0,S10|M2_LONG_LINK|41|B|L1|F1,false,false,true,/home/cyfer/FYP/WSN_simulation_V3/runs/S10_5000/outputs_production_50seed_part41_45/run_campaign_v3_S10_M2_LONG_LINK_B_L1_F1_H0_seed041_41_20260603_112824
campaign_v3_S10_M2_LONG_LINK_B_L1_F1_H0_seed042,campaign_v3_S10_M2_LONG_LINK_B_L1_F1_H0_seed042_42_20260603_113025,S10,5000,200,6,M2_LONG_LINK,42,B,L1,F1,H0,V2,map_S10_M2_LONG_LINK_seed042,654886926220e740373ea1aee8f686f1b284eb341d9afa43635772a41a92b6e4,99.981,360.819,198.136,398.213,25,891,3.5522,0.3054,60.0,-1.0,-1.0,-1.0,-1.0,-1.0,0.0,0.0,0.0,0.0,0.0,0.0,5631.401078,0.873411,0.0,2083,1408850,1408850,1.0,1792,1792,1.0,120050,1,0,S10|M2_LONG_LINK|42|B|L1|F1,false,false,true,/home/cyfer/FYP/WSN_simulation_V3/runs/S10_5000/outputs_production_50seed_part41_45/run_campaign_v3_S10_M2_LONG_LINK_B_L1_F1_H0_seed042_42_20260603_113025
campaign_v3_S10_M2_LONG_LINK_B_L1_F1_H0_seed043,campaign_v3_S10_M2_LONG_LINK_B_L1_F1_H0_seed043_43_20260603_113224,S10,5000,200,6,M2_LONG_LINK,43,B,L1,F1,H0,V2,map_S10_M2_LONG_LINK_seed043,c6c5b21dd2f84d0016ef5e0edc0c3a5a605eeddec74ac0fbbf68ed035869f43a,97.224,337.803,203.017,406.555,25,788,3.1467,0.295,60.0,-1.0,-1.0,-1.0,-1.0,-1.0,0.0,0.0,0.0,0.0,0.0,0.0,5567.100292,0.886248,0.0,1937,1409555,1409555,1.0,1792,1792,1.0,120035,1,0,S10|M2_LONG_LINK|43|B|L1|F1,false,false,true,/home/cyfer/FYP/WSN_simulation_V3/runs/S10_5000/outputs_production_50seed_part41_45/run_campaign_v3_S10_M2_LONG_LINK_B_L1_F1_H0_seed043_43_20260603_113224
campaign_v3_S10_M2_LONG_LINK_B_L1_F1_H0_seed044,campaign_v3_S10_M2_LONG_LINK_B_L1_F1_H0_seed044_44_20260603_113423,S10,5000,200,6,M2_LONG_LINK,44,B,L1,F1,H0,V2,map_S10_M2_LONG_LINK_seed044,4ba8ac696f5e478c6fe1c1d1179db3ea38a2323e9a8ef4dbc2dd10adb64f778b,97.875,343.411,196.029,397.845,25,742,3.1222,0.2948,60.0,-1.0,-1.0,-1.0,-1.0,-1.0,0.0,0.0,0.0,0.0,0.0,0.0,5607.100597,0.878378,0.0,1975,1406265,1406265,1.0,1792,1792,1.0,120105,1,0,S10|M2_LONG_LINK|44|B|L1|F1,false,false,true,/home/cyfer/FYP/WSN_simulation_V3/runs/S10_5000/outputs_production_50seed_part41_45/run_campaign_v3_S10_M2_LONG_LINK_B_L1_F1_H0_seed044_44_20260603_113423
campaign_v3_S10_M2_LONG_LINK_B_L1_F1_H0_seed045,campaign_v3_S10_M2_LONG_LINK_B_L1_F1_H0_seed045_45_20260603_113622,S10,5000,200,6,M2_LONG_LINK,45,B,L1,F1,H0,V2,map_S10_M2_LONG_LINK_seed045,3bce78a76991576b411506ee11fb37c3796d85bcaabb6fb8e97e2973ebd5a114,98.869,346.221,199.985,401.301,25,958,3.3448,0.293,60.0,-1.0,-1.0,-1.0,-1.0,-1.0,0.0,0.0,0.0,0.0,0.0,0.0,5623.37795,0.87501,0.0,1990,1408850,1408850,1.0,1792,1792,1.0,120050,1,0,S10|M2_LONG_LINK|45|B|L1|F1,false,false,true,/home/cyfer/FYP/WSN_simulation_V3/runs/S10_5000/outputs_production_50seed_part41_45/run_campaign_v3_S10_M2_LONG_LINK_B_L1_F1_H0_seed045_45_20260603_113622
campaign_v3_S10_M2_LONG_LINK_B_L1_F1_H1_seed041,campaign_v3_S10_M2_LONG_LINK_B_L1_F1_H1_seed041_41_20260603_112831,S10,5000,200,6,M2_LONG_LINK,41,B,L1,F1,H1,V3,map_S10_M2_LONG_LINK_seed041,9a7a6306da33858403718f6d6a6efc6dd36a559ea0d91a6dc5a81010910f1ef7,98.439,345.835,197.303,401.064,25,807,3.0751,0.295,60.0,18.738,78.738,138.738,140.0,80.0,6.474,3.0,1.0,0.016,1.0,0.142,5585.513123,0.882621,0.0,1957,1410173,1410173,1.0,1779,1779,1.0,120000,0,1,S10|M2_LONG_LINK|41|B|L1|F1,true,false,false,/home/cyfer/FYP/WSN_simulation_V3/runs/S10_5000/outputs_production_50seed_part41_45/run_campaign_v3_S10_M2_LONG_LINK_B_L1_F1_H1_seed041_41_20260603_112831
campaign_v3_S10_M2_LONG_LINK_B_L1_F1_H1_seed042,campaign_v3_S10_M2_LONG_LINK_B_L1_F1_H1_seed042_42_20260603_113032,S10,5000,200,6,M2_LONG_LINK,42,B,L1,F1,H1,V3,map_S10_M2_LONG_LINK_seed042,654886926220e740373ea1aee8f686f1b284eb341d9afa43635772a41a92b6e4,99.981,360.819,198.136,398.213,25,891,3.5522,0.3054,60.0,18.754,78.754,138.754,140.0,80.0,6.292,3.0,1.0,0.011,1.0,0.086,5634.844432,0.872722,0.0,2083,1410410,1410410,1.0,1797,1797,1.0,120000,0,1,S10|M2_LONG_LINK|42|B|L1|F1,true,false,false,/home/cyfer/FYP/WSN_simulation_V3/runs/S10_5000/outputs_production_50seed_part41_45/run_campaign_v3_S10_M2_LONG_LINK_B_L1_F1_H1_seed042_42_20260603_113032
campaign_v3_S10_M2_LONG_LINK_B_L1_F1_H1_seed043,campaign_v3_S10_M2_LONG_LINK_B_L1_F1_H1_seed043_43_20260603_113231,S10,5000,200,6,M2_LONG_LINK,43,B,L1,F1,H1,V3,map_S10_M2_LONG_LINK_seed043,c6c5b21dd2f84d0016ef5e0edc0c3a5a605eeddec74ac0fbbf68ed035869f43a,97.224,337.803,203.017,406.555,25,788,3.1467,0.295,60.0,18.63,78.63,138.63,140.0,80.0,6.541,3.0,1.0,0.009,1.0,0.171,5569.83443,0.885701,0.0,1937,1410647,1410647,1.0,1797,1797,1.0,120000,0,1,S10|M2_LONG_LINK|43|B|L1|F1,true,false,false,/home/cyfer/FYP/WSN_simulation_V3/runs/S10_5000/outputs_production_50seed_part41_45/run_campaign_v3_S10_M2_LONG_LINK_B_L1_F1_H1_seed043_43_20260603_113231
campaign_v3_S10_M2_LONG_LINK_B_L1_F1_H1_seed044,campaign_v3_S10_M2_LONG_LINK_B_L1_F1_H1_seed044_44_20260603_113429,S10,5000,200,6,M2_LONG_LINK,44,B,L1,F1,H1,V3,map_S10_M2_LONG_LINK_seed044,4ba8ac696f5e478c6fe1c1d1179db3ea38a2323e9a8ef4dbc2dd10adb64f778b,97.875,343.411,196.029,397.845,25,742,3.1222,0.2948,60.0,18.904,78.904,138.904,140.0,80.0,6.619,3.0,1.0,0.028,1.0,0.178,5613.911838,0.877015,0.0,1976,1409541,1409541,1.0,1797,1797,1.0,120000,0,1,S10|M2_LONG_LINK|44|B|L1|F1,true,false,false,/home/cyfer/FYP/WSN_simulation_V3/runs/S10_5000/outputs_production_50seed_part41_45/run_campaign_v3_S10_M2_LONG_LINK_B_L1_F1_H1_seed044_44_20260603_113429
campaign_v3_S10_M2_LONG_LINK_B_L1_F1_H1_seed045,campaign_v3_S10_M2_LONG_LINK_B_L1_F1_H1_seed045_45_20260603_113629,S10,5000,200,6,M2_LONG_LINK,45,B,L1,F1,H1,V3,map_S10_M2_LONG_LINK_seed045,3bce78a76991576b411506ee11fb37c3796d85bcaabb6fb8e97e2973ebd5a114,98.869,346.221,199.985,401.301,25,958,3.3448,0.293,60.0,18.595,78.595,138.595,140.0,80.0,6.261,3.0,1.0,0.01,1.0,0.077,5626.507487,0.874384,0.0,1990,1410410,1410410,1.0,1797,1797,1.0,120000,0,1,S10|M2_LONG_LINK|45|B|L1|F1,true,false,false,/home/cyfer/FYP/WSN_simulation_V3/runs/S10_5000/outputs_production_50seed_part41_45/run_campaign_v3_S10_M2_LONG_LINK_B_L1_F1_H1_seed045_45_20260603_113629
campaign_v3_S10_M2_LONG_LINK_B_L1_F1_H3_seed041,campaign_v3_S10_M2_LONG_LINK_B_L1_F1_H3_seed041_41_20260603_112834,S10,5000,200,6,M2_LONG_LINK,41,B,L1,F1,H3,V3,map_S10_M2_LONG_LINK_seed041,9a7a6306da33858403718f6d6a6efc6dd36a559ea0d91a6dc5a81010910f1ef7,98.439,345.835,197.303,401.064,25,807,3.0751,0.295,60.0,25.176,85.176,145.176,150.0,90.0,6.474,3.0,1.0,0.016,1.0,0.142,5583.147684,0.883094,0.0,1956,1409188,1409188,1.0,1779,1779,1.0,119850,0,1,S10|M2_LONG_LINK|41|B|L1|F1,true,false,false,/home/cyfer/FYP/WSN_simulation_V3/runs/S10_5000/outputs_production_50seed_part41_45/run_campaign_v3_S10_M2_LONG_LINK_B_L1_F1_H3_seed041_41_20260603_112834
campaign_v3_S10_M2_LONG_LINK_B_L1_F1_H3_seed042,campaign_v3_S10_M2_LONG_LINK_B_L1_F1_H3_seed042_42_20260603_113035,S10,5000,200,6,M2_LONG_LINK,42,B,L1,F1,H3,V3,map_S10_M2_LONG_LINK_seed042,654886926220e740373ea1aee8f686f1b284eb341d9afa43635772a41a92b6e4,99.981,360.819,198.136,398.213,25,891,3.5522,0.3054,60.0,24.396,84.396,144.396,150.0,90.0,6.292,3.0,1.0,0.011,1.0,0.086,5632.971311,0.873097,0.0,2083,1409600,1409600,1.0,1797,1797,1.0,119875,0,1,S10|M2_LONG_LINK|42|B|L1|F1,true,false,false,/home/cyfer/FYP/WSN_simulation_V3/runs/S10_5000/outputs_production_50seed_part41_45/run_campaign_v3_S10_M2_LONG_LINK_B_L1_F1_H3_seed042_42_20260603_113035
campaign_v3_S10_M2_LONG_LINK_B_L1_F1_H3_seed043,campaign_v3_S10_M2_LONG_LINK_B_L1_F1_H3_seed043_43_20260603_113234,S10,5000,200,6,M2_LONG_LINK,43,B,L1,F1,H3,V3,map_S10_M2_LONG_LINK_seed043,c6c5b21dd2f84d0016ef5e0edc0c3a5a605eeddec74ac0fbbf68ed035869f43a,97.224,337.803,203.017,406.555,25,788,3.1467,0.295,60.0,25.477,85.477,145.477,150.0,90.0,6.541,3.0,1.0,0.009,1.0,0.171,5568.418087,0.885984,0.0,1937,1410151,1410151,1.0,1797,1797,1.0,119925,0,1,S10|M2_LONG_LINK|43|B|L1|F1,true,false,false,/home/cyfer/FYP/WSN_simulation_V3/runs/S10_5000/outputs_production_50seed_part41_45/run_campaign_v3_S10_M2_LONG_LINK_B_L1_F1_H3_seed043_43_20260603_113234
campaign_v3_S10_M2_LONG_LINK_B_L1_F1_H3_seed044,campaign_v3_S10_M2_LONG_LINK_B_L1_F1_H3_seed044_44_20260603_113433,S10,5000,200,6,M2_LONG_LINK,44,B,L1,F1,H3,V3,map_S10_M2_LONG_LINK_seed044,4ba8ac696f5e478c6fe1c1d1179db3ea38a2323e9a8ef4dbc2dd10adb64f778b,97.875,343.411,196.029,397.845,25,742,3.1222,0.2948,60.0,25.173,85.173,145.173,150.0,90.0,6.619,3.0,1.0,0.028,1.0,0.178,5611.381132,0.877522,0.0,1976,1407904,1407904,1.0,1797,1797,1.0,119750,0,1,S10|M2_LONG_LINK|44|B|L1|F1,true,false,false,/home/cyfer/FYP/WSN_simulation_V3/runs/S10_5000/outputs_production_50seed_part41_45/run_campaign_v3_S10_M2_LONG_LINK_B_L1_F1_H3_seed044_44_20260603_113433
campaign_v3_S10_M2_LONG_LINK_B_L1_F1_H3_seed045,campaign_v3_S10_M2_LONG_LINK_B_L1_F1_H3_seed045_45_20260603_113632,S10,5000,200,6,M2_LONG_LINK,45,B,L1,F1,H3,V3,map_S10_M2_LONG_LINK_seed045,3bce78a76991576b411506ee11fb37c3796d85bcaabb6fb8e97e2973ebd5a114,98.869,346.221,199.985,401.301,25,958,3.3448,0.293,60.0,24.616,84.616,144.616,150.0,90.0,6.261,3.0,1.0,0.01,1.0,0.077,5624.98283,0.874689,0.0,1990,1409600,1409600,1.0,1797,1797,1.0,119875,0,1,S10|M2_LONG_LINK|45|B|L1|F1,true,false,false,/home/cyfer/FYP/WSN_simulation_V3/runs/S10_5000/outputs_production_50seed_part41_45/run_campaign_v3_S10_M2_LONG_LINK_B_L1_F1_H3_seed045_45_20260603_113632
campaign_v3_S10_M2_LONG_LINK_B_L1_F1_H4_seed041,campaign_v3_S10_M2_LONG_LINK_B_L1_F1_H4_seed041_41_20260603_112837,S10,5000,200,6,M2_LONG_LINK,41,B,L1,F1,H4,V3,map_S10_M2_LONG_LINK_seed041,9a7a6306da33858403718f6d6a6efc6dd36a559ea0d91a6dc5a81010910f1ef7,98.439,345.835,197.303,401.064,25,807,3.0751,0.295,60.0,29.065,89.065,149.065,150.0,90.0,6.474,3.0,1.0,0.016,1.0,0.142,5578.49009,0.884026,0.0,1957,1405990,1405990,1.0,1779,1779,1.0,119304,0,1,S10|M2_LONG_LINK|41|B|L1|F1,true,false,false,/home/cyfer/FYP/WSN_simulation_V3/runs/S10_5000/outputs_production_50seed_part41_45/run_campaign_v3_S10_M2_LONG_LINK_B_L1_F1_H4_seed041_41_20260603_112837
campaign_v3_S10_M2_LONG_LINK_B_L1_F1_H4_seed042,campaign_v3_S10_M2_LONG_LINK_B_L1_F1_H4_seed042_42_20260603_113039,S10,5000,200,6,M2_LONG_LINK,42,B,L1,F1,H4,V3,map_S10_M2_LONG_LINK_seed042,654886926220e740373ea1aee8f686f1b284eb341d9afa43635772a41a92b6e4,99.981,360.819,198.136,398.213,25,891,3.5522,0.3054,60.0,29.224,89.224,149.224,150.0,90.0,6.292,3.0,1.0,0.011,1.0,0.086,5630.830853,0.873525,0.0,2083,1407710,1407710,1.0,1797,1797,1.0,119554,0,1,S10|M2_LONG_LINK|42|B|L1|F1,true,false,false,/home/cyfer/FYP/WSN_simulation_V3/runs/S10_5000/outputs_production_50seed_part41_45/run_campaign_v3_S10_M2_LONG_LINK_B_L1_F1_H4_seed042_42_20260603_113039
campaign_v3_S10_M2_LONG_LINK_B_L1_F1_H4_seed043,campaign_v3_S10_M2_LONG_LINK_B_L1_F1_H4_seed043_43_20260603_113237,S10,5000,200,6,M2_LONG_LINK,43,B,L1,F1,H4,V3,map_S10_M2_LONG_LINK_seed043,c6c5b21dd2f84d0016ef5e0edc0c3a5a605eeddec74ac0fbbf68ed035869f43a,97.224,337.803,203.017,406.555,25,788,3.1467,0.295,60.0,28.662,88.662,148.662,150.0,90.0,6.541,3.0,1.0,0.009,1.0,0.171,5567.145287,0.886239,0.0,1936,1409283,1409283,1.0,1797,1797,1.0,119779,0,1,S10|M2_LONG_LINK|43|B|L1|F1,true,false,false,/home/cyfer/FYP/WSN_simulation_V3/runs/S10_5000/outputs_production_50seed_part41_45/run_campaign_v3_S10_M2_LONG_LINK_B_L1_F1_H4_seed043_43_20260603_113237
campaign_v3_S10_M2_LONG_LINK_B_L1_F1_H4_seed044,campaign_v3_S10_M2_LONG_LINK_B_L1_F1_H4_seed044_44_20260603_113436,S10,5000,200,6,M2_LONG_LINK,44,B,L1,F1,H4,V3,map_S10_M2_LONG_LINK_seed044,4ba8ac696f5e478c6fe1c1d1179db3ea38a2323e9a8ef4dbc2dd10adb64f778b,97.875,343.411,196.029,397.845,25,742,3.1222,0.2948,60.0,29.276,89.276,149.276,150.0,90.0,6.619,3.0,1.0,0.028,1.0,0.178,5609.292159,0.877939,0.0,1976,1406430,1406430,1.0,1797,1797,1.0,119504,0,1,S10|M2_LONG_LINK|44|B|L1|F1,true,false,false,/home/cyfer/FYP/WSN_simulation_V3/runs/S10_5000/outputs_production_50seed_part41_45/run_campaign_v3_S10_M2_LONG_LINK_B_L1_F1_H4_seed044_44_20260603_113436
campaign_v3_S10_M2_LONG_LINK_B_L1_F1_H4_seed045,campaign_v3_S10_M2_LONG_LINK_B_L1_F1_H4_seed045_45_20260603_113635,S10,5000,200,6,M2_LONG_LINK,45,B,L1,F1,H4,V3,map_S10_M2_LONG_LINK_seed045,3bce78a76991576b411506ee11fb37c3796d85bcaabb6fb8e97e2973ebd5a114,98.869,346.221,199.985,401.301,25,958,3.3448,0.293,60.0,28.76,88.76,148.76,150.0,90.0,6.261,3.0,1.0,0.01,1.0,0.077,5625.332944,0.874619,0.0,1990,1409892,1409892,1.0,1797,1797,1.0,119929,0,1,S10|M2_LONG_LINK|45|B|L1|F1,true,false,false,/home/cyfer/FYP/WSN_simulation_V3/runs/S10_5000/outputs_production_50seed_part41_45/run_campaign_v3_S10_M2_LONG_LINK_B_L1_F1_H4_seed045_45_20260603_113635
campaign_v3_S10_M2_LONG_LINK_B_L1_F2_H0_seed041,campaign_v3_S10_M2_LONG_LINK_B_L1_F2_H0_seed041_41_20260603_112827,S10,5000,200,6,M2_LONG_LINK,41,B,L1,F2,H0,V2,map_S10_M2_LONG_LINK_seed041,9a7a6306da33858403718f6d6a6efc6dd36a559ea0d91a6dc5a81010910f1ef7,98.439,345.835,197.303,401.064,25,807,3.0751,0.295,60.0,-1.0,-1.0,-1.0,-1.0,-1.0,0.0,0.0,0.0,0.0,0.0,0.0,5575.327174,0.884935,0.0,1955,1404620,1404620,1.0,1774,1774,1.0,120140,1,0,S10|M2_LONG_LINK|41|B|L1|F2,false,false,true,/home/cyfer/FYP/WSN_simulation_V3/runs/S10_5000/outputs_production_50seed_part41_45/run_campaign_v3_S10_M2_LONG_LINK_B_L1_F2_H0_seed041_41_20260603_112827
campaign_v3_S10_M2_LONG_LINK_B_L1_F2_H0_seed042,campaign_v3_S10_M2_LONG_LINK_B_L1_F2_H0_seed042_42_20260603_113029,S10,5000,200,6,M2_LONG_LINK,42,B,L1,F2,H0,V2,map_S10_M2_LONG_LINK_seed042,654886926220e740373ea1aee8f686f1b284eb341d9afa43635772a41a92b6e4,99.981,360.819,198.136,398.213,25,891,3.5522,0.3054,60.0,-1.0,-1.0,-1.0,-1.0,-1.0,0.0,0.0,0.0,0.0,0.0,0.0,5628.893911,0.874221,0.0,2082,1406970,1406970,1.0,1792,1792,1.0,120090,1,0,S10|M2_LONG_LINK|42|B|L1|F2,false,false,true,/home/cyfer/FYP/WSN_simulation_V3/runs/S10_5000/outputs_production_50seed_part41_45/run_campaign_v3_S10_M2_LONG_LINK_B_L1_F2_H0_seed042_42_20260603_113029
campaign_v3_S10_M2_LONG_LINK_B_L1_F2_H0_seed043,campaign_v3_S10_M2_LONG_LINK_B_L1_F2_H0_seed043_43_20260603_113228,S10,5000,200,6,M2_LONG_LINK,43,B,L1,F2,H0,V2,map_S10_M2_LONG_LINK_seed043,c6c5b21dd2f84d0016ef5e0edc0c3a5a605eeddec74ac0fbbf68ed035869f43a,97.224,337.803,203.017,406.555,25,788,3.1467,0.295,60.0,-1.0,-1.0,-1.0,-1.0,-1.0,0.0,0.0,0.0,0.0,0.0,0.0,5566.802601,0.886639,0.0,1936,1409085,1409085,1.0,1792,1792,1.0,120045,1,0,S10|M2_LONG_LINK|43|B|L1|F2,false,false,true,/home/cyfer/FYP/WSN_simulation_V3/runs/S10_5000/outputs_production_50seed_part41_45/run_campaign_v3_S10_M2_LONG_LINK_B_L1_F2_H0_seed043_43_20260603_113228
campaign_v3_S10_M2_LONG_LINK_B_L1_F2_H0_seed044,campaign_v3_S10_M2_LONG_LINK_B_L1_F2_H0_seed044_44_20260603_113426,S10,5000,200,6,M2_LONG_LINK,44,B,L1,F2,H0,V2,map_S10_M2_LONG_LINK_seed044,4ba8ac696f5e478c6fe1c1d1179db3ea38a2323e9a8ef4dbc2dd10adb64f778b,97.875,343.411,196.029,397.845,25,742,3.1222,0.2948,60.0,-1.0,-1.0,-1.0,-1.0,-1.0,0.0,0.0,0.0,0.0,0.0,0.0,5607.606004,0.878479,0.0,1974,1406500,1406500,1.0,1792,1792,1.0,120100,1,0,S10|M2_LONG_LINK|44|B|L1|F2,false,false,true,/home/cyfer/FYP/WSN_simulation_V3/runs/S10_5000/outputs_production_50seed_part41_45/run_campaign_v3_S10_M2_LONG_LINK_B_L1_F2_H0_seed044_44_20260603_113426
campaign_v3_S10_M2_LONG_LINK_B_L1_F2_H0_seed045,campaign_v3_S10_M2_LONG_LINK_B_L1_F2_H0_seed045_45_20260603_113625,S10,5000,200,6,M2_LONG_LINK,45,B,L1,F2,H0,V2,map_S10_M2_LONG_LINK_seed045,3bce78a76991576b411506ee11fb37c3796d85bcaabb6fb8e97e2973ebd5a114,98.869,346.221,199.985,401.301,25,958,3.3448,0.293,60.0,-1.0,-1.0,-1.0,-1.0,-1.0,0.0,0.0,0.0,0.0,0.0,0.0,5626.047106,0.874791,0.0,1990,1410495,1410495,1.0,1792,1792,1.0,120015,1,0,S10|M2_LONG_LINK|45|B|L1|F2,false,false,true,/home/cyfer/FYP/WSN_simulation_V3/runs/S10_5000/outputs_production_50seed_part41_45/run_campaign_v3_S10_M2_LONG_LINK_B_L1_F2_H0_seed045_45_20260603_113625
campaign_v3_S10_M2_LONG_LINK_B_L1_F2_H1_seed041,campaign_v3_S10_M2_LONG_LINK_B_L1_F2_H1_seed041_41_20260603_112842,S10,5000,200,6,M2_LONG_LINK,41,B,L1,F2,H1,V3,map_S10_M2_LONG_LINK_seed041,9a7a6306da33858403718f6d6a6efc6dd36a559ea0d91a6dc5a81010910f1ef7,98.439,345.835,197.303,401.064,25,807,3.0751,0.295,60.0,26.273,86.273,146.273,150.0,90.0,5.692,3.0,1.0,0.035,0.682,0.181,5584.205442,0.883159,0.0,1956,1408764,1408764,1.0,1779,1779,1.0,120000,0,1,S10|M2_LONG_LINK|41|B|L1|F2,true,false,false,/home/cyfer/FYP/WSN_simulation_V3/runs/S10_5000/outputs_production_50seed_part41_45/run_campaign_v3_S10_M2_LONG_LINK_B_L1_F2_H1_seed041_41_20260603_112842
campaign_v3_S10_M2_LONG_LINK_B_L1_F2_H1_seed042,campaign_v3_S10_M2_LONG_LINK_B_L1_F2_H1_seed042_42_20260603_113042,S10,5000,200,6,M2_LONG_LINK,42,B,L1,F2,H1,V3,map_S10_M2_LONG_LINK_seed042,654886926220e740373ea1aee8f686f1b284eb341d9afa43635772a41a92b6e4,99.981,360.819,198.136,398.213,25,891,3.5522,0.3054,60.0,25.246,85.246,145.246,150.0,90.0,4.561,3.0,1.0,0.02,0.415,0.085,5634.666609,0.873067,0.0,2083,1409652,1409652,1.0,1797,1797,1.0,120000,0,1,S10|M2_LONG_LINK|42|B|L1|F2,true,false,false,/home/cyfer/FYP/WSN_simulation_V3/runs/S10_5000/outputs_production_50seed_part41_45/run_campaign_v3_S10_M2_LONG_LINK_B_L1_F2_H1_seed042_42_20260603_113042
campaign_v3_S10_M2_LONG_LINK_B_L1_F2_H1_seed043,campaign_v3_S10_M2_LONG_LINK_B_L1_F2_H1_seed043_43_20260603_113241,S10,5000,200,6,M2_LONG_LINK,43,B,L1,F2,H1,V3,map_S10_M2_LONG_LINK_seed043,c6c5b21dd2f84d0016ef5e0edc0c3a5a605eeddec74ac0fbbf68ed035869f43a,97.224,337.803,203.017,406.555,25,788,3.1467,0.295,60.0,24.674,84.674,144.674,150.0,90.0,3.812,3.0,1.0,0.011,0.201,0.058,5569.680426,0.886064,0.0,1936,1410435,1410435,1.0,1797,1797,1.0,120000,0,1,S10|M2_LONG_LINK|43|B|L1|F2,true,false,false,/home/cyfer/FYP/WSN_simulation_V3/runs/S10_5000/outputs_production_50seed_part41_45/run_campaign_v3_S10_M2_LONG_LINK_B_L1_F2_H1_seed043_43_20260603_113241
campaign_v3_S10_M2_LONG_LINK_B_L1_F2_H1_seed044,campaign_v3_S10_M2_LONG_LINK_B_L1_F2_H1_seed044_44_20260603_113439,S10,5000,200,6,M2_LONG_LINK,44,B,L1,F2,H1,V3,map_S10_M2_LONG_LINK_seed044,4ba8ac696f5e478c6fe1c1d1179db3ea38a2323e9a8ef4dbc2dd10adb64f778b,97.875,343.411,196.029,397.845,25,742,3.1222,0.2948,60.0,25.085,85.085,145.085,150.0,90.0,4.899,3.0,1.0,0.027,0.466,0.14,5613.90193,0.87722,0.0,1975,1409480,1409480,1.0,1797,1797,1.0,120000,0,1,S10|M2_LONG_LINK|44|B|L1|F2,true,false,false,/home/cyfer/FYP/WSN_simulation_V3/runs/S10_5000/outputs_production_50seed_part41_45/run_campaign_v3_S10_M2_LONG_LINK_B_L1_F2_H1_seed044_44_20260603_113439
campaign_v3_S10_M2_LONG_LINK_B_L1_F2_H1_seed045,campaign_v3_S10_M2_LONG_LINK_B_L1_F2_H1_seed045_45_20260603_113638,S10,5000,200,6,M2_LONG_LINK,45,B,L1,F2,H1,V3,map_S10_M2_LONG_LINK_seed045,3bce78a76991576b411506ee11fb37c3796d85bcaabb6fb8e97e2973ebd5a114,98.869,346.221,199.985,401.301,25,958,3.3448,0.293,60.0,24.105,84.105,144.105,150.0,90.0,3.605,3.0,1.0,0.003,0.074,0.125,5627.235937,0.874553,0.0,1990,1410945,1410945,1.0,1797,1797,1.0,120000,0,1,S10|M2_LONG_LINK|45|B|L1|F2,true,false,false,/home/cyfer/FYP/WSN_simulation_V3/runs/S10_5000/outputs_production_50seed_part41_45/run_campaign_v3_S10_M2_LONG_LINK_B_L1_F2_H1_seed045_45_20260603_113638
campaign_v3_S10_M2_LONG_LINK_B_L1_F2_H3_seed041,campaign_v3_S10_M2_LONG_LINK_B_L1_F2_H3_seed041_41_20260603_112843,S10,5000,200,6,M2_LONG_LINK,41,B,L1,F2,H3,V3,map_S10_M2_LONG_LINK_seed041,9a7a6306da33858403718f6d6a6efc6dd36a559ea0d91a6dc5a81010910f1ef7,98.439,345.835,197.303,401.064,25,807,3.0751,0.295,60.0,32.027,92.027,152.027,160.0,100.0,5.692,3.0,1.0,0.035,0.682,0.181,5580.613863,0.883877,0.0,1956,1406608,1406608,1.0,1778,1778,1.0,119650,0,1,S10|M2_LONG_LINK|41|B|L1|F2,true,false,false,/home/cyfer/FYP/WSN_simulation_V3/runs/S10_5000/outputs_production_50seed_part41_45/run_campaign_v3_S10_M2_LONG_LINK_B_L1_F2_H3_seed041_41_20260603_112843
campaign_v3_S10_M2_LONG_LINK_B_L1_F2_H3_seed042,campaign_v3_S10_M2_LONG_LINK_B_L1_F2_H3_seed042_42_20260603_113044,S10,5000,200,6,M2_LONG_LINK,42,B,L1,F2,H3,V3,map_S10_M2_LONG_LINK_seed042,654886926220e740373ea1aee8f686f1b284eb341d9afa43635772a41a92b6e4,99.981,360.819,198.136,398.213,25,891,3.5522,0.3054,60.0,30.58,90.58,150.58,160.0,100.0,4.561,3.0,1.0,0.02,0.415,0.085,5631.756362,0.873649,0.0,2082,1408266,1408266,1.0,1796,1796,1.0,119775,0,1,S10|M2_LONG_LINK|42|B|L1|F2,true,false,false,/home/cyfer/FYP/WSN_simulation_V3/runs/S10_5000/outputs_production_50seed_part41_45/run_campaign_v3_S10_M2_LONG_LINK_B_L1_F2_H3_seed042_42_20260603_113044
campaign_v3_S10_M2_LONG_LINK_B_L1_F2_H3_seed043,campaign_v3_S10_M2_LONG_LINK_B_L1_F2_H3_seed043_43_20260603_113242,S10,5000,200,6,M2_LONG_LINK,43,B,L1,F2,H3,V3,map_S10_M2_LONG_LINK_seed043,c6c5b21dd2f84d0016ef5e0edc0c3a5a605eeddec74ac0fbbf68ed035869f43a,97.224,337.803,203.017,406.555,25,788,3.1467,0.295,60.0,30.763,90.763,150.763,160.0,100.0,3.812,3.0,1.0,0.011,0.201,0.058,5568.458633,0.886308,0.0,1936,1409805,1409805,1.0,1796,1796,1.0,119900,0,1,S10|M2_LONG_LINK|43|B|L1|F2,true,false,false,/home/cyfer/FYP/WSN_simulation_V3/runs/S10_5000/outputs_production_50seed_part41_45/run_campaign_v3_S10_M2_LONG_LINK_B_L1_F2_H3_seed043_43_20260603_113242
campaign_v3_S10_M2_LONG_LINK_B_L1_F2_H3_seed044,campaign_v3_S10_M2_LONG_LINK_B_L1_F2_H3_seed044_44_20260603_113440,S10,5000,200,6,M2_LONG_LINK,44,B,L1,F2,H3,V3,map_S10_M2_LONG_LINK_seed044,4ba8ac696f5e478c6fe1c1d1179db3ea38a2323e9a8ef4dbc2dd10adb64f778b,97.875,343.411,196.029,397.845,25,742,3.1222,0.2948,60.0,31.695,91.695,151.695,160.0,100.0,4.899,3.0,1.0,0.027,0.466,0.14,5611.002933,0.877799,0.0,1974,1407930,1407930,1.0,1796,1796,1.0,119750,0,1,S10|M2_LONG_LINK|44|B|L1|F2,true,false,false,/home/cyfer/FYP/WSN_simulation_V3/runs/S10_5000/outputs_production_50seed_part41_45/run_campaign_v3_S10_M2_LONG_LINK_B_L1_F2_H3_seed044_44_20260603_113440
campaign_v3_S10_M2_LONG_LINK_B_L1_F2_H3_seed045,campaign_v3_S10_M2_LONG_LINK_B_L1_F2_H3_seed045_45_20260603_113639,S10,5000,200,6,M2_LONG_LINK,45,B,L1,F2,H3,V3,map_S10_M2_LONG_LINK_seed045,3bce78a76991576b411506ee11fb37c3796d85bcaabb6fb8e97e2973ebd5a114,98.869,346.221,199.985,401.301,25,958,3.3448,0.293,60.0,30.436,90.436,150.436,160.0,100.0,3.605,3.0,1.0,0.003,0.074,0.125,5626.748637,0.87465,0.0,1990,1410783,1410783,1.0,1796,1796,1.0,119975,0,1,S10|M2_LONG_LINK|45|B|L1|F2,true,false,false,/home/cyfer/FYP/WSN_simulation_V3/runs/S10_5000/outputs_production_50seed_part41_45/run_campaign_v3_S10_M2_LONG_LINK_B_L1_F2_H3_seed045_45_20260603_113639
campaign_v3_S10_M2_LONG_LINK_B_L1_F2_H4_seed041,campaign_v3_S10_M2_LONG_LINK_B_L1_F2_H4_seed041_41_20260603_112844,S10,5000,200,6,M2_LONG_LINK,41,B,L1,F2,H4,V3,map_S10_M2_LONG_LINK_seed041,9a7a6306da33858403718f6d6a6efc6dd36a559ea0d91a6dc5a81010910f1ef7,98.439,345.835,197.303,401.064,25,807,3.0751,0.295,60.0,36.011,96.011,156.011,160.0,100.0,5.692,3.0,1.0,0.035,0.682,0.181,5583.736717,0.883253,0.0,1956,1408484,1408484,1.0,1778,1778,1.0,120000,0,1,S10|M2_LONG_LINK|41|B|L1|F2,true,false,false,/home/cyfer/FYP/WSN_simulation_V3/runs/S10_5000/outputs_production_50seed_part41_45/run_campaign_v3_S10_M2_LONG_LINK_B_L1_F2_H4_seed041_41_20260603_112844
campaign_v3_S10_M2_LONG_LINK_B_L1_F2_H4_seed042,campaign_v3_S10_M2_LONG_LINK_B_L1_F2_H4_seed042_42_20260603_113045,S10,5000,200,6,M2_LONG_LINK,42,B,L1,F2,H4,V3,map_S10_M2_LONG_LINK_seed042,654886926220e740373ea1aee8f686f1b284eb341d9afa43635772a41a92b6e4,99.981,360.819,198.136,398.213,25,891,3.5522,0.3054,60.0,35.466,95.466,155.466,160.0,100.0,4.561,3.0,1.0,0.02,0.415,0.085,5634.409742,0.873118,0.0,2083,1409472,1409472,1.0,1796,1796,1.0,120000,0,1,S10|M2_LONG_LINK|42|B|L1|F2,true,false,false,/home/cyfer/FYP/WSN_simulation_V3/runs/S10_5000/outputs_production_50seed_part41_45/run_campaign_v3_S10_M2_LONG_LINK_B_L1_F2_H4_seed042_42_20260603_113045
campaign_v3_S10_M2_LONG_LINK_B_L1_F2_H4_seed043,campaign_v3_S10_M2_LONG_LINK_B_L1_F2_H4_seed043_43_20260603_113243,S10,5000,200,6,M2_LONG_LINK,43,B,L1,F2,H4,V3,map_S10_M2_LONG_LINK_seed043,c6c5b21dd2f84d0016ef5e0edc0c3a5a605eeddec74ac0fbbf68ed035869f43a,97.224,337.803,203.017,406.555,25,788,3.1467,0.295,60.0,34.686,94.686,154.686,160.0,100.0,3.812,3.0,1.0,0.011,0.201,0.058,5569.485171,0.886103,0.0,1936,1410345,1410345,1.0,1796,1796,1.0,120000,0,1,S10|M2_LONG_LINK|43|B|L1|F2,true,false,false,/home/cyfer/FYP/WSN_simulation_V3/runs/S10_5000/outputs_production_50seed_part41_45/run_campaign_v3_S10_M2_LONG_LINK_B_L1_F2_H4_seed043_43_20260603_113243
campaign_v3_S10_M2_LONG_LINK_B_L1_F2_H4_seed044,campaign_v3_S10_M2_LONG_LINK_B_L1_F2_H4_seed044_44_20260603_113442,S10,5000,200,6,M2_LONG_LINK,44,B,L1,F2,H4,V3,map_S10_M2_LONG_LINK_seed044,4ba8ac696f5e478c6fe1c1d1179db3ea38a2323e9a8ef4dbc2dd10adb64f778b,97.875,343.411,196.029,397.845,25,742,3.1222,0.2948,60.0,35.614,95.614,155.614,160.0,100.0,4.899,3.0,1.0,0.027,0.466,0.14,5613.609977,0.877278,0.0,1975,1409280,1409280,1.0,1796,1796,1.0,120000,0,1,S10|M2_LONG_LINK|44|B|L1|F2,true,false,false,/home/cyfer/FYP/WSN_simulation_V3/runs/S10_5000/outputs_production_50seed_part41_45/run_campaign_v3_S10_M2_LONG_LINK_B_L1_F2_H4_seed044_44_20260603_113442
campaign_v3_S10_M2_LONG_LINK_B_L1_F2_H4_seed045,campaign_v3_S10_M2_LONG_LINK_B_L1_F2_H4_seed045_45_20260603_113640,S10,5000,200,6,M2_LONG_LINK,45,B,L1,F2,H4,V3,map_S10_M2_LONG_LINK_seed045,3bce78a76991576b411506ee11fb37c3796d85bcaabb6fb8e97e2973ebd5a114,98.869,346.221,199.985,401.301,25,958,3.3448,0.293,60.0,34.036,94.036,154.036,160.0,100.0,3.605,3.0,1.0,0.003,0.074,0.125,5627.150529,0.87457,0.0,1990,1410915,1410915,1.0,1796,1796,1.0,120000,0,1,S10|M2_LONG_LINK|45|B|L1|F2,true,false,false,/home/cyfer/FYP/WSN_simulation_V3/runs/S10_5000/outputs_production_50seed_part41_45/run_campaign_v3_S10_M2_LONG_LINK_B_L1_F2_H4_seed045_45_20260603_113640
campaign_v3_S10_M2_LONG_LINK_B_L1_F3_H0_seed041,campaign_v3_S10_M2_LONG_LINK_B_L1_F3_H0_seed041_41_20260603_112828,S10,5000,200,6,M2_LONG_LINK,41,B,L1,F3,H0,V2,map_S10_M2_LONG_LINK_seed041,9a7a6306da33858403718f6d6a6efc6dd36a559ea0d91a6dc5a81010910f1ef7,98.439,345.835,197.303,401.064,25,807,3.0751,0.295,60.0,-1.0,-1.0,-1.0,-1.0,-1.0,0.0,0.0,0.0,0.0,0.0,0.0,5582.822821,0.883435,0.0,1955,1409320,1409320,1.0,1774,1774,1.0,120040,1,0,S10|M2_LONG_LINK|41|B|L1|F3,false,false,true,/home/cyfer/FYP/WSN_simulation_V3/runs/S10_5000/outputs_production_50seed_part41_45/run_campaign_v3_S10_M2_LONG_LINK_B_L1_F3_H0_seed041_41_20260603_112828
campaign_v3_S10_M2_LONG_LINK_B_L1_F3_H0_seed042,campaign_v3_S10_M2_LONG_LINK_B_L1_F3_H0_seed042_42_20260603_113030,S10,5000,200,6,M2_LONG_LINK,42,B,L1,F3,H0,V2,map_S10_M2_LONG_LINK_seed042,654886926220e740373ea1aee8f686f1b284eb341d9afa43635772a41a92b6e4,99.981,360.819,198.136,398.213,25,891,3.5522,0.3054,60.0,-1.0,-1.0,-1.0,-1.0,-1.0,0.0,0.0,0.0,0.0,0.0,0.0,5630.589666,0.873882,0.0,2082,1408380,1408380,1.0,1792,1792,1.0,120060,1,0,S10|M2_LONG_LINK|42|B|L1|F3,false,false,true,/home/cyfer/FYP/WSN_simulation_V3/runs/S10_5000/outputs_production_50seed_part41_45/run_campaign_v3_S10_M2_LONG_LINK_B_L1_F3_H0_seed042_42_20260603_113030
campaign_v3_S10_M2_LONG_LINK_B_L1_F3_H0_seed043,campaign_v3_S10_M2_LONG_LINK_B_L1_F3_H0_seed043_43_20260603_113229,S10,5000,200,6,M2_LONG_LINK,43,B,L1,F3,H0,V2,map_S10_M2_LONG_LINK_seed043,c6c5b21dd2f84d0016ef5e0edc0c3a5a605eeddec74ac0fbbf68ed035869f43a,97.224,337.803,203.017,406.555,25,788,3.1467,0.295,60.0,-1.0,-1.0,-1.0,-1.0,-1.0,0.0,0.0,0.0,0.0,0.0,0.0,5565.02015,0.886996,0.0,1936,1408145,1408145,1.0,1792,1792,1.0,120065,1,0,S10|M2_LONG_LINK|43|B|L1|F3,false,false,true,/home/cyfer/FYP/WSN_simulation_V3/runs/S10_5000/outputs_production_50seed_part41_45/run_campaign_v3_S10_M2_LONG_LINK_B_L1_F3_H0_seed043_43_20260603_113229
campaign_v3_S10_M2_LONG_LINK_B_L1_F3_H0_seed044,campaign_v3_S10_M2_LONG_LINK_B_L1_F3_H0_seed044_44_20260603_113427,S10,5000,200,6,M2_LONG_LINK,44,B,L1,F3,H0,V2,map_S10_M2_LONG_LINK_seed044,4ba8ac696f5e478c6fe1c1d1179db3ea38a2323e9a8ef4dbc2dd10adb64f778b,97.875,343.411,196.029,397.845,25,742,3.1222,0.2948,60.0,-1.0,-1.0,-1.0,-1.0,-1.0,0.0,0.0,0.0,0.0,0.0,0.0,5609.858823,0.878028,0.0,1974,1407675,1407675,1.0,1792,1792,1.0,120075,1,0,S10|M2_LONG_LINK|44|B|L1|F3,false,false,true,/home/cyfer/FYP/WSN_simulation_V3/runs/S10_5000/outputs_production_50seed_part41_45/run_campaign_v3_S10_M2_LONG_LINK_B_L1_F3_H0_seed044_44_20260603_113427
campaign_v3_S10_M2_LONG_LINK_B_L1_F3_H0_seed045,campaign_v3_S10_M2_LONG_LINK_B_L1_F3_H0_seed045_45_20260603_113626,S10,5000,200,6,M2_LONG_LINK,45,B,L1,F3,H0,V2,map_S10_M2_LONG_LINK_seed045,3bce78a76991576b411506ee11fb37c3796d85bcaabb6fb8e97e2973ebd5a114,98.869,346.221,199.985,401.301,25,958,3.3448,0.293,60.0,-1.0,-1.0,-1.0,-1.0,-1.0,0.0,0.0,0.0,0.0,0.0,0.0,5611.419095,0.877716,0.0,1985,1405560,1405560,1.0,1792,1792,1.0,120120,1,0,S10|M2_LONG_LINK|45|B|L1|F3,false,false,true,/home/cyfer/FYP/WSN_simulation_V3/runs/S10_5000/outputs_production_50seed_part41_45/run_campaign_v3_S10_M2_LONG_LINK_B_L1_F3_H0_seed045_45_20260603_113626
campaign_v3_S10_M2_LONG_LINK_B_L1_F3_H1_seed041,campaign_v3_S10_M2_LONG_LINK_B_L1_F3_H1_seed041_41_20260603_112845,S10,5000,200,6,M2_LONG_LINK,41,B,L1,F3,H1,V3,map_S10_M2_LONG_LINK_seed041,9a7a6306da33858403718f6d6a6efc6dd36a559ea0d91a6dc5a81010910f1ef7,98.439,345.835,197.303,401.064,25,807,3.0751,0.295,60.0,28.074,88.074,148.074,150.0,90.0,3.623,3.0,1.0,0.01,0.176,0.022,5582.923692,0.883415,0.0,1955,1409340,1409340,1.0,1779,1779,1.0,119804,0,1,S10|M2_LONG_LINK|41|B|L1|F3,true,false,false,/home/cyfer/FYP/WSN_simulation_V3/runs/S10_5000/outputs_production_50seed_part41_45/run_campaign_v3_S10_M2_LONG_LINK_B_L1_F3_H1_seed041_41_20260603_112845
campaign_v3_S10_M2_LONG_LINK_B_L1_F3_H1_seed042,campaign_v3_S10_M2_LONG_LINK_B_L1_F3_H1_seed042_42_20260603_113046,S10,5000,200,6,M2_LONG_LINK,42,B,L1,F3,H1,V3,map_S10_M2_LONG_LINK_seed042,654886926220e740373ea1aee8f686f1b284eb341d9afa43635772a41a92b6e4,99.981,360.819,198.136,398.213,25,891,3.5522,0.3054,60.0,28.826,88.826,148.826,150.0,90.0,4.271,3.0,1.0,0.013,0.282,0.129,5630.740536,0.873852,0.0,2082,1408400,1408400,1.0,1797,1797,1.0,119704,0,1,S10|M2_LONG_LINK|42|B|L1|F3,true,false,false,/home/cyfer/FYP/WSN_simulation_V3/runs/S10_5000/outputs_production_50seed_part41_45/run_campaign_v3_S10_M2_LONG_LINK_B_L1_F3_H1_seed042_42_20260603_113046
campaign_v3_S10_M2_LONG_LINK_B_L1_F3_H1_seed043,campaign_v3_S10_M2_LONG_LINK_B_L1_F3_H1_seed043_43_20260603_113244,S10,5000,200,6,M2_LONG_LINK,43,B,L1,F3,H1,V3,map_S10_M2_LONG_LINK_seed043,c6c5b21dd2f84d0016ef5e0edc0c3a5a605eeddec74ac0fbbf68ed035869f43a,97.224,337.803,203.017,406.555,25,788,3.1467,0.295,60.0,29.155,89.155,149.155,150.0,90.0,4.477,3.0,1.0,0.017,0.312,0.164,5565.189031,0.886962,0.0,1936,1408165,1408165,1.0,1797,1797,1.0,119679,0,1,S10|M2_LONG_LINK|43|B|L1|F3,true,false,false,/home/cyfer/FYP/WSN_simulation_V3/runs/S10_5000/outputs_production_50seed_part41_45/run_campaign_v3_S10_M2_LONG_LINK_B_L1_F3_H1_seed043_43_20260603_113244
campaign_v3_S10_M2_LONG_LINK_B_L1_F3_H1_seed044,campaign_v3_S10_M2_LONG_LINK_B_L1_F3_H1_seed044_44_20260603_113443,S10,5000,200,6,M2_LONG_LINK,44,B,L1,F3,H1,V3,map_S10_M2_LONG_LINK_seed044,4ba8ac696f5e478c6fe1c1d1179db3ea38a2323e9a8ef4dbc2dd10adb64f778b,97.875,343.411,196.029,397.845,25,742,3.1222,0.2948,60.0,28.456,88.456,148.456,150.0,90.0,4.397,3.0,1.0,0.02,0.326,0.12,5610.030162,0.877994,0.0,1974,1407695,1407695,1.0,1797,1797,1.0,119629,0,1,S10|M2_LONG_LINK|44|B|L1|F3,true,false,false,/home/cyfer/FYP/WSN_simulation_V3/runs/S10_5000/outputs_production_50seed_part41_45/run_campaign_v3_S10_M2_LONG_LINK_B_L1_F3_H1_seed044_44_20260603_113443
campaign_v3_S10_M2_LONG_LINK_B_L1_F3_H1_seed045,campaign_v3_S10_M2_LONG_LINK_B_L1_F3_H1_seed045_45_20260603_113641,S10,5000,200,6,M2_LONG_LINK,45,B,L1,F3,H1,V3,map_S10_M2_LONG_LINK_seed045,3bce78a76991576b411506ee11fb37c3796d85bcaabb6fb8e97e2973ebd5a114,98.869,346.221,199.985,401.301,25,958,3.3448,0.293,60.0,30.171,90.171,150.171,160.0,100.0,5.455,3.0,1.0,0.025,0.698,0.095,5611.681917,0.877664,0.0,1985,1405576,1405576,1.0,1796,1796,1.0,119404,0,1,S10|M2_LONG_LINK|45|B|L1|F3,true,false,false,/home/cyfer/FYP/WSN_simulation_V3/runs/S10_5000/outputs_production_50seed_part41_45/run_campaign_v3_S10_M2_LONG_LINK_B_L1_F3_H1_seed045_45_20260603_113641
campaign_v3_S10_M2_LONG_LINK_B_L1_F3_H3_seed041,campaign_v3_S10_M2_LONG_LINK_B_L1_F3_H3_seed041_41_20260603_112846,S10,5000,200,6,M2_LONG_LINK,41,B,L1,F3,H3,V3,map_S10_M2_LONG_LINK_seed041,9a7a6306da33858403718f6d6a6efc6dd36a559ea0d91a6dc5a81010910f1ef7,98.439,345.835,197.303,401.064,25,807,3.0751,0.295,60.0,34.489,94.489,154.489,160.0,100.0,3.623,3.0,1.0,0.01,0.176,0.022,5582.910831,0.883418,0.0,1955,1409336,1409336,1.0,1778,1778,1.0,119804,0,1,S10|M2_LONG_LINK|41|B|L1|F3,true,false,false,/home/cyfer/FYP/WSN_simulation_V3/runs/S10_5000/outputs_production_50seed_part41_45/run_campaign_v3_S10_M2_LONG_LINK_B_L1_F3_H3_seed041_41_20260603_112846
campaign_v3_S10_M2_LONG_LINK_B_L1_F3_H3_seed042,campaign_v3_S10_M2_LONG_LINK_B_L1_F3_H3_seed042_42_20260603_113047,S10,5000,200,6,M2_LONG_LINK,42,B,L1,F3,H3,V3,map_S10_M2_LONG_LINK_seed042,654886926220e740373ea1aee8f686f1b284eb341d9afa43635772a41a92b6e4,99.981,360.819,198.136,398.213,25,891,3.5522,0.3054,60.0,34.843,94.843,154.843,160.0,100.0,4.271,3.0,1.0,0.013,0.282,0.129,5630.727044,0.873855,0.0,2082,1408396,1408396,1.0,1796,1796,1.0,119704,0,1,S10|M2_LONG_LINK|42|B|L1|F3,true,false,false,/home/cyfer/FYP/WSN_simulation_V3/runs/S10_5000/outputs_production_50seed_part41_45/run_campaign_v3_S10_M2_LONG_LINK_B_L1_F3_H3_seed042_42_20260603_113047
campaign_v3_S10_M2_LONG_LINK_B_L1_F3_H3_seed043,campaign_v3_S10_M2_LONG_LINK_B_L1_F3_H3_seed043_43_20260603_113245,S10,5000,200,6,M2_LONG_LINK,43,B,L1,F3,H3,V3,map_S10_M2_LONG_LINK_seed043,c6c5b21dd2f84d0016ef5e0edc0c3a5a605eeddec74ac0fbbf68ed035869f43a,97.224,337.803,203.017,406.555,25,788,3.1467,0.295,60.0,35.189,95.189,155.189,160.0,100.0,4.477,3.0,1.0,0.017,0.312,0.164,5565.171789,0.886966,0.0,1936,1408161,1408161,1.0,1796,1796,1.0,119679,0,1,S10|M2_LONG_LINK|43|B|L1|F3,true,false,false,/home/cyfer/FYP/WSN_simulation_V3/runs/S10_5000/outputs_production_50seed_part41_45/run_campaign_v3_S10_M2_LONG_LINK_B_L1_F3_H3_seed043_43_20260603_113245
campaign_v3_S10_M2_LONG_LINK_B_L1_F3_H3_seed044,campaign_v3_S10_M2_LONG_LINK_B_L1_F3_H3_seed044_44_20260603_113444,S10,5000,200,6,M2_LONG_LINK,44,B,L1,F3,H3,V3,map_S10_M2_LONG_LINK_seed044,4ba8ac696f5e478c6fe1c1d1179db3ea38a2323e9a8ef4dbc2dd10adb64f778b,97.875,343.411,196.029,397.845,25,742,3.1222,0.2948,60.0,34.64,94.64,154.64,160.0,100.0,4.397,3.0,1.0,0.02,0.326,0.12,5610.011549,0.877998,0.0,1974,1407691,1407691,1.0,1796,1796,1.0,119629,0,1,S10|M2_LONG_LINK|44|B|L1|F3,true,false,false,/home/cyfer/FYP/WSN_simulation_V3/runs/S10_5000/outputs_production_50seed_part41_45/run_campaign_v3_S10_M2_LONG_LINK_B_L1_F3_H3_seed044_44_20260603_113444
campaign_v3_S10_M2_LONG_LINK_B_L1_F3_H3_seed045,campaign_v3_S10_M2_LONG_LINK_B_L1_F3_H3_seed045_45_20260603_113643,S10,5000,200,6,M2_LONG_LINK,45,B,L1,F3,H3,V3,map_S10_M2_LONG_LINK_seed045,3bce78a76991576b411506ee11fb37c3796d85bcaabb6fb8e97e2973ebd5a114,98.869,346.221,199.985,401.301,25,958,3.3448,0.293,60.0,36.291,96.291,156.291,160.0,100.0,5.455,3.0,1.0,0.025,0.698,0.095,5611.654001,0.877669,0.0,1985,1405576,1405576,1.0,1796,1796,1.0,119404,0,1,S10|M2_LONG_LINK|45|B|L1|F3,true,false,false,/home/cyfer/FYP/WSN_simulation_V3/runs/S10_5000/outputs_production_50seed_part41_45/run_campaign_v3_S10_M2_LONG_LINK_B_L1_F3_H3_seed045_45_20260603_113643
campaign_v3_S10_M2_LONG_LINK_B_L1_F3_H4_seed041,campaign_v3_S10_M2_LONG_LINK_B_L1_F3_H4_seed041_41_20260603_112847,S10,5000,200,6,M2_LONG_LINK,41,B,L1,F3,H4,V3,map_S10_M2_LONG_LINK_seed041,9a7a6306da33858403718f6d6a6efc6dd36a559ea0d91a6dc5a81010910f1ef7,98.439,345.835,197.303,401.064,25,807,3.0751,0.295,60.0,37.857,97.857,157.857,160.0,100.0,3.623,3.0,1.0,0.01,0.176,0.022,5582.912958,0.883417,0.0,1955,1409336,1409336,1.0,1778,1778,1.0,119804,0,1,S10|M2_LONG_LINK|41|B|L1|F3,true,false,false,/home/cyfer/FYP/WSN_simulation_V3/runs/S10_5000/outputs_production_50seed_part41_45/run_campaign_v3_S10_M2_LONG_LINK_B_L1_F3_H4_seed041_41_20260603_112847
campaign_v3_S10_M2_LONG_LINK_B_L1_F3_H4_seed042,campaign_v3_S10_M2_LONG_LINK_B_L1_F3_H4_seed042_42_20260603_113048,S10,5000,200,6,M2_LONG_LINK,42,B,L1,F3,H4,V3,map_S10_M2_LONG_LINK_seed042,654886926220e740373ea1aee8f686f1b284eb341d9afa43635772a41a92b6e4,99.981,360.819,198.136,398.213,25,891,3.5522,0.3054,60.0,38.552,98.552,158.552,160.0,100.0,4.271,3.0,1.0,0.013,0.282,0.129,5630.724602,0.873855,0.0,2082,1408396,1408396,1.0,1796,1796,1.0,119704,0,1,S10|M2_LONG_LINK|42|B|L1|F3,true,false,false,/home/cyfer/FYP/WSN_simulation_V3/runs/S10_5000/outputs_production_50seed_part41_45/run_campaign_v3_S10_M2_LONG_LINK_B_L1_F3_H4_seed042_42_20260603_113048
campaign_v3_S10_M2_LONG_LINK_B_L1_F3_H4_seed043,campaign_v3_S10_M2_LONG_LINK_B_L1_F3_H4_seed043_43_20260603_113246,S10,5000,200,6,M2_LONG_LINK,43,B,L1,F3,H4,V3,map_S10_M2_LONG_LINK_seed043,c6c5b21dd2f84d0016ef5e0edc0c3a5a605eeddec74ac0fbbf68ed035869f43a,97.224,337.803,203.017,406.555,25,788,3.1467,0.295,60.0,38.671,98.671,158.671,160.0,100.0,4.477,3.0,1.0,0.017,0.312,0.164,5565.170695,0.886966,0.0,1936,1408161,1408161,1.0,1796,1796,1.0,119679,0,1,S10|M2_LONG_LINK|43|B|L1|F3,true,false,false,/home/cyfer/FYP/WSN_simulation_V3/runs/S10_5000/outputs_production_50seed_part41_45/run_campaign_v3_S10_M2_LONG_LINK_B_L1_F3_H4_seed043_43_20260603_113246
campaign_v3_S10_M2_LONG_LINK_B_L1_F3_H4_seed044,campaign_v3_S10_M2_LONG_LINK_B_L1_F3_H4_seed044_44_20260603_113445,S10,5000,200,6,M2_LONG_LINK,44,B,L1,F3,H4,V3,map_S10_M2_LONG_LINK_seed044,4ba8ac696f5e478c6fe1c1d1179db3ea38a2323e9a8ef4dbc2dd10adb64f778b,97.875,343.411,196.029,397.845,25,742,3.1222,0.2948,60.0,38.887,98.887,158.887,160.0,100.0,4.397,3.0,1.0,0.02,0.326,0.12,5610.013734,0.877997,0.0,1974,1407691,1407691,1.0,1796,1796,1.0,119629,0,1,S10|M2_LONG_LINK|44|B|L1|F3,true,false,false,/home/cyfer/FYP/WSN_simulation_V3/runs/S10_5000/outputs_production_50seed_part41_45/run_campaign_v3_S10_M2_LONG_LINK_B_L1_F3_H4_seed044_44_20260603_113445
campaign_v3_S10_M2_LONG_LINK_B_L1_F3_H4_seed045,campaign_v3_S10_M2_LONG_LINK_B_L1_F3_H4_seed045_45_20260603_113644,S10,5000,200,6,M2_LONG_LINK,45,B,L1,F3,H4,V3,map_S10_M2_LONG_LINK_seed045,3bce78a76991576b411506ee11fb37c3796d85bcaabb6fb8e97e2973ebd5a114,98.869,346.221,199.985,401.301,25,958,3.3448,0.293,60.0,40.402,100.402,160.402,170.0,110.0,5.455,3.0,1.0,0.025,0.698,0.095,5611.681917,0.877664,0.0,1985,1405576,1405576,1.0,1796,1796,1.0,119404,0,1,S10|M2_LONG_LINK|45|B|L1|F3,true,false,false,/home/cyfer/FYP/WSN_simulation_V3/runs/S10_5000/outputs_production_50seed_part41_45/run_campaign_v3_S10_M2_LONG_LINK_B_L1_F3_H4_seed045_45_20260603_113644
campaign_v3_S10_M2_LONG_LINK_B_L1_F4_H0_seed041,campaign_v3_S10_M2_LONG_LINK_B_L1_F4_H0_seed041_41_20260603_112829,S10,5000,200,6,M2_LONG_LINK,41,B,L1,F4,H0,V2,map_S10_M2_LONG_LINK_seed041,9a7a6306da33858403718f6d6a6efc6dd36a559ea0d91a6dc5a81010910f1ef7,98.439,345.835,197.303,401.064,25,807,3.0751,0.295,60.0,-1.0,-1.0,-1.0,-1.0,-1.0,0.0,0.0,0.0,0.0,0.0,0.0,5580.729612,0.883854,0.0,1955,1408145,1408145,1.0,1774,1774,1.0,120065,1,0,S10|M2_LONG_LINK|41|B|L1|F4,false,false,true,/home/cyfer/FYP/WSN_simulation_V3/runs/S10_5000/outputs_production_50seed_part41_45/run_campaign_v3_S10_M2_LONG_LINK_B_L1_F4_H0_seed041_41_20260603_112829
campaign_v3_S10_M2_LONG_LINK_B_L1_F4_H0_seed042,campaign_v3_S10_M2_LONG_LINK_B_L1_F4_H0_seed042_42_20260603_113031,S10,5000,200,6,M2_LONG_LINK,42,B,L1,F4,H0,V2,map_S10_M2_LONG_LINK_seed042,654886926220e740373ea1aee8f686f1b284eb341d9afa43635772a41a92b6e4,99.981,360.819,198.136,398.213,25,891,3.5522,0.3054,60.0,-1.0,-1.0,-1.0,-1.0,-1.0,0.0,0.0,0.0,0.0,0.0,0.0,5631.401078,0.87372,0.0,2082,1408850,1408850,1.0,1792,1792,1.0,120050,1,0,S10|M2_LONG_LINK|42|B|L1|F4,false,false,true,/home/cyfer/FYP/WSN_simulation_V3/runs/S10_5000/outputs_production_50seed_part41_45/run_campaign_v3_S10_M2_LONG_LINK_B_L1_F4_H0_seed042_42_20260603_113031
campaign_v3_S10_M2_LONG_LINK_B_L1_F4_H0_seed043,campaign_v3_S10_M2_LONG_LINK_B_L1_F4_H0_seed043_43_20260603_113230,S10,5000,200,6,M2_LONG_LINK,43,B,L1,F4,H0,V2,map_S10_M2_LONG_LINK_seed043,c6c5b21dd2f84d0016ef5e0edc0c3a5a605eeddec74ac0fbbf68ed035869f43a,97.224,337.803,203.017,406.555,25,788,3.1467,0.295,60.0,-1.0,-1.0,-1.0,-1.0,-1.0,0.0,0.0,0.0,0.0,0.0,0.0,5567.100292,0.88658,0.0,1936,1409555,1409555,1.0,1792,1792,1.0,120035,1,0,S10|M2_LONG_LINK|43|B|L1|F4,false,false,true,/home/cyfer/FYP/WSN_simulation_V3/runs/S10_5000/outputs_production_50seed_part41_45/run_campaign_v3_S10_M2_LONG_LINK_B_L1_F4_H0_seed043_43_20260603_113230
campaign_v3_S10_M2_LONG_LINK_B_L1_F4_H0_seed044,campaign_v3_S10_M2_LONG_LINK_B_L1_F4_H0_seed044_44_20260603_113428,S10,5000,200,6,M2_LONG_LINK,44,B,L1,F4,H0,V2,map_S10_M2_LONG_LINK_seed044,4ba8ac696f5e478c6fe1c1d1179db3ea38a2323e9a8ef4dbc2dd10adb64f778b,97.875,343.411,196.029,397.845,25,742,3.1222,0.2948,60.0,-1.0,-1.0,-1.0,-1.0,-1.0,0.0,0.0,0.0,0.0,0.0,0.0,5607.100597,0.87858,0.0,1974,1406265,1406265,1.0,1792,1792,1.0,120105,1,0,S10|M2_LONG_LINK|44|B|L1|F4,false,false,true,/home/cyfer/FYP/WSN_simulation_V3/runs/S10_5000/outputs_production_50seed_part41_45/run_campaign_v3_S10_M2_LONG_LINK_B_L1_F4_H0_seed044_44_20260603_113428
campaign_v3_S10_M2_LONG_LINK_B_L1_F4_H0_seed045,campaign_v3_S10_M2_LONG_LINK_B_L1_F4_H0_seed045_45_20260603_113627,S10,5000,200,6,M2_LONG_LINK,45,B,L1,F4,H0,V2,map_S10_M2_LONG_LINK_seed045,3bce78a76991576b411506ee11fb37c3796d85bcaabb6fb8e97e2973ebd5a114,98.869,346.221,199.985,401.301,25,958,3.3448,0.293,60.0,-1.0,-1.0,-1.0,-1.0,-1.0,0.0,0.0,0.0,0.0,0.0,0.0,5623.37795,0.875324,0.0,1989,1408850,1408850,1.0,1792,1792,1.0,120050,1,0,S10|M2_LONG_LINK|45|B|L1|F4,false,false,true,/home/cyfer/FYP/WSN_simulation_V3/runs/S10_5000/outputs_production_50seed_part41_45/run_campaign_v3_S10_M2_LONG_LINK_B_L1_F4_H0_seed045_45_20260603_113627
campaign_v3_S10_M2_LONG_LINK_B_L1_F4_H1_seed041,campaign_v3_S10_M2_LONG_LINK_B_L1_F4_H1_seed041_41_20260603_112848,S10,5000,200,6,M2_LONG_LINK,41,B,L1,F4,H1,V3,map_S10_M2_LONG_LINK_seed041,9a7a6306da33858403718f6d6a6efc6dd36a559ea0d91a6dc5a81010910f1ef7,98.439,345.835,197.303,401.064,25,807,3.0751,0.295,60.0,34.954,94.954,154.954,160.0,100.0,4.404,3.0,1.0,0.016,0.31,0.142,5581.639294,0.883672,0.0,1955,1408486,1408486,1.0,1778,1778,1.0,119679,0,1,S10|M2_LONG_LINK|41|B|L1|F4,true,false,false,/home/cyfer/FYP/WSN_simulation_V3/runs/S10_5000/outputs_production_50seed_part41_45/run_campaign_v3_S10_M2_LONG_LINK_B_L1_F4_H1_seed041_41_20260603_112848
campaign_v3_S10_M2_LONG_LINK_B_L1_F4_H1_seed042,campaign_v3_S10_M2_LONG_LINK_B_L1_F4_H1_seed042_42_20260603_113049,S10,5000,200,6,M2_LONG_LINK,42,B,L1,F4,H1,V3,map_S10_M2_LONG_LINK_seed042,654886926220e740373ea1aee8f686f1b284eb341d9afa43635772a41a92b6e4,99.981,360.819,198.136,398.213,25,891,3.5522,0.3054,60.0,34.937,94.937,154.937,160.0,100.0,3.977,3.0,1.0,0.011,0.228,0.086,5632.061806,0.873588,0.0,2082,1409116,1409116,1.0,1796,1796,1.0,119754,0,1,S10|M2_LONG_LINK|42|B|L1|F4,true,false,false,/home/cyfer/FYP/WSN_simulation_V3/runs/S10_5000/outputs_production_50seed_part41_45/run_campaign_v3_S10_M2_LONG_LINK_B_L1_F4_H1_seed042_42_20260603_113049
campaign_v3_S10_M2_LONG_LINK_B_L1_F4_H1_seed043,campaign_v3_S10_M2_LONG_LINK_B_L1_F4_H1_seed043_43_20260603_113247,S10,5000,200,6,M2_LONG_LINK,43,B,L1,F4,H1,V3,map_S10_M2_LONG_LINK_seed043,c6c5b21dd2f84d0016ef5e0edc0c3a5a605eeddec74ac0fbbf68ed035869f43a,97.224,337.803,203.017,406.555,25,788,3.1467,0.295,60.0,34.121,94.121,154.121,160.0,100.0,4.048,3.0,1.0,0.009,0.169,0.171,5567.651544,0.88647,0.0,1936,1409746,1409746,1.0,1796,1796,1.0,119829,0,1,S10|M2_LONG_LINK|43|B|L1|F4,true,false,false,/home/cyfer/FYP/WSN_simulation_V3/runs/S10_5000/outputs_production_50seed_part41_45/run_campaign_v3_S10_M2_LONG_LINK_B_L1_F4_H1_seed043_43_20260603_113247
campaign_v3_S10_M2_LONG_LINK_B_L1_F4_H1_seed044,campaign_v3_S10_M2_LONG_LINK_B_L1_F4_H1_seed044_44_20260603_113446,S10,5000,200,6,M2_LONG_LINK,44,B,L1,F4,H1,V3,map_S10_M2_LONG_LINK_seed044,4ba8ac696f5e478c6fe1c1d1179db3ea38a2323e9a8ef4dbc2dd10adb64f778b,97.875,343.411,196.029,397.845,25,742,3.1222,0.2948,60.0,35.472,95.472,155.472,160.0,100.0,5.103,3.0,1.0,0.028,0.495,0.178,5608.515553,0.878297,0.0,1974,1406785,1406785,1.0,1796,1796,1.0,119479,0,1,S10|M2_LONG_LINK|44|B|L1|F4,true,false,false,/home/cyfer/FYP/WSN_simulation_V3/runs/S10_5000/outputs_production_50seed_part41_45/run_campaign_v3_S10_M2_LONG_LINK_B_L1_F4_H1_seed044_44_20260603_113446
campaign_v3_S10_M2_LONG_LINK_B_L1_F4_H1_seed045,campaign_v3_S10_M2_LONG_LINK_B_L1_F4_H1_seed045_45_20260603_113645,S10,5000,200,6,M2_LONG_LINK,45,B,L1,F4,H1,V3,map_S10_M2_LONG_LINK_seed045,3bce78a76991576b411506ee11fb37c3796d85bcaabb6fb8e97e2973ebd5a114,98.869,346.221,199.985,401.301,25,958,3.3448,0.293,60.0,34.105,94.105,154.105,160.0,100.0,3.904,3.0,1.0,0.01,0.214,0.077,5623.98646,0.875203,0.0,1989,1409116,1409116,1.0,1796,1796,1.0,119754,0,1,S10|M2_LONG_LINK|45|B|L1|F4,true,false,false,/home/cyfer/FYP/WSN_simulation_V3/runs/S10_5000/outputs_production_50seed_part41_45/run_campaign_v3_S10_M2_LONG_LINK_B_L1_F4_H1_seed045_45_20260603_113645
campaign_v3_S10_M2_LONG_LINK_B_L1_F4_H3_seed041,campaign_v3_S10_M2_LONG_LINK_B_L1_F4_H3_seed041_41_20260603_112849,S10,5000,200,6,M2_LONG_LINK,41,B,L1,F4,H3,V3,map_S10_M2_LONG_LINK_seed041,9a7a6306da33858403718f6d6a6efc6dd36a559ea0d91a6dc5a81010910f1ef7,98.439,345.835,197.303,401.064,25,807,3.0751,0.295,60.0,40.972,100.972,160.972,170.0,110.0,4.404,3.0,1.0,0.016,0.31,0.142,5581.176891,0.883765,0.0,1955,1408294,1408294,1.0,1778,1778,1.0,119679,0,1,S10|M2_LONG_LINK|41|B|L1|F4,true,false,false,/home/cyfer/FYP/WSN_simulation_V3/runs/S10_5000/outputs_production_50seed_part41_45/run_campaign_v3_S10_M2_LONG_LINK_B_L1_F4_H3_seed041_41_20260603_112849
campaign_v3_S10_M2_LONG_LINK_B_L1_F4_H3_seed042,campaign_v3_S10_M2_LONG_LINK_B_L1_F4_H3_seed042_42_20260603_113050,S10,5000,200,6,M2_LONG_LINK,42,B,L1,F4,H3,V3,map_S10_M2_LONG_LINK_seed042,654886926220e740373ea1aee8f686f1b284eb341d9afa43635772a41a92b6e4,99.981,360.819,198.136,398.213,25,891,3.5522,0.3054,60.0,40.864,100.864,160.864,170.0,110.0,3.977,3.0,1.0,0.011,0.228,0.086,5631.703831,0.873659,0.0,2082,1408961,1408961,1.0,1796,1796,1.0,119754,0,1,S10|M2_LONG_LINK|42|B|L1|F4,true,false,false,/home/cyfer/FYP/WSN_simulation_V3/runs/S10_5000/outputs_production_50seed_part41_45/run_campaign_v3_S10_M2_LONG_LINK_B_L1_F4_H3_seed042_42_20260603_113050
campaign_v3_S10_M2_LONG_LINK_B_L1_F4_H3_seed043,campaign_v3_S10_M2_LONG_LINK_B_L1_F4_H3_seed043_43_20260603_113248,S10,5000,200,6,M2_LONG_LINK,43,B,L1,F4,H3,V3,map_S10_M2_LONG_LINK_seed043,c6c5b21dd2f84d0016ef5e0edc0c3a5a605eeddec74ac0fbbf68ed035869f43a,97.224,337.803,203.017,406.555,25,788,3.1467,0.295,60.0,40.644,100.644,160.644,170.0,110.0,4.048,3.0,1.0,0.009,0.169,0.171,5567.371126,0.886526,0.0,1936,1409647,1409647,1.0,1796,1796,1.0,119829,0,1,S10|M2_LONG_LINK|43|B|L1|F4,true,false,false,/home/cyfer/FYP/WSN_simulation_V3/runs/S10_5000/outputs_production_50seed_part41_45/run_campaign_v3_S10_M2_LONG_LINK_B_L1_F4_H3_seed043_43_20260603_113248
campaign_v3_S10_M2_LONG_LINK_B_L1_F4_H3_seed044,campaign_v3_S10_M2_LONG_LINK_B_L1_F4_H3_seed044_44_20260603_113447,S10,5000,200,6,M2_LONG_LINK,44,B,L1,F4,H3,V3,map_S10_M2_LONG_LINK_seed044,4ba8ac696f5e478c6fe1c1d1179db3ea38a2323e9a8ef4dbc2dd10adb64f778b,97.875,343.411,196.029,397.845,25,742,3.1222,0.2948,60.0,41.498,101.498,161.498,170.0,110.0,5.103,3.0,1.0,0.028,0.495,0.178,5607.812856,0.878437,0.0,1974,1406479,1406479,1.0,1796,1796,1.0,119479,0,1,S10|M2_LONG_LINK|44|B|L1|F4,true,false,false,/home/cyfer/FYP/WSN_simulation_V3/runs/S10_5000/outputs_production_50seed_part41_45/run_campaign_v3_S10_M2_LONG_LINK_B_L1_F4_H3_seed044_44_20260603_113447
campaign_v3_S10_M2_LONG_LINK_B_L1_F4_H3_seed045,campaign_v3_S10_M2_LONG_LINK_B_L1_F4_H3_seed045_45_20260603_113646,S10,5000,200,6,M2_LONG_LINK,45,B,L1,F4,H3,V3,map_S10_M2_LONG_LINK_seed045,3bce78a76991576b411506ee11fb37c3796d85bcaabb6fb8e97e2973ebd5a114,98.869,346.221,199.985,401.301,25,958,3.3448,0.293,60.0,40.713,100.713,160.713,170.0,110.0,3.904,3.0,1.0,0.01,0.214,0.077,5623.686527,0.875263,0.0,1989,1408961,1408961,1.0,1796,1796,1.0,119754,0,1,S10|M2_LONG_LINK|45|B|L1|F4,true,false,false,/home/cyfer/FYP/WSN_simulation_V3/runs/S10_5000/outputs_production_50seed_part41_45/run_campaign_v3_S10_M2_LONG_LINK_B_L1_F4_H3_seed045_45_20260603_113646
campaign_v3_S10_M2_LONG_LINK_B_L1_F4_H4_seed041,campaign_v3_S10_M2_LONG_LINK_B_L1_F4_H4_seed041_41_20260603_112850,S10,5000,200,6,M2_LONG_LINK,41,B,L1,F4,H4,V3,map_S10_M2_LONG_LINK_seed041,9a7a6306da33858403718f6d6a6efc6dd36a559ea0d91a6dc5a81010910f1ef7,98.439,345.835,197.303,401.064,25,807,3.0751,0.295,60.0,44.875,104.875,164.875,170.0,110.0,4.404,3.0,1.0,0.016,0.31,0.142,5575.324709,0.884935,0.0,1955,1404732,1404732,1.0,1778,1778,1.0,118983,0,1,S10|M2_LONG_LINK|41|B|L1|F4,true,false,false,/home/cyfer/FYP/WSN_simulation_V3/runs/S10_5000/outputs_production_50seed_part41_45/run_campaign_v3_S10_M2_LONG_LINK_B_L1_F4_H4_seed041_41_20260603_112850
campaign_v3_S10_M2_LONG_LINK_B_L1_F4_H4_seed042,campaign_v3_S10_M2_LONG_LINK_B_L1_F4_H4_seed042_42_20260603_113051,S10,5000,200,6,M2_LONG_LINK,42,B,L1,F4,H4,V3,map_S10_M2_LONG_LINK_seed042,654886926220e740373ea1aee8f686f1b284eb341d9afa43635772a41a92b6e4,99.981,360.819,198.136,398.213,25,891,3.5522,0.3054,60.0,44.311,104.311,164.311,170.0,110.0,3.977,3.0,1.0,0.011,0.228,0.086,5628.45789,0.874308,0.0,2082,1406692,1406692,1.0,1796,1796,1.0,119308,0,1,S10|M2_LONG_LINK|42|B|L1|F4,true,false,false,/home/cyfer/FYP/WSN_simulation_V3/runs/S10_5000/outputs_production_50seed_part41_45/run_campaign_v3_S10_M2_LONG_LINK_B_L1_F4_H4_seed042_42_20260603_113051
campaign_v3_S10_M2_LONG_LINK_B_L1_F4_H4_seed043,campaign_v3_S10_M2_LONG_LINK_B_L1_F4_H4_seed043_43_20260603_113249,S10,5000,200,6,M2_LONG_LINK,43,B,L1,F4,H4,V3,map_S10_M2_LONG_LINK_seed043,c6c5b21dd2f84d0016ef5e0edc0c3a5a605eeddec74ac0fbbf68ed035869f43a,97.224,337.803,203.017,406.555,25,788,3.1467,0.295,60.0,44.722,104.722,164.722,170.0,110.0,4.048,3.0,1.0,0.009,0.169,0.171,5565.258694,0.886948,0.0,1935,1408522,1408522,1.0,1796,1796,1.0,119608,0,1,S10|M2_LONG_LINK|43|B|L1|F4,true,false,false,/home/cyfer/FYP/WSN_simulation_V3/runs/S10_5000/outputs_production_50seed_part41_45/run_campaign_v3_S10_M2_LONG_LINK_B_L1_F4_H4_seed043_43_20260603_113249
campaign_v3_S10_M2_LONG_LINK_B_L1_F4_H4_seed044,campaign_v3_S10_M2_LONG_LINK_B_L1_F4_H4_seed044_44_20260603_113448,S10,5000,200,6,M2_LONG_LINK,44,B,L1,F4,H4,V3,map_S10_M2_LONG_LINK_seed044,4ba8ac696f5e478c6fe1c1d1179db3ea38a2323e9a8ef4dbc2dd10adb64f778b,97.875,343.411,196.029,397.845,25,742,3.1222,0.2948,60.0,45.641,105.641,165.641,170.0,110.0,5.103,3.0,1.0,0.028,0.495,0.178,5604.201445,0.87916,0.0,1974,1404011,1404011,1.0,1796,1796,1.0,118983,0,1,S10|M2_LONG_LINK|44|B|L1|F4,true,false,false,/home/cyfer/FYP/WSN_simulation_V3/runs/S10_5000/outputs_production_50seed_part41_45/run_campaign_v3_S10_M2_LONG_LINK_B_L1_F4_H4_seed044_44_20260603_113448
campaign_v3_S10_M2_LONG_LINK_B_L1_F4_H4_seed045,campaign_v3_S10_M2_LONG_LINK_B_L1_F4_H4_seed045_45_20260603_113647,S10,5000,200,6,M2_LONG_LINK,45,B,L1,F4,H4,V3,map_S10_M2_LONG_LINK_seed045,3bce78a76991576b411506ee11fb37c3796d85bcaabb6fb8e97e2973ebd5a114,98.869,346.221,199.985,401.301,25,958,3.3448,0.293,60.0,44.157,104.157,164.157,170.0,110.0,3.904,3.0,1.0,0.01,0.214,0.077,5622.916474,0.875417,0.0,1989,1408642,1408642,1.0,1796,1796,1.0,119683,0,1,S10|M2_LONG_LINK|45|B|L1|F4,true,false,false,/home/cyfer/FYP/WSN_simulation_V3/runs/S10_5000/outputs_production_50seed_part41_45/run_campaign_v3_S10_M2_LONG_LINK_B_L1_F4_H4_seed045_45_20260603_113647
campaign_v3_S10_M2_LONG_LINK_B_L2_F0_H0_seed041,campaign_v3_S10_M2_LONG_LINK_B_L2_F0_H0_seed041_41_20260603_112851,S10,5000,200,6,M2_LONG_LINK,41,B,L2,F0,H0,V1,map_S10_M2_LONG_LINK_seed041,9a7a6306da33858403718f6d6a6efc6dd36a559ea0d91a6dc5a81010910f1ef7,98.439,345.835,197.303,401.064,25,807,3.0751,0.295,0.0,-1.0,-1.0,-1.0,-1.0,-1.0,0.0,0.0,0.0,0.0,0.0,0.0,6599.077594,0.680184,0.0,2346,1411200,1411200,1.0,1782,1782,1.0,120000,0,0,S10|M2_LONG_LINK|41|B|L2|F0,false,true,false,/home/cyfer/FYP/WSN_simulation_V3/runs/S10_5000/outputs_production_50seed_part41_45/run_campaign_v3_S10_M2_LONG_LINK_B_L2_F0_H0_seed041_41_20260603_112851
campaign_v3_S10_M2_LONG_LINK_B_L2_F0_H0_seed042,campaign_v3_S10_M2_LONG_LINK_B_L2_F0_H0_seed042_42_20260603_113052,S10,5000,200,6,M2_LONG_LINK,42,B,L2,F0,H0,V1,map_S10_M2_LONG_LINK_seed042,654886926220e740373ea1aee8f686f1b284eb341d9afa43635772a41a92b6e4,99.981,360.819,198.136,398.213,25,891,3.5522,0.3054,0.0,-1.0,-1.0,-1.0,-1.0,-1.0,0.0,0.0,0.0,0.0,0.0,0.0,6570.492853,0.685901,0.0,2346,1411200,1411200,1.0,1800,1800,1.0,120000,0,0,S10|M2_LONG_LINK|42|B|L2|F0,false,true,false,/home/cyfer/FYP/WSN_simulation_V3/runs/S10_5000/outputs_production_50seed_part41_45/run_campaign_v3_S10_M2_LONG_LINK_B_L2_F0_H0_seed042_42_20260603_113052
campaign_v3_S10_M2_LONG_LINK_B_L2_F0_H0_seed043,campaign_v3_S10_M2_LONG_LINK_B_L2_F0_H0_seed043_43_20260603_113250,S10,5000,200,6,M2_LONG_LINK,43,B,L2,F0,H0,V1,map_S10_M2_LONG_LINK_seed043,c6c5b21dd2f84d0016ef5e0edc0c3a5a605eeddec74ac0fbbf68ed035869f43a,97.224,337.803,203.017,406.555,25,788,3.1467,0.295,0.0,-1.0,-1.0,-1.0,-1.0,-1.0,0.0,0.0,0.0,0.0,0.0,0.0,6596.051433,0.68079,0.0,2349,1411200,1411200,1.0,1800,1800,1.0,120000,0,0,S10|M2_LONG_LINK|43|B|L2|F0,false,true,false,/home/cyfer/FYP/WSN_simulation_V3/runs/S10_5000/outputs_production_50seed_part41_45/run_campaign_v3_S10_M2_LONG_LINK_B_L2_F0_H0_seed043_43_20260603_113250
campaign_v3_S10_M2_LONG_LINK_B_L2_F0_H0_seed044,campaign_v3_S10_M2_LONG_LINK_B_L2_F0_H0_seed044_44_20260603_113449,S10,5000,200,6,M2_LONG_LINK,44,B,L2,F0,H0,V1,map_S10_M2_LONG_LINK_seed044,4ba8ac696f5e478c6fe1c1d1179db3ea38a2323e9a8ef4dbc2dd10adb64f778b,97.875,343.411,196.029,397.845,25,742,3.1222,0.2948,0.0,-1.0,-1.0,-1.0,-1.0,-1.0,0.0,0.0,0.0,0.0,0.0,0.0,6626.0608,0.674788,0.0,2366,1411200,1411200,1.0,1800,1800,1.0,120000,0,0,S10|M2_LONG_LINK|44|B|L2|F0,false,true,false,/home/cyfer/FYP/WSN_simulation_V3/runs/S10_5000/outputs_production_50seed_part41_45/run_campaign_v3_S10_M2_LONG_LINK_B_L2_F0_H0_seed044_44_20260603_113449
campaign_v3_S10_M2_LONG_LINK_B_L2_F0_H0_seed045,campaign_v3_S10_M2_LONG_LINK_B_L2_F0_H0_seed045_45_20260603_113648,S10,5000,200,6,M2_LONG_LINK,45,B,L2,F0,H0,V1,map_S10_M2_LONG_LINK_seed045,3bce78a76991576b411506ee11fb37c3796d85bcaabb6fb8e97e2973ebd5a114,98.869,346.221,199.985,401.301,25,958,3.3448,0.293,0.0,-1.0,-1.0,-1.0,-1.0,-1.0,0.0,0.0,0.0,0.0,0.0,0.0,6629.965289,0.674007,0.0,2373,1411200,1411200,1.0,1800,1800,1.0,120000,0,0,S10|M2_LONG_LINK|45|B|L2|F0,false,true,false,/home/cyfer/FYP/WSN_simulation_V3/runs/S10_5000/outputs_production_50seed_part41_45/run_campaign_v3_S10_M2_LONG_LINK_B_L2_F0_H0_seed045_45_20260603_113648
campaign_v3_S10_M2_LONG_LINK_B_L2_F1_H0_seed041,campaign_v3_S10_M2_LONG_LINK_B_L2_F1_H0_seed041_41_20260603_112853,S10,5000,200,6,M2_LONG_LINK,41,B,L2,F1,H0,V2,map_S10_M2_LONG_LINK_seed041,9a7a6306da33858403718f6d6a6efc6dd36a559ea0d91a6dc5a81010910f1ef7,98.439,345.835,197.303,401.064,25,807,3.0751,0.295,60.0,-1.0,-1.0,-1.0,-1.0,-1.0,0.0,0.0,0.0,0.0,0.0,0.0,6590.072133,0.68171,0.0,2346,1408145,1408145,1.0,1774,1774,1.0,120065,1,0,S10|M2_LONG_LINK|41|B|L2|F1,false,false,true,/home/cyfer/FYP/WSN_simulation_V3/runs/S10_5000/outputs_production_50seed_part41_45/run_campaign_v3_S10_M2_LONG_LINK_B_L2_F1_H0_seed041_41_20260603_112853
campaign_v3_S10_M2_LONG_LINK_B_L2_F1_H0_seed042,campaign_v3_S10_M2_LONG_LINK_B_L2_F1_H0_seed042_42_20260603_113054,S10,5000,200,6,M2_LONG_LINK,42,B,L2,F1,H0,V2,map_S10_M2_LONG_LINK_seed042,654886926220e740373ea1aee8f686f1b284eb341d9afa43635772a41a92b6e4,99.981,360.819,198.136,398.213,25,891,3.5522,0.3054,60.0,-1.0,-1.0,-1.0,-1.0,-1.0,0.0,0.0,0.0,0.0,0.0,0.0,6563.706311,0.68695,0.0,2346,1408850,1408850,1.0,1792,1792,1.0,120050,1,0,S10|M2_LONG_LINK|42|B|L2|F1,false,false,true,/home/cyfer/FYP/WSN_simulation_V3/runs/S10_5000/outputs_production_50seed_part41_45/run_campaign_v3_S10_M2_LONG_LINK_B_L2_F1_H0_seed042_42_20260603_113054
campaign_v3_S10_M2_LONG_LINK_B_L2_F1_H0_seed043,campaign_v3_S10_M2_LONG_LINK_B_L2_F1_H0_seed043_43_20260603_113251,S10,5000,200,6,M2_LONG_LINK,43,B,L2,F1,H0,V2,map_S10_M2_LONG_LINK_seed043,c6c5b21dd2f84d0016ef5e0edc0c3a5a605eeddec74ac0fbbf68ed035869f43a,97.224,337.803,203.017,406.555,25,788,3.1467,0.295,60.0,-1.0,-1.0,-1.0,-1.0,-1.0,0.0,0.0,0.0,0.0,0.0,0.0,6590.439055,0.68158,0.0,2349,1409555,1409555,1.0,1792,1792,1.0,120035,1,0,S10|M2_LONG_LINK|43|B|L2|F1,false,false,true,/home/cyfer/FYP/WSN_simulation_V3/runs/S10_5000/outputs_production_50seed_part41_45/run_campaign_v3_S10_M2_LONG_LINK_B_L2_F1_H0_seed043_43_20260603_113251
campaign_v3_S10_M2_LONG_LINK_B_L2_F1_H0_seed044,campaign_v3_S10_M2_LONG_LINK_B_L2_F1_H0_seed044_44_20260603_113450,S10,5000,200,6,M2_LONG_LINK,44,B,L2,F1,H0,V2,map_S10_M2_LONG_LINK_seed044,4ba8ac696f5e478c6fe1c1d1179db3ea38a2323e9a8ef4dbc2dd10adb64f778b,97.875,343.411,196.029,397.845,25,742,3.1222,0.2948,60.0,-1.0,-1.0,-1.0,-1.0,-1.0,0.0,0.0,0.0,0.0,0.0,0.0,6612.9807,0.677202,0.0,2366,1406265,1406265,1.0,1792,1792,1.0,120105,1,0,S10|M2_LONG_LINK|44|B|L2|F1,false,false,true,/home/cyfer/FYP/WSN_simulation_V3/runs/S10_5000/outputs_production_50seed_part41_45/run_campaign_v3_S10_M2_LONG_LINK_B_L2_F1_H0_seed044_44_20260603_113450
campaign_v3_S10_M2_LONG_LINK_B_L2_F1_H0_seed045,campaign_v3_S10_M2_LONG_LINK_B_L2_F1_H0_seed045_45_20260603_113649,S10,5000,200,6,M2_LONG_LINK,45,B,L2,F1,H0,V2,map_S10_M2_LONG_LINK_seed045,3bce78a76991576b411506ee11fb37c3796d85bcaabb6fb8e97e2973ebd5a114,98.869,346.221,199.985,401.301,25,958,3.3448,0.293,60.0,-1.0,-1.0,-1.0,-1.0,-1.0,0.0,0.0,0.0,0.0,0.0,0.0,6623.857644,0.674914,0.0,2373,1408850,1408850,1.0,1792,1792,1.0,120050,1,0,S10|M2_LONG_LINK|45|B|L2|F1,false,false,true,/home/cyfer/FYP/WSN_simulation_V3/runs/S10_5000/outputs_production_50seed_part41_45/run_campaign_v3_S10_M2_LONG_LINK_B_L2_F1_H0_seed045_45_20260603_113649
campaign_v3_S10_M2_LONG_LINK_B_L2_F1_H1_seed041,campaign_v3_S10_M2_LONG_LINK_B_L2_F1_H1_seed041_41_20260603_112900,S10,5000,200,6,M2_LONG_LINK,41,B,L2,F1,H1,V3,map_S10_M2_LONG_LINK_seed041,9a7a6306da33858403718f6d6a6efc6dd36a559ea0d91a6dc5a81010910f1ef7,98.439,345.835,197.303,401.064,25,807,3.0751,0.295,60.0,18.738,78.738,138.738,140.0,80.0,6.474,3.0,1.0,0.016,1.0,0.142,6596.52575,0.680419,0.0,2347,1410173,1410173,1.0,1779,1779,1.0,120000,0,1,S10|M2_LONG_LINK|41|B|L2|F1,true,false,false,/home/cyfer/FYP/WSN_simulation_V3/runs/S10_5000/outputs_production_50seed_part41_45/run_campaign_v3_S10_M2_LONG_LINK_B_L2_F1_H1_seed041_41_20260603_112900
campaign_v3_S10_M2_LONG_LINK_B_L2_F1_H1_seed042,campaign_v3_S10_M2_LONG_LINK_B_L2_F1_H1_seed042_42_20260603_113101,S10,5000,200,6,M2_LONG_LINK,42,B,L2,F1,H1,V3,map_S10_M2_LONG_LINK_seed042,654886926220e740373ea1aee8f686f1b284eb341d9afa43635772a41a92b6e4,99.981,360.819,198.136,398.213,25,891,3.5522,0.3054,60.0,18.754,78.754,138.754,140.0,80.0,6.292,3.0,1.0,0.011,1.0,0.086,6568.399649,0.686011,0.0,2347,1410410,1410410,1.0,1797,1797,1.0,120000,0,1,S10|M2_LONG_LINK|42|B|L2|F1,true,false,false,/home/cyfer/FYP/WSN_simulation_V3/runs/S10_5000/outputs_production_50seed_part41_45/run_campaign_v3_S10_M2_LONG_LINK_B_L2_F1_H1_seed042_42_20260603_113101
campaign_v3_S10_M2_LONG_LINK_B_L2_F1_H1_seed043,campaign_v3_S10_M2_LONG_LINK_B_L2_F1_H1_seed043_43_20260603_113259,S10,5000,200,6,M2_LONG_LINK,43,B,L2,F1,H1,V3,map_S10_M2_LONG_LINK_seed043,c6c5b21dd2f84d0016ef5e0edc0c3a5a605eeddec74ac0fbbf68ed035869f43a,97.224,337.803,203.017,406.555,25,788,3.1467,0.295,60.0,18.63,78.63,138.63,140.0,80.0,6.541,3.0,1.0,0.009,1.0,0.171,6594.199132,0.680828,0.0,2349,1410647,1410647,1.0,1797,1797,1.0,120000,0,1,S10|M2_LONG_LINK|43|B|L2|F1,true,false,false,/home/cyfer/FYP/WSN_simulation_V3/runs/S10_5000/outputs_production_50seed_part41_45/run_campaign_v3_S10_M2_LONG_LINK_B_L2_F1_H1_seed043_43_20260603_113259
campaign_v3_S10_M2_LONG_LINK_B_L2_F1_H1_seed044,campaign_v3_S10_M2_LONG_LINK_B_L2_F1_H1_seed044_44_20260603_113458,S10,5000,200,6,M2_LONG_LINK,44,B,L2,F1,H1,V3,map_S10_M2_LONG_LINK_seed044,4ba8ac696f5e478c6fe1c1d1179db3ea38a2323e9a8ef4dbc2dd10adb64f778b,97.875,343.411,196.029,397.845,25,742,3.1222,0.2948,60.0,18.904,78.904,138.904,140.0,80.0,6.619,3.0,1.0,0.028,1.0,0.178,6622.678686,0.675262,0.0,2367,1409541,1409541,1.0,1797,1797,1.0,120000,0,1,S10|M2_LONG_LINK|44|B|L2|F1,true,false,false,/home/cyfer/FYP/WSN_simulation_V3/runs/S10_5000/outputs_production_50seed_part41_45/run_campaign_v3_S10_M2_LONG_LINK_B_L2_F1_H1_seed044_44_20260603_113458
campaign_v3_S10_M2_LONG_LINK_B_L2_F1_H1_seed045,campaign_v3_S10_M2_LONG_LINK_B_L2_F1_H1_seed045_45_20260603_113657,S10,5000,200,6,M2_LONG_LINK,45,B,L2,F1,H1,V3,map_S10_M2_LONG_LINK_seed045,3bce78a76991576b411506ee11fb37c3796d85bcaabb6fb8e97e2973ebd5a114,98.869,346.221,199.985,401.301,25,958,3.3448,0.293,60.0,18.595,78.595,138.595,140.0,80.0,6.261,3.0,1.0,0.01,1.0,0.077,6628.080352,0.67407,0.0,2373,1410410,1410410,1.0,1797,1797,1.0,120000,0,1,S10|M2_LONG_LINK|45|B|L2|F1,true,false,false,/home/cyfer/FYP/WSN_simulation_V3/runs/S10_5000/outputs_production_50seed_part41_45/run_campaign_v3_S10_M2_LONG_LINK_B_L2_F1_H1_seed045_45_20260603_113657
campaign_v3_S10_M2_LONG_LINK_B_L2_F1_H3_seed041,campaign_v3_S10_M2_LONG_LINK_B_L2_F1_H3_seed041_41_20260603_112904,S10,5000,200,6,M2_LONG_LINK,41,B,L2,F1,H3,V3,map_S10_M2_LONG_LINK_seed041,9a7a6306da33858403718f6d6a6efc6dd36a559ea0d91a6dc5a81010910f1ef7,98.439,345.835,197.303,401.064,25,807,3.0751,0.295,60.0,25.176,85.176,145.176,150.0,90.0,6.474,3.0,1.0,0.016,1.0,0.142,6593.355018,0.681053,0.0,2346,1409188,1409188,1.0,1779,1779,1.0,119850,0,1,S10|M2_LONG_LINK|41|B|L2|F1,true,false,false,/home/cyfer/FYP/WSN_simulation_V3/runs/S10_5000/outputs_production_50seed_part41_45/run_campaign_v3_S10_M2_LONG_LINK_B_L2_F1_H3_seed041_41_20260603_112904
campaign_v3_S10_M2_LONG_LINK_B_L2_F1_H3_seed042,campaign_v3_S10_M2_LONG_LINK_B_L2_F1_H3_seed042_42_20260603_113105,S10,5000,200,6,M2_LONG_LINK,42,B,L2,F1,H3,V3,map_S10_M2_LONG_LINK_seed042,654886926220e740373ea1aee8f686f1b284eb341d9afa43635772a41a92b6e4,99.981,360.819,198.136,398.213,25,891,3.5522,0.3054,60.0,24.396,84.396,144.396,150.0,90.0,6.292,3.0,1.0,0.011,1.0,0.086,6565.814708,0.686528,0.0,2346,1409600,1409600,1.0,1797,1797,1.0,119875,0,1,S10|M2_LONG_LINK|42|B|L2|F1,true,false,false,/home/cyfer/FYP/WSN_simulation_V3/runs/S10_5000/outputs_production_50seed_part41_45/run_campaign_v3_S10_M2_LONG_LINK_B_L2_F1_H3_seed042_42_20260603_113105
campaign_v3_S10_M2_LONG_LINK_B_L2_F1_H3_seed043,campaign_v3_S10_M2_LONG_LINK_B_L2_F1_H3_seed043_43_20260603_113303,S10,5000,200,6,M2_LONG_LINK,43,B,L2,F1,H3,V3,map_S10_M2_LONG_LINK_seed043,c6c5b21dd2f84d0016ef5e0edc0c3a5a605eeddec74ac0fbbf68ed035869f43a,97.224,337.803,203.017,406.555,25,788,3.1467,0.295,60.0,25.477,85.477,145.477,150.0,90.0,6.541,3.0,1.0,0.009,1.0,0.171,6592.211415,0.681225,0.0,2349,1410151,1410151,1.0,1797,1797,1.0,119925,0,1,S10|M2_LONG_LINK|43|B|L2|F1,true,false,false,/home/cyfer/FYP/WSN_simulation_V3/runs/S10_5000/outputs_production_50seed_part41_45/run_campaign_v3_S10_M2_LONG_LINK_B_L2_F1_H3_seed043_43_20260603_113303
campaign_v3_S10_M2_LONG_LINK_B_L2_F1_H3_seed044,campaign_v3_S10_M2_LONG_LINK_B_L2_F1_H3_seed044_44_20260603_113502,S10,5000,200,6,M2_LONG_LINK,44,B,L2,F1,H3,V3,map_S10_M2_LONG_LINK_seed044,4ba8ac696f5e478c6fe1c1d1179db3ea38a2323e9a8ef4dbc2dd10adb64f778b,97.875,343.411,196.029,397.845,25,742,3.1222,0.2948,60.0,25.173,85.173,145.173,150.0,90.0,6.619,3.0,1.0,0.028,1.0,0.178,6618.858215,0.676026,0.0,2367,1407904,1407904,1.0,1797,1797,1.0,119750,0,1,S10|M2_LONG_LINK|44|B|L2|F1,true,false,false,/home/cyfer/FYP/WSN_simulation_V3/runs/S10_5000/outputs_production_50seed_part41_45/run_campaign_v3_S10_M2_LONG_LINK_B_L2_F1_H3_seed044_44_20260603_113502
campaign_v3_S10_M2_LONG_LINK_B_L2_F1_H3_seed045,campaign_v3_S10_M2_LONG_LINK_B_L2_F1_H3_seed045_45_20260603_113701,S10,5000,200,6,M2_LONG_LINK,45,B,L2,F1,H3,V3,map_S10_M2_LONG_LINK_seed045,3bce78a76991576b411506ee11fb37c3796d85bcaabb6fb8e97e2973ebd5a114,98.869,346.221,199.985,401.301,25,958,3.3448,0.293,60.0,24.616,84.616,144.616,150.0,90.0,6.261,3.0,1.0,0.01,1.0,0.077,6626.012549,0.674483,0.0,2373,1409600,1409600,1.0,1797,1797,1.0,119875,0,1,S10|M2_LONG_LINK|45|B|L2|F1,true,false,false,/home/cyfer/FYP/WSN_simulation_V3/runs/S10_5000/outputs_production_50seed_part41_45/run_campaign_v3_S10_M2_LONG_LINK_B_L2_F1_H3_seed045_45_20260603_113701
campaign_v3_S10_M2_LONG_LINK_B_L2_F1_H4_seed041,campaign_v3_S10_M2_LONG_LINK_B_L2_F1_H4_seed041_41_20260603_112907,S10,5000,200,6,M2_LONG_LINK,41,B,L2,F1,H4,V3,map_S10_M2_LONG_LINK_seed041,9a7a6306da33858403718f6d6a6efc6dd36a559ea0d91a6dc5a81010910f1ef7,98.439,345.835,197.303,401.064,25,807,3.0751,0.295,60.0,29.065,89.065,149.065,150.0,90.0,6.474,3.0,1.0,0.016,1.0,0.142,6585.465717,0.682631,0.0,2347,1405990,1405990,1.0,1779,1779,1.0,119304,0,1,S10|M2_LONG_LINK|41|B|L2|F1,true,false,false,/home/cyfer/FYP/WSN_simulation_V3/runs/S10_5000/outputs_production_50seed_part41_45/run_campaign_v3_S10_M2_LONG_LINK_B_L2_F1_H4_seed041_41_20260603_112907
campaign_v3_S10_M2_LONG_LINK_B_L2_F1_H4_seed042,campaign_v3_S10_M2_LONG_LINK_B_L2_F1_H4_seed042_42_20260603_113109,S10,5000,200,6,M2_LONG_LINK,42,B,L2,F1,H4,V3,map_S10_M2_LONG_LINK_seed042,654886926220e740373ea1aee8f686f1b284eb341d9afa43635772a41a92b6e4,99.981,360.819,198.136,398.213,25,891,3.5522,0.3054,60.0,29.224,89.224,149.224,150.0,90.0,6.292,3.0,1.0,0.011,1.0,0.086,6562.033826,0.687284,0.0,2346,1407710,1407710,1.0,1797,1797,1.0,119554,0,1,S10|M2_LONG_LINK|42|B|L2|F1,true,false,false,/home/cyfer/FYP/WSN_simulation_V3/runs/S10_5000/outputs_production_50seed_part41_45/run_campaign_v3_S10_M2_LONG_LINK_B_L2_F1_H4_seed042_42_20260603_113109
campaign_v3_S10_M2_LONG_LINK_B_L2_F1_H4_seed043,campaign_v3_S10_M2_LONG_LINK_B_L2_F1_H4_seed043_43_20260603_113306,S10,5000,200,6,M2_LONG_LINK,43,B,L2,F1,H4,V3,map_S10_M2_LONG_LINK_seed043,c6c5b21dd2f84d0016ef5e0edc0c3a5a605eeddec74ac0fbbf68ed035869f43a,97.224,337.803,203.017,406.555,25,788,3.1467,0.295,60.0,28.662,88.662,148.662,150.0,90.0,6.541,3.0,1.0,0.009,1.0,0.171,6590.419173,0.681584,0.0,2348,1409283,1409283,1.0,1797,1797,1.0,119779,0,1,S10|M2_LONG_LINK|43|B|L2|F1,true,false,false,/home/cyfer/FYP/WSN_simulation_V3/runs/S10_5000/outputs_production_50seed_part41_45/run_campaign_v3_S10_M2_LONG_LINK_B_L2_F1_H4_seed043_43_20260603_113306
campaign_v3_S10_M2_LONG_LINK_B_L2_F1_H4_seed044,campaign_v3_S10_M2_LONG_LINK_B_L2_F1_H4_seed044_44_20260603_113505,S10,5000,200,6,M2_LONG_LINK,44,B,L2,F1,H4,V3,map_S10_M2_LONG_LINK_seed044,4ba8ac696f5e478c6fe1c1d1179db3ea38a2323e9a8ef4dbc2dd10adb64f778b,97.875,343.411,196.029,397.845,25,742,3.1222,0.2948,60.0,29.276,89.276,149.276,150.0,90.0,6.619,3.0,1.0,0.028,1.0,0.178,6615.287199,0.67674,0.0,2367,1406430,1406430,1.0,1797,1797,1.0,119504,0,1,S10|M2_LONG_LINK|44|B|L2|F1,true,false,false,/home/cyfer/FYP/WSN_simulation_V3/runs/S10_5000/outputs_production_50seed_part41_45/run_campaign_v3_S10_M2_LONG_LINK_B_L2_F1_H4_seed044_44_20260603_113505
campaign_v3_S10_M2_LONG_LINK_B_L2_F1_H4_seed045,campaign_v3_S10_M2_LONG_LINK_B_L2_F1_H4_seed045_45_20260603_113704,S10,5000,200,6,M2_LONG_LINK,45,B,L2,F1,H4,V3,map_S10_M2_LONG_LINK_seed045,3bce78a76991576b411506ee11fb37c3796d85bcaabb6fb8e97e2973ebd5a114,98.869,346.221,199.985,401.301,25,958,3.3448,0.293,60.0,28.76,88.76,148.76,150.0,90.0,6.261,3.0,1.0,0.01,1.0,0.077,6626.462865,0.674393,0.0,2373,1409892,1409892,1.0,1797,1797,1.0,119929,0,1,S10|M2_LONG_LINK|45|B|L2|F1,true,false,false,/home/cyfer/FYP/WSN_simulation_V3/runs/S10_5000/outputs_production_50seed_part41_45/run_campaign_v3_S10_M2_LONG_LINK_B_L2_F1_H4_seed045_45_20260603_113704
campaign_v3_S10_M2_LONG_LINK_B_L2_F2_H0_seed041,campaign_v3_S10_M2_LONG_LINK_B_L2_F2_H0_seed041_41_20260603_112856,S10,5000,200,6,M2_LONG_LINK,41,B,L2,F2,H0,V2,map_S10_M2_LONG_LINK_seed041,9a7a6306da33858403718f6d6a6efc6dd36a559ea0d91a6dc5a81010910f1ef7,98.439,345.835,197.303,401.064,25,807,3.0751,0.295,60.0,-1.0,-1.0,-1.0,-1.0,-1.0,0.0,0.0,0.0,0.0,0.0,0.0,6580.982381,0.683804,0.0,2345,1404620,1404620,1.0,1774,1774,1.0,120140,1,0,S10|M2_LONG_LINK|41|B|L2|F2,false,false,true,/home/cyfer/FYP/WSN_simulation_V3/runs/S10_5000/outputs_production_50seed_part41_45/run_campaign_v3_S10_M2_LONG_LINK_B_L2_F2_H0_seed041_41_20260603_112856
campaign_v3_S10_M2_LONG_LINK_B_L2_F2_H0_seed042,campaign_v3_S10_M2_LONG_LINK_B_L2_F2_H0_seed042_42_20260603_113057,S10,5000,200,6,M2_LONG_LINK,42,B,L2,F2,H0,V2,map_S10_M2_LONG_LINK_seed042,654886926220e740373ea1aee8f686f1b284eb341d9afa43635772a41a92b6e4,99.981,360.819,198.136,398.213,25,891,3.5522,0.3054,60.0,-1.0,-1.0,-1.0,-1.0,-1.0,0.0,0.0,0.0,0.0,0.0,0.0,6559.47036,0.688106,0.0,2345,1406970,1406970,1.0,1792,1792,1.0,120090,1,0,S10|M2_LONG_LINK|42|B|L2|F2,false,false,true,/home/cyfer/FYP/WSN_simulation_V3/runs/S10_5000/outputs_production_50seed_part41_45/run_campaign_v3_S10_M2_LONG_LINK_B_L2_F2_H0_seed042_42_20260603_113057
campaign_v3_S10_M2_LONG_LINK_B_L2_F2_H0_seed043,campaign_v3_S10_M2_LONG_LINK_B_L2_F2_H0_seed043_43_20260603_113255,S10,5000,200,6,M2_LONG_LINK,43,B,L2,F2,H0,V2,map_S10_M2_LONG_LINK_seed043,c6c5b21dd2f84d0016ef5e0edc0c3a5a605eeddec74ac0fbbf68ed035869f43a,97.224,337.803,203.017,406.555,25,788,3.1467,0.295,60.0,-1.0,-1.0,-1.0,-1.0,-1.0,0.0,0.0,0.0,0.0,0.0,0.0,6589.986767,0.682003,0.0,2348,1409085,1409085,1.0,1792,1792,1.0,120045,1,0,S10|M2_LONG_LINK|43|B|L2|F2,false,false,true,/home/cyfer/FYP/WSN_simulation_V3/runs/S10_5000/outputs_production_50seed_part41_45/run_campaign_v3_S10_M2_LONG_LINK_B_L2_F2_H0_seed043_43_20260603_113255
campaign_v3_S10_M2_LONG_LINK_B_L2_F2_H0_seed044,campaign_v3_S10_M2_LONG_LINK_B_L2_F2_H0_seed044_44_20260603_113454,S10,5000,200,6,M2_LONG_LINK,44,B,L2,F2,H0,V2,map_S10_M2_LONG_LINK_seed044,4ba8ac696f5e478c6fe1c1d1179db3ea38a2323e9a8ef4dbc2dd10adb64f778b,97.875,343.411,196.029,397.845,25,742,3.1222,0.2948,60.0,-1.0,-1.0,-1.0,-1.0,-1.0,0.0,0.0,0.0,0.0,0.0,0.0,6613.824123,0.677235,0.0,2365,1406500,1406500,1.0,1792,1792,1.0,120100,1,0,S10|M2_LONG_LINK|44|B|L2|F2,false,false,true,/home/cyfer/FYP/WSN_simulation_V3/runs/S10_5000/outputs_production_50seed_part41_45/run_campaign_v3_S10_M2_LONG_LINK_B_L2_F2_H0_seed044_44_20260603_113454
campaign_v3_S10_M2_LONG_LINK_B_L2_F2_H0_seed045,campaign_v3_S10_M2_LONG_LINK_B_L2_F2_H0_seed045_45_20260603_113653,S10,5000,200,6,M2_LONG_LINK,45,B,L2,F2,H0,V2,map_S10_M2_LONG_LINK_seed045,3bce78a76991576b411506ee11fb37c3796d85bcaabb6fb8e97e2973ebd5a114,98.869,346.221,199.985,401.301,25,958,3.3448,0.293,60.0,-1.0,-1.0,-1.0,-1.0,-1.0,0.0,0.0,0.0,0.0,0.0,0.0,6627.595476,0.674481,0.0,2373,1410495,1410495,1.0,1792,1792,1.0,120015,1,0,S10|M2_LONG_LINK|45|B|L2|F2,false,false,true,/home/cyfer/FYP/WSN_simulation_V3/runs/S10_5000/outputs_production_50seed_part41_45/run_campaign_v3_S10_M2_LONG_LINK_B_L2_F2_H0_seed045_45_20260603_113653
campaign_v3_S10_M2_LONG_LINK_B_L2_F2_H1_seed041,campaign_v3_S10_M2_LONG_LINK_B_L2_F2_H1_seed041_41_20260603_112911,S10,5000,200,6,M2_LONG_LINK,41,B,L2,F2,H1,V3,map_S10_M2_LONG_LINK_seed041,9a7a6306da33858403718f6d6a6efc6dd36a559ea0d91a6dc5a81010910f1ef7,98.439,345.835,197.303,401.064,25,807,3.0751,0.295,60.0,26.273,86.273,146.273,150.0,90.0,5.692,3.0,1.0,0.035,0.682,0.181,6593.987609,0.681202,0.0,2346,1408764,1408764,1.0,1779,1779,1.0,120000,0,1,S10|M2_LONG_LINK|41|B|L2|F2,true,false,false,/home/cyfer/FYP/WSN_simulation_V3/runs/S10_5000/outputs_production_50seed_part41_45/run_campaign_v3_S10_M2_LONG_LINK_B_L2_F2_H1_seed041_41_20260603_112911
campaign_v3_S10_M2_LONG_LINK_B_L2_F2_H1_seed042,campaign_v3_S10_M2_LONG_LINK_B_L2_F2_H1_seed042_42_20260603_113112,S10,5000,200,6,M2_LONG_LINK,42,B,L2,F2,H1,V3,map_S10_M2_LONG_LINK_seed042,654886926220e740373ea1aee8f686f1b284eb341d9afa43635772a41a92b6e4,99.981,360.819,198.136,398.213,25,891,3.5522,0.3054,60.0,25.246,85.246,145.246,150.0,90.0,4.561,3.0,1.0,0.02,0.415,0.085,6567.506677,0.686499,0.0,2346,1409652,1409652,1.0,1797,1797,1.0,120000,0,1,S10|M2_LONG_LINK|42|B|L2|F2,true,false,false,/home/cyfer/FYP/WSN_simulation_V3/runs/S10_5000/outputs_production_50seed_part41_45/run_campaign_v3_S10_M2_LONG_LINK_B_L2_F2_H1_seed042_42_20260603_113112
campaign_v3_S10_M2_LONG_LINK_B_L2_F2_H1_seed043,campaign_v3_S10_M2_LONG_LINK_B_L2_F2_H1_seed043_43_20260603_113310,S10,5000,200,6,M2_LONG_LINK,43,B,L2,F2,H1,V3,map_S10_M2_LONG_LINK_seed043,c6c5b21dd2f84d0016ef5e0edc0c3a5a605eeddec74ac0fbbf68ed035869f43a,97.224,337.803,203.017,406.555,25,788,3.1467,0.295,60.0,24.674,84.674,144.674,150.0,90.0,3.812,3.0,1.0,0.011,0.201,0.058,6593.893679,0.681221,0.0,2348,1410435,1410435,1.0,1797,1797,1.0,120000,0,1,S10|M2_LONG_LINK|43|B|L2|F2,true,false,false,/home/cyfer/FYP/WSN_simulation_V3/runs/S10_5000/outputs_production_50seed_part41_45/run_campaign_v3_S10_M2_LONG_LINK_B_L2_F2_H1_seed043_43_20260603_113310
campaign_v3_S10_M2_LONG_LINK_B_L2_F2_H1_seed044,campaign_v3_S10_M2_LONG_LINK_B_L2_F2_H1_seed044_44_20260603_113509,S10,5000,200,6,M2_LONG_LINK,44,B,L2,F2,H1,V3,map_S10_M2_LONG_LINK_seed044,4ba8ac696f5e478c6fe1c1d1179db3ea38a2323e9a8ef4dbc2dd10adb64f778b,97.875,343.411,196.029,397.845,25,742,3.1222,0.2948,60.0,25.085,85.085,145.085,150.0,90.0,4.899,3.0,1.0,0.027,0.466,0.14,6622.697605,0.67546,0.0,2366,1409480,1409480,1.0,1797,1797,1.0,120000,0,1,S10|M2_LONG_LINK|44|B|L2|F2,true,false,false,/home/cyfer/FYP/WSN_simulation_V3/runs/S10_5000/outputs_production_50seed_part41_45/run_campaign_v3_S10_M2_LONG_LINK_B_L2_F2_H1_seed044_44_20260603_113509
campaign_v3_S10_M2_LONG_LINK_B_L2_F2_H1_seed045,campaign_v3_S10_M2_LONG_LINK_B_L2_F2_H1_seed045_45_20260603_113708,S10,5000,200,6,M2_LONG_LINK,45,B,L2,F2,H1,V3,map_S10_M2_LONG_LINK_seed045,3bce78a76991576b411506ee11fb37c3796d85bcaabb6fb8e97e2973ebd5a114,98.869,346.221,199.985,401.301,25,958,3.3448,0.293,60.0,24.105,84.105,144.105,150.0,90.0,3.605,3.0,1.0,0.003,0.074,0.125,6629.224275,0.674155,0.0,2373,1410945,1410945,1.0,1797,1797,1.0,120000,0,1,S10|M2_LONG_LINK|45|B|L2|F2,true,false,false,/home/cyfer/FYP/WSN_simulation_V3/runs/S10_5000/outputs_production_50seed_part41_45/run_campaign_v3_S10_M2_LONG_LINK_B_L2_F2_H1_seed045_45_20260603_113708
campaign_v3_S10_M2_LONG_LINK_B_L2_F2_H3_seed041,campaign_v3_S10_M2_LONG_LINK_B_L2_F2_H3_seed041_41_20260603_112912,S10,5000,200,6,M2_LONG_LINK,41,B,L2,F2,H3,V3,map_S10_M2_LONG_LINK_seed041,9a7a6306da33858403718f6d6a6efc6dd36a559ea0d91a6dc5a81010910f1ef7,98.439,345.835,197.303,401.064,25,807,3.0751,0.295,60.0,32.027,92.027,152.027,160.0,100.0,5.692,3.0,1.0,0.035,0.682,0.181,6588.241083,0.682352,0.0,2346,1406608,1406608,1.0,1778,1778,1.0,119650,0,1,S10|M2_LONG_LINK|41|B|L2|F2,true,false,false,/home/cyfer/FYP/WSN_simulation_V3/runs/S10_5000/outputs_production_50seed_part41_45/run_campaign_v3_S10_M2_LONG_LINK_B_L2_F2_H3_seed041_41_20260603_112912
campaign_v3_S10_M2_LONG_LINK_B_L2_F2_H3_seed042,campaign_v3_S10_M2_LONG_LINK_B_L2_F2_H3_seed042_42_20260603_113114,S10,5000,200,6,M2_LONG_LINK,42,B,L2,F2,H3,V3,map_S10_M2_LONG_LINK_seed042,654886926220e740373ea1aee8f686f1b284eb341d9afa43635772a41a92b6e4,99.981,360.819,198.136,398.213,25,891,3.5522,0.3054,60.0,30.58,90.58,150.58,160.0,100.0,4.561,3.0,1.0,0.02,0.415,0.085,6563.343472,0.687331,0.0,2345,1408266,1408266,1.0,1796,1796,1.0,119775,0,1,S10|M2_LONG_LINK|42|B|L2|F2,true,false,false,/home/cyfer/FYP/WSN_simulation_V3/runs/S10_5000/outputs_production_50seed_part41_45/run_campaign_v3_S10_M2_LONG_LINK_B_L2_F2_H3_seed042_42_20260603_113114
campaign_v3_S10_M2_LONG_LINK_B_L2_F2_H3_seed043,campaign_v3_S10_M2_LONG_LINK_B_L2_F2_H3_seed043_43_20260603_113311,S10,5000,200,6,M2_LONG_LINK,43,B,L2,F2,H3,V3,map_S10_M2_LONG_LINK_seed043,c6c5b21dd2f84d0016ef5e0edc0c3a5a605eeddec74ac0fbbf68ed035869f43a,97.224,337.803,203.017,406.555,25,788,3.1467,0.295,60.0,30.763,90.763,150.763,160.0,100.0,3.812,3.0,1.0,0.011,0.201,0.058,6592.234217,0.681553,0.0,2348,1409805,1409805,1.0,1796,1796,1.0,119900,0,1,S10|M2_LONG_LINK|43|B|L2|F2,true,false,false,/home/cyfer/FYP/WSN_simulation_V3/runs/S10_5000/outputs_production_50seed_part41_45/run_campaign_v3_S10_M2_LONG_LINK_B_L2_F2_H3_seed043_43_20260603_113311
campaign_v3_S10_M2_LONG_LINK_B_L2_F2_H3_seed044,campaign_v3_S10_M2_LONG_LINK_B_L2_F2_H3_seed044_44_20260603_113511,S10,5000,200,6,M2_LONG_LINK,44,B,L2,F2,H3,V3,map_S10_M2_LONG_LINK_seed044,4ba8ac696f5e478c6fe1c1d1179db3ea38a2323e9a8ef4dbc2dd10adb64f778b,97.875,343.411,196.029,397.845,25,742,3.1222,0.2948,60.0,31.695,91.695,151.695,160.0,100.0,4.899,3.0,1.0,0.027,0.466,0.14,6618.445991,0.676311,0.0,2366,1407930,1407930,1.0,1796,1796,1.0,119750,0,1,S10|M2_LONG_LINK|44|B|L2|F2,true,false,false,/home/cyfer/FYP/WSN_simulation_V3/runs/S10_5000/outputs_production_50seed_part41_45/run_campaign_v3_S10_M2_LONG_LINK_B_L2_F2_H3_seed044_44_20260603_113511
campaign_v3_S10_M2_LONG_LINK_B_L2_F2_H3_seed045,campaign_v3_S10_M2_LONG_LINK_B_L2_F2_H3_seed045_45_20260603_113709,S10,5000,200,6,M2_LONG_LINK,45,B,L2,F2,H3,V3,map_S10_M2_LONG_LINK_seed045,3bce78a76991576b411506ee11fb37c3796d85bcaabb6fb8e97e2973ebd5a114,98.869,346.221,199.985,401.301,25,958,3.3448,0.293,60.0,30.436,90.436,150.436,160.0,100.0,3.605,3.0,1.0,0.003,0.074,0.125,6628.543305,0.674291,0.0,2373,1410783,1410783,1.0,1796,1796,1.0,119975,0,1,S10|M2_LONG_LINK|45|B|L2|F2,true,false,false,/home/cyfer/FYP/WSN_simulation_V3/runs/S10_5000/outputs_production_50seed_part41_45/run_campaign_v3_S10_M2_LONG_LINK_B_L2_F2_H3_seed045_45_20260603_113709
campaign_v3_S10_M2_LONG_LINK_B_L2_F2_H4_seed041,campaign_v3_S10_M2_LONG_LINK_B_L2_F2_H4_seed041_41_20260603_112914,S10,5000,200,6,M2_LONG_LINK,41,B,L2,F2,H4,V3,map_S10_M2_LONG_LINK_seed041,9a7a6306da33858403718f6d6a6efc6dd36a559ea0d91a6dc5a81010910f1ef7,98.439,345.835,197.303,401.064,25,807,3.0751,0.295,60.0,36.011,96.011,156.011,160.0,100.0,5.692,3.0,1.0,0.035,0.682,0.181,6593.23765,0.681352,0.0,2346,1408484,1408484,1.0,1778,1778,1.0,120000,0,1,S10|M2_LONG_LINK|41|B|L2|F2,true,false,false,/home/cyfer/FYP/WSN_simulation_V3/runs/S10_5000/outputs_production_50seed_part41_45/run_campaign_v3_S10_M2_LONG_LINK_B_L2_F2_H4_seed041_41_20260603_112914
campaign_v3_S10_M2_LONG_LINK_B_L2_F2_H4_seed042,campaign_v3_S10_M2_LONG_LINK_B_L2_F2_H4_seed042_42_20260603_113115,S10,5000,200,6,M2_LONG_LINK,42,B,L2,F2,H4,V3,map_S10_M2_LONG_LINK_seed042,654886926220e740373ea1aee8f686f1b284eb341d9afa43635772a41a92b6e4,99.981,360.819,198.136,398.213,25,891,3.5522,0.3054,60.0,35.466,95.466,155.466,160.0,100.0,4.561,3.0,1.0,0.02,0.415,0.085,6567.09569,0.686581,0.0,2346,1409472,1409472,1.0,1796,1796,1.0,120000,0,1,S10|M2_LONG_LINK|42|B|L2|F2,true,false,false,/home/cyfer/FYP/WSN_simulation_V3/runs/S10_5000/outputs_production_50seed_part41_45/run_campaign_v3_S10_M2_LONG_LINK_B_L2_F2_H4_seed042_42_20260603_113115
campaign_v3_S10_M2_LONG_LINK_B_L2_F2_H4_seed043,campaign_v3_S10_M2_LONG_LINK_B_L2_F2_H4_seed043_43_20260603_113313,S10,5000,200,6,M2_LONG_LINK,43,B,L2,F2,H4,V3,map_S10_M2_LONG_LINK_seed043,c6c5b21dd2f84d0016ef5e0edc0c3a5a605eeddec74ac0fbbf68ed035869f43a,97.224,337.803,203.017,406.555,25,788,3.1467,0.295,60.0,34.686,94.686,154.686,160.0,100.0,3.812,3.0,1.0,0.011,0.201,0.058,6593.629819,0.681274,0.0,2348,1410345,1410345,1.0,1796,1796,1.0,120000,0,1,S10|M2_LONG_LINK|43|B|L2|F2,true,false,false,/home/cyfer/FYP/WSN_simulation_V3/runs/S10_5000/outputs_production_50seed_part41_45/run_campaign_v3_S10_M2_LONG_LINK_B_L2_F2_H4_seed043_43_20260603_113313
campaign_v3_S10_M2_LONG_LINK_B_L2_F2_H4_seed044,campaign_v3_S10_M2_LONG_LINK_B_L2_F2_H4_seed044_44_20260603_113512,S10,5000,200,6,M2_LONG_LINK,44,B,L2,F2,H4,V3,map_S10_M2_LONG_LINK_seed044,4ba8ac696f5e478c6fe1c1d1179db3ea38a2323e9a8ef4dbc2dd10adb64f778b,97.875,343.411,196.029,397.845,25,742,3.1222,0.2948,60.0,35.614,95.614,155.614,160.0,100.0,4.899,3.0,1.0,0.027,0.466,0.14,6622.23048,0.675554,0.0,2366,1409280,1409280,1.0,1796,1796,1.0,120000,0,1,S10|M2_LONG_LINK|44|B|L2|F2,true,false,false,/home/cyfer/FYP/WSN_simulation_V3/runs/S10_5000/outputs_production_50seed_part41_45/run_campaign_v3_S10_M2_LONG_LINK_B_L2_F2_H4_seed044_44_20260603_113512
campaign_v3_S10_M2_LONG_LINK_B_L2_F2_H4_seed045,campaign_v3_S10_M2_LONG_LINK_B_L2_F2_H4_seed045_45_20260603_113711,S10,5000,200,6,M2_LONG_LINK,45,B,L2,F2,H4,V3,map_S10_M2_LONG_LINK_seed045,3bce78a76991576b411506ee11fb37c3796d85bcaabb6fb8e97e2973ebd5a114,98.869,346.221,199.985,401.301,25,958,3.3448,0.293,60.0,34.036,94.036,154.036,160.0,100.0,3.605,3.0,1.0,0.003,0.074,0.125,6629.109536,0.674178,0.0,2373,1410915,1410915,1.0,1796,1796,1.0,120000,0,1,S10|M2_LONG_LINK|45|B|L2|F2,true,false,false,/home/cyfer/FYP/WSN_simulation_V3/runs/S10_5000/outputs_production_50seed_part41_45/run_campaign_v3_S10_M2_LONG_LINK_B_L2_F2_H4_seed045_45_20260603_113711
campaign_v3_S10_M2_LONG_LINK_B_L2_F3_H0_seed041,campaign_v3_S10_M2_LONG_LINK_B_L2_F3_H0_seed041_41_20260603_112858,S10,5000,200,6,M2_LONG_LINK,41,B,L2,F3,H0,V2,map_S10_M2_LONG_LINK_seed041,9a7a6306da33858403718f6d6a6efc6dd36a559ea0d91a6dc5a81010910f1ef7,98.439,345.835,197.303,401.064,25,807,3.0751,0.295,60.0,-1.0,-1.0,-1.0,-1.0,-1.0,0.0,0.0,0.0,0.0,0.0,0.0,6593.558608,0.681288,0.0,2345,1409320,1409320,1.0,1774,1774,1.0,120040,1,0,S10|M2_LONG_LINK|41|B|L2|F3,false,false,true,/home/cyfer/FYP/WSN_simulation_V3/runs/S10_5000/outputs_production_50seed_part41_45/run_campaign_v3_S10_M2_LONG_LINK_B_L2_F3_H0_seed041_41_20260603_112858
campaign_v3_S10_M2_LONG_LINK_B_L2_F3_H0_seed042,campaign_v3_S10_M2_LONG_LINK_B_L2_F3_H0_seed042_42_20260603_113059,S10,5000,200,6,M2_LONG_LINK,42,B,L2,F3,H0,V2,map_S10_M2_LONG_LINK_seed042,654886926220e740373ea1aee8f686f1b284eb341d9afa43635772a41a92b6e4,99.981,360.819,198.136,398.213,25,891,3.5522,0.3054,60.0,-1.0,-1.0,-1.0,-1.0,-1.0,0.0,0.0,0.0,0.0,0.0,0.0,6562.34386,0.687531,0.0,2345,1408380,1408380,1.0,1792,1792,1.0,120060,1,0,S10|M2_LONG_LINK|42|B|L2|F3,false,false,true,/home/cyfer/FYP/WSN_simulation_V3/runs/S10_5000/outputs_production_50seed_part41_45/run_campaign_v3_S10_M2_LONG_LINK_B_L2_F3_H0_seed042_42_20260603_113059
campaign_v3_S10_M2_LONG_LINK_B_L2_F3_H0_seed043,campaign_v3_S10_M2_LONG_LINK_B_L2_F3_H0_seed043_43_20260603_113256,S10,5000,200,6,M2_LONG_LINK,43,B,L2,F3,H0,V2,map_S10_M2_LONG_LINK_seed043,c6c5b21dd2f84d0016ef5e0edc0c3a5a605eeddec74ac0fbbf68ed035869f43a,97.224,337.803,203.017,406.555,25,788,3.1467,0.295,60.0,-1.0,-1.0,-1.0,-1.0,-1.0,0.0,0.0,0.0,0.0,0.0,0.0,6587.001893,0.6826,0.0,2348,1408145,1408145,1.0,1792,1792,1.0,120065,1,0,S10|M2_LONG_LINK|43|B|L2|F3,false,false,true,/home/cyfer/FYP/WSN_simulation_V3/runs/S10_5000/outputs_production_50seed_part41_45/run_campaign_v3_S10_M2_LONG_LINK_B_L2_F3_H0_seed043_43_20260603_113256
campaign_v3_S10_M2_LONG_LINK_B_L2_F3_H0_seed044,campaign_v3_S10_M2_LONG_LINK_B_L2_F3_H0_seed044_44_20260603_113455,S10,5000,200,6,M2_LONG_LINK,44,B,L2,F3,H0,V2,map_S10_M2_LONG_LINK_seed044,4ba8ac696f5e478c6fe1c1d1179db3ea38a2323e9a8ef4dbc2dd10adb64f778b,97.875,343.411,196.029,397.845,25,742,3.1222,0.2948,60.0,-1.0,-1.0,-1.0,-1.0,-1.0,0.0,0.0,0.0,0.0,0.0,0.0,6617.596602,0.676481,0.0,2365,1407675,1407675,1.0,1792,1792,1.0,120075,1,0,S10|M2_LONG_LINK|44|B|L2|F3,false,false,true,/home/cyfer/FYP/WSN_simulation_V3/runs/S10_5000/outputs_production_50seed_part41_45/run_campaign_v3_S10_M2_LONG_LINK_B_L2_F3_H0_seed044_44_20260603_113455
campaign_v3_S10_M2_LONG_LINK_B_L2_F3_H0_seed045,campaign_v3_S10_M2_LONG_LINK_B_L2_F3_H0_seed045_45_20260603_113654,S10,5000,200,6,M2_LONG_LINK,45,B,L2,F3,H0,V2,map_S10_M2_LONG_LINK_seed045,3bce78a76991576b411506ee11fb37c3796d85bcaabb6fb8e97e2973ebd5a114,98.869,346.221,199.985,401.301,25,958,3.3448,0.293,60.0,-1.0,-1.0,-1.0,-1.0,-1.0,0.0,0.0,0.0,0.0,0.0,0.0,6607.444364,0.678511,0.0,2365,1405560,1405560,1.0,1792,1792,1.0,120120,1,0,S10|M2_LONG_LINK|45|B|L2|F3,false,false,true,/home/cyfer/FYP/WSN_simulation_V3/runs/S10_5000/outputs_production_50seed_part41_45/run_campaign_v3_S10_M2_LONG_LINK_B_L2_F3_H0_seed045_45_20260603_113654
campaign_v3_S10_M2_LONG_LINK_B_L2_F3_H1_seed041,campaign_v3_S10_M2_LONG_LINK_B_L2_F3_H1_seed041_41_20260603_112915,S10,5000,200,6,M2_LONG_LINK,41,B,L2,F3,H1,V3,map_S10_M2_LONG_LINK_seed041,9a7a6306da33858403718f6d6a6efc6dd36a559ea0d91a6dc5a81010910f1ef7,98.439,345.835,197.303,401.064,25,807,3.0751,0.295,60.0,28.074,88.074,148.074,150.0,90.0,3.623,3.0,1.0,0.01,0.176,0.022,6593.675238,0.681265,0.0,2345,1409340,1409340,1.0,1779,1779,1.0,119804,0,1,S10|M2_LONG_LINK|41|B|L2|F3,true,false,false,/home/cyfer/FYP/WSN_simulation_V3/runs/S10_5000/outputs_production_50seed_part41_45/run_campaign_v3_S10_M2_LONG_LINK_B_L2_F3_H1_seed041_41_20260603_112915
campaign_v3_S10_M2_LONG_LINK_B_L2_F3_H1_seed042,campaign_v3_S10_M2_LONG_LINK_B_L2_F3_H1_seed042_42_20260603_113117,S10,5000,200,6,M2_LONG_LINK,42,B,L2,F3,H1,V3,map_S10_M2_LONG_LINK_seed042,654886926220e740373ea1aee8f686f1b284eb341d9afa43635772a41a92b6e4,99.981,360.819,198.136,398.213,25,891,3.5522,0.3054,60.0,28.826,88.826,148.826,150.0,90.0,4.271,3.0,1.0,0.013,0.282,0.129,6562.509859,0.687498,0.0,2345,1408400,1408400,1.0,1797,1797,1.0,119704,0,1,S10|M2_LONG_LINK|42|B|L2|F3,true,false,false,/home/cyfer/FYP/WSN_simulation_V3/runs/S10_5000/outputs_production_50seed_part41_45/run_campaign_v3_S10_M2_LONG_LINK_B_L2_F3_H1_seed042_42_20260603_113117
campaign_v3_S10_M2_LONG_LINK_B_L2_F3_H1_seed043,campaign_v3_S10_M2_LONG_LINK_B_L2_F3_H1_seed043_43_20260603_113314,S10,5000,200,6,M2_LONG_LINK,43,B,L2,F3,H1,V3,map_S10_M2_LONG_LINK_seed043,c6c5b21dd2f84d0016ef5e0edc0c3a5a605eeddec74ac0fbbf68ed035869f43a,97.224,337.803,203.017,406.555,25,788,3.1467,0.295,60.0,29.155,89.155,149.155,150.0,90.0,4.477,3.0,1.0,0.017,0.312,0.164,6587.188183,0.682562,0.0,2348,1408165,1408165,1.0,1797,1797,1.0,119679,0,1,S10|M2_LONG_LINK|43|B|L2|F3,true,false,false,/home/cyfer/FYP/WSN_simulation_V3/runs/S10_5000/outputs_production_50seed_part41_45/run_campaign_v3_S10_M2_LONG_LINK_B_L2_F3_H1_seed043_43_20260603_113314
campaign_v3_S10_M2_LONG_LINK_B_L2_F3_H1_seed044,campaign_v3_S10_M2_LONG_LINK_B_L2_F3_H1_seed044_44_20260603_113513,S10,5000,200,6,M2_LONG_LINK,44,B,L2,F3,H1,V3,map_S10_M2_LONG_LINK_seed044,4ba8ac696f5e478c6fe1c1d1179db3ea38a2323e9a8ef4dbc2dd10adb64f778b,97.875,343.411,196.029,397.845,25,742,3.1222,0.2948,60.0,28.456,88.456,148.456,150.0,90.0,4.397,3.0,1.0,0.02,0.326,0.12,6617.785636,0.676443,0.0,2365,1407695,1407695,1.0,1797,1797,1.0,119629,0,1,S10|M2_LONG_LINK|44|B|L2|F3,true,false,false,/home/cyfer/FYP/WSN_simulation_V3/runs/S10_5000/outputs_production_50seed_part41_45/run_campaign_v3_S10_M2_LONG_LINK_B_L2_F3_H1_seed044_44_20260603_113513
campaign_v3_S10_M2_LONG_LINK_B_L2_F3_H1_seed045,campaign_v3_S10_M2_LONG_LINK_B_L2_F3_H1_seed045_45_20260603_113712,S10,5000,200,6,M2_LONG_LINK,45,B,L2,F3,H1,V3,map_S10_M2_LONG_LINK_seed045,3bce78a76991576b411506ee11fb37c3796d85bcaabb6fb8e97e2973ebd5a114,98.869,346.221,199.985,401.301,25,958,3.3448,0.293,60.0,30.171,90.171,150.171,160.0,100.0,5.455,3.0,1.0,0.025,0.698,0.095,6607.751966,0.67845,0.0,2365,1405576,1405576,1.0,1796,1796,1.0,119404,0,1,S10|M2_LONG_LINK|45|B|L2|F3,true,false,false,/home/cyfer/FYP/WSN_simulation_V3/runs/S10_5000/outputs_production_50seed_part41_45/run_campaign_v3_S10_M2_LONG_LINK_B_L2_F3_H1_seed045_45_20260603_113712
campaign_v3_S10_M2_LONG_LINK_B_L2_F3_H3_seed041,campaign_v3_S10_M2_LONG_LINK_B_L2_F3_H3_seed041_41_20260603_112916,S10,5000,200,6,M2_LONG_LINK,41,B,L2,F3,H3,V3,map_S10_M2_LONG_LINK_seed041,9a7a6306da33858403718f6d6a6efc6dd36a559ea0d91a6dc5a81010910f1ef7,98.439,345.835,197.303,401.064,25,807,3.0751,0.295,60.0,34.489,94.489,154.489,160.0,100.0,3.623,3.0,1.0,0.01,0.176,0.022,6593.658189,0.681268,0.0,2345,1409336,1409336,1.0,1778,1778,1.0,119804,0,1,S10|M2_LONG_LINK|41|B|L2|F3,true,false,false,/home/cyfer/FYP/WSN_simulation_V3/runs/S10_5000/outputs_production_50seed_part41_45/run_campaign_v3_S10_M2_LONG_LINK_B_L2_F3_H3_seed041_41_20260603_112916
campaign_v3_S10_M2_LONG_LINK_B_L2_F3_H3_seed042,campaign_v3_S10_M2_LONG_LINK_B_L2_F3_H3_seed042_42_20260603_113118,S10,5000,200,6,M2_LONG_LINK,42,B,L2,F3,H3,V3,map_S10_M2_LONG_LINK_seed042,654886926220e740373ea1aee8f686f1b284eb341d9afa43635772a41a92b6e4,99.981,360.819,198.136,398.213,25,891,3.5522,0.3054,60.0,34.843,94.843,154.843,160.0,100.0,4.271,3.0,1.0,0.013,0.282,0.129,6562.494472,0.687501,0.0,2345,1408396,1408396,1.0,1796,1796,1.0,119704,0,1,S10|M2_LONG_LINK|42|B|L2|F3,true,false,false,/home/cyfer/FYP/WSN_simulation_V3/runs/S10_5000/outputs_production_50seed_part41_45/run_campaign_v3_S10_M2_LONG_LINK_B_L2_F3_H3_seed042_42_20260603_113118
campaign_v3_S10_M2_LONG_LINK_B_L2_F3_H3_seed043,campaign_v3_S10_M2_LONG_LINK_B_L2_F3_H3_seed043_43_20260603_113315,S10,5000,200,6,M2_LONG_LINK,43,B,L2,F3,H3,V3,map_S10_M2_LONG_LINK_seed043,c6c5b21dd2f84d0016ef5e0edc0c3a5a605eeddec74ac0fbbf68ed035869f43a,97.224,337.803,203.017,406.555,25,788,3.1467,0.295,60.0,35.189,95.189,155.189,160.0,100.0,4.477,3.0,1.0,0.017,0.312,0.164,6587.167944,0.682566,0.0,2348,1408161,1408161,1.0,1796,1796,1.0,119679,0,1,S10|M2_LONG_LINK|43|B|L2|F3,true,false,false,/home/cyfer/FYP/WSN_simulation_V3/runs/S10_5000/outputs_production_50seed_part41_45/run_campaign_v3_S10_M2_LONG_LINK_B_L2_F3_H3_seed043_43_20260603_113315
campaign_v3_S10_M2_LONG_LINK_B_L2_F3_H3_seed044,campaign_v3_S10_M2_LONG_LINK_B_L2_F3_H3_seed044_44_20260603_113515,S10,5000,200,6,M2_LONG_LINK,44,B,L2,F3,H3,V3,map_S10_M2_LONG_LINK_seed044,4ba8ac696f5e478c6fe1c1d1179db3ea38a2323e9a8ef4dbc2dd10adb64f778b,97.875,343.411,196.029,397.845,25,742,3.1222,0.2948,60.0,34.64,94.64,154.64,160.0,100.0,4.397,3.0,1.0,0.02,0.326,0.12,6617.762454,0.676448,0.0,2365,1407691,1407691,1.0,1796,1796,1.0,119629,0,1,S10|M2_LONG_LINK|44|B|L2|F3,true,false,false,/home/cyfer/FYP/WSN_simulation_V3/runs/S10_5000/outputs_production_50seed_part41_45/run_campaign_v3_S10_M2_LONG_LINK_B_L2_F3_H3_seed044_44_20260603_113515
campaign_v3_S10_M2_LONG_LINK_B_L2_F3_H3_seed045,campaign_v3_S10_M2_LONG_LINK_B_L2_F3_H3_seed045_45_20260603_113713,S10,5000,200,6,M2_LONG_LINK,45,B,L2,F3,H3,V3,map_S10_M2_LONG_LINK_seed045,3bce78a76991576b411506ee11fb37c3796d85bcaabb6fb8e97e2973ebd5a114,98.869,346.221,199.985,401.301,25,958,3.3448,0.293,60.0,36.291,96.291,156.291,160.0,100.0,5.455,3.0,1.0,0.025,0.698,0.095,6607.709373,0.678458,0.0,2365,1405576,1405576,1.0,1796,1796,1.0,119404,0,1,S10|M2_LONG_LINK|45|B|L2|F3,true,false,false,/home/cyfer/FYP/WSN_simulation_V3/runs/S10_5000/outputs_production_50seed_part41_45/run_campaign_v3_S10_M2_LONG_LINK_B_L2_F3_H3_seed045_45_20260603_113713
campaign_v3_S10_M2_LONG_LINK_B_L2_F3_H4_seed041,campaign_v3_S10_M2_LONG_LINK_B_L2_F3_H4_seed041_41_20260603_112918,S10,5000,200,6,M2_LONG_LINK,41,B,L2,F3,H4,V3,map_S10_M2_LONG_LINK_seed041,9a7a6306da33858403718f6d6a6efc6dd36a559ea0d91a6dc5a81010910f1ef7,98.439,345.835,197.303,401.064,25,807,3.0751,0.295,60.0,37.857,97.857,157.857,160.0,100.0,3.623,3.0,1.0,0.01,0.176,0.022,6593.661352,0.681268,0.0,2345,1409336,1409336,1.0,1778,1778,1.0,119804,0,1,S10|M2_LONG_LINK|41|B|L2|F3,true,false,false,/home/cyfer/FYP/WSN_simulation_V3/runs/S10_5000/outputs_production_50seed_part41_45/run_campaign_v3_S10_M2_LONG_LINK_B_L2_F3_H4_seed041_41_20260603_112918
campaign_v3_S10_M2_LONG_LINK_B_L2_F3_H4_seed042,campaign_v3_S10_M2_LONG_LINK_B_L2_F3_H4_seed042_42_20260603_113119,S10,5000,200,6,M2_LONG_LINK,42,B,L2,F3,H4,V3,map_S10_M2_LONG_LINK_seed042,654886926220e740373ea1aee8f686f1b284eb341d9afa43635772a41a92b6e4,99.981,360.819,198.136,398.213,25,891,3.5522,0.3054,60.0,38.552,98.552,158.552,160.0,100.0,4.271,3.0,1.0,0.013,0.282,0.129,6562.490899,0.687502,0.0,2345,1408396,1408396,1.0,1796,1796,1.0,119704,0,1,S10|M2_LONG_LINK|42|B|L2|F3,true,false,false,/home/cyfer/FYP/WSN_simulation_V3/runs/S10_5000/outputs_production_50seed_part41_45/run_campaign_v3_S10_M2_LONG_LINK_B_L2_F3_H4_seed042_42_20260603_113119
campaign_v3_S10_M2_LONG_LINK_B_L2_F3_H4_seed043,campaign_v3_S10_M2_LONG_LINK_B_L2_F3_H4_seed043_43_20260603_113317,S10,5000,200,6,M2_LONG_LINK,43,B,L2,F3,H4,V3,map_S10_M2_LONG_LINK_seed043,c6c5b21dd2f84d0016ef5e0edc0c3a5a605eeddec74ac0fbbf68ed035869f43a,97.224,337.803,203.017,406.555,25,788,3.1467,0.295,60.0,38.671,98.671,158.671,160.0,100.0,4.477,3.0,1.0,0.017,0.312,0.164,6587.166365,0.682567,0.0,2348,1408161,1408161,1.0,1796,1796,1.0,119679,0,1,S10|M2_LONG_LINK|43|B|L2|F3,true,false,false,/home/cyfer/FYP/WSN_simulation_V3/runs/S10_5000/outputs_production_50seed_part41_45/run_campaign_v3_S10_M2_LONG_LINK_B_L2_F3_H4_seed043_43_20260603_113317
campaign_v3_S10_M2_LONG_LINK_B_L2_F3_H4_seed044,campaign_v3_S10_M2_LONG_LINK_B_L2_F3_H4_seed044_44_20260603_113516,S10,5000,200,6,M2_LONG_LINK,44,B,L2,F3,H4,V3,map_S10_M2_LONG_LINK_seed044,4ba8ac696f5e478c6fe1c1d1179db3ea38a2323e9a8ef4dbc2dd10adb64f778b,97.875,343.411,196.029,397.845,25,742,3.1222,0.2948,60.0,38.887,98.887,158.887,160.0,100.0,4.397,3.0,1.0,0.02,0.326,0.12,6617.765669,0.676447,0.0,2365,1407691,1407691,1.0,1796,1796,1.0,119629,0,1,S10|M2_LONG_LINK|44|B|L2|F3,true,false,false,/home/cyfer/FYP/WSN_simulation_V3/runs/S10_5000/outputs_production_50seed_part41_45/run_campaign_v3_S10_M2_LONG_LINK_B_L2_F3_H4_seed044_44_20260603_113516
campaign_v3_S10_M2_LONG_LINK_B_L2_F3_H4_seed045,campaign_v3_S10_M2_LONG_LINK_B_L2_F3_H4_seed045_45_20260603_113715,S10,5000,200,6,M2_LONG_LINK,45,B,L2,F3,H4,V3,map_S10_M2_LONG_LINK_seed045,3bce78a76991576b411506ee11fb37c3796d85bcaabb6fb8e97e2973ebd5a114,98.869,346.221,199.985,401.301,25,958,3.3448,0.293,60.0,40.402,100.402,160.402,170.0,110.0,5.455,3.0,1.0,0.025,0.698,0.095,6607.751966,0.67845,0.0,2365,1405576,1405576,1.0,1796,1796,1.0,119404,0,1,S10|M2_LONG_LINK|45|B|L2|F3,true,false,false,/home/cyfer/FYP/WSN_simulation_V3/runs/S10_5000/outputs_production_50seed_part41_45/run_campaign_v3_S10_M2_LONG_LINK_B_L2_F3_H4_seed045_45_20260603_113715
campaign_v3_S10_M2_LONG_LINK_B_L2_F4_H0_seed041,campaign_v3_S10_M2_LONG_LINK_B_L2_F4_H0_seed041_41_20260603_112859,S10,5000,200,6,M2_LONG_LINK,41,B,L2,F4,H0,V2,map_S10_M2_LONG_LINK_seed041,9a7a6306da33858403718f6d6a6efc6dd36a559ea0d91a6dc5a81010910f1ef7,98.439,345.835,197.303,401.064,25,807,3.0751,0.295,60.0,-1.0,-1.0,-1.0,-1.0,-1.0,0.0,0.0,0.0,0.0,0.0,0.0,6590.072133,0.681986,0.0,2345,1408145,1408145,1.0,1774,1774,1.0,120065,1,0,S10|M2_LONG_LINK|41|B|L2|F4,false,false,true,/home/cyfer/FYP/WSN_simulation_V3/runs/S10_5000/outputs_production_50seed_part41_45/run_campaign_v3_S10_M2_LONG_LINK_B_L2_F4_H0_seed041_41_20260603_112859
campaign_v3_S10_M2_LONG_LINK_B_L2_F4_H0_seed042,campaign_v3_S10_M2_LONG_LINK_B_L2_F4_H0_seed042_42_20260603_113100,S10,5000,200,6,M2_LONG_LINK,42,B,L2,F4,H0,V2,map_S10_M2_LONG_LINK_seed042,654886926220e740373ea1aee8f686f1b284eb341d9afa43635772a41a92b6e4,99.981,360.819,198.136,398.213,25,891,3.5522,0.3054,60.0,-1.0,-1.0,-1.0,-1.0,-1.0,0.0,0.0,0.0,0.0,0.0,0.0,6563.706311,0.687259,0.0,2345,1408850,1408850,1.0,1792,1792,1.0,120050,1,0,S10|M2_LONG_LINK|42|B|L2|F4,false,false,true,/home/cyfer/FYP/WSN_simulation_V3/runs/S10_5000/outputs_production_50seed_part41_45/run_campaign_v3_S10_M2_LONG_LINK_B_L2_F4_H0_seed042_42_20260603_113100
campaign_v3_S10_M2_LONG_LINK_B_L2_F4_H0_seed043,campaign_v3_S10_M2_LONG_LINK_B_L2_F4_H0_seed043_43_20260603_113258,S10,5000,200,6,M2_LONG_LINK,43,B,L2,F4,H0,V2,map_S10_M2_LONG_LINK_seed043,c6c5b21dd2f84d0016ef5e0edc0c3a5a605eeddec74ac0fbbf68ed035869f43a,97.224,337.803,203.017,406.555,25,788,3.1467,0.295,60.0,-1.0,-1.0,-1.0,-1.0,-1.0,0.0,0.0,0.0,0.0,0.0,0.0,6590.439055,0.681912,0.0,2348,1409555,1409555,1.0,1792,1792,1.0,120035,1,0,S10|M2_LONG_LINK|43|B|L2|F4,false,false,true,/home/cyfer/FYP/WSN_simulation_V3/runs/S10_5000/outputs_production_50seed_part41_45/run_campaign_v3_S10_M2_LONG_LINK_B_L2_F4_H0_seed043_43_20260603_113258
campaign_v3_S10_M2_LONG_LINK_B_L2_F4_H0_seed044,campaign_v3_S10_M2_LONG_LINK_B_L2_F4_H0_seed044_44_20260603_113457,S10,5000,200,6,M2_LONG_LINK,44,B,L2,F4,H0,V2,map_S10_M2_LONG_LINK_seed044,4ba8ac696f5e478c6fe1c1d1179db3ea38a2323e9a8ef4dbc2dd10adb64f778b,97.875,343.411,196.029,397.845,25,742,3.1222,0.2948,60.0,-1.0,-1.0,-1.0,-1.0,-1.0,0.0,0.0,0.0,0.0,0.0,0.0,6612.9807,0.677404,0.0,2365,1406265,1406265,1.0,1792,1792,1.0,120105,1,0,S10|M2_LONG_LINK|44|B|L2|F4,false,false,true,/home/cyfer/FYP/WSN_simulation_V3/runs/S10_5000/outputs_production_50seed_part41_45/run_campaign_v3_S10_M2_LONG_LINK_B_L2_F4_H0_seed044_44_20260603_113457
campaign_v3_S10_M2_LONG_LINK_B_L2_F4_H0_seed045,campaign_v3_S10_M2_LONG_LINK_B_L2_F4_H0_seed045_45_20260603_113656,S10,5000,200,6,M2_LONG_LINK,45,B,L2,F4,H0,V2,map_S10_M2_LONG_LINK_seed045,3bce78a76991576b411506ee11fb37c3796d85bcaabb6fb8e97e2973ebd5a114,98.869,346.221,199.985,401.301,25,958,3.3448,0.293,60.0,-1.0,-1.0,-1.0,-1.0,-1.0,0.0,0.0,0.0,0.0,0.0,0.0,6623.857644,0.675228,0.0,2372,1408850,1408850,1.0,1792,1792,1.0,120050,1,0,S10|M2_LONG_LINK|45|B|L2|F4,false,false,true,/home/cyfer/FYP/WSN_simulation_V3/runs/S10_5000/outputs_production_50seed_part41_45/run_campaign_v3_S10_M2_LONG_LINK_B_L2_F4_H0_seed045_45_20260603_113656
campaign_v3_S10_M2_LONG_LINK_B_L2_F4_H1_seed041,campaign_v3_S10_M2_LONG_LINK_B_L2_F4_H1_seed041_41_20260603_112919,S10,5000,200,6,M2_LONG_LINK,41,B,L2,F4,H1,V3,map_S10_M2_LONG_LINK_seed041,9a7a6306da33858403718f6d6a6efc6dd36a559ea0d91a6dc5a81010910f1ef7,98.439,345.835,197.303,401.064,25,807,3.0751,0.295,60.0,34.954,94.954,154.954,160.0,100.0,4.404,3.0,1.0,0.016,0.31,0.142,6591.282429,0.681744,0.0,2345,1408486,1408486,1.0,1778,1778,1.0,119679,0,1,S10|M2_LONG_LINK|41|B|L2|F4,true,false,false,/home/cyfer/FYP/WSN_simulation_V3/runs/S10_5000/outputs_production_50seed_part41_45/run_campaign_v3_S10_M2_LONG_LINK_B_L2_F4_H1_seed041_41_20260603_112919
campaign_v3_S10_M2_LONG_LINK_B_L2_F4_H1_seed042,campaign_v3_S10_M2_LONG_LINK_B_L2_F4_H1_seed042_42_20260603_113121,S10,5000,200,6,M2_LONG_LINK,42,B,L2,F4,H1,V3,map_S10_M2_LONG_LINK_seed042,654886926220e740373ea1aee8f686f1b284eb341d9afa43635772a41a92b6e4,99.981,360.819,198.136,398.213,25,891,3.5522,0.3054,60.0,34.937,94.937,154.937,160.0,100.0,3.977,3.0,1.0,0.011,0.228,0.086,6564.579192,0.687084,0.0,2345,1409116,1409116,1.0,1796,1796,1.0,119754,0,1,S10|M2_LONG_LINK|42|B|L2|F4,true,false,false,/home/cyfer/FYP/WSN_simulation_V3/runs/S10_5000/outputs_production_50seed_part41_45/run_campaign_v3_S10_M2_LONG_LINK_B_L2_F4_H1_seed042_42_20260603_113121
campaign_v3_S10_M2_LONG_LINK_B_L2_F4_H1_seed043,campaign_v3_S10_M2_LONG_LINK_B_L2_F4_H1_seed043_43_20260603_113318,S10,5000,200,6,M2_LONG_LINK,43,B,L2,F4,H1,V3,map_S10_M2_LONG_LINK_seed043,c6c5b21dd2f84d0016ef5e0edc0c3a5a605eeddec74ac0fbbf68ed035869f43a,97.224,337.803,203.017,406.555,25,788,3.1467,0.295,60.0,34.121,94.121,154.121,160.0,100.0,4.048,3.0,1.0,0.009,0.169,0.171,6591.171917,0.681766,0.0,2348,1409746,1409746,1.0,1796,1796,1.0,119829,0,1,S10|M2_LONG_LINK|43|B|L2|F4,true,false,false,/home/cyfer/FYP/WSN_simulation_V3/runs/S10_5000/outputs_production_50seed_part41_45/run_campaign_v3_S10_M2_LONG_LINK_B_L2_F4_H1_seed043_43_20260603_113318
campaign_v3_S10_M2_LONG_LINK_B_L2_F4_H1_seed044,campaign_v3_S10_M2_LONG_LINK_B_L2_F4_H1_seed044_44_20260603_113517,S10,5000,200,6,M2_LONG_LINK,44,B,L2,F4,H1,V3,map_S10_M2_LONG_LINK_seed044,4ba8ac696f5e478c6fe1c1d1179db3ea38a2323e9a8ef4dbc2dd10adb64f778b,97.875,343.411,196.029,397.845,25,742,3.1222,0.2948,60.0,35.472,95.472,155.472,160.0,100.0,5.103,3.0,1.0,0.028,0.495,0.178,6614.868585,0.677026,0.0,2365,1406785,1406785,1.0,1796,1796,1.0,119479,0,1,S10|M2_LONG_LINK|44|B|L2|F4,true,false,false,/home/cyfer/FYP/WSN_simulation_V3/runs/S10_5000/outputs_production_50seed_part41_45/run_campaign_v3_S10_M2_LONG_LINK_B_L2_F4_H1_seed044_44_20260603_113517
campaign_v3_S10_M2_LONG_LINK_B_L2_F4_H1_seed045,campaign_v3_S10_M2_LONG_LINK_B_L2_F4_H1_seed045_45_20260603_113716,S10,5000,200,6,M2_LONG_LINK,45,B,L2,F4,H1,V3,map_S10_M2_LONG_LINK_seed045,3bce78a76991576b411506ee11fb37c3796d85bcaabb6fb8e97e2973ebd5a114,98.869,346.221,199.985,401.301,25,958,3.3448,0.293,60.0,34.105,94.105,154.105,160.0,100.0,3.904,3.0,1.0,0.01,0.214,0.077,6624.652812,0.675069,0.0,2372,1409116,1409116,1.0,1796,1796,1.0,119754,0,1,S10|M2_LONG_LINK|45|B|L2|F4,true,false,false,/home/cyfer/FYP/WSN_simulation_V3/runs/S10_5000/outputs_production_50seed_part41_45/run_campaign_v3_S10_M2_LONG_LINK_B_L2_F4_H1_seed045_45_20260603_113716
campaign_v3_S10_M2_LONG_LINK_B_L2_F4_H3_seed041,campaign_v3_S10_M2_LONG_LINK_B_L2_F4_H3_seed041_41_20260603_112920,S10,5000,200,6,M2_LONG_LINK,41,B,L2,F4,H3,V3,map_S10_M2_LONG_LINK_seed041,9a7a6306da33858403718f6d6a6efc6dd36a559ea0d91a6dc5a81010910f1ef7,98.439,345.835,197.303,401.064,25,807,3.0751,0.295,60.0,40.972,100.972,160.972,170.0,110.0,4.404,3.0,1.0,0.016,0.31,0.142,6590.645129,0.681871,0.0,2345,1408294,1408294,1.0,1778,1778,1.0,119679,0,1,S10|M2_LONG_LINK|41|B|L2|F4,true,false,false,/home/cyfer/FYP/WSN_simulation_V3/runs/S10_5000/outputs_production_50seed_part41_45/run_campaign_v3_S10_M2_LONG_LINK_B_L2_F4_H3_seed041_41_20260603_112920
campaign_v3_S10_M2_LONG_LINK_B_L2_F4_H3_seed042,campaign_v3_S10_M2_LONG_LINK_B_L2_F4_H3_seed042_42_20260603_113122,S10,5000,200,6,M2_LONG_LINK,42,B,L2,F4,H3,V3,map_S10_M2_LONG_LINK_seed042,654886926220e740373ea1aee8f686f1b284eb341d9afa43635772a41a92b6e4,99.981,360.819,198.136,398.213,25,891,3.5522,0.3054,60.0,40.864,100.864,160.864,170.0,110.0,3.977,3.0,1.0,0.011,0.228,0.086,6564.087574,0.687182,0.0,2345,1408961,1408961,1.0,1796,1796,1.0,119754,0,1,S10|M2_LONG_LINK|42|B|L2|F4,true,false,false,/home/cyfer/FYP/WSN_simulation_V3/runs/S10_5000/outputs_production_50seed_part41_45/run_campaign_v3_S10_M2_LONG_LINK_B_L2_F4_H3_seed042_42_20260603_113122
campaign_v3_S10_M2_LONG_LINK_B_L2_F4_H3_seed043,campaign_v3_S10_M2_LONG_LINK_B_L2_F4_H3_seed043_43_20260603_113319,S10,5000,200,6,M2_LONG_LINK,43,B,L2,F4,H3,V3,map_S10_M2_LONG_LINK_seed043,c6c5b21dd2f84d0016ef5e0edc0c3a5a605eeddec74ac0fbbf68ed035869f43a,97.224,337.803,203.017,406.555,25,788,3.1467,0.295,60.0,40.644,100.644,160.644,170.0,110.0,4.048,3.0,1.0,0.009,0.169,0.171,6590.780057,0.681844,0.0,2348,1409647,1409647,1.0,1796,1796,1.0,119829,0,1,S10|M2_LONG_LINK|43|B|L2|F4,true,false,false,/home/cyfer/FYP/WSN_simulation_V3/runs/S10_5000/outputs_production_50seed_part41_45/run_campaign_v3_S10_M2_LONG_LINK_B_L2_F4_H3_seed043_43_20260603_113319
campaign_v3_S10_M2_LONG_LINK_B_L2_F4_H3_seed044,campaign_v3_S10_M2_LONG_LINK_B_L2_F4_H3_seed044_44_20260603_113519,S10,5000,200,6,M2_LONG_LINK,44,B,L2,F4,H3,V3,map_S10_M2_LONG_LINK_seed044,4ba8ac696f5e478c6fe1c1d1179db3ea38a2323e9a8ef4dbc2dd10adb64f778b,97.875,343.411,196.029,397.845,25,742,3.1222,0.2948,60.0,41.498,101.498,161.498,170.0,110.0,5.103,3.0,1.0,0.028,0.495,0.178,6613.903532,0.677219,0.0,2365,1406479,1406479,1.0,1796,1796,1.0,119479,0,1,S10|M2_LONG_LINK|44|B|L2|F4,true,false,false,/home/cyfer/FYP/WSN_simulation_V3/runs/S10_5000/outputs_production_50seed_part41_45/run_campaign_v3_S10_M2_LONG_LINK_B_L2_F4_H3_seed044_44_20260603_113519
campaign_v3_S10_M2_LONG_LINK_B_L2_F4_H3_seed045,campaign_v3_S10_M2_LONG_LINK_B_L2_F4_H3_seed045_45_20260603_113717,S10,5000,200,6,M2_LONG_LINK,45,B,L2,F4,H3,V3,map_S10_M2_LONG_LINK_seed045,3bce78a76991576b411506ee11fb37c3796d85bcaabb6fb8e97e2973ebd5a114,98.869,346.221,199.985,401.301,25,958,3.3448,0.293,60.0,40.713,100.713,160.713,170.0,110.0,3.904,3.0,1.0,0.01,0.214,0.077,6624.247344,0.675151,0.0,2372,1408961,1408961,1.0,1796,1796,1.0,119754,0,1,S10|M2_LONG_LINK|45|B|L2|F4,true,false,false,/home/cyfer/FYP/WSN_simulation_V3/runs/S10_5000/outputs_production_50seed_part41_45/run_campaign_v3_S10_M2_LONG_LINK_B_L2_F4_H3_seed045_45_20260603_113717
campaign_v3_S10_M2_LONG_LINK_B_L2_F4_H4_seed041,campaign_v3_S10_M2_LONG_LINK_B_L2_F4_H4_seed041_41_20260603_112922,S10,5000,200,6,M2_LONG_LINK,41,B,L2,F4,H4,V3,map_S10_M2_LONG_LINK_seed041,9a7a6306da33858403718f6d6a6efc6dd36a559ea0d91a6dc5a81010910f1ef7,98.439,345.835,197.303,401.064,25,807,3.0751,0.295,60.0,44.875,104.875,164.875,170.0,110.0,4.404,3.0,1.0,0.016,0.31,0.142,6581.247464,0.683751,0.0,2345,1404732,1404732,1.0,1778,1778,1.0,118983,0,1,S10|M2_LONG_LINK|41|B|L2|F4,true,false,false,/home/cyfer/FYP/WSN_simulation_V3/runs/S10_5000/outputs_production_50seed_part41_45/run_campaign_v3_S10_M2_LONG_LINK_B_L2_F4_H4_seed041_41_20260603_112922
campaign_v3_S10_M2_LONG_LINK_B_L2_F4_H4_seed042,campaign_v3_S10_M2_LONG_LINK_B_L2_F4_H4_seed042_42_20260603_113124,S10,5000,200,6,M2_LONG_LINK,42,B,L2,F4,H4,V3,map_S10_M2_LONG_LINK_seed042,654886926220e740373ea1aee8f686f1b284eb341d9afa43635772a41a92b6e4,99.981,360.819,198.136,398.213,25,891,3.5522,0.3054,60.0,44.311,104.311,164.311,170.0,110.0,3.977,3.0,1.0,0.011,0.228,0.086,6558.863748,0.688227,0.0,2345,1406692,1406692,1.0,1796,1796,1.0,119308,0,1,S10|M2_LONG_LINK|42|B|L2|F4,true,false,false,/home/cyfer/FYP/WSN_simulation_V3/runs/S10_5000/outputs_production_50seed_part41_45/run_campaign_v3_S10_M2_LONG_LINK_B_L2_F4_H4_seed042_42_20260603_113124
campaign_v3_S10_M2_LONG_LINK_B_L2_F4_H4_seed043,campaign_v3_S10_M2_LONG_LINK_B_L2_F4_H4_seed043_43_20260603_113320,S10,5000,200,6,M2_LONG_LINK,43,B,L2,F4,H4,V3,map_S10_M2_LONG_LINK_seed043,c6c5b21dd2f84d0016ef5e0edc0c3a5a605eeddec74ac0fbbf68ed035869f43a,97.224,337.803,203.017,406.555,25,788,3.1467,0.295,60.0,44.722,104.722,164.722,170.0,110.0,4.048,3.0,1.0,0.009,0.169,0.171,6587.799186,0.68244,0.0,2347,1408522,1408522,1.0,1796,1796,1.0,119608,0,1,S10|M2_LONG_LINK|43|B|L2|F4,true,false,false,/home/cyfer/FYP/WSN_simulation_V3/runs/S10_5000/outputs_production_50seed_part41_45/run_campaign_v3_S10_M2_LONG_LINK_B_L2_F4_H4_seed043_43_20260603_113320
campaign_v3_S10_M2_LONG_LINK_B_L2_F4_H4_seed044,campaign_v3_S10_M2_LONG_LINK_B_L2_F4_H4_seed044_44_20260603_113520,S10,5000,200,6,M2_LONG_LINK,44,B,L2,F4,H4,V3,map_S10_M2_LONG_LINK_seed044,4ba8ac696f5e478c6fe1c1d1179db3ea38a2323e9a8ef4dbc2dd10adb64f778b,97.875,343.411,196.029,397.845,25,742,3.1222,0.2948,60.0,45.641,105.641,165.641,170.0,110.0,5.103,3.0,1.0,0.028,0.495,0.178,6608.078113,0.678384,0.0,2365,1404011,1404011,1.0,1796,1796,1.0,118983,0,1,S10|M2_LONG_LINK|44|B|L2|F4,true,false,false,/home/cyfer/FYP/WSN_simulation_V3/runs/S10_5000/outputs_production_50seed_part41_45/run_campaign_v3_S10_M2_LONG_LINK_B_L2_F4_H4_seed044_44_20260603_113520
campaign_v3_S10_M2_LONG_LINK_B_L2_F4_H4_seed045,campaign_v3_S10_M2_LONG_LINK_B_L2_F4_H4_seed045_45_20260603_113719,S10,5000,200,6,M2_LONG_LINK,45,B,L2,F4,H4,V3,map_S10_M2_LONG_LINK_seed045,3bce78a76991576b411506ee11fb37c3796d85bcaabb6fb8e97e2973ebd5a114,98.869,346.221,199.985,401.301,25,958,3.3448,0.293,60.0,44.157,104.157,164.157,170.0,110.0,3.904,3.0,1.0,0.01,0.214,0.077,6623.179246,0.675364,0.0,2372,1408642,1408642,1.0,1796,1796,1.0,119683,0,1,S10|M2_LONG_LINK|45|B|L2|F4,true,false,false,/home/cyfer/FYP/WSN_simulation_V3/runs/S10_5000/outputs_production_50seed_part41_45/run_campaign_v3_S10_M2_LONG_LINK_B_L2_F4_H4_seed045_45_20260603_113719
campaign_v3_S10_M3_IMBALANCED_A_L1_F0_H0_seed041,campaign_v3_S10_M3_IMBALANCED_A_L1_F0_H0_seed041_41_20260603_113720,S10,5000,200,6,M3_IMBALANCED,41,A,L1,F0,H0,V1,map_S10_M3_IMBALANCED_seed041,d345ecf609c38e58087b969dd9bc7f958cef0e82cd62aa3ec847e5050b38dbf5,269.783,504.907,192.559,398.296,25,1893,6.3085,0.0978,0.0,-1.0,-1.0,-1.0,-1.0,-1.0,0.0,0.0,0.0,0.0,0.0,0.0,8419.259453,0.316148,0.0,3927,1411200,1411200,1.0,1782,1782,1.0,120000,0,0,S10|M3_IMBALANCED|41|A|L1|F0,false,true,false,/home/cyfer/FYP/WSN_simulation_V3/runs/S10_5000/outputs_production_50seed_part41_45/run_campaign_v3_S10_M3_IMBALANCED_A_L1_F0_H0_seed041_41_20260603_113720
campaign_v3_S10_M3_IMBALANCED_A_L1_F0_H0_seed042,campaign_v3_S10_M3_IMBALANCED_A_L1_F0_H0_seed042_42_20260603_114059,S10,5000,200,6,M3_IMBALANCED,42,A,L1,F0,H0,V1,map_S10_M3_IMBALANCED_seed042,c62af919addc7a5b69895a731862301c565ae9c2cfa14c6266cc5e16ab3946de,279.227,475.271,191.983,395.268,25,1342,5.5877,0.0826,0.0,-1.0,-1.0,-1.0,-1.0,-1.0,0.0,0.0,0.0,0.0,0.0,0.0,8457.341424,0.308532,0.0,3955,1411200,1411200,1.0,1746,1746,1.0,120000,0,0,S10|M3_IMBALANCED|42|A|L1|F0,false,true,false,/home/cyfer/FYP/WSN_simulation_V3/runs/S10_5000/outputs_production_50seed_part41_45/run_campaign_v3_S10_M3_IMBALANCED_A_L1_F0_H0_seed042_42_20260603_114059
campaign_v3_S10_M3_IMBALANCED_A_L1_F0_H0_seed043,campaign_v3_S10_M3_IMBALANCED_A_L1_F0_H0_seed043_43_20260603_114436,S10,5000,200,6,M3_IMBALANCED,43,A,L1,F0,H0,V1,map_S10_M3_IMBALANCED_seed043,84dd18344ce0a11b67a875060cf968b5046b5d436bff281a1a95c32ba3379016,268.068,493.295,195.684,394.375,25,1899,6.3313,0.089,0.0,-1.0,-1.0,-1.0,-1.0,-1.0,0.0,0.0,0.0,0.0,0.0,0.0,8438.469046,0.312306,0.0,3949,1411200,1411200,1.0,1755,1755,1.0,120000,0,0,S10|M3_IMBALANCED|43|A|L1|F0,false,true,false,/home/cyfer/FYP/WSN_simulation_V3/runs/S10_5000/outputs_production_50seed_part41_45/run_campaign_v3_S10_M3_IMBALANCED_A_L1_F0_H0_seed043_43_20260603_114436
campaign_v3_S10_M3_IMBALANCED_A_L1_F0_H0_seed044,campaign_v3_S10_M3_IMBALANCED_A_L1_F0_H0_seed044_44_20260603_114805,S10,5000,200,6,M3_IMBALANCED,44,A,L1,F0,H0,V1,map_S10_M3_IMBALANCED_seed044,1b5765d705f332f23193e45bc0307d44d1ddbb0d79b5d7404e792d40e9a9d7ec,263.793,496.828,194.418,406.624,25,1939,6.9832,0.0918,0.0,-1.0,-1.0,-1.0,-1.0,-1.0,0.0,0.0,0.0,0.0,0.0,0.0,8425.395214,0.314921,0.0,3938,1411200,1411200,1.0,1755,1755,1.0,120000,0,0,S10|M3_IMBALANCED|44|A|L1|F0,false,true,false,/home/cyfer/FYP/WSN_simulation_V3/runs/S10_5000/outputs_production_50seed_part41_45/run_campaign_v3_S10_M3_IMBALANCED_A_L1_F0_H0_seed044_44_20260603_114805
campaign_v3_S10_M3_IMBALANCED_A_L1_F0_H0_seed045,campaign_v3_S10_M3_IMBALANCED_A_L1_F0_H0_seed045_45_20260603_115131,S10,5000,200,6,M3_IMBALANCED,45,A,L1,F0,H0,V1,map_S10_M3_IMBALANCED_seed045,2e6383c655381bffc9bb2d5caad7c959dc472fbd037aa7d66192d9516f4374ea,269.801,501.14,193.271,401.301,25,1899,7.0658,0.081,0.0,-1.0,-1.0,-1.0,-1.0,-1.0,0.0,0.0,0.0,0.0,0.0,0.0,8469.858737,0.306028,0.0,3961,1411200,1411200,1.0,1755,1755,1.0,120000,0,0,S10|M3_IMBALANCED|45|A|L1|F0,false,true,false,/home/cyfer/FYP/WSN_simulation_V3/runs/S10_5000/outputs_production_50seed_part41_45/run_campaign_v3_S10_M3_IMBALANCED_A_L1_F0_H0_seed045_45_20260603_115131
campaign_v3_S10_M3_IMBALANCED_A_L1_F1_H0_seed041,campaign_v3_S10_M3_IMBALANCED_A_L1_F1_H0_seed041_41_20260603_113722,S10,5000,200,6,M3_IMBALANCED,41,A,L1,F1,H0,V2,map_S10_M3_IMBALANCED_seed041,d345ecf609c38e58087b969dd9bc7f958cef0e82cd62aa3ec847e5050b38dbf5,269.783,504.907,192.559,398.296,25,1893,6.3085,0.0978,60.0,-1.0,-1.0,-1.0,-1.0,-1.0,0.0,0.0,0.0,0.0,0.0,0.0,8415.835498,0.316489,0.0,3928,1409790,1409790,1.0,1774,1774,1.0,120030,1,0,S10|M3_IMBALANCED|41|A|L1|F1,false,false,true,/home/cyfer/FYP/WSN_simulation_V3/runs/S10_5000/outputs_production_50seed_part41_45/run_campaign_v3_S10_M3_IMBALANCED_A_L1_F1_H0_seed041_41_20260603_113722
campaign_v3_S10_M3_IMBALANCED_A_L1_F1_H0_seed042,campaign_v3_S10_M3_IMBALANCED_A_L1_F1_H0_seed042_42_20260603_114101,S10,5000,200,6,M3_IMBALANCED,42,A,L1,F1,H0,V2,map_S10_M3_IMBALANCED_seed042,c62af919addc7a5b69895a731862301c565ae9c2cfa14c6266cc5e16ab3946de,279.227,475.271,191.983,395.268,25,1342,5.5877,0.0826,60.0,-1.0,-1.0,-1.0,-1.0,-1.0,0.0,0.0,0.0,0.0,0.0,0.0,8456.070304,0.308407,0.0,3956,1410730,1410730,1.0,1738,1738,1.0,120010,1,0,S10|M3_IMBALANCED|42|A|L1|F1,false,false,true,/home/cyfer/FYP/WSN_simulation_V3/runs/S10_5000/outputs_production_50seed_part41_45/run_campaign_v3_S10_M3_IMBALANCED_A_L1_F1_H0_seed042_42_20260603_114101
campaign_v3_S10_M3_IMBALANCED_A_L1_F1_H0_seed043,campaign_v3_S10_M3_IMBALANCED_A_L1_F1_H0_seed043_43_20260603_114439,S10,5000,200,6,M3_IMBALANCED,43,A,L1,F1,H0,V2,map_S10_M3_IMBALANCED_seed043,84dd18344ce0a11b67a875060cf968b5046b5d436bff281a1a95c32ba3379016,268.068,493.295,195.684,394.375,25,1899,6.3313,0.089,60.0,-1.0,-1.0,-1.0,-1.0,-1.0,0.0,0.0,0.0,0.0,0.0,0.0,8435.791802,0.312488,0.0,3950,1410025,1410025,1.0,1747,1747,1.0,120025,1,0,S10|M3_IMBALANCED|43|A|L1|F1,false,false,true,/home/cyfer/FYP/WSN_simulation_V3/runs/S10_5000/outputs_production_50seed_part41_45/run_campaign_v3_S10_M3_IMBALANCED_A_L1_F1_H0_seed043_43_20260603_114439
campaign_v3_S10_M3_IMBALANCED_A_L1_F1_H0_seed044,campaign_v3_S10_M3_IMBALANCED_A_L1_F1_H0_seed044_44_20260603_114807,S10,5000,200,6,M3_IMBALANCED,44,A,L1,F1,H0,V2,map_S10_M3_IMBALANCED_seed044,1b5765d705f332f23193e45bc0307d44d1ddbb0d79b5d7404e792d40e9a9d7ec,263.793,496.828,194.418,406.624,25,1939,6.9832,0.0918,60.0,-1.0,-1.0,-1.0,-1.0,-1.0,0.0,0.0,0.0,0.0,0.0,0.0,8420.906643,0.315494,0.0,3938,1409320,1409320,1.0,1747,1747,1.0,120040,1,0,S10|M3_IMBALANCED|44|A|L1|F1,false,false,true,/home/cyfer/FYP/WSN_simulation_V3/runs/S10_5000/outputs_production_50seed_part41_45/run_campaign_v3_S10_M3_IMBALANCED_A_L1_F1_H0_seed044_44_20260603_114807
campaign_v3_S10_M3_IMBALANCED_A_L1_F1_H0_seed045,campaign_v3_S10_M3_IMBALANCED_A_L1_F1_H0_seed045_45_20260603_115134,S10,5000,200,6,M3_IMBALANCED,45,A,L1,F1,H0,V2,map_S10_M3_IMBALANCED_seed045,2e6383c655381bffc9bb2d5caad7c959dc472fbd037aa7d66192d9516f4374ea,269.801,501.14,193.271,401.301,25,1899,7.0658,0.081,60.0,-1.0,-1.0,-1.0,-1.0,-1.0,0.0,0.0,0.0,0.0,0.0,0.0,8467.628831,0.306112,0.0,3962,1410260,1410260,1.0,1747,1747,1.0,120020,1,0,S10|M3_IMBALANCED|45|A|L1|F1,false,false,true,/home/cyfer/FYP/WSN_simulation_V3/runs/S10_5000/outputs_production_50seed_part41_45/run_campaign_v3_S10_M3_IMBALANCED_A_L1_F1_H0_seed045_45_20260603_115134
campaign_v3_S10_M3_IMBALANCED_A_L1_F1_H1_seed041,campaign_v3_S10_M3_IMBALANCED_A_L1_F1_H1_seed041_41_20260603_113735,S10,5000,200,6,M3_IMBALANCED,41,A,L1,F1,H1,V3,map_S10_M3_IMBALANCED_seed041,d345ecf609c38e58087b969dd9bc7f958cef0e82cd62aa3ec847e5050b38dbf5,269.783,504.907,192.559,398.296,25,1893,6.3085,0.0978,60.0,21.37,81.37,141.37,150.0,90.0,6.122,6.0,1.0,0.003,1.0,0.038,8418.326816,0.315991,0.0,3928,1410708,1410708,1.0,1779,1779,1.0,120000,0,1,S10|M3_IMBALANCED|41|A|L1|F1,true,false,false,/home/cyfer/FYP/WSN_simulation_V3/runs/S10_5000/outputs_production_50seed_part41_45/run_campaign_v3_S10_M3_IMBALANCED_A_L1_F1_H1_seed041_41_20260603_113735
campaign_v3_S10_M3_IMBALANCED_A_L1_F1_H1_seed042,campaign_v3_S10_M3_IMBALANCED_A_L1_F1_H1_seed042_42_20260603_114113,S10,5000,200,6,M3_IMBALANCED,42,A,L1,F1,H1,V3,map_S10_M3_IMBALANCED_seed042,c62af919addc7a5b69895a731862301c565ae9c2cfa14c6266cc5e16ab3946de,279.227,475.271,191.983,395.268,25,1342,5.5877,0.0826,60.0,21.401,81.401,141.401,150.0,90.0,6.319,6.0,1.0,0.001,1.0,0.105,8456.909127,0.308239,0.0,3956,1411036,1411036,1.0,1743,1743,1.0,120000,0,1,S10|M3_IMBALANCED|42|A|L1|F1,true,false,false,/home/cyfer/FYP/WSN_simulation_V3/runs/S10_5000/outputs_production_50seed_part41_45/run_campaign_v3_S10_M3_IMBALANCED_A_L1_F1_H1_seed042_42_20260603_114113
campaign_v3_S10_M3_IMBALANCED_A_L1_F1_H1_seed043,campaign_v3_S10_M3_IMBALANCED_A_L1_F1_H1_seed043_43_20260603_114450,S10,5000,200,6,M3_IMBALANCED,43,A,L1,F1,H1,V3,map_S10_M3_IMBALANCED_seed043,84dd18344ce0a11b67a875060cf968b5046b5d436bff281a1a95c32ba3379016,268.068,493.295,195.684,394.375,25,1899,6.3313,0.089,60.0,22.215,82.215,142.215,150.0,90.0,6.33,6.0,1.0,0.003,1.0,0.107,8437.546303,0.312137,0.0,3950,1410785,1410785,1.0,1752,1752,1.0,120000,0,1,S10|M3_IMBALANCED|43|A|L1|F1,true,false,false,/home/cyfer/FYP/WSN_simulation_V3/runs/S10_5000/outputs_production_50seed_part41_45/run_campaign_v3_S10_M3_IMBALANCED_A_L1_F1_H1_seed043_43_20260603_114450
campaign_v3_S10_M3_IMBALANCED_A_L1_F1_H1_seed044,campaign_v3_S10_M3_IMBALANCED_A_L1_F1_H1_seed044_44_20260603_114819,S10,5000,200,6,M3_IMBALANCED,44,A,L1,F1,H1,V3,map_S10_M3_IMBALANCED_seed044,1b5765d705f332f23193e45bc0307d44d1ddbb0d79b5d7404e792d40e9a9d7ec,263.793,496.828,194.418,406.624,25,1939,6.9832,0.0918,60.0,22.036,82.036,142.036,150.0,90.0,6.145,6.0,1.0,0.004,1.0,0.044,8424.020229,0.314871,0.0,3938,1410536,1410536,1.0,1752,1752,1.0,120000,0,1,S10|M3_IMBALANCED|44|A|L1|F1,true,false,false,/home/cyfer/FYP/WSN_simulation_V3/runs/S10_5000/outputs_production_50seed_part41_45/run_campaign_v3_S10_M3_IMBALANCED_A_L1_F1_H1_seed044_44_20260603_114819
campaign_v3_S10_M3_IMBALANCED_A_L1_F1_H1_seed045,campaign_v3_S10_M3_IMBALANCED_A_L1_F1_H1_seed045_45_20260603_115145,S10,5000,200,6,M3_IMBALANCED,45,A,L1,F1,H1,V3,map_S10_M3_IMBALANCED_seed045,2e6383c655381bffc9bb2d5caad7c959dc472fbd037aa7d66192d9516f4374ea,269.801,501.14,193.271,401.301,25,1899,7.0658,0.081,60.0,21.597,81.597,141.597,150.0,90.0,6.383,6.0,1.0,0.002,1.0,0.126,8469.162573,0.305805,0.0,3962,1410872,1410872,1.0,1752,1752,1.0,120000,0,1,S10|M3_IMBALANCED|45|A|L1|F1,true,false,false,/home/cyfer/FYP/WSN_simulation_V3/runs/S10_5000/outputs_production_50seed_part41_45/run_campaign_v3_S10_M3_IMBALANCED_A_L1_F1_H1_seed045_45_20260603_115145
campaign_v3_S10_M3_IMBALANCED_A_L1_F1_H3_seed041,campaign_v3_S10_M3_IMBALANCED_A_L1_F1_H3_seed041_41_20260603_113740,S10,5000,200,6,M3_IMBALANCED,41,A,L1,F1,H3,V3,map_S10_M3_IMBALANCED_seed041,d345ecf609c38e58087b969dd9bc7f958cef0e82cd62aa3ec847e5050b38dbf5,269.783,504.907,192.559,398.296,25,1893,6.3085,0.0978,60.0,27.255,87.255,147.255,150.0,90.0,6.122,6.0,1.0,0.003,1.0,0.038,8416.934316,0.31627,0.0,3928,1410231,1410231,1.0,1779,1779,1.0,119925,0,1,S10|M3_IMBALANCED|41|A|L1|F1,true,false,false,/home/cyfer/FYP/WSN_simulation_V3/runs/S10_5000/outputs_production_50seed_part41_45/run_campaign_v3_S10_M3_IMBALANCED_A_L1_F1_H3_seed041_41_20260603_113740
campaign_v3_S10_M3_IMBALANCED_A_L1_F1_H3_seed042,campaign_v3_S10_M3_IMBALANCED_A_L1_F1_H3_seed042_42_20260603_114124,S10,5000,200,6,M3_IMBALANCED,42,A,L1,F1,H3,V3,map_S10_M3_IMBALANCED_seed042,c62af919addc7a5b69895a731862301c565ae9c2cfa14c6266cc5e16ab3946de,279.227,475.271,191.983,395.268,25,1342,5.5877,0.0826,60.0,27.58,87.58,147.58,150.0,90.0,6.319,6.0,1.0,0.001,1.0,0.105,8456.66214,0.308288,0.0,3956,1410877,1410877,1.0,1743,1743,1.0,119975,0,1,S10|M3_IMBALANCED|42|A|L1|F1,true,false,false,/home/cyfer/FYP/WSN_simulation_V3/runs/S10_5000/outputs_production_50seed_part41_45/run_campaign_v3_S10_M3_IMBALANCED_A_L1_F1_H3_seed042_42_20260603_114124
campaign_v3_S10_M3_IMBALANCED_A_L1_F1_H3_seed043,campaign_v3_S10_M3_IMBALANCED_A_L1_F1_H3_seed043_43_20260603_114455,S10,5000,200,6,M3_IMBALANCED,43,A,L1,F1,H3,V3,map_S10_M3_IMBALANCED_seed043,84dd18344ce0a11b67a875060cf968b5046b5d436bff281a1a95c32ba3379016,268.068,493.295,195.684,394.375,25,1899,6.3313,0.089,60.0,28.019,88.019,148.019,150.0,90.0,6.33,6.0,1.0,0.003,1.0,0.107,8436.732057,0.312299,0.0,3950,1410463,1410463,1.0,1752,1752,1.0,119950,0,1,S10|M3_IMBALANCED|43|A|L1|F1,true,false,false,/home/cyfer/FYP/WSN_simulation_V3/runs/S10_5000/outputs_production_50seed_part41_45/run_campaign_v3_S10_M3_IMBALANCED_A_L1_F1_H3_seed043_43_20260603_114455
campaign_v3_S10_M3_IMBALANCED_A_L1_F1_H3_seed044,campaign_v3_S10_M3_IMBALANCED_A_L1_F1_H3_seed044_44_20260603_114824,S10,5000,200,6,M3_IMBALANCED,44,A,L1,F1,H3,V3,map_S10_M3_IMBALANCED_seed044,1b5765d705f332f23193e45bc0307d44d1ddbb0d79b5d7404e792d40e9a9d7ec,263.793,496.828,194.418,406.624,25,1939,6.9832,0.0918,60.0,27.969,87.969,147.969,150.0,90.0,6.145,6.0,1.0,0.004,1.0,0.044,8422.532799,0.315169,0.0,3938,1409908,1409908,1.0,1752,1752,1.0,119900,0,1,S10|M3_IMBALANCED|44|A|L1|F1,true,false,false,/home/cyfer/FYP/WSN_simulation_V3/runs/S10_5000/outputs_production_50seed_part41_45/run_campaign_v3_S10_M3_IMBALANCED_A_L1_F1_H3_seed044_44_20260603_114824
campaign_v3_S10_M3_IMBALANCED_A_L1_F1_H3_seed045,campaign_v3_S10_M3_IMBALANCED_A_L1_F1_H3_seed045_45_20260603_115150,S10,5000,200,6,M3_IMBALANCED,45,A,L1,F1,H3,V3,map_S10_M3_IMBALANCED_seed045,2e6383c655381bffc9bb2d5caad7c959dc472fbd037aa7d66192d9516f4374ea,269.801,501.14,193.271,401.301,25,1899,7.0658,0.081,60.0,28.221,88.221,148.221,150.0,90.0,6.383,6.0,1.0,0.002,1.0,0.126,8468.415003,0.305955,0.0,3962,1410552,1410552,1.0,1752,1752,1.0,119950,0,1,S10|M3_IMBALANCED|45|A|L1|F1,true,false,false,/home/cyfer/FYP/WSN_simulation_V3/runs/S10_5000/outputs_production_50seed_part41_45/run_campaign_v3_S10_M3_IMBALANCED_A_L1_F1_H3_seed045_45_20260603_115150
campaign_v3_S10_M3_IMBALANCED_A_L1_F1_H4_seed041,campaign_v3_S10_M3_IMBALANCED_A_L1_F1_H4_seed041_41_20260603_113745,S10,5000,200,6,M3_IMBALANCED,41,A,L1,F1,H4,V3,map_S10_M3_IMBALANCED_seed041,d345ecf609c38e58087b969dd9bc7f958cef0e82cd62aa3ec847e5050b38dbf5,269.783,504.907,192.559,398.296,25,1893,6.3085,0.0978,60.0,31.261,91.261,151.261,160.0,100.0,6.122,6.0,1.0,0.003,1.0,0.038,8417.931639,0.31607,0.0,3928,1410523,1410523,1.0,1778,1778,1.0,119979,0,1,S10|M3_IMBALANCED|41|A|L1|F1,true,false,false,/home/cyfer/FYP/WSN_simulation_V3/runs/S10_5000/outputs_production_50seed_part41_45/run_campaign_v3_S10_M3_IMBALANCED_A_L1_F1_H4_seed041_41_20260603_113745
campaign_v3_S10_M3_IMBALANCED_A_L1_F1_H4_seed042,campaign_v3_S10_M3_IMBALANCED_A_L1_F1_H4_seed042_42_20260603_114129,S10,5000,200,6,M3_IMBALANCED,42,A,L1,F1,H4,V3,map_S10_M3_IMBALANCED_seed042,c62af919addc7a5b69895a731862301c565ae9c2cfa14c6266cc5e16ab3946de,279.227,475.271,191.983,395.268,25,1342,5.5877,0.0826,60.0,31.355,91.355,151.355,160.0,100.0,6.319,6.0,1.0,0.001,1.0,0.105,8454.401647,0.30874,0.0,3955,1409888,1409888,1.0,1742,1742,1.0,119804,0,1,S10|M3_IMBALANCED|42|A|L1|F1,true,false,false,/home/cyfer/FYP/WSN_simulation_V3/runs/S10_5000/outputs_production_50seed_part41_45/run_campaign_v3_S10_M3_IMBALANCED_A_L1_F1_H4_seed042_42_20260603_114129
campaign_v3_S10_M3_IMBALANCED_A_L1_F1_H4_seed043,campaign_v3_S10_M3_IMBALANCED_A_L1_F1_H4_seed043_43_20260603_114500,S10,5000,200,6,M3_IMBALANCED,43,A,L1,F1,H4,V3,map_S10_M3_IMBALANCED_seed043,84dd18344ce0a11b67a875060cf968b5046b5d436bff281a1a95c32ba3379016,268.068,493.295,195.684,394.375,25,1899,6.3313,0.089,60.0,32.159,92.159,152.159,160.0,100.0,6.33,6.0,1.0,0.003,1.0,0.107,8436.341655,0.312378,0.0,3950,1410325,1410325,1.0,1751,1751,1.0,119929,0,1,S10|M3_IMBALANCED|43|A|L1|F1,true,false,false,/home/cyfer/FYP/WSN_simulation_V3/runs/S10_5000/outputs_production_50seed_part41_45/run_campaign_v3_S10_M3_IMBALANCED_A_L1_F1_H4_seed043_43_20260603_114500
campaign_v3_S10_M3_IMBALANCED_A_L1_F1_H4_seed044,campaign_v3_S10_M3_IMBALANCED_A_L1_F1_H4_seed044_44_20260603_114829,S10,5000,200,6,M3_IMBALANCED,44,A,L1,F1,H4,V3,map_S10_M3_IMBALANCED_seed044,1b5765d705f332f23193e45bc0307d44d1ddbb0d79b5d7404e792d40e9a9d7ec,263.793,496.828,194.418,406.624,25,1939,6.9832,0.0918,60.0,31.238,91.238,151.238,160.0,100.0,6.145,6.0,1.0,0.004,1.0,0.044,8422.627429,0.31515,0.0,3938,1409908,1409908,1.0,1751,1751,1.0,119904,0,1,S10|M3_IMBALANCED|44|A|L1|F1,true,false,false,/home/cyfer/FYP/WSN_simulation_V3/runs/S10_5000/outputs_production_50seed_part41_45/run_campaign_v3_S10_M3_IMBALANCED_A_L1_F1_H4_seed044_44_20260603_114829
campaign_v3_S10_M3_IMBALANCED_A_L1_F1_H4_seed045,campaign_v3_S10_M3_IMBALANCED_A_L1_F1_H4_seed045_45_20260603_115155,S10,5000,200,6,M3_IMBALANCED,45,A,L1,F1,H4,V3,map_S10_M3_IMBALANCED_seed045,2e6383c655381bffc9bb2d5caad7c959dc472fbd037aa7d66192d9516f4374ea,269.801,501.14,193.271,401.301,25,1899,7.0658,0.081,60.0,31.528,91.528,151.528,160.0,100.0,6.383,6.0,1.0,0.002,1.0,0.126,8466.659125,0.306306,0.0,3961,1409847,1409847,1.0,1751,1751,1.0,119829,0,1,S10|M3_IMBALANCED|45|A|L1|F1,true,false,false,/home/cyfer/FYP/WSN_simulation_V3/runs/S10_5000/outputs_production_50seed_part41_45/run_campaign_v3_S10_M3_IMBALANCED_A_L1_F1_H4_seed045_45_20260603_115155
campaign_v3_S10_M3_IMBALANCED_A_L1_F2_H0_seed041,campaign_v3_S10_M3_IMBALANCED_A_L1_F2_H0_seed041_41_20260603_113727,S10,5000,200,6,M3_IMBALANCED,41,A,L1,F2,H0,V2,map_S10_M3_IMBALANCED_seed041,d345ecf609c38e58087b969dd9bc7f958cef0e82cd62aa3ec847e5050b38dbf5,269.783,504.907,192.559,398.296,25,1893,6.3085,0.0978,60.0,-1.0,-1.0,-1.0,-1.0,-1.0,0.0,0.0,0.0,0.0,0.0,0.0,8418.747077,0.316251,0.0,3927,1410965,1410965,1.0,1774,1774,1.0,120005,1,0,S10|M3_IMBALANCED|41|A|L1|F2,false,false,true,/home/cyfer/FYP/WSN_simulation_V3/runs/S10_5000/outputs_production_50seed_part41_45/run_campaign_v3_S10_M3_IMBALANCED_A_L1_F2_H0_seed041_41_20260603_113727
campaign_v3_S10_M3_IMBALANCED_A_L1_F2_H0_seed042,campaign_v3_S10_M3_IMBALANCED_A_L1_F2_H0_seed042_42_20260603_114106,S10,5000,200,6,M3_IMBALANCED,42,A,L1,F2,H0,V2,map_S10_M3_IMBALANCED_seed042,c62af919addc7a5b69895a731862301c565ae9c2cfa14c6266cc5e16ab3946de,279.227,475.271,191.983,395.268,25,1342,5.5877,0.0826,60.0,-1.0,-1.0,-1.0,-1.0,-1.0,0.0,0.0,0.0,0.0,0.0,0.0,8453.092063,0.309382,0.0,3954,1409320,1409320,1.0,1738,1738,1.0,120040,1,0,S10|M3_IMBALANCED|42|A|L1|F2,false,false,true,/home/cyfer/FYP/WSN_simulation_V3/runs/S10_5000/outputs_production_50seed_part41_45/run_campaign_v3_S10_M3_IMBALANCED_A_L1_F2_H0_seed042_42_20260603_114106
campaign_v3_S10_M3_IMBALANCED_A_L1_F2_H0_seed043,campaign_v3_S10_M3_IMBALANCED_A_L1_F2_H0_seed043_43_20260603_114443,S10,5000,200,6,M3_IMBALANCED,43,A,L1,F2,H0,V2,map_S10_M3_IMBALANCED_seed043,84dd18344ce0a11b67a875060cf968b5046b5d436bff281a1a95c32ba3379016,268.068,493.295,195.684,394.375,25,1899,6.3313,0.089,60.0,-1.0,-1.0,-1.0,-1.0,-1.0,0.0,0.0,0.0,0.0,0.0,0.0,8436.498223,0.3127,0.0,3949,1410495,1410495,1.0,1747,1747,1.0,120015,1,0,S10|M3_IMBALANCED|43|A|L1|F2,false,false,true,/home/cyfer/FYP/WSN_simulation_V3/runs/S10_5000/outputs_production_50seed_part41_45/run_campaign_v3_S10_M3_IMBALANCED_A_L1_F2_H0_seed043_43_20260603_114443
campaign_v3_S10_M3_IMBALANCED_A_L1_F2_H0_seed044,campaign_v3_S10_M3_IMBALANCED_A_L1_F2_H0_seed044_44_20260603_114812,S10,5000,200,6,M3_IMBALANCED,44,A,L1,F2,H0,V2,map_S10_M3_IMBALANCED_seed044,1b5765d705f332f23193e45bc0307d44d1ddbb0d79b5d7404e792d40e9a9d7ec,263.793,496.828,194.418,406.624,25,1939,6.9832,0.0918,60.0,-1.0,-1.0,-1.0,-1.0,-1.0,0.0,0.0,0.0,0.0,0.0,0.0,8423.265429,0.315347,0.0,3938,1410260,1410260,1.0,1747,1747,1.0,120020,1,0,S10|M3_IMBALANCED|44|A|L1|F2,false,false,true,/home/cyfer/FYP/WSN_simulation_V3/runs/S10_5000/outputs_production_50seed_part41_45/run_campaign_v3_S10_M3_IMBALANCED_A_L1_F2_H0_seed044_44_20260603_114812
campaign_v3_S10_M3_IMBALANCED_A_L1_F2_H0_seed045,campaign_v3_S10_M3_IMBALANCED_A_L1_F2_H0_seed045_45_20260603_115138,S10,5000,200,6,M3_IMBALANCED,45,A,L1,F2,H0,V2,map_S10_M3_IMBALANCED_seed045,2e6383c655381bffc9bb2d5caad7c959dc472fbd037aa7d66192d9516f4374ea,269.801,501.14,193.271,401.301,25,1899,7.0658,0.081,60.0,-1.0,-1.0,-1.0,-1.0,-1.0,0.0,0.0,0.0,0.0,0.0,0.0,8465.726626,0.306855,0.0,3960,1409555,1409555,1.0,1747,1747,1.0,120035,1,0,S10|M3_IMBALANCED|45|A|L1|F2,false,false,true,/home/cyfer/FYP/WSN_simulation_V3/runs/S10_5000/outputs_production_50seed_part41_45/run_campaign_v3_S10_M3_IMBALANCED_A_L1_F2_H0_seed045_45_20260603_115138
campaign_v3_S10_M3_IMBALANCED_A_L1_F2_H1_seed041,campaign_v3_S10_M3_IMBALANCED_A_L1_F2_H1_seed041_41_20260603_113751,S10,5000,200,6,M3_IMBALANCED,41,A,L1,F2,H1,V3,map_S10_M3_IMBALANCED_seed041,d345ecf609c38e58087b969dd9bc7f958cef0e82cd62aa3ec847e5050b38dbf5,269.783,504.907,192.559,398.296,25,1893,6.3085,0.0978,60.0,27.054,87.054,147.054,150.0,90.0,3.441,6.0,1.0,0.001,0.025,0.122,8419.015426,0.316197,0.0,3927,1411112,1411112,1.0,1779,1779,1.0,120000,0,1,S10|M3_IMBALANCED|41|A|L1|F2,true,false,false,/home/cyfer/FYP/WSN_simulation_V3/runs/S10_5000/outputs_production_50seed_part41_45/run_campaign_v3_S10_M3_IMBALANCED_A_L1_F2_H1_seed041_41_20260603_113751
campaign_v3_S10_M3_IMBALANCED_A_L1_F2_H1_seed042,campaign_v3_S10_M3_IMBALANCED_A_L1_F2_H1_seed042_42_20260603_114135,S10,5000,200,6,M3_IMBALANCED,42,A,L1,F2,H1,V3,map_S10_M3_IMBALANCED_seed042,c62af919addc7a5b69895a731862301c565ae9c2cfa14c6266cc5e16ab3946de,279.227,475.271,191.983,395.268,25,1342,5.5877,0.0826,60.0,27.668,87.668,147.668,150.0,90.0,3.869,6.0,1.0,0.006,0.184,0.1,8455.869111,0.308826,0.0,3954,1410496,1410496,1.0,1743,1743,1.0,120000,0,1,S10|M3_IMBALANCED|42|A|L1|F2,true,false,false,/home/cyfer/FYP/WSN_simulation_V3/runs/S10_5000/outputs_production_50seed_part41_45/run_campaign_v3_S10_M3_IMBALANCED_A_L1_F2_H1_seed042_42_20260603_114135
campaign_v3_S10_M3_IMBALANCED_A_L1_F2_H1_seed043,campaign_v3_S10_M3_IMBALANCED_A_L1_F2_H1_seed043_43_20260603_114505,S10,5000,200,6,M3_IMBALANCED,43,A,L1,F2,H1,V3,map_S10_M3_IMBALANCED_seed043,84dd18344ce0a11b67a875060cf968b5046b5d436bff281a1a95c32ba3379016,268.068,493.295,195.684,394.375,25,1899,6.3313,0.089,60.0,26.728,86.728,146.728,150.0,90.0,3.646,6.0,1.0,0.002,0.079,0.135,8437.951359,0.31241,0.0,3949,1410939,1410939,1.0,1752,1752,1.0,120000,0,1,S10|M3_IMBALANCED|43|A|L1|F2,true,false,false,/home/cyfer/FYP/WSN_simulation_V3/runs/S10_5000/outputs_production_50seed_part41_45/run_campaign_v3_S10_M3_IMBALANCED_A_L1_F2_H1_seed043_43_20260603_114505
campaign_v3_S10_M3_IMBALANCED_A_L1_F2_H1_seed044,campaign_v3_S10_M3_IMBALANCED_A_L1_F2_H1_seed044_44_20260603_114833,S10,5000,200,6,M3_IMBALANCED,44,A,L1,F2,H1,V3,map_S10_M3_IMBALANCED_seed044,1b5765d705f332f23193e45bc0307d44d1ddbb0d79b5d7404e792d40e9a9d7ec,263.793,496.828,194.418,406.624,25,1939,6.9832,0.0918,60.0,26.876,86.876,146.876,150.0,90.0,3.526,6.0,1.0,0.002,0.092,0.081,8424.807433,0.315039,0.0,3938,1410852,1410852,1.0,1752,1752,1.0,120000,0,1,S10|M3_IMBALANCED|44|A|L1|F2,true,false,false,/home/cyfer/FYP/WSN_simulation_V3/runs/S10_5000/outputs_production_50seed_part41_45/run_campaign_v3_S10_M3_IMBALANCED_A_L1_F2_H1_seed044_44_20260603_114833
campaign_v3_S10_M3_IMBALANCED_A_L1_F2_H1_seed045,campaign_v3_S10_M3_IMBALANCED_A_L1_F2_H1_seed045_45_20260603_115200,S10,5000,200,6,M3_IMBALANCED,45,A,L1,F2,H1,V3,map_S10_M3_IMBALANCED_seed045,2e6383c655381bffc9bb2d5caad7c959dc472fbd037aa7d66192d9516f4374ea,269.801,501.14,193.271,401.301,25,1899,7.0658,0.081,60.0,27.305,87.305,147.305,150.0,90.0,3.868,6.0,1.0,0.004,0.17,0.116,8468.546196,0.306291,0.0,3960,1410584,1410584,1.0,1752,1752,1.0,120000,0,1,S10|M3_IMBALANCED|45|A|L1|F2,true,false,false,/home/cyfer/FYP/WSN_simulation_V3/runs/S10_5000/outputs_production_50seed_part41_45/run_campaign_v3_S10_M3_IMBALANCED_A_L1_F2_H1_seed045_45_20260603_115200
campaign_v3_S10_M3_IMBALANCED_A_L1_F2_H3_seed041,campaign_v3_S10_M3_IMBALANCED_A_L1_F2_H3_seed041_41_20260603_113753,S10,5000,200,6,M3_IMBALANCED,41,A,L1,F2,H3,V3,map_S10_M3_IMBALANCED_seed041,d345ecf609c38e58087b969dd9bc7f958cef0e82cd62aa3ec847e5050b38dbf5,269.783,504.907,192.559,398.296,25,1893,6.3085,0.0978,60.0,33.145,93.145,153.145,160.0,100.0,3.441,6.0,1.0,0.001,0.025,0.122,8418.997056,0.316201,0.0,3927,1411106,1411106,1.0,1778,1778,1.0,120000,0,1,S10|M3_IMBALANCED|41|A|L1|F2,true,false,false,/home/cyfer/FYP/WSN_simulation_V3/runs/S10_5000/outputs_production_50seed_part41_45/run_campaign_v3_S10_M3_IMBALANCED_A_L1_F2_H3_seed041_41_20260603_113753
campaign_v3_S10_M3_IMBALANCED_A_L1_F2_H3_seed042,campaign_v3_S10_M3_IMBALANCED_A_L1_F2_H3_seed042_42_20260603_114137,S10,5000,200,6,M3_IMBALANCED,42,A,L1,F2,H3,V3,map_S10_M3_IMBALANCED_seed042,c62af919addc7a5b69895a731862301c565ae9c2cfa14c6266cc5e16ab3946de,279.227,475.271,191.983,395.268,25,1342,5.5877,0.0826,60.0,32.944,92.944,152.944,160.0,100.0,3.869,6.0,1.0,0.006,0.184,0.1,8454.314035,0.309137,0.0,3954,1409888,1409888,1.0,1742,1742,1.0,119900,0,1,S10|M3_IMBALANCED|42|A|L1|F2,true,false,false,/home/cyfer/FYP/WSN_simulation_V3/runs/S10_5000/outputs_production_50seed_part41_45/run_campaign_v3_S10_M3_IMBALANCED_A_L1_F2_H3_seed042_42_20260603_114137
campaign_v3_S10_M3_IMBALANCED_A_L1_F2_H3_seed043,campaign_v3_S10_M3_IMBALANCED_A_L1_F2_H3_seed043_43_20260603_114507,S10,5000,200,6,M3_IMBALANCED,43,A,L1,F2,H3,V3,map_S10_M3_IMBALANCED_seed043,84dd18344ce0a11b67a875060cf968b5046b5d436bff281a1a95c32ba3379016,268.068,493.295,195.684,394.375,25,1899,6.3313,0.089,60.0,33.102,93.102,153.102,160.0,100.0,3.646,6.0,1.0,0.002,0.079,0.135,8437.668796,0.312466,0.0,3949,1410777,1410777,1.0,1751,1751,1.0,119975,0,1,S10|M3_IMBALANCED|43|A|L1|F2,true,false,false,/home/cyfer/FYP/WSN_simulation_V3/runs/S10_5000/outputs_production_50seed_part41_45/run_campaign_v3_S10_M3_IMBALANCED_A_L1_F2_H3_seed043_43_20260603_114507
campaign_v3_S10_M3_IMBALANCED_A_L1_F2_H3_seed044,campaign_v3_S10_M3_IMBALANCED_A_L1_F2_H3_seed044_44_20260603_114836,S10,5000,200,6,M3_IMBALANCED,44,A,L1,F2,H3,V3,map_S10_M3_IMBALANCED_seed044,1b5765d705f332f23193e45bc0307d44d1ddbb0d79b5d7404e792d40e9a9d7ec,263.793,496.828,194.418,406.624,25,1939,6.9832,0.0918,60.0,32.545,92.545,152.545,160.0,100.0,3.526,6.0,1.0,0.002,0.092,0.081,8423.946534,0.315211,0.0,3938,1410544,1410544,1.0,1751,1751,1.0,119950,0,1,S10|M3_IMBALANCED|44|A|L1|F2,true,false,false,/home/cyfer/FYP/WSN_simulation_V3/runs/S10_5000/outputs_production_50seed_part41_45/run_campaign_v3_S10_M3_IMBALANCED_A_L1_F2_H3_seed044_44_20260603_114836
campaign_v3_S10_M3_IMBALANCED_A_L1_F2_H3_seed045,campaign_v3_S10_M3_IMBALANCED_A_L1_F2_H3_seed045_45_20260603_115202,S10,5000,200,6,M3_IMBALANCED,45,A,L1,F2,H3,V3,map_S10_M3_IMBALANCED_seed045,2e6383c655381bffc9bb2d5caad7c959dc472fbd037aa7d66192d9516f4374ea,269.801,501.14,193.271,401.301,25,1899,7.0658,0.081,60.0,33.652,93.652,153.652,160.0,100.0,3.868,6.0,1.0,0.004,0.17,0.116,8467.126285,0.306575,0.0,3960,1410119,1410119,1.0,1751,1751,1.0,119925,0,1,S10|M3_IMBALANCED|45|A|L1|F2,true,false,false,/home/cyfer/FYP/WSN_simulation_V3/runs/S10_5000/outputs_production_50seed_part41_45/run_campaign_v3_S10_M3_IMBALANCED_A_L1_F2_H3_seed045_45_20260603_115202
campaign_v3_S10_M3_IMBALANCED_A_L1_F2_H4_seed041,campaign_v3_S10_M3_IMBALANCED_A_L1_F2_H4_seed041_41_20260603_113756,S10,5000,200,6,M3_IMBALANCED,41,A,L1,F2,H4,V3,map_S10_M3_IMBALANCED_seed041,d345ecf609c38e58087b969dd9bc7f958cef0e82cd62aa3ec847e5050b38dbf5,269.783,504.907,192.559,398.296,25,1893,6.3085,0.0978,60.0,36.592,96.592,156.592,160.0,100.0,3.441,6.0,1.0,0.001,0.025,0.122,8418.992556,0.316201,0.0,3927,1411103,1411103,1.0,1778,1778,1.0,120000,0,1,S10|M3_IMBALANCED|41|A|L1|F2,true,false,false,/home/cyfer/FYP/WSN_simulation_V3/runs/S10_5000/outputs_production_50seed_part41_45/run_campaign_v3_S10_M3_IMBALANCED_A_L1_F2_H4_seed041_41_20260603_113756
campaign_v3_S10_M3_IMBALANCED_A_L1_F2_H4_seed042,campaign_v3_S10_M3_IMBALANCED_A_L1_F2_H4_seed042_42_20260603_114140,S10,5000,200,6,M3_IMBALANCED,42,A,L1,F2,H4,V3,map_S10_M3_IMBALANCED_seed042,c62af919addc7a5b69895a731862301c565ae9c2cfa14c6266cc5e16ab3946de,279.227,475.271,191.983,395.268,25,1342,5.5877,0.0826,60.0,37.517,97.517,157.517,160.0,100.0,3.869,6.0,1.0,0.006,0.184,0.1,8455.675798,0.308865,0.0,3954,1410416,1410416,1.0,1742,1742,1.0,120000,0,1,S10|M3_IMBALANCED|42|A|L1|F2,true,false,false,/home/cyfer/FYP/WSN_simulation_V3/runs/S10_5000/outputs_production_50seed_part41_45/run_campaign_v3_S10_M3_IMBALANCED_A_L1_F2_H4_seed042_42_20260603_114140
campaign_v3_S10_M3_IMBALANCED_A_L1_F2_H4_seed043,campaign_v3_S10_M3_IMBALANCED_A_L1_F2_H4_seed043_43_20260603_114509,S10,5000,200,6,M3_IMBALANCED,43,A,L1,F2,H4,V3,map_S10_M3_IMBALANCED_seed043,84dd18344ce0a11b67a875060cf968b5046b5d436bff281a1a95c32ba3379016,268.068,493.295,195.684,394.375,25,1899,6.3313,0.089,60.0,37.468,97.468,157.468,160.0,100.0,3.646,6.0,1.0,0.002,0.079,0.135,8437.837426,0.312433,0.0,3949,1410906,1410906,1.0,1751,1751,1.0,120000,0,1,S10|M3_IMBALANCED|43|A|L1|F2,true,false,false,/home/cyfer/FYP/WSN_simulation_V3/runs/S10_5000/outputs_production_50seed_part41_45/run_campaign_v3_S10_M3_IMBALANCED_A_L1_F2_H4_seed043_43_20260603_114509
campaign_v3_S10_M3_IMBALANCED_A_L1_F2_H4_seed044,campaign_v3_S10_M3_IMBALANCED_A_L1_F2_H4_seed044_44_20260603_114838,S10,5000,200,6,M3_IMBALANCED,44,A,L1,F2,H4,V3,map_S10_M3_IMBALANCED_seed044,1b5765d705f332f23193e45bc0307d44d1ddbb0d79b5d7404e792d40e9a9d7ec,263.793,496.828,194.418,406.624,25,1939,6.9832,0.0918,60.0,36.996,96.996,156.996,160.0,100.0,3.526,6.0,1.0,0.002,0.092,0.081,8424.698563,0.31506,0.0,3938,1410812,1410812,1.0,1751,1751,1.0,120000,0,1,S10|M3_IMBALANCED|44|A|L1|F2,true,false,false,/home/cyfer/FYP/WSN_simulation_V3/runs/S10_5000/outputs_production_50seed_part41_45/run_campaign_v3_S10_M3_IMBALANCED_A_L1_F2_H4_seed044_44_20260603_114838
campaign_v3_S10_M3_IMBALANCED_A_L1_F2_H4_seed045,campaign_v3_S10_M3_IMBALANCED_A_L1_F2_H4_seed045_45_20260603_115204,S10,5000,200,6,M3_IMBALANCED,45,A,L1,F2,H4,V3,map_S10_M3_IMBALANCED_seed045,2e6383c655381bffc9bb2d5caad7c959dc472fbd037aa7d66192d9516f4374ea,269.801,501.14,193.271,401.301,25,1899,7.0658,0.081,60.0,37.555,97.555,157.555,160.0,100.0,3.868,6.0,1.0,0.004,0.17,0.116,8468.349108,0.30633,0.0,3960,1410514,1410514,1.0,1751,1751,1.0,120000,0,1,S10|M3_IMBALANCED|45|A|L1|F2,true,false,false,/home/cyfer/FYP/WSN_simulation_V3/runs/S10_5000/outputs_production_50seed_part41_45/run_campaign_v3_S10_M3_IMBALANCED_A_L1_F2_H4_seed045_45_20260603_115204
campaign_v3_S10_M3_IMBALANCED_A_L1_F3_H0_seed041,campaign_v3_S10_M3_IMBALANCED_A_L1_F3_H0_seed041_41_20260603_113730,S10,5000,200,6,M3_IMBALANCED,41,A,L1,F3,H0,V2,map_S10_M3_IMBALANCED_seed041,d345ecf609c38e58087b969dd9bc7f958cef0e82cd62aa3ec847e5050b38dbf5,269.783,504.907,192.559,398.296,25,1893,6.3085,0.0978,60.0,-1.0,-1.0,-1.0,-1.0,-1.0,0.0,0.0,0.0,0.0,0.0,0.0,8417.366308,0.316527,0.0,3927,1410495,1410495,1.0,1774,1774,1.0,120015,1,0,S10|M3_IMBALANCED|41|A|L1|F3,false,false,true,/home/cyfer/FYP/WSN_simulation_V3/runs/S10_5000/outputs_production_50seed_part41_45/run_campaign_v3_S10_M3_IMBALANCED_A_L1_F3_H0_seed041_41_20260603_113730
campaign_v3_S10_M3_IMBALANCED_A_L1_F3_H0_seed042,campaign_v3_S10_M3_IMBALANCED_A_L1_F3_H0_seed042_42_20260603_114109,S10,5000,200,6,M3_IMBALANCED,42,A,L1,F3,H0,V2,map_S10_M3_IMBALANCED_seed042,c62af919addc7a5b69895a731862301c565ae9c2cfa14c6266cc5e16ab3946de,279.227,475.271,191.983,395.268,25,1342,5.5877,0.0826,60.0,-1.0,-1.0,-1.0,-1.0,-1.0,0.0,0.0,0.0,0.0,0.0,0.0,8455.364346,0.308927,0.0,3955,1410260,1410260,1.0,1738,1738,1.0,120020,1,0,S10|M3_IMBALANCED|42|A|L1|F3,false,false,true,/home/cyfer/FYP/WSN_simulation_V3/runs/S10_5000/outputs_production_50seed_part41_45/run_campaign_v3_S10_M3_IMBALANCED_A_L1_F3_H0_seed042_42_20260603_114109
campaign_v3_S10_M3_IMBALANCED_A_L1_F3_H0_seed043,campaign_v3_S10_M3_IMBALANCED_A_L1_F3_H0_seed043_43_20260603_114446,S10,5000,200,6,M3_IMBALANCED,43,A,L1,F3,H0,V2,map_S10_M3_IMBALANCED_seed043,84dd18344ce0a11b67a875060cf968b5046b5d436bff281a1a95c32ba3379016,268.068,493.295,195.684,394.375,25,1899,6.3313,0.089,60.0,-1.0,-1.0,-1.0,-1.0,-1.0,0.0,0.0,0.0,0.0,0.0,0.0,8435.971064,0.312806,0.0,3949,1410025,1410025,1.0,1747,1747,1.0,120025,1,0,S10|M3_IMBALANCED|43|A|L1|F3,false,false,true,/home/cyfer/FYP/WSN_simulation_V3/runs/S10_5000/outputs_production_50seed_part41_45/run_campaign_v3_S10_M3_IMBALANCED_A_L1_F3_H0_seed043_43_20260603_114446
campaign_v3_S10_M3_IMBALANCED_A_L1_F3_H0_seed044,campaign_v3_S10_M3_IMBALANCED_A_L1_F3_H0_seed044_44_20260603_114814,S10,5000,200,6,M3_IMBALANCED,44,A,L1,F3,H0,V2,map_S10_M3_IMBALANCED_seed044,1b5765d705f332f23193e45bc0307d44d1ddbb0d79b5d7404e792d40e9a9d7ec,263.793,496.828,194.418,406.624,25,1939,6.9832,0.0918,60.0,-1.0,-1.0,-1.0,-1.0,-1.0,0.0,0.0,0.0,0.0,0.0,0.0,8422.078282,0.315584,0.0,3938,1409790,1409790,1.0,1747,1747,1.0,120030,1,0,S10|M3_IMBALANCED|44|A|L1|F3,false,false,true,/home/cyfer/FYP/WSN_simulation_V3/runs/S10_5000/outputs_production_50seed_part41_45/run_campaign_v3_S10_M3_IMBALANCED_A_L1_F3_H0_seed044_44_20260603_114814
campaign_v3_S10_M3_IMBALANCED_A_L1_F3_H0_seed045,campaign_v3_S10_M3_IMBALANCED_A_L1_F3_H0_seed045_45_20260603_115141,S10,5000,200,6,M3_IMBALANCED,45,A,L1,F3,H0,V2,map_S10_M3_IMBALANCED_seed045,2e6383c655381bffc9bb2d5caad7c959dc472fbd037aa7d66192d9516f4374ea,269.801,501.14,193.271,401.301,25,1899,7.0658,0.081,60.0,-1.0,-1.0,-1.0,-1.0,-1.0,0.0,0.0,0.0,0.0,0.0,0.0,8469.359632,0.306128,0.0,3961,1410965,1410965,1.0,1747,1747,1.0,120005,1,0,S10|M3_IMBALANCED|45|A|L1|F3,false,false,true,/home/cyfer/FYP/WSN_simulation_V3/runs/S10_5000/outputs_production_50seed_part41_45/run_campaign_v3_S10_M3_IMBALANCED_A_L1_F3_H0_seed045_45_20260603_115141
campaign_v3_S10_M3_IMBALANCED_A_L1_F3_H1_seed041,campaign_v3_S10_M3_IMBALANCED_A_L1_F3_H1_seed041_41_20260603_113759,S10,5000,200,6,M3_IMBALANCED,41,A,L1,F3,H1,V3,map_S10_M3_IMBALANCED_seed041,d345ecf609c38e58087b969dd9bc7f958cef0e82cd62aa3ec847e5050b38dbf5,269.783,504.907,192.559,398.296,25,1893,6.3085,0.0978,60.0,31.273,91.273,151.273,160.0,100.0,3.684,6.0,1.0,0.002,0.077,0.149,8417.451994,0.31651,0.0,3927,1410511,1410511,1.0,1778,1778,1.0,119929,0,1,S10|M3_IMBALANCED|41|A|L1|F3,true,false,false,/home/cyfer/FYP/WSN_simulation_V3/runs/S10_5000/outputs_production_50seed_part41_45/run_campaign_v3_S10_M3_IMBALANCED_A_L1_F3_H1_seed041_41_20260603_113759
campaign_v3_S10_M3_IMBALANCED_A_L1_F3_H1_seed042,campaign_v3_S10_M3_IMBALANCED_A_L1_F3_H1_seed042_42_20260603_114142,S10,5000,200,6,M3_IMBALANCED,42,A,L1,F3,H1,V3,map_S10_M3_IMBALANCED_seed042,c62af919addc7a5b69895a731862301c565ae9c2cfa14c6266cc5e16ab3946de,279.227,475.271,191.983,395.268,25,1342,5.5877,0.0826,60.0,31.511,91.511,151.511,160.0,100.0,3.851,6.0,1.0,0.003,0.09,0.191,8455.461339,0.308908,0.0,3955,1410276,1410276,1.0,1742,1742,1.0,119904,0,1,S10|M3_IMBALANCED|42|A|L1|F3,true,false,false,/home/cyfer/FYP/WSN_simulation_V3/runs/S10_5000/outputs_production_50seed_part41_45/run_campaign_v3_S10_M3_IMBALANCED_A_L1_F3_H1_seed042_42_20260603_114142
campaign_v3_S10_M3_IMBALANCED_A_L1_F3_H1_seed043,campaign_v3_S10_M3_IMBALANCED_A_L1_F3_H1_seed043_43_20260603_114512,S10,5000,200,6,M3_IMBALANCED,43,A,L1,F3,H1,V3,map_S10_M3_IMBALANCED_seed043,84dd18344ce0a11b67a875060cf968b5046b5d436bff281a1a95c32ba3379016,268.068,493.295,195.684,394.375,25,1899,6.3313,0.089,60.0,31.665,91.665,151.665,160.0,100.0,3.773,6.0,1.0,0.003,0.111,0.144,8436.059018,0.312788,0.0,3949,1410041,1410041,1.0,1751,1751,1.0,119879,0,1,S10|M3_IMBALANCED|43|A|L1|F3,true,false,false,/home/cyfer/FYP/WSN_simulation_V3/runs/S10_5000/outputs_production_50seed_part41_45/run_campaign_v3_S10_M3_IMBALANCED_A_L1_F3_H1_seed043_43_20260603_114512
campaign_v3_S10_M3_IMBALANCED_A_L1_F3_H1_seed044,campaign_v3_S10_M3_IMBALANCED_A_L1_F3_H1_seed044_44_20260603_114840,S10,5000,200,6,M3_IMBALANCED,44,A,L1,F3,H1,V3,map_S10_M3_IMBALANCED_seed044,1b5765d705f332f23193e45bc0307d44d1ddbb0d79b5d7404e792d40e9a9d7ec,263.793,496.828,194.418,406.624,25,1939,6.9832,0.0918,60.0,31.693,91.693,151.693,160.0,100.0,3.737,6.0,1.0,0.003,0.14,0.102,8422.179141,0.315564,0.0,3938,1409806,1409806,1.0,1751,1751,1.0,119854,0,1,S10|M3_IMBALANCED|44|A|L1|F3,true,false,false,/home/cyfer/FYP/WSN_simulation_V3/runs/S10_5000/outputs_production_50seed_part41_45/run_campaign_v3_S10_M3_IMBALANCED_A_L1_F3_H1_seed044_44_20260603_114840
campaign_v3_S10_M3_IMBALANCED_A_L1_F3_H1_seed045,campaign_v3_S10_M3_IMBALANCED_A_L1_F3_H1_seed045_45_20260603_115207,S10,5000,200,6,M3_IMBALANCED,45,A,L1,F3,H1,V3,map_S10_M3_IMBALANCED_seed045,2e6383c655381bffc9bb2d5caad7c959dc472fbd037aa7d66192d9516f4374ea,269.801,501.14,193.271,401.301,25,1899,7.0658,0.081,60.0,31.081,91.081,151.081,160.0,100.0,3.571,6.0,1.0,0.001,0.024,0.165,8469.424901,0.306115,0.0,3961,1410981,1410981,1.0,1751,1751,1.0,119979,0,1,S10|M3_IMBALANCED|45|A|L1|F3,true,false,false,/home/cyfer/FYP/WSN_simulation_V3/runs/S10_5000/outputs_production_50seed_part41_45/run_campaign_v3_S10_M3_IMBALANCED_A_L1_F3_H1_seed045_45_20260603_115207
campaign_v3_S10_M3_IMBALANCED_A_L1_F3_H3_seed041,campaign_v3_S10_M3_IMBALANCED_A_L1_F3_H3_seed041_41_20260603_113802,S10,5000,200,6,M3_IMBALANCED,41,A,L1,F3,H3,V3,map_S10_M3_IMBALANCED_seed041,d345ecf609c38e58087b969dd9bc7f958cef0e82cd62aa3ec847e5050b38dbf5,269.783,504.907,192.559,398.296,25,1893,6.3085,0.0978,60.0,37.379,97.379,157.379,160.0,100.0,3.684,6.0,1.0,0.002,0.077,0.149,8417.459987,0.316508,0.0,3927,1410511,1410511,1.0,1778,1778,1.0,119929,0,1,S10|M3_IMBALANCED|41|A|L1|F3,true,false,false,/home/cyfer/FYP/WSN_simulation_V3/runs/S10_5000/outputs_production_50seed_part41_45/run_campaign_v3_S10_M3_IMBALANCED_A_L1_F3_H3_seed041_41_20260603_113802
campaign_v3_S10_M3_IMBALANCED_A_L1_F3_H3_seed042,campaign_v3_S10_M3_IMBALANCED_A_L1_F3_H3_seed042_42_20260603_114145,S10,5000,200,6,M3_IMBALANCED,42,A,L1,F3,H3,V3,map_S10_M3_IMBALANCED_seed042,c62af919addc7a5b69895a731862301c565ae9c2cfa14c6266cc5e16ab3946de,279.227,475.271,191.983,395.268,25,1342,5.5877,0.0826,60.0,37.171,97.171,157.171,160.0,100.0,3.851,6.0,1.0,0.003,0.09,0.191,8455.463154,0.308907,0.0,3955,1410276,1410276,1.0,1742,1742,1.0,119904,0,1,S10|M3_IMBALANCED|42|A|L1|F3,true,false,false,/home/cyfer/FYP/WSN_simulation_V3/runs/S10_5000/outputs_production_50seed_part41_45/run_campaign_v3_S10_M3_IMBALANCED_A_L1_F3_H3_seed042_42_20260603_114145
campaign_v3_S10_M3_IMBALANCED_A_L1_F3_H3_seed043,campaign_v3_S10_M3_IMBALANCED_A_L1_F3_H3_seed043_43_20260603_114514,S10,5000,200,6,M3_IMBALANCED,43,A,L1,F3,H3,V3,map_S10_M3_IMBALANCED_seed043,84dd18344ce0a11b67a875060cf968b5046b5d436bff281a1a95c32ba3379016,268.068,493.295,195.684,394.375,25,1899,6.3313,0.089,60.0,37.21,97.21,157.21,160.0,100.0,3.773,6.0,1.0,0.003,0.111,0.144,8436.063105,0.312787,0.0,3949,1410041,1410041,1.0,1751,1751,1.0,119879,0,1,S10|M3_IMBALANCED|43|A|L1|F3,true,false,false,/home/cyfer/FYP/WSN_simulation_V3/runs/S10_5000/outputs_production_50seed_part41_45/run_campaign_v3_S10_M3_IMBALANCED_A_L1_F3_H3_seed043_43_20260603_114514
campaign_v3_S10_M3_IMBALANCED_A_L1_F3_H3_seed044,campaign_v3_S10_M3_IMBALANCED_A_L1_F3_H3_seed044_44_20260603_114843,S10,5000,200,6,M3_IMBALANCED,44,A,L1,F3,H3,V3,map_S10_M3_IMBALANCED_seed044,1b5765d705f332f23193e45bc0307d44d1ddbb0d79b5d7404e792d40e9a9d7ec,263.793,496.828,194.418,406.624,25,1939,6.9832,0.0918,60.0,37.393,97.393,157.393,160.0,100.0,3.737,6.0,1.0,0.003,0.14,0.102,8422.179611,0.315564,0.0,3938,1409806,1409806,1.0,1751,1751,1.0,119854,0,1,S10|M3_IMBALANCED|44|A|L1|F3,true,false,false,/home/cyfer/FYP/WSN_simulation_V3/runs/S10_5000/outputs_production_50seed_part41_45/run_campaign_v3_S10_M3_IMBALANCED_A_L1_F3_H3_seed044_44_20260603_114843
campaign_v3_S10_M3_IMBALANCED_A_L1_F3_H3_seed045,campaign_v3_S10_M3_IMBALANCED_A_L1_F3_H3_seed045_45_20260603_115209,S10,5000,200,6,M3_IMBALANCED,45,A,L1,F3,H3,V3,map_S10_M3_IMBALANCED_seed045,2e6383c655381bffc9bb2d5caad7c959dc472fbd037aa7d66192d9516f4374ea,269.801,501.14,193.271,401.301,25,1899,7.0658,0.081,60.0,36.854,96.854,156.854,160.0,100.0,3.571,6.0,1.0,0.001,0.024,0.165,8469.424901,0.306115,0.0,3961,1410981,1410981,1.0,1751,1751,1.0,119979,0,1,S10|M3_IMBALANCED|45|A|L1|F3,true,false,false,/home/cyfer/FYP/WSN_simulation_V3/runs/S10_5000/outputs_production_50seed_part41_45/run_campaign_v3_S10_M3_IMBALANCED_A_L1_F3_H3_seed045_45_20260603_115209
campaign_v3_S10_M3_IMBALANCED_A_L1_F3_H4_seed041,campaign_v3_S10_M3_IMBALANCED_A_L1_F3_H4_seed041_41_20260603_113805,S10,5000,200,6,M3_IMBALANCED,41,A,L1,F3,H4,V3,map_S10_M3_IMBALANCED_seed041,d345ecf609c38e58087b969dd9bc7f958cef0e82cd62aa3ec847e5050b38dbf5,269.783,504.907,192.559,398.296,25,1893,6.3085,0.0978,60.0,41.532,101.532,161.532,170.0,110.0,3.684,6.0,1.0,0.002,0.077,0.149,8417.451994,0.31651,0.0,3927,1410511,1410511,1.0,1778,1778,1.0,119929,0,1,S10|M3_IMBALANCED|41|A|L1|F3,true,false,false,/home/cyfer/FYP/WSN_simulation_V3/runs/S10_5000/outputs_production_50seed_part41_45/run_campaign_v3_S10_M3_IMBALANCED_A_L1_F3_H4_seed041_41_20260603_113805
campaign_v3_S10_M3_IMBALANCED_A_L1_F3_H4_seed042,campaign_v3_S10_M3_IMBALANCED_A_L1_F3_H4_seed042_42_20260603_114147,S10,5000,200,6,M3_IMBALANCED,42,A,L1,F3,H4,V3,map_S10_M3_IMBALANCED_seed042,c62af919addc7a5b69895a731862301c565ae9c2cfa14c6266cc5e16ab3946de,279.227,475.271,191.983,395.268,25,1342,5.5877,0.0826,60.0,41.225,101.225,161.225,170.0,110.0,3.851,6.0,1.0,0.003,0.09,0.191,8455.461339,0.308908,0.0,3955,1410276,1410276,1.0,1742,1742,1.0,119904,0,1,S10|M3_IMBALANCED|42|A|L1|F3,true,false,false,/home/cyfer/FYP/WSN_simulation_V3/runs/S10_5000/outputs_production_50seed_part41_45/run_campaign_v3_S10_M3_IMBALANCED_A_L1_F3_H4_seed042_42_20260603_114147
campaign_v3_S10_M3_IMBALANCED_A_L1_F3_H4_seed043,campaign_v3_S10_M3_IMBALANCED_A_L1_F3_H4_seed043_43_20260603_114516,S10,5000,200,6,M3_IMBALANCED,43,A,L1,F3,H4,V3,map_S10_M3_IMBALANCED_seed043,84dd18344ce0a11b67a875060cf968b5046b5d436bff281a1a95c32ba3379016,268.068,493.295,195.684,394.375,25,1899,6.3313,0.089,60.0,41.338,101.338,161.338,170.0,110.0,3.773,6.0,1.0,0.003,0.111,0.144,8436.059018,0.312788,0.0,3949,1410041,1410041,1.0,1751,1751,1.0,119879,0,1,S10|M3_IMBALANCED|43|A|L1|F3,true,false,false,/home/cyfer/FYP/WSN_simulation_V3/runs/S10_5000/outputs_production_50seed_part41_45/run_campaign_v3_S10_M3_IMBALANCED_A_L1_F3_H4_seed043_43_20260603_114516
campaign_v3_S10_M3_IMBALANCED_A_L1_F3_H4_seed044,campaign_v3_S10_M3_IMBALANCED_A_L1_F3_H4_seed044_44_20260603_114845,S10,5000,200,6,M3_IMBALANCED,44,A,L1,F3,H4,V3,map_S10_M3_IMBALANCED_seed044,1b5765d705f332f23193e45bc0307d44d1ddbb0d79b5d7404e792d40e9a9d7ec,263.793,496.828,194.418,406.624,25,1939,6.9832,0.0918,60.0,41.405,101.405,161.405,170.0,110.0,3.737,6.0,1.0,0.003,0.14,0.102,8422.179141,0.315564,0.0,3938,1409806,1409806,1.0,1751,1751,1.0,119854,0,1,S10|M3_IMBALANCED|44|A|L1|F3,true,false,false,/home/cyfer/FYP/WSN_simulation_V3/runs/S10_5000/outputs_production_50seed_part41_45/run_campaign_v3_S10_M3_IMBALANCED_A_L1_F3_H4_seed044_44_20260603_114845
campaign_v3_S10_M3_IMBALANCED_A_L1_F3_H4_seed045,campaign_v3_S10_M3_IMBALANCED_A_L1_F3_H4_seed045_45_20260603_115212,S10,5000,200,6,M3_IMBALANCED,45,A,L1,F3,H4,V3,map_S10_M3_IMBALANCED_seed045,2e6383c655381bffc9bb2d5caad7c959dc472fbd037aa7d66192d9516f4374ea,269.801,501.14,193.271,401.301,25,1899,7.0658,0.081,60.0,41.197,101.197,161.197,170.0,110.0,3.571,6.0,1.0,0.001,0.024,0.165,8469.424901,0.306115,0.0,3961,1410981,1410981,1.0,1751,1751,1.0,119979,0,1,S10|M3_IMBALANCED|45|A|L1|F3,true,false,false,/home/cyfer/FYP/WSN_simulation_V3/runs/S10_5000/outputs_production_50seed_part41_45/run_campaign_v3_S10_M3_IMBALANCED_A_L1_F3_H4_seed045_45_20260603_115212
campaign_v3_S10_M3_IMBALANCED_A_L1_F4_H0_seed041,campaign_v3_S10_M3_IMBALANCED_A_L1_F4_H0_seed041_41_20260603_113732,S10,5000,200,6,M3_IMBALANCED,41,A,L1,F4,H0,V2,map_S10_M3_IMBALANCED_seed041,d345ecf609c38e58087b969dd9bc7f958cef0e82cd62aa3ec847e5050b38dbf5,269.783,504.907,192.559,398.296,25,1893,6.3085,0.0978,60.0,-1.0,-1.0,-1.0,-1.0,-1.0,0.0,0.0,0.0,0.0,0.0,0.0,8415.835498,0.316833,0.0,3927,1409790,1409790,1.0,1774,1774,1.0,120030,1,0,S10|M3_IMBALANCED|41|A|L1|F4,false,false,true,/home/cyfer/FYP/WSN_simulation_V3/runs/S10_5000/outputs_production_50seed_part41_45/run_campaign_v3_S10_M3_IMBALANCED_A_L1_F4_H0_seed041_41_20260603_113732
campaign_v3_S10_M3_IMBALANCED_A_L1_F4_H0_seed042,campaign_v3_S10_M3_IMBALANCED_A_L1_F4_H0_seed042_42_20260603_114111,S10,5000,200,6,M3_IMBALANCED,42,A,L1,F4,H0,V2,map_S10_M3_IMBALANCED_seed042,c62af919addc7a5b69895a731862301c565ae9c2cfa14c6266cc5e16ab3946de,279.227,475.271,191.983,395.268,25,1342,5.5877,0.0826,60.0,-1.0,-1.0,-1.0,-1.0,-1.0,0.0,0.0,0.0,0.0,0.0,0.0,8456.070304,0.308786,0.0,3955,1410730,1410730,1.0,1738,1738,1.0,120010,1,0,S10|M3_IMBALANCED|42|A|L1|F4,false,false,true,/home/cyfer/FYP/WSN_simulation_V3/runs/S10_5000/outputs_production_50seed_part41_45/run_campaign_v3_S10_M3_IMBALANCED_A_L1_F4_H0_seed042_42_20260603_114111
campaign_v3_S10_M3_IMBALANCED_A_L1_F4_H0_seed043,campaign_v3_S10_M3_IMBALANCED_A_L1_F4_H0_seed043_43_20260603_114448,S10,5000,200,6,M3_IMBALANCED,43,A,L1,F4,H0,V2,map_S10_M3_IMBALANCED_seed043,84dd18344ce0a11b67a875060cf968b5046b5d436bff281a1a95c32ba3379016,268.068,493.295,195.684,394.375,25,1899,6.3313,0.089,60.0,-1.0,-1.0,-1.0,-1.0,-1.0,0.0,0.0,0.0,0.0,0.0,0.0,8435.791802,0.312842,0.0,3949,1410025,1410025,1.0,1747,1747,1.0,120025,1,0,S10|M3_IMBALANCED|43|A|L1|F4,false,false,true,/home/cyfer/FYP/WSN_simulation_V3/runs/S10_5000/outputs_production_50seed_part41_45/run_campaign_v3_S10_M3_IMBALANCED_A_L1_F4_H0_seed043_43_20260603_114448
campaign_v3_S10_M3_IMBALANCED_A_L1_F4_H0_seed044,campaign_v3_S10_M3_IMBALANCED_A_L1_F4_H0_seed044_44_20260603_114817,S10,5000,200,6,M3_IMBALANCED,44,A,L1,F4,H0,V2,map_S10_M3_IMBALANCED_seed044,1b5765d705f332f23193e45bc0307d44d1ddbb0d79b5d7404e792d40e9a9d7ec,263.793,496.828,194.418,406.624,25,1939,6.9832,0.0918,60.0,-1.0,-1.0,-1.0,-1.0,-1.0,0.0,0.0,0.0,0.0,0.0,0.0,8420.906643,0.315819,0.0,3937,1409320,1409320,1.0,1747,1747,1.0,120040,1,0,S10|M3_IMBALANCED|44|A|L1|F4,false,false,true,/home/cyfer/FYP/WSN_simulation_V3/runs/S10_5000/outputs_production_50seed_part41_45/run_campaign_v3_S10_M3_IMBALANCED_A_L1_F4_H0_seed044_44_20260603_114817
campaign_v3_S10_M3_IMBALANCED_A_L1_F4_H0_seed045,campaign_v3_S10_M3_IMBALANCED_A_L1_F4_H0_seed045_45_20260603_115143,S10,5000,200,6,M3_IMBALANCED,45,A,L1,F4,H0,V2,map_S10_M3_IMBALANCED_seed045,2e6383c655381bffc9bb2d5caad7c959dc472fbd037aa7d66192d9516f4374ea,269.801,501.14,193.271,401.301,25,1899,7.0658,0.081,60.0,-1.0,-1.0,-1.0,-1.0,-1.0,0.0,0.0,0.0,0.0,0.0,0.0,8467.628831,0.306474,0.0,3961,1410260,1410260,1.0,1747,1747,1.0,120020,1,0,S10|M3_IMBALANCED|45|A|L1|F4,false,false,true,/home/cyfer/FYP/WSN_simulation_V3/runs/S10_5000/outputs_production_50seed_part41_45/run_campaign_v3_S10_M3_IMBALANCED_A_L1_F4_H0_seed045_45_20260603_115143
campaign_v3_S10_M3_IMBALANCED_A_L1_F4_H1_seed041,campaign_v3_S10_M3_IMBALANCED_A_L1_F4_H1_seed041_41_20260603_113807,S10,5000,200,6,M3_IMBALANCED,41,A,L1,F4,H1,V3,map_S10_M3_IMBALANCED_seed041,d345ecf609c38e58087b969dd9bc7f958cef0e82cd62aa3ec847e5050b38dbf5,269.783,504.907,192.559,398.296,25,1893,6.3085,0.0978,60.0,36.933,96.933,156.933,160.0,100.0,3.546,6.0,1.0,0.003,0.141,0.038,8416.294865,0.316741,0.0,3927,1409944,1409944,1.0,1778,1778,1.0,119854,0,1,S10|M3_IMBALANCED|41|A|L1|F4,true,false,false,/home/cyfer/FYP/WSN_simulation_V3/runs/S10_5000/outputs_production_50seed_part41_45/run_campaign_v3_S10_M3_IMBALANCED_A_L1_F4_H1_seed041_41_20260603_113807
campaign_v3_S10_M3_IMBALANCED_A_L1_F4_H1_seed042,campaign_v3_S10_M3_IMBALANCED_A_L1_F4_H1_seed042_42_20260603_114149,S10,5000,200,6,M3_IMBALANCED,42,A,L1,F4,H1,V3,map_S10_M3_IMBALANCED_seed042,c62af919addc7a5b69895a731862301c565ae9c2cfa14c6266cc5e16ab3946de,279.227,475.271,191.983,395.268,25,1342,5.5877,0.0826,60.0,37.44,97.44,157.44,160.0,100.0,3.474,6.0,1.0,0.001,0.052,0.105,8456.266054,0.308747,0.0,3955,1410790,1410790,1.0,1742,1742,1.0,119954,0,1,S10|M3_IMBALANCED|42|A|L1|F4,true,false,false,/home/cyfer/FYP/WSN_simulation_V3/runs/S10_5000/outputs_production_50seed_part41_45/run_campaign_v3_S10_M3_IMBALANCED_A_L1_F4_H1_seed042_42_20260603_114149
campaign_v3_S10_M3_IMBALANCED_A_L1_F4_H1_seed043,campaign_v3_S10_M3_IMBALANCED_A_L1_F4_H1_seed043_43_20260603_114519,S10,5000,200,6,M3_IMBALANCED,43,A,L1,F4,H1,V3,map_S10_M3_IMBALANCED_seed043,84dd18344ce0a11b67a875060cf968b5046b5d436bff281a1a95c32ba3379016,268.068,493.295,195.684,394.375,25,1899,6.3313,0.089,60.0,37.192,97.192,157.192,160.0,100.0,3.674,6.0,1.0,0.003,0.115,0.107,8436.130948,0.312774,0.0,3949,1410151,1410151,1.0,1751,1751,1.0,119879,0,1,S10|M3_IMBALANCED|43|A|L1|F4,true,false,false,/home/cyfer/FYP/WSN_simulation_V3/runs/S10_5000/outputs_production_50seed_part41_45/run_campaign_v3_S10_M3_IMBALANCED_A_L1_F4_H1_seed043_43_20260603_114519
campaign_v3_S10_M3_IMBALANCED_A_L1_F4_H1_seed044,campaign_v3_S10_M3_IMBALANCED_A_L1_F4_H1_seed044_44_20260603_114847,S10,5000,200,6,M3_IMBALANCED,44,A,L1,F4,H1,V3,map_S10_M3_IMBALANCED_seed044,1b5765d705f332f23193e45bc0307d44d1ddbb0d79b5d7404e792d40e9a9d7ec,263.793,496.828,194.418,406.624,25,1939,6.9832,0.0918,60.0,36.935,96.935,156.935,160.0,100.0,3.71,6.0,1.0,0.004,0.188,0.044,8421.480206,0.315704,0.0,3937,1409520,1409520,1.0,1751,1751,1.0,119804,0,1,S10|M3_IMBALANCED|44|A|L1|F4,true,false,false,/home/cyfer/FYP/WSN_simulation_V3/runs/S10_5000/outputs_production_50seed_part41_45/run_campaign_v3_S10_M3_IMBALANCED_A_L1_F4_H1_seed044_44_20260603_114847
campaign_v3_S10_M3_IMBALANCED_A_L1_F4_H1_seed045,campaign_v3_S10_M3_IMBALANCED_A_L1_F4_H1_seed045_45_20260603_115215,S10,5000,200,6,M3_IMBALANCED,45,A,L1,F4,H1,V3,map_S10_M3_IMBALANCED_seed045,2e6383c655381bffc9bb2d5caad7c959dc472fbd037aa7d66192d9516f4374ea,269.801,501.14,193.271,401.301,25,1899,7.0658,0.081,60.0,37.587,97.587,157.587,160.0,100.0,3.666,6.0,1.0,0.002,0.094,0.126,8467.935268,0.306413,0.0,3961,1410364,1410364,1.0,1751,1751,1.0,119904,0,1,S10|M3_IMBALANCED|45|A|L1|F4,true,false,false,/home/cyfer/FYP/WSN_simulation_V3/runs/S10_5000/outputs_production_50seed_part41_45/run_campaign_v3_S10_M3_IMBALANCED_A_L1_F4_H1_seed045_45_20260603_115215
campaign_v3_S10_M3_IMBALANCED_A_L1_F4_H3_seed041,campaign_v3_S10_M3_IMBALANCED_A_L1_F4_H3_seed041_41_20260603_113810,S10,5000,200,6,M3_IMBALANCED,41,A,L1,F4,H3,V3,map_S10_M3_IMBALANCED_seed041,d345ecf609c38e58087b969dd9bc7f958cef0e82cd62aa3ec847e5050b38dbf5,269.783,504.907,192.559,398.296,25,1893,6.3085,0.0978,60.0,42.658,102.658,162.658,170.0,110.0,3.546,6.0,1.0,0.003,0.141,0.038,8416.039664,0.316792,0.0,3927,1409857,1409857,1.0,1778,1778,1.0,119854,0,1,S10|M3_IMBALANCED|41|A|L1|F4,true,false,false,/home/cyfer/FYP/WSN_simulation_V3/runs/S10_5000/outputs_production_50seed_part41_45/run_campaign_v3_S10_M3_IMBALANCED_A_L1_F4_H3_seed041_41_20260603_113810
campaign_v3_S10_M3_IMBALANCED_A_L1_F4_H3_seed042,campaign_v3_S10_M3_IMBALANCED_A_L1_F4_H3_seed042_42_20260603_114152,S10,5000,200,6,M3_IMBALANCED,42,A,L1,F4,H3,V3,map_S10_M3_IMBALANCED_seed042,c62af919addc7a5b69895a731862301c565ae9c2cfa14c6266cc5e16ab3946de,279.227,475.271,191.983,395.268,25,1342,5.5877,0.0826,60.0,43.401,103.401,163.401,170.0,110.0,3.474,6.0,1.0,0.001,0.052,0.105,8456.228549,0.308754,0.0,3955,1410762,1410762,1.0,1742,1742,1.0,119954,0,1,S10|M3_IMBALANCED|42|A|L1|F4,true,false,false,/home/cyfer/FYP/WSN_simulation_V3/runs/S10_5000/outputs_production_50seed_part41_45/run_campaign_v3_S10_M3_IMBALANCED_A_L1_F4_H3_seed042_42_20260603_114152
campaign_v3_S10_M3_IMBALANCED_A_L1_F4_H3_seed043,campaign_v3_S10_M3_IMBALANCED_A_L1_F4_H3_seed043_43_20260603_114521,S10,5000,200,6,M3_IMBALANCED,43,A,L1,F4,H3,V3,map_S10_M3_IMBALANCED_seed043,84dd18344ce0a11b67a875060cf968b5046b5d436bff281a1a95c32ba3379016,268.068,493.295,195.684,394.375,25,1899,6.3313,0.089,60.0,42.792,102.792,162.792,170.0,110.0,3.674,6.0,1.0,0.003,0.115,0.107,8435.984118,0.312803,0.0,3949,1410092,1410092,1.0,1751,1751,1.0,119879,0,1,S10|M3_IMBALANCED|43|A|L1|F4,true,false,false,/home/cyfer/FYP/WSN_simulation_V3/runs/S10_5000/outputs_production_50seed_part41_45/run_campaign_v3_S10_M3_IMBALANCED_A_L1_F4_H3_seed043_43_20260603_114521
campaign_v3_S10_M3_IMBALANCED_A_L1_F4_H3_seed044,campaign_v3_S10_M3_IMBALANCED_A_L1_F4_H3_seed044_44_20260603_114850,S10,5000,200,6,M3_IMBALANCED,44,A,L1,F4,H3,V3,map_S10_M3_IMBALANCED_seed044,1b5765d705f332f23193e45bc0307d44d1ddbb0d79b5d7404e792d40e9a9d7ec,263.793,496.828,194.418,406.624,25,1939,6.9832,0.0918,60.0,43.329,103.329,163.329,170.0,110.0,3.71,6.0,1.0,0.004,0.188,0.044,8421.182666,0.315763,0.0,3937,1409400,1409400,1.0,1751,1751,1.0,119804,0,1,S10|M3_IMBALANCED|44|A|L1|F4,true,false,false,/home/cyfer/FYP/WSN_simulation_V3/runs/S10_5000/outputs_production_50seed_part41_45/run_campaign_v3_S10_M3_IMBALANCED_A_L1_F4_H3_seed044_44_20260603_114850
campaign_v3_S10_M3_IMBALANCED_A_L1_F4_H3_seed045,campaign_v3_S10_M3_IMBALANCED_A_L1_F4_H3_seed045_45_20260603_115217,S10,5000,200,6,M3_IMBALANCED,45,A,L1,F4,H3,V3,map_S10_M3_IMBALANCED_seed045,2e6383c655381bffc9bb2d5caad7c959dc472fbd037aa7d66192d9516f4374ea,269.801,501.14,193.271,401.301,25,1899,7.0658,0.081,60.0,43.632,103.632,163.632,170.0,110.0,3.666,6.0,1.0,0.002,0.094,0.126,8467.802497,0.30644,0.0,3961,1410308,1410308,1.0,1751,1751,1.0,119904,0,1,S10|M3_IMBALANCED|45|A|L1|F4,true,false,false,/home/cyfer/FYP/WSN_simulation_V3/runs/S10_5000/outputs_production_50seed_part41_45/run_campaign_v3_S10_M3_IMBALANCED_A_L1_F4_H3_seed045_45_20260603_115217
campaign_v3_S10_M3_IMBALANCED_A_L1_F4_H4_seed041,campaign_v3_S10_M3_IMBALANCED_A_L1_F4_H4_seed041_41_20260603_113812,S10,5000,200,6,M3_IMBALANCED,41,A,L1,F4,H4,V3,map_S10_M3_IMBALANCED_seed041,d345ecf609c38e58087b969dd9bc7f958cef0e82cd62aa3ec847e5050b38dbf5,269.783,504.907,192.559,398.296,25,1893,6.3085,0.0978,60.0,47.5,107.5,167.5,170.0,110.0,3.546,6.0,1.0,0.003,0.141,0.038,8415.914175,0.316817,0.0,3927,1409767,1409767,1.0,1778,1778,1.0,119833,0,1,S10|M3_IMBALANCED|41|A|L1|F4,true,false,false,/home/cyfer/FYP/WSN_simulation_V3/runs/S10_5000/outputs_production_50seed_part41_45/run_campaign_v3_S10_M3_IMBALANCED_A_L1_F4_H4_seed041_41_20260603_113812
campaign_v3_S10_M3_IMBALANCED_A_L1_F4_H4_seed042,campaign_v3_S10_M3_IMBALANCED_A_L1_F4_H4_seed042_42_20260603_114154,S10,5000,200,6,M3_IMBALANCED,42,A,L1,F4,H4,V3,map_S10_M3_IMBALANCED_seed042,c62af919addc7a5b69895a731862301c565ae9c2cfa14c6266cc5e16ab3946de,279.227,475.271,191.983,395.268,25,1342,5.5877,0.0826,60.0,46.613,106.613,166.613,170.0,110.0,3.474,6.0,1.0,0.001,0.052,0.105,8454.035855,0.309193,0.0,3954,1409764,1409764,1.0,1742,1742,1.0,119758,0,1,S10|M3_IMBALANCED|42|A|L1|F4,true,false,false,/home/cyfer/FYP/WSN_simulation_V3/runs/S10_5000/outputs_production_50seed_part41_45/run_campaign_v3_S10_M3_IMBALANCED_A_L1_F4_H4_seed042_42_20260603_114154
campaign_v3_S10_M3_IMBALANCED_A_L1_F4_H4_seed043,campaign_v3_S10_M3_IMBALANCED_A_L1_F4_H4_seed043_43_20260603_114523,S10,5000,200,6,M3_IMBALANCED,43,A,L1,F4,H4,V3,map_S10_M3_IMBALANCED_seed043,84dd18344ce0a11b67a875060cf968b5046b5d436bff281a1a95c32ba3379016,268.068,493.295,195.684,394.375,25,1899,6.3313,0.089,60.0,47.484,107.484,167.484,170.0,110.0,3.674,6.0,1.0,0.003,0.115,0.107,8435.055296,0.312989,0.0,3949,1409736,1409736,1.0,1751,1751,1.0,119808,0,1,S10|M3_IMBALANCED|43|A|L1|F4,true,false,false,/home/cyfer/FYP/WSN_simulation_V3/runs/S10_5000/outputs_production_50seed_part41_45/run_campaign_v3_S10_M3_IMBALANCED_A_L1_F4_H4_seed043_43_20260603_114523
campaign_v3_S10_M3_IMBALANCED_A_L1_F4_H4_seed044,campaign_v3_S10_M3_IMBALANCED_A_L1_F4_H4_seed044_44_20260603_114852,S10,5000,200,6,M3_IMBALANCED,44,A,L1,F4,H4,V3,map_S10_M3_IMBALANCED_seed044,1b5765d705f332f23193e45bc0307d44d1ddbb0d79b5d7404e792d40e9a9d7ec,263.793,496.828,194.418,406.624,25,1939,6.9832,0.0918,60.0,47.708,107.708,167.708,170.0,110.0,3.71,6.0,1.0,0.004,0.188,0.044,8420.192888,0.315961,0.0,3937,1408940,1408940,1.0,1751,1751,1.0,119708,0,1,S10|M3_IMBALANCED|44|A|L1|F4,true,false,false,/home/cyfer/FYP/WSN_simulation_V3/runs/S10_5000/outputs_production_50seed_part41_45/run_campaign_v3_S10_M3_IMBALANCED_A_L1_F4_H4_seed044_44_20260603_114852
campaign_v3_S10_M3_IMBALANCED_A_L1_F4_H4_seed045,campaign_v3_S10_M3_IMBALANCED_A_L1_F4_H4_seed045_45_20260603_115219,S10,5000,200,6,M3_IMBALANCED,45,A,L1,F4,H4,V3,map_S10_M3_IMBALANCED_seed045,2e6383c655381bffc9bb2d5caad7c959dc472fbd037aa7d66192d9516f4374ea,269.801,501.14,193.271,401.301,25,1899,7.0658,0.081,60.0,47.408,107.408,167.408,170.0,110.0,3.666,6.0,1.0,0.002,0.094,0.126,8465.717059,0.306857,0.0,3960,1409451,1409451,1.0,1751,1751,1.0,119733,0,1,S10|M3_IMBALANCED|45|A|L1|F4,true,false,false,/home/cyfer/FYP/WSN_simulation_V3/runs/S10_5000/outputs_production_50seed_part41_45/run_campaign_v3_S10_M3_IMBALANCED_A_L1_F4_H4_seed045_45_20260603_115219
campaign_v3_S10_M3_IMBALANCED_A_L2_F0_H0_seed041,campaign_v3_S10_M3_IMBALANCED_A_L2_F0_H0_seed041_41_20260603_113815,S10,5000,200,6,M3_IMBALANCED,41,A,L2,F0,H0,V1,map_S10_M3_IMBALANCED_seed041,d345ecf609c38e58087b969dd9bc7f958cef0e82cd62aa3ec847e5050b38dbf5,269.783,504.907,192.559,398.296,25,1893,6.3085,0.0978,0.0,-1.0,-1.0,-1.0,-1.0,-1.0,0.0,0.0,0.0,0.0,0.0,0.0,8673.359523,0.265328,0.0,3961,1411200,1411200,1.0,1782,1782,1.0,120000,0,0,S10|M3_IMBALANCED|41|A|L2|F0,false,true,false,/home/cyfer/FYP/WSN_simulation_V3/runs/S10_5000/outputs_production_50seed_part41_45/run_campaign_v3_S10_M3_IMBALANCED_A_L2_F0_H0_seed041_41_20260603_113815
campaign_v3_S10_M3_IMBALANCED_A_L2_F0_H0_seed042,campaign_v3_S10_M3_IMBALANCED_A_L2_F0_H0_seed042_42_20260603_114157,S10,5000,200,6,M3_IMBALANCED,42,A,L2,F0,H0,V1,map_S10_M3_IMBALANCED_seed042,c62af919addc7a5b69895a731862301c565ae9c2cfa14c6266cc5e16ab3946de,279.227,475.271,191.983,395.268,25,1342,5.5877,0.0826,0.0,-1.0,-1.0,-1.0,-1.0,-1.0,0.0,0.0,0.0,0.0,0.0,0.0,8705.048197,0.25899,0.0,3995,1411200,1411200,1.0,1746,1746,1.0,120000,0,0,S10|M3_IMBALANCED|42|A|L2|F0,false,true,false,/home/cyfer/FYP/WSN_simulation_V3/runs/S10_5000/outputs_production_50seed_part41_45/run_campaign_v3_S10_M3_IMBALANCED_A_L2_F0_H0_seed042_42_20260603_114157
campaign_v3_S10_M3_IMBALANCED_A_L2_F0_H0_seed043,campaign_v3_S10_M3_IMBALANCED_A_L2_F0_H0_seed043_43_20260603_114526,S10,5000,200,6,M3_IMBALANCED,43,A,L2,F0,H0,V1,map_S10_M3_IMBALANCED_seed043,84dd18344ce0a11b67a875060cf968b5046b5d436bff281a1a95c32ba3379016,268.068,493.295,195.684,394.375,25,1899,6.3313,0.089,0.0,-1.0,-1.0,-1.0,-1.0,-1.0,0.0,0.0,0.0,0.0,0.0,0.0,8691.613776,0.261677,0.0,3983,1411200,1411200,1.0,1755,1755,1.0,120000,0,0,S10|M3_IMBALANCED|43|A|L2|F0,false,true,false,/home/cyfer/FYP/WSN_simulation_V3/runs/S10_5000/outputs_production_50seed_part41_45/run_campaign_v3_S10_M3_IMBALANCED_A_L2_F0_H0_seed043_43_20260603_114526
campaign_v3_S10_M3_IMBALANCED_A_L2_F0_H0_seed044,campaign_v3_S10_M3_IMBALANCED_A_L2_F0_H0_seed044_44_20260603_114854,S10,5000,200,6,M3_IMBALANCED,44,A,L2,F0,H0,V1,map_S10_M3_IMBALANCED_seed044,1b5765d705f332f23193e45bc0307d44d1ddbb0d79b5d7404e792d40e9a9d7ec,263.793,496.828,194.418,406.624,25,1939,6.9832,0.0918,0.0,-1.0,-1.0,-1.0,-1.0,-1.0,0.0,0.0,0.0,0.0,0.0,0.0,8670.438442,0.265912,0.0,3967,1411200,1411200,1.0,1755,1755,1.0,120000,0,0,S10|M3_IMBALANCED|44|A|L2|F0,false,true,false,/home/cyfer/FYP/WSN_simulation_V3/runs/S10_5000/outputs_production_50seed_part41_45/run_campaign_v3_S10_M3_IMBALANCED_A_L2_F0_H0_seed044_44_20260603_114854
campaign_v3_S10_M3_IMBALANCED_A_L2_F0_H0_seed045,campaign_v3_S10_M3_IMBALANCED_A_L2_F0_H0_seed045_45_20260603_115222,S10,5000,200,6,M3_IMBALANCED,45,A,L2,F0,H0,V1,map_S10_M3_IMBALANCED_seed045,2e6383c655381bffc9bb2d5caad7c959dc472fbd037aa7d66192d9516f4374ea,269.801,501.14,193.271,401.301,25,1899,7.0658,0.081,0.0,-1.0,-1.0,-1.0,-1.0,-1.0,0.0,0.0,0.0,0.0,0.0,0.0,8713.516998,0.257297,0.0,3999,1411200,1411200,1.0,1755,1755,1.0,120000,0,0,S10|M3_IMBALANCED|45|A|L2|F0,false,true,false,/home/cyfer/FYP/WSN_simulation_V3/runs/S10_5000/outputs_production_50seed_part41_45/run_campaign_v3_S10_M3_IMBALANCED_A_L2_F0_H0_seed045_45_20260603_115222
campaign_v3_S10_M3_IMBALANCED_A_L2_F1_H0_seed041,campaign_v3_S10_M3_IMBALANCED_A_L2_F1_H0_seed041_41_20260603_113817,S10,5000,200,6,M3_IMBALANCED,41,A,L2,F1,H0,V2,map_S10_M3_IMBALANCED_seed041,d345ecf609c38e58087b969dd9bc7f958cef0e82cd62aa3ec847e5050b38dbf5,269.783,504.907,192.559,398.296,25,1893,6.3085,0.0978,60.0,-1.0,-1.0,-1.0,-1.0,-1.0,0.0,0.0,0.0,0.0,0.0,0.0,8668.662867,0.265924,0.0,3962,1409790,1409790,1.0,1774,1774,1.0,120030,1,0,S10|M3_IMBALANCED|41|A|L2|F1,false,false,true,/home/cyfer/FYP/WSN_simulation_V3/runs/S10_5000/outputs_production_50seed_part41_45/run_campaign_v3_S10_M3_IMBALANCED_A_L2_F1_H0_seed041_41_20260603_113817
campaign_v3_S10_M3_IMBALANCED_A_L2_F1_H0_seed042,campaign_v3_S10_M3_IMBALANCED_A_L2_F1_H0_seed042_42_20260603_114159,S10,5000,200,6,M3_IMBALANCED,42,A,L2,F1,H0,V2,map_S10_M3_IMBALANCED_seed042,c62af919addc7a5b69895a731862301c565ae9c2cfa14c6266cc5e16ab3946de,279.227,475.271,191.983,395.268,25,1342,5.5877,0.0826,60.0,-1.0,-1.0,-1.0,-1.0,-1.0,0.0,0.0,0.0,0.0,0.0,0.0,8703.307222,0.258959,0.0,3996,1410730,1410730,1.0,1738,1738,1.0,120010,1,0,S10|M3_IMBALANCED|42|A|L2|F1,false,false,true,/home/cyfer/FYP/WSN_simulation_V3/runs/S10_5000/outputs_production_50seed_part41_45/run_campaign_v3_S10_M3_IMBALANCED_A_L2_F1_H0_seed042_42_20260603_114159
campaign_v3_S10_M3_IMBALANCED_A_L2_F1_H0_seed043,campaign_v3_S10_M3_IMBALANCED_A_L2_F1_H0_seed043_43_20260603_114528,S10,5000,200,6,M3_IMBALANCED,43,A,L2,F1,H0,V2,map_S10_M3_IMBALANCED_seed043,84dd18344ce0a11b67a875060cf968b5046b5d436bff281a1a95c32ba3379016,268.068,493.295,195.684,394.375,25,1899,6.3313,0.089,60.0,-1.0,-1.0,-1.0,-1.0,-1.0,0.0,0.0,0.0,0.0,0.0,0.0,8687.97737,0.26205,0.0,3984,1410025,1410025,1.0,1747,1747,1.0,120025,1,0,S10|M3_IMBALANCED|43|A|L2|F1,false,false,true,/home/cyfer/FYP/WSN_simulation_V3/runs/S10_5000/outputs_production_50seed_part41_45/run_campaign_v3_S10_M3_IMBALANCED_A_L2_F1_H0_seed043_43_20260603_114528
campaign_v3_S10_M3_IMBALANCED_A_L2_F1_H0_seed044,campaign_v3_S10_M3_IMBALANCED_A_L2_F1_H0_seed044_44_20260603_114857,S10,5000,200,6,M3_IMBALANCED,44,A,L2,F1,H0,V2,map_S10_M3_IMBALANCED_seed044,1b5765d705f332f23193e45bc0307d44d1ddbb0d79b5d7404e792d40e9a9d7ec,263.793,496.828,194.418,406.624,25,1939,6.9832,0.0918,60.0,-1.0,-1.0,-1.0,-1.0,-1.0,0.0,0.0,0.0,0.0,0.0,0.0,8664.239297,0.266827,0.0,3967,1409320,1409320,1.0,1747,1747,1.0,120040,1,0,S10|M3_IMBALANCED|44|A|L2|F1,false,false,true,/home/cyfer/FYP/WSN_simulation_V3/runs/S10_5000/outputs_production_50seed_part41_45/run_campaign_v3_S10_M3_IMBALANCED_A_L2_F1_H0_seed044_44_20260603_114857
campaign_v3_S10_M3_IMBALANCED_A_L2_F1_H0_seed045,campaign_v3_S10_M3_IMBALANCED_A_L2_F1_H0_seed045_45_20260603_115224,S10,5000,200,6,M3_IMBALANCED,45,A,L2,F1,H0,V2,map_S10_M3_IMBALANCED_seed045,2e6383c655381bffc9bb2d5caad7c959dc472fbd037aa7d66192d9516f4374ea,269.801,501.14,193.271,401.301,25,1899,7.0658,0.081,60.0,-1.0,-1.0,-1.0,-1.0,-1.0,0.0,0.0,0.0,0.0,0.0,0.0,8710.486011,0.257541,0.0,4000,1410260,1410260,1.0,1747,1747,1.0,120020,1,0,S10|M3_IMBALANCED|45|A|L2|F1,false,false,true,/home/cyfer/FYP/WSN_simulation_V3/runs/S10_5000/outputs_production_50seed_part41_45/run_campaign_v3_S10_M3_IMBALANCED_A_L2_F1_H0_seed045_45_20260603_115224
campaign_v3_S10_M3_IMBALANCED_A_L2_F1_H1_seed041,campaign_v3_S10_M3_IMBALANCED_A_L2_F1_H1_seed041_41_20260603_113830,S10,5000,200,6,M3_IMBALANCED,41,A,L2,F1,H1,V3,map_S10_M3_IMBALANCED_seed041,d345ecf609c38e58087b969dd9bc7f958cef0e82cd62aa3ec847e5050b38dbf5,269.783,504.907,192.559,398.296,25,1893,6.3085,0.0978,60.0,21.37,81.37,141.37,150.0,90.0,6.122,6.0,1.0,0.003,1.0,0.038,8672.118207,0.265233,0.0,3962,1410708,1410708,1.0,1779,1779,1.0,120000,0,1,S10|M3_IMBALANCED|41|A|L2|F1,true,false,false,/home/cyfer/FYP/WSN_simulation_V3/runs/S10_5000/outputs_production_50seed_part41_45/run_campaign_v3_S10_M3_IMBALANCED_A_L2_F1_H1_seed041_41_20260603_113830
campaign_v3_S10_M3_IMBALANCED_A_L2_F1_H1_seed042,campaign_v3_S10_M3_IMBALANCED_A_L2_F1_H1_seed042_42_20260603_114212,S10,5000,200,6,M3_IMBALANCED,42,A,L2,F1,H1,V3,map_S10_M3_IMBALANCED_seed042,c62af919addc7a5b69895a731862301c565ae9c2cfa14c6266cc5e16ab3946de,279.227,475.271,191.983,395.268,25,1342,5.5877,0.0826,60.0,21.401,81.401,141.401,150.0,90.0,6.319,6.0,1.0,0.001,1.0,0.105,8704.462584,0.258728,0.0,3996,1411036,1411036,1.0,1743,1743,1.0,120000,0,1,S10|M3_IMBALANCED|42|A|L2|F1,true,false,false,/home/cyfer/FYP/WSN_simulation_V3/runs/S10_5000/outputs_production_50seed_part41_45/run_campaign_v3_S10_M3_IMBALANCED_A_L2_F1_H1_seed042_42_20260603_114212
campaign_v3_S10_M3_IMBALANCED_A_L2_F1_H1_seed043,campaign_v3_S10_M3_IMBALANCED_A_L2_F1_H1_seed043_43_20260603_114541,S10,5000,200,6,M3_IMBALANCED,43,A,L2,F1,H1,V3,map_S10_M3_IMBALANCED_seed043,84dd18344ce0a11b67a875060cf968b5046b5d436bff281a1a95c32ba3379016,268.068,493.295,195.684,394.375,25,1899,6.3313,0.089,60.0,22.215,82.215,142.215,150.0,90.0,6.33,6.0,1.0,0.003,1.0,0.107,8690.365678,0.261573,0.0,3984,1410785,1410785,1.0,1752,1752,1.0,120000,0,1,S10|M3_IMBALANCED|43|A|L2|F1,true,false,false,/home/cyfer/FYP/WSN_simulation_V3/runs/S10_5000/outputs_production_50seed_part41_45/run_campaign_v3_S10_M3_IMBALANCED_A_L2_F1_H1_seed043_43_20260603_114541
campaign_v3_S10_M3_IMBALANCED_A_L2_F1_H1_seed044,campaign_v3_S10_M3_IMBALANCED_A_L2_F1_H1_seed044_44_20260603_114909,S10,5000,200,6,M3_IMBALANCED,44,A,L2,F1,H1,V3,map_S10_M3_IMBALANCED_seed044,1b5765d705f332f23193e45bc0307d44d1ddbb0d79b5d7404e792d40e9a9d7ec,263.793,496.828,194.418,406.624,25,1939,6.9832,0.0918,60.0,22.036,82.036,142.036,150.0,90.0,6.145,6.0,1.0,0.004,1.0,0.044,8668.541456,0.265967,0.0,3967,1410536,1410536,1.0,1752,1752,1.0,120000,0,1,S10|M3_IMBALANCED|44|A|L2|F1,true,false,false,/home/cyfer/FYP/WSN_simulation_V3/runs/S10_5000/outputs_production_50seed_part41_45/run_campaign_v3_S10_M3_IMBALANCED_A_L2_F1_H1_seed044_44_20260603_114909
campaign_v3_S10_M3_IMBALANCED_A_L2_F1_H1_seed045,campaign_v3_S10_M3_IMBALANCED_A_L2_F1_H1_seed045_45_20260603_115237,S10,5000,200,6,M3_IMBALANCED,45,A,L2,F1,H1,V3,map_S10_M3_IMBALANCED_seed045,2e6383c655381bffc9bb2d5caad7c959dc472fbd037aa7d66192d9516f4374ea,269.801,501.14,193.271,401.301,25,1899,7.0658,0.081,60.0,21.597,81.597,141.597,150.0,90.0,6.383,6.0,1.0,0.002,1.0,0.126,8712.58497,0.257121,0.0,4000,1410872,1410872,1.0,1752,1752,1.0,120000,0,1,S10|M3_IMBALANCED|45|A|L2|F1,true,false,false,/home/cyfer/FYP/WSN_simulation_V3/runs/S10_5000/outputs_production_50seed_part41_45/run_campaign_v3_S10_M3_IMBALANCED_A_L2_F1_H1_seed045_45_20260603_115237
campaign_v3_S10_M3_IMBALANCED_A_L2_F1_H3_seed041,campaign_v3_S10_M3_IMBALANCED_A_L2_F1_H3_seed041_41_20260603_113835,S10,5000,200,6,M3_IMBALANCED,41,A,L2,F1,H3,V3,map_S10_M3_IMBALANCED_seed041,d345ecf609c38e58087b969dd9bc7f958cef0e82cd62aa3ec847e5050b38dbf5,269.783,504.907,192.559,398.296,25,1893,6.3085,0.0978,60.0,27.255,87.255,147.255,150.0,90.0,6.122,6.0,1.0,0.003,1.0,0.038,8670.162841,0.265624,0.0,3962,1410231,1410231,1.0,1779,1779,1.0,119925,0,1,S10|M3_IMBALANCED|41|A|L2|F1,true,false,false,/home/cyfer/FYP/WSN_simulation_V3/runs/S10_5000/outputs_production_50seed_part41_45/run_campaign_v3_S10_M3_IMBALANCED_A_L2_F1_H3_seed041_41_20260603_113835
campaign_v3_S10_M3_IMBALANCED_A_L2_F1_H3_seed042,campaign_v3_S10_M3_IMBALANCED_A_L2_F1_H3_seed042_42_20260603_114218,S10,5000,200,6,M3_IMBALANCED,42,A,L2,F1,H3,V3,map_S10_M3_IMBALANCED_seed042,c62af919addc7a5b69895a731862301c565ae9c2cfa14c6266cc5e16ab3946de,279.227,475.271,191.983,395.268,25,1342,5.5877,0.0826,60.0,27.58,87.58,147.58,150.0,90.0,6.319,6.0,1.0,0.001,1.0,0.105,8704.132623,0.258794,0.0,3996,1410877,1410877,1.0,1743,1743,1.0,119975,0,1,S10|M3_IMBALANCED|42|A|L2|F1,true,false,false,/home/cyfer/FYP/WSN_simulation_V3/runs/S10_5000/outputs_production_50seed_part41_45/run_campaign_v3_S10_M3_IMBALANCED_A_L2_F1_H3_seed042_42_20260603_114218
campaign_v3_S10_M3_IMBALANCED_A_L2_F1_H3_seed043,campaign_v3_S10_M3_IMBALANCED_A_L2_F1_H3_seed043_43_20260603_114546,S10,5000,200,6,M3_IMBALANCED,43,A,L2,F1,H3,V3,map_S10_M3_IMBALANCED_seed043,84dd18344ce0a11b67a875060cf968b5046b5d436bff281a1a95c32ba3379016,268.068,493.295,195.684,394.375,25,1899,6.3313,0.089,60.0,28.019,88.019,148.019,150.0,90.0,6.33,6.0,1.0,0.003,1.0,0.107,8689.234278,0.261799,0.0,3984,1410463,1410463,1.0,1752,1752,1.0,119950,0,1,S10|M3_IMBALANCED|43|A|L2|F1,true,false,false,/home/cyfer/FYP/WSN_simulation_V3/runs/S10_5000/outputs_production_50seed_part41_45/run_campaign_v3_S10_M3_IMBALANCED_A_L2_F1_H3_seed043_43_20260603_114546
campaign_v3_S10_M3_IMBALANCED_A_L2_F1_H3_seed044,campaign_v3_S10_M3_IMBALANCED_A_L2_F1_H3_seed044_44_20260603_114915,S10,5000,200,6,M3_IMBALANCED,44,A,L2,F1,H3,V3,map_S10_M3_IMBALANCED_seed044,1b5765d705f332f23193e45bc0307d44d1ddbb0d79b5d7404e792d40e9a9d7ec,263.793,496.828,194.418,406.624,25,1939,6.9832,0.0918,60.0,27.969,87.969,147.969,150.0,90.0,6.145,6.0,1.0,0.004,1.0,0.044,8666.479066,0.26638,0.0,3967,1409908,1409908,1.0,1752,1752,1.0,119900,0,1,S10|M3_IMBALANCED|44|A|L2|F1,true,false,false,/home/cyfer/FYP/WSN_simulation_V3/runs/S10_5000/outputs_production_50seed_part41_45/run_campaign_v3_S10_M3_IMBALANCED_A_L2_F1_H3_seed044_44_20260603_114915
campaign_v3_S10_M3_IMBALANCED_A_L2_F1_H3_seed045,campaign_v3_S10_M3_IMBALANCED_A_L2_F1_H3_seed045_45_20260603_115242,S10,5000,200,6,M3_IMBALANCED,45,A,L2,F1,H3,V3,map_S10_M3_IMBALANCED_seed045,2e6383c655381bffc9bb2d5caad7c959dc472fbd037aa7d66192d9516f4374ea,269.801,501.14,193.271,401.301,25,1899,7.0658,0.081,60.0,28.221,88.221,148.221,150.0,90.0,6.383,6.0,1.0,0.002,1.0,0.126,8711.548989,0.257328,0.0,4000,1410552,1410552,1.0,1752,1752,1.0,119950,0,1,S10|M3_IMBALANCED|45|A|L2|F1,true,false,false,/home/cyfer/FYP/WSN_simulation_V3/runs/S10_5000/outputs_production_50seed_part41_45/run_campaign_v3_S10_M3_IMBALANCED_A_L2_F1_H3_seed045_45_20260603_115242
campaign_v3_S10_M3_IMBALANCED_A_L2_F1_H4_seed041,campaign_v3_S10_M3_IMBALANCED_A_L2_F1_H4_seed041_41_20260603_113840,S10,5000,200,6,M3_IMBALANCED,41,A,L2,F1,H4,V3,map_S10_M3_IMBALANCED_seed041,d345ecf609c38e58087b969dd9bc7f958cef0e82cd62aa3ec847e5050b38dbf5,269.783,504.907,192.559,398.296,25,1893,6.3085,0.0978,60.0,31.261,91.261,151.261,160.0,100.0,6.122,6.0,1.0,0.003,1.0,0.038,8671.57883,0.265341,0.0,3962,1410523,1410523,1.0,1778,1778,1.0,119979,0,1,S10|M3_IMBALANCED|41|A|L2|F1,true,false,false,/home/cyfer/FYP/WSN_simulation_V3/runs/S10_5000/outputs_production_50seed_part41_45/run_campaign_v3_S10_M3_IMBALANCED_A_L2_F1_H4_seed041_41_20260603_113840
campaign_v3_S10_M3_IMBALANCED_A_L2_F1_H4_seed042,campaign_v3_S10_M3_IMBALANCED_A_L2_F1_H4_seed042_42_20260603_114223,S10,5000,200,6,M3_IMBALANCED,42,A,L2,F1,H4,V3,map_S10_M3_IMBALANCED_seed042,c62af919addc7a5b69895a731862301c565ae9c2cfa14c6266cc5e16ab3946de,279.227,475.271,191.983,395.268,25,1342,5.5877,0.0826,60.0,31.355,91.355,151.355,160.0,100.0,6.319,6.0,1.0,0.001,1.0,0.105,8700.993334,0.259422,0.0,3995,1409888,1409888,1.0,1742,1742,1.0,119804,0,1,S10|M3_IMBALANCED|42|A|L2|F1,true,false,false,/home/cyfer/FYP/WSN_simulation_V3/runs/S10_5000/outputs_production_50seed_part41_45/run_campaign_v3_S10_M3_IMBALANCED_A_L2_F1_H4_seed042_42_20260603_114223
campaign_v3_S10_M3_IMBALANCED_A_L2_F1_H4_seed043,campaign_v3_S10_M3_IMBALANCED_A_L2_F1_H4_seed043_43_20260603_114552,S10,5000,200,6,M3_IMBALANCED,43,A,L2,F1,H4,V3,map_S10_M3_IMBALANCED_seed043,84dd18344ce0a11b67a875060cf968b5046b5d436bff281a1a95c32ba3379016,268.068,493.295,195.684,394.375,25,1899,6.3313,0.089,60.0,32.159,92.159,152.159,160.0,100.0,6.33,6.0,1.0,0.003,1.0,0.107,8688.691337,0.261908,0.0,3984,1410325,1410325,1.0,1751,1751,1.0,119929,0,1,S10|M3_IMBALANCED|43|A|L2|F1,true,false,false,/home/cyfer/FYP/WSN_simulation_V3/runs/S10_5000/outputs_production_50seed_part41_45/run_campaign_v3_S10_M3_IMBALANCED_A_L2_F1_H4_seed043_43_20260603_114552
campaign_v3_S10_M3_IMBALANCED_A_L2_F1_H4_seed044,campaign_v3_S10_M3_IMBALANCED_A_L2_F1_H4_seed044_44_20260603_114920,S10,5000,200,6,M3_IMBALANCED,44,A,L2,F1,H4,V3,map_S10_M3_IMBALANCED_seed044,1b5765d705f332f23193e45bc0307d44d1ddbb0d79b5d7404e792d40e9a9d7ec,263.793,496.828,194.418,406.624,25,1939,6.9832,0.0918,60.0,31.238,91.238,151.238,160.0,100.0,6.145,6.0,1.0,0.004,1.0,0.044,8666.629106,0.26635,0.0,3967,1409908,1409908,1.0,1751,1751,1.0,119904,0,1,S10|M3_IMBALANCED|44|A|L2|F1,true,false,false,/home/cyfer/FYP/WSN_simulation_V3/runs/S10_5000/outputs_production_50seed_part41_45/run_campaign_v3_S10_M3_IMBALANCED_A_L2_F1_H4_seed044_44_20260603_114920
campaign_v3_S10_M3_IMBALANCED_A_L2_F1_H4_seed045,campaign_v3_S10_M3_IMBALANCED_A_L2_F1_H4_seed045_45_20260603_115247,S10,5000,200,6,M3_IMBALANCED,45,A,L2,F1,H4,V3,map_S10_M3_IMBALANCED_seed045,2e6383c655381bffc9bb2d5caad7c959dc472fbd037aa7d66192d9516f4374ea,269.801,501.14,193.271,401.301,25,1899,7.0658,0.081,60.0,31.528,91.528,151.528,160.0,100.0,6.383,6.0,1.0,0.002,1.0,0.126,8709.118883,0.257814,0.0,3999,1409847,1409847,1.0,1751,1751,1.0,119829,0,1,S10|M3_IMBALANCED|45|A|L2|F1,true,false,false,/home/cyfer/FYP/WSN_simulation_V3/runs/S10_5000/outputs_production_50seed_part41_45/run_campaign_v3_S10_M3_IMBALANCED_A_L2_F1_H4_seed045_45_20260603_115247
campaign_v3_S10_M3_IMBALANCED_A_L2_F2_H0_seed041,campaign_v3_S10_M3_IMBALANCED_A_L2_F2_H0_seed041_41_20260603_113822,S10,5000,200,6,M3_IMBALANCED,41,A,L2,F2,H0,V2,map_S10_M3_IMBALANCED_seed041,d345ecf609c38e58087b969dd9bc7f958cef0e82cd62aa3ec847e5050b38dbf5,269.783,504.907,192.559,398.296,25,1893,6.3085,0.0978,60.0,-1.0,-1.0,-1.0,-1.0,-1.0,0.0,0.0,0.0,0.0,0.0,0.0,8672.694504,0.265461,0.0,3961,1410965,1410965,1.0,1774,1774,1.0,120005,1,0,S10|M3_IMBALANCED|41|A|L2|F2,false,false,true,/home/cyfer/FYP/WSN_simulation_V3/runs/S10_5000/outputs_production_50seed_part41_45/run_campaign_v3_S10_M3_IMBALANCED_A_L2_F2_H0_seed041_41_20260603_113822
campaign_v3_S10_M3_IMBALANCED_A_L2_F2_H0_seed042,campaign_v3_S10_M3_IMBALANCED_A_L2_F2_H0_seed042_42_20260603_114204,S10,5000,200,6,M3_IMBALANCED,42,A,L2,F2,H0,V2,map_S10_M3_IMBALANCED_seed042,c62af919addc7a5b69895a731862301c565ae9c2cfa14c6266cc5e16ab3946de,279.227,475.271,191.983,395.268,25,1342,5.5877,0.0826,60.0,-1.0,-1.0,-1.0,-1.0,-1.0,0.0,0.0,0.0,0.0,0.0,0.0,8699.228741,0.260154,0.0,3994,1409320,1409320,1.0,1738,1738,1.0,120040,1,0,S10|M3_IMBALANCED|42|A|L2|F2,false,false,true,/home/cyfer/FYP/WSN_simulation_V3/runs/S10_5000/outputs_production_50seed_part41_45/run_campaign_v3_S10_M3_IMBALANCED_A_L2_F2_H0_seed042_42_20260603_114204
campaign_v3_S10_M3_IMBALANCED_A_L2_F2_H0_seed043,campaign_v3_S10_M3_IMBALANCED_A_L2_F2_H0_seed043_43_20260603_114533,S10,5000,200,6,M3_IMBALANCED,43,A,L2,F2,H0,V2,map_S10_M3_IMBALANCED_seed043,84dd18344ce0a11b67a875060cf968b5046b5d436bff281a1a95c32ba3379016,268.068,493.295,195.684,394.375,25,1899,6.3313,0.089,60.0,-1.0,-1.0,-1.0,-1.0,-1.0,0.0,0.0,0.0,0.0,0.0,0.0,8688.905579,0.262219,0.0,3983,1410495,1410495,1.0,1747,1747,1.0,120015,1,0,S10|M3_IMBALANCED|43|A|L2|F2,false,false,true,/home/cyfer/FYP/WSN_simulation_V3/runs/S10_5000/outputs_production_50seed_part41_45/run_campaign_v3_S10_M3_IMBALANCED_A_L2_F2_H0_seed043_43_20260603_114533
campaign_v3_S10_M3_IMBALANCED_A_L2_F2_H0_seed044,campaign_v3_S10_M3_IMBALANCED_A_L2_F2_H0_seed044_44_20260603_114902,S10,5000,200,6,M3_IMBALANCED,44,A,L2,F2,H0,V2,map_S10_M3_IMBALANCED_seed044,1b5765d705f332f23193e45bc0307d44d1ddbb0d79b5d7404e792d40e9a9d7ec,263.793,496.828,194.418,406.624,25,1939,6.9832,0.0918,60.0,-1.0,-1.0,-1.0,-1.0,-1.0,0.0,0.0,0.0,0.0,0.0,0.0,8667.549262,0.26649,0.0,3967,1410260,1410260,1.0,1747,1747,1.0,120020,1,0,S10|M3_IMBALANCED|44|A|L2|F2,false,false,true,/home/cyfer/FYP/WSN_simulation_V3/runs/S10_5000/outputs_production_50seed_part41_45/run_campaign_v3_S10_M3_IMBALANCED_A_L2_F2_H0_seed044_44_20260603_114902
campaign_v3_S10_M3_IMBALANCED_A_L2_F2_H0_seed045,campaign_v3_S10_M3_IMBALANCED_A_L2_F2_H0_seed045_45_20260603_115229,S10,5000,200,6,M3_IMBALANCED,45,A,L2,F2,H0,V2,map_S10_M3_IMBALANCED_seed045,2e6383c655381bffc9bb2d5caad7c959dc472fbd037aa7d66192d9516f4374ea,269.801,501.14,193.271,401.301,25,1899,7.0658,0.081,60.0,-1.0,-1.0,-1.0,-1.0,-1.0,0.0,0.0,0.0,0.0,0.0,0.0,8707.841408,0.258432,0.0,3998,1409555,1409555,1.0,1747,1747,1.0,120035,1,0,S10|M3_IMBALANCED|45|A|L2|F2,false,false,true,/home/cyfer/FYP/WSN_simulation_V3/runs/S10_5000/outputs_production_50seed_part41_45/run_campaign_v3_S10_M3_IMBALANCED_A_L2_F2_H0_seed045_45_20260603_115229
campaign_v3_S10_M3_IMBALANCED_A_L2_F2_H1_seed041,campaign_v3_S10_M3_IMBALANCED_A_L2_F2_H1_seed041_41_20260603_113847,S10,5000,200,6,M3_IMBALANCED,41,A,L2,F2,H1,V3,map_S10_M3_IMBALANCED_seed041,d345ecf609c38e58087b969dd9bc7f958cef0e82cd62aa3ec847e5050b38dbf5,269.783,504.907,192.559,398.296,25,1893,6.3085,0.0978,60.0,27.054,87.054,147.054,150.0,90.0,3.441,6.0,1.0,0.001,0.025,0.122,8673.033413,0.265393,0.0,3961,1411112,1411112,1.0,1779,1779,1.0,120000,0,1,S10|M3_IMBALANCED|41|A|L2|F2,true,false,false,/home/cyfer/FYP/WSN_simulation_V3/runs/S10_5000/outputs_production_50seed_part41_45/run_campaign_v3_S10_M3_IMBALANCED_A_L2_F2_H1_seed041_41_20260603_113847
campaign_v3_S10_M3_IMBALANCED_A_L2_F2_H1_seed042,campaign_v3_S10_M3_IMBALANCED_A_L2_F2_H1_seed042_42_20260603_114228,S10,5000,200,6,M3_IMBALANCED,42,A,L2,F2,H1,V3,map_S10_M3_IMBALANCED_seed042,c62af919addc7a5b69895a731862301c565ae9c2cfa14c6266cc5e16ab3946de,279.227,475.271,191.983,395.268,25,1342,5.5877,0.0826,60.0,27.668,87.668,147.668,150.0,90.0,3.869,6.0,1.0,0.006,0.184,0.1,8703.028248,0.259394,0.0,3994,1410496,1410496,1.0,1743,1743,1.0,120000,0,1,S10|M3_IMBALANCED|42|A|L2|F2,true,false,false,/home/cyfer/FYP/WSN_simulation_V3/runs/S10_5000/outputs_production_50seed_part41_45/run_campaign_v3_S10_M3_IMBALANCED_A_L2_F2_H1_seed042_42_20260603_114228
campaign_v3_S10_M3_IMBALANCED_A_L2_F2_H1_seed043,campaign_v3_S10_M3_IMBALANCED_A_L2_F2_H1_seed043_43_20260603_114557,S10,5000,200,6,M3_IMBALANCED,43,A,L2,F2,H1,V3,map_S10_M3_IMBALANCED_seed043,84dd18344ce0a11b67a875060cf968b5046b5d436bff281a1a95c32ba3379016,268.068,493.295,195.684,394.375,25,1899,6.3313,0.089,60.0,26.728,86.728,146.728,150.0,90.0,3.646,6.0,1.0,0.002,0.079,0.135,8690.936615,0.261813,0.0,3983,1410939,1410939,1.0,1752,1752,1.0,120000,0,1,S10|M3_IMBALANCED|43|A|L2|F2,true,false,false,/home/cyfer/FYP/WSN_simulation_V3/runs/S10_5000/outputs_production_50seed_part41_45/run_campaign_v3_S10_M3_IMBALANCED_A_L2_F2_H1_seed043_43_20260603_114557
campaign_v3_S10_M3_IMBALANCED_A_L2_F2_H1_seed044,campaign_v3_S10_M3_IMBALANCED_A_L2_F2_H1_seed044_44_20260603_114925,S10,5000,200,6,M3_IMBALANCED,44,A,L2,F2,H1,V3,map_S10_M3_IMBALANCED_seed044,1b5765d705f332f23193e45bc0307d44d1ddbb0d79b5d7404e792d40e9a9d7ec,263.793,496.828,194.418,406.624,25,1939,6.9832,0.0918,60.0,26.876,86.876,146.876,150.0,90.0,3.526,6.0,1.0,0.002,0.092,0.081,8669.670009,0.266066,0.0,3967,1410852,1410852,1.0,1752,1752,1.0,120000,0,1,S10|M3_IMBALANCED|44|A|L2|F2,true,false,false,/home/cyfer/FYP/WSN_simulation_V3/runs/S10_5000/outputs_production_50seed_part41_45/run_campaign_v3_S10_M3_IMBALANCED_A_L2_F2_H1_seed044_44_20260603_114925
campaign_v3_S10_M3_IMBALANCED_A_L2_F2_H1_seed045,campaign_v3_S10_M3_IMBALANCED_A_L2_F2_H1_seed045_45_20260603_115256,S10,5000,200,6,M3_IMBALANCED,45,A,L2,F2,H1,V3,map_S10_M3_IMBALANCED_seed045,2e6383c655381bffc9bb2d5caad7c959dc472fbd037aa7d66192d9516f4374ea,269.801,501.14,193.271,401.301,25,1899,7.0658,0.081,60.0,27.305,87.305,147.305,150.0,90.0,3.868,6.0,1.0,0.004,0.17,0.116,8711.746272,0.257651,0.0,3998,1410584,1410584,1.0,1752,1752,1.0,120000,0,1,S10|M3_IMBALANCED|45|A|L2|F2,true,false,false,/home/cyfer/FYP/WSN_simulation_V3/runs/S10_5000/outputs_production_50seed_part41_45/run_campaign_v3_S10_M3_IMBALANCED_A_L2_F2_H1_seed045_45_20260603_115256
campaign_v3_S10_M3_IMBALANCED_A_L2_F2_H3_seed041,campaign_v3_S10_M3_IMBALANCED_A_L2_F2_H3_seed041_41_20260603_113849,S10,5000,200,6,M3_IMBALANCED,41,A,L2,F2,H3,V3,map_S10_M3_IMBALANCED_seed041,d345ecf609c38e58087b969dd9bc7f958cef0e82cd62aa3ec847e5050b38dbf5,269.783,504.907,192.559,398.296,25,1893,6.3085,0.0978,60.0,33.145,93.145,153.145,160.0,100.0,3.441,6.0,1.0,0.001,0.025,0.122,8673.012163,0.265398,0.0,3961,1411106,1411106,1.0,1778,1778,1.0,120000,0,1,S10|M3_IMBALANCED|41|A|L2|F2,true,false,false,/home/cyfer/FYP/WSN_simulation_V3/runs/S10_5000/outputs_production_50seed_part41_45/run_campaign_v3_S10_M3_IMBALANCED_A_L2_F2_H3_seed041_41_20260603_113849
campaign_v3_S10_M3_IMBALANCED_A_L2_F2_H3_seed042,campaign_v3_S10_M3_IMBALANCED_A_L2_F2_H3_seed042_42_20260603_114231,S10,5000,200,6,M3_IMBALANCED,42,A,L2,F2,H3,V3,map_S10_M3_IMBALANCED_seed042,c62af919addc7a5b69895a731862301c565ae9c2cfa14c6266cc5e16ab3946de,279.227,475.271,191.983,395.268,25,1342,5.5877,0.0826,60.0,32.944,92.944,152.944,160.0,100.0,3.869,6.0,1.0,0.006,0.184,0.1,8700.869592,0.259826,0.0,3994,1409888,1409888,1.0,1742,1742,1.0,119900,0,1,S10|M3_IMBALANCED|42|A|L2|F2,true,false,false,/home/cyfer/FYP/WSN_simulation_V3/runs/S10_5000/outputs_production_50seed_part41_45/run_campaign_v3_S10_M3_IMBALANCED_A_L2_F2_H3_seed042_42_20260603_114231
campaign_v3_S10_M3_IMBALANCED_A_L2_F2_H3_seed043,campaign_v3_S10_M3_IMBALANCED_A_L2_F2_H3_seed043_43_20260603_114559,S10,5000,200,6,M3_IMBALANCED,43,A,L2,F2,H3,V3,map_S10_M3_IMBALANCED_seed043,84dd18344ce0a11b67a875060cf968b5046b5d436bff281a1a95c32ba3379016,268.068,493.295,195.684,394.375,25,1899,6.3313,0.089,60.0,33.102,93.102,153.102,160.0,100.0,3.646,6.0,1.0,0.002,0.079,0.135,8690.559038,0.261888,0.0,3983,1410777,1410777,1.0,1751,1751,1.0,119975,0,1,S10|M3_IMBALANCED|43|A|L2|F2,true,false,false,/home/cyfer/FYP/WSN_simulation_V3/runs/S10_5000/outputs_production_50seed_part41_45/run_campaign_v3_S10_M3_IMBALANCED_A_L2_F2_H3_seed043_43_20260603_114559
campaign_v3_S10_M3_IMBALANCED_A_L2_F2_H3_seed044,campaign_v3_S10_M3_IMBALANCED_A_L2_F2_H3_seed044_44_20260603_114927,S10,5000,200,6,M3_IMBALANCED,44,A,L2,F2,H3,V3,map_S10_M3_IMBALANCED_seed044,1b5765d705f332f23193e45bc0307d44d1ddbb0d79b5d7404e792d40e9a9d7ec,263.793,496.828,194.418,406.624,25,1939,6.9832,0.0918,60.0,32.545,92.545,152.545,160.0,100.0,3.526,6.0,1.0,0.002,0.092,0.081,8668.468613,0.266306,0.0,3967,1410544,1410544,1.0,1751,1751,1.0,119950,0,1,S10|M3_IMBALANCED|44|A|L2|F2,true,false,false,/home/cyfer/FYP/WSN_simulation_V3/runs/S10_5000/outputs_production_50seed_part41_45/run_campaign_v3_S10_M3_IMBALANCED_A_L2_F2_H3_seed044_44_20260603_114927
campaign_v3_S10_M3_IMBALANCED_A_L2_F2_H3_seed045,campaign_v3_S10_M3_IMBALANCED_A_L2_F2_H3_seed045_45_20260603_115258,S10,5000,200,6,M3_IMBALANCED,45,A,L2,F2,H3,V3,map_S10_M3_IMBALANCED_seed045,2e6383c655381bffc9bb2d5caad7c959dc472fbd037aa7d66192d9516f4374ea,269.801,501.14,193.271,401.301,25,1899,7.0658,0.081,60.0,33.652,93.652,153.652,160.0,100.0,3.868,6.0,1.0,0.004,0.17,0.116,8709.749322,0.25805,0.0,3998,1410119,1410119,1.0,1751,1751,1.0,119925,0,1,S10|M3_IMBALANCED|45|A|L2|F2,true,false,false,/home/cyfer/FYP/WSN_simulation_V3/runs/S10_5000/outputs_production_50seed_part41_45/run_campaign_v3_S10_M3_IMBALANCED_A_L2_F2_H3_seed045_45_20260603_115258
campaign_v3_S10_M3_IMBALANCED_A_L2_F2_H4_seed041,campaign_v3_S10_M3_IMBALANCED_A_L2_F2_H4_seed041_41_20260603_113852,S10,5000,200,6,M3_IMBALANCED,41,A,L2,F2,H4,V3,map_S10_M3_IMBALANCED_seed041,d345ecf609c38e58087b969dd9bc7f958cef0e82cd62aa3ec847e5050b38dbf5,269.783,504.907,192.559,398.296,25,1893,6.3085,0.0978,60.0,36.592,96.592,156.592,160.0,100.0,3.441,6.0,1.0,0.001,0.025,0.122,8673.006223,0.265399,0.0,3961,1411103,1411103,1.0,1778,1778,1.0,120000,0,1,S10|M3_IMBALANCED|41|A|L2|F2,true,false,false,/home/cyfer/FYP/WSN_simulation_V3/runs/S10_5000/outputs_production_50seed_part41_45/run_campaign_v3_S10_M3_IMBALANCED_A_L2_F2_H4_seed041_41_20260603_113852
campaign_v3_S10_M3_IMBALANCED_A_L2_F2_H4_seed042,campaign_v3_S10_M3_IMBALANCED_A_L2_F2_H4_seed042_42_20260603_114233,S10,5000,200,6,M3_IMBALANCED,42,A,L2,F2,H4,V3,map_S10_M3_IMBALANCED_seed042,c62af919addc7a5b69895a731862301c565ae9c2cfa14c6266cc5e16ab3946de,279.227,475.271,191.983,395.268,25,1342,5.5877,0.0826,60.0,37.517,97.517,157.517,160.0,100.0,3.869,6.0,1.0,0.006,0.184,0.1,8702.76538,0.259447,0.0,3994,1410416,1410416,1.0,1742,1742,1.0,120000,0,1,S10|M3_IMBALANCED|42|A|L2|F2,true,false,false,/home/cyfer/FYP/WSN_simulation_V3/runs/S10_5000/outputs_production_50seed_part41_45/run_campaign_v3_S10_M3_IMBALANCED_A_L2_F2_H4_seed042_42_20260603_114233
campaign_v3_S10_M3_IMBALANCED_A_L2_F2_H4_seed043,campaign_v3_S10_M3_IMBALANCED_A_L2_F2_H4_seed043_43_20260603_114602,S10,5000,200,6,M3_IMBALANCED,43,A,L2,F2,H4,V3,map_S10_M3_IMBALANCED_seed043,84dd18344ce0a11b67a875060cf968b5046b5d436bff281a1a95c32ba3379016,268.068,493.295,195.684,394.375,25,1899,6.3313,0.089,60.0,37.468,97.468,157.468,160.0,100.0,3.646,6.0,1.0,0.002,0.079,0.135,8690.77973,0.261844,0.0,3983,1410906,1410906,1.0,1751,1751,1.0,120000,0,1,S10|M3_IMBALANCED|43|A|L2|F2,true,false,false,/home/cyfer/FYP/WSN_simulation_V3/runs/S10_5000/outputs_production_50seed_part41_45/run_campaign_v3_S10_M3_IMBALANCED_A_L2_F2_H4_seed043_43_20260603_114602
campaign_v3_S10_M3_IMBALANCED_A_L2_F2_H4_seed044,campaign_v3_S10_M3_IMBALANCED_A_L2_F2_H4_seed044_44_20260603_114930,S10,5000,200,6,M3_IMBALANCED,44,A,L2,F2,H4,V3,map_S10_M3_IMBALANCED_seed044,1b5765d705f332f23193e45bc0307d44d1ddbb0d79b5d7404e792d40e9a9d7ec,263.793,496.828,194.418,406.624,25,1939,6.9832,0.0918,60.0,36.996,96.996,156.996,160.0,100.0,3.526,6.0,1.0,0.002,0.092,0.081,8669.522034,0.266096,0.0,3967,1410812,1410812,1.0,1751,1751,1.0,120000,0,1,S10|M3_IMBALANCED|44|A|L2|F2,true,false,false,/home/cyfer/FYP/WSN_simulation_V3/runs/S10_5000/outputs_production_50seed_part41_45/run_campaign_v3_S10_M3_IMBALANCED_A_L2_F2_H4_seed044_44_20260603_114930
campaign_v3_S10_M3_IMBALANCED_A_L2_F2_H4_seed045,campaign_v3_S10_M3_IMBALANCED_A_L2_F2_H4_seed045_45_20260603_115301,S10,5000,200,6,M3_IMBALANCED,45,A,L2,F2,H4,V3,map_S10_M3_IMBALANCED_seed045,2e6383c655381bffc9bb2d5caad7c959dc472fbd037aa7d66192d9516f4374ea,269.801,501.14,193.271,401.301,25,1899,7.0658,0.081,60.0,37.555,97.555,157.555,160.0,100.0,3.868,6.0,1.0,0.004,0.17,0.116,8711.475354,0.257705,0.0,3998,1410514,1410514,1.0,1751,1751,1.0,120000,0,1,S10|M3_IMBALANCED|45|A|L2|F2,true,false,false,/home/cyfer/FYP/WSN_simulation_V3/runs/S10_5000/outputs_production_50seed_part41_45/run_campaign_v3_S10_M3_IMBALANCED_A_L2_F2_H4_seed045_45_20260603_115301
campaign_v3_S10_M3_IMBALANCED_A_L2_F3_H0_seed041,campaign_v3_S10_M3_IMBALANCED_A_L2_F3_H0_seed041_41_20260603_113825,S10,5000,200,6,M3_IMBALANCED,41,A,L2,F3,H0,V2,map_S10_M3_IMBALANCED_seed041,d345ecf609c38e58087b969dd9bc7f958cef0e82cd62aa3ec847e5050b38dbf5,269.783,504.907,192.559,398.296,25,1893,6.3085,0.0978,60.0,-1.0,-1.0,-1.0,-1.0,-1.0,0.0,0.0,0.0,0.0,0.0,0.0,8670.764121,0.265847,0.0,3961,1410495,1410495,1.0,1774,1774,1.0,120015,1,0,S10|M3_IMBALANCED|41|A|L2|F3,false,false,true,/home/cyfer/FYP/WSN_simulation_V3/runs/S10_5000/outputs_production_50seed_part41_45/run_campaign_v3_S10_M3_IMBALANCED_A_L2_F3_H0_seed041_41_20260603_113825
campaign_v3_S10_M3_IMBALANCED_A_L2_F3_H0_seed042,campaign_v3_S10_M3_IMBALANCED_A_L2_F3_H0_seed042_42_20260603_114207,S10,5000,200,6,M3_IMBALANCED,42,A,L2,F3,H0,V2,map_S10_M3_IMBALANCED_seed042,c62af919addc7a5b69895a731862301c565ae9c2cfa14c6266cc5e16ab3946de,279.227,475.271,191.983,395.268,25,1342,5.5877,0.0826,60.0,-1.0,-1.0,-1.0,-1.0,-1.0,0.0,0.0,0.0,0.0,0.0,0.0,8702.399018,0.25952,0.0,3995,1410260,1410260,1.0,1738,1738,1.0,120020,1,0,S10|M3_IMBALANCED|42|A|L2|F3,false,false,true,/home/cyfer/FYP/WSN_simulation_V3/runs/S10_5000/outputs_production_50seed_part41_45/run_campaign_v3_S10_M3_IMBALANCED_A_L2_F3_H0_seed042_42_20260603_114207
campaign_v3_S10_M3_IMBALANCED_A_L2_F3_H0_seed043,campaign_v3_S10_M3_IMBALANCED_A_L2_F3_H0_seed043_43_20260603_114536,S10,5000,200,6,M3_IMBALANCED,43,A,L2,F3,H0,V2,map_S10_M3_IMBALANCED_seed043,84dd18344ce0a11b67a875060cf968b5046b5d436bff281a1a95c32ba3379016,268.068,493.295,195.684,394.375,25,1899,6.3313,0.089,60.0,-1.0,-1.0,-1.0,-1.0,-1.0,0.0,0.0,0.0,0.0,0.0,0.0,8688.243289,0.262351,0.0,3983,1410025,1410025,1.0,1747,1747,1.0,120025,1,0,S10|M3_IMBALANCED|43|A|L2|F3,false,false,true,/home/cyfer/FYP/WSN_simulation_V3/runs/S10_5000/outputs_production_50seed_part41_45/run_campaign_v3_S10_M3_IMBALANCED_A_L2_F3_H0_seed043_43_20260603_114536
campaign_v3_S10_M3_IMBALANCED_A_L2_F3_H0_seed044,campaign_v3_S10_M3_IMBALANCED_A_L2_F3_H0_seed044_44_20260603_114904,S10,5000,200,6,M3_IMBALANCED,44,A,L2,F3,H0,V2,map_S10_M3_IMBALANCED_seed044,1b5765d705f332f23193e45bc0307d44d1ddbb0d79b5d7404e792d40e9a9d7ec,263.793,496.828,194.418,406.624,25,1939,6.9832,0.0918,60.0,-1.0,-1.0,-1.0,-1.0,-1.0,0.0,0.0,0.0,0.0,0.0,0.0,8665.906449,0.266819,0.0,3967,1409790,1409790,1.0,1747,1747,1.0,120030,1,0,S10|M3_IMBALANCED|44|A|L2|F3,false,false,true,/home/cyfer/FYP/WSN_simulation_V3/runs/S10_5000/outputs_production_50seed_part41_45/run_campaign_v3_S10_M3_IMBALANCED_A_L2_F3_H0_seed044_44_20260603_114904
campaign_v3_S10_M3_IMBALANCED_A_L2_F3_H0_seed045,campaign_v3_S10_M3_IMBALANCED_A_L2_F3_H0_seed045_45_20260603_115232,S10,5000,200,6,M3_IMBALANCED,45,A,L2,F3,H0,V2,map_S10_M3_IMBALANCED_seed045,2e6383c655381bffc9bb2d5caad7c959dc472fbd037aa7d66192d9516f4374ea,269.801,501.14,193.271,401.301,25,1899,7.0658,0.081,60.0,-1.0,-1.0,-1.0,-1.0,-1.0,0.0,0.0,0.0,0.0,0.0,0.0,8712.872695,0.257425,0.0,3999,1410965,1410965,1.0,1747,1747,1.0,120005,1,0,S10|M3_IMBALANCED|45|A|L2|F3,false,false,true,/home/cyfer/FYP/WSN_simulation_V3/runs/S10_5000/outputs_production_50seed_part41_45/run_campaign_v3_S10_M3_IMBALANCED_A_L2_F3_H0_seed045_45_20260603_115232
campaign_v3_S10_M3_IMBALANCED_A_L2_F3_H1_seed041,campaign_v3_S10_M3_IMBALANCED_A_L2_F3_H1_seed041_41_20260603_113854,S10,5000,200,6,M3_IMBALANCED,41,A,L2,F3,H1,V3,map_S10_M3_IMBALANCED_seed041,d345ecf609c38e58087b969dd9bc7f958cef0e82cd62aa3ec847e5050b38dbf5,269.783,504.907,192.559,398.296,25,1893,6.3085,0.0978,60.0,31.273,91.273,151.273,160.0,100.0,3.684,6.0,1.0,0.002,0.077,0.149,8670.862527,0.265827,0.0,3961,1410511,1410511,1.0,1778,1778,1.0,119929,0,1,S10|M3_IMBALANCED|41|A|L2|F3,true,false,false,/home/cyfer/FYP/WSN_simulation_V3/runs/S10_5000/outputs_production_50seed_part41_45/run_campaign_v3_S10_M3_IMBALANCED_A_L2_F3_H1_seed041_41_20260603_113854
campaign_v3_S10_M3_IMBALANCED_A_L2_F3_H1_seed042,campaign_v3_S10_M3_IMBALANCED_A_L2_F3_H1_seed042_42_20260603_114236,S10,5000,200,6,M3_IMBALANCED,42,A,L2,F3,H1,V3,map_S10_M3_IMBALANCED_seed042,c62af919addc7a5b69895a731862301c565ae9c2cfa14c6266cc5e16ab3946de,279.227,475.271,191.983,395.268,25,1342,5.5877,0.0826,60.0,31.511,91.511,151.511,160.0,100.0,3.851,6.0,1.0,0.003,0.09,0.191,8702.507411,0.259499,0.0,3995,1410276,1410276,1.0,1742,1742,1.0,119904,0,1,S10|M3_IMBALANCED|42|A|L2|F3,true,false,false,/home/cyfer/FYP/WSN_simulation_V3/runs/S10_5000/outputs_production_50seed_part41_45/run_campaign_v3_S10_M3_IMBALANCED_A_L2_F3_H1_seed042_42_20260603_114236
campaign_v3_S10_M3_IMBALANCED_A_L2_F3_H1_seed043,campaign_v3_S10_M3_IMBALANCED_A_L2_F3_H1_seed043_43_20260603_114605,S10,5000,200,6,M3_IMBALANCED,43,A,L2,F3,H1,V3,map_S10_M3_IMBALANCED_seed043,84dd18344ce0a11b67a875060cf968b5046b5d436bff281a1a95c32ba3379016,268.068,493.295,195.684,394.375,25,1899,6.3313,0.089,60.0,31.665,91.665,151.665,160.0,100.0,3.773,6.0,1.0,0.003,0.111,0.144,8688.339885,0.262332,0.0,3983,1410041,1410041,1.0,1751,1751,1.0,119879,0,1,S10|M3_IMBALANCED|43|A|L2|F3,true,false,false,/home/cyfer/FYP/WSN_simulation_V3/runs/S10_5000/outputs_production_50seed_part41_45/run_campaign_v3_S10_M3_IMBALANCED_A_L2_F3_H1_seed043_43_20260603_114605
campaign_v3_S10_M3_IMBALANCED_A_L2_F3_H1_seed044,campaign_v3_S10_M3_IMBALANCED_A_L2_F3_H1_seed044_44_20260603_114932,S10,5000,200,6,M3_IMBALANCED,44,A,L2,F3,H1,V3,map_S10_M3_IMBALANCED_seed044,1b5765d705f332f23193e45bc0307d44d1ddbb0d79b5d7404e792d40e9a9d7ec,263.793,496.828,194.418,406.624,25,1939,6.9832,0.0918,60.0,31.693,91.693,151.693,160.0,100.0,3.737,6.0,1.0,0.003,0.14,0.102,8666.022067,0.266796,0.0,3967,1409806,1409806,1.0,1751,1751,1.0,119854,0,1,S10|M3_IMBALANCED|44|A|L2|F3,true,false,false,/home/cyfer/FYP/WSN_simulation_V3/runs/S10_5000/outputs_production_50seed_part41_45/run_campaign_v3_S10_M3_IMBALANCED_A_L2_F3_H1_seed044_44_20260603_114932
campaign_v3_S10_M3_IMBALANCED_A_L2_F3_H1_seed045,campaign_v3_S10_M3_IMBALANCED_A_L2_F3_H1_seed045_45_20260603_115303,S10,5000,200,6,M3_IMBALANCED,45,A,L2,F3,H1,V3,map_S10_M3_IMBALANCED_seed045,2e6383c655381bffc9bb2d5caad7c959dc472fbd037aa7d66192d9516f4374ea,269.801,501.14,193.271,401.301,25,1899,7.0658,0.081,60.0,31.081,91.081,151.081,160.0,100.0,3.571,6.0,1.0,0.001,0.024,0.165,8712.945644,0.257411,0.0,3999,1410981,1410981,1.0,1751,1751,1.0,119979,0,1,S10|M3_IMBALANCED|45|A|L2|F3,true,false,false,/home/cyfer/FYP/WSN_simulation_V3/runs/S10_5000/outputs_production_50seed_part41_45/run_campaign_v3_S10_M3_IMBALANCED_A_L2_F3_H1_seed045_45_20260603_115303
campaign_v3_S10_M3_IMBALANCED_A_L2_F3_H3_seed041,campaign_v3_S10_M3_IMBALANCED_A_L2_F3_H3_seed041_41_20260603_113857,S10,5000,200,6,M3_IMBALANCED,41,A,L2,F3,H3,V3,map_S10_M3_IMBALANCED_seed041,d345ecf609c38e58087b969dd9bc7f958cef0e82cd62aa3ec847e5050b38dbf5,269.783,504.907,192.559,398.296,25,1893,6.3085,0.0978,60.0,37.379,97.379,157.379,160.0,100.0,3.684,6.0,1.0,0.002,0.077,0.149,8670.874438,0.265825,0.0,3961,1410511,1410511,1.0,1778,1778,1.0,119929,0,1,S10|M3_IMBALANCED|41|A|L2|F3,true,false,false,/home/cyfer/FYP/WSN_simulation_V3/runs/S10_5000/outputs_production_50seed_part41_45/run_campaign_v3_S10_M3_IMBALANCED_A_L2_F3_H3_seed041_41_20260603_113857
campaign_v3_S10_M3_IMBALANCED_A_L2_F3_H3_seed042,campaign_v3_S10_M3_IMBALANCED_A_L2_F3_H3_seed042_42_20260603_114239,S10,5000,200,6,M3_IMBALANCED,42,A,L2,F3,H3,V3,map_S10_M3_IMBALANCED_seed042,c62af919addc7a5b69895a731862301c565ae9c2cfa14c6266cc5e16ab3946de,279.227,475.271,191.983,395.268,25,1342,5.5877,0.0826,60.0,37.171,97.171,157.171,160.0,100.0,3.851,6.0,1.0,0.003,0.09,0.191,8702.510064,0.259498,0.0,3995,1410276,1410276,1.0,1742,1742,1.0,119904,0,1,S10|M3_IMBALANCED|42|A|L2|F3,true,false,false,/home/cyfer/FYP/WSN_simulation_V3/runs/S10_5000/outputs_production_50seed_part41_45/run_campaign_v3_S10_M3_IMBALANCED_A_L2_F3_H3_seed042_42_20260603_114239
campaign_v3_S10_M3_IMBALANCED_A_L2_F3_H3_seed043,campaign_v3_S10_M3_IMBALANCED_A_L2_F3_H3_seed043_43_20260603_114607,S10,5000,200,6,M3_IMBALANCED,43,A,L2,F3,H3,V3,map_S10_M3_IMBALANCED_seed043,84dd18344ce0a11b67a875060cf968b5046b5d436bff281a1a95c32ba3379016,268.068,493.295,195.684,394.375,25,1899,6.3313,0.089,60.0,37.21,97.21,157.21,160.0,100.0,3.773,6.0,1.0,0.003,0.111,0.144,8688.345976,0.262331,0.0,3983,1410041,1410041,1.0,1751,1751,1.0,119879,0,1,S10|M3_IMBALANCED|43|A|L2|F3,true,false,false,/home/cyfer/FYP/WSN_simulation_V3/runs/S10_5000/outputs_production_50seed_part41_45/run_campaign_v3_S10_M3_IMBALANCED_A_L2_F3_H3_seed043_43_20260603_114607
campaign_v3_S10_M3_IMBALANCED_A_L2_F3_H3_seed044,campaign_v3_S10_M3_IMBALANCED_A_L2_F3_H3_seed044_44_20260603_114935,S10,5000,200,6,M3_IMBALANCED,44,A,L2,F3,H3,V3,map_S10_M3_IMBALANCED_seed044,1b5765d705f332f23193e45bc0307d44d1ddbb0d79b5d7404e792d40e9a9d7ec,263.793,496.828,194.418,406.624,25,1939,6.9832,0.0918,60.0,37.393,97.393,157.393,160.0,100.0,3.737,6.0,1.0,0.003,0.14,0.102,8666.022757,0.266795,0.0,3967,1409806,1409806,1.0,1751,1751,1.0,119854,0,1,S10|M3_IMBALANCED|44|A|L2|F3,true,false,false,/home/cyfer/FYP/WSN_simulation_V3/runs/S10_5000/outputs_production_50seed_part41_45/run_campaign_v3_S10_M3_IMBALANCED_A_L2_F3_H3_seed044_44_20260603_114935
campaign_v3_S10_M3_IMBALANCED_A_L2_F3_H3_seed045,campaign_v3_S10_M3_IMBALANCED_A_L2_F3_H3_seed045_45_20260603_115306,S10,5000,200,6,M3_IMBALANCED,45,A,L2,F3,H3,V3,map_S10_M3_IMBALANCED_seed045,2e6383c655381bffc9bb2d5caad7c959dc472fbd037aa7d66192d9516f4374ea,269.801,501.14,193.271,401.301,25,1899,7.0658,0.081,60.0,36.854,96.854,156.854,160.0,100.0,3.571,6.0,1.0,0.001,0.024,0.165,8712.945644,0.257411,0.0,3999,1410981,1410981,1.0,1751,1751,1.0,119979,0,1,S10|M3_IMBALANCED|45|A|L2|F3,true,false,false,/home/cyfer/FYP/WSN_simulation_V3/runs/S10_5000/outputs_production_50seed_part41_45/run_campaign_v3_S10_M3_IMBALANCED_A_L2_F3_H3_seed045_45_20260603_115306
campaign_v3_S10_M3_IMBALANCED_A_L2_F3_H4_seed041,campaign_v3_S10_M3_IMBALANCED_A_L2_F3_H4_seed041_41_20260603_113859,S10,5000,200,6,M3_IMBALANCED,41,A,L2,F3,H4,V3,map_S10_M3_IMBALANCED_seed041,d345ecf609c38e58087b969dd9bc7f958cef0e82cd62aa3ec847e5050b38dbf5,269.783,504.907,192.559,398.296,25,1893,6.3085,0.0978,60.0,41.532,101.532,161.532,170.0,110.0,3.684,6.0,1.0,0.002,0.077,0.149,8670.862527,0.265827,0.0,3961,1410511,1410511,1.0,1778,1778,1.0,119929,0,1,S10|M3_IMBALANCED|41|A|L2|F3,true,false,false,/home/cyfer/FYP/WSN_simulation_V3/runs/S10_5000/outputs_production_50seed_part41_45/run_campaign_v3_S10_M3_IMBALANCED_A_L2_F3_H4_seed041_41_20260603_113859
campaign_v3_S10_M3_IMBALANCED_A_L2_F3_H4_seed042,campaign_v3_S10_M3_IMBALANCED_A_L2_F3_H4_seed042_42_20260603_114241,S10,5000,200,6,M3_IMBALANCED,42,A,L2,F3,H4,V3,map_S10_M3_IMBALANCED_seed042,c62af919addc7a5b69895a731862301c565ae9c2cfa14c6266cc5e16ab3946de,279.227,475.271,191.983,395.268,25,1342,5.5877,0.0826,60.0,41.225,101.225,161.225,170.0,110.0,3.851,6.0,1.0,0.003,0.09,0.191,8702.507411,0.259499,0.0,3995,1410276,1410276,1.0,1742,1742,1.0,119904,0,1,S10|M3_IMBALANCED|42|A|L2|F3,true,false,false,/home/cyfer/FYP/WSN_simulation_V3/runs/S10_5000/outputs_production_50seed_part41_45/run_campaign_v3_S10_M3_IMBALANCED_A_L2_F3_H4_seed042_42_20260603_114241
campaign_v3_S10_M3_IMBALANCED_A_L2_F3_H4_seed043,campaign_v3_S10_M3_IMBALANCED_A_L2_F3_H4_seed043_43_20260603_114610,S10,5000,200,6,M3_IMBALANCED,43,A,L2,F3,H4,V3,map_S10_M3_IMBALANCED_seed043,84dd18344ce0a11b67a875060cf968b5046b5d436bff281a1a95c32ba3379016,268.068,493.295,195.684,394.375,25,1899,6.3313,0.089,60.0,41.338,101.338,161.338,170.0,110.0,3.773,6.0,1.0,0.003,0.111,0.144,8688.339885,0.262332,0.0,3983,1410041,1410041,1.0,1751,1751,1.0,119879,0,1,S10|M3_IMBALANCED|43|A|L2|F3,true,false,false,/home/cyfer/FYP/WSN_simulation_V3/runs/S10_5000/outputs_production_50seed_part41_45/run_campaign_v3_S10_M3_IMBALANCED_A_L2_F3_H4_seed043_43_20260603_114610
campaign_v3_S10_M3_IMBALANCED_A_L2_F3_H4_seed044,campaign_v3_S10_M3_IMBALANCED_A_L2_F3_H4_seed044_44_20260603_114937,S10,5000,200,6,M3_IMBALANCED,44,A,L2,F3,H4,V3,map_S10_M3_IMBALANCED_seed044,1b5765d705f332f23193e45bc0307d44d1ddbb0d79b5d7404e792d40e9a9d7ec,263.793,496.828,194.418,406.624,25,1939,6.9832,0.0918,60.0,41.405,101.405,161.405,170.0,110.0,3.737,6.0,1.0,0.003,0.14,0.102,8666.022067,0.266796,0.0,3967,1409806,1409806,1.0,1751,1751,1.0,119854,0,1,S10|M3_IMBALANCED|44|A|L2|F3,true,false,false,/home/cyfer/FYP/WSN_simulation_V3/runs/S10_5000/outputs_production_50seed_part41_45/run_campaign_v3_S10_M3_IMBALANCED_A_L2_F3_H4_seed044_44_20260603_114937
campaign_v3_S10_M3_IMBALANCED_A_L2_F3_H4_seed045,campaign_v3_S10_M3_IMBALANCED_A_L2_F3_H4_seed045_45_20260603_115308,S10,5000,200,6,M3_IMBALANCED,45,A,L2,F3,H4,V3,map_S10_M3_IMBALANCED_seed045,2e6383c655381bffc9bb2d5caad7c959dc472fbd037aa7d66192d9516f4374ea,269.801,501.14,193.271,401.301,25,1899,7.0658,0.081,60.0,41.197,101.197,161.197,170.0,110.0,3.571,6.0,1.0,0.001,0.024,0.165,8712.945644,0.257411,0.0,3999,1410981,1410981,1.0,1751,1751,1.0,119979,0,1,S10|M3_IMBALANCED|45|A|L2|F3,true,false,false,/home/cyfer/FYP/WSN_simulation_V3/runs/S10_5000/outputs_production_50seed_part41_45/run_campaign_v3_S10_M3_IMBALANCED_A_L2_F3_H4_seed045_45_20260603_115308
campaign_v3_S10_M3_IMBALANCED_A_L2_F4_H0_seed041,campaign_v3_S10_M3_IMBALANCED_A_L2_F4_H0_seed041_41_20260603_113828,S10,5000,200,6,M3_IMBALANCED,41,A,L2,F4,H0,V2,map_S10_M3_IMBALANCED_seed041,d345ecf609c38e58087b969dd9bc7f958cef0e82cd62aa3ec847e5050b38dbf5,269.783,504.907,192.559,398.296,25,1893,6.3085,0.0978,60.0,-1.0,-1.0,-1.0,-1.0,-1.0,0.0,0.0,0.0,0.0,0.0,0.0,8668.662867,0.266267,0.0,3961,1409790,1409790,1.0,1774,1774,1.0,120030,1,0,S10|M3_IMBALANCED|41|A|L2|F4,false,false,true,/home/cyfer/FYP/WSN_simulation_V3/runs/S10_5000/outputs_production_50seed_part41_45/run_campaign_v3_S10_M3_IMBALANCED_A_L2_F4_H0_seed041_41_20260603_113828
campaign_v3_S10_M3_IMBALANCED_A_L2_F4_H0_seed042,campaign_v3_S10_M3_IMBALANCED_A_L2_F4_H0_seed042_42_20260603_114209,S10,5000,200,6,M3_IMBALANCED,42,A,L2,F4,H0,V2,map_S10_M3_IMBALANCED_seed042,c62af919addc7a5b69895a731862301c565ae9c2cfa14c6266cc5e16ab3946de,279.227,475.271,191.983,395.268,25,1342,5.5877,0.0826,60.0,-1.0,-1.0,-1.0,-1.0,-1.0,0.0,0.0,0.0,0.0,0.0,0.0,8703.307222,0.259339,0.0,3995,1410730,1410730,1.0,1738,1738,1.0,120010,1,0,S10|M3_IMBALANCED|42|A|L2|F4,false,false,true,/home/cyfer/FYP/WSN_simulation_V3/runs/S10_5000/outputs_production_50seed_part41_45/run_campaign_v3_S10_M3_IMBALANCED_A_L2_F4_H0_seed042_42_20260603_114209
campaign_v3_S10_M3_IMBALANCED_A_L2_F4_H0_seed043,campaign_v3_S10_M3_IMBALANCED_A_L2_F4_H0_seed043_43_20260603_114539,S10,5000,200,6,M3_IMBALANCED,43,A,L2,F4,H0,V2,map_S10_M3_IMBALANCED_seed043,84dd18344ce0a11b67a875060cf968b5046b5d436bff281a1a95c32ba3379016,268.068,493.295,195.684,394.375,25,1899,6.3313,0.089,60.0,-1.0,-1.0,-1.0,-1.0,-1.0,0.0,0.0,0.0,0.0,0.0,0.0,8687.97737,0.262405,0.0,3983,1410025,1410025,1.0,1747,1747,1.0,120025,1,0,S10|M3_IMBALANCED|43|A|L2|F4,false,false,true,/home/cyfer/FYP/WSN_simulation_V3/runs/S10_5000/outputs_production_50seed_part41_45/run_campaign_v3_S10_M3_IMBALANCED_A_L2_F4_H0_seed043_43_20260603_114539
campaign_v3_S10_M3_IMBALANCED_A_L2_F4_H0_seed044,campaign_v3_S10_M3_IMBALANCED_A_L2_F4_H0_seed044_44_20260603_114907,S10,5000,200,6,M3_IMBALANCED,44,A,L2,F4,H0,V2,map_S10_M3_IMBALANCED_seed044,1b5765d705f332f23193e45bc0307d44d1ddbb0d79b5d7404e792d40e9a9d7ec,263.793,496.828,194.418,406.624,25,1939,6.9832,0.0918,60.0,-1.0,-1.0,-1.0,-1.0,-1.0,0.0,0.0,0.0,0.0,0.0,0.0,8664.239297,0.267152,0.0,3966,1409320,1409320,1.0,1747,1747,1.0,120040,1,0,S10|M3_IMBALANCED|44|A|L2|F4,false,false,true,/home/cyfer/FYP/WSN_simulation_V3/runs/S10_5000/outputs_production_50seed_part41_45/run_campaign_v3_S10_M3_IMBALANCED_A_L2_F4_H0_seed044_44_20260603_114907
campaign_v3_S10_M3_IMBALANCED_A_L2_F4_H0_seed045,campaign_v3_S10_M3_IMBALANCED_A_L2_F4_H0_seed045_45_20260603_115234,S10,5000,200,6,M3_IMBALANCED,45,A,L2,F4,H0,V2,map_S10_M3_IMBALANCED_seed045,2e6383c655381bffc9bb2d5caad7c959dc472fbd037aa7d66192d9516f4374ea,269.801,501.14,193.271,401.301,25,1899,7.0658,0.081,60.0,-1.0,-1.0,-1.0,-1.0,-1.0,0.0,0.0,0.0,0.0,0.0,0.0,8710.486011,0.257903,0.0,3999,1410260,1410260,1.0,1747,1747,1.0,120020,1,0,S10|M3_IMBALANCED|45|A|L2|F4,false,false,true,/home/cyfer/FYP/WSN_simulation_V3/runs/S10_5000/outputs_production_50seed_part41_45/run_campaign_v3_S10_M3_IMBALANCED_A_L2_F4_H0_seed045_45_20260603_115234
campaign_v3_S10_M3_IMBALANCED_A_L2_F4_H1_seed041,campaign_v3_S10_M3_IMBALANCED_A_L2_F4_H1_seed041_41_20260603_113902,S10,5000,200,6,M3_IMBALANCED,41,A,L2,F4,H1,V3,map_S10_M3_IMBALANCED_seed041,d345ecf609c38e58087b969dd9bc7f958cef0e82cd62aa3ec847e5050b38dbf5,269.783,504.907,192.559,398.296,25,1893,6.3085,0.0978,60.0,36.933,96.933,156.933,160.0,100.0,3.546,6.0,1.0,0.003,0.141,0.038,8669.283391,0.266143,0.0,3961,1409944,1409944,1.0,1778,1778,1.0,119854,0,1,S10|M3_IMBALANCED|41|A|L2|F4,true,false,false,/home/cyfer/FYP/WSN_simulation_V3/runs/S10_5000/outputs_production_50seed_part41_45/run_campaign_v3_S10_M3_IMBALANCED_A_L2_F4_H1_seed041_41_20260603_113902
campaign_v3_S10_M3_IMBALANCED_A_L2_F4_H1_seed042,campaign_v3_S10_M3_IMBALANCED_A_L2_F4_H1_seed042_42_20260603_114244,S10,5000,200,6,M3_IMBALANCED,42,A,L2,F4,H1,V3,map_S10_M3_IMBALANCED_seed042,c62af919addc7a5b69895a731862301c565ae9c2cfa14c6266cc5e16ab3946de,279.227,475.271,191.983,395.268,25,1342,5.5877,0.0826,60.0,37.44,97.44,157.44,160.0,100.0,3.474,6.0,1.0,0.001,0.052,0.105,8703.565038,0.259287,0.0,3995,1410790,1410790,1.0,1742,1742,1.0,119954,0,1,S10|M3_IMBALANCED|42|A|L2|F4,true,false,false,/home/cyfer/FYP/WSN_simulation_V3/runs/S10_5000/outputs_production_50seed_part41_45/run_campaign_v3_S10_M3_IMBALANCED_A_L2_F4_H1_seed042_42_20260603_114244
campaign_v3_S10_M3_IMBALANCED_A_L2_F4_H1_seed043,campaign_v3_S10_M3_IMBALANCED_A_L2_F4_H1_seed043_43_20260603_114612,S10,5000,200,6,M3_IMBALANCED,43,A,L2,F4,H1,V3,map_S10_M3_IMBALANCED_seed043,84dd18344ce0a11b67a875060cf968b5046b5d436bff281a1a95c32ba3379016,268.068,493.295,195.684,394.375,25,1899,6.3313,0.089,60.0,37.192,97.192,157.192,160.0,100.0,3.674,6.0,1.0,0.003,0.115,0.107,8688.421143,0.262316,0.0,3983,1410151,1410151,1.0,1751,1751,1.0,119879,0,1,S10|M3_IMBALANCED|43|A|L2|F4,true,false,false,/home/cyfer/FYP/WSN_simulation_V3/runs/S10_5000/outputs_production_50seed_part41_45/run_campaign_v3_S10_M3_IMBALANCED_A_L2_F4_H1_seed043_43_20260603_114612
campaign_v3_S10_M3_IMBALANCED_A_L2_F4_H1_seed044,campaign_v3_S10_M3_IMBALANCED_A_L2_F4_H1_seed044_44_20260603_114940,S10,5000,200,6,M3_IMBALANCED,44,A,L2,F4,H1,V3,map_S10_M3_IMBALANCED_seed044,1b5765d705f332f23193e45bc0307d44d1ddbb0d79b5d7404e792d40e9a9d7ec,263.793,496.828,194.418,406.624,25,1939,6.9832,0.0918,60.0,36.935,96.935,156.935,160.0,100.0,3.71,6.0,1.0,0.004,0.188,0.044,8665.010788,0.266998,0.0,3966,1409520,1409520,1.0,1751,1751,1.0,119804,0,1,S10|M3_IMBALANCED|44|A|L2|F4,true,false,false,/home/cyfer/FYP/WSN_simulation_V3/runs/S10_5000/outputs_production_50seed_part41_45/run_campaign_v3_S10_M3_IMBALANCED_A_L2_F4_H1_seed044_44_20260603_114940
campaign_v3_S10_M3_IMBALANCED_A_L2_F4_H1_seed045,campaign_v3_S10_M3_IMBALANCED_A_L2_F4_H1_seed045_45_20260603_115311,S10,5000,200,6,M3_IMBALANCED,45,A,L2,F4,H1,V3,map_S10_M3_IMBALANCED_seed045,2e6383c655381bffc9bb2d5caad7c959dc472fbd037aa7d66192d9516f4374ea,269.801,501.14,193.271,401.301,25,1899,7.0658,0.081,60.0,37.587,97.587,157.587,160.0,100.0,3.666,6.0,1.0,0.002,0.094,0.126,8710.888498,0.257822,0.0,3999,1410364,1410364,1.0,1751,1751,1.0,119904,0,1,S10|M3_IMBALANCED|45|A|L2|F4,true,false,false,/home/cyfer/FYP/WSN_simulation_V3/runs/S10_5000/outputs_production_50seed_part41_45/run_campaign_v3_S10_M3_IMBALANCED_A_L2_F4_H1_seed045_45_20260603_115311
campaign_v3_S10_M3_IMBALANCED_A_L2_F4_H3_seed041,campaign_v3_S10_M3_IMBALANCED_A_L2_F4_H3_seed041_41_20260603_113905,S10,5000,200,6,M3_IMBALANCED,41,A,L2,F4,H3,V3,map_S10_M3_IMBALANCED_seed041,d345ecf609c38e58087b969dd9bc7f958cef0e82cd62aa3ec847e5050b38dbf5,269.783,504.907,192.559,398.296,25,1893,6.3085,0.0978,60.0,42.658,102.658,162.658,170.0,110.0,3.546,6.0,1.0,0.003,0.141,0.038,8668.926261,0.266215,0.0,3961,1409857,1409857,1.0,1778,1778,1.0,119854,0,1,S10|M3_IMBALANCED|41|A|L2|F4,true,false,false,/home/cyfer/FYP/WSN_simulation_V3/runs/S10_5000/outputs_production_50seed_part41_45/run_campaign_v3_S10_M3_IMBALANCED_A_L2_F4_H3_seed041_41_20260603_113905
campaign_v3_S10_M3_IMBALANCED_A_L2_F4_H3_seed042,campaign_v3_S10_M3_IMBALANCED_A_L2_F4_H3_seed042_42_20260603_114246,S10,5000,200,6,M3_IMBALANCED,42,A,L2,F4,H3,V3,map_S10_M3_IMBALANCED_seed042,c62af919addc7a5b69895a731862301c565ae9c2cfa14c6266cc5e16ab3946de,279.227,475.271,191.983,395.268,25,1342,5.5877,0.0826,60.0,43.401,103.401,163.401,170.0,110.0,3.474,6.0,1.0,0.001,0.052,0.105,8703.516311,0.259297,0.0,3995,1410762,1410762,1.0,1742,1742,1.0,119954,0,1,S10|M3_IMBALANCED|42|A|L2|F4,true,false,false,/home/cyfer/FYP/WSN_simulation_V3/runs/S10_5000/outputs_production_50seed_part41_45/run_campaign_v3_S10_M3_IMBALANCED_A_L2_F4_H3_seed042_42_20260603_114246
campaign_v3_S10_M3_IMBALANCED_A_L2_F4_H3_seed043,campaign_v3_S10_M3_IMBALANCED_A_L2_F4_H3_seed043_43_20260603_114615,S10,5000,200,6,M3_IMBALANCED,43,A,L2,F4,H3,V3,map_S10_M3_IMBALANCED_seed043,84dd18344ce0a11b67a875060cf968b5046b5d436bff281a1a95c32ba3379016,268.068,493.295,195.684,394.375,25,1899,6.3313,0.089,60.0,42.792,102.792,162.792,170.0,110.0,3.674,6.0,1.0,0.003,0.115,0.107,8688.2182,0.262356,0.0,3983,1410092,1410092,1.0,1751,1751,1.0,119879,0,1,S10|M3_IMBALANCED|43|A|L2|F4,true,false,false,/home/cyfer/FYP/WSN_simulation_V3/runs/S10_5000/outputs_production_50seed_part41_45/run_campaign_v3_S10_M3_IMBALANCED_A_L2_F4_H3_seed043_43_20260603_114615
campaign_v3_S10_M3_IMBALANCED_A_L2_F4_H3_seed044,campaign_v3_S10_M3_IMBALANCED_A_L2_F4_H3_seed044_44_20260603_114942,S10,5000,200,6,M3_IMBALANCED,44,A,L2,F4,H3,V3,map_S10_M3_IMBALANCED_seed044,1b5765d705f332f23193e45bc0307d44d1ddbb0d79b5d7404e792d40e9a9d7ec,263.793,496.828,194.418,406.624,25,1939,6.9832,0.0918,60.0,43.329,103.329,163.329,170.0,110.0,3.71,6.0,1.0,0.004,0.188,0.044,8664.598805,0.26708,0.0,3966,1409400,1409400,1.0,1751,1751,1.0,119804,0,1,S10|M3_IMBALANCED|44|A|L2|F4,true,false,false,/home/cyfer/FYP/WSN_simulation_V3/runs/S10_5000/outputs_production_50seed_part41_45/run_campaign_v3_S10_M3_IMBALANCED_A_L2_F4_H3_seed044_44_20260603_114942
campaign_v3_S10_M3_IMBALANCED_A_L2_F4_H3_seed045,campaign_v3_S10_M3_IMBALANCED_A_L2_F4_H3_seed045_45_20260603_115313,S10,5000,200,6,M3_IMBALANCED,45,A,L2,F4,H3,V3,map_S10_M3_IMBALANCED_seed045,2e6383c655381bffc9bb2d5caad7c959dc472fbd037aa7d66192d9516f4374ea,269.801,501.14,193.271,401.301,25,1899,7.0658,0.081,60.0,43.632,103.632,163.632,170.0,110.0,3.666,6.0,1.0,0.002,0.094,0.126,8710.705179,0.257859,0.0,3999,1410308,1410308,1.0,1751,1751,1.0,119904,0,1,S10|M3_IMBALANCED|45|A|L2|F4,true,false,false,/home/cyfer/FYP/WSN_simulation_V3/runs/S10_5000/outputs_production_50seed_part41_45/run_campaign_v3_S10_M3_IMBALANCED_A_L2_F4_H3_seed045_45_20260603_115313
campaign_v3_S10_M3_IMBALANCED_A_L2_F4_H4_seed041,campaign_v3_S10_M3_IMBALANCED_A_L2_F4_H4_seed041_41_20260603_113907,S10,5000,200,6,M3_IMBALANCED,41,A,L2,F4,H4,V3,map_S10_M3_IMBALANCED_seed041,d345ecf609c38e58087b969dd9bc7f958cef0e82cd62aa3ec847e5050b38dbf5,269.783,504.907,192.559,398.296,25,1893,6.3085,0.0978,60.0,47.5,107.5,167.5,170.0,110.0,3.546,6.0,1.0,0.003,0.141,0.038,8668.761292,0.266248,0.0,3961,1409767,1409767,1.0,1778,1778,1.0,119833,0,1,S10|M3_IMBALANCED|41|A|L2|F4,true,false,false,/home/cyfer/FYP/WSN_simulation_V3/runs/S10_5000/outputs_production_50seed_part41_45/run_campaign_v3_S10_M3_IMBALANCED_A_L2_F4_H4_seed041_41_20260603_113907
campaign_v3_S10_M3_IMBALANCED_A_L2_F4_H4_seed042,campaign_v3_S10_M3_IMBALANCED_A_L2_F4_H4_seed042_42_20260603_114249,S10,5000,200,6,M3_IMBALANCED,42,A,L2,F4,H4,V3,map_S10_M3_IMBALANCED_seed042,c62af919addc7a5b69895a731862301c565ae9c2cfa14c6266cc5e16ab3946de,279.227,475.271,191.983,395.268,25,1342,5.5877,0.0826,60.0,46.613,106.613,166.613,170.0,110.0,3.474,6.0,1.0,0.001,0.052,0.105,8700.475356,0.259905,0.0,3994,1409764,1409764,1.0,1742,1742,1.0,119758,0,1,S10|M3_IMBALANCED|42|A|L2|F4,true,false,false,/home/cyfer/FYP/WSN_simulation_V3/runs/S10_5000/outputs_production_50seed_part41_45/run_campaign_v3_S10_M3_IMBALANCED_A_L2_F4_H4_seed042_42_20260603_114249
campaign_v3_S10_M3_IMBALANCED_A_L2_F4_H4_seed043,campaign_v3_S10_M3_IMBALANCED_A_L2_F4_H4_seed043_43_20260603_114617,S10,5000,200,6,M3_IMBALANCED,43,A,L2,F4,H4,V3,map_S10_M3_IMBALANCED_seed043,84dd18344ce0a11b67a875060cf968b5046b5d436bff281a1a95c32ba3379016,268.068,493.295,195.684,394.375,25,1899,6.3313,0.089,60.0,47.484,107.484,167.484,170.0,110.0,3.674,6.0,1.0,0.003,0.115,0.107,8686.922864,0.262615,0.0,3983,1409736,1409736,1.0,1751,1751,1.0,119808,0,1,S10|M3_IMBALANCED|43|A|L2|F4,true,false,false,/home/cyfer/FYP/WSN_simulation_V3/runs/S10_5000/outputs_production_50seed_part41_45/run_campaign_v3_S10_M3_IMBALANCED_A_L2_F4_H4_seed043_43_20260603_114617
campaign_v3_S10_M3_IMBALANCED_A_L2_F4_H4_seed044,campaign_v3_S10_M3_IMBALANCED_A_L2_F4_H4_seed044_44_20260603_114945,S10,5000,200,6,M3_IMBALANCED,44,A,L2,F4,H4,V3,map_S10_M3_IMBALANCED_seed044,1b5765d705f332f23193e45bc0307d44d1ddbb0d79b5d7404e792d40e9a9d7ec,263.793,496.828,194.418,406.624,25,1939,6.9832,0.0918,60.0,47.708,107.708,167.708,170.0,110.0,3.71,6.0,1.0,0.004,0.188,0.044,8663.239985,0.267352,0.0,3966,1408940,1408940,1.0,1751,1751,1.0,119708,0,1,S10|M3_IMBALANCED|44|A|L2|F4,true,false,false,/home/cyfer/FYP/WSN_simulation_V3/runs/S10_5000/outputs_production_50seed_part41_45/run_campaign_v3_S10_M3_IMBALANCED_A_L2_F4_H4_seed044_44_20260603_114945
campaign_v3_S10_M3_IMBALANCED_A_L2_F4_H4_seed045,campaign_v3_S10_M3_IMBALANCED_A_L2_F4_H4_seed045_45_20260603_115316,S10,5000,200,6,M3_IMBALANCED,45,A,L2,F4,H4,V3,map_S10_M3_IMBALANCED_seed045,2e6383c655381bffc9bb2d5caad7c959dc472fbd037aa7d66192d9516f4374ea,269.801,501.14,193.271,401.301,25,1899,7.0658,0.081,60.0,47.408,107.408,167.408,170.0,110.0,3.666,6.0,1.0,0.002,0.094,0.126,8707.812738,0.258437,0.0,3998,1409451,1409451,1.0,1751,1751,1.0,119733,0,1,S10|M3_IMBALANCED|45|A|L2|F4,true,false,false,/home/cyfer/FYP/WSN_simulation_V3/runs/S10_5000/outputs_production_50seed_part41_45/run_campaign_v3_S10_M3_IMBALANCED_A_L2_F4_H4_seed045_45_20260603_115316
campaign_v3_S10_M3_IMBALANCED_B_L1_F0_H0_seed041,campaign_v3_S10_M3_IMBALANCED_B_L1_F0_H0_seed041_41_20260603_113910,S10,5000,200,6,M3_IMBALANCED,41,B,L1,F0,H0,V1,map_S10_M3_IMBALANCED_seed041,d345ecf609c38e58087b969dd9bc7f958cef0e82cd62aa3ec847e5050b38dbf5,269.783,504.907,192.559,398.296,25,1893,6.3085,0.0978,0.0,-1.0,-1.0,-1.0,-1.0,-1.0,0.0,0.0,0.0,0.0,0.0,0.0,8419.259453,0.316148,0.0,3927,1411200,1411200,1.0,1782,1782,1.0,120000,0,0,S10|M3_IMBALANCED|41|B|L1|F0,false,true,false,/home/cyfer/FYP/WSN_simulation_V3/runs/S10_5000/outputs_production_50seed_part41_45/run_campaign_v3_S10_M3_IMBALANCED_B_L1_F0_H0_seed041_41_20260603_113910
campaign_v3_S10_M3_IMBALANCED_B_L1_F0_H0_seed042,campaign_v3_S10_M3_IMBALANCED_B_L1_F0_H0_seed042_42_20260603_114252,S10,5000,200,6,M3_IMBALANCED,42,B,L1,F0,H0,V1,map_S10_M3_IMBALANCED_seed042,c62af919addc7a5b69895a731862301c565ae9c2cfa14c6266cc5e16ab3946de,279.227,475.271,191.983,395.268,25,1342,5.5877,0.0826,0.0,-1.0,-1.0,-1.0,-1.0,-1.0,0.0,0.0,0.0,0.0,0.0,0.0,8457.341424,0.308532,0.0,3955,1411200,1411200,1.0,1746,1746,1.0,120000,0,0,S10|M3_IMBALANCED|42|B|L1|F0,false,true,false,/home/cyfer/FYP/WSN_simulation_V3/runs/S10_5000/outputs_production_50seed_part41_45/run_campaign_v3_S10_M3_IMBALANCED_B_L1_F0_H0_seed042_42_20260603_114252
campaign_v3_S10_M3_IMBALANCED_B_L1_F0_H0_seed043,campaign_v3_S10_M3_IMBALANCED_B_L1_F0_H0_seed043_43_20260603_114620,S10,5000,200,6,M3_IMBALANCED,43,B,L1,F0,H0,V1,map_S10_M3_IMBALANCED_seed043,84dd18344ce0a11b67a875060cf968b5046b5d436bff281a1a95c32ba3379016,268.068,493.295,195.684,394.375,25,1899,6.3313,0.089,0.0,-1.0,-1.0,-1.0,-1.0,-1.0,0.0,0.0,0.0,0.0,0.0,0.0,8438.469046,0.312306,0.0,3949,1411200,1411200,1.0,1755,1755,1.0,120000,0,0,S10|M3_IMBALANCED|43|B|L1|F0,false,true,false,/home/cyfer/FYP/WSN_simulation_V3/runs/S10_5000/outputs_production_50seed_part41_45/run_campaign_v3_S10_M3_IMBALANCED_B_L1_F0_H0_seed043_43_20260603_114620
campaign_v3_S10_M3_IMBALANCED_B_L1_F0_H0_seed044,campaign_v3_S10_M3_IMBALANCED_B_L1_F0_H0_seed044_44_20260603_114947,S10,5000,200,6,M3_IMBALANCED,44,B,L1,F0,H0,V1,map_S10_M3_IMBALANCED_seed044,1b5765d705f332f23193e45bc0307d44d1ddbb0d79b5d7404e792d40e9a9d7ec,263.793,496.828,194.418,406.624,25,1939,6.9832,0.0918,0.0,-1.0,-1.0,-1.0,-1.0,-1.0,0.0,0.0,0.0,0.0,0.0,0.0,8425.395214,0.314921,0.0,3938,1411200,1411200,1.0,1755,1755,1.0,120000,0,0,S10|M3_IMBALANCED|44|B|L1|F0,false,true,false,/home/cyfer/FYP/WSN_simulation_V3/runs/S10_5000/outputs_production_50seed_part41_45/run_campaign_v3_S10_M3_IMBALANCED_B_L1_F0_H0_seed044_44_20260603_114947
campaign_v3_S10_M3_IMBALANCED_B_L1_F0_H0_seed045,campaign_v3_S10_M3_IMBALANCED_B_L1_F0_H0_seed045_45_20260603_115318,S10,5000,200,6,M3_IMBALANCED,45,B,L1,F0,H0,V1,map_S10_M3_IMBALANCED_seed045,2e6383c655381bffc9bb2d5caad7c959dc472fbd037aa7d66192d9516f4374ea,269.801,501.14,193.271,401.301,25,1899,7.0658,0.081,0.0,-1.0,-1.0,-1.0,-1.0,-1.0,0.0,0.0,0.0,0.0,0.0,0.0,8469.858737,0.306028,0.0,3961,1411200,1411200,1.0,1755,1755,1.0,120000,0,0,S10|M3_IMBALANCED|45|B|L1|F0,false,true,false,/home/cyfer/FYP/WSN_simulation_V3/runs/S10_5000/outputs_production_50seed_part41_45/run_campaign_v3_S10_M3_IMBALANCED_B_L1_F0_H0_seed045_45_20260603_115318
campaign_v3_S10_M3_IMBALANCED_B_L1_F1_H0_seed041,campaign_v3_S10_M3_IMBALANCED_B_L1_F1_H0_seed041_41_20260603_113912,S10,5000,200,6,M3_IMBALANCED,41,B,L1,F1,H0,V2,map_S10_M3_IMBALANCED_seed041,d345ecf609c38e58087b969dd9bc7f958cef0e82cd62aa3ec847e5050b38dbf5,269.783,504.907,192.559,398.296,25,1893,6.3085,0.0978,60.0,-1.0,-1.0,-1.0,-1.0,-1.0,0.0,0.0,0.0,0.0,0.0,0.0,8415.835498,0.316489,0.0,3928,1409790,1409790,1.0,1774,1774,1.0,120030,1,0,S10|M3_IMBALANCED|41|B|L1|F1,false,false,true,/home/cyfer/FYP/WSN_simulation_V3/runs/S10_5000/outputs_production_50seed_part41_45/run_campaign_v3_S10_M3_IMBALANCED_B_L1_F1_H0_seed041_41_20260603_113912
campaign_v3_S10_M3_IMBALANCED_B_L1_F1_H0_seed042,campaign_v3_S10_M3_IMBALANCED_B_L1_F1_H0_seed042_42_20260603_114254,S10,5000,200,6,M3_IMBALANCED,42,B,L1,F1,H0,V2,map_S10_M3_IMBALANCED_seed042,c62af919addc7a5b69895a731862301c565ae9c2cfa14c6266cc5e16ab3946de,279.227,475.271,191.983,395.268,25,1342,5.5877,0.0826,60.0,-1.0,-1.0,-1.0,-1.0,-1.0,0.0,0.0,0.0,0.0,0.0,0.0,8456.070304,0.308407,0.0,3956,1410730,1410730,1.0,1738,1738,1.0,120010,1,0,S10|M3_IMBALANCED|42|B|L1|F1,false,false,true,/home/cyfer/FYP/WSN_simulation_V3/runs/S10_5000/outputs_production_50seed_part41_45/run_campaign_v3_S10_M3_IMBALANCED_B_L1_F1_H0_seed042_42_20260603_114254
campaign_v3_S10_M3_IMBALANCED_B_L1_F1_H0_seed043,campaign_v3_S10_M3_IMBALANCED_B_L1_F1_H0_seed043_43_20260603_114622,S10,5000,200,6,M3_IMBALANCED,43,B,L1,F1,H0,V2,map_S10_M3_IMBALANCED_seed043,84dd18344ce0a11b67a875060cf968b5046b5d436bff281a1a95c32ba3379016,268.068,493.295,195.684,394.375,25,1899,6.3313,0.089,60.0,-1.0,-1.0,-1.0,-1.0,-1.0,0.0,0.0,0.0,0.0,0.0,0.0,8435.791802,0.312488,0.0,3950,1410025,1410025,1.0,1747,1747,1.0,120025,1,0,S10|M3_IMBALANCED|43|B|L1|F1,false,false,true,/home/cyfer/FYP/WSN_simulation_V3/runs/S10_5000/outputs_production_50seed_part41_45/run_campaign_v3_S10_M3_IMBALANCED_B_L1_F1_H0_seed043_43_20260603_114622
campaign_v3_S10_M3_IMBALANCED_B_L1_F1_H0_seed044,campaign_v3_S10_M3_IMBALANCED_B_L1_F1_H0_seed044_44_20260603_114950,S10,5000,200,6,M3_IMBALANCED,44,B,L1,F1,H0,V2,map_S10_M3_IMBALANCED_seed044,1b5765d705f332f23193e45bc0307d44d1ddbb0d79b5d7404e792d40e9a9d7ec,263.793,496.828,194.418,406.624,25,1939,6.9832,0.0918,60.0,-1.0,-1.0,-1.0,-1.0,-1.0,0.0,0.0,0.0,0.0,0.0,0.0,8420.906643,0.315494,0.0,3938,1409320,1409320,1.0,1747,1747,1.0,120040,1,0,S10|M3_IMBALANCED|44|B|L1|F1,false,false,true,/home/cyfer/FYP/WSN_simulation_V3/runs/S10_5000/outputs_production_50seed_part41_45/run_campaign_v3_S10_M3_IMBALANCED_B_L1_F1_H0_seed044_44_20260603_114950
campaign_v3_S10_M3_IMBALANCED_B_L1_F1_H0_seed045,campaign_v3_S10_M3_IMBALANCED_B_L1_F1_H0_seed045_45_20260603_115321,S10,5000,200,6,M3_IMBALANCED,45,B,L1,F1,H0,V2,map_S10_M3_IMBALANCED_seed045,2e6383c655381bffc9bb2d5caad7c959dc472fbd037aa7d66192d9516f4374ea,269.801,501.14,193.271,401.301,25,1899,7.0658,0.081,60.0,-1.0,-1.0,-1.0,-1.0,-1.0,0.0,0.0,0.0,0.0,0.0,0.0,8467.628831,0.306112,0.0,3962,1410260,1410260,1.0,1747,1747,1.0,120020,1,0,S10|M3_IMBALANCED|45|B|L1|F1,false,false,true,/home/cyfer/FYP/WSN_simulation_V3/runs/S10_5000/outputs_production_50seed_part41_45/run_campaign_v3_S10_M3_IMBALANCED_B_L1_F1_H0_seed045_45_20260603_115321
campaign_v3_S10_M3_IMBALANCED_B_L1_F1_H1_seed041,campaign_v3_S10_M3_IMBALANCED_B_L1_F1_H1_seed041_41_20260603_113924,S10,5000,200,6,M3_IMBALANCED,41,B,L1,F1,H1,V3,map_S10_M3_IMBALANCED_seed041,d345ecf609c38e58087b969dd9bc7f958cef0e82cd62aa3ec847e5050b38dbf5,269.783,504.907,192.559,398.296,25,1893,6.3085,0.0978,60.0,21.37,81.37,141.37,150.0,90.0,6.122,6.0,1.0,0.003,1.0,0.038,8418.326816,0.315991,0.0,3928,1410708,1410708,1.0,1779,1779,1.0,120000,0,1,S10|M3_IMBALANCED|41|B|L1|F1,true,false,false,/home/cyfer/FYP/WSN_simulation_V3/runs/S10_5000/outputs_production_50seed_part41_45/run_campaign_v3_S10_M3_IMBALANCED_B_L1_F1_H1_seed041_41_20260603_113924
campaign_v3_S10_M3_IMBALANCED_B_L1_F1_H1_seed042,campaign_v3_S10_M3_IMBALANCED_B_L1_F1_H1_seed042_42_20260603_114306,S10,5000,200,6,M3_IMBALANCED,42,B,L1,F1,H1,V3,map_S10_M3_IMBALANCED_seed042,c62af919addc7a5b69895a731862301c565ae9c2cfa14c6266cc5e16ab3946de,279.227,475.271,191.983,395.268,25,1342,5.5877,0.0826,60.0,21.401,81.401,141.401,150.0,90.0,6.319,6.0,1.0,0.001,1.0,0.105,8456.909127,0.308239,0.0,3956,1411036,1411036,1.0,1743,1743,1.0,120000,0,1,S10|M3_IMBALANCED|42|B|L1|F1,true,false,false,/home/cyfer/FYP/WSN_simulation_V3/runs/S10_5000/outputs_production_50seed_part41_45/run_campaign_v3_S10_M3_IMBALANCED_B_L1_F1_H1_seed042_42_20260603_114306
campaign_v3_S10_M3_IMBALANCED_B_L1_F1_H1_seed043,campaign_v3_S10_M3_IMBALANCED_B_L1_F1_H1_seed043_43_20260603_114634,S10,5000,200,6,M3_IMBALANCED,43,B,L1,F1,H1,V3,map_S10_M3_IMBALANCED_seed043,84dd18344ce0a11b67a875060cf968b5046b5d436bff281a1a95c32ba3379016,268.068,493.295,195.684,394.375,25,1899,6.3313,0.089,60.0,22.215,82.215,142.215,150.0,90.0,6.33,6.0,1.0,0.003,1.0,0.107,8437.546303,0.312137,0.0,3950,1410785,1410785,1.0,1752,1752,1.0,120000,0,1,S10|M3_IMBALANCED|43|B|L1|F1,true,false,false,/home/cyfer/FYP/WSN_simulation_V3/runs/S10_5000/outputs_production_50seed_part41_45/run_campaign_v3_S10_M3_IMBALANCED_B_L1_F1_H1_seed043_43_20260603_114634
campaign_v3_S10_M3_IMBALANCED_B_L1_F1_H1_seed044,campaign_v3_S10_M3_IMBALANCED_B_L1_F1_H1_seed044_44_20260603_115002,S10,5000,200,6,M3_IMBALANCED,44,B,L1,F1,H1,V3,map_S10_M3_IMBALANCED_seed044,1b5765d705f332f23193e45bc0307d44d1ddbb0d79b5d7404e792d40e9a9d7ec,263.793,496.828,194.418,406.624,25,1939,6.9832,0.0918,60.0,22.036,82.036,142.036,150.0,90.0,6.145,6.0,1.0,0.004,1.0,0.044,8424.020229,0.314871,0.0,3938,1410536,1410536,1.0,1752,1752,1.0,120000,0,1,S10|M3_IMBALANCED|44|B|L1|F1,true,false,false,/home/cyfer/FYP/WSN_simulation_V3/runs/S10_5000/outputs_production_50seed_part41_45/run_campaign_v3_S10_M3_IMBALANCED_B_L1_F1_H1_seed044_44_20260603_115002
campaign_v3_S10_M3_IMBALANCED_B_L1_F1_H1_seed045,campaign_v3_S10_M3_IMBALANCED_B_L1_F1_H1_seed045_45_20260603_115333,S10,5000,200,6,M3_IMBALANCED,45,B,L1,F1,H1,V3,map_S10_M3_IMBALANCED_seed045,2e6383c655381bffc9bb2d5caad7c959dc472fbd037aa7d66192d9516f4374ea,269.801,501.14,193.271,401.301,25,1899,7.0658,0.081,60.0,21.597,81.597,141.597,150.0,90.0,6.383,6.0,1.0,0.002,1.0,0.126,8469.162573,0.305805,0.0,3962,1410872,1410872,1.0,1752,1752,1.0,120000,0,1,S10|M3_IMBALANCED|45|B|L1|F1,true,false,false,/home/cyfer/FYP/WSN_simulation_V3/runs/S10_5000/outputs_production_50seed_part41_45/run_campaign_v3_S10_M3_IMBALANCED_B_L1_F1_H1_seed045_45_20260603_115333
campaign_v3_S10_M3_IMBALANCED_B_L1_F1_H3_seed041,campaign_v3_S10_M3_IMBALANCED_B_L1_F1_H3_seed041_41_20260603_113929,S10,5000,200,6,M3_IMBALANCED,41,B,L1,F1,H3,V3,map_S10_M3_IMBALANCED_seed041,d345ecf609c38e58087b969dd9bc7f958cef0e82cd62aa3ec847e5050b38dbf5,269.783,504.907,192.559,398.296,25,1893,6.3085,0.0978,60.0,27.255,87.255,147.255,150.0,90.0,6.122,6.0,1.0,0.003,1.0,0.038,8416.934316,0.31627,0.0,3928,1410231,1410231,1.0,1779,1779,1.0,119925,0,1,S10|M3_IMBALANCED|41|B|L1|F1,true,false,false,/home/cyfer/FYP/WSN_simulation_V3/runs/S10_5000/outputs_production_50seed_part41_45/run_campaign_v3_S10_M3_IMBALANCED_B_L1_F1_H3_seed041_41_20260603_113929
campaign_v3_S10_M3_IMBALANCED_B_L1_F1_H3_seed042,campaign_v3_S10_M3_IMBALANCED_B_L1_F1_H3_seed042_42_20260603_114311,S10,5000,200,6,M3_IMBALANCED,42,B,L1,F1,H3,V3,map_S10_M3_IMBALANCED_seed042,c62af919addc7a5b69895a731862301c565ae9c2cfa14c6266cc5e16ab3946de,279.227,475.271,191.983,395.268,25,1342,5.5877,0.0826,60.0,27.58,87.58,147.58,150.0,90.0,6.319,6.0,1.0,0.001,1.0,0.105,8456.66214,0.308288,0.0,3956,1410877,1410877,1.0,1743,1743,1.0,119975,0,1,S10|M3_IMBALANCED|42|B|L1|F1,true,false,false,/home/cyfer/FYP/WSN_simulation_V3/runs/S10_5000/outputs_production_50seed_part41_45/run_campaign_v3_S10_M3_IMBALANCED_B_L1_F1_H3_seed042_42_20260603_114311
campaign_v3_S10_M3_IMBALANCED_B_L1_F1_H3_seed043,campaign_v3_S10_M3_IMBALANCED_B_L1_F1_H3_seed043_43_20260603_114639,S10,5000,200,6,M3_IMBALANCED,43,B,L1,F1,H3,V3,map_S10_M3_IMBALANCED_seed043,84dd18344ce0a11b67a875060cf968b5046b5d436bff281a1a95c32ba3379016,268.068,493.295,195.684,394.375,25,1899,6.3313,0.089,60.0,28.019,88.019,148.019,150.0,90.0,6.33,6.0,1.0,0.003,1.0,0.107,8436.732057,0.312299,0.0,3950,1410463,1410463,1.0,1752,1752,1.0,119950,0,1,S10|M3_IMBALANCED|43|B|L1|F1,true,false,false,/home/cyfer/FYP/WSN_simulation_V3/runs/S10_5000/outputs_production_50seed_part41_45/run_campaign_v3_S10_M3_IMBALANCED_B_L1_F1_H3_seed043_43_20260603_114639
campaign_v3_S10_M3_IMBALANCED_B_L1_F1_H3_seed044,campaign_v3_S10_M3_IMBALANCED_B_L1_F1_H3_seed044_44_20260603_115006,S10,5000,200,6,M3_IMBALANCED,44,B,L1,F1,H3,V3,map_S10_M3_IMBALANCED_seed044,1b5765d705f332f23193e45bc0307d44d1ddbb0d79b5d7404e792d40e9a9d7ec,263.793,496.828,194.418,406.624,25,1939,6.9832,0.0918,60.0,27.969,87.969,147.969,150.0,90.0,6.145,6.0,1.0,0.004,1.0,0.044,8422.532799,0.315169,0.0,3938,1409908,1409908,1.0,1752,1752,1.0,119900,0,1,S10|M3_IMBALANCED|44|B|L1|F1,true,false,false,/home/cyfer/FYP/WSN_simulation_V3/runs/S10_5000/outputs_production_50seed_part41_45/run_campaign_v3_S10_M3_IMBALANCED_B_L1_F1_H3_seed044_44_20260603_115006
campaign_v3_S10_M3_IMBALANCED_B_L1_F1_H3_seed045,campaign_v3_S10_M3_IMBALANCED_B_L1_F1_H3_seed045_45_20260603_115338,S10,5000,200,6,M3_IMBALANCED,45,B,L1,F1,H3,V3,map_S10_M3_IMBALANCED_seed045,2e6383c655381bffc9bb2d5caad7c959dc472fbd037aa7d66192d9516f4374ea,269.801,501.14,193.271,401.301,25,1899,7.0658,0.081,60.0,28.221,88.221,148.221,150.0,90.0,6.383,6.0,1.0,0.002,1.0,0.126,8468.415003,0.305955,0.0,3962,1410552,1410552,1.0,1752,1752,1.0,119950,0,1,S10|M3_IMBALANCED|45|B|L1|F1,true,false,false,/home/cyfer/FYP/WSN_simulation_V3/runs/S10_5000/outputs_production_50seed_part41_45/run_campaign_v3_S10_M3_IMBALANCED_B_L1_F1_H3_seed045_45_20260603_115338
campaign_v3_S10_M3_IMBALANCED_B_L1_F1_H4_seed041,campaign_v3_S10_M3_IMBALANCED_B_L1_F1_H4_seed041_41_20260603_113935,S10,5000,200,6,M3_IMBALANCED,41,B,L1,F1,H4,V3,map_S10_M3_IMBALANCED_seed041,d345ecf609c38e58087b969dd9bc7f958cef0e82cd62aa3ec847e5050b38dbf5,269.783,504.907,192.559,398.296,25,1893,6.3085,0.0978,60.0,31.261,91.261,151.261,160.0,100.0,6.122,6.0,1.0,0.003,1.0,0.038,8417.931639,0.31607,0.0,3928,1410523,1410523,1.0,1778,1778,1.0,119979,0,1,S10|M3_IMBALANCED|41|B|L1|F1,true,false,false,/home/cyfer/FYP/WSN_simulation_V3/runs/S10_5000/outputs_production_50seed_part41_45/run_campaign_v3_S10_M3_IMBALANCED_B_L1_F1_H4_seed041_41_20260603_113935
campaign_v3_S10_M3_IMBALANCED_B_L1_F1_H4_seed042,campaign_v3_S10_M3_IMBALANCED_B_L1_F1_H4_seed042_42_20260603_114317,S10,5000,200,6,M3_IMBALANCED,42,B,L1,F1,H4,V3,map_S10_M3_IMBALANCED_seed042,c62af919addc7a5b69895a731862301c565ae9c2cfa14c6266cc5e16ab3946de,279.227,475.271,191.983,395.268,25,1342,5.5877,0.0826,60.0,31.355,91.355,151.355,160.0,100.0,6.319,6.0,1.0,0.001,1.0,0.105,8454.401647,0.30874,0.0,3955,1409888,1409888,1.0,1742,1742,1.0,119804,0,1,S10|M3_IMBALANCED|42|B|L1|F1,true,false,false,/home/cyfer/FYP/WSN_simulation_V3/runs/S10_5000/outputs_production_50seed_part41_45/run_campaign_v3_S10_M3_IMBALANCED_B_L1_F1_H4_seed042_42_20260603_114317
campaign_v3_S10_M3_IMBALANCED_B_L1_F1_H4_seed043,campaign_v3_S10_M3_IMBALANCED_B_L1_F1_H4_seed043_43_20260603_114644,S10,5000,200,6,M3_IMBALANCED,43,B,L1,F1,H4,V3,map_S10_M3_IMBALANCED_seed043,84dd18344ce0a11b67a875060cf968b5046b5d436bff281a1a95c32ba3379016,268.068,493.295,195.684,394.375,25,1899,6.3313,0.089,60.0,32.159,92.159,152.159,160.0,100.0,6.33,6.0,1.0,0.003,1.0,0.107,8436.341655,0.312378,0.0,3950,1410325,1410325,1.0,1751,1751,1.0,119929,0,1,S10|M3_IMBALANCED|43|B|L1|F1,true,false,false,/home/cyfer/FYP/WSN_simulation_V3/runs/S10_5000/outputs_production_50seed_part41_45/run_campaign_v3_S10_M3_IMBALANCED_B_L1_F1_H4_seed043_43_20260603_114644
campaign_v3_S10_M3_IMBALANCED_B_L1_F1_H4_seed044,campaign_v3_S10_M3_IMBALANCED_B_L1_F1_H4_seed044_44_20260603_115011,S10,5000,200,6,M3_IMBALANCED,44,B,L1,F1,H4,V3,map_S10_M3_IMBALANCED_seed044,1b5765d705f332f23193e45bc0307d44d1ddbb0d79b5d7404e792d40e9a9d7ec,263.793,496.828,194.418,406.624,25,1939,6.9832,0.0918,60.0,31.238,91.238,151.238,160.0,100.0,6.145,6.0,1.0,0.004,1.0,0.044,8422.627429,0.31515,0.0,3938,1409908,1409908,1.0,1751,1751,1.0,119904,0,1,S10|M3_IMBALANCED|44|B|L1|F1,true,false,false,/home/cyfer/FYP/WSN_simulation_V3/runs/S10_5000/outputs_production_50seed_part41_45/run_campaign_v3_S10_M3_IMBALANCED_B_L1_F1_H4_seed044_44_20260603_115011
campaign_v3_S10_M3_IMBALANCED_B_L1_F1_H4_seed045,campaign_v3_S10_M3_IMBALANCED_B_L1_F1_H4_seed045_45_20260603_115343,S10,5000,200,6,M3_IMBALANCED,45,B,L1,F1,H4,V3,map_S10_M3_IMBALANCED_seed045,2e6383c655381bffc9bb2d5caad7c959dc472fbd037aa7d66192d9516f4374ea,269.801,501.14,193.271,401.301,25,1899,7.0658,0.081,60.0,31.528,91.528,151.528,160.0,100.0,6.383,6.0,1.0,0.002,1.0,0.126,8466.659125,0.306306,0.0,3961,1409847,1409847,1.0,1751,1751,1.0,119829,0,1,S10|M3_IMBALANCED|45|B|L1|F1,true,false,false,/home/cyfer/FYP/WSN_simulation_V3/runs/S10_5000/outputs_production_50seed_part41_45/run_campaign_v3_S10_M3_IMBALANCED_B_L1_F1_H4_seed045_45_20260603_115343
campaign_v3_S10_M3_IMBALANCED_B_L1_F2_H0_seed041,campaign_v3_S10_M3_IMBALANCED_B_L1_F2_H0_seed041_41_20260603_113917,S10,5000,200,6,M3_IMBALANCED,41,B,L1,F2,H0,V2,map_S10_M3_IMBALANCED_seed041,d345ecf609c38e58087b969dd9bc7f958cef0e82cd62aa3ec847e5050b38dbf5,269.783,504.907,192.559,398.296,25,1893,6.3085,0.0978,60.0,-1.0,-1.0,-1.0,-1.0,-1.0,0.0,0.0,0.0,0.0,0.0,0.0,8418.747077,0.316251,0.0,3927,1410965,1410965,1.0,1774,1774,1.0,120005,1,0,S10|M3_IMBALANCED|41|B|L1|F2,false,false,true,/home/cyfer/FYP/WSN_simulation_V3/runs/S10_5000/outputs_production_50seed_part41_45/run_campaign_v3_S10_M3_IMBALANCED_B_L1_F2_H0_seed041_41_20260603_113917
campaign_v3_S10_M3_IMBALANCED_B_L1_F2_H0_seed042,campaign_v3_S10_M3_IMBALANCED_B_L1_F2_H0_seed042_42_20260603_114259,S10,5000,200,6,M3_IMBALANCED,42,B,L1,F2,H0,V2,map_S10_M3_IMBALANCED_seed042,c62af919addc7a5b69895a731862301c565ae9c2cfa14c6266cc5e16ab3946de,279.227,475.271,191.983,395.268,25,1342,5.5877,0.0826,60.0,-1.0,-1.0,-1.0,-1.0,-1.0,0.0,0.0,0.0,0.0,0.0,0.0,8453.092063,0.309382,0.0,3954,1409320,1409320,1.0,1738,1738,1.0,120040,1,0,S10|M3_IMBALANCED|42|B|L1|F2,false,false,true,/home/cyfer/FYP/WSN_simulation_V3/runs/S10_5000/outputs_production_50seed_part41_45/run_campaign_v3_S10_M3_IMBALANCED_B_L1_F2_H0_seed042_42_20260603_114259
campaign_v3_S10_M3_IMBALANCED_B_L1_F2_H0_seed043,campaign_v3_S10_M3_IMBALANCED_B_L1_F2_H0_seed043_43_20260603_114627,S10,5000,200,6,M3_IMBALANCED,43,B,L1,F2,H0,V2,map_S10_M3_IMBALANCED_seed043,84dd18344ce0a11b67a875060cf968b5046b5d436bff281a1a95c32ba3379016,268.068,493.295,195.684,394.375,25,1899,6.3313,0.089,60.0,-1.0,-1.0,-1.0,-1.0,-1.0,0.0,0.0,0.0,0.0,0.0,0.0,8436.498223,0.3127,0.0,3949,1410495,1410495,1.0,1747,1747,1.0,120015,1,0,S10|M3_IMBALANCED|43|B|L1|F2,false,false,true,/home/cyfer/FYP/WSN_simulation_V3/runs/S10_5000/outputs_production_50seed_part41_45/run_campaign_v3_S10_M3_IMBALANCED_B_L1_F2_H0_seed043_43_20260603_114627
campaign_v3_S10_M3_IMBALANCED_B_L1_F2_H0_seed044,campaign_v3_S10_M3_IMBALANCED_B_L1_F2_H0_seed044_44_20260603_114954,S10,5000,200,6,M3_IMBALANCED,44,B,L1,F2,H0,V2,map_S10_M3_IMBALANCED_seed044,1b5765d705f332f23193e45bc0307d44d1ddbb0d79b5d7404e792d40e9a9d7ec,263.793,496.828,194.418,406.624,25,1939,6.9832,0.0918,60.0,-1.0,-1.0,-1.0,-1.0,-1.0,0.0,0.0,0.0,0.0,0.0,0.0,8423.265429,0.315347,0.0,3938,1410260,1410260,1.0,1747,1747,1.0,120020,1,0,S10|M3_IMBALANCED|44|B|L1|F2,false,false,true,/home/cyfer/FYP/WSN_simulation_V3/runs/S10_5000/outputs_production_50seed_part41_45/run_campaign_v3_S10_M3_IMBALANCED_B_L1_F2_H0_seed044_44_20260603_114954
campaign_v3_S10_M3_IMBALANCED_B_L1_F2_H0_seed045,campaign_v3_S10_M3_IMBALANCED_B_L1_F2_H0_seed045_45_20260603_115326,S10,5000,200,6,M3_IMBALANCED,45,B,L1,F2,H0,V2,map_S10_M3_IMBALANCED_seed045,2e6383c655381bffc9bb2d5caad7c959dc472fbd037aa7d66192d9516f4374ea,269.801,501.14,193.271,401.301,25,1899,7.0658,0.081,60.0,-1.0,-1.0,-1.0,-1.0,-1.0,0.0,0.0,0.0,0.0,0.0,0.0,8465.726626,0.306855,0.0,3960,1409555,1409555,1.0,1747,1747,1.0,120035,1,0,S10|M3_IMBALANCED|45|B|L1|F2,false,false,true,/home/cyfer/FYP/WSN_simulation_V3/runs/S10_5000/outputs_production_50seed_part41_45/run_campaign_v3_S10_M3_IMBALANCED_B_L1_F2_H0_seed045_45_20260603_115326
campaign_v3_S10_M3_IMBALANCED_B_L1_F2_H1_seed041,campaign_v3_S10_M3_IMBALANCED_B_L1_F2_H1_seed041_41_20260603_113939,S10,5000,200,6,M3_IMBALANCED,41,B,L1,F2,H1,V3,map_S10_M3_IMBALANCED_seed041,d345ecf609c38e58087b969dd9bc7f958cef0e82cd62aa3ec847e5050b38dbf5,269.783,504.907,192.559,398.296,25,1893,6.3085,0.0978,60.0,27.054,87.054,147.054,150.0,90.0,3.441,6.0,1.0,0.001,0.025,0.122,8419.015426,0.316197,0.0,3927,1411112,1411112,1.0,1779,1779,1.0,120000,0,1,S10|M3_IMBALANCED|41|B|L1|F2,true,false,false,/home/cyfer/FYP/WSN_simulation_V3/runs/S10_5000/outputs_production_50seed_part41_45/run_campaign_v3_S10_M3_IMBALANCED_B_L1_F2_H1_seed041_41_20260603_113939
campaign_v3_S10_M3_IMBALANCED_B_L1_F2_H1_seed042,campaign_v3_S10_M3_IMBALANCED_B_L1_F2_H1_seed042_42_20260603_114322,S10,5000,200,6,M3_IMBALANCED,42,B,L1,F2,H1,V3,map_S10_M3_IMBALANCED_seed042,c62af919addc7a5b69895a731862301c565ae9c2cfa14c6266cc5e16ab3946de,279.227,475.271,191.983,395.268,25,1342,5.5877,0.0826,60.0,27.668,87.668,147.668,150.0,90.0,3.869,6.0,1.0,0.006,0.184,0.1,8455.869111,0.308826,0.0,3954,1410496,1410496,1.0,1743,1743,1.0,120000,0,1,S10|M3_IMBALANCED|42|B|L1|F2,true,false,false,/home/cyfer/FYP/WSN_simulation_V3/runs/S10_5000/outputs_production_50seed_part41_45/run_campaign_v3_S10_M3_IMBALANCED_B_L1_F2_H1_seed042_42_20260603_114322
campaign_v3_S10_M3_IMBALANCED_B_L1_F2_H1_seed043,campaign_v3_S10_M3_IMBALANCED_B_L1_F2_H1_seed043_43_20260603_114649,S10,5000,200,6,M3_IMBALANCED,43,B,L1,F2,H1,V3,map_S10_M3_IMBALANCED_seed043,84dd18344ce0a11b67a875060cf968b5046b5d436bff281a1a95c32ba3379016,268.068,493.295,195.684,394.375,25,1899,6.3313,0.089,60.0,26.728,86.728,146.728,150.0,90.0,3.646,6.0,1.0,0.002,0.079,0.135,8437.951359,0.31241,0.0,3949,1410939,1410939,1.0,1752,1752,1.0,120000,0,1,S10|M3_IMBALANCED|43|B|L1|F2,true,false,false,/home/cyfer/FYP/WSN_simulation_V3/runs/S10_5000/outputs_production_50seed_part41_45/run_campaign_v3_S10_M3_IMBALANCED_B_L1_F2_H1_seed043_43_20260603_114649
campaign_v3_S10_M3_IMBALANCED_B_L1_F2_H1_seed044,campaign_v3_S10_M3_IMBALANCED_B_L1_F2_H1_seed044_44_20260603_115016,S10,5000,200,6,M3_IMBALANCED,44,B,L1,F2,H1,V3,map_S10_M3_IMBALANCED_seed044,1b5765d705f332f23193e45bc0307d44d1ddbb0d79b5d7404e792d40e9a9d7ec,263.793,496.828,194.418,406.624,25,1939,6.9832,0.0918,60.0,26.876,86.876,146.876,150.0,90.0,3.526,6.0,1.0,0.002,0.092,0.081,8424.807433,0.315039,0.0,3938,1410852,1410852,1.0,1752,1752,1.0,120000,0,1,S10|M3_IMBALANCED|44|B|L1|F2,true,false,false,/home/cyfer/FYP/WSN_simulation_V3/runs/S10_5000/outputs_production_50seed_part41_45/run_campaign_v3_S10_M3_IMBALANCED_B_L1_F2_H1_seed044_44_20260603_115016
campaign_v3_S10_M3_IMBALANCED_B_L1_F2_H1_seed045,campaign_v3_S10_M3_IMBALANCED_B_L1_F2_H1_seed045_45_20260603_115348,S10,5000,200,6,M3_IMBALANCED,45,B,L1,F2,H1,V3,map_S10_M3_IMBALANCED_seed045,2e6383c655381bffc9bb2d5caad7c959dc472fbd037aa7d66192d9516f4374ea,269.801,501.14,193.271,401.301,25,1899,7.0658,0.081,60.0,27.305,87.305,147.305,150.0,90.0,3.868,6.0,1.0,0.004,0.17,0.116,8468.546196,0.306291,0.0,3960,1410584,1410584,1.0,1752,1752,1.0,120000,0,1,S10|M3_IMBALANCED|45|B|L1|F2,true,false,false,/home/cyfer/FYP/WSN_simulation_V3/runs/S10_5000/outputs_production_50seed_part41_45/run_campaign_v3_S10_M3_IMBALANCED_B_L1_F2_H1_seed045_45_20260603_115348
campaign_v3_S10_M3_IMBALANCED_B_L1_F2_H3_seed041,campaign_v3_S10_M3_IMBALANCED_B_L1_F2_H3_seed041_41_20260603_113941,S10,5000,200,6,M3_IMBALANCED,41,B,L1,F2,H3,V3,map_S10_M3_IMBALANCED_seed041,d345ecf609c38e58087b969dd9bc7f958cef0e82cd62aa3ec847e5050b38dbf5,269.783,504.907,192.559,398.296,25,1893,6.3085,0.0978,60.0,33.145,93.145,153.145,160.0,100.0,3.441,6.0,1.0,0.001,0.025,0.122,8418.997056,0.316201,0.0,3927,1411106,1411106,1.0,1778,1778,1.0,120000,0,1,S10|M3_IMBALANCED|41|B|L1|F2,true,false,false,/home/cyfer/FYP/WSN_simulation_V3/runs/S10_5000/outputs_production_50seed_part41_45/run_campaign_v3_S10_M3_IMBALANCED_B_L1_F2_H3_seed041_41_20260603_113941
campaign_v3_S10_M3_IMBALANCED_B_L1_F2_H3_seed042,campaign_v3_S10_M3_IMBALANCED_B_L1_F2_H3_seed042_42_20260603_114325,S10,5000,200,6,M3_IMBALANCED,42,B,L1,F2,H3,V3,map_S10_M3_IMBALANCED_seed042,c62af919addc7a5b69895a731862301c565ae9c2cfa14c6266cc5e16ab3946de,279.227,475.271,191.983,395.268,25,1342,5.5877,0.0826,60.0,32.944,92.944,152.944,160.0,100.0,3.869,6.0,1.0,0.006,0.184,0.1,8454.314035,0.309137,0.0,3954,1409888,1409888,1.0,1742,1742,1.0,119900,0,1,S10|M3_IMBALANCED|42|B|L1|F2,true,false,false,/home/cyfer/FYP/WSN_simulation_V3/runs/S10_5000/outputs_production_50seed_part41_45/run_campaign_v3_S10_M3_IMBALANCED_B_L1_F2_H3_seed042_42_20260603_114325
campaign_v3_S10_M3_IMBALANCED_B_L1_F2_H3_seed043,campaign_v3_S10_M3_IMBALANCED_B_L1_F2_H3_seed043_43_20260603_114651,S10,5000,200,6,M3_IMBALANCED,43,B,L1,F2,H3,V3,map_S10_M3_IMBALANCED_seed043,84dd18344ce0a11b67a875060cf968b5046b5d436bff281a1a95c32ba3379016,268.068,493.295,195.684,394.375,25,1899,6.3313,0.089,60.0,33.102,93.102,153.102,160.0,100.0,3.646,6.0,1.0,0.002,0.079,0.135,8437.668796,0.312466,0.0,3949,1410777,1410777,1.0,1751,1751,1.0,119975,0,1,S10|M3_IMBALANCED|43|B|L1|F2,true,false,false,/home/cyfer/FYP/WSN_simulation_V3/runs/S10_5000/outputs_production_50seed_part41_45/run_campaign_v3_S10_M3_IMBALANCED_B_L1_F2_H3_seed043_43_20260603_114651
campaign_v3_S10_M3_IMBALANCED_B_L1_F2_H3_seed044,campaign_v3_S10_M3_IMBALANCED_B_L1_F2_H3_seed044_44_20260603_115018,S10,5000,200,6,M3_IMBALANCED,44,B,L1,F2,H3,V3,map_S10_M3_IMBALANCED_seed044,1b5765d705f332f23193e45bc0307d44d1ddbb0d79b5d7404e792d40e9a9d7ec,263.793,496.828,194.418,406.624,25,1939,6.9832,0.0918,60.0,32.545,92.545,152.545,160.0,100.0,3.526,6.0,1.0,0.002,0.092,0.081,8423.946534,0.315211,0.0,3938,1410544,1410544,1.0,1751,1751,1.0,119950,0,1,S10|M3_IMBALANCED|44|B|L1|F2,true,false,false,/home/cyfer/FYP/WSN_simulation_V3/runs/S10_5000/outputs_production_50seed_part41_45/run_campaign_v3_S10_M3_IMBALANCED_B_L1_F2_H3_seed044_44_20260603_115018
campaign_v3_S10_M3_IMBALANCED_B_L1_F2_H3_seed045,campaign_v3_S10_M3_IMBALANCED_B_L1_F2_H3_seed045_45_20260603_115350,S10,5000,200,6,M3_IMBALANCED,45,B,L1,F2,H3,V3,map_S10_M3_IMBALANCED_seed045,2e6383c655381bffc9bb2d5caad7c959dc472fbd037aa7d66192d9516f4374ea,269.801,501.14,193.271,401.301,25,1899,7.0658,0.081,60.0,33.652,93.652,153.652,160.0,100.0,3.868,6.0,1.0,0.004,0.17,0.116,8467.126285,0.306575,0.0,3960,1410119,1410119,1.0,1751,1751,1.0,119925,0,1,S10|M3_IMBALANCED|45|B|L1|F2,true,false,false,/home/cyfer/FYP/WSN_simulation_V3/runs/S10_5000/outputs_production_50seed_part41_45/run_campaign_v3_S10_M3_IMBALANCED_B_L1_F2_H3_seed045_45_20260603_115350
campaign_v3_S10_M3_IMBALANCED_B_L1_F2_H4_seed041,campaign_v3_S10_M3_IMBALANCED_B_L1_F2_H4_seed041_41_20260603_113944,S10,5000,200,6,M3_IMBALANCED,41,B,L1,F2,H4,V3,map_S10_M3_IMBALANCED_seed041,d345ecf609c38e58087b969dd9bc7f958cef0e82cd62aa3ec847e5050b38dbf5,269.783,504.907,192.559,398.296,25,1893,6.3085,0.0978,60.0,36.592,96.592,156.592,160.0,100.0,3.441,6.0,1.0,0.001,0.025,0.122,8418.992556,0.316201,0.0,3927,1411103,1411103,1.0,1778,1778,1.0,120000,0,1,S10|M3_IMBALANCED|41|B|L1|F2,true,false,false,/home/cyfer/FYP/WSN_simulation_V3/runs/S10_5000/outputs_production_50seed_part41_45/run_campaign_v3_S10_M3_IMBALANCED_B_L1_F2_H4_seed041_41_20260603_113944
campaign_v3_S10_M3_IMBALANCED_B_L1_F2_H4_seed042,campaign_v3_S10_M3_IMBALANCED_B_L1_F2_H4_seed042_42_20260603_114327,S10,5000,200,6,M3_IMBALANCED,42,B,L1,F2,H4,V3,map_S10_M3_IMBALANCED_seed042,c62af919addc7a5b69895a731862301c565ae9c2cfa14c6266cc5e16ab3946de,279.227,475.271,191.983,395.268,25,1342,5.5877,0.0826,60.0,37.517,97.517,157.517,160.0,100.0,3.869,6.0,1.0,0.006,0.184,0.1,8455.675798,0.308865,0.0,3954,1410416,1410416,1.0,1742,1742,1.0,120000,0,1,S10|M3_IMBALANCED|42|B|L1|F2,true,false,false,/home/cyfer/FYP/WSN_simulation_V3/runs/S10_5000/outputs_production_50seed_part41_45/run_campaign_v3_S10_M3_IMBALANCED_B_L1_F2_H4_seed042_42_20260603_114327
campaign_v3_S10_M3_IMBALANCED_B_L1_F2_H4_seed043,campaign_v3_S10_M3_IMBALANCED_B_L1_F2_H4_seed043_43_20260603_114653,S10,5000,200,6,M3_IMBALANCED,43,B,L1,F2,H4,V3,map_S10_M3_IMBALANCED_seed043,84dd18344ce0a11b67a875060cf968b5046b5d436bff281a1a95c32ba3379016,268.068,493.295,195.684,394.375,25,1899,6.3313,0.089,60.0,37.468,97.468,157.468,160.0,100.0,3.646,6.0,1.0,0.002,0.079,0.135,8437.837426,0.312433,0.0,3949,1410906,1410906,1.0,1751,1751,1.0,120000,0,1,S10|M3_IMBALANCED|43|B|L1|F2,true,false,false,/home/cyfer/FYP/WSN_simulation_V3/runs/S10_5000/outputs_production_50seed_part41_45/run_campaign_v3_S10_M3_IMBALANCED_B_L1_F2_H4_seed043_43_20260603_114653
campaign_v3_S10_M3_IMBALANCED_B_L1_F2_H4_seed044,campaign_v3_S10_M3_IMBALANCED_B_L1_F2_H4_seed044_44_20260603_115020,S10,5000,200,6,M3_IMBALANCED,44,B,L1,F2,H4,V3,map_S10_M3_IMBALANCED_seed044,1b5765d705f332f23193e45bc0307d44d1ddbb0d79b5d7404e792d40e9a9d7ec,263.793,496.828,194.418,406.624,25,1939,6.9832,0.0918,60.0,36.996,96.996,156.996,160.0,100.0,3.526,6.0,1.0,0.002,0.092,0.081,8424.698563,0.31506,0.0,3938,1410812,1410812,1.0,1751,1751,1.0,120000,0,1,S10|M3_IMBALANCED|44|B|L1|F2,true,false,false,/home/cyfer/FYP/WSN_simulation_V3/runs/S10_5000/outputs_production_50seed_part41_45/run_campaign_v3_S10_M3_IMBALANCED_B_L1_F2_H4_seed044_44_20260603_115020
campaign_v3_S10_M3_IMBALANCED_B_L1_F2_H4_seed045,campaign_v3_S10_M3_IMBALANCED_B_L1_F2_H4_seed045_45_20260603_115353,S10,5000,200,6,M3_IMBALANCED,45,B,L1,F2,H4,V3,map_S10_M3_IMBALANCED_seed045,2e6383c655381bffc9bb2d5caad7c959dc472fbd037aa7d66192d9516f4374ea,269.801,501.14,193.271,401.301,25,1899,7.0658,0.081,60.0,37.555,97.555,157.555,160.0,100.0,3.868,6.0,1.0,0.004,0.17,0.116,8468.349108,0.30633,0.0,3960,1410514,1410514,1.0,1751,1751,1.0,120000,0,1,S10|M3_IMBALANCED|45|B|L1|F2,true,false,false,/home/cyfer/FYP/WSN_simulation_V3/runs/S10_5000/outputs_production_50seed_part41_45/run_campaign_v3_S10_M3_IMBALANCED_B_L1_F2_H4_seed045_45_20260603_115353
campaign_v3_S10_M3_IMBALANCED_B_L1_F3_H0_seed041,campaign_v3_S10_M3_IMBALANCED_B_L1_F3_H0_seed041_41_20260603_113919,S10,5000,200,6,M3_IMBALANCED,41,B,L1,F3,H0,V2,map_S10_M3_IMBALANCED_seed041,d345ecf609c38e58087b969dd9bc7f958cef0e82cd62aa3ec847e5050b38dbf5,269.783,504.907,192.559,398.296,25,1893,6.3085,0.0978,60.0,-1.0,-1.0,-1.0,-1.0,-1.0,0.0,0.0,0.0,0.0,0.0,0.0,8417.366308,0.316527,0.0,3927,1410495,1410495,1.0,1774,1774,1.0,120015,1,0,S10|M3_IMBALANCED|41|B|L1|F3,false,false,true,/home/cyfer/FYP/WSN_simulation_V3/runs/S10_5000/outputs_production_50seed_part41_45/run_campaign_v3_S10_M3_IMBALANCED_B_L1_F3_H0_seed041_41_20260603_113919
campaign_v3_S10_M3_IMBALANCED_B_L1_F3_H0_seed042,campaign_v3_S10_M3_IMBALANCED_B_L1_F3_H0_seed042_42_20260603_114301,S10,5000,200,6,M3_IMBALANCED,42,B,L1,F3,H0,V2,map_S10_M3_IMBALANCED_seed042,c62af919addc7a5b69895a731862301c565ae9c2cfa14c6266cc5e16ab3946de,279.227,475.271,191.983,395.268,25,1342,5.5877,0.0826,60.0,-1.0,-1.0,-1.0,-1.0,-1.0,0.0,0.0,0.0,0.0,0.0,0.0,8455.364346,0.308927,0.0,3955,1410260,1410260,1.0,1738,1738,1.0,120020,1,0,S10|M3_IMBALANCED|42|B|L1|F3,false,false,true,/home/cyfer/FYP/WSN_simulation_V3/runs/S10_5000/outputs_production_50seed_part41_45/run_campaign_v3_S10_M3_IMBALANCED_B_L1_F3_H0_seed042_42_20260603_114301
campaign_v3_S10_M3_IMBALANCED_B_L1_F3_H0_seed043,campaign_v3_S10_M3_IMBALANCED_B_L1_F3_H0_seed043_43_20260603_114630,S10,5000,200,6,M3_IMBALANCED,43,B,L1,F3,H0,V2,map_S10_M3_IMBALANCED_seed043,84dd18344ce0a11b67a875060cf968b5046b5d436bff281a1a95c32ba3379016,268.068,493.295,195.684,394.375,25,1899,6.3313,0.089,60.0,-1.0,-1.0,-1.0,-1.0,-1.0,0.0,0.0,0.0,0.0,0.0,0.0,8435.971064,0.312806,0.0,3949,1410025,1410025,1.0,1747,1747,1.0,120025,1,0,S10|M3_IMBALANCED|43|B|L1|F3,false,false,true,/home/cyfer/FYP/WSN_simulation_V3/runs/S10_5000/outputs_production_50seed_part41_45/run_campaign_v3_S10_M3_IMBALANCED_B_L1_F3_H0_seed043_43_20260603_114630
campaign_v3_S10_M3_IMBALANCED_B_L1_F3_H0_seed044,campaign_v3_S10_M3_IMBALANCED_B_L1_F3_H0_seed044_44_20260603_114957,S10,5000,200,6,M3_IMBALANCED,44,B,L1,F3,H0,V2,map_S10_M3_IMBALANCED_seed044,1b5765d705f332f23193e45bc0307d44d1ddbb0d79b5d7404e792d40e9a9d7ec,263.793,496.828,194.418,406.624,25,1939,6.9832,0.0918,60.0,-1.0,-1.0,-1.0,-1.0,-1.0,0.0,0.0,0.0,0.0,0.0,0.0,8422.078282,0.315584,0.0,3938,1409790,1409790,1.0,1747,1747,1.0,120030,1,0,S10|M3_IMBALANCED|44|B|L1|F3,false,false,true,/home/cyfer/FYP/WSN_simulation_V3/runs/S10_5000/outputs_production_50seed_part41_45/run_campaign_v3_S10_M3_IMBALANCED_B_L1_F3_H0_seed044_44_20260603_114957
campaign_v3_S10_M3_IMBALANCED_B_L1_F3_H0_seed045,campaign_v3_S10_M3_IMBALANCED_B_L1_F3_H0_seed045_45_20260603_115328,S10,5000,200,6,M3_IMBALANCED,45,B,L1,F3,H0,V2,map_S10_M3_IMBALANCED_seed045,2e6383c655381bffc9bb2d5caad7c959dc472fbd037aa7d66192d9516f4374ea,269.801,501.14,193.271,401.301,25,1899,7.0658,0.081,60.0,-1.0,-1.0,-1.0,-1.0,-1.0,0.0,0.0,0.0,0.0,0.0,0.0,8469.359632,0.306128,0.0,3961,1410965,1410965,1.0,1747,1747,1.0,120005,1,0,S10|M3_IMBALANCED|45|B|L1|F3,false,false,true,/home/cyfer/FYP/WSN_simulation_V3/runs/S10_5000/outputs_production_50seed_part41_45/run_campaign_v3_S10_M3_IMBALANCED_B_L1_F3_H0_seed045_45_20260603_115328
campaign_v3_S10_M3_IMBALANCED_B_L1_F3_H1_seed041,campaign_v3_S10_M3_IMBALANCED_B_L1_F3_H1_seed041_41_20260603_113946,S10,5000,200,6,M3_IMBALANCED,41,B,L1,F3,H1,V3,map_S10_M3_IMBALANCED_seed041,d345ecf609c38e58087b969dd9bc7f958cef0e82cd62aa3ec847e5050b38dbf5,269.783,504.907,192.559,398.296,25,1893,6.3085,0.0978,60.0,31.273,91.273,151.273,160.0,100.0,3.684,6.0,1.0,0.002,0.077,0.149,8417.451994,0.31651,0.0,3927,1410511,1410511,1.0,1778,1778,1.0,119929,0,1,S10|M3_IMBALANCED|41|B|L1|F3,true,false,false,/home/cyfer/FYP/WSN_simulation_V3/runs/S10_5000/outputs_production_50seed_part41_45/run_campaign_v3_S10_M3_IMBALANCED_B_L1_F3_H1_seed041_41_20260603_113946
campaign_v3_S10_M3_IMBALANCED_B_L1_F3_H1_seed042,campaign_v3_S10_M3_IMBALANCED_B_L1_F3_H1_seed042_42_20260603_114329,S10,5000,200,6,M3_IMBALANCED,42,B,L1,F3,H1,V3,map_S10_M3_IMBALANCED_seed042,c62af919addc7a5b69895a731862301c565ae9c2cfa14c6266cc5e16ab3946de,279.227,475.271,191.983,395.268,25,1342,5.5877,0.0826,60.0,31.511,91.511,151.511,160.0,100.0,3.851,6.0,1.0,0.003,0.09,0.191,8455.461339,0.308908,0.0,3955,1410276,1410276,1.0,1742,1742,1.0,119904,0,1,S10|M3_IMBALANCED|42|B|L1|F3,true,false,false,/home/cyfer/FYP/WSN_simulation_V3/runs/S10_5000/outputs_production_50seed_part41_45/run_campaign_v3_S10_M3_IMBALANCED_B_L1_F3_H1_seed042_42_20260603_114329
campaign_v3_S10_M3_IMBALANCED_B_L1_F3_H1_seed043,campaign_v3_S10_M3_IMBALANCED_B_L1_F3_H1_seed043_43_20260603_114656,S10,5000,200,6,M3_IMBALANCED,43,B,L1,F3,H1,V3,map_S10_M3_IMBALANCED_seed043,84dd18344ce0a11b67a875060cf968b5046b5d436bff281a1a95c32ba3379016,268.068,493.295,195.684,394.375,25,1899,6.3313,0.089,60.0,31.665,91.665,151.665,160.0,100.0,3.773,6.0,1.0,0.003,0.111,0.144,8436.059018,0.312788,0.0,3949,1410041,1410041,1.0,1751,1751,1.0,119879,0,1,S10|M3_IMBALANCED|43|B|L1|F3,true,false,false,/home/cyfer/FYP/WSN_simulation_V3/runs/S10_5000/outputs_production_50seed_part41_45/run_campaign_v3_S10_M3_IMBALANCED_B_L1_F3_H1_seed043_43_20260603_114656
campaign_v3_S10_M3_IMBALANCED_B_L1_F3_H1_seed044,campaign_v3_S10_M3_IMBALANCED_B_L1_F3_H1_seed044_44_20260603_115023,S10,5000,200,6,M3_IMBALANCED,44,B,L1,F3,H1,V3,map_S10_M3_IMBALANCED_seed044,1b5765d705f332f23193e45bc0307d44d1ddbb0d79b5d7404e792d40e9a9d7ec,263.793,496.828,194.418,406.624,25,1939,6.9832,0.0918,60.0,31.693,91.693,151.693,160.0,100.0,3.737,6.0,1.0,0.003,0.14,0.102,8422.179141,0.315564,0.0,3938,1409806,1409806,1.0,1751,1751,1.0,119854,0,1,S10|M3_IMBALANCED|44|B|L1|F3,true,false,false,/home/cyfer/FYP/WSN_simulation_V3/runs/S10_5000/outputs_production_50seed_part41_45/run_campaign_v3_S10_M3_IMBALANCED_B_L1_F3_H1_seed044_44_20260603_115023
campaign_v3_S10_M3_IMBALANCED_B_L1_F3_H1_seed045,campaign_v3_S10_M3_IMBALANCED_B_L1_F3_H1_seed045_45_20260603_115355,S10,5000,200,6,M3_IMBALANCED,45,B,L1,F3,H1,V3,map_S10_M3_IMBALANCED_seed045,2e6383c655381bffc9bb2d5caad7c959dc472fbd037aa7d66192d9516f4374ea,269.801,501.14,193.271,401.301,25,1899,7.0658,0.081,60.0,31.081,91.081,151.081,160.0,100.0,3.571,6.0,1.0,0.001,0.024,0.165,8469.424901,0.306115,0.0,3961,1410981,1410981,1.0,1751,1751,1.0,119979,0,1,S10|M3_IMBALANCED|45|B|L1|F3,true,false,false,/home/cyfer/FYP/WSN_simulation_V3/runs/S10_5000/outputs_production_50seed_part41_45/run_campaign_v3_S10_M3_IMBALANCED_B_L1_F3_H1_seed045_45_20260603_115355
campaign_v3_S10_M3_IMBALANCED_B_L1_F3_H3_seed041,campaign_v3_S10_M3_IMBALANCED_B_L1_F3_H3_seed041_41_20260603_113948,S10,5000,200,6,M3_IMBALANCED,41,B,L1,F3,H3,V3,map_S10_M3_IMBALANCED_seed041,d345ecf609c38e58087b969dd9bc7f958cef0e82cd62aa3ec847e5050b38dbf5,269.783,504.907,192.559,398.296,25,1893,6.3085,0.0978,60.0,37.379,97.379,157.379,160.0,100.0,3.684,6.0,1.0,0.002,0.077,0.149,8417.459987,0.316508,0.0,3927,1410511,1410511,1.0,1778,1778,1.0,119929,0,1,S10|M3_IMBALANCED|41|B|L1|F3,true,false,false,/home/cyfer/FYP/WSN_simulation_V3/runs/S10_5000/outputs_production_50seed_part41_45/run_campaign_v3_S10_M3_IMBALANCED_B_L1_F3_H3_seed041_41_20260603_113948
campaign_v3_S10_M3_IMBALANCED_B_L1_F3_H3_seed042,campaign_v3_S10_M3_IMBALANCED_B_L1_F3_H3_seed042_42_20260603_114332,S10,5000,200,6,M3_IMBALANCED,42,B,L1,F3,H3,V3,map_S10_M3_IMBALANCED_seed042,c62af919addc7a5b69895a731862301c565ae9c2cfa14c6266cc5e16ab3946de,279.227,475.271,191.983,395.268,25,1342,5.5877,0.0826,60.0,37.171,97.171,157.171,160.0,100.0,3.851,6.0,1.0,0.003,0.09,0.191,8455.463154,0.308907,0.0,3955,1410276,1410276,1.0,1742,1742,1.0,119904,0,1,S10|M3_IMBALANCED|42|B|L1|F3,true,false,false,/home/cyfer/FYP/WSN_simulation_V3/runs/S10_5000/outputs_production_50seed_part41_45/run_campaign_v3_S10_M3_IMBALANCED_B_L1_F3_H3_seed042_42_20260603_114332
campaign_v3_S10_M3_IMBALANCED_B_L1_F3_H3_seed043,campaign_v3_S10_M3_IMBALANCED_B_L1_F3_H3_seed043_43_20260603_114658,S10,5000,200,6,M3_IMBALANCED,43,B,L1,F3,H3,V3,map_S10_M3_IMBALANCED_seed043,84dd18344ce0a11b67a875060cf968b5046b5d436bff281a1a95c32ba3379016,268.068,493.295,195.684,394.375,25,1899,6.3313,0.089,60.0,37.21,97.21,157.21,160.0,100.0,3.773,6.0,1.0,0.003,0.111,0.144,8436.063105,0.312787,0.0,3949,1410041,1410041,1.0,1751,1751,1.0,119879,0,1,S10|M3_IMBALANCED|43|B|L1|F3,true,false,false,/home/cyfer/FYP/WSN_simulation_V3/runs/S10_5000/outputs_production_50seed_part41_45/run_campaign_v3_S10_M3_IMBALANCED_B_L1_F3_H3_seed043_43_20260603_114658
campaign_v3_S10_M3_IMBALANCED_B_L1_F3_H3_seed044,campaign_v3_S10_M3_IMBALANCED_B_L1_F3_H3_seed044_44_20260603_115025,S10,5000,200,6,M3_IMBALANCED,44,B,L1,F3,H3,V3,map_S10_M3_IMBALANCED_seed044,1b5765d705f332f23193e45bc0307d44d1ddbb0d79b5d7404e792d40e9a9d7ec,263.793,496.828,194.418,406.624,25,1939,6.9832,0.0918,60.0,37.393,97.393,157.393,160.0,100.0,3.737,6.0,1.0,0.003,0.14,0.102,8422.179611,0.315564,0.0,3938,1409806,1409806,1.0,1751,1751,1.0,119854,0,1,S10|M3_IMBALANCED|44|B|L1|F3,true,false,false,/home/cyfer/FYP/WSN_simulation_V3/runs/S10_5000/outputs_production_50seed_part41_45/run_campaign_v3_S10_M3_IMBALANCED_B_L1_F3_H3_seed044_44_20260603_115025
campaign_v3_S10_M3_IMBALANCED_B_L1_F3_H3_seed045,campaign_v3_S10_M3_IMBALANCED_B_L1_F3_H3_seed045_45_20260603_115357,S10,5000,200,6,M3_IMBALANCED,45,B,L1,F3,H3,V3,map_S10_M3_IMBALANCED_seed045,2e6383c655381bffc9bb2d5caad7c959dc472fbd037aa7d66192d9516f4374ea,269.801,501.14,193.271,401.301,25,1899,7.0658,0.081,60.0,36.854,96.854,156.854,160.0,100.0,3.571,6.0,1.0,0.001,0.024,0.165,8469.424901,0.306115,0.0,3961,1410981,1410981,1.0,1751,1751,1.0,119979,0,1,S10|M3_IMBALANCED|45|B|L1|F3,true,false,false,/home/cyfer/FYP/WSN_simulation_V3/runs/S10_5000/outputs_production_50seed_part41_45/run_campaign_v3_S10_M3_IMBALANCED_B_L1_F3_H3_seed045_45_20260603_115357
campaign_v3_S10_M3_IMBALANCED_B_L1_F3_H4_seed041,campaign_v3_S10_M3_IMBALANCED_B_L1_F3_H4_seed041_41_20260603_113951,S10,5000,200,6,M3_IMBALANCED,41,B,L1,F3,H4,V3,map_S10_M3_IMBALANCED_seed041,d345ecf609c38e58087b969dd9bc7f958cef0e82cd62aa3ec847e5050b38dbf5,269.783,504.907,192.559,398.296,25,1893,6.3085,0.0978,60.0,41.532,101.532,161.532,170.0,110.0,3.684,6.0,1.0,0.002,0.077,0.149,8417.451994,0.31651,0.0,3927,1410511,1410511,1.0,1778,1778,1.0,119929,0,1,S10|M3_IMBALANCED|41|B|L1|F3,true,false,false,/home/cyfer/FYP/WSN_simulation_V3/runs/S10_5000/outputs_production_50seed_part41_45/run_campaign_v3_S10_M3_IMBALANCED_B_L1_F3_H4_seed041_41_20260603_113951
campaign_v3_S10_M3_IMBALANCED_B_L1_F3_H4_seed042,campaign_v3_S10_M3_IMBALANCED_B_L1_F3_H4_seed042_42_20260603_114334,S10,5000,200,6,M3_IMBALANCED,42,B,L1,F3,H4,V3,map_S10_M3_IMBALANCED_seed042,c62af919addc7a5b69895a731862301c565ae9c2cfa14c6266cc5e16ab3946de,279.227,475.271,191.983,395.268,25,1342,5.5877,0.0826,60.0,41.225,101.225,161.225,170.0,110.0,3.851,6.0,1.0,0.003,0.09,0.191,8455.461339,0.308908,0.0,3955,1410276,1410276,1.0,1742,1742,1.0,119904,0,1,S10|M3_IMBALANCED|42|B|L1|F3,true,false,false,/home/cyfer/FYP/WSN_simulation_V3/runs/S10_5000/outputs_production_50seed_part41_45/run_campaign_v3_S10_M3_IMBALANCED_B_L1_F3_H4_seed042_42_20260603_114334
campaign_v3_S10_M3_IMBALANCED_B_L1_F3_H4_seed043,campaign_v3_S10_M3_IMBALANCED_B_L1_F3_H4_seed043_43_20260603_114701,S10,5000,200,6,M3_IMBALANCED,43,B,L1,F3,H4,V3,map_S10_M3_IMBALANCED_seed043,84dd18344ce0a11b67a875060cf968b5046b5d436bff281a1a95c32ba3379016,268.068,493.295,195.684,394.375,25,1899,6.3313,0.089,60.0,41.338,101.338,161.338,170.0,110.0,3.773,6.0,1.0,0.003,0.111,0.144,8436.059018,0.312788,0.0,3949,1410041,1410041,1.0,1751,1751,1.0,119879,0,1,S10|M3_IMBALANCED|43|B|L1|F3,true,false,false,/home/cyfer/FYP/WSN_simulation_V3/runs/S10_5000/outputs_production_50seed_part41_45/run_campaign_v3_S10_M3_IMBALANCED_B_L1_F3_H4_seed043_43_20260603_114701
campaign_v3_S10_M3_IMBALANCED_B_L1_F3_H4_seed044,campaign_v3_S10_M3_IMBALANCED_B_L1_F3_H4_seed044_44_20260603_115028,S10,5000,200,6,M3_IMBALANCED,44,B,L1,F3,H4,V3,map_S10_M3_IMBALANCED_seed044,1b5765d705f332f23193e45bc0307d44d1ddbb0d79b5d7404e792d40e9a9d7ec,263.793,496.828,194.418,406.624,25,1939,6.9832,0.0918,60.0,41.405,101.405,161.405,170.0,110.0,3.737,6.0,1.0,0.003,0.14,0.102,8422.179141,0.315564,0.0,3938,1409806,1409806,1.0,1751,1751,1.0,119854,0,1,S10|M3_IMBALANCED|44|B|L1|F3,true,false,false,/home/cyfer/FYP/WSN_simulation_V3/runs/S10_5000/outputs_production_50seed_part41_45/run_campaign_v3_S10_M3_IMBALANCED_B_L1_F3_H4_seed044_44_20260603_115028
campaign_v3_S10_M3_IMBALANCED_B_L1_F3_H4_seed045,campaign_v3_S10_M3_IMBALANCED_B_L1_F3_H4_seed045_45_20260603_115400,S10,5000,200,6,M3_IMBALANCED,45,B,L1,F3,H4,V3,map_S10_M3_IMBALANCED_seed045,2e6383c655381bffc9bb2d5caad7c959dc472fbd037aa7d66192d9516f4374ea,269.801,501.14,193.271,401.301,25,1899,7.0658,0.081,60.0,41.197,101.197,161.197,170.0,110.0,3.571,6.0,1.0,0.001,0.024,0.165,8469.424901,0.306115,0.0,3961,1410981,1410981,1.0,1751,1751,1.0,119979,0,1,S10|M3_IMBALANCED|45|B|L1|F3,true,false,false,/home/cyfer/FYP/WSN_simulation_V3/runs/S10_5000/outputs_production_50seed_part41_45/run_campaign_v3_S10_M3_IMBALANCED_B_L1_F3_H4_seed045_45_20260603_115400
campaign_v3_S10_M3_IMBALANCED_B_L1_F4_H0_seed041,campaign_v3_S10_M3_IMBALANCED_B_L1_F4_H0_seed041_41_20260603_113921,S10,5000,200,6,M3_IMBALANCED,41,B,L1,F4,H0,V2,map_S10_M3_IMBALANCED_seed041,d345ecf609c38e58087b969dd9bc7f958cef0e82cd62aa3ec847e5050b38dbf5,269.783,504.907,192.559,398.296,25,1893,6.3085,0.0978,60.0,-1.0,-1.0,-1.0,-1.0,-1.0,0.0,0.0,0.0,0.0,0.0,0.0,8415.835498,0.316833,0.0,3927,1409790,1409790,1.0,1774,1774,1.0,120030,1,0,S10|M3_IMBALANCED|41|B|L1|F4,false,false,true,/home/cyfer/FYP/WSN_simulation_V3/runs/S10_5000/outputs_production_50seed_part41_45/run_campaign_v3_S10_M3_IMBALANCED_B_L1_F4_H0_seed041_41_20260603_113921
campaign_v3_S10_M3_IMBALANCED_B_L1_F4_H0_seed042,campaign_v3_S10_M3_IMBALANCED_B_L1_F4_H0_seed042_42_20260603_114304,S10,5000,200,6,M3_IMBALANCED,42,B,L1,F4,H0,V2,map_S10_M3_IMBALANCED_seed042,c62af919addc7a5b69895a731862301c565ae9c2cfa14c6266cc5e16ab3946de,279.227,475.271,191.983,395.268,25,1342,5.5877,0.0826,60.0,-1.0,-1.0,-1.0,-1.0,-1.0,0.0,0.0,0.0,0.0,0.0,0.0,8456.070304,0.308786,0.0,3955,1410730,1410730,1.0,1738,1738,1.0,120010,1,0,S10|M3_IMBALANCED|42|B|L1|F4,false,false,true,/home/cyfer/FYP/WSN_simulation_V3/runs/S10_5000/outputs_production_50seed_part41_45/run_campaign_v3_S10_M3_IMBALANCED_B_L1_F4_H0_seed042_42_20260603_114304
campaign_v3_S10_M3_IMBALANCED_B_L1_F4_H0_seed043,campaign_v3_S10_M3_IMBALANCED_B_L1_F4_H0_seed043_43_20260603_114632,S10,5000,200,6,M3_IMBALANCED,43,B,L1,F4,H0,V2,map_S10_M3_IMBALANCED_seed043,84dd18344ce0a11b67a875060cf968b5046b5d436bff281a1a95c32ba3379016,268.068,493.295,195.684,394.375,25,1899,6.3313,0.089,60.0,-1.0,-1.0,-1.0,-1.0,-1.0,0.0,0.0,0.0,0.0,0.0,0.0,8435.791802,0.312842,0.0,3949,1410025,1410025,1.0,1747,1747,1.0,120025,1,0,S10|M3_IMBALANCED|43|B|L1|F4,false,false,true,/home/cyfer/FYP/WSN_simulation_V3/runs/S10_5000/outputs_production_50seed_part41_45/run_campaign_v3_S10_M3_IMBALANCED_B_L1_F4_H0_seed043_43_20260603_114632
campaign_v3_S10_M3_IMBALANCED_B_L1_F4_H0_seed044,campaign_v3_S10_M3_IMBALANCED_B_L1_F4_H0_seed044_44_20260603_114959,S10,5000,200,6,M3_IMBALANCED,44,B,L1,F4,H0,V2,map_S10_M3_IMBALANCED_seed044,1b5765d705f332f23193e45bc0307d44d1ddbb0d79b5d7404e792d40e9a9d7ec,263.793,496.828,194.418,406.624,25,1939,6.9832,0.0918,60.0,-1.0,-1.0,-1.0,-1.0,-1.0,0.0,0.0,0.0,0.0,0.0,0.0,8420.906643,0.315819,0.0,3937,1409320,1409320,1.0,1747,1747,1.0,120040,1,0,S10|M3_IMBALANCED|44|B|L1|F4,false,false,true,/home/cyfer/FYP/WSN_simulation_V3/runs/S10_5000/outputs_production_50seed_part41_45/run_campaign_v3_S10_M3_IMBALANCED_B_L1_F4_H0_seed044_44_20260603_114959
campaign_v3_S10_M3_IMBALANCED_B_L1_F4_H0_seed045,campaign_v3_S10_M3_IMBALANCED_B_L1_F4_H0_seed045_45_20260603_115330,S10,5000,200,6,M3_IMBALANCED,45,B,L1,F4,H0,V2,map_S10_M3_IMBALANCED_seed045,2e6383c655381bffc9bb2d5caad7c959dc472fbd037aa7d66192d9516f4374ea,269.801,501.14,193.271,401.301,25,1899,7.0658,0.081,60.0,-1.0,-1.0,-1.0,-1.0,-1.0,0.0,0.0,0.0,0.0,0.0,0.0,8467.628831,0.306474,0.0,3961,1410260,1410260,1.0,1747,1747,1.0,120020,1,0,S10|M3_IMBALANCED|45|B|L1|F4,false,false,true,/home/cyfer/FYP/WSN_simulation_V3/runs/S10_5000/outputs_production_50seed_part41_45/run_campaign_v3_S10_M3_IMBALANCED_B_L1_F4_H0_seed045_45_20260603_115330
campaign_v3_S10_M3_IMBALANCED_B_L1_F4_H1_seed041,campaign_v3_S10_M3_IMBALANCED_B_L1_F4_H1_seed041_41_20260603_113953,S10,5000,200,6,M3_IMBALANCED,41,B,L1,F4,H1,V3,map_S10_M3_IMBALANCED_seed041,d345ecf609c38e58087b969dd9bc7f958cef0e82cd62aa3ec847e5050b38dbf5,269.783,504.907,192.559,398.296,25,1893,6.3085,0.0978,60.0,36.933,96.933,156.933,160.0,100.0,3.546,6.0,1.0,0.003,0.141,0.038,8416.294865,0.316741,0.0,3927,1409944,1409944,1.0,1778,1778,1.0,119854,0,1,S10|M3_IMBALANCED|41|B|L1|F4,true,false,false,/home/cyfer/FYP/WSN_simulation_V3/runs/S10_5000/outputs_production_50seed_part41_45/run_campaign_v3_S10_M3_IMBALANCED_B_L1_F4_H1_seed041_41_20260603_113953
campaign_v3_S10_M3_IMBALANCED_B_L1_F4_H1_seed042,campaign_v3_S10_M3_IMBALANCED_B_L1_F4_H1_seed042_42_20260603_114336,S10,5000,200,6,M3_IMBALANCED,42,B,L1,F4,H1,V3,map_S10_M3_IMBALANCED_seed042,c62af919addc7a5b69895a731862301c565ae9c2cfa14c6266cc5e16ab3946de,279.227,475.271,191.983,395.268,25,1342,5.5877,0.0826,60.0,37.44,97.44,157.44,160.0,100.0,3.474,6.0,1.0,0.001,0.052,0.105,8456.266054,0.308747,0.0,3955,1410790,1410790,1.0,1742,1742,1.0,119954,0,1,S10|M3_IMBALANCED|42|B|L1|F4,true,false,false,/home/cyfer/FYP/WSN_simulation_V3/runs/S10_5000/outputs_production_50seed_part41_45/run_campaign_v3_S10_M3_IMBALANCED_B_L1_F4_H1_seed042_42_20260603_114336
campaign_v3_S10_M3_IMBALANCED_B_L1_F4_H1_seed043,campaign_v3_S10_M3_IMBALANCED_B_L1_F4_H1_seed043_43_20260603_114703,S10,5000,200,6,M3_IMBALANCED,43,B,L1,F4,H1,V3,map_S10_M3_IMBALANCED_seed043,84dd18344ce0a11b67a875060cf968b5046b5d436bff281a1a95c32ba3379016,268.068,493.295,195.684,394.375,25,1899,6.3313,0.089,60.0,37.192,97.192,157.192,160.0,100.0,3.674,6.0,1.0,0.003,0.115,0.107,8436.130948,0.312774,0.0,3949,1410151,1410151,1.0,1751,1751,1.0,119879,0,1,S10|M3_IMBALANCED|43|B|L1|F4,true,false,false,/home/cyfer/FYP/WSN_simulation_V3/runs/S10_5000/outputs_production_50seed_part41_45/run_campaign_v3_S10_M3_IMBALANCED_B_L1_F4_H1_seed043_43_20260603_114703
campaign_v3_S10_M3_IMBALANCED_B_L1_F4_H1_seed044,campaign_v3_S10_M3_IMBALANCED_B_L1_F4_H1_seed044_44_20260603_115030,S10,5000,200,6,M3_IMBALANCED,44,B,L1,F4,H1,V3,map_S10_M3_IMBALANCED_seed044,1b5765d705f332f23193e45bc0307d44d1ddbb0d79b5d7404e792d40e9a9d7ec,263.793,496.828,194.418,406.624,25,1939,6.9832,0.0918,60.0,36.935,96.935,156.935,160.0,100.0,3.71,6.0,1.0,0.004,0.188,0.044,8421.480206,0.315704,0.0,3937,1409520,1409520,1.0,1751,1751,1.0,119804,0,1,S10|M3_IMBALANCED|44|B|L1|F4,true,false,false,/home/cyfer/FYP/WSN_simulation_V3/runs/S10_5000/outputs_production_50seed_part41_45/run_campaign_v3_S10_M3_IMBALANCED_B_L1_F4_H1_seed044_44_20260603_115030
campaign_v3_S10_M3_IMBALANCED_B_L1_F4_H1_seed045,campaign_v3_S10_M3_IMBALANCED_B_L1_F4_H1_seed045_45_20260603_115402,S10,5000,200,6,M3_IMBALANCED,45,B,L1,F4,H1,V3,map_S10_M3_IMBALANCED_seed045,2e6383c655381bffc9bb2d5caad7c959dc472fbd037aa7d66192d9516f4374ea,269.801,501.14,193.271,401.301,25,1899,7.0658,0.081,60.0,37.587,97.587,157.587,160.0,100.0,3.666,6.0,1.0,0.002,0.094,0.126,8467.935268,0.306413,0.0,3961,1410364,1410364,1.0,1751,1751,1.0,119904,0,1,S10|M3_IMBALANCED|45|B|L1|F4,true,false,false,/home/cyfer/FYP/WSN_simulation_V3/runs/S10_5000/outputs_production_50seed_part41_45/run_campaign_v3_S10_M3_IMBALANCED_B_L1_F4_H1_seed045_45_20260603_115402
campaign_v3_S10_M3_IMBALANCED_B_L1_F4_H3_seed041,campaign_v3_S10_M3_IMBALANCED_B_L1_F4_H3_seed041_41_20260603_113955,S10,5000,200,6,M3_IMBALANCED,41,B,L1,F4,H3,V3,map_S10_M3_IMBALANCED_seed041,d345ecf609c38e58087b969dd9bc7f958cef0e82cd62aa3ec847e5050b38dbf5,269.783,504.907,192.559,398.296,25,1893,6.3085,0.0978,60.0,42.658,102.658,162.658,170.0,110.0,3.546,6.0,1.0,0.003,0.141,0.038,8416.039664,0.316792,0.0,3927,1409857,1409857,1.0,1778,1778,1.0,119854,0,1,S10|M3_IMBALANCED|41|B|L1|F4,true,false,false,/home/cyfer/FYP/WSN_simulation_V3/runs/S10_5000/outputs_production_50seed_part41_45/run_campaign_v3_S10_M3_IMBALANCED_B_L1_F4_H3_seed041_41_20260603_113955
campaign_v3_S10_M3_IMBALANCED_B_L1_F4_H3_seed042,campaign_v3_S10_M3_IMBALANCED_B_L1_F4_H3_seed042_42_20260603_114339,S10,5000,200,6,M3_IMBALANCED,42,B,L1,F4,H3,V3,map_S10_M3_IMBALANCED_seed042,c62af919addc7a5b69895a731862301c565ae9c2cfa14c6266cc5e16ab3946de,279.227,475.271,191.983,395.268,25,1342,5.5877,0.0826,60.0,43.401,103.401,163.401,170.0,110.0,3.474,6.0,1.0,0.001,0.052,0.105,8456.228549,0.308754,0.0,3955,1410762,1410762,1.0,1742,1742,1.0,119954,0,1,S10|M3_IMBALANCED|42|B|L1|F4,true,false,false,/home/cyfer/FYP/WSN_simulation_V3/runs/S10_5000/outputs_production_50seed_part41_45/run_campaign_v3_S10_M3_IMBALANCED_B_L1_F4_H3_seed042_42_20260603_114339
campaign_v3_S10_M3_IMBALANCED_B_L1_F4_H3_seed043,campaign_v3_S10_M3_IMBALANCED_B_L1_F4_H3_seed043_43_20260603_114705,S10,5000,200,6,M3_IMBALANCED,43,B,L1,F4,H3,V3,map_S10_M3_IMBALANCED_seed043,84dd18344ce0a11b67a875060cf968b5046b5d436bff281a1a95c32ba3379016,268.068,493.295,195.684,394.375,25,1899,6.3313,0.089,60.0,42.792,102.792,162.792,170.0,110.0,3.674,6.0,1.0,0.003,0.115,0.107,8435.984118,0.312803,0.0,3949,1410092,1410092,1.0,1751,1751,1.0,119879,0,1,S10|M3_IMBALANCED|43|B|L1|F4,true,false,false,/home/cyfer/FYP/WSN_simulation_V3/runs/S10_5000/outputs_production_50seed_part41_45/run_campaign_v3_S10_M3_IMBALANCED_B_L1_F4_H3_seed043_43_20260603_114705
campaign_v3_S10_M3_IMBALANCED_B_L1_F4_H3_seed044,campaign_v3_S10_M3_IMBALANCED_B_L1_F4_H3_seed044_44_20260603_115032,S10,5000,200,6,M3_IMBALANCED,44,B,L1,F4,H3,V3,map_S10_M3_IMBALANCED_seed044,1b5765d705f332f23193e45bc0307d44d1ddbb0d79b5d7404e792d40e9a9d7ec,263.793,496.828,194.418,406.624,25,1939,6.9832,0.0918,60.0,43.329,103.329,163.329,170.0,110.0,3.71,6.0,1.0,0.004,0.188,0.044,8421.182666,0.315763,0.0,3937,1409400,1409400,1.0,1751,1751,1.0,119804,0,1,S10|M3_IMBALANCED|44|B|L1|F4,true,false,false,/home/cyfer/FYP/WSN_simulation_V3/runs/S10_5000/outputs_production_50seed_part41_45/run_campaign_v3_S10_M3_IMBALANCED_B_L1_F4_H3_seed044_44_20260603_115032
campaign_v3_S10_M3_IMBALANCED_B_L1_F4_H3_seed045,campaign_v3_S10_M3_IMBALANCED_B_L1_F4_H3_seed045_45_20260603_115404,S10,5000,200,6,M3_IMBALANCED,45,B,L1,F4,H3,V3,map_S10_M3_IMBALANCED_seed045,2e6383c655381bffc9bb2d5caad7c959dc472fbd037aa7d66192d9516f4374ea,269.801,501.14,193.271,401.301,25,1899,7.0658,0.081,60.0,43.632,103.632,163.632,170.0,110.0,3.666,6.0,1.0,0.002,0.094,0.126,8467.802497,0.30644,0.0,3961,1410308,1410308,1.0,1751,1751,1.0,119904,0,1,S10|M3_IMBALANCED|45|B|L1|F4,true,false,false,/home/cyfer/FYP/WSN_simulation_V3/runs/S10_5000/outputs_production_50seed_part41_45/run_campaign_v3_S10_M3_IMBALANCED_B_L1_F4_H3_seed045_45_20260603_115404
campaign_v3_S10_M3_IMBALANCED_B_L1_F4_H4_seed041,campaign_v3_S10_M3_IMBALANCED_B_L1_F4_H4_seed041_41_20260603_113959,S10,5000,200,6,M3_IMBALANCED,41,B,L1,F4,H4,V3,map_S10_M3_IMBALANCED_seed041,d345ecf609c38e58087b969dd9bc7f958cef0e82cd62aa3ec847e5050b38dbf5,269.783,504.907,192.559,398.296,25,1893,6.3085,0.0978,60.0,47.5,107.5,167.5,170.0,110.0,3.546,6.0,1.0,0.003,0.141,0.038,8415.914175,0.316817,0.0,3927,1409767,1409767,1.0,1778,1778,1.0,119833,0,1,S10|M3_IMBALANCED|41|B|L1|F4,true,false,false,/home/cyfer/FYP/WSN_simulation_V3/runs/S10_5000/outputs_production_50seed_part41_45/run_campaign_v3_S10_M3_IMBALANCED_B_L1_F4_H4_seed041_41_20260603_113959
campaign_v3_S10_M3_IMBALANCED_B_L1_F4_H4_seed042,campaign_v3_S10_M3_IMBALANCED_B_L1_F4_H4_seed042_42_20260603_114341,S10,5000,200,6,M3_IMBALANCED,42,B,L1,F4,H4,V3,map_S10_M3_IMBALANCED_seed042,c62af919addc7a5b69895a731862301c565ae9c2cfa14c6266cc5e16ab3946de,279.227,475.271,191.983,395.268,25,1342,5.5877,0.0826,60.0,46.613,106.613,166.613,170.0,110.0,3.474,6.0,1.0,0.001,0.052,0.105,8454.035855,0.309193,0.0,3954,1409764,1409764,1.0,1742,1742,1.0,119758,0,1,S10|M3_IMBALANCED|42|B|L1|F4,true,false,false,/home/cyfer/FYP/WSN_simulation_V3/runs/S10_5000/outputs_production_50seed_part41_45/run_campaign_v3_S10_M3_IMBALANCED_B_L1_F4_H4_seed042_42_20260603_114341
campaign_v3_S10_M3_IMBALANCED_B_L1_F4_H4_seed043,campaign_v3_S10_M3_IMBALANCED_B_L1_F4_H4_seed043_43_20260603_114708,S10,5000,200,6,M3_IMBALANCED,43,B,L1,F4,H4,V3,map_S10_M3_IMBALANCED_seed043,84dd18344ce0a11b67a875060cf968b5046b5d436bff281a1a95c32ba3379016,268.068,493.295,195.684,394.375,25,1899,6.3313,0.089,60.0,47.484,107.484,167.484,170.0,110.0,3.674,6.0,1.0,0.003,0.115,0.107,8435.055296,0.312989,0.0,3949,1409736,1409736,1.0,1751,1751,1.0,119808,0,1,S10|M3_IMBALANCED|43|B|L1|F4,true,false,false,/home/cyfer/FYP/WSN_simulation_V3/runs/S10_5000/outputs_production_50seed_part41_45/run_campaign_v3_S10_M3_IMBALANCED_B_L1_F4_H4_seed043_43_20260603_114708
campaign_v3_S10_M3_IMBALANCED_B_L1_F4_H4_seed044,campaign_v3_S10_M3_IMBALANCED_B_L1_F4_H4_seed044_44_20260603_115035,S10,5000,200,6,M3_IMBALANCED,44,B,L1,F4,H4,V3,map_S10_M3_IMBALANCED_seed044,1b5765d705f332f23193e45bc0307d44d1ddbb0d79b5d7404e792d40e9a9d7ec,263.793,496.828,194.418,406.624,25,1939,6.9832,0.0918,60.0,47.708,107.708,167.708,170.0,110.0,3.71,6.0,1.0,0.004,0.188,0.044,8420.192888,0.315961,0.0,3937,1408940,1408940,1.0,1751,1751,1.0,119708,0,1,S10|M3_IMBALANCED|44|B|L1|F4,true,false,false,/home/cyfer/FYP/WSN_simulation_V3/runs/S10_5000/outputs_production_50seed_part41_45/run_campaign_v3_S10_M3_IMBALANCED_B_L1_F4_H4_seed044_44_20260603_115035
campaign_v3_S10_M3_IMBALANCED_B_L1_F4_H4_seed045,campaign_v3_S10_M3_IMBALANCED_B_L1_F4_H4_seed045_45_20260603_115407,S10,5000,200,6,M3_IMBALANCED,45,B,L1,F4,H4,V3,map_S10_M3_IMBALANCED_seed045,2e6383c655381bffc9bb2d5caad7c959dc472fbd037aa7d66192d9516f4374ea,269.801,501.14,193.271,401.301,25,1899,7.0658,0.081,60.0,47.408,107.408,167.408,170.0,110.0,3.666,6.0,1.0,0.002,0.094,0.126,8465.717059,0.306857,0.0,3960,1409451,1409451,1.0,1751,1751,1.0,119733,0,1,S10|M3_IMBALANCED|45|B|L1|F4,true,false,false,/home/cyfer/FYP/WSN_simulation_V3/runs/S10_5000/outputs_production_50seed_part41_45/run_campaign_v3_S10_M3_IMBALANCED_B_L1_F4_H4_seed045_45_20260603_115407
campaign_v3_S10_M3_IMBALANCED_B_L2_F0_H0_seed041,campaign_v3_S10_M3_IMBALANCED_B_L2_F0_H0_seed041_41_20260603_114001,S10,5000,200,6,M3_IMBALANCED,41,B,L2,F0,H0,V1,map_S10_M3_IMBALANCED_seed041,d345ecf609c38e58087b969dd9bc7f958cef0e82cd62aa3ec847e5050b38dbf5,269.783,504.907,192.559,398.296,25,1893,6.3085,0.0978,0.0,-1.0,-1.0,-1.0,-1.0,-1.0,0.0,0.0,0.0,0.0,0.0,0.0,8673.359523,0.265328,0.0,3961,1411200,1411200,1.0,1782,1782,1.0,120000,0,0,S10|M3_IMBALANCED|41|B|L2|F0,false,true,false,/home/cyfer/FYP/WSN_simulation_V3/runs/S10_5000/outputs_production_50seed_part41_45/run_campaign_v3_S10_M3_IMBALANCED_B_L2_F0_H0_seed041_41_20260603_114001
campaign_v3_S10_M3_IMBALANCED_B_L2_F0_H0_seed042,campaign_v3_S10_M3_IMBALANCED_B_L2_F0_H0_seed042_42_20260603_114343,S10,5000,200,6,M3_IMBALANCED,42,B,L2,F0,H0,V1,map_S10_M3_IMBALANCED_seed042,c62af919addc7a5b69895a731862301c565ae9c2cfa14c6266cc5e16ab3946de,279.227,475.271,191.983,395.268,25,1342,5.5877,0.0826,0.0,-1.0,-1.0,-1.0,-1.0,-1.0,0.0,0.0,0.0,0.0,0.0,0.0,8705.048197,0.25899,0.0,3995,1411200,1411200,1.0,1746,1746,1.0,120000,0,0,S10|M3_IMBALANCED|42|B|L2|F0,false,true,false,/home/cyfer/FYP/WSN_simulation_V3/runs/S10_5000/outputs_production_50seed_part41_45/run_campaign_v3_S10_M3_IMBALANCED_B_L2_F0_H0_seed042_42_20260603_114343
campaign_v3_S10_M3_IMBALANCED_B_L2_F0_H0_seed043,campaign_v3_S10_M3_IMBALANCED_B_L2_F0_H0_seed043_43_20260603_114710,S10,5000,200,6,M3_IMBALANCED,43,B,L2,F0,H0,V1,map_S10_M3_IMBALANCED_seed043,84dd18344ce0a11b67a875060cf968b5046b5d436bff281a1a95c32ba3379016,268.068,493.295,195.684,394.375,25,1899,6.3313,0.089,0.0,-1.0,-1.0,-1.0,-1.0,-1.0,0.0,0.0,0.0,0.0,0.0,0.0,8691.613776,0.261677,0.0,3983,1411200,1411200,1.0,1755,1755,1.0,120000,0,0,S10|M3_IMBALANCED|43|B|L2|F0,false,true,false,/home/cyfer/FYP/WSN_simulation_V3/runs/S10_5000/outputs_production_50seed_part41_45/run_campaign_v3_S10_M3_IMBALANCED_B_L2_F0_H0_seed043_43_20260603_114710
campaign_v3_S10_M3_IMBALANCED_B_L2_F0_H0_seed044,campaign_v3_S10_M3_IMBALANCED_B_L2_F0_H0_seed044_44_20260603_115037,S10,5000,200,6,M3_IMBALANCED,44,B,L2,F0,H0,V1,map_S10_M3_IMBALANCED_seed044,1b5765d705f332f23193e45bc0307d44d1ddbb0d79b5d7404e792d40e9a9d7ec,263.793,496.828,194.418,406.624,25,1939,6.9832,0.0918,0.0,-1.0,-1.0,-1.0,-1.0,-1.0,0.0,0.0,0.0,0.0,0.0,0.0,8670.438442,0.265912,0.0,3967,1411200,1411200,1.0,1755,1755,1.0,120000,0,0,S10|M3_IMBALANCED|44|B|L2|F0,false,true,false,/home/cyfer/FYP/WSN_simulation_V3/runs/S10_5000/outputs_production_50seed_part41_45/run_campaign_v3_S10_M3_IMBALANCED_B_L2_F0_H0_seed044_44_20260603_115037
campaign_v3_S10_M3_IMBALANCED_B_L2_F0_H0_seed045,campaign_v3_S10_M3_IMBALANCED_B_L2_F0_H0_seed045_45_20260603_115409,S10,5000,200,6,M3_IMBALANCED,45,B,L2,F0,H0,V1,map_S10_M3_IMBALANCED_seed045,2e6383c655381bffc9bb2d5caad7c959dc472fbd037aa7d66192d9516f4374ea,269.801,501.14,193.271,401.301,25,1899,7.0658,0.081,0.0,-1.0,-1.0,-1.0,-1.0,-1.0,0.0,0.0,0.0,0.0,0.0,0.0,8713.516998,0.257297,0.0,3999,1411200,1411200,1.0,1755,1755,1.0,120000,0,0,S10|M3_IMBALANCED|45|B|L2|F0,false,true,false,/home/cyfer/FYP/WSN_simulation_V3/runs/S10_5000/outputs_production_50seed_part41_45/run_campaign_v3_S10_M3_IMBALANCED_B_L2_F0_H0_seed045_45_20260603_115409
campaign_v3_S10_M3_IMBALANCED_B_L2_F1_H0_seed041,campaign_v3_S10_M3_IMBALANCED_B_L2_F1_H0_seed041_41_20260603_114004,S10,5000,200,6,M3_IMBALANCED,41,B,L2,F1,H0,V2,map_S10_M3_IMBALANCED_seed041,d345ecf609c38e58087b969dd9bc7f958cef0e82cd62aa3ec847e5050b38dbf5,269.783,504.907,192.559,398.296,25,1893,6.3085,0.0978,60.0,-1.0,-1.0,-1.0,-1.0,-1.0,0.0,0.0,0.0,0.0,0.0,0.0,8668.662867,0.265924,0.0,3962,1409790,1409790,1.0,1774,1774,1.0,120030,1,0,S10|M3_IMBALANCED|41|B|L2|F1,false,false,true,/home/cyfer/FYP/WSN_simulation_V3/runs/S10_5000/outputs_production_50seed_part41_45/run_campaign_v3_S10_M3_IMBALANCED_B_L2_F1_H0_seed041_41_20260603_114004
campaign_v3_S10_M3_IMBALANCED_B_L2_F1_H0_seed042,campaign_v3_S10_M3_IMBALANCED_B_L2_F1_H0_seed042_42_20260603_114346,S10,5000,200,6,M3_IMBALANCED,42,B,L2,F1,H0,V2,map_S10_M3_IMBALANCED_seed042,c62af919addc7a5b69895a731862301c565ae9c2cfa14c6266cc5e16ab3946de,279.227,475.271,191.983,395.268,25,1342,5.5877,0.0826,60.0,-1.0,-1.0,-1.0,-1.0,-1.0,0.0,0.0,0.0,0.0,0.0,0.0,8703.307222,0.258959,0.0,3996,1410730,1410730,1.0,1738,1738,1.0,120010,1,0,S10|M3_IMBALANCED|42|B|L2|F1,false,false,true,/home/cyfer/FYP/WSN_simulation_V3/runs/S10_5000/outputs_production_50seed_part41_45/run_campaign_v3_S10_M3_IMBALANCED_B_L2_F1_H0_seed042_42_20260603_114346
campaign_v3_S10_M3_IMBALANCED_B_L2_F1_H0_seed043,campaign_v3_S10_M3_IMBALANCED_B_L2_F1_H0_seed043_43_20260603_114713,S10,5000,200,6,M3_IMBALANCED,43,B,L2,F1,H0,V2,map_S10_M3_IMBALANCED_seed043,84dd18344ce0a11b67a875060cf968b5046b5d436bff281a1a95c32ba3379016,268.068,493.295,195.684,394.375,25,1899,6.3313,0.089,60.0,-1.0,-1.0,-1.0,-1.0,-1.0,0.0,0.0,0.0,0.0,0.0,0.0,8687.97737,0.26205,0.0,3984,1410025,1410025,1.0,1747,1747,1.0,120025,1,0,S10|M3_IMBALANCED|43|B|L2|F1,false,false,true,/home/cyfer/FYP/WSN_simulation_V3/runs/S10_5000/outputs_production_50seed_part41_45/run_campaign_v3_S10_M3_IMBALANCED_B_L2_F1_H0_seed043_43_20260603_114713
campaign_v3_S10_M3_IMBALANCED_B_L2_F1_H0_seed044,campaign_v3_S10_M3_IMBALANCED_B_L2_F1_H0_seed044_44_20260603_115040,S10,5000,200,6,M3_IMBALANCED,44,B,L2,F1,H0,V2,map_S10_M3_IMBALANCED_seed044,1b5765d705f332f23193e45bc0307d44d1ddbb0d79b5d7404e792d40e9a9d7ec,263.793,496.828,194.418,406.624,25,1939,6.9832,0.0918,60.0,-1.0,-1.0,-1.0,-1.0,-1.0,0.0,0.0,0.0,0.0,0.0,0.0,8664.239297,0.266827,0.0,3967,1409320,1409320,1.0,1747,1747,1.0,120040,1,0,S10|M3_IMBALANCED|44|B|L2|F1,false,false,true,/home/cyfer/FYP/WSN_simulation_V3/runs/S10_5000/outputs_production_50seed_part41_45/run_campaign_v3_S10_M3_IMBALANCED_B_L2_F1_H0_seed044_44_20260603_115040
campaign_v3_S10_M3_IMBALANCED_B_L2_F1_H0_seed045,campaign_v3_S10_M3_IMBALANCED_B_L2_F1_H0_seed045_45_20260603_115412,S10,5000,200,6,M3_IMBALANCED,45,B,L2,F1,H0,V2,map_S10_M3_IMBALANCED_seed045,2e6383c655381bffc9bb2d5caad7c959dc472fbd037aa7d66192d9516f4374ea,269.801,501.14,193.271,401.301,25,1899,7.0658,0.081,60.0,-1.0,-1.0,-1.0,-1.0,-1.0,0.0,0.0,0.0,0.0,0.0,0.0,8710.486011,0.257541,0.0,4000,1410260,1410260,1.0,1747,1747,1.0,120020,1,0,S10|M3_IMBALANCED|45|B|L2|F1,false,false,true,/home/cyfer/FYP/WSN_simulation_V3/runs/S10_5000/outputs_production_50seed_part41_45/run_campaign_v3_S10_M3_IMBALANCED_B_L2_F1_H0_seed045_45_20260603_115412
campaign_v3_S10_M3_IMBALANCED_B_L2_F1_H1_seed041,campaign_v3_S10_M3_IMBALANCED_B_L2_F1_H1_seed041_41_20260603_114016,S10,5000,200,6,M3_IMBALANCED,41,B,L2,F1,H1,V3,map_S10_M3_IMBALANCED_seed041,d345ecf609c38e58087b969dd9bc7f958cef0e82cd62aa3ec847e5050b38dbf5,269.783,504.907,192.559,398.296,25,1893,6.3085,0.0978,60.0,21.37,81.37,141.37,150.0,90.0,6.122,6.0,1.0,0.003,1.0,0.038,8672.118207,0.265233,0.0,3962,1410708,1410708,1.0,1779,1779,1.0,120000,0,1,S10|M3_IMBALANCED|41|B|L2|F1,true,false,false,/home/cyfer/FYP/WSN_simulation_V3/runs/S10_5000/outputs_production_50seed_part41_45/run_campaign_v3_S10_M3_IMBALANCED_B_L2_F1_H1_seed041_41_20260603_114016
campaign_v3_S10_M3_IMBALANCED_B_L2_F1_H1_seed042,campaign_v3_S10_M3_IMBALANCED_B_L2_F1_H1_seed042_42_20260603_114358,S10,5000,200,6,M3_IMBALANCED,42,B,L2,F1,H1,V3,map_S10_M3_IMBALANCED_seed042,c62af919addc7a5b69895a731862301c565ae9c2cfa14c6266cc5e16ab3946de,279.227,475.271,191.983,395.268,25,1342,5.5877,0.0826,60.0,21.401,81.401,141.401,150.0,90.0,6.319,6.0,1.0,0.001,1.0,0.105,8704.462584,0.258728,0.0,3996,1411036,1411036,1.0,1743,1743,1.0,120000,0,1,S10|M3_IMBALANCED|42|B|L2|F1,true,false,false,/home/cyfer/FYP/WSN_simulation_V3/runs/S10_5000/outputs_production_50seed_part41_45/run_campaign_v3_S10_M3_IMBALANCED_B_L2_F1_H1_seed042_42_20260603_114358
campaign_v3_S10_M3_IMBALANCED_B_L2_F1_H1_seed043,campaign_v3_S10_M3_IMBALANCED_B_L2_F1_H1_seed043_43_20260603_114725,S10,5000,200,6,M3_IMBALANCED,43,B,L2,F1,H1,V3,map_S10_M3_IMBALANCED_seed043,84dd18344ce0a11b67a875060cf968b5046b5d436bff281a1a95c32ba3379016,268.068,493.295,195.684,394.375,25,1899,6.3313,0.089,60.0,22.215,82.215,142.215,150.0,90.0,6.33,6.0,1.0,0.003,1.0,0.107,8690.365678,0.261573,0.0,3984,1410785,1410785,1.0,1752,1752,1.0,120000,0,1,S10|M3_IMBALANCED|43|B|L2|F1,true,false,false,/home/cyfer/FYP/WSN_simulation_V3/runs/S10_5000/outputs_production_50seed_part41_45/run_campaign_v3_S10_M3_IMBALANCED_B_L2_F1_H1_seed043_43_20260603_114725
campaign_v3_S10_M3_IMBALANCED_B_L2_F1_H1_seed044,campaign_v3_S10_M3_IMBALANCED_B_L2_F1_H1_seed044_44_20260603_115052,S10,5000,200,6,M3_IMBALANCED,44,B,L2,F1,H1,V3,map_S10_M3_IMBALANCED_seed044,1b5765d705f332f23193e45bc0307d44d1ddbb0d79b5d7404e792d40e9a9d7ec,263.793,496.828,194.418,406.624,25,1939,6.9832,0.0918,60.0,22.036,82.036,142.036,150.0,90.0,6.145,6.0,1.0,0.004,1.0,0.044,8668.541456,0.265967,0.0,3967,1410536,1410536,1.0,1752,1752,1.0,120000,0,1,S10|M3_IMBALANCED|44|B|L2|F1,true,false,false,/home/cyfer/FYP/WSN_simulation_V3/runs/S10_5000/outputs_production_50seed_part41_45/run_campaign_v3_S10_M3_IMBALANCED_B_L2_F1_H1_seed044_44_20260603_115052
campaign_v3_S10_M3_IMBALANCED_B_L2_F1_H1_seed045,campaign_v3_S10_M3_IMBALANCED_B_L2_F1_H1_seed045_45_20260603_115424,S10,5000,200,6,M3_IMBALANCED,45,B,L2,F1,H1,V3,map_S10_M3_IMBALANCED_seed045,2e6383c655381bffc9bb2d5caad7c959dc472fbd037aa7d66192d9516f4374ea,269.801,501.14,193.271,401.301,25,1899,7.0658,0.081,60.0,21.597,81.597,141.597,150.0,90.0,6.383,6.0,1.0,0.002,1.0,0.126,8712.58497,0.257121,0.0,4000,1410872,1410872,1.0,1752,1752,1.0,120000,0,1,S10|M3_IMBALANCED|45|B|L2|F1,true,false,false,/home/cyfer/FYP/WSN_simulation_V3/runs/S10_5000/outputs_production_50seed_part41_45/run_campaign_v3_S10_M3_IMBALANCED_B_L2_F1_H1_seed045_45_20260603_115424
campaign_v3_S10_M3_IMBALANCED_B_L2_F1_H3_seed041,campaign_v3_S10_M3_IMBALANCED_B_L2_F1_H3_seed041_41_20260603_114021,S10,5000,200,6,M3_IMBALANCED,41,B,L2,F1,H3,V3,map_S10_M3_IMBALANCED_seed041,d345ecf609c38e58087b969dd9bc7f958cef0e82cd62aa3ec847e5050b38dbf5,269.783,504.907,192.559,398.296,25,1893,6.3085,0.0978,60.0,27.255,87.255,147.255,150.0,90.0,6.122,6.0,1.0,0.003,1.0,0.038,8670.162841,0.265624,0.0,3962,1410231,1410231,1.0,1779,1779,1.0,119925,0,1,S10|M3_IMBALANCED|41|B|L2|F1,true,false,false,/home/cyfer/FYP/WSN_simulation_V3/runs/S10_5000/outputs_production_50seed_part41_45/run_campaign_v3_S10_M3_IMBALANCED_B_L2_F1_H3_seed041_41_20260603_114021
campaign_v3_S10_M3_IMBALANCED_B_L2_F1_H3_seed042,campaign_v3_S10_M3_IMBALANCED_B_L2_F1_H3_seed042_42_20260603_114404,S10,5000,200,6,M3_IMBALANCED,42,B,L2,F1,H3,V3,map_S10_M3_IMBALANCED_seed042,c62af919addc7a5b69895a731862301c565ae9c2cfa14c6266cc5e16ab3946de,279.227,475.271,191.983,395.268,25,1342,5.5877,0.0826,60.0,27.58,87.58,147.58,150.0,90.0,6.319,6.0,1.0,0.001,1.0,0.105,8704.132623,0.258794,0.0,3996,1410877,1410877,1.0,1743,1743,1.0,119975,0,1,S10|M3_IMBALANCED|42|B|L2|F1,true,false,false,/home/cyfer/FYP/WSN_simulation_V3/runs/S10_5000/outputs_production_50seed_part41_45/run_campaign_v3_S10_M3_IMBALANCED_B_L2_F1_H3_seed042_42_20260603_114404
campaign_v3_S10_M3_IMBALANCED_B_L2_F1_H3_seed043,campaign_v3_S10_M3_IMBALANCED_B_L2_F1_H3_seed043_43_20260603_114731,S10,5000,200,6,M3_IMBALANCED,43,B,L2,F1,H3,V3,map_S10_M3_IMBALANCED_seed043,84dd18344ce0a11b67a875060cf968b5046b5d436bff281a1a95c32ba3379016,268.068,493.295,195.684,394.375,25,1899,6.3313,0.089,60.0,28.019,88.019,148.019,150.0,90.0,6.33,6.0,1.0,0.003,1.0,0.107,8689.234278,0.261799,0.0,3984,1410463,1410463,1.0,1752,1752,1.0,119950,0,1,S10|M3_IMBALANCED|43|B|L2|F1,true,false,false,/home/cyfer/FYP/WSN_simulation_V3/runs/S10_5000/outputs_production_50seed_part41_45/run_campaign_v3_S10_M3_IMBALANCED_B_L2_F1_H3_seed043_43_20260603_114731
campaign_v3_S10_M3_IMBALANCED_B_L2_F1_H3_seed044,campaign_v3_S10_M3_IMBALANCED_B_L2_F1_H3_seed044_44_20260603_115058,S10,5000,200,6,M3_IMBALANCED,44,B,L2,F1,H3,V3,map_S10_M3_IMBALANCED_seed044,1b5765d705f332f23193e45bc0307d44d1ddbb0d79b5d7404e792d40e9a9d7ec,263.793,496.828,194.418,406.624,25,1939,6.9832,0.0918,60.0,27.969,87.969,147.969,150.0,90.0,6.145,6.0,1.0,0.004,1.0,0.044,8666.479066,0.26638,0.0,3967,1409908,1409908,1.0,1752,1752,1.0,119900,0,1,S10|M3_IMBALANCED|44|B|L2|F1,true,false,false,/home/cyfer/FYP/WSN_simulation_V3/runs/S10_5000/outputs_production_50seed_part41_45/run_campaign_v3_S10_M3_IMBALANCED_B_L2_F1_H3_seed044_44_20260603_115058
campaign_v3_S10_M3_IMBALANCED_B_L2_F1_H3_seed045,campaign_v3_S10_M3_IMBALANCED_B_L2_F1_H3_seed045_45_20260603_115430,S10,5000,200,6,M3_IMBALANCED,45,B,L2,F1,H3,V3,map_S10_M3_IMBALANCED_seed045,2e6383c655381bffc9bb2d5caad7c959dc472fbd037aa7d66192d9516f4374ea,269.801,501.14,193.271,401.301,25,1899,7.0658,0.081,60.0,28.221,88.221,148.221,150.0,90.0,6.383,6.0,1.0,0.002,1.0,0.126,8711.548989,0.257328,0.0,4000,1410552,1410552,1.0,1752,1752,1.0,119950,0,1,S10|M3_IMBALANCED|45|B|L2|F1,true,false,false,/home/cyfer/FYP/WSN_simulation_V3/runs/S10_5000/outputs_production_50seed_part41_45/run_campaign_v3_S10_M3_IMBALANCED_B_L2_F1_H3_seed045_45_20260603_115430
campaign_v3_S10_M3_IMBALANCED_B_L2_F1_H4_seed041,campaign_v3_S10_M3_IMBALANCED_B_L2_F1_H4_seed041_41_20260603_114027,S10,5000,200,6,M3_IMBALANCED,41,B,L2,F1,H4,V3,map_S10_M3_IMBALANCED_seed041,d345ecf609c38e58087b969dd9bc7f958cef0e82cd62aa3ec847e5050b38dbf5,269.783,504.907,192.559,398.296,25,1893,6.3085,0.0978,60.0,31.261,91.261,151.261,160.0,100.0,6.122,6.0,1.0,0.003,1.0,0.038,8671.57883,0.265341,0.0,3962,1410523,1410523,1.0,1778,1778,1.0,119979,0,1,S10|M3_IMBALANCED|41|B|L2|F1,true,false,false,/home/cyfer/FYP/WSN_simulation_V3/runs/S10_5000/outputs_production_50seed_part41_45/run_campaign_v3_S10_M3_IMBALANCED_B_L2_F1_H4_seed041_41_20260603_114027
campaign_v3_S10_M3_IMBALANCED_B_L2_F1_H4_seed042,campaign_v3_S10_M3_IMBALANCED_B_L2_F1_H4_seed042_42_20260603_114409,S10,5000,200,6,M3_IMBALANCED,42,B,L2,F1,H4,V3,map_S10_M3_IMBALANCED_seed042,c62af919addc7a5b69895a731862301c565ae9c2cfa14c6266cc5e16ab3946de,279.227,475.271,191.983,395.268,25,1342,5.5877,0.0826,60.0,31.355,91.355,151.355,160.0,100.0,6.319,6.0,1.0,0.001,1.0,0.105,8700.993334,0.259422,0.0,3995,1409888,1409888,1.0,1742,1742,1.0,119804,0,1,S10|M3_IMBALANCED|42|B|L2|F1,true,false,false,/home/cyfer/FYP/WSN_simulation_V3/runs/S10_5000/outputs_production_50seed_part41_45/run_campaign_v3_S10_M3_IMBALANCED_B_L2_F1_H4_seed042_42_20260603_114409
campaign_v3_S10_M3_IMBALANCED_B_L2_F1_H4_seed043,campaign_v3_S10_M3_IMBALANCED_B_L2_F1_H4_seed043_43_20260603_114736,S10,5000,200,6,M3_IMBALANCED,43,B,L2,F1,H4,V3,map_S10_M3_IMBALANCED_seed043,84dd18344ce0a11b67a875060cf968b5046b5d436bff281a1a95c32ba3379016,268.068,493.295,195.684,394.375,25,1899,6.3313,0.089,60.0,32.159,92.159,152.159,160.0,100.0,6.33,6.0,1.0,0.003,1.0,0.107,8688.691337,0.261908,0.0,3984,1410325,1410325,1.0,1751,1751,1.0,119929,0,1,S10|M3_IMBALANCED|43|B|L2|F1,true,false,false,/home/cyfer/FYP/WSN_simulation_V3/runs/S10_5000/outputs_production_50seed_part41_45/run_campaign_v3_S10_M3_IMBALANCED_B_L2_F1_H4_seed043_43_20260603_114736
campaign_v3_S10_M3_IMBALANCED_B_L2_F1_H4_seed044,campaign_v3_S10_M3_IMBALANCED_B_L2_F1_H4_seed044_44_20260603_115103,S10,5000,200,6,M3_IMBALANCED,44,B,L2,F1,H4,V3,map_S10_M3_IMBALANCED_seed044,1b5765d705f332f23193e45bc0307d44d1ddbb0d79b5d7404e792d40e9a9d7ec,263.793,496.828,194.418,406.624,25,1939,6.9832,0.0918,60.0,31.238,91.238,151.238,160.0,100.0,6.145,6.0,1.0,0.004,1.0,0.044,8666.629106,0.26635,0.0,3967,1409908,1409908,1.0,1751,1751,1.0,119904,0,1,S10|M3_IMBALANCED|44|B|L2|F1,true,false,false,/home/cyfer/FYP/WSN_simulation_V3/runs/S10_5000/outputs_production_50seed_part41_45/run_campaign_v3_S10_M3_IMBALANCED_B_L2_F1_H4_seed044_44_20260603_115103
campaign_v3_S10_M3_IMBALANCED_B_L2_F1_H4_seed045,campaign_v3_S10_M3_IMBALANCED_B_L2_F1_H4_seed045_45_20260603_115435,S10,5000,200,6,M3_IMBALANCED,45,B,L2,F1,H4,V3,map_S10_M3_IMBALANCED_seed045,2e6383c655381bffc9bb2d5caad7c959dc472fbd037aa7d66192d9516f4374ea,269.801,501.14,193.271,401.301,25,1899,7.0658,0.081,60.0,31.528,91.528,151.528,160.0,100.0,6.383,6.0,1.0,0.002,1.0,0.126,8709.118883,0.257814,0.0,3999,1409847,1409847,1.0,1751,1751,1.0,119829,0,1,S10|M3_IMBALANCED|45|B|L2|F1,true,false,false,/home/cyfer/FYP/WSN_simulation_V3/runs/S10_5000/outputs_production_50seed_part41_45/run_campaign_v3_S10_M3_IMBALANCED_B_L2_F1_H4_seed045_45_20260603_115435
campaign_v3_S10_M3_IMBALANCED_B_L2_F2_H0_seed041,campaign_v3_S10_M3_IMBALANCED_B_L2_F2_H0_seed041_41_20260603_114009,S10,5000,200,6,M3_IMBALANCED,41,B,L2,F2,H0,V2,map_S10_M3_IMBALANCED_seed041,d345ecf609c38e58087b969dd9bc7f958cef0e82cd62aa3ec847e5050b38dbf5,269.783,504.907,192.559,398.296,25,1893,6.3085,0.0978,60.0,-1.0,-1.0,-1.0,-1.0,-1.0,0.0,0.0,0.0,0.0,0.0,0.0,8672.694504,0.265461,0.0,3961,1410965,1410965,1.0,1774,1774,1.0,120005,1,0,S10|M3_IMBALANCED|41|B|L2|F2,false,false,true,/home/cyfer/FYP/WSN_simulation_V3/runs/S10_5000/outputs_production_50seed_part41_45/run_campaign_v3_S10_M3_IMBALANCED_B_L2_F2_H0_seed041_41_20260603_114009
campaign_v3_S10_M3_IMBALANCED_B_L2_F2_H0_seed042,campaign_v3_S10_M3_IMBALANCED_B_L2_F2_H0_seed042_42_20260603_114351,S10,5000,200,6,M3_IMBALANCED,42,B,L2,F2,H0,V2,map_S10_M3_IMBALANCED_seed042,c62af919addc7a5b69895a731862301c565ae9c2cfa14c6266cc5e16ab3946de,279.227,475.271,191.983,395.268,25,1342,5.5877,0.0826,60.0,-1.0,-1.0,-1.0,-1.0,-1.0,0.0,0.0,0.0,0.0,0.0,0.0,8699.228741,0.260154,0.0,3994,1409320,1409320,1.0,1738,1738,1.0,120040,1,0,S10|M3_IMBALANCED|42|B|L2|F2,false,false,true,/home/cyfer/FYP/WSN_simulation_V3/runs/S10_5000/outputs_production_50seed_part41_45/run_campaign_v3_S10_M3_IMBALANCED_B_L2_F2_H0_seed042_42_20260603_114351
campaign_v3_S10_M3_IMBALANCED_B_L2_F2_H0_seed043,campaign_v3_S10_M3_IMBALANCED_B_L2_F2_H0_seed043_43_20260603_114718,S10,5000,200,6,M3_IMBALANCED,43,B,L2,F2,H0,V2,map_S10_M3_IMBALANCED_seed043,84dd18344ce0a11b67a875060cf968b5046b5d436bff281a1a95c32ba3379016,268.068,493.295,195.684,394.375,25,1899,6.3313,0.089,60.0,-1.0,-1.0,-1.0,-1.0,-1.0,0.0,0.0,0.0,0.0,0.0,0.0,8688.905579,0.262219,0.0,3983,1410495,1410495,1.0,1747,1747,1.0,120015,1,0,S10|M3_IMBALANCED|43|B|L2|F2,false,false,true,/home/cyfer/FYP/WSN_simulation_V3/runs/S10_5000/outputs_production_50seed_part41_45/run_campaign_v3_S10_M3_IMBALANCED_B_L2_F2_H0_seed043_43_20260603_114718
campaign_v3_S10_M3_IMBALANCED_B_L2_F2_H0_seed044,campaign_v3_S10_M3_IMBALANCED_B_L2_F2_H0_seed044_44_20260603_115045,S10,5000,200,6,M3_IMBALANCED,44,B,L2,F2,H0,V2,map_S10_M3_IMBALANCED_seed044,1b5765d705f332f23193e45bc0307d44d1ddbb0d79b5d7404e792d40e9a9d7ec,263.793,496.828,194.418,406.624,25,1939,6.9832,0.0918,60.0,-1.0,-1.0,-1.0,-1.0,-1.0,0.0,0.0,0.0,0.0,0.0,0.0,8667.549262,0.26649,0.0,3967,1410260,1410260,1.0,1747,1747,1.0,120020,1,0,S10|M3_IMBALANCED|44|B|L2|F2,false,false,true,/home/cyfer/FYP/WSN_simulation_V3/runs/S10_5000/outputs_production_50seed_part41_45/run_campaign_v3_S10_M3_IMBALANCED_B_L2_F2_H0_seed044_44_20260603_115045
campaign_v3_S10_M3_IMBALANCED_B_L2_F2_H0_seed045,campaign_v3_S10_M3_IMBALANCED_B_L2_F2_H0_seed045_45_20260603_115417,S10,5000,200,6,M3_IMBALANCED,45,B,L2,F2,H0,V2,map_S10_M3_IMBALANCED_seed045,2e6383c655381bffc9bb2d5caad7c959dc472fbd037aa7d66192d9516f4374ea,269.801,501.14,193.271,401.301,25,1899,7.0658,0.081,60.0,-1.0,-1.0,-1.0,-1.0,-1.0,0.0,0.0,0.0,0.0,0.0,0.0,8707.841408,0.258432,0.0,3998,1409555,1409555,1.0,1747,1747,1.0,120035,1,0,S10|M3_IMBALANCED|45|B|L2|F2,false,false,true,/home/cyfer/FYP/WSN_simulation_V3/runs/S10_5000/outputs_production_50seed_part41_45/run_campaign_v3_S10_M3_IMBALANCED_B_L2_F2_H0_seed045_45_20260603_115417
campaign_v3_S10_M3_IMBALANCED_B_L2_F2_H1_seed041,campaign_v3_S10_M3_IMBALANCED_B_L2_F2_H1_seed041_41_20260603_114032,S10,5000,200,6,M3_IMBALANCED,41,B,L2,F2,H1,V3,map_S10_M3_IMBALANCED_seed041,d345ecf609c38e58087b969dd9bc7f958cef0e82cd62aa3ec847e5050b38dbf5,269.783,504.907,192.559,398.296,25,1893,6.3085,0.0978,60.0,27.054,87.054,147.054,150.0,90.0,3.441,6.0,1.0,0.001,0.025,0.122,8673.033413,0.265393,0.0,3961,1411112,1411112,1.0,1779,1779,1.0,120000,0,1,S10|M3_IMBALANCED|41|B|L2|F2,true,false,false,/home/cyfer/FYP/WSN_simulation_V3/runs/S10_5000/outputs_production_50seed_part41_45/run_campaign_v3_S10_M3_IMBALANCED_B_L2_F2_H1_seed041_41_20260603_114032
campaign_v3_S10_M3_IMBALANCED_B_L2_F2_H1_seed042,campaign_v3_S10_M3_IMBALANCED_B_L2_F2_H1_seed042_42_20260603_114414,S10,5000,200,6,M3_IMBALANCED,42,B,L2,F2,H1,V3,map_S10_M3_IMBALANCED_seed042,c62af919addc7a5b69895a731862301c565ae9c2cfa14c6266cc5e16ab3946de,279.227,475.271,191.983,395.268,25,1342,5.5877,0.0826,60.0,27.668,87.668,147.668,150.0,90.0,3.869,6.0,1.0,0.006,0.184,0.1,8703.028248,0.259394,0.0,3994,1410496,1410496,1.0,1743,1743,1.0,120000,0,1,S10|M3_IMBALANCED|42|B|L2|F2,true,false,false,/home/cyfer/FYP/WSN_simulation_V3/runs/S10_5000/outputs_production_50seed_part41_45/run_campaign_v3_S10_M3_IMBALANCED_B_L2_F2_H1_seed042_42_20260603_114414
campaign_v3_S10_M3_IMBALANCED_B_L2_F2_H1_seed043,campaign_v3_S10_M3_IMBALANCED_B_L2_F2_H1_seed043_43_20260603_114742,S10,5000,200,6,M3_IMBALANCED,43,B,L2,F2,H1,V3,map_S10_M3_IMBALANCED_seed043,84dd18344ce0a11b67a875060cf968b5046b5d436bff281a1a95c32ba3379016,268.068,493.295,195.684,394.375,25,1899,6.3313,0.089,60.0,26.728,86.728,146.728,150.0,90.0,3.646,6.0,1.0,0.002,0.079,0.135,8690.936615,0.261813,0.0,3983,1410939,1410939,1.0,1752,1752,1.0,120000,0,1,S10|M3_IMBALANCED|43|B|L2|F2,true,false,false,/home/cyfer/FYP/WSN_simulation_V3/runs/S10_5000/outputs_production_50seed_part41_45/run_campaign_v3_S10_M3_IMBALANCED_B_L2_F2_H1_seed043_43_20260603_114742
campaign_v3_S10_M3_IMBALANCED_B_L2_F2_H1_seed044,campaign_v3_S10_M3_IMBALANCED_B_L2_F2_H1_seed044_44_20260603_115108,S10,5000,200,6,M3_IMBALANCED,44,B,L2,F2,H1,V3,map_S10_M3_IMBALANCED_seed044,1b5765d705f332f23193e45bc0307d44d1ddbb0d79b5d7404e792d40e9a9d7ec,263.793,496.828,194.418,406.624,25,1939,6.9832,0.0918,60.0,26.876,86.876,146.876,150.0,90.0,3.526,6.0,1.0,0.002,0.092,0.081,8669.670009,0.266066,0.0,3967,1410852,1410852,1.0,1752,1752,1.0,120000,0,1,S10|M3_IMBALANCED|44|B|L2|F2,true,false,false,/home/cyfer/FYP/WSN_simulation_V3/runs/S10_5000/outputs_production_50seed_part41_45/run_campaign_v3_S10_M3_IMBALANCED_B_L2_F2_H1_seed044_44_20260603_115108
campaign_v3_S10_M3_IMBALANCED_B_L2_F2_H1_seed045,campaign_v3_S10_M3_IMBALANCED_B_L2_F2_H1_seed045_45_20260603_115440,S10,5000,200,6,M3_IMBALANCED,45,B,L2,F2,H1,V3,map_S10_M3_IMBALANCED_seed045,2e6383c655381bffc9bb2d5caad7c959dc472fbd037aa7d66192d9516f4374ea,269.801,501.14,193.271,401.301,25,1899,7.0658,0.081,60.0,27.305,87.305,147.305,150.0,90.0,3.868,6.0,1.0,0.004,0.17,0.116,8711.746272,0.257651,0.0,3998,1410584,1410584,1.0,1752,1752,1.0,120000,0,1,S10|M3_IMBALANCED|45|B|L2|F2,true,false,false,/home/cyfer/FYP/WSN_simulation_V3/runs/S10_5000/outputs_production_50seed_part41_45/run_campaign_v3_S10_M3_IMBALANCED_B_L2_F2_H1_seed045_45_20260603_115440
campaign_v3_S10_M3_IMBALANCED_B_L2_F2_H3_seed041,campaign_v3_S10_M3_IMBALANCED_B_L2_F2_H3_seed041_41_20260603_114034,S10,5000,200,6,M3_IMBALANCED,41,B,L2,F2,H3,V3,map_S10_M3_IMBALANCED_seed041,d345ecf609c38e58087b969dd9bc7f958cef0e82cd62aa3ec847e5050b38dbf5,269.783,504.907,192.559,398.296,25,1893,6.3085,0.0978,60.0,33.145,93.145,153.145,160.0,100.0,3.441,6.0,1.0,0.001,0.025,0.122,8673.012163,0.265398,0.0,3961,1411106,1411106,1.0,1778,1778,1.0,120000,0,1,S10|M3_IMBALANCED|41|B|L2|F2,true,false,false,/home/cyfer/FYP/WSN_simulation_V3/runs/S10_5000/outputs_production_50seed_part41_45/run_campaign_v3_S10_M3_IMBALANCED_B_L2_F2_H3_seed041_41_20260603_114034
campaign_v3_S10_M3_IMBALANCED_B_L2_F2_H3_seed042,campaign_v3_S10_M3_IMBALANCED_B_L2_F2_H3_seed042_42_20260603_114416,S10,5000,200,6,M3_IMBALANCED,42,B,L2,F2,H3,V3,map_S10_M3_IMBALANCED_seed042,c62af919addc7a5b69895a731862301c565ae9c2cfa14c6266cc5e16ab3946de,279.227,475.271,191.983,395.268,25,1342,5.5877,0.0826,60.0,32.944,92.944,152.944,160.0,100.0,3.869,6.0,1.0,0.006,0.184,0.1,8700.869592,0.259826,0.0,3994,1409888,1409888,1.0,1742,1742,1.0,119900,0,1,S10|M3_IMBALANCED|42|B|L2|F2,true,false,false,/home/cyfer/FYP/WSN_simulation_V3/runs/S10_5000/outputs_production_50seed_part41_45/run_campaign_v3_S10_M3_IMBALANCED_B_L2_F2_H3_seed042_42_20260603_114416
campaign_v3_S10_M3_IMBALANCED_B_L2_F2_H3_seed043,campaign_v3_S10_M3_IMBALANCED_B_L2_F2_H3_seed043_43_20260603_114744,S10,5000,200,6,M3_IMBALANCED,43,B,L2,F2,H3,V3,map_S10_M3_IMBALANCED_seed043,84dd18344ce0a11b67a875060cf968b5046b5d436bff281a1a95c32ba3379016,268.068,493.295,195.684,394.375,25,1899,6.3313,0.089,60.0,33.102,93.102,153.102,160.0,100.0,3.646,6.0,1.0,0.002,0.079,0.135,8690.559038,0.261888,0.0,3983,1410777,1410777,1.0,1751,1751,1.0,119975,0,1,S10|M3_IMBALANCED|43|B|L2|F2,true,false,false,/home/cyfer/FYP/WSN_simulation_V3/runs/S10_5000/outputs_production_50seed_part41_45/run_campaign_v3_S10_M3_IMBALANCED_B_L2_F2_H3_seed043_43_20260603_114744
campaign_v3_S10_M3_IMBALANCED_B_L2_F2_H3_seed044,campaign_v3_S10_M3_IMBALANCED_B_L2_F2_H3_seed044_44_20260603_115110,S10,5000,200,6,M3_IMBALANCED,44,B,L2,F2,H3,V3,map_S10_M3_IMBALANCED_seed044,1b5765d705f332f23193e45bc0307d44d1ddbb0d79b5d7404e792d40e9a9d7ec,263.793,496.828,194.418,406.624,25,1939,6.9832,0.0918,60.0,32.545,92.545,152.545,160.0,100.0,3.526,6.0,1.0,0.002,0.092,0.081,8668.468613,0.266306,0.0,3967,1410544,1410544,1.0,1751,1751,1.0,119950,0,1,S10|M3_IMBALANCED|44|B|L2|F2,true,false,false,/home/cyfer/FYP/WSN_simulation_V3/runs/S10_5000/outputs_production_50seed_part41_45/run_campaign_v3_S10_M3_IMBALANCED_B_L2_F2_H3_seed044_44_20260603_115110
campaign_v3_S10_M3_IMBALANCED_B_L2_F2_H3_seed045,campaign_v3_S10_M3_IMBALANCED_B_L2_F2_H3_seed045_45_20260603_115442,S10,5000,200,6,M3_IMBALANCED,45,B,L2,F2,H3,V3,map_S10_M3_IMBALANCED_seed045,2e6383c655381bffc9bb2d5caad7c959dc472fbd037aa7d66192d9516f4374ea,269.801,501.14,193.271,401.301,25,1899,7.0658,0.081,60.0,33.652,93.652,153.652,160.0,100.0,3.868,6.0,1.0,0.004,0.17,0.116,8709.749322,0.25805,0.0,3998,1410119,1410119,1.0,1751,1751,1.0,119925,0,1,S10|M3_IMBALANCED|45|B|L2|F2,true,false,false,/home/cyfer/FYP/WSN_simulation_V3/runs/S10_5000/outputs_production_50seed_part41_45/run_campaign_v3_S10_M3_IMBALANCED_B_L2_F2_H3_seed045_45_20260603_115442
campaign_v3_S10_M3_IMBALANCED_B_L2_F2_H4_seed041,campaign_v3_S10_M3_IMBALANCED_B_L2_F2_H4_seed041_41_20260603_114037,S10,5000,200,6,M3_IMBALANCED,41,B,L2,F2,H4,V3,map_S10_M3_IMBALANCED_seed041,d345ecf609c38e58087b969dd9bc7f958cef0e82cd62aa3ec847e5050b38dbf5,269.783,504.907,192.559,398.296,25,1893,6.3085,0.0978,60.0,36.592,96.592,156.592,160.0,100.0,3.441,6.0,1.0,0.001,0.025,0.122,8673.006223,0.265399,0.0,3961,1411103,1411103,1.0,1778,1778,1.0,120000,0,1,S10|M3_IMBALANCED|41|B|L2|F2,true,false,false,/home/cyfer/FYP/WSN_simulation_V3/runs/S10_5000/outputs_production_50seed_part41_45/run_campaign_v3_S10_M3_IMBALANCED_B_L2_F2_H4_seed041_41_20260603_114037
campaign_v3_S10_M3_IMBALANCED_B_L2_F2_H4_seed042,campaign_v3_S10_M3_IMBALANCED_B_L2_F2_H4_seed042_42_20260603_114419,S10,5000,200,6,M3_IMBALANCED,42,B,L2,F2,H4,V3,map_S10_M3_IMBALANCED_seed042,c62af919addc7a5b69895a731862301c565ae9c2cfa14c6266cc5e16ab3946de,279.227,475.271,191.983,395.268,25,1342,5.5877,0.0826,60.0,37.517,97.517,157.517,160.0,100.0,3.869,6.0,1.0,0.006,0.184,0.1,8702.76538,0.259447,0.0,3994,1410416,1410416,1.0,1742,1742,1.0,120000,0,1,S10|M3_IMBALANCED|42|B|L2|F2,true,false,false,/home/cyfer/FYP/WSN_simulation_V3/runs/S10_5000/outputs_production_50seed_part41_45/run_campaign_v3_S10_M3_IMBALANCED_B_L2_F2_H4_seed042_42_20260603_114419
campaign_v3_S10_M3_IMBALANCED_B_L2_F2_H4_seed043,campaign_v3_S10_M3_IMBALANCED_B_L2_F2_H4_seed043_43_20260603_114747,S10,5000,200,6,M3_IMBALANCED,43,B,L2,F2,H4,V3,map_S10_M3_IMBALANCED_seed043,84dd18344ce0a11b67a875060cf968b5046b5d436bff281a1a95c32ba3379016,268.068,493.295,195.684,394.375,25,1899,6.3313,0.089,60.0,37.468,97.468,157.468,160.0,100.0,3.646,6.0,1.0,0.002,0.079,0.135,8690.77973,0.261844,0.0,3983,1410906,1410906,1.0,1751,1751,1.0,120000,0,1,S10|M3_IMBALANCED|43|B|L2|F2,true,false,false,/home/cyfer/FYP/WSN_simulation_V3/runs/S10_5000/outputs_production_50seed_part41_45/run_campaign_v3_S10_M3_IMBALANCED_B_L2_F2_H4_seed043_43_20260603_114747
campaign_v3_S10_M3_IMBALANCED_B_L2_F2_H4_seed044,campaign_v3_S10_M3_IMBALANCED_B_L2_F2_H4_seed044_44_20260603_115113,S10,5000,200,6,M3_IMBALANCED,44,B,L2,F2,H4,V3,map_S10_M3_IMBALANCED_seed044,1b5765d705f332f23193e45bc0307d44d1ddbb0d79b5d7404e792d40e9a9d7ec,263.793,496.828,194.418,406.624,25,1939,6.9832,0.0918,60.0,36.996,96.996,156.996,160.0,100.0,3.526,6.0,1.0,0.002,0.092,0.081,8669.522034,0.266096,0.0,3967,1410812,1410812,1.0,1751,1751,1.0,120000,0,1,S10|M3_IMBALANCED|44|B|L2|F2,true,false,false,/home/cyfer/FYP/WSN_simulation_V3/runs/S10_5000/outputs_production_50seed_part41_45/run_campaign_v3_S10_M3_IMBALANCED_B_L2_F2_H4_seed044_44_20260603_115113
campaign_v3_S10_M3_IMBALANCED_B_L2_F2_H4_seed045,campaign_v3_S10_M3_IMBALANCED_B_L2_F2_H4_seed045_45_20260603_115445,S10,5000,200,6,M3_IMBALANCED,45,B,L2,F2,H4,V3,map_S10_M3_IMBALANCED_seed045,2e6383c655381bffc9bb2d5caad7c959dc472fbd037aa7d66192d9516f4374ea,269.801,501.14,193.271,401.301,25,1899,7.0658,0.081,60.0,37.555,97.555,157.555,160.0,100.0,3.868,6.0,1.0,0.004,0.17,0.116,8711.475354,0.257705,0.0,3998,1410514,1410514,1.0,1751,1751,1.0,120000,0,1,S10|M3_IMBALANCED|45|B|L2|F2,true,false,false,/home/cyfer/FYP/WSN_simulation_V3/runs/S10_5000/outputs_production_50seed_part41_45/run_campaign_v3_S10_M3_IMBALANCED_B_L2_F2_H4_seed045_45_20260603_115445
campaign_v3_S10_M3_IMBALANCED_B_L2_F3_H0_seed041,campaign_v3_S10_M3_IMBALANCED_B_L2_F3_H0_seed041_41_20260603_114011,S10,5000,200,6,M3_IMBALANCED,41,B,L2,F3,H0,V2,map_S10_M3_IMBALANCED_seed041,d345ecf609c38e58087b969dd9bc7f958cef0e82cd62aa3ec847e5050b38dbf5,269.783,504.907,192.559,398.296,25,1893,6.3085,0.0978,60.0,-1.0,-1.0,-1.0,-1.0,-1.0,0.0,0.0,0.0,0.0,0.0,0.0,8670.764121,0.265847,0.0,3961,1410495,1410495,1.0,1774,1774,1.0,120015,1,0,S10|M3_IMBALANCED|41|B|L2|F3,false,false,true,/home/cyfer/FYP/WSN_simulation_V3/runs/S10_5000/outputs_production_50seed_part41_45/run_campaign_v3_S10_M3_IMBALANCED_B_L2_F3_H0_seed041_41_20260603_114011
campaign_v3_S10_M3_IMBALANCED_B_L2_F3_H0_seed042,campaign_v3_S10_M3_IMBALANCED_B_L2_F3_H0_seed042_42_20260603_114353,S10,5000,200,6,M3_IMBALANCED,42,B,L2,F3,H0,V2,map_S10_M3_IMBALANCED_seed042,c62af919addc7a5b69895a731862301c565ae9c2cfa14c6266cc5e16ab3946de,279.227,475.271,191.983,395.268,25,1342,5.5877,0.0826,60.0,-1.0,-1.0,-1.0,-1.0,-1.0,0.0,0.0,0.0,0.0,0.0,0.0,8702.399018,0.25952,0.0,3995,1410260,1410260,1.0,1738,1738,1.0,120020,1,0,S10|M3_IMBALANCED|42|B|L2|F3,false,false,true,/home/cyfer/FYP/WSN_simulation_V3/runs/S10_5000/outputs_production_50seed_part41_45/run_campaign_v3_S10_M3_IMBALANCED_B_L2_F3_H0_seed042_42_20260603_114353
campaign_v3_S10_M3_IMBALANCED_B_L2_F3_H0_seed043,campaign_v3_S10_M3_IMBALANCED_B_L2_F3_H0_seed043_43_20260603_114720,S10,5000,200,6,M3_IMBALANCED,43,B,L2,F3,H0,V2,map_S10_M3_IMBALANCED_seed043,84dd18344ce0a11b67a875060cf968b5046b5d436bff281a1a95c32ba3379016,268.068,493.295,195.684,394.375,25,1899,6.3313,0.089,60.0,-1.0,-1.0,-1.0,-1.0,-1.0,0.0,0.0,0.0,0.0,0.0,0.0,8688.243289,0.262351,0.0,3983,1410025,1410025,1.0,1747,1747,1.0,120025,1,0,S10|M3_IMBALANCED|43|B|L2|F3,false,false,true,/home/cyfer/FYP/WSN_simulation_V3/runs/S10_5000/outputs_production_50seed_part41_45/run_campaign_v3_S10_M3_IMBALANCED_B_L2_F3_H0_seed043_43_20260603_114720
campaign_v3_S10_M3_IMBALANCED_B_L2_F3_H0_seed044,campaign_v3_S10_M3_IMBALANCED_B_L2_F3_H0_seed044_44_20260603_115047,S10,5000,200,6,M3_IMBALANCED,44,B,L2,F3,H0,V2,map_S10_M3_IMBALANCED_seed044,1b5765d705f332f23193e45bc0307d44d1ddbb0d79b5d7404e792d40e9a9d7ec,263.793,496.828,194.418,406.624,25,1939,6.9832,0.0918,60.0,-1.0,-1.0,-1.0,-1.0,-1.0,0.0,0.0,0.0,0.0,0.0,0.0,8665.906449,0.266819,0.0,3967,1409790,1409790,1.0,1747,1747,1.0,120030,1,0,S10|M3_IMBALANCED|44|B|L2|F3,false,false,true,/home/cyfer/FYP/WSN_simulation_V3/runs/S10_5000/outputs_production_50seed_part41_45/run_campaign_v3_S10_M3_IMBALANCED_B_L2_F3_H0_seed044_44_20260603_115047
campaign_v3_S10_M3_IMBALANCED_B_L2_F3_H0_seed045,campaign_v3_S10_M3_IMBALANCED_B_L2_F3_H0_seed045_45_20260603_115419,S10,5000,200,6,M3_IMBALANCED,45,B,L2,F3,H0,V2,map_S10_M3_IMBALANCED_seed045,2e6383c655381bffc9bb2d5caad7c959dc472fbd037aa7d66192d9516f4374ea,269.801,501.14,193.271,401.301,25,1899,7.0658,0.081,60.0,-1.0,-1.0,-1.0,-1.0,-1.0,0.0,0.0,0.0,0.0,0.0,0.0,8712.872695,0.257425,0.0,3999,1410965,1410965,1.0,1747,1747,1.0,120005,1,0,S10|M3_IMBALANCED|45|B|L2|F3,false,false,true,/home/cyfer/FYP/WSN_simulation_V3/runs/S10_5000/outputs_production_50seed_part41_45/run_campaign_v3_S10_M3_IMBALANCED_B_L2_F3_H0_seed045_45_20260603_115419
campaign_v3_S10_M3_IMBALANCED_B_L2_F3_H1_seed041,campaign_v3_S10_M3_IMBALANCED_B_L2_F3_H1_seed041_41_20260603_114040,S10,5000,200,6,M3_IMBALANCED,41,B,L2,F3,H1,V3,map_S10_M3_IMBALANCED_seed041,d345ecf609c38e58087b969dd9bc7f958cef0e82cd62aa3ec847e5050b38dbf5,269.783,504.907,192.559,398.296,25,1893,6.3085,0.0978,60.0,31.273,91.273,151.273,160.0,100.0,3.684,6.0,1.0,0.002,0.077,0.149,8670.862527,0.265827,0.0,3961,1410511,1410511,1.0,1778,1778,1.0,119929,0,1,S10|M3_IMBALANCED|41|B|L2|F3,true,false,false,/home/cyfer/FYP/WSN_simulation_V3/runs/S10_5000/outputs_production_50seed_part41_45/run_campaign_v3_S10_M3_IMBALANCED_B_L2_F3_H1_seed041_41_20260603_114040
campaign_v3_S10_M3_IMBALANCED_B_L2_F3_H1_seed042,campaign_v3_S10_M3_IMBALANCED_B_L2_F3_H1_seed042_42_20260603_114421,S10,5000,200,6,M3_IMBALANCED,42,B,L2,F3,H1,V3,map_S10_M3_IMBALANCED_seed042,c62af919addc7a5b69895a731862301c565ae9c2cfa14c6266cc5e16ab3946de,279.227,475.271,191.983,395.268,25,1342,5.5877,0.0826,60.0,31.511,91.511,151.511,160.0,100.0,3.851,6.0,1.0,0.003,0.09,0.191,8702.507411,0.259499,0.0,3995,1410276,1410276,1.0,1742,1742,1.0,119904,0,1,S10|M3_IMBALANCED|42|B|L2|F3,true,false,false,/home/cyfer/FYP/WSN_simulation_V3/runs/S10_5000/outputs_production_50seed_part41_45/run_campaign_v3_S10_M3_IMBALANCED_B_L2_F3_H1_seed042_42_20260603_114421
campaign_v3_S10_M3_IMBALANCED_B_L2_F3_H1_seed043,campaign_v3_S10_M3_IMBALANCED_B_L2_F3_H1_seed043_43_20260603_114749,S10,5000,200,6,M3_IMBALANCED,43,B,L2,F3,H1,V3,map_S10_M3_IMBALANCED_seed043,84dd18344ce0a11b67a875060cf968b5046b5d436bff281a1a95c32ba3379016,268.068,493.295,195.684,394.375,25,1899,6.3313,0.089,60.0,31.665,91.665,151.665,160.0,100.0,3.773,6.0,1.0,0.003,0.111,0.144,8688.339885,0.262332,0.0,3983,1410041,1410041,1.0,1751,1751,1.0,119879,0,1,S10|M3_IMBALANCED|43|B|L2|F3,true,false,false,/home/cyfer/FYP/WSN_simulation_V3/runs/S10_5000/outputs_production_50seed_part41_45/run_campaign_v3_S10_M3_IMBALANCED_B_L2_F3_H1_seed043_43_20260603_114749
campaign_v3_S10_M3_IMBALANCED_B_L2_F3_H1_seed044,campaign_v3_S10_M3_IMBALANCED_B_L2_F3_H1_seed044_44_20260603_115115,S10,5000,200,6,M3_IMBALANCED,44,B,L2,F3,H1,V3,map_S10_M3_IMBALANCED_seed044,1b5765d705f332f23193e45bc0307d44d1ddbb0d79b5d7404e792d40e9a9d7ec,263.793,496.828,194.418,406.624,25,1939,6.9832,0.0918,60.0,31.693,91.693,151.693,160.0,100.0,3.737,6.0,1.0,0.003,0.14,0.102,8666.022067,0.266796,0.0,3967,1409806,1409806,1.0,1751,1751,1.0,119854,0,1,S10|M3_IMBALANCED|44|B|L2|F3,true,false,false,/home/cyfer/FYP/WSN_simulation_V3/runs/S10_5000/outputs_production_50seed_part41_45/run_campaign_v3_S10_M3_IMBALANCED_B_L2_F3_H1_seed044_44_20260603_115115
campaign_v3_S10_M3_IMBALANCED_B_L2_F3_H1_seed045,campaign_v3_S10_M3_IMBALANCED_B_L2_F3_H1_seed045_45_20260603_115448,S10,5000,200,6,M3_IMBALANCED,45,B,L2,F3,H1,V3,map_S10_M3_IMBALANCED_seed045,2e6383c655381bffc9bb2d5caad7c959dc472fbd037aa7d66192d9516f4374ea,269.801,501.14,193.271,401.301,25,1899,7.0658,0.081,60.0,31.081,91.081,151.081,160.0,100.0,3.571,6.0,1.0,0.001,0.024,0.165,8712.945644,0.257411,0.0,3999,1410981,1410981,1.0,1751,1751,1.0,119979,0,1,S10|M3_IMBALANCED|45|B|L2|F3,true,false,false,/home/cyfer/FYP/WSN_simulation_V3/runs/S10_5000/outputs_production_50seed_part41_45/run_campaign_v3_S10_M3_IMBALANCED_B_L2_F3_H1_seed045_45_20260603_115448
campaign_v3_S10_M3_IMBALANCED_B_L2_F3_H3_seed041,campaign_v3_S10_M3_IMBALANCED_B_L2_F3_H3_seed041_41_20260603_114042,S10,5000,200,6,M3_IMBALANCED,41,B,L2,F3,H3,V3,map_S10_M3_IMBALANCED_seed041,d345ecf609c38e58087b969dd9bc7f958cef0e82cd62aa3ec847e5050b38dbf5,269.783,504.907,192.559,398.296,25,1893,6.3085,0.0978,60.0,37.379,97.379,157.379,160.0,100.0,3.684,6.0,1.0,0.002,0.077,0.149,8670.874438,0.265825,0.0,3961,1410511,1410511,1.0,1778,1778,1.0,119929,0,1,S10|M3_IMBALANCED|41|B|L2|F3,true,false,false,/home/cyfer/FYP/WSN_simulation_V3/runs/S10_5000/outputs_production_50seed_part41_45/run_campaign_v3_S10_M3_IMBALANCED_B_L2_F3_H3_seed041_41_20260603_114042
campaign_v3_S10_M3_IMBALANCED_B_L2_F3_H3_seed042,campaign_v3_S10_M3_IMBALANCED_B_L2_F3_H3_seed042_42_20260603_114424,S10,5000,200,6,M3_IMBALANCED,42,B,L2,F3,H3,V3,map_S10_M3_IMBALANCED_seed042,c62af919addc7a5b69895a731862301c565ae9c2cfa14c6266cc5e16ab3946de,279.227,475.271,191.983,395.268,25,1342,5.5877,0.0826,60.0,37.171,97.171,157.171,160.0,100.0,3.851,6.0,1.0,0.003,0.09,0.191,8702.510064,0.259498,0.0,3995,1410276,1410276,1.0,1742,1742,1.0,119904,0,1,S10|M3_IMBALANCED|42|B|L2|F3,true,false,false,/home/cyfer/FYP/WSN_simulation_V3/runs/S10_5000/outputs_production_50seed_part41_45/run_campaign_v3_S10_M3_IMBALANCED_B_L2_F3_H3_seed042_42_20260603_114424
campaign_v3_S10_M3_IMBALANCED_B_L2_F3_H3_seed043,campaign_v3_S10_M3_IMBALANCED_B_L2_F3_H3_seed043_43_20260603_114752,S10,5000,200,6,M3_IMBALANCED,43,B,L2,F3,H3,V3,map_S10_M3_IMBALANCED_seed043,84dd18344ce0a11b67a875060cf968b5046b5d436bff281a1a95c32ba3379016,268.068,493.295,195.684,394.375,25,1899,6.3313,0.089,60.0,37.21,97.21,157.21,160.0,100.0,3.773,6.0,1.0,0.003,0.111,0.144,8688.345976,0.262331,0.0,3983,1410041,1410041,1.0,1751,1751,1.0,119879,0,1,S10|M3_IMBALANCED|43|B|L2|F3,true,false,false,/home/cyfer/FYP/WSN_simulation_V3/runs/S10_5000/outputs_production_50seed_part41_45/run_campaign_v3_S10_M3_IMBALANCED_B_L2_F3_H3_seed043_43_20260603_114752
campaign_v3_S10_M3_IMBALANCED_B_L2_F3_H3_seed044,campaign_v3_S10_M3_IMBALANCED_B_L2_F3_H3_seed044_44_20260603_115118,S10,5000,200,6,M3_IMBALANCED,44,B,L2,F3,H3,V3,map_S10_M3_IMBALANCED_seed044,1b5765d705f332f23193e45bc0307d44d1ddbb0d79b5d7404e792d40e9a9d7ec,263.793,496.828,194.418,406.624,25,1939,6.9832,0.0918,60.0,37.393,97.393,157.393,160.0,100.0,3.737,6.0,1.0,0.003,0.14,0.102,8666.022757,0.266795,0.0,3967,1409806,1409806,1.0,1751,1751,1.0,119854,0,1,S10|M3_IMBALANCED|44|B|L2|F3,true,false,false,/home/cyfer/FYP/WSN_simulation_V3/runs/S10_5000/outputs_production_50seed_part41_45/run_campaign_v3_S10_M3_IMBALANCED_B_L2_F3_H3_seed044_44_20260603_115118
campaign_v3_S10_M3_IMBALANCED_B_L2_F3_H3_seed045,campaign_v3_S10_M3_IMBALANCED_B_L2_F3_H3_seed045_45_20260603_115450,S10,5000,200,6,M3_IMBALANCED,45,B,L2,F3,H3,V3,map_S10_M3_IMBALANCED_seed045,2e6383c655381bffc9bb2d5caad7c959dc472fbd037aa7d66192d9516f4374ea,269.801,501.14,193.271,401.301,25,1899,7.0658,0.081,60.0,36.854,96.854,156.854,160.0,100.0,3.571,6.0,1.0,0.001,0.024,0.165,8712.945644,0.257411,0.0,3999,1410981,1410981,1.0,1751,1751,1.0,119979,0,1,S10|M3_IMBALANCED|45|B|L2|F3,true,false,false,/home/cyfer/FYP/WSN_simulation_V3/runs/S10_5000/outputs_production_50seed_part41_45/run_campaign_v3_S10_M3_IMBALANCED_B_L2_F3_H3_seed045_45_20260603_115450
campaign_v3_S10_M3_IMBALANCED_B_L2_F3_H4_seed041,campaign_v3_S10_M3_IMBALANCED_B_L2_F3_H4_seed041_41_20260603_114045,S10,5000,200,6,M3_IMBALANCED,41,B,L2,F3,H4,V3,map_S10_M3_IMBALANCED_seed041,d345ecf609c38e58087b969dd9bc7f958cef0e82cd62aa3ec847e5050b38dbf5,269.783,504.907,192.559,398.296,25,1893,6.3085,0.0978,60.0,41.532,101.532,161.532,170.0,110.0,3.684,6.0,1.0,0.002,0.077,0.149,8670.862527,0.265827,0.0,3961,1410511,1410511,1.0,1778,1778,1.0,119929,0,1,S10|M3_IMBALANCED|41|B|L2|F3,true,false,false,/home/cyfer/FYP/WSN_simulation_V3/runs/S10_5000/outputs_production_50seed_part41_45/run_campaign_v3_S10_M3_IMBALANCED_B_L2_F3_H4_seed041_41_20260603_114045
campaign_v3_S10_M3_IMBALANCED_B_L2_F3_H4_seed042,campaign_v3_S10_M3_IMBALANCED_B_L2_F3_H4_seed042_42_20260603_114426,S10,5000,200,6,M3_IMBALANCED,42,B,L2,F3,H4,V3,map_S10_M3_IMBALANCED_seed042,c62af919addc7a5b69895a731862301c565ae9c2cfa14c6266cc5e16ab3946de,279.227,475.271,191.983,395.268,25,1342,5.5877,0.0826,60.0,41.225,101.225,161.225,170.0,110.0,3.851,6.0,1.0,0.003,0.09,0.191,8702.507411,0.259499,0.0,3995,1410276,1410276,1.0,1742,1742,1.0,119904,0,1,S10|M3_IMBALANCED|42|B|L2|F3,true,false,false,/home/cyfer/FYP/WSN_simulation_V3/runs/S10_5000/outputs_production_50seed_part41_45/run_campaign_v3_S10_M3_IMBALANCED_B_L2_F3_H4_seed042_42_20260603_114426
campaign_v3_S10_M3_IMBALANCED_B_L2_F3_H4_seed043,campaign_v3_S10_M3_IMBALANCED_B_L2_F3_H4_seed043_43_20260603_114754,S10,5000,200,6,M3_IMBALANCED,43,B,L2,F3,H4,V3,map_S10_M3_IMBALANCED_seed043,84dd18344ce0a11b67a875060cf968b5046b5d436bff281a1a95c32ba3379016,268.068,493.295,195.684,394.375,25,1899,6.3313,0.089,60.0,41.338,101.338,161.338,170.0,110.0,3.773,6.0,1.0,0.003,0.111,0.144,8688.339885,0.262332,0.0,3983,1410041,1410041,1.0,1751,1751,1.0,119879,0,1,S10|M3_IMBALANCED|43|B|L2|F3,true,false,false,/home/cyfer/FYP/WSN_simulation_V3/runs/S10_5000/outputs_production_50seed_part41_45/run_campaign_v3_S10_M3_IMBALANCED_B_L2_F3_H4_seed043_43_20260603_114754
campaign_v3_S10_M3_IMBALANCED_B_L2_F3_H4_seed044,campaign_v3_S10_M3_IMBALANCED_B_L2_F3_H4_seed044_44_20260603_115121,S10,5000,200,6,M3_IMBALANCED,44,B,L2,F3,H4,V3,map_S10_M3_IMBALANCED_seed044,1b5765d705f332f23193e45bc0307d44d1ddbb0d79b5d7404e792d40e9a9d7ec,263.793,496.828,194.418,406.624,25,1939,6.9832,0.0918,60.0,41.405,101.405,161.405,170.0,110.0,3.737,6.0,1.0,0.003,0.14,0.102,8666.022067,0.266796,0.0,3967,1409806,1409806,1.0,1751,1751,1.0,119854,0,1,S10|M3_IMBALANCED|44|B|L2|F3,true,false,false,/home/cyfer/FYP/WSN_simulation_V3/runs/S10_5000/outputs_production_50seed_part41_45/run_campaign_v3_S10_M3_IMBALANCED_B_L2_F3_H4_seed044_44_20260603_115121
campaign_v3_S10_M3_IMBALANCED_B_L2_F3_H4_seed045,campaign_v3_S10_M3_IMBALANCED_B_L2_F3_H4_seed045_45_20260603_115453,S10,5000,200,6,M3_IMBALANCED,45,B,L2,F3,H4,V3,map_S10_M3_IMBALANCED_seed045,2e6383c655381bffc9bb2d5caad7c959dc472fbd037aa7d66192d9516f4374ea,269.801,501.14,193.271,401.301,25,1899,7.0658,0.081,60.0,41.197,101.197,161.197,170.0,110.0,3.571,6.0,1.0,0.001,0.024,0.165,8712.945644,0.257411,0.0,3999,1410981,1410981,1.0,1751,1751,1.0,119979,0,1,S10|M3_IMBALANCED|45|B|L2|F3,true,false,false,/home/cyfer/FYP/WSN_simulation_V3/runs/S10_5000/outputs_production_50seed_part41_45/run_campaign_v3_S10_M3_IMBALANCED_B_L2_F3_H4_seed045_45_20260603_115453
campaign_v3_S10_M3_IMBALANCED_B_L2_F4_H0_seed041,campaign_v3_S10_M3_IMBALANCED_B_L2_F4_H0_seed041_41_20260603_114014,S10,5000,200,6,M3_IMBALANCED,41,B,L2,F4,H0,V2,map_S10_M3_IMBALANCED_seed041,d345ecf609c38e58087b969dd9bc7f958cef0e82cd62aa3ec847e5050b38dbf5,269.783,504.907,192.559,398.296,25,1893,6.3085,0.0978,60.0,-1.0,-1.0,-1.0,-1.0,-1.0,0.0,0.0,0.0,0.0,0.0,0.0,8668.662867,0.266267,0.0,3961,1409790,1409790,1.0,1774,1774,1.0,120030,1,0,S10|M3_IMBALANCED|41|B|L2|F4,false,false,true,/home/cyfer/FYP/WSN_simulation_V3/runs/S10_5000/outputs_production_50seed_part41_45/run_campaign_v3_S10_M3_IMBALANCED_B_L2_F4_H0_seed041_41_20260603_114014
campaign_v3_S10_M3_IMBALANCED_B_L2_F4_H0_seed042,campaign_v3_S10_M3_IMBALANCED_B_L2_F4_H0_seed042_42_20260603_114356,S10,5000,200,6,M3_IMBALANCED,42,B,L2,F4,H0,V2,map_S10_M3_IMBALANCED_seed042,c62af919addc7a5b69895a731862301c565ae9c2cfa14c6266cc5e16ab3946de,279.227,475.271,191.983,395.268,25,1342,5.5877,0.0826,60.0,-1.0,-1.0,-1.0,-1.0,-1.0,0.0,0.0,0.0,0.0,0.0,0.0,8703.307222,0.259339,0.0,3995,1410730,1410730,1.0,1738,1738,1.0,120010,1,0,S10|M3_IMBALANCED|42|B|L2|F4,false,false,true,/home/cyfer/FYP/WSN_simulation_V3/runs/S10_5000/outputs_production_50seed_part41_45/run_campaign_v3_S10_M3_IMBALANCED_B_L2_F4_H0_seed042_42_20260603_114356
campaign_v3_S10_M3_IMBALANCED_B_L2_F4_H0_seed043,campaign_v3_S10_M3_IMBALANCED_B_L2_F4_H0_seed043_43_20260603_114723,S10,5000,200,6,M3_IMBALANCED,43,B,L2,F4,H0,V2,map_S10_M3_IMBALANCED_seed043,84dd18344ce0a11b67a875060cf968b5046b5d436bff281a1a95c32ba3379016,268.068,493.295,195.684,394.375,25,1899,6.3313,0.089,60.0,-1.0,-1.0,-1.0,-1.0,-1.0,0.0,0.0,0.0,0.0,0.0,0.0,8687.97737,0.262405,0.0,3983,1410025,1410025,1.0,1747,1747,1.0,120025,1,0,S10|M3_IMBALANCED|43|B|L2|F4,false,false,true,/home/cyfer/FYP/WSN_simulation_V3/runs/S10_5000/outputs_production_50seed_part41_45/run_campaign_v3_S10_M3_IMBALANCED_B_L2_F4_H0_seed043_43_20260603_114723
campaign_v3_S10_M3_IMBALANCED_B_L2_F4_H0_seed044,campaign_v3_S10_M3_IMBALANCED_B_L2_F4_H0_seed044_44_20260603_115050,S10,5000,200,6,M3_IMBALANCED,44,B,L2,F4,H0,V2,map_S10_M3_IMBALANCED_seed044,1b5765d705f332f23193e45bc0307d44d1ddbb0d79b5d7404e792d40e9a9d7ec,263.793,496.828,194.418,406.624,25,1939,6.9832,0.0918,60.0,-1.0,-1.0,-1.0,-1.0,-1.0,0.0,0.0,0.0,0.0,0.0,0.0,8664.239297,0.267152,0.0,3966,1409320,1409320,1.0,1747,1747,1.0,120040,1,0,S10|M3_IMBALANCED|44|B|L2|F4,false,false,true,/home/cyfer/FYP/WSN_simulation_V3/runs/S10_5000/outputs_production_50seed_part41_45/run_campaign_v3_S10_M3_IMBALANCED_B_L2_F4_H0_seed044_44_20260603_115050
campaign_v3_S10_M3_IMBALANCED_B_L2_F4_H0_seed045,campaign_v3_S10_M3_IMBALANCED_B_L2_F4_H0_seed045_45_20260603_115422,S10,5000,200,6,M3_IMBALANCED,45,B,L2,F4,H0,V2,map_S10_M3_IMBALANCED_seed045,2e6383c655381bffc9bb2d5caad7c959dc472fbd037aa7d66192d9516f4374ea,269.801,501.14,193.271,401.301,25,1899,7.0658,0.081,60.0,-1.0,-1.0,-1.0,-1.0,-1.0,0.0,0.0,0.0,0.0,0.0,0.0,8710.486011,0.257903,0.0,3999,1410260,1410260,1.0,1747,1747,1.0,120020,1,0,S10|M3_IMBALANCED|45|B|L2|F4,false,false,true,/home/cyfer/FYP/WSN_simulation_V3/runs/S10_5000/outputs_production_50seed_part41_45/run_campaign_v3_S10_M3_IMBALANCED_B_L2_F4_H0_seed045_45_20260603_115422
campaign_v3_S10_M3_IMBALANCED_B_L2_F4_H1_seed041,campaign_v3_S10_M3_IMBALANCED_B_L2_F4_H1_seed041_41_20260603_114048,S10,5000,200,6,M3_IMBALANCED,41,B,L2,F4,H1,V3,map_S10_M3_IMBALANCED_seed041,d345ecf609c38e58087b969dd9bc7f958cef0e82cd62aa3ec847e5050b38dbf5,269.783,504.907,192.559,398.296,25,1893,6.3085,0.0978,60.0,36.933,96.933,156.933,160.0,100.0,3.546,6.0,1.0,0.003,0.141,0.038,8669.283391,0.266143,0.0,3961,1409944,1409944,1.0,1778,1778,1.0,119854,0,1,S10|M3_IMBALANCED|41|B|L2|F4,true,false,false,/home/cyfer/FYP/WSN_simulation_V3/runs/S10_5000/outputs_production_50seed_part41_45/run_campaign_v3_S10_M3_IMBALANCED_B_L2_F4_H1_seed041_41_20260603_114048
campaign_v3_S10_M3_IMBALANCED_B_L2_F4_H1_seed042,campaign_v3_S10_M3_IMBALANCED_B_L2_F4_H1_seed042_42_20260603_114429,S10,5000,200,6,M3_IMBALANCED,42,B,L2,F4,H1,V3,map_S10_M3_IMBALANCED_seed042,c62af919addc7a5b69895a731862301c565ae9c2cfa14c6266cc5e16ab3946de,279.227,475.271,191.983,395.268,25,1342,5.5877,0.0826,60.0,37.44,97.44,157.44,160.0,100.0,3.474,6.0,1.0,0.001,0.052,0.105,8703.565038,0.259287,0.0,3995,1410790,1410790,1.0,1742,1742,1.0,119954,0,1,S10|M3_IMBALANCED|42|B|L2|F4,true,false,false,/home/cyfer/FYP/WSN_simulation_V3/runs/S10_5000/outputs_production_50seed_part41_45/run_campaign_v3_S10_M3_IMBALANCED_B_L2_F4_H1_seed042_42_20260603_114429
campaign_v3_S10_M3_IMBALANCED_B_L2_F4_H1_seed043,campaign_v3_S10_M3_IMBALANCED_B_L2_F4_H1_seed043_43_20260603_114757,S10,5000,200,6,M3_IMBALANCED,43,B,L2,F4,H1,V3,map_S10_M3_IMBALANCED_seed043,84dd18344ce0a11b67a875060cf968b5046b5d436bff281a1a95c32ba3379016,268.068,493.295,195.684,394.375,25,1899,6.3313,0.089,60.0,37.192,97.192,157.192,160.0,100.0,3.674,6.0,1.0,0.003,0.115,0.107,8688.421143,0.262316,0.0,3983,1410151,1410151,1.0,1751,1751,1.0,119879,0,1,S10|M3_IMBALANCED|43|B|L2|F4,true,false,false,/home/cyfer/FYP/WSN_simulation_V3/runs/S10_5000/outputs_production_50seed_part41_45/run_campaign_v3_S10_M3_IMBALANCED_B_L2_F4_H1_seed043_43_20260603_114757
campaign_v3_S10_M3_IMBALANCED_B_L2_F4_H1_seed044,campaign_v3_S10_M3_IMBALANCED_B_L2_F4_H1_seed044_44_20260603_115124,S10,5000,200,6,M3_IMBALANCED,44,B,L2,F4,H1,V3,map_S10_M3_IMBALANCED_seed044,1b5765d705f332f23193e45bc0307d44d1ddbb0d79b5d7404e792d40e9a9d7ec,263.793,496.828,194.418,406.624,25,1939,6.9832,0.0918,60.0,36.935,96.935,156.935,160.0,100.0,3.71,6.0,1.0,0.004,0.188,0.044,8665.010788,0.266998,0.0,3966,1409520,1409520,1.0,1751,1751,1.0,119804,0,1,S10|M3_IMBALANCED|44|B|L2|F4,true,false,false,/home/cyfer/FYP/WSN_simulation_V3/runs/S10_5000/outputs_production_50seed_part41_45/run_campaign_v3_S10_M3_IMBALANCED_B_L2_F4_H1_seed044_44_20260603_115124
campaign_v3_S10_M3_IMBALANCED_B_L2_F4_H1_seed045,campaign_v3_S10_M3_IMBALANCED_B_L2_F4_H1_seed045_45_20260603_115455,S10,5000,200,6,M3_IMBALANCED,45,B,L2,F4,H1,V3,map_S10_M3_IMBALANCED_seed045,2e6383c655381bffc9bb2d5caad7c959dc472fbd037aa7d66192d9516f4374ea,269.801,501.14,193.271,401.301,25,1899,7.0658,0.081,60.0,37.587,97.587,157.587,160.0,100.0,3.666,6.0,1.0,0.002,0.094,0.126,8710.888498,0.257822,0.0,3999,1410364,1410364,1.0,1751,1751,1.0,119904,0,1,S10|M3_IMBALANCED|45|B|L2|F4,true,false,false,/home/cyfer/FYP/WSN_simulation_V3/runs/S10_5000/outputs_production_50seed_part41_45/run_campaign_v3_S10_M3_IMBALANCED_B_L2_F4_H1_seed045_45_20260603_115455
campaign_v3_S10_M3_IMBALANCED_B_L2_F4_H3_seed041,campaign_v3_S10_M3_IMBALANCED_B_L2_F4_H3_seed041_41_20260603_114054,S10,5000,200,6,M3_IMBALANCED,41,B,L2,F4,H3,V3,map_S10_M3_IMBALANCED_seed041,d345ecf609c38e58087b969dd9bc7f958cef0e82cd62aa3ec847e5050b38dbf5,269.783,504.907,192.559,398.296,25,1893,6.3085,0.0978,60.0,42.658,102.658,162.658,170.0,110.0,3.546,6.0,1.0,0.003,0.141,0.038,8668.926261,0.266215,0.0,3961,1409857,1409857,1.0,1778,1778,1.0,119854,0,1,S10|M3_IMBALANCED|41|B|L2|F4,true,false,false,/home/cyfer/FYP/WSN_simulation_V3/runs/S10_5000/outputs_production_50seed_part41_45/run_campaign_v3_S10_M3_IMBALANCED_B_L2_F4_H3_seed041_41_20260603_114054
campaign_v3_S10_M3_IMBALANCED_B_L2_F4_H3_seed042,campaign_v3_S10_M3_IMBALANCED_B_L2_F4_H3_seed042_42_20260603_114431,S10,5000,200,6,M3_IMBALANCED,42,B,L2,F4,H3,V3,map_S10_M3_IMBALANCED_seed042,c62af919addc7a5b69895a731862301c565ae9c2cfa14c6266cc5e16ab3946de,279.227,475.271,191.983,395.268,25,1342,5.5877,0.0826,60.0,43.401,103.401,163.401,170.0,110.0,3.474,6.0,1.0,0.001,0.052,0.105,8703.516311,0.259297,0.0,3995,1410762,1410762,1.0,1742,1742,1.0,119954,0,1,S10|M3_IMBALANCED|42|B|L2|F4,true,false,false,/home/cyfer/FYP/WSN_simulation_V3/runs/S10_5000/outputs_production_50seed_part41_45/run_campaign_v3_S10_M3_IMBALANCED_B_L2_F4_H3_seed042_42_20260603_114431
campaign_v3_S10_M3_IMBALANCED_B_L2_F4_H3_seed043,campaign_v3_S10_M3_IMBALANCED_B_L2_F4_H3_seed043_43_20260603_114800,S10,5000,200,6,M3_IMBALANCED,43,B,L2,F4,H3,V3,map_S10_M3_IMBALANCED_seed043,84dd18344ce0a11b67a875060cf968b5046b5d436bff281a1a95c32ba3379016,268.068,493.295,195.684,394.375,25,1899,6.3313,0.089,60.0,42.792,102.792,162.792,170.0,110.0,3.674,6.0,1.0,0.003,0.115,0.107,8688.2182,0.262356,0.0,3983,1410092,1410092,1.0,1751,1751,1.0,119879,0,1,S10|M3_IMBALANCED|43|B|L2|F4,true,false,false,/home/cyfer/FYP/WSN_simulation_V3/runs/S10_5000/outputs_production_50seed_part41_45/run_campaign_v3_S10_M3_IMBALANCED_B_L2_F4_H3_seed043_43_20260603_114800
campaign_v3_S10_M3_IMBALANCED_B_L2_F4_H3_seed044,campaign_v3_S10_M3_IMBALANCED_B_L2_F4_H3_seed044_44_20260603_115126,S10,5000,200,6,M3_IMBALANCED,44,B,L2,F4,H3,V3,map_S10_M3_IMBALANCED_seed044,1b5765d705f332f23193e45bc0307d44d1ddbb0d79b5d7404e792d40e9a9d7ec,263.793,496.828,194.418,406.624,25,1939,6.9832,0.0918,60.0,43.329,103.329,163.329,170.0,110.0,3.71,6.0,1.0,0.004,0.188,0.044,8664.598805,0.26708,0.0,3966,1409400,1409400,1.0,1751,1751,1.0,119804,0,1,S10|M3_IMBALANCED|44|B|L2|F4,true,false,false,/home/cyfer/FYP/WSN_simulation_V3/runs/S10_5000/outputs_production_50seed_part41_45/run_campaign_v3_S10_M3_IMBALANCED_B_L2_F4_H3_seed044_44_20260603_115126
campaign_v3_S10_M3_IMBALANCED_B_L2_F4_H3_seed045,campaign_v3_S10_M3_IMBALANCED_B_L2_F4_H3_seed045_45_20260603_115458,S10,5000,200,6,M3_IMBALANCED,45,B,L2,F4,H3,V3,map_S10_M3_IMBALANCED_seed045,2e6383c655381bffc9bb2d5caad7c959dc472fbd037aa7d66192d9516f4374ea,269.801,501.14,193.271,401.301,25,1899,7.0658,0.081,60.0,43.632,103.632,163.632,170.0,110.0,3.666,6.0,1.0,0.002,0.094,0.126,8710.705179,0.257859,0.0,3999,1410308,1410308,1.0,1751,1751,1.0,119904,0,1,S10|M3_IMBALANCED|45|B|L2|F4,true,false,false,/home/cyfer/FYP/WSN_simulation_V3/runs/S10_5000/outputs_production_50seed_part41_45/run_campaign_v3_S10_M3_IMBALANCED_B_L2_F4_H3_seed045_45_20260603_115458
campaign_v3_S10_M3_IMBALANCED_B_L2_F4_H4_seed041,campaign_v3_S10_M3_IMBALANCED_B_L2_F4_H4_seed041_41_20260603_114056,S10,5000,200,6,M3_IMBALANCED,41,B,L2,F4,H4,V3,map_S10_M3_IMBALANCED_seed041,d345ecf609c38e58087b969dd9bc7f958cef0e82cd62aa3ec847e5050b38dbf5,269.783,504.907,192.559,398.296,25,1893,6.3085,0.0978,60.0,47.5,107.5,167.5,170.0,110.0,3.546,6.0,1.0,0.003,0.141,0.038,8668.761292,0.266248,0.0,3961,1409767,1409767,1.0,1778,1778,1.0,119833,0,1,S10|M3_IMBALANCED|41|B|L2|F4,true,false,false,/home/cyfer/FYP/WSN_simulation_V3/runs/S10_5000/outputs_production_50seed_part41_45/run_campaign_v3_S10_M3_IMBALANCED_B_L2_F4_H4_seed041_41_20260603_114056
campaign_v3_S10_M3_IMBALANCED_B_L2_F4_H4_seed042,campaign_v3_S10_M3_IMBALANCED_B_L2_F4_H4_seed042_42_20260603_114434,S10,5000,200,6,M3_IMBALANCED,42,B,L2,F4,H4,V3,map_S10_M3_IMBALANCED_seed042,c62af919addc7a5b69895a731862301c565ae9c2cfa14c6266cc5e16ab3946de,279.227,475.271,191.983,395.268,25,1342,5.5877,0.0826,60.0,46.613,106.613,166.613,170.0,110.0,3.474,6.0,1.0,0.001,0.052,0.105,8700.475356,0.259905,0.0,3994,1409764,1409764,1.0,1742,1742,1.0,119758,0,1,S10|M3_IMBALANCED|42|B|L2|F4,true,false,false,/home/cyfer/FYP/WSN_simulation_V3/runs/S10_5000/outputs_production_50seed_part41_45/run_campaign_v3_S10_M3_IMBALANCED_B_L2_F4_H4_seed042_42_20260603_114434
campaign_v3_S10_M3_IMBALANCED_B_L2_F4_H4_seed043,campaign_v3_S10_M3_IMBALANCED_B_L2_F4_H4_seed043_43_20260603_114802,S10,5000,200,6,M3_IMBALANCED,43,B,L2,F4,H4,V3,map_S10_M3_IMBALANCED_seed043,84dd18344ce0a11b67a875060cf968b5046b5d436bff281a1a95c32ba3379016,268.068,493.295,195.684,394.375,25,1899,6.3313,0.089,60.0,47.484,107.484,167.484,170.0,110.0,3.674,6.0,1.0,0.003,0.115,0.107,8686.922864,0.262615,0.0,3983,1409736,1409736,1.0,1751,1751,1.0,119808,0,1,S10|M3_IMBALANCED|43|B|L2|F4,true,false,false,/home/cyfer/FYP/WSN_simulation_V3/runs/S10_5000/outputs_production_50seed_part41_45/run_campaign_v3_S10_M3_IMBALANCED_B_L2_F4_H4_seed043_43_20260603_114802
campaign_v3_S10_M3_IMBALANCED_B_L2_F4_H4_seed044,campaign_v3_S10_M3_IMBALANCED_B_L2_F4_H4_seed044_44_20260603_115129,S10,5000,200,6,M3_IMBALANCED,44,B,L2,F4,H4,V3,map_S10_M3_IMBALANCED_seed044,1b5765d705f332f23193e45bc0307d44d1ddbb0d79b5d7404e792d40e9a9d7ec,263.793,496.828,194.418,406.624,25,1939,6.9832,0.0918,60.0,47.708,107.708,167.708,170.0,110.0,3.71,6.0,1.0,0.004,0.188,0.044,8663.239985,0.267352,0.0,3966,1408940,1408940,1.0,1751,1751,1.0,119708,0,1,S10|M3_IMBALANCED|44|B|L2|F4,true,false,false,/home/cyfer/FYP/WSN_simulation_V3/runs/S10_5000/outputs_production_50seed_part41_45/run_campaign_v3_S10_M3_IMBALANCED_B_L2_F4_H4_seed044_44_20260603_115129
campaign_v3_S10_M3_IMBALANCED_B_L2_F4_H4_seed045,campaign_v3_S10_M3_IMBALANCED_B_L2_F4_H4_seed045_45_20260603_115501,S10,5000,200,6,M3_IMBALANCED,45,B,L2,F4,H4,V3,map_S10_M3_IMBALANCED_seed045,2e6383c655381bffc9bb2d5caad7c959dc472fbd037aa7d66192d9516f4374ea,269.801,501.14,193.271,401.301,25,1899,7.0658,0.081,60.0,47.408,107.408,167.408,170.0,110.0,3.666,6.0,1.0,0.002,0.094,0.126,8707.812738,0.258437,0.0,3998,1409451,1409451,1.0,1751,1751,1.0,119733,0,1,S10|M3_IMBALANCED|45|B|L2|F4,true,false,false,/home/cyfer/FYP/WSN_simulation_V3/runs/S10_5000/outputs_production_50seed_part41_45/run_campaign_v3_S10_M3_IMBALANCED_B_L2_F4_H4_seed045_45_20260603_115501
