run_id,external_run_id,scale,node_count,cluster_count,bs_count,map_profile,seed,architecture,load,failure_family,healing_id,variant,map_id,map_signature,mean_node_to_ch_distance,max_node_to_ch_distance,mean_ch_to_bs_distance,max_ch_to_bs_distance,cluster_size_mean,cluster_size_max,cluster_size_cv,long_link_ratio,failure_time_s,recovery_applied_delay_s,recovery_applied_s,recovery_event_time_s,first_recovered_aggregate_s,traffic_recovery_delay_s,recovery_stress_score,recovery_map_profile_penalty_s,recovery_queue_norm,recovery_cluster_norm,recovery_energy_norm,recovery_distance_norm,consumed_j,avg_res_j,min_res_j,low_nodes,raw_tx,raw_rx,raw_delivery_ratio,agg_tx,agg_rx,agg_delivery_ratio,pending_raw_total,failed_chs,recovered_clusters,candidate_group_key,is_healing_case,is_baseline,is_failure_no_healing,source_output_dir
campaign_v3_S8_M1_BALANCED_A_L1_F0_H0_seed041,campaign_v3_S8_M1_BALANCED_A_L1_F0_H0_seed041_41_20260602_115935,S8,4000,160,5,M1_BALANCED,41,A,L1,F0,H0,V1,map_S8_M1_BALANCED_seed041,68d20f4a20dae27e58437a6a0234e4cd38c27d53bc85499ff9d7ad1e9144bfc3,31.945,63.772,183.968,362.941,25,45,0.3044,0.1175,0.0,-1.0,-1.0,-1.0,-1.0,-1.0,0.0,0.0,0.0,0.0,0.0,0.0,2050.462119,1.487384,0.0,159,1128960,1128960,1.0,1440,1440,1.0,96000,0,0,S8|M1_BALANCED|41|A|L1|F0,false,true,false,/home/cyfer/FYP/WSN_simulation_V3/runs/S8_4000/outputs_production_50seed_part41_45/run_campaign_v3_S8_M1_BALANCED_A_L1_F0_H0_seed041_41_20260602_115935
campaign_v3_S8_M1_BALANCED_A_L1_F0_H0_seed042,campaign_v3_S8_M1_BALANCED_A_L1_F0_H0_seed042_42_20260602_120103,S8,4000,160,5,M1_BALANCED,42,A,L1,F0,H0,V1,map_S8_M1_BALANCED_seed042,49089386c52a5814fc7f4a1ba6efa21857f297d94e8de7d88a9e29caed97bde1,31.6,61.937,185.062,352.228,25,46,0.3327,0.1353,0.0,-1.0,-1.0,-1.0,-1.0,-1.0,0.0,0.0,0.0,0.0,0.0,0.0,2041.005853,1.489749,0.0,159,1128960,1128960,1.0,1440,1440,1.0,96000,0,0,S8|M1_BALANCED|42|A|L1|F0,false,true,false,/home/cyfer/FYP/WSN_simulation_V3/runs/S8_4000/outputs_production_50seed_part41_45/run_campaign_v3_S8_M1_BALANCED_A_L1_F0_H0_seed042_42_20260602_120103
campaign_v3_S8_M1_BALANCED_A_L1_F0_H0_seed043,campaign_v3_S8_M1_BALANCED_A_L1_F0_H0_seed043_43_20260602_120224,S8,4000,160,5,M1_BALANCED,43,A,L1,F0,H0,V1,map_S8_M1_BALANCED_seed043,3a6ba487e0cc7f72992fedce7ca348c90cfe195fd410db343348095e59687537,31.909,64.317,185.925,352.107,25,49,0.3446,0.1285,0.0,-1.0,-1.0,-1.0,-1.0,-1.0,0.0,0.0,0.0,0.0,0.0,0.0,2050.323211,1.487419,0.0,158,1128960,1128960,1.0,1440,1440,1.0,96000,0,0,S8|M1_BALANCED|43|A|L1|F0,false,true,false,/home/cyfer/FYP/WSN_simulation_V3/runs/S8_4000/outputs_production_50seed_part41_45/run_campaign_v3_S8_M1_BALANCED_A_L1_F0_H0_seed043_43_20260602_120224
campaign_v3_S8_M1_BALANCED_A_L1_F0_H0_seed044,campaign_v3_S8_M1_BALANCED_A_L1_F0_H0_seed044_44_20260602_120347,S8,4000,160,5,M1_BALANCED,44,A,L1,F0,H0,V1,map_S8_M1_BALANCED_seed044,407afd02a69ba6c1a3589498aa72c5336073339b2940d87e8c0b117e76a2e886,32.181,65.381,187.068,352.156,25,54,0.3321,0.1202,0.0,-1.0,-1.0,-1.0,-1.0,-1.0,0.0,0.0,0.0,0.0,0.0,0.0,2059.411992,1.485147,0.0,159,1128960,1128960,1.0,1440,1440,1.0,96000,0,0,S8|M1_BALANCED|44|A|L1|F0,false,true,false,/home/cyfer/FYP/WSN_simulation_V3/runs/S8_4000/outputs_production_50seed_part41_45/run_campaign_v3_S8_M1_BALANCED_A_L1_F0_H0_seed044_44_20260602_120347
campaign_v3_S8_M1_BALANCED_A_L1_F0_H0_seed045,campaign_v3_S8_M1_BALANCED_A_L1_F0_H0_seed045_45_20260602_120510,S8,4000,160,5,M1_BALANCED,45,A,L1,F0,H0,V1,map_S8_M1_BALANCED_seed045,66d124306039184ee815a886f2c5b077d9ce0f4f78d9af0d2f2d9aea8bf58bb9,31.836,62.608,187.789,358.982,25,43,0.3351,0.1265,0.0,-1.0,-1.0,-1.0,-1.0,-1.0,0.0,0.0,0.0,0.0,0.0,0.0,2047.898509,1.488025,0.0,160,1128960,1128960,1.0,1440,1440,1.0,96000,0,0,S8|M1_BALANCED|45|A|L1|F0,false,true,false,/home/cyfer/FYP/WSN_simulation_V3/runs/S8_4000/outputs_production_50seed_part41_45/run_campaign_v3_S8_M1_BALANCED_A_L1_F0_H0_seed045_45_20260602_120510
campaign_v3_S8_M1_BALANCED_A_L1_F1_H0_seed041,campaign_v3_S8_M1_BALANCED_A_L1_F1_H0_seed041_41_20260602_115936,S8,4000,160,5,M1_BALANCED,41,A,L1,F1,H0,V2,map_S8_M1_BALANCED_seed041,68d20f4a20dae27e58437a6a0234e4cd38c27d53bc85499ff9d7ad1e9144bfc3,31.945,63.772,183.968,362.941,25,45,0.3044,0.1175,60.0,-1.0,-1.0,-1.0,-1.0,-1.0,0.0,0.0,0.0,0.0,0.0,0.0,2043.189453,1.488923,0.0,159,1124260,1124260,1.0,1432,1432,1.0,96100,1,0,S8|M1_BALANCED|41|A|L1|F1,false,false,true,/home/cyfer/FYP/WSN_simulation_V3/runs/S8_4000/outputs_production_50seed_part41_45/run_campaign_v3_S8_M1_BALANCED_A_L1_F1_H0_seed041_41_20260602_115936
campaign_v3_S8_M1_BALANCED_A_L1_F1_H0_seed042,campaign_v3_S8_M1_BALANCED_A_L1_F1_H0_seed042_42_20260602_120103,S8,4000,160,5,M1_BALANCED,42,A,L1,F1,H0,V2,map_S8_M1_BALANCED_seed042,49089386c52a5814fc7f4a1ba6efa21857f297d94e8de7d88a9e29caed97bde1,31.6,61.937,185.062,352.228,25,46,0.3327,0.1353,60.0,-1.0,-1.0,-1.0,-1.0,-1.0,0.0,0.0,0.0,0.0,0.0,0.0,2034.199147,1.49115,0.0,159,1124730,1124730,1.0,1432,1432,1.0,96090,1,0,S8|M1_BALANCED|42|A|L1|F1,false,false,true,/home/cyfer/FYP/WSN_simulation_V3/runs/S8_4000/outputs_production_50seed_part41_45/run_campaign_v3_S8_M1_BALANCED_A_L1_F1_H0_seed042_42_20260602_120103
campaign_v3_S8_M1_BALANCED_A_L1_F1_H0_seed043,campaign_v3_S8_M1_BALANCED_A_L1_F1_H0_seed043_43_20260602_120225,S8,4000,160,5,M1_BALANCED,43,A,L1,F1,H0,V2,map_S8_M1_BALANCED_seed043,3a6ba487e0cc7f72992fedce7ca348c90cfe195fd410db343348095e59687537,31.909,64.317,185.925,352.107,25,49,0.3446,0.1285,60.0,-1.0,-1.0,-1.0,-1.0,-1.0,0.0,0.0,0.0,0.0,0.0,0.0,2037.231798,1.490598,0.0,158,1120970,1120970,1.0,1432,1432,1.0,96170,1,0,S8|M1_BALANCED|43|A|L1|F1,false,false,true,/home/cyfer/FYP/WSN_simulation_V3/runs/S8_4000/outputs_production_50seed_part41_45/run_campaign_v3_S8_M1_BALANCED_A_L1_F1_H0_seed043_43_20260602_120225
campaign_v3_S8_M1_BALANCED_A_L1_F1_H0_seed044,campaign_v3_S8_M1_BALANCED_A_L1_F1_H0_seed044_44_20260602_120348,S8,4000,160,5,M1_BALANCED,44,A,L1,F1,H0,V2,map_S8_M1_BALANCED_seed044,407afd02a69ba6c1a3589498aa72c5336073339b2940d87e8c0b117e76a2e886,32.181,65.381,187.068,352.156,25,54,0.3321,0.1202,60.0,-1.0,-1.0,-1.0,-1.0,-1.0,0.0,0.0,0.0,0.0,0.0,0.0,2056.192714,1.485521,0.0,160,1127550,1127550,1.0,1432,1432,1.0,96030,1,0,S8|M1_BALANCED|44|A|L1|F1,false,false,true,/home/cyfer/FYP/WSN_simulation_V3/runs/S8_4000/outputs_production_50seed_part41_45/run_campaign_v3_S8_M1_BALANCED_A_L1_F1_H0_seed044_44_20260602_120348
campaign_v3_S8_M1_BALANCED_A_L1_F1_H0_seed045,campaign_v3_S8_M1_BALANCED_A_L1_F1_H0_seed045_45_20260602_120510,S8,4000,160,5,M1_BALANCED,45,A,L1,F1,H0,V2,map_S8_M1_BALANCED_seed045,66d124306039184ee815a886f2c5b077d9ce0f4f78d9af0d2f2d9aea8bf58bb9,31.836,62.608,187.789,358.982,25,43,0.3351,0.1265,60.0,-1.0,-1.0,-1.0,-1.0,-1.0,0.0,0.0,0.0,0.0,0.0,0.0,2036.531301,1.490727,0.0,160,1121675,1121675,1.0,1432,1432,1.0,96155,1,0,S8|M1_BALANCED|45|A|L1|F1,false,false,true,/home/cyfer/FYP/WSN_simulation_V3/runs/S8_4000/outputs_production_50seed_part41_45/run_campaign_v3_S8_M1_BALANCED_A_L1_F1_H0_seed045_45_20260602_120510
campaign_v3_S8_M1_BALANCED_A_L1_F1_H1_seed041,campaign_v3_S8_M1_BALANCED_A_L1_F1_H1_seed041_41_20260602_115942,S8,4000,160,5,M1_BALANCED,41,A,L1,F1,H1,V3,map_S8_M1_BALANCED_seed041,68d20f4a20dae27e58437a6a0234e4cd38c27d53bc85499ff9d7ad1e9144bfc3,31.945,63.772,183.968,362.941,25,45,0.3044,0.1175,60.0,17.12,77.12,137.12,140.0,80.0,7.707,0.0,1.0,0.455,1.0,0.114,2049.067278,1.487454,0.0,160,1127400,1127400,1.0,1437,1437,1.0,96000,0,1,S8|M1_BALANCED|41|A|L1|F1,true,false,false,/home/cyfer/FYP/WSN_simulation_V3/runs/S8_4000/outputs_production_50seed_part41_45/run_campaign_v3_S8_M1_BALANCED_A_L1_F1_H1_seed041_41_20260602_115942
campaign_v3_S8_M1_BALANCED_A_L1_F1_H1_seed042,campaign_v3_S8_M1_BALANCED_A_L1_F1_H1_seed042_42_20260602_120108,S8,4000,160,5,M1_BALANCED,42,A,L1,F1,H1,V3,map_S8_M1_BALANCED_seed042,49089386c52a5814fc7f4a1ba6efa21857f297d94e8de7d88a9e29caed97bde1,31.6,61.937,185.062,352.228,25,46,0.3327,0.1353,60.0,17.27,77.27,137.27,140.0,80.0,7.497,0.0,1.0,0.4,1.0,0.099,2039.65041,1.489787,0.0,160,1127556,1127556,1.0,1437,1437,1.0,96000,0,1,S8|M1_BALANCED|42|A|L1|F1,true,false,false,/home/cyfer/FYP/WSN_simulation_V3/runs/S8_4000/outputs_production_50seed_part41_45/run_campaign_v3_S8_M1_BALANCED_A_L1_F1_H1_seed042_42_20260602_120108
campaign_v3_S8_M1_BALANCED_A_L1_F1_H1_seed043,campaign_v3_S8_M1_BALANCED_A_L1_F1_H1_seed043_43_20260602_120230,S8,4000,160,5,M1_BALANCED,43,A,L1,F1,H1,V3,map_S8_M1_BALANCED_seed043,3a6ba487e0cc7f72992fedce7ca348c90cfe195fd410db343348095e59687537,31.909,64.317,185.925,352.107,25,49,0.3446,0.1285,60.0,18.62,78.62,138.62,140.0,80.0,8.635,0.0,1.0,0.708,1.0,0.17,2047.44154,1.488045,0.0,159,1126274,1126274,1.0,1437,1437,1.0,96000,0,1,S8|M1_BALANCED|43|A|L1|F1,true,false,false,/home/cyfer/FYP/WSN_simulation_V3/runs/S8_4000/outputs_production_50seed_part41_45/run_campaign_v3_S8_M1_BALANCED_A_L1_F1_H1_seed043_43_20260602_120230
campaign_v3_S8_M1_BALANCED_A_L1_F1_H1_seed044,campaign_v3_S8_M1_BALANCED_A_L1_F1_H1_seed044_44_20260602_120352,S8,4000,160,5,M1_BALANCED,44,A,L1,F1,H1,V3,map_S8_M1_BALANCED_seed044,407afd02a69ba6c1a3589498aa72c5336073339b2940d87e8c0b117e76a2e886,32.181,65.381,187.068,352.156,25,54,0.3321,0.1202,60.0,16.806,76.806,136.806,140.0,80.0,6.921,0.0,1.0,0.113,1.0,0.194,2058.014412,1.485066,0.0,160,1128498,1128498,1.0,1437,1437,1.0,96000,0,1,S8|M1_BALANCED|44|A|L1|F1,true,false,false,/home/cyfer/FYP/WSN_simulation_V3/runs/S8_4000/outputs_production_50seed_part41_45/run_campaign_v3_S8_M1_BALANCED_A_L1_F1_H1_seed044_44_20260602_120352
campaign_v3_S8_M1_BALANCED_A_L1_F1_H1_seed045,campaign_v3_S8_M1_BALANCED_A_L1_F1_H1_seed045_45_20260602_120515,S8,4000,160,5,M1_BALANCED,45,A,L1,F1,H1,V3,map_S8_M1_BALANCED_seed045,66d124306039184ee815a886f2c5b077d9ce0f4f78d9af0d2f2d9aea8bf58bb9,31.836,62.608,187.789,358.982,25,43,0.3351,0.1265,60.0,18.227,78.227,138.227,140.0,80.0,8.715,0.0,1.0,0.738,1.0,0.167,2045.507115,1.488483,0.0,161,1126511,1126511,1.0,1437,1437,1.0,96000,0,1,S8|M1_BALANCED|45|A|L1|F1,true,false,false,/home/cyfer/FYP/WSN_simulation_V3/runs/S8_4000/outputs_production_50seed_part41_45/run_campaign_v3_S8_M1_BALANCED_A_L1_F1_H1_seed045_45_20260602_120515
campaign_v3_S8_M1_BALANCED_A_L1_F1_H3_seed041,campaign_v3_S8_M1_BALANCED_A_L1_F1_H3_seed041_41_20260602_115944,S8,4000,160,5,M1_BALANCED,41,A,L1,F1,H3,V3,map_S8_M1_BALANCED_seed041,68d20f4a20dae27e58437a6a0234e4cd38c27d53bc85499ff9d7ad1e9144bfc3,31.945,63.772,183.968,362.941,25,45,0.3044,0.1175,60.0,23.132,83.132,143.132,150.0,90.0,7.707,0.0,1.0,0.455,1.0,0.114,2046.578076,1.488076,0.0,159,1125770,1125770,1.0,1437,1437,1.0,95750,0,1,S8|M1_BALANCED|41|A|L1|F1,true,false,false,/home/cyfer/FYP/WSN_simulation_V3/runs/S8_4000/outputs_production_50seed_part41_45/run_campaign_v3_S8_M1_BALANCED_A_L1_F1_H3_seed041_41_20260602_115944
campaign_v3_S8_M1_BALANCED_A_L1_F1_H3_seed042,campaign_v3_S8_M1_BALANCED_A_L1_F1_H3_seed042_42_20260602_120111,S8,4000,160,5,M1_BALANCED,42,A,L1,F1,H3,V3,map_S8_M1_BALANCED_seed042,49089386c52a5814fc7f4a1ba6efa21857f297d94e8de7d88a9e29caed97bde1,31.6,61.937,185.062,352.228,25,46,0.3327,0.1353,60.0,23.468,83.468,143.468,150.0,90.0,7.497,0.0,1.0,0.4,1.0,0.099,2036.968127,1.490458,0.0,159,1126089,1126089,1.0,1437,1437,1.0,95775,0,1,S8|M1_BALANCED|42|A|L1|F1,true,false,false,/home/cyfer/FYP/WSN_simulation_V3/runs/S8_4000/outputs_production_50seed_part41_45/run_campaign_v3_S8_M1_BALANCED_A_L1_F1_H3_seed042_42_20260602_120111
campaign_v3_S8_M1_BALANCED_A_L1_F1_H3_seed043,campaign_v3_S8_M1_BALANCED_A_L1_F1_H3_seed043_43_20260602_120233,S8,4000,160,5,M1_BALANCED,43,A,L1,F1,H3,V3,map_S8_M1_BALANCED_seed043,3a6ba487e0cc7f72992fedce7ca348c90cfe195fd410db343348095e59687537,31.909,64.317,185.925,352.107,25,49,0.3446,0.1285,60.0,23.996,83.996,143.996,150.0,90.0,8.635,0.0,1.0,0.708,1.0,0.17,2043.199129,1.489106,0.0,159,1123537,1123537,1.0,1437,1437,1.0,95575,0,1,S8|M1_BALANCED|43|A|L1|F1,true,false,false,/home/cyfer/FYP/WSN_simulation_V3/runs/S8_4000/outputs_production_50seed_part41_45/run_campaign_v3_S8_M1_BALANCED_A_L1_F1_H3_seed043_43_20260602_120233
campaign_v3_S8_M1_BALANCED_A_L1_F1_H3_seed044,campaign_v3_S8_M1_BALANCED_A_L1_F1_H3_seed044_44_20260602_120355,S8,4000,160,5,M1_BALANCED,44,A,L1,F1,H3,V3,map_S8_M1_BALANCED_seed044,407afd02a69ba6c1a3589498aa72c5336073339b2940d87e8c0b117e76a2e886,32.181,65.381,187.068,352.156,25,54,0.3321,0.1202,60.0,22.442,82.442,142.442,150.0,90.0,6.921,0.0,1.0,0.113,1.0,0.194,2057.077548,1.4853,0.0,160,1128006,1128006,1.0,1437,1437,1.0,95925,0,1,S8|M1_BALANCED|44|A|L1|F1,true,false,false,/home/cyfer/FYP/WSN_simulation_V3/runs/S8_4000/outputs_production_50seed_part41_45/run_campaign_v3_S8_M1_BALANCED_A_L1_F1_H3_seed044_44_20260602_120355
campaign_v3_S8_M1_BALANCED_A_L1_F1_H3_seed045,campaign_v3_S8_M1_BALANCED_A_L1_F1_H3_seed045_45_20260602_120518,S8,4000,160,5,M1_BALANCED,45,A,L1,F1,H3,V3,map_S8_M1_BALANCED_seed045,66d124306039184ee815a886f2c5b077d9ce0f4f78d9af0d2f2d9aea8bf58bb9,31.836,62.608,187.789,358.982,25,43,0.3351,0.1265,60.0,24.114,84.114,144.114,150.0,90.0,8.715,0.0,1.0,0.738,1.0,0.167,2041.745189,1.489424,0.0,161,1124075,1124075,1.0,1437,1437,1.0,95625,0,1,S8|M1_BALANCED|45|A|L1|F1,true,false,false,/home/cyfer/FYP/WSN_simulation_V3/runs/S8_4000/outputs_production_50seed_part41_45/run_campaign_v3_S8_M1_BALANCED_A_L1_F1_H3_seed045_45_20260602_120518
campaign_v3_S8_M1_BALANCED_A_L1_F1_H4_seed041,campaign_v3_S8_M1_BALANCED_A_L1_F1_H4_seed041_41_20260602_115947,S8,4000,160,5,M1_BALANCED,41,A,L1,F1,H4,V3,map_S8_M1_BALANCED_seed041,68d20f4a20dae27e58437a6a0234e4cd38c27d53bc85499ff9d7ad1e9144bfc3,31.945,63.772,183.968,362.941,25,45,0.3044,0.1175,60.0,27.253,87.253,147.253,150.0,90.0,7.707,0.0,1.0,0.455,1.0,0.114,2043.200119,1.488921,0.0,160,1123251,1123251,1.0,1437,1437,1.0,95329,0,1,S8|M1_BALANCED|41|A|L1|F1,true,false,false,/home/cyfer/FYP/WSN_simulation_V3/runs/S8_4000/outputs_production_50seed_part41_45/run_campaign_v3_S8_M1_BALANCED_A_L1_F1_H4_seed041_41_20260602_115947
campaign_v3_S8_M1_BALANCED_A_L1_F1_H4_seed042,campaign_v3_S8_M1_BALANCED_A_L1_F1_H4_seed042_42_20260602_120114,S8,4000,160,5,M1_BALANCED,42,A,L1,F1,H4,V3,map_S8_M1_BALANCED_seed042,49089386c52a5814fc7f4a1ba6efa21857f297d94e8de7d88a9e29caed97bde1,31.6,61.937,185.062,352.228,25,46,0.3327,0.1353,60.0,27.011,87.011,147.011,150.0,90.0,7.497,0.0,1.0,0.4,1.0,0.099,2032.295174,1.491626,0.0,160,1122692,1122692,1.0,1437,1437,1.0,95204,0,1,S8|M1_BALANCED|42|A|L1|F1,true,false,false,/home/cyfer/FYP/WSN_simulation_V3/runs/S8_4000/outputs_production_50seed_part41_45/run_campaign_v3_S8_M1_BALANCED_A_L1_F1_H4_seed042_42_20260602_120114
campaign_v3_S8_M1_BALANCED_A_L1_F1_H4_seed043,campaign_v3_S8_M1_BALANCED_A_L1_F1_H4_seed043_43_20260602_120236,S8,4000,160,5,M1_BALANCED,43,A,L1,F1,H4,V3,map_S8_M1_BALANCED_seed043,3a6ba487e0cc7f72992fedce7ca348c90cfe195fd410db343348095e59687537,31.909,64.317,185.925,352.107,25,49,0.3446,0.1285,60.0,28.212,88.212,148.212,150.0,90.0,8.635,0.0,1.0,0.708,1.0,0.17,2042.017525,1.489401,0.0,159,1122888,1122888,1.0,1437,1437,1.0,95479,0,1,S8|M1_BALANCED|43|A|L1|F1,true,false,false,/home/cyfer/FYP/WSN_simulation_V3/runs/S8_4000/outputs_production_50seed_part41_45/run_campaign_v3_S8_M1_BALANCED_A_L1_F1_H4_seed043_43_20260602_120236
campaign_v3_S8_M1_BALANCED_A_L1_F1_H4_seed044,campaign_v3_S8_M1_BALANCED_A_L1_F1_H4_seed044_44_20260602_120358,S8,4000,160,5,M1_BALANCED,44,A,L1,F1,H4,V3,map_S8_M1_BALANCED_seed044,407afd02a69ba6c1a3589498aa72c5336073339b2940d87e8c0b117e76a2e886,32.181,65.381,187.068,352.156,25,54,0.3321,0.1202,60.0,26.575,86.575,146.575,150.0,90.0,6.921,0.0,1.0,0.113,1.0,0.194,2051.514531,1.486691,0.0,160,1124314,1124314,1.0,1437,1437,1.0,95304,0,1,S8|M1_BALANCED|44|A|L1|F1,true,false,false,/home/cyfer/FYP/WSN_simulation_V3/runs/S8_4000/outputs_production_50seed_part41_45/run_campaign_v3_S8_M1_BALANCED_A_L1_F1_H4_seed044_44_20260602_120358
campaign_v3_S8_M1_BALANCED_A_L1_F1_H4_seed045,campaign_v3_S8_M1_BALANCED_A_L1_F1_H4_seed045_45_20260602_120521,S8,4000,160,5,M1_BALANCED,45,A,L1,F1,H4,V3,map_S8_M1_BALANCED_seed045,66d124306039184ee815a886f2c5b077d9ce0f4f78d9af0d2f2d9aea8bf58bb9,31.836,62.608,187.789,358.982,25,43,0.3351,0.1265,60.0,28.032,88.032,148.032,150.0,90.0,8.715,0.0,1.0,0.738,1.0,0.167,2038.561519,1.490219,0.0,161,1122279,1122279,1.0,1437,1437,1.0,95329,0,1,S8|M1_BALANCED|45|A|L1|F1,true,false,false,/home/cyfer/FYP/WSN_simulation_V3/runs/S8_4000/outputs_production_50seed_part41_45/run_campaign_v3_S8_M1_BALANCED_A_L1_F1_H4_seed045_45_20260602_120521
campaign_v3_S8_M1_BALANCED_A_L1_F2_H0_seed041,campaign_v3_S8_M1_BALANCED_A_L1_F2_H0_seed041_41_20260602_115939,S8,4000,160,5,M1_BALANCED,41,A,L1,F2,H0,V2,map_S8_M1_BALANCED_seed041,68d20f4a20dae27e58437a6a0234e4cd38c27d53bc85499ff9d7ad1e9144bfc3,31.945,63.772,183.968,362.941,25,45,0.3044,0.1175,60.0,-1.0,-1.0,-1.0,-1.0,-1.0,0.0,0.0,0.0,0.0,0.0,0.0,2040.674342,1.489831,0.0,158,1122615,1122615,1.0,1432,1432,1.0,96135,1,0,S8|M1_BALANCED|41|A|L1|F2,false,false,true,/home/cyfer/FYP/WSN_simulation_V3/runs/S8_4000/outputs_production_50seed_part41_45/run_campaign_v3_S8_M1_BALANCED_A_L1_F2_H0_seed041_41_20260602_115939
campaign_v3_S8_M1_BALANCED_A_L1_F2_H0_seed042,campaign_v3_S8_M1_BALANCED_A_L1_F2_H0_seed042_42_20260602_120106,S8,4000,160,5,M1_BALANCED,42,A,L1,F2,H0,V2,map_S8_M1_BALANCED_seed042,49089386c52a5814fc7f4a1ba6efa21857f297d94e8de7d88a9e29caed97bde1,31.6,61.937,185.062,352.228,25,46,0.3327,0.1353,60.0,-1.0,-1.0,-1.0,-1.0,-1.0,0.0,0.0,0.0,0.0,0.0,0.0,2029.055517,1.492736,0.0,158,1121440,1121440,1.0,1432,1432,1.0,96160,1,0,S8|M1_BALANCED|42|A|L1|F2,false,false,true,/home/cyfer/FYP/WSN_simulation_V3/runs/S8_4000/outputs_production_50seed_part41_45/run_campaign_v3_S8_M1_BALANCED_A_L1_F2_H0_seed042_42_20260602_120106
campaign_v3_S8_M1_BALANCED_A_L1_F2_H0_seed043,campaign_v3_S8_M1_BALANCED_A_L1_F2_H0_seed043_43_20260602_120228,S8,4000,160,5,M1_BALANCED,43,A,L1,F2,H0,V2,map_S8_M1_BALANCED_seed043,3a6ba487e0cc7f72992fedce7ca348c90cfe195fd410db343348095e59687537,31.909,64.317,185.925,352.107,25,49,0.3446,0.1285,60.0,-1.0,-1.0,-1.0,-1.0,-1.0,0.0,0.0,0.0,0.0,0.0,0.0,2041.409036,1.489648,0.0,157,1124025,1124025,1.0,1432,1432,1.0,96105,1,0,S8|M1_BALANCED|43|A|L1|F2,false,false,true,/home/cyfer/FYP/WSN_simulation_V3/runs/S8_4000/outputs_production_50seed_part41_45/run_campaign_v3_S8_M1_BALANCED_A_L1_F2_H0_seed043_43_20260602_120228
campaign_v3_S8_M1_BALANCED_A_L1_F2_H0_seed044,campaign_v3_S8_M1_BALANCED_A_L1_F2_H0_seed044_44_20260602_120350,S8,4000,160,5,M1_BALANCED,44,A,L1,F2,H0,V2,map_S8_M1_BALANCED_seed044,407afd02a69ba6c1a3589498aa72c5336073339b2940d87e8c0b117e76a2e886,32.181,65.381,187.068,352.156,25,54,0.3321,0.1202,60.0,-1.0,-1.0,-1.0,-1.0,-1.0,0.0,0.0,0.0,0.0,0.0,0.0,2048.549906,1.487863,0.0,158,1122380,1122380,1.0,1432,1432,1.0,96140,1,0,S8|M1_BALANCED|44|A|L1|F2,false,false,true,/home/cyfer/FYP/WSN_simulation_V3/runs/S8_4000/outputs_production_50seed_part41_45/run_campaign_v3_S8_M1_BALANCED_A_L1_F2_H0_seed044_44_20260602_120350
campaign_v3_S8_M1_BALANCED_A_L1_F2_H0_seed045,campaign_v3_S8_M1_BALANCED_A_L1_F2_H0_seed045_45_20260602_120513,S8,4000,160,5,M1_BALANCED,45,A,L1,F2,H0,V2,map_S8_M1_BALANCED_seed045,66d124306039184ee815a886f2c5b077d9ce0f4f78d9af0d2f2d9aea8bf58bb9,31.836,62.608,187.789,358.982,25,43,0.3351,0.1265,60.0,-1.0,-1.0,-1.0,-1.0,-1.0,0.0,0.0,0.0,0.0,0.0,0.0,2036.702778,1.490824,0.0,159,1122615,1122615,1.0,1432,1432,1.0,96135,1,0,S8|M1_BALANCED|45|A|L1|F2,false,false,true,/home/cyfer/FYP/WSN_simulation_V3/runs/S8_4000/outputs_production_50seed_part41_45/run_campaign_v3_S8_M1_BALANCED_A_L1_F2_H0_seed045_45_20260602_120513
campaign_v3_S8_M1_BALANCED_A_L1_F2_H1_seed041,campaign_v3_S8_M1_BALANCED_A_L1_F2_H1_seed041_41_20260602_115950,S8,4000,160,5,M1_BALANCED,41,A,L1,F2,H1,V3,map_S8_M1_BALANCED_seed041,68d20f4a20dae27e58437a6a0234e4cd38c27d53bc85499ff9d7ad1e9144bfc3,31.945,63.772,183.968,362.941,25,45,0.3044,0.1175,60.0,24.097,84.097,144.097,150.0,90.0,7.064,0.0,1.0,0.614,0.617,0.124,2048.328671,1.487918,0.0,159,1126665,1126665,1.0,1437,1437,1.0,96000,0,1,S8|M1_BALANCED|41|A|L1|F2,true,false,false,/home/cyfer/FYP/WSN_simulation_V3/runs/S8_4000/outputs_production_50seed_part41_45/run_campaign_v3_S8_M1_BALANCED_A_L1_F2_H1_seed041_41_20260602_115950
campaign_v3_S8_M1_BALANCED_A_L1_F2_H1_seed042,campaign_v3_S8_M1_BALANCED_A_L1_F2_H1_seed042_42_20260602_120116,S8,4000,160,5,M1_BALANCED,42,A,L1,F2,H1,V3,map_S8_M1_BALANCED_seed042,49089386c52a5814fc7f4a1ba6efa21857f297d94e8de7d88a9e29caed97bde1,31.6,61.937,185.062,352.228,25,46,0.3327,0.1353,60.0,25.332,85.332,145.332,150.0,90.0,7.61,0.0,1.0,0.711,0.75,0.076,2038.343398,1.490414,0.0,159,1126208,1126208,1.0,1437,1437,1.0,96000,0,1,S8|M1_BALANCED|42|A|L1|F2,true,false,false,/home/cyfer/FYP/WSN_simulation_V3/runs/S8_4000/outputs_production_50seed_part41_45/run_campaign_v3_S8_M1_BALANCED_A_L1_F2_H1_seed042_42_20260602_120116
campaign_v3_S8_M1_BALANCED_A_L1_F2_H1_seed043,campaign_v3_S8_M1_BALANCED_A_L1_F2_H1_seed043_43_20260602_120238,S8,4000,160,5,M1_BALANCED,43,A,L1,F2,H1,V3,map_S8_M1_BALANCED_seed043,3a6ba487e0cc7f72992fedce7ca348c90cfe195fd410db343348095e59687537,31.909,64.317,185.925,352.107,25,49,0.3446,0.1285,60.0,23.811,83.811,143.811,150.0,90.0,6.45,0.0,1.0,0.438,0.507,0.206,2048.445887,1.487889,0.0,158,1127196,1127196,1.0,1437,1437,1.0,96000,0,1,S8|M1_BALANCED|43|A|L1|F2,true,false,false,/home/cyfer/FYP/WSN_simulation_V3/runs/S8_4000/outputs_production_50seed_part41_45/run_campaign_v3_S8_M1_BALANCED_A_L1_F2_H1_seed043_43_20260602_120238
campaign_v3_S8_M1_BALANCED_A_L1_F2_H1_seed044,campaign_v3_S8_M1_BALANCED_A_L1_F2_H1_seed044_44_20260602_120401,S8,4000,160,5,M1_BALANCED,44,A,L1,F2,H1,V3,map_S8_M1_BALANCED_seed044,407afd02a69ba6c1a3589498aa72c5336073339b2940d87e8c0b117e76a2e886,32.181,65.381,187.068,352.156,25,54,0.3321,0.1202,60.0,24.555,84.555,144.555,150.0,90.0,7.002,0.0,1.0,0.528,0.662,0.143,2056.775097,1.485806,0.0,159,1126580,1126580,1.0,1437,1437,1.0,96000,0,1,S8|M1_BALANCED|44|A|L1|F2,true,false,false,/home/cyfer/FYP/WSN_simulation_V3/runs/S8_4000/outputs_production_50seed_part41_45/run_campaign_v3_S8_M1_BALANCED_A_L1_F2_H1_seed044_44_20260602_120401
campaign_v3_S8_M1_BALANCED_A_L1_F2_H1_seed045,campaign_v3_S8_M1_BALANCED_A_L1_F2_H1_seed045_45_20260602_120523,S8,4000,160,5,M1_BALANCED,45,A,L1,F2,H1,V3,map_S8_M1_BALANCED_seed045,66d124306039184ee815a886f2c5b077d9ce0f4f78d9af0d2f2d9aea8bf58bb9,31.836,62.608,187.789,358.982,25,43,0.3351,0.1265,60.0,24.939,84.939,144.939,150.0,90.0,7.347,0.0,1.0,0.643,0.658,0.149,2045.975863,1.488506,0.0,160,1126665,1126665,1.0,1437,1437,1.0,96000,0,1,S8|M1_BALANCED|45|A|L1|F2,true,false,false,/home/cyfer/FYP/WSN_simulation_V3/runs/S8_4000/outputs_production_50seed_part41_45/run_campaign_v3_S8_M1_BALANCED_A_L1_F2_H1_seed045_45_20260602_120523
campaign_v3_S8_M1_BALANCED_A_L1_F2_H3_seed041,campaign_v3_S8_M1_BALANCED_A_L1_F2_H3_seed041_41_20260602_115951,S8,4000,160,5,M1_BALANCED,41,A,L1,F2,H3,V3,map_S8_M1_BALANCED_seed041,68d20f4a20dae27e58437a6a0234e4cd38c27d53bc85499ff9d7ad1e9144bfc3,31.945,63.772,183.968,362.941,25,45,0.3044,0.1175,60.0,30.26,90.26,150.26,160.0,100.0,7.064,0.0,1.0,0.614,0.617,0.124,2045.424768,1.488644,0.0,159,1124631,1124631,1.0,1436,1436,1.0,95675,0,1,S8|M1_BALANCED|41|A|L1|F2,true,false,false,/home/cyfer/FYP/WSN_simulation_V3/runs/S8_4000/outputs_production_50seed_part41_45/run_campaign_v3_S8_M1_BALANCED_A_L1_F2_H3_seed041_41_20260602_115951
campaign_v3_S8_M1_BALANCED_A_L1_F2_H3_seed042,campaign_v3_S8_M1_BALANCED_A_L1_F2_H3_seed042_42_20260602_120117,S8,4000,160,5,M1_BALANCED,42,A,L1,F2,H3,V3,map_S8_M1_BALANCED_seed042,49089386c52a5814fc7f4a1ba6efa21857f297d94e8de7d88a9e29caed97bde1,31.6,61.937,185.062,352.228,25,46,0.3327,0.1353,60.0,30.954,90.954,150.954,160.0,100.0,7.61,0.0,1.0,0.711,0.75,0.076,2034.658897,1.491335,0.0,159,1123744,1123744,1.0,1436,1436,1.0,95600,0,1,S8|M1_BALANCED|42|A|L1|F2,true,false,false,/home/cyfer/FYP/WSN_simulation_V3/runs/S8_4000/outputs_production_50seed_part41_45/run_campaign_v3_S8_M1_BALANCED_A_L1_F2_H3_seed042_42_20260602_120117
campaign_v3_S8_M1_BALANCED_A_L1_F2_H3_seed043,campaign_v3_S8_M1_BALANCED_A_L1_F2_H3_seed043_43_20260602_120239,S8,4000,160,5,M1_BALANCED,43,A,L1,F2,H3,V3,map_S8_M1_BALANCED_seed043,3a6ba487e0cc7f72992fedce7ca348c90cfe195fd410db343348095e59687537,31.909,64.317,185.925,352.107,25,49,0.3446,0.1285,60.0,30.126,90.126,150.126,160.0,100.0,6.45,0.0,1.0,0.438,0.507,0.206,2045.509424,1.488623,0.0,158,1125609,1125609,1.0,1436,1436,1.0,95750,0,1,S8|M1_BALANCED|43|A|L1|F2,true,false,false,/home/cyfer/FYP/WSN_simulation_V3/runs/S8_4000/outputs_production_50seed_part41_45/run_campaign_v3_S8_M1_BALANCED_A_L1_F2_H3_seed043_43_20260602_120239
campaign_v3_S8_M1_BALANCED_A_L1_F2_H3_seed044,campaign_v3_S8_M1_BALANCED_A_L1_F2_H3_seed044_44_20260602_120401,S8,4000,160,5,M1_BALANCED,44,A,L1,F2,H3,V3,map_S8_M1_BALANCED_seed044,407afd02a69ba6c1a3589498aa72c5336073339b2940d87e8c0b117e76a2e886,32.181,65.381,187.068,352.156,25,54,0.3321,0.1202,60.0,30.676,90.676,150.676,160.0,100.0,7.002,0.0,1.0,0.528,0.662,0.143,2053.348706,1.486663,0.0,159,1124396,1124396,1.0,1436,1436,1.0,95650,0,1,S8|M1_BALANCED|44|A|L1|F2,true,false,false,/home/cyfer/FYP/WSN_simulation_V3/runs/S8_4000/outputs_production_50seed_part41_45/run_campaign_v3_S8_M1_BALANCED_A_L1_F2_H3_seed044_44_20260602_120401
campaign_v3_S8_M1_BALANCED_A_L1_F2_H3_seed045,campaign_v3_S8_M1_BALANCED_A_L1_F2_H3_seed045_45_20260602_120524,S8,4000,160,5,M1_BALANCED,45,A,L1,F2,H3,V3,map_S8_M1_BALANCED_seed045,66d124306039184ee815a886f2c5b077d9ce0f4f78d9af0d2f2d9aea8bf58bb9,31.836,62.608,187.789,358.982,25,43,0.3351,0.1265,60.0,31.004,91.004,151.004,160.0,100.0,7.347,0.0,1.0,0.643,0.658,0.149,2042.345197,1.489414,0.0,160,1124617,1124617,1.0,1436,1436,1.0,95675,0,1,S8|M1_BALANCED|45|A|L1|F2,true,false,false,/home/cyfer/FYP/WSN_simulation_V3/runs/S8_4000/outputs_production_50seed_part41_45/run_campaign_v3_S8_M1_BALANCED_A_L1_F2_H3_seed045_45_20260602_120524
campaign_v3_S8_M1_BALANCED_A_L1_F2_H4_seed041,campaign_v3_S8_M1_BALANCED_A_L1_F2_H4_seed041_41_20260602_115952,S8,4000,160,5,M1_BALANCED,41,A,L1,F2,H4,V3,map_S8_M1_BALANCED_seed041,68d20f4a20dae27e58437a6a0234e4cd38c27d53bc85499ff9d7ad1e9144bfc3,31.945,63.772,183.968,362.941,25,45,0.3044,0.1175,60.0,34.938,94.938,154.938,160.0,100.0,7.064,0.0,1.0,0.614,0.617,0.124,2047.948332,1.488013,0.0,159,1126395,1126395,1.0,1436,1436,1.0,96000,0,1,S8|M1_BALANCED|41|A|L1|F2,true,false,false,/home/cyfer/FYP/WSN_simulation_V3/runs/S8_4000/outputs_production_50seed_part41_45/run_campaign_v3_S8_M1_BALANCED_A_L1_F2_H4_seed041_41_20260602_115952
campaign_v3_S8_M1_BALANCED_A_L1_F2_H4_seed042,campaign_v3_S8_M1_BALANCED_A_L1_F2_H4_seed042_42_20260602_120118,S8,4000,160,5,M1_BALANCED,42,A,L1,F2,H4,V3,map_S8_M1_BALANCED_seed042,49089386c52a5814fc7f4a1ba6efa21857f297d94e8de7d88a9e29caed97bde1,31.6,61.937,185.062,352.228,25,46,0.3327,0.1353,60.0,34.738,94.738,154.738,160.0,100.0,7.61,0.0,1.0,0.711,0.75,0.076,2037.899337,1.490525,0.0,159,1125920,1125920,1.0,1436,1436,1.0,96000,0,1,S8|M1_BALANCED|42|A|L1|F2,true,false,false,/home/cyfer/FYP/WSN_simulation_V3/runs/S8_4000/outputs_production_50seed_part41_45/run_campaign_v3_S8_M1_BALANCED_A_L1_F2_H4_seed042_42_20260602_120118
campaign_v3_S8_M1_BALANCED_A_L1_F2_H4_seed043,campaign_v3_S8_M1_BALANCED_A_L1_F2_H4_seed043_43_20260602_120240,S8,4000,160,5,M1_BALANCED,43,A,L1,F2,H4,V3,map_S8_M1_BALANCED_seed043,3a6ba487e0cc7f72992fedce7ca348c90cfe195fd410db343348095e59687537,31.909,64.317,185.925,352.107,25,49,0.3446,0.1285,60.0,33.908,93.908,153.908,160.0,100.0,6.45,0.0,1.0,0.438,0.507,0.206,2048.10849,1.487973,0.0,158,1126986,1126986,1.0,1436,1436,1.0,96000,0,1,S8|M1_BALANCED|43|A|L1|F2,true,false,false,/home/cyfer/FYP/WSN_simulation_V3/runs/S8_4000/outputs_production_50seed_part41_45/run_campaign_v3_S8_M1_BALANCED_A_L1_F2_H4_seed043_43_20260602_120240
campaign_v3_S8_M1_BALANCED_A_L1_F2_H4_seed044,campaign_v3_S8_M1_BALANCED_A_L1_F2_H4_seed044_44_20260602_120403,S8,4000,160,5,M1_BALANCED,44,A,L1,F2,H4,V3,map_S8_M1_BALANCED_seed044,407afd02a69ba6c1a3589498aa72c5336073339b2940d87e8c0b117e76a2e886,32.181,65.381,187.068,352.156,25,54,0.3321,0.1202,60.0,34.451,94.451,154.451,160.0,100.0,7.002,0.0,1.0,0.528,0.662,0.143,2056.356076,1.485911,0.0,159,1126300,1126300,1.0,1436,1436,1.0,96000,0,1,S8|M1_BALANCED|44|A|L1|F2,true,false,false,/home/cyfer/FYP/WSN_simulation_V3/runs/S8_4000/outputs_production_50seed_part41_45/run_campaign_v3_S8_M1_BALANCED_A_L1_F2_H4_seed044_44_20260602_120403
campaign_v3_S8_M1_BALANCED_A_L1_F2_H4_seed045,campaign_v3_S8_M1_BALANCED_A_L1_F2_H4_seed045_45_20260602_120525,S8,4000,160,5,M1_BALANCED,45,A,L1,F2,H4,V3,map_S8_M1_BALANCED_seed045,66d124306039184ee815a886f2c5b077d9ce0f4f78d9af0d2f2d9aea8bf58bb9,31.836,62.608,187.789,358.982,25,43,0.3351,0.1265,60.0,34.63,94.63,154.63,160.0,100.0,7.347,0.0,1.0,0.643,0.658,0.149,2045.486914,1.488628,0.0,160,1126395,1126395,1.0,1436,1436,1.0,96000,0,1,S8|M1_BALANCED|45|A|L1|F2,true,false,false,/home/cyfer/FYP/WSN_simulation_V3/runs/S8_4000/outputs_production_50seed_part41_45/run_campaign_v3_S8_M1_BALANCED_A_L1_F2_H4_seed045_45_20260602_120525
campaign_v3_S8_M1_BALANCED_A_L1_F3_H0_seed041,campaign_v3_S8_M1_BALANCED_A_L1_F3_H0_seed041_41_20260602_115940,S8,4000,160,5,M1_BALANCED,41,A,L1,F3,H0,V2,map_S8_M1_BALANCED_seed041,68d20f4a20dae27e58437a6a0234e4cd38c27d53bc85499ff9d7ad1e9144bfc3,31.945,63.772,183.968,362.941,25,45,0.3044,0.1175,60.0,-1.0,-1.0,-1.0,-1.0,-1.0,0.0,0.0,0.0,0.0,0.0,0.0,2040.818541,1.489795,0.0,158,1123320,1123320,1.0,1432,1432,1.0,96120,1,0,S8|M1_BALANCED|41|A|L1|F3,false,false,true,/home/cyfer/FYP/WSN_simulation_V3/runs/S8_4000/outputs_production_50seed_part41_45/run_campaign_v3_S8_M1_BALANCED_A_L1_F3_H0_seed041_41_20260602_115940
campaign_v3_S8_M1_BALANCED_A_L1_F3_H0_seed042,campaign_v3_S8_M1_BALANCED_A_L1_F3_H0_seed042_42_20260602_120107,S8,4000,160,5,M1_BALANCED,42,A,L1,F3,H0,V2,map_S8_M1_BALANCED_seed042,49089386c52a5814fc7f4a1ba6efa21857f297d94e8de7d88a9e29caed97bde1,31.6,61.937,185.062,352.228,25,46,0.3327,0.1353,60.0,-1.0,-1.0,-1.0,-1.0,-1.0,0.0,0.0,0.0,0.0,0.0,0.0,2034.468935,1.491383,0.0,158,1125435,1125435,1.0,1432,1432,1.0,96075,1,0,S8|M1_BALANCED|42|A|L1|F3,false,false,true,/home/cyfer/FYP/WSN_simulation_V3/runs/S8_4000/outputs_production_50seed_part41_45/run_campaign_v3_S8_M1_BALANCED_A_L1_F3_H0_seed042_42_20260602_120107
campaign_v3_S8_M1_BALANCED_A_L1_F3_H0_seed043,campaign_v3_S8_M1_BALANCED_A_L1_F3_H0_seed043_43_20260602_120228,S8,4000,160,5,M1_BALANCED,43,A,L1,F3,H0,V2,map_S8_M1_BALANCED_seed043,3a6ba487e0cc7f72992fedce7ca348c90cfe195fd410db343348095e59687537,31.909,64.317,185.925,352.107,25,49,0.3446,0.1285,60.0,-1.0,-1.0,-1.0,-1.0,-1.0,0.0,0.0,0.0,0.0,0.0,0.0,2039.580722,1.490105,0.0,157,1122145,1122145,1.0,1432,1432,1.0,96145,1,0,S8|M1_BALANCED|43|A|L1|F3,false,false,true,/home/cyfer/FYP/WSN_simulation_V3/runs/S8_4000/outputs_production_50seed_part41_45/run_campaign_v3_S8_M1_BALANCED_A_L1_F3_H0_seed043_43_20260602_120228
campaign_v3_S8_M1_BALANCED_A_L1_F3_H0_seed044,campaign_v3_S8_M1_BALANCED_A_L1_F3_H0_seed044_44_20260602_120351,S8,4000,160,5,M1_BALANCED,44,A,L1,F3,H0,V2,map_S8_M1_BALANCED_seed044,407afd02a69ba6c1a3589498aa72c5336073339b2940d87e8c0b117e76a2e886,32.181,65.381,187.068,352.156,25,54,0.3321,0.1202,60.0,-1.0,-1.0,-1.0,-1.0,-1.0,0.0,0.0,0.0,0.0,0.0,0.0,2052.625087,1.486844,0.0,158,1125200,1125200,1.0,1432,1432,1.0,96080,1,0,S8|M1_BALANCED|44|A|L1|F3,false,false,true,/home/cyfer/FYP/WSN_simulation_V3/runs/S8_4000/outputs_production_50seed_part41_45/run_campaign_v3_S8_M1_BALANCED_A_L1_F3_H0_seed044_44_20260602_120351
campaign_v3_S8_M1_BALANCED_A_L1_F3_H0_seed045,campaign_v3_S8_M1_BALANCED_A_L1_F3_H0_seed045_45_20260602_120514,S8,4000,160,5,M1_BALANCED,45,A,L1,F3,H0,V2,map_S8_M1_BALANCED_seed045,66d124306039184ee815a886f2c5b077d9ce0f4f78d9af0d2f2d9aea8bf58bb9,31.836,62.608,187.789,358.982,25,43,0.3351,0.1265,60.0,-1.0,-1.0,-1.0,-1.0,-1.0,0.0,0.0,0.0,0.0,0.0,0.0,2036.042904,1.490989,0.0,159,1121675,1121675,1.0,1432,1432,1.0,96155,1,0,S8|M1_BALANCED|45|A|L1|F3,false,false,true,/home/cyfer/FYP/WSN_simulation_V3/runs/S8_4000/outputs_production_50seed_part41_45/run_campaign_v3_S8_M1_BALANCED_A_L1_F3_H0_seed045_45_20260602_120514
campaign_v3_S8_M1_BALANCED_A_L1_F3_H1_seed041,campaign_v3_S8_M1_BALANCED_A_L1_F3_H1_seed041_41_20260602_115953,S8,4000,160,5,M1_BALANCED,41,A,L1,F3,H1,V3,map_S8_M1_BALANCED_seed041,68d20f4a20dae27e58437a6a0234e4cd38c27d53bc85499ff9d7ad1e9144bfc3,31.945,63.772,183.968,362.941,25,45,0.3044,0.1175,60.0,27.983,87.983,147.983,150.0,90.0,6.749,0.0,1.0,0.545,0.57,0.135,2041.053097,1.489737,0.0,158,1123340,1123340,1.0,1437,1437,1.0,95404,0,1,S8|M1_BALANCED|41|A|L1|F3,true,false,false,/home/cyfer/FYP/WSN_simulation_V3/runs/S8_4000/outputs_production_50seed_part41_45/run_campaign_v3_S8_M1_BALANCED_A_L1_F3_H1_seed041_41_20260602_115953
campaign_v3_S8_M1_BALANCED_A_L1_F3_H1_seed042,campaign_v3_S8_M1_BALANCED_A_L1_F3_H1_seed042_42_20260602_120119,S8,4000,160,5,M1_BALANCED,42,A,L1,F3,H1,V3,map_S8_M1_BALANCED_seed042,49089386c52a5814fc7f4a1ba6efa21857f297d94e8de7d88a9e29caed97bde1,31.6,61.937,185.062,352.228,25,46,0.3327,0.1353,60.0,26.749,86.749,146.749,150.0,90.0,5.476,0.0,1.0,0.333,0.35,0.142,2034.641644,1.49134,0.0,158,1125455,1125455,1.0,1437,1437,1.0,95629,0,1,S8|M1_BALANCED|42|A|L1|F3,true,false,false,/home/cyfer/FYP/WSN_simulation_V3/runs/S8_4000/outputs_production_50seed_part41_45/run_campaign_v3_S8_M1_BALANCED_A_L1_F3_H1_seed042_42_20260602_120119
campaign_v3_S8_M1_BALANCED_A_L1_F3_H1_seed043,campaign_v3_S8_M1_BALANCED_A_L1_F3_H1_seed043_43_20260602_120241,S8,4000,160,5,M1_BALANCED,43,A,L1,F3,H1,V3,map_S8_M1_BALANCED_seed043,3a6ba487e0cc7f72992fedce7ca348c90cfe195fd410db343348095e59687537,31.909,64.317,185.925,352.107,25,49,0.3446,0.1285,60.0,29.048,89.048,149.048,150.0,90.0,7.326,0.0,1.0,0.604,0.674,0.164,2039.848707,1.490038,0.0,157,1122165,1122165,1.0,1437,1437,1.0,95279,0,1,S8|M1_BALANCED|43|A|L1|F3,true,false,false,/home/cyfer/FYP/WSN_simulation_V3/runs/S8_4000/outputs_production_50seed_part41_45/run_campaign_v3_S8_M1_BALANCED_A_L1_F3_H1_seed043_43_20260602_120241
campaign_v3_S8_M1_BALANCED_A_L1_F3_H1_seed044,campaign_v3_S8_M1_BALANCED_A_L1_F3_H1_seed044_44_20260602_120403,S8,4000,160,5,M1_BALANCED,44,A,L1,F3,H1,V3,map_S8_M1_BALANCED_seed044,407afd02a69ba6c1a3589498aa72c5336073339b2940d87e8c0b117e76a2e886,32.181,65.381,187.068,352.156,25,54,0.3321,0.1202,60.0,27.129,87.129,147.129,150.0,90.0,5.479,0.0,1.0,0.302,0.372,0.153,2052.802674,1.486799,0.0,158,1125220,1125220,1.0,1437,1437,1.0,95604,0,1,S8|M1_BALANCED|44|A|L1|F3,true,false,false,/home/cyfer/FYP/WSN_simulation_V3/runs/S8_4000/outputs_production_50seed_part41_45/run_campaign_v3_S8_M1_BALANCED_A_L1_F3_H1_seed044_44_20260602_120403
campaign_v3_S8_M1_BALANCED_A_L1_F3_H1_seed045,campaign_v3_S8_M1_BALANCED_A_L1_F3_H1_seed045_45_20260602_120525,S8,4000,160,5,M1_BALANCED,45,A,L1,F3,H1,V3,map_S8_M1_BALANCED_seed045,66d124306039184ee815a886f2c5b077d9ce0f4f78d9af0d2f2d9aea8bf58bb9,31.836,62.608,187.789,358.982,25,43,0.3351,0.1265,60.0,29.21,89.21,149.21,150.0,90.0,7.742,0.0,1.0,0.738,0.731,0.111,2036.306197,1.490923,0.0,159,1121695,1121695,1.0,1437,1437,1.0,95229,0,1,S8|M1_BALANCED|45|A|L1|F3,true,false,false,/home/cyfer/FYP/WSN_simulation_V3/runs/S8_4000/outputs_production_50seed_part41_45/run_campaign_v3_S8_M1_BALANCED_A_L1_F3_H1_seed045_45_20260602_120525
campaign_v3_S8_M1_BALANCED_A_L1_F3_H3_seed041,campaign_v3_S8_M1_BALANCED_A_L1_F3_H3_seed041_41_20260602_115954,S8,4000,160,5,M1_BALANCED,41,A,L1,F3,H3,V3,map_S8_M1_BALANCED_seed041,68d20f4a20dae27e58437a6a0234e4cd38c27d53bc85499ff9d7ad1e9144bfc3,31.945,63.772,183.968,362.941,25,45,0.3044,0.1175,60.0,33.869,93.869,153.869,160.0,100.0,6.749,0.0,1.0,0.545,0.57,0.135,2041.03533,1.489741,0.0,158,1123336,1123336,1.0,1436,1436,1.0,95404,0,1,S8|M1_BALANCED|41|A|L1|F3,true,false,false,/home/cyfer/FYP/WSN_simulation_V3/runs/S8_4000/outputs_production_50seed_part41_45/run_campaign_v3_S8_M1_BALANCED_A_L1_F3_H3_seed041_41_20260602_115954
campaign_v3_S8_M1_BALANCED_A_L1_F3_H3_seed042,campaign_v3_S8_M1_BALANCED_A_L1_F3_H3_seed042_42_20260602_120119,S8,4000,160,5,M1_BALANCED,42,A,L1,F3,H3,V3,map_S8_M1_BALANCED_seed042,49089386c52a5814fc7f4a1ba6efa21857f297d94e8de7d88a9e29caed97bde1,31.6,61.937,185.062,352.228,25,46,0.3327,0.1353,60.0,32.768,92.768,152.768,160.0,100.0,5.476,0.0,1.0,0.333,0.35,0.142,2034.621997,1.491345,0.0,158,1125451,1125451,1.0,1436,1436,1.0,95629,0,1,S8|M1_BALANCED|42|A|L1|F3,true,false,false,/home/cyfer/FYP/WSN_simulation_V3/runs/S8_4000/outputs_production_50seed_part41_45/run_campaign_v3_S8_M1_BALANCED_A_L1_F3_H3_seed042_42_20260602_120119
campaign_v3_S8_M1_BALANCED_A_L1_F3_H3_seed043,campaign_v3_S8_M1_BALANCED_A_L1_F3_H3_seed043_43_20260602_120241,S8,4000,160,5,M1_BALANCED,43,A,L1,F3,H3,V3,map_S8_M1_BALANCED_seed043,3a6ba487e0cc7f72992fedce7ca348c90cfe195fd410db343348095e59687537,31.909,64.317,185.925,352.107,25,49,0.3446,0.1285,60.0,34.425,94.425,154.425,160.0,100.0,7.326,0.0,1.0,0.604,0.674,0.164,2039.830142,1.490042,0.0,157,1122161,1122161,1.0,1436,1436,1.0,95279,0,1,S8|M1_BALANCED|43|A|L1|F3,true,false,false,/home/cyfer/FYP/WSN_simulation_V3/runs/S8_4000/outputs_production_50seed_part41_45/run_campaign_v3_S8_M1_BALANCED_A_L1_F3_H3_seed043_43_20260602_120241
campaign_v3_S8_M1_BALANCED_A_L1_F3_H3_seed044,campaign_v3_S8_M1_BALANCED_A_L1_F3_H3_seed044_44_20260602_120404,S8,4000,160,5,M1_BALANCED,44,A,L1,F3,H3,V3,map_S8_M1_BALANCED_seed044,407afd02a69ba6c1a3589498aa72c5336073339b2940d87e8c0b117e76a2e886,32.181,65.381,187.068,352.156,25,54,0.3321,0.1202,60.0,33.18,93.18,153.18,160.0,100.0,5.479,0.0,1.0,0.302,0.372,0.153,2052.788422,1.486803,0.0,158,1125216,1125216,1.0,1436,1436,1.0,95604,0,1,S8|M1_BALANCED|44|A|L1|F3,true,false,false,/home/cyfer/FYP/WSN_simulation_V3/runs/S8_4000/outputs_production_50seed_part41_45/run_campaign_v3_S8_M1_BALANCED_A_L1_F3_H3_seed044_44_20260602_120404
campaign_v3_S8_M1_BALANCED_A_L1_F3_H3_seed045,campaign_v3_S8_M1_BALANCED_A_L1_F3_H3_seed045_45_20260602_120526,S8,4000,160,5,M1_BALANCED,45,A,L1,F3,H3,V3,map_S8_M1_BALANCED_seed045,66d124306039184ee815a886f2c5b077d9ce0f4f78d9af0d2f2d9aea8bf58bb9,31.836,62.608,187.789,358.982,25,43,0.3351,0.1265,60.0,35.112,95.112,155.112,160.0,100.0,7.742,0.0,1.0,0.738,0.731,0.111,2036.287691,1.490928,0.0,159,1121691,1121691,1.0,1436,1436,1.0,95229,0,1,S8|M1_BALANCED|45|A|L1|F3,true,false,false,/home/cyfer/FYP/WSN_simulation_V3/runs/S8_4000/outputs_production_50seed_part41_45/run_campaign_v3_S8_M1_BALANCED_A_L1_F3_H3_seed045_45_20260602_120526
campaign_v3_S8_M1_BALANCED_A_L1_F3_H4_seed041,campaign_v3_S8_M1_BALANCED_A_L1_F3_H4_seed041_41_20260602_115955,S8,4000,160,5,M1_BALANCED,41,A,L1,F3,H4,V3,map_S8_M1_BALANCED_seed041,68d20f4a20dae27e58437a6a0234e4cd38c27d53bc85499ff9d7ad1e9144bfc3,31.945,63.772,183.968,362.941,25,45,0.3044,0.1175,60.0,38.657,98.657,158.657,160.0,100.0,6.749,0.0,1.0,0.545,0.57,0.135,2041.034826,1.489741,0.0,158,1123336,1123336,1.0,1436,1436,1.0,95404,0,1,S8|M1_BALANCED|41|A|L1|F3,true,false,false,/home/cyfer/FYP/WSN_simulation_V3/runs/S8_4000/outputs_production_50seed_part41_45/run_campaign_v3_S8_M1_BALANCED_A_L1_F3_H4_seed041_41_20260602_115955
campaign_v3_S8_M1_BALANCED_A_L1_F3_H4_seed042,campaign_v3_S8_M1_BALANCED_A_L1_F3_H4_seed042_42_20260602_120120,S8,4000,160,5,M1_BALANCED,42,A,L1,F3,H4,V3,map_S8_M1_BALANCED_seed042,49089386c52a5814fc7f4a1ba6efa21857f297d94e8de7d88a9e29caed97bde1,31.6,61.937,185.062,352.228,25,46,0.3327,0.1353,60.0,36.507,96.507,156.507,160.0,100.0,5.476,0.0,1.0,0.333,0.35,0.142,2034.624942,1.491344,0.0,158,1125451,1125451,1.0,1436,1436,1.0,95629,0,1,S8|M1_BALANCED|42|A|L1|F3,true,false,false,/home/cyfer/FYP/WSN_simulation_V3/runs/S8_4000/outputs_production_50seed_part41_45/run_campaign_v3_S8_M1_BALANCED_A_L1_F3_H4_seed042_42_20260602_120120
campaign_v3_S8_M1_BALANCED_A_L1_F3_H4_seed043,campaign_v3_S8_M1_BALANCED_A_L1_F3_H4_seed043_43_20260602_120242,S8,4000,160,5,M1_BALANCED,43,A,L1,F3,H4,V3,map_S8_M1_BALANCED_seed043,3a6ba487e0cc7f72992fedce7ca348c90cfe195fd410db343348095e59687537,31.909,64.317,185.925,352.107,25,49,0.3446,0.1285,60.0,38.582,98.582,158.582,160.0,100.0,7.326,0.0,1.0,0.604,0.674,0.164,2039.82975,1.490043,0.0,157,1122161,1122161,1.0,1436,1436,1.0,95279,0,1,S8|M1_BALANCED|43|A|L1|F3,true,false,false,/home/cyfer/FYP/WSN_simulation_V3/runs/S8_4000/outputs_production_50seed_part41_45/run_campaign_v3_S8_M1_BALANCED_A_L1_F3_H4_seed043_43_20260602_120242
campaign_v3_S8_M1_BALANCED_A_L1_F3_H4_seed044,campaign_v3_S8_M1_BALANCED_A_L1_F3_H4_seed044_44_20260602_120405,S8,4000,160,5,M1_BALANCED,44,A,L1,F3,H4,V3,map_S8_M1_BALANCED_seed044,407afd02a69ba6c1a3589498aa72c5336073339b2940d87e8c0b117e76a2e886,32.181,65.381,187.068,352.156,25,54,0.3321,0.1202,60.0,36.721,96.721,156.721,160.0,100.0,5.479,0.0,1.0,0.302,0.372,0.153,2052.786197,1.486803,0.0,158,1125216,1125216,1.0,1436,1436,1.0,95604,0,1,S8|M1_BALANCED|44|A|L1|F3,true,false,false,/home/cyfer/FYP/WSN_simulation_V3/runs/S8_4000/outputs_production_50seed_part41_45/run_campaign_v3_S8_M1_BALANCED_A_L1_F3_H4_seed044_44_20260602_120405
campaign_v3_S8_M1_BALANCED_A_L1_F3_H4_seed045,campaign_v3_S8_M1_BALANCED_A_L1_F3_H4_seed045_45_20260602_120527,S8,4000,160,5,M1_BALANCED,45,A,L1,F3,H4,V3,map_S8_M1_BALANCED_seed045,66d124306039184ee815a886f2c5b077d9ce0f4f78d9af0d2f2d9aea8bf58bb9,31.836,62.608,187.789,358.982,25,43,0.3351,0.1265,60.0,39.309,99.309,159.309,160.0,100.0,7.742,0.0,1.0,0.738,0.731,0.111,2036.290578,1.490927,0.0,159,1121691,1121691,1.0,1436,1436,1.0,95229,0,1,S8|M1_BALANCED|45|A|L1|F3,true,false,false,/home/cyfer/FYP/WSN_simulation_V3/runs/S8_4000/outputs_production_50seed_part41_45/run_campaign_v3_S8_M1_BALANCED_A_L1_F3_H4_seed045_45_20260602_120527
campaign_v3_S8_M1_BALANCED_A_L1_F4_H0_seed041,campaign_v3_S8_M1_BALANCED_A_L1_F4_H0_seed041_41_20260602_115941,S8,4000,160,5,M1_BALANCED,41,A,L1,F4,H0,V2,map_S8_M1_BALANCED_seed041,68d20f4a20dae27e58437a6a0234e4cd38c27d53bc85499ff9d7ad1e9144bfc3,31.945,63.772,183.968,362.941,25,45,0.3044,0.1175,60.0,-1.0,-1.0,-1.0,-1.0,-1.0,0.0,0.0,0.0,0.0,0.0,0.0,2043.189453,1.489203,0.0,158,1124260,1124260,1.0,1432,1432,1.0,96100,1,0,S8|M1_BALANCED|41|A|L1|F4,false,false,true,/home/cyfer/FYP/WSN_simulation_V3/runs/S8_4000/outputs_production_50seed_part41_45/run_campaign_v3_S8_M1_BALANCED_A_L1_F4_H0_seed041_41_20260602_115941
campaign_v3_S8_M1_BALANCED_A_L1_F4_H0_seed042,campaign_v3_S8_M1_BALANCED_A_L1_F4_H0_seed042_42_20260602_120108,S8,4000,160,5,M1_BALANCED,42,A,L1,F4,H0,V2,map_S8_M1_BALANCED_seed042,49089386c52a5814fc7f4a1ba6efa21857f297d94e8de7d88a9e29caed97bde1,31.6,61.937,185.062,352.228,25,46,0.3327,0.1353,60.0,-1.0,-1.0,-1.0,-1.0,-1.0,0.0,0.0,0.0,0.0,0.0,0.0,2034.199147,1.49145,0.0,158,1124730,1124730,1.0,1432,1432,1.0,96090,1,0,S8|M1_BALANCED|42|A|L1|F4,false,false,true,/home/cyfer/FYP/WSN_simulation_V3/runs/S8_4000/outputs_production_50seed_part41_45/run_campaign_v3_S8_M1_BALANCED_A_L1_F4_H0_seed042_42_20260602_120108
campaign_v3_S8_M1_BALANCED_A_L1_F4_H0_seed043,campaign_v3_S8_M1_BALANCED_A_L1_F4_H0_seed043_43_20260602_120229,S8,4000,160,5,M1_BALANCED,43,A,L1,F4,H0,V2,map_S8_M1_BALANCED_seed043,3a6ba487e0cc7f72992fedce7ca348c90cfe195fd410db343348095e59687537,31.909,64.317,185.925,352.107,25,49,0.3446,0.1285,60.0,-1.0,-1.0,-1.0,-1.0,-1.0,0.0,0.0,0.0,0.0,0.0,0.0,2037.231798,1.490692,0.0,158,1120970,1120970,1.0,1432,1432,1.0,96170,1,0,S8|M1_BALANCED|43|A|L1|F4,false,false,true,/home/cyfer/FYP/WSN_simulation_V3/runs/S8_4000/outputs_production_50seed_part41_45/run_campaign_v3_S8_M1_BALANCED_A_L1_F4_H0_seed043_43_20260602_120229
campaign_v3_S8_M1_BALANCED_A_L1_F4_H0_seed044,campaign_v3_S8_M1_BALANCED_A_L1_F4_H0_seed044_44_20260602_120352,S8,4000,160,5,M1_BALANCED,44,A,L1,F4,H0,V2,map_S8_M1_BALANCED_seed044,407afd02a69ba6c1a3589498aa72c5336073339b2940d87e8c0b117e76a2e886,32.181,65.381,187.068,352.156,25,54,0.3321,0.1202,60.0,-1.0,-1.0,-1.0,-1.0,-1.0,0.0,0.0,0.0,0.0,0.0,0.0,2056.192714,1.485952,0.0,159,1127550,1127550,1.0,1432,1432,1.0,96030,1,0,S8|M1_BALANCED|44|A|L1|F4,false,false,true,/home/cyfer/FYP/WSN_simulation_V3/runs/S8_4000/outputs_production_50seed_part41_45/run_campaign_v3_S8_M1_BALANCED_A_L1_F4_H0_seed044_44_20260602_120352
campaign_v3_S8_M1_BALANCED_A_L1_F4_H0_seed045,campaign_v3_S8_M1_BALANCED_A_L1_F4_H0_seed045_45_20260602_120515,S8,4000,160,5,M1_BALANCED,45,A,L1,F4,H0,V2,map_S8_M1_BALANCED_seed045,66d124306039184ee815a886f2c5b077d9ce0f4f78d9af0d2f2d9aea8bf58bb9,31.836,62.608,187.789,358.982,25,43,0.3351,0.1265,60.0,-1.0,-1.0,-1.0,-1.0,-1.0,0.0,0.0,0.0,0.0,0.0,0.0,2036.531301,1.490867,0.0,159,1121675,1121675,1.0,1432,1432,1.0,96155,1,0,S8|M1_BALANCED|45|A|L1|F4,false,false,true,/home/cyfer/FYP/WSN_simulation_V3/runs/S8_4000/outputs_production_50seed_part41_45/run_campaign_v3_S8_M1_BALANCED_A_L1_F4_H0_seed045_45_20260602_120515
campaign_v3_S8_M1_BALANCED_A_L1_F4_H1_seed041,campaign_v3_S8_M1_BALANCED_A_L1_F4_H1_seed041_41_20260602_115956,S8,4000,160,5,M1_BALANCED,41,A,L1,F4,H1,V3,map_S8_M1_BALANCED_seed041,68d20f4a20dae27e58437a6a0234e4cd38c27d53bc85499ff9d7ad1e9144bfc3,31.945,63.772,183.968,362.941,25,45,0.3044,0.1175,60.0,33.624,93.624,153.624,160.0,100.0,6.031,0.0,1.0,0.455,0.441,0.114,2044.47386,1.488882,0.0,158,1124796,1124796,1.0,1436,1436,1.0,95504,0,1,S8|M1_BALANCED|41|A|L1|F4,true,false,false,/home/cyfer/FYP/WSN_simulation_V3/runs/S8_4000/outputs_production_50seed_part41_45/run_campaign_v3_S8_M1_BALANCED_A_L1_F4_H1_seed041_41_20260602_115956
campaign_v3_S8_M1_BALANCED_A_L1_F4_H1_seed042,campaign_v3_S8_M1_BALANCED_A_L1_F4_H1_seed042_42_20260602_120121,S8,4000,160,5,M1_BALANCED,42,A,L1,F4,H1,V3,map_S8_M1_BALANCED_seed042,49089386c52a5814fc7f4a1ba6efa21857f297d94e8de7d88a9e29caed97bde1,31.6,61.937,185.062,352.228,25,46,0.3327,0.1353,60.0,33.584,93.584,153.584,160.0,100.0,5.694,0.0,1.0,0.4,0.399,0.099,2035.357381,1.491161,0.0,158,1125214,1125214,1.0,1436,1436,1.0,95554,0,1,S8|M1_BALANCED|42|A|L1|F4,true,false,false,/home/cyfer/FYP/WSN_simulation_V3/runs/S8_4000/outputs_production_50seed_part41_45/run_campaign_v3_S8_M1_BALANCED_A_L1_F4_H1_seed042_42_20260602_120121
campaign_v3_S8_M1_BALANCED_A_L1_F4_H1_seed043,campaign_v3_S8_M1_BALANCED_A_L1_F4_H1_seed043_43_20260602_120243,S8,4000,160,5,M1_BALANCED,43,A,L1,F4,H1,V3,map_S8_M1_BALANCED_seed043,3a6ba487e0cc7f72992fedce7ca348c90cfe195fd410db343348095e59687537,31.909,64.317,185.925,352.107,25,49,0.3446,0.1285,60.0,36.033,96.033,156.033,160.0,100.0,8.068,0.0,1.0,0.708,0.811,0.17,2039.445181,1.490139,0.0,158,1121768,1121768,1.0,1436,1436,1.0,95154,0,1,S8|M1_BALANCED|43|A|L1|F4,true,false,false,/home/cyfer/FYP/WSN_simulation_V3/runs/S8_4000/outputs_production_50seed_part41_45/run_campaign_v3_S8_M1_BALANCED_A_L1_F4_H1_seed043_43_20260602_120243
campaign_v3_S8_M1_BALANCED_A_L1_F4_H1_seed044,campaign_v3_S8_M1_BALANCED_A_L1_F4_H1_seed044_44_20260602_120406,S8,4000,160,5,M1_BALANCED,44,A,L1,F4,H1,V3,map_S8_M1_BALANCED_seed044,407afd02a69ba6c1a3589498aa72c5336073339b2940d87e8c0b117e76a2e886,32.181,65.381,187.068,352.156,25,54,0.3321,0.1202,60.0,32.243,92.243,152.243,160.0,100.0,4.338,0.0,1.0,0.113,0.139,0.194,2056.597604,1.485851,0.0,159,1127728,1127728,1.0,1436,1436,1.0,95854,0,1,S8|M1_BALANCED|44|A|L1|F4,true,false,false,/home/cyfer/FYP/WSN_simulation_V3/runs/S8_4000/outputs_production_50seed_part41_45/run_campaign_v3_S8_M1_BALANCED_A_L1_F4_H1_seed044_44_20260602_120406
campaign_v3_S8_M1_BALANCED_A_L1_F4_H1_seed045,campaign_v3_S8_M1_BALANCED_A_L1_F4_H1_seed045_45_20260602_120528,S8,4000,160,5,M1_BALANCED,45,A,L1,F4,H1,V3,map_S8_M1_BALANCED_seed045,66d124306039184ee815a886f2c5b077d9ce0f4f78d9af0d2f2d9aea8bf58bb9,31.836,62.608,187.789,358.982,25,43,0.3351,0.1265,60.0,35.605,95.605,155.605,160.0,100.0,7.874,0.0,1.0,0.738,0.72,0.167,2038.540456,1.490365,0.0,159,1122435,1122435,1.0,1436,1436,1.0,95229,0,1,S8|M1_BALANCED|45|A|L1|F4,true,false,false,/home/cyfer/FYP/WSN_simulation_V3/runs/S8_4000/outputs_production_50seed_part41_45/run_campaign_v3_S8_M1_BALANCED_A_L1_F4_H1_seed045_45_20260602_120528
campaign_v3_S8_M1_BALANCED_A_L1_F4_H3_seed041,campaign_v3_S8_M1_BALANCED_A_L1_F4_H3_seed041_41_20260602_115957,S8,4000,160,5,M1_BALANCED,41,A,L1,F4,H3,V3,map_S8_M1_BALANCED_seed041,68d20f4a20dae27e58437a6a0234e4cd38c27d53bc85499ff9d7ad1e9144bfc3,31.945,63.772,183.968,362.941,25,45,0.3044,0.1175,60.0,39.688,99.688,159.688,160.0,100.0,6.031,0.0,1.0,0.455,0.441,0.114,2043.802857,1.489049,0.0,158,1124476,1124476,1.0,1436,1436,1.0,95504,0,1,S8|M1_BALANCED|41|A|L1|F4,true,false,false,/home/cyfer/FYP/WSN_simulation_V3/runs/S8_4000/outputs_production_50seed_part41_45/run_campaign_v3_S8_M1_BALANCED_A_L1_F4_H3_seed041_41_20260602_115957
campaign_v3_S8_M1_BALANCED_A_L1_F4_H3_seed042,campaign_v3_S8_M1_BALANCED_A_L1_F4_H3_seed042_42_20260602_120121,S8,4000,160,5,M1_BALANCED,42,A,L1,F4,H3,V3,map_S8_M1_BALANCED_seed042,49089386c52a5814fc7f4a1ba6efa21857f297d94e8de7d88a9e29caed97bde1,31.6,61.937,185.062,352.228,25,46,0.3327,0.1353,60.0,39.129,99.129,159.129,160.0,100.0,5.694,0.0,1.0,0.4,0.399,0.099,2034.713721,1.491322,0.0,158,1124926,1124926,1.0,1436,1436,1.0,95554,0,1,S8|M1_BALANCED|42|A|L1|F4,true,false,false,/home/cyfer/FYP/WSN_simulation_V3/runs/S8_4000/outputs_production_50seed_part41_45/run_campaign_v3_S8_M1_BALANCED_A_L1_F4_H3_seed042_42_20260602_120121
campaign_v3_S8_M1_BALANCED_A_L1_F4_H3_seed043,campaign_v3_S8_M1_BALANCED_A_L1_F4_H3_seed043_43_20260602_120244,S8,4000,160,5,M1_BALANCED,43,A,L1,F4,H3,V3,map_S8_M1_BALANCED_seed043,3a6ba487e0cc7f72992fedce7ca348c90cfe195fd410db343348095e59687537,31.909,64.317,185.925,352.107,25,49,0.3446,0.1285,60.0,41.142,101.142,161.142,170.0,110.0,8.068,0.0,1.0,0.708,0.811,0.17,2038.281089,1.49043,0.0,158,1121292,1121292,1.0,1436,1436,1.0,95154,0,1,S8|M1_BALANCED|43|A|L1|F4,true,false,false,/home/cyfer/FYP/WSN_simulation_V3/runs/S8_4000/outputs_production_50seed_part41_45/run_campaign_v3_S8_M1_BALANCED_A_L1_F4_H3_seed043_43_20260602_120244
campaign_v3_S8_M1_BALANCED_A_L1_F4_H3_seed044,campaign_v3_S8_M1_BALANCED_A_L1_F4_H3_seed044_44_20260602_120406,S8,4000,160,5,M1_BALANCED,44,A,L1,F4,H3,V3,map_S8_M1_BALANCED_seed044,407afd02a69ba6c1a3589498aa72c5336073339b2940d87e8c0b117e76a2e886,32.181,65.381,187.068,352.156,25,54,0.3321,0.1202,60.0,37.708,97.708,157.708,160.0,100.0,4.338,0.0,1.0,0.113,0.139,0.194,2056.412851,1.485897,0.0,159,1127632,1127632,1.0,1436,1436,1.0,95854,0,1,S8|M1_BALANCED|44|A|L1|F4,true,false,false,/home/cyfer/FYP/WSN_simulation_V3/runs/S8_4000/outputs_production_50seed_part41_45/run_campaign_v3_S8_M1_BALANCED_A_L1_F4_H3_seed044_44_20260602_120406
campaign_v3_S8_M1_BALANCED_A_L1_F4_H3_seed045,campaign_v3_S8_M1_BALANCED_A_L1_F4_H3_seed045_45_20260602_120528,S8,4000,160,5,M1_BALANCED,45,A,L1,F4,H3,V3,map_S8_M1_BALANCED_seed045,66d124306039184ee815a886f2c5b077d9ce0f4f78d9af0d2f2d9aea8bf58bb9,31.836,62.608,187.789,358.982,25,43,0.3351,0.1265,60.0,41.006,101.006,161.006,170.0,110.0,7.874,0.0,1.0,0.738,0.72,0.167,2037.443053,1.490639,0.0,159,1121979,1121979,1.0,1436,1436,1.0,95229,0,1,S8|M1_BALANCED|45|A|L1|F4,true,false,false,/home/cyfer/FYP/WSN_simulation_V3/runs/S8_4000/outputs_production_50seed_part41_45/run_campaign_v3_S8_M1_BALANCED_A_L1_F4_H3_seed045_45_20260602_120528
campaign_v3_S8_M1_BALANCED_A_L1_F4_H4_seed041,campaign_v3_S8_M1_BALANCED_A_L1_F4_H4_seed041_41_20260602_115958,S8,4000,160,5,M1_BALANCED,41,A,L1,F4,H4,V3,map_S8_M1_BALANCED_seed041,68d20f4a20dae27e58437a6a0234e4cd38c27d53bc85499ff9d7ad1e9144bfc3,31.945,63.772,183.968,362.941,25,45,0.3044,0.1175,60.0,43.623,103.623,163.623,170.0,110.0,6.031,0.0,1.0,0.455,0.441,0.114,2039.039544,1.49024,0.0,158,1121075,1121075,1.0,1436,1436,1.0,94833,0,1,S8|M1_BALANCED|41|A|L1|F4,true,false,false,/home/cyfer/FYP/WSN_simulation_V3/runs/S8_4000/outputs_production_50seed_part41_45/run_campaign_v3_S8_M1_BALANCED_A_L1_F4_H4_seed041_41_20260602_115958
campaign_v3_S8_M1_BALANCED_A_L1_F4_H4_seed042,campaign_v3_S8_M1_BALANCED_A_L1_F4_H4_seed042_42_20260602_120122,S8,4000,160,5,M1_BALANCED,42,A,L1,F4,H4,V3,map_S8_M1_BALANCED_seed042,49089386c52a5814fc7f4a1ba6efa21857f297d94e8de7d88a9e29caed97bde1,31.6,61.937,185.062,352.228,25,46,0.3327,0.1353,60.0,43.69,103.69,163.69,170.0,110.0,5.694,0.0,1.0,0.4,0.399,0.099,2028.616813,1.492846,0.0,158,1120858,1120858,1.0,1436,1436,1.0,94758,0,1,S8|M1_BALANCED|42|A|L1|F4,true,false,false,/home/cyfer/FYP/WSN_simulation_V3/runs/S8_4000/outputs_production_50seed_part41_45/run_campaign_v3_S8_M1_BALANCED_A_L1_F4_H4_seed042_42_20260602_120122
campaign_v3_S8_M1_BALANCED_A_L1_F4_H4_seed043,campaign_v3_S8_M1_BALANCED_A_L1_F4_H4_seed043_43_20260602_120244,S8,4000,160,5,M1_BALANCED,43,A,L1,F4,H4,V3,map_S8_M1_BALANCED_seed043,3a6ba487e0cc7f72992fedce7ca348c90cfe195fd410db343348095e59687537,31.909,64.317,185.925,352.107,25,49,0.3446,0.1285,60.0,45.999,105.999,165.999,170.0,110.0,8.068,0.0,1.0,0.708,0.811,0.17,2034.357908,1.491411,0.0,158,1118769,1118769,1.0,1436,1436,1.0,94633,0,1,S8|M1_BALANCED|43|A|L1|F4,true,false,false,/home/cyfer/FYP/WSN_simulation_V3/runs/S8_4000/outputs_production_50seed_part41_45/run_campaign_v3_S8_M1_BALANCED_A_L1_F4_H4_seed043_43_20260602_120244
campaign_v3_S8_M1_BALANCED_A_L1_F4_H4_seed044,campaign_v3_S8_M1_BALANCED_A_L1_F4_H4_seed044_44_20260602_120407,S8,4000,160,5,M1_BALANCED,44,A,L1,F4,H4,V3,map_S8_M1_BALANCED_seed044,407afd02a69ba6c1a3589498aa72c5336073339b2940d87e8c0b117e76a2e886,32.181,65.381,187.068,352.156,25,54,0.3321,0.1202,60.0,42.331,102.331,162.331,170.0,110.0,4.338,0.0,1.0,0.113,0.139,0.194,2050.785745,1.487304,0.0,159,1123988,1123988,1.0,1436,1436,1.0,95158,0,1,S8|M1_BALANCED|44|A|L1|F4,true,false,false,/home/cyfer/FYP/WSN_simulation_V3/runs/S8_4000/outputs_production_50seed_part41_45/run_campaign_v3_S8_M1_BALANCED_A_L1_F4_H4_seed044_44_20260602_120407
campaign_v3_S8_M1_BALANCED_A_L1_F4_H4_seed045,campaign_v3_S8_M1_BALANCED_A_L1_F4_H4_seed045_45_20260602_120529,S8,4000,160,5,M1_BALANCED,45,A,L1,F4,H4,V3,map_S8_M1_BALANCED_seed045,66d124306039184ee815a886f2c5b077d9ce0f4f78d9af0d2f2d9aea8bf58bb9,31.836,62.608,187.789,358.982,25,43,0.3351,0.1265,60.0,45.594,105.594,165.594,170.0,110.0,7.874,0.0,1.0,0.738,0.72,0.167,2032.066774,1.491983,0.0,159,1118658,1118658,1.0,1436,1436,1.0,94558,0,1,S8|M1_BALANCED|45|A|L1|F4,true,false,false,/home/cyfer/FYP/WSN_simulation_V3/runs/S8_4000/outputs_production_50seed_part41_45/run_campaign_v3_S8_M1_BALANCED_A_L1_F4_H4_seed045_45_20260602_120529
campaign_v3_S8_M1_BALANCED_A_L2_F0_H0_seed041,campaign_v3_S8_M1_BALANCED_A_L2_F0_H0_seed041_41_20260602_115959,S8,4000,160,5,M1_BALANCED,41,A,L2,F0,H0,V1,map_S8_M1_BALANCED_seed041,68d20f4a20dae27e58437a6a0234e4cd38c27d53bc85499ff9d7ad1e9144bfc3,31.945,63.772,183.968,362.941,25,45,0.3044,0.1175,0.0,-1.0,-1.0,-1.0,-1.0,-1.0,0.0,0.0,0.0,0.0,0.0,0.0,3089.49034,1.227627,0.0,159,1128960,1128960,1.0,1440,1440,1.0,96000,0,0,S8|M1_BALANCED|41|A|L2|F0,false,true,false,/home/cyfer/FYP/WSN_simulation_V3/runs/S8_4000/outputs_production_50seed_part41_45/run_campaign_v3_S8_M1_BALANCED_A_L2_F0_H0_seed041_41_20260602_115959
campaign_v3_S8_M1_BALANCED_A_L2_F0_H0_seed042,campaign_v3_S8_M1_BALANCED_A_L2_F0_H0_seed042_42_20260602_120123,S8,4000,160,5,M1_BALANCED,42,A,L2,F0,H0,V1,map_S8_M1_BALANCED_seed042,49089386c52a5814fc7f4a1ba6efa21857f297d94e8de7d88a9e29caed97bde1,31.6,61.937,185.062,352.228,25,46,0.3327,0.1353,0.0,-1.0,-1.0,-1.0,-1.0,-1.0,0.0,0.0,0.0,0.0,0.0,0.0,3074.676622,1.231331,0.0,159,1128960,1128960,1.0,1440,1440,1.0,96000,0,0,S8|M1_BALANCED|42|A|L2|F0,false,true,false,/home/cyfer/FYP/WSN_simulation_V3/runs/S8_4000/outputs_production_50seed_part41_45/run_campaign_v3_S8_M1_BALANCED_A_L2_F0_H0_seed042_42_20260602_120123
campaign_v3_S8_M1_BALANCED_A_L2_F0_H0_seed043,campaign_v3_S8_M1_BALANCED_A_L2_F0_H0_seed043_43_20260602_120245,S8,4000,160,5,M1_BALANCED,43,A,L2,F0,H0,V1,map_S8_M1_BALANCED_seed043,3a6ba487e0cc7f72992fedce7ca348c90cfe195fd410db343348095e59687537,31.909,64.317,185.925,352.107,25,49,0.3446,0.1285,0.0,-1.0,-1.0,-1.0,-1.0,-1.0,0.0,0.0,0.0,0.0,0.0,0.0,3089.961098,1.22751,0.0,158,1128960,1128960,1.0,1440,1440,1.0,96000,0,0,S8|M1_BALANCED|43|A|L2|F0,false,true,false,/home/cyfer/FYP/WSN_simulation_V3/runs/S8_4000/outputs_production_50seed_part41_45/run_campaign_v3_S8_M1_BALANCED_A_L2_F0_H0_seed043_43_20260602_120245
campaign_v3_S8_M1_BALANCED_A_L2_F0_H0_seed044,campaign_v3_S8_M1_BALANCED_A_L2_F0_H0_seed044_44_20260602_120408,S8,4000,160,5,M1_BALANCED,44,A,L2,F0,H0,V1,map_S8_M1_BALANCED_seed044,407afd02a69ba6c1a3589498aa72c5336073339b2940d87e8c0b117e76a2e886,32.181,65.381,187.068,352.156,25,54,0.3321,0.1202,0.0,-1.0,-1.0,-1.0,-1.0,-1.0,0.0,0.0,0.0,0.0,0.0,0.0,3103.664893,1.224084,0.0,159,1128960,1128960,1.0,1440,1440,1.0,96000,0,0,S8|M1_BALANCED|44|A|L2|F0,false,true,false,/home/cyfer/FYP/WSN_simulation_V3/runs/S8_4000/outputs_production_50seed_part41_45/run_campaign_v3_S8_M1_BALANCED_A_L2_F0_H0_seed044_44_20260602_120408
campaign_v3_S8_M1_BALANCED_A_L2_F0_H0_seed045,campaign_v3_S8_M1_BALANCED_A_L2_F0_H0_seed045_45_20260602_120530,S8,4000,160,5,M1_BALANCED,45,A,L2,F0,H0,V1,map_S8_M1_BALANCED_seed045,66d124306039184ee815a886f2c5b077d9ce0f4f78d9af0d2f2d9aea8bf58bb9,31.836,62.608,187.789,358.982,25,43,0.3351,0.1265,0.0,-1.0,-1.0,-1.0,-1.0,-1.0,0.0,0.0,0.0,0.0,0.0,0.0,3085.178232,1.228705,0.0,160,1128960,1128960,1.0,1440,1440,1.0,96000,0,0,S8|M1_BALANCED|45|A|L2|F0,false,true,false,/home/cyfer/FYP/WSN_simulation_V3/runs/S8_4000/outputs_production_50seed_part41_45/run_campaign_v3_S8_M1_BALANCED_A_L2_F0_H0_seed045_45_20260602_120530
campaign_v3_S8_M1_BALANCED_A_L2_F1_H0_seed041,campaign_v3_S8_M1_BALANCED_A_L2_F1_H0_seed041_41_20260602_120000,S8,4000,160,5,M1_BALANCED,41,A,L2,F1,H0,V2,map_S8_M1_BALANCED_seed041,68d20f4a20dae27e58437a6a0234e4cd38c27d53bc85499ff9d7ad1e9144bfc3,31.945,63.772,183.968,362.941,25,45,0.3044,0.1175,60.0,-1.0,-1.0,-1.0,-1.0,-1.0,0.0,0.0,0.0,0.0,0.0,0.0,3078.524559,1.230089,0.0,159,1124260,1124260,1.0,1432,1432,1.0,96100,1,0,S8|M1_BALANCED|41|A|L2|F1,false,false,true,/home/cyfer/FYP/WSN_simulation_V3/runs/S8_4000/outputs_production_50seed_part41_45/run_campaign_v3_S8_M1_BALANCED_A_L2_F1_H0_seed041_41_20260602_120000
campaign_v3_S8_M1_BALANCED_A_L2_F1_H0_seed042,campaign_v3_S8_M1_BALANCED_A_L2_F1_H0_seed042_42_20260602_120124,S8,4000,160,5,M1_BALANCED,42,A,L2,F1,H0,V2,map_S8_M1_BALANCED_seed042,49089386c52a5814fc7f4a1ba6efa21857f297d94e8de7d88a9e29caed97bde1,31.6,61.937,185.062,352.228,25,46,0.3327,0.1353,60.0,-1.0,-1.0,-1.0,-1.0,-1.0,0.0,0.0,0.0,0.0,0.0,0.0,3064.506946,1.233573,0.0,159,1124730,1124730,1.0,1432,1432,1.0,96090,1,0,S8|M1_BALANCED|42|A|L2|F1,false,false,true,/home/cyfer/FYP/WSN_simulation_V3/runs/S8_4000/outputs_production_50seed_part41_45/run_campaign_v3_S8_M1_BALANCED_A_L2_F1_H0_seed042_42_20260602_120124
campaign_v3_S8_M1_BALANCED_A_L2_F1_H0_seed043,campaign_v3_S8_M1_BALANCED_A_L2_F1_H0_seed043_43_20260602_120246,S8,4000,160,5,M1_BALANCED,43,A,L2,F1,H0,V2,map_S8_M1_BALANCED_seed043,3a6ba487e0cc7f72992fedce7ca348c90cfe195fd410db343348095e59687537,31.909,64.317,185.925,352.107,25,49,0.3446,0.1285,60.0,-1.0,-1.0,-1.0,-1.0,-1.0,0.0,0.0,0.0,0.0,0.0,0.0,3069.241609,1.232595,0.0,158,1120970,1120970,1.0,1432,1432,1.0,96170,1,0,S8|M1_BALANCED|43|A|L2|F1,false,false,true,/home/cyfer/FYP/WSN_simulation_V3/runs/S8_4000/outputs_production_50seed_part41_45/run_campaign_v3_S8_M1_BALANCED_A_L2_F1_H0_seed043_43_20260602_120246
campaign_v3_S8_M1_BALANCED_A_L2_F1_H0_seed044,campaign_v3_S8_M1_BALANCED_A_L2_F1_H0_seed044_44_20260602_120408,S8,4000,160,5,M1_BALANCED,44,A,L2,F1,H0,V2,map_S8_M1_BALANCED_seed044,407afd02a69ba6c1a3589498aa72c5336073339b2940d87e8c0b117e76a2e886,32.181,65.381,187.068,352.156,25,54,0.3321,0.1202,60.0,-1.0,-1.0,-1.0,-1.0,-1.0,0.0,0.0,0.0,0.0,0.0,0.0,3099.290889,1.224747,0.0,160,1127550,1127550,1.0,1432,1432,1.0,96030,1,0,S8|M1_BALANCED|44|A|L2|F1,false,false,true,/home/cyfer/FYP/WSN_simulation_V3/runs/S8_4000/outputs_production_50seed_part41_45/run_campaign_v3_S8_M1_BALANCED_A_L2_F1_H0_seed044_44_20260602_120408
campaign_v3_S8_M1_BALANCED_A_L2_F1_H0_seed045,campaign_v3_S8_M1_BALANCED_A_L2_F1_H0_seed045_45_20260602_120531,S8,4000,160,5,M1_BALANCED,45,A,L2,F1,H0,V2,map_S8_M1_BALANCED_seed045,66d124306039184ee815a886f2c5b077d9ce0f4f78d9af0d2f2d9aea8bf58bb9,31.836,62.608,187.789,358.982,25,43,0.3351,0.1265,60.0,-1.0,-1.0,-1.0,-1.0,-1.0,0.0,0.0,0.0,0.0,0.0,0.0,3067.327185,1.233028,0.0,160,1121675,1121675,1.0,1432,1432,1.0,96155,1,0,S8|M1_BALANCED|45|A|L2|F1,false,false,true,/home/cyfer/FYP/WSN_simulation_V3/runs/S8_4000/outputs_production_50seed_part41_45/run_campaign_v3_S8_M1_BALANCED_A_L2_F1_H0_seed045_45_20260602_120531
campaign_v3_S8_M1_BALANCED_A_L2_F1_H1_seed041,campaign_v3_S8_M1_BALANCED_A_L2_F1_H1_seed041_41_20260602_120005,S8,4000,160,5,M1_BALANCED,41,A,L2,F1,H1,V3,map_S8_M1_BALANCED_seed041,68d20f4a20dae27e58437a6a0234e4cd38c27d53bc85499ff9d7ad1e9144bfc3,31.945,63.772,183.968,362.941,25,45,0.3044,0.1175,60.0,17.12,77.12,137.12,140.0,80.0,7.707,0.0,1.0,0.455,1.0,0.114,3086.729078,1.228038,0.0,160,1127400,1127400,1.0,1437,1437,1.0,96000,0,1,S8|M1_BALANCED|41|A|L2|F1,true,false,false,/home/cyfer/FYP/WSN_simulation_V3/runs/S8_4000/outputs_production_50seed_part41_45/run_campaign_v3_S8_M1_BALANCED_A_L2_F1_H1_seed041_41_20260602_120005
campaign_v3_S8_M1_BALANCED_A_L2_F1_H1_seed042,campaign_v3_S8_M1_BALANCED_A_L2_F1_H1_seed042_42_20260602_120129,S8,4000,160,5,M1_BALANCED,42,A,L2,F1,H1,V3,map_S8_M1_BALANCED_seed042,49089386c52a5814fc7f4a1ba6efa21857f297d94e8de7d88a9e29caed97bde1,31.6,61.937,185.062,352.228,25,46,0.3327,0.1353,60.0,17.27,77.27,137.27,140.0,80.0,7.497,0.0,1.0,0.4,1.0,0.099,3072.028967,1.231692,0.0,160,1127556,1127556,1.0,1437,1437,1.0,96000,0,1,S8|M1_BALANCED|42|A|L2|F1,true,false,false,/home/cyfer/FYP/WSN_simulation_V3/runs/S8_4000/outputs_production_50seed_part41_45/run_campaign_v3_S8_M1_BALANCED_A_L2_F1_H1_seed042_42_20260602_120129
campaign_v3_S8_M1_BALANCED_A_L2_F1_H1_seed043,campaign_v3_S8_M1_BALANCED_A_L2_F1_H1_seed043_43_20260602_120251,S8,4000,160,5,M1_BALANCED,43,A,L2,F1,H1,V3,map_S8_M1_BALANCED_seed043,3a6ba487e0cc7f72992fedce7ca348c90cfe195fd410db343348095e59687537,31.909,64.317,185.925,352.107,25,49,0.3446,0.1285,60.0,18.62,78.62,138.62,140.0,80.0,8.635,0.0,1.0,0.708,1.0,0.17,3084.377196,1.228811,0.0,159,1126274,1126274,1.0,1437,1437,1.0,96000,0,1,S8|M1_BALANCED|43|A|L2|F1,true,false,false,/home/cyfer/FYP/WSN_simulation_V3/runs/S8_4000/outputs_production_50seed_part41_45/run_campaign_v3_S8_M1_BALANCED_A_L2_F1_H1_seed043_43_20260602_120251
campaign_v3_S8_M1_BALANCED_A_L2_F1_H1_seed044,campaign_v3_S8_M1_BALANCED_A_L2_F1_H1_seed044_44_20260602_120413,S8,4000,160,5,M1_BALANCED,44,A,L2,F1,H1,V3,map_S8_M1_BALANCED_seed044,407afd02a69ba6c1a3589498aa72c5336073339b2940d87e8c0b117e76a2e886,32.181,65.381,187.068,352.156,25,54,0.3321,0.1202,60.0,16.806,76.806,136.806,140.0,80.0,6.921,0.0,1.0,0.113,1.0,0.194,3101.727634,1.224138,0.0,160,1128498,1128498,1.0,1437,1437,1.0,96000,0,1,S8|M1_BALANCED|44|A|L2|F1,true,false,false,/home/cyfer/FYP/WSN_simulation_V3/runs/S8_4000/outputs_production_50seed_part41_45/run_campaign_v3_S8_M1_BALANCED_A_L2_F1_H1_seed044_44_20260602_120413
campaign_v3_S8_M1_BALANCED_A_L2_F1_H1_seed045,campaign_v3_S8_M1_BALANCED_A_L2_F1_H1_seed045_45_20260602_120536,S8,4000,160,5,M1_BALANCED,45,A,L2,F1,H1,V3,map_S8_M1_BALANCED_seed045,66d124306039184ee815a886f2c5b077d9ce0f4f78d9af0d2f2d9aea8bf58bb9,31.836,62.608,187.789,358.982,25,43,0.3351,0.1265,60.0,18.227,78.227,138.227,140.0,80.0,8.715,0.0,1.0,0.738,1.0,0.167,3080.488487,1.229738,0.0,161,1126511,1126511,1.0,1437,1437,1.0,96000,0,1,S8|M1_BALANCED|45|A|L2|F1,true,false,false,/home/cyfer/FYP/WSN_simulation_V3/runs/S8_4000/outputs_production_50seed_part41_45/run_campaign_v3_S8_M1_BALANCED_A_L2_F1_H1_seed045_45_20260602_120536
campaign_v3_S8_M1_BALANCED_A_L2_F1_H3_seed041,campaign_v3_S8_M1_BALANCED_A_L2_F1_H3_seed041_41_20260602_120008,S8,4000,160,5,M1_BALANCED,41,A,L2,F1,H3,V3,map_S8_M1_BALANCED_seed041,68d20f4a20dae27e58437a6a0234e4cd38c27d53bc85499ff9d7ad1e9144bfc3,31.945,63.772,183.968,362.941,25,45,0.3044,0.1175,60.0,23.132,83.132,143.132,150.0,90.0,7.707,0.0,1.0,0.455,1.0,0.114,3083.116535,1.228941,0.0,159,1125770,1125770,1.0,1437,1437,1.0,95750,0,1,S8|M1_BALANCED|41|A|L2|F1,true,false,false,/home/cyfer/FYP/WSN_simulation_V3/runs/S8_4000/outputs_production_50seed_part41_45/run_campaign_v3_S8_M1_BALANCED_A_L2_F1_H3_seed041_41_20260602_120008
campaign_v3_S8_M1_BALANCED_A_L2_F1_H3_seed042,campaign_v3_S8_M1_BALANCED_A_L2_F1_H3_seed042_42_20260602_120131,S8,4000,160,5,M1_BALANCED,42,A,L2,F1,H3,V3,map_S8_M1_BALANCED_seed042,49089386c52a5814fc7f4a1ba6efa21857f297d94e8de7d88a9e29caed97bde1,31.6,61.937,185.062,352.228,25,46,0.3327,0.1353,60.0,23.468,83.468,143.468,150.0,90.0,7.497,0.0,1.0,0.4,1.0,0.099,3068.224242,1.232644,0.0,159,1126089,1126089,1.0,1437,1437,1.0,95775,0,1,S8|M1_BALANCED|42|A|L2|F1,true,false,false,/home/cyfer/FYP/WSN_simulation_V3/runs/S8_4000/outputs_production_50seed_part41_45/run_campaign_v3_S8_M1_BALANCED_A_L2_F1_H3_seed042_42_20260602_120131
campaign_v3_S8_M1_BALANCED_A_L2_F1_H3_seed043,campaign_v3_S8_M1_BALANCED_A_L2_F1_H3_seed043_43_20260602_120253,S8,4000,160,5,M1_BALANCED,43,A,L2,F1,H3,V3,map_S8_M1_BALANCED_seed043,3a6ba487e0cc7f72992fedce7ca348c90cfe195fd410db343348095e59687537,31.909,64.317,185.925,352.107,25,49,0.3446,0.1285,60.0,23.996,83.996,143.996,150.0,90.0,8.635,0.0,1.0,0.708,1.0,0.17,3077.589339,1.230508,0.0,159,1123537,1123537,1.0,1437,1437,1.0,95575,0,1,S8|M1_BALANCED|43|A|L2|F1,true,false,false,/home/cyfer/FYP/WSN_simulation_V3/runs/S8_4000/outputs_production_50seed_part41_45/run_campaign_v3_S8_M1_BALANCED_A_L2_F1_H3_seed043_43_20260602_120253
campaign_v3_S8_M1_BALANCED_A_L2_F1_H3_seed044,campaign_v3_S8_M1_BALANCED_A_L2_F1_H3_seed044_44_20260602_120416,S8,4000,160,5,M1_BALANCED,44,A,L2,F1,H3,V3,map_S8_M1_BALANCED_seed044,407afd02a69ba6c1a3589498aa72c5336073339b2940d87e8c0b117e76a2e886,32.181,65.381,187.068,352.156,25,54,0.3321,0.1202,60.0,22.442,82.442,142.442,150.0,90.0,6.921,0.0,1.0,0.113,1.0,0.194,3100.456321,1.224455,0.0,160,1128006,1128006,1.0,1437,1437,1.0,95925,0,1,S8|M1_BALANCED|44|A|L2|F1,true,false,false,/home/cyfer/FYP/WSN_simulation_V3/runs/S8_4000/outputs_production_50seed_part41_45/run_campaign_v3_S8_M1_BALANCED_A_L2_F1_H3_seed044_44_20260602_120416
campaign_v3_S8_M1_BALANCED_A_L2_F1_H3_seed045,campaign_v3_S8_M1_BALANCED_A_L2_F1_H3_seed045_45_20260602_120538,S8,4000,160,5,M1_BALANCED,45,A,L2,F1,H3,V3,map_S8_M1_BALANCED_seed045,66d124306039184ee815a886f2c5b077d9ce0f4f78d9af0d2f2d9aea8bf58bb9,31.836,62.608,187.789,358.982,25,43,0.3351,0.1265,60.0,24.114,84.114,144.114,150.0,90.0,8.715,0.0,1.0,0.738,1.0,0.167,3074.469406,1.231242,0.0,161,1124075,1124075,1.0,1437,1437,1.0,95625,0,1,S8|M1_BALANCED|45|A|L2|F1,true,false,false,/home/cyfer/FYP/WSN_simulation_V3/runs/S8_4000/outputs_production_50seed_part41_45/run_campaign_v3_S8_M1_BALANCED_A_L2_F1_H3_seed045_45_20260602_120538
campaign_v3_S8_M1_BALANCED_A_L2_F1_H4_seed041,campaign_v3_S8_M1_BALANCED_A_L2_F1_H4_seed041_41_20260602_120011,S8,4000,160,5,M1_BALANCED,41,A,L2,F1,H4,V3,map_S8_M1_BALANCED_seed041,68d20f4a20dae27e58437a6a0234e4cd38c27d53bc85499ff9d7ad1e9144bfc3,31.945,63.772,183.968,362.941,25,45,0.3044,0.1175,60.0,27.253,87.253,147.253,150.0,90.0,7.707,0.0,1.0,0.455,1.0,0.114,3077.341625,1.230385,0.0,160,1123251,1123251,1.0,1437,1437,1.0,95329,0,1,S8|M1_BALANCED|41|A|L2|F1,true,false,false,/home/cyfer/FYP/WSN_simulation_V3/runs/S8_4000/outputs_production_50seed_part41_45/run_campaign_v3_S8_M1_BALANCED_A_L2_F1_H4_seed041_41_20260602_120011
campaign_v3_S8_M1_BALANCED_A_L2_F1_H4_seed042,campaign_v3_S8_M1_BALANCED_A_L2_F1_H4_seed042_42_20260602_120134,S8,4000,160,5,M1_BALANCED,42,A,L2,F1,H4,V3,map_S8_M1_BALANCED_seed042,49089386c52a5814fc7f4a1ba6efa21857f297d94e8de7d88a9e29caed97bde1,31.6,61.937,185.062,352.228,25,46,0.3327,0.1353,60.0,27.011,87.011,147.011,150.0,90.0,7.497,0.0,1.0,0.4,1.0,0.099,3060.260589,1.234634,0.0,160,1122692,1122692,1.0,1437,1437,1.0,95204,0,1,S8|M1_BALANCED|42|A|L2|F1,true,false,false,/home/cyfer/FYP/WSN_simulation_V3/runs/S8_4000/outputs_production_50seed_part41_45/run_campaign_v3_S8_M1_BALANCED_A_L2_F1_H4_seed042_42_20260602_120134
campaign_v3_S8_M1_BALANCED_A_L2_F1_H4_seed043,campaign_v3_S8_M1_BALANCED_A_L2_F1_H4_seed043_43_20260602_120256,S8,4000,160,5,M1_BALANCED,43,A,L2,F1,H4,V3,map_S8_M1_BALANCED_seed043,3a6ba487e0cc7f72992fedce7ca348c90cfe195fd410db343348095e59687537,31.909,64.317,185.925,352.107,25,49,0.3446,0.1285,60.0,28.212,88.212,148.212,150.0,90.0,8.635,0.0,1.0,0.708,1.0,0.17,3075.698772,1.230981,0.0,159,1122888,1122888,1.0,1437,1437,1.0,95479,0,1,S8|M1_BALANCED|43|A|L2|F1,true,false,false,/home/cyfer/FYP/WSN_simulation_V3/runs/S8_4000/outputs_production_50seed_part41_45/run_campaign_v3_S8_M1_BALANCED_A_L2_F1_H4_seed043_43_20260602_120256
campaign_v3_S8_M1_BALANCED_A_L2_F1_H4_seed044,campaign_v3_S8_M1_BALANCED_A_L2_F1_H4_seed044_44_20260602_120418,S8,4000,160,5,M1_BALANCED,44,A,L2,F1,H4,V3,map_S8_M1_BALANCED_seed044,407afd02a69ba6c1a3589498aa72c5336073339b2940d87e8c0b117e76a2e886,32.181,65.381,187.068,352.156,25,54,0.3321,0.1202,60.0,26.575,86.575,146.575,150.0,90.0,6.921,0.0,1.0,0.113,1.0,0.194,3091.356114,1.22673,0.0,160,1124314,1124314,1.0,1437,1437,1.0,95304,0,1,S8|M1_BALANCED|44|A|L2|F1,true,false,false,/home/cyfer/FYP/WSN_simulation_V3/runs/S8_4000/outputs_production_50seed_part41_45/run_campaign_v3_S8_M1_BALANCED_A_L2_F1_H4_seed044_44_20260602_120418
campaign_v3_S8_M1_BALANCED_A_L2_F1_H4_seed045,campaign_v3_S8_M1_BALANCED_A_L2_F1_H4_seed045_45_20260602_120541,S8,4000,160,5,M1_BALANCED,45,A,L2,F1,H4,V3,map_S8_M1_BALANCED_seed045,66d124306039184ee815a886f2c5b077d9ce0f4f78d9af0d2f2d9aea8bf58bb9,31.836,62.608,187.789,358.982,25,43,0.3351,0.1265,60.0,28.032,88.032,148.032,150.0,90.0,8.715,0.0,1.0,0.738,1.0,0.167,3069.375533,1.232516,0.0,161,1122279,1122279,1.0,1437,1437,1.0,95329,0,1,S8|M1_BALANCED|45|A|L2|F1,true,false,false,/home/cyfer/FYP/WSN_simulation_V3/runs/S8_4000/outputs_production_50seed_part41_45/run_campaign_v3_S8_M1_BALANCED_A_L2_F1_H4_seed045_45_20260602_120541
campaign_v3_S8_M1_BALANCED_A_L2_F2_H0_seed041,campaign_v3_S8_M1_BALANCED_A_L2_F2_H0_seed041_41_20260602_120003,S8,4000,160,5,M1_BALANCED,41,A,L2,F2,H0,V2,map_S8_M1_BALANCED_seed041,68d20f4a20dae27e58437a6a0234e4cd38c27d53bc85499ff9d7ad1e9144bfc3,31.945,63.772,183.968,362.941,25,45,0.3044,0.1175,60.0,-1.0,-1.0,-1.0,-1.0,-1.0,0.0,0.0,0.0,0.0,0.0,0.0,3074.289462,1.231428,0.0,158,1122615,1122615,1.0,1432,1432,1.0,96135,1,0,S8|M1_BALANCED|41|A|L2|F2,false,false,true,/home/cyfer/FYP/WSN_simulation_V3/runs/S8_4000/outputs_production_50seed_part41_45/run_campaign_v3_S8_M1_BALANCED_A_L2_F2_H0_seed041_41_20260602_120003
campaign_v3_S8_M1_BALANCED_A_L2_F2_H0_seed042,campaign_v3_S8_M1_BALANCED_A_L2_F2_H0_seed042_42_20260602_120126,S8,4000,160,5,M1_BALANCED,42,A,L2,F2,H0,V2,map_S8_M1_BALANCED_seed042,49089386c52a5814fc7f4a1ba6efa21857f297d94e8de7d88a9e29caed97bde1,31.6,61.937,185.062,352.228,25,46,0.3327,0.1353,60.0,-1.0,-1.0,-1.0,-1.0,-1.0,0.0,0.0,0.0,0.0,0.0,0.0,3055.85617,1.236036,0.0,158,1121440,1121440,1.0,1432,1432,1.0,96160,1,0,S8|M1_BALANCED|42|A|L2|F2,false,false,true,/home/cyfer/FYP/WSN_simulation_V3/runs/S8_4000/outputs_production_50seed_part41_45/run_campaign_v3_S8_M1_BALANCED_A_L2_F2_H0_seed042_42_20260602_120126
campaign_v3_S8_M1_BALANCED_A_L2_F2_H0_seed043,campaign_v3_S8_M1_BALANCED_A_L2_F2_H0_seed043_43_20260602_120249,S8,4000,160,5,M1_BALANCED,43,A,L2,F2,H0,V2,map_S8_M1_BALANCED_seed043,3a6ba487e0cc7f72992fedce7ca348c90cfe195fd410db343348095e59687537,31.909,64.317,185.925,352.107,25,49,0.3446,0.1285,60.0,-1.0,-1.0,-1.0,-1.0,-1.0,0.0,0.0,0.0,0.0,0.0,0.0,3076.290488,1.230927,0.0,157,1124025,1124025,1.0,1432,1432,1.0,96105,1,0,S8|M1_BALANCED|43|A|L2|F2,false,false,true,/home/cyfer/FYP/WSN_simulation_V3/runs/S8_4000/outputs_production_50seed_part41_45/run_campaign_v3_S8_M1_BALANCED_A_L2_F2_H0_seed043_43_20260602_120249
campaign_v3_S8_M1_BALANCED_A_L2_F2_H0_seed044,campaign_v3_S8_M1_BALANCED_A_L2_F2_H0_seed044_44_20260602_120411,S8,4000,160,5,M1_BALANCED,44,A,L2,F2,H0,V2,map_S8_M1_BALANCED_seed044,407afd02a69ba6c1a3589498aa72c5336073339b2940d87e8c0b117e76a2e886,32.181,65.381,187.068,352.156,25,54,0.3321,0.1202,60.0,-1.0,-1.0,-1.0,-1.0,-1.0,0.0,0.0,0.0,0.0,0.0,0.0,3086.690573,1.228327,0.0,158,1122380,1122380,1.0,1432,1432,1.0,96140,1,0,S8|M1_BALANCED|44|A|L2|F2,false,false,true,/home/cyfer/FYP/WSN_simulation_V3/runs/S8_4000/outputs_production_50seed_part41_45/run_campaign_v3_S8_M1_BALANCED_A_L2_F2_H0_seed044_44_20260602_120411
campaign_v3_S8_M1_BALANCED_A_L2_F2_H0_seed045,campaign_v3_S8_M1_BALANCED_A_L2_F2_H0_seed045_45_20260602_120533,S8,4000,160,5,M1_BALANCED,45,A,L2,F2,H0,V2,map_S8_M1_BALANCED_seed045,66d124306039184ee815a886f2c5b077d9ce0f4f78d9af0d2f2d9aea8bf58bb9,31.836,62.608,187.789,358.982,25,43,0.3351,0.1265,60.0,-1.0,-1.0,-1.0,-1.0,-1.0,0.0,0.0,0.0,0.0,0.0,0.0,3067.676053,1.233081,0.0,159,1122615,1122615,1.0,1432,1432,1.0,96135,1,0,S8|M1_BALANCED|45|A|L2|F2,false,false,true,/home/cyfer/FYP/WSN_simulation_V3/runs/S8_4000/outputs_production_50seed_part41_45/run_campaign_v3_S8_M1_BALANCED_A_L2_F2_H0_seed045_45_20260602_120533
campaign_v3_S8_M1_BALANCED_A_L2_F2_H1_seed041,campaign_v3_S8_M1_BALANCED_A_L2_F2_H1_seed041_41_20260602_120014,S8,4000,160,5,M1_BALANCED,41,A,L2,F2,H1,V3,map_S8_M1_BALANCED_seed041,68d20f4a20dae27e58437a6a0234e4cd38c27d53bc85499ff9d7ad1e9144bfc3,31.945,63.772,183.968,362.941,25,45,0.3044,0.1175,60.0,24.097,84.097,144.097,150.0,90.0,7.064,0.0,1.0,0.614,0.617,0.124,3085.336388,1.228666,0.0,159,1126665,1126665,1.0,1437,1437,1.0,96000,0,1,S8|M1_BALANCED|41|A|L2|F2,true,false,false,/home/cyfer/FYP/WSN_simulation_V3/runs/S8_4000/outputs_production_50seed_part41_45/run_campaign_v3_S8_M1_BALANCED_A_L2_F2_H1_seed041_41_20260602_120014
campaign_v3_S8_M1_BALANCED_A_L2_F2_H1_seed042,campaign_v3_S8_M1_BALANCED_A_L2_F2_H1_seed042_42_20260602_120137,S8,4000,160,5,M1_BALANCED,42,A,L2,F2,H1,V3,map_S8_M1_BALANCED_seed042,49089386c52a5814fc7f4a1ba6efa21857f297d94e8de7d88a9e29caed97bde1,31.6,61.937,185.062,352.228,25,46,0.3327,0.1353,60.0,25.332,85.332,145.332,150.0,90.0,7.61,0.0,1.0,0.711,0.75,0.076,3069.516779,1.232621,0.0,159,1126208,1126208,1.0,1437,1437,1.0,96000,0,1,S8|M1_BALANCED|42|A|L2|F2,true,false,false,/home/cyfer/FYP/WSN_simulation_V3/runs/S8_4000/outputs_production_50seed_part41_45/run_campaign_v3_S8_M1_BALANCED_A_L2_F2_H1_seed042_42_20260602_120137
campaign_v3_S8_M1_BALANCED_A_L2_F2_H1_seed043,campaign_v3_S8_M1_BALANCED_A_L2_F2_H1_seed043_43_20260602_120259,S8,4000,160,5,M1_BALANCED,43,A,L2,F2,H1,V3,map_S8_M1_BALANCED_seed043,3a6ba487e0cc7f72992fedce7ca348c90cfe195fd410db343348095e59687537,31.909,64.317,185.925,352.107,25,49,0.3446,0.1285,60.0,23.811,83.811,143.811,150.0,90.0,6.45,0.0,1.0,0.438,0.507,0.206,3086.349449,1.228413,0.0,158,1127196,1127196,1.0,1437,1437,1.0,96000,0,1,S8|M1_BALANCED|43|A|L2|F2,true,false,false,/home/cyfer/FYP/WSN_simulation_V3/runs/S8_4000/outputs_production_50seed_part41_45/run_campaign_v3_S8_M1_BALANCED_A_L2_F2_H1_seed043_43_20260602_120259
campaign_v3_S8_M1_BALANCED_A_L2_F2_H1_seed044,campaign_v3_S8_M1_BALANCED_A_L2_F2_H1_seed044_44_20260602_120421,S8,4000,160,5,M1_BALANCED,44,A,L2,F2,H1,V3,map_S8_M1_BALANCED_seed044,407afd02a69ba6c1a3589498aa72c5336073339b2940d87e8c0b117e76a2e886,32.181,65.381,187.068,352.156,25,54,0.3321,0.1202,60.0,24.555,84.555,144.555,150.0,90.0,7.002,0.0,1.0,0.528,0.662,0.143,3098.650879,1.225337,0.0,159,1126580,1126580,1.0,1437,1437,1.0,96000,0,1,S8|M1_BALANCED|44|A|L2|F2,true,false,false,/home/cyfer/FYP/WSN_simulation_V3/runs/S8_4000/outputs_production_50seed_part41_45/run_campaign_v3_S8_M1_BALANCED_A_L2_F2_H1_seed044_44_20260602_120421
campaign_v3_S8_M1_BALANCED_A_L2_F2_H1_seed045,campaign_v3_S8_M1_BALANCED_A_L2_F2_H1_seed045_45_20260602_120543,S8,4000,160,5,M1_BALANCED,45,A,L2,F2,H1,V3,map_S8_M1_BALANCED_seed045,66d124306039184ee815a886f2c5b077d9ce0f4f78d9af0d2f2d9aea8bf58bb9,31.836,62.608,187.789,358.982,25,43,0.3351,0.1265,60.0,24.939,84.939,144.939,150.0,90.0,7.347,0.0,1.0,0.643,0.658,0.149,3081.312988,1.229672,0.0,160,1126665,1126665,1.0,1437,1437,1.0,96000,0,1,S8|M1_BALANCED|45|A|L2|F2,true,false,false,/home/cyfer/FYP/WSN_simulation_V3/runs/S8_4000/outputs_production_50seed_part41_45/run_campaign_v3_S8_M1_BALANCED_A_L2_F2_H1_seed045_45_20260602_120543
campaign_v3_S8_M1_BALANCED_A_L2_F2_H3_seed041,campaign_v3_S8_M1_BALANCED_A_L2_F2_H3_seed041_41_20260602_120015,S8,4000,160,5,M1_BALANCED,41,A,L2,F2,H3,V3,map_S8_M1_BALANCED_seed041,68d20f4a20dae27e58437a6a0234e4cd38c27d53bc85499ff9d7ad1e9144bfc3,31.945,63.772,183.968,362.941,25,45,0.3044,0.1175,60.0,30.26,90.26,150.26,160.0,100.0,7.064,0.0,1.0,0.614,0.617,0.124,3080.690143,1.229827,0.0,159,1124631,1124631,1.0,1436,1436,1.0,95675,0,1,S8|M1_BALANCED|41|A|L2|F2,true,false,false,/home/cyfer/FYP/WSN_simulation_V3/runs/S8_4000/outputs_production_50seed_part41_45/run_campaign_v3_S8_M1_BALANCED_A_L2_F2_H3_seed041_41_20260602_120015
campaign_v3_S8_M1_BALANCED_A_L2_F2_H3_seed042,campaign_v3_S8_M1_BALANCED_A_L2_F2_H3_seed042_42_20260602_120137,S8,4000,160,5,M1_BALANCED,42,A,L2,F2,H3,V3,map_S8_M1_BALANCED_seed042,49089386c52a5814fc7f4a1ba6efa21857f297d94e8de7d88a9e29caed97bde1,31.6,61.937,185.062,352.228,25,46,0.3327,0.1353,60.0,30.954,90.954,150.954,160.0,100.0,7.61,0.0,1.0,0.711,0.75,0.076,3063.621579,1.234095,0.0,159,1123744,1123744,1.0,1436,1436,1.0,95600,0,1,S8|M1_BALANCED|42|A|L2|F2,true,false,false,/home/cyfer/FYP/WSN_simulation_V3/runs/S8_4000/outputs_production_50seed_part41_45/run_campaign_v3_S8_M1_BALANCED_A_L2_F2_H3_seed042_42_20260602_120137
campaign_v3_S8_M1_BALANCED_A_L2_F2_H3_seed043,campaign_v3_S8_M1_BALANCED_A_L2_F2_H3_seed043_43_20260602_120300,S8,4000,160,5,M1_BALANCED,43,A,L2,F2,H3,V3,map_S8_M1_BALANCED_seed043,3a6ba487e0cc7f72992fedce7ca348c90cfe195fd410db343348095e59687537,31.909,64.317,185.925,352.107,25,49,0.3446,0.1285,60.0,30.126,90.126,150.126,160.0,100.0,6.45,0.0,1.0,0.438,0.507,0.206,3081.917629,1.229521,0.0,158,1125609,1125609,1.0,1436,1436,1.0,95750,0,1,S8|M1_BALANCED|43|A|L2|F2,true,false,false,/home/cyfer/FYP/WSN_simulation_V3/runs/S8_4000/outputs_production_50seed_part41_45/run_campaign_v3_S8_M1_BALANCED_A_L2_F2_H3_seed043_43_20260602_120300
campaign_v3_S8_M1_BALANCED_A_L2_F2_H3_seed044,campaign_v3_S8_M1_BALANCED_A_L2_F2_H3_seed044_44_20260602_120422,S8,4000,160,5,M1_BALANCED,44,A,L2,F2,H3,V3,map_S8_M1_BALANCED_seed044,407afd02a69ba6c1a3589498aa72c5336073339b2940d87e8c0b117e76a2e886,32.181,65.381,187.068,352.156,25,54,0.3321,0.1202,60.0,30.676,90.676,150.676,160.0,100.0,7.002,0.0,1.0,0.528,0.662,0.143,3093.168653,1.226708,0.0,159,1124396,1124396,1.0,1436,1436,1.0,95650,0,1,S8|M1_BALANCED|44|A|L2|F2,true,false,false,/home/cyfer/FYP/WSN_simulation_V3/runs/S8_4000/outputs_production_50seed_part41_45/run_campaign_v3_S8_M1_BALANCED_A_L2_F2_H3_seed044_44_20260602_120422
campaign_v3_S8_M1_BALANCED_A_L2_F2_H3_seed045,campaign_v3_S8_M1_BALANCED_A_L2_F2_H3_seed045_45_20260602_120544,S8,4000,160,5,M1_BALANCED,45,A,L2,F2,H3,V3,map_S8_M1_BALANCED_seed045,66d124306039184ee815a886f2c5b077d9ce0f4f78d9af0d2f2d9aea8bf58bb9,31.836,62.608,187.789,358.982,25,43,0.3351,0.1265,60.0,31.004,91.004,151.004,160.0,100.0,7.347,0.0,1.0,0.643,0.658,0.149,3075.503923,1.231124,0.0,160,1124617,1124617,1.0,1436,1436,1.0,95675,0,1,S8|M1_BALANCED|45|A|L2|F2,true,false,false,/home/cyfer/FYP/WSN_simulation_V3/runs/S8_4000/outputs_production_50seed_part41_45/run_campaign_v3_S8_M1_BALANCED_A_L2_F2_H3_seed045_45_20260602_120544
campaign_v3_S8_M1_BALANCED_A_L2_F2_H4_seed041,campaign_v3_S8_M1_BALANCED_A_L2_F2_H4_seed041_41_20260602_120015,S8,4000,160,5,M1_BALANCED,41,A,L2,F2,H4,V3,map_S8_M1_BALANCED_seed041,68d20f4a20dae27e58437a6a0234e4cd38c27d53bc85499ff9d7ad1e9144bfc3,31.945,63.772,183.968,362.941,25,45,0.3044,0.1175,60.0,34.938,94.938,154.938,160.0,100.0,7.064,0.0,1.0,0.614,0.617,0.124,3084.727846,1.228818,0.0,159,1126395,1126395,1.0,1436,1436,1.0,96000,0,1,S8|M1_BALANCED|41|A|L2|F2,true,false,false,/home/cyfer/FYP/WSN_simulation_V3/runs/S8_4000/outputs_production_50seed_part41_45/run_campaign_v3_S8_M1_BALANCED_A_L2_F2_H4_seed041_41_20260602_120015
campaign_v3_S8_M1_BALANCED_A_L2_F2_H4_seed042,campaign_v3_S8_M1_BALANCED_A_L2_F2_H4_seed042_42_20260602_120138,S8,4000,160,5,M1_BALANCED,42,A,L2,F2,H4,V3,map_S8_M1_BALANCED_seed042,49089386c52a5814fc7f4a1ba6efa21857f297d94e8de7d88a9e29caed97bde1,31.6,61.937,185.062,352.228,25,46,0.3327,0.1353,60.0,34.738,94.738,154.738,160.0,100.0,7.61,0.0,1.0,0.711,0.75,0.076,3068.806282,1.232798,0.0,159,1125920,1125920,1.0,1436,1436,1.0,96000,0,1,S8|M1_BALANCED|42|A|L2|F2,true,false,false,/home/cyfer/FYP/WSN_simulation_V3/runs/S8_4000/outputs_production_50seed_part41_45/run_campaign_v3_S8_M1_BALANCED_A_L2_F2_H4_seed042_42_20260602_120138
campaign_v3_S8_M1_BALANCED_A_L2_F2_H4_seed043,campaign_v3_S8_M1_BALANCED_A_L2_F2_H4_seed043_43_20260602_120300,S8,4000,160,5,M1_BALANCED,43,A,L2,F2,H4,V3,map_S8_M1_BALANCED_seed043,3a6ba487e0cc7f72992fedce7ca348c90cfe195fd410db343348095e59687537,31.909,64.317,185.925,352.107,25,49,0.3446,0.1285,60.0,33.908,93.908,153.908,160.0,100.0,6.45,0.0,1.0,0.438,0.507,0.206,3085.809614,1.228548,0.0,158,1126986,1126986,1.0,1436,1436,1.0,96000,0,1,S8|M1_BALANCED|43|A|L2|F2,true,false,false,/home/cyfer/FYP/WSN_simulation_V3/runs/S8_4000/outputs_production_50seed_part41_45/run_campaign_v3_S8_M1_BALANCED_A_L2_F2_H4_seed043_43_20260602_120300
campaign_v3_S8_M1_BALANCED_A_L2_F2_H4_seed044,campaign_v3_S8_M1_BALANCED_A_L2_F2_H4_seed044_44_20260602_120423,S8,4000,160,5,M1_BALANCED,44,A,L2,F2,H4,V3,map_S8_M1_BALANCED_seed044,407afd02a69ba6c1a3589498aa72c5336073339b2940d87e8c0b117e76a2e886,32.181,65.381,187.068,352.156,25,54,0.3321,0.1202,60.0,34.451,94.451,154.451,160.0,100.0,7.002,0.0,1.0,0.528,0.662,0.143,3097.980445,1.225505,0.0,159,1126300,1126300,1.0,1436,1436,1.0,96000,0,1,S8|M1_BALANCED|44|A|L2|F2,true,false,false,/home/cyfer/FYP/WSN_simulation_V3/runs/S8_4000/outputs_production_50seed_part41_45/run_campaign_v3_S8_M1_BALANCED_A_L2_F2_H4_seed044_44_20260602_120423
campaign_v3_S8_M1_BALANCED_A_L2_F2_H4_seed045,campaign_v3_S8_M1_BALANCED_A_L2_F2_H4_seed045_45_20260602_120545,S8,4000,160,5,M1_BALANCED,45,A,L2,F2,H4,V3,map_S8_M1_BALANCED_seed045,66d124306039184ee815a886f2c5b077d9ce0f4f78d9af0d2f2d9aea8bf58bb9,31.836,62.608,187.789,358.982,25,43,0.3351,0.1265,60.0,34.63,94.63,154.63,160.0,100.0,7.347,0.0,1.0,0.643,0.658,0.149,3080.530669,1.229867,0.0,160,1126395,1126395,1.0,1436,1436,1.0,96000,0,1,S8|M1_BALANCED|45|A|L2|F2,true,false,false,/home/cyfer/FYP/WSN_simulation_V3/runs/S8_4000/outputs_production_50seed_part41_45/run_campaign_v3_S8_M1_BALANCED_A_L2_F2_H4_seed045_45_20260602_120545
campaign_v3_S8_M1_BALANCED_A_L2_F3_H0_seed041,campaign_v3_S8_M1_BALANCED_A_L2_F3_H0_seed041_41_20260602_120004,S8,4000,160,5,M1_BALANCED,41,A,L2,F3,H0,V2,map_S8_M1_BALANCED_seed041,68d20f4a20dae27e58437a6a0234e4cd38c27d53bc85499ff9d7ad1e9144bfc3,31.945,63.772,183.968,362.941,25,45,0.3044,0.1175,60.0,-1.0,-1.0,-1.0,-1.0,-1.0,0.0,0.0,0.0,0.0,0.0,0.0,3074.576846,1.231356,0.0,158,1123320,1123320,1.0,1432,1432,1.0,96120,1,0,S8|M1_BALANCED|41|A|L2|F3,false,false,true,/home/cyfer/FYP/WSN_simulation_V3/runs/S8_4000/outputs_production_50seed_part41_45/run_campaign_v3_S8_M1_BALANCED_A_L2_F3_H0_seed041_41_20260602_120004
campaign_v3_S8_M1_BALANCED_A_L2_F3_H0_seed042,campaign_v3_S8_M1_BALANCED_A_L2_F3_H0_seed042_42_20260602_120127,S8,4000,160,5,M1_BALANCED,42,A,L2,F3,H0,V2,map_S8_M1_BALANCED_seed042,49089386c52a5814fc7f4a1ba6efa21857f297d94e8de7d88a9e29caed97bde1,31.6,61.937,185.062,352.228,25,46,0.3327,0.1353,60.0,-1.0,-1.0,-1.0,-1.0,-1.0,0.0,0.0,0.0,0.0,0.0,0.0,3064.996973,1.233751,0.0,158,1125435,1125435,1.0,1432,1432,1.0,96075,1,0,S8|M1_BALANCED|42|A|L2|F3,false,false,true,/home/cyfer/FYP/WSN_simulation_V3/runs/S8_4000/outputs_production_50seed_part41_45/run_campaign_v3_S8_M1_BALANCED_A_L2_F3_H0_seed042_42_20260602_120127
campaign_v3_S8_M1_BALANCED_A_L2_F3_H0_seed043,campaign_v3_S8_M1_BALANCED_A_L2_F3_H0_seed043_43_20260602_120249,S8,4000,160,5,M1_BALANCED,43,A,L2,F3,H0,V2,map_S8_M1_BALANCED_seed043,3a6ba487e0cc7f72992fedce7ca348c90cfe195fd410db343348095e59687537,31.909,64.317,185.925,352.107,25,49,0.3446,0.1285,60.0,-1.0,-1.0,-1.0,-1.0,-1.0,0.0,0.0,0.0,0.0,0.0,0.0,3073.164297,1.231709,0.0,157,1122145,1122145,1.0,1432,1432,1.0,96145,1,0,S8|M1_BALANCED|43|A|L2|F3,false,false,true,/home/cyfer/FYP/WSN_simulation_V3/runs/S8_4000/outputs_production_50seed_part41_45/run_campaign_v3_S8_M1_BALANCED_A_L2_F3_H0_seed043_43_20260602_120249
campaign_v3_S8_M1_BALANCED_A_L2_F3_H0_seed044,campaign_v3_S8_M1_BALANCED_A_L2_F3_H0_seed044_44_20260602_120412,S8,4000,160,5,M1_BALANCED,44,A,L2,F3,H0,V2,map_S8_M1_BALANCED_seed044,407afd02a69ba6c1a3589498aa72c5336073339b2940d87e8c0b117e76a2e886,32.181,65.381,187.068,352.156,25,54,0.3321,0.1202,60.0,-1.0,-1.0,-1.0,-1.0,-1.0,0.0,0.0,0.0,0.0,0.0,0.0,3093.5597,1.22661,0.0,158,1125200,1125200,1.0,1432,1432,1.0,96080,1,0,S8|M1_BALANCED|44|A|L2|F3,false,false,true,/home/cyfer/FYP/WSN_simulation_V3/runs/S8_4000/outputs_production_50seed_part41_45/run_campaign_v3_S8_M1_BALANCED_A_L2_F3_H0_seed044_44_20260602_120412
campaign_v3_S8_M1_BALANCED_A_L2_F3_H0_seed045,campaign_v3_S8_M1_BALANCED_A_L2_F3_H0_seed045_45_20260602_120534,S8,4000,160,5,M1_BALANCED,45,A,L2,F3,H0,V2,map_S8_M1_BALANCED_seed045,66d124306039184ee815a886f2c5b077d9ce0f4f78d9af0d2f2d9aea8bf58bb9,31.836,62.608,187.789,358.982,25,43,0.3351,0.1265,60.0,-1.0,-1.0,-1.0,-1.0,-1.0,0.0,0.0,0.0,0.0,0.0,0.0,3066.531776,1.233367,0.0,159,1121675,1121675,1.0,1432,1432,1.0,96155,1,0,S8|M1_BALANCED|45|A|L2|F3,false,false,true,/home/cyfer/FYP/WSN_simulation_V3/runs/S8_4000/outputs_production_50seed_part41_45/run_campaign_v3_S8_M1_BALANCED_A_L2_F3_H0_seed045_45_20260602_120534
campaign_v3_S8_M1_BALANCED_A_L2_F3_H1_seed041,campaign_v3_S8_M1_BALANCED_A_L2_F3_H1_seed041_41_20260602_120016,S8,4000,160,5,M1_BALANCED,41,A,L2,F3,H1,V3,map_S8_M1_BALANCED_seed041,68d20f4a20dae27e58437a6a0234e4cd38c27d53bc85499ff9d7ad1e9144bfc3,31.945,63.772,183.968,362.941,25,45,0.3044,0.1175,60.0,27.983,87.983,147.983,150.0,90.0,6.749,0.0,1.0,0.545,0.57,0.135,3074.832855,1.231292,0.0,158,1123340,1123340,1.0,1437,1437,1.0,95404,0,1,S8|M1_BALANCED|41|A|L2|F3,true,false,false,/home/cyfer/FYP/WSN_simulation_V3/runs/S8_4000/outputs_production_50seed_part41_45/run_campaign_v3_S8_M1_BALANCED_A_L2_F3_H1_seed041_41_20260602_120016
campaign_v3_S8_M1_BALANCED_A_L2_F3_H1_seed042,campaign_v3_S8_M1_BALANCED_A_L2_F3_H1_seed042_42_20260602_120139,S8,4000,160,5,M1_BALANCED,42,A,L2,F3,H1,V3,map_S8_M1_BALANCED_seed042,49089386c52a5814fc7f4a1ba6efa21857f297d94e8de7d88a9e29caed97bde1,31.6,61.937,185.062,352.228,25,46,0.3327,0.1353,60.0,26.749,86.749,146.749,150.0,90.0,5.476,0.0,1.0,0.333,0.35,0.142,3065.187266,1.233703,0.0,158,1125455,1125455,1.0,1437,1437,1.0,95629,0,1,S8|M1_BALANCED|42|A|L2|F3,true,false,false,/home/cyfer/FYP/WSN_simulation_V3/runs/S8_4000/outputs_production_50seed_part41_45/run_campaign_v3_S8_M1_BALANCED_A_L2_F3_H1_seed042_42_20260602_120139
campaign_v3_S8_M1_BALANCED_A_L2_F3_H1_seed043,campaign_v3_S8_M1_BALANCED_A_L2_F3_H1_seed043_43_20260602_120301,S8,4000,160,5,M1_BALANCED,43,A,L2,F3,H1,V3,map_S8_M1_BALANCED_seed043,3a6ba487e0cc7f72992fedce7ca348c90cfe195fd410db343348095e59687537,31.909,64.317,185.925,352.107,25,49,0.3446,0.1285,60.0,29.048,89.048,149.048,150.0,90.0,7.326,0.0,1.0,0.604,0.674,0.164,3073.453121,1.231637,0.0,157,1122165,1122165,1.0,1437,1437,1.0,95279,0,1,S8|M1_BALANCED|43|A|L2|F3,true,false,false,/home/cyfer/FYP/WSN_simulation_V3/runs/S8_4000/outputs_production_50seed_part41_45/run_campaign_v3_S8_M1_BALANCED_A_L2_F3_H1_seed043_43_20260602_120301
campaign_v3_S8_M1_BALANCED_A_L2_F3_H1_seed044,campaign_v3_S8_M1_BALANCED_A_L2_F3_H1_seed044_44_20260602_120423,S8,4000,160,5,M1_BALANCED,44,A,L2,F3,H1,V3,map_S8_M1_BALANCED_seed044,407afd02a69ba6c1a3589498aa72c5336073339b2940d87e8c0b117e76a2e886,32.181,65.381,187.068,352.156,25,54,0.3321,0.1202,60.0,27.129,87.129,147.129,150.0,90.0,5.479,0.0,1.0,0.302,0.372,0.153,3093.753706,1.226562,0.0,158,1125220,1125220,1.0,1437,1437,1.0,95604,0,1,S8|M1_BALANCED|44|A|L2|F3,true,false,false,/home/cyfer/FYP/WSN_simulation_V3/runs/S8_4000/outputs_production_50seed_part41_45/run_campaign_v3_S8_M1_BALANCED_A_L2_F3_H1_seed044_44_20260602_120423
campaign_v3_S8_M1_BALANCED_A_L2_F3_H1_seed045,campaign_v3_S8_M1_BALANCED_A_L2_F3_H1_seed045_45_20260602_120546,S8,4000,160,5,M1_BALANCED,45,A,L2,F3,H1,V3,map_S8_M1_BALANCED_seed045,66d124306039184ee815a886f2c5b077d9ce0f4f78d9af0d2f2d9aea8bf58bb9,31.836,62.608,187.789,358.982,25,43,0.3351,0.1265,60.0,29.21,89.21,149.21,150.0,90.0,7.742,0.0,1.0,0.738,0.731,0.111,3066.813353,1.233297,0.0,159,1121695,1121695,1.0,1437,1437,1.0,95229,0,1,S8|M1_BALANCED|45|A|L2|F3,true,false,false,/home/cyfer/FYP/WSN_simulation_V3/runs/S8_4000/outputs_production_50seed_part41_45/run_campaign_v3_S8_M1_BALANCED_A_L2_F3_H1_seed045_45_20260602_120546
campaign_v3_S8_M1_BALANCED_A_L2_F3_H3_seed041,campaign_v3_S8_M1_BALANCED_A_L2_F3_H3_seed041_41_20260602_120017,S8,4000,160,5,M1_BALANCED,41,A,L2,F3,H3,V3,map_S8_M1_BALANCED_seed041,68d20f4a20dae27e58437a6a0234e4cd38c27d53bc85499ff9d7ad1e9144bfc3,31.945,63.772,183.968,362.941,25,45,0.3044,0.1175,60.0,33.869,93.869,153.869,160.0,100.0,6.749,0.0,1.0,0.545,0.57,0.135,3074.811049,1.231297,0.0,158,1123336,1123336,1.0,1436,1436,1.0,95404,0,1,S8|M1_BALANCED|41|A|L2|F3,true,false,false,/home/cyfer/FYP/WSN_simulation_V3/runs/S8_4000/outputs_production_50seed_part41_45/run_campaign_v3_S8_M1_BALANCED_A_L2_F3_H3_seed041_41_20260602_120017
campaign_v3_S8_M1_BALANCED_A_L2_F3_H3_seed042,campaign_v3_S8_M1_BALANCED_A_L2_F3_H3_seed042_42_20260602_120140,S8,4000,160,5,M1_BALANCED,42,A,L2,F3,H3,V3,map_S8_M1_BALANCED_seed042,49089386c52a5814fc7f4a1ba6efa21857f297d94e8de7d88a9e29caed97bde1,31.6,61.937,185.062,352.228,25,46,0.3327,0.1353,60.0,32.768,92.768,152.768,160.0,100.0,5.476,0.0,1.0,0.333,0.35,0.142,3065.162678,1.233709,0.0,158,1125451,1125451,1.0,1436,1436,1.0,95629,0,1,S8|M1_BALANCED|42|A|L2|F3,true,false,false,/home/cyfer/FYP/WSN_simulation_V3/runs/S8_4000/outputs_production_50seed_part41_45/run_campaign_v3_S8_M1_BALANCED_A_L2_F3_H3_seed042_42_20260602_120140
campaign_v3_S8_M1_BALANCED_A_L2_F3_H3_seed043,campaign_v3_S8_M1_BALANCED_A_L2_F3_H3_seed043_43_20260602_120302,S8,4000,160,5,M1_BALANCED,43,A,L2,F3,H3,V3,map_S8_M1_BALANCED_seed043,3a6ba487e0cc7f72992fedce7ca348c90cfe195fd410db343348095e59687537,31.909,64.317,185.925,352.107,25,49,0.3446,0.1285,60.0,34.425,94.425,154.425,160.0,100.0,7.326,0.0,1.0,0.604,0.674,0.164,3073.430581,1.231642,0.0,157,1122161,1122161,1.0,1436,1436,1.0,95279,0,1,S8|M1_BALANCED|43|A|L2|F3,true,false,false,/home/cyfer/FYP/WSN_simulation_V3/runs/S8_4000/outputs_production_50seed_part41_45/run_campaign_v3_S8_M1_BALANCED_A_L2_F3_H3_seed043_43_20260602_120302
campaign_v3_S8_M1_BALANCED_A_L2_F3_H3_seed044,campaign_v3_S8_M1_BALANCED_A_L2_F3_H3_seed044_44_20260602_120424,S8,4000,160,5,M1_BALANCED,44,A,L2,F3,H3,V3,map_S8_M1_BALANCED_seed044,407afd02a69ba6c1a3589498aa72c5336073339b2940d87e8c0b117e76a2e886,32.181,65.381,187.068,352.156,25,54,0.3321,0.1202,60.0,33.18,93.18,153.18,160.0,100.0,5.479,0.0,1.0,0.302,0.372,0.153,3093.737257,1.226566,0.0,158,1125216,1125216,1.0,1436,1436,1.0,95604,0,1,S8|M1_BALANCED|44|A|L2|F3,true,false,false,/home/cyfer/FYP/WSN_simulation_V3/runs/S8_4000/outputs_production_50seed_part41_45/run_campaign_v3_S8_M1_BALANCED_A_L2_F3_H3_seed044_44_20260602_120424
campaign_v3_S8_M1_BALANCED_A_L2_F3_H3_seed045,campaign_v3_S8_M1_BALANCED_A_L2_F3_H3_seed045_45_20260602_120546,S8,4000,160,5,M1_BALANCED,45,A,L2,F3,H3,V3,map_S8_M1_BALANCED_seed045,66d124306039184ee815a886f2c5b077d9ce0f4f78d9af0d2f2d9aea8bf58bb9,31.836,62.608,187.789,358.982,25,43,0.3351,0.1265,60.0,35.112,95.112,155.112,160.0,100.0,7.742,0.0,1.0,0.738,0.731,0.111,3066.789798,1.233303,0.0,159,1121691,1121691,1.0,1436,1436,1.0,95229,0,1,S8|M1_BALANCED|45|A|L2|F3,true,false,false,/home/cyfer/FYP/WSN_simulation_V3/runs/S8_4000/outputs_production_50seed_part41_45/run_campaign_v3_S8_M1_BALANCED_A_L2_F3_H3_seed045_45_20260602_120546
campaign_v3_S8_M1_BALANCED_A_L2_F3_H4_seed041,campaign_v3_S8_M1_BALANCED_A_L2_F3_H4_seed041_41_20260602_120018,S8,4000,160,5,M1_BALANCED,41,A,L2,F3,H4,V3,map_S8_M1_BALANCED_seed041,68d20f4a20dae27e58437a6a0234e4cd38c27d53bc85499ff9d7ad1e9144bfc3,31.945,63.772,183.968,362.941,25,45,0.3044,0.1175,60.0,38.657,98.657,158.657,160.0,100.0,6.749,0.0,1.0,0.545,0.57,0.135,3074.810293,1.231297,0.0,158,1123336,1123336,1.0,1436,1436,1.0,95404,0,1,S8|M1_BALANCED|41|A|L2|F3,true,false,false,/home/cyfer/FYP/WSN_simulation_V3/runs/S8_4000/outputs_production_50seed_part41_45/run_campaign_v3_S8_M1_BALANCED_A_L2_F3_H4_seed041_41_20260602_120018
campaign_v3_S8_M1_BALANCED_A_L2_F3_H4_seed042,campaign_v3_S8_M1_BALANCED_A_L2_F3_H4_seed042_42_20260602_120141,S8,4000,160,5,M1_BALANCED,42,A,L2,F3,H4,V3,map_S8_M1_BALANCED_seed042,49089386c52a5814fc7f4a1ba6efa21857f297d94e8de7d88a9e29caed97bde1,31.6,61.937,185.062,352.228,25,46,0.3327,0.1353,60.0,36.507,96.507,156.507,160.0,100.0,5.476,0.0,1.0,0.333,0.35,0.142,3065.167047,1.233708,0.0,158,1125451,1125451,1.0,1436,1436,1.0,95629,0,1,S8|M1_BALANCED|42|A|L2|F3,true,false,false,/home/cyfer/FYP/WSN_simulation_V3/runs/S8_4000/outputs_production_50seed_part41_45/run_campaign_v3_S8_M1_BALANCED_A_L2_F3_H4_seed042_42_20260602_120141
campaign_v3_S8_M1_BALANCED_A_L2_F3_H4_seed043,campaign_v3_S8_M1_BALANCED_A_L2_F3_H4_seed043_43_20260602_120303,S8,4000,160,5,M1_BALANCED,43,A,L2,F3,H4,V3,map_S8_M1_BALANCED_seed043,3a6ba487e0cc7f72992fedce7ca348c90cfe195fd410db343348095e59687537,31.909,64.317,185.925,352.107,25,49,0.3446,0.1285,60.0,38.582,98.582,158.582,160.0,100.0,7.326,0.0,1.0,0.604,0.674,0.164,3073.429997,1.231643,0.0,157,1122161,1122161,1.0,1436,1436,1.0,95279,0,1,S8|M1_BALANCED|43|A|L2|F3,true,false,false,/home/cyfer/FYP/WSN_simulation_V3/runs/S8_4000/outputs_production_50seed_part41_45/run_campaign_v3_S8_M1_BALANCED_A_L2_F3_H4_seed043_43_20260602_120303
campaign_v3_S8_M1_BALANCED_A_L2_F3_H4_seed044,campaign_v3_S8_M1_BALANCED_A_L2_F3_H4_seed044_44_20260602_120425,S8,4000,160,5,M1_BALANCED,44,A,L2,F3,H4,V3,map_S8_M1_BALANCED_seed044,407afd02a69ba6c1a3589498aa72c5336073339b2940d87e8c0b117e76a2e886,32.181,65.381,187.068,352.156,25,54,0.3321,0.1202,60.0,36.721,96.721,156.721,160.0,100.0,5.479,0.0,1.0,0.302,0.372,0.153,3093.733945,1.226567,0.0,158,1125216,1125216,1.0,1436,1436,1.0,95604,0,1,S8|M1_BALANCED|44|A|L2|F3,true,false,false,/home/cyfer/FYP/WSN_simulation_V3/runs/S8_4000/outputs_production_50seed_part41_45/run_campaign_v3_S8_M1_BALANCED_A_L2_F3_H4_seed044_44_20260602_120425
campaign_v3_S8_M1_BALANCED_A_L2_F3_H4_seed045,campaign_v3_S8_M1_BALANCED_A_L2_F3_H4_seed045_45_20260602_120547,S8,4000,160,5,M1_BALANCED,45,A,L2,F3,H4,V3,map_S8_M1_BALANCED_seed045,66d124306039184ee815a886f2c5b077d9ce0f4f78d9af0d2f2d9aea8bf58bb9,31.836,62.608,187.789,358.982,25,43,0.3351,0.1265,60.0,39.309,99.309,159.309,160.0,100.0,7.742,0.0,1.0,0.738,0.731,0.111,3066.794077,1.233301,0.0,159,1121691,1121691,1.0,1436,1436,1.0,95229,0,1,S8|M1_BALANCED|45|A|L2|F3,true,false,false,/home/cyfer/FYP/WSN_simulation_V3/runs/S8_4000/outputs_production_50seed_part41_45/run_campaign_v3_S8_M1_BALANCED_A_L2_F3_H4_seed045_45_20260602_120547
campaign_v3_S8_M1_BALANCED_A_L2_F4_H0_seed041,campaign_v3_S8_M1_BALANCED_A_L2_F4_H0_seed041_41_20260602_120004,S8,4000,160,5,M1_BALANCED,41,A,L2,F4,H0,V2,map_S8_M1_BALANCED_seed041,68d20f4a20dae27e58437a6a0234e4cd38c27d53bc85499ff9d7ad1e9144bfc3,31.945,63.772,183.968,362.941,25,45,0.3044,0.1175,60.0,-1.0,-1.0,-1.0,-1.0,-1.0,0.0,0.0,0.0,0.0,0.0,0.0,3078.524559,1.230369,0.0,158,1124260,1124260,1.0,1432,1432,1.0,96100,1,0,S8|M1_BALANCED|41|A|L2|F4,false,false,true,/home/cyfer/FYP/WSN_simulation_V3/runs/S8_4000/outputs_production_50seed_part41_45/run_campaign_v3_S8_M1_BALANCED_A_L2_F4_H0_seed041_41_20260602_120004
campaign_v3_S8_M1_BALANCED_A_L2_F4_H0_seed042,campaign_v3_S8_M1_BALANCED_A_L2_F4_H0_seed042_42_20260602_120128,S8,4000,160,5,M1_BALANCED,42,A,L2,F4,H0,V2,map_S8_M1_BALANCED_seed042,49089386c52a5814fc7f4a1ba6efa21857f297d94e8de7d88a9e29caed97bde1,31.6,61.937,185.062,352.228,25,46,0.3327,0.1353,60.0,-1.0,-1.0,-1.0,-1.0,-1.0,0.0,0.0,0.0,0.0,0.0,0.0,3064.506946,1.233873,0.0,158,1124730,1124730,1.0,1432,1432,1.0,96090,1,0,S8|M1_BALANCED|42|A|L2|F4,false,false,true,/home/cyfer/FYP/WSN_simulation_V3/runs/S8_4000/outputs_production_50seed_part41_45/run_campaign_v3_S8_M1_BALANCED_A_L2_F4_H0_seed042_42_20260602_120128
campaign_v3_S8_M1_BALANCED_A_L2_F4_H0_seed043,campaign_v3_S8_M1_BALANCED_A_L2_F4_H0_seed043_43_20260602_120250,S8,4000,160,5,M1_BALANCED,43,A,L2,F4,H0,V2,map_S8_M1_BALANCED_seed043,3a6ba487e0cc7f72992fedce7ca348c90cfe195fd410db343348095e59687537,31.909,64.317,185.925,352.107,25,49,0.3446,0.1285,60.0,-1.0,-1.0,-1.0,-1.0,-1.0,0.0,0.0,0.0,0.0,0.0,0.0,3069.241609,1.23269,0.0,158,1120970,1120970,1.0,1432,1432,1.0,96170,1,0,S8|M1_BALANCED|43|A|L2|F4,false,false,true,/home/cyfer/FYP/WSN_simulation_V3/runs/S8_4000/outputs_production_50seed_part41_45/run_campaign_v3_S8_M1_BALANCED_A_L2_F4_H0_seed043_43_20260602_120250
campaign_v3_S8_M1_BALANCED_A_L2_F4_H0_seed044,campaign_v3_S8_M1_BALANCED_A_L2_F4_H0_seed044_44_20260602_120412,S8,4000,160,5,M1_BALANCED,44,A,L2,F4,H0,V2,map_S8_M1_BALANCED_seed044,407afd02a69ba6c1a3589498aa72c5336073339b2940d87e8c0b117e76a2e886,32.181,65.381,187.068,352.156,25,54,0.3321,0.1202,60.0,-1.0,-1.0,-1.0,-1.0,-1.0,0.0,0.0,0.0,0.0,0.0,0.0,3099.290889,1.225177,0.0,159,1127550,1127550,1.0,1432,1432,1.0,96030,1,0,S8|M1_BALANCED|44|A|L2|F4,false,false,true,/home/cyfer/FYP/WSN_simulation_V3/runs/S8_4000/outputs_production_50seed_part41_45/run_campaign_v3_S8_M1_BALANCED_A_L2_F4_H0_seed044_44_20260602_120412
campaign_v3_S8_M1_BALANCED_A_L2_F4_H0_seed045,campaign_v3_S8_M1_BALANCED_A_L2_F4_H0_seed045_45_20260602_120535,S8,4000,160,5,M1_BALANCED,45,A,L2,F4,H0,V2,map_S8_M1_BALANCED_seed045,66d124306039184ee815a886f2c5b077d9ce0f4f78d9af0d2f2d9aea8bf58bb9,31.836,62.608,187.789,358.982,25,43,0.3351,0.1265,60.0,-1.0,-1.0,-1.0,-1.0,-1.0,0.0,0.0,0.0,0.0,0.0,0.0,3067.327185,1.233168,0.0,159,1121675,1121675,1.0,1432,1432,1.0,96155,1,0,S8|M1_BALANCED|45|A|L2|F4,false,false,true,/home/cyfer/FYP/WSN_simulation_V3/runs/S8_4000/outputs_production_50seed_part41_45/run_campaign_v3_S8_M1_BALANCED_A_L2_F4_H0_seed045_45_20260602_120535
campaign_v3_S8_M1_BALANCED_A_L2_F4_H1_seed041,campaign_v3_S8_M1_BALANCED_A_L2_F4_H1_seed041_41_20260602_120019,S8,4000,160,5,M1_BALANCED,41,A,L2,F4,H1,V3,map_S8_M1_BALANCED_seed041,68d20f4a20dae27e58437a6a0234e4cd38c27d53bc85499ff9d7ad1e9144bfc3,31.945,63.772,183.968,362.941,25,45,0.3044,0.1175,60.0,33.624,93.624,153.624,160.0,100.0,6.031,0.0,1.0,0.455,0.441,0.114,3080.223395,1.229944,0.0,158,1124796,1124796,1.0,1436,1436,1.0,95504,0,1,S8|M1_BALANCED|41|A|L2|F4,true,false,false,/home/cyfer/FYP/WSN_simulation_V3/runs/S8_4000/outputs_production_50seed_part41_45/run_campaign_v3_S8_M1_BALANCED_A_L2_F4_H1_seed041_41_20260602_120019
campaign_v3_S8_M1_BALANCED_A_L2_F4_H1_seed042,campaign_v3_S8_M1_BALANCED_A_L2_F4_H1_seed042_42_20260602_120141,S8,4000,160,5,M1_BALANCED,42,A,L2,F4,H1,V3,map_S8_M1_BALANCED_seed042,49089386c52a5814fc7f4a1ba6efa21857f297d94e8de7d88a9e29caed97bde1,31.6,61.937,185.062,352.228,25,46,0.3327,0.1353,60.0,33.584,93.584,153.584,160.0,100.0,5.694,0.0,1.0,0.4,0.399,0.099,3066.038741,1.23349,0.0,158,1125214,1125214,1.0,1436,1436,1.0,95554,0,1,S8|M1_BALANCED|42|A|L2|F4,true,false,false,/home/cyfer/FYP/WSN_simulation_V3/runs/S8_4000/outputs_production_50seed_part41_45/run_campaign_v3_S8_M1_BALANCED_A_L2_F4_H1_seed042_42_20260602_120141
campaign_v3_S8_M1_BALANCED_A_L2_F4_H1_seed043,campaign_v3_S8_M1_BALANCED_A_L2_F4_H1_seed043_43_20260602_120303,S8,4000,160,5,M1_BALANCED,43,A,L2,F4,H1,V3,map_S8_M1_BALANCED_seed043,3a6ba487e0cc7f72992fedce7ca348c90cfe195fd410db343348095e59687537,31.909,64.317,185.925,352.107,25,49,0.3446,0.1285,60.0,36.033,96.033,156.033,160.0,100.0,8.068,0.0,1.0,0.708,0.811,0.17,3072.208573,1.231948,0.0,158,1121768,1121768,1.0,1436,1436,1.0,95154,0,1,S8|M1_BALANCED|43|A|L2|F4,true,false,false,/home/cyfer/FYP/WSN_simulation_V3/runs/S8_4000/outputs_production_50seed_part41_45/run_campaign_v3_S8_M1_BALANCED_A_L2_F4_H1_seed043_43_20260602_120303
campaign_v3_S8_M1_BALANCED_A_L2_F4_H1_seed044,campaign_v3_S8_M1_BALANCED_A_L2_F4_H1_seed044_44_20260602_120425,S8,4000,160,5,M1_BALANCED,44,A,L2,F4,H1,V3,map_S8_M1_BALANCED_seed044,407afd02a69ba6c1a3589498aa72c5336073339b2940d87e8c0b117e76a2e886,32.181,65.381,187.068,352.156,25,54,0.3321,0.1202,60.0,32.243,92.243,152.243,160.0,100.0,4.338,0.0,1.0,0.113,0.139,0.194,3099.811628,1.225047,0.0,159,1127728,1127728,1.0,1436,1436,1.0,95854,0,1,S8|M1_BALANCED|44|A|L2|F4,true,false,false,/home/cyfer/FYP/WSN_simulation_V3/runs/S8_4000/outputs_production_50seed_part41_45/run_campaign_v3_S8_M1_BALANCED_A_L2_F4_H1_seed044_44_20260602_120425
campaign_v3_S8_M1_BALANCED_A_L2_F4_H1_seed045,campaign_v3_S8_M1_BALANCED_A_L2_F4_H1_seed045_45_20260602_120548,S8,4000,160,5,M1_BALANCED,45,A,L2,F4,H1,V3,map_S8_M1_BALANCED_seed045,66d124306039184ee815a886f2c5b077d9ce0f4f78d9af0d2f2d9aea8bf58bb9,31.836,62.608,187.789,358.982,25,43,0.3351,0.1265,60.0,35.605,95.605,155.605,160.0,100.0,7.874,0.0,1.0,0.738,0.72,0.167,3070.00925,1.232498,0.0,159,1122435,1122435,1.0,1436,1436,1.0,95229,0,1,S8|M1_BALANCED|45|A|L2|F4,true,false,false,/home/cyfer/FYP/WSN_simulation_V3/runs/S8_4000/outputs_production_50seed_part41_45/run_campaign_v3_S8_M1_BALANCED_A_L2_F4_H1_seed045_45_20260602_120548
campaign_v3_S8_M1_BALANCED_A_L2_F4_H3_seed041,campaign_v3_S8_M1_BALANCED_A_L2_F4_H3_seed041_41_20260602_120019,S8,4000,160,5,M1_BALANCED,41,A,L2,F4,H3,V3,map_S8_M1_BALANCED_seed041,68d20f4a20dae27e58437a6a0234e4cd38c27d53bc85499ff9d7ad1e9144bfc3,31.945,63.772,183.968,362.941,25,45,0.3044,0.1175,60.0,39.688,99.688,159.688,160.0,100.0,6.031,0.0,1.0,0.455,0.441,0.114,3079.309852,1.230173,0.0,158,1124476,1124476,1.0,1436,1436,1.0,95504,0,1,S8|M1_BALANCED|41|A|L2|F4,true,false,false,/home/cyfer/FYP/WSN_simulation_V3/runs/S8_4000/outputs_production_50seed_part41_45/run_campaign_v3_S8_M1_BALANCED_A_L2_F4_H3_seed041_41_20260602_120019
campaign_v3_S8_M1_BALANCED_A_L2_F4_H3_seed042,campaign_v3_S8_M1_BALANCED_A_L2_F4_H3_seed042_42_20260602_120142,S8,4000,160,5,M1_BALANCED,42,A,L2,F4,H3,V3,map_S8_M1_BALANCED_seed042,49089386c52a5814fc7f4a1ba6efa21857f297d94e8de7d88a9e29caed97bde1,31.6,61.937,185.062,352.228,25,46,0.3327,0.1353,60.0,39.129,99.129,159.129,160.0,100.0,5.694,0.0,1.0,0.4,0.399,0.099,3065.157533,1.233711,0.0,158,1124926,1124926,1.0,1436,1436,1.0,95554,0,1,S8|M1_BALANCED|42|A|L2|F4,true,false,false,/home/cyfer/FYP/WSN_simulation_V3/runs/S8_4000/outputs_production_50seed_part41_45/run_campaign_v3_S8_M1_BALANCED_A_L2_F4_H3_seed042_42_20260602_120142
campaign_v3_S8_M1_BALANCED_A_L2_F4_H3_seed043,campaign_v3_S8_M1_BALANCED_A_L2_F4_H3_seed043_43_20260602_120304,S8,4000,160,5,M1_BALANCED,43,A,L2,F4,H3,V3,map_S8_M1_BALANCED_seed043,3a6ba487e0cc7f72992fedce7ca348c90cfe195fd410db343348095e59687537,31.909,64.317,185.925,352.107,25,49,0.3446,0.1285,60.0,41.142,101.142,161.142,170.0,110.0,8.068,0.0,1.0,0.708,0.811,0.17,3070.602212,1.232349,0.0,158,1121292,1121292,1.0,1436,1436,1.0,95154,0,1,S8|M1_BALANCED|43|A|L2|F4,true,false,false,/home/cyfer/FYP/WSN_simulation_V3/runs/S8_4000/outputs_production_50seed_part41_45/run_campaign_v3_S8_M1_BALANCED_A_L2_F4_H3_seed043_43_20260602_120304
campaign_v3_S8_M1_BALANCED_A_L2_F4_H3_seed044,campaign_v3_S8_M1_BALANCED_A_L2_F4_H3_seed044_44_20260602_120426,S8,4000,160,5,M1_BALANCED,44,A,L2,F4,H3,V3,map_S8_M1_BALANCED_seed044,407afd02a69ba6c1a3589498aa72c5336073339b2940d87e8c0b117e76a2e886,32.181,65.381,187.068,352.156,25,54,0.3321,0.1202,60.0,37.708,97.708,157.708,160.0,100.0,4.338,0.0,1.0,0.113,0.139,0.194,3099.562078,1.225109,0.0,159,1127632,1127632,1.0,1436,1436,1.0,95854,0,1,S8|M1_BALANCED|44|A|L2|F4,true,false,false,/home/cyfer/FYP/WSN_simulation_V3/runs/S8_4000/outputs_production_50seed_part41_45/run_campaign_v3_S8_M1_BALANCED_A_L2_F4_H3_seed044_44_20260602_120426
campaign_v3_S8_M1_BALANCED_A_L2_F4_H3_seed045,campaign_v3_S8_M1_BALANCED_A_L2_F4_H3_seed045_45_20260602_120549,S8,4000,160,5,M1_BALANCED,45,A,L2,F4,H3,V3,map_S8_M1_BALANCED_seed045,66d124306039184ee815a886f2c5b077d9ce0f4f78d9af0d2f2d9aea8bf58bb9,31.836,62.608,187.789,358.982,25,43,0.3351,0.1265,60.0,41.006,101.006,161.006,170.0,110.0,7.874,0.0,1.0,0.738,0.72,0.167,3068.497052,1.232876,0.0,159,1121979,1121979,1.0,1436,1436,1.0,95229,0,1,S8|M1_BALANCED|45|A|L2|F4,true,false,false,/home/cyfer/FYP/WSN_simulation_V3/runs/S8_4000/outputs_production_50seed_part41_45/run_campaign_v3_S8_M1_BALANCED_A_L2_F4_H3_seed045_45_20260602_120549
campaign_v3_S8_M1_BALANCED_A_L2_F4_H4_seed041,campaign_v3_S8_M1_BALANCED_A_L2_F4_H4_seed041_41_20260602_120020,S8,4000,160,5,M1_BALANCED,41,A,L2,F4,H4,V3,map_S8_M1_BALANCED_seed041,68d20f4a20dae27e58437a6a0234e4cd38c27d53bc85499ff9d7ad1e9144bfc3,31.945,63.772,183.968,362.941,25,45,0.3044,0.1175,60.0,43.623,103.623,163.623,170.0,110.0,6.031,0.0,1.0,0.455,0.441,0.114,3071.629344,1.232093,0.0,158,1121075,1121075,1.0,1436,1436,1.0,94833,0,1,S8|M1_BALANCED|41|A|L2|F4,true,false,false,/home/cyfer/FYP/WSN_simulation_V3/runs/S8_4000/outputs_production_50seed_part41_45/run_campaign_v3_S8_M1_BALANCED_A_L2_F4_H4_seed041_41_20260602_120020
campaign_v3_S8_M1_BALANCED_A_L2_F4_H4_seed042,campaign_v3_S8_M1_BALANCED_A_L2_F4_H4_seed042_42_20260602_120143,S8,4000,160,5,M1_BALANCED,42,A,L2,F4,H4,V3,map_S8_M1_BALANCED_seed042,49089386c52a5814fc7f4a1ba6efa21857f297d94e8de7d88a9e29caed97bde1,31.6,61.937,185.062,352.228,25,46,0.3327,0.1353,60.0,43.69,103.69,163.69,170.0,110.0,5.694,0.0,1.0,0.4,0.399,0.099,3055.344316,1.236164,0.0,158,1120858,1120858,1.0,1436,1436,1.0,94758,0,1,S8|M1_BALANCED|42|A|L2|F4,true,false,false,/home/cyfer/FYP/WSN_simulation_V3/runs/S8_4000/outputs_production_50seed_part41_45/run_campaign_v3_S8_M1_BALANCED_A_L2_F4_H4_seed042_42_20260602_120143
campaign_v3_S8_M1_BALANCED_A_L2_F4_H4_seed043,campaign_v3_S8_M1_BALANCED_A_L2_F4_H4_seed043_43_20260602_120305,S8,4000,160,5,M1_BALANCED,43,A,L2,F4,H4,V3,map_S8_M1_BALANCED_seed043,3a6ba487e0cc7f72992fedce7ca348c90cfe195fd410db343348095e59687537,31.909,64.317,185.925,352.107,25,49,0.3446,0.1285,60.0,45.999,105.999,165.999,170.0,110.0,8.068,0.0,1.0,0.708,0.811,0.17,3064.234736,1.233941,0.0,158,1118769,1118769,1.0,1436,1436,1.0,94633,0,1,S8|M1_BALANCED|43|A|L2|F4,true,false,false,/home/cyfer/FYP/WSN_simulation_V3/runs/S8_4000/outputs_production_50seed_part41_45/run_campaign_v3_S8_M1_BALANCED_A_L2_F4_H4_seed043_43_20260602_120305
campaign_v3_S8_M1_BALANCED_A_L2_F4_H4_seed044,campaign_v3_S8_M1_BALANCED_A_L2_F4_H4_seed044_44_20260602_120427,S8,4000,160,5,M1_BALANCED,44,A,L2,F4,H4,V3,map_S8_M1_BALANCED_seed044,407afd02a69ba6c1a3589498aa72c5336073339b2940d87e8c0b117e76a2e886,32.181,65.381,187.068,352.156,25,54,0.3321,0.1202,60.0,42.331,102.331,162.331,170.0,110.0,4.338,0.0,1.0,0.113,0.139,0.194,3090.540943,1.227365,0.0,159,1123988,1123988,1.0,1436,1436,1.0,95158,0,1,S8|M1_BALANCED|44|A|L2|F4,true,false,false,/home/cyfer/FYP/WSN_simulation_V3/runs/S8_4000/outputs_production_50seed_part41_45/run_campaign_v3_S8_M1_BALANCED_A_L2_F4_H4_seed044_44_20260602_120427
campaign_v3_S8_M1_BALANCED_A_L2_F4_H4_seed045,campaign_v3_S8_M1_BALANCED_A_L2_F4_H4_seed045_45_20260602_120549,S8,4000,160,5,M1_BALANCED,45,A,L2,F4,H4,V3,map_S8_M1_BALANCED_seed045,66d124306039184ee815a886f2c5b077d9ce0f4f78d9af0d2f2d9aea8bf58bb9,31.836,62.608,187.789,358.982,25,43,0.3351,0.1265,60.0,45.594,105.594,165.594,170.0,110.0,7.874,0.0,1.0,0.738,0.72,0.167,3059.815398,1.235046,0.0,159,1118658,1118658,1.0,1436,1436,1.0,94558,0,1,S8|M1_BALANCED|45|A|L2|F4,true,false,false,/home/cyfer/FYP/WSN_simulation_V3/runs/S8_4000/outputs_production_50seed_part41_45/run_campaign_v3_S8_M1_BALANCED_A_L2_F4_H4_seed045_45_20260602_120549
campaign_v3_S8_M1_BALANCED_B_L1_F0_H0_seed041,campaign_v3_S8_M1_BALANCED_B_L1_F0_H0_seed041_41_20260602_120021,S8,4000,160,5,M1_BALANCED,41,B,L1,F0,H0,V1,map_S8_M1_BALANCED_seed041,68d20f4a20dae27e58437a6a0234e4cd38c27d53bc85499ff9d7ad1e9144bfc3,31.945,63.772,183.968,362.941,25,45,0.3044,0.1175,0.0,-1.0,-1.0,-1.0,-1.0,-1.0,0.0,0.0,0.0,0.0,0.0,0.0,2050.462119,1.487384,0.0,159,1128960,1128960,1.0,1440,1440,1.0,96000,0,0,S8|M1_BALANCED|41|B|L1|F0,false,true,false,/home/cyfer/FYP/WSN_simulation_V3/runs/S8_4000/outputs_production_50seed_part41_45/run_campaign_v3_S8_M1_BALANCED_B_L1_F0_H0_seed041_41_20260602_120021
campaign_v3_S8_M1_BALANCED_B_L1_F0_H0_seed042,campaign_v3_S8_M1_BALANCED_B_L1_F0_H0_seed042_42_20260602_120143,S8,4000,160,5,M1_BALANCED,42,B,L1,F0,H0,V1,map_S8_M1_BALANCED_seed042,49089386c52a5814fc7f4a1ba6efa21857f297d94e8de7d88a9e29caed97bde1,31.6,61.937,185.062,352.228,25,46,0.3327,0.1353,0.0,-1.0,-1.0,-1.0,-1.0,-1.0,0.0,0.0,0.0,0.0,0.0,0.0,2041.005853,1.489749,0.0,159,1128960,1128960,1.0,1440,1440,1.0,96000,0,0,S8|M1_BALANCED|42|B|L1|F0,false,true,false,/home/cyfer/FYP/WSN_simulation_V3/runs/S8_4000/outputs_production_50seed_part41_45/run_campaign_v3_S8_M1_BALANCED_B_L1_F0_H0_seed042_42_20260602_120143
campaign_v3_S8_M1_BALANCED_B_L1_F0_H0_seed043,campaign_v3_S8_M1_BALANCED_B_L1_F0_H0_seed043_43_20260602_120306,S8,4000,160,5,M1_BALANCED,43,B,L1,F0,H0,V1,map_S8_M1_BALANCED_seed043,3a6ba487e0cc7f72992fedce7ca348c90cfe195fd410db343348095e59687537,31.909,64.317,185.925,352.107,25,49,0.3446,0.1285,0.0,-1.0,-1.0,-1.0,-1.0,-1.0,0.0,0.0,0.0,0.0,0.0,0.0,2050.323211,1.487419,0.0,158,1128960,1128960,1.0,1440,1440,1.0,96000,0,0,S8|M1_BALANCED|43|B|L1|F0,false,true,false,/home/cyfer/FYP/WSN_simulation_V3/runs/S8_4000/outputs_production_50seed_part41_45/run_campaign_v3_S8_M1_BALANCED_B_L1_F0_H0_seed043_43_20260602_120306
campaign_v3_S8_M1_BALANCED_B_L1_F0_H0_seed044,campaign_v3_S8_M1_BALANCED_B_L1_F0_H0_seed044_44_20260602_120428,S8,4000,160,5,M1_BALANCED,44,B,L1,F0,H0,V1,map_S8_M1_BALANCED_seed044,407afd02a69ba6c1a3589498aa72c5336073339b2940d87e8c0b117e76a2e886,32.181,65.381,187.068,352.156,25,54,0.3321,0.1202,0.0,-1.0,-1.0,-1.0,-1.0,-1.0,0.0,0.0,0.0,0.0,0.0,0.0,2059.411992,1.485147,0.0,159,1128960,1128960,1.0,1440,1440,1.0,96000,0,0,S8|M1_BALANCED|44|B|L1|F0,false,true,false,/home/cyfer/FYP/WSN_simulation_V3/runs/S8_4000/outputs_production_50seed_part41_45/run_campaign_v3_S8_M1_BALANCED_B_L1_F0_H0_seed044_44_20260602_120428
campaign_v3_S8_M1_BALANCED_B_L1_F0_H0_seed045,campaign_v3_S8_M1_BALANCED_B_L1_F0_H0_seed045_45_20260602_120550,S8,4000,160,5,M1_BALANCED,45,B,L1,F0,H0,V1,map_S8_M1_BALANCED_seed045,66d124306039184ee815a886f2c5b077d9ce0f4f78d9af0d2f2d9aea8bf58bb9,31.836,62.608,187.789,358.982,25,43,0.3351,0.1265,0.0,-1.0,-1.0,-1.0,-1.0,-1.0,0.0,0.0,0.0,0.0,0.0,0.0,2047.898509,1.488025,0.0,160,1128960,1128960,1.0,1440,1440,1.0,96000,0,0,S8|M1_BALANCED|45|B|L1|F0,false,true,false,/home/cyfer/FYP/WSN_simulation_V3/runs/S8_4000/outputs_production_50seed_part41_45/run_campaign_v3_S8_M1_BALANCED_B_L1_F0_H0_seed045_45_20260602_120550
campaign_v3_S8_M1_BALANCED_B_L1_F1_H0_seed041,campaign_v3_S8_M1_BALANCED_B_L1_F1_H0_seed041_41_20260602_120022,S8,4000,160,5,M1_BALANCED,41,B,L1,F1,H0,V2,map_S8_M1_BALANCED_seed041,68d20f4a20dae27e58437a6a0234e4cd38c27d53bc85499ff9d7ad1e9144bfc3,31.945,63.772,183.968,362.941,25,45,0.3044,0.1175,60.0,-1.0,-1.0,-1.0,-1.0,-1.0,0.0,0.0,0.0,0.0,0.0,0.0,2043.189453,1.488923,0.0,159,1124260,1124260,1.0,1432,1432,1.0,96100,1,0,S8|M1_BALANCED|41|B|L1|F1,false,false,true,/home/cyfer/FYP/WSN_simulation_V3/runs/S8_4000/outputs_production_50seed_part41_45/run_campaign_v3_S8_M1_BALANCED_B_L1_F1_H0_seed041_41_20260602_120022
campaign_v3_S8_M1_BALANCED_B_L1_F1_H0_seed042,campaign_v3_S8_M1_BALANCED_B_L1_F1_H0_seed042_42_20260602_120144,S8,4000,160,5,M1_BALANCED,42,B,L1,F1,H0,V2,map_S8_M1_BALANCED_seed042,49089386c52a5814fc7f4a1ba6efa21857f297d94e8de7d88a9e29caed97bde1,31.6,61.937,185.062,352.228,25,46,0.3327,0.1353,60.0,-1.0,-1.0,-1.0,-1.0,-1.0,0.0,0.0,0.0,0.0,0.0,0.0,2034.199147,1.49115,0.0,159,1124730,1124730,1.0,1432,1432,1.0,96090,1,0,S8|M1_BALANCED|42|B|L1|F1,false,false,true,/home/cyfer/FYP/WSN_simulation_V3/runs/S8_4000/outputs_production_50seed_part41_45/run_campaign_v3_S8_M1_BALANCED_B_L1_F1_H0_seed042_42_20260602_120144
campaign_v3_S8_M1_BALANCED_B_L1_F1_H0_seed043,campaign_v3_S8_M1_BALANCED_B_L1_F1_H0_seed043_43_20260602_120306,S8,4000,160,5,M1_BALANCED,43,B,L1,F1,H0,V2,map_S8_M1_BALANCED_seed043,3a6ba487e0cc7f72992fedce7ca348c90cfe195fd410db343348095e59687537,31.909,64.317,185.925,352.107,25,49,0.3446,0.1285,60.0,-1.0,-1.0,-1.0,-1.0,-1.0,0.0,0.0,0.0,0.0,0.0,0.0,2037.231798,1.490598,0.0,158,1120970,1120970,1.0,1432,1432,1.0,96170,1,0,S8|M1_BALANCED|43|B|L1|F1,false,false,true,/home/cyfer/FYP/WSN_simulation_V3/runs/S8_4000/outputs_production_50seed_part41_45/run_campaign_v3_S8_M1_BALANCED_B_L1_F1_H0_seed043_43_20260602_120306
campaign_v3_S8_M1_BALANCED_B_L1_F1_H0_seed044,campaign_v3_S8_M1_BALANCED_B_L1_F1_H0_seed044_44_20260602_120428,S8,4000,160,5,M1_BALANCED,44,B,L1,F1,H0,V2,map_S8_M1_BALANCED_seed044,407afd02a69ba6c1a3589498aa72c5336073339b2940d87e8c0b117e76a2e886,32.181,65.381,187.068,352.156,25,54,0.3321,0.1202,60.0,-1.0,-1.0,-1.0,-1.0,-1.0,0.0,0.0,0.0,0.0,0.0,0.0,2056.192714,1.485521,0.0,160,1127550,1127550,1.0,1432,1432,1.0,96030,1,0,S8|M1_BALANCED|44|B|L1|F1,false,false,true,/home/cyfer/FYP/WSN_simulation_V3/runs/S8_4000/outputs_production_50seed_part41_45/run_campaign_v3_S8_M1_BALANCED_B_L1_F1_H0_seed044_44_20260602_120428
campaign_v3_S8_M1_BALANCED_B_L1_F1_H0_seed045,campaign_v3_S8_M1_BALANCED_B_L1_F1_H0_seed045_45_20260602_120551,S8,4000,160,5,M1_BALANCED,45,B,L1,F1,H0,V2,map_S8_M1_BALANCED_seed045,66d124306039184ee815a886f2c5b077d9ce0f4f78d9af0d2f2d9aea8bf58bb9,31.836,62.608,187.789,358.982,25,43,0.3351,0.1265,60.0,-1.0,-1.0,-1.0,-1.0,-1.0,0.0,0.0,0.0,0.0,0.0,0.0,2036.531301,1.490727,0.0,160,1121675,1121675,1.0,1432,1432,1.0,96155,1,0,S8|M1_BALANCED|45|B|L1|F1,false,false,true,/home/cyfer/FYP/WSN_simulation_V3/runs/S8_4000/outputs_production_50seed_part41_45/run_campaign_v3_S8_M1_BALANCED_B_L1_F1_H0_seed045_45_20260602_120551
campaign_v3_S8_M1_BALANCED_B_L1_F1_H1_seed041,campaign_v3_S8_M1_BALANCED_B_L1_F1_H1_seed041_41_20260602_120027,S8,4000,160,5,M1_BALANCED,41,B,L1,F1,H1,V3,map_S8_M1_BALANCED_seed041,68d20f4a20dae27e58437a6a0234e4cd38c27d53bc85499ff9d7ad1e9144bfc3,31.945,63.772,183.968,362.941,25,45,0.3044,0.1175,60.0,17.12,77.12,137.12,140.0,80.0,7.707,0.0,1.0,0.455,1.0,0.114,2049.067278,1.487454,0.0,160,1127400,1127400,1.0,1437,1437,1.0,96000,0,1,S8|M1_BALANCED|41|B|L1|F1,true,false,false,/home/cyfer/FYP/WSN_simulation_V3/runs/S8_4000/outputs_production_50seed_part41_45/run_campaign_v3_S8_M1_BALANCED_B_L1_F1_H1_seed041_41_20260602_120027
campaign_v3_S8_M1_BALANCED_B_L1_F1_H1_seed042,campaign_v3_S8_M1_BALANCED_B_L1_F1_H1_seed042_42_20260602_120149,S8,4000,160,5,M1_BALANCED,42,B,L1,F1,H1,V3,map_S8_M1_BALANCED_seed042,49089386c52a5814fc7f4a1ba6efa21857f297d94e8de7d88a9e29caed97bde1,31.6,61.937,185.062,352.228,25,46,0.3327,0.1353,60.0,17.27,77.27,137.27,140.0,80.0,7.497,0.0,1.0,0.4,1.0,0.099,2039.65041,1.489787,0.0,160,1127556,1127556,1.0,1437,1437,1.0,96000,0,1,S8|M1_BALANCED|42|B|L1|F1,true,false,false,/home/cyfer/FYP/WSN_simulation_V3/runs/S8_4000/outputs_production_50seed_part41_45/run_campaign_v3_S8_M1_BALANCED_B_L1_F1_H1_seed042_42_20260602_120149
campaign_v3_S8_M1_BALANCED_B_L1_F1_H1_seed043,campaign_v3_S8_M1_BALANCED_B_L1_F1_H1_seed043_43_20260602_120311,S8,4000,160,5,M1_BALANCED,43,B,L1,F1,H1,V3,map_S8_M1_BALANCED_seed043,3a6ba487e0cc7f72992fedce7ca348c90cfe195fd410db343348095e59687537,31.909,64.317,185.925,352.107,25,49,0.3446,0.1285,60.0,18.62,78.62,138.62,140.0,80.0,8.635,0.0,1.0,0.708,1.0,0.17,2047.44154,1.488045,0.0,159,1126274,1126274,1.0,1437,1437,1.0,96000,0,1,S8|M1_BALANCED|43|B|L1|F1,true,false,false,/home/cyfer/FYP/WSN_simulation_V3/runs/S8_4000/outputs_production_50seed_part41_45/run_campaign_v3_S8_M1_BALANCED_B_L1_F1_H1_seed043_43_20260602_120311
campaign_v3_S8_M1_BALANCED_B_L1_F1_H1_seed044,campaign_v3_S8_M1_BALANCED_B_L1_F1_H1_seed044_44_20260602_120433,S8,4000,160,5,M1_BALANCED,44,B,L1,F1,H1,V3,map_S8_M1_BALANCED_seed044,407afd02a69ba6c1a3589498aa72c5336073339b2940d87e8c0b117e76a2e886,32.181,65.381,187.068,352.156,25,54,0.3321,0.1202,60.0,16.806,76.806,136.806,140.0,80.0,6.921,0.0,1.0,0.113,1.0,0.194,2058.014412,1.485066,0.0,160,1128498,1128498,1.0,1437,1437,1.0,96000,0,1,S8|M1_BALANCED|44|B|L1|F1,true,false,false,/home/cyfer/FYP/WSN_simulation_V3/runs/S8_4000/outputs_production_50seed_part41_45/run_campaign_v3_S8_M1_BALANCED_B_L1_F1_H1_seed044_44_20260602_120433
campaign_v3_S8_M1_BALANCED_B_L1_F1_H1_seed045,campaign_v3_S8_M1_BALANCED_B_L1_F1_H1_seed045_45_20260602_120556,S8,4000,160,5,M1_BALANCED,45,B,L1,F1,H1,V3,map_S8_M1_BALANCED_seed045,66d124306039184ee815a886f2c5b077d9ce0f4f78d9af0d2f2d9aea8bf58bb9,31.836,62.608,187.789,358.982,25,43,0.3351,0.1265,60.0,18.227,78.227,138.227,140.0,80.0,8.715,0.0,1.0,0.738,1.0,0.167,2045.507115,1.488483,0.0,161,1126511,1126511,1.0,1437,1437,1.0,96000,0,1,S8|M1_BALANCED|45|B|L1|F1,true,false,false,/home/cyfer/FYP/WSN_simulation_V3/runs/S8_4000/outputs_production_50seed_part41_45/run_campaign_v3_S8_M1_BALANCED_B_L1_F1_H1_seed045_45_20260602_120556
campaign_v3_S8_M1_BALANCED_B_L1_F1_H3_seed041,campaign_v3_S8_M1_BALANCED_B_L1_F1_H3_seed041_41_20260602_120030,S8,4000,160,5,M1_BALANCED,41,B,L1,F1,H3,V3,map_S8_M1_BALANCED_seed041,68d20f4a20dae27e58437a6a0234e4cd38c27d53bc85499ff9d7ad1e9144bfc3,31.945,63.772,183.968,362.941,25,45,0.3044,0.1175,60.0,23.132,83.132,143.132,150.0,90.0,7.707,0.0,1.0,0.455,1.0,0.114,2046.578076,1.488076,0.0,159,1125770,1125770,1.0,1437,1437,1.0,95750,0,1,S8|M1_BALANCED|41|B|L1|F1,true,false,false,/home/cyfer/FYP/WSN_simulation_V3/runs/S8_4000/outputs_production_50seed_part41_45/run_campaign_v3_S8_M1_BALANCED_B_L1_F1_H3_seed041_41_20260602_120030
campaign_v3_S8_M1_BALANCED_B_L1_F1_H3_seed042,campaign_v3_S8_M1_BALANCED_B_L1_F1_H3_seed042_42_20260602_120152,S8,4000,160,5,M1_BALANCED,42,B,L1,F1,H3,V3,map_S8_M1_BALANCED_seed042,49089386c52a5814fc7f4a1ba6efa21857f297d94e8de7d88a9e29caed97bde1,31.6,61.937,185.062,352.228,25,46,0.3327,0.1353,60.0,23.468,83.468,143.468,150.0,90.0,7.497,0.0,1.0,0.4,1.0,0.099,2036.968127,1.490458,0.0,159,1126089,1126089,1.0,1437,1437,1.0,95775,0,1,S8|M1_BALANCED|42|B|L1|F1,true,false,false,/home/cyfer/FYP/WSN_simulation_V3/runs/S8_4000/outputs_production_50seed_part41_45/run_campaign_v3_S8_M1_BALANCED_B_L1_F1_H3_seed042_42_20260602_120152
campaign_v3_S8_M1_BALANCED_B_L1_F1_H3_seed043,campaign_v3_S8_M1_BALANCED_B_L1_F1_H3_seed043_43_20260602_120314,S8,4000,160,5,M1_BALANCED,43,B,L1,F1,H3,V3,map_S8_M1_BALANCED_seed043,3a6ba487e0cc7f72992fedce7ca348c90cfe195fd410db343348095e59687537,31.909,64.317,185.925,352.107,25,49,0.3446,0.1285,60.0,23.996,83.996,143.996,150.0,90.0,8.635,0.0,1.0,0.708,1.0,0.17,2043.199129,1.489106,0.0,159,1123537,1123537,1.0,1437,1437,1.0,95575,0,1,S8|M1_BALANCED|43|B|L1|F1,true,false,false,/home/cyfer/FYP/WSN_simulation_V3/runs/S8_4000/outputs_production_50seed_part41_45/run_campaign_v3_S8_M1_BALANCED_B_L1_F1_H3_seed043_43_20260602_120314
campaign_v3_S8_M1_BALANCED_B_L1_F1_H3_seed044,campaign_v3_S8_M1_BALANCED_B_L1_F1_H3_seed044_44_20260602_120436,S8,4000,160,5,M1_BALANCED,44,B,L1,F1,H3,V3,map_S8_M1_BALANCED_seed044,407afd02a69ba6c1a3589498aa72c5336073339b2940d87e8c0b117e76a2e886,32.181,65.381,187.068,352.156,25,54,0.3321,0.1202,60.0,22.442,82.442,142.442,150.0,90.0,6.921,0.0,1.0,0.113,1.0,0.194,2057.077548,1.4853,0.0,160,1128006,1128006,1.0,1437,1437,1.0,95925,0,1,S8|M1_BALANCED|44|B|L1|F1,true,false,false,/home/cyfer/FYP/WSN_simulation_V3/runs/S8_4000/outputs_production_50seed_part41_45/run_campaign_v3_S8_M1_BALANCED_B_L1_F1_H3_seed044_44_20260602_120436
campaign_v3_S8_M1_BALANCED_B_L1_F1_H3_seed045,campaign_v3_S8_M1_BALANCED_B_L1_F1_H3_seed045_45_20260602_120559,S8,4000,160,5,M1_BALANCED,45,B,L1,F1,H3,V3,map_S8_M1_BALANCED_seed045,66d124306039184ee815a886f2c5b077d9ce0f4f78d9af0d2f2d9aea8bf58bb9,31.836,62.608,187.789,358.982,25,43,0.3351,0.1265,60.0,24.114,84.114,144.114,150.0,90.0,8.715,0.0,1.0,0.738,1.0,0.167,2041.745189,1.489424,0.0,161,1124075,1124075,1.0,1437,1437,1.0,95625,0,1,S8|M1_BALANCED|45|B|L1|F1,true,false,false,/home/cyfer/FYP/WSN_simulation_V3/runs/S8_4000/outputs_production_50seed_part41_45/run_campaign_v3_S8_M1_BALANCED_B_L1_F1_H3_seed045_45_20260602_120559
campaign_v3_S8_M1_BALANCED_B_L1_F1_H4_seed041,campaign_v3_S8_M1_BALANCED_B_L1_F1_H4_seed041_41_20260602_120032,S8,4000,160,5,M1_BALANCED,41,B,L1,F1,H4,V3,map_S8_M1_BALANCED_seed041,68d20f4a20dae27e58437a6a0234e4cd38c27d53bc85499ff9d7ad1e9144bfc3,31.945,63.772,183.968,362.941,25,45,0.3044,0.1175,60.0,27.253,87.253,147.253,150.0,90.0,7.707,0.0,1.0,0.455,1.0,0.114,2043.200119,1.488921,0.0,160,1123251,1123251,1.0,1437,1437,1.0,95329,0,1,S8|M1_BALANCED|41|B|L1|F1,true,false,false,/home/cyfer/FYP/WSN_simulation_V3/runs/S8_4000/outputs_production_50seed_part41_45/run_campaign_v3_S8_M1_BALANCED_B_L1_F1_H4_seed041_41_20260602_120032
campaign_v3_S8_M1_BALANCED_B_L1_F1_H4_seed042,campaign_v3_S8_M1_BALANCED_B_L1_F1_H4_seed042_42_20260602_120154,S8,4000,160,5,M1_BALANCED,42,B,L1,F1,H4,V3,map_S8_M1_BALANCED_seed042,49089386c52a5814fc7f4a1ba6efa21857f297d94e8de7d88a9e29caed97bde1,31.6,61.937,185.062,352.228,25,46,0.3327,0.1353,60.0,27.011,87.011,147.011,150.0,90.0,7.497,0.0,1.0,0.4,1.0,0.099,2032.295174,1.491626,0.0,160,1122692,1122692,1.0,1437,1437,1.0,95204,0,1,S8|M1_BALANCED|42|B|L1|F1,true,false,false,/home/cyfer/FYP/WSN_simulation_V3/runs/S8_4000/outputs_production_50seed_part41_45/run_campaign_v3_S8_M1_BALANCED_B_L1_F1_H4_seed042_42_20260602_120154
campaign_v3_S8_M1_BALANCED_B_L1_F1_H4_seed043,campaign_v3_S8_M1_BALANCED_B_L1_F1_H4_seed043_43_20260602_120317,S8,4000,160,5,M1_BALANCED,43,B,L1,F1,H4,V3,map_S8_M1_BALANCED_seed043,3a6ba487e0cc7f72992fedce7ca348c90cfe195fd410db343348095e59687537,31.909,64.317,185.925,352.107,25,49,0.3446,0.1285,60.0,28.212,88.212,148.212,150.0,90.0,8.635,0.0,1.0,0.708,1.0,0.17,2042.017525,1.489401,0.0,159,1122888,1122888,1.0,1437,1437,1.0,95479,0,1,S8|M1_BALANCED|43|B|L1|F1,true,false,false,/home/cyfer/FYP/WSN_simulation_V3/runs/S8_4000/outputs_production_50seed_part41_45/run_campaign_v3_S8_M1_BALANCED_B_L1_F1_H4_seed043_43_20260602_120317
campaign_v3_S8_M1_BALANCED_B_L1_F1_H4_seed044,campaign_v3_S8_M1_BALANCED_B_L1_F1_H4_seed044_44_20260602_120439,S8,4000,160,5,M1_BALANCED,44,B,L1,F1,H4,V3,map_S8_M1_BALANCED_seed044,407afd02a69ba6c1a3589498aa72c5336073339b2940d87e8c0b117e76a2e886,32.181,65.381,187.068,352.156,25,54,0.3321,0.1202,60.0,26.575,86.575,146.575,150.0,90.0,6.921,0.0,1.0,0.113,1.0,0.194,2051.514531,1.486691,0.0,160,1124314,1124314,1.0,1437,1437,1.0,95304,0,1,S8|M1_BALANCED|44|B|L1|F1,true,false,false,/home/cyfer/FYP/WSN_simulation_V3/runs/S8_4000/outputs_production_50seed_part41_45/run_campaign_v3_S8_M1_BALANCED_B_L1_F1_H4_seed044_44_20260602_120439
campaign_v3_S8_M1_BALANCED_B_L1_F1_H4_seed045,campaign_v3_S8_M1_BALANCED_B_L1_F1_H4_seed045_45_20260602_120601,S8,4000,160,5,M1_BALANCED,45,B,L1,F1,H4,V3,map_S8_M1_BALANCED_seed045,66d124306039184ee815a886f2c5b077d9ce0f4f78d9af0d2f2d9aea8bf58bb9,31.836,62.608,187.789,358.982,25,43,0.3351,0.1265,60.0,28.032,88.032,148.032,150.0,90.0,8.715,0.0,1.0,0.738,1.0,0.167,2038.561519,1.490219,0.0,161,1122279,1122279,1.0,1437,1437,1.0,95329,0,1,S8|M1_BALANCED|45|B|L1|F1,true,false,false,/home/cyfer/FYP/WSN_simulation_V3/runs/S8_4000/outputs_production_50seed_part41_45/run_campaign_v3_S8_M1_BALANCED_B_L1_F1_H4_seed045_45_20260602_120601
campaign_v3_S8_M1_BALANCED_B_L1_F2_H0_seed041,campaign_v3_S8_M1_BALANCED_B_L1_F2_H0_seed041_41_20260602_120025,S8,4000,160,5,M1_BALANCED,41,B,L1,F2,H0,V2,map_S8_M1_BALANCED_seed041,68d20f4a20dae27e58437a6a0234e4cd38c27d53bc85499ff9d7ad1e9144bfc3,31.945,63.772,183.968,362.941,25,45,0.3044,0.1175,60.0,-1.0,-1.0,-1.0,-1.0,-1.0,0.0,0.0,0.0,0.0,0.0,0.0,2040.674342,1.489831,0.0,158,1122615,1122615,1.0,1432,1432,1.0,96135,1,0,S8|M1_BALANCED|41|B|L1|F2,false,false,true,/home/cyfer/FYP/WSN_simulation_V3/runs/S8_4000/outputs_production_50seed_part41_45/run_campaign_v3_S8_M1_BALANCED_B_L1_F2_H0_seed041_41_20260602_120025
campaign_v3_S8_M1_BALANCED_B_L1_F2_H0_seed042,campaign_v3_S8_M1_BALANCED_B_L1_F2_H0_seed042_42_20260602_120147,S8,4000,160,5,M1_BALANCED,42,B,L1,F2,H0,V2,map_S8_M1_BALANCED_seed042,49089386c52a5814fc7f4a1ba6efa21857f297d94e8de7d88a9e29caed97bde1,31.6,61.937,185.062,352.228,25,46,0.3327,0.1353,60.0,-1.0,-1.0,-1.0,-1.0,-1.0,0.0,0.0,0.0,0.0,0.0,0.0,2029.055517,1.492736,0.0,158,1121440,1121440,1.0,1432,1432,1.0,96160,1,0,S8|M1_BALANCED|42|B|L1|F2,false,false,true,/home/cyfer/FYP/WSN_simulation_V3/runs/S8_4000/outputs_production_50seed_part41_45/run_campaign_v3_S8_M1_BALANCED_B_L1_F2_H0_seed042_42_20260602_120147
campaign_v3_S8_M1_BALANCED_B_L1_F2_H0_seed043,campaign_v3_S8_M1_BALANCED_B_L1_F2_H0_seed043_43_20260602_120309,S8,4000,160,5,M1_BALANCED,43,B,L1,F2,H0,V2,map_S8_M1_BALANCED_seed043,3a6ba487e0cc7f72992fedce7ca348c90cfe195fd410db343348095e59687537,31.909,64.317,185.925,352.107,25,49,0.3446,0.1285,60.0,-1.0,-1.0,-1.0,-1.0,-1.0,0.0,0.0,0.0,0.0,0.0,0.0,2041.409036,1.489648,0.0,157,1124025,1124025,1.0,1432,1432,1.0,96105,1,0,S8|M1_BALANCED|43|B|L1|F2,false,false,true,/home/cyfer/FYP/WSN_simulation_V3/runs/S8_4000/outputs_production_50seed_part41_45/run_campaign_v3_S8_M1_BALANCED_B_L1_F2_H0_seed043_43_20260602_120309
campaign_v3_S8_M1_BALANCED_B_L1_F2_H0_seed044,campaign_v3_S8_M1_BALANCED_B_L1_F2_H0_seed044_44_20260602_120431,S8,4000,160,5,M1_BALANCED,44,B,L1,F2,H0,V2,map_S8_M1_BALANCED_seed044,407afd02a69ba6c1a3589498aa72c5336073339b2940d87e8c0b117e76a2e886,32.181,65.381,187.068,352.156,25,54,0.3321,0.1202,60.0,-1.0,-1.0,-1.0,-1.0,-1.0,0.0,0.0,0.0,0.0,0.0,0.0,2048.549906,1.487863,0.0,158,1122380,1122380,1.0,1432,1432,1.0,96140,1,0,S8|M1_BALANCED|44|B|L1|F2,false,false,true,/home/cyfer/FYP/WSN_simulation_V3/runs/S8_4000/outputs_production_50seed_part41_45/run_campaign_v3_S8_M1_BALANCED_B_L1_F2_H0_seed044_44_20260602_120431
campaign_v3_S8_M1_BALANCED_B_L1_F2_H0_seed045,campaign_v3_S8_M1_BALANCED_B_L1_F2_H0_seed045_45_20260602_120554,S8,4000,160,5,M1_BALANCED,45,B,L1,F2,H0,V2,map_S8_M1_BALANCED_seed045,66d124306039184ee815a886f2c5b077d9ce0f4f78d9af0d2f2d9aea8bf58bb9,31.836,62.608,187.789,358.982,25,43,0.3351,0.1265,60.0,-1.0,-1.0,-1.0,-1.0,-1.0,0.0,0.0,0.0,0.0,0.0,0.0,2036.702778,1.490824,0.0,159,1122615,1122615,1.0,1432,1432,1.0,96135,1,0,S8|M1_BALANCED|45|B|L1|F2,false,false,true,/home/cyfer/FYP/WSN_simulation_V3/runs/S8_4000/outputs_production_50seed_part41_45/run_campaign_v3_S8_M1_BALANCED_B_L1_F2_H0_seed045_45_20260602_120554
campaign_v3_S8_M1_BALANCED_B_L1_F2_H1_seed041,campaign_v3_S8_M1_BALANCED_B_L1_F2_H1_seed041_41_20260602_120035,S8,4000,160,5,M1_BALANCED,41,B,L1,F2,H1,V3,map_S8_M1_BALANCED_seed041,68d20f4a20dae27e58437a6a0234e4cd38c27d53bc85499ff9d7ad1e9144bfc3,31.945,63.772,183.968,362.941,25,45,0.3044,0.1175,60.0,24.097,84.097,144.097,150.0,90.0,7.064,0.0,1.0,0.614,0.617,0.124,2048.328671,1.487918,0.0,159,1126665,1126665,1.0,1437,1437,1.0,96000,0,1,S8|M1_BALANCED|41|B|L1|F2,true,false,false,/home/cyfer/FYP/WSN_simulation_V3/runs/S8_4000/outputs_production_50seed_part41_45/run_campaign_v3_S8_M1_BALANCED_B_L1_F2_H1_seed041_41_20260602_120035
campaign_v3_S8_M1_BALANCED_B_L1_F2_H1_seed042,campaign_v3_S8_M1_BALANCED_B_L1_F2_H1_seed042_42_20260602_120157,S8,4000,160,5,M1_BALANCED,42,B,L1,F2,H1,V3,map_S8_M1_BALANCED_seed042,49089386c52a5814fc7f4a1ba6efa21857f297d94e8de7d88a9e29caed97bde1,31.6,61.937,185.062,352.228,25,46,0.3327,0.1353,60.0,25.332,85.332,145.332,150.0,90.0,7.61,0.0,1.0,0.711,0.75,0.076,2038.343398,1.490414,0.0,159,1126208,1126208,1.0,1437,1437,1.0,96000,0,1,S8|M1_BALANCED|42|B|L1|F2,true,false,false,/home/cyfer/FYP/WSN_simulation_V3/runs/S8_4000/outputs_production_50seed_part41_45/run_campaign_v3_S8_M1_BALANCED_B_L1_F2_H1_seed042_42_20260602_120157
campaign_v3_S8_M1_BALANCED_B_L1_F2_H1_seed043,campaign_v3_S8_M1_BALANCED_B_L1_F2_H1_seed043_43_20260602_120319,S8,4000,160,5,M1_BALANCED,43,B,L1,F2,H1,V3,map_S8_M1_BALANCED_seed043,3a6ba487e0cc7f72992fedce7ca348c90cfe195fd410db343348095e59687537,31.909,64.317,185.925,352.107,25,49,0.3446,0.1285,60.0,23.811,83.811,143.811,150.0,90.0,6.45,0.0,1.0,0.438,0.507,0.206,2048.445887,1.487889,0.0,158,1127196,1127196,1.0,1437,1437,1.0,96000,0,1,S8|M1_BALANCED|43|B|L1|F2,true,false,false,/home/cyfer/FYP/WSN_simulation_V3/runs/S8_4000/outputs_production_50seed_part41_45/run_campaign_v3_S8_M1_BALANCED_B_L1_F2_H1_seed043_43_20260602_120319
campaign_v3_S8_M1_BALANCED_B_L1_F2_H1_seed044,campaign_v3_S8_M1_BALANCED_B_L1_F2_H1_seed044_44_20260602_120441,S8,4000,160,5,M1_BALANCED,44,B,L1,F2,H1,V3,map_S8_M1_BALANCED_seed044,407afd02a69ba6c1a3589498aa72c5336073339b2940d87e8c0b117e76a2e886,32.181,65.381,187.068,352.156,25,54,0.3321,0.1202,60.0,24.555,84.555,144.555,150.0,90.0,7.002,0.0,1.0,0.528,0.662,0.143,2056.775097,1.485806,0.0,159,1126580,1126580,1.0,1437,1437,1.0,96000,0,1,S8|M1_BALANCED|44|B|L1|F2,true,false,false,/home/cyfer/FYP/WSN_simulation_V3/runs/S8_4000/outputs_production_50seed_part41_45/run_campaign_v3_S8_M1_BALANCED_B_L1_F2_H1_seed044_44_20260602_120441
campaign_v3_S8_M1_BALANCED_B_L1_F2_H1_seed045,campaign_v3_S8_M1_BALANCED_B_L1_F2_H1_seed045_45_20260602_120604,S8,4000,160,5,M1_BALANCED,45,B,L1,F2,H1,V3,map_S8_M1_BALANCED_seed045,66d124306039184ee815a886f2c5b077d9ce0f4f78d9af0d2f2d9aea8bf58bb9,31.836,62.608,187.789,358.982,25,43,0.3351,0.1265,60.0,24.939,84.939,144.939,150.0,90.0,7.347,0.0,1.0,0.643,0.658,0.149,2045.975863,1.488506,0.0,160,1126665,1126665,1.0,1437,1437,1.0,96000,0,1,S8|M1_BALANCED|45|B|L1|F2,true,false,false,/home/cyfer/FYP/WSN_simulation_V3/runs/S8_4000/outputs_production_50seed_part41_45/run_campaign_v3_S8_M1_BALANCED_B_L1_F2_H1_seed045_45_20260602_120604
campaign_v3_S8_M1_BALANCED_B_L1_F2_H3_seed041,campaign_v3_S8_M1_BALANCED_B_L1_F2_H3_seed041_41_20260602_120036,S8,4000,160,5,M1_BALANCED,41,B,L1,F2,H3,V3,map_S8_M1_BALANCED_seed041,68d20f4a20dae27e58437a6a0234e4cd38c27d53bc85499ff9d7ad1e9144bfc3,31.945,63.772,183.968,362.941,25,45,0.3044,0.1175,60.0,30.26,90.26,150.26,160.0,100.0,7.064,0.0,1.0,0.614,0.617,0.124,2045.424768,1.488644,0.0,159,1124631,1124631,1.0,1436,1436,1.0,95675,0,1,S8|M1_BALANCED|41|B|L1|F2,true,false,false,/home/cyfer/FYP/WSN_simulation_V3/runs/S8_4000/outputs_production_50seed_part41_45/run_campaign_v3_S8_M1_BALANCED_B_L1_F2_H3_seed041_41_20260602_120036
campaign_v3_S8_M1_BALANCED_B_L1_F2_H3_seed042,campaign_v3_S8_M1_BALANCED_B_L1_F2_H3_seed042_42_20260602_120158,S8,4000,160,5,M1_BALANCED,42,B,L1,F2,H3,V3,map_S8_M1_BALANCED_seed042,49089386c52a5814fc7f4a1ba6efa21857f297d94e8de7d88a9e29caed97bde1,31.6,61.937,185.062,352.228,25,46,0.3327,0.1353,60.0,30.954,90.954,150.954,160.0,100.0,7.61,0.0,1.0,0.711,0.75,0.076,2034.658897,1.491335,0.0,159,1123744,1123744,1.0,1436,1436,1.0,95600,0,1,S8|M1_BALANCED|42|B|L1|F2,true,false,false,/home/cyfer/FYP/WSN_simulation_V3/runs/S8_4000/outputs_production_50seed_part41_45/run_campaign_v3_S8_M1_BALANCED_B_L1_F2_H3_seed042_42_20260602_120158
campaign_v3_S8_M1_BALANCED_B_L1_F2_H3_seed043,campaign_v3_S8_M1_BALANCED_B_L1_F2_H3_seed043_43_20260602_120320,S8,4000,160,5,M1_BALANCED,43,B,L1,F2,H3,V3,map_S8_M1_BALANCED_seed043,3a6ba487e0cc7f72992fedce7ca348c90cfe195fd410db343348095e59687537,31.909,64.317,185.925,352.107,25,49,0.3446,0.1285,60.0,30.126,90.126,150.126,160.0,100.0,6.45,0.0,1.0,0.438,0.507,0.206,2045.509424,1.488623,0.0,158,1125609,1125609,1.0,1436,1436,1.0,95750,0,1,S8|M1_BALANCED|43|B|L1|F2,true,false,false,/home/cyfer/FYP/WSN_simulation_V3/runs/S8_4000/outputs_production_50seed_part41_45/run_campaign_v3_S8_M1_BALANCED_B_L1_F2_H3_seed043_43_20260602_120320
campaign_v3_S8_M1_BALANCED_B_L1_F2_H3_seed044,campaign_v3_S8_M1_BALANCED_B_L1_F2_H3_seed044_44_20260602_120442,S8,4000,160,5,M1_BALANCED,44,B,L1,F2,H3,V3,map_S8_M1_BALANCED_seed044,407afd02a69ba6c1a3589498aa72c5336073339b2940d87e8c0b117e76a2e886,32.181,65.381,187.068,352.156,25,54,0.3321,0.1202,60.0,30.676,90.676,150.676,160.0,100.0,7.002,0.0,1.0,0.528,0.662,0.143,2053.348706,1.486663,0.0,159,1124396,1124396,1.0,1436,1436,1.0,95650,0,1,S8|M1_BALANCED|44|B|L1|F2,true,false,false,/home/cyfer/FYP/WSN_simulation_V3/runs/S8_4000/outputs_production_50seed_part41_45/run_campaign_v3_S8_M1_BALANCED_B_L1_F2_H3_seed044_44_20260602_120442
campaign_v3_S8_M1_BALANCED_B_L1_F2_H3_seed045,campaign_v3_S8_M1_BALANCED_B_L1_F2_H3_seed045_45_20260602_120605,S8,4000,160,5,M1_BALANCED,45,B,L1,F2,H3,V3,map_S8_M1_BALANCED_seed045,66d124306039184ee815a886f2c5b077d9ce0f4f78d9af0d2f2d9aea8bf58bb9,31.836,62.608,187.789,358.982,25,43,0.3351,0.1265,60.0,31.004,91.004,151.004,160.0,100.0,7.347,0.0,1.0,0.643,0.658,0.149,2042.345197,1.489414,0.0,160,1124617,1124617,1.0,1436,1436,1.0,95675,0,1,S8|M1_BALANCED|45|B|L1|F2,true,false,false,/home/cyfer/FYP/WSN_simulation_V3/runs/S8_4000/outputs_production_50seed_part41_45/run_campaign_v3_S8_M1_BALANCED_B_L1_F2_H3_seed045_45_20260602_120605
campaign_v3_S8_M1_BALANCED_B_L1_F2_H4_seed041,campaign_v3_S8_M1_BALANCED_B_L1_F2_H4_seed041_41_20260602_120037,S8,4000,160,5,M1_BALANCED,41,B,L1,F2,H4,V3,map_S8_M1_BALANCED_seed041,68d20f4a20dae27e58437a6a0234e4cd38c27d53bc85499ff9d7ad1e9144bfc3,31.945,63.772,183.968,362.941,25,45,0.3044,0.1175,60.0,34.938,94.938,154.938,160.0,100.0,7.064,0.0,1.0,0.614,0.617,0.124,2047.948332,1.488013,0.0,159,1126395,1126395,1.0,1436,1436,1.0,96000,0,1,S8|M1_BALANCED|41|B|L1|F2,true,false,false,/home/cyfer/FYP/WSN_simulation_V3/runs/S8_4000/outputs_production_50seed_part41_45/run_campaign_v3_S8_M1_BALANCED_B_L1_F2_H4_seed041_41_20260602_120037
campaign_v3_S8_M1_BALANCED_B_L1_F2_H4_seed042,campaign_v3_S8_M1_BALANCED_B_L1_F2_H4_seed042_42_20260602_120159,S8,4000,160,5,M1_BALANCED,42,B,L1,F2,H4,V3,map_S8_M1_BALANCED_seed042,49089386c52a5814fc7f4a1ba6efa21857f297d94e8de7d88a9e29caed97bde1,31.6,61.937,185.062,352.228,25,46,0.3327,0.1353,60.0,34.738,94.738,154.738,160.0,100.0,7.61,0.0,1.0,0.711,0.75,0.076,2037.899337,1.490525,0.0,159,1125920,1125920,1.0,1436,1436,1.0,96000,0,1,S8|M1_BALANCED|42|B|L1|F2,true,false,false,/home/cyfer/FYP/WSN_simulation_V3/runs/S8_4000/outputs_production_50seed_part41_45/run_campaign_v3_S8_M1_BALANCED_B_L1_F2_H4_seed042_42_20260602_120159
campaign_v3_S8_M1_BALANCED_B_L1_F2_H4_seed043,campaign_v3_S8_M1_BALANCED_B_L1_F2_H4_seed043_43_20260602_120321,S8,4000,160,5,M1_BALANCED,43,B,L1,F2,H4,V3,map_S8_M1_BALANCED_seed043,3a6ba487e0cc7f72992fedce7ca348c90cfe195fd410db343348095e59687537,31.909,64.317,185.925,352.107,25,49,0.3446,0.1285,60.0,33.908,93.908,153.908,160.0,100.0,6.45,0.0,1.0,0.438,0.507,0.206,2048.10849,1.487973,0.0,158,1126986,1126986,1.0,1436,1436,1.0,96000,0,1,S8|M1_BALANCED|43|B|L1|F2,true,false,false,/home/cyfer/FYP/WSN_simulation_V3/runs/S8_4000/outputs_production_50seed_part41_45/run_campaign_v3_S8_M1_BALANCED_B_L1_F2_H4_seed043_43_20260602_120321
campaign_v3_S8_M1_BALANCED_B_L1_F2_H4_seed044,campaign_v3_S8_M1_BALANCED_B_L1_F2_H4_seed044_44_20260602_120443,S8,4000,160,5,M1_BALANCED,44,B,L1,F2,H4,V3,map_S8_M1_BALANCED_seed044,407afd02a69ba6c1a3589498aa72c5336073339b2940d87e8c0b117e76a2e886,32.181,65.381,187.068,352.156,25,54,0.3321,0.1202,60.0,34.451,94.451,154.451,160.0,100.0,7.002,0.0,1.0,0.528,0.662,0.143,2056.356076,1.485911,0.0,159,1126300,1126300,1.0,1436,1436,1.0,96000,0,1,S8|M1_BALANCED|44|B|L1|F2,true,false,false,/home/cyfer/FYP/WSN_simulation_V3/runs/S8_4000/outputs_production_50seed_part41_45/run_campaign_v3_S8_M1_BALANCED_B_L1_F2_H4_seed044_44_20260602_120443
campaign_v3_S8_M1_BALANCED_B_L1_F2_H4_seed045,campaign_v3_S8_M1_BALANCED_B_L1_F2_H4_seed045_45_20260602_120605,S8,4000,160,5,M1_BALANCED,45,B,L1,F2,H4,V3,map_S8_M1_BALANCED_seed045,66d124306039184ee815a886f2c5b077d9ce0f4f78d9af0d2f2d9aea8bf58bb9,31.836,62.608,187.789,358.982,25,43,0.3351,0.1265,60.0,34.63,94.63,154.63,160.0,100.0,7.347,0.0,1.0,0.643,0.658,0.149,2045.486914,1.488628,0.0,160,1126395,1126395,1.0,1436,1436,1.0,96000,0,1,S8|M1_BALANCED|45|B|L1|F2,true,false,false,/home/cyfer/FYP/WSN_simulation_V3/runs/S8_4000/outputs_production_50seed_part41_45/run_campaign_v3_S8_M1_BALANCED_B_L1_F2_H4_seed045_45_20260602_120605
campaign_v3_S8_M1_BALANCED_B_L1_F3_H0_seed041,campaign_v3_S8_M1_BALANCED_B_L1_F3_H0_seed041_41_20260602_120025,S8,4000,160,5,M1_BALANCED,41,B,L1,F3,H0,V2,map_S8_M1_BALANCED_seed041,68d20f4a20dae27e58437a6a0234e4cd38c27d53bc85499ff9d7ad1e9144bfc3,31.945,63.772,183.968,362.941,25,45,0.3044,0.1175,60.0,-1.0,-1.0,-1.0,-1.0,-1.0,0.0,0.0,0.0,0.0,0.0,0.0,2040.818541,1.489795,0.0,158,1123320,1123320,1.0,1432,1432,1.0,96120,1,0,S8|M1_BALANCED|41|B|L1|F3,false,false,true,/home/cyfer/FYP/WSN_simulation_V3/runs/S8_4000/outputs_production_50seed_part41_45/run_campaign_v3_S8_M1_BALANCED_B_L1_F3_H0_seed041_41_20260602_120025
campaign_v3_S8_M1_BALANCED_B_L1_F3_H0_seed042,campaign_v3_S8_M1_BALANCED_B_L1_F3_H0_seed042_42_20260602_120148,S8,4000,160,5,M1_BALANCED,42,B,L1,F3,H0,V2,map_S8_M1_BALANCED_seed042,49089386c52a5814fc7f4a1ba6efa21857f297d94e8de7d88a9e29caed97bde1,31.6,61.937,185.062,352.228,25,46,0.3327,0.1353,60.0,-1.0,-1.0,-1.0,-1.0,-1.0,0.0,0.0,0.0,0.0,0.0,0.0,2034.468935,1.491383,0.0,158,1125435,1125435,1.0,1432,1432,1.0,96075,1,0,S8|M1_BALANCED|42|B|L1|F3,false,false,true,/home/cyfer/FYP/WSN_simulation_V3/runs/S8_4000/outputs_production_50seed_part41_45/run_campaign_v3_S8_M1_BALANCED_B_L1_F3_H0_seed042_42_20260602_120148
campaign_v3_S8_M1_BALANCED_B_L1_F3_H0_seed043,campaign_v3_S8_M1_BALANCED_B_L1_F3_H0_seed043_43_20260602_120310,S8,4000,160,5,M1_BALANCED,43,B,L1,F3,H0,V2,map_S8_M1_BALANCED_seed043,3a6ba487e0cc7f72992fedce7ca348c90cfe195fd410db343348095e59687537,31.909,64.317,185.925,352.107,25,49,0.3446,0.1285,60.0,-1.0,-1.0,-1.0,-1.0,-1.0,0.0,0.0,0.0,0.0,0.0,0.0,2039.580722,1.490105,0.0,157,1122145,1122145,1.0,1432,1432,1.0,96145,1,0,S8|M1_BALANCED|43|B|L1|F3,false,false,true,/home/cyfer/FYP/WSN_simulation_V3/runs/S8_4000/outputs_production_50seed_part41_45/run_campaign_v3_S8_M1_BALANCED_B_L1_F3_H0_seed043_43_20260602_120310
campaign_v3_S8_M1_BALANCED_B_L1_F3_H0_seed044,campaign_v3_S8_M1_BALANCED_B_L1_F3_H0_seed044_44_20260602_120432,S8,4000,160,5,M1_BALANCED,44,B,L1,F3,H0,V2,map_S8_M1_BALANCED_seed044,407afd02a69ba6c1a3589498aa72c5336073339b2940d87e8c0b117e76a2e886,32.181,65.381,187.068,352.156,25,54,0.3321,0.1202,60.0,-1.0,-1.0,-1.0,-1.0,-1.0,0.0,0.0,0.0,0.0,0.0,0.0,2052.625087,1.486844,0.0,158,1125200,1125200,1.0,1432,1432,1.0,96080,1,0,S8|M1_BALANCED|44|B|L1|F3,false,false,true,/home/cyfer/FYP/WSN_simulation_V3/runs/S8_4000/outputs_production_50seed_part41_45/run_campaign_v3_S8_M1_BALANCED_B_L1_F3_H0_seed044_44_20260602_120432
campaign_v3_S8_M1_BALANCED_B_L1_F3_H0_seed045,campaign_v3_S8_M1_BALANCED_B_L1_F3_H0_seed045_45_20260602_120554,S8,4000,160,5,M1_BALANCED,45,B,L1,F3,H0,V2,map_S8_M1_BALANCED_seed045,66d124306039184ee815a886f2c5b077d9ce0f4f78d9af0d2f2d9aea8bf58bb9,31.836,62.608,187.789,358.982,25,43,0.3351,0.1265,60.0,-1.0,-1.0,-1.0,-1.0,-1.0,0.0,0.0,0.0,0.0,0.0,0.0,2036.042904,1.490989,0.0,159,1121675,1121675,1.0,1432,1432,1.0,96155,1,0,S8|M1_BALANCED|45|B|L1|F3,false,false,true,/home/cyfer/FYP/WSN_simulation_V3/runs/S8_4000/outputs_production_50seed_part41_45/run_campaign_v3_S8_M1_BALANCED_B_L1_F3_H0_seed045_45_20260602_120554
campaign_v3_S8_M1_BALANCED_B_L1_F3_H1_seed041,campaign_v3_S8_M1_BALANCED_B_L1_F3_H1_seed041_41_20260602_120037,S8,4000,160,5,M1_BALANCED,41,B,L1,F3,H1,V3,map_S8_M1_BALANCED_seed041,68d20f4a20dae27e58437a6a0234e4cd38c27d53bc85499ff9d7ad1e9144bfc3,31.945,63.772,183.968,362.941,25,45,0.3044,0.1175,60.0,27.983,87.983,147.983,150.0,90.0,6.749,0.0,1.0,0.545,0.57,0.135,2041.053097,1.489737,0.0,158,1123340,1123340,1.0,1437,1437,1.0,95404,0,1,S8|M1_BALANCED|41|B|L1|F3,true,false,false,/home/cyfer/FYP/WSN_simulation_V3/runs/S8_4000/outputs_production_50seed_part41_45/run_campaign_v3_S8_M1_BALANCED_B_L1_F3_H1_seed041_41_20260602_120037
campaign_v3_S8_M1_BALANCED_B_L1_F3_H1_seed042,campaign_v3_S8_M1_BALANCED_B_L1_F3_H1_seed042_42_20260602_120159,S8,4000,160,5,M1_BALANCED,42,B,L1,F3,H1,V3,map_S8_M1_BALANCED_seed042,49089386c52a5814fc7f4a1ba6efa21857f297d94e8de7d88a9e29caed97bde1,31.6,61.937,185.062,352.228,25,46,0.3327,0.1353,60.0,26.749,86.749,146.749,150.0,90.0,5.476,0.0,1.0,0.333,0.35,0.142,2034.641644,1.49134,0.0,158,1125455,1125455,1.0,1437,1437,1.0,95629,0,1,S8|M1_BALANCED|42|B|L1|F3,true,false,false,/home/cyfer/FYP/WSN_simulation_V3/runs/S8_4000/outputs_production_50seed_part41_45/run_campaign_v3_S8_M1_BALANCED_B_L1_F3_H1_seed042_42_20260602_120159
campaign_v3_S8_M1_BALANCED_B_L1_F3_H1_seed043,campaign_v3_S8_M1_BALANCED_B_L1_F3_H1_seed043_43_20260602_120322,S8,4000,160,5,M1_BALANCED,43,B,L1,F3,H1,V3,map_S8_M1_BALANCED_seed043,3a6ba487e0cc7f72992fedce7ca348c90cfe195fd410db343348095e59687537,31.909,64.317,185.925,352.107,25,49,0.3446,0.1285,60.0,29.048,89.048,149.048,150.0,90.0,7.326,0.0,1.0,0.604,0.674,0.164,2039.848707,1.490038,0.0,157,1122165,1122165,1.0,1437,1437,1.0,95279,0,1,S8|M1_BALANCED|43|B|L1|F3,true,false,false,/home/cyfer/FYP/WSN_simulation_V3/runs/S8_4000/outputs_production_50seed_part41_45/run_campaign_v3_S8_M1_BALANCED_B_L1_F3_H1_seed043_43_20260602_120322
campaign_v3_S8_M1_BALANCED_B_L1_F3_H1_seed044,campaign_v3_S8_M1_BALANCED_B_L1_F3_H1_seed044_44_20260602_120444,S8,4000,160,5,M1_BALANCED,44,B,L1,F3,H1,V3,map_S8_M1_BALANCED_seed044,407afd02a69ba6c1a3589498aa72c5336073339b2940d87e8c0b117e76a2e886,32.181,65.381,187.068,352.156,25,54,0.3321,0.1202,60.0,27.129,87.129,147.129,150.0,90.0,5.479,0.0,1.0,0.302,0.372,0.153,2052.802674,1.486799,0.0,158,1125220,1125220,1.0,1437,1437,1.0,95604,0,1,S8|M1_BALANCED|44|B|L1|F3,true,false,false,/home/cyfer/FYP/WSN_simulation_V3/runs/S8_4000/outputs_production_50seed_part41_45/run_campaign_v3_S8_M1_BALANCED_B_L1_F3_H1_seed044_44_20260602_120444
campaign_v3_S8_M1_BALANCED_B_L1_F3_H1_seed045,campaign_v3_S8_M1_BALANCED_B_L1_F3_H1_seed045_45_20260602_120606,S8,4000,160,5,M1_BALANCED,45,B,L1,F3,H1,V3,map_S8_M1_BALANCED_seed045,66d124306039184ee815a886f2c5b077d9ce0f4f78d9af0d2f2d9aea8bf58bb9,31.836,62.608,187.789,358.982,25,43,0.3351,0.1265,60.0,29.21,89.21,149.21,150.0,90.0,7.742,0.0,1.0,0.738,0.731,0.111,2036.306197,1.490923,0.0,159,1121695,1121695,1.0,1437,1437,1.0,95229,0,1,S8|M1_BALANCED|45|B|L1|F3,true,false,false,/home/cyfer/FYP/WSN_simulation_V3/runs/S8_4000/outputs_production_50seed_part41_45/run_campaign_v3_S8_M1_BALANCED_B_L1_F3_H1_seed045_45_20260602_120606
campaign_v3_S8_M1_BALANCED_B_L1_F3_H3_seed041,campaign_v3_S8_M1_BALANCED_B_L1_F3_H3_seed041_41_20260602_120038,S8,4000,160,5,M1_BALANCED,41,B,L1,F3,H3,V3,map_S8_M1_BALANCED_seed041,68d20f4a20dae27e58437a6a0234e4cd38c27d53bc85499ff9d7ad1e9144bfc3,31.945,63.772,183.968,362.941,25,45,0.3044,0.1175,60.0,33.869,93.869,153.869,160.0,100.0,6.749,0.0,1.0,0.545,0.57,0.135,2041.03533,1.489741,0.0,158,1123336,1123336,1.0,1436,1436,1.0,95404,0,1,S8|M1_BALANCED|41|B|L1|F3,true,false,false,/home/cyfer/FYP/WSN_simulation_V3/runs/S8_4000/outputs_production_50seed_part41_45/run_campaign_v3_S8_M1_BALANCED_B_L1_F3_H3_seed041_41_20260602_120038
campaign_v3_S8_M1_BALANCED_B_L1_F3_H3_seed042,campaign_v3_S8_M1_BALANCED_B_L1_F3_H3_seed042_42_20260602_120200,S8,4000,160,5,M1_BALANCED,42,B,L1,F3,H3,V3,map_S8_M1_BALANCED_seed042,49089386c52a5814fc7f4a1ba6efa21857f297d94e8de7d88a9e29caed97bde1,31.6,61.937,185.062,352.228,25,46,0.3327,0.1353,60.0,32.768,92.768,152.768,160.0,100.0,5.476,0.0,1.0,0.333,0.35,0.142,2034.621997,1.491345,0.0,158,1125451,1125451,1.0,1436,1436,1.0,95629,0,1,S8|M1_BALANCED|42|B|L1|F3,true,false,false,/home/cyfer/FYP/WSN_simulation_V3/runs/S8_4000/outputs_production_50seed_part41_45/run_campaign_v3_S8_M1_BALANCED_B_L1_F3_H3_seed042_42_20260602_120200
campaign_v3_S8_M1_BALANCED_B_L1_F3_H3_seed043,campaign_v3_S8_M1_BALANCED_B_L1_F3_H3_seed043_43_20260602_120322,S8,4000,160,5,M1_BALANCED,43,B,L1,F3,H3,V3,map_S8_M1_BALANCED_seed043,3a6ba487e0cc7f72992fedce7ca348c90cfe195fd410db343348095e59687537,31.909,64.317,185.925,352.107,25,49,0.3446,0.1285,60.0,34.425,94.425,154.425,160.0,100.0,7.326,0.0,1.0,0.604,0.674,0.164,2039.830142,1.490042,0.0,157,1122161,1122161,1.0,1436,1436,1.0,95279,0,1,S8|M1_BALANCED|43|B|L1|F3,true,false,false,/home/cyfer/FYP/WSN_simulation_V3/runs/S8_4000/outputs_production_50seed_part41_45/run_campaign_v3_S8_M1_BALANCED_B_L1_F3_H3_seed043_43_20260602_120322
campaign_v3_S8_M1_BALANCED_B_L1_F3_H3_seed044,campaign_v3_S8_M1_BALANCED_B_L1_F3_H3_seed044_44_20260602_120444,S8,4000,160,5,M1_BALANCED,44,B,L1,F3,H3,V3,map_S8_M1_BALANCED_seed044,407afd02a69ba6c1a3589498aa72c5336073339b2940d87e8c0b117e76a2e886,32.181,65.381,187.068,352.156,25,54,0.3321,0.1202,60.0,33.18,93.18,153.18,160.0,100.0,5.479,0.0,1.0,0.302,0.372,0.153,2052.788422,1.486803,0.0,158,1125216,1125216,1.0,1436,1436,1.0,95604,0,1,S8|M1_BALANCED|44|B|L1|F3,true,false,false,/home/cyfer/FYP/WSN_simulation_V3/runs/S8_4000/outputs_production_50seed_part41_45/run_campaign_v3_S8_M1_BALANCED_B_L1_F3_H3_seed044_44_20260602_120444
campaign_v3_S8_M1_BALANCED_B_L1_F3_H3_seed045,campaign_v3_S8_M1_BALANCED_B_L1_F3_H3_seed045_45_20260602_120607,S8,4000,160,5,M1_BALANCED,45,B,L1,F3,H3,V3,map_S8_M1_BALANCED_seed045,66d124306039184ee815a886f2c5b077d9ce0f4f78d9af0d2f2d9aea8bf58bb9,31.836,62.608,187.789,358.982,25,43,0.3351,0.1265,60.0,35.112,95.112,155.112,160.0,100.0,7.742,0.0,1.0,0.738,0.731,0.111,2036.287691,1.490928,0.0,159,1121691,1121691,1.0,1436,1436,1.0,95229,0,1,S8|M1_BALANCED|45|B|L1|F3,true,false,false,/home/cyfer/FYP/WSN_simulation_V3/runs/S8_4000/outputs_production_50seed_part41_45/run_campaign_v3_S8_M1_BALANCED_B_L1_F3_H3_seed045_45_20260602_120607
campaign_v3_S8_M1_BALANCED_B_L1_F3_H4_seed041,campaign_v3_S8_M1_BALANCED_B_L1_F3_H4_seed041_41_20260602_120039,S8,4000,160,5,M1_BALANCED,41,B,L1,F3,H4,V3,map_S8_M1_BALANCED_seed041,68d20f4a20dae27e58437a6a0234e4cd38c27d53bc85499ff9d7ad1e9144bfc3,31.945,63.772,183.968,362.941,25,45,0.3044,0.1175,60.0,38.657,98.657,158.657,160.0,100.0,6.749,0.0,1.0,0.545,0.57,0.135,2041.034826,1.489741,0.0,158,1123336,1123336,1.0,1436,1436,1.0,95404,0,1,S8|M1_BALANCED|41|B|L1|F3,true,false,false,/home/cyfer/FYP/WSN_simulation_V3/runs/S8_4000/outputs_production_50seed_part41_45/run_campaign_v3_S8_M1_BALANCED_B_L1_F3_H4_seed041_41_20260602_120039
campaign_v3_S8_M1_BALANCED_B_L1_F3_H4_seed042,campaign_v3_S8_M1_BALANCED_B_L1_F3_H4_seed042_42_20260602_120201,S8,4000,160,5,M1_BALANCED,42,B,L1,F3,H4,V3,map_S8_M1_BALANCED_seed042,49089386c52a5814fc7f4a1ba6efa21857f297d94e8de7d88a9e29caed97bde1,31.6,61.937,185.062,352.228,25,46,0.3327,0.1353,60.0,36.507,96.507,156.507,160.0,100.0,5.476,0.0,1.0,0.333,0.35,0.142,2034.624942,1.491344,0.0,158,1125451,1125451,1.0,1436,1436,1.0,95629,0,1,S8|M1_BALANCED|42|B|L1|F3,true,false,false,/home/cyfer/FYP/WSN_simulation_V3/runs/S8_4000/outputs_production_50seed_part41_45/run_campaign_v3_S8_M1_BALANCED_B_L1_F3_H4_seed042_42_20260602_120201
campaign_v3_S8_M1_BALANCED_B_L1_F3_H4_seed043,campaign_v3_S8_M1_BALANCED_B_L1_F3_H4_seed043_43_20260602_120323,S8,4000,160,5,M1_BALANCED,43,B,L1,F3,H4,V3,map_S8_M1_BALANCED_seed043,3a6ba487e0cc7f72992fedce7ca348c90cfe195fd410db343348095e59687537,31.909,64.317,185.925,352.107,25,49,0.3446,0.1285,60.0,38.582,98.582,158.582,160.0,100.0,7.326,0.0,1.0,0.604,0.674,0.164,2039.82975,1.490043,0.0,157,1122161,1122161,1.0,1436,1436,1.0,95279,0,1,S8|M1_BALANCED|43|B|L1|F3,true,false,false,/home/cyfer/FYP/WSN_simulation_V3/runs/S8_4000/outputs_production_50seed_part41_45/run_campaign_v3_S8_M1_BALANCED_B_L1_F3_H4_seed043_43_20260602_120323
campaign_v3_S8_M1_BALANCED_B_L1_F3_H4_seed044,campaign_v3_S8_M1_BALANCED_B_L1_F3_H4_seed044_44_20260602_120445,S8,4000,160,5,M1_BALANCED,44,B,L1,F3,H4,V3,map_S8_M1_BALANCED_seed044,407afd02a69ba6c1a3589498aa72c5336073339b2940d87e8c0b117e76a2e886,32.181,65.381,187.068,352.156,25,54,0.3321,0.1202,60.0,36.721,96.721,156.721,160.0,100.0,5.479,0.0,1.0,0.302,0.372,0.153,2052.786197,1.486803,0.0,158,1125216,1125216,1.0,1436,1436,1.0,95604,0,1,S8|M1_BALANCED|44|B|L1|F3,true,false,false,/home/cyfer/FYP/WSN_simulation_V3/runs/S8_4000/outputs_production_50seed_part41_45/run_campaign_v3_S8_M1_BALANCED_B_L1_F3_H4_seed044_44_20260602_120445
campaign_v3_S8_M1_BALANCED_B_L1_F3_H4_seed045,campaign_v3_S8_M1_BALANCED_B_L1_F3_H4_seed045_45_20260602_120608,S8,4000,160,5,M1_BALANCED,45,B,L1,F3,H4,V3,map_S8_M1_BALANCED_seed045,66d124306039184ee815a886f2c5b077d9ce0f4f78d9af0d2f2d9aea8bf58bb9,31.836,62.608,187.789,358.982,25,43,0.3351,0.1265,60.0,39.309,99.309,159.309,160.0,100.0,7.742,0.0,1.0,0.738,0.731,0.111,2036.290578,1.490927,0.0,159,1121691,1121691,1.0,1436,1436,1.0,95229,0,1,S8|M1_BALANCED|45|B|L1|F3,true,false,false,/home/cyfer/FYP/WSN_simulation_V3/runs/S8_4000/outputs_production_50seed_part41_45/run_campaign_v3_S8_M1_BALANCED_B_L1_F3_H4_seed045_45_20260602_120608
campaign_v3_S8_M1_BALANCED_B_L1_F4_H0_seed041,campaign_v3_S8_M1_BALANCED_B_L1_F4_H0_seed041_41_20260602_120026,S8,4000,160,5,M1_BALANCED,41,B,L1,F4,H0,V2,map_S8_M1_BALANCED_seed041,68d20f4a20dae27e58437a6a0234e4cd38c27d53bc85499ff9d7ad1e9144bfc3,31.945,63.772,183.968,362.941,25,45,0.3044,0.1175,60.0,-1.0,-1.0,-1.0,-1.0,-1.0,0.0,0.0,0.0,0.0,0.0,0.0,2043.189453,1.489203,0.0,158,1124260,1124260,1.0,1432,1432,1.0,96100,1,0,S8|M1_BALANCED|41|B|L1|F4,false,false,true,/home/cyfer/FYP/WSN_simulation_V3/runs/S8_4000/outputs_production_50seed_part41_45/run_campaign_v3_S8_M1_BALANCED_B_L1_F4_H0_seed041_41_20260602_120026
campaign_v3_S8_M1_BALANCED_B_L1_F4_H0_seed042,campaign_v3_S8_M1_BALANCED_B_L1_F4_H0_seed042_42_20260602_120148,S8,4000,160,5,M1_BALANCED,42,B,L1,F4,H0,V2,map_S8_M1_BALANCED_seed042,49089386c52a5814fc7f4a1ba6efa21857f297d94e8de7d88a9e29caed97bde1,31.6,61.937,185.062,352.228,25,46,0.3327,0.1353,60.0,-1.0,-1.0,-1.0,-1.0,-1.0,0.0,0.0,0.0,0.0,0.0,0.0,2034.199147,1.49145,0.0,158,1124730,1124730,1.0,1432,1432,1.0,96090,1,0,S8|M1_BALANCED|42|B|L1|F4,false,false,true,/home/cyfer/FYP/WSN_simulation_V3/runs/S8_4000/outputs_production_50seed_part41_45/run_campaign_v3_S8_M1_BALANCED_B_L1_F4_H0_seed042_42_20260602_120148
campaign_v3_S8_M1_BALANCED_B_L1_F4_H0_seed043,campaign_v3_S8_M1_BALANCED_B_L1_F4_H0_seed043_43_20260602_120311,S8,4000,160,5,M1_BALANCED,43,B,L1,F4,H0,V2,map_S8_M1_BALANCED_seed043,3a6ba487e0cc7f72992fedce7ca348c90cfe195fd410db343348095e59687537,31.909,64.317,185.925,352.107,25,49,0.3446,0.1285,60.0,-1.0,-1.0,-1.0,-1.0,-1.0,0.0,0.0,0.0,0.0,0.0,0.0,2037.231798,1.490692,0.0,158,1120970,1120970,1.0,1432,1432,1.0,96170,1,0,S8|M1_BALANCED|43|B|L1|F4,false,false,true,/home/cyfer/FYP/WSN_simulation_V3/runs/S8_4000/outputs_production_50seed_part41_45/run_campaign_v3_S8_M1_BALANCED_B_L1_F4_H0_seed043_43_20260602_120311
campaign_v3_S8_M1_BALANCED_B_L1_F4_H0_seed044,campaign_v3_S8_M1_BALANCED_B_L1_F4_H0_seed044_44_20260602_120433,S8,4000,160,5,M1_BALANCED,44,B,L1,F4,H0,V2,map_S8_M1_BALANCED_seed044,407afd02a69ba6c1a3589498aa72c5336073339b2940d87e8c0b117e76a2e886,32.181,65.381,187.068,352.156,25,54,0.3321,0.1202,60.0,-1.0,-1.0,-1.0,-1.0,-1.0,0.0,0.0,0.0,0.0,0.0,0.0,2056.192714,1.485952,0.0,159,1127550,1127550,1.0,1432,1432,1.0,96030,1,0,S8|M1_BALANCED|44|B|L1|F4,false,false,true,/home/cyfer/FYP/WSN_simulation_V3/runs/S8_4000/outputs_production_50seed_part41_45/run_campaign_v3_S8_M1_BALANCED_B_L1_F4_H0_seed044_44_20260602_120433
campaign_v3_S8_M1_BALANCED_B_L1_F4_H0_seed045,campaign_v3_S8_M1_BALANCED_B_L1_F4_H0_seed045_45_20260602_120555,S8,4000,160,5,M1_BALANCED,45,B,L1,F4,H0,V2,map_S8_M1_BALANCED_seed045,66d124306039184ee815a886f2c5b077d9ce0f4f78d9af0d2f2d9aea8bf58bb9,31.836,62.608,187.789,358.982,25,43,0.3351,0.1265,60.0,-1.0,-1.0,-1.0,-1.0,-1.0,0.0,0.0,0.0,0.0,0.0,0.0,2036.531301,1.490867,0.0,159,1121675,1121675,1.0,1432,1432,1.0,96155,1,0,S8|M1_BALANCED|45|B|L1|F4,false,false,true,/home/cyfer/FYP/WSN_simulation_V3/runs/S8_4000/outputs_production_50seed_part41_45/run_campaign_v3_S8_M1_BALANCED_B_L1_F4_H0_seed045_45_20260602_120555
campaign_v3_S8_M1_BALANCED_B_L1_F4_H1_seed041,campaign_v3_S8_M1_BALANCED_B_L1_F4_H1_seed041_41_20260602_120040,S8,4000,160,5,M1_BALANCED,41,B,L1,F4,H1,V3,map_S8_M1_BALANCED_seed041,68d20f4a20dae27e58437a6a0234e4cd38c27d53bc85499ff9d7ad1e9144bfc3,31.945,63.772,183.968,362.941,25,45,0.3044,0.1175,60.0,33.624,93.624,153.624,160.0,100.0,6.031,0.0,1.0,0.455,0.441,0.114,2044.47386,1.488882,0.0,158,1124796,1124796,1.0,1436,1436,1.0,95504,0,1,S8|M1_BALANCED|41|B|L1|F4,true,false,false,/home/cyfer/FYP/WSN_simulation_V3/runs/S8_4000/outputs_production_50seed_part41_45/run_campaign_v3_S8_M1_BALANCED_B_L1_F4_H1_seed041_41_20260602_120040
campaign_v3_S8_M1_BALANCED_B_L1_F4_H1_seed042,campaign_v3_S8_M1_BALANCED_B_L1_F4_H1_seed042_42_20260602_120202,S8,4000,160,5,M1_BALANCED,42,B,L1,F4,H1,V3,map_S8_M1_BALANCED_seed042,49089386c52a5814fc7f4a1ba6efa21857f297d94e8de7d88a9e29caed97bde1,31.6,61.937,185.062,352.228,25,46,0.3327,0.1353,60.0,33.584,93.584,153.584,160.0,100.0,5.694,0.0,1.0,0.4,0.399,0.099,2035.357381,1.491161,0.0,158,1125214,1125214,1.0,1436,1436,1.0,95554,0,1,S8|M1_BALANCED|42|B|L1|F4,true,false,false,/home/cyfer/FYP/WSN_simulation_V3/runs/S8_4000/outputs_production_50seed_part41_45/run_campaign_v3_S8_M1_BALANCED_B_L1_F4_H1_seed042_42_20260602_120202
campaign_v3_S8_M1_BALANCED_B_L1_F4_H1_seed043,campaign_v3_S8_M1_BALANCED_B_L1_F4_H1_seed043_43_20260602_120324,S8,4000,160,5,M1_BALANCED,43,B,L1,F4,H1,V3,map_S8_M1_BALANCED_seed043,3a6ba487e0cc7f72992fedce7ca348c90cfe195fd410db343348095e59687537,31.909,64.317,185.925,352.107,25,49,0.3446,0.1285,60.0,36.033,96.033,156.033,160.0,100.0,8.068,0.0,1.0,0.708,0.811,0.17,2039.445181,1.490139,0.0,158,1121768,1121768,1.0,1436,1436,1.0,95154,0,1,S8|M1_BALANCED|43|B|L1|F4,true,false,false,/home/cyfer/FYP/WSN_simulation_V3/runs/S8_4000/outputs_production_50seed_part41_45/run_campaign_v3_S8_M1_BALANCED_B_L1_F4_H1_seed043_43_20260602_120324
campaign_v3_S8_M1_BALANCED_B_L1_F4_H1_seed044,campaign_v3_S8_M1_BALANCED_B_L1_F4_H1_seed044_44_20260602_120446,S8,4000,160,5,M1_BALANCED,44,B,L1,F4,H1,V3,map_S8_M1_BALANCED_seed044,407afd02a69ba6c1a3589498aa72c5336073339b2940d87e8c0b117e76a2e886,32.181,65.381,187.068,352.156,25,54,0.3321,0.1202,60.0,32.243,92.243,152.243,160.0,100.0,4.338,0.0,1.0,0.113,0.139,0.194,2056.597604,1.485851,0.0,159,1127728,1127728,1.0,1436,1436,1.0,95854,0,1,S8|M1_BALANCED|44|B|L1|F4,true,false,false,/home/cyfer/FYP/WSN_simulation_V3/runs/S8_4000/outputs_production_50seed_part41_45/run_campaign_v3_S8_M1_BALANCED_B_L1_F4_H1_seed044_44_20260602_120446
campaign_v3_S8_M1_BALANCED_B_L1_F4_H1_seed045,campaign_v3_S8_M1_BALANCED_B_L1_F4_H1_seed045_45_20260602_120608,S8,4000,160,5,M1_BALANCED,45,B,L1,F4,H1,V3,map_S8_M1_BALANCED_seed045,66d124306039184ee815a886f2c5b077d9ce0f4f78d9af0d2f2d9aea8bf58bb9,31.836,62.608,187.789,358.982,25,43,0.3351,0.1265,60.0,35.605,95.605,155.605,160.0,100.0,7.874,0.0,1.0,0.738,0.72,0.167,2038.540456,1.490365,0.0,159,1122435,1122435,1.0,1436,1436,1.0,95229,0,1,S8|M1_BALANCED|45|B|L1|F4,true,false,false,/home/cyfer/FYP/WSN_simulation_V3/runs/S8_4000/outputs_production_50seed_part41_45/run_campaign_v3_S8_M1_BALANCED_B_L1_F4_H1_seed045_45_20260602_120608
campaign_v3_S8_M1_BALANCED_B_L1_F4_H3_seed041,campaign_v3_S8_M1_BALANCED_B_L1_F4_H3_seed041_41_20260602_120040,S8,4000,160,5,M1_BALANCED,41,B,L1,F4,H3,V3,map_S8_M1_BALANCED_seed041,68d20f4a20dae27e58437a6a0234e4cd38c27d53bc85499ff9d7ad1e9144bfc3,31.945,63.772,183.968,362.941,25,45,0.3044,0.1175,60.0,39.688,99.688,159.688,160.0,100.0,6.031,0.0,1.0,0.455,0.441,0.114,2043.802857,1.489049,0.0,158,1124476,1124476,1.0,1436,1436,1.0,95504,0,1,S8|M1_BALANCED|41|B|L1|F4,true,false,false,/home/cyfer/FYP/WSN_simulation_V3/runs/S8_4000/outputs_production_50seed_part41_45/run_campaign_v3_S8_M1_BALANCED_B_L1_F4_H3_seed041_41_20260602_120040
campaign_v3_S8_M1_BALANCED_B_L1_F4_H3_seed042,campaign_v3_S8_M1_BALANCED_B_L1_F4_H3_seed042_42_20260602_120203,S8,4000,160,5,M1_BALANCED,42,B,L1,F4,H3,V3,map_S8_M1_BALANCED_seed042,49089386c52a5814fc7f4a1ba6efa21857f297d94e8de7d88a9e29caed97bde1,31.6,61.937,185.062,352.228,25,46,0.3327,0.1353,60.0,39.129,99.129,159.129,160.0,100.0,5.694,0.0,1.0,0.4,0.399,0.099,2034.713721,1.491322,0.0,158,1124926,1124926,1.0,1436,1436,1.0,95554,0,1,S8|M1_BALANCED|42|B|L1|F4,true,false,false,/home/cyfer/FYP/WSN_simulation_V3/runs/S8_4000/outputs_production_50seed_part41_45/run_campaign_v3_S8_M1_BALANCED_B_L1_F4_H3_seed042_42_20260602_120203
campaign_v3_S8_M1_BALANCED_B_L1_F4_H3_seed043,campaign_v3_S8_M1_BALANCED_B_L1_F4_H3_seed043_43_20260602_120325,S8,4000,160,5,M1_BALANCED,43,B,L1,F4,H3,V3,map_S8_M1_BALANCED_seed043,3a6ba487e0cc7f72992fedce7ca348c90cfe195fd410db343348095e59687537,31.909,64.317,185.925,352.107,25,49,0.3446,0.1285,60.0,41.142,101.142,161.142,170.0,110.0,8.068,0.0,1.0,0.708,0.811,0.17,2038.281089,1.49043,0.0,158,1121292,1121292,1.0,1436,1436,1.0,95154,0,1,S8|M1_BALANCED|43|B|L1|F4,true,false,false,/home/cyfer/FYP/WSN_simulation_V3/runs/S8_4000/outputs_production_50seed_part41_45/run_campaign_v3_S8_M1_BALANCED_B_L1_F4_H3_seed043_43_20260602_120325
campaign_v3_S8_M1_BALANCED_B_L1_F4_H3_seed044,campaign_v3_S8_M1_BALANCED_B_L1_F4_H3_seed044_44_20260602_120447,S8,4000,160,5,M1_BALANCED,44,B,L1,F4,H3,V3,map_S8_M1_BALANCED_seed044,407afd02a69ba6c1a3589498aa72c5336073339b2940d87e8c0b117e76a2e886,32.181,65.381,187.068,352.156,25,54,0.3321,0.1202,60.0,37.708,97.708,157.708,160.0,100.0,4.338,0.0,1.0,0.113,0.139,0.194,2056.412851,1.485897,0.0,159,1127632,1127632,1.0,1436,1436,1.0,95854,0,1,S8|M1_BALANCED|44|B|L1|F4,true,false,false,/home/cyfer/FYP/WSN_simulation_V3/runs/S8_4000/outputs_production_50seed_part41_45/run_campaign_v3_S8_M1_BALANCED_B_L1_F4_H3_seed044_44_20260602_120447
campaign_v3_S8_M1_BALANCED_B_L1_F4_H3_seed045,campaign_v3_S8_M1_BALANCED_B_L1_F4_H3_seed045_45_20260602_120609,S8,4000,160,5,M1_BALANCED,45,B,L1,F4,H3,V3,map_S8_M1_BALANCED_seed045,66d124306039184ee815a886f2c5b077d9ce0f4f78d9af0d2f2d9aea8bf58bb9,31.836,62.608,187.789,358.982,25,43,0.3351,0.1265,60.0,41.006,101.006,161.006,170.0,110.0,7.874,0.0,1.0,0.738,0.72,0.167,2037.443053,1.490639,0.0,159,1121979,1121979,1.0,1436,1436,1.0,95229,0,1,S8|M1_BALANCED|45|B|L1|F4,true,false,false,/home/cyfer/FYP/WSN_simulation_V3/runs/S8_4000/outputs_production_50seed_part41_45/run_campaign_v3_S8_M1_BALANCED_B_L1_F4_H3_seed045_45_20260602_120609
campaign_v3_S8_M1_BALANCED_B_L1_F4_H4_seed041,campaign_v3_S8_M1_BALANCED_B_L1_F4_H4_seed041_41_20260602_120041,S8,4000,160,5,M1_BALANCED,41,B,L1,F4,H4,V3,map_S8_M1_BALANCED_seed041,68d20f4a20dae27e58437a6a0234e4cd38c27d53bc85499ff9d7ad1e9144bfc3,31.945,63.772,183.968,362.941,25,45,0.3044,0.1175,60.0,43.623,103.623,163.623,170.0,110.0,6.031,0.0,1.0,0.455,0.441,0.114,2039.039544,1.49024,0.0,158,1121075,1121075,1.0,1436,1436,1.0,94833,0,1,S8|M1_BALANCED|41|B|L1|F4,true,false,false,/home/cyfer/FYP/WSN_simulation_V3/runs/S8_4000/outputs_production_50seed_part41_45/run_campaign_v3_S8_M1_BALANCED_B_L1_F4_H4_seed041_41_20260602_120041
campaign_v3_S8_M1_BALANCED_B_L1_F4_H4_seed042,campaign_v3_S8_M1_BALANCED_B_L1_F4_H4_seed042_42_20260602_120203,S8,4000,160,5,M1_BALANCED,42,B,L1,F4,H4,V3,map_S8_M1_BALANCED_seed042,49089386c52a5814fc7f4a1ba6efa21857f297d94e8de7d88a9e29caed97bde1,31.6,61.937,185.062,352.228,25,46,0.3327,0.1353,60.0,43.69,103.69,163.69,170.0,110.0,5.694,0.0,1.0,0.4,0.399,0.099,2028.616813,1.492846,0.0,158,1120858,1120858,1.0,1436,1436,1.0,94758,0,1,S8|M1_BALANCED|42|B|L1|F4,true,false,false,/home/cyfer/FYP/WSN_simulation_V3/runs/S8_4000/outputs_production_50seed_part41_45/run_campaign_v3_S8_M1_BALANCED_B_L1_F4_H4_seed042_42_20260602_120203
campaign_v3_S8_M1_BALANCED_B_L1_F4_H4_seed043,campaign_v3_S8_M1_BALANCED_B_L1_F4_H4_seed043_43_20260602_120325,S8,4000,160,5,M1_BALANCED,43,B,L1,F4,H4,V3,map_S8_M1_BALANCED_seed043,3a6ba487e0cc7f72992fedce7ca348c90cfe195fd410db343348095e59687537,31.909,64.317,185.925,352.107,25,49,0.3446,0.1285,60.0,45.999,105.999,165.999,170.0,110.0,8.068,0.0,1.0,0.708,0.811,0.17,2034.357908,1.491411,0.0,158,1118769,1118769,1.0,1436,1436,1.0,94633,0,1,S8|M1_BALANCED|43|B|L1|F4,true,false,false,/home/cyfer/FYP/WSN_simulation_V3/runs/S8_4000/outputs_production_50seed_part41_45/run_campaign_v3_S8_M1_BALANCED_B_L1_F4_H4_seed043_43_20260602_120325
campaign_v3_S8_M1_BALANCED_B_L1_F4_H4_seed044,campaign_v3_S8_M1_BALANCED_B_L1_F4_H4_seed044_44_20260602_120447,S8,4000,160,5,M1_BALANCED,44,B,L1,F4,H4,V3,map_S8_M1_BALANCED_seed044,407afd02a69ba6c1a3589498aa72c5336073339b2940d87e8c0b117e76a2e886,32.181,65.381,187.068,352.156,25,54,0.3321,0.1202,60.0,42.331,102.331,162.331,170.0,110.0,4.338,0.0,1.0,0.113,0.139,0.194,2050.785745,1.487304,0.0,159,1123988,1123988,1.0,1436,1436,1.0,95158,0,1,S8|M1_BALANCED|44|B|L1|F4,true,false,false,/home/cyfer/FYP/WSN_simulation_V3/runs/S8_4000/outputs_production_50seed_part41_45/run_campaign_v3_S8_M1_BALANCED_B_L1_F4_H4_seed044_44_20260602_120447
campaign_v3_S8_M1_BALANCED_B_L1_F4_H4_seed045,campaign_v3_S8_M1_BALANCED_B_L1_F4_H4_seed045_45_20260602_120610,S8,4000,160,5,M1_BALANCED,45,B,L1,F4,H4,V3,map_S8_M1_BALANCED_seed045,66d124306039184ee815a886f2c5b077d9ce0f4f78d9af0d2f2d9aea8bf58bb9,31.836,62.608,187.789,358.982,25,43,0.3351,0.1265,60.0,45.594,105.594,165.594,170.0,110.0,7.874,0.0,1.0,0.738,0.72,0.167,2032.066774,1.491983,0.0,159,1118658,1118658,1.0,1436,1436,1.0,94558,0,1,S8|M1_BALANCED|45|B|L1|F4,true,false,false,/home/cyfer/FYP/WSN_simulation_V3/runs/S8_4000/outputs_production_50seed_part41_45/run_campaign_v3_S8_M1_BALANCED_B_L1_F4_H4_seed045_45_20260602_120610
campaign_v3_S8_M1_BALANCED_B_L2_F0_H0_seed041,campaign_v3_S8_M1_BALANCED_B_L2_F0_H0_seed041_41_20260602_120042,S8,4000,160,5,M1_BALANCED,41,B,L2,F0,H0,V1,map_S8_M1_BALANCED_seed041,68d20f4a20dae27e58437a6a0234e4cd38c27d53bc85499ff9d7ad1e9144bfc3,31.945,63.772,183.968,362.941,25,45,0.3044,0.1175,0.0,-1.0,-1.0,-1.0,-1.0,-1.0,0.0,0.0,0.0,0.0,0.0,0.0,3089.49034,1.227627,0.0,159,1128960,1128960,1.0,1440,1440,1.0,96000,0,0,S8|M1_BALANCED|41|B|L2|F0,false,true,false,/home/cyfer/FYP/WSN_simulation_V3/runs/S8_4000/outputs_production_50seed_part41_45/run_campaign_v3_S8_M1_BALANCED_B_L2_F0_H0_seed041_41_20260602_120042
campaign_v3_S8_M1_BALANCED_B_L2_F0_H0_seed042,campaign_v3_S8_M1_BALANCED_B_L2_F0_H0_seed042_42_20260602_120204,S8,4000,160,5,M1_BALANCED,42,B,L2,F0,H0,V1,map_S8_M1_BALANCED_seed042,49089386c52a5814fc7f4a1ba6efa21857f297d94e8de7d88a9e29caed97bde1,31.6,61.937,185.062,352.228,25,46,0.3327,0.1353,0.0,-1.0,-1.0,-1.0,-1.0,-1.0,0.0,0.0,0.0,0.0,0.0,0.0,3074.676622,1.231331,0.0,159,1128960,1128960,1.0,1440,1440,1.0,96000,0,0,S8|M1_BALANCED|42|B|L2|F0,false,true,false,/home/cyfer/FYP/WSN_simulation_V3/runs/S8_4000/outputs_production_50seed_part41_45/run_campaign_v3_S8_M1_BALANCED_B_L2_F0_H0_seed042_42_20260602_120204
campaign_v3_S8_M1_BALANCED_B_L2_F0_H0_seed043,campaign_v3_S8_M1_BALANCED_B_L2_F0_H0_seed043_43_20260602_120326,S8,4000,160,5,M1_BALANCED,43,B,L2,F0,H0,V1,map_S8_M1_BALANCED_seed043,3a6ba487e0cc7f72992fedce7ca348c90cfe195fd410db343348095e59687537,31.909,64.317,185.925,352.107,25,49,0.3446,0.1285,0.0,-1.0,-1.0,-1.0,-1.0,-1.0,0.0,0.0,0.0,0.0,0.0,0.0,3089.961098,1.22751,0.0,158,1128960,1128960,1.0,1440,1440,1.0,96000,0,0,S8|M1_BALANCED|43|B|L2|F0,false,true,false,/home/cyfer/FYP/WSN_simulation_V3/runs/S8_4000/outputs_production_50seed_part41_45/run_campaign_v3_S8_M1_BALANCED_B_L2_F0_H0_seed043_43_20260602_120326
campaign_v3_S8_M1_BALANCED_B_L2_F0_H0_seed044,campaign_v3_S8_M1_BALANCED_B_L2_F0_H0_seed044_44_20260602_120448,S8,4000,160,5,M1_BALANCED,44,B,L2,F0,H0,V1,map_S8_M1_BALANCED_seed044,407afd02a69ba6c1a3589498aa72c5336073339b2940d87e8c0b117e76a2e886,32.181,65.381,187.068,352.156,25,54,0.3321,0.1202,0.0,-1.0,-1.0,-1.0,-1.0,-1.0,0.0,0.0,0.0,0.0,0.0,0.0,3103.664893,1.224084,0.0,159,1128960,1128960,1.0,1440,1440,1.0,96000,0,0,S8|M1_BALANCED|44|B|L2|F0,false,true,false,/home/cyfer/FYP/WSN_simulation_V3/runs/S8_4000/outputs_production_50seed_part41_45/run_campaign_v3_S8_M1_BALANCED_B_L2_F0_H0_seed044_44_20260602_120448
campaign_v3_S8_M1_BALANCED_B_L2_F0_H0_seed045,campaign_v3_S8_M1_BALANCED_B_L2_F0_H0_seed045_45_20260602_120611,S8,4000,160,5,M1_BALANCED,45,B,L2,F0,H0,V1,map_S8_M1_BALANCED_seed045,66d124306039184ee815a886f2c5b077d9ce0f4f78d9af0d2f2d9aea8bf58bb9,31.836,62.608,187.789,358.982,25,43,0.3351,0.1265,0.0,-1.0,-1.0,-1.0,-1.0,-1.0,0.0,0.0,0.0,0.0,0.0,0.0,3085.178232,1.228705,0.0,160,1128960,1128960,1.0,1440,1440,1.0,96000,0,0,S8|M1_BALANCED|45|B|L2|F0,false,true,false,/home/cyfer/FYP/WSN_simulation_V3/runs/S8_4000/outputs_production_50seed_part41_45/run_campaign_v3_S8_M1_BALANCED_B_L2_F0_H0_seed045_45_20260602_120611
campaign_v3_S8_M1_BALANCED_B_L2_F1_H0_seed041,campaign_v3_S8_M1_BALANCED_B_L2_F1_H0_seed041_41_20260602_120043,S8,4000,160,5,M1_BALANCED,41,B,L2,F1,H0,V2,map_S8_M1_BALANCED_seed041,68d20f4a20dae27e58437a6a0234e4cd38c27d53bc85499ff9d7ad1e9144bfc3,31.945,63.772,183.968,362.941,25,45,0.3044,0.1175,60.0,-1.0,-1.0,-1.0,-1.0,-1.0,0.0,0.0,0.0,0.0,0.0,0.0,3078.524559,1.230089,0.0,159,1124260,1124260,1.0,1432,1432,1.0,96100,1,0,S8|M1_BALANCED|41|B|L2|F1,false,false,true,/home/cyfer/FYP/WSN_simulation_V3/runs/S8_4000/outputs_production_50seed_part41_45/run_campaign_v3_S8_M1_BALANCED_B_L2_F1_H0_seed041_41_20260602_120043
campaign_v3_S8_M1_BALANCED_B_L2_F1_H0_seed042,campaign_v3_S8_M1_BALANCED_B_L2_F1_H0_seed042_42_20260602_120205,S8,4000,160,5,M1_BALANCED,42,B,L2,F1,H0,V2,map_S8_M1_BALANCED_seed042,49089386c52a5814fc7f4a1ba6efa21857f297d94e8de7d88a9e29caed97bde1,31.6,61.937,185.062,352.228,25,46,0.3327,0.1353,60.0,-1.0,-1.0,-1.0,-1.0,-1.0,0.0,0.0,0.0,0.0,0.0,0.0,3064.506946,1.233573,0.0,159,1124730,1124730,1.0,1432,1432,1.0,96090,1,0,S8|M1_BALANCED|42|B|L2|F1,false,false,true,/home/cyfer/FYP/WSN_simulation_V3/runs/S8_4000/outputs_production_50seed_part41_45/run_campaign_v3_S8_M1_BALANCED_B_L2_F1_H0_seed042_42_20260602_120205
campaign_v3_S8_M1_BALANCED_B_L2_F1_H0_seed043,campaign_v3_S8_M1_BALANCED_B_L2_F1_H0_seed043_43_20260602_120327,S8,4000,160,5,M1_BALANCED,43,B,L2,F1,H0,V2,map_S8_M1_BALANCED_seed043,3a6ba487e0cc7f72992fedce7ca348c90cfe195fd410db343348095e59687537,31.909,64.317,185.925,352.107,25,49,0.3446,0.1285,60.0,-1.0,-1.0,-1.0,-1.0,-1.0,0.0,0.0,0.0,0.0,0.0,0.0,3069.241609,1.232595,0.0,158,1120970,1120970,1.0,1432,1432,1.0,96170,1,0,S8|M1_BALANCED|43|B|L2|F1,false,false,true,/home/cyfer/FYP/WSN_simulation_V3/runs/S8_4000/outputs_production_50seed_part41_45/run_campaign_v3_S8_M1_BALANCED_B_L2_F1_H0_seed043_43_20260602_120327
campaign_v3_S8_M1_BALANCED_B_L2_F1_H0_seed044,campaign_v3_S8_M1_BALANCED_B_L2_F1_H0_seed044_44_20260602_120449,S8,4000,160,5,M1_BALANCED,44,B,L2,F1,H0,V2,map_S8_M1_BALANCED_seed044,407afd02a69ba6c1a3589498aa72c5336073339b2940d87e8c0b117e76a2e886,32.181,65.381,187.068,352.156,25,54,0.3321,0.1202,60.0,-1.0,-1.0,-1.0,-1.0,-1.0,0.0,0.0,0.0,0.0,0.0,0.0,3099.290889,1.224747,0.0,160,1127550,1127550,1.0,1432,1432,1.0,96030,1,0,S8|M1_BALANCED|44|B|L2|F1,false,false,true,/home/cyfer/FYP/WSN_simulation_V3/runs/S8_4000/outputs_production_50seed_part41_45/run_campaign_v3_S8_M1_BALANCED_B_L2_F1_H0_seed044_44_20260602_120449
campaign_v3_S8_M1_BALANCED_B_L2_F1_H0_seed045,campaign_v3_S8_M1_BALANCED_B_L2_F1_H0_seed045_45_20260602_120611,S8,4000,160,5,M1_BALANCED,45,B,L2,F1,H0,V2,map_S8_M1_BALANCED_seed045,66d124306039184ee815a886f2c5b077d9ce0f4f78d9af0d2f2d9aea8bf58bb9,31.836,62.608,187.789,358.982,25,43,0.3351,0.1265,60.0,-1.0,-1.0,-1.0,-1.0,-1.0,0.0,0.0,0.0,0.0,0.0,0.0,3067.327185,1.233028,0.0,160,1121675,1121675,1.0,1432,1432,1.0,96155,1,0,S8|M1_BALANCED|45|B|L2|F1,false,false,true,/home/cyfer/FYP/WSN_simulation_V3/runs/S8_4000/outputs_production_50seed_part41_45/run_campaign_v3_S8_M1_BALANCED_B_L2_F1_H0_seed045_45_20260602_120611
campaign_v3_S8_M1_BALANCED_B_L2_F1_H1_seed041,campaign_v3_S8_M1_BALANCED_B_L2_F1_H1_seed041_41_20260602_120048,S8,4000,160,5,M1_BALANCED,41,B,L2,F1,H1,V3,map_S8_M1_BALANCED_seed041,68d20f4a20dae27e58437a6a0234e4cd38c27d53bc85499ff9d7ad1e9144bfc3,31.945,63.772,183.968,362.941,25,45,0.3044,0.1175,60.0,17.12,77.12,137.12,140.0,80.0,7.707,0.0,1.0,0.455,1.0,0.114,3086.729078,1.228038,0.0,160,1127400,1127400,1.0,1437,1437,1.0,96000,0,1,S8|M1_BALANCED|41|B|L2|F1,true,false,false,/home/cyfer/FYP/WSN_simulation_V3/runs/S8_4000/outputs_production_50seed_part41_45/run_campaign_v3_S8_M1_BALANCED_B_L2_F1_H1_seed041_41_20260602_120048
campaign_v3_S8_M1_BALANCED_B_L2_F1_H1_seed042,campaign_v3_S8_M1_BALANCED_B_L2_F1_H1_seed042_42_20260602_120210,S8,4000,160,5,M1_BALANCED,42,B,L2,F1,H1,V3,map_S8_M1_BALANCED_seed042,49089386c52a5814fc7f4a1ba6efa21857f297d94e8de7d88a9e29caed97bde1,31.6,61.937,185.062,352.228,25,46,0.3327,0.1353,60.0,17.27,77.27,137.27,140.0,80.0,7.497,0.0,1.0,0.4,1.0,0.099,3072.028967,1.231692,0.0,160,1127556,1127556,1.0,1437,1437,1.0,96000,0,1,S8|M1_BALANCED|42|B|L2|F1,true,false,false,/home/cyfer/FYP/WSN_simulation_V3/runs/S8_4000/outputs_production_50seed_part41_45/run_campaign_v3_S8_M1_BALANCED_B_L2_F1_H1_seed042_42_20260602_120210
campaign_v3_S8_M1_BALANCED_B_L2_F1_H1_seed043,campaign_v3_S8_M1_BALANCED_B_L2_F1_H1_seed043_43_20260602_120332,S8,4000,160,5,M1_BALANCED,43,B,L2,F1,H1,V3,map_S8_M1_BALANCED_seed043,3a6ba487e0cc7f72992fedce7ca348c90cfe195fd410db343348095e59687537,31.909,64.317,185.925,352.107,25,49,0.3446,0.1285,60.0,18.62,78.62,138.62,140.0,80.0,8.635,0.0,1.0,0.708,1.0,0.17,3084.377196,1.228811,0.0,159,1126274,1126274,1.0,1437,1437,1.0,96000,0,1,S8|M1_BALANCED|43|B|L2|F1,true,false,false,/home/cyfer/FYP/WSN_simulation_V3/runs/S8_4000/outputs_production_50seed_part41_45/run_campaign_v3_S8_M1_BALANCED_B_L2_F1_H1_seed043_43_20260602_120332
campaign_v3_S8_M1_BALANCED_B_L2_F1_H1_seed044,campaign_v3_S8_M1_BALANCED_B_L2_F1_H1_seed044_44_20260602_120454,S8,4000,160,5,M1_BALANCED,44,B,L2,F1,H1,V3,map_S8_M1_BALANCED_seed044,407afd02a69ba6c1a3589498aa72c5336073339b2940d87e8c0b117e76a2e886,32.181,65.381,187.068,352.156,25,54,0.3321,0.1202,60.0,16.806,76.806,136.806,140.0,80.0,6.921,0.0,1.0,0.113,1.0,0.194,3101.727634,1.224138,0.0,160,1128498,1128498,1.0,1437,1437,1.0,96000,0,1,S8|M1_BALANCED|44|B|L2|F1,true,false,false,/home/cyfer/FYP/WSN_simulation_V3/runs/S8_4000/outputs_production_50seed_part41_45/run_campaign_v3_S8_M1_BALANCED_B_L2_F1_H1_seed044_44_20260602_120454
campaign_v3_S8_M1_BALANCED_B_L2_F1_H1_seed045,campaign_v3_S8_M1_BALANCED_B_L2_F1_H1_seed045_45_20260602_120616,S8,4000,160,5,M1_BALANCED,45,B,L2,F1,H1,V3,map_S8_M1_BALANCED_seed045,66d124306039184ee815a886f2c5b077d9ce0f4f78d9af0d2f2d9aea8bf58bb9,31.836,62.608,187.789,358.982,25,43,0.3351,0.1265,60.0,18.227,78.227,138.227,140.0,80.0,8.715,0.0,1.0,0.738,1.0,0.167,3080.488487,1.229738,0.0,161,1126511,1126511,1.0,1437,1437,1.0,96000,0,1,S8|M1_BALANCED|45|B|L2|F1,true,false,false,/home/cyfer/FYP/WSN_simulation_V3/runs/S8_4000/outputs_production_50seed_part41_45/run_campaign_v3_S8_M1_BALANCED_B_L2_F1_H1_seed045_45_20260602_120616
campaign_v3_S8_M1_BALANCED_B_L2_F1_H3_seed041,campaign_v3_S8_M1_BALANCED_B_L2_F1_H3_seed041_41_20260602_120050,S8,4000,160,5,M1_BALANCED,41,B,L2,F1,H3,V3,map_S8_M1_BALANCED_seed041,68d20f4a20dae27e58437a6a0234e4cd38c27d53bc85499ff9d7ad1e9144bfc3,31.945,63.772,183.968,362.941,25,45,0.3044,0.1175,60.0,23.132,83.132,143.132,150.0,90.0,7.707,0.0,1.0,0.455,1.0,0.114,3083.116535,1.228941,0.0,159,1125770,1125770,1.0,1437,1437,1.0,95750,0,1,S8|M1_BALANCED|41|B|L2|F1,true,false,false,/home/cyfer/FYP/WSN_simulation_V3/runs/S8_4000/outputs_production_50seed_part41_45/run_campaign_v3_S8_M1_BALANCED_B_L2_F1_H3_seed041_41_20260602_120050
campaign_v3_S8_M1_BALANCED_B_L2_F1_H3_seed042,campaign_v3_S8_M1_BALANCED_B_L2_F1_H3_seed042_42_20260602_120212,S8,4000,160,5,M1_BALANCED,42,B,L2,F1,H3,V3,map_S8_M1_BALANCED_seed042,49089386c52a5814fc7f4a1ba6efa21857f297d94e8de7d88a9e29caed97bde1,31.6,61.937,185.062,352.228,25,46,0.3327,0.1353,60.0,23.468,83.468,143.468,150.0,90.0,7.497,0.0,1.0,0.4,1.0,0.099,3068.224242,1.232644,0.0,159,1126089,1126089,1.0,1437,1437,1.0,95775,0,1,S8|M1_BALANCED|42|B|L2|F1,true,false,false,/home/cyfer/FYP/WSN_simulation_V3/runs/S8_4000/outputs_production_50seed_part41_45/run_campaign_v3_S8_M1_BALANCED_B_L2_F1_H3_seed042_42_20260602_120212
campaign_v3_S8_M1_BALANCED_B_L2_F1_H3_seed043,campaign_v3_S8_M1_BALANCED_B_L2_F1_H3_seed043_43_20260602_120335,S8,4000,160,5,M1_BALANCED,43,B,L2,F1,H3,V3,map_S8_M1_BALANCED_seed043,3a6ba487e0cc7f72992fedce7ca348c90cfe195fd410db343348095e59687537,31.909,64.317,185.925,352.107,25,49,0.3446,0.1285,60.0,23.996,83.996,143.996,150.0,90.0,8.635,0.0,1.0,0.708,1.0,0.17,3077.589339,1.230508,0.0,159,1123537,1123537,1.0,1437,1437,1.0,95575,0,1,S8|M1_BALANCED|43|B|L2|F1,true,false,false,/home/cyfer/FYP/WSN_simulation_V3/runs/S8_4000/outputs_production_50seed_part41_45/run_campaign_v3_S8_M1_BALANCED_B_L2_F1_H3_seed043_43_20260602_120335
campaign_v3_S8_M1_BALANCED_B_L2_F1_H3_seed044,campaign_v3_S8_M1_BALANCED_B_L2_F1_H3_seed044_44_20260602_120456,S8,4000,160,5,M1_BALANCED,44,B,L2,F1,H3,V3,map_S8_M1_BALANCED_seed044,407afd02a69ba6c1a3589498aa72c5336073339b2940d87e8c0b117e76a2e886,32.181,65.381,187.068,352.156,25,54,0.3321,0.1202,60.0,22.442,82.442,142.442,150.0,90.0,6.921,0.0,1.0,0.113,1.0,0.194,3100.456321,1.224455,0.0,160,1128006,1128006,1.0,1437,1437,1.0,95925,0,1,S8|M1_BALANCED|44|B|L2|F1,true,false,false,/home/cyfer/FYP/WSN_simulation_V3/runs/S8_4000/outputs_production_50seed_part41_45/run_campaign_v3_S8_M1_BALANCED_B_L2_F1_H3_seed044_44_20260602_120456
campaign_v3_S8_M1_BALANCED_B_L2_F1_H3_seed045,campaign_v3_S8_M1_BALANCED_B_L2_F1_H3_seed045_45_20260602_120619,S8,4000,160,5,M1_BALANCED,45,B,L2,F1,H3,V3,map_S8_M1_BALANCED_seed045,66d124306039184ee815a886f2c5b077d9ce0f4f78d9af0d2f2d9aea8bf58bb9,31.836,62.608,187.789,358.982,25,43,0.3351,0.1265,60.0,24.114,84.114,144.114,150.0,90.0,8.715,0.0,1.0,0.738,1.0,0.167,3074.469406,1.231242,0.0,161,1124075,1124075,1.0,1437,1437,1.0,95625,0,1,S8|M1_BALANCED|45|B|L2|F1,true,false,false,/home/cyfer/FYP/WSN_simulation_V3/runs/S8_4000/outputs_production_50seed_part41_45/run_campaign_v3_S8_M1_BALANCED_B_L2_F1_H3_seed045_45_20260602_120619
campaign_v3_S8_M1_BALANCED_B_L2_F1_H4_seed041,campaign_v3_S8_M1_BALANCED_B_L2_F1_H4_seed041_41_20260602_120053,S8,4000,160,5,M1_BALANCED,41,B,L2,F1,H4,V3,map_S8_M1_BALANCED_seed041,68d20f4a20dae27e58437a6a0234e4cd38c27d53bc85499ff9d7ad1e9144bfc3,31.945,63.772,183.968,362.941,25,45,0.3044,0.1175,60.0,27.253,87.253,147.253,150.0,90.0,7.707,0.0,1.0,0.455,1.0,0.114,3077.341625,1.230385,0.0,160,1123251,1123251,1.0,1437,1437,1.0,95329,0,1,S8|M1_BALANCED|41|B|L2|F1,true,false,false,/home/cyfer/FYP/WSN_simulation_V3/runs/S8_4000/outputs_production_50seed_part41_45/run_campaign_v3_S8_M1_BALANCED_B_L2_F1_H4_seed041_41_20260602_120053
campaign_v3_S8_M1_BALANCED_B_L2_F1_H4_seed042,campaign_v3_S8_M1_BALANCED_B_L2_F1_H4_seed042_42_20260602_120215,S8,4000,160,5,M1_BALANCED,42,B,L2,F1,H4,V3,map_S8_M1_BALANCED_seed042,49089386c52a5814fc7f4a1ba6efa21857f297d94e8de7d88a9e29caed97bde1,31.6,61.937,185.062,352.228,25,46,0.3327,0.1353,60.0,27.011,87.011,147.011,150.0,90.0,7.497,0.0,1.0,0.4,1.0,0.099,3060.260589,1.234634,0.0,160,1122692,1122692,1.0,1437,1437,1.0,95204,0,1,S8|M1_BALANCED|42|B|L2|F1,true,false,false,/home/cyfer/FYP/WSN_simulation_V3/runs/S8_4000/outputs_production_50seed_part41_45/run_campaign_v3_S8_M1_BALANCED_B_L2_F1_H4_seed042_42_20260602_120215
campaign_v3_S8_M1_BALANCED_B_L2_F1_H4_seed043,campaign_v3_S8_M1_BALANCED_B_L2_F1_H4_seed043_43_20260602_120337,S8,4000,160,5,M1_BALANCED,43,B,L2,F1,H4,V3,map_S8_M1_BALANCED_seed043,3a6ba487e0cc7f72992fedce7ca348c90cfe195fd410db343348095e59687537,31.909,64.317,185.925,352.107,25,49,0.3446,0.1285,60.0,28.212,88.212,148.212,150.0,90.0,8.635,0.0,1.0,0.708,1.0,0.17,3075.698772,1.230981,0.0,159,1122888,1122888,1.0,1437,1437,1.0,95479,0,1,S8|M1_BALANCED|43|B|L2|F1,true,false,false,/home/cyfer/FYP/WSN_simulation_V3/runs/S8_4000/outputs_production_50seed_part41_45/run_campaign_v3_S8_M1_BALANCED_B_L2_F1_H4_seed043_43_20260602_120337
campaign_v3_S8_M1_BALANCED_B_L2_F1_H4_seed044,campaign_v3_S8_M1_BALANCED_B_L2_F1_H4_seed044_44_20260602_120459,S8,4000,160,5,M1_BALANCED,44,B,L2,F1,H4,V3,map_S8_M1_BALANCED_seed044,407afd02a69ba6c1a3589498aa72c5336073339b2940d87e8c0b117e76a2e886,32.181,65.381,187.068,352.156,25,54,0.3321,0.1202,60.0,26.575,86.575,146.575,150.0,90.0,6.921,0.0,1.0,0.113,1.0,0.194,3091.356114,1.22673,0.0,160,1124314,1124314,1.0,1437,1437,1.0,95304,0,1,S8|M1_BALANCED|44|B|L2|F1,true,false,false,/home/cyfer/FYP/WSN_simulation_V3/runs/S8_4000/outputs_production_50seed_part41_45/run_campaign_v3_S8_M1_BALANCED_B_L2_F1_H4_seed044_44_20260602_120459
campaign_v3_S8_M1_BALANCED_B_L2_F1_H4_seed045,campaign_v3_S8_M1_BALANCED_B_L2_F1_H4_seed045_45_20260602_120621,S8,4000,160,5,M1_BALANCED,45,B,L2,F1,H4,V3,map_S8_M1_BALANCED_seed045,66d124306039184ee815a886f2c5b077d9ce0f4f78d9af0d2f2d9aea8bf58bb9,31.836,62.608,187.789,358.982,25,43,0.3351,0.1265,60.0,28.032,88.032,148.032,150.0,90.0,8.715,0.0,1.0,0.738,1.0,0.167,3069.375533,1.232516,0.0,161,1122279,1122279,1.0,1437,1437,1.0,95329,0,1,S8|M1_BALANCED|45|B|L2|F1,true,false,false,/home/cyfer/FYP/WSN_simulation_V3/runs/S8_4000/outputs_production_50seed_part41_45/run_campaign_v3_S8_M1_BALANCED_B_L2_F1_H4_seed045_45_20260602_120621
campaign_v3_S8_M1_BALANCED_B_L2_F2_H0_seed041,campaign_v3_S8_M1_BALANCED_B_L2_F2_H0_seed041_41_20260602_120045,S8,4000,160,5,M1_BALANCED,41,B,L2,F2,H0,V2,map_S8_M1_BALANCED_seed041,68d20f4a20dae27e58437a6a0234e4cd38c27d53bc85499ff9d7ad1e9144bfc3,31.945,63.772,183.968,362.941,25,45,0.3044,0.1175,60.0,-1.0,-1.0,-1.0,-1.0,-1.0,0.0,0.0,0.0,0.0,0.0,0.0,3074.289462,1.231428,0.0,158,1122615,1122615,1.0,1432,1432,1.0,96135,1,0,S8|M1_BALANCED|41|B|L2|F2,false,false,true,/home/cyfer/FYP/WSN_simulation_V3/runs/S8_4000/outputs_production_50seed_part41_45/run_campaign_v3_S8_M1_BALANCED_B_L2_F2_H0_seed041_41_20260602_120045
campaign_v3_S8_M1_BALANCED_B_L2_F2_H0_seed042,campaign_v3_S8_M1_BALANCED_B_L2_F2_H0_seed042_42_20260602_120207,S8,4000,160,5,M1_BALANCED,42,B,L2,F2,H0,V2,map_S8_M1_BALANCED_seed042,49089386c52a5814fc7f4a1ba6efa21857f297d94e8de7d88a9e29caed97bde1,31.6,61.937,185.062,352.228,25,46,0.3327,0.1353,60.0,-1.0,-1.0,-1.0,-1.0,-1.0,0.0,0.0,0.0,0.0,0.0,0.0,3055.85617,1.236036,0.0,158,1121440,1121440,1.0,1432,1432,1.0,96160,1,0,S8|M1_BALANCED|42|B|L2|F2,false,false,true,/home/cyfer/FYP/WSN_simulation_V3/runs/S8_4000/outputs_production_50seed_part41_45/run_campaign_v3_S8_M1_BALANCED_B_L2_F2_H0_seed042_42_20260602_120207
campaign_v3_S8_M1_BALANCED_B_L2_F2_H0_seed043,campaign_v3_S8_M1_BALANCED_B_L2_F2_H0_seed043_43_20260602_120330,S8,4000,160,5,M1_BALANCED,43,B,L2,F2,H0,V2,map_S8_M1_BALANCED_seed043,3a6ba487e0cc7f72992fedce7ca348c90cfe195fd410db343348095e59687537,31.909,64.317,185.925,352.107,25,49,0.3446,0.1285,60.0,-1.0,-1.0,-1.0,-1.0,-1.0,0.0,0.0,0.0,0.0,0.0,0.0,3076.290488,1.230927,0.0,157,1124025,1124025,1.0,1432,1432,1.0,96105,1,0,S8|M1_BALANCED|43|B|L2|F2,false,false,true,/home/cyfer/FYP/WSN_simulation_V3/runs/S8_4000/outputs_production_50seed_part41_45/run_campaign_v3_S8_M1_BALANCED_B_L2_F2_H0_seed043_43_20260602_120330
campaign_v3_S8_M1_BALANCED_B_L2_F2_H0_seed044,campaign_v3_S8_M1_BALANCED_B_L2_F2_H0_seed044_44_20260602_120451,S8,4000,160,5,M1_BALANCED,44,B,L2,F2,H0,V2,map_S8_M1_BALANCED_seed044,407afd02a69ba6c1a3589498aa72c5336073339b2940d87e8c0b117e76a2e886,32.181,65.381,187.068,352.156,25,54,0.3321,0.1202,60.0,-1.0,-1.0,-1.0,-1.0,-1.0,0.0,0.0,0.0,0.0,0.0,0.0,3086.690573,1.228327,0.0,158,1122380,1122380,1.0,1432,1432,1.0,96140,1,0,S8|M1_BALANCED|44|B|L2|F2,false,false,true,/home/cyfer/FYP/WSN_simulation_V3/runs/S8_4000/outputs_production_50seed_part41_45/run_campaign_v3_S8_M1_BALANCED_B_L2_F2_H0_seed044_44_20260602_120451
campaign_v3_S8_M1_BALANCED_B_L2_F2_H0_seed045,campaign_v3_S8_M1_BALANCED_B_L2_F2_H0_seed045_45_20260602_120614,S8,4000,160,5,M1_BALANCED,45,B,L2,F2,H0,V2,map_S8_M1_BALANCED_seed045,66d124306039184ee815a886f2c5b077d9ce0f4f78d9af0d2f2d9aea8bf58bb9,31.836,62.608,187.789,358.982,25,43,0.3351,0.1265,60.0,-1.0,-1.0,-1.0,-1.0,-1.0,0.0,0.0,0.0,0.0,0.0,0.0,3067.676053,1.233081,0.0,159,1122615,1122615,1.0,1432,1432,1.0,96135,1,0,S8|M1_BALANCED|45|B|L2|F2,false,false,true,/home/cyfer/FYP/WSN_simulation_V3/runs/S8_4000/outputs_production_50seed_part41_45/run_campaign_v3_S8_M1_BALANCED_B_L2_F2_H0_seed045_45_20260602_120614
campaign_v3_S8_M1_BALANCED_B_L2_F2_H1_seed041,campaign_v3_S8_M1_BALANCED_B_L2_F2_H1_seed041_41_20260602_120056,S8,4000,160,5,M1_BALANCED,41,B,L2,F2,H1,V3,map_S8_M1_BALANCED_seed041,68d20f4a20dae27e58437a6a0234e4cd38c27d53bc85499ff9d7ad1e9144bfc3,31.945,63.772,183.968,362.941,25,45,0.3044,0.1175,60.0,24.097,84.097,144.097,150.0,90.0,7.064,0.0,1.0,0.614,0.617,0.124,3085.336388,1.228666,0.0,159,1126665,1126665,1.0,1437,1437,1.0,96000,0,1,S8|M1_BALANCED|41|B|L2|F2,true,false,false,/home/cyfer/FYP/WSN_simulation_V3/runs/S8_4000/outputs_production_50seed_part41_45/run_campaign_v3_S8_M1_BALANCED_B_L2_F2_H1_seed041_41_20260602_120056
campaign_v3_S8_M1_BALANCED_B_L2_F2_H1_seed042,campaign_v3_S8_M1_BALANCED_B_L2_F2_H1_seed042_42_20260602_120218,S8,4000,160,5,M1_BALANCED,42,B,L2,F2,H1,V3,map_S8_M1_BALANCED_seed042,49089386c52a5814fc7f4a1ba6efa21857f297d94e8de7d88a9e29caed97bde1,31.6,61.937,185.062,352.228,25,46,0.3327,0.1353,60.0,25.332,85.332,145.332,150.0,90.0,7.61,0.0,1.0,0.711,0.75,0.076,3069.516779,1.232621,0.0,159,1126208,1126208,1.0,1437,1437,1.0,96000,0,1,S8|M1_BALANCED|42|B|L2|F2,true,false,false,/home/cyfer/FYP/WSN_simulation_V3/runs/S8_4000/outputs_production_50seed_part41_45/run_campaign_v3_S8_M1_BALANCED_B_L2_F2_H1_seed042_42_20260602_120218
campaign_v3_S8_M1_BALANCED_B_L2_F2_H1_seed043,campaign_v3_S8_M1_BALANCED_B_L2_F2_H1_seed043_43_20260602_120340,S8,4000,160,5,M1_BALANCED,43,B,L2,F2,H1,V3,map_S8_M1_BALANCED_seed043,3a6ba487e0cc7f72992fedce7ca348c90cfe195fd410db343348095e59687537,31.909,64.317,185.925,352.107,25,49,0.3446,0.1285,60.0,23.811,83.811,143.811,150.0,90.0,6.45,0.0,1.0,0.438,0.507,0.206,3086.349449,1.228413,0.0,158,1127196,1127196,1.0,1437,1437,1.0,96000,0,1,S8|M1_BALANCED|43|B|L2|F2,true,false,false,/home/cyfer/FYP/WSN_simulation_V3/runs/S8_4000/outputs_production_50seed_part41_45/run_campaign_v3_S8_M1_BALANCED_B_L2_F2_H1_seed043_43_20260602_120340
campaign_v3_S8_M1_BALANCED_B_L2_F2_H1_seed044,campaign_v3_S8_M1_BALANCED_B_L2_F2_H1_seed044_44_20260602_120502,S8,4000,160,5,M1_BALANCED,44,B,L2,F2,H1,V3,map_S8_M1_BALANCED_seed044,407afd02a69ba6c1a3589498aa72c5336073339b2940d87e8c0b117e76a2e886,32.181,65.381,187.068,352.156,25,54,0.3321,0.1202,60.0,24.555,84.555,144.555,150.0,90.0,7.002,0.0,1.0,0.528,0.662,0.143,3098.650879,1.225337,0.0,159,1126580,1126580,1.0,1437,1437,1.0,96000,0,1,S8|M1_BALANCED|44|B|L2|F2,true,false,false,/home/cyfer/FYP/WSN_simulation_V3/runs/S8_4000/outputs_production_50seed_part41_45/run_campaign_v3_S8_M1_BALANCED_B_L2_F2_H1_seed044_44_20260602_120502
campaign_v3_S8_M1_BALANCED_B_L2_F2_H1_seed045,campaign_v3_S8_M1_BALANCED_B_L2_F2_H1_seed045_45_20260602_120624,S8,4000,160,5,M1_BALANCED,45,B,L2,F2,H1,V3,map_S8_M1_BALANCED_seed045,66d124306039184ee815a886f2c5b077d9ce0f4f78d9af0d2f2d9aea8bf58bb9,31.836,62.608,187.789,358.982,25,43,0.3351,0.1265,60.0,24.939,84.939,144.939,150.0,90.0,7.347,0.0,1.0,0.643,0.658,0.149,3081.312988,1.229672,0.0,160,1126665,1126665,1.0,1437,1437,1.0,96000,0,1,S8|M1_BALANCED|45|B|L2|F2,true,false,false,/home/cyfer/FYP/WSN_simulation_V3/runs/S8_4000/outputs_production_50seed_part41_45/run_campaign_v3_S8_M1_BALANCED_B_L2_F2_H1_seed045_45_20260602_120624
campaign_v3_S8_M1_BALANCED_B_L2_F2_H3_seed041,campaign_v3_S8_M1_BALANCED_B_L2_F2_H3_seed041_41_20260602_120057,S8,4000,160,5,M1_BALANCED,41,B,L2,F2,H3,V3,map_S8_M1_BALANCED_seed041,68d20f4a20dae27e58437a6a0234e4cd38c27d53bc85499ff9d7ad1e9144bfc3,31.945,63.772,183.968,362.941,25,45,0.3044,0.1175,60.0,30.26,90.26,150.26,160.0,100.0,7.064,0.0,1.0,0.614,0.617,0.124,3080.690143,1.229827,0.0,159,1124631,1124631,1.0,1436,1436,1.0,95675,0,1,S8|M1_BALANCED|41|B|L2|F2,true,false,false,/home/cyfer/FYP/WSN_simulation_V3/runs/S8_4000/outputs_production_50seed_part41_45/run_campaign_v3_S8_M1_BALANCED_B_L2_F2_H3_seed041_41_20260602_120057
campaign_v3_S8_M1_BALANCED_B_L2_F2_H3_seed042,campaign_v3_S8_M1_BALANCED_B_L2_F2_H3_seed042_42_20260602_120218,S8,4000,160,5,M1_BALANCED,42,B,L2,F2,H3,V3,map_S8_M1_BALANCED_seed042,49089386c52a5814fc7f4a1ba6efa21857f297d94e8de7d88a9e29caed97bde1,31.6,61.937,185.062,352.228,25,46,0.3327,0.1353,60.0,30.954,90.954,150.954,160.0,100.0,7.61,0.0,1.0,0.711,0.75,0.076,3063.621579,1.234095,0.0,159,1123744,1123744,1.0,1436,1436,1.0,95600,0,1,S8|M1_BALANCED|42|B|L2|F2,true,false,false,/home/cyfer/FYP/WSN_simulation_V3/runs/S8_4000/outputs_production_50seed_part41_45/run_campaign_v3_S8_M1_BALANCED_B_L2_F2_H3_seed042_42_20260602_120218
campaign_v3_S8_M1_BALANCED_B_L2_F2_H3_seed043,campaign_v3_S8_M1_BALANCED_B_L2_F2_H3_seed043_43_20260602_120341,S8,4000,160,5,M1_BALANCED,43,B,L2,F2,H3,V3,map_S8_M1_BALANCED_seed043,3a6ba487e0cc7f72992fedce7ca348c90cfe195fd410db343348095e59687537,31.909,64.317,185.925,352.107,25,49,0.3446,0.1285,60.0,30.126,90.126,150.126,160.0,100.0,6.45,0.0,1.0,0.438,0.507,0.206,3081.917629,1.229521,0.0,158,1125609,1125609,1.0,1436,1436,1.0,95750,0,1,S8|M1_BALANCED|43|B|L2|F2,true,false,false,/home/cyfer/FYP/WSN_simulation_V3/runs/S8_4000/outputs_production_50seed_part41_45/run_campaign_v3_S8_M1_BALANCED_B_L2_F2_H3_seed043_43_20260602_120341
campaign_v3_S8_M1_BALANCED_B_L2_F2_H3_seed044,campaign_v3_S8_M1_BALANCED_B_L2_F2_H3_seed044_44_20260602_120504,S8,4000,160,5,M1_BALANCED,44,B,L2,F2,H3,V3,map_S8_M1_BALANCED_seed044,407afd02a69ba6c1a3589498aa72c5336073339b2940d87e8c0b117e76a2e886,32.181,65.381,187.068,352.156,25,54,0.3321,0.1202,60.0,30.676,90.676,150.676,160.0,100.0,7.002,0.0,1.0,0.528,0.662,0.143,3093.168653,1.226708,0.0,159,1124396,1124396,1.0,1436,1436,1.0,95650,0,1,S8|M1_BALANCED|44|B|L2|F2,true,false,false,/home/cyfer/FYP/WSN_simulation_V3/runs/S8_4000/outputs_production_50seed_part41_45/run_campaign_v3_S8_M1_BALANCED_B_L2_F2_H3_seed044_44_20260602_120504
campaign_v3_S8_M1_BALANCED_B_L2_F2_H3_seed045,campaign_v3_S8_M1_BALANCED_B_L2_F2_H3_seed045_45_20260602_120625,S8,4000,160,5,M1_BALANCED,45,B,L2,F2,H3,V3,map_S8_M1_BALANCED_seed045,66d124306039184ee815a886f2c5b077d9ce0f4f78d9af0d2f2d9aea8bf58bb9,31.836,62.608,187.789,358.982,25,43,0.3351,0.1265,60.0,31.004,91.004,151.004,160.0,100.0,7.347,0.0,1.0,0.643,0.658,0.149,3075.503923,1.231124,0.0,160,1124617,1124617,1.0,1436,1436,1.0,95675,0,1,S8|M1_BALANCED|45|B|L2|F2,true,false,false,/home/cyfer/FYP/WSN_simulation_V3/runs/S8_4000/outputs_production_50seed_part41_45/run_campaign_v3_S8_M1_BALANCED_B_L2_F2_H3_seed045_45_20260602_120625
campaign_v3_S8_M1_BALANCED_B_L2_F2_H4_seed041,campaign_v3_S8_M1_BALANCED_B_L2_F2_H4_seed041_41_20260602_120057,S8,4000,160,5,M1_BALANCED,41,B,L2,F2,H4,V3,map_S8_M1_BALANCED_seed041,68d20f4a20dae27e58437a6a0234e4cd38c27d53bc85499ff9d7ad1e9144bfc3,31.945,63.772,183.968,362.941,25,45,0.3044,0.1175,60.0,34.938,94.938,154.938,160.0,100.0,7.064,0.0,1.0,0.614,0.617,0.124,3084.727846,1.228818,0.0,159,1126395,1126395,1.0,1436,1436,1.0,96000,0,1,S8|M1_BALANCED|41|B|L2|F2,true,false,false,/home/cyfer/FYP/WSN_simulation_V3/runs/S8_4000/outputs_production_50seed_part41_45/run_campaign_v3_S8_M1_BALANCED_B_L2_F2_H4_seed041_41_20260602_120057
campaign_v3_S8_M1_BALANCED_B_L2_F2_H4_seed042,campaign_v3_S8_M1_BALANCED_B_L2_F2_H4_seed042_42_20260602_120219,S8,4000,160,5,M1_BALANCED,42,B,L2,F2,H4,V3,map_S8_M1_BALANCED_seed042,49089386c52a5814fc7f4a1ba6efa21857f297d94e8de7d88a9e29caed97bde1,31.6,61.937,185.062,352.228,25,46,0.3327,0.1353,60.0,34.738,94.738,154.738,160.0,100.0,7.61,0.0,1.0,0.711,0.75,0.076,3068.806282,1.232798,0.0,159,1125920,1125920,1.0,1436,1436,1.0,96000,0,1,S8|M1_BALANCED|42|B|L2|F2,true,false,false,/home/cyfer/FYP/WSN_simulation_V3/runs/S8_4000/outputs_production_50seed_part41_45/run_campaign_v3_S8_M1_BALANCED_B_L2_F2_H4_seed042_42_20260602_120219
campaign_v3_S8_M1_BALANCED_B_L2_F2_H4_seed043,campaign_v3_S8_M1_BALANCED_B_L2_F2_H4_seed043_43_20260602_120342,S8,4000,160,5,M1_BALANCED,43,B,L2,F2,H4,V3,map_S8_M1_BALANCED_seed043,3a6ba487e0cc7f72992fedce7ca348c90cfe195fd410db343348095e59687537,31.909,64.317,185.925,352.107,25,49,0.3446,0.1285,60.0,33.908,93.908,153.908,160.0,100.0,6.45,0.0,1.0,0.438,0.507,0.206,3085.809614,1.228548,0.0,158,1126986,1126986,1.0,1436,1436,1.0,96000,0,1,S8|M1_BALANCED|43|B|L2|F2,true,false,false,/home/cyfer/FYP/WSN_simulation_V3/runs/S8_4000/outputs_production_50seed_part41_45/run_campaign_v3_S8_M1_BALANCED_B_L2_F2_H4_seed043_43_20260602_120342
campaign_v3_S8_M1_BALANCED_B_L2_F2_H4_seed044,campaign_v3_S8_M1_BALANCED_B_L2_F2_H4_seed044_44_20260602_120505,S8,4000,160,5,M1_BALANCED,44,B,L2,F2,H4,V3,map_S8_M1_BALANCED_seed044,407afd02a69ba6c1a3589498aa72c5336073339b2940d87e8c0b117e76a2e886,32.181,65.381,187.068,352.156,25,54,0.3321,0.1202,60.0,34.451,94.451,154.451,160.0,100.0,7.002,0.0,1.0,0.528,0.662,0.143,3097.980445,1.225505,0.0,159,1126300,1126300,1.0,1436,1436,1.0,96000,0,1,S8|M1_BALANCED|44|B|L2|F2,true,false,false,/home/cyfer/FYP/WSN_simulation_V3/runs/S8_4000/outputs_production_50seed_part41_45/run_campaign_v3_S8_M1_BALANCED_B_L2_F2_H4_seed044_44_20260602_120505
campaign_v3_S8_M1_BALANCED_B_L2_F2_H4_seed045,campaign_v3_S8_M1_BALANCED_B_L2_F2_H4_seed045_45_20260602_120626,S8,4000,160,5,M1_BALANCED,45,B,L2,F2,H4,V3,map_S8_M1_BALANCED_seed045,66d124306039184ee815a886f2c5b077d9ce0f4f78d9af0d2f2d9aea8bf58bb9,31.836,62.608,187.789,358.982,25,43,0.3351,0.1265,60.0,34.63,94.63,154.63,160.0,100.0,7.347,0.0,1.0,0.643,0.658,0.149,3080.530669,1.229867,0.0,160,1126395,1126395,1.0,1436,1436,1.0,96000,0,1,S8|M1_BALANCED|45|B|L2|F2,true,false,false,/home/cyfer/FYP/WSN_simulation_V3/runs/S8_4000/outputs_production_50seed_part41_45/run_campaign_v3_S8_M1_BALANCED_B_L2_F2_H4_seed045_45_20260602_120626
campaign_v3_S8_M1_BALANCED_B_L2_F3_H0_seed041,campaign_v3_S8_M1_BALANCED_B_L2_F3_H0_seed041_41_20260602_120046,S8,4000,160,5,M1_BALANCED,41,B,L2,F3,H0,V2,map_S8_M1_BALANCED_seed041,68d20f4a20dae27e58437a6a0234e4cd38c27d53bc85499ff9d7ad1e9144bfc3,31.945,63.772,183.968,362.941,25,45,0.3044,0.1175,60.0,-1.0,-1.0,-1.0,-1.0,-1.0,0.0,0.0,0.0,0.0,0.0,0.0,3074.576846,1.231356,0.0,158,1123320,1123320,1.0,1432,1432,1.0,96120,1,0,S8|M1_BALANCED|41|B|L2|F3,false,false,true,/home/cyfer/FYP/WSN_simulation_V3/runs/S8_4000/outputs_production_50seed_part41_45/run_campaign_v3_S8_M1_BALANCED_B_L2_F3_H0_seed041_41_20260602_120046
campaign_v3_S8_M1_BALANCED_B_L2_F3_H0_seed042,campaign_v3_S8_M1_BALANCED_B_L2_F3_H0_seed042_42_20260602_120208,S8,4000,160,5,M1_BALANCED,42,B,L2,F3,H0,V2,map_S8_M1_BALANCED_seed042,49089386c52a5814fc7f4a1ba6efa21857f297d94e8de7d88a9e29caed97bde1,31.6,61.937,185.062,352.228,25,46,0.3327,0.1353,60.0,-1.0,-1.0,-1.0,-1.0,-1.0,0.0,0.0,0.0,0.0,0.0,0.0,3064.996973,1.233751,0.0,158,1125435,1125435,1.0,1432,1432,1.0,96075,1,0,S8|M1_BALANCED|42|B|L2|F3,false,false,true,/home/cyfer/FYP/WSN_simulation_V3/runs/S8_4000/outputs_production_50seed_part41_45/run_campaign_v3_S8_M1_BALANCED_B_L2_F3_H0_seed042_42_20260602_120208
campaign_v3_S8_M1_BALANCED_B_L2_F3_H0_seed043,campaign_v3_S8_M1_BALANCED_B_L2_F3_H0_seed043_43_20260602_120330,S8,4000,160,5,M1_BALANCED,43,B,L2,F3,H0,V2,map_S8_M1_BALANCED_seed043,3a6ba487e0cc7f72992fedce7ca348c90cfe195fd410db343348095e59687537,31.909,64.317,185.925,352.107,25,49,0.3446,0.1285,60.0,-1.0,-1.0,-1.0,-1.0,-1.0,0.0,0.0,0.0,0.0,0.0,0.0,3073.164297,1.231709,0.0,157,1122145,1122145,1.0,1432,1432,1.0,96145,1,0,S8|M1_BALANCED|43|B|L2|F3,false,false,true,/home/cyfer/FYP/WSN_simulation_V3/runs/S8_4000/outputs_production_50seed_part41_45/run_campaign_v3_S8_M1_BALANCED_B_L2_F3_H0_seed043_43_20260602_120330
campaign_v3_S8_M1_BALANCED_B_L2_F3_H0_seed044,campaign_v3_S8_M1_BALANCED_B_L2_F3_H0_seed044_44_20260602_120452,S8,4000,160,5,M1_BALANCED,44,B,L2,F3,H0,V2,map_S8_M1_BALANCED_seed044,407afd02a69ba6c1a3589498aa72c5336073339b2940d87e8c0b117e76a2e886,32.181,65.381,187.068,352.156,25,54,0.3321,0.1202,60.0,-1.0,-1.0,-1.0,-1.0,-1.0,0.0,0.0,0.0,0.0,0.0,0.0,3093.5597,1.22661,0.0,158,1125200,1125200,1.0,1432,1432,1.0,96080,1,0,S8|M1_BALANCED|44|B|L2|F3,false,false,true,/home/cyfer/FYP/WSN_simulation_V3/runs/S8_4000/outputs_production_50seed_part41_45/run_campaign_v3_S8_M1_BALANCED_B_L2_F3_H0_seed044_44_20260602_120452
campaign_v3_S8_M1_BALANCED_B_L2_F3_H0_seed045,campaign_v3_S8_M1_BALANCED_B_L2_F3_H0_seed045_45_20260602_120615,S8,4000,160,5,M1_BALANCED,45,B,L2,F3,H0,V2,map_S8_M1_BALANCED_seed045,66d124306039184ee815a886f2c5b077d9ce0f4f78d9af0d2f2d9aea8bf58bb9,31.836,62.608,187.789,358.982,25,43,0.3351,0.1265,60.0,-1.0,-1.0,-1.0,-1.0,-1.0,0.0,0.0,0.0,0.0,0.0,0.0,3066.531776,1.233367,0.0,159,1121675,1121675,1.0,1432,1432,1.0,96155,1,0,S8|M1_BALANCED|45|B|L2|F3,false,false,true,/home/cyfer/FYP/WSN_simulation_V3/runs/S8_4000/outputs_production_50seed_part41_45/run_campaign_v3_S8_M1_BALANCED_B_L2_F3_H0_seed045_45_20260602_120615
campaign_v3_S8_M1_BALANCED_B_L2_F3_H1_seed041,campaign_v3_S8_M1_BALANCED_B_L2_F3_H1_seed041_41_20260602_120058,S8,4000,160,5,M1_BALANCED,41,B,L2,F3,H1,V3,map_S8_M1_BALANCED_seed041,68d20f4a20dae27e58437a6a0234e4cd38c27d53bc85499ff9d7ad1e9144bfc3,31.945,63.772,183.968,362.941,25,45,0.3044,0.1175,60.0,27.983,87.983,147.983,150.0,90.0,6.749,0.0,1.0,0.545,0.57,0.135,3074.832855,1.231292,0.0,158,1123340,1123340,1.0,1437,1437,1.0,95404,0,1,S8|M1_BALANCED|41|B|L2|F3,true,false,false,/home/cyfer/FYP/WSN_simulation_V3/runs/S8_4000/outputs_production_50seed_part41_45/run_campaign_v3_S8_M1_BALANCED_B_L2_F3_H1_seed041_41_20260602_120058
campaign_v3_S8_M1_BALANCED_B_L2_F3_H1_seed042,campaign_v3_S8_M1_BALANCED_B_L2_F3_H1_seed042_42_20260602_120220,S8,4000,160,5,M1_BALANCED,42,B,L2,F3,H1,V3,map_S8_M1_BALANCED_seed042,49089386c52a5814fc7f4a1ba6efa21857f297d94e8de7d88a9e29caed97bde1,31.6,61.937,185.062,352.228,25,46,0.3327,0.1353,60.0,26.749,86.749,146.749,150.0,90.0,5.476,0.0,1.0,0.333,0.35,0.142,3065.187266,1.233703,0.0,158,1125455,1125455,1.0,1437,1437,1.0,95629,0,1,S8|M1_BALANCED|42|B|L2|F3,true,false,false,/home/cyfer/FYP/WSN_simulation_V3/runs/S8_4000/outputs_production_50seed_part41_45/run_campaign_v3_S8_M1_BALANCED_B_L2_F3_H1_seed042_42_20260602_120220
campaign_v3_S8_M1_BALANCED_B_L2_F3_H1_seed043,campaign_v3_S8_M1_BALANCED_B_L2_F3_H1_seed043_43_20260602_120342,S8,4000,160,5,M1_BALANCED,43,B,L2,F3,H1,V3,map_S8_M1_BALANCED_seed043,3a6ba487e0cc7f72992fedce7ca348c90cfe195fd410db343348095e59687537,31.909,64.317,185.925,352.107,25,49,0.3446,0.1285,60.0,29.048,89.048,149.048,150.0,90.0,7.326,0.0,1.0,0.604,0.674,0.164,3073.453121,1.231637,0.0,157,1122165,1122165,1.0,1437,1437,1.0,95279,0,1,S8|M1_BALANCED|43|B|L2|F3,true,false,false,/home/cyfer/FYP/WSN_simulation_V3/runs/S8_4000/outputs_production_50seed_part41_45/run_campaign_v3_S8_M1_BALANCED_B_L2_F3_H1_seed043_43_20260602_120342
campaign_v3_S8_M1_BALANCED_B_L2_F3_H1_seed044,campaign_v3_S8_M1_BALANCED_B_L2_F3_H1_seed044_44_20260602_120505,S8,4000,160,5,M1_BALANCED,44,B,L2,F3,H1,V3,map_S8_M1_BALANCED_seed044,407afd02a69ba6c1a3589498aa72c5336073339b2940d87e8c0b117e76a2e886,32.181,65.381,187.068,352.156,25,54,0.3321,0.1202,60.0,27.129,87.129,147.129,150.0,90.0,5.479,0.0,1.0,0.302,0.372,0.153,3093.753706,1.226562,0.0,158,1125220,1125220,1.0,1437,1437,1.0,95604,0,1,S8|M1_BALANCED|44|B|L2|F3,true,false,false,/home/cyfer/FYP/WSN_simulation_V3/runs/S8_4000/outputs_production_50seed_part41_45/run_campaign_v3_S8_M1_BALANCED_B_L2_F3_H1_seed044_44_20260602_120505
campaign_v3_S8_M1_BALANCED_B_L2_F3_H1_seed045,campaign_v3_S8_M1_BALANCED_B_L2_F3_H1_seed045_45_20260602_120626,S8,4000,160,5,M1_BALANCED,45,B,L2,F3,H1,V3,map_S8_M1_BALANCED_seed045,66d124306039184ee815a886f2c5b077d9ce0f4f78d9af0d2f2d9aea8bf58bb9,31.836,62.608,187.789,358.982,25,43,0.3351,0.1265,60.0,29.21,89.21,149.21,150.0,90.0,7.742,0.0,1.0,0.738,0.731,0.111,3066.813353,1.233297,0.0,159,1121695,1121695,1.0,1437,1437,1.0,95229,0,1,S8|M1_BALANCED|45|B|L2|F3,true,false,false,/home/cyfer/FYP/WSN_simulation_V3/runs/S8_4000/outputs_production_50seed_part41_45/run_campaign_v3_S8_M1_BALANCED_B_L2_F3_H1_seed045_45_20260602_120626
campaign_v3_S8_M1_BALANCED_B_L2_F3_H3_seed041,campaign_v3_S8_M1_BALANCED_B_L2_F3_H3_seed041_41_20260602_120059,S8,4000,160,5,M1_BALANCED,41,B,L2,F3,H3,V3,map_S8_M1_BALANCED_seed041,68d20f4a20dae27e58437a6a0234e4cd38c27d53bc85499ff9d7ad1e9144bfc3,31.945,63.772,183.968,362.941,25,45,0.3044,0.1175,60.0,33.869,93.869,153.869,160.0,100.0,6.749,0.0,1.0,0.545,0.57,0.135,3074.811049,1.231297,0.0,158,1123336,1123336,1.0,1436,1436,1.0,95404,0,1,S8|M1_BALANCED|41|B|L2|F3,true,false,false,/home/cyfer/FYP/WSN_simulation_V3/runs/S8_4000/outputs_production_50seed_part41_45/run_campaign_v3_S8_M1_BALANCED_B_L2_F3_H3_seed041_41_20260602_120059
campaign_v3_S8_M1_BALANCED_B_L2_F3_H3_seed042,campaign_v3_S8_M1_BALANCED_B_L2_F3_H3_seed042_42_20260602_120221,S8,4000,160,5,M1_BALANCED,42,B,L2,F3,H3,V3,map_S8_M1_BALANCED_seed042,49089386c52a5814fc7f4a1ba6efa21857f297d94e8de7d88a9e29caed97bde1,31.6,61.937,185.062,352.228,25,46,0.3327,0.1353,60.0,32.768,92.768,152.768,160.0,100.0,5.476,0.0,1.0,0.333,0.35,0.142,3065.162678,1.233709,0.0,158,1125451,1125451,1.0,1436,1436,1.0,95629,0,1,S8|M1_BALANCED|42|B|L2|F3,true,false,false,/home/cyfer/FYP/WSN_simulation_V3/runs/S8_4000/outputs_production_50seed_part41_45/run_campaign_v3_S8_M1_BALANCED_B_L2_F3_H3_seed042_42_20260602_120221
campaign_v3_S8_M1_BALANCED_B_L2_F3_H3_seed043,campaign_v3_S8_M1_BALANCED_B_L2_F3_H3_seed043_43_20260602_120343,S8,4000,160,5,M1_BALANCED,43,B,L2,F3,H3,V3,map_S8_M1_BALANCED_seed043,3a6ba487e0cc7f72992fedce7ca348c90cfe195fd410db343348095e59687537,31.909,64.317,185.925,352.107,25,49,0.3446,0.1285,60.0,34.425,94.425,154.425,160.0,100.0,7.326,0.0,1.0,0.604,0.674,0.164,3073.430581,1.231642,0.0,157,1122161,1122161,1.0,1436,1436,1.0,95279,0,1,S8|M1_BALANCED|43|B|L2|F3,true,false,false,/home/cyfer/FYP/WSN_simulation_V3/runs/S8_4000/outputs_production_50seed_part41_45/run_campaign_v3_S8_M1_BALANCED_B_L2_F3_H3_seed043_43_20260602_120343
campaign_v3_S8_M1_BALANCED_B_L2_F3_H3_seed044,campaign_v3_S8_M1_BALANCED_B_L2_F3_H3_seed044_44_20260602_120506,S8,4000,160,5,M1_BALANCED,44,B,L2,F3,H3,V3,map_S8_M1_BALANCED_seed044,407afd02a69ba6c1a3589498aa72c5336073339b2940d87e8c0b117e76a2e886,32.181,65.381,187.068,352.156,25,54,0.3321,0.1202,60.0,33.18,93.18,153.18,160.0,100.0,5.479,0.0,1.0,0.302,0.372,0.153,3093.737257,1.226566,0.0,158,1125216,1125216,1.0,1436,1436,1.0,95604,0,1,S8|M1_BALANCED|44|B|L2|F3,true,false,false,/home/cyfer/FYP/WSN_simulation_V3/runs/S8_4000/outputs_production_50seed_part41_45/run_campaign_v3_S8_M1_BALANCED_B_L2_F3_H3_seed044_44_20260602_120506
campaign_v3_S8_M1_BALANCED_B_L2_F3_H3_seed045,campaign_v3_S8_M1_BALANCED_B_L2_F3_H3_seed045_45_20260602_120627,S8,4000,160,5,M1_BALANCED,45,B,L2,F3,H3,V3,map_S8_M1_BALANCED_seed045,66d124306039184ee815a886f2c5b077d9ce0f4f78d9af0d2f2d9aea8bf58bb9,31.836,62.608,187.789,358.982,25,43,0.3351,0.1265,60.0,35.112,95.112,155.112,160.0,100.0,7.742,0.0,1.0,0.738,0.731,0.111,3066.789798,1.233303,0.0,159,1121691,1121691,1.0,1436,1436,1.0,95229,0,1,S8|M1_BALANCED|45|B|L2|F3,true,false,false,/home/cyfer/FYP/WSN_simulation_V3/runs/S8_4000/outputs_production_50seed_part41_45/run_campaign_v3_S8_M1_BALANCED_B_L2_F3_H3_seed045_45_20260602_120627
campaign_v3_S8_M1_BALANCED_B_L2_F3_H4_seed041,campaign_v3_S8_M1_BALANCED_B_L2_F3_H4_seed041_41_20260602_120100,S8,4000,160,5,M1_BALANCED,41,B,L2,F3,H4,V3,map_S8_M1_BALANCED_seed041,68d20f4a20dae27e58437a6a0234e4cd38c27d53bc85499ff9d7ad1e9144bfc3,31.945,63.772,183.968,362.941,25,45,0.3044,0.1175,60.0,38.657,98.657,158.657,160.0,100.0,6.749,0.0,1.0,0.545,0.57,0.135,3074.810293,1.231297,0.0,158,1123336,1123336,1.0,1436,1436,1.0,95404,0,1,S8|M1_BALANCED|41|B|L2|F3,true,false,false,/home/cyfer/FYP/WSN_simulation_V3/runs/S8_4000/outputs_production_50seed_part41_45/run_campaign_v3_S8_M1_BALANCED_B_L2_F3_H4_seed041_41_20260602_120100
campaign_v3_S8_M1_BALANCED_B_L2_F3_H4_seed042,campaign_v3_S8_M1_BALANCED_B_L2_F3_H4_seed042_42_20260602_120221,S8,4000,160,5,M1_BALANCED,42,B,L2,F3,H4,V3,map_S8_M1_BALANCED_seed042,49089386c52a5814fc7f4a1ba6efa21857f297d94e8de7d88a9e29caed97bde1,31.6,61.937,185.062,352.228,25,46,0.3327,0.1353,60.0,36.507,96.507,156.507,160.0,100.0,5.476,0.0,1.0,0.333,0.35,0.142,3065.167047,1.233708,0.0,158,1125451,1125451,1.0,1436,1436,1.0,95629,0,1,S8|M1_BALANCED|42|B|L2|F3,true,false,false,/home/cyfer/FYP/WSN_simulation_V3/runs/S8_4000/outputs_production_50seed_part41_45/run_campaign_v3_S8_M1_BALANCED_B_L2_F3_H4_seed042_42_20260602_120221
campaign_v3_S8_M1_BALANCED_B_L2_F3_H4_seed043,campaign_v3_S8_M1_BALANCED_B_L2_F3_H4_seed043_43_20260602_120344,S8,4000,160,5,M1_BALANCED,43,B,L2,F3,H4,V3,map_S8_M1_BALANCED_seed043,3a6ba487e0cc7f72992fedce7ca348c90cfe195fd410db343348095e59687537,31.909,64.317,185.925,352.107,25,49,0.3446,0.1285,60.0,38.582,98.582,158.582,160.0,100.0,7.326,0.0,1.0,0.604,0.674,0.164,3073.429997,1.231643,0.0,157,1122161,1122161,1.0,1436,1436,1.0,95279,0,1,S8|M1_BALANCED|43|B|L2|F3,true,false,false,/home/cyfer/FYP/WSN_simulation_V3/runs/S8_4000/outputs_production_50seed_part41_45/run_campaign_v3_S8_M1_BALANCED_B_L2_F3_H4_seed043_43_20260602_120344
campaign_v3_S8_M1_BALANCED_B_L2_F3_H4_seed044,campaign_v3_S8_M1_BALANCED_B_L2_F3_H4_seed044_44_20260602_120507,S8,4000,160,5,M1_BALANCED,44,B,L2,F3,H4,V3,map_S8_M1_BALANCED_seed044,407afd02a69ba6c1a3589498aa72c5336073339b2940d87e8c0b117e76a2e886,32.181,65.381,187.068,352.156,25,54,0.3321,0.1202,60.0,36.721,96.721,156.721,160.0,100.0,5.479,0.0,1.0,0.302,0.372,0.153,3093.733945,1.226567,0.0,158,1125216,1125216,1.0,1436,1436,1.0,95604,0,1,S8|M1_BALANCED|44|B|L2|F3,true,false,false,/home/cyfer/FYP/WSN_simulation_V3/runs/S8_4000/outputs_production_50seed_part41_45/run_campaign_v3_S8_M1_BALANCED_B_L2_F3_H4_seed044_44_20260602_120507
campaign_v3_S8_M1_BALANCED_B_L2_F3_H4_seed045,campaign_v3_S8_M1_BALANCED_B_L2_F3_H4_seed045_45_20260602_120628,S8,4000,160,5,M1_BALANCED,45,B,L2,F3,H4,V3,map_S8_M1_BALANCED_seed045,66d124306039184ee815a886f2c5b077d9ce0f4f78d9af0d2f2d9aea8bf58bb9,31.836,62.608,187.789,358.982,25,43,0.3351,0.1265,60.0,39.309,99.309,159.309,160.0,100.0,7.742,0.0,1.0,0.738,0.731,0.111,3066.794077,1.233301,0.0,159,1121691,1121691,1.0,1436,1436,1.0,95229,0,1,S8|M1_BALANCED|45|B|L2|F3,true,false,false,/home/cyfer/FYP/WSN_simulation_V3/runs/S8_4000/outputs_production_50seed_part41_45/run_campaign_v3_S8_M1_BALANCED_B_L2_F3_H4_seed045_45_20260602_120628
campaign_v3_S8_M1_BALANCED_B_L2_F4_H0_seed041,campaign_v3_S8_M1_BALANCED_B_L2_F4_H0_seed041_41_20260602_120047,S8,4000,160,5,M1_BALANCED,41,B,L2,F4,H0,V2,map_S8_M1_BALANCED_seed041,68d20f4a20dae27e58437a6a0234e4cd38c27d53bc85499ff9d7ad1e9144bfc3,31.945,63.772,183.968,362.941,25,45,0.3044,0.1175,60.0,-1.0,-1.0,-1.0,-1.0,-1.0,0.0,0.0,0.0,0.0,0.0,0.0,3078.524559,1.230369,0.0,158,1124260,1124260,1.0,1432,1432,1.0,96100,1,0,S8|M1_BALANCED|41|B|L2|F4,false,false,true,/home/cyfer/FYP/WSN_simulation_V3/runs/S8_4000/outputs_production_50seed_part41_45/run_campaign_v3_S8_M1_BALANCED_B_L2_F4_H0_seed041_41_20260602_120047
campaign_v3_S8_M1_BALANCED_B_L2_F4_H0_seed042,campaign_v3_S8_M1_BALANCED_B_L2_F4_H0_seed042_42_20260602_120209,S8,4000,160,5,M1_BALANCED,42,B,L2,F4,H0,V2,map_S8_M1_BALANCED_seed042,49089386c52a5814fc7f4a1ba6efa21857f297d94e8de7d88a9e29caed97bde1,31.6,61.937,185.062,352.228,25,46,0.3327,0.1353,60.0,-1.0,-1.0,-1.0,-1.0,-1.0,0.0,0.0,0.0,0.0,0.0,0.0,3064.506946,1.233873,0.0,158,1124730,1124730,1.0,1432,1432,1.0,96090,1,0,S8|M1_BALANCED|42|B|L2|F4,false,false,true,/home/cyfer/FYP/WSN_simulation_V3/runs/S8_4000/outputs_production_50seed_part41_45/run_campaign_v3_S8_M1_BALANCED_B_L2_F4_H0_seed042_42_20260602_120209
campaign_v3_S8_M1_BALANCED_B_L2_F4_H0_seed043,campaign_v3_S8_M1_BALANCED_B_L2_F4_H0_seed043_43_20260602_120331,S8,4000,160,5,M1_BALANCED,43,B,L2,F4,H0,V2,map_S8_M1_BALANCED_seed043,3a6ba487e0cc7f72992fedce7ca348c90cfe195fd410db343348095e59687537,31.909,64.317,185.925,352.107,25,49,0.3446,0.1285,60.0,-1.0,-1.0,-1.0,-1.0,-1.0,0.0,0.0,0.0,0.0,0.0,0.0,3069.241609,1.23269,0.0,158,1120970,1120970,1.0,1432,1432,1.0,96170,1,0,S8|M1_BALANCED|43|B|L2|F4,false,false,true,/home/cyfer/FYP/WSN_simulation_V3/runs/S8_4000/outputs_production_50seed_part41_45/run_campaign_v3_S8_M1_BALANCED_B_L2_F4_H0_seed043_43_20260602_120331
campaign_v3_S8_M1_BALANCED_B_L2_F4_H0_seed044,campaign_v3_S8_M1_BALANCED_B_L2_F4_H0_seed044_44_20260602_120453,S8,4000,160,5,M1_BALANCED,44,B,L2,F4,H0,V2,map_S8_M1_BALANCED_seed044,407afd02a69ba6c1a3589498aa72c5336073339b2940d87e8c0b117e76a2e886,32.181,65.381,187.068,352.156,25,54,0.3321,0.1202,60.0,-1.0,-1.0,-1.0,-1.0,-1.0,0.0,0.0,0.0,0.0,0.0,0.0,3099.290889,1.225177,0.0,159,1127550,1127550,1.0,1432,1432,1.0,96030,1,0,S8|M1_BALANCED|44|B|L2|F4,false,false,true,/home/cyfer/FYP/WSN_simulation_V3/runs/S8_4000/outputs_production_50seed_part41_45/run_campaign_v3_S8_M1_BALANCED_B_L2_F4_H0_seed044_44_20260602_120453
campaign_v3_S8_M1_BALANCED_B_L2_F4_H0_seed045,campaign_v3_S8_M1_BALANCED_B_L2_F4_H0_seed045_45_20260602_120615,S8,4000,160,5,M1_BALANCED,45,B,L2,F4,H0,V2,map_S8_M1_BALANCED_seed045,66d124306039184ee815a886f2c5b077d9ce0f4f78d9af0d2f2d9aea8bf58bb9,31.836,62.608,187.789,358.982,25,43,0.3351,0.1265,60.0,-1.0,-1.0,-1.0,-1.0,-1.0,0.0,0.0,0.0,0.0,0.0,0.0,3067.327185,1.233168,0.0,159,1121675,1121675,1.0,1432,1432,1.0,96155,1,0,S8|M1_BALANCED|45|B|L2|F4,false,false,true,/home/cyfer/FYP/WSN_simulation_V3/runs/S8_4000/outputs_production_50seed_part41_45/run_campaign_v3_S8_M1_BALANCED_B_L2_F4_H0_seed045_45_20260602_120615
campaign_v3_S8_M1_BALANCED_B_L2_F4_H1_seed041,campaign_v3_S8_M1_BALANCED_B_L2_F4_H1_seed041_41_20260602_120100,S8,4000,160,5,M1_BALANCED,41,B,L2,F4,H1,V3,map_S8_M1_BALANCED_seed041,68d20f4a20dae27e58437a6a0234e4cd38c27d53bc85499ff9d7ad1e9144bfc3,31.945,63.772,183.968,362.941,25,45,0.3044,0.1175,60.0,33.624,93.624,153.624,160.0,100.0,6.031,0.0,1.0,0.455,0.441,0.114,3080.223395,1.229944,0.0,158,1124796,1124796,1.0,1436,1436,1.0,95504,0,1,S8|M1_BALANCED|41|B|L2|F4,true,false,false,/home/cyfer/FYP/WSN_simulation_V3/runs/S8_4000/outputs_production_50seed_part41_45/run_campaign_v3_S8_M1_BALANCED_B_L2_F4_H1_seed041_41_20260602_120100
campaign_v3_S8_M1_BALANCED_B_L2_F4_H1_seed042,campaign_v3_S8_M1_BALANCED_B_L2_F4_H1_seed042_42_20260602_120222,S8,4000,160,5,M1_BALANCED,42,B,L2,F4,H1,V3,map_S8_M1_BALANCED_seed042,49089386c52a5814fc7f4a1ba6efa21857f297d94e8de7d88a9e29caed97bde1,31.6,61.937,185.062,352.228,25,46,0.3327,0.1353,60.0,33.584,93.584,153.584,160.0,100.0,5.694,0.0,1.0,0.4,0.399,0.099,3066.038741,1.23349,0.0,158,1125214,1125214,1.0,1436,1436,1.0,95554,0,1,S8|M1_BALANCED|42|B|L2|F4,true,false,false,/home/cyfer/FYP/WSN_simulation_V3/runs/S8_4000/outputs_production_50seed_part41_45/run_campaign_v3_S8_M1_BALANCED_B_L2_F4_H1_seed042_42_20260602_120222
campaign_v3_S8_M1_BALANCED_B_L2_F4_H1_seed043,campaign_v3_S8_M1_BALANCED_B_L2_F4_H1_seed043_43_20260602_120345,S8,4000,160,5,M1_BALANCED,43,B,L2,F4,H1,V3,map_S8_M1_BALANCED_seed043,3a6ba487e0cc7f72992fedce7ca348c90cfe195fd410db343348095e59687537,31.909,64.317,185.925,352.107,25,49,0.3446,0.1285,60.0,36.033,96.033,156.033,160.0,100.0,8.068,0.0,1.0,0.708,0.811,0.17,3072.208573,1.231948,0.0,158,1121768,1121768,1.0,1436,1436,1.0,95154,0,1,S8|M1_BALANCED|43|B|L2|F4,true,false,false,/home/cyfer/FYP/WSN_simulation_V3/runs/S8_4000/outputs_production_50seed_part41_45/run_campaign_v3_S8_M1_BALANCED_B_L2_F4_H1_seed043_43_20260602_120345
campaign_v3_S8_M1_BALANCED_B_L2_F4_H1_seed044,campaign_v3_S8_M1_BALANCED_B_L2_F4_H1_seed044_44_20260602_120508,S8,4000,160,5,M1_BALANCED,44,B,L2,F4,H1,V3,map_S8_M1_BALANCED_seed044,407afd02a69ba6c1a3589498aa72c5336073339b2940d87e8c0b117e76a2e886,32.181,65.381,187.068,352.156,25,54,0.3321,0.1202,60.0,32.243,92.243,152.243,160.0,100.0,4.338,0.0,1.0,0.113,0.139,0.194,3099.811628,1.225047,0.0,159,1127728,1127728,1.0,1436,1436,1.0,95854,0,1,S8|M1_BALANCED|44|B|L2|F4,true,false,false,/home/cyfer/FYP/WSN_simulation_V3/runs/S8_4000/outputs_production_50seed_part41_45/run_campaign_v3_S8_M1_BALANCED_B_L2_F4_H1_seed044_44_20260602_120508
campaign_v3_S8_M1_BALANCED_B_L2_F4_H1_seed045,campaign_v3_S8_M1_BALANCED_B_L2_F4_H1_seed045_45_20260602_120629,S8,4000,160,5,M1_BALANCED,45,B,L2,F4,H1,V3,map_S8_M1_BALANCED_seed045,66d124306039184ee815a886f2c5b077d9ce0f4f78d9af0d2f2d9aea8bf58bb9,31.836,62.608,187.789,358.982,25,43,0.3351,0.1265,60.0,35.605,95.605,155.605,160.0,100.0,7.874,0.0,1.0,0.738,0.72,0.167,3070.00925,1.232498,0.0,159,1122435,1122435,1.0,1436,1436,1.0,95229,0,1,S8|M1_BALANCED|45|B|L2|F4,true,false,false,/home/cyfer/FYP/WSN_simulation_V3/runs/S8_4000/outputs_production_50seed_part41_45/run_campaign_v3_S8_M1_BALANCED_B_L2_F4_H1_seed045_45_20260602_120629
campaign_v3_S8_M1_BALANCED_B_L2_F4_H3_seed041,campaign_v3_S8_M1_BALANCED_B_L2_F4_H3_seed041_41_20260602_120101,S8,4000,160,5,M1_BALANCED,41,B,L2,F4,H3,V3,map_S8_M1_BALANCED_seed041,68d20f4a20dae27e58437a6a0234e4cd38c27d53bc85499ff9d7ad1e9144bfc3,31.945,63.772,183.968,362.941,25,45,0.3044,0.1175,60.0,39.688,99.688,159.688,160.0,100.0,6.031,0.0,1.0,0.455,0.441,0.114,3079.309852,1.230173,0.0,158,1124476,1124476,1.0,1436,1436,1.0,95504,0,1,S8|M1_BALANCED|41|B|L2|F4,true,false,false,/home/cyfer/FYP/WSN_simulation_V3/runs/S8_4000/outputs_production_50seed_part41_45/run_campaign_v3_S8_M1_BALANCED_B_L2_F4_H3_seed041_41_20260602_120101
campaign_v3_S8_M1_BALANCED_B_L2_F4_H3_seed042,campaign_v3_S8_M1_BALANCED_B_L2_F4_H3_seed042_42_20260602_120223,S8,4000,160,5,M1_BALANCED,42,B,L2,F4,H3,V3,map_S8_M1_BALANCED_seed042,49089386c52a5814fc7f4a1ba6efa21857f297d94e8de7d88a9e29caed97bde1,31.6,61.937,185.062,352.228,25,46,0.3327,0.1353,60.0,39.129,99.129,159.129,160.0,100.0,5.694,0.0,1.0,0.4,0.399,0.099,3065.157533,1.233711,0.0,158,1124926,1124926,1.0,1436,1436,1.0,95554,0,1,S8|M1_BALANCED|42|B|L2|F4,true,false,false,/home/cyfer/FYP/WSN_simulation_V3/runs/S8_4000/outputs_production_50seed_part41_45/run_campaign_v3_S8_M1_BALANCED_B_L2_F4_H3_seed042_42_20260602_120223
campaign_v3_S8_M1_BALANCED_B_L2_F4_H3_seed043,campaign_v3_S8_M1_BALANCED_B_L2_F4_H3_seed043_43_20260602_120345,S8,4000,160,5,M1_BALANCED,43,B,L2,F4,H3,V3,map_S8_M1_BALANCED_seed043,3a6ba487e0cc7f72992fedce7ca348c90cfe195fd410db343348095e59687537,31.909,64.317,185.925,352.107,25,49,0.3446,0.1285,60.0,41.142,101.142,161.142,170.0,110.0,8.068,0.0,1.0,0.708,0.811,0.17,3070.602212,1.232349,0.0,158,1121292,1121292,1.0,1436,1436,1.0,95154,0,1,S8|M1_BALANCED|43|B|L2|F4,true,false,false,/home/cyfer/FYP/WSN_simulation_V3/runs/S8_4000/outputs_production_50seed_part41_45/run_campaign_v3_S8_M1_BALANCED_B_L2_F4_H3_seed043_43_20260602_120345
campaign_v3_S8_M1_BALANCED_B_L2_F4_H3_seed044,campaign_v3_S8_M1_BALANCED_B_L2_F4_H3_seed044_44_20260602_120508,S8,4000,160,5,M1_BALANCED,44,B,L2,F4,H3,V3,map_S8_M1_BALANCED_seed044,407afd02a69ba6c1a3589498aa72c5336073339b2940d87e8c0b117e76a2e886,32.181,65.381,187.068,352.156,25,54,0.3321,0.1202,60.0,37.708,97.708,157.708,160.0,100.0,4.338,0.0,1.0,0.113,0.139,0.194,3099.562078,1.225109,0.0,159,1127632,1127632,1.0,1436,1436,1.0,95854,0,1,S8|M1_BALANCED|44|B|L2|F4,true,false,false,/home/cyfer/FYP/WSN_simulation_V3/runs/S8_4000/outputs_production_50seed_part41_45/run_campaign_v3_S8_M1_BALANCED_B_L2_F4_H3_seed044_44_20260602_120508
campaign_v3_S8_M1_BALANCED_B_L2_F4_H3_seed045,campaign_v3_S8_M1_BALANCED_B_L2_F4_H3_seed045_45_20260602_120629,S8,4000,160,5,M1_BALANCED,45,B,L2,F4,H3,V3,map_S8_M1_BALANCED_seed045,66d124306039184ee815a886f2c5b077d9ce0f4f78d9af0d2f2d9aea8bf58bb9,31.836,62.608,187.789,358.982,25,43,0.3351,0.1265,60.0,41.006,101.006,161.006,170.0,110.0,7.874,0.0,1.0,0.738,0.72,0.167,3068.497052,1.232876,0.0,159,1121979,1121979,1.0,1436,1436,1.0,95229,0,1,S8|M1_BALANCED|45|B|L2|F4,true,false,false,/home/cyfer/FYP/WSN_simulation_V3/runs/S8_4000/outputs_production_50seed_part41_45/run_campaign_v3_S8_M1_BALANCED_B_L2_F4_H3_seed045_45_20260602_120629
campaign_v3_S8_M1_BALANCED_B_L2_F4_H4_seed041,campaign_v3_S8_M1_BALANCED_B_L2_F4_H4_seed041_41_20260602_120102,S8,4000,160,5,M1_BALANCED,41,B,L2,F4,H4,V3,map_S8_M1_BALANCED_seed041,68d20f4a20dae27e58437a6a0234e4cd38c27d53bc85499ff9d7ad1e9144bfc3,31.945,63.772,183.968,362.941,25,45,0.3044,0.1175,60.0,43.623,103.623,163.623,170.0,110.0,6.031,0.0,1.0,0.455,0.441,0.114,3071.629344,1.232093,0.0,158,1121075,1121075,1.0,1436,1436,1.0,94833,0,1,S8|M1_BALANCED|41|B|L2|F4,true,false,false,/home/cyfer/FYP/WSN_simulation_V3/runs/S8_4000/outputs_production_50seed_part41_45/run_campaign_v3_S8_M1_BALANCED_B_L2_F4_H4_seed041_41_20260602_120102
campaign_v3_S8_M1_BALANCED_B_L2_F4_H4_seed042,campaign_v3_S8_M1_BALANCED_B_L2_F4_H4_seed042_42_20260602_120224,S8,4000,160,5,M1_BALANCED,42,B,L2,F4,H4,V3,map_S8_M1_BALANCED_seed042,49089386c52a5814fc7f4a1ba6efa21857f297d94e8de7d88a9e29caed97bde1,31.6,61.937,185.062,352.228,25,46,0.3327,0.1353,60.0,43.69,103.69,163.69,170.0,110.0,5.694,0.0,1.0,0.4,0.399,0.099,3055.344316,1.236164,0.0,158,1120858,1120858,1.0,1436,1436,1.0,94758,0,1,S8|M1_BALANCED|42|B|L2|F4,true,false,false,/home/cyfer/FYP/WSN_simulation_V3/runs/S8_4000/outputs_production_50seed_part41_45/run_campaign_v3_S8_M1_BALANCED_B_L2_F4_H4_seed042_42_20260602_120224
campaign_v3_S8_M1_BALANCED_B_L2_F4_H4_seed043,campaign_v3_S8_M1_BALANCED_B_L2_F4_H4_seed043_43_20260602_120346,S8,4000,160,5,M1_BALANCED,43,B,L2,F4,H4,V3,map_S8_M1_BALANCED_seed043,3a6ba487e0cc7f72992fedce7ca348c90cfe195fd410db343348095e59687537,31.909,64.317,185.925,352.107,25,49,0.3446,0.1285,60.0,45.999,105.999,165.999,170.0,110.0,8.068,0.0,1.0,0.708,0.811,0.17,3064.234736,1.233941,0.0,158,1118769,1118769,1.0,1436,1436,1.0,94633,0,1,S8|M1_BALANCED|43|B|L2|F4,true,false,false,/home/cyfer/FYP/WSN_simulation_V3/runs/S8_4000/outputs_production_50seed_part41_45/run_campaign_v3_S8_M1_BALANCED_B_L2_F4_H4_seed043_43_20260602_120346
campaign_v3_S8_M1_BALANCED_B_L2_F4_H4_seed044,campaign_v3_S8_M1_BALANCED_B_L2_F4_H4_seed044_44_20260602_120509,S8,4000,160,5,M1_BALANCED,44,B,L2,F4,H4,V3,map_S8_M1_BALANCED_seed044,407afd02a69ba6c1a3589498aa72c5336073339b2940d87e8c0b117e76a2e886,32.181,65.381,187.068,352.156,25,54,0.3321,0.1202,60.0,42.331,102.331,162.331,170.0,110.0,4.338,0.0,1.0,0.113,0.139,0.194,3090.540943,1.227365,0.0,159,1123988,1123988,1.0,1436,1436,1.0,95158,0,1,S8|M1_BALANCED|44|B|L2|F4,true,false,false,/home/cyfer/FYP/WSN_simulation_V3/runs/S8_4000/outputs_production_50seed_part41_45/run_campaign_v3_S8_M1_BALANCED_B_L2_F4_H4_seed044_44_20260602_120509
campaign_v3_S8_M1_BALANCED_B_L2_F4_H4_seed045,campaign_v3_S8_M1_BALANCED_B_L2_F4_H4_seed045_45_20260602_120630,S8,4000,160,5,M1_BALANCED,45,B,L2,F4,H4,V3,map_S8_M1_BALANCED_seed045,66d124306039184ee815a886f2c5b077d9ce0f4f78d9af0d2f2d9aea8bf58bb9,31.836,62.608,187.789,358.982,25,43,0.3351,0.1265,60.0,45.594,105.594,165.594,170.0,110.0,7.874,0.0,1.0,0.738,0.72,0.167,3059.815398,1.235046,0.0,159,1118658,1118658,1.0,1436,1436,1.0,94558,0,1,S8|M1_BALANCED|45|B|L2|F4,true,false,false,/home/cyfer/FYP/WSN_simulation_V3/runs/S8_4000/outputs_production_50seed_part41_45/run_campaign_v3_S8_M1_BALANCED_B_L2_F4_H4_seed045_45_20260602_120630
campaign_v3_S8_M2_LONG_LINK_A_L1_F0_H0_seed041,campaign_v3_S8_M2_LONG_LINK_A_L1_F0_H0_seed041_41_20260602_120631,S8,4000,160,5,M2_LONG_LINK,41,A,L1,F0,H0,V1,map_S8_M2_LONG_LINK_seed041,a23dd80d30f85ceadecb2f07757d98f3bb008abd5a6dbaf1cb6c638ec13764fe,93.091,309.428,187.211,354.778,25,673,2.9987,0.3015,0.0,-1.0,-1.0,-1.0,-1.0,-1.0,0.0,0.0,0.0,0.0,0.0,0.0,4422.05598,0.894486,0.0,1522,1128960,1128960,1.0,1440,1440,1.0,96000,0,0,S8|M2_LONG_LINK|41|A|L1|F0,false,true,false,/home/cyfer/FYP/WSN_simulation_V3/runs/S8_4000/outputs_production_50seed_part41_45/run_campaign_v3_S8_M2_LONG_LINK_A_L1_F0_H0_seed041_41_20260602_120631
campaign_v3_S8_M2_LONG_LINK_A_L1_F0_H0_seed042,campaign_v3_S8_M2_LONG_LINK_A_L1_F0_H0_seed042_42_20260602_120830,S8,4000,160,5,M2_LONG_LINK,42,A,L1,F0,H0,V1,map_S8_M2_LONG_LINK_seed042,e1689774d659d09a5ec6f7367c6062df175b67663484277b83f5c821b6cf73af,89.799,320.955,190.029,342.604,25,754,3.0586,0.2918,0.0,-1.0,-1.0,-1.0,-1.0,-1.0,0.0,0.0,0.0,0.0,0.0,0.0,4321.740625,0.919565,0.0,1405,1128960,1128960,1.0,1440,1440,1.0,96000,0,0,S8|M2_LONG_LINK|42|A|L1|F0,false,true,false,/home/cyfer/FYP/WSN_simulation_V3/runs/S8_4000/outputs_production_50seed_part41_45/run_campaign_v3_S8_M2_LONG_LINK_A_L1_F0_H0_seed042_42_20260602_120830
campaign_v3_S8_M2_LONG_LINK_A_L1_F0_H0_seed043,campaign_v3_S8_M2_LONG_LINK_A_L1_F0_H0_seed043_43_20260602_121028,S8,4000,160,5,M2_LONG_LINK,43,A,L1,F0,H0,V1,map_S8_M2_LONG_LINK_seed043,2c6a3388e5eb938d95b6c784dc78b688a76650d37bf2d48c2349db92af575e42,91.228,305.203,188.48,362.978,25,513,2.6172,0.3018,0.0,-1.0,-1.0,-1.0,-1.0,-1.0,0.0,0.0,0.0,0.0,0.0,0.0,4386.06534,0.903484,0.0,1469,1128960,1128960,1.0,1440,1440,1.0,96000,0,0,S8|M2_LONG_LINK|43|A|L1|F0,false,true,false,/home/cyfer/FYP/WSN_simulation_V3/runs/S8_4000/outputs_production_50seed_part41_45/run_campaign_v3_S8_M2_LONG_LINK_A_L1_F0_H0_seed043_43_20260602_121028
campaign_v3_S8_M2_LONG_LINK_A_L1_F0_H0_seed044,campaign_v3_S8_M2_LONG_LINK_A_L1_F0_H0_seed044_44_20260602_121225,S8,4000,160,5,M2_LONG_LINK,44,A,L1,F0,H0,V1,map_S8_M2_LONG_LINK_seed044,65a43507f830c83134844286daaeef18b9d5427c6b4e8c33674af5eda13f70d8,89.428,305.581,189.628,349.91,25,672,2.9507,0.29,0.0,-1.0,-1.0,-1.0,-1.0,-1.0,0.0,0.0,0.0,0.0,0.0,0.0,4345.494611,0.913626,0.0,1397,1128960,1128960,1.0,1440,1440,1.0,96000,0,0,S8|M2_LONG_LINK|44|A|L1|F0,false,true,false,/home/cyfer/FYP/WSN_simulation_V3/runs/S8_4000/outputs_production_50seed_part41_45/run_campaign_v3_S8_M2_LONG_LINK_A_L1_F0_H0_seed044_44_20260602_121225
campaign_v3_S8_M2_LONG_LINK_A_L1_F0_H0_seed045,campaign_v3_S8_M2_LONG_LINK_A_L1_F0_H0_seed045_45_20260602_121419,S8,4000,160,5,M2_LONG_LINK,45,A,L1,F0,H0,V1,map_S8_M2_LONG_LINK_seed045,aa25ce5774df9aa8d0c792f864b828fa69a3b1ff5309c17e0052f6697119fec1,92.704,307.008,190.463,358.982,25,564,2.8274,0.2943,0.0,-1.0,-1.0,-1.0,-1.0,-1.0,0.0,0.0,0.0,0.0,0.0,0.0,4410.265495,0.897434,0.0,1493,1128960,1128960,1.0,1440,1440,1.0,96000,0,0,S8|M2_LONG_LINK|45|A|L1|F0,false,true,false,/home/cyfer/FYP/WSN_simulation_V3/runs/S8_4000/outputs_production_50seed_part41_45/run_campaign_v3_S8_M2_LONG_LINK_A_L1_F0_H0_seed045_45_20260602_121419
campaign_v3_S8_M2_LONG_LINK_A_L1_F1_H0_seed041,campaign_v3_S8_M2_LONG_LINK_A_L1_F1_H0_seed041_41_20260602_120632,S8,4000,160,5,M2_LONG_LINK,41,A,L1,F1,H0,V2,map_S8_M2_LONG_LINK_seed041,a23dd80d30f85ceadecb2f07757d98f3bb008abd5a6dbaf1cb6c638ec13764fe,93.091,309.428,187.211,354.778,25,673,2.9987,0.3015,60.0,-1.0,-1.0,-1.0,-1.0,-1.0,0.0,0.0,0.0,0.0,0.0,0.0,4415.095695,0.895928,0.0,1522,1124730,1124730,1.0,1432,1432,1.0,96090,1,0,S8|M2_LONG_LINK|41|A|L1|F1,false,false,true,/home/cyfer/FYP/WSN_simulation_V3/runs/S8_4000/outputs_production_50seed_part41_45/run_campaign_v3_S8_M2_LONG_LINK_A_L1_F1_H0_seed041_41_20260602_120632
campaign_v3_S8_M2_LONG_LINK_A_L1_F1_H0_seed042,campaign_v3_S8_M2_LONG_LINK_A_L1_F1_H0_seed042_42_20260602_120831,S8,4000,160,5,M2_LONG_LINK,42,A,L1,F1,H0,V2,map_S8_M2_LONG_LINK_seed042,e1689774d659d09a5ec6f7367c6062df175b67663484277b83f5c821b6cf73af,89.799,320.955,190.029,342.604,25,754,3.0586,0.2918,60.0,-1.0,-1.0,-1.0,-1.0,-1.0,0.0,0.0,0.0,0.0,0.0,0.0,4313.65798,0.921319,0.0,1405,1124260,1124260,1.0,1432,1432,1.0,96100,1,0,S8|M2_LONG_LINK|42|A|L1|F1,false,false,true,/home/cyfer/FYP/WSN_simulation_V3/runs/S8_4000/outputs_production_50seed_part41_45/run_campaign_v3_S8_M2_LONG_LINK_A_L1_F1_H0_seed042_42_20260602_120831
campaign_v3_S8_M2_LONG_LINK_A_L1_F1_H0_seed043,campaign_v3_S8_M2_LONG_LINK_A_L1_F1_H0_seed043_43_20260602_121029,S8,4000,160,5,M2_LONG_LINK,43,A,L1,F1,H0,V2,map_S8_M2_LONG_LINK_seed043,2c6a3388e5eb938d95b6c784dc78b688a76650d37bf2d48c2349db92af575e42,91.228,305.203,188.48,362.978,25,513,2.6172,0.3018,60.0,-1.0,-1.0,-1.0,-1.0,-1.0,0.0,0.0,0.0,0.0,0.0,0.0,4378.153463,0.905184,0.0,1469,1124495,1124495,1.0,1432,1432,1.0,96095,1,0,S8|M2_LONG_LINK|43|A|L1|F1,false,false,true,/home/cyfer/FYP/WSN_simulation_V3/runs/S8_4000/outputs_production_50seed_part41_45/run_campaign_v3_S8_M2_LONG_LINK_A_L1_F1_H0_seed043_43_20260602_121029
campaign_v3_S8_M2_LONG_LINK_A_L1_F1_H0_seed044,campaign_v3_S8_M2_LONG_LINK_A_L1_F1_H0_seed044_44_20260602_121226,S8,4000,160,5,M2_LONG_LINK,44,A,L1,F1,H0,V2,map_S8_M2_LONG_LINK_seed044,65a43507f830c83134844286daaeef18b9d5427c6b4e8c33674af5eda13f70d8,89.428,305.581,189.628,349.91,25,672,2.9507,0.29,60.0,-1.0,-1.0,-1.0,-1.0,-1.0,0.0,0.0,0.0,0.0,0.0,0.0,4339.817513,0.914694,0.0,1397,1125905,1125905,1.0,1432,1432,1.0,96065,1,0,S8|M2_LONG_LINK|44|A|L1|F1,false,false,true,/home/cyfer/FYP/WSN_simulation_V3/runs/S8_4000/outputs_production_50seed_part41_45/run_campaign_v3_S8_M2_LONG_LINK_A_L1_F1_H0_seed044_44_20260602_121226
campaign_v3_S8_M2_LONG_LINK_A_L1_F1_H0_seed045,campaign_v3_S8_M2_LONG_LINK_A_L1_F1_H0_seed045_45_20260602_121420,S8,4000,160,5,M2_LONG_LINK,45,A,L1,F1,H0,V2,map_S8_M2_LONG_LINK_seed045,aa25ce5774df9aa8d0c792f864b828fa69a3b1ff5309c17e0052f6697119fec1,92.704,307.008,190.463,358.982,25,564,2.8274,0.2943,60.0,-1.0,-1.0,-1.0,-1.0,-1.0,0.0,0.0,0.0,0.0,0.0,0.0,4405.970699,0.8981,0.0,1493,1127080,1127080,1.0,1432,1432,1.0,96040,1,0,S8|M2_LONG_LINK|45|A|L1|F1,false,false,true,/home/cyfer/FYP/WSN_simulation_V3/runs/S8_4000/outputs_production_50seed_part41_45/run_campaign_v3_S8_M2_LONG_LINK_A_L1_F1_H0_seed045_45_20260602_121420
campaign_v3_S8_M2_LONG_LINK_A_L1_F1_H1_seed041,campaign_v3_S8_M2_LONG_LINK_A_L1_F1_H1_seed041_41_20260602_120639,S8,4000,160,5,M2_LONG_LINK,41,A,L1,F1,H1,V3,map_S8_M2_LONG_LINK_seed041,a23dd80d30f85ceadecb2f07757d98f3bb008abd5a6dbaf1cb6c638ec13764fe,93.091,309.428,187.211,354.778,25,673,2.9987,0.3015,60.0,18.665,78.665,138.665,140.0,80.0,6.388,3.0,1.0,0.027,1.0,0.102,4420.75308,0.894514,0.0,1523,1127538,1127538,1.0,1437,1437,1.0,96000,0,1,S8|M2_LONG_LINK|41|A|L1|F1,true,false,false,/home/cyfer/FYP/WSN_simulation_V3/runs/S8_4000/outputs_production_50seed_part41_45/run_campaign_v3_S8_M2_LONG_LINK_A_L1_F1_H1_seed041_41_20260602_120639
campaign_v3_S8_M2_LONG_LINK_A_L1_F1_H1_seed042,campaign_v3_S8_M2_LONG_LINK_A_L1_F1_H1_seed042_42_20260602_120838,S8,4000,160,5,M2_LONG_LINK,42,A,L1,F1,H1,V3,map_S8_M2_LONG_LINK_seed042,e1689774d659d09a5ec6f7367c6062df175b67663484277b83f5c821b6cf73af,89.799,320.955,190.029,342.604,25,754,3.0586,0.2918,60.0,19.43,79.43,139.43,140.0,80.0,6.613,3.0,1.0,0.027,1.0,0.178,4320.213062,0.91968,0.0,1406,1127360,1127360,1.0,1437,1437,1.0,96000,0,1,S8|M2_LONG_LINK|42|A|L1|F1,true,false,false,/home/cyfer/FYP/WSN_simulation_V3/runs/S8_4000/outputs_production_50seed_part41_45/run_campaign_v3_S8_M2_LONG_LINK_A_L1_F1_H1_seed042_42_20260602_120838
campaign_v3_S8_M2_LONG_LINK_A_L1_F1_H1_seed043,campaign_v3_S8_M2_LONG_LINK_A_L1_F1_H1_seed043_43_20260602_121035,S8,4000,160,5,M2_LONG_LINK,43,A,L1,F1,H1,V3,map_S8_M2_LONG_LINK_seed043,2c6a3388e5eb938d95b6c784dc78b688a76650d37bf2d48c2349db92af575e42,91.228,305.203,188.48,362.978,25,513,2.6172,0.3018,60.0,18.804,78.804,138.804,140.0,80.0,6.439,3.0,1.0,0.037,1.0,0.109,4384.459255,0.903608,0.0,1470,1127459,1127459,1.0,1437,1437,1.0,96000,0,1,S8|M2_LONG_LINK|43|A|L1|F1,true,false,false,/home/cyfer/FYP/WSN_simulation_V3/runs/S8_4000/outputs_production_50seed_part41_45/run_campaign_v3_S8_M2_LONG_LINK_A_L1_F1_H1_seed043_43_20260602_121035
campaign_v3_S8_M2_LONG_LINK_A_L1_F1_H1_seed044,campaign_v3_S8_M2_LONG_LINK_A_L1_F1_H1_seed044_44_20260602_121232,S8,4000,160,5,M2_LONG_LINK,44,A,L1,F1,H1,V3,map_S8_M2_LONG_LINK_seed044,65a43507f830c83134844286daaeef18b9d5427c6b4e8c33674af5eda13f70d8,89.428,305.581,189.628,349.91,25,672,2.9507,0.29,60.0,18.937,78.937,138.937,140.0,80.0,6.47,3.0,1.0,0.019,1.0,0.137,4344.280002,0.913578,0.0,1398,1127933,1127933,1.0,1437,1437,1.0,96000,0,1,S8|M2_LONG_LINK|44|A|L1|F1,true,false,false,/home/cyfer/FYP/WSN_simulation_V3/runs/S8_4000/outputs_production_50seed_part41_45/run_campaign_v3_S8_M2_LONG_LINK_A_L1_F1_H1_seed044_44_20260602_121232
campaign_v3_S8_M2_LONG_LINK_A_L1_F1_H1_seed045,campaign_v3_S8_M2_LONG_LINK_A_L1_F1_H1_seed045_45_20260602_121426,S8,4000,160,5,M2_LONG_LINK,45,A,L1,F1,H1,V3,map_S8_M2_LONG_LINK_seed045,aa25ce5774df9aa8d0c792f864b828fa69a3b1ff5309c17e0052f6697119fec1,92.704,307.008,190.463,358.982,25,564,2.8274,0.2943,60.0,19.104,79.104,139.104,140.0,80.0,6.486,3.0,1.0,0.014,1.0,0.148,4408.858135,0.897378,0.0,1493,1128320,1128320,1.0,1437,1437,1.0,96000,0,1,S8|M2_LONG_LINK|45|A|L1|F1,true,false,false,/home/cyfer/FYP/WSN_simulation_V3/runs/S8_4000/outputs_production_50seed_part41_45/run_campaign_v3_S8_M2_LONG_LINK_A_L1_F1_H1_seed045_45_20260602_121426
campaign_v3_S8_M2_LONG_LINK_A_L1_F1_H3_seed041,campaign_v3_S8_M2_LONG_LINK_A_L1_F1_H3_seed041_41_20260602_120642,S8,4000,160,5,M2_LONG_LINK,41,A,L1,F1,H3,V3,map_S8_M2_LONG_LINK_seed041,a23dd80d30f85ceadecb2f07757d98f3bb008abd5a6dbaf1cb6c638ec13764fe,93.091,309.428,187.211,354.778,25,673,2.9987,0.3015,60.0,25.044,85.044,145.044,150.0,90.0,6.388,3.0,1.0,0.027,1.0,0.102,4418.18433,0.895156,0.0,1522,1126071,1126071,1.0,1437,1437,1.0,95775,0,1,S8|M2_LONG_LINK|41|A|L1|F1,true,false,false,/home/cyfer/FYP/WSN_simulation_V3/runs/S8_4000/outputs_production_50seed_part41_45/run_campaign_v3_S8_M2_LONG_LINK_A_L1_F1_H3_seed041_41_20260602_120642
campaign_v3_S8_M2_LONG_LINK_A_L1_F1_H3_seed042,campaign_v3_S8_M2_LONG_LINK_A_L1_F1_H3_seed042_42_20260602_120841,S8,4000,160,5,M2_LONG_LINK,42,A,L1,F1,H3,V3,map_S8_M2_LONG_LINK_seed042,e1689774d659d09a5ec6f7367c6062df175b67663484277b83f5c821b6cf73af,89.799,320.955,190.029,342.604,25,754,3.0586,0.2918,60.0,24.959,84.959,144.959,150.0,90.0,6.613,3.0,1.0,0.027,1.0,0.178,4317.351273,0.920396,0.0,1405,1125760,1125760,1.0,1437,1437,1.0,95750,0,1,S8|M2_LONG_LINK|42|A|L1|F1,true,false,false,/home/cyfer/FYP/WSN_simulation_V3/runs/S8_4000/outputs_production_50seed_part41_45/run_campaign_v3_S8_M2_LONG_LINK_A_L1_F1_H3_seed042_42_20260602_120841
campaign_v3_S8_M2_LONG_LINK_A_L1_F1_H3_seed043,campaign_v3_S8_M2_LONG_LINK_A_L1_F1_H3_seed043_43_20260602_121038,S8,4000,160,5,M2_LONG_LINK,43,A,L1,F1,H3,V3,map_S8_M2_LONG_LINK_seed043,2c6a3388e5eb938d95b6c784dc78b688a76650d37bf2d48c2349db92af575e42,91.228,305.203,188.48,362.978,25,513,2.6172,0.3018,60.0,24.63,84.63,144.63,150.0,90.0,6.439,3.0,1.0,0.037,1.0,0.109,4381.493336,0.904349,0.0,1469,1125995,1125995,1.0,1437,1437,1.0,95775,0,1,S8|M2_LONG_LINK|43|A|L1|F1,true,false,false,/home/cyfer/FYP/WSN_simulation_V3/runs/S8_4000/outputs_production_50seed_part41_45/run_campaign_v3_S8_M2_LONG_LINK_A_L1_F1_H3_seed043_43_20260602_121038
campaign_v3_S8_M2_LONG_LINK_A_L1_F1_H3_seed044,campaign_v3_S8_M2_LONG_LINK_A_L1_F1_H3_seed044_44_20260602_121235,S8,4000,160,5,M2_LONG_LINK,44,A,L1,F1,H3,V3,map_S8_M2_LONG_LINK_seed044,65a43507f830c83134844286daaeef18b9d5427c6b4e8c33674af5eda13f70d8,89.428,305.581,189.628,349.91,25,672,2.9507,0.29,60.0,24.642,84.642,144.642,150.0,90.0,6.47,3.0,1.0,0.019,1.0,0.137,4342.198278,0.914099,0.0,1397,1126955,1126955,1.0,1437,1437,1.0,95850,0,1,S8|M2_LONG_LINK|44|A|L1|F1,true,false,false,/home/cyfer/FYP/WSN_simulation_V3/runs/S8_4000/outputs_production_50seed_part41_45/run_campaign_v3_S8_M2_LONG_LINK_A_L1_F1_H3_seed044_44_20260602_121235
campaign_v3_S8_M2_LONG_LINK_A_L1_F1_H3_seed045,campaign_v3_S8_M2_LONG_LINK_A_L1_F1_H3_seed045_45_20260602_121429,S8,4000,160,5,M2_LONG_LINK,45,A,L1,F1,H3,V3,map_S8_M2_LONG_LINK_seed045,aa25ce5774df9aa8d0c792f864b828fa69a3b1ff5309c17e0052f6697119fec1,92.704,307.008,190.463,358.982,25,564,2.8274,0.2943,60.0,25.321,85.321,145.321,150.0,90.0,6.486,3.0,1.0,0.014,1.0,0.148,4407.443284,0.897732,0.0,1493,1127676,1127676,1.0,1437,1437,1.0,95900,0,1,S8|M2_LONG_LINK|45|A|L1|F1,true,false,false,/home/cyfer/FYP/WSN_simulation_V3/runs/S8_4000/outputs_production_50seed_part41_45/run_campaign_v3_S8_M2_LONG_LINK_A_L1_F1_H3_seed045_45_20260602_121429
campaign_v3_S8_M2_LONG_LINK_A_L1_F1_H4_seed041,campaign_v3_S8_M2_LONG_LINK_A_L1_F1_H4_seed041_41_20260602_120645,S8,4000,160,5,M2_LONG_LINK,41,A,L1,F1,H4,V3,map_S8_M2_LONG_LINK_seed041,a23dd80d30f85ceadecb2f07757d98f3bb008abd5a6dbaf1cb6c638ec13764fe,93.091,309.428,187.211,354.778,25,673,2.9987,0.3015,60.0,28.801,88.801,148.801,150.0,90.0,6.388,3.0,1.0,0.027,1.0,0.102,4417.167683,0.89541,0.0,1523,1124896,1124896,1.0,1437,1437,1.0,95579,0,1,S8|M2_LONG_LINK|41|A|L1|F1,true,false,false,/home/cyfer/FYP/WSN_simulation_V3/runs/S8_4000/outputs_production_50seed_part41_45/run_campaign_v3_S8_M2_LONG_LINK_A_L1_F1_H4_seed041_41_20260602_120645
campaign_v3_S8_M2_LONG_LINK_A_L1_F1_H4_seed042,campaign_v3_S8_M2_LONG_LINK_A_L1_F1_H4_seed042_42_20260602_120843,S8,4000,160,5,M2_LONG_LINK,42,A,L1,F1,H4,V3,map_S8_M2_LONG_LINK_seed042,e1689774d659d09a5ec6f7367c6062df175b67663484277b83f5c821b6cf73af,89.799,320.955,190.029,342.604,25,754,3.0586,0.2918,60.0,28.884,88.884,148.884,150.0,90.0,6.613,3.0,1.0,0.027,1.0,0.178,4316.472915,0.920615,0.0,1406,1124864,1124864,1.0,1437,1437,1.0,95604,0,1,S8|M2_LONG_LINK|42|A|L1|F1,true,false,false,/home/cyfer/FYP/WSN_simulation_V3/runs/S8_4000/outputs_production_50seed_part41_45/run_campaign_v3_S8_M2_LONG_LINK_A_L1_F1_H4_seed042_42_20260602_120843
campaign_v3_S8_M2_LONG_LINK_A_L1_F1_H4_seed043,campaign_v3_S8_M2_LONG_LINK_A_L1_F1_H4_seed043_43_20260602_121041,S8,4000,160,5,M2_LONG_LINK,43,A,L1,F1,H4,V3,map_S8_M2_LONG_LINK_seed043,2c6a3388e5eb938d95b6c784dc78b688a76650d37bf2d48c2349db92af575e42,91.228,305.203,188.48,362.978,25,513,2.6172,0.3018,60.0,28.581,88.581,148.581,150.0,90.0,6.439,3.0,1.0,0.037,1.0,0.109,4380.225067,0.904666,0.0,1470,1124953,1124953,1.0,1437,1437,1.0,95604,0,1,S8|M2_LONG_LINK|43|A|L1|F1,true,false,false,/home/cyfer/FYP/WSN_simulation_V3/runs/S8_4000/outputs_production_50seed_part41_45/run_campaign_v3_S8_M2_LONG_LINK_A_L1_F1_H4_seed043_43_20260602_121041
campaign_v3_S8_M2_LONG_LINK_A_L1_F1_H4_seed044,campaign_v3_S8_M2_LONG_LINK_A_L1_F1_H4_seed044_44_20260602_121238,S8,4000,160,5,M2_LONG_LINK,44,A,L1,F1,H4,V3,map_S8_M2_LONG_LINK_seed044,65a43507f830c83134844286daaeef18b9d5427c6b4e8c33674af5eda13f70d8,89.428,305.581,189.628,349.91,25,672,2.9507,0.29,60.0,28.806,88.806,148.806,150.0,90.0,6.47,3.0,1.0,0.019,1.0,0.137,4340.807482,0.914446,0.0,1398,1125633,1125633,1.0,1437,1437,1.0,95629,0,1,S8|M2_LONG_LINK|44|A|L1|F1,true,false,false,/home/cyfer/FYP/WSN_simulation_V3/runs/S8_4000/outputs_production_50seed_part41_45/run_campaign_v3_S8_M2_LONG_LINK_A_L1_F1_H4_seed044_44_20260602_121238
campaign_v3_S8_M2_LONG_LINK_A_L1_F1_H4_seed045,campaign_v3_S8_M2_LONG_LINK_A_L1_F1_H4_seed045_45_20260602_121432,S8,4000,160,5,M2_LONG_LINK,45,A,L1,F1,H4,V3,map_S8_M2_LONG_LINK_seed045,aa25ce5774df9aa8d0c792f864b828fa69a3b1ff5309c17e0052f6697119fec1,92.704,307.008,190.463,358.982,25,564,2.8274,0.2943,60.0,28.951,88.951,148.951,150.0,90.0,6.486,3.0,1.0,0.014,1.0,0.148,4405.074277,0.898324,0.0,1493,1125640,1125640,1.0,1437,1437,1.0,95554,0,1,S8|M2_LONG_LINK|45|A|L1|F1,true,false,false,/home/cyfer/FYP/WSN_simulation_V3/runs/S8_4000/outputs_production_50seed_part41_45/run_campaign_v3_S8_M2_LONG_LINK_A_L1_F1_H4_seed045_45_20260602_121432
campaign_v3_S8_M2_LONG_LINK_A_L1_F2_H0_seed041,campaign_v3_S8_M2_LONG_LINK_A_L1_F2_H0_seed041_41_20260602_120635,S8,4000,160,5,M2_LONG_LINK,41,A,L1,F2,H0,V2,map_S8_M2_LONG_LINK_seed041,a23dd80d30f85ceadecb2f07757d98f3bb008abd5a6dbaf1cb6c638ec13764fe,93.091,309.428,187.211,354.778,25,673,2.9987,0.3015,60.0,-1.0,-1.0,-1.0,-1.0,-1.0,0.0,0.0,0.0,0.0,0.0,0.0,4415.386674,0.896153,0.0,1521,1124965,1124965,1.0,1432,1432,1.0,96085,1,0,S8|M2_LONG_LINK|41|A|L1|F2,false,false,true,/home/cyfer/FYP/WSN_simulation_V3/runs/S8_4000/outputs_production_50seed_part41_45/run_campaign_v3_S8_M2_LONG_LINK_A_L1_F2_H0_seed041_41_20260602_120635
campaign_v3_S8_M2_LONG_LINK_A_L1_F2_H0_seed042,campaign_v3_S8_M2_LONG_LINK_A_L1_F2_H0_seed042_42_20260602_120835,S8,4000,160,5,M2_LONG_LINK,42,A,L1,F2,H0,V2,map_S8_M2_LONG_LINK_seed042,e1689774d659d09a5ec6f7367c6062df175b67663484277b83f5c821b6cf73af,89.799,320.955,190.029,342.604,25,754,3.0586,0.2918,60.0,-1.0,-1.0,-1.0,-1.0,-1.0,0.0,0.0,0.0,0.0,0.0,0.0,4314.847569,0.921288,0.0,1404,1125200,1125200,1.0,1432,1432,1.0,96080,1,0,S8|M2_LONG_LINK|42|A|L1|F2,false,false,true,/home/cyfer/FYP/WSN_simulation_V3/runs/S8_4000/outputs_production_50seed_part41_45/run_campaign_v3_S8_M2_LONG_LINK_A_L1_F2_H0_seed042_42_20260602_120835
campaign_v3_S8_M2_LONG_LINK_A_L1_F2_H0_seed043,campaign_v3_S8_M2_LONG_LINK_A_L1_F2_H0_seed043_43_20260602_121032,S8,4000,160,5,M2_LONG_LINK,43,A,L1,F2,H0,V2,map_S8_M2_LONG_LINK_seed043,2c6a3388e5eb938d95b6c784dc78b688a76650d37bf2d48c2349db92af575e42,91.228,305.203,188.48,362.978,25,513,2.6172,0.3018,60.0,-1.0,-1.0,-1.0,-1.0,-1.0,0.0,0.0,0.0,0.0,0.0,0.0,4378.447505,0.905388,0.0,1468,1125200,1125200,1.0,1432,1432,1.0,96080,1,0,S8|M2_LONG_LINK|43|A|L1|F2,false,false,true,/home/cyfer/FYP/WSN_simulation_V3/runs/S8_4000/outputs_production_50seed_part41_45/run_campaign_v3_S8_M2_LONG_LINK_A_L1_F2_H0_seed043_43_20260602_121032
campaign_v3_S8_M2_LONG_LINK_A_L1_F2_H0_seed044,campaign_v3_S8_M2_LONG_LINK_A_L1_F2_H0_seed044_44_20260602_121229,S8,4000,160,5,M2_LONG_LINK,44,A,L1,F2,H0,V2,map_S8_M2_LONG_LINK_seed044,65a43507f830c83134844286daaeef18b9d5427c6b4e8c33674af5eda13f70d8,89.428,305.581,189.628,349.91,25,672,2.9507,0.29,60.0,-1.0,-1.0,-1.0,-1.0,-1.0,0.0,0.0,0.0,0.0,0.0,0.0,4339.013019,0.915247,0.0,1396,1125435,1125435,1.0,1432,1432,1.0,96075,1,0,S8|M2_LONG_LINK|44|A|L1|F2,false,false,true,/home/cyfer/FYP/WSN_simulation_V3/runs/S8_4000/outputs_production_50seed_part41_45/run_campaign_v3_S8_M2_LONG_LINK_A_L1_F2_H0_seed044_44_20260602_121229
campaign_v3_S8_M2_LONG_LINK_A_L1_F2_H0_seed045,campaign_v3_S8_M2_LONG_LINK_A_L1_F2_H0_seed045_45_20260602_121423,S8,4000,160,5,M2_LONG_LINK,45,A,L1,F2,H0,V2,map_S8_M2_LONG_LINK_seed045,aa25ce5774df9aa8d0c792f864b828fa69a3b1ff5309c17e0052f6697119fec1,92.704,307.008,190.463,358.982,25,564,2.8274,0.2943,60.0,-1.0,-1.0,-1.0,-1.0,-1.0,0.0,0.0,0.0,0.0,0.0,0.0,4403.221942,0.899195,0.0,1492,1124730,1124730,1.0,1432,1432,1.0,96090,1,0,S8|M2_LONG_LINK|45|A|L1|F2,false,false,true,/home/cyfer/FYP/WSN_simulation_V3/runs/S8_4000/outputs_production_50seed_part41_45/run_campaign_v3_S8_M2_LONG_LINK_A_L1_F2_H0_seed045_45_20260602_121423
campaign_v3_S8_M2_LONG_LINK_A_L1_F2_H1_seed041,campaign_v3_S8_M2_LONG_LINK_A_L1_F2_H1_seed041_41_20260602_120648,S8,4000,160,5,M2_LONG_LINK,41,A,L1,F2,H1,V3,map_S8_M2_LONG_LINK_seed041,a23dd80d30f85ceadecb2f07757d98f3bb008abd5a6dbaf1cb6c638ec13764fe,93.091,309.428,187.211,354.778,25,673,2.9987,0.3015,60.0,24.96,84.96,144.96,150.0,90.0,4.341,3.0,1.0,0.025,0.381,0.041,4420.795384,0.894801,0.0,1522,1127515,1127515,1.0,1437,1437,1.0,96000,0,1,S8|M2_LONG_LINK|41|A|L1|F2,true,false,false,/home/cyfer/FYP/WSN_simulation_V3/runs/S8_4000/outputs_production_50seed_part41_45/run_campaign_v3_S8_M2_LONG_LINK_A_L1_F2_H1_seed041_41_20260602_120648
campaign_v3_S8_M2_LONG_LINK_A_L1_F2_H1_seed042,campaign_v3_S8_M2_LONG_LINK_A_L1_F2_H1_seed042_42_20260602_120846,S8,4000,160,5,M2_LONG_LINK,42,A,L1,F2,H1,V3,map_S8_M2_LONG_LINK_seed042,e1689774d659d09a5ec6f7367c6062df175b67663484277b83f5c821b6cf73af,89.799,320.955,190.029,342.604,25,754,3.0586,0.2918,60.0,24.93,84.93,144.93,150.0,90.0,4.297,3.0,1.0,0.021,0.373,0.038,4320.309945,0.919923,0.0,1405,1127600,1127600,1.0,1437,1437,1.0,96000,0,1,S8|M2_LONG_LINK|42|A|L1|F2,true,false,false,/home/cyfer/FYP/WSN_simulation_V3/runs/S8_4000/outputs_production_50seed_part41_45/run_campaign_v3_S8_M2_LONG_LINK_A_L1_F2_H1_seed042_42_20260602_120846
campaign_v3_S8_M2_LONG_LINK_A_L1_F2_H1_seed043,campaign_v3_S8_M2_LONG_LINK_A_L1_F2_H1_seed043_43_20260602_121045,S8,4000,160,5,M2_LONG_LINK,43,A,L1,F2,H1,V3,map_S8_M2_LONG_LINK_seed043,2c6a3388e5eb938d95b6c784dc78b688a76650d37bf2d48c2349db92af575e42,91.228,305.203,188.48,362.978,25,513,2.6172,0.3018,60.0,25.149,85.149,145.149,150.0,90.0,4.84,3.0,1.0,0.031,0.398,0.184,4384.205557,0.903949,0.0,1469,1127584,1127584,1.0,1437,1437,1.0,96000,0,1,S8|M2_LONG_LINK|43|A|L1|F2,true,false,false,/home/cyfer/FYP/WSN_simulation_V3/runs/S8_4000/outputs_production_50seed_part41_45/run_campaign_v3_S8_M2_LONG_LINK_A_L1_F2_H1_seed043_43_20260602_121045
campaign_v3_S8_M2_LONG_LINK_A_L1_F2_H1_seed044,campaign_v3_S8_M2_LONG_LINK_A_L1_F2_H1_seed044_44_20260602_121241,S8,4000,160,5,M2_LONG_LINK,44,A,L1,F2,H1,V3,map_S8_M2_LONG_LINK_seed044,65a43507f830c83134844286daaeef18b9d5427c6b4e8c33674af5eda13f70d8,89.428,305.581,189.628,349.91,25,672,2.9507,0.29,60.0,25.2,85.2,145.2,150.0,90.0,4.401,3.0,1.0,0.022,0.347,0.097,4344.127381,0.913968,0.0,1397,1127670,1127670,1.0,1437,1437,1.0,96000,0,1,S8|M2_LONG_LINK|44|A|L1|F2,true,false,false,/home/cyfer/FYP/WSN_simulation_V3/runs/S8_4000/outputs_production_50seed_part41_45/run_campaign_v3_S8_M2_LONG_LINK_A_L1_F2_H1_seed044_44_20260602_121241
campaign_v3_S8_M2_LONG_LINK_A_L1_F2_H1_seed045,campaign_v3_S8_M2_LONG_LINK_A_L1_F2_H1_seed045_45_20260602_121436,S8,4000,160,5,M2_LONG_LINK,45,A,L1,F2,H1,V3,map_S8_M2_LONG_LINK_seed045,aa25ce5774df9aa8d0c792f864b828fa69a3b1ff5309c17e0052f6697119fec1,92.704,307.008,190.463,358.982,25,564,2.8274,0.2943,60.0,25.207,85.207,145.207,150.0,90.0,4.744,3.0,1.0,0.032,0.409,0.141,4408.836884,0.897791,0.0,1493,1127412,1127412,1.0,1437,1437,1.0,96000,0,1,S8|M2_LONG_LINK|45|A|L1|F2,true,false,false,/home/cyfer/FYP/WSN_simulation_V3/runs/S8_4000/outputs_production_50seed_part41_45/run_campaign_v3_S8_M2_LONG_LINK_A_L1_F2_H1_seed045_45_20260602_121436
campaign_v3_S8_M2_LONG_LINK_A_L1_F2_H3_seed041,campaign_v3_S8_M2_LONG_LINK_A_L1_F2_H3_seed041_41_20260602_120650,S8,4000,160,5,M2_LONG_LINK,41,A,L1,F2,H3,V3,map_S8_M2_LONG_LINK_seed041,a23dd80d30f85ceadecb2f07757d98f3bb008abd5a6dbaf1cb6c638ec13764fe,93.091,309.428,187.211,354.778,25,673,2.9987,0.3015,60.0,30.394,90.394,150.394,160.0,100.0,4.341,3.0,1.0,0.025,0.381,0.041,4418.42949,0.895393,0.0,1521,1126261,1126261,1.0,1436,1436,1.0,95800,0,1,S8|M2_LONG_LINK|41|A|L1|F2,true,false,false,/home/cyfer/FYP/WSN_simulation_V3/runs/S8_4000/outputs_production_50seed_part41_45/run_campaign_v3_S8_M2_LONG_LINK_A_L1_F2_H3_seed041_41_20260602_120650
campaign_v3_S8_M2_LONG_LINK_A_L1_F2_H3_seed042,campaign_v3_S8_M2_LONG_LINK_A_L1_F2_H3_seed042_42_20260602_120848,S8,4000,160,5,M2_LONG_LINK,42,A,L1,F2,H3,V3,map_S8_M2_LONG_LINK_seed042,e1689774d659d09a5ec6f7367c6062df175b67663484277b83f5c821b6cf73af,89.799,320.955,190.029,342.604,25,754,3.0586,0.2918,60.0,30.63,90.63,150.63,160.0,100.0,4.297,3.0,1.0,0.021,0.373,0.038,4317.629769,0.920593,0.0,1404,1126352,1126352,1.0,1436,1436,1.0,95800,0,1,S8|M2_LONG_LINK|42|A|L1|F2,true,false,false,/home/cyfer/FYP/WSN_simulation_V3/runs/S8_4000/outputs_production_50seed_part41_45/run_campaign_v3_S8_M2_LONG_LINK_A_L1_F2_H3_seed042_42_20260602_120848
campaign_v3_S8_M2_LONG_LINK_A_L1_F2_H3_seed043,campaign_v3_S8_M2_LONG_LINK_A_L1_F2_H3_seed043_43_20260602_121046,S8,4000,160,5,M2_LONG_LINK,43,A,L1,F2,H3,V3,map_S8_M2_LONG_LINK_seed043,2c6a3388e5eb938d95b6c784dc78b688a76650d37bf2d48c2349db92af575e42,91.228,305.203,188.48,362.978,25,513,2.6172,0.3018,60.0,31.769,91.769,151.769,160.0,100.0,4.84,3.0,1.0,0.031,0.398,0.184,4381.767467,0.904558,0.0,1468,1126344,1126344,1.0,1436,1436,1.0,95800,0,1,S8|M2_LONG_LINK|43|A|L1|F2,true,false,false,/home/cyfer/FYP/WSN_simulation_V3/runs/S8_4000/outputs_production_50seed_part41_45/run_campaign_v3_S8_M2_LONG_LINK_A_L1_F2_H3_seed043_43_20260602_121046
campaign_v3_S8_M2_LONG_LINK_A_L1_F2_H3_seed044,campaign_v3_S8_M2_LONG_LINK_A_L1_F2_H3_seed044_44_20260602_121242,S8,4000,160,5,M2_LONG_LINK,44,A,L1,F2,H3,V3,map_S8_M2_LONG_LINK_seed044,65a43507f830c83134844286daaeef18b9d5427c6b4e8c33674af5eda13f70d8,89.428,305.581,189.628,349.91,25,672,2.9507,0.29,60.0,31.228,91.228,151.228,160.0,100.0,4.401,3.0,1.0,0.022,0.347,0.097,4341.687287,0.914578,0.0,1396,1126579,1126579,1.0,1436,1436,1.0,95825,0,1,S8|M2_LONG_LINK|44|A|L1|F2,true,false,false,/home/cyfer/FYP/WSN_simulation_V3/runs/S8_4000/outputs_production_50seed_part41_45/run_campaign_v3_S8_M2_LONG_LINK_A_L1_F2_H3_seed044_44_20260602_121242
campaign_v3_S8_M2_LONG_LINK_A_L1_F2_H3_seed045,campaign_v3_S8_M2_LONG_LINK_A_L1_F2_H3_seed045_45_20260602_121438,S8,4000,160,5,M2_LONG_LINK,45,A,L1,F2,H3,V3,map_S8_M2_LONG_LINK_seed045,aa25ce5774df9aa8d0c792f864b828fa69a3b1ff5309c17e0052f6697119fec1,92.704,307.008,190.463,358.982,25,564,2.8274,0.2943,60.0,31.393,91.393,151.393,160.0,100.0,4.744,3.0,1.0,0.032,0.409,0.141,4406.273271,0.898432,0.0,1492,1126017,1126017,1.0,1436,1436,1.0,95775,0,1,S8|M2_LONG_LINK|45|A|L1|F2,true,false,false,/home/cyfer/FYP/WSN_simulation_V3/runs/S8_4000/outputs_production_50seed_part41_45/run_campaign_v3_S8_M2_LONG_LINK_A_L1_F2_H3_seed045_45_20260602_121438
campaign_v3_S8_M2_LONG_LINK_A_L1_F2_H4_seed041,campaign_v3_S8_M2_LONG_LINK_A_L1_F2_H4_seed041_41_20260602_120651,S8,4000,160,5,M2_LONG_LINK,41,A,L1,F2,H4,V3,map_S8_M2_LONG_LINK_seed041,a23dd80d30f85ceadecb2f07757d98f3bb008abd5a6dbaf1cb6c638ec13764fe,93.091,309.428,187.211,354.778,25,673,2.9987,0.3015,60.0,34.537,94.537,154.537,160.0,100.0,4.341,3.0,1.0,0.025,0.381,0.041,4420.564424,0.894859,0.0,1522,1127345,1127345,1.0,1436,1436,1.0,96000,0,1,S8|M2_LONG_LINK|41|A|L1|F2,true,false,false,/home/cyfer/FYP/WSN_simulation_V3/runs/S8_4000/outputs_production_50seed_part41_45/run_campaign_v3_S8_M2_LONG_LINK_A_L1_F2_H4_seed041_41_20260602_120651
campaign_v3_S8_M2_LONG_LINK_A_L1_F2_H4_seed042,campaign_v3_S8_M2_LONG_LINK_A_L1_F2_H4_seed042_42_20260602_120849,S8,4000,160,5,M2_LONG_LINK,42,A,L1,F2,H4,V3,map_S8_M2_LONG_LINK_seed042,e1689774d659d09a5ec6f7367c6062df175b67663484277b83f5c821b6cf73af,89.799,320.955,190.029,342.604,25,754,3.0586,0.2918,60.0,35.263,95.263,155.263,160.0,100.0,4.297,3.0,1.0,0.021,0.373,0.038,4320.051955,0.919987,0.0,1405,1127424,1127424,1.0,1436,1436,1.0,96000,0,1,S8|M2_LONG_LINK|42|A|L1|F2,true,false,false,/home/cyfer/FYP/WSN_simulation_V3/runs/S8_4000/outputs_production_50seed_part41_45/run_campaign_v3_S8_M2_LONG_LINK_A_L1_F2_H4_seed042_42_20260602_120849
campaign_v3_S8_M2_LONG_LINK_A_L1_F2_H4_seed043,campaign_v3_S8_M2_LONG_LINK_A_L1_F2_H4_seed043_43_20260602_121047,S8,4000,160,5,M2_LONG_LINK,43,A,L1,F2,H4,V3,map_S8_M2_LONG_LINK_seed043,2c6a3388e5eb938d95b6c784dc78b688a76650d37bf2d48c2349db92af575e42,91.228,305.203,188.48,362.978,25,513,2.6172,0.3018,60.0,35.813,95.813,155.813,160.0,100.0,4.84,3.0,1.0,0.031,0.398,0.184,4383.948763,0.904013,0.0,1469,1127424,1127424,1.0,1436,1436,1.0,96000,0,1,S8|M2_LONG_LINK|43|A|L1|F2,true,false,false,/home/cyfer/FYP/WSN_simulation_V3/runs/S8_4000/outputs_production_50seed_part41_45/run_campaign_v3_S8_M2_LONG_LINK_A_L1_F2_H4_seed043_43_20260602_121047
campaign_v3_S8_M2_LONG_LINK_A_L1_F2_H4_seed044,campaign_v3_S8_M2_LONG_LINK_A_L1_F2_H4_seed044_44_20260602_121243,S8,4000,160,5,M2_LONG_LINK,44,A,L1,F2,H4,V3,map_S8_M2_LONG_LINK_seed044,65a43507f830c83134844286daaeef18b9d5427c6b4e8c33674af5eda13f70d8,89.428,305.581,189.628,349.91,25,672,2.9507,0.29,60.0,35.331,95.331,155.331,160.0,100.0,4.401,3.0,1.0,0.022,0.347,0.097,4343.914884,0.914021,0.0,1397,1127520,1127520,1.0,1436,1436,1.0,96000,0,1,S8|M2_LONG_LINK|44|A|L1|F2,true,false,false,/home/cyfer/FYP/WSN_simulation_V3/runs/S8_4000/outputs_production_50seed_part41_45/run_campaign_v3_S8_M2_LONG_LINK_A_L1_F2_H4_seed044_44_20260602_121243
campaign_v3_S8_M2_LONG_LINK_A_L1_F2_H4_seed045,campaign_v3_S8_M2_LONG_LINK_A_L1_F2_H4_seed045_45_20260602_121439,S8,4000,160,5,M2_LONG_LINK,45,A,L1,F2,H4,V3,map_S8_M2_LONG_LINK_seed045,aa25ce5774df9aa8d0c792f864b828fa69a3b1ff5309c17e0052f6697119fec1,92.704,307.008,190.463,358.982,25,564,2.8274,0.2943,60.0,35.471,95.471,155.471,160.0,100.0,4.744,3.0,1.0,0.032,0.409,0.141,4408.59019,0.897852,0.0,1493,1127232,1127232,1.0,1436,1436,1.0,96000,0,1,S8|M2_LONG_LINK|45|A|L1|F2,true,false,false,/home/cyfer/FYP/WSN_simulation_V3/runs/S8_4000/outputs_production_50seed_part41_45/run_campaign_v3_S8_M2_LONG_LINK_A_L1_F2_H4_seed045_45_20260602_121439
campaign_v3_S8_M2_LONG_LINK_A_L1_F3_H0_seed041,campaign_v3_S8_M2_LONG_LINK_A_L1_F3_H0_seed041_41_20260602_120637,S8,4000,160,5,M2_LONG_LINK,41,A,L1,F3,H0,V2,map_S8_M2_LONG_LINK_seed041,a23dd80d30f85ceadecb2f07757d98f3bb008abd5a6dbaf1cb6c638ec13764fe,93.091,309.428,187.211,354.778,25,673,2.9987,0.3015,60.0,-1.0,-1.0,-1.0,-1.0,-1.0,0.0,0.0,0.0,0.0,0.0,0.0,4416.48181,0.89588,0.0,1521,1126375,1126375,1.0,1432,1432,1.0,96055,1,0,S8|M2_LONG_LINK|41|A|L1|F3,false,false,true,/home/cyfer/FYP/WSN_simulation_V3/runs/S8_4000/outputs_production_50seed_part41_45/run_campaign_v3_S8_M2_LONG_LINK_A_L1_F3_H0_seed041_41_20260602_120637
campaign_v3_S8_M2_LONG_LINK_A_L1_F3_H0_seed042,campaign_v3_S8_M2_LONG_LINK_A_L1_F3_H0_seed042_42_20260602_120836,S8,4000,160,5,M2_LONG_LINK,42,A,L1,F3,H0,V2,map_S8_M2_LONG_LINK_seed042,e1689774d659d09a5ec6f7367c6062df175b67663484277b83f5c821b6cf73af,89.799,320.955,190.029,342.604,25,754,3.0586,0.2918,60.0,-1.0,-1.0,-1.0,-1.0,-1.0,0.0,0.0,0.0,0.0,0.0,0.0,4318.77516,0.920306,0.0,1405,1127785,1127785,1.0,1432,1432,1.0,96025,1,0,S8|M2_LONG_LINK|42|A|L1|F3,false,false,true,/home/cyfer/FYP/WSN_simulation_V3/runs/S8_4000/outputs_production_50seed_part41_45/run_campaign_v3_S8_M2_LONG_LINK_A_L1_F3_H0_seed042_42_20260602_120836
campaign_v3_S8_M2_LONG_LINK_A_L1_F3_H0_seed043,campaign_v3_S8_M2_LONG_LINK_A_L1_F3_H0_seed043_43_20260602_121033,S8,4000,160,5,M2_LONG_LINK,43,A,L1,F3,H0,V2,map_S8_M2_LONG_LINK_seed043,2c6a3388e5eb938d95b6c784dc78b688a76650d37bf2d48c2349db92af575e42,91.228,305.203,188.48,362.978,25,513,2.6172,0.3018,60.0,-1.0,-1.0,-1.0,-1.0,-1.0,0.0,0.0,0.0,0.0,0.0,0.0,4381.550524,0.904612,0.0,1468,1126845,1126845,1.0,1432,1432,1.0,96045,1,0,S8|M2_LONG_LINK|43|A|L1|F3,false,false,true,/home/cyfer/FYP/WSN_simulation_V3/runs/S8_4000/outputs_production_50seed_part41_45/run_campaign_v3_S8_M2_LONG_LINK_A_L1_F3_H0_seed043_43_20260602_121033
campaign_v3_S8_M2_LONG_LINK_A_L1_F3_H0_seed044,campaign_v3_S8_M2_LONG_LINK_A_L1_F3_H0_seed044_44_20260602_121230,S8,4000,160,5,M2_LONG_LINK,44,A,L1,F3,H0,V2,map_S8_M2_LONG_LINK_seed044,65a43507f830c83134844286daaeef18b9d5427c6b4e8c33674af5eda13f70d8,89.428,305.581,189.628,349.91,25,672,2.9507,0.29,60.0,-1.0,-1.0,-1.0,-1.0,-1.0,0.0,0.0,0.0,0.0,0.0,0.0,4338.015191,0.915496,0.0,1396,1124965,1124965,1.0,1432,1432,1.0,96085,1,0,S8|M2_LONG_LINK|44|A|L1|F3,false,false,true,/home/cyfer/FYP/WSN_simulation_V3/runs/S8_4000/outputs_production_50seed_part41_45/run_campaign_v3_S8_M2_LONG_LINK_A_L1_F3_H0_seed044_44_20260602_121230
campaign_v3_S8_M2_LONG_LINK_A_L1_F3_H0_seed045,campaign_v3_S8_M2_LONG_LINK_A_L1_F3_H0_seed045_45_20260602_121424,S8,4000,160,5,M2_LONG_LINK,45,A,L1,F3,H0,V2,map_S8_M2_LONG_LINK_seed045,aa25ce5774df9aa8d0c792f864b828fa69a3b1ff5309c17e0052f6697119fec1,92.704,307.008,190.463,358.982,25,564,2.8274,0.2943,60.0,-1.0,-1.0,-1.0,-1.0,-1.0,0.0,0.0,0.0,0.0,0.0,0.0,4405.872588,0.898532,0.0,1492,1127080,1127080,1.0,1432,1432,1.0,96040,1,0,S8|M2_LONG_LINK|45|A|L1|F3,false,false,true,/home/cyfer/FYP/WSN_simulation_V3/runs/S8_4000/outputs_production_50seed_part41_45/run_campaign_v3_S8_M2_LONG_LINK_A_L1_F3_H0_seed045_45_20260602_121424
campaign_v3_S8_M2_LONG_LINK_A_L1_F3_H1_seed041,campaign_v3_S8_M2_LONG_LINK_A_L1_F3_H1_seed041_41_20260602_120652,S8,4000,160,5,M2_LONG_LINK,41,A,L1,F3,H1,V3,map_S8_M2_LONG_LINK_seed041,a23dd80d30f85ceadecb2f07757d98f3bb008abd5a6dbaf1cb6c638ec13764fe,93.091,309.428,187.211,354.778,25,673,2.9987,0.3015,60.0,28.358,88.358,148.358,150.0,90.0,4.28,3.0,1.0,0.016,0.265,0.145,4416.626857,0.895843,0.0,1521,1126395,1126395,1.0,1437,1437,1.0,95729,0,1,S8|M2_LONG_LINK|41|A|L1|F3,true,false,false,/home/cyfer/FYP/WSN_simulation_V3/runs/S8_4000/outputs_production_50seed_part41_45/run_campaign_v3_S8_M2_LONG_LINK_A_L1_F3_H1_seed041_41_20260602_120652
campaign_v3_S8_M2_LONG_LINK_A_L1_F3_H1_seed042,campaign_v3_S8_M2_LONG_LINK_A_L1_F3_H1_seed042_42_20260602_120850,S8,4000,160,5,M2_LONG_LINK,42,A,L1,F3,H1,V3,map_S8_M2_LONG_LINK_seed042,e1689774d659d09a5ec6f7367c6062df175b67663484277b83f5c821b6cf73af,89.799,320.955,190.029,342.604,25,754,3.0586,0.2918,60.0,28.766,88.766,148.766,150.0,90.0,3.793,3.0,1.0,0.007,0.122,0.136,4318.890612,0.920277,0.0,1405,1127805,1127805,1.0,1437,1437,1.0,95879,0,1,S8|M2_LONG_LINK|42|A|L1|F3,true,false,false,/home/cyfer/FYP/WSN_simulation_V3/runs/S8_4000/outputs_production_50seed_part41_45/run_campaign_v3_S8_M2_LONG_LINK_A_L1_F3_H1_seed042_42_20260602_120850
campaign_v3_S8_M2_LONG_LINK_A_L1_F3_H1_seed043,campaign_v3_S8_M2_LONG_LINK_A_L1_F3_H1_seed043_43_20260602_121048,S8,4000,160,5,M2_LONG_LINK,43,A,L1,F3,H1,V3,map_S8_M2_LONG_LINK_seed043,2c6a3388e5eb938d95b6c784dc78b688a76650d37bf2d48c2349db92af575e42,91.228,305.203,188.48,362.978,25,513,2.6172,0.3018,60.0,28.31,88.31,148.31,150.0,90.0,4.033,3.0,1.0,0.018,0.205,0.122,4381.686505,0.904578,0.0,1468,1126865,1126865,1.0,1437,1437,1.0,95779,0,1,S8|M2_LONG_LINK|43|A|L1|F3,true,false,false,/home/cyfer/FYP/WSN_simulation_V3/runs/S8_4000/outputs_production_50seed_part41_45/run_campaign_v3_S8_M2_LONG_LINK_A_L1_F3_H1_seed043_43_20260602_121048
campaign_v3_S8_M2_LONG_LINK_A_L1_F3_H1_seed044,campaign_v3_S8_M2_LONG_LINK_A_L1_F3_H1_seed044_44_20260602_121244,S8,4000,160,5,M2_LONG_LINK,44,A,L1,F3,H1,V3,map_S8_M2_LONG_LINK_seed044,65a43507f830c83134844286daaeef18b9d5427c6b4e8c33674af5eda13f70d8,89.428,305.581,189.628,349.91,25,672,2.9507,0.29,60.0,28.665,88.665,148.665,150.0,90.0,4.621,3.0,1.0,0.025,0.405,0.11,4338.203363,0.915449,0.0,1396,1124985,1124985,1.0,1437,1437,1.0,95579,0,1,S8|M2_LONG_LINK|44|A|L1|F3,true,false,false,/home/cyfer/FYP/WSN_simulation_V3/runs/S8_4000/outputs_production_50seed_part41_45/run_campaign_v3_S8_M2_LONG_LINK_A_L1_F3_H1_seed044_44_20260602_121244
campaign_v3_S8_M2_LONG_LINK_A_L1_F3_H1_seed045,campaign_v3_S8_M2_LONG_LINK_A_L1_F3_H1_seed045_45_20260602_121440,S8,4000,160,5,M2_LONG_LINK,45,A,L1,F3,H1,V3,map_S8_M2_LONG_LINK_seed045,aa25ce5774df9aa8d0c792f864b828fa69a3b1ff5309c17e0052f6697119fec1,92.704,307.008,190.463,358.982,25,564,2.8274,0.2943,60.0,28.685,88.685,148.685,150.0,90.0,3.984,3.0,1.0,0.014,0.188,0.126,4406.009267,0.898498,0.0,1492,1127100,1127100,1.0,1437,1437,1.0,95804,0,1,S8|M2_LONG_LINK|45|A|L1|F3,true,false,false,/home/cyfer/FYP/WSN_simulation_V3/runs/S8_4000/outputs_production_50seed_part41_45/run_campaign_v3_S8_M2_LONG_LINK_A_L1_F3_H1_seed045_45_20260602_121440
campaign_v3_S8_M2_LONG_LINK_A_L1_F3_H3_seed041,campaign_v3_S8_M2_LONG_LINK_A_L1_F3_H3_seed041_41_20260602_120653,S8,4000,160,5,M2_LONG_LINK,41,A,L1,F3,H3,V3,map_S8_M2_LONG_LINK_seed041,a23dd80d30f85ceadecb2f07757d98f3bb008abd5a6dbaf1cb6c638ec13764fe,93.091,309.428,187.211,354.778,25,673,2.9987,0.3015,60.0,34.9,94.9,154.9,160.0,100.0,4.28,3.0,1.0,0.016,0.265,0.145,4416.618089,0.895845,0.0,1521,1126391,1126391,1.0,1436,1436,1.0,95729,0,1,S8|M2_LONG_LINK|41|A|L1|F3,true,false,false,/home/cyfer/FYP/WSN_simulation_V3/runs/S8_4000/outputs_production_50seed_part41_45/run_campaign_v3_S8_M2_LONG_LINK_A_L1_F3_H3_seed041_41_20260602_120653
campaign_v3_S8_M2_LONG_LINK_A_L1_F3_H3_seed042,campaign_v3_S8_M2_LONG_LINK_A_L1_F3_H3_seed042_42_20260602_120851,S8,4000,160,5,M2_LONG_LINK,42,A,L1,F3,H3,V3,map_S8_M2_LONG_LINK_seed042,e1689774d659d09a5ec6f7367c6062df175b67663484277b83f5c821b6cf73af,89.799,320.955,190.029,342.604,25,754,3.0586,0.2918,60.0,34.377,94.377,154.377,160.0,100.0,3.793,3.0,1.0,0.007,0.122,0.136,4318.875563,0.920281,0.0,1405,1127801,1127801,1.0,1436,1436,1.0,95879,0,1,S8|M2_LONG_LINK|42|A|L1|F3,true,false,false,/home/cyfer/FYP/WSN_simulation_V3/runs/S8_4000/outputs_production_50seed_part41_45/run_campaign_v3_S8_M2_LONG_LINK_A_L1_F3_H3_seed042_42_20260602_120851
campaign_v3_S8_M2_LONG_LINK_A_L1_F3_H3_seed043,campaign_v3_S8_M2_LONG_LINK_A_L1_F3_H3_seed043_43_20260602_121049,S8,4000,160,5,M2_LONG_LINK,43,A,L1,F3,H3,V3,map_S8_M2_LONG_LINK_seed043,2c6a3388e5eb938d95b6c784dc78b688a76650d37bf2d48c2349db92af575e42,91.228,305.203,188.48,362.978,25,513,2.6172,0.3018,60.0,34.425,94.425,154.425,160.0,100.0,4.033,3.0,1.0,0.018,0.205,0.122,4381.663458,0.904584,0.0,1468,1126861,1126861,1.0,1436,1436,1.0,95779,0,1,S8|M2_LONG_LINK|43|A|L1|F3,true,false,false,/home/cyfer/FYP/WSN_simulation_V3/runs/S8_4000/outputs_production_50seed_part41_45/run_campaign_v3_S8_M2_LONG_LINK_A_L1_F3_H3_seed043_43_20260602_121049
campaign_v3_S8_M2_LONG_LINK_A_L1_F3_H3_seed044,campaign_v3_S8_M2_LONG_LINK_A_L1_F3_H3_seed044_44_20260602_121245,S8,4000,160,5,M2_LONG_LINK,44,A,L1,F3,H3,V3,map_S8_M2_LONG_LINK_seed044,65a43507f830c83134844286daaeef18b9d5427c6b4e8c33674af5eda13f70d8,89.428,305.581,189.628,349.91,25,672,2.9507,0.29,60.0,35.317,95.317,155.317,160.0,100.0,4.621,3.0,1.0,0.025,0.405,0.11,4338.184283,0.915454,0.0,1396,1124981,1124981,1.0,1436,1436,1.0,95579,0,1,S8|M2_LONG_LINK|44|A|L1|F3,true,false,false,/home/cyfer/FYP/WSN_simulation_V3/runs/S8_4000/outputs_production_50seed_part41_45/run_campaign_v3_S8_M2_LONG_LINK_A_L1_F3_H3_seed044_44_20260602_121245
campaign_v3_S8_M2_LONG_LINK_A_L1_F3_H3_seed045,campaign_v3_S8_M2_LONG_LINK_A_L1_F3_H3_seed045_45_20260602_121441,S8,4000,160,5,M2_LONG_LINK,45,A,L1,F3,H3,V3,map_S8_M2_LONG_LINK_seed045,aa25ce5774df9aa8d0c792f864b828fa69a3b1ff5309c17e0052f6697119fec1,92.704,307.008,190.463,358.982,25,564,2.8274,0.2943,60.0,34.709,94.709,154.709,160.0,100.0,3.984,3.0,1.0,0.014,0.188,0.126,4405.99034,0.898502,0.0,1492,1127096,1127096,1.0,1436,1436,1.0,95804,0,1,S8|M2_LONG_LINK|45|A|L1|F3,true,false,false,/home/cyfer/FYP/WSN_simulation_V3/runs/S8_4000/outputs_production_50seed_part41_45/run_campaign_v3_S8_M2_LONG_LINK_A_L1_F3_H3_seed045_45_20260602_121441
campaign_v3_S8_M2_LONG_LINK_A_L1_F3_H4_seed041,campaign_v3_S8_M2_LONG_LINK_A_L1_F3_H4_seed041_41_20260602_120654,S8,4000,160,5,M2_LONG_LINK,41,A,L1,F3,H4,V3,map_S8_M2_LONG_LINK_seed041,a23dd80d30f85ceadecb2f07757d98f3bb008abd5a6dbaf1cb6c638ec13764fe,93.091,309.428,187.211,354.778,25,673,2.9987,0.3015,60.0,39.171,99.171,159.171,160.0,100.0,4.28,3.0,1.0,0.016,0.265,0.145,4416.610888,0.895847,0.0,1521,1126391,1126391,1.0,1436,1436,1.0,95729,0,1,S8|M2_LONG_LINK|41|A|L1|F3,true,false,false,/home/cyfer/FYP/WSN_simulation_V3/runs/S8_4000/outputs_production_50seed_part41_45/run_campaign_v3_S8_M2_LONG_LINK_A_L1_F3_H4_seed041_41_20260602_120654
campaign_v3_S8_M2_LONG_LINK_A_L1_F3_H4_seed042,campaign_v3_S8_M2_LONG_LINK_A_L1_F3_H4_seed042_42_20260602_120852,S8,4000,160,5,M2_LONG_LINK,42,A,L1,F3,H4,V3,map_S8_M2_LONG_LINK_seed042,e1689774d659d09a5ec6f7367c6062df175b67663484277b83f5c821b6cf73af,89.799,320.955,190.029,342.604,25,754,3.0586,0.2918,60.0,38.432,98.432,158.432,160.0,100.0,3.793,3.0,1.0,0.007,0.122,0.136,4318.873362,0.920282,0.0,1405,1127801,1127801,1.0,1436,1436,1.0,95879,0,1,S8|M2_LONG_LINK|42|A|L1|F3,true,false,false,/home/cyfer/FYP/WSN_simulation_V3/runs/S8_4000/outputs_production_50seed_part41_45/run_campaign_v3_S8_M2_LONG_LINK_A_L1_F3_H4_seed042_42_20260602_120852
campaign_v3_S8_M2_LONG_LINK_A_L1_F3_H4_seed043,campaign_v3_S8_M2_LONG_LINK_A_L1_F3_H4_seed043_43_20260602_121050,S8,4000,160,5,M2_LONG_LINK,43,A,L1,F3,H4,V3,map_S8_M2_LONG_LINK_seed043,2c6a3388e5eb938d95b6c784dc78b688a76650d37bf2d48c2349db92af575e42,91.228,305.203,188.48,362.978,25,513,2.6172,0.3018,60.0,38.966,98.966,158.966,160.0,100.0,4.033,3.0,1.0,0.018,0.205,0.122,4381.669949,0.904583,0.0,1468,1126861,1126861,1.0,1436,1436,1.0,95779,0,1,S8|M2_LONG_LINK|43|A|L1|F3,true,false,false,/home/cyfer/FYP/WSN_simulation_V3/runs/S8_4000/outputs_production_50seed_part41_45/run_campaign_v3_S8_M2_LONG_LINK_A_L1_F3_H4_seed043_43_20260602_121050
campaign_v3_S8_M2_LONG_LINK_A_L1_F3_H4_seed044,campaign_v3_S8_M2_LONG_LINK_A_L1_F3_H4_seed044_44_20260602_121246,S8,4000,160,5,M2_LONG_LINK,44,A,L1,F3,H4,V3,map_S8_M2_LONG_LINK_seed044,65a43507f830c83134844286daaeef18b9d5427c6b4e8c33674af5eda13f70d8,89.428,305.581,189.628,349.91,25,672,2.9507,0.29,60.0,39.014,99.014,159.014,160.0,100.0,4.621,3.0,1.0,0.025,0.405,0.11,4338.185969,0.915454,0.0,1396,1124981,1124981,1.0,1436,1436,1.0,95579,0,1,S8|M2_LONG_LINK|44|A|L1|F3,true,false,false,/home/cyfer/FYP/WSN_simulation_V3/runs/S8_4000/outputs_production_50seed_part41_45/run_campaign_v3_S8_M2_LONG_LINK_A_L1_F3_H4_seed044_44_20260602_121246
campaign_v3_S8_M2_LONG_LINK_A_L1_F3_H4_seed045,campaign_v3_S8_M2_LONG_LINK_A_L1_F3_H4_seed045_45_20260602_121442,S8,4000,160,5,M2_LONG_LINK,45,A,L1,F3,H4,V3,map_S8_M2_LONG_LINK_seed045,aa25ce5774df9aa8d0c792f864b828fa69a3b1ff5309c17e0052f6697119fec1,92.704,307.008,190.463,358.982,25,564,2.8274,0.2943,60.0,38.305,98.305,158.305,160.0,100.0,3.984,3.0,1.0,0.014,0.188,0.126,4405.991371,0.898502,0.0,1492,1127096,1127096,1.0,1436,1436,1.0,95804,0,1,S8|M2_LONG_LINK|45|A|L1|F3,true,false,false,/home/cyfer/FYP/WSN_simulation_V3/runs/S8_4000/outputs_production_50seed_part41_45/run_campaign_v3_S8_M2_LONG_LINK_A_L1_F3_H4_seed045_45_20260602_121442
campaign_v3_S8_M2_LONG_LINK_A_L1_F4_H0_seed041,campaign_v3_S8_M2_LONG_LINK_A_L1_F4_H0_seed041_41_20260602_120638,S8,4000,160,5,M2_LONG_LINK,41,A,L1,F4,H0,V2,map_S8_M2_LONG_LINK_seed041,a23dd80d30f85ceadecb2f07757d98f3bb008abd5a6dbaf1cb6c638ec13764fe,93.091,309.428,187.211,354.778,25,673,2.9987,0.3015,60.0,-1.0,-1.0,-1.0,-1.0,-1.0,0.0,0.0,0.0,0.0,0.0,0.0,4415.095695,0.896226,0.0,1521,1124730,1124730,1.0,1432,1432,1.0,96090,1,0,S8|M2_LONG_LINK|41|A|L1|F4,false,false,true,/home/cyfer/FYP/WSN_simulation_V3/runs/S8_4000/outputs_production_50seed_part41_45/run_campaign_v3_S8_M2_LONG_LINK_A_L1_F4_H0_seed041_41_20260602_120638
campaign_v3_S8_M2_LONG_LINK_A_L1_F4_H0_seed042,campaign_v3_S8_M2_LONG_LINK_A_L1_F4_H0_seed042_42_20260602_120837,S8,4000,160,5,M2_LONG_LINK,42,A,L1,F4,H0,V2,map_S8_M2_LONG_LINK_seed042,e1689774d659d09a5ec6f7367c6062df175b67663484277b83f5c821b6cf73af,89.799,320.955,190.029,342.604,25,754,3.0586,0.2918,60.0,-1.0,-1.0,-1.0,-1.0,-1.0,0.0,0.0,0.0,0.0,0.0,0.0,4313.65798,0.921586,0.0,1404,1124260,1124260,1.0,1432,1432,1.0,96100,1,0,S8|M2_LONG_LINK|42|A|L1|F4,false,false,true,/home/cyfer/FYP/WSN_simulation_V3/runs/S8_4000/outputs_production_50seed_part41_45/run_campaign_v3_S8_M2_LONG_LINK_A_L1_F4_H0_seed042_42_20260602_120837
campaign_v3_S8_M2_LONG_LINK_A_L1_F4_H0_seed043,campaign_v3_S8_M2_LONG_LINK_A_L1_F4_H0_seed043_43_20260602_121034,S8,4000,160,5,M2_LONG_LINK,43,A,L1,F4,H0,V2,map_S8_M2_LONG_LINK_seed043,2c6a3388e5eb938d95b6c784dc78b688a76650d37bf2d48c2349db92af575e42,91.228,305.203,188.48,362.978,25,513,2.6172,0.3018,60.0,-1.0,-1.0,-1.0,-1.0,-1.0,0.0,0.0,0.0,0.0,0.0,0.0,4378.153463,0.905462,0.0,1468,1124495,1124495,1.0,1432,1432,1.0,96095,1,0,S8|M2_LONG_LINK|43|A|L1|F4,false,false,true,/home/cyfer/FYP/WSN_simulation_V3/runs/S8_4000/outputs_production_50seed_part41_45/run_campaign_v3_S8_M2_LONG_LINK_A_L1_F4_H0_seed043_43_20260602_121034
campaign_v3_S8_M2_LONG_LINK_A_L1_F4_H0_seed044,campaign_v3_S8_M2_LONG_LINK_A_L1_F4_H0_seed044_44_20260602_121231,S8,4000,160,5,M2_LONG_LINK,44,A,L1,F4,H0,V2,map_S8_M2_LONG_LINK_seed044,65a43507f830c83134844286daaeef18b9d5427c6b4e8c33674af5eda13f70d8,89.428,305.581,189.628,349.91,25,672,2.9507,0.29,60.0,-1.0,-1.0,-1.0,-1.0,-1.0,0.0,0.0,0.0,0.0,0.0,0.0,4339.817513,0.915046,0.0,1396,1125905,1125905,1.0,1432,1432,1.0,96065,1,0,S8|M2_LONG_LINK|44|A|L1|F4,false,false,true,/home/cyfer/FYP/WSN_simulation_V3/runs/S8_4000/outputs_production_50seed_part41_45/run_campaign_v3_S8_M2_LONG_LINK_A_L1_F4_H0_seed044_44_20260602_121231
campaign_v3_S8_M2_LONG_LINK_A_L1_F4_H0_seed045,campaign_v3_S8_M2_LONG_LINK_A_L1_F4_H0_seed045_45_20260602_121425,S8,4000,160,5,M2_LONG_LINK,45,A,L1,F4,H0,V2,map_S8_M2_LONG_LINK_seed045,aa25ce5774df9aa8d0c792f864b828fa69a3b1ff5309c17e0052f6697119fec1,92.704,307.008,190.463,358.982,25,564,2.8274,0.2943,60.0,-1.0,-1.0,-1.0,-1.0,-1.0,0.0,0.0,0.0,0.0,0.0,0.0,4405.970699,0.898507,0.0,1492,1127080,1127080,1.0,1432,1432,1.0,96040,1,0,S8|M2_LONG_LINK|45|A|L1|F4,false,false,true,/home/cyfer/FYP/WSN_simulation_V3/runs/S8_4000/outputs_production_50seed_part41_45/run_campaign_v3_S8_M2_LONG_LINK_A_L1_F4_H0_seed045_45_20260602_121425
campaign_v3_S8_M2_LONG_LINK_A_L1_F4_H1_seed041,campaign_v3_S8_M2_LONG_LINK_A_L1_F4_H1_seed041_41_20260602_120655,S8,4000,160,5,M2_LONG_LINK,41,A,L1,F4,H1,V3,map_S8_M2_LONG_LINK_seed041,a23dd80d30f85ceadecb2f07757d98f3bb008abd5a6dbaf1cb6c638ec13764fe,93.091,309.428,187.211,354.778,25,673,2.9987,0.3015,60.0,35.559,95.559,155.559,160.0,100.0,4.6,3.0,1.0,0.027,0.404,0.102,4416.218491,0.895945,0.0,1521,1125178,1125178,1.0,1436,1436,1.0,95554,0,1,S8|M2_LONG_LINK|41|A|L1|F4,true,false,false,/home/cyfer/FYP/WSN_simulation_V3/runs/S8_4000/outputs_production_50seed_part41_45/run_campaign_v3_S8_M2_LONG_LINK_A_L1_F4_H1_seed041_41_20260602_120655
campaign_v3_S8_M2_LONG_LINK_A_L1_F4_H1_seed042,campaign_v3_S8_M2_LONG_LINK_A_L1_F4_H1_seed042_42_20260602_120853,S8,4000,160,5,M2_LONG_LINK,42,A,L1,F4,H1,V3,map_S8_M2_LONG_LINK_seed042,e1689774d659d09a5ec6f7367c6062df175b67663484277b83f5c821b6cf73af,89.799,320.955,190.029,342.604,25,754,3.0586,0.2918,60.0,35.988,95.988,155.988,160.0,100.0,5.013,3.0,1.0,0.027,0.467,0.178,4315.007319,0.921248,0.0,1404,1124756,1124756,1.0,1436,1436,1.0,95504,0,1,S8|M2_LONG_LINK|42|A|L1|F4,true,false,false,/home/cyfer/FYP/WSN_simulation_V3/runs/S8_4000/outputs_production_50seed_part41_45/run_campaign_v3_S8_M2_LONG_LINK_A_L1_F4_H1_seed042_42_20260602_120853
campaign_v3_S8_M2_LONG_LINK_A_L1_F4_H1_seed043,campaign_v3_S8_M2_LONG_LINK_A_L1_F4_H1_seed043_43_20260602_121051,S8,4000,160,5,M2_LONG_LINK,43,A,L1,F4,H1,V3,map_S8_M2_LONG_LINK_seed043,2c6a3388e5eb938d95b6c784dc78b688a76650d37bf2d48c2349db92af575e42,91.228,305.203,188.48,362.978,25,513,2.6172,0.3018,60.0,35.688,95.688,155.688,160.0,100.0,4.775,3.0,1.0,0.037,0.445,0.109,4379.422546,0.905144,0.0,1468,1124967,1124967,1.0,1436,1436,1.0,95529,0,1,S8|M2_LONG_LINK|43|A|L1|F4,true,false,false,/home/cyfer/FYP/WSN_simulation_V3/runs/S8_4000/outputs_production_50seed_part41_45/run_campaign_v3_S8_M2_LONG_LINK_A_L1_F4_H1_seed043_43_20260602_121051
campaign_v3_S8_M2_LONG_LINK_A_L1_F4_H1_seed044,campaign_v3_S8_M2_LONG_LINK_A_L1_F4_H1_seed044_44_20260602_121247,S8,4000,160,5,M2_LONG_LINK,44,A,L1,F4,H1,V3,map_S8_M2_LONG_LINK_seed044,65a43507f830c83134844286daaeef18b9d5427c6b4e8c33674af5eda13f70d8,89.428,305.581,189.628,349.91,25,672,2.9507,0.29,60.0,34.413,94.413,154.413,160.0,100.0,4.358,3.0,1.0,0.019,0.296,0.137,4340.66439,0.914834,0.0,1396,1126246,1126246,1.0,1436,1436,1.0,95679,0,1,S8|M2_LONG_LINK|44|A|L1|F4,true,false,false,/home/cyfer/FYP/WSN_simulation_V3/runs/S8_4000/outputs_production_50seed_part41_45/run_campaign_v3_S8_M2_LONG_LINK_A_L1_F4_H1_seed044_44_20260602_121247
campaign_v3_S8_M2_LONG_LINK_A_L1_F4_H1_seed045,campaign_v3_S8_M2_LONG_LINK_A_L1_F4_H1_seed045_45_20260602_121443,S8,4000,160,5,M2_LONG_LINK,45,A,L1,F4,H1,V3,map_S8_M2_LONG_LINK_seed045,aa25ce5774df9aa8d0c792f864b828fa69a3b1ff5309c17e0052f6697119fec1,92.704,307.008,190.463,358.982,25,564,2.8274,0.2943,60.0,34.675,94.675,154.675,160.0,100.0,4.041,3.0,1.0,0.014,0.185,0.148,4406.546854,0.898363,0.0,1492,1127296,1127296,1.0,1436,1436,1.0,95804,0,1,S8|M2_LONG_LINK|45|A|L1|F4,true,false,false,/home/cyfer/FYP/WSN_simulation_V3/runs/S8_4000/outputs_production_50seed_part41_45/run_campaign_v3_S8_M2_LONG_LINK_A_L1_F4_H1_seed045_45_20260602_121443
campaign_v3_S8_M2_LONG_LINK_A_L1_F4_H3_seed041,campaign_v3_S8_M2_LONG_LINK_A_L1_F4_H3_seed041_41_20260602_120656,S8,4000,160,5,M2_LONG_LINK,41,A,L1,F4,H3,V3,map_S8_M2_LONG_LINK_seed041,a23dd80d30f85ceadecb2f07757d98f3bb008abd5a6dbaf1cb6c638ec13764fe,93.091,309.428,187.211,354.778,25,673,2.9987,0.3015,60.0,40.783,100.783,160.783,170.0,110.0,4.6,3.0,1.0,0.027,0.404,0.102,4415.638969,0.89609,0.0,1521,1124917,1124917,1.0,1436,1436,1.0,95554,0,1,S8|M2_LONG_LINK|41|A|L1|F4,true,false,false,/home/cyfer/FYP/WSN_simulation_V3/runs/S8_4000/outputs_production_50seed_part41_45/run_campaign_v3_S8_M2_LONG_LINK_A_L1_F4_H3_seed041_41_20260602_120656
campaign_v3_S8_M2_LONG_LINK_A_L1_F4_H3_seed042,campaign_v3_S8_M2_LONG_LINK_A_L1_F4_H3_seed042_42_20260602_120854,S8,4000,160,5,M2_LONG_LINK,42,A,L1,F4,H3,V3,map_S8_M2_LONG_LINK_seed042,e1689774d659d09a5ec6f7367c6062df175b67663484277b83f5c821b6cf73af,89.799,320.955,190.029,342.604,25,754,3.0586,0.2918,60.0,41.365,101.365,161.365,170.0,110.0,5.013,3.0,1.0,0.027,0.467,0.178,4314.275084,0.921431,0.0,1404,1124456,1124456,1.0,1436,1436,1.0,95504,0,1,S8|M2_LONG_LINK|42|A|L1|F4,true,false,false,/home/cyfer/FYP/WSN_simulation_V3/runs/S8_4000/outputs_production_50seed_part41_45/run_campaign_v3_S8_M2_LONG_LINK_A_L1_F4_H3_seed042_42_20260602_120854
campaign_v3_S8_M2_LONG_LINK_A_L1_F4_H3_seed043,campaign_v3_S8_M2_LONG_LINK_A_L1_F4_H3_seed043_43_20260602_121052,S8,4000,160,5,M2_LONG_LINK,43,A,L1,F4,H3,V3,map_S8_M2_LONG_LINK_seed043,2c6a3388e5eb938d95b6c784dc78b688a76650d37bf2d48c2349db92af575e42,91.228,305.203,188.48,362.978,25,513,2.6172,0.3018,60.0,40.841,100.841,160.841,170.0,110.0,4.775,3.0,1.0,0.037,0.445,0.109,4378.733477,0.905317,0.0,1468,1124701,1124701,1.0,1436,1436,1.0,95529,0,1,S8|M2_LONG_LINK|43|A|L1|F4,true,false,false,/home/cyfer/FYP/WSN_simulation_V3/runs/S8_4000/outputs_production_50seed_part41_45/run_campaign_v3_S8_M2_LONG_LINK_A_L1_F4_H3_seed043_43_20260602_121052
campaign_v3_S8_M2_LONG_LINK_A_L1_F4_H3_seed044,campaign_v3_S8_M2_LONG_LINK_A_L1_F4_H3_seed044_44_20260602_121248,S8,4000,160,5,M2_LONG_LINK,44,A,L1,F4,H3,V3,map_S8_M2_LONG_LINK_seed044,65a43507f830c83134844286daaeef18b9d5427c6b4e8c33674af5eda13f70d8,89.428,305.581,189.628,349.91,25,672,2.9507,0.29,60.0,41.211,101.211,161.211,170.0,110.0,4.358,3.0,1.0,0.019,0.296,0.137,4340.233533,0.914942,0.0,1396,1126047,1126047,1.0,1436,1436,1.0,95679,0,1,S8|M2_LONG_LINK|44|A|L1|F4,true,false,false,/home/cyfer/FYP/WSN_simulation_V3/runs/S8_4000/outputs_production_50seed_part41_45/run_campaign_v3_S8_M2_LONG_LINK_A_L1_F4_H3_seed044_44_20260602_121248
campaign_v3_S8_M2_LONG_LINK_A_L1_F4_H3_seed045,campaign_v3_S8_M2_LONG_LINK_A_L1_F4_H3_seed045_45_20260602_121444,S8,4000,160,5,M2_LONG_LINK,45,A,L1,F4,H3,V3,map_S8_M2_LONG_LINK_seed045,aa25ce5774df9aa8d0c792f864b828fa69a3b1ff5309c17e0052f6697119fec1,92.704,307.008,190.463,358.982,25,564,2.8274,0.2943,60.0,40.181,100.181,160.181,170.0,110.0,4.041,3.0,1.0,0.014,0.185,0.148,4406.264298,0.898434,0.0,1492,1127172,1127172,1.0,1436,1436,1.0,95804,0,1,S8|M2_LONG_LINK|45|A|L1|F4,true,false,false,/home/cyfer/FYP/WSN_simulation_V3/runs/S8_4000/outputs_production_50seed_part41_45/run_campaign_v3_S8_M2_LONG_LINK_A_L1_F4_H3_seed045_45_20260602_121444
campaign_v3_S8_M2_LONG_LINK_A_L1_F4_H4_seed041,campaign_v3_S8_M2_LONG_LINK_A_L1_F4_H4_seed041_41_20260602_120658,S8,4000,160,5,M2_LONG_LINK,41,A,L1,F4,H4,V3,map_S8_M2_LONG_LINK_seed041,a23dd80d30f85ceadecb2f07757d98f3bb008abd5a6dbaf1cb6c638ec13764fe,93.091,309.428,187.211,354.778,25,673,2.9987,0.3015,60.0,44.865,104.865,164.865,170.0,110.0,4.6,3.0,1.0,0.027,0.404,0.102,4412.875402,0.896781,0.0,1521,1122822,1122822,1.0,1436,1436,1.0,95133,0,1,S8|M2_LONG_LINK|41|A|L1|F4,true,false,false,/home/cyfer/FYP/WSN_simulation_V3/runs/S8_4000/outputs_production_50seed_part41_45/run_campaign_v3_S8_M2_LONG_LINK_A_L1_F4_H4_seed041_41_20260602_120658
campaign_v3_S8_M2_LONG_LINK_A_L1_F4_H4_seed042,campaign_v3_S8_M2_LONG_LINK_A_L1_F4_H4_seed042_42_20260602_120856,S8,4000,160,5,M2_LONG_LINK,42,A,L1,F4,H4,V3,map_S8_M2_LONG_LINK_seed042,e1689774d659d09a5ec6f7367c6062df175b67663484277b83f5c821b6cf73af,89.799,320.955,190.029,342.604,25,754,3.0586,0.2918,60.0,45.557,105.557,165.557,170.0,110.0,5.013,3.0,1.0,0.027,0.467,0.178,4311.453051,0.922137,0.0,1404,1122508,1122508,1.0,1436,1436,1.0,95108,0,1,S8|M2_LONG_LINK|42|A|L1|F4,true,false,false,/home/cyfer/FYP/WSN_simulation_V3/runs/S8_4000/outputs_production_50seed_part41_45/run_campaign_v3_S8_M2_LONG_LINK_A_L1_F4_H4_seed042_42_20260602_120856
campaign_v3_S8_M2_LONG_LINK_A_L1_F4_H4_seed043,campaign_v3_S8_M2_LONG_LINK_A_L1_F4_H4_seed043_43_20260602_121054,S8,4000,160,5,M2_LONG_LINK,43,A,L1,F4,H4,V3,map_S8_M2_LONG_LINK_seed043,2c6a3388e5eb938d95b6c784dc78b688a76650d37bf2d48c2349db92af575e42,91.228,305.203,188.48,362.978,25,513,2.6172,0.3018,60.0,45.015,105.015,165.015,170.0,110.0,4.775,3.0,1.0,0.037,0.445,0.109,4375.46985,0.906133,0.0,1468,1122729,1122729,1.0,1436,1436,1.0,95133,0,1,S8|M2_LONG_LINK|43|A|L1|F4,true,false,false,/home/cyfer/FYP/WSN_simulation_V3/runs/S8_4000/outputs_production_50seed_part41_45/run_campaign_v3_S8_M2_LONG_LINK_A_L1_F4_H4_seed043_43_20260602_121054
campaign_v3_S8_M2_LONG_LINK_A_L1_F4_H4_seed044,campaign_v3_S8_M2_LONG_LINK_A_L1_F4_H4_seed044_44_20260602_121249,S8,4000,160,5,M2_LONG_LINK,44,A,L1,F4,H4,V3,map_S8_M2_LONG_LINK_seed044,65a43507f830c83134844286daaeef18b9d5427c6b4e8c33674af5eda13f70d8,89.428,305.581,189.628,349.91,25,672,2.9507,0.29,60.0,44.961,104.961,164.961,170.0,110.0,4.358,3.0,1.0,0.019,0.296,0.137,4337.539056,0.915615,0.0,1396,1124182,1124182,1.0,1436,1436,1.0,95308,0,1,S8|M2_LONG_LINK|44|A|L1|F4,true,false,false,/home/cyfer/FYP/WSN_simulation_V3/runs/S8_4000/outputs_production_50seed_part41_45/run_campaign_v3_S8_M2_LONG_LINK_A_L1_F4_H4_seed044_44_20260602_121249
campaign_v3_S8_M2_LONG_LINK_A_L1_F4_H4_seed045,campaign_v3_S8_M2_LONG_LINK_A_L1_F4_H4_seed045_45_20260602_121445,S8,4000,160,5,M2_LONG_LINK,45,A,L1,F4,H4,V3,map_S8_M2_LONG_LINK_seed045,aa25ce5774df9aa8d0c792f864b828fa69a3b1ff5309c17e0052f6697119fec1,92.704,307.008,190.463,358.982,25,564,2.8274,0.2943,60.0,44.295,104.295,164.295,170.0,110.0,4.041,3.0,1.0,0.014,0.185,0.148,4403.139185,0.899215,0.0,1492,1124892,1124892,1.0,1436,1436,1.0,95358,0,1,S8|M2_LONG_LINK|45|A|L1|F4,true,false,false,/home/cyfer/FYP/WSN_simulation_V3/runs/S8_4000/outputs_production_50seed_part41_45/run_campaign_v3_S8_M2_LONG_LINK_A_L1_F4_H4_seed045_45_20260602_121445
campaign_v3_S8_M2_LONG_LINK_A_L2_F0_H0_seed041,campaign_v3_S8_M2_LONG_LINK_A_L2_F0_H0_seed041_41_20260602_120659,S8,4000,160,5,M2_LONG_LINK,41,A,L2,F0,H0,V1,map_S8_M2_LONG_LINK_seed041,a23dd80d30f85ceadecb2f07757d98f3bb008abd5a6dbaf1cb6c638ec13764fe,93.091,309.428,187.211,354.778,25,673,2.9987,0.3015,0.0,-1.0,-1.0,-1.0,-1.0,-1.0,0.0,0.0,0.0,0.0,0.0,0.0,5267.237597,0.683191,0.0,1878,1128960,1128960,1.0,1440,1440,1.0,96000,0,0,S8|M2_LONG_LINK|41|A|L2|F0,false,true,false,/home/cyfer/FYP/WSN_simulation_V3/runs/S8_4000/outputs_production_50seed_part41_45/run_campaign_v3_S8_M2_LONG_LINK_A_L2_F0_H0_seed041_41_20260602_120659
campaign_v3_S8_M2_LONG_LINK_A_L2_F0_H0_seed042,campaign_v3_S8_M2_LONG_LINK_A_L2_F0_H0_seed042_42_20260602_120857,S8,4000,160,5,M2_LONG_LINK,42,A,L2,F0,H0,V1,map_S8_M2_LONG_LINK_seed042,e1689774d659d09a5ec6f7367c6062df175b67663484277b83f5c821b6cf73af,89.799,320.955,190.029,342.604,25,754,3.0586,0.2918,0.0,-1.0,-1.0,-1.0,-1.0,-1.0,0.0,0.0,0.0,0.0,0.0,0.0,5220.040933,0.69499,0.0,1849,1128960,1128960,1.0,1440,1440,1.0,96000,0,0,S8|M2_LONG_LINK|42|A|L2|F0,false,true,false,/home/cyfer/FYP/WSN_simulation_V3/runs/S8_4000/outputs_production_50seed_part41_45/run_campaign_v3_S8_M2_LONG_LINK_A_L2_F0_H0_seed042_42_20260602_120857
campaign_v3_S8_M2_LONG_LINK_A_L2_F0_H0_seed043,campaign_v3_S8_M2_LONG_LINK_A_L2_F0_H0_seed043_43_20260602_121055,S8,4000,160,5,M2_LONG_LINK,43,A,L2,F0,H0,V1,map_S8_M2_LONG_LINK_seed043,2c6a3388e5eb938d95b6c784dc78b688a76650d37bf2d48c2349db92af575e42,91.228,305.203,188.48,362.978,25,513,2.6172,0.3018,0.0,-1.0,-1.0,-1.0,-1.0,-1.0,0.0,0.0,0.0,0.0,0.0,0.0,5255.260777,0.686185,0.0,1875,1128960,1128960,1.0,1440,1440,1.0,96000,0,0,S8|M2_LONG_LINK|43|A|L2|F0,false,true,false,/home/cyfer/FYP/WSN_simulation_V3/runs/S8_4000/outputs_production_50seed_part41_45/run_campaign_v3_S8_M2_LONG_LINK_A_L2_F0_H0_seed043_43_20260602_121055
campaign_v3_S8_M2_LONG_LINK_A_L2_F0_H0_seed044,campaign_v3_S8_M2_LONG_LINK_A_L2_F0_H0_seed044_44_20260602_121251,S8,4000,160,5,M2_LONG_LINK,44,A,L2,F0,H0,V1,map_S8_M2_LONG_LINK_seed044,65a43507f830c83134844286daaeef18b9d5427c6b4e8c33674af5eda13f70d8,89.428,305.581,189.628,349.91,25,672,2.9507,0.29,0.0,-1.0,-1.0,-1.0,-1.0,-1.0,0.0,0.0,0.0,0.0,0.0,0.0,5282.355295,0.679411,0.0,1883,1128960,1128960,1.0,1440,1440,1.0,96000,0,0,S8|M2_LONG_LINK|44|A|L2|F0,false,true,false,/home/cyfer/FYP/WSN_simulation_V3/runs/S8_4000/outputs_production_50seed_part41_45/run_campaign_v3_S8_M2_LONG_LINK_A_L2_F0_H0_seed044_44_20260602_121251
campaign_v3_S8_M2_LONG_LINK_A_L2_F0_H0_seed045,campaign_v3_S8_M2_LONG_LINK_A_L2_F0_H0_seed045_45_20260602_121446,S8,4000,160,5,M2_LONG_LINK,45,A,L2,F0,H0,V1,map_S8_M2_LONG_LINK_seed045,aa25ce5774df9aa8d0c792f864b828fa69a3b1ff5309c17e0052f6697119fec1,92.704,307.008,190.463,358.982,25,564,2.8274,0.2943,0.0,-1.0,-1.0,-1.0,-1.0,-1.0,0.0,0.0,0.0,0.0,0.0,0.0,5274.424103,0.681394,0.0,1888,1128960,1128960,1.0,1440,1440,1.0,96000,0,0,S8|M2_LONG_LINK|45|A|L2|F0,false,true,false,/home/cyfer/FYP/WSN_simulation_V3/runs/S8_4000/outputs_production_50seed_part41_45/run_campaign_v3_S8_M2_LONG_LINK_A_L2_F0_H0_seed045_45_20260602_121446
campaign_v3_S8_M2_LONG_LINK_A_L2_F1_H0_seed041,campaign_v3_S8_M2_LONG_LINK_A_L2_F1_H0_seed041_41_20260602_120700,S8,4000,160,5,M2_LONG_LINK,41,A,L2,F1,H0,V2,map_S8_M2_LONG_LINK_seed041,a23dd80d30f85ceadecb2f07757d98f3bb008abd5a6dbaf1cb6c638ec13764fe,93.091,309.428,187.211,354.778,25,673,2.9987,0.3015,60.0,-1.0,-1.0,-1.0,-1.0,-1.0,0.0,0.0,0.0,0.0,0.0,0.0,5256.816094,0.685498,0.0,1878,1124730,1124730,1.0,1432,1432,1.0,96090,1,0,S8|M2_LONG_LINK|41|A|L2|F1,false,false,true,/home/cyfer/FYP/WSN_simulation_V3/runs/S8_4000/outputs_production_50seed_part41_45/run_campaign_v3_S8_M2_LONG_LINK_A_L2_F1_H0_seed041_41_20260602_120700
campaign_v3_S8_M2_LONG_LINK_A_L2_F1_H0_seed042,campaign_v3_S8_M2_LONG_LINK_A_L2_F1_H0_seed042_42_20260602_120858,S8,4000,160,5,M2_LONG_LINK,42,A,L2,F1,H0,V2,map_S8_M2_LONG_LINK_seed042,e1689774d659d09a5ec6f7367c6062df175b67663484277b83f5c821b6cf73af,89.799,320.955,190.029,342.604,25,754,3.0586,0.2918,60.0,-1.0,-1.0,-1.0,-1.0,-1.0,0.0,0.0,0.0,0.0,0.0,0.0,5207.748427,0.697796,0.0,1849,1124260,1124260,1.0,1432,1432,1.0,96100,1,0,S8|M2_LONG_LINK|42|A|L2|F1,false,false,true,/home/cyfer/FYP/WSN_simulation_V3/runs/S8_4000/outputs_production_50seed_part41_45/run_campaign_v3_S8_M2_LONG_LINK_A_L2_F1_H0_seed042_42_20260602_120858
campaign_v3_S8_M2_LONG_LINK_A_L2_F1_H0_seed043,campaign_v3_S8_M2_LONG_LINK_A_L2_F1_H0_seed043_43_20260602_121056,S8,4000,160,5,M2_LONG_LINK,43,A,L2,F1,H0,V2,map_S8_M2_LONG_LINK_seed043,2c6a3388e5eb938d95b6c784dc78b688a76650d37bf2d48c2349db92af575e42,91.228,305.203,188.48,362.978,25,513,2.6172,0.3018,60.0,-1.0,-1.0,-1.0,-1.0,-1.0,0.0,0.0,0.0,0.0,0.0,0.0,5243.267413,0.688906,0.0,1875,1124495,1124495,1.0,1432,1432,1.0,96095,1,0,S8|M2_LONG_LINK|43|A|L2|F1,false,false,true,/home/cyfer/FYP/WSN_simulation_V3/runs/S8_4000/outputs_production_50seed_part41_45/run_campaign_v3_S8_M2_LONG_LINK_A_L2_F1_H0_seed043_43_20260602_121056
campaign_v3_S8_M2_LONG_LINK_A_L2_F1_H0_seed044,campaign_v3_S8_M2_LONG_LINK_A_L2_F1_H0_seed044_44_20260602_121252,S8,4000,160,5,M2_LONG_LINK,44,A,L2,F1,H0,V2,map_S8_M2_LONG_LINK_seed044,65a43507f830c83134844286daaeef18b9d5427c6b4e8c33674af5eda13f70d8,89.428,305.581,189.628,349.91,25,672,2.9507,0.29,60.0,-1.0,-1.0,-1.0,-1.0,-1.0,0.0,0.0,0.0,0.0,0.0,0.0,5274.11651,0.681119,0.0,1883,1125905,1125905,1.0,1432,1432,1.0,96065,1,0,S8|M2_LONG_LINK|44|A|L2|F1,false,false,true,/home/cyfer/FYP/WSN_simulation_V3/runs/S8_4000/outputs_production_50seed_part41_45/run_campaign_v3_S8_M2_LONG_LINK_A_L2_F1_H0_seed044_44_20260602_121252
campaign_v3_S8_M2_LONG_LINK_A_L2_F1_H0_seed045,campaign_v3_S8_M2_LONG_LINK_A_L2_F1_H0_seed045_45_20260602_121448,S8,4000,160,5,M2_LONG_LINK,45,A,L2,F1,H0,V2,map_S8_M2_LONG_LINK_seed045,aa25ce5774df9aa8d0c792f864b828fa69a3b1ff5309c17e0052f6697119fec1,92.704,307.008,190.463,358.982,25,564,2.8274,0.2943,60.0,-1.0,-1.0,-1.0,-1.0,-1.0,0.0,0.0,0.0,0.0,0.0,0.0,5268.530368,0.68246,0.0,1888,1127080,1127080,1.0,1432,1432,1.0,96040,1,0,S8|M2_LONG_LINK|45|A|L2|F1,false,false,true,/home/cyfer/FYP/WSN_simulation_V3/runs/S8_4000/outputs_production_50seed_part41_45/run_campaign_v3_S8_M2_LONG_LINK_A_L2_F1_H0_seed045_45_20260602_121448
campaign_v3_S8_M2_LONG_LINK_A_L2_F1_H1_seed041,campaign_v3_S8_M2_LONG_LINK_A_L2_F1_H1_seed041_41_20260602_120708,S8,4000,160,5,M2_LONG_LINK,41,A,L2,F1,H1,V3,map_S8_M2_LONG_LINK_seed041,a23dd80d30f85ceadecb2f07757d98f3bb008abd5a6dbaf1cb6c638ec13764fe,93.091,309.428,187.211,354.778,25,673,2.9987,0.3015,60.0,18.665,78.665,138.665,140.0,80.0,6.388,3.0,1.0,0.027,1.0,0.102,5264.66791,0.683535,0.0,1879,1127538,1127538,1.0,1437,1437,1.0,96000,0,1,S8|M2_LONG_LINK|41|A|L2|F1,true,false,false,/home/cyfer/FYP/WSN_simulation_V3/runs/S8_4000/outputs_production_50seed_part41_45/run_campaign_v3_S8_M2_LONG_LINK_A_L2_F1_H1_seed041_41_20260602_120708
campaign_v3_S8_M2_LONG_LINK_A_L2_F1_H1_seed042,campaign_v3_S8_M2_LONG_LINK_A_L2_F1_H1_seed042_42_20260602_120905,S8,4000,160,5,M2_LONG_LINK,42,A,L2,F1,H1,V3,map_S8_M2_LONG_LINK_seed042,e1689774d659d09a5ec6f7367c6062df175b67663484277b83f5c821b6cf73af,89.799,320.955,190.029,342.604,25,754,3.0586,0.2918,60.0,19.43,79.43,139.43,140.0,80.0,6.613,3.0,1.0,0.027,1.0,0.178,5217.036557,0.695474,0.0,1850,1127360,1127360,1.0,1437,1437,1.0,96000,0,1,S8|M2_LONG_LINK|42|A|L2|F1,true,false,false,/home/cyfer/FYP/WSN_simulation_V3/runs/S8_4000/outputs_production_50seed_part41_45/run_campaign_v3_S8_M2_LONG_LINK_A_L2_F1_H1_seed042_42_20260602_120905
campaign_v3_S8_M2_LONG_LINK_A_L2_F1_H1_seed043,campaign_v3_S8_M2_LONG_LINK_A_L2_F1_H1_seed043_43_20260602_121104,S8,4000,160,5,M2_LONG_LINK,43,A,L2,F1,H1,V3,map_S8_M2_LONG_LINK_seed043,2c6a3388e5eb938d95b6c784dc78b688a76650d37bf2d48c2349db92af575e42,91.228,305.203,188.48,362.978,25,513,2.6172,0.3018,60.0,18.804,78.804,138.804,140.0,80.0,6.439,3.0,1.0,0.037,1.0,0.109,5252.156681,0.686683,0.0,1876,1127459,1127459,1.0,1437,1437,1.0,96000,0,1,S8|M2_LONG_LINK|43|A|L2|F1,true,false,false,/home/cyfer/FYP/WSN_simulation_V3/runs/S8_4000/outputs_production_50seed_part41_45/run_campaign_v3_S8_M2_LONG_LINK_A_L2_F1_H1_seed043_43_20260602_121104
campaign_v3_S8_M2_LONG_LINK_A_L2_F1_H1_seed044,campaign_v3_S8_M2_LONG_LINK_A_L2_F1_H1_seed044_44_20260602_121259,S8,4000,160,5,M2_LONG_LINK,44,A,L2,F1,H1,V3,map_S8_M2_LONG_LINK_seed044,65a43507f830c83134844286daaeef18b9d5427c6b4e8c33674af5eda13f70d8,89.428,305.581,189.628,349.91,25,672,2.9507,0.29,60.0,18.937,78.937,138.937,140.0,80.0,6.47,3.0,1.0,0.019,1.0,0.137,5280.140343,0.679613,0.0,1884,1127933,1127933,1.0,1437,1437,1.0,96000,0,1,S8|M2_LONG_LINK|44|A|L2|F1,true,false,false,/home/cyfer/FYP/WSN_simulation_V3/runs/S8_4000/outputs_production_50seed_part41_45/run_campaign_v3_S8_M2_LONG_LINK_A_L2_F1_H1_seed044_44_20260602_121259
campaign_v3_S8_M2_LONG_LINK_A_L2_F1_H1_seed045,campaign_v3_S8_M2_LONG_LINK_A_L2_F1_H1_seed045_45_20260602_121455,S8,4000,160,5,M2_LONG_LINK,45,A,L2,F1,H1,V3,map_S8_M2_LONG_LINK_seed045,aa25ce5774df9aa8d0c792f864b828fa69a3b1ff5309c17e0052f6697119fec1,92.704,307.008,190.463,358.982,25,564,2.8274,0.2943,60.0,19.104,79.104,139.104,140.0,80.0,6.486,3.0,1.0,0.014,1.0,0.148,5272.479108,0.681473,0.0,1888,1128320,1128320,1.0,1437,1437,1.0,96000,0,1,S8|M2_LONG_LINK|45|A|L2|F1,true,false,false,/home/cyfer/FYP/WSN_simulation_V3/runs/S8_4000/outputs_production_50seed_part41_45/run_campaign_v3_S8_M2_LONG_LINK_A_L2_F1_H1_seed045_45_20260602_121455
campaign_v3_S8_M2_LONG_LINK_A_L2_F1_H3_seed041,campaign_v3_S8_M2_LONG_LINK_A_L2_F1_H3_seed041_41_20260602_120711,S8,4000,160,5,M2_LONG_LINK,41,A,L2,F1,H3,V3,map_S8_M2_LONG_LINK_seed041,a23dd80d30f85ceadecb2f07757d98f3bb008abd5a6dbaf1cb6c638ec13764fe,93.091,309.428,187.211,354.778,25,673,2.9987,0.3015,60.0,25.044,85.044,145.044,150.0,90.0,6.388,3.0,1.0,0.027,1.0,0.102,5261.015705,0.684448,0.0,1878,1126071,1126071,1.0,1437,1437,1.0,95775,0,1,S8|M2_LONG_LINK|41|A|L2|F1,true,false,false,/home/cyfer/FYP/WSN_simulation_V3/runs/S8_4000/outputs_production_50seed_part41_45/run_campaign_v3_S8_M2_LONG_LINK_A_L2_F1_H3_seed041_41_20260602_120711
campaign_v3_S8_M2_LONG_LINK_A_L2_F1_H3_seed042,campaign_v3_S8_M2_LONG_LINK_A_L2_F1_H3_seed042_42_20260602_120909,S8,4000,160,5,M2_LONG_LINK,42,A,L2,F1,H3,V3,map_S8_M2_LONG_LINK_seed042,e1689774d659d09a5ec6f7367c6062df175b67663484277b83f5c821b6cf73af,89.799,320.955,190.029,342.604,25,754,3.0586,0.2918,60.0,24.959,84.959,144.959,150.0,90.0,6.613,3.0,1.0,0.027,1.0,0.178,5212.792196,0.696535,0.0,1849,1125760,1125760,1.0,1437,1437,1.0,95750,0,1,S8|M2_LONG_LINK|42|A|L2|F1,true,false,false,/home/cyfer/FYP/WSN_simulation_V3/runs/S8_4000/outputs_production_50seed_part41_45/run_campaign_v3_S8_M2_LONG_LINK_A_L2_F1_H3_seed042_42_20260602_120909
campaign_v3_S8_M2_LONG_LINK_A_L2_F1_H3_seed043,campaign_v3_S8_M2_LONG_LINK_A_L2_F1_H3_seed043_43_20260602_121107,S8,4000,160,5,M2_LONG_LINK,43,A,L2,F1,H3,V3,map_S8_M2_LONG_LINK_seed043,2c6a3388e5eb938d95b6c784dc78b688a76650d37bf2d48c2349db92af575e42,91.228,305.203,188.48,362.978,25,513,2.6172,0.3018,60.0,24.63,84.63,144.63,150.0,90.0,6.439,3.0,1.0,0.037,1.0,0.109,5247.797745,0.687773,0.0,1876,1125995,1125995,1.0,1437,1437,1.0,95775,0,1,S8|M2_LONG_LINK|43|A|L2|F1,true,false,false,/home/cyfer/FYP/WSN_simulation_V3/runs/S8_4000/outputs_production_50seed_part41_45/run_campaign_v3_S8_M2_LONG_LINK_A_L2_F1_H3_seed043_43_20260602_121107
campaign_v3_S8_M2_LONG_LINK_A_L2_F1_H3_seed044,campaign_v3_S8_M2_LONG_LINK_A_L2_F1_H3_seed044_44_20260602_121303,S8,4000,160,5,M2_LONG_LINK,44,A,L2,F1,H3,V3,map_S8_M2_LONG_LINK_seed044,65a43507f830c83134844286daaeef18b9d5427c6b4e8c33674af5eda13f70d8,89.428,305.581,189.628,349.91,25,672,2.9507,0.29,60.0,24.642,84.642,144.642,150.0,90.0,6.47,3.0,1.0,0.019,1.0,0.137,5277.341008,0.680313,0.0,1883,1126955,1126955,1.0,1437,1437,1.0,95850,0,1,S8|M2_LONG_LINK|44|A|L2|F1,true,false,false,/home/cyfer/FYP/WSN_simulation_V3/runs/S8_4000/outputs_production_50seed_part41_45/run_campaign_v3_S8_M2_LONG_LINK_A_L2_F1_H3_seed044_44_20260602_121303
campaign_v3_S8_M2_LONG_LINK_A_L2_F1_H3_seed045,campaign_v3_S8_M2_LONG_LINK_A_L2_F1_H3_seed045_45_20260602_121459,S8,4000,160,5,M2_LONG_LINK,45,A,L2,F1,H3,V3,map_S8_M2_LONG_LINK_seed045,aa25ce5774df9aa8d0c792f864b828fa69a3b1ff5309c17e0052f6697119fec1,92.704,307.008,190.463,358.982,25,564,2.8274,0.2943,60.0,25.321,85.321,145.321,150.0,90.0,6.486,3.0,1.0,0.014,1.0,0.148,5270.534513,0.681959,0.0,1888,1127676,1127676,1.0,1437,1437,1.0,95900,0,1,S8|M2_LONG_LINK|45|A|L2|F1,true,false,false,/home/cyfer/FYP/WSN_simulation_V3/runs/S8_4000/outputs_production_50seed_part41_45/run_campaign_v3_S8_M2_LONG_LINK_A_L2_F1_H3_seed045_45_20260602_121459
campaign_v3_S8_M2_LONG_LINK_A_L2_F1_H4_seed041,campaign_v3_S8_M2_LONG_LINK_A_L2_F1_H4_seed041_41_20260602_120714,S8,4000,160,5,M2_LONG_LINK,41,A,L2,F1,H4,V3,map_S8_M2_LONG_LINK_seed041,a23dd80d30f85ceadecb2f07757d98f3bb008abd5a6dbaf1cb6c638ec13764fe,93.091,309.428,187.211,354.778,25,673,2.9987,0.3015,60.0,28.801,88.801,148.801,150.0,90.0,6.388,3.0,1.0,0.027,1.0,0.102,5258.931275,0.684969,0.0,1879,1124896,1124896,1.0,1437,1437,1.0,95579,0,1,S8|M2_LONG_LINK|41|A|L2|F1,true,false,false,/home/cyfer/FYP/WSN_simulation_V3/runs/S8_4000/outputs_production_50seed_part41_45/run_campaign_v3_S8_M2_LONG_LINK_A_L2_F1_H4_seed041_41_20260602_120714
campaign_v3_S8_M2_LONG_LINK_A_L2_F1_H4_seed042,campaign_v3_S8_M2_LONG_LINK_A_L2_F1_H4_seed042_42_20260602_120912,S8,4000,160,5,M2_LONG_LINK,42,A,L2,F1,H4,V3,map_S8_M2_LONG_LINK_seed042,e1689774d659d09a5ec6f7367c6062df175b67663484277b83f5c821b6cf73af,89.799,320.955,190.029,342.604,25,754,3.0586,0.2918,60.0,28.884,88.884,148.884,150.0,90.0,6.613,3.0,1.0,0.027,1.0,0.178,5211.052322,0.69697,0.0,1850,1124864,1124864,1.0,1437,1437,1.0,95604,0,1,S8|M2_LONG_LINK|42|A|L2|F1,true,false,false,/home/cyfer/FYP/WSN_simulation_V3/runs/S8_4000/outputs_production_50seed_part41_45/run_campaign_v3_S8_M2_LONG_LINK_A_L2_F1_H4_seed042_42_20260602_120912
campaign_v3_S8_M2_LONG_LINK_A_L2_F1_H4_seed043,campaign_v3_S8_M2_LONG_LINK_A_L2_F1_H4_seed043_43_20260602_121110,S8,4000,160,5,M2_LONG_LINK,43,A,L2,F1,H4,V3,map_S8_M2_LONG_LINK_seed043,2c6a3388e5eb938d95b6c784dc78b688a76650d37bf2d48c2349db92af575e42,91.228,305.203,188.48,362.978,25,513,2.6172,0.3018,60.0,28.581,88.581,148.581,150.0,90.0,6.439,3.0,1.0,0.037,1.0,0.109,5245.38198,0.688377,0.0,1876,1124953,1124953,1.0,1437,1437,1.0,95604,0,1,S8|M2_LONG_LINK|43|A|L2|F1,true,false,false,/home/cyfer/FYP/WSN_simulation_V3/runs/S8_4000/outputs_production_50seed_part41_45/run_campaign_v3_S8_M2_LONG_LINK_A_L2_F1_H4_seed043_43_20260602_121110
campaign_v3_S8_M2_LONG_LINK_A_L2_F1_H4_seed044,campaign_v3_S8_M2_LONG_LINK_A_L2_F1_H4_seed044_44_20260602_121306,S8,4000,160,5,M2_LONG_LINK,44,A,L2,F1,H4,V3,map_S8_M2_LONG_LINK_seed044,65a43507f830c83134844286daaeef18b9d5427c6b4e8c33674af5eda13f70d8,89.428,305.581,189.628,349.91,25,672,2.9507,0.29,60.0,28.806,88.806,148.806,150.0,90.0,6.47,3.0,1.0,0.019,1.0,0.137,5274.705683,0.680972,0.0,1884,1125633,1125633,1.0,1437,1437,1.0,95629,0,1,S8|M2_LONG_LINK|44|A|L2|F1,true,false,false,/home/cyfer/FYP/WSN_simulation_V3/runs/S8_4000/outputs_production_50seed_part41_45/run_campaign_v3_S8_M2_LONG_LINK_A_L2_F1_H4_seed044_44_20260602_121306
campaign_v3_S8_M2_LONG_LINK_A_L2_F1_H4_seed045,campaign_v3_S8_M2_LONG_LINK_A_L2_F1_H4_seed045_45_20260602_121502,S8,4000,160,5,M2_LONG_LINK,45,A,L2,F1,H4,V3,map_S8_M2_LONG_LINK_seed045,aa25ce5774df9aa8d0c792f864b828fa69a3b1ff5309c17e0052f6697119fec1,92.704,307.008,190.463,358.982,25,564,2.8274,0.2943,60.0,28.951,88.951,148.951,150.0,90.0,6.486,3.0,1.0,0.014,1.0,0.148,5266.462364,0.682977,0.0,1888,1125640,1125640,1.0,1437,1437,1.0,95554,0,1,S8|M2_LONG_LINK|45|A|L2|F1,true,false,false,/home/cyfer/FYP/WSN_simulation_V3/runs/S8_4000/outputs_production_50seed_part41_45/run_campaign_v3_S8_M2_LONG_LINK_A_L2_F1_H4_seed045_45_20260602_121502
campaign_v3_S8_M2_LONG_LINK_A_L2_F2_H0_seed041,campaign_v3_S8_M2_LONG_LINK_A_L2_F2_H0_seed041_41_20260602_120704,S8,4000,160,5,M2_LONG_LINK,41,A,L2,F2,H0,V2,map_S8_M2_LONG_LINK_seed041,a23dd80d30f85ceadecb2f07757d98f3bb008abd5a6dbaf1cb6c638ec13764fe,93.091,309.428,187.211,354.778,25,673,2.9987,0.3015,60.0,-1.0,-1.0,-1.0,-1.0,-1.0,0.0,0.0,0.0,0.0,0.0,0.0,5257.310058,0.685672,0.0,1877,1124965,1124965,1.0,1432,1432,1.0,96085,1,0,S8|M2_LONG_LINK|41|A|L2|F2,false,false,true,/home/cyfer/FYP/WSN_simulation_V3/runs/S8_4000/outputs_production_50seed_part41_45/run_campaign_v3_S8_M2_LONG_LINK_A_L2_F2_H0_seed041_41_20260602_120704
campaign_v3_S8_M2_LONG_LINK_A_L2_F2_H0_seed042,campaign_v3_S8_M2_LONG_LINK_A_L2_F2_H0_seed042_42_20260602_120901,S8,4000,160,5,M2_LONG_LINK,42,A,L2,F2,H0,V2,map_S8_M2_LONG_LINK_seed042,e1689774d659d09a5ec6f7367c6062df175b67663484277b83f5c821b6cf73af,89.799,320.955,190.029,342.604,25,754,3.0586,0.2918,60.0,-1.0,-1.0,-1.0,-1.0,-1.0,0.0,0.0,0.0,0.0,0.0,0.0,5209.764045,0.697559,0.0,1848,1125200,1125200,1.0,1432,1432,1.0,96080,1,0,S8|M2_LONG_LINK|42|A|L2|F2,false,false,true,/home/cyfer/FYP/WSN_simulation_V3/runs/S8_4000/outputs_production_50seed_part41_45/run_campaign_v3_S8_M2_LONG_LINK_A_L2_F2_H0_seed042_42_20260602_120901
campaign_v3_S8_M2_LONG_LINK_A_L2_F2_H0_seed043,campaign_v3_S8_M2_LONG_LINK_A_L2_F2_H0_seed043_43_20260602_121059,S8,4000,160,5,M2_LONG_LINK,43,A,L2,F2,H0,V2,map_S8_M2_LONG_LINK_seed043,2c6a3388e5eb938d95b6c784dc78b688a76650d37bf2d48c2349db92af575e42,91.228,305.203,188.48,362.978,25,513,2.6172,0.3018,60.0,-1.0,-1.0,-1.0,-1.0,-1.0,0.0,0.0,0.0,0.0,0.0,0.0,5243.794923,0.689051,0.0,1874,1125200,1125200,1.0,1432,1432,1.0,96080,1,0,S8|M2_LONG_LINK|43|A|L2|F2,false,false,true,/home/cyfer/FYP/WSN_simulation_V3/runs/S8_4000/outputs_production_50seed_part41_45/run_campaign_v3_S8_M2_LONG_LINK_A_L2_F2_H0_seed043_43_20260602_121059
campaign_v3_S8_M2_LONG_LINK_A_L2_F2_H0_seed044,campaign_v3_S8_M2_LONG_LINK_A_L2_F2_H0_seed044_44_20260602_121255,S8,4000,160,5,M2_LONG_LINK,44,A,L2,F2,H0,V2,map_S8_M2_LONG_LINK_seed044,65a43507f830c83134844286daaeef18b9d5427c6b4e8c33674af5eda13f70d8,89.428,305.581,189.628,349.91,25,672,2.9507,0.29,60.0,-1.0,-1.0,-1.0,-1.0,-1.0,0.0,0.0,0.0,0.0,0.0,0.0,5272.768292,0.681808,0.0,1882,1125435,1125435,1.0,1432,1432,1.0,96075,1,0,S8|M2_LONG_LINK|44|A|L2|F2,false,false,true,/home/cyfer/FYP/WSN_simulation_V3/runs/S8_4000/outputs_production_50seed_part41_45/run_campaign_v3_S8_M2_LONG_LINK_A_L2_F2_H0_seed044_44_20260602_121255
campaign_v3_S8_M2_LONG_LINK_A_L2_F2_H0_seed045,campaign_v3_S8_M2_LONG_LINK_A_L2_F2_H0_seed045_45_20260602_121451,S8,4000,160,5,M2_LONG_LINK,45,A,L2,F2,H0,V2,map_S8_M2_LONG_LINK_seed045,aa25ce5774df9aa8d0c792f864b828fa69a3b1ff5309c17e0052f6697119fec1,92.704,307.008,190.463,358.982,25,564,2.8274,0.2943,60.0,-1.0,-1.0,-1.0,-1.0,-1.0,0.0,0.0,0.0,0.0,0.0,0.0,5263.863862,0.684034,0.0,1887,1124730,1124730,1.0,1432,1432,1.0,96090,1,0,S8|M2_LONG_LINK|45|A|L2|F2,false,false,true,/home/cyfer/FYP/WSN_simulation_V3/runs/S8_4000/outputs_production_50seed_part41_45/run_campaign_v3_S8_M2_LONG_LINK_A_L2_F2_H0_seed045_45_20260602_121451
campaign_v3_S8_M2_LONG_LINK_A_L2_F2_H1_seed041,campaign_v3_S8_M2_LONG_LINK_A_L2_F2_H1_seed041_41_20260602_120718,S8,4000,160,5,M2_LONG_LINK,41,A,L2,F2,H1,V3,map_S8_M2_LONG_LINK_seed041,a23dd80d30f85ceadecb2f07757d98f3bb008abd5a6dbaf1cb6c638ec13764fe,93.091,309.428,187.211,354.778,25,673,2.9987,0.3015,60.0,24.96,84.96,144.96,150.0,90.0,4.341,3.0,1.0,0.025,0.381,0.041,5264.763994,0.683809,0.0,1878,1127515,1127515,1.0,1437,1437,1.0,96000,0,1,S8|M2_LONG_LINK|41|A|L2|F2,true,false,false,/home/cyfer/FYP/WSN_simulation_V3/runs/S8_4000/outputs_production_50seed_part41_45/run_campaign_v3_S8_M2_LONG_LINK_A_L2_F2_H1_seed041_41_20260602_120718
campaign_v3_S8_M2_LONG_LINK_A_L2_F2_H1_seed042,campaign_v3_S8_M2_LONG_LINK_A_L2_F2_H1_seed042_42_20260602_120916,S8,4000,160,5,M2_LONG_LINK,42,A,L2,F2,H1,V3,map_S8_M2_LONG_LINK_seed042,e1689774d659d09a5ec6f7367c6062df175b67663484277b83f5c821b6cf73af,89.799,320.955,190.029,342.604,25,754,3.0586,0.2918,60.0,24.93,84.93,144.93,150.0,90.0,4.297,3.0,1.0,0.021,0.373,0.038,5217.303847,0.695674,0.0,1849,1127600,1127600,1.0,1437,1437,1.0,96000,0,1,S8|M2_LONG_LINK|42|A|L2|F2,true,false,false,/home/cyfer/FYP/WSN_simulation_V3/runs/S8_4000/outputs_production_50seed_part41_45/run_campaign_v3_S8_M2_LONG_LINK_A_L2_F2_H1_seed042_42_20260602_120916
campaign_v3_S8_M2_LONG_LINK_A_L2_F2_H1_seed043,campaign_v3_S8_M2_LONG_LINK_A_L2_F2_H1_seed043_43_20260602_121114,S8,4000,160,5,M2_LONG_LINK,43,A,L2,F2,H1,V3,map_S8_M2_LONG_LINK_seed043,2c6a3388e5eb938d95b6c784dc78b688a76650d37bf2d48c2349db92af575e42,91.228,305.203,188.48,362.978,25,513,2.6172,0.3018,60.0,25.149,85.149,145.149,150.0,90.0,4.84,3.0,1.0,0.031,0.398,0.184,5251.807807,0.687048,0.0,1875,1127584,1127584,1.0,1437,1437,1.0,96000,0,1,S8|M2_LONG_LINK|43|A|L2|F2,true,false,false,/home/cyfer/FYP/WSN_simulation_V3/runs/S8_4000/outputs_production_50seed_part41_45/run_campaign_v3_S8_M2_LONG_LINK_A_L2_F2_H1_seed043_43_20260602_121114
campaign_v3_S8_M2_LONG_LINK_A_L2_F2_H1_seed044,campaign_v3_S8_M2_LONG_LINK_A_L2_F2_H1_seed044_44_20260602_121310,S8,4000,160,5,M2_LONG_LINK,44,A,L2,F2,H1,V3,map_S8_M2_LONG_LINK_seed044,65a43507f830c83134844286daaeef18b9d5427c6b4e8c33674af5eda13f70d8,89.428,305.581,189.628,349.91,25,672,2.9507,0.29,60.0,25.2,85.2,145.2,150.0,90.0,4.401,3.0,1.0,0.022,0.347,0.097,5279.751271,0.680062,0.0,1883,1127670,1127670,1.0,1437,1437,1.0,96000,0,1,S8|M2_LONG_LINK|44|A|L2|F2,true,false,false,/home/cyfer/FYP/WSN_simulation_V3/runs/S8_4000/outputs_production_50seed_part41_45/run_campaign_v3_S8_M2_LONG_LINK_A_L2_F2_H1_seed044_44_20260602_121310
campaign_v3_S8_M2_LONG_LINK_A_L2_F2_H1_seed045,campaign_v3_S8_M2_LONG_LINK_A_L2_F2_H1_seed045_45_20260602_121505,S8,4000,160,5,M2_LONG_LINK,45,A,L2,F2,H1,V3,map_S8_M2_LONG_LINK_seed045,aa25ce5774df9aa8d0c792f864b828fa69a3b1ff5309c17e0052f6697119fec1,92.704,307.008,190.463,358.982,25,564,2.8274,0.2943,60.0,25.207,85.207,145.207,150.0,90.0,4.744,3.0,1.0,0.032,0.409,0.141,5271.64777,0.682088,0.0,1888,1127412,1127412,1.0,1437,1437,1.0,96000,0,1,S8|M2_LONG_LINK|45|A|L2|F2,true,false,false,/home/cyfer/FYP/WSN_simulation_V3/runs/S8_4000/outputs_production_50seed_part41_45/run_campaign_v3_S8_M2_LONG_LINK_A_L2_F2_H1_seed045_45_20260602_121505
campaign_v3_S8_M2_LONG_LINK_A_L2_F2_H3_seed041,campaign_v3_S8_M2_LONG_LINK_A_L2_F2_H3_seed041_41_20260602_120719,S8,4000,160,5,M2_LONG_LINK,41,A,L2,F2,H3,V3,map_S8_M2_LONG_LINK_seed041,a23dd80d30f85ceadecb2f07757d98f3bb008abd5a6dbaf1cb6c638ec13764fe,93.091,309.428,187.211,354.778,25,673,2.9987,0.3015,60.0,30.394,90.394,150.394,160.0,100.0,4.341,3.0,1.0,0.025,0.381,0.041,5261.458172,0.684635,0.0,1877,1126261,1126261,1.0,1436,1436,1.0,95800,0,1,S8|M2_LONG_LINK|41|A|L2|F2,true,false,false,/home/cyfer/FYP/WSN_simulation_V3/runs/S8_4000/outputs_production_50seed_part41_45/run_campaign_v3_S8_M2_LONG_LINK_A_L2_F2_H3_seed041_41_20260602_120719
campaign_v3_S8_M2_LONG_LINK_A_L2_F2_H3_seed042,campaign_v3_S8_M2_LONG_LINK_A_L2_F2_H3_seed042_42_20260602_120917,S8,4000,160,5,M2_LONG_LINK,42,A,L2,F2,H3,V3,map_S8_M2_LONG_LINK_seed042,e1689774d659d09a5ec6f7367c6062df175b67663484277b83f5c821b6cf73af,89.799,320.955,190.029,342.604,25,754,3.0586,0.2918,60.0,30.63,90.63,150.63,160.0,100.0,4.297,3.0,1.0,0.021,0.373,0.038,5213.563834,0.696609,0.0,1848,1126352,1126352,1.0,1436,1436,1.0,95800,0,1,S8|M2_LONG_LINK|42|A|L2|F2,true,false,false,/home/cyfer/FYP/WSN_simulation_V3/runs/S8_4000/outputs_production_50seed_part41_45/run_campaign_v3_S8_M2_LONG_LINK_A_L2_F2_H3_seed042_42_20260602_120917
campaign_v3_S8_M2_LONG_LINK_A_L2_F2_H3_seed043,campaign_v3_S8_M2_LONG_LINK_A_L2_F2_H3_seed043_43_20260602_121115,S8,4000,160,5,M2_LONG_LINK,43,A,L2,F2,H3,V3,map_S8_M2_LONG_LINK_seed043,2c6a3388e5eb938d95b6c784dc78b688a76650d37bf2d48c2349db92af575e42,91.228,305.203,188.48,362.978,25,513,2.6172,0.3018,60.0,31.769,91.769,151.769,160.0,100.0,4.84,3.0,1.0,0.031,0.398,0.184,5248.386975,0.687903,0.0,1874,1126344,1126344,1.0,1436,1436,1.0,95800,0,1,S8|M2_LONG_LINK|43|A|L2|F2,true,false,false,/home/cyfer/FYP/WSN_simulation_V3/runs/S8_4000/outputs_production_50seed_part41_45/run_campaign_v3_S8_M2_LONG_LINK_A_L2_F2_H3_seed043_43_20260602_121115
campaign_v3_S8_M2_LONG_LINK_A_L2_F2_H3_seed044,campaign_v3_S8_M2_LONG_LINK_A_L2_F2_H3_seed044_44_20260602_121311,S8,4000,160,5,M2_LONG_LINK,44,A,L2,F2,H3,V3,map_S8_M2_LONG_LINK_seed044,65a43507f830c83134844286daaeef18b9d5427c6b4e8c33674af5eda13f70d8,89.428,305.581,189.628,349.91,25,672,2.9507,0.29,60.0,31.228,91.228,151.228,160.0,100.0,4.401,3.0,1.0,0.022,0.347,0.097,5276.408508,0.680898,0.0,1882,1126579,1126579,1.0,1436,1436,1.0,95825,0,1,S8|M2_LONG_LINK|44|A|L2|F2,true,false,false,/home/cyfer/FYP/WSN_simulation_V3/runs/S8_4000/outputs_production_50seed_part41_45/run_campaign_v3_S8_M2_LONG_LINK_A_L2_F2_H3_seed044_44_20260602_121311
campaign_v3_S8_M2_LONG_LINK_A_L2_F2_H3_seed045,campaign_v3_S8_M2_LONG_LINK_A_L2_F2_H3_seed045_45_20260602_121507,S8,4000,160,5,M2_LONG_LINK,45,A,L2,F2,H3,V3,map_S8_M2_LONG_LINK_seed045,aa25ce5774df9aa8d0c792f864b828fa69a3b1ff5309c17e0052f6697119fec1,92.704,307.008,190.463,358.982,25,564,2.8274,0.2943,60.0,31.393,91.393,151.393,160.0,100.0,4.744,3.0,1.0,0.032,0.409,0.141,5268.016021,0.682996,0.0,1887,1126017,1126017,1.0,1436,1436,1.0,95775,0,1,S8|M2_LONG_LINK|45|A|L2|F2,true,false,false,/home/cyfer/FYP/WSN_simulation_V3/runs/S8_4000/outputs_production_50seed_part41_45/run_campaign_v3_S8_M2_LONG_LINK_A_L2_F2_H3_seed045_45_20260602_121507
campaign_v3_S8_M2_LONG_LINK_A_L2_F2_H4_seed041,campaign_v3_S8_M2_LONG_LINK_A_L2_F2_H4_seed041_41_20260602_120721,S8,4000,160,5,M2_LONG_LINK,41,A,L2,F2,H4,V3,map_S8_M2_LONG_LINK_seed041,a23dd80d30f85ceadecb2f07757d98f3bb008abd5a6dbaf1cb6c638ec13764fe,93.091,309.428,187.211,354.778,25,673,2.9987,0.3015,60.0,34.537,94.537,154.537,160.0,100.0,4.341,3.0,1.0,0.025,0.381,0.041,5264.394459,0.683901,0.0,1878,1127345,1127345,1.0,1436,1436,1.0,96000,0,1,S8|M2_LONG_LINK|41|A|L2|F2,true,false,false,/home/cyfer/FYP/WSN_simulation_V3/runs/S8_4000/outputs_production_50seed_part41_45/run_campaign_v3_S8_M2_LONG_LINK_A_L2_F2_H4_seed041_41_20260602_120721
campaign_v3_S8_M2_LONG_LINK_A_L2_F2_H4_seed042,campaign_v3_S8_M2_LONG_LINK_A_L2_F2_H4_seed042_42_20260602_120918,S8,4000,160,5,M2_LONG_LINK,42,A,L2,F2,H4,V3,map_S8_M2_LONG_LINK_seed042,e1689774d659d09a5ec6f7367c6062df175b67663484277b83f5c821b6cf73af,89.799,320.955,190.029,342.604,25,754,3.0586,0.2918,60.0,35.263,95.263,155.263,160.0,100.0,4.297,3.0,1.0,0.021,0.373,0.038,5216.891063,0.695777,0.0,1849,1127424,1127424,1.0,1436,1436,1.0,96000,0,1,S8|M2_LONG_LINK|42|A|L2|F2,true,false,false,/home/cyfer/FYP/WSN_simulation_V3/runs/S8_4000/outputs_production_50seed_part41_45/run_campaign_v3_S8_M2_LONG_LINK_A_L2_F2_H4_seed042_42_20260602_120918
campaign_v3_S8_M2_LONG_LINK_A_L2_F2_H4_seed043,campaign_v3_S8_M2_LONG_LINK_A_L2_F2_H4_seed043_43_20260602_121117,S8,4000,160,5,M2_LONG_LINK,43,A,L2,F2,H4,V3,map_S8_M2_LONG_LINK_seed043,2c6a3388e5eb938d95b6c784dc78b688a76650d37bf2d48c2349db92af575e42,91.228,305.203,188.48,362.978,25,513,2.6172,0.3018,60.0,35.813,95.813,155.813,160.0,100.0,4.84,3.0,1.0,0.031,0.398,0.184,5251.396937,0.687151,0.0,1875,1127424,1127424,1.0,1436,1436,1.0,96000,0,1,S8|M2_LONG_LINK|43|A|L2|F2,true,false,false,/home/cyfer/FYP/WSN_simulation_V3/runs/S8_4000/outputs_production_50seed_part41_45/run_campaign_v3_S8_M2_LONG_LINK_A_L2_F2_H4_seed043_43_20260602_121117
campaign_v3_S8_M2_LONG_LINK_A_L2_F2_H4_seed044,campaign_v3_S8_M2_LONG_LINK_A_L2_F2_H4_seed044_44_20260602_121312,S8,4000,160,5,M2_LONG_LINK,44,A,L2,F2,H4,V3,map_S8_M2_LONG_LINK_seed044,65a43507f830c83134844286daaeef18b9d5427c6b4e8c33674af5eda13f70d8,89.428,305.581,189.628,349.91,25,672,2.9507,0.29,60.0,35.331,95.331,155.331,160.0,100.0,4.401,3.0,1.0,0.022,0.347,0.097,5279.411277,0.680147,0.0,1883,1127520,1127520,1.0,1436,1436,1.0,96000,0,1,S8|M2_LONG_LINK|44|A|L2|F2,true,false,false,/home/cyfer/FYP/WSN_simulation_V3/runs/S8_4000/outputs_production_50seed_part41_45/run_campaign_v3_S8_M2_LONG_LINK_A_L2_F2_H4_seed044_44_20260602_121312
campaign_v3_S8_M2_LONG_LINK_A_L2_F2_H4_seed045,campaign_v3_S8_M2_LONG_LINK_A_L2_F2_H4_seed045_45_20260602_121508,S8,4000,160,5,M2_LONG_LINK,45,A,L2,F2,H4,V3,map_S8_M2_LONG_LINK_seed045,aa25ce5774df9aa8d0c792f864b828fa69a3b1ff5309c17e0052f6697119fec1,92.704,307.008,190.463,358.982,25,564,2.8274,0.2943,60.0,35.471,95.471,155.471,160.0,100.0,4.744,3.0,1.0,0.032,0.409,0.141,5271.253059,0.682187,0.0,1888,1127232,1127232,1.0,1436,1436,1.0,96000,0,1,S8|M2_LONG_LINK|45|A|L2|F2,true,false,false,/home/cyfer/FYP/WSN_simulation_V3/runs/S8_4000/outputs_production_50seed_part41_45/run_campaign_v3_S8_M2_LONG_LINK_A_L2_F2_H4_seed045_45_20260602_121508
campaign_v3_S8_M2_LONG_LINK_A_L2_F3_H0_seed041,campaign_v3_S8_M2_LONG_LINK_A_L2_F3_H0_seed041_41_20260602_120705,S8,4000,160,5,M2_LONG_LINK,41,A,L2,F3,H0,V2,map_S8_M2_LONG_LINK_seed041,a23dd80d30f85ceadecb2f07757d98f3bb008abd5a6dbaf1cb6c638ec13764fe,93.091,309.428,187.211,354.778,25,673,2.9987,0.3015,60.0,-1.0,-1.0,-1.0,-1.0,-1.0,0.0,0.0,0.0,0.0,0.0,0.0,5259.200676,0.6852,0.0,1877,1126375,1126375,1.0,1432,1432,1.0,96055,1,0,S8|M2_LONG_LINK|41|A|L2|F3,false,false,true,/home/cyfer/FYP/WSN_simulation_V3/runs/S8_4000/outputs_production_50seed_part41_45/run_campaign_v3_S8_M2_LONG_LINK_A_L2_F3_H0_seed041_41_20260602_120705
campaign_v3_S8_M2_LONG_LINK_A_L2_F3_H0_seed042,campaign_v3_S8_M2_LONG_LINK_A_L2_F3_H0_seed042_42_20260602_120903,S8,4000,160,5,M2_LONG_LINK,42,A,L2,F3,H0,V2,map_S8_M2_LONG_LINK_seed042,e1689774d659d09a5ec6f7367c6062df175b67663484277b83f5c821b6cf73af,89.799,320.955,190.029,342.604,25,754,3.0586,0.2918,60.0,-1.0,-1.0,-1.0,-1.0,-1.0,0.0,0.0,0.0,0.0,0.0,0.0,5215.96983,0.696008,0.0,1849,1127785,1127785,1.0,1432,1432,1.0,96025,1,0,S8|M2_LONG_LINK|42|A|L2|F3,false,false,true,/home/cyfer/FYP/WSN_simulation_V3/runs/S8_4000/outputs_production_50seed_part41_45/run_campaign_v3_S8_M2_LONG_LINK_A_L2_F3_H0_seed042_42_20260602_120903
campaign_v3_S8_M2_LONG_LINK_A_L2_F3_H0_seed043,campaign_v3_S8_M2_LONG_LINK_A_L2_F3_H0_seed043_43_20260602_121101,S8,4000,160,5,M2_LONG_LINK,43,A,L2,F3,H0,V2,map_S8_M2_LONG_LINK_seed043,2c6a3388e5eb938d95b6c784dc78b688a76650d37bf2d48c2349db92af575e42,91.228,305.203,188.48,362.978,25,513,2.6172,0.3018,60.0,-1.0,-1.0,-1.0,-1.0,-1.0,0.0,0.0,0.0,0.0,0.0,0.0,5248.990691,0.687752,0.0,1874,1126845,1126845,1.0,1432,1432,1.0,96045,1,0,S8|M2_LONG_LINK|43|A|L2|F3,false,false,true,/home/cyfer/FYP/WSN_simulation_V3/runs/S8_4000/outputs_production_50seed_part41_45/run_campaign_v3_S8_M2_LONG_LINK_A_L2_F3_H0_seed043_43_20260602_121101
campaign_v3_S8_M2_LONG_LINK_A_L2_F3_H0_seed044,campaign_v3_S8_M2_LONG_LINK_A_L2_F3_H0_seed044_44_20260602_121257,S8,4000,160,5,M2_LONG_LINK,44,A,L2,F3,H0,V2,map_S8_M2_LONG_LINK_seed044,65a43507f830c83134844286daaeef18b9d5427c6b4e8c33674af5eda13f70d8,89.428,305.581,189.628,349.91,25,672,2.9507,0.29,60.0,-1.0,-1.0,-1.0,-1.0,-1.0,0.0,0.0,0.0,0.0,0.0,0.0,5271.102192,0.682224,0.0,1882,1124965,1124965,1.0,1432,1432,1.0,96085,1,0,S8|M2_LONG_LINK|44|A|L2|F3,false,false,true,/home/cyfer/FYP/WSN_simulation_V3/runs/S8_4000/outputs_production_50seed_part41_45/run_campaign_v3_S8_M2_LONG_LINK_A_L2_F3_H0_seed044_44_20260602_121257
campaign_v3_S8_M2_LONG_LINK_A_L2_F3_H0_seed045,campaign_v3_S8_M2_LONG_LINK_A_L2_F3_H0_seed045_45_20260602_121453,S8,4000,160,5,M2_LONG_LINK,45,A,L2,F3,H0,V2,map_S8_M2_LONG_LINK_seed045,aa25ce5774df9aa8d0c792f864b828fa69a3b1ff5309c17e0052f6697119fec1,92.704,307.008,190.463,358.982,25,564,2.8274,0.2943,60.0,-1.0,-1.0,-1.0,-1.0,-1.0,0.0,0.0,0.0,0.0,0.0,0.0,5268.370072,0.682907,0.0,1887,1127080,1127080,1.0,1432,1432,1.0,96040,1,0,S8|M2_LONG_LINK|45|A|L2|F3,false,false,true,/home/cyfer/FYP/WSN_simulation_V3/runs/S8_4000/outputs_production_50seed_part41_45/run_campaign_v3_S8_M2_LONG_LINK_A_L2_F3_H0_seed045_45_20260602_121453
campaign_v3_S8_M2_LONG_LINK_A_L2_F3_H1_seed041,campaign_v3_S8_M2_LONG_LINK_A_L2_F3_H1_seed041_41_20260602_120722,S8,4000,160,5,M2_LONG_LINK,41,A,L2,F3,H1,V3,map_S8_M2_LONG_LINK_seed041,a23dd80d30f85ceadecb2f07757d98f3bb008abd5a6dbaf1cb6c638ec13764fe,93.091,309.428,187.211,354.778,25,673,2.9987,0.3015,60.0,28.358,88.358,148.358,150.0,90.0,4.28,3.0,1.0,0.016,0.265,0.145,5259.362242,0.685159,0.0,1877,1126395,1126395,1.0,1437,1437,1.0,95729,0,1,S8|M2_LONG_LINK|41|A|L2|F3,true,false,false,/home/cyfer/FYP/WSN_simulation_V3/runs/S8_4000/outputs_production_50seed_part41_45/run_campaign_v3_S8_M2_LONG_LINK_A_L2_F3_H1_seed041_41_20260602_120722
campaign_v3_S8_M2_LONG_LINK_A_L2_F3_H1_seed042,campaign_v3_S8_M2_LONG_LINK_A_L2_F3_H1_seed042_42_20260602_120920,S8,4000,160,5,M2_LONG_LINK,42,A,L2,F3,H1,V3,map_S8_M2_LONG_LINK_seed042,e1689774d659d09a5ec6f7367c6062df175b67663484277b83f5c821b6cf73af,89.799,320.955,190.029,342.604,25,754,3.0586,0.2918,60.0,28.766,88.766,148.766,150.0,90.0,3.793,3.0,1.0,0.007,0.122,0.136,5216.105139,0.695974,0.0,1849,1127805,1127805,1.0,1437,1437,1.0,95879,0,1,S8|M2_LONG_LINK|42|A|L2|F3,true,false,false,/home/cyfer/FYP/WSN_simulation_V3/runs/S8_4000/outputs_production_50seed_part41_45/run_campaign_v3_S8_M2_LONG_LINK_A_L2_F3_H1_seed042_42_20260602_120920
campaign_v3_S8_M2_LONG_LINK_A_L2_F3_H1_seed043,campaign_v3_S8_M2_LONG_LINK_A_L2_F3_H1_seed043_43_20260602_121118,S8,4000,160,5,M2_LONG_LINK,43,A,L2,F3,H1,V3,map_S8_M2_LONG_LINK_seed043,2c6a3388e5eb938d95b6c784dc78b688a76650d37bf2d48c2349db92af575e42,91.228,305.203,188.48,362.978,25,513,2.6172,0.3018,60.0,28.31,88.31,148.31,150.0,90.0,4.033,3.0,1.0,0.018,0.205,0.122,5249.147552,0.687713,0.0,1874,1126865,1126865,1.0,1437,1437,1.0,95779,0,1,S8|M2_LONG_LINK|43|A|L2|F3,true,false,false,/home/cyfer/FYP/WSN_simulation_V3/runs/S8_4000/outputs_production_50seed_part41_45/run_campaign_v3_S8_M2_LONG_LINK_A_L2_F3_H1_seed043_43_20260602_121118
campaign_v3_S8_M2_LONG_LINK_A_L2_F3_H1_seed044,campaign_v3_S8_M2_LONG_LINK_A_L2_F3_H1_seed044_44_20260602_121314,S8,4000,160,5,M2_LONG_LINK,44,A,L2,F3,H1,V3,map_S8_M2_LONG_LINK_seed044,65a43507f830c83134844286daaeef18b9d5427c6b4e8c33674af5eda13f70d8,89.428,305.581,189.628,349.91,25,672,2.9507,0.29,60.0,28.665,88.665,148.665,150.0,90.0,4.621,3.0,1.0,0.025,0.405,0.11,5271.31222,0.682172,0.0,1882,1124985,1124985,1.0,1437,1437,1.0,95579,0,1,S8|M2_LONG_LINK|44|A|L2|F3,true,false,false,/home/cyfer/FYP/WSN_simulation_V3/runs/S8_4000/outputs_production_50seed_part41_45/run_campaign_v3_S8_M2_LONG_LINK_A_L2_F3_H1_seed044_44_20260602_121314
campaign_v3_S8_M2_LONG_LINK_A_L2_F3_H1_seed045,campaign_v3_S8_M2_LONG_LINK_A_L2_F3_H1_seed045_45_20260602_121510,S8,4000,160,5,M2_LONG_LINK,45,A,L2,F3,H1,V3,map_S8_M2_LONG_LINK_seed045,aa25ce5774df9aa8d0c792f864b828fa69a3b1ff5309c17e0052f6697119fec1,92.704,307.008,190.463,358.982,25,564,2.8274,0.2943,60.0,28.685,88.685,148.685,150.0,90.0,3.984,3.0,1.0,0.014,0.188,0.126,5268.527511,0.682868,0.0,1887,1127100,1127100,1.0,1437,1437,1.0,95804,0,1,S8|M2_LONG_LINK|45|A|L2|F3,true,false,false,/home/cyfer/FYP/WSN_simulation_V3/runs/S8_4000/outputs_production_50seed_part41_45/run_campaign_v3_S8_M2_LONG_LINK_A_L2_F3_H1_seed045_45_20260602_121510
campaign_v3_S8_M2_LONG_LINK_A_L2_F3_H3_seed041,campaign_v3_S8_M2_LONG_LINK_A_L2_F3_H3_seed041_41_20260602_120723,S8,4000,160,5,M2_LONG_LINK,41,A,L2,F3,H3,V3,map_S8_M2_LONG_LINK_seed041,a23dd80d30f85ceadecb2f07757d98f3bb008abd5a6dbaf1cb6c638ec13764fe,93.091,309.428,187.211,354.778,25,673,2.9987,0.3015,60.0,34.9,94.9,154.9,160.0,100.0,4.28,3.0,1.0,0.016,0.265,0.145,5259.353655,0.685162,0.0,1877,1126391,1126391,1.0,1436,1436,1.0,95729,0,1,S8|M2_LONG_LINK|41|A|L2|F3,true,false,false,/home/cyfer/FYP/WSN_simulation_V3/runs/S8_4000/outputs_production_50seed_part41_45/run_campaign_v3_S8_M2_LONG_LINK_A_L2_F3_H3_seed041_41_20260602_120723
campaign_v3_S8_M2_LONG_LINK_A_L2_F3_H3_seed042,campaign_v3_S8_M2_LONG_LINK_A_L2_F3_H3_seed042_42_20260602_120921,S8,4000,160,5,M2_LONG_LINK,42,A,L2,F3,H3,V3,map_S8_M2_LONG_LINK_seed042,e1689774d659d09a5ec6f7367c6062df175b67663484277b83f5c821b6cf73af,89.799,320.955,190.029,342.604,25,754,3.0586,0.2918,60.0,34.377,94.377,154.377,160.0,100.0,3.793,3.0,1.0,0.007,0.122,0.136,5216.087177,0.695978,0.0,1849,1127801,1127801,1.0,1436,1436,1.0,95879,0,1,S8|M2_LONG_LINK|42|A|L2|F3,true,false,false,/home/cyfer/FYP/WSN_simulation_V3/runs/S8_4000/outputs_production_50seed_part41_45/run_campaign_v3_S8_M2_LONG_LINK_A_L2_F3_H3_seed042_42_20260602_120921
campaign_v3_S8_M2_LONG_LINK_A_L2_F3_H3_seed043,campaign_v3_S8_M2_LONG_LINK_A_L2_F3_H3_seed043_43_20260602_121119,S8,4000,160,5,M2_LONG_LINK,43,A,L2,F3,H3,V3,map_S8_M2_LONG_LINK_seed043,2c6a3388e5eb938d95b6c784dc78b688a76650d37bf2d48c2349db92af575e42,91.228,305.203,188.48,362.978,25,513,2.6172,0.3018,60.0,34.425,94.425,154.425,160.0,100.0,4.033,3.0,1.0,0.018,0.205,0.122,5249.117125,0.687721,0.0,1874,1126861,1126861,1.0,1436,1436,1.0,95779,0,1,S8|M2_LONG_LINK|43|A|L2|F3,true,false,false,/home/cyfer/FYP/WSN_simulation_V3/runs/S8_4000/outputs_production_50seed_part41_45/run_campaign_v3_S8_M2_LONG_LINK_A_L2_F3_H3_seed043_43_20260602_121119
campaign_v3_S8_M2_LONG_LINK_A_L2_F3_H3_seed044,campaign_v3_S8_M2_LONG_LINK_A_L2_F3_H3_seed044_44_20260602_121315,S8,4000,160,5,M2_LONG_LINK,44,A,L2,F3,H3,V3,map_S8_M2_LONG_LINK_seed044,65a43507f830c83134844286daaeef18b9d5427c6b4e8c33674af5eda13f70d8,89.428,305.581,189.628,349.91,25,672,2.9507,0.29,60.0,35.317,95.317,155.317,160.0,100.0,4.621,3.0,1.0,0.025,0.405,0.11,5271.287899,0.682178,0.0,1882,1124981,1124981,1.0,1436,1436,1.0,95579,0,1,S8|M2_LONG_LINK|44|A|L2|F3,true,false,false,/home/cyfer/FYP/WSN_simulation_V3/runs/S8_4000/outputs_production_50seed_part41_45/run_campaign_v3_S8_M2_LONG_LINK_A_L2_F3_H3_seed044_44_20260602_121315
campaign_v3_S8_M2_LONG_LINK_A_L2_F3_H3_seed045,campaign_v3_S8_M2_LONG_LINK_A_L2_F3_H3_seed045_45_20260602_121511,S8,4000,160,5,M2_LONG_LINK,45,A,L2,F3,H3,V3,map_S8_M2_LONG_LINK_seed045,aa25ce5774df9aa8d0c792f864b828fa69a3b1ff5309c17e0052f6697119fec1,92.704,307.008,190.463,358.982,25,564,2.8274,0.2943,60.0,34.709,94.709,154.709,160.0,100.0,3.984,3.0,1.0,0.014,0.188,0.126,5268.503997,0.682874,0.0,1887,1127096,1127096,1.0,1436,1436,1.0,95804,0,1,S8|M2_LONG_LINK|45|A|L2|F3,true,false,false,/home/cyfer/FYP/WSN_simulation_V3/runs/S8_4000/outputs_production_50seed_part41_45/run_campaign_v3_S8_M2_LONG_LINK_A_L2_F3_H3_seed045_45_20260602_121511
campaign_v3_S8_M2_LONG_LINK_A_L2_F3_H4_seed041,campaign_v3_S8_M2_LONG_LINK_A_L2_F3_H4_seed041_41_20260602_120725,S8,4000,160,5,M2_LONG_LINK,41,A,L2,F3,H4,V3,map_S8_M2_LONG_LINK_seed041,a23dd80d30f85ceadecb2f07757d98f3bb008abd5a6dbaf1cb6c638ec13764fe,93.091,309.428,187.211,354.778,25,673,2.9987,0.3015,60.0,39.171,99.171,159.171,160.0,100.0,4.28,3.0,1.0,0.016,0.265,0.145,5259.342969,0.685164,0.0,1877,1126391,1126391,1.0,1436,1436,1.0,95729,0,1,S8|M2_LONG_LINK|41|A|L2|F3,true,false,false,/home/cyfer/FYP/WSN_simulation_V3/runs/S8_4000/outputs_production_50seed_part41_45/run_campaign_v3_S8_M2_LONG_LINK_A_L2_F3_H4_seed041_41_20260602_120725
campaign_v3_S8_M2_LONG_LINK_A_L2_F3_H4_seed042,campaign_v3_S8_M2_LONG_LINK_A_L2_F3_H4_seed042_42_20260602_120923,S8,4000,160,5,M2_LONG_LINK,42,A,L2,F3,H4,V3,map_S8_M2_LONG_LINK_seed042,e1689774d659d09a5ec6f7367c6062df175b67663484277b83f5c821b6cf73af,89.799,320.955,190.029,342.604,25,754,3.0586,0.2918,60.0,38.432,98.432,158.432,160.0,100.0,3.793,3.0,1.0,0.007,0.122,0.136,5216.083917,0.695979,0.0,1849,1127801,1127801,1.0,1436,1436,1.0,95879,0,1,S8|M2_LONG_LINK|42|A|L2|F3,true,false,false,/home/cyfer/FYP/WSN_simulation_V3/runs/S8_4000/outputs_production_50seed_part41_45/run_campaign_v3_S8_M2_LONG_LINK_A_L2_F3_H4_seed042_42_20260602_120923
campaign_v3_S8_M2_LONG_LINK_A_L2_F3_H4_seed043,campaign_v3_S8_M2_LONG_LINK_A_L2_F3_H4_seed043_43_20260602_121121,S8,4000,160,5,M2_LONG_LINK,43,A,L2,F3,H4,V3,map_S8_M2_LONG_LINK_seed043,2c6a3388e5eb938d95b6c784dc78b688a76650d37bf2d48c2349db92af575e42,91.228,305.203,188.48,362.978,25,513,2.6172,0.3018,60.0,38.966,98.966,158.966,160.0,100.0,4.033,3.0,1.0,0.018,0.205,0.122,5249.12682,0.687718,0.0,1874,1126861,1126861,1.0,1436,1436,1.0,95779,0,1,S8|M2_LONG_LINK|43|A|L2|F3,true,false,false,/home/cyfer/FYP/WSN_simulation_V3/runs/S8_4000/outputs_production_50seed_part41_45/run_campaign_v3_S8_M2_LONG_LINK_A_L2_F3_H4_seed043_43_20260602_121121
campaign_v3_S8_M2_LONG_LINK_A_L2_F3_H4_seed044,campaign_v3_S8_M2_LONG_LINK_A_L2_F3_H4_seed044_44_20260602_121316,S8,4000,160,5,M2_LONG_LINK,44,A,L2,F3,H4,V3,map_S8_M2_LONG_LINK_seed044,65a43507f830c83134844286daaeef18b9d5427c6b4e8c33674af5eda13f70d8,89.428,305.581,189.628,349.91,25,672,2.9507,0.29,60.0,39.014,99.014,159.014,160.0,100.0,4.621,3.0,1.0,0.025,0.405,0.11,5271.290454,0.682177,0.0,1882,1124981,1124981,1.0,1436,1436,1.0,95579,0,1,S8|M2_LONG_LINK|44|A|L2|F3,true,false,false,/home/cyfer/FYP/WSN_simulation_V3/runs/S8_4000/outputs_production_50seed_part41_45/run_campaign_v3_S8_M2_LONG_LINK_A_L2_F3_H4_seed044_44_20260602_121316
campaign_v3_S8_M2_LONG_LINK_A_L2_F3_H4_seed045,campaign_v3_S8_M2_LONG_LINK_A_L2_F3_H4_seed045_45_20260602_121512,S8,4000,160,5,M2_LONG_LINK,45,A,L2,F3,H4,V3,map_S8_M2_LONG_LINK_seed045,aa25ce5774df9aa8d0c792f864b828fa69a3b1ff5309c17e0052f6697119fec1,92.704,307.008,190.463,358.982,25,564,2.8274,0.2943,60.0,38.305,98.305,158.305,160.0,100.0,3.984,3.0,1.0,0.014,0.188,0.126,5268.505463,0.682874,0.0,1887,1127096,1127096,1.0,1436,1436,1.0,95804,0,1,S8|M2_LONG_LINK|45|A|L2|F3,true,false,false,/home/cyfer/FYP/WSN_simulation_V3/runs/S8_4000/outputs_production_50seed_part41_45/run_campaign_v3_S8_M2_LONG_LINK_A_L2_F3_H4_seed045_45_20260602_121512
campaign_v3_S8_M2_LONG_LINK_A_L2_F4_H0_seed041,campaign_v3_S8_M2_LONG_LINK_A_L2_F4_H0_seed041_41_20260602_120706,S8,4000,160,5,M2_LONG_LINK,41,A,L2,F4,H0,V2,map_S8_M2_LONG_LINK_seed041,a23dd80d30f85ceadecb2f07757d98f3bb008abd5a6dbaf1cb6c638ec13764fe,93.091,309.428,187.211,354.778,25,673,2.9987,0.3015,60.0,-1.0,-1.0,-1.0,-1.0,-1.0,0.0,0.0,0.0,0.0,0.0,0.0,5256.816094,0.685796,0.0,1877,1124730,1124730,1.0,1432,1432,1.0,96090,1,0,S8|M2_LONG_LINK|41|A|L2|F4,false,false,true,/home/cyfer/FYP/WSN_simulation_V3/runs/S8_4000/outputs_production_50seed_part41_45/run_campaign_v3_S8_M2_LONG_LINK_A_L2_F4_H0_seed041_41_20260602_120706
campaign_v3_S8_M2_LONG_LINK_A_L2_F4_H0_seed042,campaign_v3_S8_M2_LONG_LINK_A_L2_F4_H0_seed042_42_20260602_120904,S8,4000,160,5,M2_LONG_LINK,42,A,L2,F4,H0,V2,map_S8_M2_LONG_LINK_seed042,e1689774d659d09a5ec6f7367c6062df175b67663484277b83f5c821b6cf73af,89.799,320.955,190.029,342.604,25,754,3.0586,0.2918,60.0,-1.0,-1.0,-1.0,-1.0,-1.0,0.0,0.0,0.0,0.0,0.0,0.0,5207.748427,0.698063,0.0,1848,1124260,1124260,1.0,1432,1432,1.0,96100,1,0,S8|M2_LONG_LINK|42|A|L2|F4,false,false,true,/home/cyfer/FYP/WSN_simulation_V3/runs/S8_4000/outputs_production_50seed_part41_45/run_campaign_v3_S8_M2_LONG_LINK_A_L2_F4_H0_seed042_42_20260602_120904
campaign_v3_S8_M2_LONG_LINK_A_L2_F4_H0_seed043,campaign_v3_S8_M2_LONG_LINK_A_L2_F4_H0_seed043_43_20260602_121102,S8,4000,160,5,M2_LONG_LINK,43,A,L2,F4,H0,V2,map_S8_M2_LONG_LINK_seed043,2c6a3388e5eb938d95b6c784dc78b688a76650d37bf2d48c2349db92af575e42,91.228,305.203,188.48,362.978,25,513,2.6172,0.3018,60.0,-1.0,-1.0,-1.0,-1.0,-1.0,0.0,0.0,0.0,0.0,0.0,0.0,5243.267413,0.689183,0.0,1874,1124495,1124495,1.0,1432,1432,1.0,96095,1,0,S8|M2_LONG_LINK|43|A|L2|F4,false,false,true,/home/cyfer/FYP/WSN_simulation_V3/runs/S8_4000/outputs_production_50seed_part41_45/run_campaign_v3_S8_M2_LONG_LINK_A_L2_F4_H0_seed043_43_20260602_121102
campaign_v3_S8_M2_LONG_LINK_A_L2_F4_H0_seed044,campaign_v3_S8_M2_LONG_LINK_A_L2_F4_H0_seed044_44_20260602_121258,S8,4000,160,5,M2_LONG_LINK,44,A,L2,F4,H0,V2,map_S8_M2_LONG_LINK_seed044,65a43507f830c83134844286daaeef18b9d5427c6b4e8c33674af5eda13f70d8,89.428,305.581,189.628,349.91,25,672,2.9507,0.29,60.0,-1.0,-1.0,-1.0,-1.0,-1.0,0.0,0.0,0.0,0.0,0.0,0.0,5274.11651,0.681471,0.0,1882,1125905,1125905,1.0,1432,1432,1.0,96065,1,0,S8|M2_LONG_LINK|44|A|L2|F4,false,false,true,/home/cyfer/FYP/WSN_simulation_V3/runs/S8_4000/outputs_production_50seed_part41_45/run_campaign_v3_S8_M2_LONG_LINK_A_L2_F4_H0_seed044_44_20260602_121258
campaign_v3_S8_M2_LONG_LINK_A_L2_F4_H0_seed045,campaign_v3_S8_M2_LONG_LINK_A_L2_F4_H0_seed045_45_20260602_121454,S8,4000,160,5,M2_LONG_LINK,45,A,L2,F4,H0,V2,map_S8_M2_LONG_LINK_seed045,aa25ce5774df9aa8d0c792f864b828fa69a3b1ff5309c17e0052f6697119fec1,92.704,307.008,190.463,358.982,25,564,2.8274,0.2943,60.0,-1.0,-1.0,-1.0,-1.0,-1.0,0.0,0.0,0.0,0.0,0.0,0.0,5268.530368,0.682867,0.0,1887,1127080,1127080,1.0,1432,1432,1.0,96040,1,0,S8|M2_LONG_LINK|45|A|L2|F4,false,false,true,/home/cyfer/FYP/WSN_simulation_V3/runs/S8_4000/outputs_production_50seed_part41_45/run_campaign_v3_S8_M2_LONG_LINK_A_L2_F4_H0_seed045_45_20260602_121454
campaign_v3_S8_M2_LONG_LINK_A_L2_F4_H1_seed041,campaign_v3_S8_M2_LONG_LINK_A_L2_F4_H1_seed041_41_20260602_120726,S8,4000,160,5,M2_LONG_LINK,41,A,L2,F4,H1,V3,map_S8_M2_LONG_LINK_seed041,a23dd80d30f85ceadecb2f07757d98f3bb008abd5a6dbaf1cb6c638ec13764fe,93.091,309.428,187.211,354.778,25,673,2.9987,0.3015,60.0,35.559,95.559,155.559,160.0,100.0,4.6,3.0,1.0,0.027,0.404,0.102,5258.305409,0.685424,0.0,1877,1125178,1125178,1.0,1436,1436,1.0,95554,0,1,S8|M2_LONG_LINK|41|A|L2|F4,true,false,false,/home/cyfer/FYP/WSN_simulation_V3/runs/S8_4000/outputs_production_50seed_part41_45/run_campaign_v3_S8_M2_LONG_LINK_A_L2_F4_H1_seed041_41_20260602_120726
campaign_v3_S8_M2_LONG_LINK_A_L2_F4_H1_seed042,campaign_v3_S8_M2_LONG_LINK_A_L2_F4_H1_seed042_42_20260602_120924,S8,4000,160,5,M2_LONG_LINK,42,A,L2,F4,H1,V3,map_S8_M2_LONG_LINK_seed042,e1689774d659d09a5ec6f7367c6062df175b67663484277b83f5c821b6cf73af,89.799,320.955,190.029,342.604,25,754,3.0586,0.2918,60.0,35.988,95.988,155.988,160.0,100.0,5.013,3.0,1.0,0.027,0.467,0.178,5209.550249,0.697612,0.0,1848,1124756,1124756,1.0,1436,1436,1.0,95504,0,1,S8|M2_LONG_LINK|42|A|L2|F4,true,false,false,/home/cyfer/FYP/WSN_simulation_V3/runs/S8_4000/outputs_production_50seed_part41_45/run_campaign_v3_S8_M2_LONG_LINK_A_L2_F4_H1_seed042_42_20260602_120924
campaign_v3_S8_M2_LONG_LINK_A_L2_F4_H1_seed043,campaign_v3_S8_M2_LONG_LINK_A_L2_F4_H1_seed043_43_20260602_121122,S8,4000,160,5,M2_LONG_LINK,43,A,L2,F4,H1,V3,map_S8_M2_LONG_LINK_seed043,2c6a3388e5eb938d95b6c784dc78b688a76650d37bf2d48c2349db92af575e42,91.228,305.203,188.48,362.978,25,513,2.6172,0.3018,60.0,35.688,95.688,155.688,160.0,100.0,4.775,3.0,1.0,0.037,0.445,0.109,5244.96474,0.688759,0.0,1874,1124967,1124967,1.0,1436,1436,1.0,95529,0,1,S8|M2_LONG_LINK|43|A|L2|F4,true,false,false,/home/cyfer/FYP/WSN_simulation_V3/runs/S8_4000/outputs_production_50seed_part41_45/run_campaign_v3_S8_M2_LONG_LINK_A_L2_F4_H1_seed043_43_20260602_121122
campaign_v3_S8_M2_LONG_LINK_A_L2_F4_H1_seed044,campaign_v3_S8_M2_LONG_LINK_A_L2_F4_H1_seed044_44_20260602_121318,S8,4000,160,5,M2_LONG_LINK,44,A,L2,F4,H1,V3,map_S8_M2_LONG_LINK_seed044,65a43507f830c83134844286daaeef18b9d5427c6b4e8c33674af5eda13f70d8,89.428,305.581,189.628,349.91,25,672,2.9507,0.29,60.0,34.413,94.413,154.413,160.0,100.0,4.358,3.0,1.0,0.019,0.296,0.137,5275.234961,0.681191,0.0,1882,1126246,1126246,1.0,1436,1436,1.0,95679,0,1,S8|M2_LONG_LINK|44|A|L2|F4,true,false,false,/home/cyfer/FYP/WSN_simulation_V3/runs/S8_4000/outputs_production_50seed_part41_45/run_campaign_v3_S8_M2_LONG_LINK_A_L2_F4_H1_seed044_44_20260602_121318
campaign_v3_S8_M2_LONG_LINK_A_L2_F4_H1_seed045,campaign_v3_S8_M2_LONG_LINK_A_L2_F4_H1_seed045_45_20260602_121514,S8,4000,160,5,M2_LONG_LINK,45,A,L2,F4,H1,V3,map_S8_M2_LONG_LINK_seed045,aa25ce5774df9aa8d0c792f864b828fa69a3b1ff5309c17e0052f6697119fec1,92.704,307.008,190.463,358.982,25,564,2.8274,0.2943,60.0,34.675,94.675,154.675,160.0,100.0,4.041,3.0,1.0,0.014,0.185,0.148,5269.293666,0.682677,0.0,1887,1127296,1127296,1.0,1436,1436,1.0,95804,0,1,S8|M2_LONG_LINK|45|A|L2|F4,true,false,false,/home/cyfer/FYP/WSN_simulation_V3/runs/S8_4000/outputs_production_50seed_part41_45/run_campaign_v3_S8_M2_LONG_LINK_A_L2_F4_H1_seed045_45_20260602_121514
campaign_v3_S8_M2_LONG_LINK_A_L2_F4_H3_seed041,campaign_v3_S8_M2_LONG_LINK_A_L2_F4_H3_seed041_41_20260602_120728,S8,4000,160,5,M2_LONG_LINK,41,A,L2,F4,H3,V3,map_S8_M2_LONG_LINK_seed041,a23dd80d30f85ceadecb2f07757d98f3bb008abd5a6dbaf1cb6c638ec13764fe,93.091,309.428,187.211,354.778,25,673,2.9987,0.3015,60.0,40.783,100.783,160.783,170.0,110.0,4.6,3.0,1.0,0.027,0.404,0.102,5257.512576,0.685622,0.0,1877,1124917,1124917,1.0,1436,1436,1.0,95554,0,1,S8|M2_LONG_LINK|41|A|L2|F4,true,false,false,/home/cyfer/FYP/WSN_simulation_V3/runs/S8_4000/outputs_production_50seed_part41_45/run_campaign_v3_S8_M2_LONG_LINK_A_L2_F4_H3_seed041_41_20260602_120728
campaign_v3_S8_M2_LONG_LINK_A_L2_F4_H3_seed042,campaign_v3_S8_M2_LONG_LINK_A_L2_F4_H3_seed042_42_20260602_120925,S8,4000,160,5,M2_LONG_LINK,42,A,L2,F4,H3,V3,map_S8_M2_LONG_LINK_seed042,e1689774d659d09a5ec6f7367c6062df175b67663484277b83f5c821b6cf73af,89.799,320.955,190.029,342.604,25,754,3.0586,0.2918,60.0,41.365,101.365,161.365,170.0,110.0,5.013,3.0,1.0,0.027,0.467,0.178,5208.539604,0.697865,0.0,1848,1124456,1124456,1.0,1436,1436,1.0,95504,0,1,S8|M2_LONG_LINK|42|A|L2|F4,true,false,false,/home/cyfer/FYP/WSN_simulation_V3/runs/S8_4000/outputs_production_50seed_part41_45/run_campaign_v3_S8_M2_LONG_LINK_A_L2_F4_H3_seed042_42_20260602_120925
campaign_v3_S8_M2_LONG_LINK_A_L2_F4_H3_seed043,campaign_v3_S8_M2_LONG_LINK_A_L2_F4_H3_seed043_43_20260602_121124,S8,4000,160,5,M2_LONG_LINK,43,A,L2,F4,H3,V3,map_S8_M2_LONG_LINK_seed043,2c6a3388e5eb938d95b6c784dc78b688a76650d37bf2d48c2349db92af575e42,91.228,305.203,188.48,362.978,25,513,2.6172,0.3018,60.0,40.841,100.841,160.841,170.0,110.0,4.775,3.0,1.0,0.037,0.445,0.109,5244.009741,0.688998,0.0,1874,1124701,1124701,1.0,1436,1436,1.0,95529,0,1,S8|M2_LONG_LINK|43|A|L2|F4,true,false,false,/home/cyfer/FYP/WSN_simulation_V3/runs/S8_4000/outputs_production_50seed_part41_45/run_campaign_v3_S8_M2_LONG_LINK_A_L2_F4_H3_seed043_43_20260602_121124
campaign_v3_S8_M2_LONG_LINK_A_L2_F4_H3_seed044,campaign_v3_S8_M2_LONG_LINK_A_L2_F4_H3_seed044_44_20260602_121319,S8,4000,160,5,M2_LONG_LINK,44,A,L2,F4,H3,V3,map_S8_M2_LONG_LINK_seed044,65a43507f830c83134844286daaeef18b9d5427c6b4e8c33674af5eda13f70d8,89.428,305.581,189.628,349.91,25,672,2.9507,0.29,60.0,41.211,101.211,161.211,170.0,110.0,4.358,3.0,1.0,0.019,0.296,0.137,5274.646398,0.681338,0.0,1882,1126047,1126047,1.0,1436,1436,1.0,95679,0,1,S8|M2_LONG_LINK|44|A|L2|F4,true,false,false,/home/cyfer/FYP/WSN_simulation_V3/runs/S8_4000/outputs_production_50seed_part41_45/run_campaign_v3_S8_M2_LONG_LINK_A_L2_F4_H3_seed044_44_20260602_121319
campaign_v3_S8_M2_LONG_LINK_A_L2_F4_H3_seed045,campaign_v3_S8_M2_LONG_LINK_A_L2_F4_H3_seed045_45_20260602_121515,S8,4000,160,5,M2_LONG_LINK,45,A,L2,F4,H3,V3,map_S8_M2_LONG_LINK_seed045,aa25ce5774df9aa8d0c792f864b828fa69a3b1ff5309c17e0052f6697119fec1,92.704,307.008,190.463,358.982,25,564,2.8274,0.2943,60.0,40.181,100.181,160.181,170.0,110.0,4.041,3.0,1.0,0.014,0.185,0.148,5268.90602,0.682773,0.0,1887,1127172,1127172,1.0,1436,1436,1.0,95804,0,1,S8|M2_LONG_LINK|45|A|L2|F4,true,false,false,/home/cyfer/FYP/WSN_simulation_V3/runs/S8_4000/outputs_production_50seed_part41_45/run_campaign_v3_S8_M2_LONG_LINK_A_L2_F4_H3_seed045_45_20260602_121515
campaign_v3_S8_M2_LONG_LINK_A_L2_F4_H4_seed041,campaign_v3_S8_M2_LONG_LINK_A_L2_F4_H4_seed041_41_20260602_120729,S8,4000,160,5,M2_LONG_LINK,41,A,L2,F4,H4,V3,map_S8_M2_LONG_LINK_seed041,a23dd80d30f85ceadecb2f07757d98f3bb008abd5a6dbaf1cb6c638ec13764fe,93.091,309.428,187.211,354.778,25,673,2.9987,0.3015,60.0,44.865,104.865,164.865,170.0,110.0,4.6,3.0,1.0,0.027,0.404,0.102,5253.039699,0.68674,0.0,1877,1122822,1122822,1.0,1436,1436,1.0,95133,0,1,S8|M2_LONG_LINK|41|A|L2|F4,true,false,false,/home/cyfer/FYP/WSN_simulation_V3/runs/S8_4000/outputs_production_50seed_part41_45/run_campaign_v3_S8_M2_LONG_LINK_A_L2_F4_H4_seed041_41_20260602_120729
campaign_v3_S8_M2_LONG_LINK_A_L2_F4_H4_seed042,campaign_v3_S8_M2_LONG_LINK_A_L2_F4_H4_seed042_42_20260602_120927,S8,4000,160,5,M2_LONG_LINK,42,A,L2,F4,H4,V3,map_S8_M2_LONG_LINK_seed042,e1689774d659d09a5ec6f7367c6062df175b67663484277b83f5c821b6cf73af,89.799,320.955,190.029,342.604,25,754,3.0586,0.2918,60.0,45.557,105.557,165.557,170.0,110.0,5.013,3.0,1.0,0.027,0.467,0.178,5203.97027,0.699007,0.0,1848,1122508,1122508,1.0,1436,1436,1.0,95108,0,1,S8|M2_LONG_LINK|42|A|L2|F4,true,false,false,/home/cyfer/FYP/WSN_simulation_V3/runs/S8_4000/outputs_production_50seed_part41_45/run_campaign_v3_S8_M2_LONG_LINK_A_L2_F4_H4_seed042_42_20260602_120927
campaign_v3_S8_M2_LONG_LINK_A_L2_F4_H4_seed043,campaign_v3_S8_M2_LONG_LINK_A_L2_F4_H4_seed043_43_20260602_121125,S8,4000,160,5,M2_LONG_LINK,43,A,L2,F4,H4,V3,map_S8_M2_LONG_LINK_seed043,2c6a3388e5eb938d95b6c784dc78b688a76650d37bf2d48c2349db92af575e42,91.228,305.203,188.48,362.978,25,513,2.6172,0.3018,60.0,45.015,105.015,165.015,170.0,110.0,4.775,3.0,1.0,0.037,0.445,0.109,5238.741549,0.690315,0.0,1874,1122729,1122729,1.0,1436,1436,1.0,95133,0,1,S8|M2_LONG_LINK|43|A|L2|F4,true,false,false,/home/cyfer/FYP/WSN_simulation_V3/runs/S8_4000/outputs_production_50seed_part41_45/run_campaign_v3_S8_M2_LONG_LINK_A_L2_F4_H4_seed043_43_20260602_121125
campaign_v3_S8_M2_LONG_LINK_A_L2_F4_H4_seed044,campaign_v3_S8_M2_LONG_LINK_A_L2_F4_H4_seed044_44_20260602_121320,S8,4000,160,5,M2_LONG_LINK,44,A,L2,F4,H4,V3,map_S8_M2_LONG_LINK_seed044,65a43507f830c83134844286daaeef18b9d5427c6b4e8c33674af5eda13f70d8,89.428,305.581,189.628,349.91,25,672,2.9507,0.29,60.0,44.961,104.961,164.961,170.0,110.0,4.358,3.0,1.0,0.019,0.296,0.137,5270.300597,0.682425,0.0,1882,1124182,1124182,1.0,1436,1436,1.0,95308,0,1,S8|M2_LONG_LINK|44|A|L2|F4,true,false,false,/home/cyfer/FYP/WSN_simulation_V3/runs/S8_4000/outputs_production_50seed_part41_45/run_campaign_v3_S8_M2_LONG_LINK_A_L2_F4_H4_seed044_44_20260602_121320
campaign_v3_S8_M2_LONG_LINK_A_L2_F4_H4_seed045,campaign_v3_S8_M2_LONG_LINK_A_L2_F4_H4_seed045_45_20260602_121517,S8,4000,160,5,M2_LONG_LINK,45,A,L2,F4,H4,V3,map_S8_M2_LONG_LINK_seed045,aa25ce5774df9aa8d0c792f864b828fa69a3b1ff5309c17e0052f6697119fec1,92.704,307.008,190.463,358.982,25,564,2.8274,0.2943,60.0,44.295,104.295,164.295,170.0,110.0,4.041,3.0,1.0,0.014,0.185,0.148,5263.882983,0.684029,0.0,1887,1124892,1124892,1.0,1436,1436,1.0,95358,0,1,S8|M2_LONG_LINK|45|A|L2|F4,true,false,false,/home/cyfer/FYP/WSN_simulation_V3/runs/S8_4000/outputs_production_50seed_part41_45/run_campaign_v3_S8_M2_LONG_LINK_A_L2_F4_H4_seed045_45_20260602_121517
campaign_v3_S8_M2_LONG_LINK_B_L1_F0_H0_seed041,campaign_v3_S8_M2_LONG_LINK_B_L1_F0_H0_seed041_41_20260602_120730,S8,4000,160,5,M2_LONG_LINK,41,B,L1,F0,H0,V1,map_S8_M2_LONG_LINK_seed041,a23dd80d30f85ceadecb2f07757d98f3bb008abd5a6dbaf1cb6c638ec13764fe,93.091,309.428,187.211,354.778,25,673,2.9987,0.3015,0.0,-1.0,-1.0,-1.0,-1.0,-1.0,0.0,0.0,0.0,0.0,0.0,0.0,4422.05598,0.894486,0.0,1522,1128960,1128960,1.0,1440,1440,1.0,96000,0,0,S8|M2_LONG_LINK|41|B|L1|F0,false,true,false,/home/cyfer/FYP/WSN_simulation_V3/runs/S8_4000/outputs_production_50seed_part41_45/run_campaign_v3_S8_M2_LONG_LINK_B_L1_F0_H0_seed041_41_20260602_120730
campaign_v3_S8_M2_LONG_LINK_B_L1_F0_H0_seed042,campaign_v3_S8_M2_LONG_LINK_B_L1_F0_H0_seed042_42_20260602_120928,S8,4000,160,5,M2_LONG_LINK,42,B,L1,F0,H0,V1,map_S8_M2_LONG_LINK_seed042,e1689774d659d09a5ec6f7367c6062df175b67663484277b83f5c821b6cf73af,89.799,320.955,190.029,342.604,25,754,3.0586,0.2918,0.0,-1.0,-1.0,-1.0,-1.0,-1.0,0.0,0.0,0.0,0.0,0.0,0.0,4321.740625,0.919565,0.0,1405,1128960,1128960,1.0,1440,1440,1.0,96000,0,0,S8|M2_LONG_LINK|42|B|L1|F0,false,true,false,/home/cyfer/FYP/WSN_simulation_V3/runs/S8_4000/outputs_production_50seed_part41_45/run_campaign_v3_S8_M2_LONG_LINK_B_L1_F0_H0_seed042_42_20260602_120928
campaign_v3_S8_M2_LONG_LINK_B_L1_F0_H0_seed043,campaign_v3_S8_M2_LONG_LINK_B_L1_F0_H0_seed043_43_20260602_121127,S8,4000,160,5,M2_LONG_LINK,43,B,L1,F0,H0,V1,map_S8_M2_LONG_LINK_seed043,2c6a3388e5eb938d95b6c784dc78b688a76650d37bf2d48c2349db92af575e42,91.228,305.203,188.48,362.978,25,513,2.6172,0.3018,0.0,-1.0,-1.0,-1.0,-1.0,-1.0,0.0,0.0,0.0,0.0,0.0,0.0,4386.06534,0.903484,0.0,1469,1128960,1128960,1.0,1440,1440,1.0,96000,0,0,S8|M2_LONG_LINK|43|B|L1|F0,false,true,false,/home/cyfer/FYP/WSN_simulation_V3/runs/S8_4000/outputs_production_50seed_part41_45/run_campaign_v3_S8_M2_LONG_LINK_B_L1_F0_H0_seed043_43_20260602_121127
campaign_v3_S8_M2_LONG_LINK_B_L1_F0_H0_seed044,campaign_v3_S8_M2_LONG_LINK_B_L1_F0_H0_seed044_44_20260602_121322,S8,4000,160,5,M2_LONG_LINK,44,B,L1,F0,H0,V1,map_S8_M2_LONG_LINK_seed044,65a43507f830c83134844286daaeef18b9d5427c6b4e8c33674af5eda13f70d8,89.428,305.581,189.628,349.91,25,672,2.9507,0.29,0.0,-1.0,-1.0,-1.0,-1.0,-1.0,0.0,0.0,0.0,0.0,0.0,0.0,4345.494611,0.913626,0.0,1397,1128960,1128960,1.0,1440,1440,1.0,96000,0,0,S8|M2_LONG_LINK|44|B|L1|F0,false,true,false,/home/cyfer/FYP/WSN_simulation_V3/runs/S8_4000/outputs_production_50seed_part41_45/run_campaign_v3_S8_M2_LONG_LINK_B_L1_F0_H0_seed044_44_20260602_121322
campaign_v3_S8_M2_LONG_LINK_B_L1_F0_H0_seed045,campaign_v3_S8_M2_LONG_LINK_B_L1_F0_H0_seed045_45_20260602_121518,S8,4000,160,5,M2_LONG_LINK,45,B,L1,F0,H0,V1,map_S8_M2_LONG_LINK_seed045,aa25ce5774df9aa8d0c792f864b828fa69a3b1ff5309c17e0052f6697119fec1,92.704,307.008,190.463,358.982,25,564,2.8274,0.2943,0.0,-1.0,-1.0,-1.0,-1.0,-1.0,0.0,0.0,0.0,0.0,0.0,0.0,4410.265495,0.897434,0.0,1493,1128960,1128960,1.0,1440,1440,1.0,96000,0,0,S8|M2_LONG_LINK|45|B|L1|F0,false,true,false,/home/cyfer/FYP/WSN_simulation_V3/runs/S8_4000/outputs_production_50seed_part41_45/run_campaign_v3_S8_M2_LONG_LINK_B_L1_F0_H0_seed045_45_20260602_121518
campaign_v3_S8_M2_LONG_LINK_B_L1_F1_H0_seed041,campaign_v3_S8_M2_LONG_LINK_B_L1_F1_H0_seed041_41_20260602_120732,S8,4000,160,5,M2_LONG_LINK,41,B,L1,F1,H0,V2,map_S8_M2_LONG_LINK_seed041,a23dd80d30f85ceadecb2f07757d98f3bb008abd5a6dbaf1cb6c638ec13764fe,93.091,309.428,187.211,354.778,25,673,2.9987,0.3015,60.0,-1.0,-1.0,-1.0,-1.0,-1.0,0.0,0.0,0.0,0.0,0.0,0.0,4415.095695,0.895928,0.0,1522,1124730,1124730,1.0,1432,1432,1.0,96090,1,0,S8|M2_LONG_LINK|41|B|L1|F1,false,false,true,/home/cyfer/FYP/WSN_simulation_V3/runs/S8_4000/outputs_production_50seed_part41_45/run_campaign_v3_S8_M2_LONG_LINK_B_L1_F1_H0_seed041_41_20260602_120732
campaign_v3_S8_M2_LONG_LINK_B_L1_F1_H0_seed042,campaign_v3_S8_M2_LONG_LINK_B_L1_F1_H0_seed042_42_20260602_120929,S8,4000,160,5,M2_LONG_LINK,42,B,L1,F1,H0,V2,map_S8_M2_LONG_LINK_seed042,e1689774d659d09a5ec6f7367c6062df175b67663484277b83f5c821b6cf73af,89.799,320.955,190.029,342.604,25,754,3.0586,0.2918,60.0,-1.0,-1.0,-1.0,-1.0,-1.0,0.0,0.0,0.0,0.0,0.0,0.0,4313.65798,0.921319,0.0,1405,1124260,1124260,1.0,1432,1432,1.0,96100,1,0,S8|M2_LONG_LINK|42|B|L1|F1,false,false,true,/home/cyfer/FYP/WSN_simulation_V3/runs/S8_4000/outputs_production_50seed_part41_45/run_campaign_v3_S8_M2_LONG_LINK_B_L1_F1_H0_seed042_42_20260602_120929
campaign_v3_S8_M2_LONG_LINK_B_L1_F1_H0_seed043,campaign_v3_S8_M2_LONG_LINK_B_L1_F1_H0_seed043_43_20260602_121128,S8,4000,160,5,M2_LONG_LINK,43,B,L1,F1,H0,V2,map_S8_M2_LONG_LINK_seed043,2c6a3388e5eb938d95b6c784dc78b688a76650d37bf2d48c2349db92af575e42,91.228,305.203,188.48,362.978,25,513,2.6172,0.3018,60.0,-1.0,-1.0,-1.0,-1.0,-1.0,0.0,0.0,0.0,0.0,0.0,0.0,4378.153463,0.905184,0.0,1469,1124495,1124495,1.0,1432,1432,1.0,96095,1,0,S8|M2_LONG_LINK|43|B|L1|F1,false,false,true,/home/cyfer/FYP/WSN_simulation_V3/runs/S8_4000/outputs_production_50seed_part41_45/run_campaign_v3_S8_M2_LONG_LINK_B_L1_F1_H0_seed043_43_20260602_121128
campaign_v3_S8_M2_LONG_LINK_B_L1_F1_H0_seed044,campaign_v3_S8_M2_LONG_LINK_B_L1_F1_H0_seed044_44_20260602_121323,S8,4000,160,5,M2_LONG_LINK,44,B,L1,F1,H0,V2,map_S8_M2_LONG_LINK_seed044,65a43507f830c83134844286daaeef18b9d5427c6b4e8c33674af5eda13f70d8,89.428,305.581,189.628,349.91,25,672,2.9507,0.29,60.0,-1.0,-1.0,-1.0,-1.0,-1.0,0.0,0.0,0.0,0.0,0.0,0.0,4339.817513,0.914694,0.0,1397,1125905,1125905,1.0,1432,1432,1.0,96065,1,0,S8|M2_LONG_LINK|44|B|L1|F1,false,false,true,/home/cyfer/FYP/WSN_simulation_V3/runs/S8_4000/outputs_production_50seed_part41_45/run_campaign_v3_S8_M2_LONG_LINK_B_L1_F1_H0_seed044_44_20260602_121323
campaign_v3_S8_M2_LONG_LINK_B_L1_F1_H0_seed045,campaign_v3_S8_M2_LONG_LINK_B_L1_F1_H0_seed045_45_20260602_121519,S8,4000,160,5,M2_LONG_LINK,45,B,L1,F1,H0,V2,map_S8_M2_LONG_LINK_seed045,aa25ce5774df9aa8d0c792f864b828fa69a3b1ff5309c17e0052f6697119fec1,92.704,307.008,190.463,358.982,25,564,2.8274,0.2943,60.0,-1.0,-1.0,-1.0,-1.0,-1.0,0.0,0.0,0.0,0.0,0.0,0.0,4405.970699,0.8981,0.0,1493,1127080,1127080,1.0,1432,1432,1.0,96040,1,0,S8|M2_LONG_LINK|45|B|L1|F1,false,false,true,/home/cyfer/FYP/WSN_simulation_V3/runs/S8_4000/outputs_production_50seed_part41_45/run_campaign_v3_S8_M2_LONG_LINK_B_L1_F1_H0_seed045_45_20260602_121519
campaign_v3_S8_M2_LONG_LINK_B_L1_F1_H1_seed041,campaign_v3_S8_M2_LONG_LINK_B_L1_F1_H1_seed041_41_20260602_120739,S8,4000,160,5,M2_LONG_LINK,41,B,L1,F1,H1,V3,map_S8_M2_LONG_LINK_seed041,a23dd80d30f85ceadecb2f07757d98f3bb008abd5a6dbaf1cb6c638ec13764fe,93.091,309.428,187.211,354.778,25,673,2.9987,0.3015,60.0,18.665,78.665,138.665,140.0,80.0,6.388,3.0,1.0,0.027,1.0,0.102,4420.75308,0.894514,0.0,1523,1127538,1127538,1.0,1437,1437,1.0,96000,0,1,S8|M2_LONG_LINK|41|B|L1|F1,true,false,false,/home/cyfer/FYP/WSN_simulation_V3/runs/S8_4000/outputs_production_50seed_part41_45/run_campaign_v3_S8_M2_LONG_LINK_B_L1_F1_H1_seed041_41_20260602_120739
campaign_v3_S8_M2_LONG_LINK_B_L1_F1_H1_seed042,campaign_v3_S8_M2_LONG_LINK_B_L1_F1_H1_seed042_42_20260602_120937,S8,4000,160,5,M2_LONG_LINK,42,B,L1,F1,H1,V3,map_S8_M2_LONG_LINK_seed042,e1689774d659d09a5ec6f7367c6062df175b67663484277b83f5c821b6cf73af,89.799,320.955,190.029,342.604,25,754,3.0586,0.2918,60.0,19.43,79.43,139.43,140.0,80.0,6.613,3.0,1.0,0.027,1.0,0.178,4320.213062,0.91968,0.0,1406,1127360,1127360,1.0,1437,1437,1.0,96000,0,1,S8|M2_LONG_LINK|42|B|L1|F1,true,false,false,/home/cyfer/FYP/WSN_simulation_V3/runs/S8_4000/outputs_production_50seed_part41_45/run_campaign_v3_S8_M2_LONG_LINK_B_L1_F1_H1_seed042_42_20260602_120937
campaign_v3_S8_M2_LONG_LINK_B_L1_F1_H1_seed043,campaign_v3_S8_M2_LONG_LINK_B_L1_F1_H1_seed043_43_20260602_121134,S8,4000,160,5,M2_LONG_LINK,43,B,L1,F1,H1,V3,map_S8_M2_LONG_LINK_seed043,2c6a3388e5eb938d95b6c784dc78b688a76650d37bf2d48c2349db92af575e42,91.228,305.203,188.48,362.978,25,513,2.6172,0.3018,60.0,18.804,78.804,138.804,140.0,80.0,6.439,3.0,1.0,0.037,1.0,0.109,4384.459255,0.903608,0.0,1470,1127459,1127459,1.0,1437,1437,1.0,96000,0,1,S8|M2_LONG_LINK|43|B|L1|F1,true,false,false,/home/cyfer/FYP/WSN_simulation_V3/runs/S8_4000/outputs_production_50seed_part41_45/run_campaign_v3_S8_M2_LONG_LINK_B_L1_F1_H1_seed043_43_20260602_121134
campaign_v3_S8_M2_LONG_LINK_B_L1_F1_H1_seed044,campaign_v3_S8_M2_LONG_LINK_B_L1_F1_H1_seed044_44_20260602_121329,S8,4000,160,5,M2_LONG_LINK,44,B,L1,F1,H1,V3,map_S8_M2_LONG_LINK_seed044,65a43507f830c83134844286daaeef18b9d5427c6b4e8c33674af5eda13f70d8,89.428,305.581,189.628,349.91,25,672,2.9507,0.29,60.0,18.937,78.937,138.937,140.0,80.0,6.47,3.0,1.0,0.019,1.0,0.137,4344.280002,0.913578,0.0,1398,1127933,1127933,1.0,1437,1437,1.0,96000,0,1,S8|M2_LONG_LINK|44|B|L1|F1,true,false,false,/home/cyfer/FYP/WSN_simulation_V3/runs/S8_4000/outputs_production_50seed_part41_45/run_campaign_v3_S8_M2_LONG_LINK_B_L1_F1_H1_seed044_44_20260602_121329
campaign_v3_S8_M2_LONG_LINK_B_L1_F1_H1_seed045,campaign_v3_S8_M2_LONG_LINK_B_L1_F1_H1_seed045_45_20260602_121525,S8,4000,160,5,M2_LONG_LINK,45,B,L1,F1,H1,V3,map_S8_M2_LONG_LINK_seed045,aa25ce5774df9aa8d0c792f864b828fa69a3b1ff5309c17e0052f6697119fec1,92.704,307.008,190.463,358.982,25,564,2.8274,0.2943,60.0,19.104,79.104,139.104,140.0,80.0,6.486,3.0,1.0,0.014,1.0,0.148,4408.858135,0.897378,0.0,1493,1128320,1128320,1.0,1437,1437,1.0,96000,0,1,S8|M2_LONG_LINK|45|B|L1|F1,true,false,false,/home/cyfer/FYP/WSN_simulation_V3/runs/S8_4000/outputs_production_50seed_part41_45/run_campaign_v3_S8_M2_LONG_LINK_B_L1_F1_H1_seed045_45_20260602_121525
campaign_v3_S8_M2_LONG_LINK_B_L1_F1_H3_seed041,campaign_v3_S8_M2_LONG_LINK_B_L1_F1_H3_seed041_41_20260602_120742,S8,4000,160,5,M2_LONG_LINK,41,B,L1,F1,H3,V3,map_S8_M2_LONG_LINK_seed041,a23dd80d30f85ceadecb2f07757d98f3bb008abd5a6dbaf1cb6c638ec13764fe,93.091,309.428,187.211,354.778,25,673,2.9987,0.3015,60.0,25.044,85.044,145.044,150.0,90.0,6.388,3.0,1.0,0.027,1.0,0.102,4418.18433,0.895156,0.0,1522,1126071,1126071,1.0,1437,1437,1.0,95775,0,1,S8|M2_LONG_LINK|41|B|L1|F1,true,false,false,/home/cyfer/FYP/WSN_simulation_V3/runs/S8_4000/outputs_production_50seed_part41_45/run_campaign_v3_S8_M2_LONG_LINK_B_L1_F1_H3_seed041_41_20260602_120742
campaign_v3_S8_M2_LONG_LINK_B_L1_F1_H3_seed042,campaign_v3_S8_M2_LONG_LINK_B_L1_F1_H3_seed042_42_20260602_120940,S8,4000,160,5,M2_LONG_LINK,42,B,L1,F1,H3,V3,map_S8_M2_LONG_LINK_seed042,e1689774d659d09a5ec6f7367c6062df175b67663484277b83f5c821b6cf73af,89.799,320.955,190.029,342.604,25,754,3.0586,0.2918,60.0,24.959,84.959,144.959,150.0,90.0,6.613,3.0,1.0,0.027,1.0,0.178,4317.351273,0.920396,0.0,1405,1125760,1125760,1.0,1437,1437,1.0,95750,0,1,S8|M2_LONG_LINK|42|B|L1|F1,true,false,false,/home/cyfer/FYP/WSN_simulation_V3/runs/S8_4000/outputs_production_50seed_part41_45/run_campaign_v3_S8_M2_LONG_LINK_B_L1_F1_H3_seed042_42_20260602_120940
campaign_v3_S8_M2_LONG_LINK_B_L1_F1_H3_seed043,campaign_v3_S8_M2_LONG_LINK_B_L1_F1_H3_seed043_43_20260602_121137,S8,4000,160,5,M2_LONG_LINK,43,B,L1,F1,H3,V3,map_S8_M2_LONG_LINK_seed043,2c6a3388e5eb938d95b6c784dc78b688a76650d37bf2d48c2349db92af575e42,91.228,305.203,188.48,362.978,25,513,2.6172,0.3018,60.0,24.63,84.63,144.63,150.0,90.0,6.439,3.0,1.0,0.037,1.0,0.109,4381.493336,0.904349,0.0,1469,1125995,1125995,1.0,1437,1437,1.0,95775,0,1,S8|M2_LONG_LINK|43|B|L1|F1,true,false,false,/home/cyfer/FYP/WSN_simulation_V3/runs/S8_4000/outputs_production_50seed_part41_45/run_campaign_v3_S8_M2_LONG_LINK_B_L1_F1_H3_seed043_43_20260602_121137
campaign_v3_S8_M2_LONG_LINK_B_L1_F1_H3_seed044,campaign_v3_S8_M2_LONG_LINK_B_L1_F1_H3_seed044_44_20260602_121332,S8,4000,160,5,M2_LONG_LINK,44,B,L1,F1,H3,V3,map_S8_M2_LONG_LINK_seed044,65a43507f830c83134844286daaeef18b9d5427c6b4e8c33674af5eda13f70d8,89.428,305.581,189.628,349.91,25,672,2.9507,0.29,60.0,24.642,84.642,144.642,150.0,90.0,6.47,3.0,1.0,0.019,1.0,0.137,4342.198278,0.914099,0.0,1397,1126955,1126955,1.0,1437,1437,1.0,95850,0,1,S8|M2_LONG_LINK|44|B|L1|F1,true,false,false,/home/cyfer/FYP/WSN_simulation_V3/runs/S8_4000/outputs_production_50seed_part41_45/run_campaign_v3_S8_M2_LONG_LINK_B_L1_F1_H3_seed044_44_20260602_121332
campaign_v3_S8_M2_LONG_LINK_B_L1_F1_H3_seed045,campaign_v3_S8_M2_LONG_LINK_B_L1_F1_H3_seed045_45_20260602_121529,S8,4000,160,5,M2_LONG_LINK,45,B,L1,F1,H3,V3,map_S8_M2_LONG_LINK_seed045,aa25ce5774df9aa8d0c792f864b828fa69a3b1ff5309c17e0052f6697119fec1,92.704,307.008,190.463,358.982,25,564,2.8274,0.2943,60.0,25.321,85.321,145.321,150.0,90.0,6.486,3.0,1.0,0.014,1.0,0.148,4407.443284,0.897732,0.0,1493,1127676,1127676,1.0,1437,1437,1.0,95900,0,1,S8|M2_LONG_LINK|45|B|L1|F1,true,false,false,/home/cyfer/FYP/WSN_simulation_V3/runs/S8_4000/outputs_production_50seed_part41_45/run_campaign_v3_S8_M2_LONG_LINK_B_L1_F1_H3_seed045_45_20260602_121529
campaign_v3_S8_M2_LONG_LINK_B_L1_F1_H4_seed041,campaign_v3_S8_M2_LONG_LINK_B_L1_F1_H4_seed041_41_20260602_120745,S8,4000,160,5,M2_LONG_LINK,41,B,L1,F1,H4,V3,map_S8_M2_LONG_LINK_seed041,a23dd80d30f85ceadecb2f07757d98f3bb008abd5a6dbaf1cb6c638ec13764fe,93.091,309.428,187.211,354.778,25,673,2.9987,0.3015,60.0,28.801,88.801,148.801,150.0,90.0,6.388,3.0,1.0,0.027,1.0,0.102,4417.167683,0.89541,0.0,1523,1124896,1124896,1.0,1437,1437,1.0,95579,0,1,S8|M2_LONG_LINK|41|B|L1|F1,true,false,false,/home/cyfer/FYP/WSN_simulation_V3/runs/S8_4000/outputs_production_50seed_part41_45/run_campaign_v3_S8_M2_LONG_LINK_B_L1_F1_H4_seed041_41_20260602_120745
campaign_v3_S8_M2_LONG_LINK_B_L1_F1_H4_seed042,campaign_v3_S8_M2_LONG_LINK_B_L1_F1_H4_seed042_42_20260602_120943,S8,4000,160,5,M2_LONG_LINK,42,B,L1,F1,H4,V3,map_S8_M2_LONG_LINK_seed042,e1689774d659d09a5ec6f7367c6062df175b67663484277b83f5c821b6cf73af,89.799,320.955,190.029,342.604,25,754,3.0586,0.2918,60.0,28.884,88.884,148.884,150.0,90.0,6.613,3.0,1.0,0.027,1.0,0.178,4316.472915,0.920615,0.0,1406,1124864,1124864,1.0,1437,1437,1.0,95604,0,1,S8|M2_LONG_LINK|42|B|L1|F1,true,false,false,/home/cyfer/FYP/WSN_simulation_V3/runs/S8_4000/outputs_production_50seed_part41_45/run_campaign_v3_S8_M2_LONG_LINK_B_L1_F1_H4_seed042_42_20260602_120943
campaign_v3_S8_M2_LONG_LINK_B_L1_F1_H4_seed043,campaign_v3_S8_M2_LONG_LINK_B_L1_F1_H4_seed043_43_20260602_121140,S8,4000,160,5,M2_LONG_LINK,43,B,L1,F1,H4,V3,map_S8_M2_LONG_LINK_seed043,2c6a3388e5eb938d95b6c784dc78b688a76650d37bf2d48c2349db92af575e42,91.228,305.203,188.48,362.978,25,513,2.6172,0.3018,60.0,28.581,88.581,148.581,150.0,90.0,6.439,3.0,1.0,0.037,1.0,0.109,4380.225067,0.904666,0.0,1470,1124953,1124953,1.0,1437,1437,1.0,95604,0,1,S8|M2_LONG_LINK|43|B|L1|F1,true,false,false,/home/cyfer/FYP/WSN_simulation_V3/runs/S8_4000/outputs_production_50seed_part41_45/run_campaign_v3_S8_M2_LONG_LINK_B_L1_F1_H4_seed043_43_20260602_121140
campaign_v3_S8_M2_LONG_LINK_B_L1_F1_H4_seed044,campaign_v3_S8_M2_LONG_LINK_B_L1_F1_H4_seed044_44_20260602_121335,S8,4000,160,5,M2_LONG_LINK,44,B,L1,F1,H4,V3,map_S8_M2_LONG_LINK_seed044,65a43507f830c83134844286daaeef18b9d5427c6b4e8c33674af5eda13f70d8,89.428,305.581,189.628,349.91,25,672,2.9507,0.29,60.0,28.806,88.806,148.806,150.0,90.0,6.47,3.0,1.0,0.019,1.0,0.137,4340.807482,0.914446,0.0,1398,1125633,1125633,1.0,1437,1437,1.0,95629,0,1,S8|M2_LONG_LINK|44|B|L1|F1,true,false,false,/home/cyfer/FYP/WSN_simulation_V3/runs/S8_4000/outputs_production_50seed_part41_45/run_campaign_v3_S8_M2_LONG_LINK_B_L1_F1_H4_seed044_44_20260602_121335
campaign_v3_S8_M2_LONG_LINK_B_L1_F1_H4_seed045,campaign_v3_S8_M2_LONG_LINK_B_L1_F1_H4_seed045_45_20260602_121532,S8,4000,160,5,M2_LONG_LINK,45,B,L1,F1,H4,V3,map_S8_M2_LONG_LINK_seed045,aa25ce5774df9aa8d0c792f864b828fa69a3b1ff5309c17e0052f6697119fec1,92.704,307.008,190.463,358.982,25,564,2.8274,0.2943,60.0,28.951,88.951,148.951,150.0,90.0,6.486,3.0,1.0,0.014,1.0,0.148,4405.074277,0.898324,0.0,1493,1125640,1125640,1.0,1437,1437,1.0,95554,0,1,S8|M2_LONG_LINK|45|B|L1|F1,true,false,false,/home/cyfer/FYP/WSN_simulation_V3/runs/S8_4000/outputs_production_50seed_part41_45/run_campaign_v3_S8_M2_LONG_LINK_B_L1_F1_H4_seed045_45_20260602_121532
campaign_v3_S8_M2_LONG_LINK_B_L1_F2_H0_seed041,campaign_v3_S8_M2_LONG_LINK_B_L1_F2_H0_seed041_41_20260602_120735,S8,4000,160,5,M2_LONG_LINK,41,B,L1,F2,H0,V2,map_S8_M2_LONG_LINK_seed041,a23dd80d30f85ceadecb2f07757d98f3bb008abd5a6dbaf1cb6c638ec13764fe,93.091,309.428,187.211,354.778,25,673,2.9987,0.3015,60.0,-1.0,-1.0,-1.0,-1.0,-1.0,0.0,0.0,0.0,0.0,0.0,0.0,4415.386674,0.896153,0.0,1521,1124965,1124965,1.0,1432,1432,1.0,96085,1,0,S8|M2_LONG_LINK|41|B|L1|F2,false,false,true,/home/cyfer/FYP/WSN_simulation_V3/runs/S8_4000/outputs_production_50seed_part41_45/run_campaign_v3_S8_M2_LONG_LINK_B_L1_F2_H0_seed041_41_20260602_120735
campaign_v3_S8_M2_LONG_LINK_B_L1_F2_H0_seed042,campaign_v3_S8_M2_LONG_LINK_B_L1_F2_H0_seed042_42_20260602_120932,S8,4000,160,5,M2_LONG_LINK,42,B,L1,F2,H0,V2,map_S8_M2_LONG_LINK_seed042,e1689774d659d09a5ec6f7367c6062df175b67663484277b83f5c821b6cf73af,89.799,320.955,190.029,342.604,25,754,3.0586,0.2918,60.0,-1.0,-1.0,-1.0,-1.0,-1.0,0.0,0.0,0.0,0.0,0.0,0.0,4314.847569,0.921288,0.0,1404,1125200,1125200,1.0,1432,1432,1.0,96080,1,0,S8|M2_LONG_LINK|42|B|L1|F2,false,false,true,/home/cyfer/FYP/WSN_simulation_V3/runs/S8_4000/outputs_production_50seed_part41_45/run_campaign_v3_S8_M2_LONG_LINK_B_L1_F2_H0_seed042_42_20260602_120932
campaign_v3_S8_M2_LONG_LINK_B_L1_F2_H0_seed043,campaign_v3_S8_M2_LONG_LINK_B_L1_F2_H0_seed043_43_20260602_121131,S8,4000,160,5,M2_LONG_LINK,43,B,L1,F2,H0,V2,map_S8_M2_LONG_LINK_seed043,2c6a3388e5eb938d95b6c784dc78b688a76650d37bf2d48c2349db92af575e42,91.228,305.203,188.48,362.978,25,513,2.6172,0.3018,60.0,-1.0,-1.0,-1.0,-1.0,-1.0,0.0,0.0,0.0,0.0,0.0,0.0,4378.447505,0.905388,0.0,1468,1125200,1125200,1.0,1432,1432,1.0,96080,1,0,S8|M2_LONG_LINK|43|B|L1|F2,false,false,true,/home/cyfer/FYP/WSN_simulation_V3/runs/S8_4000/outputs_production_50seed_part41_45/run_campaign_v3_S8_M2_LONG_LINK_B_L1_F2_H0_seed043_43_20260602_121131
campaign_v3_S8_M2_LONG_LINK_B_L1_F2_H0_seed044,campaign_v3_S8_M2_LONG_LINK_B_L1_F2_H0_seed044_44_20260602_121326,S8,4000,160,5,M2_LONG_LINK,44,B,L1,F2,H0,V2,map_S8_M2_LONG_LINK_seed044,65a43507f830c83134844286daaeef18b9d5427c6b4e8c33674af5eda13f70d8,89.428,305.581,189.628,349.91,25,672,2.9507,0.29,60.0,-1.0,-1.0,-1.0,-1.0,-1.0,0.0,0.0,0.0,0.0,0.0,0.0,4339.013019,0.915247,0.0,1396,1125435,1125435,1.0,1432,1432,1.0,96075,1,0,S8|M2_LONG_LINK|44|B|L1|F2,false,false,true,/home/cyfer/FYP/WSN_simulation_V3/runs/S8_4000/outputs_production_50seed_part41_45/run_campaign_v3_S8_M2_LONG_LINK_B_L1_F2_H0_seed044_44_20260602_121326
campaign_v3_S8_M2_LONG_LINK_B_L1_F2_H0_seed045,campaign_v3_S8_M2_LONG_LINK_B_L1_F2_H0_seed045_45_20260602_121522,S8,4000,160,5,M2_LONG_LINK,45,B,L1,F2,H0,V2,map_S8_M2_LONG_LINK_seed045,aa25ce5774df9aa8d0c792f864b828fa69a3b1ff5309c17e0052f6697119fec1,92.704,307.008,190.463,358.982,25,564,2.8274,0.2943,60.0,-1.0,-1.0,-1.0,-1.0,-1.0,0.0,0.0,0.0,0.0,0.0,0.0,4403.221942,0.899195,0.0,1492,1124730,1124730,1.0,1432,1432,1.0,96090,1,0,S8|M2_LONG_LINK|45|B|L1|F2,false,false,true,/home/cyfer/FYP/WSN_simulation_V3/runs/S8_4000/outputs_production_50seed_part41_45/run_campaign_v3_S8_M2_LONG_LINK_B_L1_F2_H0_seed045_45_20260602_121522
campaign_v3_S8_M2_LONG_LINK_B_L1_F2_H1_seed041,campaign_v3_S8_M2_LONG_LINK_B_L1_F2_H1_seed041_41_20260602_120748,S8,4000,160,5,M2_LONG_LINK,41,B,L1,F2,H1,V3,map_S8_M2_LONG_LINK_seed041,a23dd80d30f85ceadecb2f07757d98f3bb008abd5a6dbaf1cb6c638ec13764fe,93.091,309.428,187.211,354.778,25,673,2.9987,0.3015,60.0,24.96,84.96,144.96,150.0,90.0,4.341,3.0,1.0,0.025,0.381,0.041,4420.795384,0.894801,0.0,1522,1127515,1127515,1.0,1437,1437,1.0,96000,0,1,S8|M2_LONG_LINK|41|B|L1|F2,true,false,false,/home/cyfer/FYP/WSN_simulation_V3/runs/S8_4000/outputs_production_50seed_part41_45/run_campaign_v3_S8_M2_LONG_LINK_B_L1_F2_H1_seed041_41_20260602_120748
campaign_v3_S8_M2_LONG_LINK_B_L1_F2_H1_seed042,campaign_v3_S8_M2_LONG_LINK_B_L1_F2_H1_seed042_42_20260602_120946,S8,4000,160,5,M2_LONG_LINK,42,B,L1,F2,H1,V3,map_S8_M2_LONG_LINK_seed042,e1689774d659d09a5ec6f7367c6062df175b67663484277b83f5c821b6cf73af,89.799,320.955,190.029,342.604,25,754,3.0586,0.2918,60.0,24.93,84.93,144.93,150.0,90.0,4.297,3.0,1.0,0.021,0.373,0.038,4320.309945,0.919923,0.0,1405,1127600,1127600,1.0,1437,1437,1.0,96000,0,1,S8|M2_LONG_LINK|42|B|L1|F2,true,false,false,/home/cyfer/FYP/WSN_simulation_V3/runs/S8_4000/outputs_production_50seed_part41_45/run_campaign_v3_S8_M2_LONG_LINK_B_L1_F2_H1_seed042_42_20260602_120946
campaign_v3_S8_M2_LONG_LINK_B_L1_F2_H1_seed043,campaign_v3_S8_M2_LONG_LINK_B_L1_F2_H1_seed043_43_20260602_121143,S8,4000,160,5,M2_LONG_LINK,43,B,L1,F2,H1,V3,map_S8_M2_LONG_LINK_seed043,2c6a3388e5eb938d95b6c784dc78b688a76650d37bf2d48c2349db92af575e42,91.228,305.203,188.48,362.978,25,513,2.6172,0.3018,60.0,25.149,85.149,145.149,150.0,90.0,4.84,3.0,1.0,0.031,0.398,0.184,4384.205557,0.903949,0.0,1469,1127584,1127584,1.0,1437,1437,1.0,96000,0,1,S8|M2_LONG_LINK|43|B|L1|F2,true,false,false,/home/cyfer/FYP/WSN_simulation_V3/runs/S8_4000/outputs_production_50seed_part41_45/run_campaign_v3_S8_M2_LONG_LINK_B_L1_F2_H1_seed043_43_20260602_121143
campaign_v3_S8_M2_LONG_LINK_B_L1_F2_H1_seed044,campaign_v3_S8_M2_LONG_LINK_B_L1_F2_H1_seed044_44_20260602_121338,S8,4000,160,5,M2_LONG_LINK,44,B,L1,F2,H1,V3,map_S8_M2_LONG_LINK_seed044,65a43507f830c83134844286daaeef18b9d5427c6b4e8c33674af5eda13f70d8,89.428,305.581,189.628,349.91,25,672,2.9507,0.29,60.0,25.2,85.2,145.2,150.0,90.0,4.401,3.0,1.0,0.022,0.347,0.097,4344.127381,0.913968,0.0,1397,1127670,1127670,1.0,1437,1437,1.0,96000,0,1,S8|M2_LONG_LINK|44|B|L1|F2,true,false,false,/home/cyfer/FYP/WSN_simulation_V3/runs/S8_4000/outputs_production_50seed_part41_45/run_campaign_v3_S8_M2_LONG_LINK_B_L1_F2_H1_seed044_44_20260602_121338
campaign_v3_S8_M2_LONG_LINK_B_L1_F2_H1_seed045,campaign_v3_S8_M2_LONG_LINK_B_L1_F2_H1_seed045_45_20260602_121535,S8,4000,160,5,M2_LONG_LINK,45,B,L1,F2,H1,V3,map_S8_M2_LONG_LINK_seed045,aa25ce5774df9aa8d0c792f864b828fa69a3b1ff5309c17e0052f6697119fec1,92.704,307.008,190.463,358.982,25,564,2.8274,0.2943,60.0,25.207,85.207,145.207,150.0,90.0,4.744,3.0,1.0,0.032,0.409,0.141,4408.836884,0.897791,0.0,1493,1127412,1127412,1.0,1437,1437,1.0,96000,0,1,S8|M2_LONG_LINK|45|B|L1|F2,true,false,false,/home/cyfer/FYP/WSN_simulation_V3/runs/S8_4000/outputs_production_50seed_part41_45/run_campaign_v3_S8_M2_LONG_LINK_B_L1_F2_H1_seed045_45_20260602_121535
campaign_v3_S8_M2_LONG_LINK_B_L1_F2_H3_seed041,campaign_v3_S8_M2_LONG_LINK_B_L1_F2_H3_seed041_41_20260602_120749,S8,4000,160,5,M2_LONG_LINK,41,B,L1,F2,H3,V3,map_S8_M2_LONG_LINK_seed041,a23dd80d30f85ceadecb2f07757d98f3bb008abd5a6dbaf1cb6c638ec13764fe,93.091,309.428,187.211,354.778,25,673,2.9987,0.3015,60.0,30.394,90.394,150.394,160.0,100.0,4.341,3.0,1.0,0.025,0.381,0.041,4418.42949,0.895393,0.0,1521,1126261,1126261,1.0,1436,1436,1.0,95800,0,1,S8|M2_LONG_LINK|41|B|L1|F2,true,false,false,/home/cyfer/FYP/WSN_simulation_V3/runs/S8_4000/outputs_production_50seed_part41_45/run_campaign_v3_S8_M2_LONG_LINK_B_L1_F2_H3_seed041_41_20260602_120749
campaign_v3_S8_M2_LONG_LINK_B_L1_F2_H3_seed042,campaign_v3_S8_M2_LONG_LINK_B_L1_F2_H3_seed042_42_20260602_120947,S8,4000,160,5,M2_LONG_LINK,42,B,L1,F2,H3,V3,map_S8_M2_LONG_LINK_seed042,e1689774d659d09a5ec6f7367c6062df175b67663484277b83f5c821b6cf73af,89.799,320.955,190.029,342.604,25,754,3.0586,0.2918,60.0,30.63,90.63,150.63,160.0,100.0,4.297,3.0,1.0,0.021,0.373,0.038,4317.629769,0.920593,0.0,1404,1126352,1126352,1.0,1436,1436,1.0,95800,0,1,S8|M2_LONG_LINK|42|B|L1|F2,true,false,false,/home/cyfer/FYP/WSN_simulation_V3/runs/S8_4000/outputs_production_50seed_part41_45/run_campaign_v3_S8_M2_LONG_LINK_B_L1_F2_H3_seed042_42_20260602_120947
campaign_v3_S8_M2_LONG_LINK_B_L1_F2_H3_seed043,campaign_v3_S8_M2_LONG_LINK_B_L1_F2_H3_seed043_43_20260602_121144,S8,4000,160,5,M2_LONG_LINK,43,B,L1,F2,H3,V3,map_S8_M2_LONG_LINK_seed043,2c6a3388e5eb938d95b6c784dc78b688a76650d37bf2d48c2349db92af575e42,91.228,305.203,188.48,362.978,25,513,2.6172,0.3018,60.0,31.769,91.769,151.769,160.0,100.0,4.84,3.0,1.0,0.031,0.398,0.184,4381.767467,0.904558,0.0,1468,1126344,1126344,1.0,1436,1436,1.0,95800,0,1,S8|M2_LONG_LINK|43|B|L1|F2,true,false,false,/home/cyfer/FYP/WSN_simulation_V3/runs/S8_4000/outputs_production_50seed_part41_45/run_campaign_v3_S8_M2_LONG_LINK_B_L1_F2_H3_seed043_43_20260602_121144
campaign_v3_S8_M2_LONG_LINK_B_L1_F2_H3_seed044,campaign_v3_S8_M2_LONG_LINK_B_L1_F2_H3_seed044_44_20260602_121339,S8,4000,160,5,M2_LONG_LINK,44,B,L1,F2,H3,V3,map_S8_M2_LONG_LINK_seed044,65a43507f830c83134844286daaeef18b9d5427c6b4e8c33674af5eda13f70d8,89.428,305.581,189.628,349.91,25,672,2.9507,0.29,60.0,31.228,91.228,151.228,160.0,100.0,4.401,3.0,1.0,0.022,0.347,0.097,4341.687287,0.914578,0.0,1396,1126579,1126579,1.0,1436,1436,1.0,95825,0,1,S8|M2_LONG_LINK|44|B|L1|F2,true,false,false,/home/cyfer/FYP/WSN_simulation_V3/runs/S8_4000/outputs_production_50seed_part41_45/run_campaign_v3_S8_M2_LONG_LINK_B_L1_F2_H3_seed044_44_20260602_121339
campaign_v3_S8_M2_LONG_LINK_B_L1_F2_H3_seed045,campaign_v3_S8_M2_LONG_LINK_B_L1_F2_H3_seed045_45_20260602_121536,S8,4000,160,5,M2_LONG_LINK,45,B,L1,F2,H3,V3,map_S8_M2_LONG_LINK_seed045,aa25ce5774df9aa8d0c792f864b828fa69a3b1ff5309c17e0052f6697119fec1,92.704,307.008,190.463,358.982,25,564,2.8274,0.2943,60.0,31.393,91.393,151.393,160.0,100.0,4.744,3.0,1.0,0.032,0.409,0.141,4406.273271,0.898432,0.0,1492,1126017,1126017,1.0,1436,1436,1.0,95775,0,1,S8|M2_LONG_LINK|45|B|L1|F2,true,false,false,/home/cyfer/FYP/WSN_simulation_V3/runs/S8_4000/outputs_production_50seed_part41_45/run_campaign_v3_S8_M2_LONG_LINK_B_L1_F2_H3_seed045_45_20260602_121536
campaign_v3_S8_M2_LONG_LINK_B_L1_F2_H4_seed041,campaign_v3_S8_M2_LONG_LINK_B_L1_F2_H4_seed041_41_20260602_120750,S8,4000,160,5,M2_LONG_LINK,41,B,L1,F2,H4,V3,map_S8_M2_LONG_LINK_seed041,a23dd80d30f85ceadecb2f07757d98f3bb008abd5a6dbaf1cb6c638ec13764fe,93.091,309.428,187.211,354.778,25,673,2.9987,0.3015,60.0,34.537,94.537,154.537,160.0,100.0,4.341,3.0,1.0,0.025,0.381,0.041,4420.564424,0.894859,0.0,1522,1127345,1127345,1.0,1436,1436,1.0,96000,0,1,S8|M2_LONG_LINK|41|B|L1|F2,true,false,false,/home/cyfer/FYP/WSN_simulation_V3/runs/S8_4000/outputs_production_50seed_part41_45/run_campaign_v3_S8_M2_LONG_LINK_B_L1_F2_H4_seed041_41_20260602_120750
campaign_v3_S8_M2_LONG_LINK_B_L1_F2_H4_seed042,campaign_v3_S8_M2_LONG_LINK_B_L1_F2_H4_seed042_42_20260602_120948,S8,4000,160,5,M2_LONG_LINK,42,B,L1,F2,H4,V3,map_S8_M2_LONG_LINK_seed042,e1689774d659d09a5ec6f7367c6062df175b67663484277b83f5c821b6cf73af,89.799,320.955,190.029,342.604,25,754,3.0586,0.2918,60.0,35.263,95.263,155.263,160.0,100.0,4.297,3.0,1.0,0.021,0.373,0.038,4320.051955,0.919987,0.0,1405,1127424,1127424,1.0,1436,1436,1.0,96000,0,1,S8|M2_LONG_LINK|42|B|L1|F2,true,false,false,/home/cyfer/FYP/WSN_simulation_V3/runs/S8_4000/outputs_production_50seed_part41_45/run_campaign_v3_S8_M2_LONG_LINK_B_L1_F2_H4_seed042_42_20260602_120948
campaign_v3_S8_M2_LONG_LINK_B_L1_F2_H4_seed043,campaign_v3_S8_M2_LONG_LINK_B_L1_F2_H4_seed043_43_20260602_121145,S8,4000,160,5,M2_LONG_LINK,43,B,L1,F2,H4,V3,map_S8_M2_LONG_LINK_seed043,2c6a3388e5eb938d95b6c784dc78b688a76650d37bf2d48c2349db92af575e42,91.228,305.203,188.48,362.978,25,513,2.6172,0.3018,60.0,35.813,95.813,155.813,160.0,100.0,4.84,3.0,1.0,0.031,0.398,0.184,4383.948763,0.904013,0.0,1469,1127424,1127424,1.0,1436,1436,1.0,96000,0,1,S8|M2_LONG_LINK|43|B|L1|F2,true,false,false,/home/cyfer/FYP/WSN_simulation_V3/runs/S8_4000/outputs_production_50seed_part41_45/run_campaign_v3_S8_M2_LONG_LINK_B_L1_F2_H4_seed043_43_20260602_121145
campaign_v3_S8_M2_LONG_LINK_B_L1_F2_H4_seed044,campaign_v3_S8_M2_LONG_LINK_B_L1_F2_H4_seed044_44_20260602_121340,S8,4000,160,5,M2_LONG_LINK,44,B,L1,F2,H4,V3,map_S8_M2_LONG_LINK_seed044,65a43507f830c83134844286daaeef18b9d5427c6b4e8c33674af5eda13f70d8,89.428,305.581,189.628,349.91,25,672,2.9507,0.29,60.0,35.331,95.331,155.331,160.0,100.0,4.401,3.0,1.0,0.022,0.347,0.097,4343.914884,0.914021,0.0,1397,1127520,1127520,1.0,1436,1436,1.0,96000,0,1,S8|M2_LONG_LINK|44|B|L1|F2,true,false,false,/home/cyfer/FYP/WSN_simulation_V3/runs/S8_4000/outputs_production_50seed_part41_45/run_campaign_v3_S8_M2_LONG_LINK_B_L1_F2_H4_seed044_44_20260602_121340
campaign_v3_S8_M2_LONG_LINK_B_L1_F2_H4_seed045,campaign_v3_S8_M2_LONG_LINK_B_L1_F2_H4_seed045_45_20260602_121537,S8,4000,160,5,M2_LONG_LINK,45,B,L1,F2,H4,V3,map_S8_M2_LONG_LINK_seed045,aa25ce5774df9aa8d0c792f864b828fa69a3b1ff5309c17e0052f6697119fec1,92.704,307.008,190.463,358.982,25,564,2.8274,0.2943,60.0,35.471,95.471,155.471,160.0,100.0,4.744,3.0,1.0,0.032,0.409,0.141,4408.59019,0.897852,0.0,1493,1127232,1127232,1.0,1436,1436,1.0,96000,0,1,S8|M2_LONG_LINK|45|B|L1|F2,true,false,false,/home/cyfer/FYP/WSN_simulation_V3/runs/S8_4000/outputs_production_50seed_part41_45/run_campaign_v3_S8_M2_LONG_LINK_B_L1_F2_H4_seed045_45_20260602_121537
campaign_v3_S8_M2_LONG_LINK_B_L1_F3_H0_seed041,campaign_v3_S8_M2_LONG_LINK_B_L1_F3_H0_seed041_41_20260602_120736,S8,4000,160,5,M2_LONG_LINK,41,B,L1,F3,H0,V2,map_S8_M2_LONG_LINK_seed041,a23dd80d30f85ceadecb2f07757d98f3bb008abd5a6dbaf1cb6c638ec13764fe,93.091,309.428,187.211,354.778,25,673,2.9987,0.3015,60.0,-1.0,-1.0,-1.0,-1.0,-1.0,0.0,0.0,0.0,0.0,0.0,0.0,4416.48181,0.89588,0.0,1521,1126375,1126375,1.0,1432,1432,1.0,96055,1,0,S8|M2_LONG_LINK|41|B|L1|F3,false,false,true,/home/cyfer/FYP/WSN_simulation_V3/runs/S8_4000/outputs_production_50seed_part41_45/run_campaign_v3_S8_M2_LONG_LINK_B_L1_F3_H0_seed041_41_20260602_120736
campaign_v3_S8_M2_LONG_LINK_B_L1_F3_H0_seed042,campaign_v3_S8_M2_LONG_LINK_B_L1_F3_H0_seed042_42_20260602_120934,S8,4000,160,5,M2_LONG_LINK,42,B,L1,F3,H0,V2,map_S8_M2_LONG_LINK_seed042,e1689774d659d09a5ec6f7367c6062df175b67663484277b83f5c821b6cf73af,89.799,320.955,190.029,342.604,25,754,3.0586,0.2918,60.0,-1.0,-1.0,-1.0,-1.0,-1.0,0.0,0.0,0.0,0.0,0.0,0.0,4318.77516,0.920306,0.0,1405,1127785,1127785,1.0,1432,1432,1.0,96025,1,0,S8|M2_LONG_LINK|42|B|L1|F3,false,false,true,/home/cyfer/FYP/WSN_simulation_V3/runs/S8_4000/outputs_production_50seed_part41_45/run_campaign_v3_S8_M2_LONG_LINK_B_L1_F3_H0_seed042_42_20260602_120934
campaign_v3_S8_M2_LONG_LINK_B_L1_F3_H0_seed043,campaign_v3_S8_M2_LONG_LINK_B_L1_F3_H0_seed043_43_20260602_121132,S8,4000,160,5,M2_LONG_LINK,43,B,L1,F3,H0,V2,map_S8_M2_LONG_LINK_seed043,2c6a3388e5eb938d95b6c784dc78b688a76650d37bf2d48c2349db92af575e42,91.228,305.203,188.48,362.978,25,513,2.6172,0.3018,60.0,-1.0,-1.0,-1.0,-1.0,-1.0,0.0,0.0,0.0,0.0,0.0,0.0,4381.550524,0.904612,0.0,1468,1126845,1126845,1.0,1432,1432,1.0,96045,1,0,S8|M2_LONG_LINK|43|B|L1|F3,false,false,true,/home/cyfer/FYP/WSN_simulation_V3/runs/S8_4000/outputs_production_50seed_part41_45/run_campaign_v3_S8_M2_LONG_LINK_B_L1_F3_H0_seed043_43_20260602_121132
campaign_v3_S8_M2_LONG_LINK_B_L1_F3_H0_seed044,campaign_v3_S8_M2_LONG_LINK_B_L1_F3_H0_seed044_44_20260602_121327,S8,4000,160,5,M2_LONG_LINK,44,B,L1,F3,H0,V2,map_S8_M2_LONG_LINK_seed044,65a43507f830c83134844286daaeef18b9d5427c6b4e8c33674af5eda13f70d8,89.428,305.581,189.628,349.91,25,672,2.9507,0.29,60.0,-1.0,-1.0,-1.0,-1.0,-1.0,0.0,0.0,0.0,0.0,0.0,0.0,4338.015191,0.915496,0.0,1396,1124965,1124965,1.0,1432,1432,1.0,96085,1,0,S8|M2_LONG_LINK|44|B|L1|F3,false,false,true,/home/cyfer/FYP/WSN_simulation_V3/runs/S8_4000/outputs_production_50seed_part41_45/run_campaign_v3_S8_M2_LONG_LINK_B_L1_F3_H0_seed044_44_20260602_121327
campaign_v3_S8_M2_LONG_LINK_B_L1_F3_H0_seed045,campaign_v3_S8_M2_LONG_LINK_B_L1_F3_H0_seed045_45_20260602_121523,S8,4000,160,5,M2_LONG_LINK,45,B,L1,F3,H0,V2,map_S8_M2_LONG_LINK_seed045,aa25ce5774df9aa8d0c792f864b828fa69a3b1ff5309c17e0052f6697119fec1,92.704,307.008,190.463,358.982,25,564,2.8274,0.2943,60.0,-1.0,-1.0,-1.0,-1.0,-1.0,0.0,0.0,0.0,0.0,0.0,0.0,4405.872588,0.898532,0.0,1492,1127080,1127080,1.0,1432,1432,1.0,96040,1,0,S8|M2_LONG_LINK|45|B|L1|F3,false,false,true,/home/cyfer/FYP/WSN_simulation_V3/runs/S8_4000/outputs_production_50seed_part41_45/run_campaign_v3_S8_M2_LONG_LINK_B_L1_F3_H0_seed045_45_20260602_121523
campaign_v3_S8_M2_LONG_LINK_B_L1_F3_H1_seed041,campaign_v3_S8_M2_LONG_LINK_B_L1_F3_H1_seed041_41_20260602_120752,S8,4000,160,5,M2_LONG_LINK,41,B,L1,F3,H1,V3,map_S8_M2_LONG_LINK_seed041,a23dd80d30f85ceadecb2f07757d98f3bb008abd5a6dbaf1cb6c638ec13764fe,93.091,309.428,187.211,354.778,25,673,2.9987,0.3015,60.0,28.358,88.358,148.358,150.0,90.0,4.28,3.0,1.0,0.016,0.265,0.145,4416.626857,0.895843,0.0,1521,1126395,1126395,1.0,1437,1437,1.0,95729,0,1,S8|M2_LONG_LINK|41|B|L1|F3,true,false,false,/home/cyfer/FYP/WSN_simulation_V3/runs/S8_4000/outputs_production_50seed_part41_45/run_campaign_v3_S8_M2_LONG_LINK_B_L1_F3_H1_seed041_41_20260602_120752
campaign_v3_S8_M2_LONG_LINK_B_L1_F3_H1_seed042,campaign_v3_S8_M2_LONG_LINK_B_L1_F3_H1_seed042_42_20260602_120950,S8,4000,160,5,M2_LONG_LINK,42,B,L1,F3,H1,V3,map_S8_M2_LONG_LINK_seed042,e1689774d659d09a5ec6f7367c6062df175b67663484277b83f5c821b6cf73af,89.799,320.955,190.029,342.604,25,754,3.0586,0.2918,60.0,28.766,88.766,148.766,150.0,90.0,3.793,3.0,1.0,0.007,0.122,0.136,4318.890612,0.920277,0.0,1405,1127805,1127805,1.0,1437,1437,1.0,95879,0,1,S8|M2_LONG_LINK|42|B|L1|F3,true,false,false,/home/cyfer/FYP/WSN_simulation_V3/runs/S8_4000/outputs_production_50seed_part41_45/run_campaign_v3_S8_M2_LONG_LINK_B_L1_F3_H1_seed042_42_20260602_120950
campaign_v3_S8_M2_LONG_LINK_B_L1_F3_H1_seed043,campaign_v3_S8_M2_LONG_LINK_B_L1_F3_H1_seed043_43_20260602_121146,S8,4000,160,5,M2_LONG_LINK,43,B,L1,F3,H1,V3,map_S8_M2_LONG_LINK_seed043,2c6a3388e5eb938d95b6c784dc78b688a76650d37bf2d48c2349db92af575e42,91.228,305.203,188.48,362.978,25,513,2.6172,0.3018,60.0,28.31,88.31,148.31,150.0,90.0,4.033,3.0,1.0,0.018,0.205,0.122,4381.686505,0.904578,0.0,1468,1126865,1126865,1.0,1437,1437,1.0,95779,0,1,S8|M2_LONG_LINK|43|B|L1|F3,true,false,false,/home/cyfer/FYP/WSN_simulation_V3/runs/S8_4000/outputs_production_50seed_part41_45/run_campaign_v3_S8_M2_LONG_LINK_B_L1_F3_H1_seed043_43_20260602_121146
campaign_v3_S8_M2_LONG_LINK_B_L1_F3_H1_seed044,campaign_v3_S8_M2_LONG_LINK_B_L1_F3_H1_seed044_44_20260602_121341,S8,4000,160,5,M2_LONG_LINK,44,B,L1,F3,H1,V3,map_S8_M2_LONG_LINK_seed044,65a43507f830c83134844286daaeef18b9d5427c6b4e8c33674af5eda13f70d8,89.428,305.581,189.628,349.91,25,672,2.9507,0.29,60.0,28.665,88.665,148.665,150.0,90.0,4.621,3.0,1.0,0.025,0.405,0.11,4338.203363,0.915449,0.0,1396,1124985,1124985,1.0,1437,1437,1.0,95579,0,1,S8|M2_LONG_LINK|44|B|L1|F3,true,false,false,/home/cyfer/FYP/WSN_simulation_V3/runs/S8_4000/outputs_production_50seed_part41_45/run_campaign_v3_S8_M2_LONG_LINK_B_L1_F3_H1_seed044_44_20260602_121341
campaign_v3_S8_M2_LONG_LINK_B_L1_F3_H1_seed045,campaign_v3_S8_M2_LONG_LINK_B_L1_F3_H1_seed045_45_20260602_121538,S8,4000,160,5,M2_LONG_LINK,45,B,L1,F3,H1,V3,map_S8_M2_LONG_LINK_seed045,aa25ce5774df9aa8d0c792f864b828fa69a3b1ff5309c17e0052f6697119fec1,92.704,307.008,190.463,358.982,25,564,2.8274,0.2943,60.0,28.685,88.685,148.685,150.0,90.0,3.984,3.0,1.0,0.014,0.188,0.126,4406.009267,0.898498,0.0,1492,1127100,1127100,1.0,1437,1437,1.0,95804,0,1,S8|M2_LONG_LINK|45|B|L1|F3,true,false,false,/home/cyfer/FYP/WSN_simulation_V3/runs/S8_4000/outputs_production_50seed_part41_45/run_campaign_v3_S8_M2_LONG_LINK_B_L1_F3_H1_seed045_45_20260602_121538
campaign_v3_S8_M2_LONG_LINK_B_L1_F3_H3_seed041,campaign_v3_S8_M2_LONG_LINK_B_L1_F3_H3_seed041_41_20260602_120753,S8,4000,160,5,M2_LONG_LINK,41,B,L1,F3,H3,V3,map_S8_M2_LONG_LINK_seed041,a23dd80d30f85ceadecb2f07757d98f3bb008abd5a6dbaf1cb6c638ec13764fe,93.091,309.428,187.211,354.778,25,673,2.9987,0.3015,60.0,34.9,94.9,154.9,160.0,100.0,4.28,3.0,1.0,0.016,0.265,0.145,4416.618089,0.895845,0.0,1521,1126391,1126391,1.0,1436,1436,1.0,95729,0,1,S8|M2_LONG_LINK|41|B|L1|F3,true,false,false,/home/cyfer/FYP/WSN_simulation_V3/runs/S8_4000/outputs_production_50seed_part41_45/run_campaign_v3_S8_M2_LONG_LINK_B_L1_F3_H3_seed041_41_20260602_120753
campaign_v3_S8_M2_LONG_LINK_B_L1_F3_H3_seed042,campaign_v3_S8_M2_LONG_LINK_B_L1_F3_H3_seed042_42_20260602_120951,S8,4000,160,5,M2_LONG_LINK,42,B,L1,F3,H3,V3,map_S8_M2_LONG_LINK_seed042,e1689774d659d09a5ec6f7367c6062df175b67663484277b83f5c821b6cf73af,89.799,320.955,190.029,342.604,25,754,3.0586,0.2918,60.0,34.377,94.377,154.377,160.0,100.0,3.793,3.0,1.0,0.007,0.122,0.136,4318.875563,0.920281,0.0,1405,1127801,1127801,1.0,1436,1436,1.0,95879,0,1,S8|M2_LONG_LINK|42|B|L1|F3,true,false,false,/home/cyfer/FYP/WSN_simulation_V3/runs/S8_4000/outputs_production_50seed_part41_45/run_campaign_v3_S8_M2_LONG_LINK_B_L1_F3_H3_seed042_42_20260602_120951
campaign_v3_S8_M2_LONG_LINK_B_L1_F3_H3_seed043,campaign_v3_S8_M2_LONG_LINK_B_L1_F3_H3_seed043_43_20260602_121147,S8,4000,160,5,M2_LONG_LINK,43,B,L1,F3,H3,V3,map_S8_M2_LONG_LINK_seed043,2c6a3388e5eb938d95b6c784dc78b688a76650d37bf2d48c2349db92af575e42,91.228,305.203,188.48,362.978,25,513,2.6172,0.3018,60.0,34.425,94.425,154.425,160.0,100.0,4.033,3.0,1.0,0.018,0.205,0.122,4381.663458,0.904584,0.0,1468,1126861,1126861,1.0,1436,1436,1.0,95779,0,1,S8|M2_LONG_LINK|43|B|L1|F3,true,false,false,/home/cyfer/FYP/WSN_simulation_V3/runs/S8_4000/outputs_production_50seed_part41_45/run_campaign_v3_S8_M2_LONG_LINK_B_L1_F3_H3_seed043_43_20260602_121147
campaign_v3_S8_M2_LONG_LINK_B_L1_F3_H3_seed044,campaign_v3_S8_M2_LONG_LINK_B_L1_F3_H3_seed044_44_20260602_121342,S8,4000,160,5,M2_LONG_LINK,44,B,L1,F3,H3,V3,map_S8_M2_LONG_LINK_seed044,65a43507f830c83134844286daaeef18b9d5427c6b4e8c33674af5eda13f70d8,89.428,305.581,189.628,349.91,25,672,2.9507,0.29,60.0,35.317,95.317,155.317,160.0,100.0,4.621,3.0,1.0,0.025,0.405,0.11,4338.184283,0.915454,0.0,1396,1124981,1124981,1.0,1436,1436,1.0,95579,0,1,S8|M2_LONG_LINK|44|B|L1|F3,true,false,false,/home/cyfer/FYP/WSN_simulation_V3/runs/S8_4000/outputs_production_50seed_part41_45/run_campaign_v3_S8_M2_LONG_LINK_B_L1_F3_H3_seed044_44_20260602_121342
campaign_v3_S8_M2_LONG_LINK_B_L1_F3_H3_seed045,campaign_v3_S8_M2_LONG_LINK_B_L1_F3_H3_seed045_45_20260602_121539,S8,4000,160,5,M2_LONG_LINK,45,B,L1,F3,H3,V3,map_S8_M2_LONG_LINK_seed045,aa25ce5774df9aa8d0c792f864b828fa69a3b1ff5309c17e0052f6697119fec1,92.704,307.008,190.463,358.982,25,564,2.8274,0.2943,60.0,34.709,94.709,154.709,160.0,100.0,3.984,3.0,1.0,0.014,0.188,0.126,4405.99034,0.898502,0.0,1492,1127096,1127096,1.0,1436,1436,1.0,95804,0,1,S8|M2_LONG_LINK|45|B|L1|F3,true,false,false,/home/cyfer/FYP/WSN_simulation_V3/runs/S8_4000/outputs_production_50seed_part41_45/run_campaign_v3_S8_M2_LONG_LINK_B_L1_F3_H3_seed045_45_20260602_121539
campaign_v3_S8_M2_LONG_LINK_B_L1_F3_H4_seed041,campaign_v3_S8_M2_LONG_LINK_B_L1_F3_H4_seed041_41_20260602_120754,S8,4000,160,5,M2_LONG_LINK,41,B,L1,F3,H4,V3,map_S8_M2_LONG_LINK_seed041,a23dd80d30f85ceadecb2f07757d98f3bb008abd5a6dbaf1cb6c638ec13764fe,93.091,309.428,187.211,354.778,25,673,2.9987,0.3015,60.0,39.171,99.171,159.171,160.0,100.0,4.28,3.0,1.0,0.016,0.265,0.145,4416.610888,0.895847,0.0,1521,1126391,1126391,1.0,1436,1436,1.0,95729,0,1,S8|M2_LONG_LINK|41|B|L1|F3,true,false,false,/home/cyfer/FYP/WSN_simulation_V3/runs/S8_4000/outputs_production_50seed_part41_45/run_campaign_v3_S8_M2_LONG_LINK_B_L1_F3_H4_seed041_41_20260602_120754
campaign_v3_S8_M2_LONG_LINK_B_L1_F3_H4_seed042,campaign_v3_S8_M2_LONG_LINK_B_L1_F3_H4_seed042_42_20260602_120952,S8,4000,160,5,M2_LONG_LINK,42,B,L1,F3,H4,V3,map_S8_M2_LONG_LINK_seed042,e1689774d659d09a5ec6f7367c6062df175b67663484277b83f5c821b6cf73af,89.799,320.955,190.029,342.604,25,754,3.0586,0.2918,60.0,38.432,98.432,158.432,160.0,100.0,3.793,3.0,1.0,0.007,0.122,0.136,4318.873362,0.920282,0.0,1405,1127801,1127801,1.0,1436,1436,1.0,95879,0,1,S8|M2_LONG_LINK|42|B|L1|F3,true,false,false,/home/cyfer/FYP/WSN_simulation_V3/runs/S8_4000/outputs_production_50seed_part41_45/run_campaign_v3_S8_M2_LONG_LINK_B_L1_F3_H4_seed042_42_20260602_120952
campaign_v3_S8_M2_LONG_LINK_B_L1_F3_H4_seed043,campaign_v3_S8_M2_LONG_LINK_B_L1_F3_H4_seed043_43_20260602_121148,S8,4000,160,5,M2_LONG_LINK,43,B,L1,F3,H4,V3,map_S8_M2_LONG_LINK_seed043,2c6a3388e5eb938d95b6c784dc78b688a76650d37bf2d48c2349db92af575e42,91.228,305.203,188.48,362.978,25,513,2.6172,0.3018,60.0,38.966,98.966,158.966,160.0,100.0,4.033,3.0,1.0,0.018,0.205,0.122,4381.669949,0.904583,0.0,1468,1126861,1126861,1.0,1436,1436,1.0,95779,0,1,S8|M2_LONG_LINK|43|B|L1|F3,true,false,false,/home/cyfer/FYP/WSN_simulation_V3/runs/S8_4000/outputs_production_50seed_part41_45/run_campaign_v3_S8_M2_LONG_LINK_B_L1_F3_H4_seed043_43_20260602_121148
campaign_v3_S8_M2_LONG_LINK_B_L1_F3_H4_seed044,campaign_v3_S8_M2_LONG_LINK_B_L1_F3_H4_seed044_44_20260602_121343,S8,4000,160,5,M2_LONG_LINK,44,B,L1,F3,H4,V3,map_S8_M2_LONG_LINK_seed044,65a43507f830c83134844286daaeef18b9d5427c6b4e8c33674af5eda13f70d8,89.428,305.581,189.628,349.91,25,672,2.9507,0.29,60.0,39.014,99.014,159.014,160.0,100.0,4.621,3.0,1.0,0.025,0.405,0.11,4338.185969,0.915454,0.0,1396,1124981,1124981,1.0,1436,1436,1.0,95579,0,1,S8|M2_LONG_LINK|44|B|L1|F3,true,false,false,/home/cyfer/FYP/WSN_simulation_V3/runs/S8_4000/outputs_production_50seed_part41_45/run_campaign_v3_S8_M2_LONG_LINK_B_L1_F3_H4_seed044_44_20260602_121343
campaign_v3_S8_M2_LONG_LINK_B_L1_F3_H4_seed045,campaign_v3_S8_M2_LONG_LINK_B_L1_F3_H4_seed045_45_20260602_121540,S8,4000,160,5,M2_LONG_LINK,45,B,L1,F3,H4,V3,map_S8_M2_LONG_LINK_seed045,aa25ce5774df9aa8d0c792f864b828fa69a3b1ff5309c17e0052f6697119fec1,92.704,307.008,190.463,358.982,25,564,2.8274,0.2943,60.0,38.305,98.305,158.305,160.0,100.0,3.984,3.0,1.0,0.014,0.188,0.126,4405.991371,0.898502,0.0,1492,1127096,1127096,1.0,1436,1436,1.0,95804,0,1,S8|M2_LONG_LINK|45|B|L1|F3,true,false,false,/home/cyfer/FYP/WSN_simulation_V3/runs/S8_4000/outputs_production_50seed_part41_45/run_campaign_v3_S8_M2_LONG_LINK_B_L1_F3_H4_seed045_45_20260602_121540
campaign_v3_S8_M2_LONG_LINK_B_L1_F4_H0_seed041,campaign_v3_S8_M2_LONG_LINK_B_L1_F4_H0_seed041_41_20260602_120738,S8,4000,160,5,M2_LONG_LINK,41,B,L1,F4,H0,V2,map_S8_M2_LONG_LINK_seed041,a23dd80d30f85ceadecb2f07757d98f3bb008abd5a6dbaf1cb6c638ec13764fe,93.091,309.428,187.211,354.778,25,673,2.9987,0.3015,60.0,-1.0,-1.0,-1.0,-1.0,-1.0,0.0,0.0,0.0,0.0,0.0,0.0,4415.095695,0.896226,0.0,1521,1124730,1124730,1.0,1432,1432,1.0,96090,1,0,S8|M2_LONG_LINK|41|B|L1|F4,false,false,true,/home/cyfer/FYP/WSN_simulation_V3/runs/S8_4000/outputs_production_50seed_part41_45/run_campaign_v3_S8_M2_LONG_LINK_B_L1_F4_H0_seed041_41_20260602_120738
campaign_v3_S8_M2_LONG_LINK_B_L1_F4_H0_seed042,campaign_v3_S8_M2_LONG_LINK_B_L1_F4_H0_seed042_42_20260602_120935,S8,4000,160,5,M2_LONG_LINK,42,B,L1,F4,H0,V2,map_S8_M2_LONG_LINK_seed042,e1689774d659d09a5ec6f7367c6062df175b67663484277b83f5c821b6cf73af,89.799,320.955,190.029,342.604,25,754,3.0586,0.2918,60.0,-1.0,-1.0,-1.0,-1.0,-1.0,0.0,0.0,0.0,0.0,0.0,0.0,4313.65798,0.921586,0.0,1404,1124260,1124260,1.0,1432,1432,1.0,96100,1,0,S8|M2_LONG_LINK|42|B|L1|F4,false,false,true,/home/cyfer/FYP/WSN_simulation_V3/runs/S8_4000/outputs_production_50seed_part41_45/run_campaign_v3_S8_M2_LONG_LINK_B_L1_F4_H0_seed042_42_20260602_120935
campaign_v3_S8_M2_LONG_LINK_B_L1_F4_H0_seed043,campaign_v3_S8_M2_LONG_LINK_B_L1_F4_H0_seed043_43_20260602_121133,S8,4000,160,5,M2_LONG_LINK,43,B,L1,F4,H0,V2,map_S8_M2_LONG_LINK_seed043,2c6a3388e5eb938d95b6c784dc78b688a76650d37bf2d48c2349db92af575e42,91.228,305.203,188.48,362.978,25,513,2.6172,0.3018,60.0,-1.0,-1.0,-1.0,-1.0,-1.0,0.0,0.0,0.0,0.0,0.0,0.0,4378.153463,0.905462,0.0,1468,1124495,1124495,1.0,1432,1432,1.0,96095,1,0,S8|M2_LONG_LINK|43|B|L1|F4,false,false,true,/home/cyfer/FYP/WSN_simulation_V3/runs/S8_4000/outputs_production_50seed_part41_45/run_campaign_v3_S8_M2_LONG_LINK_B_L1_F4_H0_seed043_43_20260602_121133
campaign_v3_S8_M2_LONG_LINK_B_L1_F4_H0_seed044,campaign_v3_S8_M2_LONG_LINK_B_L1_F4_H0_seed044_44_20260602_121328,S8,4000,160,5,M2_LONG_LINK,44,B,L1,F4,H0,V2,map_S8_M2_LONG_LINK_seed044,65a43507f830c83134844286daaeef18b9d5427c6b4e8c33674af5eda13f70d8,89.428,305.581,189.628,349.91,25,672,2.9507,0.29,60.0,-1.0,-1.0,-1.0,-1.0,-1.0,0.0,0.0,0.0,0.0,0.0,0.0,4339.817513,0.915046,0.0,1396,1125905,1125905,1.0,1432,1432,1.0,96065,1,0,S8|M2_LONG_LINK|44|B|L1|F4,false,false,true,/home/cyfer/FYP/WSN_simulation_V3/runs/S8_4000/outputs_production_50seed_part41_45/run_campaign_v3_S8_M2_LONG_LINK_B_L1_F4_H0_seed044_44_20260602_121328
campaign_v3_S8_M2_LONG_LINK_B_L1_F4_H0_seed045,campaign_v3_S8_M2_LONG_LINK_B_L1_F4_H0_seed045_45_20260602_121524,S8,4000,160,5,M2_LONG_LINK,45,B,L1,F4,H0,V2,map_S8_M2_LONG_LINK_seed045,aa25ce5774df9aa8d0c792f864b828fa69a3b1ff5309c17e0052f6697119fec1,92.704,307.008,190.463,358.982,25,564,2.8274,0.2943,60.0,-1.0,-1.0,-1.0,-1.0,-1.0,0.0,0.0,0.0,0.0,0.0,0.0,4405.970699,0.898507,0.0,1492,1127080,1127080,1.0,1432,1432,1.0,96040,1,0,S8|M2_LONG_LINK|45|B|L1|F4,false,false,true,/home/cyfer/FYP/WSN_simulation_V3/runs/S8_4000/outputs_production_50seed_part41_45/run_campaign_v3_S8_M2_LONG_LINK_B_L1_F4_H0_seed045_45_20260602_121524
campaign_v3_S8_M2_LONG_LINK_B_L1_F4_H1_seed041,campaign_v3_S8_M2_LONG_LINK_B_L1_F4_H1_seed041_41_20260602_120755,S8,4000,160,5,M2_LONG_LINK,41,B,L1,F4,H1,V3,map_S8_M2_LONG_LINK_seed041,a23dd80d30f85ceadecb2f07757d98f3bb008abd5a6dbaf1cb6c638ec13764fe,93.091,309.428,187.211,354.778,25,673,2.9987,0.3015,60.0,35.559,95.559,155.559,160.0,100.0,4.6,3.0,1.0,0.027,0.404,0.102,4416.218491,0.895945,0.0,1521,1125178,1125178,1.0,1436,1436,1.0,95554,0,1,S8|M2_LONG_LINK|41|B|L1|F4,true,false,false,/home/cyfer/FYP/WSN_simulation_V3/runs/S8_4000/outputs_production_50seed_part41_45/run_campaign_v3_S8_M2_LONG_LINK_B_L1_F4_H1_seed041_41_20260602_120755
campaign_v3_S8_M2_LONG_LINK_B_L1_F4_H1_seed042,campaign_v3_S8_M2_LONG_LINK_B_L1_F4_H1_seed042_42_20260602_120953,S8,4000,160,5,M2_LONG_LINK,42,B,L1,F4,H1,V3,map_S8_M2_LONG_LINK_seed042,e1689774d659d09a5ec6f7367c6062df175b67663484277b83f5c821b6cf73af,89.799,320.955,190.029,342.604,25,754,3.0586,0.2918,60.0,35.988,95.988,155.988,160.0,100.0,5.013,3.0,1.0,0.027,0.467,0.178,4315.007319,0.921248,0.0,1404,1124756,1124756,1.0,1436,1436,1.0,95504,0,1,S8|M2_LONG_LINK|42|B|L1|F4,true,false,false,/home/cyfer/FYP/WSN_simulation_V3/runs/S8_4000/outputs_production_50seed_part41_45/run_campaign_v3_S8_M2_LONG_LINK_B_L1_F4_H1_seed042_42_20260602_120953
campaign_v3_S8_M2_LONG_LINK_B_L1_F4_H1_seed043,campaign_v3_S8_M2_LONG_LINK_B_L1_F4_H1_seed043_43_20260602_121150,S8,4000,160,5,M2_LONG_LINK,43,B,L1,F4,H1,V3,map_S8_M2_LONG_LINK_seed043,2c6a3388e5eb938d95b6c784dc78b688a76650d37bf2d48c2349db92af575e42,91.228,305.203,188.48,362.978,25,513,2.6172,0.3018,60.0,35.688,95.688,155.688,160.0,100.0,4.775,3.0,1.0,0.037,0.445,0.109,4379.422546,0.905144,0.0,1468,1124967,1124967,1.0,1436,1436,1.0,95529,0,1,S8|M2_LONG_LINK|43|B|L1|F4,true,false,false,/home/cyfer/FYP/WSN_simulation_V3/runs/S8_4000/outputs_production_50seed_part41_45/run_campaign_v3_S8_M2_LONG_LINK_B_L1_F4_H1_seed043_43_20260602_121150
campaign_v3_S8_M2_LONG_LINK_B_L1_F4_H1_seed044,campaign_v3_S8_M2_LONG_LINK_B_L1_F4_H1_seed044_44_20260602_121344,S8,4000,160,5,M2_LONG_LINK,44,B,L1,F4,H1,V3,map_S8_M2_LONG_LINK_seed044,65a43507f830c83134844286daaeef18b9d5427c6b4e8c33674af5eda13f70d8,89.428,305.581,189.628,349.91,25,672,2.9507,0.29,60.0,34.413,94.413,154.413,160.0,100.0,4.358,3.0,1.0,0.019,0.296,0.137,4340.66439,0.914834,0.0,1396,1126246,1126246,1.0,1436,1436,1.0,95679,0,1,S8|M2_LONG_LINK|44|B|L1|F4,true,false,false,/home/cyfer/FYP/WSN_simulation_V3/runs/S8_4000/outputs_production_50seed_part41_45/run_campaign_v3_S8_M2_LONG_LINK_B_L1_F4_H1_seed044_44_20260602_121344
campaign_v3_S8_M2_LONG_LINK_B_L1_F4_H1_seed045,campaign_v3_S8_M2_LONG_LINK_B_L1_F4_H1_seed045_45_20260602_121542,S8,4000,160,5,M2_LONG_LINK,45,B,L1,F4,H1,V3,map_S8_M2_LONG_LINK_seed045,aa25ce5774df9aa8d0c792f864b828fa69a3b1ff5309c17e0052f6697119fec1,92.704,307.008,190.463,358.982,25,564,2.8274,0.2943,60.0,34.675,94.675,154.675,160.0,100.0,4.041,3.0,1.0,0.014,0.185,0.148,4406.546854,0.898363,0.0,1492,1127296,1127296,1.0,1436,1436,1.0,95804,0,1,S8|M2_LONG_LINK|45|B|L1|F4,true,false,false,/home/cyfer/FYP/WSN_simulation_V3/runs/S8_4000/outputs_production_50seed_part41_45/run_campaign_v3_S8_M2_LONG_LINK_B_L1_F4_H1_seed045_45_20260602_121542
campaign_v3_S8_M2_LONG_LINK_B_L1_F4_H3_seed041,campaign_v3_S8_M2_LONG_LINK_B_L1_F4_H3_seed041_41_20260602_120756,S8,4000,160,5,M2_LONG_LINK,41,B,L1,F4,H3,V3,map_S8_M2_LONG_LINK_seed041,a23dd80d30f85ceadecb2f07757d98f3bb008abd5a6dbaf1cb6c638ec13764fe,93.091,309.428,187.211,354.778,25,673,2.9987,0.3015,60.0,40.783,100.783,160.783,170.0,110.0,4.6,3.0,1.0,0.027,0.404,0.102,4415.638969,0.89609,0.0,1521,1124917,1124917,1.0,1436,1436,1.0,95554,0,1,S8|M2_LONG_LINK|41|B|L1|F4,true,false,false,/home/cyfer/FYP/WSN_simulation_V3/runs/S8_4000/outputs_production_50seed_part41_45/run_campaign_v3_S8_M2_LONG_LINK_B_L1_F4_H3_seed041_41_20260602_120756
campaign_v3_S8_M2_LONG_LINK_B_L1_F4_H3_seed042,campaign_v3_S8_M2_LONG_LINK_B_L1_F4_H3_seed042_42_20260602_120954,S8,4000,160,5,M2_LONG_LINK,42,B,L1,F4,H3,V3,map_S8_M2_LONG_LINK_seed042,e1689774d659d09a5ec6f7367c6062df175b67663484277b83f5c821b6cf73af,89.799,320.955,190.029,342.604,25,754,3.0586,0.2918,60.0,41.365,101.365,161.365,170.0,110.0,5.013,3.0,1.0,0.027,0.467,0.178,4314.275084,0.921431,0.0,1404,1124456,1124456,1.0,1436,1436,1.0,95504,0,1,S8|M2_LONG_LINK|42|B|L1|F4,true,false,false,/home/cyfer/FYP/WSN_simulation_V3/runs/S8_4000/outputs_production_50seed_part41_45/run_campaign_v3_S8_M2_LONG_LINK_B_L1_F4_H3_seed042_42_20260602_120954
campaign_v3_S8_M2_LONG_LINK_B_L1_F4_H3_seed043,campaign_v3_S8_M2_LONG_LINK_B_L1_F4_H3_seed043_43_20260602_121151,S8,4000,160,5,M2_LONG_LINK,43,B,L1,F4,H3,V3,map_S8_M2_LONG_LINK_seed043,2c6a3388e5eb938d95b6c784dc78b688a76650d37bf2d48c2349db92af575e42,91.228,305.203,188.48,362.978,25,513,2.6172,0.3018,60.0,40.841,100.841,160.841,170.0,110.0,4.775,3.0,1.0,0.037,0.445,0.109,4378.733477,0.905317,0.0,1468,1124701,1124701,1.0,1436,1436,1.0,95529,0,1,S8|M2_LONG_LINK|43|B|L1|F4,true,false,false,/home/cyfer/FYP/WSN_simulation_V3/runs/S8_4000/outputs_production_50seed_part41_45/run_campaign_v3_S8_M2_LONG_LINK_B_L1_F4_H3_seed043_43_20260602_121151
campaign_v3_S8_M2_LONG_LINK_B_L1_F4_H3_seed044,campaign_v3_S8_M2_LONG_LINK_B_L1_F4_H3_seed044_44_20260602_121345,S8,4000,160,5,M2_LONG_LINK,44,B,L1,F4,H3,V3,map_S8_M2_LONG_LINK_seed044,65a43507f830c83134844286daaeef18b9d5427c6b4e8c33674af5eda13f70d8,89.428,305.581,189.628,349.91,25,672,2.9507,0.29,60.0,41.211,101.211,161.211,170.0,110.0,4.358,3.0,1.0,0.019,0.296,0.137,4340.233533,0.914942,0.0,1396,1126047,1126047,1.0,1436,1436,1.0,95679,0,1,S8|M2_LONG_LINK|44|B|L1|F4,true,false,false,/home/cyfer/FYP/WSN_simulation_V3/runs/S8_4000/outputs_production_50seed_part41_45/run_campaign_v3_S8_M2_LONG_LINK_B_L1_F4_H3_seed044_44_20260602_121345
campaign_v3_S8_M2_LONG_LINK_B_L1_F4_H3_seed045,campaign_v3_S8_M2_LONG_LINK_B_L1_F4_H3_seed045_45_20260602_121543,S8,4000,160,5,M2_LONG_LINK,45,B,L1,F4,H3,V3,map_S8_M2_LONG_LINK_seed045,aa25ce5774df9aa8d0c792f864b828fa69a3b1ff5309c17e0052f6697119fec1,92.704,307.008,190.463,358.982,25,564,2.8274,0.2943,60.0,40.181,100.181,160.181,170.0,110.0,4.041,3.0,1.0,0.014,0.185,0.148,4406.264298,0.898434,0.0,1492,1127172,1127172,1.0,1436,1436,1.0,95804,0,1,S8|M2_LONG_LINK|45|B|L1|F4,true,false,false,/home/cyfer/FYP/WSN_simulation_V3/runs/S8_4000/outputs_production_50seed_part41_45/run_campaign_v3_S8_M2_LONG_LINK_B_L1_F4_H3_seed045_45_20260602_121543
campaign_v3_S8_M2_LONG_LINK_B_L1_F4_H4_seed041,campaign_v3_S8_M2_LONG_LINK_B_L1_F4_H4_seed041_41_20260602_120757,S8,4000,160,5,M2_LONG_LINK,41,B,L1,F4,H4,V3,map_S8_M2_LONG_LINK_seed041,a23dd80d30f85ceadecb2f07757d98f3bb008abd5a6dbaf1cb6c638ec13764fe,93.091,309.428,187.211,354.778,25,673,2.9987,0.3015,60.0,44.865,104.865,164.865,170.0,110.0,4.6,3.0,1.0,0.027,0.404,0.102,4412.875402,0.896781,0.0,1521,1122822,1122822,1.0,1436,1436,1.0,95133,0,1,S8|M2_LONG_LINK|41|B|L1|F4,true,false,false,/home/cyfer/FYP/WSN_simulation_V3/runs/S8_4000/outputs_production_50seed_part41_45/run_campaign_v3_S8_M2_LONG_LINK_B_L1_F4_H4_seed041_41_20260602_120757
campaign_v3_S8_M2_LONG_LINK_B_L1_F4_H4_seed042,campaign_v3_S8_M2_LONG_LINK_B_L1_F4_H4_seed042_42_20260602_120955,S8,4000,160,5,M2_LONG_LINK,42,B,L1,F4,H4,V3,map_S8_M2_LONG_LINK_seed042,e1689774d659d09a5ec6f7367c6062df175b67663484277b83f5c821b6cf73af,89.799,320.955,190.029,342.604,25,754,3.0586,0.2918,60.0,45.557,105.557,165.557,170.0,110.0,5.013,3.0,1.0,0.027,0.467,0.178,4311.453051,0.922137,0.0,1404,1122508,1122508,1.0,1436,1436,1.0,95108,0,1,S8|M2_LONG_LINK|42|B|L1|F4,true,false,false,/home/cyfer/FYP/WSN_simulation_V3/runs/S8_4000/outputs_production_50seed_part41_45/run_campaign_v3_S8_M2_LONG_LINK_B_L1_F4_H4_seed042_42_20260602_120955
campaign_v3_S8_M2_LONG_LINK_B_L1_F4_H4_seed043,campaign_v3_S8_M2_LONG_LINK_B_L1_F4_H4_seed043_43_20260602_121152,S8,4000,160,5,M2_LONG_LINK,43,B,L1,F4,H4,V3,map_S8_M2_LONG_LINK_seed043,2c6a3388e5eb938d95b6c784dc78b688a76650d37bf2d48c2349db92af575e42,91.228,305.203,188.48,362.978,25,513,2.6172,0.3018,60.0,45.015,105.015,165.015,170.0,110.0,4.775,3.0,1.0,0.037,0.445,0.109,4375.46985,0.906133,0.0,1468,1122729,1122729,1.0,1436,1436,1.0,95133,0,1,S8|M2_LONG_LINK|43|B|L1|F4,true,false,false,/home/cyfer/FYP/WSN_simulation_V3/runs/S8_4000/outputs_production_50seed_part41_45/run_campaign_v3_S8_M2_LONG_LINK_B_L1_F4_H4_seed043_43_20260602_121152
campaign_v3_S8_M2_LONG_LINK_B_L1_F4_H4_seed044,campaign_v3_S8_M2_LONG_LINK_B_L1_F4_H4_seed044_44_20260602_121347,S8,4000,160,5,M2_LONG_LINK,44,B,L1,F4,H4,V3,map_S8_M2_LONG_LINK_seed044,65a43507f830c83134844286daaeef18b9d5427c6b4e8c33674af5eda13f70d8,89.428,305.581,189.628,349.91,25,672,2.9507,0.29,60.0,44.961,104.961,164.961,170.0,110.0,4.358,3.0,1.0,0.019,0.296,0.137,4337.539056,0.915615,0.0,1396,1124182,1124182,1.0,1436,1436,1.0,95308,0,1,S8|M2_LONG_LINK|44|B|L1|F4,true,false,false,/home/cyfer/FYP/WSN_simulation_V3/runs/S8_4000/outputs_production_50seed_part41_45/run_campaign_v3_S8_M2_LONG_LINK_B_L1_F4_H4_seed044_44_20260602_121347
campaign_v3_S8_M2_LONG_LINK_B_L1_F4_H4_seed045,campaign_v3_S8_M2_LONG_LINK_B_L1_F4_H4_seed045_45_20260602_121544,S8,4000,160,5,M2_LONG_LINK,45,B,L1,F4,H4,V3,map_S8_M2_LONG_LINK_seed045,aa25ce5774df9aa8d0c792f864b828fa69a3b1ff5309c17e0052f6697119fec1,92.704,307.008,190.463,358.982,25,564,2.8274,0.2943,60.0,44.295,104.295,164.295,170.0,110.0,4.041,3.0,1.0,0.014,0.185,0.148,4403.139185,0.899215,0.0,1492,1124892,1124892,1.0,1436,1436,1.0,95358,0,1,S8|M2_LONG_LINK|45|B|L1|F4,true,false,false,/home/cyfer/FYP/WSN_simulation_V3/runs/S8_4000/outputs_production_50seed_part41_45/run_campaign_v3_S8_M2_LONG_LINK_B_L1_F4_H4_seed045_45_20260602_121544
campaign_v3_S8_M2_LONG_LINK_B_L2_F0_H0_seed041,campaign_v3_S8_M2_LONG_LINK_B_L2_F0_H0_seed041_41_20260602_120758,S8,4000,160,5,M2_LONG_LINK,41,B,L2,F0,H0,V1,map_S8_M2_LONG_LINK_seed041,a23dd80d30f85ceadecb2f07757d98f3bb008abd5a6dbaf1cb6c638ec13764fe,93.091,309.428,187.211,354.778,25,673,2.9987,0.3015,0.0,-1.0,-1.0,-1.0,-1.0,-1.0,0.0,0.0,0.0,0.0,0.0,0.0,5267.237597,0.683191,0.0,1878,1128960,1128960,1.0,1440,1440,1.0,96000,0,0,S8|M2_LONG_LINK|41|B|L2|F0,false,true,false,/home/cyfer/FYP/WSN_simulation_V3/runs/S8_4000/outputs_production_50seed_part41_45/run_campaign_v3_S8_M2_LONG_LINK_B_L2_F0_H0_seed041_41_20260602_120758
campaign_v3_S8_M2_LONG_LINK_B_L2_F0_H0_seed042,campaign_v3_S8_M2_LONG_LINK_B_L2_F0_H0_seed042_42_20260602_120956,S8,4000,160,5,M2_LONG_LINK,42,B,L2,F0,H0,V1,map_S8_M2_LONG_LINK_seed042,e1689774d659d09a5ec6f7367c6062df175b67663484277b83f5c821b6cf73af,89.799,320.955,190.029,342.604,25,754,3.0586,0.2918,0.0,-1.0,-1.0,-1.0,-1.0,-1.0,0.0,0.0,0.0,0.0,0.0,0.0,5220.040933,0.69499,0.0,1849,1128960,1128960,1.0,1440,1440,1.0,96000,0,0,S8|M2_LONG_LINK|42|B|L2|F0,false,true,false,/home/cyfer/FYP/WSN_simulation_V3/runs/S8_4000/outputs_production_50seed_part41_45/run_campaign_v3_S8_M2_LONG_LINK_B_L2_F0_H0_seed042_42_20260602_120956
campaign_v3_S8_M2_LONG_LINK_B_L2_F0_H0_seed043,campaign_v3_S8_M2_LONG_LINK_B_L2_F0_H0_seed043_43_20260602_121153,S8,4000,160,5,M2_LONG_LINK,43,B,L2,F0,H0,V1,map_S8_M2_LONG_LINK_seed043,2c6a3388e5eb938d95b6c784dc78b688a76650d37bf2d48c2349db92af575e42,91.228,305.203,188.48,362.978,25,513,2.6172,0.3018,0.0,-1.0,-1.0,-1.0,-1.0,-1.0,0.0,0.0,0.0,0.0,0.0,0.0,5255.260777,0.686185,0.0,1875,1128960,1128960,1.0,1440,1440,1.0,96000,0,0,S8|M2_LONG_LINK|43|B|L2|F0,false,true,false,/home/cyfer/FYP/WSN_simulation_V3/runs/S8_4000/outputs_production_50seed_part41_45/run_campaign_v3_S8_M2_LONG_LINK_B_L2_F0_H0_seed043_43_20260602_121153
campaign_v3_S8_M2_LONG_LINK_B_L2_F0_H0_seed044,campaign_v3_S8_M2_LONG_LINK_B_L2_F0_H0_seed044_44_20260602_121348,S8,4000,160,5,M2_LONG_LINK,44,B,L2,F0,H0,V1,map_S8_M2_LONG_LINK_seed044,65a43507f830c83134844286daaeef18b9d5427c6b4e8c33674af5eda13f70d8,89.428,305.581,189.628,349.91,25,672,2.9507,0.29,0.0,-1.0,-1.0,-1.0,-1.0,-1.0,0.0,0.0,0.0,0.0,0.0,0.0,5282.355295,0.679411,0.0,1883,1128960,1128960,1.0,1440,1440,1.0,96000,0,0,S8|M2_LONG_LINK|44|B|L2|F0,false,true,false,/home/cyfer/FYP/WSN_simulation_V3/runs/S8_4000/outputs_production_50seed_part41_45/run_campaign_v3_S8_M2_LONG_LINK_B_L2_F0_H0_seed044_44_20260602_121348
campaign_v3_S8_M2_LONG_LINK_B_L2_F0_H0_seed045,campaign_v3_S8_M2_LONG_LINK_B_L2_F0_H0_seed045_45_20260602_121545,S8,4000,160,5,M2_LONG_LINK,45,B,L2,F0,H0,V1,map_S8_M2_LONG_LINK_seed045,aa25ce5774df9aa8d0c792f864b828fa69a3b1ff5309c17e0052f6697119fec1,92.704,307.008,190.463,358.982,25,564,2.8274,0.2943,0.0,-1.0,-1.0,-1.0,-1.0,-1.0,0.0,0.0,0.0,0.0,0.0,0.0,5274.424103,0.681394,0.0,1888,1128960,1128960,1.0,1440,1440,1.0,96000,0,0,S8|M2_LONG_LINK|45|B|L2|F0,false,true,false,/home/cyfer/FYP/WSN_simulation_V3/runs/S8_4000/outputs_production_50seed_part41_45/run_campaign_v3_S8_M2_LONG_LINK_B_L2_F0_H0_seed045_45_20260602_121545
campaign_v3_S8_M2_LONG_LINK_B_L2_F1_H0_seed041,campaign_v3_S8_M2_LONG_LINK_B_L2_F1_H0_seed041_41_20260602_120800,S8,4000,160,5,M2_LONG_LINK,41,B,L2,F1,H0,V2,map_S8_M2_LONG_LINK_seed041,a23dd80d30f85ceadecb2f07757d98f3bb008abd5a6dbaf1cb6c638ec13764fe,93.091,309.428,187.211,354.778,25,673,2.9987,0.3015,60.0,-1.0,-1.0,-1.0,-1.0,-1.0,0.0,0.0,0.0,0.0,0.0,0.0,5256.816094,0.685498,0.0,1878,1124730,1124730,1.0,1432,1432,1.0,96090,1,0,S8|M2_LONG_LINK|41|B|L2|F1,false,false,true,/home/cyfer/FYP/WSN_simulation_V3/runs/S8_4000/outputs_production_50seed_part41_45/run_campaign_v3_S8_M2_LONG_LINK_B_L2_F1_H0_seed041_41_20260602_120800
campaign_v3_S8_M2_LONG_LINK_B_L2_F1_H0_seed042,campaign_v3_S8_M2_LONG_LINK_B_L2_F1_H0_seed042_42_20260602_120958,S8,4000,160,5,M2_LONG_LINK,42,B,L2,F1,H0,V2,map_S8_M2_LONG_LINK_seed042,e1689774d659d09a5ec6f7367c6062df175b67663484277b83f5c821b6cf73af,89.799,320.955,190.029,342.604,25,754,3.0586,0.2918,60.0,-1.0,-1.0,-1.0,-1.0,-1.0,0.0,0.0,0.0,0.0,0.0,0.0,5207.748427,0.697796,0.0,1849,1124260,1124260,1.0,1432,1432,1.0,96100,1,0,S8|M2_LONG_LINK|42|B|L2|F1,false,false,true,/home/cyfer/FYP/WSN_simulation_V3/runs/S8_4000/outputs_production_50seed_part41_45/run_campaign_v3_S8_M2_LONG_LINK_B_L2_F1_H0_seed042_42_20260602_120958
campaign_v3_S8_M2_LONG_LINK_B_L2_F1_H0_seed043,campaign_v3_S8_M2_LONG_LINK_B_L2_F1_H0_seed043_43_20260602_121154,S8,4000,160,5,M2_LONG_LINK,43,B,L2,F1,H0,V2,map_S8_M2_LONG_LINK_seed043,2c6a3388e5eb938d95b6c784dc78b688a76650d37bf2d48c2349db92af575e42,91.228,305.203,188.48,362.978,25,513,2.6172,0.3018,60.0,-1.0,-1.0,-1.0,-1.0,-1.0,0.0,0.0,0.0,0.0,0.0,0.0,5243.267413,0.688906,0.0,1875,1124495,1124495,1.0,1432,1432,1.0,96095,1,0,S8|M2_LONG_LINK|43|B|L2|F1,false,false,true,/home/cyfer/FYP/WSN_simulation_V3/runs/S8_4000/outputs_production_50seed_part41_45/run_campaign_v3_S8_M2_LONG_LINK_B_L2_F1_H0_seed043_43_20260602_121154
campaign_v3_S8_M2_LONG_LINK_B_L2_F1_H0_seed044,campaign_v3_S8_M2_LONG_LINK_B_L2_F1_H0_seed044_44_20260602_121349,S8,4000,160,5,M2_LONG_LINK,44,B,L2,F1,H0,V2,map_S8_M2_LONG_LINK_seed044,65a43507f830c83134844286daaeef18b9d5427c6b4e8c33674af5eda13f70d8,89.428,305.581,189.628,349.91,25,672,2.9507,0.29,60.0,-1.0,-1.0,-1.0,-1.0,-1.0,0.0,0.0,0.0,0.0,0.0,0.0,5274.11651,0.681119,0.0,1883,1125905,1125905,1.0,1432,1432,1.0,96065,1,0,S8|M2_LONG_LINK|44|B|L2|F1,false,false,true,/home/cyfer/FYP/WSN_simulation_V3/runs/S8_4000/outputs_production_50seed_part41_45/run_campaign_v3_S8_M2_LONG_LINK_B_L2_F1_H0_seed044_44_20260602_121349
campaign_v3_S8_M2_LONG_LINK_B_L2_F1_H0_seed045,campaign_v3_S8_M2_LONG_LINK_B_L2_F1_H0_seed045_45_20260602_121547,S8,4000,160,5,M2_LONG_LINK,45,B,L2,F1,H0,V2,map_S8_M2_LONG_LINK_seed045,aa25ce5774df9aa8d0c792f864b828fa69a3b1ff5309c17e0052f6697119fec1,92.704,307.008,190.463,358.982,25,564,2.8274,0.2943,60.0,-1.0,-1.0,-1.0,-1.0,-1.0,0.0,0.0,0.0,0.0,0.0,0.0,5268.530368,0.68246,0.0,1888,1127080,1127080,1.0,1432,1432,1.0,96040,1,0,S8|M2_LONG_LINK|45|B|L2|F1,false,false,true,/home/cyfer/FYP/WSN_simulation_V3/runs/S8_4000/outputs_production_50seed_part41_45/run_campaign_v3_S8_M2_LONG_LINK_B_L2_F1_H0_seed045_45_20260602_121547
campaign_v3_S8_M2_LONG_LINK_B_L2_F1_H1_seed041,campaign_v3_S8_M2_LONG_LINK_B_L2_F1_H1_seed041_41_20260602_120807,S8,4000,160,5,M2_LONG_LINK,41,B,L2,F1,H1,V3,map_S8_M2_LONG_LINK_seed041,a23dd80d30f85ceadecb2f07757d98f3bb008abd5a6dbaf1cb6c638ec13764fe,93.091,309.428,187.211,354.778,25,673,2.9987,0.3015,60.0,18.665,78.665,138.665,140.0,80.0,6.388,3.0,1.0,0.027,1.0,0.102,5264.66791,0.683535,0.0,1879,1127538,1127538,1.0,1437,1437,1.0,96000,0,1,S8|M2_LONG_LINK|41|B|L2|F1,true,false,false,/home/cyfer/FYP/WSN_simulation_V3/runs/S8_4000/outputs_production_50seed_part41_45/run_campaign_v3_S8_M2_LONG_LINK_B_L2_F1_H1_seed041_41_20260602_120807
campaign_v3_S8_M2_LONG_LINK_B_L2_F1_H1_seed042,campaign_v3_S8_M2_LONG_LINK_B_L2_F1_H1_seed042_42_20260602_121005,S8,4000,160,5,M2_LONG_LINK,42,B,L2,F1,H1,V3,map_S8_M2_LONG_LINK_seed042,e1689774d659d09a5ec6f7367c6062df175b67663484277b83f5c821b6cf73af,89.799,320.955,190.029,342.604,25,754,3.0586,0.2918,60.0,19.43,79.43,139.43,140.0,80.0,6.613,3.0,1.0,0.027,1.0,0.178,5217.036557,0.695474,0.0,1850,1127360,1127360,1.0,1437,1437,1.0,96000,0,1,S8|M2_LONG_LINK|42|B|L2|F1,true,false,false,/home/cyfer/FYP/WSN_simulation_V3/runs/S8_4000/outputs_production_50seed_part41_45/run_campaign_v3_S8_M2_LONG_LINK_B_L2_F1_H1_seed042_42_20260602_121005
campaign_v3_S8_M2_LONG_LINK_B_L2_F1_H1_seed043,campaign_v3_S8_M2_LONG_LINK_B_L2_F1_H1_seed043_43_20260602_121202,S8,4000,160,5,M2_LONG_LINK,43,B,L2,F1,H1,V3,map_S8_M2_LONG_LINK_seed043,2c6a3388e5eb938d95b6c784dc78b688a76650d37bf2d48c2349db92af575e42,91.228,305.203,188.48,362.978,25,513,2.6172,0.3018,60.0,18.804,78.804,138.804,140.0,80.0,6.439,3.0,1.0,0.037,1.0,0.109,5252.156681,0.686683,0.0,1876,1127459,1127459,1.0,1437,1437,1.0,96000,0,1,S8|M2_LONG_LINK|43|B|L2|F1,true,false,false,/home/cyfer/FYP/WSN_simulation_V3/runs/S8_4000/outputs_production_50seed_part41_45/run_campaign_v3_S8_M2_LONG_LINK_B_L2_F1_H1_seed043_43_20260602_121202
campaign_v3_S8_M2_LONG_LINK_B_L2_F1_H1_seed044,campaign_v3_S8_M2_LONG_LINK_B_L2_F1_H1_seed044_44_20260602_121356,S8,4000,160,5,M2_LONG_LINK,44,B,L2,F1,H1,V3,map_S8_M2_LONG_LINK_seed044,65a43507f830c83134844286daaeef18b9d5427c6b4e8c33674af5eda13f70d8,89.428,305.581,189.628,349.91,25,672,2.9507,0.29,60.0,18.937,78.937,138.937,140.0,80.0,6.47,3.0,1.0,0.019,1.0,0.137,5280.140343,0.679613,0.0,1884,1127933,1127933,1.0,1437,1437,1.0,96000,0,1,S8|M2_LONG_LINK|44|B|L2|F1,true,false,false,/home/cyfer/FYP/WSN_simulation_V3/runs/S8_4000/outputs_production_50seed_part41_45/run_campaign_v3_S8_M2_LONG_LINK_B_L2_F1_H1_seed044_44_20260602_121356
campaign_v3_S8_M2_LONG_LINK_B_L2_F1_H1_seed045,campaign_v3_S8_M2_LONG_LINK_B_L2_F1_H1_seed045_45_20260602_121554,S8,4000,160,5,M2_LONG_LINK,45,B,L2,F1,H1,V3,map_S8_M2_LONG_LINK_seed045,aa25ce5774df9aa8d0c792f864b828fa69a3b1ff5309c17e0052f6697119fec1,92.704,307.008,190.463,358.982,25,564,2.8274,0.2943,60.0,19.104,79.104,139.104,140.0,80.0,6.486,3.0,1.0,0.014,1.0,0.148,5272.479108,0.681473,0.0,1888,1128320,1128320,1.0,1437,1437,1.0,96000,0,1,S8|M2_LONG_LINK|45|B|L2|F1,true,false,false,/home/cyfer/FYP/WSN_simulation_V3/runs/S8_4000/outputs_production_50seed_part41_45/run_campaign_v3_S8_M2_LONG_LINK_B_L2_F1_H1_seed045_45_20260602_121554
campaign_v3_S8_M2_LONG_LINK_B_L2_F1_H3_seed041,campaign_v3_S8_M2_LONG_LINK_B_L2_F1_H3_seed041_41_20260602_120811,S8,4000,160,5,M2_LONG_LINK,41,B,L2,F1,H3,V3,map_S8_M2_LONG_LINK_seed041,a23dd80d30f85ceadecb2f07757d98f3bb008abd5a6dbaf1cb6c638ec13764fe,93.091,309.428,187.211,354.778,25,673,2.9987,0.3015,60.0,25.044,85.044,145.044,150.0,90.0,6.388,3.0,1.0,0.027,1.0,0.102,5261.015705,0.684448,0.0,1878,1126071,1126071,1.0,1437,1437,1.0,95775,0,1,S8|M2_LONG_LINK|41|B|L2|F1,true,false,false,/home/cyfer/FYP/WSN_simulation_V3/runs/S8_4000/outputs_production_50seed_part41_45/run_campaign_v3_S8_M2_LONG_LINK_B_L2_F1_H3_seed041_41_20260602_120811
campaign_v3_S8_M2_LONG_LINK_B_L2_F1_H3_seed042,campaign_v3_S8_M2_LONG_LINK_B_L2_F1_H3_seed042_42_20260602_121008,S8,4000,160,5,M2_LONG_LINK,42,B,L2,F1,H3,V3,map_S8_M2_LONG_LINK_seed042,e1689774d659d09a5ec6f7367c6062df175b67663484277b83f5c821b6cf73af,89.799,320.955,190.029,342.604,25,754,3.0586,0.2918,60.0,24.959,84.959,144.959,150.0,90.0,6.613,3.0,1.0,0.027,1.0,0.178,5212.792196,0.696535,0.0,1849,1125760,1125760,1.0,1437,1437,1.0,95750,0,1,S8|M2_LONG_LINK|42|B|L2|F1,true,false,false,/home/cyfer/FYP/WSN_simulation_V3/runs/S8_4000/outputs_production_50seed_part41_45/run_campaign_v3_S8_M2_LONG_LINK_B_L2_F1_H3_seed042_42_20260602_121008
campaign_v3_S8_M2_LONG_LINK_B_L2_F1_H3_seed043,campaign_v3_S8_M2_LONG_LINK_B_L2_F1_H3_seed043_43_20260602_121205,S8,4000,160,5,M2_LONG_LINK,43,B,L2,F1,H3,V3,map_S8_M2_LONG_LINK_seed043,2c6a3388e5eb938d95b6c784dc78b688a76650d37bf2d48c2349db92af575e42,91.228,305.203,188.48,362.978,25,513,2.6172,0.3018,60.0,24.63,84.63,144.63,150.0,90.0,6.439,3.0,1.0,0.037,1.0,0.109,5247.797745,0.687773,0.0,1876,1125995,1125995,1.0,1437,1437,1.0,95775,0,1,S8|M2_LONG_LINK|43|B|L2|F1,true,false,false,/home/cyfer/FYP/WSN_simulation_V3/runs/S8_4000/outputs_production_50seed_part41_45/run_campaign_v3_S8_M2_LONG_LINK_B_L2_F1_H3_seed043_43_20260602_121205
campaign_v3_S8_M2_LONG_LINK_B_L2_F1_H3_seed044,campaign_v3_S8_M2_LONG_LINK_B_L2_F1_H3_seed044_44_20260602_121400,S8,4000,160,5,M2_LONG_LINK,44,B,L2,F1,H3,V3,map_S8_M2_LONG_LINK_seed044,65a43507f830c83134844286daaeef18b9d5427c6b4e8c33674af5eda13f70d8,89.428,305.581,189.628,349.91,25,672,2.9507,0.29,60.0,24.642,84.642,144.642,150.0,90.0,6.47,3.0,1.0,0.019,1.0,0.137,5277.341008,0.680313,0.0,1883,1126955,1126955,1.0,1437,1437,1.0,95850,0,1,S8|M2_LONG_LINK|44|B|L2|F1,true,false,false,/home/cyfer/FYP/WSN_simulation_V3/runs/S8_4000/outputs_production_50seed_part41_45/run_campaign_v3_S8_M2_LONG_LINK_B_L2_F1_H3_seed044_44_20260602_121400
campaign_v3_S8_M2_LONG_LINK_B_L2_F1_H3_seed045,campaign_v3_S8_M2_LONG_LINK_B_L2_F1_H3_seed045_45_20260602_121558,S8,4000,160,5,M2_LONG_LINK,45,B,L2,F1,H3,V3,map_S8_M2_LONG_LINK_seed045,aa25ce5774df9aa8d0c792f864b828fa69a3b1ff5309c17e0052f6697119fec1,92.704,307.008,190.463,358.982,25,564,2.8274,0.2943,60.0,25.321,85.321,145.321,150.0,90.0,6.486,3.0,1.0,0.014,1.0,0.148,5270.534513,0.681959,0.0,1888,1127676,1127676,1.0,1437,1437,1.0,95900,0,1,S8|M2_LONG_LINK|45|B|L2|F1,true,false,false,/home/cyfer/FYP/WSN_simulation_V3/runs/S8_4000/outputs_production_50seed_part41_45/run_campaign_v3_S8_M2_LONG_LINK_B_L2_F1_H3_seed045_45_20260602_121558
campaign_v3_S8_M2_LONG_LINK_B_L2_F1_H4_seed041,campaign_v3_S8_M2_LONG_LINK_B_L2_F1_H4_seed041_41_20260602_120814,S8,4000,160,5,M2_LONG_LINK,41,B,L2,F1,H4,V3,map_S8_M2_LONG_LINK_seed041,a23dd80d30f85ceadecb2f07757d98f3bb008abd5a6dbaf1cb6c638ec13764fe,93.091,309.428,187.211,354.778,25,673,2.9987,0.3015,60.0,28.801,88.801,148.801,150.0,90.0,6.388,3.0,1.0,0.027,1.0,0.102,5258.931275,0.684969,0.0,1879,1124896,1124896,1.0,1437,1437,1.0,95579,0,1,S8|M2_LONG_LINK|41|B|L2|F1,true,false,false,/home/cyfer/FYP/WSN_simulation_V3/runs/S8_4000/outputs_production_50seed_part41_45/run_campaign_v3_S8_M2_LONG_LINK_B_L2_F1_H4_seed041_41_20260602_120814
campaign_v3_S8_M2_LONG_LINK_B_L2_F1_H4_seed042,campaign_v3_S8_M2_LONG_LINK_B_L2_F1_H4_seed042_42_20260602_121012,S8,4000,160,5,M2_LONG_LINK,42,B,L2,F1,H4,V3,map_S8_M2_LONG_LINK_seed042,e1689774d659d09a5ec6f7367c6062df175b67663484277b83f5c821b6cf73af,89.799,320.955,190.029,342.604,25,754,3.0586,0.2918,60.0,28.884,88.884,148.884,150.0,90.0,6.613,3.0,1.0,0.027,1.0,0.178,5211.052322,0.69697,0.0,1850,1124864,1124864,1.0,1437,1437,1.0,95604,0,1,S8|M2_LONG_LINK|42|B|L2|F1,true,false,false,/home/cyfer/FYP/WSN_simulation_V3/runs/S8_4000/outputs_production_50seed_part41_45/run_campaign_v3_S8_M2_LONG_LINK_B_L2_F1_H4_seed042_42_20260602_121012
campaign_v3_S8_M2_LONG_LINK_B_L2_F1_H4_seed043,campaign_v3_S8_M2_LONG_LINK_B_L2_F1_H4_seed043_43_20260602_121208,S8,4000,160,5,M2_LONG_LINK,43,B,L2,F1,H4,V3,map_S8_M2_LONG_LINK_seed043,2c6a3388e5eb938d95b6c784dc78b688a76650d37bf2d48c2349db92af575e42,91.228,305.203,188.48,362.978,25,513,2.6172,0.3018,60.0,28.581,88.581,148.581,150.0,90.0,6.439,3.0,1.0,0.037,1.0,0.109,5245.38198,0.688377,0.0,1876,1124953,1124953,1.0,1437,1437,1.0,95604,0,1,S8|M2_LONG_LINK|43|B|L2|F1,true,false,false,/home/cyfer/FYP/WSN_simulation_V3/runs/S8_4000/outputs_production_50seed_part41_45/run_campaign_v3_S8_M2_LONG_LINK_B_L2_F1_H4_seed043_43_20260602_121208
campaign_v3_S8_M2_LONG_LINK_B_L2_F1_H4_seed044,campaign_v3_S8_M2_LONG_LINK_B_L2_F1_H4_seed044_44_20260602_121403,S8,4000,160,5,M2_LONG_LINK,44,B,L2,F1,H4,V3,map_S8_M2_LONG_LINK_seed044,65a43507f830c83134844286daaeef18b9d5427c6b4e8c33674af5eda13f70d8,89.428,305.581,189.628,349.91,25,672,2.9507,0.29,60.0,28.806,88.806,148.806,150.0,90.0,6.47,3.0,1.0,0.019,1.0,0.137,5274.705683,0.680972,0.0,1884,1125633,1125633,1.0,1437,1437,1.0,95629,0,1,S8|M2_LONG_LINK|44|B|L2|F1,true,false,false,/home/cyfer/FYP/WSN_simulation_V3/runs/S8_4000/outputs_production_50seed_part41_45/run_campaign_v3_S8_M2_LONG_LINK_B_L2_F1_H4_seed044_44_20260602_121403
campaign_v3_S8_M2_LONG_LINK_B_L2_F1_H4_seed045,campaign_v3_S8_M2_LONG_LINK_B_L2_F1_H4_seed045_45_20260602_121601,S8,4000,160,5,M2_LONG_LINK,45,B,L2,F1,H4,V3,map_S8_M2_LONG_LINK_seed045,aa25ce5774df9aa8d0c792f864b828fa69a3b1ff5309c17e0052f6697119fec1,92.704,307.008,190.463,358.982,25,564,2.8274,0.2943,60.0,28.951,88.951,148.951,150.0,90.0,6.486,3.0,1.0,0.014,1.0,0.148,5266.462364,0.682977,0.0,1888,1125640,1125640,1.0,1437,1437,1.0,95554,0,1,S8|M2_LONG_LINK|45|B|L2|F1,true,false,false,/home/cyfer/FYP/WSN_simulation_V3/runs/S8_4000/outputs_production_50seed_part41_45/run_campaign_v3_S8_M2_LONG_LINK_B_L2_F1_H4_seed045_45_20260602_121601
campaign_v3_S8_M2_LONG_LINK_B_L2_F2_H0_seed041,campaign_v3_S8_M2_LONG_LINK_B_L2_F2_H0_seed041_41_20260602_120803,S8,4000,160,5,M2_LONG_LINK,41,B,L2,F2,H0,V2,map_S8_M2_LONG_LINK_seed041,a23dd80d30f85ceadecb2f07757d98f3bb008abd5a6dbaf1cb6c638ec13764fe,93.091,309.428,187.211,354.778,25,673,2.9987,0.3015,60.0,-1.0,-1.0,-1.0,-1.0,-1.0,0.0,0.0,0.0,0.0,0.0,0.0,5257.310058,0.685672,0.0,1877,1124965,1124965,1.0,1432,1432,1.0,96085,1,0,S8|M2_LONG_LINK|41|B|L2|F2,false,false,true,/home/cyfer/FYP/WSN_simulation_V3/runs/S8_4000/outputs_production_50seed_part41_45/run_campaign_v3_S8_M2_LONG_LINK_B_L2_F2_H0_seed041_41_20260602_120803
campaign_v3_S8_M2_LONG_LINK_B_L2_F2_H0_seed042,campaign_v3_S8_M2_LONG_LINK_B_L2_F2_H0_seed042_42_20260602_121001,S8,4000,160,5,M2_LONG_LINK,42,B,L2,F2,H0,V2,map_S8_M2_LONG_LINK_seed042,e1689774d659d09a5ec6f7367c6062df175b67663484277b83f5c821b6cf73af,89.799,320.955,190.029,342.604,25,754,3.0586,0.2918,60.0,-1.0,-1.0,-1.0,-1.0,-1.0,0.0,0.0,0.0,0.0,0.0,0.0,5209.764045,0.697559,0.0,1848,1125200,1125200,1.0,1432,1432,1.0,96080,1,0,S8|M2_LONG_LINK|42|B|L2|F2,false,false,true,/home/cyfer/FYP/WSN_simulation_V3/runs/S8_4000/outputs_production_50seed_part41_45/run_campaign_v3_S8_M2_LONG_LINK_B_L2_F2_H0_seed042_42_20260602_121001
campaign_v3_S8_M2_LONG_LINK_B_L2_F2_H0_seed043,campaign_v3_S8_M2_LONG_LINK_B_L2_F2_H0_seed043_43_20260602_121158,S8,4000,160,5,M2_LONG_LINK,43,B,L2,F2,H0,V2,map_S8_M2_LONG_LINK_seed043,2c6a3388e5eb938d95b6c784dc78b688a76650d37bf2d48c2349db92af575e42,91.228,305.203,188.48,362.978,25,513,2.6172,0.3018,60.0,-1.0,-1.0,-1.0,-1.0,-1.0,0.0,0.0,0.0,0.0,0.0,0.0,5243.794923,0.689051,0.0,1874,1125200,1125200,1.0,1432,1432,1.0,96080,1,0,S8|M2_LONG_LINK|43|B|L2|F2,false,false,true,/home/cyfer/FYP/WSN_simulation_V3/runs/S8_4000/outputs_production_50seed_part41_45/run_campaign_v3_S8_M2_LONG_LINK_B_L2_F2_H0_seed043_43_20260602_121158
campaign_v3_S8_M2_LONG_LINK_B_L2_F2_H0_seed044,campaign_v3_S8_M2_LONG_LINK_B_L2_F2_H0_seed044_44_20260602_121352,S8,4000,160,5,M2_LONG_LINK,44,B,L2,F2,H0,V2,map_S8_M2_LONG_LINK_seed044,65a43507f830c83134844286daaeef18b9d5427c6b4e8c33674af5eda13f70d8,89.428,305.581,189.628,349.91,25,672,2.9507,0.29,60.0,-1.0,-1.0,-1.0,-1.0,-1.0,0.0,0.0,0.0,0.0,0.0,0.0,5272.768292,0.681808,0.0,1882,1125435,1125435,1.0,1432,1432,1.0,96075,1,0,S8|M2_LONG_LINK|44|B|L2|F2,false,false,true,/home/cyfer/FYP/WSN_simulation_V3/runs/S8_4000/outputs_production_50seed_part41_45/run_campaign_v3_S8_M2_LONG_LINK_B_L2_F2_H0_seed044_44_20260602_121352
campaign_v3_S8_M2_LONG_LINK_B_L2_F2_H0_seed045,campaign_v3_S8_M2_LONG_LINK_B_L2_F2_H0_seed045_45_20260602_121550,S8,4000,160,5,M2_LONG_LINK,45,B,L2,F2,H0,V2,map_S8_M2_LONG_LINK_seed045,aa25ce5774df9aa8d0c792f864b828fa69a3b1ff5309c17e0052f6697119fec1,92.704,307.008,190.463,358.982,25,564,2.8274,0.2943,60.0,-1.0,-1.0,-1.0,-1.0,-1.0,0.0,0.0,0.0,0.0,0.0,0.0,5263.863862,0.684034,0.0,1887,1124730,1124730,1.0,1432,1432,1.0,96090,1,0,S8|M2_LONG_LINK|45|B|L2|F2,false,false,true,/home/cyfer/FYP/WSN_simulation_V3/runs/S8_4000/outputs_production_50seed_part41_45/run_campaign_v3_S8_M2_LONG_LINK_B_L2_F2_H0_seed045_45_20260602_121550
campaign_v3_S8_M2_LONG_LINK_B_L2_F2_H1_seed041,campaign_v3_S8_M2_LONG_LINK_B_L2_F2_H1_seed041_41_20260602_120818,S8,4000,160,5,M2_LONG_LINK,41,B,L2,F2,H1,V3,map_S8_M2_LONG_LINK_seed041,a23dd80d30f85ceadecb2f07757d98f3bb008abd5a6dbaf1cb6c638ec13764fe,93.091,309.428,187.211,354.778,25,673,2.9987,0.3015,60.0,24.96,84.96,144.96,150.0,90.0,4.341,3.0,1.0,0.025,0.381,0.041,5264.763994,0.683809,0.0,1878,1127515,1127515,1.0,1437,1437,1.0,96000,0,1,S8|M2_LONG_LINK|41|B|L2|F2,true,false,false,/home/cyfer/FYP/WSN_simulation_V3/runs/S8_4000/outputs_production_50seed_part41_45/run_campaign_v3_S8_M2_LONG_LINK_B_L2_F2_H1_seed041_41_20260602_120818
campaign_v3_S8_M2_LONG_LINK_B_L2_F2_H1_seed042,campaign_v3_S8_M2_LONG_LINK_B_L2_F2_H1_seed042_42_20260602_121016,S8,4000,160,5,M2_LONG_LINK,42,B,L2,F2,H1,V3,map_S8_M2_LONG_LINK_seed042,e1689774d659d09a5ec6f7367c6062df175b67663484277b83f5c821b6cf73af,89.799,320.955,190.029,342.604,25,754,3.0586,0.2918,60.0,24.93,84.93,144.93,150.0,90.0,4.297,3.0,1.0,0.021,0.373,0.038,5217.303847,0.695674,0.0,1849,1127600,1127600,1.0,1437,1437,1.0,96000,0,1,S8|M2_LONG_LINK|42|B|L2|F2,true,false,false,/home/cyfer/FYP/WSN_simulation_V3/runs/S8_4000/outputs_production_50seed_part41_45/run_campaign_v3_S8_M2_LONG_LINK_B_L2_F2_H1_seed042_42_20260602_121016
campaign_v3_S8_M2_LONG_LINK_B_L2_F2_H1_seed043,campaign_v3_S8_M2_LONG_LINK_B_L2_F2_H1_seed043_43_20260602_121212,S8,4000,160,5,M2_LONG_LINK,43,B,L2,F2,H1,V3,map_S8_M2_LONG_LINK_seed043,2c6a3388e5eb938d95b6c784dc78b688a76650d37bf2d48c2349db92af575e42,91.228,305.203,188.48,362.978,25,513,2.6172,0.3018,60.0,25.149,85.149,145.149,150.0,90.0,4.84,3.0,1.0,0.031,0.398,0.184,5251.807807,0.687048,0.0,1875,1127584,1127584,1.0,1437,1437,1.0,96000,0,1,S8|M2_LONG_LINK|43|B|L2|F2,true,false,false,/home/cyfer/FYP/WSN_simulation_V3/runs/S8_4000/outputs_production_50seed_part41_45/run_campaign_v3_S8_M2_LONG_LINK_B_L2_F2_H1_seed043_43_20260602_121212
campaign_v3_S8_M2_LONG_LINK_B_L2_F2_H1_seed044,campaign_v3_S8_M2_LONG_LINK_B_L2_F2_H1_seed044_44_20260602_121406,S8,4000,160,5,M2_LONG_LINK,44,B,L2,F2,H1,V3,map_S8_M2_LONG_LINK_seed044,65a43507f830c83134844286daaeef18b9d5427c6b4e8c33674af5eda13f70d8,89.428,305.581,189.628,349.91,25,672,2.9507,0.29,60.0,25.2,85.2,145.2,150.0,90.0,4.401,3.0,1.0,0.022,0.347,0.097,5279.751271,0.680062,0.0,1883,1127670,1127670,1.0,1437,1437,1.0,96000,0,1,S8|M2_LONG_LINK|44|B|L2|F2,true,false,false,/home/cyfer/FYP/WSN_simulation_V3/runs/S8_4000/outputs_production_50seed_part41_45/run_campaign_v3_S8_M2_LONG_LINK_B_L2_F2_H1_seed044_44_20260602_121406
campaign_v3_S8_M2_LONG_LINK_B_L2_F2_H1_seed045,campaign_v3_S8_M2_LONG_LINK_B_L2_F2_H1_seed045_45_20260602_121605,S8,4000,160,5,M2_LONG_LINK,45,B,L2,F2,H1,V3,map_S8_M2_LONG_LINK_seed045,aa25ce5774df9aa8d0c792f864b828fa69a3b1ff5309c17e0052f6697119fec1,92.704,307.008,190.463,358.982,25,564,2.8274,0.2943,60.0,25.207,85.207,145.207,150.0,90.0,4.744,3.0,1.0,0.032,0.409,0.141,5271.64777,0.682088,0.0,1888,1127412,1127412,1.0,1437,1437,1.0,96000,0,1,S8|M2_LONG_LINK|45|B|L2|F2,true,false,false,/home/cyfer/FYP/WSN_simulation_V3/runs/S8_4000/outputs_production_50seed_part41_45/run_campaign_v3_S8_M2_LONG_LINK_B_L2_F2_H1_seed045_45_20260602_121605
campaign_v3_S8_M2_LONG_LINK_B_L2_F2_H3_seed041,campaign_v3_S8_M2_LONG_LINK_B_L2_F2_H3_seed041_41_20260602_120819,S8,4000,160,5,M2_LONG_LINK,41,B,L2,F2,H3,V3,map_S8_M2_LONG_LINK_seed041,a23dd80d30f85ceadecb2f07757d98f3bb008abd5a6dbaf1cb6c638ec13764fe,93.091,309.428,187.211,354.778,25,673,2.9987,0.3015,60.0,30.394,90.394,150.394,160.0,100.0,4.341,3.0,1.0,0.025,0.381,0.041,5261.458172,0.684635,0.0,1877,1126261,1126261,1.0,1436,1436,1.0,95800,0,1,S8|M2_LONG_LINK|41|B|L2|F2,true,false,false,/home/cyfer/FYP/WSN_simulation_V3/runs/S8_4000/outputs_production_50seed_part41_45/run_campaign_v3_S8_M2_LONG_LINK_B_L2_F2_H3_seed041_41_20260602_120819
campaign_v3_S8_M2_LONG_LINK_B_L2_F2_H3_seed042,campaign_v3_S8_M2_LONG_LINK_B_L2_F2_H3_seed042_42_20260602_121017,S8,4000,160,5,M2_LONG_LINK,42,B,L2,F2,H3,V3,map_S8_M2_LONG_LINK_seed042,e1689774d659d09a5ec6f7367c6062df175b67663484277b83f5c821b6cf73af,89.799,320.955,190.029,342.604,25,754,3.0586,0.2918,60.0,30.63,90.63,150.63,160.0,100.0,4.297,3.0,1.0,0.021,0.373,0.038,5213.563834,0.696609,0.0,1848,1126352,1126352,1.0,1436,1436,1.0,95800,0,1,S8|M2_LONG_LINK|42|B|L2|F2,true,false,false,/home/cyfer/FYP/WSN_simulation_V3/runs/S8_4000/outputs_production_50seed_part41_45/run_campaign_v3_S8_M2_LONG_LINK_B_L2_F2_H3_seed042_42_20260602_121017
campaign_v3_S8_M2_LONG_LINK_B_L2_F2_H3_seed043,campaign_v3_S8_M2_LONG_LINK_B_L2_F2_H3_seed043_43_20260602_121213,S8,4000,160,5,M2_LONG_LINK,43,B,L2,F2,H3,V3,map_S8_M2_LONG_LINK_seed043,2c6a3388e5eb938d95b6c784dc78b688a76650d37bf2d48c2349db92af575e42,91.228,305.203,188.48,362.978,25,513,2.6172,0.3018,60.0,31.769,91.769,151.769,160.0,100.0,4.84,3.0,1.0,0.031,0.398,0.184,5248.386975,0.687903,0.0,1874,1126344,1126344,1.0,1436,1436,1.0,95800,0,1,S8|M2_LONG_LINK|43|B|L2|F2,true,false,false,/home/cyfer/FYP/WSN_simulation_V3/runs/S8_4000/outputs_production_50seed_part41_45/run_campaign_v3_S8_M2_LONG_LINK_B_L2_F2_H3_seed043_43_20260602_121213
campaign_v3_S8_M2_LONG_LINK_B_L2_F2_H3_seed044,campaign_v3_S8_M2_LONG_LINK_B_L2_F2_H3_seed044_44_20260602_121408,S8,4000,160,5,M2_LONG_LINK,44,B,L2,F2,H3,V3,map_S8_M2_LONG_LINK_seed044,65a43507f830c83134844286daaeef18b9d5427c6b4e8c33674af5eda13f70d8,89.428,305.581,189.628,349.91,25,672,2.9507,0.29,60.0,31.228,91.228,151.228,160.0,100.0,4.401,3.0,1.0,0.022,0.347,0.097,5276.408508,0.680898,0.0,1882,1126579,1126579,1.0,1436,1436,1.0,95825,0,1,S8|M2_LONG_LINK|44|B|L2|F2,true,false,false,/home/cyfer/FYP/WSN_simulation_V3/runs/S8_4000/outputs_production_50seed_part41_45/run_campaign_v3_S8_M2_LONG_LINK_B_L2_F2_H3_seed044_44_20260602_121408
campaign_v3_S8_M2_LONG_LINK_B_L2_F2_H3_seed045,campaign_v3_S8_M2_LONG_LINK_B_L2_F2_H3_seed045_45_20260602_121606,S8,4000,160,5,M2_LONG_LINK,45,B,L2,F2,H3,V3,map_S8_M2_LONG_LINK_seed045,aa25ce5774df9aa8d0c792f864b828fa69a3b1ff5309c17e0052f6697119fec1,92.704,307.008,190.463,358.982,25,564,2.8274,0.2943,60.0,31.393,91.393,151.393,160.0,100.0,4.744,3.0,1.0,0.032,0.409,0.141,5268.016021,0.682996,0.0,1887,1126017,1126017,1.0,1436,1436,1.0,95775,0,1,S8|M2_LONG_LINK|45|B|L2|F2,true,false,false,/home/cyfer/FYP/WSN_simulation_V3/runs/S8_4000/outputs_production_50seed_part41_45/run_campaign_v3_S8_M2_LONG_LINK_B_L2_F2_H3_seed045_45_20260602_121606
campaign_v3_S8_M2_LONG_LINK_B_L2_F2_H4_seed041,campaign_v3_S8_M2_LONG_LINK_B_L2_F2_H4_seed041_41_20260602_120820,S8,4000,160,5,M2_LONG_LINK,41,B,L2,F2,H4,V3,map_S8_M2_LONG_LINK_seed041,a23dd80d30f85ceadecb2f07757d98f3bb008abd5a6dbaf1cb6c638ec13764fe,93.091,309.428,187.211,354.778,25,673,2.9987,0.3015,60.0,34.537,94.537,154.537,160.0,100.0,4.341,3.0,1.0,0.025,0.381,0.041,5264.394459,0.683901,0.0,1878,1127345,1127345,1.0,1436,1436,1.0,96000,0,1,S8|M2_LONG_LINK|41|B|L2|F2,true,false,false,/home/cyfer/FYP/WSN_simulation_V3/runs/S8_4000/outputs_production_50seed_part41_45/run_campaign_v3_S8_M2_LONG_LINK_B_L2_F2_H4_seed041_41_20260602_120820
campaign_v3_S8_M2_LONG_LINK_B_L2_F2_H4_seed042,campaign_v3_S8_M2_LONG_LINK_B_L2_F2_H4_seed042_42_20260602_121018,S8,4000,160,5,M2_LONG_LINK,42,B,L2,F2,H4,V3,map_S8_M2_LONG_LINK_seed042,e1689774d659d09a5ec6f7367c6062df175b67663484277b83f5c821b6cf73af,89.799,320.955,190.029,342.604,25,754,3.0586,0.2918,60.0,35.263,95.263,155.263,160.0,100.0,4.297,3.0,1.0,0.021,0.373,0.038,5216.891063,0.695777,0.0,1849,1127424,1127424,1.0,1436,1436,1.0,96000,0,1,S8|M2_LONG_LINK|42|B|L2|F2,true,false,false,/home/cyfer/FYP/WSN_simulation_V3/runs/S8_4000/outputs_production_50seed_part41_45/run_campaign_v3_S8_M2_LONG_LINK_B_L2_F2_H4_seed042_42_20260602_121018
campaign_v3_S8_M2_LONG_LINK_B_L2_F2_H4_seed043,campaign_v3_S8_M2_LONG_LINK_B_L2_F2_H4_seed043_43_20260602_121215,S8,4000,160,5,M2_LONG_LINK,43,B,L2,F2,H4,V3,map_S8_M2_LONG_LINK_seed043,2c6a3388e5eb938d95b6c784dc78b688a76650d37bf2d48c2349db92af575e42,91.228,305.203,188.48,362.978,25,513,2.6172,0.3018,60.0,35.813,95.813,155.813,160.0,100.0,4.84,3.0,1.0,0.031,0.398,0.184,5251.396937,0.687151,0.0,1875,1127424,1127424,1.0,1436,1436,1.0,96000,0,1,S8|M2_LONG_LINK|43|B|L2|F2,true,false,false,/home/cyfer/FYP/WSN_simulation_V3/runs/S8_4000/outputs_production_50seed_part41_45/run_campaign_v3_S8_M2_LONG_LINK_B_L2_F2_H4_seed043_43_20260602_121215
campaign_v3_S8_M2_LONG_LINK_B_L2_F2_H4_seed044,campaign_v3_S8_M2_LONG_LINK_B_L2_F2_H4_seed044_44_20260602_121409,S8,4000,160,5,M2_LONG_LINK,44,B,L2,F2,H4,V3,map_S8_M2_LONG_LINK_seed044,65a43507f830c83134844286daaeef18b9d5427c6b4e8c33674af5eda13f70d8,89.428,305.581,189.628,349.91,25,672,2.9507,0.29,60.0,35.331,95.331,155.331,160.0,100.0,4.401,3.0,1.0,0.022,0.347,0.097,5279.411277,0.680147,0.0,1883,1127520,1127520,1.0,1436,1436,1.0,96000,0,1,S8|M2_LONG_LINK|44|B|L2|F2,true,false,false,/home/cyfer/FYP/WSN_simulation_V3/runs/S8_4000/outputs_production_50seed_part41_45/run_campaign_v3_S8_M2_LONG_LINK_B_L2_F2_H4_seed044_44_20260602_121409
campaign_v3_S8_M2_LONG_LINK_B_L2_F2_H4_seed045,campaign_v3_S8_M2_LONG_LINK_B_L2_F2_H4_seed045_45_20260602_121607,S8,4000,160,5,M2_LONG_LINK,45,B,L2,F2,H4,V3,map_S8_M2_LONG_LINK_seed045,aa25ce5774df9aa8d0c792f864b828fa69a3b1ff5309c17e0052f6697119fec1,92.704,307.008,190.463,358.982,25,564,2.8274,0.2943,60.0,35.471,95.471,155.471,160.0,100.0,4.744,3.0,1.0,0.032,0.409,0.141,5271.253059,0.682187,0.0,1888,1127232,1127232,1.0,1436,1436,1.0,96000,0,1,S8|M2_LONG_LINK|45|B|L2|F2,true,false,false,/home/cyfer/FYP/WSN_simulation_V3/runs/S8_4000/outputs_production_50seed_part41_45/run_campaign_v3_S8_M2_LONG_LINK_B_L2_F2_H4_seed045_45_20260602_121607
campaign_v3_S8_M2_LONG_LINK_B_L2_F3_H0_seed041,campaign_v3_S8_M2_LONG_LINK_B_L2_F3_H0_seed041_41_20260602_120805,S8,4000,160,5,M2_LONG_LINK,41,B,L2,F3,H0,V2,map_S8_M2_LONG_LINK_seed041,a23dd80d30f85ceadecb2f07757d98f3bb008abd5a6dbaf1cb6c638ec13764fe,93.091,309.428,187.211,354.778,25,673,2.9987,0.3015,60.0,-1.0,-1.0,-1.0,-1.0,-1.0,0.0,0.0,0.0,0.0,0.0,0.0,5259.200676,0.6852,0.0,1877,1126375,1126375,1.0,1432,1432,1.0,96055,1,0,S8|M2_LONG_LINK|41|B|L2|F3,false,false,true,/home/cyfer/FYP/WSN_simulation_V3/runs/S8_4000/outputs_production_50seed_part41_45/run_campaign_v3_S8_M2_LONG_LINK_B_L2_F3_H0_seed041_41_20260602_120805
campaign_v3_S8_M2_LONG_LINK_B_L2_F3_H0_seed042,campaign_v3_S8_M2_LONG_LINK_B_L2_F3_H0_seed042_42_20260602_121002,S8,4000,160,5,M2_LONG_LINK,42,B,L2,F3,H0,V2,map_S8_M2_LONG_LINK_seed042,e1689774d659d09a5ec6f7367c6062df175b67663484277b83f5c821b6cf73af,89.799,320.955,190.029,342.604,25,754,3.0586,0.2918,60.0,-1.0,-1.0,-1.0,-1.0,-1.0,0.0,0.0,0.0,0.0,0.0,0.0,5215.96983,0.696008,0.0,1849,1127785,1127785,1.0,1432,1432,1.0,96025,1,0,S8|M2_LONG_LINK|42|B|L2|F3,false,false,true,/home/cyfer/FYP/WSN_simulation_V3/runs/S8_4000/outputs_production_50seed_part41_45/run_campaign_v3_S8_M2_LONG_LINK_B_L2_F3_H0_seed042_42_20260602_121002
campaign_v3_S8_M2_LONG_LINK_B_L2_F3_H0_seed043,campaign_v3_S8_M2_LONG_LINK_B_L2_F3_H0_seed043_43_20260602_121159,S8,4000,160,5,M2_LONG_LINK,43,B,L2,F3,H0,V2,map_S8_M2_LONG_LINK_seed043,2c6a3388e5eb938d95b6c784dc78b688a76650d37bf2d48c2349db92af575e42,91.228,305.203,188.48,362.978,25,513,2.6172,0.3018,60.0,-1.0,-1.0,-1.0,-1.0,-1.0,0.0,0.0,0.0,0.0,0.0,0.0,5248.990691,0.687752,0.0,1874,1126845,1126845,1.0,1432,1432,1.0,96045,1,0,S8|M2_LONG_LINK|43|B|L2|F3,false,false,true,/home/cyfer/FYP/WSN_simulation_V3/runs/S8_4000/outputs_production_50seed_part41_45/run_campaign_v3_S8_M2_LONG_LINK_B_L2_F3_H0_seed043_43_20260602_121159
campaign_v3_S8_M2_LONG_LINK_B_L2_F3_H0_seed044,campaign_v3_S8_M2_LONG_LINK_B_L2_F3_H0_seed044_44_20260602_121354,S8,4000,160,5,M2_LONG_LINK,44,B,L2,F3,H0,V2,map_S8_M2_LONG_LINK_seed044,65a43507f830c83134844286daaeef18b9d5427c6b4e8c33674af5eda13f70d8,89.428,305.581,189.628,349.91,25,672,2.9507,0.29,60.0,-1.0,-1.0,-1.0,-1.0,-1.0,0.0,0.0,0.0,0.0,0.0,0.0,5271.102192,0.682224,0.0,1882,1124965,1124965,1.0,1432,1432,1.0,96085,1,0,S8|M2_LONG_LINK|44|B|L2|F3,false,false,true,/home/cyfer/FYP/WSN_simulation_V3/runs/S8_4000/outputs_production_50seed_part41_45/run_campaign_v3_S8_M2_LONG_LINK_B_L2_F3_H0_seed044_44_20260602_121354
campaign_v3_S8_M2_LONG_LINK_B_L2_F3_H0_seed045,campaign_v3_S8_M2_LONG_LINK_B_L2_F3_H0_seed045_45_20260602_121552,S8,4000,160,5,M2_LONG_LINK,45,B,L2,F3,H0,V2,map_S8_M2_LONG_LINK_seed045,aa25ce5774df9aa8d0c792f864b828fa69a3b1ff5309c17e0052f6697119fec1,92.704,307.008,190.463,358.982,25,564,2.8274,0.2943,60.0,-1.0,-1.0,-1.0,-1.0,-1.0,0.0,0.0,0.0,0.0,0.0,0.0,5268.370072,0.682907,0.0,1887,1127080,1127080,1.0,1432,1432,1.0,96040,1,0,S8|M2_LONG_LINK|45|B|L2|F3,false,false,true,/home/cyfer/FYP/WSN_simulation_V3/runs/S8_4000/outputs_production_50seed_part41_45/run_campaign_v3_S8_M2_LONG_LINK_B_L2_F3_H0_seed045_45_20260602_121552
campaign_v3_S8_M2_LONG_LINK_B_L2_F3_H1_seed041,campaign_v3_S8_M2_LONG_LINK_B_L2_F3_H1_seed041_41_20260602_120822,S8,4000,160,5,M2_LONG_LINK,41,B,L2,F3,H1,V3,map_S8_M2_LONG_LINK_seed041,a23dd80d30f85ceadecb2f07757d98f3bb008abd5a6dbaf1cb6c638ec13764fe,93.091,309.428,187.211,354.778,25,673,2.9987,0.3015,60.0,28.358,88.358,148.358,150.0,90.0,4.28,3.0,1.0,0.016,0.265,0.145,5259.362242,0.685159,0.0,1877,1126395,1126395,1.0,1437,1437,1.0,95729,0,1,S8|M2_LONG_LINK|41|B|L2|F3,true,false,false,/home/cyfer/FYP/WSN_simulation_V3/runs/S8_4000/outputs_production_50seed_part41_45/run_campaign_v3_S8_M2_LONG_LINK_B_L2_F3_H1_seed041_41_20260602_120822
campaign_v3_S8_M2_LONG_LINK_B_L2_F3_H1_seed042,campaign_v3_S8_M2_LONG_LINK_B_L2_F3_H1_seed042_42_20260602_121020,S8,4000,160,5,M2_LONG_LINK,42,B,L2,F3,H1,V3,map_S8_M2_LONG_LINK_seed042,e1689774d659d09a5ec6f7367c6062df175b67663484277b83f5c821b6cf73af,89.799,320.955,190.029,342.604,25,754,3.0586,0.2918,60.0,28.766,88.766,148.766,150.0,90.0,3.793,3.0,1.0,0.007,0.122,0.136,5216.105139,0.695974,0.0,1849,1127805,1127805,1.0,1437,1437,1.0,95879,0,1,S8|M2_LONG_LINK|42|B|L2|F3,true,false,false,/home/cyfer/FYP/WSN_simulation_V3/runs/S8_4000/outputs_production_50seed_part41_45/run_campaign_v3_S8_M2_LONG_LINK_B_L2_F3_H1_seed042_42_20260602_121020
campaign_v3_S8_M2_LONG_LINK_B_L2_F3_H1_seed043,campaign_v3_S8_M2_LONG_LINK_B_L2_F3_H1_seed043_43_20260602_121216,S8,4000,160,5,M2_LONG_LINK,43,B,L2,F3,H1,V3,map_S8_M2_LONG_LINK_seed043,2c6a3388e5eb938d95b6c784dc78b688a76650d37bf2d48c2349db92af575e42,91.228,305.203,188.48,362.978,25,513,2.6172,0.3018,60.0,28.31,88.31,148.31,150.0,90.0,4.033,3.0,1.0,0.018,0.205,0.122,5249.147552,0.687713,0.0,1874,1126865,1126865,1.0,1437,1437,1.0,95779,0,1,S8|M2_LONG_LINK|43|B|L2|F3,true,false,false,/home/cyfer/FYP/WSN_simulation_V3/runs/S8_4000/outputs_production_50seed_part41_45/run_campaign_v3_S8_M2_LONG_LINK_B_L2_F3_H1_seed043_43_20260602_121216
campaign_v3_S8_M2_LONG_LINK_B_L2_F3_H1_seed044,campaign_v3_S8_M2_LONG_LINK_B_L2_F3_H1_seed044_44_20260602_121411,S8,4000,160,5,M2_LONG_LINK,44,B,L2,F3,H1,V3,map_S8_M2_LONG_LINK_seed044,65a43507f830c83134844286daaeef18b9d5427c6b4e8c33674af5eda13f70d8,89.428,305.581,189.628,349.91,25,672,2.9507,0.29,60.0,28.665,88.665,148.665,150.0,90.0,4.621,3.0,1.0,0.025,0.405,0.11,5271.31222,0.682172,0.0,1882,1124985,1124985,1.0,1437,1437,1.0,95579,0,1,S8|M2_LONG_LINK|44|B|L2|F3,true,false,false,/home/cyfer/FYP/WSN_simulation_V3/runs/S8_4000/outputs_production_50seed_part41_45/run_campaign_v3_S8_M2_LONG_LINK_B_L2_F3_H1_seed044_44_20260602_121411
campaign_v3_S8_M2_LONG_LINK_B_L2_F3_H1_seed045,campaign_v3_S8_M2_LONG_LINK_B_L2_F3_H1_seed045_45_20260602_121609,S8,4000,160,5,M2_LONG_LINK,45,B,L2,F3,H1,V3,map_S8_M2_LONG_LINK_seed045,aa25ce5774df9aa8d0c792f864b828fa69a3b1ff5309c17e0052f6697119fec1,92.704,307.008,190.463,358.982,25,564,2.8274,0.2943,60.0,28.685,88.685,148.685,150.0,90.0,3.984,3.0,1.0,0.014,0.188,0.126,5268.527511,0.682868,0.0,1887,1127100,1127100,1.0,1437,1437,1.0,95804,0,1,S8|M2_LONG_LINK|45|B|L2|F3,true,false,false,/home/cyfer/FYP/WSN_simulation_V3/runs/S8_4000/outputs_production_50seed_part41_45/run_campaign_v3_S8_M2_LONG_LINK_B_L2_F3_H1_seed045_45_20260602_121609
campaign_v3_S8_M2_LONG_LINK_B_L2_F3_H3_seed041,campaign_v3_S8_M2_LONG_LINK_B_L2_F3_H3_seed041_41_20260602_120823,S8,4000,160,5,M2_LONG_LINK,41,B,L2,F3,H3,V3,map_S8_M2_LONG_LINK_seed041,a23dd80d30f85ceadecb2f07757d98f3bb008abd5a6dbaf1cb6c638ec13764fe,93.091,309.428,187.211,354.778,25,673,2.9987,0.3015,60.0,34.9,94.9,154.9,160.0,100.0,4.28,3.0,1.0,0.016,0.265,0.145,5259.353655,0.685162,0.0,1877,1126391,1126391,1.0,1436,1436,1.0,95729,0,1,S8|M2_LONG_LINK|41|B|L2|F3,true,false,false,/home/cyfer/FYP/WSN_simulation_V3/runs/S8_4000/outputs_production_50seed_part41_45/run_campaign_v3_S8_M2_LONG_LINK_B_L2_F3_H3_seed041_41_20260602_120823
campaign_v3_S8_M2_LONG_LINK_B_L2_F3_H3_seed042,campaign_v3_S8_M2_LONG_LINK_B_L2_F3_H3_seed042_42_20260602_121021,S8,4000,160,5,M2_LONG_LINK,42,B,L2,F3,H3,V3,map_S8_M2_LONG_LINK_seed042,e1689774d659d09a5ec6f7367c6062df175b67663484277b83f5c821b6cf73af,89.799,320.955,190.029,342.604,25,754,3.0586,0.2918,60.0,34.377,94.377,154.377,160.0,100.0,3.793,3.0,1.0,0.007,0.122,0.136,5216.087177,0.695978,0.0,1849,1127801,1127801,1.0,1436,1436,1.0,95879,0,1,S8|M2_LONG_LINK|42|B|L2|F3,true,false,false,/home/cyfer/FYP/WSN_simulation_V3/runs/S8_4000/outputs_production_50seed_part41_45/run_campaign_v3_S8_M2_LONG_LINK_B_L2_F3_H3_seed042_42_20260602_121021
campaign_v3_S8_M2_LONG_LINK_B_L2_F3_H3_seed043,campaign_v3_S8_M2_LONG_LINK_B_L2_F3_H3_seed043_43_20260602_121217,S8,4000,160,5,M2_LONG_LINK,43,B,L2,F3,H3,V3,map_S8_M2_LONG_LINK_seed043,2c6a3388e5eb938d95b6c784dc78b688a76650d37bf2d48c2349db92af575e42,91.228,305.203,188.48,362.978,25,513,2.6172,0.3018,60.0,34.425,94.425,154.425,160.0,100.0,4.033,3.0,1.0,0.018,0.205,0.122,5249.117125,0.687721,0.0,1874,1126861,1126861,1.0,1436,1436,1.0,95779,0,1,S8|M2_LONG_LINK|43|B|L2|F3,true,false,false,/home/cyfer/FYP/WSN_simulation_V3/runs/S8_4000/outputs_production_50seed_part41_45/run_campaign_v3_S8_M2_LONG_LINK_B_L2_F3_H3_seed043_43_20260602_121217
campaign_v3_S8_M2_LONG_LINK_B_L2_F3_H3_seed044,campaign_v3_S8_M2_LONG_LINK_B_L2_F3_H3_seed044_44_20260602_121412,S8,4000,160,5,M2_LONG_LINK,44,B,L2,F3,H3,V3,map_S8_M2_LONG_LINK_seed044,65a43507f830c83134844286daaeef18b9d5427c6b4e8c33674af5eda13f70d8,89.428,305.581,189.628,349.91,25,672,2.9507,0.29,60.0,35.317,95.317,155.317,160.0,100.0,4.621,3.0,1.0,0.025,0.405,0.11,5271.287899,0.682178,0.0,1882,1124981,1124981,1.0,1436,1436,1.0,95579,0,1,S8|M2_LONG_LINK|44|B|L2|F3,true,false,false,/home/cyfer/FYP/WSN_simulation_V3/runs/S8_4000/outputs_production_50seed_part41_45/run_campaign_v3_S8_M2_LONG_LINK_B_L2_F3_H3_seed044_44_20260602_121412
campaign_v3_S8_M2_LONG_LINK_B_L2_F3_H3_seed045,campaign_v3_S8_M2_LONG_LINK_B_L2_F3_H3_seed045_45_20260602_121610,S8,4000,160,5,M2_LONG_LINK,45,B,L2,F3,H3,V3,map_S8_M2_LONG_LINK_seed045,aa25ce5774df9aa8d0c792f864b828fa69a3b1ff5309c17e0052f6697119fec1,92.704,307.008,190.463,358.982,25,564,2.8274,0.2943,60.0,34.709,94.709,154.709,160.0,100.0,3.984,3.0,1.0,0.014,0.188,0.126,5268.503997,0.682874,0.0,1887,1127096,1127096,1.0,1436,1436,1.0,95804,0,1,S8|M2_LONG_LINK|45|B|L2|F3,true,false,false,/home/cyfer/FYP/WSN_simulation_V3/runs/S8_4000/outputs_production_50seed_part41_45/run_campaign_v3_S8_M2_LONG_LINK_B_L2_F3_H3_seed045_45_20260602_121610
campaign_v3_S8_M2_LONG_LINK_B_L2_F3_H4_seed041,campaign_v3_S8_M2_LONG_LINK_B_L2_F3_H4_seed041_41_20260602_120825,S8,4000,160,5,M2_LONG_LINK,41,B,L2,F3,H4,V3,map_S8_M2_LONG_LINK_seed041,a23dd80d30f85ceadecb2f07757d98f3bb008abd5a6dbaf1cb6c638ec13764fe,93.091,309.428,187.211,354.778,25,673,2.9987,0.3015,60.0,39.171,99.171,159.171,160.0,100.0,4.28,3.0,1.0,0.016,0.265,0.145,5259.342969,0.685164,0.0,1877,1126391,1126391,1.0,1436,1436,1.0,95729,0,1,S8|M2_LONG_LINK|41|B|L2|F3,true,false,false,/home/cyfer/FYP/WSN_simulation_V3/runs/S8_4000/outputs_production_50seed_part41_45/run_campaign_v3_S8_M2_LONG_LINK_B_L2_F3_H4_seed041_41_20260602_120825
campaign_v3_S8_M2_LONG_LINK_B_L2_F3_H4_seed042,campaign_v3_S8_M2_LONG_LINK_B_L2_F3_H4_seed042_42_20260602_121022,S8,4000,160,5,M2_LONG_LINK,42,B,L2,F3,H4,V3,map_S8_M2_LONG_LINK_seed042,e1689774d659d09a5ec6f7367c6062df175b67663484277b83f5c821b6cf73af,89.799,320.955,190.029,342.604,25,754,3.0586,0.2918,60.0,38.432,98.432,158.432,160.0,100.0,3.793,3.0,1.0,0.007,0.122,0.136,5216.083917,0.695979,0.0,1849,1127801,1127801,1.0,1436,1436,1.0,95879,0,1,S8|M2_LONG_LINK|42|B|L2|F3,true,false,false,/home/cyfer/FYP/WSN_simulation_V3/runs/S8_4000/outputs_production_50seed_part41_45/run_campaign_v3_S8_M2_LONG_LINK_B_L2_F3_H4_seed042_42_20260602_121022
campaign_v3_S8_M2_LONG_LINK_B_L2_F3_H4_seed043,campaign_v3_S8_M2_LONG_LINK_B_L2_F3_H4_seed043_43_20260602_121219,S8,4000,160,5,M2_LONG_LINK,43,B,L2,F3,H4,V3,map_S8_M2_LONG_LINK_seed043,2c6a3388e5eb938d95b6c784dc78b688a76650d37bf2d48c2349db92af575e42,91.228,305.203,188.48,362.978,25,513,2.6172,0.3018,60.0,38.966,98.966,158.966,160.0,100.0,4.033,3.0,1.0,0.018,0.205,0.122,5249.12682,0.687718,0.0,1874,1126861,1126861,1.0,1436,1436,1.0,95779,0,1,S8|M2_LONG_LINK|43|B|L2|F3,true,false,false,/home/cyfer/FYP/WSN_simulation_V3/runs/S8_4000/outputs_production_50seed_part41_45/run_campaign_v3_S8_M2_LONG_LINK_B_L2_F3_H4_seed043_43_20260602_121219
campaign_v3_S8_M2_LONG_LINK_B_L2_F3_H4_seed044,campaign_v3_S8_M2_LONG_LINK_B_L2_F3_H4_seed044_44_20260602_121413,S8,4000,160,5,M2_LONG_LINK,44,B,L2,F3,H4,V3,map_S8_M2_LONG_LINK_seed044,65a43507f830c83134844286daaeef18b9d5427c6b4e8c33674af5eda13f70d8,89.428,305.581,189.628,349.91,25,672,2.9507,0.29,60.0,39.014,99.014,159.014,160.0,100.0,4.621,3.0,1.0,0.025,0.405,0.11,5271.290454,0.682177,0.0,1882,1124981,1124981,1.0,1436,1436,1.0,95579,0,1,S8|M2_LONG_LINK|44|B|L2|F3,true,false,false,/home/cyfer/FYP/WSN_simulation_V3/runs/S8_4000/outputs_production_50seed_part41_45/run_campaign_v3_S8_M2_LONG_LINK_B_L2_F3_H4_seed044_44_20260602_121413
campaign_v3_S8_M2_LONG_LINK_B_L2_F3_H4_seed045,campaign_v3_S8_M2_LONG_LINK_B_L2_F3_H4_seed045_45_20260602_121612,S8,4000,160,5,M2_LONG_LINK,45,B,L2,F3,H4,V3,map_S8_M2_LONG_LINK_seed045,aa25ce5774df9aa8d0c792f864b828fa69a3b1ff5309c17e0052f6697119fec1,92.704,307.008,190.463,358.982,25,564,2.8274,0.2943,60.0,38.305,98.305,158.305,160.0,100.0,3.984,3.0,1.0,0.014,0.188,0.126,5268.505463,0.682874,0.0,1887,1127096,1127096,1.0,1436,1436,1.0,95804,0,1,S8|M2_LONG_LINK|45|B|L2|F3,true,false,false,/home/cyfer/FYP/WSN_simulation_V3/runs/S8_4000/outputs_production_50seed_part41_45/run_campaign_v3_S8_M2_LONG_LINK_B_L2_F3_H4_seed045_45_20260602_121612
campaign_v3_S8_M2_LONG_LINK_B_L2_F4_H0_seed041,campaign_v3_S8_M2_LONG_LINK_B_L2_F4_H0_seed041_41_20260602_120806,S8,4000,160,5,M2_LONG_LINK,41,B,L2,F4,H0,V2,map_S8_M2_LONG_LINK_seed041,a23dd80d30f85ceadecb2f07757d98f3bb008abd5a6dbaf1cb6c638ec13764fe,93.091,309.428,187.211,354.778,25,673,2.9987,0.3015,60.0,-1.0,-1.0,-1.0,-1.0,-1.0,0.0,0.0,0.0,0.0,0.0,0.0,5256.816094,0.685796,0.0,1877,1124730,1124730,1.0,1432,1432,1.0,96090,1,0,S8|M2_LONG_LINK|41|B|L2|F4,false,false,true,/home/cyfer/FYP/WSN_simulation_V3/runs/S8_4000/outputs_production_50seed_part41_45/run_campaign_v3_S8_M2_LONG_LINK_B_L2_F4_H0_seed041_41_20260602_120806
campaign_v3_S8_M2_LONG_LINK_B_L2_F4_H0_seed042,campaign_v3_S8_M2_LONG_LINK_B_L2_F4_H0_seed042_42_20260602_121004,S8,4000,160,5,M2_LONG_LINK,42,B,L2,F4,H0,V2,map_S8_M2_LONG_LINK_seed042,e1689774d659d09a5ec6f7367c6062df175b67663484277b83f5c821b6cf73af,89.799,320.955,190.029,342.604,25,754,3.0586,0.2918,60.0,-1.0,-1.0,-1.0,-1.0,-1.0,0.0,0.0,0.0,0.0,0.0,0.0,5207.748427,0.698063,0.0,1848,1124260,1124260,1.0,1432,1432,1.0,96100,1,0,S8|M2_LONG_LINK|42|B|L2|F4,false,false,true,/home/cyfer/FYP/WSN_simulation_V3/runs/S8_4000/outputs_production_50seed_part41_45/run_campaign_v3_S8_M2_LONG_LINK_B_L2_F4_H0_seed042_42_20260602_121004
campaign_v3_S8_M2_LONG_LINK_B_L2_F4_H0_seed043,campaign_v3_S8_M2_LONG_LINK_B_L2_F4_H0_seed043_43_20260602_121200,S8,4000,160,5,M2_LONG_LINK,43,B,L2,F4,H0,V2,map_S8_M2_LONG_LINK_seed043,2c6a3388e5eb938d95b6c784dc78b688a76650d37bf2d48c2349db92af575e42,91.228,305.203,188.48,362.978,25,513,2.6172,0.3018,60.0,-1.0,-1.0,-1.0,-1.0,-1.0,0.0,0.0,0.0,0.0,0.0,0.0,5243.267413,0.689183,0.0,1874,1124495,1124495,1.0,1432,1432,1.0,96095,1,0,S8|M2_LONG_LINK|43|B|L2|F4,false,false,true,/home/cyfer/FYP/WSN_simulation_V3/runs/S8_4000/outputs_production_50seed_part41_45/run_campaign_v3_S8_M2_LONG_LINK_B_L2_F4_H0_seed043_43_20260602_121200
campaign_v3_S8_M2_LONG_LINK_B_L2_F4_H0_seed044,campaign_v3_S8_M2_LONG_LINK_B_L2_F4_H0_seed044_44_20260602_121355,S8,4000,160,5,M2_LONG_LINK,44,B,L2,F4,H0,V2,map_S8_M2_LONG_LINK_seed044,65a43507f830c83134844286daaeef18b9d5427c6b4e8c33674af5eda13f70d8,89.428,305.581,189.628,349.91,25,672,2.9507,0.29,60.0,-1.0,-1.0,-1.0,-1.0,-1.0,0.0,0.0,0.0,0.0,0.0,0.0,5274.11651,0.681471,0.0,1882,1125905,1125905,1.0,1432,1432,1.0,96065,1,0,S8|M2_LONG_LINK|44|B|L2|F4,false,false,true,/home/cyfer/FYP/WSN_simulation_V3/runs/S8_4000/outputs_production_50seed_part41_45/run_campaign_v3_S8_M2_LONG_LINK_B_L2_F4_H0_seed044_44_20260602_121355
campaign_v3_S8_M2_LONG_LINK_B_L2_F4_H0_seed045,campaign_v3_S8_M2_LONG_LINK_B_L2_F4_H0_seed045_45_20260602_121553,S8,4000,160,5,M2_LONG_LINK,45,B,L2,F4,H0,V2,map_S8_M2_LONG_LINK_seed045,aa25ce5774df9aa8d0c792f864b828fa69a3b1ff5309c17e0052f6697119fec1,92.704,307.008,190.463,358.982,25,564,2.8274,0.2943,60.0,-1.0,-1.0,-1.0,-1.0,-1.0,0.0,0.0,0.0,0.0,0.0,0.0,5268.530368,0.682867,0.0,1887,1127080,1127080,1.0,1432,1432,1.0,96040,1,0,S8|M2_LONG_LINK|45|B|L2|F4,false,false,true,/home/cyfer/FYP/WSN_simulation_V3/runs/S8_4000/outputs_production_50seed_part41_45/run_campaign_v3_S8_M2_LONG_LINK_B_L2_F4_H0_seed045_45_20260602_121553
campaign_v3_S8_M2_LONG_LINK_B_L2_F4_H1_seed041,campaign_v3_S8_M2_LONG_LINK_B_L2_F4_H1_seed041_41_20260602_120826,S8,4000,160,5,M2_LONG_LINK,41,B,L2,F4,H1,V3,map_S8_M2_LONG_LINK_seed041,a23dd80d30f85ceadecb2f07757d98f3bb008abd5a6dbaf1cb6c638ec13764fe,93.091,309.428,187.211,354.778,25,673,2.9987,0.3015,60.0,35.559,95.559,155.559,160.0,100.0,4.6,3.0,1.0,0.027,0.404,0.102,5258.305409,0.685424,0.0,1877,1125178,1125178,1.0,1436,1436,1.0,95554,0,1,S8|M2_LONG_LINK|41|B|L2|F4,true,false,false,/home/cyfer/FYP/WSN_simulation_V3/runs/S8_4000/outputs_production_50seed_part41_45/run_campaign_v3_S8_M2_LONG_LINK_B_L2_F4_H1_seed041_41_20260602_120826
campaign_v3_S8_M2_LONG_LINK_B_L2_F4_H1_seed042,campaign_v3_S8_M2_LONG_LINK_B_L2_F4_H1_seed042_42_20260602_121024,S8,4000,160,5,M2_LONG_LINK,42,B,L2,F4,H1,V3,map_S8_M2_LONG_LINK_seed042,e1689774d659d09a5ec6f7367c6062df175b67663484277b83f5c821b6cf73af,89.799,320.955,190.029,342.604,25,754,3.0586,0.2918,60.0,35.988,95.988,155.988,160.0,100.0,5.013,3.0,1.0,0.027,0.467,0.178,5209.550249,0.697612,0.0,1848,1124756,1124756,1.0,1436,1436,1.0,95504,0,1,S8|M2_LONG_LINK|42|B|L2|F4,true,false,false,/home/cyfer/FYP/WSN_simulation_V3/runs/S8_4000/outputs_production_50seed_part41_45/run_campaign_v3_S8_M2_LONG_LINK_B_L2_F4_H1_seed042_42_20260602_121024
campaign_v3_S8_M2_LONG_LINK_B_L2_F4_H1_seed043,campaign_v3_S8_M2_LONG_LINK_B_L2_F4_H1_seed043_43_20260602_121220,S8,4000,160,5,M2_LONG_LINK,43,B,L2,F4,H1,V3,map_S8_M2_LONG_LINK_seed043,2c6a3388e5eb938d95b6c784dc78b688a76650d37bf2d48c2349db92af575e42,91.228,305.203,188.48,362.978,25,513,2.6172,0.3018,60.0,35.688,95.688,155.688,160.0,100.0,4.775,3.0,1.0,0.037,0.445,0.109,5244.96474,0.688759,0.0,1874,1124967,1124967,1.0,1436,1436,1.0,95529,0,1,S8|M2_LONG_LINK|43|B|L2|F4,true,false,false,/home/cyfer/FYP/WSN_simulation_V3/runs/S8_4000/outputs_production_50seed_part41_45/run_campaign_v3_S8_M2_LONG_LINK_B_L2_F4_H1_seed043_43_20260602_121220
campaign_v3_S8_M2_LONG_LINK_B_L2_F4_H1_seed044,campaign_v3_S8_M2_LONG_LINK_B_L2_F4_H1_seed044_44_20260602_121415,S8,4000,160,5,M2_LONG_LINK,44,B,L2,F4,H1,V3,map_S8_M2_LONG_LINK_seed044,65a43507f830c83134844286daaeef18b9d5427c6b4e8c33674af5eda13f70d8,89.428,305.581,189.628,349.91,25,672,2.9507,0.29,60.0,34.413,94.413,154.413,160.0,100.0,4.358,3.0,1.0,0.019,0.296,0.137,5275.234961,0.681191,0.0,1882,1126246,1126246,1.0,1436,1436,1.0,95679,0,1,S8|M2_LONG_LINK|44|B|L2|F4,true,false,false,/home/cyfer/FYP/WSN_simulation_V3/runs/S8_4000/outputs_production_50seed_part41_45/run_campaign_v3_S8_M2_LONG_LINK_B_L2_F4_H1_seed044_44_20260602_121415
campaign_v3_S8_M2_LONG_LINK_B_L2_F4_H1_seed045,campaign_v3_S8_M2_LONG_LINK_B_L2_F4_H1_seed045_45_20260602_121613,S8,4000,160,5,M2_LONG_LINK,45,B,L2,F4,H1,V3,map_S8_M2_LONG_LINK_seed045,aa25ce5774df9aa8d0c792f864b828fa69a3b1ff5309c17e0052f6697119fec1,92.704,307.008,190.463,358.982,25,564,2.8274,0.2943,60.0,34.675,94.675,154.675,160.0,100.0,4.041,3.0,1.0,0.014,0.185,0.148,5269.293666,0.682677,0.0,1887,1127296,1127296,1.0,1436,1436,1.0,95804,0,1,S8|M2_LONG_LINK|45|B|L2|F4,true,false,false,/home/cyfer/FYP/WSN_simulation_V3/runs/S8_4000/outputs_production_50seed_part41_45/run_campaign_v3_S8_M2_LONG_LINK_B_L2_F4_H1_seed045_45_20260602_121613
campaign_v3_S8_M2_LONG_LINK_B_L2_F4_H3_seed041,campaign_v3_S8_M2_LONG_LINK_B_L2_F4_H3_seed041_41_20260602_120827,S8,4000,160,5,M2_LONG_LINK,41,B,L2,F4,H3,V3,map_S8_M2_LONG_LINK_seed041,a23dd80d30f85ceadecb2f07757d98f3bb008abd5a6dbaf1cb6c638ec13764fe,93.091,309.428,187.211,354.778,25,673,2.9987,0.3015,60.0,40.783,100.783,160.783,170.0,110.0,4.6,3.0,1.0,0.027,0.404,0.102,5257.512576,0.685622,0.0,1877,1124917,1124917,1.0,1436,1436,1.0,95554,0,1,S8|M2_LONG_LINK|41|B|L2|F4,true,false,false,/home/cyfer/FYP/WSN_simulation_V3/runs/S8_4000/outputs_production_50seed_part41_45/run_campaign_v3_S8_M2_LONG_LINK_B_L2_F4_H3_seed041_41_20260602_120827
campaign_v3_S8_M2_LONG_LINK_B_L2_F4_H3_seed042,campaign_v3_S8_M2_LONG_LINK_B_L2_F4_H3_seed042_42_20260602_121025,S8,4000,160,5,M2_LONG_LINK,42,B,L2,F4,H3,V3,map_S8_M2_LONG_LINK_seed042,e1689774d659d09a5ec6f7367c6062df175b67663484277b83f5c821b6cf73af,89.799,320.955,190.029,342.604,25,754,3.0586,0.2918,60.0,41.365,101.365,161.365,170.0,110.0,5.013,3.0,1.0,0.027,0.467,0.178,5208.539604,0.697865,0.0,1848,1124456,1124456,1.0,1436,1436,1.0,95504,0,1,S8|M2_LONG_LINK|42|B|L2|F4,true,false,false,/home/cyfer/FYP/WSN_simulation_V3/runs/S8_4000/outputs_production_50seed_part41_45/run_campaign_v3_S8_M2_LONG_LINK_B_L2_F4_H3_seed042_42_20260602_121025
campaign_v3_S8_M2_LONG_LINK_B_L2_F4_H3_seed043,campaign_v3_S8_M2_LONG_LINK_B_L2_F4_H3_seed043_43_20260602_121222,S8,4000,160,5,M2_LONG_LINK,43,B,L2,F4,H3,V3,map_S8_M2_LONG_LINK_seed043,2c6a3388e5eb938d95b6c784dc78b688a76650d37bf2d48c2349db92af575e42,91.228,305.203,188.48,362.978,25,513,2.6172,0.3018,60.0,40.841,100.841,160.841,170.0,110.0,4.775,3.0,1.0,0.037,0.445,0.109,5244.009741,0.688998,0.0,1874,1124701,1124701,1.0,1436,1436,1.0,95529,0,1,S8|M2_LONG_LINK|43|B|L2|F4,true,false,false,/home/cyfer/FYP/WSN_simulation_V3/runs/S8_4000/outputs_production_50seed_part41_45/run_campaign_v3_S8_M2_LONG_LINK_B_L2_F4_H3_seed043_43_20260602_121222
campaign_v3_S8_M2_LONG_LINK_B_L2_F4_H3_seed044,campaign_v3_S8_M2_LONG_LINK_B_L2_F4_H3_seed044_44_20260602_121416,S8,4000,160,5,M2_LONG_LINK,44,B,L2,F4,H3,V3,map_S8_M2_LONG_LINK_seed044,65a43507f830c83134844286daaeef18b9d5427c6b4e8c33674af5eda13f70d8,89.428,305.581,189.628,349.91,25,672,2.9507,0.29,60.0,41.211,101.211,161.211,170.0,110.0,4.358,3.0,1.0,0.019,0.296,0.137,5274.646398,0.681338,0.0,1882,1126047,1126047,1.0,1436,1436,1.0,95679,0,1,S8|M2_LONG_LINK|44|B|L2|F4,true,false,false,/home/cyfer/FYP/WSN_simulation_V3/runs/S8_4000/outputs_production_50seed_part41_45/run_campaign_v3_S8_M2_LONG_LINK_B_L2_F4_H3_seed044_44_20260602_121416
campaign_v3_S8_M2_LONG_LINK_B_L2_F4_H3_seed045,campaign_v3_S8_M2_LONG_LINK_B_L2_F4_H3_seed045_45_20260602_121615,S8,4000,160,5,M2_LONG_LINK,45,B,L2,F4,H3,V3,map_S8_M2_LONG_LINK_seed045,aa25ce5774df9aa8d0c792f864b828fa69a3b1ff5309c17e0052f6697119fec1,92.704,307.008,190.463,358.982,25,564,2.8274,0.2943,60.0,40.181,100.181,160.181,170.0,110.0,4.041,3.0,1.0,0.014,0.185,0.148,5268.90602,0.682773,0.0,1887,1127172,1127172,1.0,1436,1436,1.0,95804,0,1,S8|M2_LONG_LINK|45|B|L2|F4,true,false,false,/home/cyfer/FYP/WSN_simulation_V3/runs/S8_4000/outputs_production_50seed_part41_45/run_campaign_v3_S8_M2_LONG_LINK_B_L2_F4_H3_seed045_45_20260602_121615
campaign_v3_S8_M2_LONG_LINK_B_L2_F4_H4_seed041,campaign_v3_S8_M2_LONG_LINK_B_L2_F4_H4_seed041_41_20260602_120829,S8,4000,160,5,M2_LONG_LINK,41,B,L2,F4,H4,V3,map_S8_M2_LONG_LINK_seed041,a23dd80d30f85ceadecb2f07757d98f3bb008abd5a6dbaf1cb6c638ec13764fe,93.091,309.428,187.211,354.778,25,673,2.9987,0.3015,60.0,44.865,104.865,164.865,170.0,110.0,4.6,3.0,1.0,0.027,0.404,0.102,5253.039699,0.68674,0.0,1877,1122822,1122822,1.0,1436,1436,1.0,95133,0,1,S8|M2_LONG_LINK|41|B|L2|F4,true,false,false,/home/cyfer/FYP/WSN_simulation_V3/runs/S8_4000/outputs_production_50seed_part41_45/run_campaign_v3_S8_M2_LONG_LINK_B_L2_F4_H4_seed041_41_20260602_120829
campaign_v3_S8_M2_LONG_LINK_B_L2_F4_H4_seed042,campaign_v3_S8_M2_LONG_LINK_B_L2_F4_H4_seed042_42_20260602_121027,S8,4000,160,5,M2_LONG_LINK,42,B,L2,F4,H4,V3,map_S8_M2_LONG_LINK_seed042,e1689774d659d09a5ec6f7367c6062df175b67663484277b83f5c821b6cf73af,89.799,320.955,190.029,342.604,25,754,3.0586,0.2918,60.0,45.557,105.557,165.557,170.0,110.0,5.013,3.0,1.0,0.027,0.467,0.178,5203.97027,0.699007,0.0,1848,1122508,1122508,1.0,1436,1436,1.0,95108,0,1,S8|M2_LONG_LINK|42|B|L2|F4,true,false,false,/home/cyfer/FYP/WSN_simulation_V3/runs/S8_4000/outputs_production_50seed_part41_45/run_campaign_v3_S8_M2_LONG_LINK_B_L2_F4_H4_seed042_42_20260602_121027
campaign_v3_S8_M2_LONG_LINK_B_L2_F4_H4_seed043,campaign_v3_S8_M2_LONG_LINK_B_L2_F4_H4_seed043_43_20260602_121223,S8,4000,160,5,M2_LONG_LINK,43,B,L2,F4,H4,V3,map_S8_M2_LONG_LINK_seed043,2c6a3388e5eb938d95b6c784dc78b688a76650d37bf2d48c2349db92af575e42,91.228,305.203,188.48,362.978,25,513,2.6172,0.3018,60.0,45.015,105.015,165.015,170.0,110.0,4.775,3.0,1.0,0.037,0.445,0.109,5238.741549,0.690315,0.0,1874,1122729,1122729,1.0,1436,1436,1.0,95133,0,1,S8|M2_LONG_LINK|43|B|L2|F4,true,false,false,/home/cyfer/FYP/WSN_simulation_V3/runs/S8_4000/outputs_production_50seed_part41_45/run_campaign_v3_S8_M2_LONG_LINK_B_L2_F4_H4_seed043_43_20260602_121223
campaign_v3_S8_M2_LONG_LINK_B_L2_F4_H4_seed044,campaign_v3_S8_M2_LONG_LINK_B_L2_F4_H4_seed044_44_20260602_121417,S8,4000,160,5,M2_LONG_LINK,44,B,L2,F4,H4,V3,map_S8_M2_LONG_LINK_seed044,65a43507f830c83134844286daaeef18b9d5427c6b4e8c33674af5eda13f70d8,89.428,305.581,189.628,349.91,25,672,2.9507,0.29,60.0,44.961,104.961,164.961,170.0,110.0,4.358,3.0,1.0,0.019,0.296,0.137,5270.300597,0.682425,0.0,1882,1124182,1124182,1.0,1436,1436,1.0,95308,0,1,S8|M2_LONG_LINK|44|B|L2|F4,true,false,false,/home/cyfer/FYP/WSN_simulation_V3/runs/S8_4000/outputs_production_50seed_part41_45/run_campaign_v3_S8_M2_LONG_LINK_B_L2_F4_H4_seed044_44_20260602_121417
campaign_v3_S8_M2_LONG_LINK_B_L2_F4_H4_seed045,campaign_v3_S8_M2_LONG_LINK_B_L2_F4_H4_seed045_45_20260602_121616,S8,4000,160,5,M2_LONG_LINK,45,B,L2,F4,H4,V3,map_S8_M2_LONG_LINK_seed045,aa25ce5774df9aa8d0c792f864b828fa69a3b1ff5309c17e0052f6697119fec1,92.704,307.008,190.463,358.982,25,564,2.8274,0.2943,60.0,44.295,104.295,164.295,170.0,110.0,4.041,3.0,1.0,0.014,0.185,0.148,5263.882983,0.684029,0.0,1887,1124892,1124892,1.0,1436,1436,1.0,95358,0,1,S8|M2_LONG_LINK|45|B|L2|F4,true,false,false,/home/cyfer/FYP/WSN_simulation_V3/runs/S8_4000/outputs_production_50seed_part41_45/run_campaign_v3_S8_M2_LONG_LINK_B_L2_F4_H4_seed045_45_20260602_121616
campaign_v3_S8_M3_IMBALANCED_A_L1_F0_H0_seed041,campaign_v3_S8_M3_IMBALANCED_A_L1_F0_H0_seed041_41_20260602_121617,S8,4000,160,5,M3_IMBALANCED,41,A,L1,F0,H0,V1,map_S8_M3_IMBALANCED_seed041,1e9306d540fd3664839fa3db1c6334e1a1477505f877548ef83e1e59071baecc,240.17,427.3,185.805,362.941,25,1397,5.6535,0.083,0.0,-1.0,-1.0,-1.0,-1.0,-1.0,0.0,0.0,0.0,0.0,0.0,0.0,6739.970621,0.315007,0.0,3150,1128960,1128960,1.0,1413,1413,1.0,96000,0,0,S8|M3_IMBALANCED|41|A|L1|F0,false,true,false,/home/cyfer/FYP/WSN_simulation_V3/runs/S8_4000/outputs_production_50seed_part41_45/run_campaign_v3_S8_M3_IMBALANCED_A_L1_F0_H0_seed041_41_20260602_121617
campaign_v3_S8_M3_IMBALANCED_A_L1_F0_H0_seed042,campaign_v3_S8_M3_IMBALANCED_A_L1_F0_H0_seed042_42_20260602_121931,S8,4000,160,5,M3_IMBALANCED,42,A,L1,F0,H0,V1,map_S8_M3_IMBALANCED_seed042,7030c1dbddf42a593d11772ab10ebc977f9528e58bbff6bdc5d071c69f0e6540,247.056,427.137,185.432,343.244,25,1524,5.7443,0.0712,0.0,-1.0,-1.0,-1.0,-1.0,-1.0,0.0,0.0,0.0,0.0,0.0,0.0,6784.828428,0.303793,0.0,3175,1128960,1128960,1.0,1377,1377,1.0,96000,0,0,S8|M3_IMBALANCED|42|A|L1|F0,false,true,false,/home/cyfer/FYP/WSN_simulation_V3/runs/S8_4000/outputs_production_50seed_part41_45/run_campaign_v3_S8_M3_IMBALANCED_A_L1_F0_H0_seed042_42_20260602_121931
campaign_v3_S8_M3_IMBALANCED_A_L1_F0_H0_seed043,campaign_v3_S8_M3_IMBALANCED_A_L1_F0_H0_seed043_43_20260602_122249,S8,4000,160,5,M3_IMBALANCED,43,A,L1,F0,H0,V1,map_S8_M3_IMBALANCED_seed043,ccc22e4ef8c1397a0f4469b6e93dfc0a6ade3f7c90b8695a2752d85a3345281d,237.573,435.001,189.276,361.756,25,1484,5.7363,0.0767,0.0,-1.0,-1.0,-1.0,-1.0,-1.0,0.0,0.0,0.0,0.0,0.0,0.0,6766.7548,0.308311,0.0,3162,1128960,1128960,1.0,1368,1368,1.0,96000,0,0,S8|M3_IMBALANCED|43|A|L1|F0,false,true,false,/home/cyfer/FYP/WSN_simulation_V3/runs/S8_4000/outputs_production_50seed_part41_45/run_campaign_v3_S8_M3_IMBALANCED_A_L1_F0_H0_seed043_43_20260602_122249
campaign_v3_S8_M3_IMBALANCED_A_L1_F0_H0_seed044,campaign_v3_S8_M3_IMBALANCED_A_L1_F0_H0_seed044_44_20260602_122601,S8,4000,160,5,M3_IMBALANCED,44,A,L1,F0,H0,V1,map_S8_M3_IMBALANCED_seed044,18b4598f5a3028cd0ec09a26c8ad08cf2825d0f3e046e28774c6cada8d46f5d4,238.304,447.671,188.72,354.024,25,1347,5.724,0.0862,0.0,-1.0,-1.0,-1.0,-1.0,-1.0,0.0,0.0,0.0,0.0,0.0,0.0,6741.117668,0.314721,0.0,3150,1128960,1128960,1.0,1395,1395,1.0,96000,0,0,S8|M3_IMBALANCED|44|A|L1|F0,false,true,false,/home/cyfer/FYP/WSN_simulation_V3/runs/S8_4000/outputs_production_50seed_part41_45/run_campaign_v3_S8_M3_IMBALANCED_A_L1_F0_H0_seed044_44_20260602_122601
campaign_v3_S8_M3_IMBALANCED_A_L1_F0_H0_seed045,campaign_v3_S8_M3_IMBALANCED_A_L1_F0_H0_seed045_45_20260602_122914,S8,4000,160,5,M3_IMBALANCED,45,A,L1,F0,H0,V1,map_S8_M3_IMBALANCED_seed045,b5e4ae07e381292748632709e6d87c74f8d1690b45e6bbdd0b24af35b9949bcc,242.612,452.382,184.251,334.016,25,1083,5.053,0.0788,0.0,-1.0,-1.0,-1.0,-1.0,-1.0,0.0,0.0,0.0,0.0,0.0,0.0,6748.23615,0.312941,0.0,3150,1128960,1128960,1.0,1395,1395,1.0,96000,0,0,S8|M3_IMBALANCED|45|A|L1|F0,false,true,false,/home/cyfer/FYP/WSN_simulation_V3/runs/S8_4000/outputs_production_50seed_part41_45/run_campaign_v3_S8_M3_IMBALANCED_A_L1_F0_H0_seed045_45_20260602_122914
campaign_v3_S8_M3_IMBALANCED_A_L1_F1_H0_seed041,campaign_v3_S8_M3_IMBALANCED_A_L1_F1_H0_seed041_41_20260602_121620,S8,4000,160,5,M3_IMBALANCED,41,A,L1,F1,H0,V2,map_S8_M3_IMBALANCED_seed041,1e9306d540fd3664839fa3db1c6334e1a1477505f877548ef83e1e59071baecc,240.17,427.3,185.805,362.941,25,1397,5.6535,0.083,60.0,-1.0,-1.0,-1.0,-1.0,-1.0,0.0,0.0,0.0,0.0,0.0,0.0,6737.385786,0.31521,0.0,3151,1127785,1127785,1.0,1405,1405,1.0,96025,1,0,S8|M3_IMBALANCED|41|A|L1|F1,false,false,true,/home/cyfer/FYP/WSN_simulation_V3/runs/S8_4000/outputs_production_50seed_part41_45/run_campaign_v3_S8_M3_IMBALANCED_A_L1_F1_H0_seed041_41_20260602_121620
campaign_v3_S8_M3_IMBALANCED_A_L1_F1_H0_seed042,campaign_v3_S8_M3_IMBALANCED_A_L1_F1_H0_seed042_42_20260602_121934,S8,4000,160,5,M3_IMBALANCED,42,A,L1,F1,H0,V2,map_S8_M3_IMBALANCED_seed042,7030c1dbddf42a593d11772ab10ebc977f9528e58bbff6bdc5d071c69f0e6540,247.056,427.137,185.432,343.244,25,1524,5.7443,0.0712,60.0,-1.0,-1.0,-1.0,-1.0,-1.0,0.0,0.0,0.0,0.0,0.0,0.0,6782.03745,0.30405,0.0,3176,1127785,1127785,1.0,1369,1369,1.0,96025,1,0,S8|M3_IMBALANCED|42|A|L1|F1,false,false,true,/home/cyfer/FYP/WSN_simulation_V3/runs/S8_4000/outputs_production_50seed_part41_45/run_campaign_v3_S8_M3_IMBALANCED_A_L1_F1_H0_seed042_42_20260602_121934
campaign_v3_S8_M3_IMBALANCED_A_L1_F1_H0_seed043,campaign_v3_S8_M3_IMBALANCED_A_L1_F1_H0_seed043_43_20260602_122251,S8,4000,160,5,M3_IMBALANCED,43,A,L1,F1,H0,V2,map_S8_M3_IMBALANCED_seed043,ccc22e4ef8c1397a0f4469b6e93dfc0a6ade3f7c90b8695a2752d85a3345281d,237.573,435.001,189.276,361.756,25,1484,5.7363,0.0767,60.0,-1.0,-1.0,-1.0,-1.0,-1.0,0.0,0.0,0.0,0.0,0.0,0.0,6764.947539,0.3083,0.0,3163,1128255,1128255,1.0,1360,1360,1.0,96015,1,0,S8|M3_IMBALANCED|43|A|L1|F1,false,false,true,/home/cyfer/FYP/WSN_simulation_V3/runs/S8_4000/outputs_production_50seed_part41_45/run_campaign_v3_S8_M3_IMBALANCED_A_L1_F1_H0_seed043_43_20260602_122251
campaign_v3_S8_M3_IMBALANCED_A_L1_F1_H0_seed044,campaign_v3_S8_M3_IMBALANCED_A_L1_F1_H0_seed044_44_20260602_122603,S8,4000,160,5,M3_IMBALANCED,44,A,L1,F1,H0,V2,map_S8_M3_IMBALANCED_seed044,18b4598f5a3028cd0ec09a26c8ad08cf2825d0f3e046e28774c6cada8d46f5d4,238.304,447.671,188.72,354.024,25,1347,5.724,0.0862,60.0,-1.0,-1.0,-1.0,-1.0,-1.0,0.0,0.0,0.0,0.0,0.0,0.0,6738.500175,0.314932,0.0,3151,1127785,1127785,1.0,1387,1387,1.0,96025,1,0,S8|M3_IMBALANCED|44|A|L1|F1,false,false,true,/home/cyfer/FYP/WSN_simulation_V3/runs/S8_4000/outputs_production_50seed_part41_45/run_campaign_v3_S8_M3_IMBALANCED_A_L1_F1_H0_seed044_44_20260602_122603
campaign_v3_S8_M3_IMBALANCED_A_L1_F1_H0_seed045,campaign_v3_S8_M3_IMBALANCED_A_L1_F1_H0_seed045_45_20260602_122916,S8,4000,160,5,M3_IMBALANCED,45,A,L1,F1,H0,V2,map_S8_M3_IMBALANCED_seed045,b5e4ae07e381292748632709e6d87c74f8d1690b45e6bbdd0b24af35b9949bcc,242.612,452.382,184.251,334.016,25,1083,5.053,0.0788,60.0,-1.0,-1.0,-1.0,-1.0,-1.0,0.0,0.0,0.0,0.0,0.0,0.0,6747.49576,0.31264,0.0,3151,1128725,1128725,1.0,1387,1387,1.0,96005,1,0,S8|M3_IMBALANCED|45|A|L1|F1,false,false,true,/home/cyfer/FYP/WSN_simulation_V3/runs/S8_4000/outputs_production_50seed_part41_45/run_campaign_v3_S8_M3_IMBALANCED_A_L1_F1_H0_seed045_45_20260602_122916
campaign_v3_S8_M3_IMBALANCED_A_L1_F1_H1_seed041,campaign_v3_S8_M3_IMBALANCED_A_L1_F1_H1_seed041_41_20260602_121631,S8,4000,160,5,M3_IMBALANCED,41,A,L1,F1,H1,V3,map_S8_M3_IMBALANCED_seed041,1e9306d540fd3664839fa3db1c6334e1a1477505f877548ef83e1e59071baecc,240.17,427.3,185.805,362.941,25,1397,5.6535,0.083,60.0,22.351,82.351,142.351,150.0,90.0,6.591,6.0,1.0,0.004,1.0,0.193,6738.957898,0.314817,0.0,3151,1128545,1128545,1.0,1410,1410,1.0,96000,0,1,S8|M3_IMBALANCED|41|A|L1|F1,true,false,false,/home/cyfer/FYP/WSN_simulation_V3/runs/S8_4000/outputs_production_50seed_part41_45/run_campaign_v3_S8_M3_IMBALANCED_A_L1_F1_H1_seed041_41_20260602_121631
campaign_v3_S8_M3_IMBALANCED_A_L1_F1_H1_seed042,campaign_v3_S8_M3_IMBALANCED_A_L1_F1_H1_seed042_42_20260602_121945,S8,4000,160,5,M3_IMBALANCED,42,A,L1,F1,H1,V3,map_S8_M3_IMBALANCED_seed042,7030c1dbddf42a593d11772ab10ebc977f9528e58bbff6bdc5d071c69f0e6540,247.056,427.137,185.432,343.244,25,1524,5.7443,0.0712,60.0,21.677,81.677,141.677,150.0,90.0,6.543,6.0,1.0,0.003,1.0,0.178,6783.782722,0.303613,0.0,3176,1128550,1128550,1.0,1374,1374,1.0,96000,0,1,S8|M3_IMBALANCED|42|A|L1|F1,true,false,false,/home/cyfer/FYP/WSN_simulation_V3/runs/S8_4000/outputs_production_50seed_part41_45/run_campaign_v3_S8_M3_IMBALANCED_A_L1_F1_H1_seed042_42_20260602_121945
campaign_v3_S8_M3_IMBALANCED_A_L1_F1_H1_seed043,campaign_v3_S8_M3_IMBALANCED_A_L1_F1_H1_seed043_43_20260602_122302,S8,4000,160,5,M3_IMBALANCED,43,A,L1,F1,H1,V3,map_S8_M3_IMBALANCED_seed043,ccc22e4ef8c1397a0f4469b6e93dfc0a6ade3f7c90b8695a2752d85a3345281d,237.573,435.001,189.276,361.756,25,1484,5.7363,0.0767,60.0,21.969,81.969,141.969,150.0,90.0,6.232,6.0,1.0,0.002,1.0,0.075,6766.111839,0.308009,0.0,3163,1128714,1128714,1.0,1365,1365,1.0,96000,0,1,S8|M3_IMBALANCED|43|A|L1|F1,true,false,false,/home/cyfer/FYP/WSN_simulation_V3/runs/S8_4000/outputs_production_50seed_part41_45/run_campaign_v3_S8_M3_IMBALANCED_A_L1_F1_H1_seed043_43_20260602_122302
campaign_v3_S8_M3_IMBALANCED_A_L1_F1_H1_seed044,campaign_v3_S8_M3_IMBALANCED_A_L1_F1_H1_seed044_44_20260602_122615,S8,4000,160,5,M3_IMBALANCED,44,A,L1,F1,H1,V3,map_S8_M3_IMBALANCED_seed044,18b4598f5a3028cd0ec09a26c8ad08cf2825d0f3e046e28774c6cada8d46f5d4,238.304,447.671,188.72,354.024,25,1347,5.724,0.0862,60.0,21.998,81.998,141.998,150.0,90.0,6.384,6.0,1.0,0.004,1.0,0.124,6740.273327,0.314488,0.0,3151,1128550,1128550,1.0,1392,1392,1.0,96000,0,1,S8|M3_IMBALANCED|44|A|L1|F1,true,false,false,/home/cyfer/FYP/WSN_simulation_V3/runs/S8_4000/outputs_production_50seed_part41_45/run_campaign_v3_S8_M3_IMBALANCED_A_L1_F1_H1_seed044_44_20260602_122615
campaign_v3_S8_M3_IMBALANCED_A_L1_F1_H1_seed045,campaign_v3_S8_M3_IMBALANCED_A_L1_F1_H1_seed045_45_20260602_122927,S8,4000,160,5,M3_IMBALANCED,45,A,L1,F1,H1,V3,map_S8_M3_IMBALANCED_seed045,b5e4ae07e381292748632709e6d87c74f8d1690b45e6bbdd0b24af35b9949bcc,242.612,452.382,184.251,334.016,25,1083,5.053,0.0788,60.0,21.542,81.542,141.542,150.0,90.0,6.132,6.0,1.0,0.001,1.0,0.043,6747.755927,0.312575,0.0,3151,1128878,1128878,1.0,1392,1392,1.0,96000,0,1,S8|M3_IMBALANCED|45|A|L1|F1,true,false,false,/home/cyfer/FYP/WSN_simulation_V3/runs/S8_4000/outputs_production_50seed_part41_45/run_campaign_v3_S8_M3_IMBALANCED_A_L1_F1_H1_seed045_45_20260602_122927
campaign_v3_S8_M3_IMBALANCED_A_L1_F1_H3_seed041,campaign_v3_S8_M3_IMBALANCED_A_L1_F1_H3_seed041_41_20260602_121635,S8,4000,160,5,M3_IMBALANCED,41,A,L1,F1,H3,V3,map_S8_M3_IMBALANCED_seed041,1e9306d540fd3664839fa3db1c6334e1a1477505f877548ef83e1e59071baecc,240.17,427.3,185.805,362.941,25,1397,5.6535,0.083,60.0,27.841,87.841,147.841,150.0,90.0,6.591,6.0,1.0,0.004,1.0,0.193,6738.324161,0.314976,0.0,3151,1128226,1128226,1.0,1410,1410,1.0,95950,0,1,S8|M3_IMBALANCED|41|A|L1|F1,true,false,false,/home/cyfer/FYP/WSN_simulation_V3/runs/S8_4000/outputs_production_50seed_part41_45/run_campaign_v3_S8_M3_IMBALANCED_A_L1_F1_H3_seed041_41_20260602_121635
campaign_v3_S8_M3_IMBALANCED_A_L1_F1_H3_seed042,campaign_v3_S8_M3_IMBALANCED_A_L1_F1_H3_seed042_42_20260602_121951,S8,4000,160,5,M3_IMBALANCED,42,A,L1,F1,H3,V3,map_S8_M3_IMBALANCED_seed042,7030c1dbddf42a593d11772ab10ebc977f9528e58bbff6bdc5d071c69f0e6540,247.056,427.137,185.432,343.244,25,1524,5.7443,0.0712,60.0,28.065,88.065,148.065,150.0,90.0,6.543,6.0,1.0,0.003,1.0,0.178,6783.168479,0.303767,0.0,3176,1128223,1128223,1.0,1374,1374,1.0,95950,0,1,S8|M3_IMBALANCED|42|A|L1|F1,true,false,false,/home/cyfer/FYP/WSN_simulation_V3/runs/S8_4000/outputs_production_50seed_part41_45/run_campaign_v3_S8_M3_IMBALANCED_A_L1_F1_H3_seed042_42_20260602_121951
campaign_v3_S8_M3_IMBALANCED_A_L1_F1_H3_seed043,campaign_v3_S8_M3_IMBALANCED_A_L1_F1_H3_seed043_43_20260602_122307,S8,4000,160,5,M3_IMBALANCED,43,A,L1,F1,H3,V3,map_S8_M3_IMBALANCED_seed043,ccc22e4ef8c1397a0f4469b6e93dfc0a6ade3f7c90b8695a2752d85a3345281d,237.573,435.001,189.276,361.756,25,1484,5.7363,0.0767,60.0,27.803,87.803,147.803,150.0,90.0,6.232,6.0,1.0,0.002,1.0,0.075,6765.771219,0.308094,0.0,3163,1128549,1128549,1.0,1365,1365,1.0,95975,0,1,S8|M3_IMBALANCED|43|A|L1|F1,true,false,false,/home/cyfer/FYP/WSN_simulation_V3/runs/S8_4000/outputs_production_50seed_part41_45/run_campaign_v3_S8_M3_IMBALANCED_A_L1_F1_H3_seed043_43_20260602_122307
campaign_v3_S8_M3_IMBALANCED_A_L1_F1_H3_seed044,campaign_v3_S8_M3_IMBALANCED_A_L1_F1_H3_seed044_44_20260602_122619,S8,4000,160,5,M3_IMBALANCED,44,A,L1,F1,H3,V3,map_S8_M3_IMBALANCED_seed044,18b4598f5a3028cd0ec09a26c8ad08cf2825d0f3e046e28774c6cada8d46f5d4,238.304,447.671,188.72,354.024,25,1347,5.724,0.0862,60.0,27.687,87.687,147.687,150.0,90.0,6.384,6.0,1.0,0.004,1.0,0.124,6739.521608,0.314676,0.0,3151,1128226,1128226,1.0,1392,1392,1.0,95950,0,1,S8|M3_IMBALANCED|44|A|L1|F1,true,false,false,/home/cyfer/FYP/WSN_simulation_V3/runs/S8_4000/outputs_production_50seed_part41_45/run_campaign_v3_S8_M3_IMBALANCED_A_L1_F1_H3_seed044_44_20260602_122619
campaign_v3_S8_M3_IMBALANCED_A_L1_F1_H3_seed045,campaign_v3_S8_M3_IMBALANCED_A_L1_F1_H3_seed045_45_20260602_122931,S8,4000,160,5,M3_IMBALANCED,45,A,L1,F1,H3,V3,map_S8_M3_IMBALANCED_seed045,b5e4ae07e381292748632709e6d87c74f8d1690b45e6bbdd0b24af35b9949bcc,242.612,452.382,184.251,334.016,25,1083,5.053,0.0788,60.0,27.871,87.871,147.871,150.0,90.0,6.132,6.0,1.0,0.001,1.0,0.043,6747.746927,0.312577,0.0,3151,1128872,1128872,1.0,1392,1392,1.0,96000,0,1,S8|M3_IMBALANCED|45|A|L1|F1,true,false,false,/home/cyfer/FYP/WSN_simulation_V3/runs/S8_4000/outputs_production_50seed_part41_45/run_campaign_v3_S8_M3_IMBALANCED_A_L1_F1_H3_seed045_45_20260602_122931
campaign_v3_S8_M3_IMBALANCED_A_L1_F1_H4_seed041,campaign_v3_S8_M3_IMBALANCED_A_L1_F1_H4_seed041_41_20260602_121639,S8,4000,160,5,M3_IMBALANCED,41,A,L1,F1,H4,V3,map_S8_M3_IMBALANCED_seed041,1e9306d540fd3664839fa3db1c6334e1a1477505f877548ef83e1e59071baecc,240.17,427.3,185.805,362.941,25,1397,5.6535,0.083,60.0,32.389,92.389,152.389,160.0,100.0,6.591,6.0,1.0,0.004,1.0,0.193,6737.896067,0.315083,0.0,3151,1128085,1128085,1.0,1409,1409,1.0,95929,0,1,S8|M3_IMBALANCED|41|A|L1|F1,true,false,false,/home/cyfer/FYP/WSN_simulation_V3/runs/S8_4000/outputs_production_50seed_part41_45/run_campaign_v3_S8_M3_IMBALANCED_A_L1_F1_H4_seed041_41_20260602_121639
campaign_v3_S8_M3_IMBALANCED_A_L1_F1_H4_seed042,campaign_v3_S8_M3_IMBALANCED_A_L1_F1_H4_seed042_42_20260602_121957,S8,4000,160,5,M3_IMBALANCED,42,A,L1,F1,H4,V3,map_S8_M3_IMBALANCED_seed042,7030c1dbddf42a593d11772ab10ebc977f9528e58bbff6bdc5d071c69f0e6540,247.056,427.137,185.432,343.244,25,1524,5.7443,0.0712,60.0,31.556,91.556,151.556,160.0,100.0,6.543,6.0,1.0,0.003,1.0,0.178,6783.384012,0.303713,0.0,3176,1128375,1128375,1.0,1373,1373,1.0,95979,0,1,S8|M3_IMBALANCED|42|A|L1|F1,true,false,false,/home/cyfer/FYP/WSN_simulation_V3/runs/S8_4000/outputs_production_50seed_part41_45/run_campaign_v3_S8_M3_IMBALANCED_A_L1_F1_H4_seed042_42_20260602_121957
campaign_v3_S8_M3_IMBALANCED_A_L1_F1_H4_seed043,campaign_v3_S8_M3_IMBALANCED_A_L1_F1_H4_seed043_43_20260602_122311,S8,4000,160,5,M3_IMBALANCED,43,A,L1,F1,H4,V3,map_S8_M3_IMBALANCED_seed043,ccc22e4ef8c1397a0f4469b6e93dfc0a6ade3f7c90b8695a2752d85a3345281d,237.573,435.001,189.276,361.756,25,1484,5.7363,0.0767,60.0,31.854,91.854,151.854,160.0,100.0,6.232,6.0,1.0,0.002,1.0,0.075,6764.952977,0.308298,0.0,3163,1128271,1128271,1.0,1364,1364,1.0,95929,0,1,S8|M3_IMBALANCED|43|A|L1|F1,true,false,false,/home/cyfer/FYP/WSN_simulation_V3/runs/S8_4000/outputs_production_50seed_part41_45/run_campaign_v3_S8_M3_IMBALANCED_A_L1_F1_H4_seed043_43_20260602_122311
campaign_v3_S8_M3_IMBALANCED_A_L1_F1_H4_seed044,campaign_v3_S8_M3_IMBALANCED_A_L1_F1_H4_seed044_44_20260602_122623,S8,4000,160,5,M3_IMBALANCED,44,A,L1,F1,H4,V3,map_S8_M3_IMBALANCED_seed044,18b4598f5a3028cd0ec09a26c8ad08cf2825d0f3e046e28774c6cada8d46f5d4,238.304,447.671,188.72,354.024,25,1347,5.724,0.0862,60.0,31.658,91.658,151.658,160.0,100.0,6.384,6.0,1.0,0.004,1.0,0.124,6738.841792,0.314846,0.0,3151,1127944,1127944,1.0,1391,1391,1.0,95904,0,1,S8|M3_IMBALANCED|44|A|L1|F1,true,false,false,/home/cyfer/FYP/WSN_simulation_V3/runs/S8_4000/outputs_production_50seed_part41_45/run_campaign_v3_S8_M3_IMBALANCED_A_L1_F1_H4_seed044_44_20260602_122623
campaign_v3_S8_M3_IMBALANCED_A_L1_F1_H4_seed045,campaign_v3_S8_M3_IMBALANCED_A_L1_F1_H4_seed045_45_20260602_122936,S8,4000,160,5,M3_IMBALANCED,45,A,L1,F1,H4,V3,map_S8_M3_IMBALANCED_seed045,b5e4ae07e381292748632709e6d87c74f8d1690b45e6bbdd0b24af35b9949bcc,242.612,452.382,184.251,334.016,25,1083,5.053,0.0788,60.0,31.796,91.796,151.796,160.0,100.0,6.132,6.0,1.0,0.001,1.0,0.043,6747.152226,0.312726,0.0,3151,1128598,1128598,1.0,1391,1391,1.0,95954,0,1,S8|M3_IMBALANCED|45|A|L1|F1,true,false,false,/home/cyfer/FYP/WSN_simulation_V3/runs/S8_4000/outputs_production_50seed_part41_45/run_campaign_v3_S8_M3_IMBALANCED_A_L1_F1_H4_seed045_45_20260602_122936
campaign_v3_S8_M3_IMBALANCED_A_L1_F2_H0_seed041,campaign_v3_S8_M3_IMBALANCED_A_L1_F2_H0_seed041_41_20260602_121624,S8,4000,160,5,M3_IMBALANCED,41,A,L1,F2,H0,V2,map_S8_M3_IMBALANCED_seed041,1e9306d540fd3664839fa3db1c6334e1a1477505f877548ef83e1e59071baecc,240.17,427.3,185.805,362.941,25,1397,5.6535,0.083,60.0,-1.0,-1.0,-1.0,-1.0,-1.0,0.0,0.0,0.0,0.0,0.0,0.0,6738.247734,0.315438,0.0,3150,1128255,1128255,1.0,1405,1405,1.0,96015,1,0,S8|M3_IMBALANCED|41|A|L1|F2,false,false,true,/home/cyfer/FYP/WSN_simulation_V3/runs/S8_4000/outputs_production_50seed_part41_45/run_campaign_v3_S8_M3_IMBALANCED_A_L1_F2_H0_seed041_41_20260602_121624
campaign_v3_S8_M3_IMBALANCED_A_L1_F2_H0_seed042,campaign_v3_S8_M3_IMBALANCED_A_L1_F2_H0_seed042_42_20260602_121938,S8,4000,160,5,M3_IMBALANCED,42,A,L1,F2,H0,V2,map_S8_M3_IMBALANCED_seed042,7030c1dbddf42a593d11772ab10ebc977f9528e58bbff6bdc5d071c69f0e6540,247.056,427.137,185.432,343.244,25,1524,5.7443,0.0712,60.0,-1.0,-1.0,-1.0,-1.0,-1.0,0.0,0.0,0.0,0.0,0.0,0.0,6784.262585,0.303934,0.0,3175,1128725,1128725,1.0,1369,1369,1.0,96005,1,0,S8|M3_IMBALANCED|42|A|L1|F2,false,false,true,/home/cyfer/FYP/WSN_simulation_V3/runs/S8_4000/outputs_production_50seed_part41_45/run_campaign_v3_S8_M3_IMBALANCED_A_L1_F2_H0_seed042_42_20260602_121938
campaign_v3_S8_M3_IMBALANCED_A_L1_F2_H0_seed043,campaign_v3_S8_M3_IMBALANCED_A_L1_F2_H0_seed043_43_20260602_122256,S8,4000,160,5,M3_IMBALANCED,43,A,L1,F2,H0,V2,map_S8_M3_IMBALANCED_seed043,ccc22e4ef8c1397a0f4469b6e93dfc0a6ade3f7c90b8695a2752d85a3345281d,237.573,435.001,189.276,361.756,25,1484,5.7363,0.0767,60.0,-1.0,-1.0,-1.0,-1.0,-1.0,0.0,0.0,0.0,0.0,0.0,0.0,6764.820959,0.308795,0.0,3162,1128255,1128255,1.0,1360,1360,1.0,96015,1,0,S8|M3_IMBALANCED|43|A|L1|F2,false,false,true,/home/cyfer/FYP/WSN_simulation_V3/runs/S8_4000/outputs_production_50seed_part41_45/run_campaign_v3_S8_M3_IMBALANCED_A_L1_F2_H0_seed043_43_20260602_122256
campaign_v3_S8_M3_IMBALANCED_A_L1_F2_H0_seed044,campaign_v3_S8_M3_IMBALANCED_A_L1_F2_H0_seed044_44_20260602_122608,S8,4000,160,5,M3_IMBALANCED,44,A,L1,F2,H0,V2,map_S8_M3_IMBALANCED_seed044,18b4598f5a3028cd0ec09a26c8ad08cf2825d0f3e046e28774c6cada8d46f5d4,238.304,447.671,188.72,354.024,25,1347,5.724,0.0862,60.0,-1.0,-1.0,-1.0,-1.0,-1.0,0.0,0.0,0.0,0.0,0.0,0.0,6738.774331,0.315306,0.0,3150,1128020,1128020,1.0,1387,1387,1.0,96020,1,0,S8|M3_IMBALANCED|44|A|L1|F2,false,false,true,/home/cyfer/FYP/WSN_simulation_V3/runs/S8_4000/outputs_production_50seed_part41_45/run_campaign_v3_S8_M3_IMBALANCED_A_L1_F2_H0_seed044_44_20260602_122608
campaign_v3_S8_M3_IMBALANCED_A_L1_F2_H0_seed045,campaign_v3_S8_M3_IMBALANCED_A_L1_F2_H0_seed045_45_20260602_122920,S8,4000,160,5,M3_IMBALANCED,45,A,L1,F2,H0,V2,map_S8_M3_IMBALANCED_seed045,b5e4ae07e381292748632709e6d87c74f8d1690b45e6bbdd0b24af35b9949bcc,242.612,452.382,184.251,334.016,25,1083,5.053,0.0788,60.0,-1.0,-1.0,-1.0,-1.0,-1.0,0.0,0.0,0.0,0.0,0.0,0.0,6747.14427,0.313214,0.0,3150,1128490,1128490,1.0,1387,1387,1.0,96010,1,0,S8|M3_IMBALANCED|45|A|L1|F2,false,false,true,/home/cyfer/FYP/WSN_simulation_V3/runs/S8_4000/outputs_production_50seed_part41_45/run_campaign_v3_S8_M3_IMBALANCED_A_L1_F2_H0_seed045_45_20260602_122920
campaign_v3_S8_M3_IMBALANCED_A_L1_F2_H1_seed041,campaign_v3_S8_M3_IMBALANCED_A_L1_F2_H1_seed041_41_20260602_121644,S8,4000,160,5,M3_IMBALANCED,41,A,L1,F2,H1,V3,map_S8_M3_IMBALANCED_seed041,1e9306d540fd3664839fa3db1c6334e1a1477505f877548ef83e1e59071baecc,240.17,427.3,185.805,362.941,25,1397,5.6535,0.083,60.0,26.757,86.757,146.757,150.0,90.0,3.563,6.0,1.0,0.002,0.073,0.113,6739.15109,0.315212,0.0,3150,1128699,1128699,1.0,1410,1410,1.0,96000,0,1,S8|M3_IMBALANCED|41|A|L1|F2,true,false,false,/home/cyfer/FYP/WSN_simulation_V3/runs/S8_4000/outputs_production_50seed_part41_45/run_campaign_v3_S8_M3_IMBALANCED_A_L1_F2_H1_seed041_41_20260602_121644
campaign_v3_S8_M3_IMBALANCED_A_L1_F2_H1_seed042,campaign_v3_S8_M3_IMBALANCED_A_L1_F2_H1_seed042_42_20260602_122001,S8,4000,160,5,M3_IMBALANCED,42,A,L1,F2,H1,V3,map_S8_M3_IMBALANCED_seed042,7030c1dbddf42a593d11772ab10ebc977f9528e58bbff6bdc5d071c69f0e6540,247.056,427.137,185.432,343.244,25,1524,5.7443,0.0712,60.0,27.108,87.108,147.108,150.0,90.0,3.163,6.0,1.0,0.001,0.025,0.029,6784.507621,0.303873,0.0,3175,1128872,1128872,1.0,1374,1374,1.0,96000,0,1,S8|M3_IMBALANCED|42|A|L1|F2,true,false,false,/home/cyfer/FYP/WSN_simulation_V3/runs/S8_4000/outputs_production_50seed_part41_45/run_campaign_v3_S8_M3_IMBALANCED_A_L1_F2_H1_seed042_42_20260602_122001
campaign_v3_S8_M3_IMBALANCED_A_L1_F2_H1_seed043,campaign_v3_S8_M3_IMBALANCED_A_L1_F2_H1_seed043_43_20260602_122315,S8,4000,160,5,M3_IMBALANCED,43,A,L1,F2,H1,V3,map_S8_M3_IMBALANCED_seed043,ccc22e4ef8c1397a0f4469b6e93dfc0a6ade3f7c90b8695a2752d85a3345281d,237.573,435.001,189.276,361.756,25,1484,5.7363,0.0767,60.0,27.39,87.39,147.39,150.0,90.0,3.576,6.0,1.0,0.002,0.078,0.112,6766.182657,0.308454,0.0,3162,1128696,1128696,1.0,1365,1365,1.0,96000,0,1,S8|M3_IMBALANCED|43|A|L1|F2,true,false,false,/home/cyfer/FYP/WSN_simulation_V3/runs/S8_4000/outputs_production_50seed_part41_45/run_campaign_v3_S8_M3_IMBALANCED_A_L1_F2_H1_seed043_43_20260602_122315
campaign_v3_S8_M3_IMBALANCED_A_L1_F2_H1_seed044,campaign_v3_S8_M3_IMBALANCED_A_L1_F2_H1_seed044_44_20260602_122627,S8,4000,160,5,M3_IMBALANCED,44,A,L1,F2,H1,V3,map_S8_M3_IMBALANCED_seed044,18b4598f5a3028cd0ec09a26c8ad08cf2825d0f3e046e28774c6cada8d46f5d4,238.304,447.671,188.72,354.024,25,1347,5.724,0.0862,60.0,27.851,87.851,147.851,150.0,90.0,3.893,6.0,1.0,0.003,0.098,0.196,6740.206322,0.314948,0.0,3150,1128608,1128608,1.0,1392,1392,1.0,96000,0,1,S8|M3_IMBALANCED|44|A|L1|F2,true,false,false,/home/cyfer/FYP/WSN_simulation_V3/runs/S8_4000/outputs_production_50seed_part41_45/run_campaign_v3_S8_M3_IMBALANCED_A_L1_F2_H1_seed044_44_20260602_122627
campaign_v3_S8_M3_IMBALANCED_A_L1_F2_H1_seed045,campaign_v3_S8_M3_IMBALANCED_A_L1_F2_H1_seed045_45_20260602_122940,S8,4000,160,5,M3_IMBALANCED,45,A,L1,F2,H1,V3,map_S8_M3_IMBALANCED_seed045,b5e4ae07e381292748632709e6d87c74f8d1690b45e6bbdd0b24af35b9949bcc,242.612,452.382,184.251,334.016,25,1083,5.053,0.0788,60.0,26.529,86.529,146.529,150.0,90.0,3.456,6.0,1.0,0.002,0.048,0.102,6747.816063,0.313046,0.0,3150,1128786,1128786,1.0,1392,1392,1.0,96000,0,1,S8|M3_IMBALANCED|45|A|L1|F2,true,false,false,/home/cyfer/FYP/WSN_simulation_V3/runs/S8_4000/outputs_production_50seed_part41_45/run_campaign_v3_S8_M3_IMBALANCED_A_L1_F2_H1_seed045_45_20260602_122940
campaign_v3_S8_M3_IMBALANCED_A_L1_F2_H3_seed041,campaign_v3_S8_M3_IMBALANCED_A_L1_F2_H3_seed041_41_20260602_121646,S8,4000,160,5,M3_IMBALANCED,41,A,L1,F2,H3,V3,map_S8_M3_IMBALANCED_seed041,1e9306d540fd3664839fa3db1c6334e1a1477505f877548ef83e1e59071baecc,240.17,427.3,185.805,362.941,25,1397,5.6535,0.083,60.0,33.382,93.382,153.382,160.0,100.0,3.563,6.0,1.0,0.002,0.073,0.113,6738.789434,0.315303,0.0,3150,1128537,1128537,1.0,1409,1409,1.0,95975,0,1,S8|M3_IMBALANCED|41|A|L1|F2,true,false,false,/home/cyfer/FYP/WSN_simulation_V3/runs/S8_4000/outputs_production_50seed_part41_45/run_campaign_v3_S8_M3_IMBALANCED_A_L1_F2_H3_seed041_41_20260602_121646
campaign_v3_S8_M3_IMBALANCED_A_L1_F2_H3_seed042,campaign_v3_S8_M3_IMBALANCED_A_L1_F2_H3_seed042_42_20260602_122004,S8,4000,160,5,M3_IMBALANCED,42,A,L1,F2,H3,V3,map_S8_M3_IMBALANCED_seed042,7030c1dbddf42a593d11772ab10ebc977f9528e58bbff6bdc5d071c69f0e6540,247.056,427.137,185.432,343.244,25,1524,5.7443,0.0712,60.0,32.331,92.331,152.331,160.0,100.0,3.163,6.0,1.0,0.001,0.025,0.029,6784.495414,0.303876,0.0,3175,1128867,1128867,1.0,1373,1373,1.0,96000,0,1,S8|M3_IMBALANCED|42|A|L1|F2,true,false,false,/home/cyfer/FYP/WSN_simulation_V3/runs/S8_4000/outputs_production_50seed_part41_45/run_campaign_v3_S8_M3_IMBALANCED_A_L1_F2_H3_seed042_42_20260602_122004
campaign_v3_S8_M3_IMBALANCED_A_L1_F2_H3_seed043,campaign_v3_S8_M3_IMBALANCED_A_L1_F2_H3_seed043_43_20260602_122317,S8,4000,160,5,M3_IMBALANCED,43,A,L1,F2,H3,V3,map_S8_M3_IMBALANCED_seed043,ccc22e4ef8c1397a0f4469b6e93dfc0a6ade3f7c90b8695a2752d85a3345281d,237.573,435.001,189.276,361.756,25,1484,5.7363,0.0767,60.0,33.474,93.474,153.474,160.0,100.0,3.576,6.0,1.0,0.002,0.078,0.112,6765.914534,0.308521,0.0,3162,1128537,1128537,1.0,1364,1364,1.0,95975,0,1,S8|M3_IMBALANCED|43|A|L1|F2,true,false,false,/home/cyfer/FYP/WSN_simulation_V3/runs/S8_4000/outputs_production_50seed_part41_45/run_campaign_v3_S8_M3_IMBALANCED_A_L1_F2_H3_seed043_43_20260602_122317
campaign_v3_S8_M3_IMBALANCED_A_L1_F2_H3_seed044,campaign_v3_S8_M3_IMBALANCED_A_L1_F2_H3_seed044_44_20260602_122630,S8,4000,160,5,M3_IMBALANCED,44,A,L1,F2,H3,V3,map_S8_M3_IMBALANCED_seed044,18b4598f5a3028cd0ec09a26c8ad08cf2825d0f3e046e28774c6cada8d46f5d4,238.304,447.671,188.72,354.024,25,1347,5.724,0.0862,60.0,33.239,93.239,153.239,160.0,100.0,3.893,6.0,1.0,0.003,0.098,0.196,6739.66713,0.315083,0.0,3150,1128302,1128302,1.0,1391,1391,1.0,95950,0,1,S8|M3_IMBALANCED|44|A|L1|F2,true,false,false,/home/cyfer/FYP/WSN_simulation_V3/runs/S8_4000/outputs_production_50seed_part41_45/run_campaign_v3_S8_M3_IMBALANCED_A_L1_F2_H3_seed044_44_20260602_122630
campaign_v3_S8_M3_IMBALANCED_A_L1_F2_H3_seed045,campaign_v3_S8_M3_IMBALANCED_A_L1_F2_H3_seed045_45_20260602_122942,S8,4000,160,5,M3_IMBALANCED,45,A,L1,F2,H3,V3,map_S8_M3_IMBALANCED_seed045,b5e4ae07e381292748632709e6d87c74f8d1690b45e6bbdd0b24af35b9949bcc,242.612,452.382,184.251,334.016,25,1083,5.053,0.0788,60.0,32.896,92.896,152.896,160.0,100.0,3.456,6.0,1.0,0.002,0.048,0.102,6747.393633,0.313152,0.0,3150,1128632,1128632,1.0,1391,1391,1.0,95975,0,1,S8|M3_IMBALANCED|45|A|L1|F2,true,false,false,/home/cyfer/FYP/WSN_simulation_V3/runs/S8_4000/outputs_production_50seed_part41_45/run_campaign_v3_S8_M3_IMBALANCED_A_L1_F2_H3_seed045_45_20260602_122942
campaign_v3_S8_M3_IMBALANCED_A_L1_F2_H4_seed041,campaign_v3_S8_M3_IMBALANCED_A_L1_F2_H4_seed041_41_20260602_121648,S8,4000,160,5,M3_IMBALANCED,41,A,L1,F2,H4,V3,map_S8_M3_IMBALANCED_seed041,1e9306d540fd3664839fa3db1c6334e1a1477505f877548ef83e1e59071baecc,240.17,427.3,185.805,362.941,25,1397,5.6535,0.083,60.0,37.228,97.228,157.228,160.0,100.0,3.563,6.0,1.0,0.002,0.073,0.113,6739.07914,0.31523,0.0,3150,1128666,1128666,1.0,1409,1409,1.0,96000,0,1,S8|M3_IMBALANCED|41|A|L1|F2,true,false,false,/home/cyfer/FYP/WSN_simulation_V3/runs/S8_4000/outputs_production_50seed_part41_45/run_campaign_v3_S8_M3_IMBALANCED_A_L1_F2_H4_seed041_41_20260602_121648
campaign_v3_S8_M3_IMBALANCED_A_L1_F2_H4_seed042,campaign_v3_S8_M3_IMBALANCED_A_L1_F2_H4_seed042_42_20260602_122006,S8,4000,160,5,M3_IMBALANCED,42,A,L1,F2,H4,V3,map_S8_M3_IMBALANCED_seed042,7030c1dbddf42a593d11772ab10ebc977f9528e58bbff6bdc5d071c69f0e6540,247.056,427.137,185.432,343.244,25,1524,5.7443,0.0712,60.0,37.066,97.066,157.066,160.0,100.0,3.163,6.0,1.0,0.001,0.025,0.029,6784.487914,0.303878,0.0,3175,1128862,1128862,1.0,1373,1373,1.0,96000,0,1,S8|M3_IMBALANCED|42|A|L1|F2,true,false,false,/home/cyfer/FYP/WSN_simulation_V3/runs/S8_4000/outputs_production_50seed_part41_45/run_campaign_v3_S8_M3_IMBALANCED_A_L1_F2_H4_seed042_42_20260602_122006
campaign_v3_S8_M3_IMBALANCED_A_L1_F2_H4_seed043,campaign_v3_S8_M3_IMBALANCED_A_L1_F2_H4_seed043_43_20260602_122320,S8,4000,160,5,M3_IMBALANCED,43,A,L1,F2,H4,V3,map_S8_M3_IMBALANCED_seed043,ccc22e4ef8c1397a0f4469b6e93dfc0a6ade3f7c90b8695a2752d85a3345281d,237.573,435.001,189.276,361.756,25,1484,5.7363,0.0767,60.0,37.387,97.387,157.387,160.0,100.0,3.576,6.0,1.0,0.002,0.078,0.112,6766.085116,0.308479,0.0,3162,1128666,1128666,1.0,1364,1364,1.0,96000,0,1,S8|M3_IMBALANCED|43|A|L1|F2,true,false,false,/home/cyfer/FYP/WSN_simulation_V3/runs/S8_4000/outputs_production_50seed_part41_45/run_campaign_v3_S8_M3_IMBALANCED_A_L1_F2_H4_seed043_43_20260602_122320
campaign_v3_S8_M3_IMBALANCED_A_L1_F2_H4_seed044,campaign_v3_S8_M3_IMBALANCED_A_L1_F2_H4_seed044_44_20260602_122632,S8,4000,160,5,M3_IMBALANCED,44,A,L1,F2,H4,V3,map_S8_M3_IMBALANCED_seed044,18b4598f5a3028cd0ec09a26c8ad08cf2825d0f3e046e28774c6cada8d46f5d4,238.304,447.671,188.72,354.024,25,1347,5.724,0.0862,60.0,37.107,97.107,157.107,160.0,100.0,3.893,6.0,1.0,0.003,0.098,0.196,6740.101666,0.314975,0.0,3150,1128568,1128568,1.0,1391,1391,1.0,96000,0,1,S8|M3_IMBALANCED|44|A|L1|F2,true,false,false,/home/cyfer/FYP/WSN_simulation_V3/runs/S8_4000/outputs_production_50seed_part41_45/run_campaign_v3_S8_M3_IMBALANCED_A_L1_F2_H4_seed044_44_20260602_122632
campaign_v3_S8_M3_IMBALANCED_A_L1_F2_H4_seed045,campaign_v3_S8_M3_IMBALANCED_A_L1_F2_H4_seed045_45_20260602_122944,S8,4000,160,5,M3_IMBALANCED,45,A,L1,F2,H4,V3,map_S8_M3_IMBALANCED_seed045,b5e4ae07e381292748632709e6d87c74f8d1690b45e6bbdd0b24af35b9949bcc,242.612,452.382,184.251,334.016,25,1083,5.053,0.0788,60.0,37.449,97.449,157.449,160.0,100.0,3.456,6.0,1.0,0.002,0.048,0.102,6747.761668,0.31306,0.0,3150,1128764,1128764,1.0,1391,1391,1.0,96000,0,1,S8|M3_IMBALANCED|45|A|L1|F2,true,false,false,/home/cyfer/FYP/WSN_simulation_V3/runs/S8_4000/outputs_production_50seed_part41_45/run_campaign_v3_S8_M3_IMBALANCED_A_L1_F2_H4_seed045_45_20260602_122944
campaign_v3_S8_M3_IMBALANCED_A_L1_F3_H0_seed041,campaign_v3_S8_M3_IMBALANCED_A_L1_F3_H0_seed041_41_20260602_121626,S8,4000,160,5,M3_IMBALANCED,41,A,L1,F3,H0,V2,map_S8_M3_IMBALANCED_seed041,1e9306d540fd3664839fa3db1c6334e1a1477505f877548ef83e1e59071baecc,240.17,427.3,185.805,362.941,25,1397,5.6535,0.083,60.0,-1.0,-1.0,-1.0,-1.0,-1.0,0.0,0.0,0.0,0.0,0.0,0.0,6737.674395,0.315581,0.0,3150,1128020,1128020,1.0,1405,1405,1.0,96020,1,0,S8|M3_IMBALANCED|41|A|L1|F3,false,false,true,/home/cyfer/FYP/WSN_simulation_V3/runs/S8_4000/outputs_production_50seed_part41_45/run_campaign_v3_S8_M3_IMBALANCED_A_L1_F3_H0_seed041_41_20260602_121626
campaign_v3_S8_M3_IMBALANCED_A_L1_F3_H0_seed042,campaign_v3_S8_M3_IMBALANCED_A_L1_F3_H0_seed042_42_20260602_121940,S8,4000,160,5,M3_IMBALANCED,42,A,L1,F3,H0,V2,map_S8_M3_IMBALANCED_seed042,7030c1dbddf42a593d11772ab10ebc977f9528e58bbff6bdc5d071c69f0e6540,247.056,427.137,185.432,343.244,25,1524,5.7443,0.0712,60.0,-1.0,-1.0,-1.0,-1.0,-1.0,0.0,0.0,0.0,0.0,0.0,0.0,6772.533766,0.306867,0.0,3173,1125670,1125670,1.0,1369,1369,1.0,96070,1,0,S8|M3_IMBALANCED|42|A|L1|F3,false,false,true,/home/cyfer/FYP/WSN_simulation_V3/runs/S8_4000/outputs_production_50seed_part41_45/run_campaign_v3_S8_M3_IMBALANCED_A_L1_F3_H0_seed042_42_20260602_121940
campaign_v3_S8_M3_IMBALANCED_A_L1_F3_H0_seed043,campaign_v3_S8_M3_IMBALANCED_A_L1_F3_H0_seed043_43_20260602_122258,S8,4000,160,5,M3_IMBALANCED,43,A,L1,F3,H0,V2,map_S8_M3_IMBALANCED_seed043,ccc22e4ef8c1397a0f4469b6e93dfc0a6ade3f7c90b8695a2752d85a3345281d,237.573,435.001,189.276,361.756,25,1484,5.7363,0.0767,60.0,-1.0,-1.0,-1.0,-1.0,-1.0,0.0,0.0,0.0,0.0,0.0,0.0,6762.399383,0.3094,0.0,3161,1127080,1127080,1.0,1360,1360,1.0,96040,1,0,S8|M3_IMBALANCED|43|A|L1|F3,false,false,true,/home/cyfer/FYP/WSN_simulation_V3/runs/S8_4000/outputs_production_50seed_part41_45/run_campaign_v3_S8_M3_IMBALANCED_A_L1_F3_H0_seed043_43_20260602_122258
campaign_v3_S8_M3_IMBALANCED_A_L1_F3_H0_seed044,campaign_v3_S8_M3_IMBALANCED_A_L1_F3_H0_seed044_44_20260602_122610,S8,4000,160,5,M3_IMBALANCED,44,A,L1,F3,H0,V2,map_S8_M3_IMBALANCED_seed044,18b4598f5a3028cd0ec09a26c8ad08cf2825d0f3e046e28774c6cada8d46f5d4,238.304,447.671,188.72,354.024,25,1347,5.724,0.0862,60.0,-1.0,-1.0,-1.0,-1.0,-1.0,0.0,0.0,0.0,0.0,0.0,0.0,6738.948876,0.315263,0.0,3150,1128020,1128020,1.0,1387,1387,1.0,96020,1,0,S8|M3_IMBALANCED|44|A|L1|F3,false,false,true,/home/cyfer/FYP/WSN_simulation_V3/runs/S8_4000/outputs_production_50seed_part41_45/run_campaign_v3_S8_M3_IMBALANCED_A_L1_F3_H0_seed044_44_20260602_122610
campaign_v3_S8_M3_IMBALANCED_A_L1_F3_H0_seed045,campaign_v3_S8_M3_IMBALANCED_A_L1_F3_H0_seed045_45_20260602_122922,S8,4000,160,5,M3_IMBALANCED,45,A,L1,F3,H0,V2,map_S8_M3_IMBALANCED_seed045,b5e4ae07e381292748632709e6d87c74f8d1690b45e6bbdd0b24af35b9949bcc,242.612,452.382,184.251,334.016,25,1083,5.053,0.0788,60.0,-1.0,-1.0,-1.0,-1.0,-1.0,0.0,0.0,0.0,0.0,0.0,0.0,6747.191197,0.313202,0.0,3150,1128490,1128490,1.0,1387,1387,1.0,96010,1,0,S8|M3_IMBALANCED|45|A|L1|F3,false,false,true,/home/cyfer/FYP/WSN_simulation_V3/runs/S8_4000/outputs_production_50seed_part41_45/run_campaign_v3_S8_M3_IMBALANCED_A_L1_F3_H0_seed045_45_20260602_122922
campaign_v3_S8_M3_IMBALANCED_A_L1_F3_H1_seed041,campaign_v3_S8_M3_IMBALANCED_A_L1_F3_H1_seed041_41_20260602_121651,S8,4000,160,5,M3_IMBALANCED,41,A,L1,F3,H1,V3,map_S8_M3_IMBALANCED_seed041,1e9306d540fd3664839fa3db1c6334e1a1477505f877548ef83e1e59071baecc,240.17,427.3,185.805,362.941,25,1397,5.6535,0.083,60.0,30.991,90.991,150.991,160.0,100.0,3.721,6.0,1.0,0.003,0.097,0.141,6737.763703,0.315559,0.0,3150,1128036,1128036,1.0,1409,1409,1.0,95904,0,1,S8|M3_IMBALANCED|41|A|L1|F3,true,false,false,/home/cyfer/FYP/WSN_simulation_V3/runs/S8_4000/outputs_production_50seed_part41_45/run_campaign_v3_S8_M3_IMBALANCED_A_L1_F3_H1_seed041_41_20260602_121651
campaign_v3_S8_M3_IMBALANCED_A_L1_F3_H1_seed042,campaign_v3_S8_M3_IMBALANCED_A_L1_F3_H1_seed042_42_20260602_122008,S8,4000,160,5,M3_IMBALANCED,42,A,L1,F3,H1,V3,map_S8_M3_IMBALANCED_seed042,7030c1dbddf42a593d11772ab10ebc977f9528e58bbff6bdc5d071c69f0e6540,247.056,427.137,185.432,343.244,25,1524,5.7443,0.0712,60.0,32.052,92.052,152.052,160.0,100.0,4.713,6.0,1.0,0.009,0.449,0.113,6772.733779,0.306817,0.0,3173,1125686,1125686,1.0,1373,1373,1.0,95654,0,1,S8|M3_IMBALANCED|42|A|L1|F3,true,false,false,/home/cyfer/FYP/WSN_simulation_V3/runs/S8_4000/outputs_production_50seed_part41_45/run_campaign_v3_S8_M3_IMBALANCED_A_L1_F3_H1_seed042_42_20260602_122008
campaign_v3_S8_M3_IMBALANCED_A_L1_F3_H1_seed043,campaign_v3_S8_M3_IMBALANCED_A_L1_F3_H1_seed043_43_20260602_122322,S8,4000,160,5,M3_IMBALANCED,43,A,L1,F3,H1,V3,map_S8_M3_IMBALANCED_seed043,ccc22e4ef8c1397a0f4469b6e93dfc0a6ade3f7c90b8695a2752d85a3345281d,237.573,435.001,189.276,361.756,25,1484,5.7363,0.0767,60.0,31.767,91.767,151.767,160.0,100.0,3.855,6.0,1.0,0.005,0.186,0.094,6762.505027,0.309374,0.0,3161,1127096,1127096,1.0,1364,1364,1.0,95804,0,1,S8|M3_IMBALANCED|43|A|L1|F3,true,false,false,/home/cyfer/FYP/WSN_simulation_V3/runs/S8_4000/outputs_production_50seed_part41_45/run_campaign_v3_S8_M3_IMBALANCED_A_L1_F3_H1_seed043_43_20260602_122322
campaign_v3_S8_M3_IMBALANCED_A_L1_F3_H1_seed044,campaign_v3_S8_M3_IMBALANCED_A_L1_F3_H1_seed044_44_20260602_122634,S8,4000,160,5,M3_IMBALANCED,44,A,L1,F3,H1,V3,map_S8_M3_IMBALANCED_seed044,18b4598f5a3028cd0ec09a26c8ad08cf2825d0f3e046e28774c6cada8d46f5d4,238.304,447.671,188.72,354.024,25,1347,5.724,0.0862,60.0,31.569,91.569,151.569,160.0,100.0,3.769,6.0,1.0,0.003,0.094,0.16,6739.044071,0.315239,0.0,3150,1128036,1128036,1.0,1391,1391,1.0,95904,0,1,S8|M3_IMBALANCED|44|A|L1|F3,true,false,false,/home/cyfer/FYP/WSN_simulation_V3/runs/S8_4000/outputs_production_50seed_part41_45/run_campaign_v3_S8_M3_IMBALANCED_A_L1_F3_H1_seed044_44_20260602_122634
campaign_v3_S8_M3_IMBALANCED_A_L1_F3_H1_seed045,campaign_v3_S8_M3_IMBALANCED_A_L1_F3_H1_seed045_45_20260602_122947,S8,4000,160,5,M3_IMBALANCED,45,A,L1,F3,H1,V3,map_S8_M3_IMBALANCED_seed045,b5e4ae07e381292748632709e6d87c74f8d1690b45e6bbdd0b24af35b9949bcc,242.612,452.382,184.251,334.016,25,1083,5.053,0.0788,60.0,30.94,90.94,150.94,160.0,100.0,3.671,6.0,1.0,0.002,0.047,0.175,6747.273476,0.313182,0.0,3150,1128506,1128506,1.0,1391,1391,1.0,95954,0,1,S8|M3_IMBALANCED|45|A|L1|F3,true,false,false,/home/cyfer/FYP/WSN_simulation_V3/runs/S8_4000/outputs_production_50seed_part41_45/run_campaign_v3_S8_M3_IMBALANCED_A_L1_F3_H1_seed045_45_20260602_122947
campaign_v3_S8_M3_IMBALANCED_A_L1_F3_H3_seed041,campaign_v3_S8_M3_IMBALANCED_A_L1_F3_H3_seed041_41_20260602_121653,S8,4000,160,5,M3_IMBALANCED,41,A,L1,F3,H3,V3,map_S8_M3_IMBALANCED_seed041,1e9306d540fd3664839fa3db1c6334e1a1477505f877548ef83e1e59071baecc,240.17,427.3,185.805,362.941,25,1397,5.6535,0.083,60.0,37.122,97.122,157.122,160.0,100.0,3.721,6.0,1.0,0.003,0.097,0.141,6737.770114,0.315557,0.0,3150,1128036,1128036,1.0,1409,1409,1.0,95904,0,1,S8|M3_IMBALANCED|41|A|L1|F3,true,false,false,/home/cyfer/FYP/WSN_simulation_V3/runs/S8_4000/outputs_production_50seed_part41_45/run_campaign_v3_S8_M3_IMBALANCED_A_L1_F3_H3_seed041_41_20260602_121653
campaign_v3_S8_M3_IMBALANCED_A_L1_F3_H3_seed042,campaign_v3_S8_M3_IMBALANCED_A_L1_F3_H3_seed042_42_20260602_122011,S8,4000,160,5,M3_IMBALANCED,42,A,L1,F3,H3,V3,map_S8_M3_IMBALANCED_seed042,7030c1dbddf42a593d11772ab10ebc977f9528e58bbff6bdc5d071c69f0e6540,247.056,427.137,185.432,343.244,25,1524,5.7443,0.0712,60.0,38.37,98.37,158.37,160.0,100.0,4.713,6.0,1.0,0.009,0.449,0.113,6772.728868,0.306818,0.0,3173,1125686,1125686,1.0,1373,1373,1.0,95654,0,1,S8|M3_IMBALANCED|42|A|L1|F3,true,false,false,/home/cyfer/FYP/WSN_simulation_V3/runs/S8_4000/outputs_production_50seed_part41_45/run_campaign_v3_S8_M3_IMBALANCED_A_L1_F3_H3_seed042_42_20260602_122011
campaign_v3_S8_M3_IMBALANCED_A_L1_F3_H3_seed043,campaign_v3_S8_M3_IMBALANCED_A_L1_F3_H3_seed043_43_20260602_122324,S8,4000,160,5,M3_IMBALANCED,43,A,L1,F3,H3,V3,map_S8_M3_IMBALANCED_seed043,ccc22e4ef8c1397a0f4469b6e93dfc0a6ade3f7c90b8695a2752d85a3345281d,237.573,435.001,189.276,361.756,25,1484,5.7363,0.0767,60.0,37.37,97.37,157.37,160.0,100.0,3.855,6.0,1.0,0.005,0.186,0.094,6762.510501,0.309372,0.0,3161,1127096,1127096,1.0,1364,1364,1.0,95804,0,1,S8|M3_IMBALANCED|43|A|L1|F3,true,false,false,/home/cyfer/FYP/WSN_simulation_V3/runs/S8_4000/outputs_production_50seed_part41_45/run_campaign_v3_S8_M3_IMBALANCED_A_L1_F3_H3_seed043_43_20260602_122324
campaign_v3_S8_M3_IMBALANCED_A_L1_F3_H3_seed044,campaign_v3_S8_M3_IMBALANCED_A_L1_F3_H3_seed044_44_20260602_122636,S8,4000,160,5,M3_IMBALANCED,44,A,L1,F3,H3,V3,map_S8_M3_IMBALANCED_seed044,18b4598f5a3028cd0ec09a26c8ad08cf2825d0f3e046e28774c6cada8d46f5d4,238.304,447.671,188.72,354.024,25,1347,5.724,0.0862,60.0,37.492,97.492,157.492,160.0,100.0,3.769,6.0,1.0,0.003,0.094,0.16,6739.040059,0.31524,0.0,3150,1128036,1128036,1.0,1391,1391,1.0,95904,0,1,S8|M3_IMBALANCED|44|A|L1|F3,true,false,false,/home/cyfer/FYP/WSN_simulation_V3/runs/S8_4000/outputs_production_50seed_part41_45/run_campaign_v3_S8_M3_IMBALANCED_A_L1_F3_H3_seed044_44_20260602_122636
campaign_v3_S8_M3_IMBALANCED_A_L1_F3_H3_seed045,campaign_v3_S8_M3_IMBALANCED_A_L1_F3_H3_seed045_45_20260602_122949,S8,4000,160,5,M3_IMBALANCED,45,A,L1,F3,H3,V3,map_S8_M3_IMBALANCED_seed045,b5e4ae07e381292748632709e6d87c74f8d1690b45e6bbdd0b24af35b9949bcc,242.612,452.382,184.251,334.016,25,1083,5.053,0.0788,60.0,37.197,97.197,157.197,160.0,100.0,3.671,6.0,1.0,0.002,0.047,0.175,6747.263603,0.313184,0.0,3150,1128506,1128506,1.0,1391,1391,1.0,95954,0,1,S8|M3_IMBALANCED|45|A|L1|F3,true,false,false,/home/cyfer/FYP/WSN_simulation_V3/runs/S8_4000/outputs_production_50seed_part41_45/run_campaign_v3_S8_M3_IMBALANCED_A_L1_F3_H3_seed045_45_20260602_122949
campaign_v3_S8_M3_IMBALANCED_A_L1_F3_H4_seed041,campaign_v3_S8_M3_IMBALANCED_A_L1_F3_H4_seed041_41_20260602_121655,S8,4000,160,5,M3_IMBALANCED,41,A,L1,F3,H4,V3,map_S8_M3_IMBALANCED_seed041,1e9306d540fd3664839fa3db1c6334e1a1477505f877548ef83e1e59071baecc,240.17,427.3,185.805,362.941,25,1397,5.6535,0.083,60.0,41.568,101.568,161.568,170.0,110.0,3.721,6.0,1.0,0.003,0.097,0.141,6737.763703,0.315559,0.0,3150,1128036,1128036,1.0,1409,1409,1.0,95904,0,1,S8|M3_IMBALANCED|41|A|L1|F3,true,false,false,/home/cyfer/FYP/WSN_simulation_V3/runs/S8_4000/outputs_production_50seed_part41_45/run_campaign_v3_S8_M3_IMBALANCED_A_L1_F3_H4_seed041_41_20260602_121655
campaign_v3_S8_M3_IMBALANCED_A_L1_F3_H4_seed042,campaign_v3_S8_M3_IMBALANCED_A_L1_F3_H4_seed042_42_20260602_122013,S8,4000,160,5,M3_IMBALANCED,42,A,L1,F3,H4,V3,map_S8_M3_IMBALANCED_seed042,7030c1dbddf42a593d11772ab10ebc977f9528e58bbff6bdc5d071c69f0e6540,247.056,427.137,185.432,343.244,25,1524,5.7443,0.0712,60.0,42.346,102.346,162.346,170.0,110.0,4.713,6.0,1.0,0.009,0.449,0.113,6772.733779,0.306817,0.0,3173,1125686,1125686,1.0,1373,1373,1.0,95654,0,1,S8|M3_IMBALANCED|42|A|L1|F3,true,false,false,/home/cyfer/FYP/WSN_simulation_V3/runs/S8_4000/outputs_production_50seed_part41_45/run_campaign_v3_S8_M3_IMBALANCED_A_L1_F3_H4_seed042_42_20260602_122013
campaign_v3_S8_M3_IMBALANCED_A_L1_F3_H4_seed043,campaign_v3_S8_M3_IMBALANCED_A_L1_F3_H4_seed043_43_20260602_122326,S8,4000,160,5,M3_IMBALANCED,43,A,L1,F3,H4,V3,map_S8_M3_IMBALANCED_seed043,ccc22e4ef8c1397a0f4469b6e93dfc0a6ade3f7c90b8695a2752d85a3345281d,237.573,435.001,189.276,361.756,25,1484,5.7363,0.0767,60.0,41.047,101.047,161.047,170.0,110.0,3.855,6.0,1.0,0.005,0.186,0.094,6762.505027,0.309374,0.0,3161,1127096,1127096,1.0,1364,1364,1.0,95804,0,1,S8|M3_IMBALANCED|43|A|L1|F3,true,false,false,/home/cyfer/FYP/WSN_simulation_V3/runs/S8_4000/outputs_production_50seed_part41_45/run_campaign_v3_S8_M3_IMBALANCED_A_L1_F3_H4_seed043_43_20260602_122326
campaign_v3_S8_M3_IMBALANCED_A_L1_F3_H4_seed044,campaign_v3_S8_M3_IMBALANCED_A_L1_F3_H4_seed044_44_20260602_122639,S8,4000,160,5,M3_IMBALANCED,44,A,L1,F3,H4,V3,map_S8_M3_IMBALANCED_seed044,18b4598f5a3028cd0ec09a26c8ad08cf2825d0f3e046e28774c6cada8d46f5d4,238.304,447.671,188.72,354.024,25,1347,5.724,0.0862,60.0,41.467,101.467,161.467,170.0,110.0,3.769,6.0,1.0,0.003,0.094,0.16,6739.044071,0.315239,0.0,3150,1128036,1128036,1.0,1391,1391,1.0,95904,0,1,S8|M3_IMBALANCED|44|A|L1|F3,true,false,false,/home/cyfer/FYP/WSN_simulation_V3/runs/S8_4000/outputs_production_50seed_part41_45/run_campaign_v3_S8_M3_IMBALANCED_A_L1_F3_H4_seed044_44_20260602_122639
campaign_v3_S8_M3_IMBALANCED_A_L1_F3_H4_seed045,campaign_v3_S8_M3_IMBALANCED_A_L1_F3_H4_seed045_45_20260602_122951,S8,4000,160,5,M3_IMBALANCED,45,A,L1,F3,H4,V3,map_S8_M3_IMBALANCED_seed045,b5e4ae07e381292748632709e6d87c74f8d1690b45e6bbdd0b24af35b9949bcc,242.612,452.382,184.251,334.016,25,1083,5.053,0.0788,60.0,41.632,101.632,161.632,170.0,110.0,3.671,6.0,1.0,0.002,0.047,0.175,6747.273476,0.313182,0.0,3150,1128506,1128506,1.0,1391,1391,1.0,95954,0,1,S8|M3_IMBALANCED|45|A|L1|F3,true,false,false,/home/cyfer/FYP/WSN_simulation_V3/runs/S8_4000/outputs_production_50seed_part41_45/run_campaign_v3_S8_M3_IMBALANCED_A_L1_F3_H4_seed045_45_20260602_122951
campaign_v3_S8_M3_IMBALANCED_A_L1_F4_H0_seed041,campaign_v3_S8_M3_IMBALANCED_A_L1_F4_H0_seed041_41_20260602_121629,S8,4000,160,5,M3_IMBALANCED,41,A,L1,F4,H0,V2,map_S8_M3_IMBALANCED_seed041,1e9306d540fd3664839fa3db1c6334e1a1477505f877548ef83e1e59071baecc,240.17,427.3,185.805,362.941,25,1397,5.6535,0.083,60.0,-1.0,-1.0,-1.0,-1.0,-1.0,0.0,0.0,0.0,0.0,0.0,0.0,6737.385786,0.315654,0.0,3150,1127785,1127785,1.0,1405,1405,1.0,96025,1,0,S8|M3_IMBALANCED|41|A|L1|F4,false,false,true,/home/cyfer/FYP/WSN_simulation_V3/runs/S8_4000/outputs_production_50seed_part41_45/run_campaign_v3_S8_M3_IMBALANCED_A_L1_F4_H0_seed041_41_20260602_121629
campaign_v3_S8_M3_IMBALANCED_A_L1_F4_H0_seed042,campaign_v3_S8_M3_IMBALANCED_A_L1_F4_H0_seed042_42_20260602_121942,S8,4000,160,5,M3_IMBALANCED,42,A,L1,F4,H0,V2,map_S8_M3_IMBALANCED_seed042,7030c1dbddf42a593d11772ab10ebc977f9528e58bbff6bdc5d071c69f0e6540,247.056,427.137,185.432,343.244,25,1524,5.7443,0.0712,60.0,-1.0,-1.0,-1.0,-1.0,-1.0,0.0,0.0,0.0,0.0,0.0,0.0,6782.03745,0.304491,0.0,3175,1127785,1127785,1.0,1369,1369,1.0,96025,1,0,S8|M3_IMBALANCED|42|A|L1|F4,false,false,true,/home/cyfer/FYP/WSN_simulation_V3/runs/S8_4000/outputs_production_50seed_part41_45/run_campaign_v3_S8_M3_IMBALANCED_A_L1_F4_H0_seed042_42_20260602_121942
campaign_v3_S8_M3_IMBALANCED_A_L1_F4_H0_seed043,campaign_v3_S8_M3_IMBALANCED_A_L1_F4_H0_seed043_43_20260602_122300,S8,4000,160,5,M3_IMBALANCED,43,A,L1,F4,H0,V2,map_S8_M3_IMBALANCED_seed043,ccc22e4ef8c1397a0f4469b6e93dfc0a6ade3f7c90b8695a2752d85a3345281d,237.573,435.001,189.276,361.756,25,1484,5.7363,0.0767,60.0,-1.0,-1.0,-1.0,-1.0,-1.0,0.0,0.0,0.0,0.0,0.0,0.0,6764.947539,0.308763,0.0,3162,1128255,1128255,1.0,1360,1360,1.0,96015,1,0,S8|M3_IMBALANCED|43|A|L1|F4,false,false,true,/home/cyfer/FYP/WSN_simulation_V3/runs/S8_4000/outputs_production_50seed_part41_45/run_campaign_v3_S8_M3_IMBALANCED_A_L1_F4_H0_seed043_43_20260602_122300
campaign_v3_S8_M3_IMBALANCED_A_L1_F4_H0_seed044,campaign_v3_S8_M3_IMBALANCED_A_L1_F4_H0_seed044_44_20260602_122612,S8,4000,160,5,M3_IMBALANCED,44,A,L1,F4,H0,V2,map_S8_M3_IMBALANCED_seed044,18b4598f5a3028cd0ec09a26c8ad08cf2825d0f3e046e28774c6cada8d46f5d4,238.304,447.671,188.72,354.024,25,1347,5.724,0.0862,60.0,-1.0,-1.0,-1.0,-1.0,-1.0,0.0,0.0,0.0,0.0,0.0,0.0,6738.500175,0.315375,0.0,3150,1127785,1127785,1.0,1387,1387,1.0,96025,1,0,S8|M3_IMBALANCED|44|A|L1|F4,false,false,true,/home/cyfer/FYP/WSN_simulation_V3/runs/S8_4000/outputs_production_50seed_part41_45/run_campaign_v3_S8_M3_IMBALANCED_A_L1_F4_H0_seed044_44_20260602_122612
campaign_v3_S8_M3_IMBALANCED_A_L1_F4_H0_seed045,campaign_v3_S8_M3_IMBALANCED_A_L1_F4_H0_seed045_45_20260602_122925,S8,4000,160,5,M3_IMBALANCED,45,A,L1,F4,H0,V2,map_S8_M3_IMBALANCED_seed045,b5e4ae07e381292748632709e6d87c74f8d1690b45e6bbdd0b24af35b9949bcc,242.612,452.382,184.251,334.016,25,1083,5.053,0.0788,60.0,-1.0,-1.0,-1.0,-1.0,-1.0,0.0,0.0,0.0,0.0,0.0,0.0,6747.49576,0.313126,0.0,3150,1128725,1128725,1.0,1387,1387,1.0,96005,1,0,S8|M3_IMBALANCED|45|A|L1|F4,false,false,true,/home/cyfer/FYP/WSN_simulation_V3/runs/S8_4000/outputs_production_50seed_part41_45/run_campaign_v3_S8_M3_IMBALANCED_A_L1_F4_H0_seed045_45_20260602_122925
campaign_v3_S8_M3_IMBALANCED_A_L1_F4_H1_seed041,campaign_v3_S8_M3_IMBALANCED_A_L1_F4_H1_seed041_41_20260602_121657,S8,4000,160,5,M3_IMBALANCED,41,A,L1,F4,H1,V3,map_S8_M3_IMBALANCED_seed041,1e9306d540fd3664839fa3db1c6334e1a1477505f877548ef83e1e59071baecc,240.17,427.3,185.805,362.941,25,1397,5.6535,0.083,60.0,37.696,97.696,157.696,160.0,100.0,3.931,6.0,1.0,0.004,0.113,0.193,6737.706089,0.315573,0.0,3150,1127911,1127911,1.0,1409,1409,1.0,95879,0,1,S8|M3_IMBALANCED|41|A|L1|F4,true,false,false,/home/cyfer/FYP/WSN_simulation_V3/runs/S8_4000/outputs_production_50seed_part41_45/run_campaign_v3_S8_M3_IMBALANCED_A_L1_F4_H1_seed041_41_20260602_121657
campaign_v3_S8_M3_IMBALANCED_A_L1_F4_H1_seed042,campaign_v3_S8_M3_IMBALANCED_A_L1_F4_H1_seed042_42_20260602_122015,S8,4000,160,5,M3_IMBALANCED,42,A,L1,F4,H1,V3,map_S8_M3_IMBALANCED_seed042,7030c1dbddf42a593d11772ab10ebc977f9528e58bbff6bdc5d071c69f0e6540,247.056,427.137,185.432,343.244,25,1524,5.7443,0.0712,60.0,37.287,97.287,157.287,160.0,100.0,3.898,6.0,1.0,0.003,0.118,0.178,6782.380206,0.304405,0.0,3175,1127911,1127911,1.0,1373,1373,1.0,95879,0,1,S8|M3_IMBALANCED|42|A|L1|F4,true,false,false,/home/cyfer/FYP/WSN_simulation_V3/runs/S8_4000/outputs_production_50seed_part41_45/run_campaign_v3_S8_M3_IMBALANCED_A_L1_F4_H1_seed042_42_20260602_122015
campaign_v3_S8_M3_IMBALANCED_A_L1_F4_H1_seed043,campaign_v3_S8_M3_IMBALANCED_A_L1_F4_H1_seed043_43_20260602_122328,S8,4000,160,5,M3_IMBALANCED,43,A,L1,F4,H1,V3,map_S8_M3_IMBALANCED_seed043,ccc22e4ef8c1397a0f4469b6e93dfc0a6ade3f7c90b8695a2752d85a3345281d,237.573,435.001,189.276,361.756,25,1484,5.7363,0.0767,60.0,36.869,96.869,156.869,160.0,100.0,3.452,6.0,1.0,0.002,0.073,0.075,6765.19742,0.308701,0.0,3162,1128340,1128340,1.0,1364,1364,1.0,95929,0,1,S8|M3_IMBALANCED|43|A|L1|F4,true,false,false,/home/cyfer/FYP/WSN_simulation_V3/runs/S8_4000/outputs_production_50seed_part41_45/run_campaign_v3_S8_M3_IMBALANCED_A_L1_F4_H1_seed043_43_20260602_122328
campaign_v3_S8_M3_IMBALANCED_A_L1_F4_H1_seed044,campaign_v3_S8_M3_IMBALANCED_A_L1_F4_H1_seed044_44_20260602_122641,S8,4000,160,5,M3_IMBALANCED,44,A,L1,F4,H1,V3,map_S8_M3_IMBALANCED_seed044,18b4598f5a3028cd0ec09a26c8ad08cf2825d0f3e046e28774c6cada8d46f5d4,238.304,447.671,188.72,354.024,25,1347,5.724,0.0862,60.0,37.704,97.704,157.704,160.0,100.0,3.723,6.0,1.0,0.004,0.113,0.124,6738.844845,0.315289,0.0,3150,1127911,1127911,1.0,1391,1391,1.0,95879,0,1,S8|M3_IMBALANCED|44|A|L1|F4,true,false,false,/home/cyfer/FYP/WSN_simulation_V3/runs/S8_4000/outputs_production_50seed_part41_45/run_campaign_v3_S8_M3_IMBALANCED_A_L1_F4_H1_seed044_44_20260602_122641
campaign_v3_S8_M3_IMBALANCED_A_L1_F4_H1_seed045,campaign_v3_S8_M3_IMBALANCED_A_L1_F4_H1_seed045_45_20260602_122953,S8,4000,160,5,M3_IMBALANCED,45,A,L1,F4,H1,V3,map_S8_M3_IMBALANCED_seed045,b5e4ae07e381292748632709e6d87c74f8d1690b45e6bbdd0b24af35b9949bcc,242.612,452.382,184.251,334.016,25,1083,5.053,0.0788,60.0,36.275,96.275,156.275,160.0,100.0,3.215,6.0,1.0,0.001,0.028,0.043,6747.577794,0.313106,0.0,3150,1128764,1128764,1.0,1391,1391,1.0,95979,0,1,S8|M3_IMBALANCED|45|A|L1|F4,true,false,false,/home/cyfer/FYP/WSN_simulation_V3/runs/S8_4000/outputs_production_50seed_part41_45/run_campaign_v3_S8_M3_IMBALANCED_A_L1_F4_H1_seed045_45_20260602_122953
campaign_v3_S8_M3_IMBALANCED_A_L1_F4_H3_seed041,campaign_v3_S8_M3_IMBALANCED_A_L1_F4_H3_seed041_41_20260602_121700,S8,4000,160,5,M3_IMBALANCED,41,A,L1,F4,H3,V3,map_S8_M3_IMBALANCED_seed041,1e9306d540fd3664839fa3db1c6334e1a1477505f877548ef83e1e59071baecc,240.17,427.3,185.805,362.941,25,1397,5.6535,0.083,60.0,43.349,103.349,163.349,170.0,110.0,3.931,6.0,1.0,0.004,0.113,0.193,6737.579822,0.315605,0.0,3150,1127849,1127849,1.0,1409,1409,1.0,95879,0,1,S8|M3_IMBALANCED|41|A|L1|F4,true,false,false,/home/cyfer/FYP/WSN_simulation_V3/runs/S8_4000/outputs_production_50seed_part41_45/run_campaign_v3_S8_M3_IMBALANCED_A_L1_F4_H3_seed041_41_20260602_121700
campaign_v3_S8_M3_IMBALANCED_A_L1_F4_H3_seed042,campaign_v3_S8_M3_IMBALANCED_A_L1_F4_H3_seed042_42_20260602_122018,S8,4000,160,5,M3_IMBALANCED,42,A,L1,F4,H3,V3,map_S8_M3_IMBALANCED_seed042,7030c1dbddf42a593d11772ab10ebc977f9528e58bbff6bdc5d071c69f0e6540,247.056,427.137,185.432,343.244,25,1524,5.7443,0.0712,60.0,43.206,103.206,163.206,170.0,110.0,3.898,6.0,1.0,0.003,0.118,0.178,6782.256485,0.304436,0.0,3175,1127849,1127849,1.0,1373,1373,1.0,95879,0,1,S8|M3_IMBALANCED|42|A|L1|F4,true,false,false,/home/cyfer/FYP/WSN_simulation_V3/runs/S8_4000/outputs_production_50seed_part41_45/run_campaign_v3_S8_M3_IMBALANCED_A_L1_F4_H3_seed042_42_20260602_122018
campaign_v3_S8_M3_IMBALANCED_A_L1_F4_H3_seed043,campaign_v3_S8_M3_IMBALANCED_A_L1_F4_H3_seed043_43_20260602_122331,S8,4000,160,5,M3_IMBALANCED,43,A,L1,F4,H3,V3,map_S8_M3_IMBALANCED_seed043,ccc22e4ef8c1397a0f4469b6e93dfc0a6ade3f7c90b8695a2752d85a3345281d,237.573,435.001,189.276,361.756,25,1484,5.7363,0.0767,60.0,42.651,102.651,162.651,170.0,110.0,3.452,6.0,1.0,0.002,0.073,0.075,6765.115966,0.308721,0.0,3162,1128305,1128305,1.0,1364,1364,1.0,95929,0,1,S8|M3_IMBALANCED|43|A|L1|F4,true,false,false,/home/cyfer/FYP/WSN_simulation_V3/runs/S8_4000/outputs_production_50seed_part41_45/run_campaign_v3_S8_M3_IMBALANCED_A_L1_F4_H3_seed043_43_20260602_122331
campaign_v3_S8_M3_IMBALANCED_A_L1_F4_H3_seed044,campaign_v3_S8_M3_IMBALANCED_A_L1_F4_H3_seed044_44_20260602_122643,S8,4000,160,5,M3_IMBALANCED,44,A,L1,F4,H3,V3,map_S8_M3_IMBALANCED_seed044,18b4598f5a3028cd0ec09a26c8ad08cf2825d0f3e046e28774c6cada8d46f5d4,238.304,447.671,188.72,354.024,25,1347,5.724,0.0862,60.0,43.153,103.153,163.153,170.0,110.0,3.723,6.0,1.0,0.004,0.113,0.124,6738.699823,0.315325,0.0,3150,1127849,1127849,1.0,1391,1391,1.0,95879,0,1,S8|M3_IMBALANCED|44|A|L1|F4,true,false,false,/home/cyfer/FYP/WSN_simulation_V3/runs/S8_4000/outputs_production_50seed_part41_45/run_campaign_v3_S8_M3_IMBALANCED_A_L1_F4_H3_seed044_44_20260602_122643
campaign_v3_S8_M3_IMBALANCED_A_L1_F4_H3_seed045,campaign_v3_S8_M3_IMBALANCED_A_L1_F4_H3_seed045_45_20260602_122956,S8,4000,160,5,M3_IMBALANCED,45,A,L1,F4,H3,V3,map_S8_M3_IMBALANCED_seed045,b5e4ae07e381292748632709e6d87c74f8d1690b45e6bbdd0b24af35b9949bcc,242.612,452.382,184.251,334.016,25,1083,5.053,0.0788,60.0,43.131,103.131,163.131,170.0,110.0,3.215,6.0,1.0,0.001,0.028,0.043,6747.567294,0.313108,0.0,3150,1128757,1128757,1.0,1391,1391,1.0,95979,0,1,S8|M3_IMBALANCED|45|A|L1|F4,true,false,false,/home/cyfer/FYP/WSN_simulation_V3/runs/S8_4000/outputs_production_50seed_part41_45/run_campaign_v3_S8_M3_IMBALANCED_A_L1_F4_H3_seed045_45_20260602_122956
campaign_v3_S8_M3_IMBALANCED_A_L1_F4_H4_seed041,campaign_v3_S8_M3_IMBALANCED_A_L1_F4_H4_seed041_41_20260602_121702,S8,4000,160,5,M3_IMBALANCED,41,A,L1,F4,H4,V3,map_S8_M3_IMBALANCED_seed041,1e9306d540fd3664839fa3db1c6334e1a1477505f877548ef83e1e59071baecc,240.17,427.3,185.805,362.941,25,1397,5.6535,0.083,60.0,47.406,107.406,167.406,170.0,110.0,3.931,6.0,1.0,0.004,0.113,0.193,6736.760967,0.31581,0.0,3150,1127496,1127496,1.0,1409,1409,1.0,95808,0,1,S8|M3_IMBALANCED|41|A|L1|F4,true,false,false,/home/cyfer/FYP/WSN_simulation_V3/runs/S8_4000/outputs_production_50seed_part41_45/run_campaign_v3_S8_M3_IMBALANCED_A_L1_F4_H4_seed041_41_20260602_121702
campaign_v3_S8_M3_IMBALANCED_A_L1_F4_H4_seed042,campaign_v3_S8_M3_IMBALANCED_A_L1_F4_H4_seed042_42_20260602_122020,S8,4000,160,5,M3_IMBALANCED,42,A,L1,F4,H4,V3,map_S8_M3_IMBALANCED_seed042,7030c1dbddf42a593d11772ab10ebc977f9528e58bbff6bdc5d071c69f0e6540,247.056,427.137,185.432,343.244,25,1524,5.7443,0.0712,60.0,47.464,107.464,167.464,170.0,110.0,3.898,6.0,1.0,0.003,0.118,0.178,6782.02324,0.304494,0.0,3175,1127750,1127750,1.0,1373,1373,1.0,95858,0,1,S8|M3_IMBALANCED|42|A|L1|F4,true,false,false,/home/cyfer/FYP/WSN_simulation_V3/runs/S8_4000/outputs_production_50seed_part41_45/run_campaign_v3_S8_M3_IMBALANCED_A_L1_F4_H4_seed042_42_20260602_122020
campaign_v3_S8_M3_IMBALANCED_A_L1_F4_H4_seed043,campaign_v3_S8_M3_IMBALANCED_A_L1_F4_H4_seed043_43_20260602_122333,S8,4000,160,5,M3_IMBALANCED,43,A,L1,F4,H4,V3,map_S8_M3_IMBALANCED_seed043,ccc22e4ef8c1397a0f4469b6e93dfc0a6ade3f7c90b8695a2752d85a3345281d,237.573,435.001,189.276,361.756,25,1484,5.7363,0.0767,60.0,47.375,107.375,167.375,170.0,110.0,3.452,6.0,1.0,0.002,0.073,0.075,6764.164018,0.308959,0.0,3162,1127942,1127942,1.0,1364,1364,1.0,95858,0,1,S8|M3_IMBALANCED|43|A|L1|F4,true,false,false,/home/cyfer/FYP/WSN_simulation_V3/runs/S8_4000/outputs_production_50seed_part41_45/run_campaign_v3_S8_M3_IMBALANCED_A_L1_F4_H4_seed043_43_20260602_122333
campaign_v3_S8_M3_IMBALANCED_A_L1_F4_H4_seed044,campaign_v3_S8_M3_IMBALANCED_A_L1_F4_H4_seed044_44_20260602_122645,S8,4000,160,5,M3_IMBALANCED,44,A,L1,F4,H4,V3,map_S8_M3_IMBALANCED_seed044,18b4598f5a3028cd0ec09a26c8ad08cf2825d0f3e046e28774c6cada8d46f5d4,238.304,447.671,188.72,354.024,25,1347,5.724,0.0862,60.0,47.273,107.273,167.273,170.0,110.0,3.723,6.0,1.0,0.004,0.113,0.124,6737.574983,0.315606,0.0,3150,1127369,1127369,1.0,1391,1391,1.0,95783,0,1,S8|M3_IMBALANCED|44|A|L1|F4,true,false,false,/home/cyfer/FYP/WSN_simulation_V3/runs/S8_4000/outputs_production_50seed_part41_45/run_campaign_v3_S8_M3_IMBALANCED_A_L1_F4_H4_seed044_44_20260602_122645
campaign_v3_S8_M3_IMBALANCED_A_L1_F4_H4_seed045,campaign_v3_S8_M3_IMBALANCED_A_L1_F4_H4_seed045_45_20260602_122958,S8,4000,160,5,M3_IMBALANCED,45,A,L1,F4,H4,V3,map_S8_M3_IMBALANCED_seed045,b5e4ae07e381292748632709e6d87c74f8d1690b45e6bbdd0b24af35b9949bcc,242.612,452.382,184.251,334.016,25,1083,5.053,0.0788,60.0,47.203,107.203,167.203,170.0,110.0,3.215,6.0,1.0,0.001,0.028,0.043,6747.048685,0.313238,0.0,3150,1128515,1128515,1.0,1391,1391,1.0,95933,0,1,S8|M3_IMBALANCED|45|A|L1|F4,true,false,false,/home/cyfer/FYP/WSN_simulation_V3/runs/S8_4000/outputs_production_50seed_part41_45/run_campaign_v3_S8_M3_IMBALANCED_A_L1_F4_H4_seed045_45_20260602_122958
campaign_v3_S8_M3_IMBALANCED_A_L2_F0_H0_seed041,campaign_v3_S8_M3_IMBALANCED_A_L2_F0_H0_seed041_41_20260602_121704,S8,4000,160,5,M3_IMBALANCED,41,A,L2,F0,H0,V1,map_S8_M3_IMBALANCED_seed041,1e9306d540fd3664839fa3db1c6334e1a1477505f877548ef83e1e59071baecc,240.17,427.3,185.805,362.941,25,1397,5.6535,0.083,0.0,-1.0,-1.0,-1.0,-1.0,-1.0,0.0,0.0,0.0,0.0,0.0,0.0,6947.567466,0.263108,0.0,3179,1128960,1128960,1.0,1413,1413,1.0,96000,0,0,S8|M3_IMBALANCED|41|A|L2|F0,false,true,false,/home/cyfer/FYP/WSN_simulation_V3/runs/S8_4000/outputs_production_50seed_part41_45/run_campaign_v3_S8_M3_IMBALANCED_A_L2_F0_H0_seed041_41_20260602_121704
campaign_v3_S8_M3_IMBALANCED_A_L2_F0_H0_seed042,campaign_v3_S8_M3_IMBALANCED_A_L2_F0_H0_seed042_42_20260602_122022,S8,4000,160,5,M3_IMBALANCED,42,A,L2,F0,H0,V1,map_S8_M3_IMBALANCED_seed042,7030c1dbddf42a593d11772ab10ebc977f9528e58bbff6bdc5d071c69f0e6540,247.056,427.137,185.432,343.244,25,1524,5.7443,0.0712,0.0,-1.0,-1.0,-1.0,-1.0,-1.0,0.0,0.0,0.0,0.0,0.0,0.0,6986.094684,0.253476,0.0,3209,1128960,1128960,1.0,1377,1377,1.0,96000,0,0,S8|M3_IMBALANCED|42|A|L2|F0,false,true,false,/home/cyfer/FYP/WSN_simulation_V3/runs/S8_4000/outputs_production_50seed_part41_45/run_campaign_v3_S8_M3_IMBALANCED_A_L2_F0_H0_seed042_42_20260602_122022
campaign_v3_S8_M3_IMBALANCED_A_L2_F0_H0_seed043,campaign_v3_S8_M3_IMBALANCED_A_L2_F0_H0_seed043_43_20260602_122335,S8,4000,160,5,M3_IMBALANCED,43,A,L2,F0,H0,V1,map_S8_M3_IMBALANCED_seed043,ccc22e4ef8c1397a0f4469b6e93dfc0a6ade3f7c90b8695a2752d85a3345281d,237.573,435.001,189.276,361.756,25,1484,5.7363,0.0767,0.0,-1.0,-1.0,-1.0,-1.0,-1.0,0.0,0.0,0.0,0.0,0.0,0.0,6975.447409,0.256138,0.0,3202,1128960,1128960,1.0,1368,1368,1.0,96000,0,0,S8|M3_IMBALANCED|43|A|L2|F0,false,true,false,/home/cyfer/FYP/WSN_simulation_V3/runs/S8_4000/outputs_production_50seed_part41_45/run_campaign_v3_S8_M3_IMBALANCED_A_L2_F0_H0_seed043_43_20260602_122335
campaign_v3_S8_M3_IMBALANCED_A_L2_F0_H0_seed044,campaign_v3_S8_M3_IMBALANCED_A_L2_F0_H0_seed044_44_20260602_122648,S8,4000,160,5,M3_IMBALANCED,44,A,L2,F0,H0,V1,map_S8_M3_IMBALANCED_seed044,18b4598f5a3028cd0ec09a26c8ad08cf2825d0f3e046e28774c6cada8d46f5d4,238.304,447.671,188.72,354.024,25,1347,5.724,0.0862,0.0,-1.0,-1.0,-1.0,-1.0,-1.0,0.0,0.0,0.0,0.0,0.0,0.0,6944.757861,0.263811,0.0,3178,1128960,1128960,1.0,1395,1395,1.0,96000,0,0,S8|M3_IMBALANCED|44|A|L2|F0,false,true,false,/home/cyfer/FYP/WSN_simulation_V3/runs/S8_4000/outputs_production_50seed_part41_45/run_campaign_v3_S8_M3_IMBALANCED_A_L2_F0_H0_seed044_44_20260602_122648
campaign_v3_S8_M3_IMBALANCED_A_L2_F0_H0_seed045,campaign_v3_S8_M3_IMBALANCED_A_L2_F0_H0_seed045_45_20260602_123000,S8,4000,160,5,M3_IMBALANCED,45,A,L2,F0,H0,V1,map_S8_M3_IMBALANCED_seed045,b5e4ae07e381292748632709e6d87c74f8d1690b45e6bbdd0b24af35b9949bcc,242.612,452.382,184.251,334.016,25,1083,5.053,0.0788,0.0,-1.0,-1.0,-1.0,-1.0,-1.0,0.0,0.0,0.0,0.0,0.0,0.0,6950.493236,0.262377,0.0,3181,1128960,1128960,1.0,1395,1395,1.0,96000,0,0,S8|M3_IMBALANCED|45|A|L2|F0,false,true,false,/home/cyfer/FYP/WSN_simulation_V3/runs/S8_4000/outputs_production_50seed_part41_45/run_campaign_v3_S8_M3_IMBALANCED_A_L2_F0_H0_seed045_45_20260602_123000
campaign_v3_S8_M3_IMBALANCED_A_L2_F1_H0_seed041,campaign_v3_S8_M3_IMBALANCED_A_L2_F1_H0_seed041_41_20260602_121707,S8,4000,160,5,M3_IMBALANCED,41,A,L2,F1,H0,V2,map_S8_M3_IMBALANCED_seed041,1e9306d540fd3664839fa3db1c6334e1a1477505f877548ef83e1e59071baecc,240.17,427.3,185.805,362.941,25,1397,5.6535,0.083,60.0,-1.0,-1.0,-1.0,-1.0,-1.0,0.0,0.0,0.0,0.0,0.0,0.0,6944.080148,0.263537,0.0,3180,1127785,1127785,1.0,1405,1405,1.0,96025,1,0,S8|M3_IMBALANCED|41|A|L2|F1,false,false,true,/home/cyfer/FYP/WSN_simulation_V3/runs/S8_4000/outputs_production_50seed_part41_45/run_campaign_v3_S8_M3_IMBALANCED_A_L2_F1_H0_seed041_41_20260602_121707
campaign_v3_S8_M3_IMBALANCED_A_L2_F1_H0_seed042,campaign_v3_S8_M3_IMBALANCED_A_L2_F1_H0_seed042_42_20260602_122025,S8,4000,160,5,M3_IMBALANCED,42,A,L2,F1,H0,V2,map_S8_M3_IMBALANCED_seed042,7030c1dbddf42a593d11772ab10ebc977f9528e58bbff6bdc5d071c69f0e6540,247.056,427.137,185.432,343.244,25,1524,5.7443,0.0712,60.0,-1.0,-1.0,-1.0,-1.0,-1.0,0.0,0.0,0.0,0.0,0.0,0.0,6982.299292,0.253984,0.0,3210,1127785,1127785,1.0,1369,1369,1.0,96025,1,0,S8|M3_IMBALANCED|42|A|L2|F1,false,false,true,/home/cyfer/FYP/WSN_simulation_V3/runs/S8_4000/outputs_production_50seed_part41_45/run_campaign_v3_S8_M3_IMBALANCED_A_L2_F1_H0_seed042_42_20260602_122025
campaign_v3_S8_M3_IMBALANCED_A_L2_F1_H0_seed043,campaign_v3_S8_M3_IMBALANCED_A_L2_F1_H0_seed043_43_20260602_122337,S8,4000,160,5,M3_IMBALANCED,43,A,L2,F1,H0,V2,map_S8_M3_IMBALANCED_seed043,ccc22e4ef8c1397a0f4469b6e93dfc0a6ade3f7c90b8695a2752d85a3345281d,237.573,435.001,189.276,361.756,25,1484,5.7363,0.0767,60.0,-1.0,-1.0,-1.0,-1.0,-1.0,0.0,0.0,0.0,0.0,0.0,0.0,6972.970943,0.256294,0.0,3203,1128255,1128255,1.0,1360,1360,1.0,96015,1,0,S8|M3_IMBALANCED|43|A|L2|F1,false,false,true,/home/cyfer/FYP/WSN_simulation_V3/runs/S8_4000/outputs_production_50seed_part41_45/run_campaign_v3_S8_M3_IMBALANCED_A_L2_F1_H0_seed043_43_20260602_122337
campaign_v3_S8_M3_IMBALANCED_A_L2_F1_H0_seed044,campaign_v3_S8_M3_IMBALANCED_A_L2_F1_H0_seed044_44_20260602_122650,S8,4000,160,5,M3_IMBALANCED,44,A,L2,F1,H0,V2,map_S8_M3_IMBALANCED_seed044,18b4598f5a3028cd0ec09a26c8ad08cf2825d0f3e046e28774c6cada8d46f5d4,238.304,447.671,188.72,354.024,25,1347,5.724,0.0862,60.0,-1.0,-1.0,-1.0,-1.0,-1.0,0.0,0.0,0.0,0.0,0.0,0.0,6941.209856,0.264254,0.0,3179,1127785,1127785,1.0,1387,1387,1.0,96025,1,0,S8|M3_IMBALANCED|44|A|L2|F1,false,false,true,/home/cyfer/FYP/WSN_simulation_V3/runs/S8_4000/outputs_production_50seed_part41_45/run_campaign_v3_S8_M3_IMBALANCED_A_L2_F1_H0_seed044_44_20260602_122650
campaign_v3_S8_M3_IMBALANCED_A_L2_F1_H0_seed045,campaign_v3_S8_M3_IMBALANCED_A_L2_F1_H0_seed045_45_20260602_123002,S8,4000,160,5,M3_IMBALANCED,45,A,L2,F1,H0,V2,map_S8_M3_IMBALANCED_seed045,b5e4ae07e381292748632709e6d87c74f8d1690b45e6bbdd0b24af35b9949bcc,242.612,452.382,184.251,334.016,25,1083,5.053,0.0788,60.0,-1.0,-1.0,-1.0,-1.0,-1.0,0.0,0.0,0.0,0.0,0.0,0.0,6949.472141,0.262146,0.0,3182,1128725,1128725,1.0,1387,1387,1.0,96005,1,0,S8|M3_IMBALANCED|45|A|L2|F1,false,false,true,/home/cyfer/FYP/WSN_simulation_V3/runs/S8_4000/outputs_production_50seed_part41_45/run_campaign_v3_S8_M3_IMBALANCED_A_L2_F1_H0_seed045_45_20260602_123002
campaign_v3_S8_M3_IMBALANCED_A_L2_F1_H1_seed041,campaign_v3_S8_M3_IMBALANCED_A_L2_F1_H1_seed041_41_20260602_121718,S8,4000,160,5,M3_IMBALANCED,41,A,L2,F1,H1,V3,map_S8_M3_IMBALANCED_seed041,1e9306d540fd3664839fa3db1c6334e1a1477505f877548ef83e1e59071baecc,240.17,427.3,185.805,362.941,25,1397,5.6535,0.083,60.0,22.351,82.351,142.351,150.0,90.0,6.591,6.0,1.0,0.004,1.0,0.193,6946.191459,0.263009,0.0,3180,1128545,1128545,1.0,1410,1410,1.0,96000,0,1,S8|M3_IMBALANCED|41|A|L2|F1,true,false,false,/home/cyfer/FYP/WSN_simulation_V3/runs/S8_4000/outputs_production_50seed_part41_45/run_campaign_v3_S8_M3_IMBALANCED_A_L2_F1_H1_seed041_41_20260602_121718
campaign_v3_S8_M3_IMBALANCED_A_L2_F1_H1_seed042,campaign_v3_S8_M3_IMBALANCED_A_L2_F1_H1_seed042_42_20260602_122037,S8,4000,160,5,M3_IMBALANCED,42,A,L2,F1,H1,V3,map_S8_M3_IMBALANCED_seed042,7030c1dbddf42a593d11772ab10ebc977f9528e58bbff6bdc5d071c69f0e6540,247.056,427.137,185.432,343.244,25,1524,5.7443,0.0712,60.0,21.677,81.677,141.677,150.0,90.0,6.543,6.0,1.0,0.003,1.0,0.178,6984.667895,0.253392,0.0,3210,1128550,1128550,1.0,1374,1374,1.0,96000,0,1,S8|M3_IMBALANCED|42|A|L2|F1,true,false,false,/home/cyfer/FYP/WSN_simulation_V3/runs/S8_4000/outputs_production_50seed_part41_45/run_campaign_v3_S8_M3_IMBALANCED_A_L2_F1_H1_seed042_42_20260602_122037
campaign_v3_S8_M3_IMBALANCED_A_L2_F1_H1_seed043,campaign_v3_S8_M3_IMBALANCED_A_L2_F1_H1_seed043_43_20260602_122349,S8,4000,160,5,M3_IMBALANCED,43,A,L2,F1,H1,V3,map_S8_M3_IMBALANCED_seed043,ccc22e4ef8c1397a0f4469b6e93dfc0a6ade3f7c90b8695a2752d85a3345281d,237.573,435.001,189.276,361.756,25,1484,5.7363,0.0767,60.0,21.969,81.969,141.969,150.0,90.0,6.232,6.0,1.0,0.002,1.0,0.075,6974.572565,0.255894,0.0,3203,1128714,1128714,1.0,1365,1365,1.0,96000,0,1,S8|M3_IMBALANCED|43|A|L2|F1,true,false,false,/home/cyfer/FYP/WSN_simulation_V3/runs/S8_4000/outputs_production_50seed_part41_45/run_campaign_v3_S8_M3_IMBALANCED_A_L2_F1_H1_seed043_43_20260602_122349
campaign_v3_S8_M3_IMBALANCED_A_L2_F1_H1_seed044,campaign_v3_S8_M3_IMBALANCED_A_L2_F1_H1_seed044_44_20260602_122702,S8,4000,160,5,M3_IMBALANCED,44,A,L2,F1,H1,V3,map_S8_M3_IMBALANCED_seed044,18b4598f5a3028cd0ec09a26c8ad08cf2825d0f3e046e28774c6cada8d46f5d4,238.304,447.671,188.72,354.024,25,1347,5.724,0.0862,60.0,21.998,81.998,141.998,150.0,90.0,6.384,6.0,1.0,0.004,1.0,0.124,6943.625691,0.26365,0.0,3179,1128550,1128550,1.0,1392,1392,1.0,96000,0,1,S8|M3_IMBALANCED|44|A|L2|F1,true,false,false,/home/cyfer/FYP/WSN_simulation_V3/runs/S8_4000/outputs_production_50seed_part41_45/run_campaign_v3_S8_M3_IMBALANCED_A_L2_F1_H1_seed044_44_20260602_122702
campaign_v3_S8_M3_IMBALANCED_A_L2_F1_H1_seed045,campaign_v3_S8_M3_IMBALANCED_A_L2_F1_H1_seed045_45_20260602_123014,S8,4000,160,5,M3_IMBALANCED,45,A,L2,F1,H1,V3,map_S8_M3_IMBALANCED_seed045,b5e4ae07e381292748632709e6d87c74f8d1690b45e6bbdd0b24af35b9949bcc,242.612,452.382,184.251,334.016,25,1083,5.053,0.0788,60.0,21.542,81.542,141.542,150.0,90.0,6.132,6.0,1.0,0.001,1.0,0.043,6949.805748,0.262062,0.0,3182,1128878,1128878,1.0,1392,1392,1.0,96000,0,1,S8|M3_IMBALANCED|45|A|L2|F1,true,false,false,/home/cyfer/FYP/WSN_simulation_V3/runs/S8_4000/outputs_production_50seed_part41_45/run_campaign_v3_S8_M3_IMBALANCED_A_L2_F1_H1_seed045_45_20260602_123014
campaign_v3_S8_M3_IMBALANCED_A_L2_F1_H3_seed041,campaign_v3_S8_M3_IMBALANCED_A_L2_F1_H3_seed041_41_20260602_121723,S8,4000,160,5,M3_IMBALANCED,41,A,L2,F1,H3,V3,map_S8_M3_IMBALANCED_seed041,1e9306d540fd3664839fa3db1c6334e1a1477505f877548ef83e1e59071baecc,240.17,427.3,185.805,362.941,25,1397,5.6535,0.083,60.0,27.841,87.841,147.841,150.0,90.0,6.591,6.0,1.0,0.004,1.0,0.193,6945.326862,0.263225,0.0,3180,1128226,1128226,1.0,1410,1410,1.0,95950,0,1,S8|M3_IMBALANCED|41|A|L2|F1,true,false,false,/home/cyfer/FYP/WSN_simulation_V3/runs/S8_4000/outputs_production_50seed_part41_45/run_campaign_v3_S8_M3_IMBALANCED_A_L2_F1_H3_seed041_41_20260602_121723
campaign_v3_S8_M3_IMBALANCED_A_L2_F1_H3_seed042,campaign_v3_S8_M3_IMBALANCED_A_L2_F1_H3_seed042_42_20260602_122041,S8,4000,160,5,M3_IMBALANCED,42,A,L2,F1,H3,V3,map_S8_M3_IMBALANCED_seed042,7030c1dbddf42a593d11772ab10ebc977f9528e58bbff6bdc5d071c69f0e6540,247.056,427.137,185.432,343.244,25,1524,5.7443,0.0712,60.0,28.065,88.065,148.065,150.0,90.0,6.543,6.0,1.0,0.003,1.0,0.178,6983.834074,0.253601,0.0,3210,1128223,1128223,1.0,1374,1374,1.0,95950,0,1,S8|M3_IMBALANCED|42|A|L2|F1,true,false,false,/home/cyfer/FYP/WSN_simulation_V3/runs/S8_4000/outputs_production_50seed_part41_45/run_campaign_v3_S8_M3_IMBALANCED_A_L2_F1_H3_seed042_42_20260602_122041
campaign_v3_S8_M3_IMBALANCED_A_L2_F1_H3_seed043,campaign_v3_S8_M3_IMBALANCED_A_L2_F1_H3_seed043_43_20260602_122354,S8,4000,160,5,M3_IMBALANCED,43,A,L2,F1,H3,V3,map_S8_M3_IMBALANCED_seed043,ccc22e4ef8c1397a0f4469b6e93dfc0a6ade3f7c90b8695a2752d85a3345281d,237.573,435.001,189.276,361.756,25,1484,5.7363,0.0767,60.0,27.803,87.803,147.803,150.0,90.0,6.232,6.0,1.0,0.002,1.0,0.075,6974.106981,0.25601,0.0,3203,1128549,1128549,1.0,1365,1365,1.0,95975,0,1,S8|M3_IMBALANCED|43|A|L2|F1,true,false,false,/home/cyfer/FYP/WSN_simulation_V3/runs/S8_4000/outputs_production_50seed_part41_45/run_campaign_v3_S8_M3_IMBALANCED_A_L2_F1_H3_seed043_43_20260602_122354
campaign_v3_S8_M3_IMBALANCED_A_L2_F1_H3_seed044,campaign_v3_S8_M3_IMBALANCED_A_L2_F1_H3_seed044_44_20260602_122706,S8,4000,160,5,M3_IMBALANCED,44,A,L2,F1,H3,V3,map_S8_M3_IMBALANCED_seed044,18b4598f5a3028cd0ec09a26c8ad08cf2825d0f3e046e28774c6cada8d46f5d4,238.304,447.671,188.72,354.024,25,1347,5.724,0.0862,60.0,27.687,87.687,147.687,150.0,90.0,6.384,6.0,1.0,0.004,1.0,0.124,6942.584579,0.26391,0.0,3179,1128226,1128226,1.0,1392,1392,1.0,95950,0,1,S8|M3_IMBALANCED|44|A|L2|F1,true,false,false,/home/cyfer/FYP/WSN_simulation_V3/runs/S8_4000/outputs_production_50seed_part41_45/run_campaign_v3_S8_M3_IMBALANCED_A_L2_F1_H3_seed044_44_20260602_122706
campaign_v3_S8_M3_IMBALANCED_A_L2_F1_H3_seed045,campaign_v3_S8_M3_IMBALANCED_A_L2_F1_H3_seed045_45_20260602_123019,S8,4000,160,5,M3_IMBALANCED,45,A,L2,F1,H3,V3,map_S8_M3_IMBALANCED_seed045,b5e4ae07e381292748632709e6d87c74f8d1690b45e6bbdd0b24af35b9949bcc,242.612,452.382,184.251,334.016,25,1083,5.053,0.0788,60.0,27.871,87.871,147.871,150.0,90.0,6.132,6.0,1.0,0.001,1.0,0.043,6949.793868,0.262065,0.0,3182,1128872,1128872,1.0,1392,1392,1.0,96000,0,1,S8|M3_IMBALANCED|45|A|L2|F1,true,false,false,/home/cyfer/FYP/WSN_simulation_V3/runs/S8_4000/outputs_production_50seed_part41_45/run_campaign_v3_S8_M3_IMBALANCED_A_L2_F1_H3_seed045_45_20260602_123019
campaign_v3_S8_M3_IMBALANCED_A_L2_F1_H4_seed041,campaign_v3_S8_M3_IMBALANCED_A_L2_F1_H4_seed041_41_20260602_121727,S8,4000,160,5,M3_IMBALANCED,41,A,L2,F1,H4,V3,map_S8_M3_IMBALANCED_seed041,1e9306d540fd3664839fa3db1c6334e1a1477505f877548ef83e1e59071baecc,240.17,427.3,185.805,362.941,25,1397,5.6535,0.083,60.0,32.389,92.389,152.389,160.0,100.0,6.591,6.0,1.0,0.004,1.0,0.193,6944.731572,0.263374,0.0,3180,1128085,1128085,1.0,1409,1409,1.0,95929,0,1,S8|M3_IMBALANCED|41|A|L2|F1,true,false,false,/home/cyfer/FYP/WSN_simulation_V3/runs/S8_4000/outputs_production_50seed_part41_45/run_campaign_v3_S8_M3_IMBALANCED_A_L2_F1_H4_seed041_41_20260602_121727
campaign_v3_S8_M3_IMBALANCED_A_L2_F1_H4_seed042,campaign_v3_S8_M3_IMBALANCED_A_L2_F1_H4_seed042_42_20260602_122046,S8,4000,160,5,M3_IMBALANCED,42,A,L2,F1,H4,V3,map_S8_M3_IMBALANCED_seed042,7030c1dbddf42a593d11772ab10ebc977f9528e58bbff6bdc5d071c69f0e6540,247.056,427.137,185.432,343.244,25,1524,5.7443,0.0712,60.0,31.556,91.556,151.556,160.0,100.0,6.543,6.0,1.0,0.003,1.0,0.178,6984.124095,0.253528,0.0,3210,1128375,1128375,1.0,1373,1373,1.0,95979,0,1,S8|M3_IMBALANCED|42|A|L2|F1,true,false,false,/home/cyfer/FYP/WSN_simulation_V3/runs/S8_4000/outputs_production_50seed_part41_45/run_campaign_v3_S8_M3_IMBALANCED_A_L2_F1_H4_seed042_42_20260602_122046
campaign_v3_S8_M3_IMBALANCED_A_L2_F1_H4_seed043,campaign_v3_S8_M3_IMBALANCED_A_L2_F1_H4_seed043_43_20260602_122359,S8,4000,160,5,M3_IMBALANCED,43,A,L2,F1,H4,V3,map_S8_M3_IMBALANCED_seed043,ccc22e4ef8c1397a0f4469b6e93dfc0a6ade3f7c90b8695a2752d85a3345281d,237.573,435.001,189.276,361.756,25,1484,5.7363,0.0767,60.0,31.854,91.854,151.854,160.0,100.0,6.232,6.0,1.0,0.002,1.0,0.075,6972.960977,0.256296,0.0,3203,1128271,1128271,1.0,1364,1364,1.0,95929,0,1,S8|M3_IMBALANCED|43|A|L2|F1,true,false,false,/home/cyfer/FYP/WSN_simulation_V3/runs/S8_4000/outputs_production_50seed_part41_45/run_campaign_v3_S8_M3_IMBALANCED_A_L2_F1_H4_seed043_43_20260602_122359
campaign_v3_S8_M3_IMBALANCED_A_L2_F1_H4_seed044,campaign_v3_S8_M3_IMBALANCED_A_L2_F1_H4_seed044_44_20260602_122711,S8,4000,160,5,M3_IMBALANCED,44,A,L2,F1,H4,V3,map_S8_M3_IMBALANCED_seed044,18b4598f5a3028cd0ec09a26c8ad08cf2825d0f3e046e28774c6cada8d46f5d4,238.304,447.671,188.72,354.024,25,1347,5.724,0.0862,60.0,31.658,91.658,151.658,160.0,100.0,6.384,6.0,1.0,0.004,1.0,0.124,6941.650667,0.264144,0.0,3179,1127944,1127944,1.0,1391,1391,1.0,95904,0,1,S8|M3_IMBALANCED|44|A|L2|F1,true,false,false,/home/cyfer/FYP/WSN_simulation_V3/runs/S8_4000/outputs_production_50seed_part41_45/run_campaign_v3_S8_M3_IMBALANCED_A_L2_F1_H4_seed044_44_20260602_122711
campaign_v3_S8_M3_IMBALANCED_A_L2_F1_H4_seed045,campaign_v3_S8_M3_IMBALANCED_A_L2_F1_H4_seed045_45_20260602_123024,S8,4000,160,5,M3_IMBALANCED,45,A,L2,F1,H4,V3,map_S8_M3_IMBALANCED_seed045,b5e4ae07e381292748632709e6d87c74f8d1690b45e6bbdd0b24af35b9949bcc,242.612,452.382,184.251,334.016,25,1083,5.053,0.0788,60.0,31.796,91.796,151.796,160.0,100.0,6.132,6.0,1.0,0.001,1.0,0.043,6948.979481,0.262269,0.0,3182,1128598,1128598,1.0,1391,1391,1.0,95954,0,1,S8|M3_IMBALANCED|45|A|L2|F1,true,false,false,/home/cyfer/FYP/WSN_simulation_V3/runs/S8_4000/outputs_production_50seed_part41_45/run_campaign_v3_S8_M3_IMBALANCED_A_L2_F1_H4_seed045_45_20260602_123024
campaign_v3_S8_M3_IMBALANCED_A_L2_F2_H0_seed041,campaign_v3_S8_M3_IMBALANCED_A_L2_F2_H0_seed041_41_20260602_121711,S8,4000,160,5,M3_IMBALANCED,41,A,L2,F2,H0,V2,map_S8_M3_IMBALANCED_seed041,1e9306d540fd3664839fa3db1c6334e1a1477505f877548ef83e1e59071baecc,240.17,427.3,185.805,362.941,25,1397,5.6535,0.083,60.0,-1.0,-1.0,-1.0,-1.0,-1.0,0.0,0.0,0.0,0.0,0.0,0.0,6945.222798,0.263694,0.0,3179,1128255,1128255,1.0,1405,1405,1.0,96015,1,0,S8|M3_IMBALANCED|41|A|L2|F2,false,false,true,/home/cyfer/FYP/WSN_simulation_V3/runs/S8_4000/outputs_production_50seed_part41_45/run_campaign_v3_S8_M3_IMBALANCED_A_L2_F2_H0_seed041_41_20260602_121711
campaign_v3_S8_M3_IMBALANCED_A_L2_F2_H0_seed042,campaign_v3_S8_M3_IMBALANCED_A_L2_F2_H0_seed042_42_20260602_122029,S8,4000,160,5,M3_IMBALANCED,42,A,L2,F2,H0,V2,map_S8_M3_IMBALANCED_seed042,7030c1dbddf42a593d11772ab10ebc977f9528e58bbff6bdc5d071c69f0e6540,247.056,427.137,185.432,343.244,25,1524,5.7443,0.0712,60.0,-1.0,-1.0,-1.0,-1.0,-1.0,0.0,0.0,0.0,0.0,0.0,0.0,6985.332663,0.253667,0.0,3209,1128725,1128725,1.0,1369,1369,1.0,96005,1,0,S8|M3_IMBALANCED|42|A|L2|F2,false,false,true,/home/cyfer/FYP/WSN_simulation_V3/runs/S8_4000/outputs_production_50seed_part41_45/run_campaign_v3_S8_M3_IMBALANCED_A_L2_F2_H0_seed042_42_20260602_122029
campaign_v3_S8_M3_IMBALANCED_A_L2_F2_H0_seed043,campaign_v3_S8_M3_IMBALANCED_A_L2_F2_H0_seed043_43_20260602_122342,S8,4000,160,5,M3_IMBALANCED,43,A,L2,F2,H0,V2,map_S8_M3_IMBALANCED_seed043,ccc22e4ef8c1397a0f4469b6e93dfc0a6ade3f7c90b8695a2752d85a3345281d,237.573,435.001,189.276,361.756,25,1484,5.7363,0.0767,60.0,-1.0,-1.0,-1.0,-1.0,-1.0,0.0,0.0,0.0,0.0,0.0,0.0,6972.788746,0.256803,0.0,3202,1128255,1128255,1.0,1360,1360,1.0,96015,1,0,S8|M3_IMBALANCED|43|A|L2|F2,false,false,true,/home/cyfer/FYP/WSN_simulation_V3/runs/S8_4000/outputs_production_50seed_part41_45/run_campaign_v3_S8_M3_IMBALANCED_A_L2_F2_H0_seed043_43_20260602_122342
campaign_v3_S8_M3_IMBALANCED_A_L2_F2_H0_seed044,campaign_v3_S8_M3_IMBALANCED_A_L2_F2_H0_seed044_44_20260602_122654,S8,4000,160,5,M3_IMBALANCED,44,A,L2,F2,H0,V2,map_S8_M3_IMBALANCED_seed044,18b4598f5a3028cd0ec09a26c8ad08cf2825d0f3e046e28774c6cada8d46f5d4,238.304,447.671,188.72,354.024,25,1347,5.724,0.0862,60.0,-1.0,-1.0,-1.0,-1.0,-1.0,0.0,0.0,0.0,0.0,0.0,0.0,6941.566692,0.264608,0.0,3178,1128020,1128020,1.0,1387,1387,1.0,96020,1,0,S8|M3_IMBALANCED|44|A|L2|F2,false,false,true,/home/cyfer/FYP/WSN_simulation_V3/runs/S8_4000/outputs_production_50seed_part41_45/run_campaign_v3_S8_M3_IMBALANCED_A_L2_F2_H0_seed044_44_20260602_122654
campaign_v3_S8_M3_IMBALANCED_A_L2_F2_H0_seed045,campaign_v3_S8_M3_IMBALANCED_A_L2_F2_H0_seed045_45_20260602_123007,S8,4000,160,5,M3_IMBALANCED,45,A,L2,F2,H0,V2,map_S8_M3_IMBALANCED_seed045,b5e4ae07e381292748632709e6d87c74f8d1690b45e6bbdd0b24af35b9949bcc,242.612,452.382,184.251,334.016,25,1083,5.053,0.0788,60.0,-1.0,-1.0,-1.0,-1.0,-1.0,0.0,0.0,0.0,0.0,0.0,0.0,6949.022281,0.262744,0.0,3181,1128490,1128490,1.0,1387,1387,1.0,96010,1,0,S8|M3_IMBALANCED|45|A|L2|F2,false,false,true,/home/cyfer/FYP/WSN_simulation_V3/runs/S8_4000/outputs_production_50seed_part41_45/run_campaign_v3_S8_M3_IMBALANCED_A_L2_F2_H0_seed045_45_20260602_123007
campaign_v3_S8_M3_IMBALANCED_A_L2_F2_H1_seed041,campaign_v3_S8_M3_IMBALANCED_A_L2_F2_H1_seed041_41_20260602_121732,S8,4000,160,5,M3_IMBALANCED,41,A,L2,F2,H1,V3,map_S8_M3_IMBALANCED_seed041,1e9306d540fd3664839fa3db1c6334e1a1477505f877548ef83e1e59071baecc,240.17,427.3,185.805,362.941,25,1397,5.6535,0.083,60.0,26.757,86.757,146.757,150.0,90.0,3.563,6.0,1.0,0.002,0.073,0.113,6946.429659,0.263393,0.0,3179,1128699,1128699,1.0,1410,1410,1.0,96000,0,1,S8|M3_IMBALANCED|41|A|L2|F2,true,false,false,/home/cyfer/FYP/WSN_simulation_V3/runs/S8_4000/outputs_production_50seed_part41_45/run_campaign_v3_S8_M3_IMBALANCED_A_L2_F2_H1_seed041_41_20260602_121732
campaign_v3_S8_M3_IMBALANCED_A_L2_F2_H1_seed042,campaign_v3_S8_M3_IMBALANCED_A_L2_F2_H1_seed042_42_20260602_122050,S8,4000,160,5,M3_IMBALANCED,42,A,L2,F2,H1,V3,map_S8_M3_IMBALANCED_seed042,7030c1dbddf42a593d11772ab10ebc977f9528e58bbff6bdc5d071c69f0e6540,247.056,427.137,185.432,343.244,25,1524,5.7443,0.0712,60.0,27.108,87.108,147.108,150.0,90.0,3.163,6.0,1.0,0.001,0.025,0.029,6985.648259,0.253588,0.0,3209,1128872,1128872,1.0,1374,1374,1.0,96000,0,1,S8|M3_IMBALANCED|42|A|L2|F2,true,false,false,/home/cyfer/FYP/WSN_simulation_V3/runs/S8_4000/outputs_production_50seed_part41_45/run_campaign_v3_S8_M3_IMBALANCED_A_L2_F2_H1_seed042_42_20260602_122050
campaign_v3_S8_M3_IMBALANCED_A_L2_F2_H1_seed043,campaign_v3_S8_M3_IMBALANCED_A_L2_F2_H1_seed043_43_20260602_122403,S8,4000,160,5,M3_IMBALANCED,43,A,L2,F2,H1,V3,map_S8_M3_IMBALANCED_seed043,ccc22e4ef8c1397a0f4469b6e93dfc0a6ade3f7c90b8695a2752d85a3345281d,237.573,435.001,189.276,361.756,25,1484,5.7363,0.0767,60.0,27.39,87.39,147.39,150.0,90.0,3.576,6.0,1.0,0.002,0.078,0.112,6974.686937,0.256328,0.0,3202,1128696,1128696,1.0,1365,1365,1.0,96000,0,1,S8|M3_IMBALANCED|43|A|L2|F2,true,false,false,/home/cyfer/FYP/WSN_simulation_V3/runs/S8_4000/outputs_production_50seed_part41_45/run_campaign_v3_S8_M3_IMBALANCED_A_L2_F2_H1_seed043_43_20260602_122403
campaign_v3_S8_M3_IMBALANCED_A_L2_F2_H1_seed044,campaign_v3_S8_M3_IMBALANCED_A_L2_F2_H1_seed044_44_20260602_122715,S8,4000,160,5,M3_IMBALANCED,44,A,L2,F2,H1,V3,map_S8_M3_IMBALANCED_seed044,18b4598f5a3028cd0ec09a26c8ad08cf2825d0f3e046e28774c6cada8d46f5d4,238.304,447.671,188.72,354.024,25,1347,5.724,0.0862,60.0,27.851,87.851,147.851,150.0,90.0,3.893,6.0,1.0,0.003,0.098,0.196,6943.515178,0.264121,0.0,3178,1128608,1128608,1.0,1392,1392,1.0,96000,0,1,S8|M3_IMBALANCED|44|A|L2|F2,true,false,false,/home/cyfer/FYP/WSN_simulation_V3/runs/S8_4000/outputs_production_50seed_part41_45/run_campaign_v3_S8_M3_IMBALANCED_A_L2_F2_H1_seed044_44_20260602_122715
campaign_v3_S8_M3_IMBALANCED_A_L2_F2_H1_seed045,campaign_v3_S8_M3_IMBALANCED_A_L2_F2_H1_seed045_45_20260602_123028,S8,4000,160,5,M3_IMBALANCED,45,A,L2,F2,H1,V3,map_S8_M3_IMBALANCED_seed045,b5e4ae07e381292748632709e6d87c74f8d1690b45e6bbdd0b24af35b9949bcc,242.612,452.382,184.251,334.016,25,1083,5.053,0.0788,60.0,26.529,86.529,146.529,150.0,90.0,3.456,6.0,1.0,0.002,0.048,0.102,6949.926712,0.262518,0.0,3181,1128786,1128786,1.0,1392,1392,1.0,96000,0,1,S8|M3_IMBALANCED|45|A|L2|F2,true,false,false,/home/cyfer/FYP/WSN_simulation_V3/runs/S8_4000/outputs_production_50seed_part41_45/run_campaign_v3_S8_M3_IMBALANCED_A_L2_F2_H1_seed045_45_20260602_123028
campaign_v3_S8_M3_IMBALANCED_A_L2_F2_H3_seed041,campaign_v3_S8_M3_IMBALANCED_A_L2_F2_H3_seed041_41_20260602_121734,S8,4000,160,5,M3_IMBALANCED,41,A,L2,F2,H3,V3,map_S8_M3_IMBALANCED_seed041,1e9306d540fd3664839fa3db1c6334e1a1477505f877548ef83e1e59071baecc,240.17,427.3,185.805,362.941,25,1397,5.6535,0.083,60.0,33.382,93.382,153.382,160.0,100.0,3.563,6.0,1.0,0.002,0.073,0.113,6945.936202,0.263516,0.0,3179,1128537,1128537,1.0,1409,1409,1.0,95975,0,1,S8|M3_IMBALANCED|41|A|L2|F2,true,false,false,/home/cyfer/FYP/WSN_simulation_V3/runs/S8_4000/outputs_production_50seed_part41_45/run_campaign_v3_S8_M3_IMBALANCED_A_L2_F2_H3_seed041_41_20260602_121734
campaign_v3_S8_M3_IMBALANCED_A_L2_F2_H3_seed042,campaign_v3_S8_M3_IMBALANCED_A_L2_F2_H3_seed042_42_20260602_122053,S8,4000,160,5,M3_IMBALANCED,42,A,L2,F2,H3,V3,map_S8_M3_IMBALANCED_seed042,7030c1dbddf42a593d11772ab10ebc977f9528e58bbff6bdc5d071c69f0e6540,247.056,427.137,185.432,343.244,25,1524,5.7443,0.0712,60.0,32.331,92.331,152.331,160.0,100.0,3.163,6.0,1.0,0.001,0.025,0.029,6985.633652,0.253592,0.0,3209,1128867,1128867,1.0,1373,1373,1.0,96000,0,1,S8|M3_IMBALANCED|42|A|L2|F2,true,false,false,/home/cyfer/FYP/WSN_simulation_V3/runs/S8_4000/outputs_production_50seed_part41_45/run_campaign_v3_S8_M3_IMBALANCED_A_L2_F2_H3_seed042_42_20260602_122053
campaign_v3_S8_M3_IMBALANCED_A_L2_F2_H3_seed043,campaign_v3_S8_M3_IMBALANCED_A_L2_F2_H3_seed043_43_20260602_122406,S8,4000,160,5,M3_IMBALANCED,43,A,L2,F2,H3,V3,map_S8_M3_IMBALANCED_seed043,ccc22e4ef8c1397a0f4469b6e93dfc0a6ade3f7c90b8695a2752d85a3345281d,237.573,435.001,189.276,361.756,25,1484,5.7363,0.0767,60.0,33.474,93.474,153.474,160.0,100.0,3.576,6.0,1.0,0.002,0.078,0.112,6974.329236,0.256418,0.0,3202,1128537,1128537,1.0,1364,1364,1.0,95975,0,1,S8|M3_IMBALANCED|43|A|L2|F2,true,false,false,/home/cyfer/FYP/WSN_simulation_V3/runs/S8_4000/outputs_production_50seed_part41_45/run_campaign_v3_S8_M3_IMBALANCED_A_L2_F2_H3_seed043_43_20260602_122406
campaign_v3_S8_M3_IMBALANCED_A_L2_F2_H3_seed044,campaign_v3_S8_M3_IMBALANCED_A_L2_F2_H3_seed044_44_20260602_122718,S8,4000,160,5,M3_IMBALANCED,44,A,L2,F2,H3,V3,map_S8_M3_IMBALANCED_seed044,18b4598f5a3028cd0ec09a26c8ad08cf2825d0f3e046e28774c6cada8d46f5d4,238.304,447.671,188.72,354.024,25,1347,5.724,0.0862,60.0,33.239,93.239,153.239,160.0,100.0,3.893,6.0,1.0,0.003,0.098,0.196,6942.792626,0.264302,0.0,3178,1128302,1128302,1.0,1391,1391,1.0,95950,0,1,S8|M3_IMBALANCED|44|A|L2|F2,true,false,false,/home/cyfer/FYP/WSN_simulation_V3/runs/S8_4000/outputs_production_50seed_part41_45/run_campaign_v3_S8_M3_IMBALANCED_A_L2_F2_H3_seed044_44_20260602_122718
campaign_v3_S8_M3_IMBALANCED_A_L2_F2_H3_seed045,campaign_v3_S8_M3_IMBALANCED_A_L2_F2_H3_seed045_45_20260602_123030,S8,4000,160,5,M3_IMBALANCED,45,A,L2,F2,H3,V3,map_S8_M3_IMBALANCED_seed045,b5e4ae07e381292748632709e6d87c74f8d1690b45e6bbdd0b24af35b9949bcc,242.612,452.382,184.251,334.016,25,1083,5.053,0.0788,60.0,32.896,92.896,152.896,160.0,100.0,3.456,6.0,1.0,0.002,0.048,0.102,6949.339805,0.262665,0.0,3181,1128632,1128632,1.0,1391,1391,1.0,95975,0,1,S8|M3_IMBALANCED|45|A|L2|F2,true,false,false,/home/cyfer/FYP/WSN_simulation_V3/runs/S8_4000/outputs_production_50seed_part41_45/run_campaign_v3_S8_M3_IMBALANCED_A_L2_F2_H3_seed045_45_20260602_123030
campaign_v3_S8_M3_IMBALANCED_A_L2_F2_H4_seed041,campaign_v3_S8_M3_IMBALANCED_A_L2_F2_H4_seed041_41_20260602_121737,S8,4000,160,5,M3_IMBALANCED,41,A,L2,F2,H4,V3,map_S8_M3_IMBALANCED_seed041,1e9306d540fd3664839fa3db1c6334e1a1477505f877548ef83e1e59071baecc,240.17,427.3,185.805,362.941,25,1397,5.6535,0.083,60.0,37.228,97.228,157.228,160.0,100.0,3.563,6.0,1.0,0.002,0.073,0.113,6946.335151,0.263416,0.0,3179,1128666,1128666,1.0,1409,1409,1.0,96000,0,1,S8|M3_IMBALANCED|41|A|L2|F2,true,false,false,/home/cyfer/FYP/WSN_simulation_V3/runs/S8_4000/outputs_production_50seed_part41_45/run_campaign_v3_S8_M3_IMBALANCED_A_L2_F2_H4_seed041_41_20260602_121737
campaign_v3_S8_M3_IMBALANCED_A_L2_F2_H4_seed042,campaign_v3_S8_M3_IMBALANCED_A_L2_F2_H4_seed042_42_20260602_122055,S8,4000,160,5,M3_IMBALANCED,42,A,L2,F2,H4,V3,map_S8_M3_IMBALANCED_seed042,7030c1dbddf42a593d11772ab10ebc977f9528e58bbff6bdc5d071c69f0e6540,247.056,427.137,185.432,343.244,25,1524,5.7443,0.0712,60.0,37.066,97.066,157.066,160.0,100.0,3.163,6.0,1.0,0.001,0.025,0.029,6985.623752,0.253594,0.0,3209,1128862,1128862,1.0,1373,1373,1.0,96000,0,1,S8|M3_IMBALANCED|42|A|L2|F2,true,false,false,/home/cyfer/FYP/WSN_simulation_V3/runs/S8_4000/outputs_production_50seed_part41_45/run_campaign_v3_S8_M3_IMBALANCED_A_L2_F2_H4_seed042_42_20260602_122055
campaign_v3_S8_M3_IMBALANCED_A_L2_F2_H4_seed043,campaign_v3_S8_M3_IMBALANCED_A_L2_F2_H4_seed043_43_20260602_122408,S8,4000,160,5,M3_IMBALANCED,43,A,L2,F2,H4,V3,map_S8_M3_IMBALANCED_seed043,ccc22e4ef8c1397a0f4469b6e93dfc0a6ade3f7c90b8695a2752d85a3345281d,237.573,435.001,189.276,361.756,25,1484,5.7363,0.0767,60.0,37.387,97.387,157.387,160.0,100.0,3.576,6.0,1.0,0.002,0.078,0.112,6974.5529,0.256362,0.0,3202,1128666,1128666,1.0,1364,1364,1.0,96000,0,1,S8|M3_IMBALANCED|43|A|L2|F2,true,false,false,/home/cyfer/FYP/WSN_simulation_V3/runs/S8_4000/outputs_production_50seed_part41_45/run_campaign_v3_S8_M3_IMBALANCED_A_L2_F2_H4_seed043_43_20260602_122408
campaign_v3_S8_M3_IMBALANCED_A_L2_F2_H4_seed044,campaign_v3_S8_M3_IMBALANCED_A_L2_F2_H4_seed044_44_20260602_122720,S8,4000,160,5,M3_IMBALANCED,44,A,L2,F2,H4,V3,map_S8_M3_IMBALANCED_seed044,18b4598f5a3028cd0ec09a26c8ad08cf2825d0f3e046e28774c6cada8d46f5d4,238.304,447.671,188.72,354.024,25,1347,5.724,0.0862,60.0,37.107,97.107,157.107,160.0,100.0,3.893,6.0,1.0,0.003,0.098,0.196,6943.375387,0.264156,0.0,3178,1128568,1128568,1.0,1391,1391,1.0,96000,0,1,S8|M3_IMBALANCED|44|A|L2|F2,true,false,false,/home/cyfer/FYP/WSN_simulation_V3/runs/S8_4000/outputs_production_50seed_part41_45/run_campaign_v3_S8_M3_IMBALANCED_A_L2_F2_H4_seed044_44_20260602_122720
campaign_v3_S8_M3_IMBALANCED_A_L2_F2_H4_seed045,campaign_v3_S8_M3_IMBALANCED_A_L2_F2_H4_seed045_45_20260602_123033,S8,4000,160,5,M3_IMBALANCED,45,A,L2,F2,H4,V3,map_S8_M3_IMBALANCED_seed045,b5e4ae07e381292748632709e6d87c74f8d1690b45e6bbdd0b24af35b9949bcc,242.612,452.382,184.251,334.016,25,1083,5.053,0.0788,60.0,37.449,97.449,157.449,160.0,100.0,3.456,6.0,1.0,0.002,0.048,0.102,6949.855026,0.262536,0.0,3181,1128764,1128764,1.0,1391,1391,1.0,96000,0,1,S8|M3_IMBALANCED|45|A|L2|F2,true,false,false,/home/cyfer/FYP/WSN_simulation_V3/runs/S8_4000/outputs_production_50seed_part41_45/run_campaign_v3_S8_M3_IMBALANCED_A_L2_F2_H4_seed045_45_20260602_123033
campaign_v3_S8_M3_IMBALANCED_A_L2_F3_H0_seed041,campaign_v3_S8_M3_IMBALANCED_A_L2_F3_H0_seed041_41_20260602_121714,S8,4000,160,5,M3_IMBALANCED,41,A,L2,F3,H0,V2,map_S8_M3_IMBALANCED_seed041,1e9306d540fd3664839fa3db1c6334e1a1477505f877548ef83e1e59071baecc,240.17,427.3,185.805,362.941,25,1397,5.6535,0.083,60.0,-1.0,-1.0,-1.0,-1.0,-1.0,0.0,0.0,0.0,0.0,0.0,0.0,6944.432389,0.263892,0.0,3179,1128020,1128020,1.0,1405,1405,1.0,96020,1,0,S8|M3_IMBALANCED|41|A|L2|F3,false,false,true,/home/cyfer/FYP/WSN_simulation_V3/runs/S8_4000/outputs_production_50seed_part41_45/run_campaign_v3_S8_M3_IMBALANCED_A_L2_F3_H0_seed041_41_20260602_121714
campaign_v3_S8_M3_IMBALANCED_A_L2_F3_H0_seed042,campaign_v3_S8_M3_IMBALANCED_A_L2_F3_H0_seed042_42_20260602_122032,S8,4000,160,5,M3_IMBALANCED,42,A,L2,F3,H0,V2,map_S8_M3_IMBALANCED_seed042,7030c1dbddf42a593d11772ab10ebc977f9528e58bbff6bdc5d071c69f0e6540,247.056,427.137,185.432,343.244,25,1524,5.7443,0.0712,60.0,-1.0,-1.0,-1.0,-1.0,-1.0,0.0,0.0,0.0,0.0,0.0,0.0,6968.535617,0.257866,0.0,3200,1125670,1125670,1.0,1369,1369,1.0,96070,1,0,S8|M3_IMBALANCED|42|A|L2|F3,false,false,true,/home/cyfer/FYP/WSN_simulation_V3/runs/S8_4000/outputs_production_50seed_part41_45/run_campaign_v3_S8_M3_IMBALANCED_A_L2_F3_H0_seed042_42_20260602_122032
campaign_v3_S8_M3_IMBALANCED_A_L2_F3_H0_seed043,campaign_v3_S8_M3_IMBALANCED_A_L2_F3_H0_seed043_43_20260602_122344,S8,4000,160,5,M3_IMBALANCED,43,A,L2,F3,H0,V2,map_S8_M3_IMBALANCED_seed043,ccc22e4ef8c1397a0f4469b6e93dfc0a6ade3f7c90b8695a2752d85a3345281d,237.573,435.001,189.276,361.756,25,1484,5.7363,0.0767,60.0,-1.0,-1.0,-1.0,-1.0,-1.0,0.0,0.0,0.0,0.0,0.0,0.0,6969.456109,0.257636,0.0,3201,1127080,1127080,1.0,1360,1360,1.0,96040,1,0,S8|M3_IMBALANCED|43|A|L2|F3,false,false,true,/home/cyfer/FYP/WSN_simulation_V3/runs/S8_4000/outputs_production_50seed_part41_45/run_campaign_v3_S8_M3_IMBALANCED_A_L2_F3_H0_seed043_43_20260602_122344
campaign_v3_S8_M3_IMBALANCED_A_L2_F3_H0_seed044,campaign_v3_S8_M3_IMBALANCED_A_L2_F3_H0_seed044_44_20260602_122657,S8,4000,160,5,M3_IMBALANCED,44,A,L2,F3,H0,V2,map_S8_M3_IMBALANCED_seed044,18b4598f5a3028cd0ec09a26c8ad08cf2825d0f3e046e28774c6cada8d46f5d4,238.304,447.671,188.72,354.024,25,1347,5.724,0.0862,60.0,-1.0,-1.0,-1.0,-1.0,-1.0,0.0,0.0,0.0,0.0,0.0,0.0,6941.81502,0.264546,0.0,3178,1128020,1128020,1.0,1387,1387,1.0,96020,1,0,S8|M3_IMBALANCED|44|A|L2|F3,false,false,true,/home/cyfer/FYP/WSN_simulation_V3/runs/S8_4000/outputs_production_50seed_part41_45/run_campaign_v3_S8_M3_IMBALANCED_A_L2_F3_H0_seed044_44_20260602_122657
campaign_v3_S8_M3_IMBALANCED_A_L2_F3_H0_seed045,campaign_v3_S8_M3_IMBALANCED_A_L2_F3_H0_seed045_45_20260602_123009,S8,4000,160,5,M3_IMBALANCED,45,A,L2,F3,H0,V2,map_S8_M3_IMBALANCED_seed045,b5e4ae07e381292748632709e6d87c74f8d1690b45e6bbdd0b24af35b9949bcc,242.612,452.382,184.251,334.016,25,1083,5.053,0.0788,60.0,-1.0,-1.0,-1.0,-1.0,-1.0,0.0,0.0,0.0,0.0,0.0,0.0,6949.098684,0.262725,0.0,3181,1128490,1128490,1.0,1387,1387,1.0,96010,1,0,S8|M3_IMBALANCED|45|A|L2|F3,false,false,true,/home/cyfer/FYP/WSN_simulation_V3/runs/S8_4000/outputs_production_50seed_part41_45/run_campaign_v3_S8_M3_IMBALANCED_A_L2_F3_H0_seed045_45_20260602_123009
campaign_v3_S8_M3_IMBALANCED_A_L2_F3_H1_seed041,campaign_v3_S8_M3_IMBALANCED_A_L2_F3_H1_seed041_41_20260602_121739,S8,4000,160,5,M3_IMBALANCED,41,A,L2,F3,H1,V3,map_S8_M3_IMBALANCED_seed041,1e9306d540fd3664839fa3db1c6334e1a1477505f877548ef83e1e59071baecc,240.17,427.3,185.805,362.941,25,1397,5.6535,0.083,60.0,30.991,90.991,150.991,160.0,100.0,3.721,6.0,1.0,0.003,0.097,0.141,6944.53447,0.263866,0.0,3179,1128036,1128036,1.0,1409,1409,1.0,95904,0,1,S8|M3_IMBALANCED|41|A|L2|F3,true,false,false,/home/cyfer/FYP/WSN_simulation_V3/runs/S8_4000/outputs_production_50seed_part41_45/run_campaign_v3_S8_M3_IMBALANCED_A_L2_F3_H1_seed041_41_20260602_121739
campaign_v3_S8_M3_IMBALANCED_A_L2_F3_H1_seed042,campaign_v3_S8_M3_IMBALANCED_A_L2_F3_H1_seed042_42_20260602_122058,S8,4000,160,5,M3_IMBALANCED,42,A,L2,F3,H1,V3,map_S8_M3_IMBALANCED_seed042,7030c1dbddf42a593d11772ab10ebc977f9528e58bbff6bdc5d071c69f0e6540,247.056,427.137,185.432,343.244,25,1524,5.7443,0.0712,60.0,32.052,92.052,152.052,160.0,100.0,4.713,6.0,1.0,0.009,0.449,0.113,6968.780182,0.257805,0.0,3200,1125686,1125686,1.0,1373,1373,1.0,95654,0,1,S8|M3_IMBALANCED|42|A|L2|F3,true,false,false,/home/cyfer/FYP/WSN_simulation_V3/runs/S8_4000/outputs_production_50seed_part41_45/run_campaign_v3_S8_M3_IMBALANCED_A_L2_F3_H1_seed042_42_20260602_122058
campaign_v3_S8_M3_IMBALANCED_A_L2_F3_H1_seed043,campaign_v3_S8_M3_IMBALANCED_A_L2_F3_H1_seed043_43_20260602_122411,S8,4000,160,5,M3_IMBALANCED,43,A,L2,F3,H1,V3,map_S8_M3_IMBALANCED_seed043,ccc22e4ef8c1397a0f4469b6e93dfc0a6ade3f7c90b8695a2752d85a3345281d,237.573,435.001,189.276,361.756,25,1484,5.7363,0.0767,60.0,31.767,91.767,151.767,160.0,100.0,3.855,6.0,1.0,0.005,0.186,0.094,6969.575107,0.257606,0.0,3201,1127096,1127096,1.0,1364,1364,1.0,95804,0,1,S8|M3_IMBALANCED|43|A|L2|F3,true,false,false,/home/cyfer/FYP/WSN_simulation_V3/runs/S8_4000/outputs_production_50seed_part41_45/run_campaign_v3_S8_M3_IMBALANCED_A_L2_F3_H1_seed043_43_20260602_122411
campaign_v3_S8_M3_IMBALANCED_A_L2_F3_H1_seed044,campaign_v3_S8_M3_IMBALANCED_A_L2_F3_H1_seed044_44_20260602_122722,S8,4000,160,5,M3_IMBALANCED,44,A,L2,F3,H1,V3,map_S8_M3_IMBALANCED_seed044,18b4598f5a3028cd0ec09a26c8ad08cf2825d0f3e046e28774c6cada8d46f5d4,238.304,447.671,188.72,354.024,25,1347,5.724,0.0862,60.0,31.569,91.569,151.569,160.0,100.0,3.769,6.0,1.0,0.003,0.094,0.16,6941.924828,0.264519,0.0,3178,1128036,1128036,1.0,1391,1391,1.0,95904,0,1,S8|M3_IMBALANCED|44|A|L2|F3,true,false,false,/home/cyfer/FYP/WSN_simulation_V3/runs/S8_4000/outputs_production_50seed_part41_45/run_campaign_v3_S8_M3_IMBALANCED_A_L2_F3_H1_seed044_44_20260602_122722
campaign_v3_S8_M3_IMBALANCED_A_L2_F3_H1_seed045,campaign_v3_S8_M3_IMBALANCED_A_L2_F3_H1_seed045_45_20260602_123035,S8,4000,160,5,M3_IMBALANCED,45,A,L2,F3,H1,V3,map_S8_M3_IMBALANCED_seed045,b5e4ae07e381292748632709e6d87c74f8d1690b45e6bbdd0b24af35b9949bcc,242.612,452.382,184.251,334.016,25,1083,5.053,0.0788,60.0,30.94,90.94,150.94,160.0,100.0,3.671,6.0,1.0,0.002,0.047,0.175,6949.193364,0.262702,0.0,3181,1128506,1128506,1.0,1391,1391,1.0,95954,0,1,S8|M3_IMBALANCED|45|A|L2|F3,true,false,false,/home/cyfer/FYP/WSN_simulation_V3/runs/S8_4000/outputs_production_50seed_part41_45/run_campaign_v3_S8_M3_IMBALANCED_A_L2_F3_H1_seed045_45_20260602_123035
campaign_v3_S8_M3_IMBALANCED_A_L2_F3_H3_seed041,campaign_v3_S8_M3_IMBALANCED_A_L2_F3_H3_seed041_41_20260602_121742,S8,4000,160,5,M3_IMBALANCED,41,A,L2,F3,H3,V3,map_S8_M3_IMBALANCED_seed041,1e9306d540fd3664839fa3db1c6334e1a1477505f877548ef83e1e59071baecc,240.17,427.3,185.805,362.941,25,1397,5.6535,0.083,60.0,37.122,97.122,157.122,160.0,100.0,3.721,6.0,1.0,0.003,0.097,0.141,6944.544112,0.263864,0.0,3179,1128036,1128036,1.0,1409,1409,1.0,95904,0,1,S8|M3_IMBALANCED|41|A|L2|F3,true,false,false,/home/cyfer/FYP/WSN_simulation_V3/runs/S8_4000/outputs_production_50seed_part41_45/run_campaign_v3_S8_M3_IMBALANCED_A_L2_F3_H3_seed041_41_20260602_121742
campaign_v3_S8_M3_IMBALANCED_A_L2_F3_H3_seed042,campaign_v3_S8_M3_IMBALANCED_A_L2_F3_H3_seed042_42_20260602_122100,S8,4000,160,5,M3_IMBALANCED,42,A,L2,F3,H3,V3,map_S8_M3_IMBALANCED_seed042,7030c1dbddf42a593d11772ab10ebc977f9528e58bbff6bdc5d071c69f0e6540,247.056,427.137,185.432,343.244,25,1524,5.7443,0.0712,60.0,38.37,98.37,158.37,160.0,100.0,4.713,6.0,1.0,0.009,0.449,0.113,6968.772632,0.257807,0.0,3200,1125686,1125686,1.0,1373,1373,1.0,95654,0,1,S8|M3_IMBALANCED|42|A|L2|F3,true,false,false,/home/cyfer/FYP/WSN_simulation_V3/runs/S8_4000/outputs_production_50seed_part41_45/run_campaign_v3_S8_M3_IMBALANCED_A_L2_F3_H3_seed042_42_20260602_122100
campaign_v3_S8_M3_IMBALANCED_A_L2_F3_H3_seed043,campaign_v3_S8_M3_IMBALANCED_A_L2_F3_H3_seed043_43_20260602_122413,S8,4000,160,5,M3_IMBALANCED,43,A,L2,F3,H3,V3,map_S8_M3_IMBALANCED_seed043,ccc22e4ef8c1397a0f4469b6e93dfc0a6ade3f7c90b8695a2752d85a3345281d,237.573,435.001,189.276,361.756,25,1484,5.7363,0.0767,60.0,37.37,97.37,157.37,160.0,100.0,3.855,6.0,1.0,0.005,0.186,0.094,6969.583188,0.257604,0.0,3201,1127096,1127096,1.0,1364,1364,1.0,95804,0,1,S8|M3_IMBALANCED|43|A|L2|F3,true,false,false,/home/cyfer/FYP/WSN_simulation_V3/runs/S8_4000/outputs_production_50seed_part41_45/run_campaign_v3_S8_M3_IMBALANCED_A_L2_F3_H3_seed043_43_20260602_122413
campaign_v3_S8_M3_IMBALANCED_A_L2_F3_H3_seed044,campaign_v3_S8_M3_IMBALANCED_A_L2_F3_H3_seed044_44_20260602_122725,S8,4000,160,5,M3_IMBALANCED,44,A,L2,F3,H3,V3,map_S8_M3_IMBALANCED_seed044,18b4598f5a3028cd0ec09a26c8ad08cf2825d0f3e046e28774c6cada8d46f5d4,238.304,447.671,188.72,354.024,25,1347,5.724,0.0862,60.0,37.492,97.492,157.492,160.0,100.0,3.769,6.0,1.0,0.003,0.094,0.16,6941.91892,0.26452,0.0,3178,1128036,1128036,1.0,1391,1391,1.0,95904,0,1,S8|M3_IMBALANCED|44|A|L2|F3,true,false,false,/home/cyfer/FYP/WSN_simulation_V3/runs/S8_4000/outputs_production_50seed_part41_45/run_campaign_v3_S8_M3_IMBALANCED_A_L2_F3_H3_seed044_44_20260602_122725
campaign_v3_S8_M3_IMBALANCED_A_L2_F3_H3_seed045,campaign_v3_S8_M3_IMBALANCED_A_L2_F3_H3_seed045_45_20260602_123038,S8,4000,160,5,M3_IMBALANCED,45,A,L2,F3,H3,V3,map_S8_M3_IMBALANCED_seed045,b5e4ae07e381292748632709e6d87c74f8d1690b45e6bbdd0b24af35b9949bcc,242.612,452.382,184.251,334.016,25,1083,5.053,0.0788,60.0,37.197,97.197,157.197,160.0,100.0,3.671,6.0,1.0,0.002,0.047,0.175,6949.17877,0.262705,0.0,3181,1128506,1128506,1.0,1391,1391,1.0,95954,0,1,S8|M3_IMBALANCED|45|A|L2|F3,true,false,false,/home/cyfer/FYP/WSN_simulation_V3/runs/S8_4000/outputs_production_50seed_part41_45/run_campaign_v3_S8_M3_IMBALANCED_A_L2_F3_H3_seed045_45_20260602_123038
campaign_v3_S8_M3_IMBALANCED_A_L2_F3_H4_seed041,campaign_v3_S8_M3_IMBALANCED_A_L2_F3_H4_seed041_41_20260602_121744,S8,4000,160,5,M3_IMBALANCED,41,A,L2,F3,H4,V3,map_S8_M3_IMBALANCED_seed041,1e9306d540fd3664839fa3db1c6334e1a1477505f877548ef83e1e59071baecc,240.17,427.3,185.805,362.941,25,1397,5.6535,0.083,60.0,41.568,101.568,161.568,170.0,110.0,3.721,6.0,1.0,0.003,0.097,0.141,6944.53447,0.263866,0.0,3179,1128036,1128036,1.0,1409,1409,1.0,95904,0,1,S8|M3_IMBALANCED|41|A|L2|F3,true,false,false,/home/cyfer/FYP/WSN_simulation_V3/runs/S8_4000/outputs_production_50seed_part41_45/run_campaign_v3_S8_M3_IMBALANCED_A_L2_F3_H4_seed041_41_20260602_121744
campaign_v3_S8_M3_IMBALANCED_A_L2_F3_H4_seed042,campaign_v3_S8_M3_IMBALANCED_A_L2_F3_H4_seed042_42_20260602_122103,S8,4000,160,5,M3_IMBALANCED,42,A,L2,F3,H4,V3,map_S8_M3_IMBALANCED_seed042,7030c1dbddf42a593d11772ab10ebc977f9528e58bbff6bdc5d071c69f0e6540,247.056,427.137,185.432,343.244,25,1524,5.7443,0.0712,60.0,42.346,102.346,162.346,170.0,110.0,4.713,6.0,1.0,0.009,0.449,0.113,6968.780182,0.257805,0.0,3200,1125686,1125686,1.0,1373,1373,1.0,95654,0,1,S8|M3_IMBALANCED|42|A|L2|F3,true,false,false,/home/cyfer/FYP/WSN_simulation_V3/runs/S8_4000/outputs_production_50seed_part41_45/run_campaign_v3_S8_M3_IMBALANCED_A_L2_F3_H4_seed042_42_20260602_122103
campaign_v3_S8_M3_IMBALANCED_A_L2_F3_H4_seed043,campaign_v3_S8_M3_IMBALANCED_A_L2_F3_H4_seed043_43_20260602_122416,S8,4000,160,5,M3_IMBALANCED,43,A,L2,F3,H4,V3,map_S8_M3_IMBALANCED_seed043,ccc22e4ef8c1397a0f4469b6e93dfc0a6ade3f7c90b8695a2752d85a3345281d,237.573,435.001,189.276,361.756,25,1484,5.7363,0.0767,60.0,41.047,101.047,161.047,170.0,110.0,3.855,6.0,1.0,0.005,0.186,0.094,6969.575107,0.257606,0.0,3201,1127096,1127096,1.0,1364,1364,1.0,95804,0,1,S8|M3_IMBALANCED|43|A|L2|F3,true,false,false,/home/cyfer/FYP/WSN_simulation_V3/runs/S8_4000/outputs_production_50seed_part41_45/run_campaign_v3_S8_M3_IMBALANCED_A_L2_F3_H4_seed043_43_20260602_122416
campaign_v3_S8_M3_IMBALANCED_A_L2_F3_H4_seed044,campaign_v3_S8_M3_IMBALANCED_A_L2_F3_H4_seed044_44_20260602_122727,S8,4000,160,5,M3_IMBALANCED,44,A,L2,F3,H4,V3,map_S8_M3_IMBALANCED_seed044,18b4598f5a3028cd0ec09a26c8ad08cf2825d0f3e046e28774c6cada8d46f5d4,238.304,447.671,188.72,354.024,25,1347,5.724,0.0862,60.0,41.467,101.467,161.467,170.0,110.0,3.769,6.0,1.0,0.003,0.094,0.16,6941.924828,0.264519,0.0,3178,1128036,1128036,1.0,1391,1391,1.0,95904,0,1,S8|M3_IMBALANCED|44|A|L2|F3,true,false,false,/home/cyfer/FYP/WSN_simulation_V3/runs/S8_4000/outputs_production_50seed_part41_45/run_campaign_v3_S8_M3_IMBALANCED_A_L2_F3_H4_seed044_44_20260602_122727
campaign_v3_S8_M3_IMBALANCED_A_L2_F3_H4_seed045,campaign_v3_S8_M3_IMBALANCED_A_L2_F3_H4_seed045_45_20260602_123040,S8,4000,160,5,M3_IMBALANCED,45,A,L2,F3,H4,V3,map_S8_M3_IMBALANCED_seed045,b5e4ae07e381292748632709e6d87c74f8d1690b45e6bbdd0b24af35b9949bcc,242.612,452.382,184.251,334.016,25,1083,5.053,0.0788,60.0,41.632,101.632,161.632,170.0,110.0,3.671,6.0,1.0,0.002,0.047,0.175,6949.193364,0.262702,0.0,3181,1128506,1128506,1.0,1391,1391,1.0,95954,0,1,S8|M3_IMBALANCED|45|A|L2|F3,true,false,false,/home/cyfer/FYP/WSN_simulation_V3/runs/S8_4000/outputs_production_50seed_part41_45/run_campaign_v3_S8_M3_IMBALANCED_A_L2_F3_H4_seed045_45_20260602_123040
campaign_v3_S8_M3_IMBALANCED_A_L2_F4_H0_seed041,campaign_v3_S8_M3_IMBALANCED_A_L2_F4_H0_seed041_41_20260602_121716,S8,4000,160,5,M3_IMBALANCED,41,A,L2,F4,H0,V2,map_S8_M3_IMBALANCED_seed041,1e9306d540fd3664839fa3db1c6334e1a1477505f877548ef83e1e59071baecc,240.17,427.3,185.805,362.941,25,1397,5.6535,0.083,60.0,-1.0,-1.0,-1.0,-1.0,-1.0,0.0,0.0,0.0,0.0,0.0,0.0,6944.080148,0.26398,0.0,3179,1127785,1127785,1.0,1405,1405,1.0,96025,1,0,S8|M3_IMBALANCED|41|A|L2|F4,false,false,true,/home/cyfer/FYP/WSN_simulation_V3/runs/S8_4000/outputs_production_50seed_part41_45/run_campaign_v3_S8_M3_IMBALANCED_A_L2_F4_H0_seed041_41_20260602_121716
campaign_v3_S8_M3_IMBALANCED_A_L2_F4_H0_seed042,campaign_v3_S8_M3_IMBALANCED_A_L2_F4_H0_seed042_42_20260602_122034,S8,4000,160,5,M3_IMBALANCED,42,A,L2,F4,H0,V2,map_S8_M3_IMBALANCED_seed042,7030c1dbddf42a593d11772ab10ebc977f9528e58bbff6bdc5d071c69f0e6540,247.056,427.137,185.432,343.244,25,1524,5.7443,0.0712,60.0,-1.0,-1.0,-1.0,-1.0,-1.0,0.0,0.0,0.0,0.0,0.0,0.0,6982.299292,0.254425,0.0,3209,1127785,1127785,1.0,1369,1369,1.0,96025,1,0,S8|M3_IMBALANCED|42|A|L2|F4,false,false,true,/home/cyfer/FYP/WSN_simulation_V3/runs/S8_4000/outputs_production_50seed_part41_45/run_campaign_v3_S8_M3_IMBALANCED_A_L2_F4_H0_seed042_42_20260602_122034
campaign_v3_S8_M3_IMBALANCED_A_L2_F4_H0_seed043,campaign_v3_S8_M3_IMBALANCED_A_L2_F4_H0_seed043_43_20260602_122347,S8,4000,160,5,M3_IMBALANCED,43,A,L2,F4,H0,V2,map_S8_M3_IMBALANCED_seed043,ccc22e4ef8c1397a0f4469b6e93dfc0a6ade3f7c90b8695a2752d85a3345281d,237.573,435.001,189.276,361.756,25,1484,5.7363,0.0767,60.0,-1.0,-1.0,-1.0,-1.0,-1.0,0.0,0.0,0.0,0.0,0.0,0.0,6972.970943,0.256757,0.0,3202,1128255,1128255,1.0,1360,1360,1.0,96015,1,0,S8|M3_IMBALANCED|43|A|L2|F4,false,false,true,/home/cyfer/FYP/WSN_simulation_V3/runs/S8_4000/outputs_production_50seed_part41_45/run_campaign_v3_S8_M3_IMBALANCED_A_L2_F4_H0_seed043_43_20260602_122347
campaign_v3_S8_M3_IMBALANCED_A_L2_F4_H0_seed044,campaign_v3_S8_M3_IMBALANCED_A_L2_F4_H0_seed044_44_20260602_122659,S8,4000,160,5,M3_IMBALANCED,44,A,L2,F4,H0,V2,map_S8_M3_IMBALANCED_seed044,18b4598f5a3028cd0ec09a26c8ad08cf2825d0f3e046e28774c6cada8d46f5d4,238.304,447.671,188.72,354.024,25,1347,5.724,0.0862,60.0,-1.0,-1.0,-1.0,-1.0,-1.0,0.0,0.0,0.0,0.0,0.0,0.0,6941.209856,0.264698,0.0,3178,1127785,1127785,1.0,1387,1387,1.0,96025,1,0,S8|M3_IMBALANCED|44|A|L2|F4,false,false,true,/home/cyfer/FYP/WSN_simulation_V3/runs/S8_4000/outputs_production_50seed_part41_45/run_campaign_v3_S8_M3_IMBALANCED_A_L2_F4_H0_seed044_44_20260602_122659
campaign_v3_S8_M3_IMBALANCED_A_L2_F4_H0_seed045,campaign_v3_S8_M3_IMBALANCED_A_L2_F4_H0_seed045_45_20260602_123012,S8,4000,160,5,M3_IMBALANCED,45,A,L2,F4,H0,V2,map_S8_M3_IMBALANCED_seed045,b5e4ae07e381292748632709e6d87c74f8d1690b45e6bbdd0b24af35b9949bcc,242.612,452.382,184.251,334.016,25,1083,5.053,0.0788,60.0,-1.0,-1.0,-1.0,-1.0,-1.0,0.0,0.0,0.0,0.0,0.0,0.0,6949.472141,0.262632,0.0,3181,1128725,1128725,1.0,1387,1387,1.0,96005,1,0,S8|M3_IMBALANCED|45|A|L2|F4,false,false,true,/home/cyfer/FYP/WSN_simulation_V3/runs/S8_4000/outputs_production_50seed_part41_45/run_campaign_v3_S8_M3_IMBALANCED_A_L2_F4_H0_seed045_45_20260602_123012
campaign_v3_S8_M3_IMBALANCED_A_L2_F4_H1_seed041,campaign_v3_S8_M3_IMBALANCED_A_L2_F4_H1_seed041_41_20260602_121747,S8,4000,160,5,M3_IMBALANCED,41,A,L2,F4,H1,V3,map_S8_M3_IMBALANCED_seed041,1e9306d540fd3664839fa3db1c6334e1a1477505f877548ef83e1e59071baecc,240.17,427.3,185.805,362.941,25,1397,5.6535,0.083,60.0,37.696,97.696,157.696,160.0,100.0,3.931,6.0,1.0,0.004,0.113,0.193,6944.490762,0.263877,0.0,3179,1127911,1127911,1.0,1409,1409,1.0,95879,0,1,S8|M3_IMBALANCED|41|A|L2|F4,true,false,false,/home/cyfer/FYP/WSN_simulation_V3/runs/S8_4000/outputs_production_50seed_part41_45/run_campaign_v3_S8_M3_IMBALANCED_A_L2_F4_H1_seed041_41_20260602_121747
campaign_v3_S8_M3_IMBALANCED_A_L2_F4_H1_seed042,campaign_v3_S8_M3_IMBALANCED_A_L2_F4_H1_seed042_42_20260602_122105,S8,4000,160,5,M3_IMBALANCED,42,A,L2,F4,H1,V3,map_S8_M3_IMBALANCED_seed042,7030c1dbddf42a593d11772ab10ebc977f9528e58bbff6bdc5d071c69f0e6540,247.056,427.137,185.432,343.244,25,1524,5.7443,0.0712,60.0,37.287,97.287,157.287,160.0,100.0,3.898,6.0,1.0,0.003,0.118,0.178,6982.744818,0.254314,0.0,3209,1127911,1127911,1.0,1373,1373,1.0,95879,0,1,S8|M3_IMBALANCED|42|A|L2|F4,true,false,false,/home/cyfer/FYP/WSN_simulation_V3/runs/S8_4000/outputs_production_50seed_part41_45/run_campaign_v3_S8_M3_IMBALANCED_A_L2_F4_H1_seed042_42_20260602_122105
campaign_v3_S8_M3_IMBALANCED_A_L2_F4_H1_seed043,campaign_v3_S8_M3_IMBALANCED_A_L2_F4_H1_seed043_43_20260602_122418,S8,4000,160,5,M3_IMBALANCED,43,A,L2,F4,H1,V3,map_S8_M3_IMBALANCED_seed043,ccc22e4ef8c1397a0f4469b6e93dfc0a6ade3f7c90b8695a2752d85a3345281d,237.573,435.001,189.276,361.756,25,1484,5.7363,0.0767,60.0,36.869,96.869,156.869,160.0,100.0,3.452,6.0,1.0,0.002,0.073,0.075,6973.304579,0.256674,0.0,3202,1128340,1128340,1.0,1364,1364,1.0,95929,0,1,S8|M3_IMBALANCED|43|A|L2|F4,true,false,false,/home/cyfer/FYP/WSN_simulation_V3/runs/S8_4000/outputs_production_50seed_part41_45/run_campaign_v3_S8_M3_IMBALANCED_A_L2_F4_H1_seed043_43_20260602_122418
campaign_v3_S8_M3_IMBALANCED_A_L2_F4_H1_seed044,campaign_v3_S8_M3_IMBALANCED_A_L2_F4_H1_seed044_44_20260602_122730,S8,4000,160,5,M3_IMBALANCED,44,A,L2,F4,H1,V3,map_S8_M3_IMBALANCED_seed044,18b4598f5a3028cd0ec09a26c8ad08cf2825d0f3e046e28774c6cada8d46f5d4,238.304,447.671,188.72,354.024,25,1347,5.724,0.0862,60.0,37.704,97.704,157.704,160.0,100.0,3.723,6.0,1.0,0.004,0.113,0.124,6941.66143,0.264585,0.0,3178,1127911,1127911,1.0,1391,1391,1.0,95879,0,1,S8|M3_IMBALANCED|44|A|L2|F4,true,false,false,/home/cyfer/FYP/WSN_simulation_V3/runs/S8_4000/outputs_production_50seed_part41_45/run_campaign_v3_S8_M3_IMBALANCED_A_L2_F4_H1_seed044_44_20260602_122730
campaign_v3_S8_M3_IMBALANCED_A_L2_F4_H1_seed045,campaign_v3_S8_M3_IMBALANCED_A_L2_F4_H1_seed045_45_20260602_123043,S8,4000,160,5,M3_IMBALANCED,45,A,L2,F4,H1,V3,map_S8_M3_IMBALANCED_seed045,b5e4ae07e381292748632709e6d87c74f8d1690b45e6bbdd0b24af35b9949bcc,242.612,452.382,184.251,334.016,25,1083,5.053,0.0788,60.0,36.275,96.275,156.275,160.0,100.0,3.215,6.0,1.0,0.001,0.028,0.043,6949.572895,0.262607,0.0,3181,1128764,1128764,1.0,1391,1391,1.0,95979,0,1,S8|M3_IMBALANCED|45|A|L2|F4,true,false,false,/home/cyfer/FYP/WSN_simulation_V3/runs/S8_4000/outputs_production_50seed_part41_45/run_campaign_v3_S8_M3_IMBALANCED_A_L2_F4_H1_seed045_45_20260602_123043
campaign_v3_S8_M3_IMBALANCED_A_L2_F4_H3_seed041,campaign_v3_S8_M3_IMBALANCED_A_L2_F4_H3_seed041_41_20260602_121749,S8,4000,160,5,M3_IMBALANCED,41,A,L2,F4,H3,V3,map_S8_M3_IMBALANCED_seed041,1e9306d540fd3664839fa3db1c6334e1a1477505f877548ef83e1e59071baecc,240.17,427.3,185.805,362.941,25,1397,5.6535,0.083,60.0,43.349,103.349,163.349,170.0,110.0,3.931,6.0,1.0,0.004,0.113,0.193,6944.319093,0.26392,0.0,3179,1127849,1127849,1.0,1409,1409,1.0,95879,0,1,S8|M3_IMBALANCED|41|A|L2|F4,true,false,false,/home/cyfer/FYP/WSN_simulation_V3/runs/S8_4000/outputs_production_50seed_part41_45/run_campaign_v3_S8_M3_IMBALANCED_A_L2_F4_H3_seed041_41_20260602_121749
campaign_v3_S8_M3_IMBALANCED_A_L2_F4_H3_seed042,campaign_v3_S8_M3_IMBALANCED_A_L2_F4_H3_seed042_42_20260602_122108,S8,4000,160,5,M3_IMBALANCED,42,A,L2,F4,H3,V3,map_S8_M3_IMBALANCED_seed042,7030c1dbddf42a593d11772ab10ebc977f9528e58bbff6bdc5d071c69f0e6540,247.056,427.137,185.432,343.244,25,1524,5.7443,0.0712,60.0,43.206,103.206,163.206,170.0,110.0,3.898,6.0,1.0,0.003,0.118,0.178,6982.576863,0.254356,0.0,3209,1127849,1127849,1.0,1373,1373,1.0,95879,0,1,S8|M3_IMBALANCED|42|A|L2|F4,true,false,false,/home/cyfer/FYP/WSN_simulation_V3/runs/S8_4000/outputs_production_50seed_part41_45/run_campaign_v3_S8_M3_IMBALANCED_A_L2_F4_H3_seed042_42_20260602_122108
campaign_v3_S8_M3_IMBALANCED_A_L2_F4_H3_seed043,campaign_v3_S8_M3_IMBALANCED_A_L2_F4_H3_seed043_43_20260602_122421,S8,4000,160,5,M3_IMBALANCED,43,A,L2,F4,H3,V3,map_S8_M3_IMBALANCED_seed043,ccc22e4ef8c1397a0f4469b6e93dfc0a6ade3f7c90b8695a2752d85a3345281d,237.573,435.001,189.276,361.756,25,1484,5.7363,0.0767,60.0,42.651,102.651,162.651,170.0,110.0,3.452,6.0,1.0,0.002,0.073,0.075,6973.192493,0.256702,0.0,3202,1128305,1128305,1.0,1364,1364,1.0,95929,0,1,S8|M3_IMBALANCED|43|A|L2|F4,true,false,false,/home/cyfer/FYP/WSN_simulation_V3/runs/S8_4000/outputs_production_50seed_part41_45/run_campaign_v3_S8_M3_IMBALANCED_A_L2_F4_H3_seed043_43_20260602_122421
campaign_v3_S8_M3_IMBALANCED_A_L2_F4_H3_seed044,campaign_v3_S8_M3_IMBALANCED_A_L2_F4_H3_seed044_44_20260602_122732,S8,4000,160,5,M3_IMBALANCED,44,A,L2,F4,H3,V3,map_S8_M3_IMBALANCED_seed044,18b4598f5a3028cd0ec09a26c8ad08cf2825d0f3e046e28774c6cada8d46f5d4,238.304,447.671,188.72,354.024,25,1347,5.724,0.0862,60.0,43.153,103.153,163.153,170.0,110.0,3.723,6.0,1.0,0.004,0.113,0.124,6941.461476,0.264635,0.0,3178,1127849,1127849,1.0,1391,1391,1.0,95879,0,1,S8|M3_IMBALANCED|44|A|L2|F4,true,false,false,/home/cyfer/FYP/WSN_simulation_V3/runs/S8_4000/outputs_production_50seed_part41_45/run_campaign_v3_S8_M3_IMBALANCED_A_L2_F4_H3_seed044_44_20260602_122732
campaign_v3_S8_M3_IMBALANCED_A_L2_F4_H3_seed045,campaign_v3_S8_M3_IMBALANCED_A_L2_F4_H3_seed045_45_20260602_123045,S8,4000,160,5,M3_IMBALANCED,45,A,L2,F4,H3,V3,map_S8_M3_IMBALANCED_seed045,b5e4ae07e381292748632709e6d87c74f8d1690b45e6bbdd0b24af35b9949bcc,242.612,452.382,184.251,334.016,25,1083,5.053,0.0788,60.0,43.131,103.131,163.131,170.0,110.0,3.215,6.0,1.0,0.001,0.028,0.043,6949.559035,0.26261,0.0,3181,1128757,1128757,1.0,1391,1391,1.0,95979,0,1,S8|M3_IMBALANCED|45|A|L2|F4,true,false,false,/home/cyfer/FYP/WSN_simulation_V3/runs/S8_4000/outputs_production_50seed_part41_45/run_campaign_v3_S8_M3_IMBALANCED_A_L2_F4_H3_seed045_45_20260602_123045
campaign_v3_S8_M3_IMBALANCED_A_L2_F4_H4_seed041,campaign_v3_S8_M3_IMBALANCED_A_L2_F4_H4_seed041_41_20260602_121751,S8,4000,160,5,M3_IMBALANCED,41,A,L2,F4,H4,V3,map_S8_M3_IMBALANCED_seed041,1e9306d540fd3664839fa3db1c6334e1a1477505f877548ef83e1e59071baecc,240.17,427.3,185.805,362.941,25,1397,5.6535,0.083,60.0,47.406,107.406,167.406,170.0,110.0,3.931,6.0,1.0,0.004,0.113,0.193,6943.187273,0.264203,0.0,3179,1127496,1127496,1.0,1409,1409,1.0,95808,0,1,S8|M3_IMBALANCED|41|A|L2|F4,true,false,false,/home/cyfer/FYP/WSN_simulation_V3/runs/S8_4000/outputs_production_50seed_part41_45/run_campaign_v3_S8_M3_IMBALANCED_A_L2_F4_H4_seed041_41_20260602_121751
campaign_v3_S8_M3_IMBALANCED_A_L2_F4_H4_seed042,campaign_v3_S8_M3_IMBALANCED_A_L2_F4_H4_seed042_42_20260602_122110,S8,4000,160,5,M3_IMBALANCED,42,A,L2,F4,H4,V3,map_S8_M3_IMBALANCED_seed042,7030c1dbddf42a593d11772ab10ebc977f9528e58bbff6bdc5d071c69f0e6540,247.056,427.137,185.432,343.244,25,1524,5.7443,0.0712,60.0,47.464,107.464,167.464,170.0,110.0,3.898,6.0,1.0,0.003,0.118,0.178,6982.254449,0.254436,0.0,3209,1127750,1127750,1.0,1373,1373,1.0,95858,0,1,S8|M3_IMBALANCED|42|A|L2|F4,true,false,false,/home/cyfer/FYP/WSN_simulation_V3/runs/S8_4000/outputs_production_50seed_part41_45/run_campaign_v3_S8_M3_IMBALANCED_A_L2_F4_H4_seed042_42_20260602_122110
campaign_v3_S8_M3_IMBALANCED_A_L2_F4_H4_seed043,campaign_v3_S8_M3_IMBALANCED_A_L2_F4_H4_seed043_43_20260602_122423,S8,4000,160,5,M3_IMBALANCED,43,A,L2,F4,H4,V3,map_S8_M3_IMBALANCED_seed043,ccc22e4ef8c1397a0f4469b6e93dfc0a6ade3f7c90b8695a2752d85a3345281d,237.573,435.001,189.276,361.756,25,1484,5.7363,0.0767,60.0,47.375,107.375,167.375,170.0,110.0,3.452,6.0,1.0,0.002,0.073,0.075,6971.864941,0.257034,0.0,3202,1127942,1127942,1.0,1364,1364,1.0,95858,0,1,S8|M3_IMBALANCED|43|A|L2|F4,true,false,false,/home/cyfer/FYP/WSN_simulation_V3/runs/S8_4000/outputs_production_50seed_part41_45/run_campaign_v3_S8_M3_IMBALANCED_A_L2_F4_H4_seed043_43_20260602_122423
campaign_v3_S8_M3_IMBALANCED_A_L2_F4_H4_seed044,campaign_v3_S8_M3_IMBALANCED_A_L2_F4_H4_seed044_44_20260602_122734,S8,4000,160,5,M3_IMBALANCED,44,A,L2,F4,H4,V3,map_S8_M3_IMBALANCED_seed044,18b4598f5a3028cd0ec09a26c8ad08cf2825d0f3e046e28774c6cada8d46f5d4,238.304,447.671,188.72,354.024,25,1347,5.724,0.0862,60.0,47.273,107.273,167.273,170.0,110.0,3.723,6.0,1.0,0.004,0.113,0.124,6939.905804,0.265024,0.0,3178,1127369,1127369,1.0,1391,1391,1.0,95783,0,1,S8|M3_IMBALANCED|44|A|L2|F4,true,false,false,/home/cyfer/FYP/WSN_simulation_V3/runs/S8_4000/outputs_production_50seed_part41_45/run_campaign_v3_S8_M3_IMBALANCED_A_L2_F4_H4_seed044_44_20260602_122734
campaign_v3_S8_M3_IMBALANCED_A_L2_F4_H4_seed045,campaign_v3_S8_M3_IMBALANCED_A_L2_F4_H4_seed045_45_20260602_123048,S8,4000,160,5,M3_IMBALANCED,45,A,L2,F4,H4,V3,map_S8_M3_IMBALANCED_seed045,b5e4ae07e381292748632709e6d87c74f8d1690b45e6bbdd0b24af35b9949bcc,242.612,452.382,184.251,334.016,25,1083,5.053,0.0788,60.0,47.203,107.203,167.203,170.0,110.0,3.215,6.0,1.0,0.001,0.028,0.043,6948.84655,0.262788,0.0,3181,1128515,1128515,1.0,1391,1391,1.0,95933,0,1,S8|M3_IMBALANCED|45|A|L2|F4,true,false,false,/home/cyfer/FYP/WSN_simulation_V3/runs/S8_4000/outputs_production_50seed_part41_45/run_campaign_v3_S8_M3_IMBALANCED_A_L2_F4_H4_seed045_45_20260602_123048
campaign_v3_S8_M3_IMBALANCED_B_L1_F0_H0_seed041,campaign_v3_S8_M3_IMBALANCED_B_L1_F0_H0_seed041_41_20260602_121754,S8,4000,160,5,M3_IMBALANCED,41,B,L1,F0,H0,V1,map_S8_M3_IMBALANCED_seed041,1e9306d540fd3664839fa3db1c6334e1a1477505f877548ef83e1e59071baecc,240.17,427.3,185.805,362.941,25,1397,5.6535,0.083,0.0,-1.0,-1.0,-1.0,-1.0,-1.0,0.0,0.0,0.0,0.0,0.0,0.0,6739.970621,0.315007,0.0,3150,1128960,1128960,1.0,1413,1413,1.0,96000,0,0,S8|M3_IMBALANCED|41|B|L1|F0,false,true,false,/home/cyfer/FYP/WSN_simulation_V3/runs/S8_4000/outputs_production_50seed_part41_45/run_campaign_v3_S8_M3_IMBALANCED_B_L1_F0_H0_seed041_41_20260602_121754
campaign_v3_S8_M3_IMBALANCED_B_L1_F0_H0_seed042,campaign_v3_S8_M3_IMBALANCED_B_L1_F0_H0_seed042_42_20260602_122113,S8,4000,160,5,M3_IMBALANCED,42,B,L1,F0,H0,V1,map_S8_M3_IMBALANCED_seed042,7030c1dbddf42a593d11772ab10ebc977f9528e58bbff6bdc5d071c69f0e6540,247.056,427.137,185.432,343.244,25,1524,5.7443,0.0712,0.0,-1.0,-1.0,-1.0,-1.0,-1.0,0.0,0.0,0.0,0.0,0.0,0.0,6784.828428,0.303793,0.0,3175,1128960,1128960,1.0,1377,1377,1.0,96000,0,0,S8|M3_IMBALANCED|42|B|L1|F0,false,true,false,/home/cyfer/FYP/WSN_simulation_V3/runs/S8_4000/outputs_production_50seed_part41_45/run_campaign_v3_S8_M3_IMBALANCED_B_L1_F0_H0_seed042_42_20260602_122113
campaign_v3_S8_M3_IMBALANCED_B_L1_F0_H0_seed043,campaign_v3_S8_M3_IMBALANCED_B_L1_F0_H0_seed043_43_20260602_122425,S8,4000,160,5,M3_IMBALANCED,43,B,L1,F0,H0,V1,map_S8_M3_IMBALANCED_seed043,ccc22e4ef8c1397a0f4469b6e93dfc0a6ade3f7c90b8695a2752d85a3345281d,237.573,435.001,189.276,361.756,25,1484,5.7363,0.0767,0.0,-1.0,-1.0,-1.0,-1.0,-1.0,0.0,0.0,0.0,0.0,0.0,0.0,6766.7548,0.308311,0.0,3162,1128960,1128960,1.0,1368,1368,1.0,96000,0,0,S8|M3_IMBALANCED|43|B|L1|F0,false,true,false,/home/cyfer/FYP/WSN_simulation_V3/runs/S8_4000/outputs_production_50seed_part41_45/run_campaign_v3_S8_M3_IMBALANCED_B_L1_F0_H0_seed043_43_20260602_122425
campaign_v3_S8_M3_IMBALANCED_B_L1_F0_H0_seed044,campaign_v3_S8_M3_IMBALANCED_B_L1_F0_H0_seed044_44_20260602_122737,S8,4000,160,5,M3_IMBALANCED,44,B,L1,F0,H0,V1,map_S8_M3_IMBALANCED_seed044,18b4598f5a3028cd0ec09a26c8ad08cf2825d0f3e046e28774c6cada8d46f5d4,238.304,447.671,188.72,354.024,25,1347,5.724,0.0862,0.0,-1.0,-1.0,-1.0,-1.0,-1.0,0.0,0.0,0.0,0.0,0.0,0.0,6741.117668,0.314721,0.0,3150,1128960,1128960,1.0,1395,1395,1.0,96000,0,0,S8|M3_IMBALANCED|44|B|L1|F0,false,true,false,/home/cyfer/FYP/WSN_simulation_V3/runs/S8_4000/outputs_production_50seed_part41_45/run_campaign_v3_S8_M3_IMBALANCED_B_L1_F0_H0_seed044_44_20260602_122737
campaign_v3_S8_M3_IMBALANCED_B_L1_F0_H0_seed045,campaign_v3_S8_M3_IMBALANCED_B_L1_F0_H0_seed045_45_20260602_123050,S8,4000,160,5,M3_IMBALANCED,45,B,L1,F0,H0,V1,map_S8_M3_IMBALANCED_seed045,b5e4ae07e381292748632709e6d87c74f8d1690b45e6bbdd0b24af35b9949bcc,242.612,452.382,184.251,334.016,25,1083,5.053,0.0788,0.0,-1.0,-1.0,-1.0,-1.0,-1.0,0.0,0.0,0.0,0.0,0.0,0.0,6748.23615,0.312941,0.0,3150,1128960,1128960,1.0,1395,1395,1.0,96000,0,0,S8|M3_IMBALANCED|45|B|L1|F0,false,true,false,/home/cyfer/FYP/WSN_simulation_V3/runs/S8_4000/outputs_production_50seed_part41_45/run_campaign_v3_S8_M3_IMBALANCED_B_L1_F0_H0_seed045_45_20260602_123050
campaign_v3_S8_M3_IMBALANCED_B_L1_F1_H0_seed041,campaign_v3_S8_M3_IMBALANCED_B_L1_F1_H0_seed041_41_20260602_121756,S8,4000,160,5,M3_IMBALANCED,41,B,L1,F1,H0,V2,map_S8_M3_IMBALANCED_seed041,1e9306d540fd3664839fa3db1c6334e1a1477505f877548ef83e1e59071baecc,240.17,427.3,185.805,362.941,25,1397,5.6535,0.083,60.0,-1.0,-1.0,-1.0,-1.0,-1.0,0.0,0.0,0.0,0.0,0.0,0.0,6737.385786,0.31521,0.0,3151,1127785,1127785,1.0,1405,1405,1.0,96025,1,0,S8|M3_IMBALANCED|41|B|L1|F1,false,false,true,/home/cyfer/FYP/WSN_simulation_V3/runs/S8_4000/outputs_production_50seed_part41_45/run_campaign_v3_S8_M3_IMBALANCED_B_L1_F1_H0_seed041_41_20260602_121756
campaign_v3_S8_M3_IMBALANCED_B_L1_F1_H0_seed042,campaign_v3_S8_M3_IMBALANCED_B_L1_F1_H0_seed042_42_20260602_122115,S8,4000,160,5,M3_IMBALANCED,42,B,L1,F1,H0,V2,map_S8_M3_IMBALANCED_seed042,7030c1dbddf42a593d11772ab10ebc977f9528e58bbff6bdc5d071c69f0e6540,247.056,427.137,185.432,343.244,25,1524,5.7443,0.0712,60.0,-1.0,-1.0,-1.0,-1.0,-1.0,0.0,0.0,0.0,0.0,0.0,0.0,6782.03745,0.30405,0.0,3176,1127785,1127785,1.0,1369,1369,1.0,96025,1,0,S8|M3_IMBALANCED|42|B|L1|F1,false,false,true,/home/cyfer/FYP/WSN_simulation_V3/runs/S8_4000/outputs_production_50seed_part41_45/run_campaign_v3_S8_M3_IMBALANCED_B_L1_F1_H0_seed042_42_20260602_122115
campaign_v3_S8_M3_IMBALANCED_B_L1_F1_H0_seed043,campaign_v3_S8_M3_IMBALANCED_B_L1_F1_H0_seed043_43_20260602_122428,S8,4000,160,5,M3_IMBALANCED,43,B,L1,F1,H0,V2,map_S8_M3_IMBALANCED_seed043,ccc22e4ef8c1397a0f4469b6e93dfc0a6ade3f7c90b8695a2752d85a3345281d,237.573,435.001,189.276,361.756,25,1484,5.7363,0.0767,60.0,-1.0,-1.0,-1.0,-1.0,-1.0,0.0,0.0,0.0,0.0,0.0,0.0,6764.947539,0.3083,0.0,3163,1128255,1128255,1.0,1360,1360,1.0,96015,1,0,S8|M3_IMBALANCED|43|B|L1|F1,false,false,true,/home/cyfer/FYP/WSN_simulation_V3/runs/S8_4000/outputs_production_50seed_part41_45/run_campaign_v3_S8_M3_IMBALANCED_B_L1_F1_H0_seed043_43_20260602_122428
campaign_v3_S8_M3_IMBALANCED_B_L1_F1_H0_seed044,campaign_v3_S8_M3_IMBALANCED_B_L1_F1_H0_seed044_44_20260602_122739,S8,4000,160,5,M3_IMBALANCED,44,B,L1,F1,H0,V2,map_S8_M3_IMBALANCED_seed044,18b4598f5a3028cd0ec09a26c8ad08cf2825d0f3e046e28774c6cada8d46f5d4,238.304,447.671,188.72,354.024,25,1347,5.724,0.0862,60.0,-1.0,-1.0,-1.0,-1.0,-1.0,0.0,0.0,0.0,0.0,0.0,0.0,6738.500175,0.314932,0.0,3151,1127785,1127785,1.0,1387,1387,1.0,96025,1,0,S8|M3_IMBALANCED|44|B|L1|F1,false,false,true,/home/cyfer/FYP/WSN_simulation_V3/runs/S8_4000/outputs_production_50seed_part41_45/run_campaign_v3_S8_M3_IMBALANCED_B_L1_F1_H0_seed044_44_20260602_122739
campaign_v3_S8_M3_IMBALANCED_B_L1_F1_H0_seed045,campaign_v3_S8_M3_IMBALANCED_B_L1_F1_H0_seed045_45_20260602_123052,S8,4000,160,5,M3_IMBALANCED,45,B,L1,F1,H0,V2,map_S8_M3_IMBALANCED_seed045,b5e4ae07e381292748632709e6d87c74f8d1690b45e6bbdd0b24af35b9949bcc,242.612,452.382,184.251,334.016,25,1083,5.053,0.0788,60.0,-1.0,-1.0,-1.0,-1.0,-1.0,0.0,0.0,0.0,0.0,0.0,0.0,6747.49576,0.31264,0.0,3151,1128725,1128725,1.0,1387,1387,1.0,96005,1,0,S8|M3_IMBALANCED|45|B|L1|F1,false,false,true,/home/cyfer/FYP/WSN_simulation_V3/runs/S8_4000/outputs_production_50seed_part41_45/run_campaign_v3_S8_M3_IMBALANCED_B_L1_F1_H0_seed045_45_20260602_123052
campaign_v3_S8_M3_IMBALANCED_B_L1_F1_H1_seed041,campaign_v3_S8_M3_IMBALANCED_B_L1_F1_H1_seed041_41_20260602_121807,S8,4000,160,5,M3_IMBALANCED,41,B,L1,F1,H1,V3,map_S8_M3_IMBALANCED_seed041,1e9306d540fd3664839fa3db1c6334e1a1477505f877548ef83e1e59071baecc,240.17,427.3,185.805,362.941,25,1397,5.6535,0.083,60.0,22.351,82.351,142.351,150.0,90.0,6.591,6.0,1.0,0.004,1.0,0.193,6738.957898,0.314817,0.0,3151,1128545,1128545,1.0,1410,1410,1.0,96000,0,1,S8|M3_IMBALANCED|41|B|L1|F1,true,false,false,/home/cyfer/FYP/WSN_simulation_V3/runs/S8_4000/outputs_production_50seed_part41_45/run_campaign_v3_S8_M3_IMBALANCED_B_L1_F1_H1_seed041_41_20260602_121807
campaign_v3_S8_M3_IMBALANCED_B_L1_F1_H1_seed042,campaign_v3_S8_M3_IMBALANCED_B_L1_F1_H1_seed042_42_20260602_122126,S8,4000,160,5,M3_IMBALANCED,42,B,L1,F1,H1,V3,map_S8_M3_IMBALANCED_seed042,7030c1dbddf42a593d11772ab10ebc977f9528e58bbff6bdc5d071c69f0e6540,247.056,427.137,185.432,343.244,25,1524,5.7443,0.0712,60.0,21.677,81.677,141.677,150.0,90.0,6.543,6.0,1.0,0.003,1.0,0.178,6783.782722,0.303613,0.0,3176,1128550,1128550,1.0,1374,1374,1.0,96000,0,1,S8|M3_IMBALANCED|42|B|L1|F1,true,false,false,/home/cyfer/FYP/WSN_simulation_V3/runs/S8_4000/outputs_production_50seed_part41_45/run_campaign_v3_S8_M3_IMBALANCED_B_L1_F1_H1_seed042_42_20260602_122126
campaign_v3_S8_M3_IMBALANCED_B_L1_F1_H1_seed043,campaign_v3_S8_M3_IMBALANCED_B_L1_F1_H1_seed043_43_20260602_122438,S8,4000,160,5,M3_IMBALANCED,43,B,L1,F1,H1,V3,map_S8_M3_IMBALANCED_seed043,ccc22e4ef8c1397a0f4469b6e93dfc0a6ade3f7c90b8695a2752d85a3345281d,237.573,435.001,189.276,361.756,25,1484,5.7363,0.0767,60.0,21.969,81.969,141.969,150.0,90.0,6.232,6.0,1.0,0.002,1.0,0.075,6766.111839,0.308009,0.0,3163,1128714,1128714,1.0,1365,1365,1.0,96000,0,1,S8|M3_IMBALANCED|43|B|L1|F1,true,false,false,/home/cyfer/FYP/WSN_simulation_V3/runs/S8_4000/outputs_production_50seed_part41_45/run_campaign_v3_S8_M3_IMBALANCED_B_L1_F1_H1_seed043_43_20260602_122438
campaign_v3_S8_M3_IMBALANCED_B_L1_F1_H1_seed044,campaign_v3_S8_M3_IMBALANCED_B_L1_F1_H1_seed044_44_20260602_122750,S8,4000,160,5,M3_IMBALANCED,44,B,L1,F1,H1,V3,map_S8_M3_IMBALANCED_seed044,18b4598f5a3028cd0ec09a26c8ad08cf2825d0f3e046e28774c6cada8d46f5d4,238.304,447.671,188.72,354.024,25,1347,5.724,0.0862,60.0,21.998,81.998,141.998,150.0,90.0,6.384,6.0,1.0,0.004,1.0,0.124,6740.273327,0.314488,0.0,3151,1128550,1128550,1.0,1392,1392,1.0,96000,0,1,S8|M3_IMBALANCED|44|B|L1|F1,true,false,false,/home/cyfer/FYP/WSN_simulation_V3/runs/S8_4000/outputs_production_50seed_part41_45/run_campaign_v3_S8_M3_IMBALANCED_B_L1_F1_H1_seed044_44_20260602_122750
campaign_v3_S8_M3_IMBALANCED_B_L1_F1_H1_seed045,campaign_v3_S8_M3_IMBALANCED_B_L1_F1_H1_seed045_45_20260602_123104,S8,4000,160,5,M3_IMBALANCED,45,B,L1,F1,H1,V3,map_S8_M3_IMBALANCED_seed045,b5e4ae07e381292748632709e6d87c74f8d1690b45e6bbdd0b24af35b9949bcc,242.612,452.382,184.251,334.016,25,1083,5.053,0.0788,60.0,21.542,81.542,141.542,150.0,90.0,6.132,6.0,1.0,0.001,1.0,0.043,6747.755927,0.312575,0.0,3151,1128878,1128878,1.0,1392,1392,1.0,96000,0,1,S8|M3_IMBALANCED|45|B|L1|F1,true,false,false,/home/cyfer/FYP/WSN_simulation_V3/runs/S8_4000/outputs_production_50seed_part41_45/run_campaign_v3_S8_M3_IMBALANCED_B_L1_F1_H1_seed045_45_20260602_123104
campaign_v3_S8_M3_IMBALANCED_B_L1_F1_H3_seed041,campaign_v3_S8_M3_IMBALANCED_B_L1_F1_H3_seed041_41_20260602_121811,S8,4000,160,5,M3_IMBALANCED,41,B,L1,F1,H3,V3,map_S8_M3_IMBALANCED_seed041,1e9306d540fd3664839fa3db1c6334e1a1477505f877548ef83e1e59071baecc,240.17,427.3,185.805,362.941,25,1397,5.6535,0.083,60.0,27.841,87.841,147.841,150.0,90.0,6.591,6.0,1.0,0.004,1.0,0.193,6738.324161,0.314976,0.0,3151,1128226,1128226,1.0,1410,1410,1.0,95950,0,1,S8|M3_IMBALANCED|41|B|L1|F1,true,false,false,/home/cyfer/FYP/WSN_simulation_V3/runs/S8_4000/outputs_production_50seed_part41_45/run_campaign_v3_S8_M3_IMBALANCED_B_L1_F1_H3_seed041_41_20260602_121811
campaign_v3_S8_M3_IMBALANCED_B_L1_F1_H3_seed042,campaign_v3_S8_M3_IMBALANCED_B_L1_F1_H3_seed042_42_20260602_122130,S8,4000,160,5,M3_IMBALANCED,42,B,L1,F1,H3,V3,map_S8_M3_IMBALANCED_seed042,7030c1dbddf42a593d11772ab10ebc977f9528e58bbff6bdc5d071c69f0e6540,247.056,427.137,185.432,343.244,25,1524,5.7443,0.0712,60.0,28.065,88.065,148.065,150.0,90.0,6.543,6.0,1.0,0.003,1.0,0.178,6783.168479,0.303767,0.0,3176,1128223,1128223,1.0,1374,1374,1.0,95950,0,1,S8|M3_IMBALANCED|42|B|L1|F1,true,false,false,/home/cyfer/FYP/WSN_simulation_V3/runs/S8_4000/outputs_production_50seed_part41_45/run_campaign_v3_S8_M3_IMBALANCED_B_L1_F1_H3_seed042_42_20260602_122130
campaign_v3_S8_M3_IMBALANCED_B_L1_F1_H3_seed043,campaign_v3_S8_M3_IMBALANCED_B_L1_F1_H3_seed043_43_20260602_122443,S8,4000,160,5,M3_IMBALANCED,43,B,L1,F1,H3,V3,map_S8_M3_IMBALANCED_seed043,ccc22e4ef8c1397a0f4469b6e93dfc0a6ade3f7c90b8695a2752d85a3345281d,237.573,435.001,189.276,361.756,25,1484,5.7363,0.0767,60.0,27.803,87.803,147.803,150.0,90.0,6.232,6.0,1.0,0.002,1.0,0.075,6765.771219,0.308094,0.0,3163,1128549,1128549,1.0,1365,1365,1.0,95975,0,1,S8|M3_IMBALANCED|43|B|L1|F1,true,false,false,/home/cyfer/FYP/WSN_simulation_V3/runs/S8_4000/outputs_production_50seed_part41_45/run_campaign_v3_S8_M3_IMBALANCED_B_L1_F1_H3_seed043_43_20260602_122443
campaign_v3_S8_M3_IMBALANCED_B_L1_F1_H3_seed044,campaign_v3_S8_M3_IMBALANCED_B_L1_F1_H3_seed044_44_20260602_122754,S8,4000,160,5,M3_IMBALANCED,44,B,L1,F1,H3,V3,map_S8_M3_IMBALANCED_seed044,18b4598f5a3028cd0ec09a26c8ad08cf2825d0f3e046e28774c6cada8d46f5d4,238.304,447.671,188.72,354.024,25,1347,5.724,0.0862,60.0,27.687,87.687,147.687,150.0,90.0,6.384,6.0,1.0,0.004,1.0,0.124,6739.521608,0.314676,0.0,3151,1128226,1128226,1.0,1392,1392,1.0,95950,0,1,S8|M3_IMBALANCED|44|B|L1|F1,true,false,false,/home/cyfer/FYP/WSN_simulation_V3/runs/S8_4000/outputs_production_50seed_part41_45/run_campaign_v3_S8_M3_IMBALANCED_B_L1_F1_H3_seed044_44_20260602_122754
campaign_v3_S8_M3_IMBALANCED_B_L1_F1_H3_seed045,campaign_v3_S8_M3_IMBALANCED_B_L1_F1_H3_seed045_45_20260602_123108,S8,4000,160,5,M3_IMBALANCED,45,B,L1,F1,H3,V3,map_S8_M3_IMBALANCED_seed045,b5e4ae07e381292748632709e6d87c74f8d1690b45e6bbdd0b24af35b9949bcc,242.612,452.382,184.251,334.016,25,1083,5.053,0.0788,60.0,27.871,87.871,147.871,150.0,90.0,6.132,6.0,1.0,0.001,1.0,0.043,6747.746927,0.312577,0.0,3151,1128872,1128872,1.0,1392,1392,1.0,96000,0,1,S8|M3_IMBALANCED|45|B|L1|F1,true,false,false,/home/cyfer/FYP/WSN_simulation_V3/runs/S8_4000/outputs_production_50seed_part41_45/run_campaign_v3_S8_M3_IMBALANCED_B_L1_F1_H3_seed045_45_20260602_123108
campaign_v3_S8_M3_IMBALANCED_B_L1_F1_H4_seed041,campaign_v3_S8_M3_IMBALANCED_B_L1_F1_H4_seed041_41_20260602_121816,S8,4000,160,5,M3_IMBALANCED,41,B,L1,F1,H4,V3,map_S8_M3_IMBALANCED_seed041,1e9306d540fd3664839fa3db1c6334e1a1477505f877548ef83e1e59071baecc,240.17,427.3,185.805,362.941,25,1397,5.6535,0.083,60.0,32.389,92.389,152.389,160.0,100.0,6.591,6.0,1.0,0.004,1.0,0.193,6737.896067,0.315083,0.0,3151,1128085,1128085,1.0,1409,1409,1.0,95929,0,1,S8|M3_IMBALANCED|41|B|L1|F1,true,false,false,/home/cyfer/FYP/WSN_simulation_V3/runs/S8_4000/outputs_production_50seed_part41_45/run_campaign_v3_S8_M3_IMBALANCED_B_L1_F1_H4_seed041_41_20260602_121816
campaign_v3_S8_M3_IMBALANCED_B_L1_F1_H4_seed042,campaign_v3_S8_M3_IMBALANCED_B_L1_F1_H4_seed042_42_20260602_122134,S8,4000,160,5,M3_IMBALANCED,42,B,L1,F1,H4,V3,map_S8_M3_IMBALANCED_seed042,7030c1dbddf42a593d11772ab10ebc977f9528e58bbff6bdc5d071c69f0e6540,247.056,427.137,185.432,343.244,25,1524,5.7443,0.0712,60.0,31.556,91.556,151.556,160.0,100.0,6.543,6.0,1.0,0.003,1.0,0.178,6783.384012,0.303713,0.0,3176,1128375,1128375,1.0,1373,1373,1.0,95979,0,1,S8|M3_IMBALANCED|42|B|L1|F1,true,false,false,/home/cyfer/FYP/WSN_simulation_V3/runs/S8_4000/outputs_production_50seed_part41_45/run_campaign_v3_S8_M3_IMBALANCED_B_L1_F1_H4_seed042_42_20260602_122134
campaign_v3_S8_M3_IMBALANCED_B_L1_F1_H4_seed043,campaign_v3_S8_M3_IMBALANCED_B_L1_F1_H4_seed043_43_20260602_122447,S8,4000,160,5,M3_IMBALANCED,43,B,L1,F1,H4,V3,map_S8_M3_IMBALANCED_seed043,ccc22e4ef8c1397a0f4469b6e93dfc0a6ade3f7c90b8695a2752d85a3345281d,237.573,435.001,189.276,361.756,25,1484,5.7363,0.0767,60.0,31.854,91.854,151.854,160.0,100.0,6.232,6.0,1.0,0.002,1.0,0.075,6764.952977,0.308298,0.0,3163,1128271,1128271,1.0,1364,1364,1.0,95929,0,1,S8|M3_IMBALANCED|43|B|L1|F1,true,false,false,/home/cyfer/FYP/WSN_simulation_V3/runs/S8_4000/outputs_production_50seed_part41_45/run_campaign_v3_S8_M3_IMBALANCED_B_L1_F1_H4_seed043_43_20260602_122447
campaign_v3_S8_M3_IMBALANCED_B_L1_F1_H4_seed044,campaign_v3_S8_M3_IMBALANCED_B_L1_F1_H4_seed044_44_20260602_122759,S8,4000,160,5,M3_IMBALANCED,44,B,L1,F1,H4,V3,map_S8_M3_IMBALANCED_seed044,18b4598f5a3028cd0ec09a26c8ad08cf2825d0f3e046e28774c6cada8d46f5d4,238.304,447.671,188.72,354.024,25,1347,5.724,0.0862,60.0,31.658,91.658,151.658,160.0,100.0,6.384,6.0,1.0,0.004,1.0,0.124,6738.841792,0.314846,0.0,3151,1127944,1127944,1.0,1391,1391,1.0,95904,0,1,S8|M3_IMBALANCED|44|B|L1|F1,true,false,false,/home/cyfer/FYP/WSN_simulation_V3/runs/S8_4000/outputs_production_50seed_part41_45/run_campaign_v3_S8_M3_IMBALANCED_B_L1_F1_H4_seed044_44_20260602_122759
campaign_v3_S8_M3_IMBALANCED_B_L1_F1_H4_seed045,campaign_v3_S8_M3_IMBALANCED_B_L1_F1_H4_seed045_45_20260602_123112,S8,4000,160,5,M3_IMBALANCED,45,B,L1,F1,H4,V3,map_S8_M3_IMBALANCED_seed045,b5e4ae07e381292748632709e6d87c74f8d1690b45e6bbdd0b24af35b9949bcc,242.612,452.382,184.251,334.016,25,1083,5.053,0.0788,60.0,31.796,91.796,151.796,160.0,100.0,6.132,6.0,1.0,0.001,1.0,0.043,6747.152226,0.312726,0.0,3151,1128598,1128598,1.0,1391,1391,1.0,95954,0,1,S8|M3_IMBALANCED|45|B|L1|F1,true,false,false,/home/cyfer/FYP/WSN_simulation_V3/runs/S8_4000/outputs_production_50seed_part41_45/run_campaign_v3_S8_M3_IMBALANCED_B_L1_F1_H4_seed045_45_20260602_123112
campaign_v3_S8_M3_IMBALANCED_B_L1_F2_H0_seed041,campaign_v3_S8_M3_IMBALANCED_B_L1_F2_H0_seed041_41_20260602_121800,S8,4000,160,5,M3_IMBALANCED,41,B,L1,F2,H0,V2,map_S8_M3_IMBALANCED_seed041,1e9306d540fd3664839fa3db1c6334e1a1477505f877548ef83e1e59071baecc,240.17,427.3,185.805,362.941,25,1397,5.6535,0.083,60.0,-1.0,-1.0,-1.0,-1.0,-1.0,0.0,0.0,0.0,0.0,0.0,0.0,6738.247734,0.315438,0.0,3150,1128255,1128255,1.0,1405,1405,1.0,96015,1,0,S8|M3_IMBALANCED|41|B|L1|F2,false,false,true,/home/cyfer/FYP/WSN_simulation_V3/runs/S8_4000/outputs_production_50seed_part41_45/run_campaign_v3_S8_M3_IMBALANCED_B_L1_F2_H0_seed041_41_20260602_121800
campaign_v3_S8_M3_IMBALANCED_B_L1_F2_H0_seed042,campaign_v3_S8_M3_IMBALANCED_B_L1_F2_H0_seed042_42_20260602_122119,S8,4000,160,5,M3_IMBALANCED,42,B,L1,F2,H0,V2,map_S8_M3_IMBALANCED_seed042,7030c1dbddf42a593d11772ab10ebc977f9528e58bbff6bdc5d071c69f0e6540,247.056,427.137,185.432,343.244,25,1524,5.7443,0.0712,60.0,-1.0,-1.0,-1.0,-1.0,-1.0,0.0,0.0,0.0,0.0,0.0,0.0,6784.262585,0.303934,0.0,3175,1128725,1128725,1.0,1369,1369,1.0,96005,1,0,S8|M3_IMBALANCED|42|B|L1|F2,false,false,true,/home/cyfer/FYP/WSN_simulation_V3/runs/S8_4000/outputs_production_50seed_part41_45/run_campaign_v3_S8_M3_IMBALANCED_B_L1_F2_H0_seed042_42_20260602_122119
campaign_v3_S8_M3_IMBALANCED_B_L1_F2_H0_seed043,campaign_v3_S8_M3_IMBALANCED_B_L1_F2_H0_seed043_43_20260602_122432,S8,4000,160,5,M3_IMBALANCED,43,B,L1,F2,H0,V2,map_S8_M3_IMBALANCED_seed043,ccc22e4ef8c1397a0f4469b6e93dfc0a6ade3f7c90b8695a2752d85a3345281d,237.573,435.001,189.276,361.756,25,1484,5.7363,0.0767,60.0,-1.0,-1.0,-1.0,-1.0,-1.0,0.0,0.0,0.0,0.0,0.0,0.0,6764.820959,0.308795,0.0,3162,1128255,1128255,1.0,1360,1360,1.0,96015,1,0,S8|M3_IMBALANCED|43|B|L1|F2,false,false,true,/home/cyfer/FYP/WSN_simulation_V3/runs/S8_4000/outputs_production_50seed_part41_45/run_campaign_v3_S8_M3_IMBALANCED_B_L1_F2_H0_seed043_43_20260602_122432
campaign_v3_S8_M3_IMBALANCED_B_L1_F2_H0_seed044,campaign_v3_S8_M3_IMBALANCED_B_L1_F2_H0_seed044_44_20260602_122743,S8,4000,160,5,M3_IMBALANCED,44,B,L1,F2,H0,V2,map_S8_M3_IMBALANCED_seed044,18b4598f5a3028cd0ec09a26c8ad08cf2825d0f3e046e28774c6cada8d46f5d4,238.304,447.671,188.72,354.024,25,1347,5.724,0.0862,60.0,-1.0,-1.0,-1.0,-1.0,-1.0,0.0,0.0,0.0,0.0,0.0,0.0,6738.774331,0.315306,0.0,3150,1128020,1128020,1.0,1387,1387,1.0,96020,1,0,S8|M3_IMBALANCED|44|B|L1|F2,false,false,true,/home/cyfer/FYP/WSN_simulation_V3/runs/S8_4000/outputs_production_50seed_part41_45/run_campaign_v3_S8_M3_IMBALANCED_B_L1_F2_H0_seed044_44_20260602_122743
campaign_v3_S8_M3_IMBALANCED_B_L1_F2_H0_seed045,campaign_v3_S8_M3_IMBALANCED_B_L1_F2_H0_seed045_45_20260602_123057,S8,4000,160,5,M3_IMBALANCED,45,B,L1,F2,H0,V2,map_S8_M3_IMBALANCED_seed045,b5e4ae07e381292748632709e6d87c74f8d1690b45e6bbdd0b24af35b9949bcc,242.612,452.382,184.251,334.016,25,1083,5.053,0.0788,60.0,-1.0,-1.0,-1.0,-1.0,-1.0,0.0,0.0,0.0,0.0,0.0,0.0,6747.14427,0.313214,0.0,3150,1128490,1128490,1.0,1387,1387,1.0,96010,1,0,S8|M3_IMBALANCED|45|B|L1|F2,false,false,true,/home/cyfer/FYP/WSN_simulation_V3/runs/S8_4000/outputs_production_50seed_part41_45/run_campaign_v3_S8_M3_IMBALANCED_B_L1_F2_H0_seed045_45_20260602_123057
campaign_v3_S8_M3_IMBALANCED_B_L1_F2_H1_seed041,campaign_v3_S8_M3_IMBALANCED_B_L1_F2_H1_seed041_41_20260602_121820,S8,4000,160,5,M3_IMBALANCED,41,B,L1,F2,H1,V3,map_S8_M3_IMBALANCED_seed041,1e9306d540fd3664839fa3db1c6334e1a1477505f877548ef83e1e59071baecc,240.17,427.3,185.805,362.941,25,1397,5.6535,0.083,60.0,26.757,86.757,146.757,150.0,90.0,3.563,6.0,1.0,0.002,0.073,0.113,6739.15109,0.315212,0.0,3150,1128699,1128699,1.0,1410,1410,1.0,96000,0,1,S8|M3_IMBALANCED|41|B|L1|F2,true,false,false,/home/cyfer/FYP/WSN_simulation_V3/runs/S8_4000/outputs_production_50seed_part41_45/run_campaign_v3_S8_M3_IMBALANCED_B_L1_F2_H1_seed041_41_20260602_121820
campaign_v3_S8_M3_IMBALANCED_B_L1_F2_H1_seed042,campaign_v3_S8_M3_IMBALANCED_B_L1_F2_H1_seed042_42_20260602_122139,S8,4000,160,5,M3_IMBALANCED,42,B,L1,F2,H1,V3,map_S8_M3_IMBALANCED_seed042,7030c1dbddf42a593d11772ab10ebc977f9528e58bbff6bdc5d071c69f0e6540,247.056,427.137,185.432,343.244,25,1524,5.7443,0.0712,60.0,27.108,87.108,147.108,150.0,90.0,3.163,6.0,1.0,0.001,0.025,0.029,6784.507621,0.303873,0.0,3175,1128872,1128872,1.0,1374,1374,1.0,96000,0,1,S8|M3_IMBALANCED|42|B|L1|F2,true,false,false,/home/cyfer/FYP/WSN_simulation_V3/runs/S8_4000/outputs_production_50seed_part41_45/run_campaign_v3_S8_M3_IMBALANCED_B_L1_F2_H1_seed042_42_20260602_122139
campaign_v3_S8_M3_IMBALANCED_B_L1_F2_H1_seed043,campaign_v3_S8_M3_IMBALANCED_B_L1_F2_H1_seed043_43_20260602_122451,S8,4000,160,5,M3_IMBALANCED,43,B,L1,F2,H1,V3,map_S8_M3_IMBALANCED_seed043,ccc22e4ef8c1397a0f4469b6e93dfc0a6ade3f7c90b8695a2752d85a3345281d,237.573,435.001,189.276,361.756,25,1484,5.7363,0.0767,60.0,27.39,87.39,147.39,150.0,90.0,3.576,6.0,1.0,0.002,0.078,0.112,6766.182657,0.308454,0.0,3162,1128696,1128696,1.0,1365,1365,1.0,96000,0,1,S8|M3_IMBALANCED|43|B|L1|F2,true,false,false,/home/cyfer/FYP/WSN_simulation_V3/runs/S8_4000/outputs_production_50seed_part41_45/run_campaign_v3_S8_M3_IMBALANCED_B_L1_F2_H1_seed043_43_20260602_122451
campaign_v3_S8_M3_IMBALANCED_B_L1_F2_H1_seed044,campaign_v3_S8_M3_IMBALANCED_B_L1_F2_H1_seed044_44_20260602_122803,S8,4000,160,5,M3_IMBALANCED,44,B,L1,F2,H1,V3,map_S8_M3_IMBALANCED_seed044,18b4598f5a3028cd0ec09a26c8ad08cf2825d0f3e046e28774c6cada8d46f5d4,238.304,447.671,188.72,354.024,25,1347,5.724,0.0862,60.0,27.851,87.851,147.851,150.0,90.0,3.893,6.0,1.0,0.003,0.098,0.196,6740.206322,0.314948,0.0,3150,1128608,1128608,1.0,1392,1392,1.0,96000,0,1,S8|M3_IMBALANCED|44|B|L1|F2,true,false,false,/home/cyfer/FYP/WSN_simulation_V3/runs/S8_4000/outputs_production_50seed_part41_45/run_campaign_v3_S8_M3_IMBALANCED_B_L1_F2_H1_seed044_44_20260602_122803
campaign_v3_S8_M3_IMBALANCED_B_L1_F2_H1_seed045,campaign_v3_S8_M3_IMBALANCED_B_L1_F2_H1_seed045_45_20260602_123117,S8,4000,160,5,M3_IMBALANCED,45,B,L1,F2,H1,V3,map_S8_M3_IMBALANCED_seed045,b5e4ae07e381292748632709e6d87c74f8d1690b45e6bbdd0b24af35b9949bcc,242.612,452.382,184.251,334.016,25,1083,5.053,0.0788,60.0,26.529,86.529,146.529,150.0,90.0,3.456,6.0,1.0,0.002,0.048,0.102,6747.816063,0.313046,0.0,3150,1128786,1128786,1.0,1392,1392,1.0,96000,0,1,S8|M3_IMBALANCED|45|B|L1|F2,true,false,false,/home/cyfer/FYP/WSN_simulation_V3/runs/S8_4000/outputs_production_50seed_part41_45/run_campaign_v3_S8_M3_IMBALANCED_B_L1_F2_H1_seed045_45_20260602_123117
campaign_v3_S8_M3_IMBALANCED_B_L1_F2_H3_seed041,campaign_v3_S8_M3_IMBALANCED_B_L1_F2_H3_seed041_41_20260602_121822,S8,4000,160,5,M3_IMBALANCED,41,B,L1,F2,H3,V3,map_S8_M3_IMBALANCED_seed041,1e9306d540fd3664839fa3db1c6334e1a1477505f877548ef83e1e59071baecc,240.17,427.3,185.805,362.941,25,1397,5.6535,0.083,60.0,33.382,93.382,153.382,160.0,100.0,3.563,6.0,1.0,0.002,0.073,0.113,6738.789434,0.315303,0.0,3150,1128537,1128537,1.0,1409,1409,1.0,95975,0,1,S8|M3_IMBALANCED|41|B|L1|F2,true,false,false,/home/cyfer/FYP/WSN_simulation_V3/runs/S8_4000/outputs_production_50seed_part41_45/run_campaign_v3_S8_M3_IMBALANCED_B_L1_F2_H3_seed041_41_20260602_121822
campaign_v3_S8_M3_IMBALANCED_B_L1_F2_H3_seed042,campaign_v3_S8_M3_IMBALANCED_B_L1_F2_H3_seed042_42_20260602_122141,S8,4000,160,5,M3_IMBALANCED,42,B,L1,F2,H3,V3,map_S8_M3_IMBALANCED_seed042,7030c1dbddf42a593d11772ab10ebc977f9528e58bbff6bdc5d071c69f0e6540,247.056,427.137,185.432,343.244,25,1524,5.7443,0.0712,60.0,32.331,92.331,152.331,160.0,100.0,3.163,6.0,1.0,0.001,0.025,0.029,6784.495414,0.303876,0.0,3175,1128867,1128867,1.0,1373,1373,1.0,96000,0,1,S8|M3_IMBALANCED|42|B|L1|F2,true,false,false,/home/cyfer/FYP/WSN_simulation_V3/runs/S8_4000/outputs_production_50seed_part41_45/run_campaign_v3_S8_M3_IMBALANCED_B_L1_F2_H3_seed042_42_20260602_122141
campaign_v3_S8_M3_IMBALANCED_B_L1_F2_H3_seed043,campaign_v3_S8_M3_IMBALANCED_B_L1_F2_H3_seed043_43_20260602_122453,S8,4000,160,5,M3_IMBALANCED,43,B,L1,F2,H3,V3,map_S8_M3_IMBALANCED_seed043,ccc22e4ef8c1397a0f4469b6e93dfc0a6ade3f7c90b8695a2752d85a3345281d,237.573,435.001,189.276,361.756,25,1484,5.7363,0.0767,60.0,33.474,93.474,153.474,160.0,100.0,3.576,6.0,1.0,0.002,0.078,0.112,6765.914534,0.308521,0.0,3162,1128537,1128537,1.0,1364,1364,1.0,95975,0,1,S8|M3_IMBALANCED|43|B|L1|F2,true,false,false,/home/cyfer/FYP/WSN_simulation_V3/runs/S8_4000/outputs_production_50seed_part41_45/run_campaign_v3_S8_M3_IMBALANCED_B_L1_F2_H3_seed043_43_20260602_122453
campaign_v3_S8_M3_IMBALANCED_B_L1_F2_H3_seed044,campaign_v3_S8_M3_IMBALANCED_B_L1_F2_H3_seed044_44_20260602_122805,S8,4000,160,5,M3_IMBALANCED,44,B,L1,F2,H3,V3,map_S8_M3_IMBALANCED_seed044,18b4598f5a3028cd0ec09a26c8ad08cf2825d0f3e046e28774c6cada8d46f5d4,238.304,447.671,188.72,354.024,25,1347,5.724,0.0862,60.0,33.239,93.239,153.239,160.0,100.0,3.893,6.0,1.0,0.003,0.098,0.196,6739.66713,0.315083,0.0,3150,1128302,1128302,1.0,1391,1391,1.0,95950,0,1,S8|M3_IMBALANCED|44|B|L1|F2,true,false,false,/home/cyfer/FYP/WSN_simulation_V3/runs/S8_4000/outputs_production_50seed_part41_45/run_campaign_v3_S8_M3_IMBALANCED_B_L1_F2_H3_seed044_44_20260602_122805
campaign_v3_S8_M3_IMBALANCED_B_L1_F2_H3_seed045,campaign_v3_S8_M3_IMBALANCED_B_L1_F2_H3_seed045_45_20260602_123119,S8,4000,160,5,M3_IMBALANCED,45,B,L1,F2,H3,V3,map_S8_M3_IMBALANCED_seed045,b5e4ae07e381292748632709e6d87c74f8d1690b45e6bbdd0b24af35b9949bcc,242.612,452.382,184.251,334.016,25,1083,5.053,0.0788,60.0,32.896,92.896,152.896,160.0,100.0,3.456,6.0,1.0,0.002,0.048,0.102,6747.393633,0.313152,0.0,3150,1128632,1128632,1.0,1391,1391,1.0,95975,0,1,S8|M3_IMBALANCED|45|B|L1|F2,true,false,false,/home/cyfer/FYP/WSN_simulation_V3/runs/S8_4000/outputs_production_50seed_part41_45/run_campaign_v3_S8_M3_IMBALANCED_B_L1_F2_H3_seed045_45_20260602_123119
campaign_v3_S8_M3_IMBALANCED_B_L1_F2_H4_seed041,campaign_v3_S8_M3_IMBALANCED_B_L1_F2_H4_seed041_41_20260602_121825,S8,4000,160,5,M3_IMBALANCED,41,B,L1,F2,H4,V3,map_S8_M3_IMBALANCED_seed041,1e9306d540fd3664839fa3db1c6334e1a1477505f877548ef83e1e59071baecc,240.17,427.3,185.805,362.941,25,1397,5.6535,0.083,60.0,37.228,97.228,157.228,160.0,100.0,3.563,6.0,1.0,0.002,0.073,0.113,6739.07914,0.31523,0.0,3150,1128666,1128666,1.0,1409,1409,1.0,96000,0,1,S8|M3_IMBALANCED|41|B|L1|F2,true,false,false,/home/cyfer/FYP/WSN_simulation_V3/runs/S8_4000/outputs_production_50seed_part41_45/run_campaign_v3_S8_M3_IMBALANCED_B_L1_F2_H4_seed041_41_20260602_121825
campaign_v3_S8_M3_IMBALANCED_B_L1_F2_H4_seed042,campaign_v3_S8_M3_IMBALANCED_B_L1_F2_H4_seed042_42_20260602_122143,S8,4000,160,5,M3_IMBALANCED,42,B,L1,F2,H4,V3,map_S8_M3_IMBALANCED_seed042,7030c1dbddf42a593d11772ab10ebc977f9528e58bbff6bdc5d071c69f0e6540,247.056,427.137,185.432,343.244,25,1524,5.7443,0.0712,60.0,37.066,97.066,157.066,160.0,100.0,3.163,6.0,1.0,0.001,0.025,0.029,6784.487914,0.303878,0.0,3175,1128862,1128862,1.0,1373,1373,1.0,96000,0,1,S8|M3_IMBALANCED|42|B|L1|F2,true,false,false,/home/cyfer/FYP/WSN_simulation_V3/runs/S8_4000/outputs_production_50seed_part41_45/run_campaign_v3_S8_M3_IMBALANCED_B_L1_F2_H4_seed042_42_20260602_122143
campaign_v3_S8_M3_IMBALANCED_B_L1_F2_H4_seed043,campaign_v3_S8_M3_IMBALANCED_B_L1_F2_H4_seed043_43_20260602_122456,S8,4000,160,5,M3_IMBALANCED,43,B,L1,F2,H4,V3,map_S8_M3_IMBALANCED_seed043,ccc22e4ef8c1397a0f4469b6e93dfc0a6ade3f7c90b8695a2752d85a3345281d,237.573,435.001,189.276,361.756,25,1484,5.7363,0.0767,60.0,37.387,97.387,157.387,160.0,100.0,3.576,6.0,1.0,0.002,0.078,0.112,6766.085116,0.308479,0.0,3162,1128666,1128666,1.0,1364,1364,1.0,96000,0,1,S8|M3_IMBALANCED|43|B|L1|F2,true,false,false,/home/cyfer/FYP/WSN_simulation_V3/runs/S8_4000/outputs_production_50seed_part41_45/run_campaign_v3_S8_M3_IMBALANCED_B_L1_F2_H4_seed043_43_20260602_122456
campaign_v3_S8_M3_IMBALANCED_B_L1_F2_H4_seed044,campaign_v3_S8_M3_IMBALANCED_B_L1_F2_H4_seed044_44_20260602_122807,S8,4000,160,5,M3_IMBALANCED,44,B,L1,F2,H4,V3,map_S8_M3_IMBALANCED_seed044,18b4598f5a3028cd0ec09a26c8ad08cf2825d0f3e046e28774c6cada8d46f5d4,238.304,447.671,188.72,354.024,25,1347,5.724,0.0862,60.0,37.107,97.107,157.107,160.0,100.0,3.893,6.0,1.0,0.003,0.098,0.196,6740.101666,0.314975,0.0,3150,1128568,1128568,1.0,1391,1391,1.0,96000,0,1,S8|M3_IMBALANCED|44|B|L1|F2,true,false,false,/home/cyfer/FYP/WSN_simulation_V3/runs/S8_4000/outputs_production_50seed_part41_45/run_campaign_v3_S8_M3_IMBALANCED_B_L1_F2_H4_seed044_44_20260602_122807
campaign_v3_S8_M3_IMBALANCED_B_L1_F2_H4_seed045,campaign_v3_S8_M3_IMBALANCED_B_L1_F2_H4_seed045_45_20260602_123121,S8,4000,160,5,M3_IMBALANCED,45,B,L1,F2,H4,V3,map_S8_M3_IMBALANCED_seed045,b5e4ae07e381292748632709e6d87c74f8d1690b45e6bbdd0b24af35b9949bcc,242.612,452.382,184.251,334.016,25,1083,5.053,0.0788,60.0,37.449,97.449,157.449,160.0,100.0,3.456,6.0,1.0,0.002,0.048,0.102,6747.761668,0.31306,0.0,3150,1128764,1128764,1.0,1391,1391,1.0,96000,0,1,S8|M3_IMBALANCED|45|B|L1|F2,true,false,false,/home/cyfer/FYP/WSN_simulation_V3/runs/S8_4000/outputs_production_50seed_part41_45/run_campaign_v3_S8_M3_IMBALANCED_B_L1_F2_H4_seed045_45_20260602_123121
campaign_v3_S8_M3_IMBALANCED_B_L1_F3_H0_seed041,campaign_v3_S8_M3_IMBALANCED_B_L1_F3_H0_seed041_41_20260602_121802,S8,4000,160,5,M3_IMBALANCED,41,B,L1,F3,H0,V2,map_S8_M3_IMBALANCED_seed041,1e9306d540fd3664839fa3db1c6334e1a1477505f877548ef83e1e59071baecc,240.17,427.3,185.805,362.941,25,1397,5.6535,0.083,60.0,-1.0,-1.0,-1.0,-1.0,-1.0,0.0,0.0,0.0,0.0,0.0,0.0,6737.674395,0.315581,0.0,3150,1128020,1128020,1.0,1405,1405,1.0,96020,1,0,S8|M3_IMBALANCED|41|B|L1|F3,false,false,true,/home/cyfer/FYP/WSN_simulation_V3/runs/S8_4000/outputs_production_50seed_part41_45/run_campaign_v3_S8_M3_IMBALANCED_B_L1_F3_H0_seed041_41_20260602_121802
campaign_v3_S8_M3_IMBALANCED_B_L1_F3_H0_seed042,campaign_v3_S8_M3_IMBALANCED_B_L1_F3_H0_seed042_42_20260602_122121,S8,4000,160,5,M3_IMBALANCED,42,B,L1,F3,H0,V2,map_S8_M3_IMBALANCED_seed042,7030c1dbddf42a593d11772ab10ebc977f9528e58bbff6bdc5d071c69f0e6540,247.056,427.137,185.432,343.244,25,1524,5.7443,0.0712,60.0,-1.0,-1.0,-1.0,-1.0,-1.0,0.0,0.0,0.0,0.0,0.0,0.0,6772.533766,0.306867,0.0,3173,1125670,1125670,1.0,1369,1369,1.0,96070,1,0,S8|M3_IMBALANCED|42|B|L1|F3,false,false,true,/home/cyfer/FYP/WSN_simulation_V3/runs/S8_4000/outputs_production_50seed_part41_45/run_campaign_v3_S8_M3_IMBALANCED_B_L1_F3_H0_seed042_42_20260602_122121
campaign_v3_S8_M3_IMBALANCED_B_L1_F3_H0_seed043,campaign_v3_S8_M3_IMBALANCED_B_L1_F3_H0_seed043_43_20260602_122434,S8,4000,160,5,M3_IMBALANCED,43,B,L1,F3,H0,V2,map_S8_M3_IMBALANCED_seed043,ccc22e4ef8c1397a0f4469b6e93dfc0a6ade3f7c90b8695a2752d85a3345281d,237.573,435.001,189.276,361.756,25,1484,5.7363,0.0767,60.0,-1.0,-1.0,-1.0,-1.0,-1.0,0.0,0.0,0.0,0.0,0.0,0.0,6762.399383,0.3094,0.0,3161,1127080,1127080,1.0,1360,1360,1.0,96040,1,0,S8|M3_IMBALANCED|43|B|L1|F3,false,false,true,/home/cyfer/FYP/WSN_simulation_V3/runs/S8_4000/outputs_production_50seed_part41_45/run_campaign_v3_S8_M3_IMBALANCED_B_L1_F3_H0_seed043_43_20260602_122434
campaign_v3_S8_M3_IMBALANCED_B_L1_F3_H0_seed044,campaign_v3_S8_M3_IMBALANCED_B_L1_F3_H0_seed044_44_20260602_122746,S8,4000,160,5,M3_IMBALANCED,44,B,L1,F3,H0,V2,map_S8_M3_IMBALANCED_seed044,18b4598f5a3028cd0ec09a26c8ad08cf2825d0f3e046e28774c6cada8d46f5d4,238.304,447.671,188.72,354.024,25,1347,5.724,0.0862,60.0,-1.0,-1.0,-1.0,-1.0,-1.0,0.0,0.0,0.0,0.0,0.0,0.0,6738.948876,0.315263,0.0,3150,1128020,1128020,1.0,1387,1387,1.0,96020,1,0,S8|M3_IMBALANCED|44|B|L1|F3,false,false,true,/home/cyfer/FYP/WSN_simulation_V3/runs/S8_4000/outputs_production_50seed_part41_45/run_campaign_v3_S8_M3_IMBALANCED_B_L1_F3_H0_seed044_44_20260602_122746
campaign_v3_S8_M3_IMBALANCED_B_L1_F3_H0_seed045,campaign_v3_S8_M3_IMBALANCED_B_L1_F3_H0_seed045_45_20260602_123059,S8,4000,160,5,M3_IMBALANCED,45,B,L1,F3,H0,V2,map_S8_M3_IMBALANCED_seed045,b5e4ae07e381292748632709e6d87c74f8d1690b45e6bbdd0b24af35b9949bcc,242.612,452.382,184.251,334.016,25,1083,5.053,0.0788,60.0,-1.0,-1.0,-1.0,-1.0,-1.0,0.0,0.0,0.0,0.0,0.0,0.0,6747.191197,0.313202,0.0,3150,1128490,1128490,1.0,1387,1387,1.0,96010,1,0,S8|M3_IMBALANCED|45|B|L1|F3,false,false,true,/home/cyfer/FYP/WSN_simulation_V3/runs/S8_4000/outputs_production_50seed_part41_45/run_campaign_v3_S8_M3_IMBALANCED_B_L1_F3_H0_seed045_45_20260602_123059
campaign_v3_S8_M3_IMBALANCED_B_L1_F3_H1_seed041,campaign_v3_S8_M3_IMBALANCED_B_L1_F3_H1_seed041_41_20260602_121827,S8,4000,160,5,M3_IMBALANCED,41,B,L1,F3,H1,V3,map_S8_M3_IMBALANCED_seed041,1e9306d540fd3664839fa3db1c6334e1a1477505f877548ef83e1e59071baecc,240.17,427.3,185.805,362.941,25,1397,5.6535,0.083,60.0,30.991,90.991,150.991,160.0,100.0,3.721,6.0,1.0,0.003,0.097,0.141,6737.763703,0.315559,0.0,3150,1128036,1128036,1.0,1409,1409,1.0,95904,0,1,S8|M3_IMBALANCED|41|B|L1|F3,true,false,false,/home/cyfer/FYP/WSN_simulation_V3/runs/S8_4000/outputs_production_50seed_part41_45/run_campaign_v3_S8_M3_IMBALANCED_B_L1_F3_H1_seed041_41_20260602_121827
campaign_v3_S8_M3_IMBALANCED_B_L1_F3_H1_seed042,campaign_v3_S8_M3_IMBALANCED_B_L1_F3_H1_seed042_42_20260602_122146,S8,4000,160,5,M3_IMBALANCED,42,B,L1,F3,H1,V3,map_S8_M3_IMBALANCED_seed042,7030c1dbddf42a593d11772ab10ebc977f9528e58bbff6bdc5d071c69f0e6540,247.056,427.137,185.432,343.244,25,1524,5.7443,0.0712,60.0,32.052,92.052,152.052,160.0,100.0,4.713,6.0,1.0,0.009,0.449,0.113,6772.733779,0.306817,0.0,3173,1125686,1125686,1.0,1373,1373,1.0,95654,0,1,S8|M3_IMBALANCED|42|B|L1|F3,true,false,false,/home/cyfer/FYP/WSN_simulation_V3/runs/S8_4000/outputs_production_50seed_part41_45/run_campaign_v3_S8_M3_IMBALANCED_B_L1_F3_H1_seed042_42_20260602_122146
campaign_v3_S8_M3_IMBALANCED_B_L1_F3_H1_seed043,campaign_v3_S8_M3_IMBALANCED_B_L1_F3_H1_seed043_43_20260602_122458,S8,4000,160,5,M3_IMBALANCED,43,B,L1,F3,H1,V3,map_S8_M3_IMBALANCED_seed043,ccc22e4ef8c1397a0f4469b6e93dfc0a6ade3f7c90b8695a2752d85a3345281d,237.573,435.001,189.276,361.756,25,1484,5.7363,0.0767,60.0,31.767,91.767,151.767,160.0,100.0,3.855,6.0,1.0,0.005,0.186,0.094,6762.505027,0.309374,0.0,3161,1127096,1127096,1.0,1364,1364,1.0,95804,0,1,S8|M3_IMBALANCED|43|B|L1|F3,true,false,false,/home/cyfer/FYP/WSN_simulation_V3/runs/S8_4000/outputs_production_50seed_part41_45/run_campaign_v3_S8_M3_IMBALANCED_B_L1_F3_H1_seed043_43_20260602_122458
campaign_v3_S8_M3_IMBALANCED_B_L1_F3_H1_seed044,campaign_v3_S8_M3_IMBALANCED_B_L1_F3_H1_seed044_44_20260602_122810,S8,4000,160,5,M3_IMBALANCED,44,B,L1,F3,H1,V3,map_S8_M3_IMBALANCED_seed044,18b4598f5a3028cd0ec09a26c8ad08cf2825d0f3e046e28774c6cada8d46f5d4,238.304,447.671,188.72,354.024,25,1347,5.724,0.0862,60.0,31.569,91.569,151.569,160.0,100.0,3.769,6.0,1.0,0.003,0.094,0.16,6739.044071,0.315239,0.0,3150,1128036,1128036,1.0,1391,1391,1.0,95904,0,1,S8|M3_IMBALANCED|44|B|L1|F3,true,false,false,/home/cyfer/FYP/WSN_simulation_V3/runs/S8_4000/outputs_production_50seed_part41_45/run_campaign_v3_S8_M3_IMBALANCED_B_L1_F3_H1_seed044_44_20260602_122810
campaign_v3_S8_M3_IMBALANCED_B_L1_F3_H1_seed045,campaign_v3_S8_M3_IMBALANCED_B_L1_F3_H1_seed045_45_20260602_123123,S8,4000,160,5,M3_IMBALANCED,45,B,L1,F3,H1,V3,map_S8_M3_IMBALANCED_seed045,b5e4ae07e381292748632709e6d87c74f8d1690b45e6bbdd0b24af35b9949bcc,242.612,452.382,184.251,334.016,25,1083,5.053,0.0788,60.0,30.94,90.94,150.94,160.0,100.0,3.671,6.0,1.0,0.002,0.047,0.175,6747.273476,0.313182,0.0,3150,1128506,1128506,1.0,1391,1391,1.0,95954,0,1,S8|M3_IMBALANCED|45|B|L1|F3,true,false,false,/home/cyfer/FYP/WSN_simulation_V3/runs/S8_4000/outputs_production_50seed_part41_45/run_campaign_v3_S8_M3_IMBALANCED_B_L1_F3_H1_seed045_45_20260602_123123
campaign_v3_S8_M3_IMBALANCED_B_L1_F3_H3_seed041,campaign_v3_S8_M3_IMBALANCED_B_L1_F3_H3_seed041_41_20260602_121829,S8,4000,160,5,M3_IMBALANCED,41,B,L1,F3,H3,V3,map_S8_M3_IMBALANCED_seed041,1e9306d540fd3664839fa3db1c6334e1a1477505f877548ef83e1e59071baecc,240.17,427.3,185.805,362.941,25,1397,5.6535,0.083,60.0,37.122,97.122,157.122,160.0,100.0,3.721,6.0,1.0,0.003,0.097,0.141,6737.770114,0.315557,0.0,3150,1128036,1128036,1.0,1409,1409,1.0,95904,0,1,S8|M3_IMBALANCED|41|B|L1|F3,true,false,false,/home/cyfer/FYP/WSN_simulation_V3/runs/S8_4000/outputs_production_50seed_part41_45/run_campaign_v3_S8_M3_IMBALANCED_B_L1_F3_H3_seed041_41_20260602_121829
campaign_v3_S8_M3_IMBALANCED_B_L1_F3_H3_seed042,campaign_v3_S8_M3_IMBALANCED_B_L1_F3_H3_seed042_42_20260602_122148,S8,4000,160,5,M3_IMBALANCED,42,B,L1,F3,H3,V3,map_S8_M3_IMBALANCED_seed042,7030c1dbddf42a593d11772ab10ebc977f9528e58bbff6bdc5d071c69f0e6540,247.056,427.137,185.432,343.244,25,1524,5.7443,0.0712,60.0,38.37,98.37,158.37,160.0,100.0,4.713,6.0,1.0,0.009,0.449,0.113,6772.728868,0.306818,0.0,3173,1125686,1125686,1.0,1373,1373,1.0,95654,0,1,S8|M3_IMBALANCED|42|B|L1|F3,true,false,false,/home/cyfer/FYP/WSN_simulation_V3/runs/S8_4000/outputs_production_50seed_part41_45/run_campaign_v3_S8_M3_IMBALANCED_B_L1_F3_H3_seed042_42_20260602_122148
campaign_v3_S8_M3_IMBALANCED_B_L1_F3_H3_seed043,campaign_v3_S8_M3_IMBALANCED_B_L1_F3_H3_seed043_43_20260602_122500,S8,4000,160,5,M3_IMBALANCED,43,B,L1,F3,H3,V3,map_S8_M3_IMBALANCED_seed043,ccc22e4ef8c1397a0f4469b6e93dfc0a6ade3f7c90b8695a2752d85a3345281d,237.573,435.001,189.276,361.756,25,1484,5.7363,0.0767,60.0,37.37,97.37,157.37,160.0,100.0,3.855,6.0,1.0,0.005,0.186,0.094,6762.510501,0.309372,0.0,3161,1127096,1127096,1.0,1364,1364,1.0,95804,0,1,S8|M3_IMBALANCED|43|B|L1|F3,true,false,false,/home/cyfer/FYP/WSN_simulation_V3/runs/S8_4000/outputs_production_50seed_part41_45/run_campaign_v3_S8_M3_IMBALANCED_B_L1_F3_H3_seed043_43_20260602_122500
campaign_v3_S8_M3_IMBALANCED_B_L1_F3_H3_seed044,campaign_v3_S8_M3_IMBALANCED_B_L1_F3_H3_seed044_44_20260602_122812,S8,4000,160,5,M3_IMBALANCED,44,B,L1,F3,H3,V3,map_S8_M3_IMBALANCED_seed044,18b4598f5a3028cd0ec09a26c8ad08cf2825d0f3e046e28774c6cada8d46f5d4,238.304,447.671,188.72,354.024,25,1347,5.724,0.0862,60.0,37.492,97.492,157.492,160.0,100.0,3.769,6.0,1.0,0.003,0.094,0.16,6739.040059,0.31524,0.0,3150,1128036,1128036,1.0,1391,1391,1.0,95904,0,1,S8|M3_IMBALANCED|44|B|L1|F3,true,false,false,/home/cyfer/FYP/WSN_simulation_V3/runs/S8_4000/outputs_production_50seed_part41_45/run_campaign_v3_S8_M3_IMBALANCED_B_L1_F3_H3_seed044_44_20260602_122812
campaign_v3_S8_M3_IMBALANCED_B_L1_F3_H3_seed045,campaign_v3_S8_M3_IMBALANCED_B_L1_F3_H3_seed045_45_20260602_123125,S8,4000,160,5,M3_IMBALANCED,45,B,L1,F3,H3,V3,map_S8_M3_IMBALANCED_seed045,b5e4ae07e381292748632709e6d87c74f8d1690b45e6bbdd0b24af35b9949bcc,242.612,452.382,184.251,334.016,25,1083,5.053,0.0788,60.0,37.197,97.197,157.197,160.0,100.0,3.671,6.0,1.0,0.002,0.047,0.175,6747.263603,0.313184,0.0,3150,1128506,1128506,1.0,1391,1391,1.0,95954,0,1,S8|M3_IMBALANCED|45|B|L1|F3,true,false,false,/home/cyfer/FYP/WSN_simulation_V3/runs/S8_4000/outputs_production_50seed_part41_45/run_campaign_v3_S8_M3_IMBALANCED_B_L1_F3_H3_seed045_45_20260602_123125
campaign_v3_S8_M3_IMBALANCED_B_L1_F3_H4_seed041,campaign_v3_S8_M3_IMBALANCED_B_L1_F3_H4_seed041_41_20260602_121831,S8,4000,160,5,M3_IMBALANCED,41,B,L1,F3,H4,V3,map_S8_M3_IMBALANCED_seed041,1e9306d540fd3664839fa3db1c6334e1a1477505f877548ef83e1e59071baecc,240.17,427.3,185.805,362.941,25,1397,5.6535,0.083,60.0,41.568,101.568,161.568,170.0,110.0,3.721,6.0,1.0,0.003,0.097,0.141,6737.763703,0.315559,0.0,3150,1128036,1128036,1.0,1409,1409,1.0,95904,0,1,S8|M3_IMBALANCED|41|B|L1|F3,true,false,false,/home/cyfer/FYP/WSN_simulation_V3/runs/S8_4000/outputs_production_50seed_part41_45/run_campaign_v3_S8_M3_IMBALANCED_B_L1_F3_H4_seed041_41_20260602_121831
campaign_v3_S8_M3_IMBALANCED_B_L1_F3_H4_seed042,campaign_v3_S8_M3_IMBALANCED_B_L1_F3_H4_seed042_42_20260602_122150,S8,4000,160,5,M3_IMBALANCED,42,B,L1,F3,H4,V3,map_S8_M3_IMBALANCED_seed042,7030c1dbddf42a593d11772ab10ebc977f9528e58bbff6bdc5d071c69f0e6540,247.056,427.137,185.432,343.244,25,1524,5.7443,0.0712,60.0,42.346,102.346,162.346,170.0,110.0,4.713,6.0,1.0,0.009,0.449,0.113,6772.733779,0.306817,0.0,3173,1125686,1125686,1.0,1373,1373,1.0,95654,0,1,S8|M3_IMBALANCED|42|B|L1|F3,true,false,false,/home/cyfer/FYP/WSN_simulation_V3/runs/S8_4000/outputs_production_50seed_part41_45/run_campaign_v3_S8_M3_IMBALANCED_B_L1_F3_H4_seed042_42_20260602_122150
campaign_v3_S8_M3_IMBALANCED_B_L1_F3_H4_seed043,campaign_v3_S8_M3_IMBALANCED_B_L1_F3_H4_seed043_43_20260602_122502,S8,4000,160,5,M3_IMBALANCED,43,B,L1,F3,H4,V3,map_S8_M3_IMBALANCED_seed043,ccc22e4ef8c1397a0f4469b6e93dfc0a6ade3f7c90b8695a2752d85a3345281d,237.573,435.001,189.276,361.756,25,1484,5.7363,0.0767,60.0,41.047,101.047,161.047,170.0,110.0,3.855,6.0,1.0,0.005,0.186,0.094,6762.505027,0.309374,0.0,3161,1127096,1127096,1.0,1364,1364,1.0,95804,0,1,S8|M3_IMBALANCED|43|B|L1|F3,true,false,false,/home/cyfer/FYP/WSN_simulation_V3/runs/S8_4000/outputs_production_50seed_part41_45/run_campaign_v3_S8_M3_IMBALANCED_B_L1_F3_H4_seed043_43_20260602_122502
campaign_v3_S8_M3_IMBALANCED_B_L1_F3_H4_seed044,campaign_v3_S8_M3_IMBALANCED_B_L1_F3_H4_seed044_44_20260602_122814,S8,4000,160,5,M3_IMBALANCED,44,B,L1,F3,H4,V3,map_S8_M3_IMBALANCED_seed044,18b4598f5a3028cd0ec09a26c8ad08cf2825d0f3e046e28774c6cada8d46f5d4,238.304,447.671,188.72,354.024,25,1347,5.724,0.0862,60.0,41.467,101.467,161.467,170.0,110.0,3.769,6.0,1.0,0.003,0.094,0.16,6739.044071,0.315239,0.0,3150,1128036,1128036,1.0,1391,1391,1.0,95904,0,1,S8|M3_IMBALANCED|44|B|L1|F3,true,false,false,/home/cyfer/FYP/WSN_simulation_V3/runs/S8_4000/outputs_production_50seed_part41_45/run_campaign_v3_S8_M3_IMBALANCED_B_L1_F3_H4_seed044_44_20260602_122814
campaign_v3_S8_M3_IMBALANCED_B_L1_F3_H4_seed045,campaign_v3_S8_M3_IMBALANCED_B_L1_F3_H4_seed045_45_20260602_123128,S8,4000,160,5,M3_IMBALANCED,45,B,L1,F3,H4,V3,map_S8_M3_IMBALANCED_seed045,b5e4ae07e381292748632709e6d87c74f8d1690b45e6bbdd0b24af35b9949bcc,242.612,452.382,184.251,334.016,25,1083,5.053,0.0788,60.0,41.632,101.632,161.632,170.0,110.0,3.671,6.0,1.0,0.002,0.047,0.175,6747.273476,0.313182,0.0,3150,1128506,1128506,1.0,1391,1391,1.0,95954,0,1,S8|M3_IMBALANCED|45|B|L1|F3,true,false,false,/home/cyfer/FYP/WSN_simulation_V3/runs/S8_4000/outputs_production_50seed_part41_45/run_campaign_v3_S8_M3_IMBALANCED_B_L1_F3_H4_seed045_45_20260602_123128
campaign_v3_S8_M3_IMBALANCED_B_L1_F4_H0_seed041,campaign_v3_S8_M3_IMBALANCED_B_L1_F4_H0_seed041_41_20260602_121805,S8,4000,160,5,M3_IMBALANCED,41,B,L1,F4,H0,V2,map_S8_M3_IMBALANCED_seed041,1e9306d540fd3664839fa3db1c6334e1a1477505f877548ef83e1e59071baecc,240.17,427.3,185.805,362.941,25,1397,5.6535,0.083,60.0,-1.0,-1.0,-1.0,-1.0,-1.0,0.0,0.0,0.0,0.0,0.0,0.0,6737.385786,0.315654,0.0,3150,1127785,1127785,1.0,1405,1405,1.0,96025,1,0,S8|M3_IMBALANCED|41|B|L1|F4,false,false,true,/home/cyfer/FYP/WSN_simulation_V3/runs/S8_4000/outputs_production_50seed_part41_45/run_campaign_v3_S8_M3_IMBALANCED_B_L1_F4_H0_seed041_41_20260602_121805
campaign_v3_S8_M3_IMBALANCED_B_L1_F4_H0_seed042,campaign_v3_S8_M3_IMBALANCED_B_L1_F4_H0_seed042_42_20260602_122124,S8,4000,160,5,M3_IMBALANCED,42,B,L1,F4,H0,V2,map_S8_M3_IMBALANCED_seed042,7030c1dbddf42a593d11772ab10ebc977f9528e58bbff6bdc5d071c69f0e6540,247.056,427.137,185.432,343.244,25,1524,5.7443,0.0712,60.0,-1.0,-1.0,-1.0,-1.0,-1.0,0.0,0.0,0.0,0.0,0.0,0.0,6782.03745,0.304491,0.0,3175,1127785,1127785,1.0,1369,1369,1.0,96025,1,0,S8|M3_IMBALANCED|42|B|L1|F4,false,false,true,/home/cyfer/FYP/WSN_simulation_V3/runs/S8_4000/outputs_production_50seed_part41_45/run_campaign_v3_S8_M3_IMBALANCED_B_L1_F4_H0_seed042_42_20260602_122124
campaign_v3_S8_M3_IMBALANCED_B_L1_F4_H0_seed043,campaign_v3_S8_M3_IMBALANCED_B_L1_F4_H0_seed043_43_20260602_122436,S8,4000,160,5,M3_IMBALANCED,43,B,L1,F4,H0,V2,map_S8_M3_IMBALANCED_seed043,ccc22e4ef8c1397a0f4469b6e93dfc0a6ade3f7c90b8695a2752d85a3345281d,237.573,435.001,189.276,361.756,25,1484,5.7363,0.0767,60.0,-1.0,-1.0,-1.0,-1.0,-1.0,0.0,0.0,0.0,0.0,0.0,0.0,6764.947539,0.308763,0.0,3162,1128255,1128255,1.0,1360,1360,1.0,96015,1,0,S8|M3_IMBALANCED|43|B|L1|F4,false,false,true,/home/cyfer/FYP/WSN_simulation_V3/runs/S8_4000/outputs_production_50seed_part41_45/run_campaign_v3_S8_M3_IMBALANCED_B_L1_F4_H0_seed043_43_20260602_122436
campaign_v3_S8_M3_IMBALANCED_B_L1_F4_H0_seed044,campaign_v3_S8_M3_IMBALANCED_B_L1_F4_H0_seed044_44_20260602_122748,S8,4000,160,5,M3_IMBALANCED,44,B,L1,F4,H0,V2,map_S8_M3_IMBALANCED_seed044,18b4598f5a3028cd0ec09a26c8ad08cf2825d0f3e046e28774c6cada8d46f5d4,238.304,447.671,188.72,354.024,25,1347,5.724,0.0862,60.0,-1.0,-1.0,-1.0,-1.0,-1.0,0.0,0.0,0.0,0.0,0.0,0.0,6738.500175,0.315375,0.0,3150,1127785,1127785,1.0,1387,1387,1.0,96025,1,0,S8|M3_IMBALANCED|44|B|L1|F4,false,false,true,/home/cyfer/FYP/WSN_simulation_V3/runs/S8_4000/outputs_production_50seed_part41_45/run_campaign_v3_S8_M3_IMBALANCED_B_L1_F4_H0_seed044_44_20260602_122748
campaign_v3_S8_M3_IMBALANCED_B_L1_F4_H0_seed045,campaign_v3_S8_M3_IMBALANCED_B_L1_F4_H0_seed045_45_20260602_123102,S8,4000,160,5,M3_IMBALANCED,45,B,L1,F4,H0,V2,map_S8_M3_IMBALANCED_seed045,b5e4ae07e381292748632709e6d87c74f8d1690b45e6bbdd0b24af35b9949bcc,242.612,452.382,184.251,334.016,25,1083,5.053,0.0788,60.0,-1.0,-1.0,-1.0,-1.0,-1.0,0.0,0.0,0.0,0.0,0.0,0.0,6747.49576,0.313126,0.0,3150,1128725,1128725,1.0,1387,1387,1.0,96005,1,0,S8|M3_IMBALANCED|45|B|L1|F4,false,false,true,/home/cyfer/FYP/WSN_simulation_V3/runs/S8_4000/outputs_production_50seed_part41_45/run_campaign_v3_S8_M3_IMBALANCED_B_L1_F4_H0_seed045_45_20260602_123102
campaign_v3_S8_M3_IMBALANCED_B_L1_F4_H1_seed041,campaign_v3_S8_M3_IMBALANCED_B_L1_F4_H1_seed041_41_20260602_121834,S8,4000,160,5,M3_IMBALANCED,41,B,L1,F4,H1,V3,map_S8_M3_IMBALANCED_seed041,1e9306d540fd3664839fa3db1c6334e1a1477505f877548ef83e1e59071baecc,240.17,427.3,185.805,362.941,25,1397,5.6535,0.083,60.0,37.696,97.696,157.696,160.0,100.0,3.931,6.0,1.0,0.004,0.113,0.193,6737.706089,0.315573,0.0,3150,1127911,1127911,1.0,1409,1409,1.0,95879,0,1,S8|M3_IMBALANCED|41|B|L1|F4,true,false,false,/home/cyfer/FYP/WSN_simulation_V3/runs/S8_4000/outputs_production_50seed_part41_45/run_campaign_v3_S8_M3_IMBALANCED_B_L1_F4_H1_seed041_41_20260602_121834
campaign_v3_S8_M3_IMBALANCED_B_L1_F4_H1_seed042,campaign_v3_S8_M3_IMBALANCED_B_L1_F4_H1_seed042_42_20260602_122152,S8,4000,160,5,M3_IMBALANCED,42,B,L1,F4,H1,V3,map_S8_M3_IMBALANCED_seed042,7030c1dbddf42a593d11772ab10ebc977f9528e58bbff6bdc5d071c69f0e6540,247.056,427.137,185.432,343.244,25,1524,5.7443,0.0712,60.0,37.287,97.287,157.287,160.0,100.0,3.898,6.0,1.0,0.003,0.118,0.178,6782.380206,0.304405,0.0,3175,1127911,1127911,1.0,1373,1373,1.0,95879,0,1,S8|M3_IMBALANCED|42|B|L1|F4,true,false,false,/home/cyfer/FYP/WSN_simulation_V3/runs/S8_4000/outputs_production_50seed_part41_45/run_campaign_v3_S8_M3_IMBALANCED_B_L1_F4_H1_seed042_42_20260602_122152
campaign_v3_S8_M3_IMBALANCED_B_L1_F4_H1_seed043,campaign_v3_S8_M3_IMBALANCED_B_L1_F4_H1_seed043_43_20260602_122505,S8,4000,160,5,M3_IMBALANCED,43,B,L1,F4,H1,V3,map_S8_M3_IMBALANCED_seed043,ccc22e4ef8c1397a0f4469b6e93dfc0a6ade3f7c90b8695a2752d85a3345281d,237.573,435.001,189.276,361.756,25,1484,5.7363,0.0767,60.0,36.869,96.869,156.869,160.0,100.0,3.452,6.0,1.0,0.002,0.073,0.075,6765.19742,0.308701,0.0,3162,1128340,1128340,1.0,1364,1364,1.0,95929,0,1,S8|M3_IMBALANCED|43|B|L1|F4,true,false,false,/home/cyfer/FYP/WSN_simulation_V3/runs/S8_4000/outputs_production_50seed_part41_45/run_campaign_v3_S8_M3_IMBALANCED_B_L1_F4_H1_seed043_43_20260602_122505
campaign_v3_S8_M3_IMBALANCED_B_L1_F4_H1_seed044,campaign_v3_S8_M3_IMBALANCED_B_L1_F4_H1_seed044_44_20260602_122816,S8,4000,160,5,M3_IMBALANCED,44,B,L1,F4,H1,V3,map_S8_M3_IMBALANCED_seed044,18b4598f5a3028cd0ec09a26c8ad08cf2825d0f3e046e28774c6cada8d46f5d4,238.304,447.671,188.72,354.024,25,1347,5.724,0.0862,60.0,37.704,97.704,157.704,160.0,100.0,3.723,6.0,1.0,0.004,0.113,0.124,6738.844845,0.315289,0.0,3150,1127911,1127911,1.0,1391,1391,1.0,95879,0,1,S8|M3_IMBALANCED|44|B|L1|F4,true,false,false,/home/cyfer/FYP/WSN_simulation_V3/runs/S8_4000/outputs_production_50seed_part41_45/run_campaign_v3_S8_M3_IMBALANCED_B_L1_F4_H1_seed044_44_20260602_122816
campaign_v3_S8_M3_IMBALANCED_B_L1_F4_H1_seed045,campaign_v3_S8_M3_IMBALANCED_B_L1_F4_H1_seed045_45_20260602_123130,S8,4000,160,5,M3_IMBALANCED,45,B,L1,F4,H1,V3,map_S8_M3_IMBALANCED_seed045,b5e4ae07e381292748632709e6d87c74f8d1690b45e6bbdd0b24af35b9949bcc,242.612,452.382,184.251,334.016,25,1083,5.053,0.0788,60.0,36.275,96.275,156.275,160.0,100.0,3.215,6.0,1.0,0.001,0.028,0.043,6747.577794,0.313106,0.0,3150,1128764,1128764,1.0,1391,1391,1.0,95979,0,1,S8|M3_IMBALANCED|45|B|L1|F4,true,false,false,/home/cyfer/FYP/WSN_simulation_V3/runs/S8_4000/outputs_production_50seed_part41_45/run_campaign_v3_S8_M3_IMBALANCED_B_L1_F4_H1_seed045_45_20260602_123130
campaign_v3_S8_M3_IMBALANCED_B_L1_F4_H3_seed041,campaign_v3_S8_M3_IMBALANCED_B_L1_F4_H3_seed041_41_20260602_121836,S8,4000,160,5,M3_IMBALANCED,41,B,L1,F4,H3,V3,map_S8_M3_IMBALANCED_seed041,1e9306d540fd3664839fa3db1c6334e1a1477505f877548ef83e1e59071baecc,240.17,427.3,185.805,362.941,25,1397,5.6535,0.083,60.0,43.349,103.349,163.349,170.0,110.0,3.931,6.0,1.0,0.004,0.113,0.193,6737.579822,0.315605,0.0,3150,1127849,1127849,1.0,1409,1409,1.0,95879,0,1,S8|M3_IMBALANCED|41|B|L1|F4,true,false,false,/home/cyfer/FYP/WSN_simulation_V3/runs/S8_4000/outputs_production_50seed_part41_45/run_campaign_v3_S8_M3_IMBALANCED_B_L1_F4_H3_seed041_41_20260602_121836
campaign_v3_S8_M3_IMBALANCED_B_L1_F4_H3_seed042,campaign_v3_S8_M3_IMBALANCED_B_L1_F4_H3_seed042_42_20260602_122155,S8,4000,160,5,M3_IMBALANCED,42,B,L1,F4,H3,V3,map_S8_M3_IMBALANCED_seed042,7030c1dbddf42a593d11772ab10ebc977f9528e58bbff6bdc5d071c69f0e6540,247.056,427.137,185.432,343.244,25,1524,5.7443,0.0712,60.0,43.206,103.206,163.206,170.0,110.0,3.898,6.0,1.0,0.003,0.118,0.178,6782.256485,0.304436,0.0,3175,1127849,1127849,1.0,1373,1373,1.0,95879,0,1,S8|M3_IMBALANCED|42|B|L1|F4,true,false,false,/home/cyfer/FYP/WSN_simulation_V3/runs/S8_4000/outputs_production_50seed_part41_45/run_campaign_v3_S8_M3_IMBALANCED_B_L1_F4_H3_seed042_42_20260602_122155
campaign_v3_S8_M3_IMBALANCED_B_L1_F4_H3_seed043,campaign_v3_S8_M3_IMBALANCED_B_L1_F4_H3_seed043_43_20260602_122507,S8,4000,160,5,M3_IMBALANCED,43,B,L1,F4,H3,V3,map_S8_M3_IMBALANCED_seed043,ccc22e4ef8c1397a0f4469b6e93dfc0a6ade3f7c90b8695a2752d85a3345281d,237.573,435.001,189.276,361.756,25,1484,5.7363,0.0767,60.0,42.651,102.651,162.651,170.0,110.0,3.452,6.0,1.0,0.002,0.073,0.075,6765.115966,0.308721,0.0,3162,1128305,1128305,1.0,1364,1364,1.0,95929,0,1,S8|M3_IMBALANCED|43|B|L1|F4,true,false,false,/home/cyfer/FYP/WSN_simulation_V3/runs/S8_4000/outputs_production_50seed_part41_45/run_campaign_v3_S8_M3_IMBALANCED_B_L1_F4_H3_seed043_43_20260602_122507
campaign_v3_S8_M3_IMBALANCED_B_L1_F4_H3_seed044,campaign_v3_S8_M3_IMBALANCED_B_L1_F4_H3_seed044_44_20260602_122819,S8,4000,160,5,M3_IMBALANCED,44,B,L1,F4,H3,V3,map_S8_M3_IMBALANCED_seed044,18b4598f5a3028cd0ec09a26c8ad08cf2825d0f3e046e28774c6cada8d46f5d4,238.304,447.671,188.72,354.024,25,1347,5.724,0.0862,60.0,43.153,103.153,163.153,170.0,110.0,3.723,6.0,1.0,0.004,0.113,0.124,6738.699823,0.315325,0.0,3150,1127849,1127849,1.0,1391,1391,1.0,95879,0,1,S8|M3_IMBALANCED|44|B|L1|F4,true,false,false,/home/cyfer/FYP/WSN_simulation_V3/runs/S8_4000/outputs_production_50seed_part41_45/run_campaign_v3_S8_M3_IMBALANCED_B_L1_F4_H3_seed044_44_20260602_122819
campaign_v3_S8_M3_IMBALANCED_B_L1_F4_H3_seed045,campaign_v3_S8_M3_IMBALANCED_B_L1_F4_H3_seed045_45_20260602_123132,S8,4000,160,5,M3_IMBALANCED,45,B,L1,F4,H3,V3,map_S8_M3_IMBALANCED_seed045,b5e4ae07e381292748632709e6d87c74f8d1690b45e6bbdd0b24af35b9949bcc,242.612,452.382,184.251,334.016,25,1083,5.053,0.0788,60.0,43.131,103.131,163.131,170.0,110.0,3.215,6.0,1.0,0.001,0.028,0.043,6747.567294,0.313108,0.0,3150,1128757,1128757,1.0,1391,1391,1.0,95979,0,1,S8|M3_IMBALANCED|45|B|L1|F4,true,false,false,/home/cyfer/FYP/WSN_simulation_V3/runs/S8_4000/outputs_production_50seed_part41_45/run_campaign_v3_S8_M3_IMBALANCED_B_L1_F4_H3_seed045_45_20260602_123132
campaign_v3_S8_M3_IMBALANCED_B_L1_F4_H4_seed041,campaign_v3_S8_M3_IMBALANCED_B_L1_F4_H4_seed041_41_20260602_121838,S8,4000,160,5,M3_IMBALANCED,41,B,L1,F4,H4,V3,map_S8_M3_IMBALANCED_seed041,1e9306d540fd3664839fa3db1c6334e1a1477505f877548ef83e1e59071baecc,240.17,427.3,185.805,362.941,25,1397,5.6535,0.083,60.0,47.406,107.406,167.406,170.0,110.0,3.931,6.0,1.0,0.004,0.113,0.193,6736.760967,0.31581,0.0,3150,1127496,1127496,1.0,1409,1409,1.0,95808,0,1,S8|M3_IMBALANCED|41|B|L1|F4,true,false,false,/home/cyfer/FYP/WSN_simulation_V3/runs/S8_4000/outputs_production_50seed_part41_45/run_campaign_v3_S8_M3_IMBALANCED_B_L1_F4_H4_seed041_41_20260602_121838
campaign_v3_S8_M3_IMBALANCED_B_L1_F4_H4_seed042,campaign_v3_S8_M3_IMBALANCED_B_L1_F4_H4_seed042_42_20260602_122157,S8,4000,160,5,M3_IMBALANCED,42,B,L1,F4,H4,V3,map_S8_M3_IMBALANCED_seed042,7030c1dbddf42a593d11772ab10ebc977f9528e58bbff6bdc5d071c69f0e6540,247.056,427.137,185.432,343.244,25,1524,5.7443,0.0712,60.0,47.464,107.464,167.464,170.0,110.0,3.898,6.0,1.0,0.003,0.118,0.178,6782.02324,0.304494,0.0,3175,1127750,1127750,1.0,1373,1373,1.0,95858,0,1,S8|M3_IMBALANCED|42|B|L1|F4,true,false,false,/home/cyfer/FYP/WSN_simulation_V3/runs/S8_4000/outputs_production_50seed_part41_45/run_campaign_v3_S8_M3_IMBALANCED_B_L1_F4_H4_seed042_42_20260602_122157
campaign_v3_S8_M3_IMBALANCED_B_L1_F4_H4_seed043,campaign_v3_S8_M3_IMBALANCED_B_L1_F4_H4_seed043_43_20260602_122509,S8,4000,160,5,M3_IMBALANCED,43,B,L1,F4,H4,V3,map_S8_M3_IMBALANCED_seed043,ccc22e4ef8c1397a0f4469b6e93dfc0a6ade3f7c90b8695a2752d85a3345281d,237.573,435.001,189.276,361.756,25,1484,5.7363,0.0767,60.0,47.375,107.375,167.375,170.0,110.0,3.452,6.0,1.0,0.002,0.073,0.075,6764.164018,0.308959,0.0,3162,1127942,1127942,1.0,1364,1364,1.0,95858,0,1,S8|M3_IMBALANCED|43|B|L1|F4,true,false,false,/home/cyfer/FYP/WSN_simulation_V3/runs/S8_4000/outputs_production_50seed_part41_45/run_campaign_v3_S8_M3_IMBALANCED_B_L1_F4_H4_seed043_43_20260602_122509
campaign_v3_S8_M3_IMBALANCED_B_L1_F4_H4_seed044,campaign_v3_S8_M3_IMBALANCED_B_L1_F4_H4_seed044_44_20260602_122821,S8,4000,160,5,M3_IMBALANCED,44,B,L1,F4,H4,V3,map_S8_M3_IMBALANCED_seed044,18b4598f5a3028cd0ec09a26c8ad08cf2825d0f3e046e28774c6cada8d46f5d4,238.304,447.671,188.72,354.024,25,1347,5.724,0.0862,60.0,47.273,107.273,167.273,170.0,110.0,3.723,6.0,1.0,0.004,0.113,0.124,6737.574983,0.315606,0.0,3150,1127369,1127369,1.0,1391,1391,1.0,95783,0,1,S8|M3_IMBALANCED|44|B|L1|F4,true,false,false,/home/cyfer/FYP/WSN_simulation_V3/runs/S8_4000/outputs_production_50seed_part41_45/run_campaign_v3_S8_M3_IMBALANCED_B_L1_F4_H4_seed044_44_20260602_122821
campaign_v3_S8_M3_IMBALANCED_B_L1_F4_H4_seed045,campaign_v3_S8_M3_IMBALANCED_B_L1_F4_H4_seed045_45_20260602_123134,S8,4000,160,5,M3_IMBALANCED,45,B,L1,F4,H4,V3,map_S8_M3_IMBALANCED_seed045,b5e4ae07e381292748632709e6d87c74f8d1690b45e6bbdd0b24af35b9949bcc,242.612,452.382,184.251,334.016,25,1083,5.053,0.0788,60.0,47.203,107.203,167.203,170.0,110.0,3.215,6.0,1.0,0.001,0.028,0.043,6747.048685,0.313238,0.0,3150,1128515,1128515,1.0,1391,1391,1.0,95933,0,1,S8|M3_IMBALANCED|45|B|L1|F4,true,false,false,/home/cyfer/FYP/WSN_simulation_V3/runs/S8_4000/outputs_production_50seed_part41_45/run_campaign_v3_S8_M3_IMBALANCED_B_L1_F4_H4_seed045_45_20260602_123134
campaign_v3_S8_M3_IMBALANCED_B_L2_F0_H0_seed041,campaign_v3_S8_M3_IMBALANCED_B_L2_F0_H0_seed041_41_20260602_121840,S8,4000,160,5,M3_IMBALANCED,41,B,L2,F0,H0,V1,map_S8_M3_IMBALANCED_seed041,1e9306d540fd3664839fa3db1c6334e1a1477505f877548ef83e1e59071baecc,240.17,427.3,185.805,362.941,25,1397,5.6535,0.083,0.0,-1.0,-1.0,-1.0,-1.0,-1.0,0.0,0.0,0.0,0.0,0.0,0.0,6947.567466,0.263108,0.0,3179,1128960,1128960,1.0,1413,1413,1.0,96000,0,0,S8|M3_IMBALANCED|41|B|L2|F0,false,true,false,/home/cyfer/FYP/WSN_simulation_V3/runs/S8_4000/outputs_production_50seed_part41_45/run_campaign_v3_S8_M3_IMBALANCED_B_L2_F0_H0_seed041_41_20260602_121840
campaign_v3_S8_M3_IMBALANCED_B_L2_F0_H0_seed042,campaign_v3_S8_M3_IMBALANCED_B_L2_F0_H0_seed042_42_20260602_122159,S8,4000,160,5,M3_IMBALANCED,42,B,L2,F0,H0,V1,map_S8_M3_IMBALANCED_seed042,7030c1dbddf42a593d11772ab10ebc977f9528e58bbff6bdc5d071c69f0e6540,247.056,427.137,185.432,343.244,25,1524,5.7443,0.0712,0.0,-1.0,-1.0,-1.0,-1.0,-1.0,0.0,0.0,0.0,0.0,0.0,0.0,6986.094684,0.253476,0.0,3209,1128960,1128960,1.0,1377,1377,1.0,96000,0,0,S8|M3_IMBALANCED|42|B|L2|F0,false,true,false,/home/cyfer/FYP/WSN_simulation_V3/runs/S8_4000/outputs_production_50seed_part41_45/run_campaign_v3_S8_M3_IMBALANCED_B_L2_F0_H0_seed042_42_20260602_122159
campaign_v3_S8_M3_IMBALANCED_B_L2_F0_H0_seed043,campaign_v3_S8_M3_IMBALANCED_B_L2_F0_H0_seed043_43_20260602_122511,S8,4000,160,5,M3_IMBALANCED,43,B,L2,F0,H0,V1,map_S8_M3_IMBALANCED_seed043,ccc22e4ef8c1397a0f4469b6e93dfc0a6ade3f7c90b8695a2752d85a3345281d,237.573,435.001,189.276,361.756,25,1484,5.7363,0.0767,0.0,-1.0,-1.0,-1.0,-1.0,-1.0,0.0,0.0,0.0,0.0,0.0,0.0,6975.447409,0.256138,0.0,3202,1128960,1128960,1.0,1368,1368,1.0,96000,0,0,S8|M3_IMBALANCED|43|B|L2|F0,false,true,false,/home/cyfer/FYP/WSN_simulation_V3/runs/S8_4000/outputs_production_50seed_part41_45/run_campaign_v3_S8_M3_IMBALANCED_B_L2_F0_H0_seed043_43_20260602_122511
campaign_v3_S8_M3_IMBALANCED_B_L2_F0_H0_seed044,campaign_v3_S8_M3_IMBALANCED_B_L2_F0_H0_seed044_44_20260602_122823,S8,4000,160,5,M3_IMBALANCED,44,B,L2,F0,H0,V1,map_S8_M3_IMBALANCED_seed044,18b4598f5a3028cd0ec09a26c8ad08cf2825d0f3e046e28774c6cada8d46f5d4,238.304,447.671,188.72,354.024,25,1347,5.724,0.0862,0.0,-1.0,-1.0,-1.0,-1.0,-1.0,0.0,0.0,0.0,0.0,0.0,0.0,6944.757861,0.263811,0.0,3178,1128960,1128960,1.0,1395,1395,1.0,96000,0,0,S8|M3_IMBALANCED|44|B|L2|F0,false,true,false,/home/cyfer/FYP/WSN_simulation_V3/runs/S8_4000/outputs_production_50seed_part41_45/run_campaign_v3_S8_M3_IMBALANCED_B_L2_F0_H0_seed044_44_20260602_122823
campaign_v3_S8_M3_IMBALANCED_B_L2_F0_H0_seed045,campaign_v3_S8_M3_IMBALANCED_B_L2_F0_H0_seed045_45_20260602_123136,S8,4000,160,5,M3_IMBALANCED,45,B,L2,F0,H0,V1,map_S8_M3_IMBALANCED_seed045,b5e4ae07e381292748632709e6d87c74f8d1690b45e6bbdd0b24af35b9949bcc,242.612,452.382,184.251,334.016,25,1083,5.053,0.0788,0.0,-1.0,-1.0,-1.0,-1.0,-1.0,0.0,0.0,0.0,0.0,0.0,0.0,6950.493236,0.262377,0.0,3181,1128960,1128960,1.0,1395,1395,1.0,96000,0,0,S8|M3_IMBALANCED|45|B|L2|F0,false,true,false,/home/cyfer/FYP/WSN_simulation_V3/runs/S8_4000/outputs_production_50seed_part41_45/run_campaign_v3_S8_M3_IMBALANCED_B_L2_F0_H0_seed045_45_20260602_123136
campaign_v3_S8_M3_IMBALANCED_B_L2_F1_H0_seed041,campaign_v3_S8_M3_IMBALANCED_B_L2_F1_H0_seed041_41_20260602_121843,S8,4000,160,5,M3_IMBALANCED,41,B,L2,F1,H0,V2,map_S8_M3_IMBALANCED_seed041,1e9306d540fd3664839fa3db1c6334e1a1477505f877548ef83e1e59071baecc,240.17,427.3,185.805,362.941,25,1397,5.6535,0.083,60.0,-1.0,-1.0,-1.0,-1.0,-1.0,0.0,0.0,0.0,0.0,0.0,0.0,6944.080148,0.263537,0.0,3180,1127785,1127785,1.0,1405,1405,1.0,96025,1,0,S8|M3_IMBALANCED|41|B|L2|F1,false,false,true,/home/cyfer/FYP/WSN_simulation_V3/runs/S8_4000/outputs_production_50seed_part41_45/run_campaign_v3_S8_M3_IMBALANCED_B_L2_F1_H0_seed041_41_20260602_121843
campaign_v3_S8_M3_IMBALANCED_B_L2_F1_H0_seed042,campaign_v3_S8_M3_IMBALANCED_B_L2_F1_H0_seed042_42_20260602_122201,S8,4000,160,5,M3_IMBALANCED,42,B,L2,F1,H0,V2,map_S8_M3_IMBALANCED_seed042,7030c1dbddf42a593d11772ab10ebc977f9528e58bbff6bdc5d071c69f0e6540,247.056,427.137,185.432,343.244,25,1524,5.7443,0.0712,60.0,-1.0,-1.0,-1.0,-1.0,-1.0,0.0,0.0,0.0,0.0,0.0,0.0,6982.299292,0.253984,0.0,3210,1127785,1127785,1.0,1369,1369,1.0,96025,1,0,S8|M3_IMBALANCED|42|B|L2|F1,false,false,true,/home/cyfer/FYP/WSN_simulation_V3/runs/S8_4000/outputs_production_50seed_part41_45/run_campaign_v3_S8_M3_IMBALANCED_B_L2_F1_H0_seed042_42_20260602_122201
campaign_v3_S8_M3_IMBALANCED_B_L2_F1_H0_seed043,campaign_v3_S8_M3_IMBALANCED_B_L2_F1_H0_seed043_43_20260602_122514,S8,4000,160,5,M3_IMBALANCED,43,B,L2,F1,H0,V2,map_S8_M3_IMBALANCED_seed043,ccc22e4ef8c1397a0f4469b6e93dfc0a6ade3f7c90b8695a2752d85a3345281d,237.573,435.001,189.276,361.756,25,1484,5.7363,0.0767,60.0,-1.0,-1.0,-1.0,-1.0,-1.0,0.0,0.0,0.0,0.0,0.0,0.0,6972.970943,0.256294,0.0,3203,1128255,1128255,1.0,1360,1360,1.0,96015,1,0,S8|M3_IMBALANCED|43|B|L2|F1,false,false,true,/home/cyfer/FYP/WSN_simulation_V3/runs/S8_4000/outputs_production_50seed_part41_45/run_campaign_v3_S8_M3_IMBALANCED_B_L2_F1_H0_seed043_43_20260602_122514
campaign_v3_S8_M3_IMBALANCED_B_L2_F1_H0_seed044,campaign_v3_S8_M3_IMBALANCED_B_L2_F1_H0_seed044_44_20260602_122826,S8,4000,160,5,M3_IMBALANCED,44,B,L2,F1,H0,V2,map_S8_M3_IMBALANCED_seed044,18b4598f5a3028cd0ec09a26c8ad08cf2825d0f3e046e28774c6cada8d46f5d4,238.304,447.671,188.72,354.024,25,1347,5.724,0.0862,60.0,-1.0,-1.0,-1.0,-1.0,-1.0,0.0,0.0,0.0,0.0,0.0,0.0,6941.209856,0.264254,0.0,3179,1127785,1127785,1.0,1387,1387,1.0,96025,1,0,S8|M3_IMBALANCED|44|B|L2|F1,false,false,true,/home/cyfer/FYP/WSN_simulation_V3/runs/S8_4000/outputs_production_50seed_part41_45/run_campaign_v3_S8_M3_IMBALANCED_B_L2_F1_H0_seed044_44_20260602_122826
campaign_v3_S8_M3_IMBALANCED_B_L2_F1_H0_seed045,campaign_v3_S8_M3_IMBALANCED_B_L2_F1_H0_seed045_45_20260602_123139,S8,4000,160,5,M3_IMBALANCED,45,B,L2,F1,H0,V2,map_S8_M3_IMBALANCED_seed045,b5e4ae07e381292748632709e6d87c74f8d1690b45e6bbdd0b24af35b9949bcc,242.612,452.382,184.251,334.016,25,1083,5.053,0.0788,60.0,-1.0,-1.0,-1.0,-1.0,-1.0,0.0,0.0,0.0,0.0,0.0,0.0,6949.472141,0.262146,0.0,3182,1128725,1128725,1.0,1387,1387,1.0,96005,1,0,S8|M3_IMBALANCED|45|B|L2|F1,false,false,true,/home/cyfer/FYP/WSN_simulation_V3/runs/S8_4000/outputs_production_50seed_part41_45/run_campaign_v3_S8_M3_IMBALANCED_B_L2_F1_H0_seed045_45_20260602_123139
campaign_v3_S8_M3_IMBALANCED_B_L2_F1_H1_seed041,campaign_v3_S8_M3_IMBALANCED_B_L2_F1_H1_seed041_41_20260602_121855,S8,4000,160,5,M3_IMBALANCED,41,B,L2,F1,H1,V3,map_S8_M3_IMBALANCED_seed041,1e9306d540fd3664839fa3db1c6334e1a1477505f877548ef83e1e59071baecc,240.17,427.3,185.805,362.941,25,1397,5.6535,0.083,60.0,22.351,82.351,142.351,150.0,90.0,6.591,6.0,1.0,0.004,1.0,0.193,6946.191459,0.263009,0.0,3180,1128545,1128545,1.0,1410,1410,1.0,96000,0,1,S8|M3_IMBALANCED|41|B|L2|F1,true,false,false,/home/cyfer/FYP/WSN_simulation_V3/runs/S8_4000/outputs_production_50seed_part41_45/run_campaign_v3_S8_M3_IMBALANCED_B_L2_F1_H1_seed041_41_20260602_121855
campaign_v3_S8_M3_IMBALANCED_B_L2_F1_H1_seed042,campaign_v3_S8_M3_IMBALANCED_B_L2_F1_H1_seed042_42_20260602_122213,S8,4000,160,5,M3_IMBALANCED,42,B,L2,F1,H1,V3,map_S8_M3_IMBALANCED_seed042,7030c1dbddf42a593d11772ab10ebc977f9528e58bbff6bdc5d071c69f0e6540,247.056,427.137,185.432,343.244,25,1524,5.7443,0.0712,60.0,21.677,81.677,141.677,150.0,90.0,6.543,6.0,1.0,0.003,1.0,0.178,6984.667895,0.253392,0.0,3210,1128550,1128550,1.0,1374,1374,1.0,96000,0,1,S8|M3_IMBALANCED|42|B|L2|F1,true,false,false,/home/cyfer/FYP/WSN_simulation_V3/runs/S8_4000/outputs_production_50seed_part41_45/run_campaign_v3_S8_M3_IMBALANCED_B_L2_F1_H1_seed042_42_20260602_122213
campaign_v3_S8_M3_IMBALANCED_B_L2_F1_H1_seed043,campaign_v3_S8_M3_IMBALANCED_B_L2_F1_H1_seed043_43_20260602_122525,S8,4000,160,5,M3_IMBALANCED,43,B,L2,F1,H1,V3,map_S8_M3_IMBALANCED_seed043,ccc22e4ef8c1397a0f4469b6e93dfc0a6ade3f7c90b8695a2752d85a3345281d,237.573,435.001,189.276,361.756,25,1484,5.7363,0.0767,60.0,21.969,81.969,141.969,150.0,90.0,6.232,6.0,1.0,0.002,1.0,0.075,6974.572565,0.255894,0.0,3203,1128714,1128714,1.0,1365,1365,1.0,96000,0,1,S8|M3_IMBALANCED|43|B|L2|F1,true,false,false,/home/cyfer/FYP/WSN_simulation_V3/runs/S8_4000/outputs_production_50seed_part41_45/run_campaign_v3_S8_M3_IMBALANCED_B_L2_F1_H1_seed043_43_20260602_122525
campaign_v3_S8_M3_IMBALANCED_B_L2_F1_H1_seed044,campaign_v3_S8_M3_IMBALANCED_B_L2_F1_H1_seed044_44_20260602_122839,S8,4000,160,5,M3_IMBALANCED,44,B,L2,F1,H1,V3,map_S8_M3_IMBALANCED_seed044,18b4598f5a3028cd0ec09a26c8ad08cf2825d0f3e046e28774c6cada8d46f5d4,238.304,447.671,188.72,354.024,25,1347,5.724,0.0862,60.0,21.998,81.998,141.998,150.0,90.0,6.384,6.0,1.0,0.004,1.0,0.124,6943.625691,0.26365,0.0,3179,1128550,1128550,1.0,1392,1392,1.0,96000,0,1,S8|M3_IMBALANCED|44|B|L2|F1,true,false,false,/home/cyfer/FYP/WSN_simulation_V3/runs/S8_4000/outputs_production_50seed_part41_45/run_campaign_v3_S8_M3_IMBALANCED_B_L2_F1_H1_seed044_44_20260602_122839
campaign_v3_S8_M3_IMBALANCED_B_L2_F1_H1_seed045,campaign_v3_S8_M3_IMBALANCED_B_L2_F1_H1_seed045_45_20260602_123151,S8,4000,160,5,M3_IMBALANCED,45,B,L2,F1,H1,V3,map_S8_M3_IMBALANCED_seed045,b5e4ae07e381292748632709e6d87c74f8d1690b45e6bbdd0b24af35b9949bcc,242.612,452.382,184.251,334.016,25,1083,5.053,0.0788,60.0,21.542,81.542,141.542,150.0,90.0,6.132,6.0,1.0,0.001,1.0,0.043,6949.805748,0.262062,0.0,3182,1128878,1128878,1.0,1392,1392,1.0,96000,0,1,S8|M3_IMBALANCED|45|B|L2|F1,true,false,false,/home/cyfer/FYP/WSN_simulation_V3/runs/S8_4000/outputs_production_50seed_part41_45/run_campaign_v3_S8_M3_IMBALANCED_B_L2_F1_H1_seed045_45_20260602_123151
campaign_v3_S8_M3_IMBALANCED_B_L2_F1_H3_seed041,campaign_v3_S8_M3_IMBALANCED_B_L2_F1_H3_seed041_41_20260602_121859,S8,4000,160,5,M3_IMBALANCED,41,B,L2,F1,H3,V3,map_S8_M3_IMBALANCED_seed041,1e9306d540fd3664839fa3db1c6334e1a1477505f877548ef83e1e59071baecc,240.17,427.3,185.805,362.941,25,1397,5.6535,0.083,60.0,27.841,87.841,147.841,150.0,90.0,6.591,6.0,1.0,0.004,1.0,0.193,6945.326862,0.263225,0.0,3180,1128226,1128226,1.0,1410,1410,1.0,95950,0,1,S8|M3_IMBALANCED|41|B|L2|F1,true,false,false,/home/cyfer/FYP/WSN_simulation_V3/runs/S8_4000/outputs_production_50seed_part41_45/run_campaign_v3_S8_M3_IMBALANCED_B_L2_F1_H3_seed041_41_20260602_121859
campaign_v3_S8_M3_IMBALANCED_B_L2_F1_H3_seed042,campaign_v3_S8_M3_IMBALANCED_B_L2_F1_H3_seed042_42_20260602_122218,S8,4000,160,5,M3_IMBALANCED,42,B,L2,F1,H3,V3,map_S8_M3_IMBALANCED_seed042,7030c1dbddf42a593d11772ab10ebc977f9528e58bbff6bdc5d071c69f0e6540,247.056,427.137,185.432,343.244,25,1524,5.7443,0.0712,60.0,28.065,88.065,148.065,150.0,90.0,6.543,6.0,1.0,0.003,1.0,0.178,6983.834074,0.253601,0.0,3210,1128223,1128223,1.0,1374,1374,1.0,95950,0,1,S8|M3_IMBALANCED|42|B|L2|F1,true,false,false,/home/cyfer/FYP/WSN_simulation_V3/runs/S8_4000/outputs_production_50seed_part41_45/run_campaign_v3_S8_M3_IMBALANCED_B_L2_F1_H3_seed042_42_20260602_122218
campaign_v3_S8_M3_IMBALANCED_B_L2_F1_H3_seed043,campaign_v3_S8_M3_IMBALANCED_B_L2_F1_H3_seed043_43_20260602_122530,S8,4000,160,5,M3_IMBALANCED,43,B,L2,F1,H3,V3,map_S8_M3_IMBALANCED_seed043,ccc22e4ef8c1397a0f4469b6e93dfc0a6ade3f7c90b8695a2752d85a3345281d,237.573,435.001,189.276,361.756,25,1484,5.7363,0.0767,60.0,27.803,87.803,147.803,150.0,90.0,6.232,6.0,1.0,0.002,1.0,0.075,6974.106981,0.25601,0.0,3203,1128549,1128549,1.0,1365,1365,1.0,95975,0,1,S8|M3_IMBALANCED|43|B|L2|F1,true,false,false,/home/cyfer/FYP/WSN_simulation_V3/runs/S8_4000/outputs_production_50seed_part41_45/run_campaign_v3_S8_M3_IMBALANCED_B_L2_F1_H3_seed043_43_20260602_122530
campaign_v3_S8_M3_IMBALANCED_B_L2_F1_H3_seed044,campaign_v3_S8_M3_IMBALANCED_B_L2_F1_H3_seed044_44_20260602_122843,S8,4000,160,5,M3_IMBALANCED,44,B,L2,F1,H3,V3,map_S8_M3_IMBALANCED_seed044,18b4598f5a3028cd0ec09a26c8ad08cf2825d0f3e046e28774c6cada8d46f5d4,238.304,447.671,188.72,354.024,25,1347,5.724,0.0862,60.0,27.687,87.687,147.687,150.0,90.0,6.384,6.0,1.0,0.004,1.0,0.124,6942.584579,0.26391,0.0,3179,1128226,1128226,1.0,1392,1392,1.0,95950,0,1,S8|M3_IMBALANCED|44|B|L2|F1,true,false,false,/home/cyfer/FYP/WSN_simulation_V3/runs/S8_4000/outputs_production_50seed_part41_45/run_campaign_v3_S8_M3_IMBALANCED_B_L2_F1_H3_seed044_44_20260602_122843
campaign_v3_S8_M3_IMBALANCED_B_L2_F1_H3_seed045,campaign_v3_S8_M3_IMBALANCED_B_L2_F1_H3_seed045_45_20260602_123155,S8,4000,160,5,M3_IMBALANCED,45,B,L2,F1,H3,V3,map_S8_M3_IMBALANCED_seed045,b5e4ae07e381292748632709e6d87c74f8d1690b45e6bbdd0b24af35b9949bcc,242.612,452.382,184.251,334.016,25,1083,5.053,0.0788,60.0,27.871,87.871,147.871,150.0,90.0,6.132,6.0,1.0,0.001,1.0,0.043,6949.793868,0.262065,0.0,3182,1128872,1128872,1.0,1392,1392,1.0,96000,0,1,S8|M3_IMBALANCED|45|B|L2|F1,true,false,false,/home/cyfer/FYP/WSN_simulation_V3/runs/S8_4000/outputs_production_50seed_part41_45/run_campaign_v3_S8_M3_IMBALANCED_B_L2_F1_H3_seed045_45_20260602_123155
campaign_v3_S8_M3_IMBALANCED_B_L2_F1_H4_seed041,campaign_v3_S8_M3_IMBALANCED_B_L2_F1_H4_seed041_41_20260602_121905,S8,4000,160,5,M3_IMBALANCED,41,B,L2,F1,H4,V3,map_S8_M3_IMBALANCED_seed041,1e9306d540fd3664839fa3db1c6334e1a1477505f877548ef83e1e59071baecc,240.17,427.3,185.805,362.941,25,1397,5.6535,0.083,60.0,32.389,92.389,152.389,160.0,100.0,6.591,6.0,1.0,0.004,1.0,0.193,6944.731572,0.263374,0.0,3180,1128085,1128085,1.0,1409,1409,1.0,95929,0,1,S8|M3_IMBALANCED|41|B|L2|F1,true,false,false,/home/cyfer/FYP/WSN_simulation_V3/runs/S8_4000/outputs_production_50seed_part41_45/run_campaign_v3_S8_M3_IMBALANCED_B_L2_F1_H4_seed041_41_20260602_121905
campaign_v3_S8_M3_IMBALANCED_B_L2_F1_H4_seed042,campaign_v3_S8_M3_IMBALANCED_B_L2_F1_H4_seed042_42_20260602_122222,S8,4000,160,5,M3_IMBALANCED,42,B,L2,F1,H4,V3,map_S8_M3_IMBALANCED_seed042,7030c1dbddf42a593d11772ab10ebc977f9528e58bbff6bdc5d071c69f0e6540,247.056,427.137,185.432,343.244,25,1524,5.7443,0.0712,60.0,31.556,91.556,151.556,160.0,100.0,6.543,6.0,1.0,0.003,1.0,0.178,6984.124095,0.253528,0.0,3210,1128375,1128375,1.0,1373,1373,1.0,95979,0,1,S8|M3_IMBALANCED|42|B|L2|F1,true,false,false,/home/cyfer/FYP/WSN_simulation_V3/runs/S8_4000/outputs_production_50seed_part41_45/run_campaign_v3_S8_M3_IMBALANCED_B_L2_F1_H4_seed042_42_20260602_122222
campaign_v3_S8_M3_IMBALANCED_B_L2_F1_H4_seed043,campaign_v3_S8_M3_IMBALANCED_B_L2_F1_H4_seed043_43_20260602_122534,S8,4000,160,5,M3_IMBALANCED,43,B,L2,F1,H4,V3,map_S8_M3_IMBALANCED_seed043,ccc22e4ef8c1397a0f4469b6e93dfc0a6ade3f7c90b8695a2752d85a3345281d,237.573,435.001,189.276,361.756,25,1484,5.7363,0.0767,60.0,31.854,91.854,151.854,160.0,100.0,6.232,6.0,1.0,0.002,1.0,0.075,6972.960977,0.256296,0.0,3203,1128271,1128271,1.0,1364,1364,1.0,95929,0,1,S8|M3_IMBALANCED|43|B|L2|F1,true,false,false,/home/cyfer/FYP/WSN_simulation_V3/runs/S8_4000/outputs_production_50seed_part41_45/run_campaign_v3_S8_M3_IMBALANCED_B_L2_F1_H4_seed043_43_20260602_122534
campaign_v3_S8_M3_IMBALANCED_B_L2_F1_H4_seed044,campaign_v3_S8_M3_IMBALANCED_B_L2_F1_H4_seed044_44_20260602_122848,S8,4000,160,5,M3_IMBALANCED,44,B,L2,F1,H4,V3,map_S8_M3_IMBALANCED_seed044,18b4598f5a3028cd0ec09a26c8ad08cf2825d0f3e046e28774c6cada8d46f5d4,238.304,447.671,188.72,354.024,25,1347,5.724,0.0862,60.0,31.658,91.658,151.658,160.0,100.0,6.384,6.0,1.0,0.004,1.0,0.124,6941.650667,0.264144,0.0,3179,1127944,1127944,1.0,1391,1391,1.0,95904,0,1,S8|M3_IMBALANCED|44|B|L2|F1,true,false,false,/home/cyfer/FYP/WSN_simulation_V3/runs/S8_4000/outputs_production_50seed_part41_45/run_campaign_v3_S8_M3_IMBALANCED_B_L2_F1_H4_seed044_44_20260602_122848
campaign_v3_S8_M3_IMBALANCED_B_L2_F1_H4_seed045,campaign_v3_S8_M3_IMBALANCED_B_L2_F1_H4_seed045_45_20260602_123200,S8,4000,160,5,M3_IMBALANCED,45,B,L2,F1,H4,V3,map_S8_M3_IMBALANCED_seed045,b5e4ae07e381292748632709e6d87c74f8d1690b45e6bbdd0b24af35b9949bcc,242.612,452.382,184.251,334.016,25,1083,5.053,0.0788,60.0,31.796,91.796,151.796,160.0,100.0,6.132,6.0,1.0,0.001,1.0,0.043,6948.979481,0.262269,0.0,3182,1128598,1128598,1.0,1391,1391,1.0,95954,0,1,S8|M3_IMBALANCED|45|B|L2|F1,true,false,false,/home/cyfer/FYP/WSN_simulation_V3/runs/S8_4000/outputs_production_50seed_part41_45/run_campaign_v3_S8_M3_IMBALANCED_B_L2_F1_H4_seed045_45_20260602_123200
campaign_v3_S8_M3_IMBALANCED_B_L2_F2_H0_seed041,campaign_v3_S8_M3_IMBALANCED_B_L2_F2_H0_seed041_41_20260602_121848,S8,4000,160,5,M3_IMBALANCED,41,B,L2,F2,H0,V2,map_S8_M3_IMBALANCED_seed041,1e9306d540fd3664839fa3db1c6334e1a1477505f877548ef83e1e59071baecc,240.17,427.3,185.805,362.941,25,1397,5.6535,0.083,60.0,-1.0,-1.0,-1.0,-1.0,-1.0,0.0,0.0,0.0,0.0,0.0,0.0,6945.222798,0.263694,0.0,3179,1128255,1128255,1.0,1405,1405,1.0,96015,1,0,S8|M3_IMBALANCED|41|B|L2|F2,false,false,true,/home/cyfer/FYP/WSN_simulation_V3/runs/S8_4000/outputs_production_50seed_part41_45/run_campaign_v3_S8_M3_IMBALANCED_B_L2_F2_H0_seed041_41_20260602_121848
campaign_v3_S8_M3_IMBALANCED_B_L2_F2_H0_seed042,campaign_v3_S8_M3_IMBALANCED_B_L2_F2_H0_seed042_42_20260602_122206,S8,4000,160,5,M3_IMBALANCED,42,B,L2,F2,H0,V2,map_S8_M3_IMBALANCED_seed042,7030c1dbddf42a593d11772ab10ebc977f9528e58bbff6bdc5d071c69f0e6540,247.056,427.137,185.432,343.244,25,1524,5.7443,0.0712,60.0,-1.0,-1.0,-1.0,-1.0,-1.0,0.0,0.0,0.0,0.0,0.0,0.0,6985.332663,0.253667,0.0,3209,1128725,1128725,1.0,1369,1369,1.0,96005,1,0,S8|M3_IMBALANCED|42|B|L2|F2,false,false,true,/home/cyfer/FYP/WSN_simulation_V3/runs/S8_4000/outputs_production_50seed_part41_45/run_campaign_v3_S8_M3_IMBALANCED_B_L2_F2_H0_seed042_42_20260602_122206
campaign_v3_S8_M3_IMBALANCED_B_L2_F2_H0_seed043,campaign_v3_S8_M3_IMBALANCED_B_L2_F2_H0_seed043_43_20260602_122518,S8,4000,160,5,M3_IMBALANCED,43,B,L2,F2,H0,V2,map_S8_M3_IMBALANCED_seed043,ccc22e4ef8c1397a0f4469b6e93dfc0a6ade3f7c90b8695a2752d85a3345281d,237.573,435.001,189.276,361.756,25,1484,5.7363,0.0767,60.0,-1.0,-1.0,-1.0,-1.0,-1.0,0.0,0.0,0.0,0.0,0.0,0.0,6972.788746,0.256803,0.0,3202,1128255,1128255,1.0,1360,1360,1.0,96015,1,0,S8|M3_IMBALANCED|43|B|L2|F2,false,false,true,/home/cyfer/FYP/WSN_simulation_V3/runs/S8_4000/outputs_production_50seed_part41_45/run_campaign_v3_S8_M3_IMBALANCED_B_L2_F2_H0_seed043_43_20260602_122518
campaign_v3_S8_M3_IMBALANCED_B_L2_F2_H0_seed044,campaign_v3_S8_M3_IMBALANCED_B_L2_F2_H0_seed044_44_20260602_122831,S8,4000,160,5,M3_IMBALANCED,44,B,L2,F2,H0,V2,map_S8_M3_IMBALANCED_seed044,18b4598f5a3028cd0ec09a26c8ad08cf2825d0f3e046e28774c6cada8d46f5d4,238.304,447.671,188.72,354.024,25,1347,5.724,0.0862,60.0,-1.0,-1.0,-1.0,-1.0,-1.0,0.0,0.0,0.0,0.0,0.0,0.0,6941.566692,0.264608,0.0,3178,1128020,1128020,1.0,1387,1387,1.0,96020,1,0,S8|M3_IMBALANCED|44|B|L2|F2,false,false,true,/home/cyfer/FYP/WSN_simulation_V3/runs/S8_4000/outputs_production_50seed_part41_45/run_campaign_v3_S8_M3_IMBALANCED_B_L2_F2_H0_seed044_44_20260602_122831
campaign_v3_S8_M3_IMBALANCED_B_L2_F2_H0_seed045,campaign_v3_S8_M3_IMBALANCED_B_L2_F2_H0_seed045_45_20260602_123143,S8,4000,160,5,M3_IMBALANCED,45,B,L2,F2,H0,V2,map_S8_M3_IMBALANCED_seed045,b5e4ae07e381292748632709e6d87c74f8d1690b45e6bbdd0b24af35b9949bcc,242.612,452.382,184.251,334.016,25,1083,5.053,0.0788,60.0,-1.0,-1.0,-1.0,-1.0,-1.0,0.0,0.0,0.0,0.0,0.0,0.0,6949.022281,0.262744,0.0,3181,1128490,1128490,1.0,1387,1387,1.0,96010,1,0,S8|M3_IMBALANCED|45|B|L2|F2,false,false,true,/home/cyfer/FYP/WSN_simulation_V3/runs/S8_4000/outputs_production_50seed_part41_45/run_campaign_v3_S8_M3_IMBALANCED_B_L2_F2_H0_seed045_45_20260602_123143
campaign_v3_S8_M3_IMBALANCED_B_L2_F2_H1_seed041,campaign_v3_S8_M3_IMBALANCED_B_L2_F2_H1_seed041_41_20260602_121910,S8,4000,160,5,M3_IMBALANCED,41,B,L2,F2,H1,V3,map_S8_M3_IMBALANCED_seed041,1e9306d540fd3664839fa3db1c6334e1a1477505f877548ef83e1e59071baecc,240.17,427.3,185.805,362.941,25,1397,5.6535,0.083,60.0,26.757,86.757,146.757,150.0,90.0,3.563,6.0,1.0,0.002,0.073,0.113,6946.429659,0.263393,0.0,3179,1128699,1128699,1.0,1410,1410,1.0,96000,0,1,S8|M3_IMBALANCED|41|B|L2|F2,true,false,false,/home/cyfer/FYP/WSN_simulation_V3/runs/S8_4000/outputs_production_50seed_part41_45/run_campaign_v3_S8_M3_IMBALANCED_B_L2_F2_H1_seed041_41_20260602_121910
campaign_v3_S8_M3_IMBALANCED_B_L2_F2_H1_seed042,campaign_v3_S8_M3_IMBALANCED_B_L2_F2_H1_seed042_42_20260602_122227,S8,4000,160,5,M3_IMBALANCED,42,B,L2,F2,H1,V3,map_S8_M3_IMBALANCED_seed042,7030c1dbddf42a593d11772ab10ebc977f9528e58bbff6bdc5d071c69f0e6540,247.056,427.137,185.432,343.244,25,1524,5.7443,0.0712,60.0,27.108,87.108,147.108,150.0,90.0,3.163,6.0,1.0,0.001,0.025,0.029,6985.648259,0.253588,0.0,3209,1128872,1128872,1.0,1374,1374,1.0,96000,0,1,S8|M3_IMBALANCED|42|B|L2|F2,true,false,false,/home/cyfer/FYP/WSN_simulation_V3/runs/S8_4000/outputs_production_50seed_part41_45/run_campaign_v3_S8_M3_IMBALANCED_B_L2_F2_H1_seed042_42_20260602_122227
campaign_v3_S8_M3_IMBALANCED_B_L2_F2_H1_seed043,campaign_v3_S8_M3_IMBALANCED_B_L2_F2_H1_seed043_43_20260602_122539,S8,4000,160,5,M3_IMBALANCED,43,B,L2,F2,H1,V3,map_S8_M3_IMBALANCED_seed043,ccc22e4ef8c1397a0f4469b6e93dfc0a6ade3f7c90b8695a2752d85a3345281d,237.573,435.001,189.276,361.756,25,1484,5.7363,0.0767,60.0,27.39,87.39,147.39,150.0,90.0,3.576,6.0,1.0,0.002,0.078,0.112,6974.686937,0.256328,0.0,3202,1128696,1128696,1.0,1365,1365,1.0,96000,0,1,S8|M3_IMBALANCED|43|B|L2|F2,true,false,false,/home/cyfer/FYP/WSN_simulation_V3/runs/S8_4000/outputs_production_50seed_part41_45/run_campaign_v3_S8_M3_IMBALANCED_B_L2_F2_H1_seed043_43_20260602_122539
campaign_v3_S8_M3_IMBALANCED_B_L2_F2_H1_seed044,campaign_v3_S8_M3_IMBALANCED_B_L2_F2_H1_seed044_44_20260602_122852,S8,4000,160,5,M3_IMBALANCED,44,B,L2,F2,H1,V3,map_S8_M3_IMBALANCED_seed044,18b4598f5a3028cd0ec09a26c8ad08cf2825d0f3e046e28774c6cada8d46f5d4,238.304,447.671,188.72,354.024,25,1347,5.724,0.0862,60.0,27.851,87.851,147.851,150.0,90.0,3.893,6.0,1.0,0.003,0.098,0.196,6943.515178,0.264121,0.0,3178,1128608,1128608,1.0,1392,1392,1.0,96000,0,1,S8|M3_IMBALANCED|44|B|L2|F2,true,false,false,/home/cyfer/FYP/WSN_simulation_V3/runs/S8_4000/outputs_production_50seed_part41_45/run_campaign_v3_S8_M3_IMBALANCED_B_L2_F2_H1_seed044_44_20260602_122852
campaign_v3_S8_M3_IMBALANCED_B_L2_F2_H1_seed045,campaign_v3_S8_M3_IMBALANCED_B_L2_F2_H1_seed045_45_20260602_123206,S8,4000,160,5,M3_IMBALANCED,45,B,L2,F2,H1,V3,map_S8_M3_IMBALANCED_seed045,b5e4ae07e381292748632709e6d87c74f8d1690b45e6bbdd0b24af35b9949bcc,242.612,452.382,184.251,334.016,25,1083,5.053,0.0788,60.0,26.529,86.529,146.529,150.0,90.0,3.456,6.0,1.0,0.002,0.048,0.102,6949.926712,0.262518,0.0,3181,1128786,1128786,1.0,1392,1392,1.0,96000,0,1,S8|M3_IMBALANCED|45|B|L2|F2,true,false,false,/home/cyfer/FYP/WSN_simulation_V3/runs/S8_4000/outputs_production_50seed_part41_45/run_campaign_v3_S8_M3_IMBALANCED_B_L2_F2_H1_seed045_45_20260602_123206
campaign_v3_S8_M3_IMBALANCED_B_L2_F2_H3_seed041,campaign_v3_S8_M3_IMBALANCED_B_L2_F2_H3_seed041_41_20260602_121912,S8,4000,160,5,M3_IMBALANCED,41,B,L2,F2,H3,V3,map_S8_M3_IMBALANCED_seed041,1e9306d540fd3664839fa3db1c6334e1a1477505f877548ef83e1e59071baecc,240.17,427.3,185.805,362.941,25,1397,5.6535,0.083,60.0,33.382,93.382,153.382,160.0,100.0,3.563,6.0,1.0,0.002,0.073,0.113,6945.936202,0.263516,0.0,3179,1128537,1128537,1.0,1409,1409,1.0,95975,0,1,S8|M3_IMBALANCED|41|B|L2|F2,true,false,false,/home/cyfer/FYP/WSN_simulation_V3/runs/S8_4000/outputs_production_50seed_part41_45/run_campaign_v3_S8_M3_IMBALANCED_B_L2_F2_H3_seed041_41_20260602_121912
campaign_v3_S8_M3_IMBALANCED_B_L2_F2_H3_seed042,campaign_v3_S8_M3_IMBALANCED_B_L2_F2_H3_seed042_42_20260602_122229,S8,4000,160,5,M3_IMBALANCED,42,B,L2,F2,H3,V3,map_S8_M3_IMBALANCED_seed042,7030c1dbddf42a593d11772ab10ebc977f9528e58bbff6bdc5d071c69f0e6540,247.056,427.137,185.432,343.244,25,1524,5.7443,0.0712,60.0,32.331,92.331,152.331,160.0,100.0,3.163,6.0,1.0,0.001,0.025,0.029,6985.633652,0.253592,0.0,3209,1128867,1128867,1.0,1373,1373,1.0,96000,0,1,S8|M3_IMBALANCED|42|B|L2|F2,true,false,false,/home/cyfer/FYP/WSN_simulation_V3/runs/S8_4000/outputs_production_50seed_part41_45/run_campaign_v3_S8_M3_IMBALANCED_B_L2_F2_H3_seed042_42_20260602_122229
campaign_v3_S8_M3_IMBALANCED_B_L2_F2_H3_seed043,campaign_v3_S8_M3_IMBALANCED_B_L2_F2_H3_seed043_43_20260602_122542,S8,4000,160,5,M3_IMBALANCED,43,B,L2,F2,H3,V3,map_S8_M3_IMBALANCED_seed043,ccc22e4ef8c1397a0f4469b6e93dfc0a6ade3f7c90b8695a2752d85a3345281d,237.573,435.001,189.276,361.756,25,1484,5.7363,0.0767,60.0,33.474,93.474,153.474,160.0,100.0,3.576,6.0,1.0,0.002,0.078,0.112,6974.329236,0.256418,0.0,3202,1128537,1128537,1.0,1364,1364,1.0,95975,0,1,S8|M3_IMBALANCED|43|B|L2|F2,true,false,false,/home/cyfer/FYP/WSN_simulation_V3/runs/S8_4000/outputs_production_50seed_part41_45/run_campaign_v3_S8_M3_IMBALANCED_B_L2_F2_H3_seed043_43_20260602_122542
campaign_v3_S8_M3_IMBALANCED_B_L2_F2_H3_seed044,campaign_v3_S8_M3_IMBALANCED_B_L2_F2_H3_seed044_44_20260602_122855,S8,4000,160,5,M3_IMBALANCED,44,B,L2,F2,H3,V3,map_S8_M3_IMBALANCED_seed044,18b4598f5a3028cd0ec09a26c8ad08cf2825d0f3e046e28774c6cada8d46f5d4,238.304,447.671,188.72,354.024,25,1347,5.724,0.0862,60.0,33.239,93.239,153.239,160.0,100.0,3.893,6.0,1.0,0.003,0.098,0.196,6942.792626,0.264302,0.0,3178,1128302,1128302,1.0,1391,1391,1.0,95950,0,1,S8|M3_IMBALANCED|44|B|L2|F2,true,false,false,/home/cyfer/FYP/WSN_simulation_V3/runs/S8_4000/outputs_production_50seed_part41_45/run_campaign_v3_S8_M3_IMBALANCED_B_L2_F2_H3_seed044_44_20260602_122855
campaign_v3_S8_M3_IMBALANCED_B_L2_F2_H3_seed045,campaign_v3_S8_M3_IMBALANCED_B_L2_F2_H3_seed045_45_20260602_123210,S8,4000,160,5,M3_IMBALANCED,45,B,L2,F2,H3,V3,map_S8_M3_IMBALANCED_seed045,b5e4ae07e381292748632709e6d87c74f8d1690b45e6bbdd0b24af35b9949bcc,242.612,452.382,184.251,334.016,25,1083,5.053,0.0788,60.0,32.896,92.896,152.896,160.0,100.0,3.456,6.0,1.0,0.002,0.048,0.102,6949.339805,0.262665,0.0,3181,1128632,1128632,1.0,1391,1391,1.0,95975,0,1,S8|M3_IMBALANCED|45|B|L2|F2,true,false,false,/home/cyfer/FYP/WSN_simulation_V3/runs/S8_4000/outputs_production_50seed_part41_45/run_campaign_v3_S8_M3_IMBALANCED_B_L2_F2_H3_seed045_45_20260602_123210
campaign_v3_S8_M3_IMBALANCED_B_L2_F2_H4_seed041,campaign_v3_S8_M3_IMBALANCED_B_L2_F2_H4_seed041_41_20260602_121914,S8,4000,160,5,M3_IMBALANCED,41,B,L2,F2,H4,V3,map_S8_M3_IMBALANCED_seed041,1e9306d540fd3664839fa3db1c6334e1a1477505f877548ef83e1e59071baecc,240.17,427.3,185.805,362.941,25,1397,5.6535,0.083,60.0,37.228,97.228,157.228,160.0,100.0,3.563,6.0,1.0,0.002,0.073,0.113,6946.335151,0.263416,0.0,3179,1128666,1128666,1.0,1409,1409,1.0,96000,0,1,S8|M3_IMBALANCED|41|B|L2|F2,true,false,false,/home/cyfer/FYP/WSN_simulation_V3/runs/S8_4000/outputs_production_50seed_part41_45/run_campaign_v3_S8_M3_IMBALANCED_B_L2_F2_H4_seed041_41_20260602_121914
campaign_v3_S8_M3_IMBALANCED_B_L2_F2_H4_seed042,campaign_v3_S8_M3_IMBALANCED_B_L2_F2_H4_seed042_42_20260602_122232,S8,4000,160,5,M3_IMBALANCED,42,B,L2,F2,H4,V3,map_S8_M3_IMBALANCED_seed042,7030c1dbddf42a593d11772ab10ebc977f9528e58bbff6bdc5d071c69f0e6540,247.056,427.137,185.432,343.244,25,1524,5.7443,0.0712,60.0,37.066,97.066,157.066,160.0,100.0,3.163,6.0,1.0,0.001,0.025,0.029,6985.623752,0.253594,0.0,3209,1128862,1128862,1.0,1373,1373,1.0,96000,0,1,S8|M3_IMBALANCED|42|B|L2|F2,true,false,false,/home/cyfer/FYP/WSN_simulation_V3/runs/S8_4000/outputs_production_50seed_part41_45/run_campaign_v3_S8_M3_IMBALANCED_B_L2_F2_H4_seed042_42_20260602_122232
campaign_v3_S8_M3_IMBALANCED_B_L2_F2_H4_seed043,campaign_v3_S8_M3_IMBALANCED_B_L2_F2_H4_seed043_43_20260602_122544,S8,4000,160,5,M3_IMBALANCED,43,B,L2,F2,H4,V3,map_S8_M3_IMBALANCED_seed043,ccc22e4ef8c1397a0f4469b6e93dfc0a6ade3f7c90b8695a2752d85a3345281d,237.573,435.001,189.276,361.756,25,1484,5.7363,0.0767,60.0,37.387,97.387,157.387,160.0,100.0,3.576,6.0,1.0,0.002,0.078,0.112,6974.5529,0.256362,0.0,3202,1128666,1128666,1.0,1364,1364,1.0,96000,0,1,S8|M3_IMBALANCED|43|B|L2|F2,true,false,false,/home/cyfer/FYP/WSN_simulation_V3/runs/S8_4000/outputs_production_50seed_part41_45/run_campaign_v3_S8_M3_IMBALANCED_B_L2_F2_H4_seed043_43_20260602_122544
campaign_v3_S8_M3_IMBALANCED_B_L2_F2_H4_seed044,campaign_v3_S8_M3_IMBALANCED_B_L2_F2_H4_seed044_44_20260602_122857,S8,4000,160,5,M3_IMBALANCED,44,B,L2,F2,H4,V3,map_S8_M3_IMBALANCED_seed044,18b4598f5a3028cd0ec09a26c8ad08cf2825d0f3e046e28774c6cada8d46f5d4,238.304,447.671,188.72,354.024,25,1347,5.724,0.0862,60.0,37.107,97.107,157.107,160.0,100.0,3.893,6.0,1.0,0.003,0.098,0.196,6943.375387,0.264156,0.0,3178,1128568,1128568,1.0,1391,1391,1.0,96000,0,1,S8|M3_IMBALANCED|44|B|L2|F2,true,false,false,/home/cyfer/FYP/WSN_simulation_V3/runs/S8_4000/outputs_production_50seed_part41_45/run_campaign_v3_S8_M3_IMBALANCED_B_L2_F2_H4_seed044_44_20260602_122857
campaign_v3_S8_M3_IMBALANCED_B_L2_F2_H4_seed045,campaign_v3_S8_M3_IMBALANCED_B_L2_F2_H4_seed045_45_20260602_123214,S8,4000,160,5,M3_IMBALANCED,45,B,L2,F2,H4,V3,map_S8_M3_IMBALANCED_seed045,b5e4ae07e381292748632709e6d87c74f8d1690b45e6bbdd0b24af35b9949bcc,242.612,452.382,184.251,334.016,25,1083,5.053,0.0788,60.0,37.449,97.449,157.449,160.0,100.0,3.456,6.0,1.0,0.002,0.048,0.102,6949.855026,0.262536,0.0,3181,1128764,1128764,1.0,1391,1391,1.0,96000,0,1,S8|M3_IMBALANCED|45|B|L2|F2,true,false,false,/home/cyfer/FYP/WSN_simulation_V3/runs/S8_4000/outputs_production_50seed_part41_45/run_campaign_v3_S8_M3_IMBALANCED_B_L2_F2_H4_seed045_45_20260602_123214
campaign_v3_S8_M3_IMBALANCED_B_L2_F3_H0_seed041,campaign_v3_S8_M3_IMBALANCED_B_L2_F3_H0_seed041_41_20260602_121850,S8,4000,160,5,M3_IMBALANCED,41,B,L2,F3,H0,V2,map_S8_M3_IMBALANCED_seed041,1e9306d540fd3664839fa3db1c6334e1a1477505f877548ef83e1e59071baecc,240.17,427.3,185.805,362.941,25,1397,5.6535,0.083,60.0,-1.0,-1.0,-1.0,-1.0,-1.0,0.0,0.0,0.0,0.0,0.0,0.0,6944.432389,0.263892,0.0,3179,1128020,1128020,1.0,1405,1405,1.0,96020,1,0,S8|M3_IMBALANCED|41|B|L2|F3,false,false,true,/home/cyfer/FYP/WSN_simulation_V3/runs/S8_4000/outputs_production_50seed_part41_45/run_campaign_v3_S8_M3_IMBALANCED_B_L2_F3_H0_seed041_41_20260602_121850
campaign_v3_S8_M3_IMBALANCED_B_L2_F3_H0_seed042,campaign_v3_S8_M3_IMBALANCED_B_L2_F3_H0_seed042_42_20260602_122208,S8,4000,160,5,M3_IMBALANCED,42,B,L2,F3,H0,V2,map_S8_M3_IMBALANCED_seed042,7030c1dbddf42a593d11772ab10ebc977f9528e58bbff6bdc5d071c69f0e6540,247.056,427.137,185.432,343.244,25,1524,5.7443,0.0712,60.0,-1.0,-1.0,-1.0,-1.0,-1.0,0.0,0.0,0.0,0.0,0.0,0.0,6968.535617,0.257866,0.0,3200,1125670,1125670,1.0,1369,1369,1.0,96070,1,0,S8|M3_IMBALANCED|42|B|L2|F3,false,false,true,/home/cyfer/FYP/WSN_simulation_V3/runs/S8_4000/outputs_production_50seed_part41_45/run_campaign_v3_S8_M3_IMBALANCED_B_L2_F3_H0_seed042_42_20260602_122208
campaign_v3_S8_M3_IMBALANCED_B_L2_F3_H0_seed043,campaign_v3_S8_M3_IMBALANCED_B_L2_F3_H0_seed043_43_20260602_122520,S8,4000,160,5,M3_IMBALANCED,43,B,L2,F3,H0,V2,map_S8_M3_IMBALANCED_seed043,ccc22e4ef8c1397a0f4469b6e93dfc0a6ade3f7c90b8695a2752d85a3345281d,237.573,435.001,189.276,361.756,25,1484,5.7363,0.0767,60.0,-1.0,-1.0,-1.0,-1.0,-1.0,0.0,0.0,0.0,0.0,0.0,0.0,6969.456109,0.257636,0.0,3201,1127080,1127080,1.0,1360,1360,1.0,96040,1,0,S8|M3_IMBALANCED|43|B|L2|F3,false,false,true,/home/cyfer/FYP/WSN_simulation_V3/runs/S8_4000/outputs_production_50seed_part41_45/run_campaign_v3_S8_M3_IMBALANCED_B_L2_F3_H0_seed043_43_20260602_122520
campaign_v3_S8_M3_IMBALANCED_B_L2_F3_H0_seed044,campaign_v3_S8_M3_IMBALANCED_B_L2_F3_H0_seed044_44_20260602_122834,S8,4000,160,5,M3_IMBALANCED,44,B,L2,F3,H0,V2,map_S8_M3_IMBALANCED_seed044,18b4598f5a3028cd0ec09a26c8ad08cf2825d0f3e046e28774c6cada8d46f5d4,238.304,447.671,188.72,354.024,25,1347,5.724,0.0862,60.0,-1.0,-1.0,-1.0,-1.0,-1.0,0.0,0.0,0.0,0.0,0.0,0.0,6941.81502,0.264546,0.0,3178,1128020,1128020,1.0,1387,1387,1.0,96020,1,0,S8|M3_IMBALANCED|44|B|L2|F3,false,false,true,/home/cyfer/FYP/WSN_simulation_V3/runs/S8_4000/outputs_production_50seed_part41_45/run_campaign_v3_S8_M3_IMBALANCED_B_L2_F3_H0_seed044_44_20260602_122834
campaign_v3_S8_M3_IMBALANCED_B_L2_F3_H0_seed045,campaign_v3_S8_M3_IMBALANCED_B_L2_F3_H0_seed045_45_20260602_123146,S8,4000,160,5,M3_IMBALANCED,45,B,L2,F3,H0,V2,map_S8_M3_IMBALANCED_seed045,b5e4ae07e381292748632709e6d87c74f8d1690b45e6bbdd0b24af35b9949bcc,242.612,452.382,184.251,334.016,25,1083,5.053,0.0788,60.0,-1.0,-1.0,-1.0,-1.0,-1.0,0.0,0.0,0.0,0.0,0.0,0.0,6949.098684,0.262725,0.0,3181,1128490,1128490,1.0,1387,1387,1.0,96010,1,0,S8|M3_IMBALANCED|45|B|L2|F3,false,false,true,/home/cyfer/FYP/WSN_simulation_V3/runs/S8_4000/outputs_production_50seed_part41_45/run_campaign_v3_S8_M3_IMBALANCED_B_L2_F3_H0_seed045_45_20260602_123146
campaign_v3_S8_M3_IMBALANCED_B_L2_F3_H1_seed041,campaign_v3_S8_M3_IMBALANCED_B_L2_F3_H1_seed041_41_20260602_121917,S8,4000,160,5,M3_IMBALANCED,41,B,L2,F3,H1,V3,map_S8_M3_IMBALANCED_seed041,1e9306d540fd3664839fa3db1c6334e1a1477505f877548ef83e1e59071baecc,240.17,427.3,185.805,362.941,25,1397,5.6535,0.083,60.0,30.991,90.991,150.991,160.0,100.0,3.721,6.0,1.0,0.003,0.097,0.141,6944.53447,0.263866,0.0,3179,1128036,1128036,1.0,1409,1409,1.0,95904,0,1,S8|M3_IMBALANCED|41|B|L2|F3,true,false,false,/home/cyfer/FYP/WSN_simulation_V3/runs/S8_4000/outputs_production_50seed_part41_45/run_campaign_v3_S8_M3_IMBALANCED_B_L2_F3_H1_seed041_41_20260602_121917
campaign_v3_S8_M3_IMBALANCED_B_L2_F3_H1_seed042,campaign_v3_S8_M3_IMBALANCED_B_L2_F3_H1_seed042_42_20260602_122234,S8,4000,160,5,M3_IMBALANCED,42,B,L2,F3,H1,V3,map_S8_M3_IMBALANCED_seed042,7030c1dbddf42a593d11772ab10ebc977f9528e58bbff6bdc5d071c69f0e6540,247.056,427.137,185.432,343.244,25,1524,5.7443,0.0712,60.0,32.052,92.052,152.052,160.0,100.0,4.713,6.0,1.0,0.009,0.449,0.113,6968.780182,0.257805,0.0,3200,1125686,1125686,1.0,1373,1373,1.0,95654,0,1,S8|M3_IMBALANCED|42|B|L2|F3,true,false,false,/home/cyfer/FYP/WSN_simulation_V3/runs/S8_4000/outputs_production_50seed_part41_45/run_campaign_v3_S8_M3_IMBALANCED_B_L2_F3_H1_seed042_42_20260602_122234
campaign_v3_S8_M3_IMBALANCED_B_L2_F3_H1_seed043,campaign_v3_S8_M3_IMBALANCED_B_L2_F3_H1_seed043_43_20260602_122547,S8,4000,160,5,M3_IMBALANCED,43,B,L2,F3,H1,V3,map_S8_M3_IMBALANCED_seed043,ccc22e4ef8c1397a0f4469b6e93dfc0a6ade3f7c90b8695a2752d85a3345281d,237.573,435.001,189.276,361.756,25,1484,5.7363,0.0767,60.0,31.767,91.767,151.767,160.0,100.0,3.855,6.0,1.0,0.005,0.186,0.094,6969.575107,0.257606,0.0,3201,1127096,1127096,1.0,1364,1364,1.0,95804,0,1,S8|M3_IMBALANCED|43|B|L2|F3,true,false,false,/home/cyfer/FYP/WSN_simulation_V3/runs/S8_4000/outputs_production_50seed_part41_45/run_campaign_v3_S8_M3_IMBALANCED_B_L2_F3_H1_seed043_43_20260602_122547
campaign_v3_S8_M3_IMBALANCED_B_L2_F3_H1_seed044,campaign_v3_S8_M3_IMBALANCED_B_L2_F3_H1_seed044_44_20260602_122900,S8,4000,160,5,M3_IMBALANCED,44,B,L2,F3,H1,V3,map_S8_M3_IMBALANCED_seed044,18b4598f5a3028cd0ec09a26c8ad08cf2825d0f3e046e28774c6cada8d46f5d4,238.304,447.671,188.72,354.024,25,1347,5.724,0.0862,60.0,31.569,91.569,151.569,160.0,100.0,3.769,6.0,1.0,0.003,0.094,0.16,6941.924828,0.264519,0.0,3178,1128036,1128036,1.0,1391,1391,1.0,95904,0,1,S8|M3_IMBALANCED|44|B|L2|F3,true,false,false,/home/cyfer/FYP/WSN_simulation_V3/runs/S8_4000/outputs_production_50seed_part41_45/run_campaign_v3_S8_M3_IMBALANCED_B_L2_F3_H1_seed044_44_20260602_122900
campaign_v3_S8_M3_IMBALANCED_B_L2_F3_H1_seed045,campaign_v3_S8_M3_IMBALANCED_B_L2_F3_H1_seed045_45_20260602_123216,S8,4000,160,5,M3_IMBALANCED,45,B,L2,F3,H1,V3,map_S8_M3_IMBALANCED_seed045,b5e4ae07e381292748632709e6d87c74f8d1690b45e6bbdd0b24af35b9949bcc,242.612,452.382,184.251,334.016,25,1083,5.053,0.0788,60.0,30.94,90.94,150.94,160.0,100.0,3.671,6.0,1.0,0.002,0.047,0.175,6949.193364,0.262702,0.0,3181,1128506,1128506,1.0,1391,1391,1.0,95954,0,1,S8|M3_IMBALANCED|45|B|L2|F3,true,false,false,/home/cyfer/FYP/WSN_simulation_V3/runs/S8_4000/outputs_production_50seed_part41_45/run_campaign_v3_S8_M3_IMBALANCED_B_L2_F3_H1_seed045_45_20260602_123216
campaign_v3_S8_M3_IMBALANCED_B_L2_F3_H3_seed041,campaign_v3_S8_M3_IMBALANCED_B_L2_F3_H3_seed041_41_20260602_121919,S8,4000,160,5,M3_IMBALANCED,41,B,L2,F3,H3,V3,map_S8_M3_IMBALANCED_seed041,1e9306d540fd3664839fa3db1c6334e1a1477505f877548ef83e1e59071baecc,240.17,427.3,185.805,362.941,25,1397,5.6535,0.083,60.0,37.122,97.122,157.122,160.0,100.0,3.721,6.0,1.0,0.003,0.097,0.141,6944.544112,0.263864,0.0,3179,1128036,1128036,1.0,1409,1409,1.0,95904,0,1,S8|M3_IMBALANCED|41|B|L2|F3,true,false,false,/home/cyfer/FYP/WSN_simulation_V3/runs/S8_4000/outputs_production_50seed_part41_45/run_campaign_v3_S8_M3_IMBALANCED_B_L2_F3_H3_seed041_41_20260602_121919
campaign_v3_S8_M3_IMBALANCED_B_L2_F3_H3_seed042,campaign_v3_S8_M3_IMBALANCED_B_L2_F3_H3_seed042_42_20260602_122237,S8,4000,160,5,M3_IMBALANCED,42,B,L2,F3,H3,V3,map_S8_M3_IMBALANCED_seed042,7030c1dbddf42a593d11772ab10ebc977f9528e58bbff6bdc5d071c69f0e6540,247.056,427.137,185.432,343.244,25,1524,5.7443,0.0712,60.0,38.37,98.37,158.37,160.0,100.0,4.713,6.0,1.0,0.009,0.449,0.113,6968.772632,0.257807,0.0,3200,1125686,1125686,1.0,1373,1373,1.0,95654,0,1,S8|M3_IMBALANCED|42|B|L2|F3,true,false,false,/home/cyfer/FYP/WSN_simulation_V3/runs/S8_4000/outputs_production_50seed_part41_45/run_campaign_v3_S8_M3_IMBALANCED_B_L2_F3_H3_seed042_42_20260602_122237
campaign_v3_S8_M3_IMBALANCED_B_L2_F3_H3_seed043,campaign_v3_S8_M3_IMBALANCED_B_L2_F3_H3_seed043_43_20260602_122549,S8,4000,160,5,M3_IMBALANCED,43,B,L2,F3,H3,V3,map_S8_M3_IMBALANCED_seed043,ccc22e4ef8c1397a0f4469b6e93dfc0a6ade3f7c90b8695a2752d85a3345281d,237.573,435.001,189.276,361.756,25,1484,5.7363,0.0767,60.0,37.37,97.37,157.37,160.0,100.0,3.855,6.0,1.0,0.005,0.186,0.094,6969.583188,0.257604,0.0,3201,1127096,1127096,1.0,1364,1364,1.0,95804,0,1,S8|M3_IMBALANCED|43|B|L2|F3,true,false,false,/home/cyfer/FYP/WSN_simulation_V3/runs/S8_4000/outputs_production_50seed_part41_45/run_campaign_v3_S8_M3_IMBALANCED_B_L2_F3_H3_seed043_43_20260602_122549
campaign_v3_S8_M3_IMBALANCED_B_L2_F3_H3_seed044,campaign_v3_S8_M3_IMBALANCED_B_L2_F3_H3_seed044_44_20260602_122902,S8,4000,160,5,M3_IMBALANCED,44,B,L2,F3,H3,V3,map_S8_M3_IMBALANCED_seed044,18b4598f5a3028cd0ec09a26c8ad08cf2825d0f3e046e28774c6cada8d46f5d4,238.304,447.671,188.72,354.024,25,1347,5.724,0.0862,60.0,37.492,97.492,157.492,160.0,100.0,3.769,6.0,1.0,0.003,0.094,0.16,6941.91892,0.26452,0.0,3178,1128036,1128036,1.0,1391,1391,1.0,95904,0,1,S8|M3_IMBALANCED|44|B|L2|F3,true,false,false,/home/cyfer/FYP/WSN_simulation_V3/runs/S8_4000/outputs_production_50seed_part41_45/run_campaign_v3_S8_M3_IMBALANCED_B_L2_F3_H3_seed044_44_20260602_122902
campaign_v3_S8_M3_IMBALANCED_B_L2_F3_H3_seed045,campaign_v3_S8_M3_IMBALANCED_B_L2_F3_H3_seed045_45_20260602_123219,S8,4000,160,5,M3_IMBALANCED,45,B,L2,F3,H3,V3,map_S8_M3_IMBALANCED_seed045,b5e4ae07e381292748632709e6d87c74f8d1690b45e6bbdd0b24af35b9949bcc,242.612,452.382,184.251,334.016,25,1083,5.053,0.0788,60.0,37.197,97.197,157.197,160.0,100.0,3.671,6.0,1.0,0.002,0.047,0.175,6949.17877,0.262705,0.0,3181,1128506,1128506,1.0,1391,1391,1.0,95954,0,1,S8|M3_IMBALANCED|45|B|L2|F3,true,false,false,/home/cyfer/FYP/WSN_simulation_V3/runs/S8_4000/outputs_production_50seed_part41_45/run_campaign_v3_S8_M3_IMBALANCED_B_L2_F3_H3_seed045_45_20260602_123219
campaign_v3_S8_M3_IMBALANCED_B_L2_F3_H4_seed041,campaign_v3_S8_M3_IMBALANCED_B_L2_F3_H4_seed041_41_20260602_121922,S8,4000,160,5,M3_IMBALANCED,41,B,L2,F3,H4,V3,map_S8_M3_IMBALANCED_seed041,1e9306d540fd3664839fa3db1c6334e1a1477505f877548ef83e1e59071baecc,240.17,427.3,185.805,362.941,25,1397,5.6535,0.083,60.0,41.568,101.568,161.568,170.0,110.0,3.721,6.0,1.0,0.003,0.097,0.141,6944.53447,0.263866,0.0,3179,1128036,1128036,1.0,1409,1409,1.0,95904,0,1,S8|M3_IMBALANCED|41|B|L2|F3,true,false,false,/home/cyfer/FYP/WSN_simulation_V3/runs/S8_4000/outputs_production_50seed_part41_45/run_campaign_v3_S8_M3_IMBALANCED_B_L2_F3_H4_seed041_41_20260602_121922
campaign_v3_S8_M3_IMBALANCED_B_L2_F3_H4_seed042,campaign_v3_S8_M3_IMBALANCED_B_L2_F3_H4_seed042_42_20260602_122239,S8,4000,160,5,M3_IMBALANCED,42,B,L2,F3,H4,V3,map_S8_M3_IMBALANCED_seed042,7030c1dbddf42a593d11772ab10ebc977f9528e58bbff6bdc5d071c69f0e6540,247.056,427.137,185.432,343.244,25,1524,5.7443,0.0712,60.0,42.346,102.346,162.346,170.0,110.0,4.713,6.0,1.0,0.009,0.449,0.113,6968.780182,0.257805,0.0,3200,1125686,1125686,1.0,1373,1373,1.0,95654,0,1,S8|M3_IMBALANCED|42|B|L2|F3,true,false,false,/home/cyfer/FYP/WSN_simulation_V3/runs/S8_4000/outputs_production_50seed_part41_45/run_campaign_v3_S8_M3_IMBALANCED_B_L2_F3_H4_seed042_42_20260602_122239
campaign_v3_S8_M3_IMBALANCED_B_L2_F3_H4_seed043,campaign_v3_S8_M3_IMBALANCED_B_L2_F3_H4_seed043_43_20260602_122551,S8,4000,160,5,M3_IMBALANCED,43,B,L2,F3,H4,V3,map_S8_M3_IMBALANCED_seed043,ccc22e4ef8c1397a0f4469b6e93dfc0a6ade3f7c90b8695a2752d85a3345281d,237.573,435.001,189.276,361.756,25,1484,5.7363,0.0767,60.0,41.047,101.047,161.047,170.0,110.0,3.855,6.0,1.0,0.005,0.186,0.094,6969.575107,0.257606,0.0,3201,1127096,1127096,1.0,1364,1364,1.0,95804,0,1,S8|M3_IMBALANCED|43|B|L2|F3,true,false,false,/home/cyfer/FYP/WSN_simulation_V3/runs/S8_4000/outputs_production_50seed_part41_45/run_campaign_v3_S8_M3_IMBALANCED_B_L2_F3_H4_seed043_43_20260602_122551
campaign_v3_S8_M3_IMBALANCED_B_L2_F3_H4_seed044,campaign_v3_S8_M3_IMBALANCED_B_L2_F3_H4_seed044_44_20260602_122904,S8,4000,160,5,M3_IMBALANCED,44,B,L2,F3,H4,V3,map_S8_M3_IMBALANCED_seed044,18b4598f5a3028cd0ec09a26c8ad08cf2825d0f3e046e28774c6cada8d46f5d4,238.304,447.671,188.72,354.024,25,1347,5.724,0.0862,60.0,41.467,101.467,161.467,170.0,110.0,3.769,6.0,1.0,0.003,0.094,0.16,6941.924828,0.264519,0.0,3178,1128036,1128036,1.0,1391,1391,1.0,95904,0,1,S8|M3_IMBALANCED|44|B|L2|F3,true,false,false,/home/cyfer/FYP/WSN_simulation_V3/runs/S8_4000/outputs_production_50seed_part41_45/run_campaign_v3_S8_M3_IMBALANCED_B_L2_F3_H4_seed044_44_20260602_122904
campaign_v3_S8_M3_IMBALANCED_B_L2_F3_H4_seed045,campaign_v3_S8_M3_IMBALANCED_B_L2_F3_H4_seed045_45_20260602_123223,S8,4000,160,5,M3_IMBALANCED,45,B,L2,F3,H4,V3,map_S8_M3_IMBALANCED_seed045,b5e4ae07e381292748632709e6d87c74f8d1690b45e6bbdd0b24af35b9949bcc,242.612,452.382,184.251,334.016,25,1083,5.053,0.0788,60.0,41.632,101.632,161.632,170.0,110.0,3.671,6.0,1.0,0.002,0.047,0.175,6949.193364,0.262702,0.0,3181,1128506,1128506,1.0,1391,1391,1.0,95954,0,1,S8|M3_IMBALANCED|45|B|L2|F3,true,false,false,/home/cyfer/FYP/WSN_simulation_V3/runs/S8_4000/outputs_production_50seed_part41_45/run_campaign_v3_S8_M3_IMBALANCED_B_L2_F3_H4_seed045_45_20260602_123223
campaign_v3_S8_M3_IMBALANCED_B_L2_F4_H0_seed041,campaign_v3_S8_M3_IMBALANCED_B_L2_F4_H0_seed041_41_20260602_121852,S8,4000,160,5,M3_IMBALANCED,41,B,L2,F4,H0,V2,map_S8_M3_IMBALANCED_seed041,1e9306d540fd3664839fa3db1c6334e1a1477505f877548ef83e1e59071baecc,240.17,427.3,185.805,362.941,25,1397,5.6535,0.083,60.0,-1.0,-1.0,-1.0,-1.0,-1.0,0.0,0.0,0.0,0.0,0.0,0.0,6944.080148,0.26398,0.0,3179,1127785,1127785,1.0,1405,1405,1.0,96025,1,0,S8|M3_IMBALANCED|41|B|L2|F4,false,false,true,/home/cyfer/FYP/WSN_simulation_V3/runs/S8_4000/outputs_production_50seed_part41_45/run_campaign_v3_S8_M3_IMBALANCED_B_L2_F4_H0_seed041_41_20260602_121852
campaign_v3_S8_M3_IMBALANCED_B_L2_F4_H0_seed042,campaign_v3_S8_M3_IMBALANCED_B_L2_F4_H0_seed042_42_20260602_122211,S8,4000,160,5,M3_IMBALANCED,42,B,L2,F4,H0,V2,map_S8_M3_IMBALANCED_seed042,7030c1dbddf42a593d11772ab10ebc977f9528e58bbff6bdc5d071c69f0e6540,247.056,427.137,185.432,343.244,25,1524,5.7443,0.0712,60.0,-1.0,-1.0,-1.0,-1.0,-1.0,0.0,0.0,0.0,0.0,0.0,0.0,6982.299292,0.254425,0.0,3209,1127785,1127785,1.0,1369,1369,1.0,96025,1,0,S8|M3_IMBALANCED|42|B|L2|F4,false,false,true,/home/cyfer/FYP/WSN_simulation_V3/runs/S8_4000/outputs_production_50seed_part41_45/run_campaign_v3_S8_M3_IMBALANCED_B_L2_F4_H0_seed042_42_20260602_122211
campaign_v3_S8_M3_IMBALANCED_B_L2_F4_H0_seed043,campaign_v3_S8_M3_IMBALANCED_B_L2_F4_H0_seed043_43_20260602_122523,S8,4000,160,5,M3_IMBALANCED,43,B,L2,F4,H0,V2,map_S8_M3_IMBALANCED_seed043,ccc22e4ef8c1397a0f4469b6e93dfc0a6ade3f7c90b8695a2752d85a3345281d,237.573,435.001,189.276,361.756,25,1484,5.7363,0.0767,60.0,-1.0,-1.0,-1.0,-1.0,-1.0,0.0,0.0,0.0,0.0,0.0,0.0,6972.970943,0.256757,0.0,3202,1128255,1128255,1.0,1360,1360,1.0,96015,1,0,S8|M3_IMBALANCED|43|B|L2|F4,false,false,true,/home/cyfer/FYP/WSN_simulation_V3/runs/S8_4000/outputs_production_50seed_part41_45/run_campaign_v3_S8_M3_IMBALANCED_B_L2_F4_H0_seed043_43_20260602_122523
campaign_v3_S8_M3_IMBALANCED_B_L2_F4_H0_seed044,campaign_v3_S8_M3_IMBALANCED_B_L2_F4_H0_seed044_44_20260602_122836,S8,4000,160,5,M3_IMBALANCED,44,B,L2,F4,H0,V2,map_S8_M3_IMBALANCED_seed044,18b4598f5a3028cd0ec09a26c8ad08cf2825d0f3e046e28774c6cada8d46f5d4,238.304,447.671,188.72,354.024,25,1347,5.724,0.0862,60.0,-1.0,-1.0,-1.0,-1.0,-1.0,0.0,0.0,0.0,0.0,0.0,0.0,6941.209856,0.264698,0.0,3178,1127785,1127785,1.0,1387,1387,1.0,96025,1,0,S8|M3_IMBALANCED|44|B|L2|F4,false,false,true,/home/cyfer/FYP/WSN_simulation_V3/runs/S8_4000/outputs_production_50seed_part41_45/run_campaign_v3_S8_M3_IMBALANCED_B_L2_F4_H0_seed044_44_20260602_122836
campaign_v3_S8_M3_IMBALANCED_B_L2_F4_H0_seed045,campaign_v3_S8_M3_IMBALANCED_B_L2_F4_H0_seed045_45_20260602_123148,S8,4000,160,5,M3_IMBALANCED,45,B,L2,F4,H0,V2,map_S8_M3_IMBALANCED_seed045,b5e4ae07e381292748632709e6d87c74f8d1690b45e6bbdd0b24af35b9949bcc,242.612,452.382,184.251,334.016,25,1083,5.053,0.0788,60.0,-1.0,-1.0,-1.0,-1.0,-1.0,0.0,0.0,0.0,0.0,0.0,0.0,6949.472141,0.262632,0.0,3181,1128725,1128725,1.0,1387,1387,1.0,96005,1,0,S8|M3_IMBALANCED|45|B|L2|F4,false,false,true,/home/cyfer/FYP/WSN_simulation_V3/runs/S8_4000/outputs_production_50seed_part41_45/run_campaign_v3_S8_M3_IMBALANCED_B_L2_F4_H0_seed045_45_20260602_123148
campaign_v3_S8_M3_IMBALANCED_B_L2_F4_H1_seed041,campaign_v3_S8_M3_IMBALANCED_B_L2_F4_H1_seed041_41_20260602_121924,S8,4000,160,5,M3_IMBALANCED,41,B,L2,F4,H1,V3,map_S8_M3_IMBALANCED_seed041,1e9306d540fd3664839fa3db1c6334e1a1477505f877548ef83e1e59071baecc,240.17,427.3,185.805,362.941,25,1397,5.6535,0.083,60.0,37.696,97.696,157.696,160.0,100.0,3.931,6.0,1.0,0.004,0.113,0.193,6944.490762,0.263877,0.0,3179,1127911,1127911,1.0,1409,1409,1.0,95879,0,1,S8|M3_IMBALANCED|41|B|L2|F4,true,false,false,/home/cyfer/FYP/WSN_simulation_V3/runs/S8_4000/outputs_production_50seed_part41_45/run_campaign_v3_S8_M3_IMBALANCED_B_L2_F4_H1_seed041_41_20260602_121924
campaign_v3_S8_M3_IMBALANCED_B_L2_F4_H1_seed042,campaign_v3_S8_M3_IMBALANCED_B_L2_F4_H1_seed042_42_20260602_122242,S8,4000,160,5,M3_IMBALANCED,42,B,L2,F4,H1,V3,map_S8_M3_IMBALANCED_seed042,7030c1dbddf42a593d11772ab10ebc977f9528e58bbff6bdc5d071c69f0e6540,247.056,427.137,185.432,343.244,25,1524,5.7443,0.0712,60.0,37.287,97.287,157.287,160.0,100.0,3.898,6.0,1.0,0.003,0.118,0.178,6982.744818,0.254314,0.0,3209,1127911,1127911,1.0,1373,1373,1.0,95879,0,1,S8|M3_IMBALANCED|42|B|L2|F4,true,false,false,/home/cyfer/FYP/WSN_simulation_V3/runs/S8_4000/outputs_production_50seed_part41_45/run_campaign_v3_S8_M3_IMBALANCED_B_L2_F4_H1_seed042_42_20260602_122242
campaign_v3_S8_M3_IMBALANCED_B_L2_F4_H1_seed043,campaign_v3_S8_M3_IMBALANCED_B_L2_F4_H1_seed043_43_20260602_122554,S8,4000,160,5,M3_IMBALANCED,43,B,L2,F4,H1,V3,map_S8_M3_IMBALANCED_seed043,ccc22e4ef8c1397a0f4469b6e93dfc0a6ade3f7c90b8695a2752d85a3345281d,237.573,435.001,189.276,361.756,25,1484,5.7363,0.0767,60.0,36.869,96.869,156.869,160.0,100.0,3.452,6.0,1.0,0.002,0.073,0.075,6973.304579,0.256674,0.0,3202,1128340,1128340,1.0,1364,1364,1.0,95929,0,1,S8|M3_IMBALANCED|43|B|L2|F4,true,false,false,/home/cyfer/FYP/WSN_simulation_V3/runs/S8_4000/outputs_production_50seed_part41_45/run_campaign_v3_S8_M3_IMBALANCED_B_L2_F4_H1_seed043_43_20260602_122554
campaign_v3_S8_M3_IMBALANCED_B_L2_F4_H1_seed044,campaign_v3_S8_M3_IMBALANCED_B_L2_F4_H1_seed044_44_20260602_122907,S8,4000,160,5,M3_IMBALANCED,44,B,L2,F4,H1,V3,map_S8_M3_IMBALANCED_seed044,18b4598f5a3028cd0ec09a26c8ad08cf2825d0f3e046e28774c6cada8d46f5d4,238.304,447.671,188.72,354.024,25,1347,5.724,0.0862,60.0,37.704,97.704,157.704,160.0,100.0,3.723,6.0,1.0,0.004,0.113,0.124,6941.66143,0.264585,0.0,3178,1127911,1127911,1.0,1391,1391,1.0,95879,0,1,S8|M3_IMBALANCED|44|B|L2|F4,true,false,false,/home/cyfer/FYP/WSN_simulation_V3/runs/S8_4000/outputs_production_50seed_part41_45/run_campaign_v3_S8_M3_IMBALANCED_B_L2_F4_H1_seed044_44_20260602_122907
campaign_v3_S8_M3_IMBALANCED_B_L2_F4_H1_seed045,campaign_v3_S8_M3_IMBALANCED_B_L2_F4_H1_seed045_45_20260602_123226,S8,4000,160,5,M3_IMBALANCED,45,B,L2,F4,H1,V3,map_S8_M3_IMBALANCED_seed045,b5e4ae07e381292748632709e6d87c74f8d1690b45e6bbdd0b24af35b9949bcc,242.612,452.382,184.251,334.016,25,1083,5.053,0.0788,60.0,36.275,96.275,156.275,160.0,100.0,3.215,6.0,1.0,0.001,0.028,0.043,6949.572895,0.262607,0.0,3181,1128764,1128764,1.0,1391,1391,1.0,95979,0,1,S8|M3_IMBALANCED|45|B|L2|F4,true,false,false,/home/cyfer/FYP/WSN_simulation_V3/runs/S8_4000/outputs_production_50seed_part41_45/run_campaign_v3_S8_M3_IMBALANCED_B_L2_F4_H1_seed045_45_20260602_123226
campaign_v3_S8_M3_IMBALANCED_B_L2_F4_H3_seed041,campaign_v3_S8_M3_IMBALANCED_B_L2_F4_H3_seed041_41_20260602_121927,S8,4000,160,5,M3_IMBALANCED,41,B,L2,F4,H3,V3,map_S8_M3_IMBALANCED_seed041,1e9306d540fd3664839fa3db1c6334e1a1477505f877548ef83e1e59071baecc,240.17,427.3,185.805,362.941,25,1397,5.6535,0.083,60.0,43.349,103.349,163.349,170.0,110.0,3.931,6.0,1.0,0.004,0.113,0.193,6944.319093,0.26392,0.0,3179,1127849,1127849,1.0,1409,1409,1.0,95879,0,1,S8|M3_IMBALANCED|41|B|L2|F4,true,false,false,/home/cyfer/FYP/WSN_simulation_V3/runs/S8_4000/outputs_production_50seed_part41_45/run_campaign_v3_S8_M3_IMBALANCED_B_L2_F4_H3_seed041_41_20260602_121927
campaign_v3_S8_M3_IMBALANCED_B_L2_F4_H3_seed042,campaign_v3_S8_M3_IMBALANCED_B_L2_F4_H3_seed042_42_20260602_122244,S8,4000,160,5,M3_IMBALANCED,42,B,L2,F4,H3,V3,map_S8_M3_IMBALANCED_seed042,7030c1dbddf42a593d11772ab10ebc977f9528e58bbff6bdc5d071c69f0e6540,247.056,427.137,185.432,343.244,25,1524,5.7443,0.0712,60.0,43.206,103.206,163.206,170.0,110.0,3.898,6.0,1.0,0.003,0.118,0.178,6982.576863,0.254356,0.0,3209,1127849,1127849,1.0,1373,1373,1.0,95879,0,1,S8|M3_IMBALANCED|42|B|L2|F4,true,false,false,/home/cyfer/FYP/WSN_simulation_V3/runs/S8_4000/outputs_production_50seed_part41_45/run_campaign_v3_S8_M3_IMBALANCED_B_L2_F4_H3_seed042_42_20260602_122244
campaign_v3_S8_M3_IMBALANCED_B_L2_F4_H3_seed043,campaign_v3_S8_M3_IMBALANCED_B_L2_F4_H3_seed043_43_20260602_122556,S8,4000,160,5,M3_IMBALANCED,43,B,L2,F4,H3,V3,map_S8_M3_IMBALANCED_seed043,ccc22e4ef8c1397a0f4469b6e93dfc0a6ade3f7c90b8695a2752d85a3345281d,237.573,435.001,189.276,361.756,25,1484,5.7363,0.0767,60.0,42.651,102.651,162.651,170.0,110.0,3.452,6.0,1.0,0.002,0.073,0.075,6973.192493,0.256702,0.0,3202,1128305,1128305,1.0,1364,1364,1.0,95929,0,1,S8|M3_IMBALANCED|43|B|L2|F4,true,false,false,/home/cyfer/FYP/WSN_simulation_V3/runs/S8_4000/outputs_production_50seed_part41_45/run_campaign_v3_S8_M3_IMBALANCED_B_L2_F4_H3_seed043_43_20260602_122556
campaign_v3_S8_M3_IMBALANCED_B_L2_F4_H3_seed044,campaign_v3_S8_M3_IMBALANCED_B_L2_F4_H3_seed044_44_20260602_122909,S8,4000,160,5,M3_IMBALANCED,44,B,L2,F4,H3,V3,map_S8_M3_IMBALANCED_seed044,18b4598f5a3028cd0ec09a26c8ad08cf2825d0f3e046e28774c6cada8d46f5d4,238.304,447.671,188.72,354.024,25,1347,5.724,0.0862,60.0,43.153,103.153,163.153,170.0,110.0,3.723,6.0,1.0,0.004,0.113,0.124,6941.461476,0.264635,0.0,3178,1127849,1127849,1.0,1391,1391,1.0,95879,0,1,S8|M3_IMBALANCED|44|B|L2|F4,true,false,false,/home/cyfer/FYP/WSN_simulation_V3/runs/S8_4000/outputs_production_50seed_part41_45/run_campaign_v3_S8_M3_IMBALANCED_B_L2_F4_H3_seed044_44_20260602_122909
campaign_v3_S8_M3_IMBALANCED_B_L2_F4_H3_seed045,campaign_v3_S8_M3_IMBALANCED_B_L2_F4_H3_seed045_45_20260602_123231,S8,4000,160,5,M3_IMBALANCED,45,B,L2,F4,H3,V3,map_S8_M3_IMBALANCED_seed045,b5e4ae07e381292748632709e6d87c74f8d1690b45e6bbdd0b24af35b9949bcc,242.612,452.382,184.251,334.016,25,1083,5.053,0.0788,60.0,43.131,103.131,163.131,170.0,110.0,3.215,6.0,1.0,0.001,0.028,0.043,6949.559035,0.26261,0.0,3181,1128757,1128757,1.0,1391,1391,1.0,95979,0,1,S8|M3_IMBALANCED|45|B|L2|F4,true,false,false,/home/cyfer/FYP/WSN_simulation_V3/runs/S8_4000/outputs_production_50seed_part41_45/run_campaign_v3_S8_M3_IMBALANCED_B_L2_F4_H3_seed045_45_20260602_123231
campaign_v3_S8_M3_IMBALANCED_B_L2_F4_H4_seed041,campaign_v3_S8_M3_IMBALANCED_B_L2_F4_H4_seed041_41_20260602_121929,S8,4000,160,5,M3_IMBALANCED,41,B,L2,F4,H4,V3,map_S8_M3_IMBALANCED_seed041,1e9306d540fd3664839fa3db1c6334e1a1477505f877548ef83e1e59071baecc,240.17,427.3,185.805,362.941,25,1397,5.6535,0.083,60.0,47.406,107.406,167.406,170.0,110.0,3.931,6.0,1.0,0.004,0.113,0.193,6943.187273,0.264203,0.0,3179,1127496,1127496,1.0,1409,1409,1.0,95808,0,1,S8|M3_IMBALANCED|41|B|L2|F4,true,false,false,/home/cyfer/FYP/WSN_simulation_V3/runs/S8_4000/outputs_production_50seed_part41_45/run_campaign_v3_S8_M3_IMBALANCED_B_L2_F4_H4_seed041_41_20260602_121929
campaign_v3_S8_M3_IMBALANCED_B_L2_F4_H4_seed042,campaign_v3_S8_M3_IMBALANCED_B_L2_F4_H4_seed042_42_20260602_122247,S8,4000,160,5,M3_IMBALANCED,42,B,L2,F4,H4,V3,map_S8_M3_IMBALANCED_seed042,7030c1dbddf42a593d11772ab10ebc977f9528e58bbff6bdc5d071c69f0e6540,247.056,427.137,185.432,343.244,25,1524,5.7443,0.0712,60.0,47.464,107.464,167.464,170.0,110.0,3.898,6.0,1.0,0.003,0.118,0.178,6982.254449,0.254436,0.0,3209,1127750,1127750,1.0,1373,1373,1.0,95858,0,1,S8|M3_IMBALANCED|42|B|L2|F4,true,false,false,/home/cyfer/FYP/WSN_simulation_V3/runs/S8_4000/outputs_production_50seed_part41_45/run_campaign_v3_S8_M3_IMBALANCED_B_L2_F4_H4_seed042_42_20260602_122247
campaign_v3_S8_M3_IMBALANCED_B_L2_F4_H4_seed043,campaign_v3_S8_M3_IMBALANCED_B_L2_F4_H4_seed043_43_20260602_122559,S8,4000,160,5,M3_IMBALANCED,43,B,L2,F4,H4,V3,map_S8_M3_IMBALANCED_seed043,ccc22e4ef8c1397a0f4469b6e93dfc0a6ade3f7c90b8695a2752d85a3345281d,237.573,435.001,189.276,361.756,25,1484,5.7363,0.0767,60.0,47.375,107.375,167.375,170.0,110.0,3.452,6.0,1.0,0.002,0.073,0.075,6971.864941,0.257034,0.0,3202,1127942,1127942,1.0,1364,1364,1.0,95858,0,1,S8|M3_IMBALANCED|43|B|L2|F4,true,false,false,/home/cyfer/FYP/WSN_simulation_V3/runs/S8_4000/outputs_production_50seed_part41_45/run_campaign_v3_S8_M3_IMBALANCED_B_L2_F4_H4_seed043_43_20260602_122559
campaign_v3_S8_M3_IMBALANCED_B_L2_F4_H4_seed044,campaign_v3_S8_M3_IMBALANCED_B_L2_F4_H4_seed044_44_20260602_122911,S8,4000,160,5,M3_IMBALANCED,44,B,L2,F4,H4,V3,map_S8_M3_IMBALANCED_seed044,18b4598f5a3028cd0ec09a26c8ad08cf2825d0f3e046e28774c6cada8d46f5d4,238.304,447.671,188.72,354.024,25,1347,5.724,0.0862,60.0,47.273,107.273,167.273,170.0,110.0,3.723,6.0,1.0,0.004,0.113,0.124,6939.905804,0.265024,0.0,3178,1127369,1127369,1.0,1391,1391,1.0,95783,0,1,S8|M3_IMBALANCED|44|B|L2|F4,true,false,false,/home/cyfer/FYP/WSN_simulation_V3/runs/S8_4000/outputs_production_50seed_part41_45/run_campaign_v3_S8_M3_IMBALANCED_B_L2_F4_H4_seed044_44_20260602_122911
campaign_v3_S8_M3_IMBALANCED_B_L2_F4_H4_seed045,campaign_v3_S8_M3_IMBALANCED_B_L2_F4_H4_seed045_45_20260602_123234,S8,4000,160,5,M3_IMBALANCED,45,B,L2,F4,H4,V3,map_S8_M3_IMBALANCED_seed045,b5e4ae07e381292748632709e6d87c74f8d1690b45e6bbdd0b24af35b9949bcc,242.612,452.382,184.251,334.016,25,1083,5.053,0.0788,60.0,47.203,107.203,167.203,170.0,110.0,3.215,6.0,1.0,0.001,0.028,0.043,6948.84655,0.262788,0.0,3181,1128515,1128515,1.0,1391,1391,1.0,95933,0,1,S8|M3_IMBALANCED|45|B|L2|F4,true,false,false,/home/cyfer/FYP/WSN_simulation_V3/runs/S8_4000/outputs_production_50seed_part41_45/run_campaign_v3_S8_M3_IMBALANCED_B_L2_F4_H4_seed045_45_20260602_123234
