run_id,external_run_id,scale,node_count,cluster_count,bs_count,map_profile,seed,architecture,load,failure_family,healing_id,variant,map_id,map_signature,mean_node_to_ch_distance,max_node_to_ch_distance,mean_ch_to_bs_distance,max_ch_to_bs_distance,cluster_size_mean,cluster_size_max,cluster_size_cv,long_link_ratio,failure_time_s,recovery_applied_delay_s,recovery_applied_s,recovery_event_time_s,first_recovered_aggregate_s,traffic_recovery_delay_s,recovery_stress_score,recovery_map_profile_penalty_s,recovery_queue_norm,recovery_cluster_norm,recovery_energy_norm,recovery_distance_norm,consumed_j,avg_res_j,min_res_j,low_nodes,raw_tx,raw_rx,raw_delivery_ratio,agg_tx,agg_rx,agg_delivery_ratio,pending_raw_total,failed_chs,recovered_clusters,candidate_group_key,is_healing_case,is_baseline,is_failure_no_healing,source_output_dir
campaign_v3_S10_M1_BALANCED_A_L1_F0_H0_seed026,campaign_v3_S10_M1_BALANCED_A_L1_F0_H0_seed026_26_20260603_093345,S10,5000,200,6,M1_BALANCED,26,A,L1,F0,H0,V1,map_S10_M1_BALANCED_seed026,2413a574d3c909e9ca76603f34edff0323d89e32629f230f0d6d3d8be49aff05,32.336,64.012,196.97,408.78,25,52,0.3211,0.1238,0.0,-1.0,-1.0,-1.0,-1.0,-1.0,0.0,0.0,0.0,0.0,0.0,0.0,2579.320164,1.484136,0.0,197,1411200,1411200,1.0,1800,1800,1.0,120000,0,0,S10|M1_BALANCED|26|A|L1|F0,false,true,false,/home/cyfer/FYP/WSN_simulation_V3/runs/S10_5000/outputs_production_50seed_part26_30/run_campaign_v3_S10_M1_BALANCED_A_L1_F0_H0_seed026_26_20260603_093345
campaign_v3_S10_M1_BALANCED_A_L1_F0_H0_seed027,campaign_v3_S10_M1_BALANCED_A_L1_F0_H0_seed027_27_20260603_093506,S10,5000,200,6,M1_BALANCED,27,A,L1,F0,H0,V1,map_S10_M1_BALANCED_seed027,ba96431f4660c0d6ebfe608e3c8b3d4a5bb8146f8b8c03be027f147557b78682,32.327,65.006,194.795,376.916,25,52,0.3295,0.1306,0.0,-1.0,-1.0,-1.0,-1.0,-1.0,0.0,0.0,0.0,0.0,0.0,0.0,2582.951551,1.48341,0.0,200,1411200,1411200,1.0,1800,1800,1.0,120000,0,0,S10|M1_BALANCED|27|A|L1|F0,false,true,false,/home/cyfer/FYP/WSN_simulation_V3/runs/S10_5000/outputs_production_50seed_part26_30/run_campaign_v3_S10_M1_BALANCED_A_L1_F0_H0_seed027_27_20260603_093506
campaign_v3_S10_M1_BALANCED_A_L1_F0_H0_seed028,campaign_v3_S10_M1_BALANCED_A_L1_F0_H0_seed028_28_20260603_093624,S10,5000,200,6,M1_BALANCED,28,A,L1,F0,H0,V1,map_S10_M1_BALANCED_seed028,a281ca2e6535f180a03710328a33507ea02f075b6577482c86e139e9f971b3e3,32.285,64.432,195.252,405.877,25,42,0.286,0.1154,0.0,-1.0,-1.0,-1.0,-1.0,-1.0,0.0,0.0,0.0,0.0,0.0,0.0,2577.89896,1.48442,0.0,199,1411200,1411200,1.0,1800,1800,1.0,120000,0,0,S10|M1_BALANCED|28|A|L1|F0,false,true,false,/home/cyfer/FYP/WSN_simulation_V3/runs/S10_5000/outputs_production_50seed_part26_30/run_campaign_v3_S10_M1_BALANCED_A_L1_F0_H0_seed028_28_20260603_093624
campaign_v3_S10_M1_BALANCED_A_L1_F0_H0_seed029,campaign_v3_S10_M1_BALANCED_A_L1_F0_H0_seed029_29_20260603_093741,S10,5000,200,6,M1_BALANCED,29,A,L1,F0,H0,V1,map_S10_M1_BALANCED_seed029,77162a84d0af255ab0116542bfec2702779cdd7ddfe2c0630f703c06ca2f7295,31.953,62.332,196.613,405.422,25,43,0.2999,0.142,0.0,-1.0,-1.0,-1.0,-1.0,-1.0,0.0,0.0,0.0,0.0,0.0,0.0,2568.444788,1.486311,0.0,200,1411200,1411200,1.0,1800,1800,1.0,120000,0,0,S10|M1_BALANCED|29|A|L1|F0,false,true,false,/home/cyfer/FYP/WSN_simulation_V3/runs/S10_5000/outputs_production_50seed_part26_30/run_campaign_v3_S10_M1_BALANCED_A_L1_F0_H0_seed029_29_20260603_093741
campaign_v3_S10_M1_BALANCED_A_L1_F0_H0_seed030,campaign_v3_S10_M1_BALANCED_A_L1_F0_H0_seed030_30_20260603_093859,S10,5000,200,6,M1_BALANCED,30,A,L1,F0,H0,V1,map_S10_M1_BALANCED_seed030,fb88fb1bbb8bf8d4c2b8477ab3db1a16009c5dc664fea854cade7d5ec069a94f,32.249,63.37,198.266,408.227,25,49,0.3357,0.128,0.0,-1.0,-1.0,-1.0,-1.0,-1.0,0.0,0.0,0.0,0.0,0.0,0.0,2578.91079,1.484218,0.0,200,1411200,1411200,1.0,1800,1800,1.0,120000,0,0,S10|M1_BALANCED|30|A|L1|F0,false,true,false,/home/cyfer/FYP/WSN_simulation_V3/runs/S10_5000/outputs_production_50seed_part26_30/run_campaign_v3_S10_M1_BALANCED_A_L1_F0_H0_seed030_30_20260603_093859
campaign_v3_S10_M1_BALANCED_A_L1_F1_H0_seed026,campaign_v3_S10_M1_BALANCED_A_L1_F1_H0_seed026_26_20260603_093346,S10,5000,200,6,M1_BALANCED,26,A,L1,F1,H0,V2,map_S10_M1_BALANCED_seed026,2413a574d3c909e9ca76603f34edff0323d89e32629f230f0d6d3d8be49aff05,32.336,64.012,196.97,408.78,25,52,0.3211,0.1238,60.0,-1.0,-1.0,-1.0,-1.0,-1.0,0.0,0.0,0.0,0.0,0.0,0.0,2564.142965,1.487154,0.0,197,1401800,1401800,1.0,1792,1792,1.0,120200,1,0,S10|M1_BALANCED|26|A|L1|F1,false,false,true,/home/cyfer/FYP/WSN_simulation_V3/runs/S10_5000/outputs_production_50seed_part26_30/run_campaign_v3_S10_M1_BALANCED_A_L1_F1_H0_seed026_26_20260603_093346
campaign_v3_S10_M1_BALANCED_A_L1_F1_H0_seed027,campaign_v3_S10_M1_BALANCED_A_L1_F1_H0_seed027_27_20260603_093507,S10,5000,200,6,M1_BALANCED,27,A,L1,F1,H0,V2,map_S10_M1_BALANCED_seed027,ba96431f4660c0d6ebfe608e3c8b3d4a5bb8146f8b8c03be027f147557b78682,32.327,65.006,194.795,376.916,25,52,0.3295,0.1306,60.0,-1.0,-1.0,-1.0,-1.0,-1.0,0.0,0.0,0.0,0.0,0.0,0.0,2573.852308,1.485051,0.0,200,1405560,1405560,1.0,1792,1792,1.0,120120,1,0,S10|M1_BALANCED|27|A|L1|F1,false,false,true,/home/cyfer/FYP/WSN_simulation_V3/runs/S10_5000/outputs_production_50seed_part26_30/run_campaign_v3_S10_M1_BALANCED_A_L1_F1_H0_seed027_27_20260603_093507
campaign_v3_S10_M1_BALANCED_A_L1_F1_H0_seed028,campaign_v3_S10_M1_BALANCED_A_L1_F1_H0_seed028_28_20260603_093624,S10,5000,200,6,M1_BALANCED,28,A,L1,F1,H0,V2,map_S10_M1_BALANCED_seed028,a281ca2e6535f180a03710328a33507ea02f075b6577482c86e139e9f971b3e3,32.285,64.432,195.252,405.877,25,42,0.286,0.1154,60.0,-1.0,-1.0,-1.0,-1.0,-1.0,0.0,0.0,0.0,0.0,0.0,0.0,2571.842369,1.485355,0.0,199,1408145,1408145,1.0,1792,1792,1.0,120065,1,0,S10|M1_BALANCED|28|A|L1|F1,false,false,true,/home/cyfer/FYP/WSN_simulation_V3/runs/S10_5000/outputs_production_50seed_part26_30/run_campaign_v3_S10_M1_BALANCED_A_L1_F1_H0_seed028_28_20260603_093624
campaign_v3_S10_M1_BALANCED_A_L1_F1_H0_seed029,campaign_v3_S10_M1_BALANCED_A_L1_F1_H0_seed029_29_20260603_093741,S10,5000,200,6,M1_BALANCED,29,A,L1,F1,H0,V2,map_S10_M1_BALANCED_seed029,77162a84d0af255ab0116542bfec2702779cdd7ddfe2c0630f703c06ca2f7295,31.953,62.332,196.613,405.422,25,43,0.2999,0.142,60.0,-1.0,-1.0,-1.0,-1.0,-1.0,0.0,0.0,0.0,0.0,0.0,0.0,2561.728965,1.487396,0.0,200,1407675,1407675,1.0,1792,1792,1.0,120075,1,0,S10|M1_BALANCED|29|A|L1|F1,false,false,true,/home/cyfer/FYP/WSN_simulation_V3/runs/S10_5000/outputs_production_50seed_part26_30/run_campaign_v3_S10_M1_BALANCED_A_L1_F1_H0_seed029_29_20260603_093741
campaign_v3_S10_M1_BALANCED_A_L1_F1_H0_seed030,campaign_v3_S10_M1_BALANCED_A_L1_F1_H0_seed030_30_20260603_093859,S10,5000,200,6,M1_BALANCED,30,A,L1,F1,H0,V2,map_S10_M1_BALANCED_seed030,fb88fb1bbb8bf8d4c2b8477ab3db1a16009c5dc664fea854cade7d5ec069a94f,32.249,63.37,198.266,408.227,25,49,0.3357,0.128,60.0,-1.0,-1.0,-1.0,-1.0,-1.0,0.0,0.0,0.0,0.0,0.0,0.0,2568.303336,1.486188,0.0,200,1405090,1405090,1.0,1792,1792,1.0,120130,1,0,S10|M1_BALANCED|30|A|L1|F1,false,false,true,/home/cyfer/FYP/WSN_simulation_V3/runs/S10_5000/outputs_production_50seed_part26_30/run_campaign_v3_S10_M1_BALANCED_A_L1_F1_H0_seed030_30_20260603_093859
campaign_v3_S10_M1_BALANCED_A_L1_F1_H1_seed026,campaign_v3_S10_M1_BALANCED_A_L1_F1_H1_seed026_26_20260603_093351,S10,5000,200,6,M1_BALANCED,26,A,L1,F1,H1,V3,map_S10_M1_BALANCED_seed026,2413a574d3c909e9ca76603f34edff0323d89e32629f230f0d6d3d8be49aff05,32.336,64.012,196.97,408.78,25,52,0.3211,0.1238,60.0,18.335,78.335,138.335,140.0,80.0,8.819,0.0,1.0,0.784,1.0,0.155,2576.094882,1.484764,0.0,198,1408040,1408040,1.0,1797,1797,1.0,120000,0,1,S10|M1_BALANCED|26|A|L1|F1,true,false,false,/home/cyfer/FYP/WSN_simulation_V3/runs/S10_5000/outputs_production_50seed_part26_30/run_campaign_v3_S10_M1_BALANCED_A_L1_F1_H1_seed026_26_20260603_093351
campaign_v3_S10_M1_BALANCED_A_L1_F1_H1_seed027,campaign_v3_S10_M1_BALANCED_A_L1_F1_H1_seed027_27_20260603_093511,S10,5000,200,6,M1_BALANCED,27,A,L1,F1,H1,V3,map_S10_M1_BALANCED_seed027,ba96431f4660c0d6ebfe608e3c8b3d4a5bb8146f8b8c03be027f147557b78682,32.327,65.006,194.795,376.916,25,52,0.3295,0.1306,60.0,17.595,77.595,137.595,140.0,80.0,7.89,0.0,1.0,0.471,1.0,0.159,2581.197915,1.483582,0.0,201,1409328,1409328,1.0,1797,1797,1.0,120000,0,1,S10|M1_BALANCED|27|A|L1|F1,true,false,false,/home/cyfer/FYP/WSN_simulation_V3/runs/S10_5000/outputs_production_50seed_part26_30/run_campaign_v3_S10_M1_BALANCED_A_L1_F1_H1_seed027_27_20260603_093511
campaign_v3_S10_M1_BALANCED_A_L1_F1_H1_seed028,campaign_v3_S10_M1_BALANCED_A_L1_F1_H1_seed028_28_20260603_093629,S10,5000,200,6,M1_BALANCED,28,A,L1,F1,H1,V3,map_S10_M1_BALANCED_seed028,a281ca2e6535f180a03710328a33507ea02f075b6577482c86e139e9f971b3e3,32.285,64.432,195.252,405.877,25,42,0.286,0.1154,60.0,17.204,77.204,137.204,140.0,80.0,7.345,0.0,1.0,0.317,1.0,0.131,2576.851154,1.484353,0.0,200,1410186,1410186,1.0,1797,1797,1.0,120000,0,1,S10|M1_BALANCED|28|A|L1|F1,true,false,false,/home/cyfer/FYP/WSN_simulation_V3/runs/S10_5000/outputs_production_50seed_part26_30/run_campaign_v3_S10_M1_BALANCED_A_L1_F1_H1_seed028_28_20260603_093629
campaign_v3_S10_M1_BALANCED_A_L1_F1_H1_seed029,campaign_v3_S10_M1_BALANCED_A_L1_F1_H1_seed029_29_20260603_093746,S10,5000,200,6,M1_BALANCED,29,A,L1,F1,H1,V3,map_S10_M1_BALANCED_seed029,77162a84d0af255ab0116542bfec2702779cdd7ddfe2c0630f703c06ca2f7295,31.953,62.332,196.613,405.422,25,43,0.2999,0.142,60.0,17.183,77.183,137.183,140.0,80.0,7.449,0.0,1.0,0.357,1.0,0.126,2567.042121,1.486334,0.0,201,1410030,1410030,1.0,1797,1797,1.0,120000,0,1,S10|M1_BALANCED|29|A|L1|F1,true,false,false,/home/cyfer/FYP/WSN_simulation_V3/runs/S10_5000/outputs_production_50seed_part26_30/run_campaign_v3_S10_M1_BALANCED_A_L1_F1_H1_seed029_29_20260603_093746
campaign_v3_S10_M1_BALANCED_A_L1_F1_H1_seed030,campaign_v3_S10_M1_BALANCED_A_L1_F1_H1_seed030_30_20260603_093904,S10,5000,200,6,M1_BALANCED,30,A,L1,F1,H1,V3,map_S10_M1_BALANCED_seed030,fb88fb1bbb8bf8d4c2b8477ab3db1a16009c5dc664fea854cade7d5ec069a94f,32.249,63.37,198.266,408.227,25,49,0.3357,0.128,60.0,17.592,77.592,137.592,140.0,80.0,7.843,0.0,1.0,0.542,1.0,0.073,2576.534899,1.484541,0.0,201,1409172,1409172,1.0,1797,1797,1.0,120000,0,1,S10|M1_BALANCED|30|A|L1|F1,true,false,false,/home/cyfer/FYP/WSN_simulation_V3/runs/S10_5000/outputs_production_50seed_part26_30/run_campaign_v3_S10_M1_BALANCED_A_L1_F1_H1_seed030_30_20260603_093904
campaign_v3_S10_M1_BALANCED_A_L1_F1_H3_seed026,campaign_v3_S10_M1_BALANCED_A_L1_F1_H3_seed026_26_20260603_093354,S10,5000,200,6,M1_BALANCED,26,A,L1,F1,H3,V3,map_S10_M1_BALANCED_seed026,2413a574d3c909e9ca76603f34edff0323d89e32629f230f0d6d3d8be49aff05,32.336,64.012,196.97,408.78,25,52,0.3211,0.1238,60.0,24.794,84.794,144.794,150.0,90.0,8.819,0.0,1.0,0.784,1.0,0.155,2570.893755,1.485804,0.0,198,1404800,1404800,1.0,1797,1797,1.0,119500,0,1,S10|M1_BALANCED|26|A|L1|F1,true,false,false,/home/cyfer/FYP/WSN_simulation_V3/runs/S10_5000/outputs_production_50seed_part26_30/run_campaign_v3_S10_M1_BALANCED_A_L1_F1_H3_seed026_26_20260603_093354
campaign_v3_S10_M1_BALANCED_A_L1_F1_H3_seed027,campaign_v3_S10_M1_BALANCED_A_L1_F1_H3_seed027_27_20260603_093514,S10,5000,200,6,M1_BALANCED,27,A,L1,F1,H3,V3,map_S10_M1_BALANCED_seed027,ba96431f4660c0d6ebfe608e3c8b3d4a5bb8146f8b8c03be027f147557b78682,32.327,65.006,194.795,376.916,25,52,0.3295,0.1306,60.0,23.57,83.57,143.57,150.0,90.0,7.89,0.0,1.0,0.471,1.0,0.159,2578.334216,1.484155,0.0,201,1407372,1407372,1.0,1797,1797,1.0,119700,0,1,S10|M1_BALANCED|27|A|L1|F1,true,false,false,/home/cyfer/FYP/WSN_simulation_V3/runs/S10_5000/outputs_production_50seed_part26_30/run_campaign_v3_S10_M1_BALANCED_A_L1_F1_H3_seed027_27_20260603_093514
campaign_v3_S10_M1_BALANCED_A_L1_F1_H3_seed028,campaign_v3_S10_M1_BALANCED_A_L1_F1_H3_seed028_28_20260603_093632,S10,5000,200,6,M1_BALANCED,28,A,L1,F1,H3,V3,map_S10_M1_BALANCED_seed028,a281ca2e6535f180a03710328a33507ea02f075b6577482c86e139e9f971b3e3,32.285,64.432,195.252,405.877,25,42,0.286,0.1154,60.0,22.923,82.923,142.923,150.0,90.0,7.345,0.0,1.0,0.317,1.0,0.131,2574.601671,1.484803,0.0,199,1409209,1409209,1.0,1797,1797,1.0,119850,0,1,S10|M1_BALANCED|28|A|L1|F1,true,false,false,/home/cyfer/FYP/WSN_simulation_V3/runs/S10_5000/outputs_production_50seed_part26_30/run_campaign_v3_S10_M1_BALANCED_A_L1_F1_H3_seed028_28_20260603_093632
campaign_v3_S10_M1_BALANCED_A_L1_F1_H3_seed029,campaign_v3_S10_M1_BALANCED_A_L1_F1_H3_seed029_29_20260603_093749,S10,5000,200,6,M1_BALANCED,29,A,L1,F1,H3,V3,map_S10_M1_BALANCED_seed029,77162a84d0af255ab0116542bfec2702779cdd7ddfe2c0630f703c06ca2f7295,31.953,62.332,196.613,405.422,25,43,0.2999,0.142,60.0,23.411,83.411,143.411,150.0,90.0,7.449,0.0,1.0,0.357,1.0,0.126,2564.725741,1.486797,0.0,200,1408883,1408883,1.0,1797,1797,1.0,119825,0,1,S10|M1_BALANCED|29|A|L1|F1,true,false,false,/home/cyfer/FYP/WSN_simulation_V3/runs/S10_5000/outputs_production_50seed_part26_30/run_campaign_v3_S10_M1_BALANCED_A_L1_F1_H3_seed029_29_20260603_093749
campaign_v3_S10_M1_BALANCED_A_L1_F1_H3_seed030,campaign_v3_S10_M1_BALANCED_A_L1_F1_H3_seed030_30_20260603_093907,S10,5000,200,6,M1_BALANCED,30,A,L1,F1,H3,V3,map_S10_M1_BALANCED_seed030,fb88fb1bbb8bf8d4c2b8477ab3db1a16009c5dc664fea854cade7d5ec069a94f,32.249,63.37,198.266,408.227,25,49,0.3357,0.128,60.0,23.049,83.049,143.049,150.0,90.0,7.843,0.0,1.0,0.542,1.0,0.073,2573.091865,1.48523,0.0,201,1407053,1407053,1.0,1797,1797,1.0,119675,0,1,S10|M1_BALANCED|30|A|L1|F1,true,false,false,/home/cyfer/FYP/WSN_simulation_V3/runs/S10_5000/outputs_production_50seed_part26_30/run_campaign_v3_S10_M1_BALANCED_A_L1_F1_H3_seed030_30_20260603_093907
campaign_v3_S10_M1_BALANCED_A_L1_F1_H4_seed026,campaign_v3_S10_M1_BALANCED_A_L1_F1_H4_seed026_26_20260603_093357,S10,5000,200,6,M1_BALANCED,26,A,L1,F1,H4,V3,map_S10_M1_BALANCED_seed026,2413a574d3c909e9ca76603f34edff0323d89e32629f230f0d6d3d8be49aff05,32.336,64.012,196.97,408.78,25,52,0.3211,0.1238,60.0,28.377,88.377,148.377,150.0,90.0,8.819,0.0,1.0,0.784,1.0,0.155,2570.809554,1.485821,0.0,198,1404740,1404740,1.0,1797,1797,1.0,119504,0,1,S10|M1_BALANCED|26|A|L1|F1,true,false,false,/home/cyfer/FYP/WSN_simulation_V3/runs/S10_5000/outputs_production_50seed_part26_30/run_campaign_v3_S10_M1_BALANCED_A_L1_F1_H4_seed026_26_20260603_093357
campaign_v3_S10_M1_BALANCED_A_L1_F1_H4_seed027,campaign_v3_S10_M1_BALANCED_A_L1_F1_H4_seed027_27_20260603_093517,S10,5000,200,6,M1_BALANCED,27,A,L1,F1,H4,V3,map_S10_M1_BALANCED_seed027,ba96431f4660c0d6ebfe608e3c8b3d4a5bb8146f8b8c03be027f147557b78682,32.327,65.006,194.795,376.916,25,52,0.3295,0.1306,60.0,26.965,86.965,146.965,150.0,90.0,7.89,0.0,1.0,0.471,1.0,0.159,2577.944319,1.484232,0.0,200,1407504,1407504,1.0,1797,1797,1.0,119729,0,1,S10|M1_BALANCED|27|A|L1|F1,true,false,false,/home/cyfer/FYP/WSN_simulation_V3/runs/S10_5000/outputs_production_50seed_part26_30/run_campaign_v3_S10_M1_BALANCED_A_L1_F1_H4_seed027_27_20260603_093517
campaign_v3_S10_M1_BALANCED_A_L1_F1_H4_seed028,campaign_v3_S10_M1_BALANCED_A_L1_F1_H4_seed028_28_20260603_093634,S10,5000,200,6,M1_BALANCED,28,A,L1,F1,H4,V3,map_S10_M1_BALANCED_seed028,a281ca2e6535f180a03710328a33507ea02f075b6577482c86e139e9f971b3e3,32.285,64.432,195.252,405.877,25,42,0.286,0.1154,60.0,26.654,86.654,146.654,150.0,90.0,7.345,0.0,1.0,0.317,1.0,0.131,2571.376935,1.485448,0.0,200,1406685,1406685,1.0,1797,1797,1.0,119429,0,1,S10|M1_BALANCED|28|A|L1|F1,true,false,false,/home/cyfer/FYP/WSN_simulation_V3/runs/S10_5000/outputs_production_50seed_part26_30/run_campaign_v3_S10_M1_BALANCED_A_L1_F1_H4_seed028_28_20260603_093634
campaign_v3_S10_M1_BALANCED_A_L1_F1_H4_seed029,campaign_v3_S10_M1_BALANCED_A_L1_F1_H4_seed029_29_20260603_093752,S10,5000,200,6,M1_BALANCED,29,A,L1,F1,H4,V3,map_S10_M1_BALANCED_seed029,77162a84d0af255ab0116542bfec2702779cdd7ddfe2c0630f703c06ca2f7295,31.953,62.332,196.613,405.422,25,43,0.2999,0.142,60.0,26.823,86.823,146.823,150.0,90.0,7.449,0.0,1.0,0.357,1.0,0.126,2563.660413,1.48701,0.0,201,1407695,1407695,1.0,1797,1797,1.0,119629,0,1,S10|M1_BALANCED|29|A|L1|F1,true,false,false,/home/cyfer/FYP/WSN_simulation_V3/runs/S10_5000/outputs_production_50seed_part26_30/run_campaign_v3_S10_M1_BALANCED_A_L1_F1_H4_seed029_29_20260603_093752
campaign_v3_S10_M1_BALANCED_A_L1_F1_H4_seed030,campaign_v3_S10_M1_BALANCED_A_L1_F1_H4_seed030_30_20260603_093910,S10,5000,200,6,M1_BALANCED,30,A,L1,F1,H4,V3,map_S10_M1_BALANCED_seed030,fb88fb1bbb8bf8d4c2b8477ab3db1a16009c5dc664fea854cade7d5ec069a94f,32.249,63.37,198.266,408.227,25,49,0.3357,0.128,60.0,26.879,86.879,146.879,150.0,90.0,7.843,0.0,1.0,0.542,1.0,0.073,2573.270646,1.485194,0.0,201,1407182,1407182,1.0,1797,1797,1.0,119704,0,1,S10|M1_BALANCED|30|A|L1|F1,true,false,false,/home/cyfer/FYP/WSN_simulation_V3/runs/S10_5000/outputs_production_50seed_part26_30/run_campaign_v3_S10_M1_BALANCED_A_L1_F1_H4_seed030_30_20260603_093910
campaign_v3_S10_M1_BALANCED_A_L1_F2_H0_seed026,campaign_v3_S10_M1_BALANCED_A_L1_F2_H0_seed026_26_20260603_093349,S10,5000,200,6,M1_BALANCED,26,A,L1,F2,H0,V2,map_S10_M1_BALANCED_seed026,2413a574d3c909e9ca76603f34edff0323d89e32629f230f0d6d3d8be49aff05,32.336,64.012,196.97,408.78,25,52,0.3211,0.1238,60.0,-1.0,-1.0,-1.0,-1.0,-1.0,0.0,0.0,0.0,0.0,0.0,0.0,2570.758795,1.485848,0.0,196,1406500,1406500,1.0,1792,1792,1.0,120100,1,0,S10|M1_BALANCED|26|A|L1|F2,false,false,true,/home/cyfer/FYP/WSN_simulation_V3/runs/S10_5000/outputs_production_50seed_part26_30/run_campaign_v3_S10_M1_BALANCED_A_L1_F2_H0_seed026_26_20260603_093349
campaign_v3_S10_M1_BALANCED_A_L1_F2_H0_seed027,campaign_v3_S10_M1_BALANCED_A_L1_F2_H0_seed027_27_20260603_093510,S10,5000,200,6,M1_BALANCED,27,A,L1,F2,H0,V2,map_S10_M1_BALANCED_seed027,ba96431f4660c0d6ebfe608e3c8b3d4a5bb8146f8b8c03be027f147557b78682,32.327,65.006,194.795,376.916,25,52,0.3295,0.1306,60.0,-1.0,-1.0,-1.0,-1.0,-1.0,0.0,0.0,0.0,0.0,0.0,0.0,2577.479703,1.484504,0.0,199,1408615,1408615,1.0,1792,1792,1.0,120055,1,0,S10|M1_BALANCED|27|A|L1|F2,false,false,true,/home/cyfer/FYP/WSN_simulation_V3/runs/S10_5000/outputs_production_50seed_part26_30/run_campaign_v3_S10_M1_BALANCED_A_L1_F2_H0_seed027_27_20260603_093510
campaign_v3_S10_M1_BALANCED_A_L1_F2_H0_seed028,campaign_v3_S10_M1_BALANCED_A_L1_F2_H0_seed028_28_20260603_093627,S10,5000,200,6,M1_BALANCED,28,A,L1,F2,H0,V2,map_S10_M1_BALANCED_seed028,a281ca2e6535f180a03710328a33507ea02f075b6577482c86e139e9f971b3e3,32.285,64.432,195.252,405.877,25,42,0.286,0.1154,60.0,-1.0,-1.0,-1.0,-1.0,-1.0,0.0,0.0,0.0,0.0,0.0,0.0,2568.591332,1.486282,0.0,198,1405795,1405795,1.0,1792,1792,1.0,120115,1,0,S10|M1_BALANCED|28|A|L1|F2,false,false,true,/home/cyfer/FYP/WSN_simulation_V3/runs/S10_5000/outputs_production_50seed_part26_30/run_campaign_v3_S10_M1_BALANCED_A_L1_F2_H0_seed028_28_20260603_093627
campaign_v3_S10_M1_BALANCED_A_L1_F2_H0_seed029,campaign_v3_S10_M1_BALANCED_A_L1_F2_H0_seed029_29_20260603_093744,S10,5000,200,6,M1_BALANCED,29,A,L1,F2,H0,V2,map_S10_M1_BALANCED_seed029,77162a84d0af255ab0116542bfec2702779cdd7ddfe2c0630f703c06ca2f7295,31.953,62.332,196.613,405.422,25,43,0.2999,0.142,60.0,-1.0,-1.0,-1.0,-1.0,-1.0,0.0,0.0,0.0,0.0,0.0,0.0,2562.028948,1.487594,0.0,199,1407675,1407675,1.0,1792,1792,1.0,120075,1,0,S10|M1_BALANCED|29|A|L1|F2,false,false,true,/home/cyfer/FYP/WSN_simulation_V3/runs/S10_5000/outputs_production_50seed_part26_30/run_campaign_v3_S10_M1_BALANCED_A_L1_F2_H0_seed029_29_20260603_093744
campaign_v3_S10_M1_BALANCED_A_L1_F2_H0_seed030,campaign_v3_S10_M1_BALANCED_A_L1_F2_H0_seed030_30_20260603_093902,S10,5000,200,6,M1_BALANCED,30,A,L1,F2,H0,V2,map_S10_M1_BALANCED_seed030,fb88fb1bbb8bf8d4c2b8477ab3db1a16009c5dc664fea854cade7d5ec069a94f,32.249,63.37,198.266,408.227,25,49,0.3357,0.128,60.0,-1.0,-1.0,-1.0,-1.0,-1.0,0.0,0.0,0.0,0.0,0.0,0.0,2573.35834,1.485328,0.0,199,1408380,1408380,1.0,1792,1792,1.0,120060,1,0,S10|M1_BALANCED|30|A|L1|F2,false,false,true,/home/cyfer/FYP/WSN_simulation_V3/runs/S10_5000/outputs_production_50seed_part26_30/run_campaign_v3_S10_M1_BALANCED_A_L1_F2_H0_seed030_30_20260603_093902
campaign_v3_S10_M1_BALANCED_A_L1_F2_H1_seed026,campaign_v3_S10_M1_BALANCED_A_L1_F2_H1_seed026_26_20260603_093400,S10,5000,200,6,M1_BALANCED,26,A,L1,F2,H1,V3,map_S10_M1_BALANCED_seed026,2413a574d3c909e9ca76603f34edff0323d89e32629f230f0d6d3d8be49aff05,32.336,64.012,196.97,408.78,25,52,0.3211,0.1238,60.0,24.011,84.011,144.011,150.0,90.0,6.079,0.0,1.0,0.392,0.48,0.154,2577.307076,1.484539,0.0,197,1409500,1409500,1.0,1797,1797,1.0,120000,0,1,S10|M1_BALANCED|26|A|L1|F2,true,false,false,/home/cyfer/FYP/WSN_simulation_V3/runs/S10_5000/outputs_production_50seed_part26_30/run_campaign_v3_S10_M1_BALANCED_A_L1_F2_H1_seed026_26_20260603_093400
campaign_v3_S10_M1_BALANCED_A_L1_F2_H1_seed027,campaign_v3_S10_M1_BALANCED_A_L1_F2_H1_seed027_27_20260603_093520,S10,5000,200,6,M1_BALANCED,27,A,L1,F2,H1,V3,map_S10_M1_BALANCED_seed027,ba96431f4660c0d6ebfe608e3c8b3d4a5bb8146f8b8c03be027f147557b78682,32.327,65.006,194.795,376.916,25,52,0.3295,0.1306,60.0,22.127,82.127,142.127,150.0,90.0,4.895,0.0,1.0,0.216,0.263,0.153,2581.422229,1.483716,0.0,200,1410287,1410287,1.0,1797,1797,1.0,120000,0,1,S10|M1_BALANCED|27|A|L1|F2,true,false,false,/home/cyfer/FYP/WSN_simulation_V3/runs/S10_5000/outputs_production_50seed_part26_30/run_campaign_v3_S10_M1_BALANCED_A_L1_F2_H1_seed027_27_20260603_093520
campaign_v3_S10_M1_BALANCED_A_L1_F2_H1_seed028,campaign_v3_S10_M1_BALANCED_A_L1_F2_H1_seed028_28_20260603_093637,S10,5000,200,6,M1_BALANCED,28,A,L1,F2,H1,V3,map_S10_M1_BALANCED_seed028,a281ca2e6535f180a03710328a33507ea02f075b6577482c86e139e9f971b3e3,32.285,64.432,195.252,405.877,25,42,0.286,0.1154,60.0,24.099,84.099,144.099,150.0,90.0,6.394,0.0,1.0,0.561,0.54,0.03,2575.779168,1.484844,0.0,199,1409245,1409245,1.0,1797,1797,1.0,120000,0,1,S10|M1_BALANCED|28|A|L1|F2,true,false,false,/home/cyfer/FYP/WSN_simulation_V3/runs/S10_5000/outputs_production_50seed_part26_30/run_campaign_v3_S10_M1_BALANCED_A_L1_F2_H1_seed028_28_20260603_093637
campaign_v3_S10_M1_BALANCED_A_L1_F2_H1_seed029,campaign_v3_S10_M1_BALANCED_A_L1_F2_H1_seed029_29_20260603_093755,S10,5000,200,6,M1_BALANCED,29,A,L1,F2,H1,V3,map_S10_M1_BALANCED_seed029,77162a84d0af255ab0116542bfec2702779cdd7ddfe2c0630f703c06ca2f7295,31.953,62.332,196.613,405.422,25,43,0.2999,0.142,60.0,23.358,83.358,143.358,150.0,90.0,5.575,0.0,1.0,0.357,0.348,0.154,2567.169397,1.486566,0.0,200,1409940,1409940,1.0,1797,1797,1.0,120000,0,1,S10|M1_BALANCED|29|A|L1|F2,true,false,false,/home/cyfer/FYP/WSN_simulation_V3/runs/S10_5000/outputs_production_50seed_part26_30/run_campaign_v3_S10_M1_BALANCED_A_L1_F2_H1_seed029_29_20260603_093755
campaign_v3_S10_M1_BALANCED_A_L1_F2_H1_seed030,campaign_v3_S10_M1_BALANCED_A_L1_F2_H1_seed030_30_20260603_093913,S10,5000,200,6,M1_BALANCED,30,A,L1,F2,H1,V3,map_S10_M1_BALANCED_seed030,fb88fb1bbb8bf8d4c2b8477ab3db1a16009c5dc664fea854cade7d5ec069a94f,32.249,63.37,198.266,408.227,25,49,0.3357,0.128,60.0,22.36,82.36,142.36,150.0,90.0,5.163,0.0,1.0,0.25,0.28,0.191,2577.582362,1.484484,0.0,200,1410204,1410204,1.0,1797,1797,1.0,120000,0,1,S10|M1_BALANCED|30|A|L1|F2,true,false,false,/home/cyfer/FYP/WSN_simulation_V3/runs/S10_5000/outputs_production_50seed_part26_30/run_campaign_v3_S10_M1_BALANCED_A_L1_F2_H1_seed030_30_20260603_093913
campaign_v3_S10_M1_BALANCED_A_L1_F2_H3_seed026,campaign_v3_S10_M1_BALANCED_A_L1_F2_H3_seed026_26_20260603_093401,S10,5000,200,6,M1_BALANCED,26,A,L1,F2,H3,V3,map_S10_M1_BALANCED_seed026,2413a574d3c909e9ca76603f34edff0323d89e32629f230f0d6d3d8be49aff05,32.336,64.012,196.97,408.78,25,52,0.3211,0.1238,60.0,29.448,89.448,149.448,150.0,90.0,6.079,0.0,1.0,0.392,0.48,0.154,2574.271501,1.485146,0.0,196,1407950,1407950,1.0,1797,1797,1.0,119750,0,1,S10|M1_BALANCED|26|A|L1|F2,true,false,false,/home/cyfer/FYP/WSN_simulation_V3/runs/S10_5000/outputs_production_50seed_part26_30/run_campaign_v3_S10_M1_BALANCED_A_L1_F2_H3_seed026_26_20260603_093401
campaign_v3_S10_M1_BALANCED_A_L1_F2_H3_seed027,campaign_v3_S10_M1_BALANCED_A_L1_F2_H3_seed027_27_20260603_093521,S10,5000,200,6,M1_BALANCED,27,A,L1,F2,H3,V3,map_S10_M1_BALANCED_seed027,ba96431f4660c0d6ebfe608e3c8b3d4a5bb8146f8b8c03be027f147557b78682,32.327,65.006,194.795,376.916,25,52,0.3295,0.1306,60.0,28.43,88.43,148.43,150.0,90.0,4.895,0.0,1.0,0.216,0.263,0.153,2579.63587,1.484073,0.0,199,1409491,1409491,1.0,1797,1797,1.0,119875,0,1,S10|M1_BALANCED|27|A|L1|F2,true,false,false,/home/cyfer/FYP/WSN_simulation_V3/runs/S10_5000/outputs_production_50seed_part26_30/run_campaign_v3_S10_M1_BALANCED_A_L1_F2_H3_seed027_27_20260603_093521
campaign_v3_S10_M1_BALANCED_A_L1_F2_H3_seed028,campaign_v3_S10_M1_BALANCED_A_L1_F2_H3_seed028_28_20260603_093638,S10,5000,200,6,M1_BALANCED,28,A,L1,F2,H3,V3,map_S10_M1_BALANCED_seed028,a281ca2e6535f180a03710328a33507ea02f075b6577482c86e139e9f971b3e3,32.285,64.432,195.252,405.877,25,42,0.286,0.1154,60.0,29.724,89.724,149.724,150.0,90.0,6.394,0.0,1.0,0.561,0.54,0.03,2572.837449,1.485433,0.0,199,1407535,1407535,1.0,1797,1797,1.0,119725,0,1,S10|M1_BALANCED|28|A|L1|F2,true,false,false,/home/cyfer/FYP/WSN_simulation_V3/runs/S10_5000/outputs_production_50seed_part26_30/run_campaign_v3_S10_M1_BALANCED_A_L1_F2_H3_seed028_28_20260603_093638
campaign_v3_S10_M1_BALANCED_A_L1_F2_H3_seed029,campaign_v3_S10_M1_BALANCED_A_L1_F2_H3_seed029_29_20260603_093755,S10,5000,200,6,M1_BALANCED,29,A,L1,F2,H3,V3,map_S10_M1_BALANCED_seed029,77162a84d0af255ab0116542bfec2702779cdd7ddfe2c0630f703c06ca2f7295,31.953,62.332,196.613,405.422,25,43,0.2999,0.142,60.0,29.004,89.004,149.004,150.0,90.0,5.575,0.0,1.0,0.357,0.348,0.154,2564.968684,1.487006,0.0,199,1408835,1408835,1.0,1797,1797,1.0,119825,0,1,S10|M1_BALANCED|29|A|L1|F2,true,false,false,/home/cyfer/FYP/WSN_simulation_V3/runs/S10_5000/outputs_production_50seed_part26_30/run_campaign_v3_S10_M1_BALANCED_A_L1_F2_H3_seed029_29_20260603_093755
campaign_v3_S10_M1_BALANCED_A_L1_F2_H3_seed030,campaign_v3_S10_M1_BALANCED_A_L1_F2_H3_seed030_30_20260603_093913,S10,5000,200,6,M1_BALANCED,30,A,L1,F2,H3,V3,map_S10_M1_BALANCED_seed030,fb88fb1bbb8bf8d4c2b8477ab3db1a16009c5dc664fea854cade7d5ec069a94f,32.249,63.37,198.266,408.227,25,49,0.3357,0.128,60.0,28.702,88.702,148.702,150.0,90.0,5.163,0.0,1.0,0.25,0.28,0.191,2575.596816,1.484881,0.0,199,1409256,1409256,1.0,1797,1797,1.0,119850,0,1,S10|M1_BALANCED|30|A|L1|F2,true,false,false,/home/cyfer/FYP/WSN_simulation_V3/runs/S10_5000/outputs_production_50seed_part26_30/run_campaign_v3_S10_M1_BALANCED_A_L1_F2_H3_seed030_30_20260603_093913
campaign_v3_S10_M1_BALANCED_A_L1_F2_H4_seed026,campaign_v3_S10_M1_BALANCED_A_L1_F2_H4_seed026_26_20260603_093402,S10,5000,200,6,M1_BALANCED,26,A,L1,F2,H4,V3,map_S10_M1_BALANCED_seed026,2413a574d3c909e9ca76603f34edff0323d89e32629f230f0d6d3d8be49aff05,32.336,64.012,196.97,408.78,25,52,0.3211,0.1238,60.0,33.638,93.638,153.638,160.0,100.0,6.079,0.0,1.0,0.392,0.48,0.154,2577.031176,1.484594,0.0,197,1409320,1409320,1.0,1796,1796,1.0,120000,0,1,S10|M1_BALANCED|26|A|L1|F2,true,false,false,/home/cyfer/FYP/WSN_simulation_V3/runs/S10_5000/outputs_production_50seed_part26_30/run_campaign_v3_S10_M1_BALANCED_A_L1_F2_H4_seed026_26_20260603_093402
campaign_v3_S10_M1_BALANCED_A_L1_F2_H4_seed027,campaign_v3_S10_M1_BALANCED_A_L1_F2_H4_seed027_27_20260603_093522,S10,5000,200,6,M1_BALANCED,27,A,L1,F2,H4,V3,map_S10_M1_BALANCED_seed027,ba96431f4660c0d6ebfe608e3c8b3d4a5bb8146f8b8c03be027f147557b78682,32.327,65.006,194.795,376.916,25,52,0.3295,0.1306,60.0,32.337,92.337,152.337,160.0,100.0,4.895,0.0,1.0,0.216,0.263,0.153,2581.156762,1.483769,0.0,199,1410177,1410177,1.0,1796,1796,1.0,120000,0,1,S10|M1_BALANCED|27|A|L1|F2,true,false,false,/home/cyfer/FYP/WSN_simulation_V3/runs/S10_5000/outputs_production_50seed_part26_30/run_campaign_v3_S10_M1_BALANCED_A_L1_F2_H4_seed027_27_20260603_093522
campaign_v3_S10_M1_BALANCED_A_L1_F2_H4_seed028,campaign_v3_S10_M1_BALANCED_A_L1_F2_H4_seed028_28_20260603_093638,S10,5000,200,6,M1_BALANCED,28,A,L1,F2,H4,V3,map_S10_M1_BALANCED_seed028,a281ca2e6535f180a03710328a33507ea02f075b6577482c86e139e9f971b3e3,32.285,64.432,195.252,405.877,25,42,0.286,0.1154,60.0,33.655,93.655,153.655,160.0,100.0,6.394,0.0,1.0,0.561,0.54,0.03,2575.464887,1.484907,0.0,199,1409038,1409038,1.0,1796,1796,1.0,120000,0,1,S10|M1_BALANCED|28|A|L1|F2,true,false,false,/home/cyfer/FYP/WSN_simulation_V3/runs/S10_5000/outputs_production_50seed_part26_30/run_campaign_v3_S10_M1_BALANCED_A_L1_F2_H4_seed028_28_20260603_093638
campaign_v3_S10_M1_BALANCED_A_L1_F2_H4_seed029,campaign_v3_S10_M1_BALANCED_A_L1_F2_H4_seed029_29_20260603_093756,S10,5000,200,6,M1_BALANCED,29,A,L1,F2,H4,V3,map_S10_M1_BALANCED_seed029,77162a84d0af255ab0116542bfec2702779cdd7ddfe2c0630f703c06ca2f7295,31.953,62.332,196.613,405.422,25,43,0.2999,0.142,60.0,33.298,93.298,153.298,160.0,100.0,5.575,0.0,1.0,0.357,0.348,0.154,2566.957813,1.486608,0.0,200,1409790,1409790,1.0,1796,1796,1.0,120000,0,1,S10|M1_BALANCED|29|A|L1|F2,true,false,false,/home/cyfer/FYP/WSN_simulation_V3/runs/S10_5000/outputs_production_50seed_part26_30/run_campaign_v3_S10_M1_BALANCED_A_L1_F2_H4_seed029_29_20260603_093756
campaign_v3_S10_M1_BALANCED_A_L1_F2_H4_seed030,campaign_v3_S10_M1_BALANCED_A_L1_F2_H4_seed030_30_20260603_093914,S10,5000,200,6,M1_BALANCED,30,A,L1,F2,H4,V3,map_S10_M1_BALANCED_seed030,fb88fb1bbb8bf8d4c2b8477ab3db1a16009c5dc664fea854cade7d5ec069a94f,32.249,63.37,198.266,408.227,25,49,0.3357,0.128,60.0,32.33,92.33,152.33,160.0,100.0,5.163,0.0,1.0,0.25,0.28,0.191,2577.296995,1.484541,0.0,200,1410084,1410084,1.0,1796,1796,1.0,120000,0,1,S10|M1_BALANCED|30|A|L1|F2,true,false,false,/home/cyfer/FYP/WSN_simulation_V3/runs/S10_5000/outputs_production_50seed_part26_30/run_campaign_v3_S10_M1_BALANCED_A_L1_F2_H4_seed030_30_20260603_093914
campaign_v3_S10_M1_BALANCED_A_L1_F3_H0_seed026,campaign_v3_S10_M1_BALANCED_A_L1_F3_H0_seed026_26_20260603_093350,S10,5000,200,6,M1_BALANCED,26,A,L1,F3,H0,V2,map_S10_M1_BALANCED_seed026,2413a574d3c909e9ca76603f34edff0323d89e32629f230f0d6d3d8be49aff05,32.336,64.012,196.97,408.78,25,52,0.3211,0.1238,60.0,-1.0,-1.0,-1.0,-1.0,-1.0,0.0,0.0,0.0,0.0,0.0,0.0,2568.395712,1.486321,0.0,196,1405325,1405325,1.0,1792,1792,1.0,120125,1,0,S10|M1_BALANCED|26|A|L1|F3,false,false,true,/home/cyfer/FYP/WSN_simulation_V3/runs/S10_5000/outputs_production_50seed_part26_30/run_campaign_v3_S10_M1_BALANCED_A_L1_F3_H0_seed026_26_20260603_093350
campaign_v3_S10_M1_BALANCED_A_L1_F3_H0_seed027,campaign_v3_S10_M1_BALANCED_A_L1_F3_H0_seed027_27_20260603_093510,S10,5000,200,6,M1_BALANCED,27,A,L1,F3,H0,V2,map_S10_M1_BALANCED_seed027,ba96431f4660c0d6ebfe608e3c8b3d4a5bb8146f8b8c03be027f147557b78682,32.327,65.006,194.795,376.916,25,52,0.3295,0.1306,60.0,-1.0,-1.0,-1.0,-1.0,-1.0,0.0,0.0,0.0,0.0,0.0,0.0,2569.918643,1.486016,0.0,199,1403445,1403445,1.0,1792,1792,1.0,120165,1,0,S10|M1_BALANCED|27|A|L1|F3,false,false,true,/home/cyfer/FYP/WSN_simulation_V3/runs/S10_5000/outputs_production_50seed_part26_30/run_campaign_v3_S10_M1_BALANCED_A_L1_F3_H0_seed027_27_20260603_093510
campaign_v3_S10_M1_BALANCED_A_L1_F3_H0_seed028,campaign_v3_S10_M1_BALANCED_A_L1_F3_H0_seed028_28_20260603_093628,S10,5000,200,6,M1_BALANCED,28,A,L1,F3,H0,V2,map_S10_M1_BALANCED_seed028,a281ca2e6535f180a03710328a33507ea02f075b6577482c86e139e9f971b3e3,32.285,64.432,195.252,405.877,25,42,0.286,0.1154,60.0,-1.0,-1.0,-1.0,-1.0,-1.0,0.0,0.0,0.0,0.0,0.0,0.0,2569.599111,1.48608,0.0,198,1406265,1406265,1.0,1792,1792,1.0,120105,1,0,S10|M1_BALANCED|28|A|L1|F3,false,false,true,/home/cyfer/FYP/WSN_simulation_V3/runs/S10_5000/outputs_production_50seed_part26_30/run_campaign_v3_S10_M1_BALANCED_A_L1_F3_H0_seed028_28_20260603_093628
campaign_v3_S10_M1_BALANCED_A_L1_F3_H0_seed029,campaign_v3_S10_M1_BALANCED_A_L1_F3_H0_seed029_29_20260603_093745,S10,5000,200,6,M1_BALANCED,29,A,L1,F3,H0,V2,map_S10_M1_BALANCED_seed029,77162a84d0af255ab0116542bfec2702779cdd7ddfe2c0630f703c06ca2f7295,31.953,62.332,196.613,405.422,25,43,0.2999,0.142,60.0,-1.0,-1.0,-1.0,-1.0,-1.0,0.0,0.0,0.0,0.0,0.0,0.0,2561.833305,1.487633,0.0,199,1407910,1407910,1.0,1792,1792,1.0,120070,1,0,S10|M1_BALANCED|29|A|L1|F3,false,false,true,/home/cyfer/FYP/WSN_simulation_V3/runs/S10_5000/outputs_production_50seed_part26_30/run_campaign_v3_S10_M1_BALANCED_A_L1_F3_H0_seed029_29_20260603_093745
campaign_v3_S10_M1_BALANCED_A_L1_F3_H0_seed030,campaign_v3_S10_M1_BALANCED_A_L1_F3_H0_seed030_30_20260603_093903,S10,5000,200,6,M1_BALANCED,30,A,L1,F3,H0,V2,map_S10_M1_BALANCED_seed030,fb88fb1bbb8bf8d4c2b8477ab3db1a16009c5dc664fea854cade7d5ec069a94f,32.249,63.37,198.266,408.227,25,49,0.3357,0.128,60.0,-1.0,-1.0,-1.0,-1.0,-1.0,0.0,0.0,0.0,0.0,0.0,0.0,2564.998216,1.487,0.0,200,1403210,1403210,1.0,1792,1792,1.0,120170,1,0,S10|M1_BALANCED|30|A|L1|F3,false,false,true,/home/cyfer/FYP/WSN_simulation_V3/runs/S10_5000/outputs_production_50seed_part26_30/run_campaign_v3_S10_M1_BALANCED_A_L1_F3_H0_seed030_30_20260603_093903
campaign_v3_S10_M1_BALANCED_A_L1_F3_H1_seed026,campaign_v3_S10_M1_BALANCED_A_L1_F3_H1_seed026_26_20260603_093402,S10,5000,200,6,M1_BALANCED,26,A,L1,F3,H1,V3,map_S10_M1_BALANCED_seed026,2413a574d3c909e9ca76603f34edff0323d89e32629f230f0d6d3d8be49aff05,32.336,64.012,196.97,408.78,25,52,0.3211,0.1238,60.0,28.091,88.091,148.091,150.0,90.0,6.872,0.0,1.0,0.49,0.618,0.182,2568.647502,1.48627,0.0,196,1405345,1405345,1.0,1797,1797,1.0,119379,0,1,S10|M1_BALANCED|26|A|L1|F3,true,false,false,/home/cyfer/FYP/WSN_simulation_V3/runs/S10_5000/outputs_production_50seed_part26_30/run_campaign_v3_S10_M1_BALANCED_A_L1_F3_H1_seed026_26_20260603_093402
campaign_v3_S10_M1_BALANCED_A_L1_F3_H1_seed027,campaign_v3_S10_M1_BALANCED_A_L1_F3_H1_seed027_27_20260603_093522,S10,5000,200,6,M1_BALANCED,27,A,L1,F3,H1,V3,map_S10_M1_BALANCED_seed027,ba96431f4660c0d6ebfe608e3c8b3d4a5bb8146f8b8c03be027f147557b78682,32.327,65.006,194.795,376.916,25,52,0.3295,0.1306,60.0,28.704,88.704,148.704,150.0,90.0,7.661,0.0,1.0,0.647,0.794,0.113,2570.200437,1.48596,0.0,199,1403465,1403465,1.0,1797,1797,1.0,119179,0,1,S10|M1_BALANCED|27|A|L1|F3,true,false,false,/home/cyfer/FYP/WSN_simulation_V3/runs/S10_5000/outputs_production_50seed_part26_30/run_campaign_v3_S10_M1_BALANCED_A_L1_F3_H1_seed027_27_20260603_093522
campaign_v3_S10_M1_BALANCED_A_L1_F3_H1_seed028,campaign_v3_S10_M1_BALANCED_A_L1_F3_H1_seed028_28_20260603_093639,S10,5000,200,6,M1_BALANCED,28,A,L1,F3,H1,V3,map_S10_M1_BALANCED_seed028,a281ca2e6535f180a03710328a33507ea02f075b6577482c86e139e9f971b3e3,32.285,64.432,195.252,405.877,25,42,0.286,0.1154,60.0,28.067,88.067,148.067,150.0,90.0,6.511,0.0,1.0,0.512,0.488,0.17,2569.827853,1.486034,0.0,198,1406285,1406285,1.0,1797,1797,1.0,119479,0,1,S10|M1_BALANCED|28|A|L1|F3,true,false,false,/home/cyfer/FYP/WSN_simulation_V3/runs/S10_5000/outputs_production_50seed_part26_30/run_campaign_v3_S10_M1_BALANCED_A_L1_F3_H1_seed028_28_20260603_093639
campaign_v3_S10_M1_BALANCED_A_L1_F3_H1_seed029,campaign_v3_S10_M1_BALANCED_A_L1_F3_H1_seed029_29_20260603_093757,S10,5000,200,6,M1_BALANCED,29,A,L1,F3,H1,V3,map_S10_M1_BALANCED_seed029,77162a84d0af255ab0116542bfec2702779cdd7ddfe2c0630f703c06ca2f7295,31.953,62.332,196.613,405.422,25,43,0.2999,0.142,60.0,26.783,86.783,146.783,150.0,90.0,5.607,0.0,1.0,0.333,0.34,0.196,2562.009987,1.487598,0.0,199,1407930,1407930,1.0,1797,1797,1.0,119654,0,1,S10|M1_BALANCED|29|A|L1|F3,true,false,false,/home/cyfer/FYP/WSN_simulation_V3/runs/S10_5000/outputs_production_50seed_part26_30/run_campaign_v3_S10_M1_BALANCED_A_L1_F3_H1_seed029_29_20260603_093757
campaign_v3_S10_M1_BALANCED_A_L1_F3_H1_seed030,campaign_v3_S10_M1_BALANCED_A_L1_F3_H1_seed030_30_20260603_093915,S10,5000,200,6,M1_BALANCED,30,A,L1,F3,H1,V3,map_S10_M1_BALANCED_seed030,fb88fb1bbb8bf8d4c2b8477ab3db1a16009c5dc664fea854cade7d5ec069a94f,32.249,63.37,198.266,408.227,25,49,0.3357,0.128,60.0,29.06,89.06,149.06,150.0,90.0,7.741,0.0,1.0,0.708,0.83,0.042,2565.278219,1.486944,0.0,200,1403230,1403230,1.0,1797,1797,1.0,119154,0,1,S10|M1_BALANCED|30|A|L1|F3,true,false,false,/home/cyfer/FYP/WSN_simulation_V3/runs/S10_5000/outputs_production_50seed_part26_30/run_campaign_v3_S10_M1_BALANCED_A_L1_F3_H1_seed030_30_20260603_093915
campaign_v3_S10_M1_BALANCED_A_L1_F3_H3_seed026,campaign_v3_S10_M1_BALANCED_A_L1_F3_H3_seed026_26_20260603_093403,S10,5000,200,6,M1_BALANCED,26,A,L1,F3,H3,V3,map_S10_M1_BALANCED_seed026,2413a574d3c909e9ca76603f34edff0323d89e32629f230f0d6d3d8be49aff05,32.336,64.012,196.97,408.78,25,52,0.3211,0.1238,60.0,33.954,93.954,153.954,160.0,100.0,6.872,0.0,1.0,0.49,0.618,0.182,2568.628643,1.486274,0.0,196,1405341,1405341,1.0,1796,1796,1.0,119379,0,1,S10|M1_BALANCED|26|A|L1|F3,true,false,false,/home/cyfer/FYP/WSN_simulation_V3/runs/S10_5000/outputs_production_50seed_part26_30/run_campaign_v3_S10_M1_BALANCED_A_L1_F3_H3_seed026_26_20260603_093403
campaign_v3_S10_M1_BALANCED_A_L1_F3_H3_seed027,campaign_v3_S10_M1_BALANCED_A_L1_F3_H3_seed027_27_20260603_093523,S10,5000,200,6,M1_BALANCED,27,A,L1,F3,H3,V3,map_S10_M1_BALANCED_seed027,ba96431f4660c0d6ebfe608e3c8b3d4a5bb8146f8b8c03be027f147557b78682,32.327,65.006,194.795,376.916,25,52,0.3295,0.1306,60.0,35.512,95.512,155.512,160.0,100.0,7.661,0.0,1.0,0.647,0.794,0.113,2570.179842,1.485964,0.0,199,1403461,1403461,1.0,1796,1796,1.0,119179,0,1,S10|M1_BALANCED|27|A|L1|F3,true,false,false,/home/cyfer/FYP/WSN_simulation_V3/runs/S10_5000/outputs_production_50seed_part26_30/run_campaign_v3_S10_M1_BALANCED_A_L1_F3_H3_seed027_27_20260603_093523
campaign_v3_S10_M1_BALANCED_A_L1_F3_H3_seed028,campaign_v3_S10_M1_BALANCED_A_L1_F3_H3_seed028_28_20260603_093640,S10,5000,200,6,M1_BALANCED,28,A,L1,F3,H3,V3,map_S10_M1_BALANCED_seed028,a281ca2e6535f180a03710328a33507ea02f075b6577482c86e139e9f971b3e3,32.285,64.432,195.252,405.877,25,42,0.286,0.1154,60.0,33.739,93.739,153.739,160.0,100.0,6.511,0.0,1.0,0.512,0.488,0.17,2569.804333,1.486039,0.0,198,1406281,1406281,1.0,1796,1796,1.0,119479,0,1,S10|M1_BALANCED|28|A|L1|F3,true,false,false,/home/cyfer/FYP/WSN_simulation_V3/runs/S10_5000/outputs_production_50seed_part26_30/run_campaign_v3_S10_M1_BALANCED_A_L1_F3_H3_seed028_28_20260603_093640
campaign_v3_S10_M1_BALANCED_A_L1_F3_H3_seed029,campaign_v3_S10_M1_BALANCED_A_L1_F3_H3_seed029_29_20260603_093757,S10,5000,200,6,M1_BALANCED,29,A,L1,F3,H3,V3,map_S10_M1_BALANCED_seed029,77162a84d0af255ab0116542bfec2702779cdd7ddfe2c0630f703c06ca2f7295,31.953,62.332,196.613,405.422,25,43,0.2999,0.142,60.0,32.899,92.899,152.899,160.0,100.0,5.607,0.0,1.0,0.333,0.34,0.196,2561.99165,1.487602,0.0,199,1407926,1407926,1.0,1796,1796,1.0,119654,0,1,S10|M1_BALANCED|29|A|L1|F3,true,false,false,/home/cyfer/FYP/WSN_simulation_V3/runs/S10_5000/outputs_production_50seed_part26_30/run_campaign_v3_S10_M1_BALANCED_A_L1_F3_H3_seed029_29_20260603_093757
campaign_v3_S10_M1_BALANCED_A_L1_F3_H3_seed030,campaign_v3_S10_M1_BALANCED_A_L1_F3_H3_seed030_30_20260603_093915,S10,5000,200,6,M1_BALANCED,30,A,L1,F3,H3,V3,map_S10_M1_BALANCED_seed030,fb88fb1bbb8bf8d4c2b8477ab3db1a16009c5dc664fea854cade7d5ec069a94f,32.249,63.37,198.266,408.227,25,49,0.3357,0.128,60.0,35.113,95.113,155.113,160.0,100.0,7.741,0.0,1.0,0.708,0.83,0.042,2565.261318,1.486948,0.0,200,1403226,1403226,1.0,1796,1796,1.0,119154,0,1,S10|M1_BALANCED|30|A|L1|F3,true,false,false,/home/cyfer/FYP/WSN_simulation_V3/runs/S10_5000/outputs_production_50seed_part26_30/run_campaign_v3_S10_M1_BALANCED_A_L1_F3_H3_seed030_30_20260603_093915
campaign_v3_S10_M1_BALANCED_A_L1_F3_H4_seed026,campaign_v3_S10_M1_BALANCED_A_L1_F3_H4_seed026_26_20260603_093404,S10,5000,200,6,M1_BALANCED,26,A,L1,F3,H4,V3,map_S10_M1_BALANCED_seed026,2413a574d3c909e9ca76603f34edff0323d89e32629f230f0d6d3d8be49aff05,32.336,64.012,196.97,408.78,25,52,0.3211,0.1238,60.0,37.948,97.948,157.948,160.0,100.0,6.872,0.0,1.0,0.49,0.618,0.182,2568.626984,1.486275,0.0,196,1405341,1405341,1.0,1796,1796,1.0,119379,0,1,S10|M1_BALANCED|26|A|L1|F3,true,false,false,/home/cyfer/FYP/WSN_simulation_V3/runs/S10_5000/outputs_production_50seed_part26_30/run_campaign_v3_S10_M1_BALANCED_A_L1_F3_H4_seed026_26_20260603_093404
campaign_v3_S10_M1_BALANCED_A_L1_F3_H4_seed027,campaign_v3_S10_M1_BALANCED_A_L1_F3_H4_seed027_27_20260603_093524,S10,5000,200,6,M1_BALANCED,27,A,L1,F3,H4,V3,map_S10_M1_BALANCED_seed027,ba96431f4660c0d6ebfe608e3c8b3d4a5bb8146f8b8c03be027f147557b78682,32.327,65.006,194.795,376.916,25,52,0.3295,0.1306,60.0,38.939,98.939,158.939,160.0,100.0,7.661,0.0,1.0,0.647,0.794,0.113,2570.183518,1.485963,0.0,199,1403461,1403461,1.0,1796,1796,1.0,119179,0,1,S10|M1_BALANCED|27|A|L1|F3,true,false,false,/home/cyfer/FYP/WSN_simulation_V3/runs/S10_5000/outputs_production_50seed_part26_30/run_campaign_v3_S10_M1_BALANCED_A_L1_F3_H4_seed027_27_20260603_093524
campaign_v3_S10_M1_BALANCED_A_L1_F3_H4_seed028,campaign_v3_S10_M1_BALANCED_A_L1_F3_H4_seed028_28_20260603_093640,S10,5000,200,6,M1_BALANCED,28,A,L1,F3,H4,V3,map_S10_M1_BALANCED_seed028,a281ca2e6535f180a03710328a33507ea02f075b6577482c86e139e9f971b3e3,32.285,64.432,195.252,405.877,25,42,0.286,0.1154,60.0,38.448,98.448,158.448,160.0,100.0,6.511,0.0,1.0,0.512,0.488,0.17,2569.807144,1.486039,0.0,198,1406281,1406281,1.0,1796,1796,1.0,119479,0,1,S10|M1_BALANCED|28|A|L1|F3,true,false,false,/home/cyfer/FYP/WSN_simulation_V3/runs/S10_5000/outputs_production_50seed_part26_30/run_campaign_v3_S10_M1_BALANCED_A_L1_F3_H4_seed028_28_20260603_093640
campaign_v3_S10_M1_BALANCED_A_L1_F3_H4_seed029,campaign_v3_S10_M1_BALANCED_A_L1_F3_H4_seed029_29_20260603_093758,S10,5000,200,6,M1_BALANCED,29,A,L1,F3,H4,V3,map_S10_M1_BALANCED_seed029,77162a84d0af255ab0116542bfec2702779cdd7ddfe2c0630f703c06ca2f7295,31.953,62.332,196.613,405.422,25,43,0.2999,0.142,60.0,37.225,97.225,157.225,160.0,100.0,5.607,0.0,1.0,0.333,0.34,0.196,2561.99129,1.487602,0.0,199,1407926,1407926,1.0,1796,1796,1.0,119654,0,1,S10|M1_BALANCED|29|A|L1|F3,true,false,false,/home/cyfer/FYP/WSN_simulation_V3/runs/S10_5000/outputs_production_50seed_part26_30/run_campaign_v3_S10_M1_BALANCED_A_L1_F3_H4_seed029_29_20260603_093758
campaign_v3_S10_M1_BALANCED_A_L1_F3_H4_seed030,campaign_v3_S10_M1_BALANCED_A_L1_F3_H4_seed030_30_20260603_093916,S10,5000,200,6,M1_BALANCED,30,A,L1,F3,H4,V3,map_S10_M1_BALANCED_seed030,fb88fb1bbb8bf8d4c2b8477ab3db1a16009c5dc664fea854cade7d5ec069a94f,32.249,63.37,198.266,408.227,25,49,0.3357,0.128,60.0,39.265,99.265,159.265,160.0,100.0,7.741,0.0,1.0,0.708,0.83,0.042,2565.262859,1.486947,0.0,200,1403226,1403226,1.0,1796,1796,1.0,119154,0,1,S10|M1_BALANCED|30|A|L1|F3,true,false,false,/home/cyfer/FYP/WSN_simulation_V3/runs/S10_5000/outputs_production_50seed_part26_30/run_campaign_v3_S10_M1_BALANCED_A_L1_F3_H4_seed030_30_20260603_093916
campaign_v3_S10_M1_BALANCED_A_L1_F4_H0_seed026,campaign_v3_S10_M1_BALANCED_A_L1_F4_H0_seed026_26_20260603_093351,S10,5000,200,6,M1_BALANCED,26,A,L1,F4,H0,V2,map_S10_M1_BALANCED_seed026,2413a574d3c909e9ca76603f34edff0323d89e32629f230f0d6d3d8be49aff05,32.336,64.012,196.97,408.78,25,52,0.3211,0.1238,60.0,-1.0,-1.0,-1.0,-1.0,-1.0,0.0,0.0,0.0,0.0,0.0,0.0,2564.142965,1.487171,0.0,197,1401800,1401800,1.0,1792,1792,1.0,120200,1,0,S10|M1_BALANCED|26|A|L1|F4,false,false,true,/home/cyfer/FYP/WSN_simulation_V3/runs/S10_5000/outputs_production_50seed_part26_30/run_campaign_v3_S10_M1_BALANCED_A_L1_F4_H0_seed026_26_20260603_093351
campaign_v3_S10_M1_BALANCED_A_L1_F4_H0_seed027,campaign_v3_S10_M1_BALANCED_A_L1_F4_H0_seed027_27_20260603_093511,S10,5000,200,6,M1_BALANCED,27,A,L1,F4,H0,V2,map_S10_M1_BALANCED_seed027,ba96431f4660c0d6ebfe608e3c8b3d4a5bb8146f8b8c03be027f147557b78682,32.327,65.006,194.795,376.916,25,52,0.3295,0.1306,60.0,-1.0,-1.0,-1.0,-1.0,-1.0,0.0,0.0,0.0,0.0,0.0,0.0,2573.852308,1.48523,0.0,199,1405560,1405560,1.0,1792,1792,1.0,120120,1,0,S10|M1_BALANCED|27|A|L1|F4,false,false,true,/home/cyfer/FYP/WSN_simulation_V3/runs/S10_5000/outputs_production_50seed_part26_30/run_campaign_v3_S10_M1_BALANCED_A_L1_F4_H0_seed027_27_20260603_093511
campaign_v3_S10_M1_BALANCED_A_L1_F4_H0_seed028,campaign_v3_S10_M1_BALANCED_A_L1_F4_H0_seed028_28_20260603_093628,S10,5000,200,6,M1_BALANCED,28,A,L1,F4,H0,V2,map_S10_M1_BALANCED_seed028,a281ca2e6535f180a03710328a33507ea02f075b6577482c86e139e9f971b3e3,32.285,64.432,195.252,405.877,25,42,0.286,0.1154,60.0,-1.0,-1.0,-1.0,-1.0,-1.0,0.0,0.0,0.0,0.0,0.0,0.0,2571.842369,1.485632,0.0,198,1408145,1408145,1.0,1792,1792,1.0,120065,1,0,S10|M1_BALANCED|28|A|L1|F4,false,false,true,/home/cyfer/FYP/WSN_simulation_V3/runs/S10_5000/outputs_production_50seed_part26_30/run_campaign_v3_S10_M1_BALANCED_A_L1_F4_H0_seed028_28_20260603_093628
campaign_v3_S10_M1_BALANCED_A_L1_F4_H0_seed029,campaign_v3_S10_M1_BALANCED_A_L1_F4_H0_seed029_29_20260603_093746,S10,5000,200,6,M1_BALANCED,29,A,L1,F4,H0,V2,map_S10_M1_BALANCED_seed029,77162a84d0af255ab0116542bfec2702779cdd7ddfe2c0630f703c06ca2f7295,31.953,62.332,196.613,405.422,25,43,0.2999,0.142,60.0,-1.0,-1.0,-1.0,-1.0,-1.0,0.0,0.0,0.0,0.0,0.0,0.0,2561.728965,1.487654,0.0,199,1407675,1407675,1.0,1792,1792,1.0,120075,1,0,S10|M1_BALANCED|29|A|L1|F4,false,false,true,/home/cyfer/FYP/WSN_simulation_V3/runs/S10_5000/outputs_production_50seed_part26_30/run_campaign_v3_S10_M1_BALANCED_A_L1_F4_H0_seed029_29_20260603_093746
campaign_v3_S10_M1_BALANCED_A_L1_F4_H0_seed030,campaign_v3_S10_M1_BALANCED_A_L1_F4_H0_seed030_30_20260603_093904,S10,5000,200,6,M1_BALANCED,30,A,L1,F4,H0,V2,map_S10_M1_BALANCED_seed030,fb88fb1bbb8bf8d4c2b8477ab3db1a16009c5dc664fea854cade7d5ec069a94f,32.249,63.37,198.266,408.227,25,49,0.3357,0.128,60.0,-1.0,-1.0,-1.0,-1.0,-1.0,0.0,0.0,0.0,0.0,0.0,0.0,2568.303336,1.486339,0.0,199,1405090,1405090,1.0,1792,1792,1.0,120130,1,0,S10|M1_BALANCED|30|A|L1|F4,false,false,true,/home/cyfer/FYP/WSN_simulation_V3/runs/S10_5000/outputs_production_50seed_part26_30/run_campaign_v3_S10_M1_BALANCED_A_L1_F4_H0_seed030_30_20260603_093904
campaign_v3_S10_M1_BALANCED_A_L1_F4_H1_seed026,campaign_v3_S10_M1_BALANCED_A_L1_F4_H1_seed026_26_20260603_093404,S10,5000,200,6,M1_BALANCED,26,A,L1,F4,H1,V3,map_S10_M1_BALANCED_seed026,2413a574d3c909e9ca76603f34edff0323d89e32629f230f0d6d3d8be49aff05,32.336,64.012,196.97,408.78,25,52,0.3211,0.1238,60.0,35.763,95.763,155.763,160.0,100.0,8.69,0.0,1.0,0.784,0.957,0.155,2566.891584,1.486622,0.0,197,1402776,1402776,1.0,1796,1796,1.0,119004,0,1,S10|M1_BALANCED|26|A|L1|F4,true,false,false,/home/cyfer/FYP/WSN_simulation_V3/runs/S10_5000/outputs_production_50seed_part26_30/run_campaign_v3_S10_M1_BALANCED_A_L1_F4_H1_seed026_26_20260603_093404
campaign_v3_S10_M1_BALANCED_A_L1_F4_H1_seed027,campaign_v3_S10_M1_BALANCED_A_L1_F4_H1_seed027_27_20260603_093524,S10,5000,200,6,M1_BALANCED,27,A,L1,F4,H1,V3,map_S10_M1_BALANCED_seed027,ba96431f4660c0d6ebfe608e3c8b3d4a5bb8146f8b8c03be027f147557b78682,32.327,65.006,194.795,376.916,25,52,0.3295,0.1306,60.0,33.876,93.876,153.876,160.0,100.0,6.55,0.0,1.0,0.471,0.553,0.159,2575.536821,1.484893,0.0,199,1406200,1406200,1.0,1796,1796,1.0,119404,0,1,S10|M1_BALANCED|27|A|L1|F4,true,false,false,/home/cyfer/FYP/WSN_simulation_V3/runs/S10_5000/outputs_production_50seed_part26_30/run_campaign_v3_S10_M1_BALANCED_A_L1_F4_H1_seed027_27_20260603_093524
campaign_v3_S10_M1_BALANCED_A_L1_F4_H1_seed028,campaign_v3_S10_M1_BALANCED_A_L1_F4_H1_seed028_28_20260603_093641,S10,5000,200,6,M1_BALANCED,28,A,L1,F4,H1,V3,map_S10_M1_BALANCED_seed028,a281ca2e6535f180a03710328a33507ea02f075b6577482c86e139e9f971b3e3,32.285,64.432,195.252,405.877,25,42,0.286,0.1154,60.0,32.771,92.771,152.771,160.0,100.0,5.269,0.0,1.0,0.317,0.308,0.131,2572.850143,1.48543,0.0,198,1408512,1408512,1.0,1796,1796,1.0,119679,0,1,S10|M1_BALANCED|28|A|L1|F4,true,false,false,/home/cyfer/FYP/WSN_simulation_V3/runs/S10_5000/outputs_production_50seed_part26_30/run_campaign_v3_S10_M1_BALANCED_A_L1_F4_H1_seed028_28_20260603_093641
campaign_v3_S10_M1_BALANCED_A_L1_F4_H1_seed029,campaign_v3_S10_M1_BALANCED_A_L1_F4_H1_seed029_29_20260603_093758,S10,5000,200,6,M1_BALANCED,29,A,L1,F4,H1,V3,map_S10_M1_BALANCED_seed029,77162a84d0af255ab0116542bfec2702779cdd7ddfe2c0630f703c06ca2f7295,31.953,62.332,196.613,405.422,25,43,0.2999,0.142,60.0,32.545,92.545,152.545,160.0,100.0,5.514,0.0,1.0,0.357,0.355,0.126,2562.842563,1.487431,0.0,199,1408096,1408096,1.0,1796,1796,1.0,119629,0,1,S10|M1_BALANCED|29|A|L1|F4,true,false,false,/home/cyfer/FYP/WSN_simulation_V3/runs/S10_5000/outputs_production_50seed_part26_30/run_campaign_v3_S10_M1_BALANCED_A_L1_F4_H1_seed029_29_20260603_093758
campaign_v3_S10_M1_BALANCED_A_L1_F4_H1_seed030,campaign_v3_S10_M1_BALANCED_A_L1_F4_H1_seed030_30_20260603_093917,S10,5000,200,6,M1_BALANCED,30,A,L1,F4,H1,V3,map_S10_M1_BALANCED_seed030,fb88fb1bbb8bf8d4c2b8477ab3db1a16009c5dc664fea854cade7d5ec069a94f,32.249,63.37,198.266,408.227,25,49,0.3357,0.128,60.0,33.834,93.834,153.834,160.0,100.0,6.705,0.0,1.0,0.542,0.621,0.073,2570.182642,1.485963,0.0,199,1405782,1405782,1.0,1796,1796,1.0,119354,0,1,S10|M1_BALANCED|30|A|L1|F4,true,false,false,/home/cyfer/FYP/WSN_simulation_V3/runs/S10_5000/outputs_production_50seed_part26_30/run_campaign_v3_S10_M1_BALANCED_A_L1_F4_H1_seed030_30_20260603_093917
campaign_v3_S10_M1_BALANCED_A_L1_F4_H3_seed026,campaign_v3_S10_M1_BALANCED_A_L1_F4_H3_seed026_26_20260603_093405,S10,5000,200,6,M1_BALANCED,26,A,L1,F4,H3,V3,map_S10_M1_BALANCED_seed026,2413a574d3c909e9ca76603f34edff0323d89e32629f230f0d6d3d8be49aff05,32.336,64.012,196.97,408.78,25,52,0.3211,0.1238,60.0,41.938,101.938,161.938,170.0,110.0,8.69,0.0,1.0,0.784,0.957,0.155,2565.361079,1.486928,0.0,197,1402176,1402176,1.0,1796,1796,1.0,119004,0,1,S10|M1_BALANCED|26|A|L1|F4,true,false,false,/home/cyfer/FYP/WSN_simulation_V3/runs/S10_5000/outputs_production_50seed_part26_30/run_campaign_v3_S10_M1_BALANCED_A_L1_F4_H3_seed026_26_20260603_093405
campaign_v3_S10_M1_BALANCED_A_L1_F4_H3_seed027,campaign_v3_S10_M1_BALANCED_A_L1_F4_H3_seed027_27_20260603_093525,S10,5000,200,6,M1_BALANCED,27,A,L1,F4,H3,V3,map_S10_M1_BALANCED_seed027,ba96431f4660c0d6ebfe608e3c8b3d4a5bb8146f8b8c03be027f147557b78682,32.327,65.006,194.795,376.916,25,52,0.3295,0.1306,60.0,39.714,99.714,159.714,160.0,100.0,6.55,0.0,1.0,0.471,0.553,0.159,2574.647497,1.485071,0.0,199,1405816,1405816,1.0,1796,1796,1.0,119404,0,1,S10|M1_BALANCED|27|A|L1|F4,true,false,false,/home/cyfer/FYP/WSN_simulation_V3/runs/S10_5000/outputs_production_50seed_part26_30/run_campaign_v3_S10_M1_BALANCED_A_L1_F4_H3_seed027_27_20260603_093525
campaign_v3_S10_M1_BALANCED_A_L1_F4_H3_seed028,campaign_v3_S10_M1_BALANCED_A_L1_F4_H3_seed028_28_20260603_093641,S10,5000,200,6,M1_BALANCED,28,A,L1,F4,H3,V3,map_S10_M1_BALANCED_seed028,a281ca2e6535f180a03710328a33507ea02f075b6577482c86e139e9f971b3e3,32.285,64.432,195.252,405.877,25,42,0.286,0.1154,60.0,38.38,98.38,158.38,160.0,100.0,5.269,0.0,1.0,0.317,0.308,0.131,2572.363704,1.485527,0.0,198,1408308,1408308,1.0,1796,1796,1.0,119679,0,1,S10|M1_BALANCED|28|A|L1|F4,true,false,false,/home/cyfer/FYP/WSN_simulation_V3/runs/S10_5000/outputs_production_50seed_part26_30/run_campaign_v3_S10_M1_BALANCED_A_L1_F4_H3_seed028_28_20260603_093641
campaign_v3_S10_M1_BALANCED_A_L1_F4_H3_seed029,campaign_v3_S10_M1_BALANCED_A_L1_F4_H3_seed029_29_20260603_093759,S10,5000,200,6,M1_BALANCED,29,A,L1,F4,H3,V3,map_S10_M1_BALANCED_seed029,77162a84d0af255ab0116542bfec2702779cdd7ddfe2c0630f703c06ca2f7295,31.953,62.332,196.613,405.422,25,43,0.2999,0.142,60.0,38.949,98.949,158.949,160.0,100.0,5.514,0.0,1.0,0.357,0.355,0.126,2562.288892,1.487542,0.0,199,1407859,1407859,1.0,1796,1796,1.0,119629,0,1,S10|M1_BALANCED|29|A|L1|F4,true,false,false,/home/cyfer/FYP/WSN_simulation_V3/runs/S10_5000/outputs_production_50seed_part26_30/run_campaign_v3_S10_M1_BALANCED_A_L1_F4_H3_seed029_29_20260603_093759
campaign_v3_S10_M1_BALANCED_A_L1_F4_H3_seed030,campaign_v3_S10_M1_BALANCED_A_L1_F4_H3_seed030_30_20260603_093917,S10,5000,200,6,M1_BALANCED,30,A,L1,F4,H3,V3,map_S10_M1_BALANCED_seed030,fb88fb1bbb8bf8d4c2b8477ab3db1a16009c5dc664fea854cade7d5ec069a94f,32.249,63.37,198.266,408.227,25,49,0.3357,0.128,60.0,39.907,99.907,159.907,160.0,100.0,6.705,0.0,1.0,0.542,0.621,0.073,2569.138818,1.486172,0.0,199,1405366,1405366,1.0,1796,1796,1.0,119354,0,1,S10|M1_BALANCED|30|A|L1|F4,true,false,false,/home/cyfer/FYP/WSN_simulation_V3/runs/S10_5000/outputs_production_50seed_part26_30/run_campaign_v3_S10_M1_BALANCED_A_L1_F4_H3_seed030_30_20260603_093917
campaign_v3_S10_M1_BALANCED_A_L1_F4_H4_seed026,campaign_v3_S10_M1_BALANCED_A_L1_F4_H4_seed026_26_20260603_093406,S10,5000,200,6,M1_BALANCED,26,A,L1,F4,H4,V3,map_S10_M1_BALANCED_seed026,2413a574d3c909e9ca76603f34edff0323d89e32629f230f0d6d3d8be49aff05,32.336,64.012,196.97,408.78,25,52,0.3211,0.1238,60.0,46.283,106.283,166.283,170.0,110.0,8.69,0.0,1.0,0.784,0.957,0.155,2561.702485,1.48766,0.0,197,1399792,1399792,1.0,1796,1796,1.0,118508,0,1,S10|M1_BALANCED|26|A|L1|F4,true,false,false,/home/cyfer/FYP/WSN_simulation_V3/runs/S10_5000/outputs_production_50seed_part26_30/run_campaign_v3_S10_M1_BALANCED_A_L1_F4_H4_seed026_26_20260603_093406
campaign_v3_S10_M1_BALANCED_A_L1_F4_H4_seed027,campaign_v3_S10_M1_BALANCED_A_L1_F4_H4_seed027_27_20260603_093525,S10,5000,200,6,M1_BALANCED,27,A,L1,F4,H4,V3,map_S10_M1_BALANCED_seed027,ba96431f4660c0d6ebfe608e3c8b3d4a5bb8146f8b8c03be027f147557b78682,32.327,65.006,194.795,376.916,25,52,0.3295,0.1306,60.0,43.956,103.956,163.956,170.0,110.0,6.55,0.0,1.0,0.471,0.553,0.159,2572.470206,1.485506,0.0,199,1404535,1404535,1.0,1796,1796,1.0,119133,0,1,S10|M1_BALANCED|27|A|L1|F4,true,false,false,/home/cyfer/FYP/WSN_simulation_V3/runs/S10_5000/outputs_production_50seed_part26_30/run_campaign_v3_S10_M1_BALANCED_A_L1_F4_H4_seed027_27_20260603_093525
campaign_v3_S10_M1_BALANCED_A_L1_F4_H4_seed028,campaign_v3_S10_M1_BALANCED_A_L1_F4_H4_seed028_28_20260603_093642,S10,5000,200,6,M1_BALANCED,28,A,L1,F4,H4,V3,map_S10_M1_BALANCED_seed028,a281ca2e6535f180a03710328a33507ea02f075b6577482c86e139e9f971b3e3,32.285,64.432,195.252,405.877,25,42,0.286,0.1154,60.0,42.75,102.75,162.75,170.0,110.0,5.269,0.0,1.0,0.317,0.308,0.131,2567.840763,1.486432,0.0,198,1405362,1405362,1.0,1796,1796,1.0,119108,0,1,S10|M1_BALANCED|28|A|L1|F4,true,false,false,/home/cyfer/FYP/WSN_simulation_V3/runs/S10_5000/outputs_production_50seed_part26_30/run_campaign_v3_S10_M1_BALANCED_A_L1_F4_H4_seed028_28_20260603_093642
campaign_v3_S10_M1_BALANCED_A_L1_F4_H4_seed029,campaign_v3_S10_M1_BALANCED_A_L1_F4_H4_seed029_29_20260603_093800,S10,5000,200,6,M1_BALANCED,29,A,L1,F4,H4,V3,map_S10_M1_BALANCED_seed029,77162a84d0af255ab0116542bfec2702779cdd7ddfe2c0630f703c06ca2f7295,31.953,62.332,196.613,405.422,25,43,0.2999,0.142,60.0,42.883,102.883,162.883,170.0,110.0,5.514,0.0,1.0,0.357,0.355,0.126,2559.641159,1.488072,0.0,199,1405982,1405982,1.0,1796,1796,1.0,119258,0,1,S10|M1_BALANCED|29|A|L1|F4,true,false,false,/home/cyfer/FYP/WSN_simulation_V3/runs/S10_5000/outputs_production_50seed_part26_30/run_campaign_v3_S10_M1_BALANCED_A_L1_F4_H4_seed029_29_20260603_093800
campaign_v3_S10_M1_BALANCED_A_L1_F4_H4_seed030,campaign_v3_S10_M1_BALANCED_A_L1_F4_H4_seed030_30_20260603_093918,S10,5000,200,6,M1_BALANCED,30,A,L1,F4,H4,V3,map_S10_M1_BALANCED_seed030,fb88fb1bbb8bf8d4c2b8477ab3db1a16009c5dc664fea854cade7d5ec069a94f,32.249,63.37,198.266,408.227,25,49,0.3357,0.128,60.0,44.219,104.219,164.219,170.0,110.0,6.705,0.0,1.0,0.542,0.621,0.073,2567.058914,1.486588,0.0,199,1403952,1403952,1.0,1796,1796,1.0,119058,0,1,S10|M1_BALANCED|30|A|L1|F4,true,false,false,/home/cyfer/FYP/WSN_simulation_V3/runs/S10_5000/outputs_production_50seed_part26_30/run_campaign_v3_S10_M1_BALANCED_A_L1_F4_H4_seed030_30_20260603_093918
campaign_v3_S10_M1_BALANCED_A_L2_F0_H0_seed026,campaign_v3_S10_M1_BALANCED_A_L2_F0_H0_seed026_26_20260603_093406,S10,5000,200,6,M1_BALANCED,26,A,L2,F0,H0,V1,map_S10_M1_BALANCED_seed026,2413a574d3c909e9ca76603f34edff0323d89e32629f230f0d6d3d8be49aff05,32.336,64.012,196.97,408.78,25,52,0.3211,0.1238,0.0,-1.0,-1.0,-1.0,-1.0,-1.0,0.0,0.0,0.0,0.0,0.0,0.0,3889.173799,1.222165,0.0,197,1411200,1411200,1.0,1800,1800,1.0,120000,0,0,S10|M1_BALANCED|26|A|L2|F0,false,true,false,/home/cyfer/FYP/WSN_simulation_V3/runs/S10_5000/outputs_production_50seed_part26_30/run_campaign_v3_S10_M1_BALANCED_A_L2_F0_H0_seed026_26_20260603_093406
campaign_v3_S10_M1_BALANCED_A_L2_F0_H0_seed027,campaign_v3_S10_M1_BALANCED_A_L2_F0_H0_seed027_27_20260603_093526,S10,5000,200,6,M1_BALANCED,27,A,L2,F0,H0,V1,map_S10_M1_BALANCED_seed027,ba96431f4660c0d6ebfe608e3c8b3d4a5bb8146f8b8c03be027f147557b78682,32.327,65.006,194.795,376.916,25,52,0.3295,0.1306,0.0,-1.0,-1.0,-1.0,-1.0,-1.0,0.0,0.0,0.0,0.0,0.0,0.0,3892.966119,1.221407,0.0,200,1411200,1411200,1.0,1800,1800,1.0,120000,0,0,S10|M1_BALANCED|27|A|L2|F0,false,true,false,/home/cyfer/FYP/WSN_simulation_V3/runs/S10_5000/outputs_production_50seed_part26_30/run_campaign_v3_S10_M1_BALANCED_A_L2_F0_H0_seed027_27_20260603_093526
campaign_v3_S10_M1_BALANCED_A_L2_F0_H0_seed028,campaign_v3_S10_M1_BALANCED_A_L2_F0_H0_seed028_28_20260603_093643,S10,5000,200,6,M1_BALANCED,28,A,L2,F0,H0,V1,map_S10_M1_BALANCED_seed028,a281ca2e6535f180a03710328a33507ea02f075b6577482c86e139e9f971b3e3,32.285,64.432,195.252,405.877,25,42,0.286,0.1154,0.0,-1.0,-1.0,-1.0,-1.0,-1.0,0.0,0.0,0.0,0.0,0.0,0.0,3885.426863,1.222915,0.0,199,1411200,1411200,1.0,1800,1800,1.0,120000,0,0,S10|M1_BALANCED|28|A|L2|F0,false,true,false,/home/cyfer/FYP/WSN_simulation_V3/runs/S10_5000/outputs_production_50seed_part26_30/run_campaign_v3_S10_M1_BALANCED_A_L2_F0_H0_seed028_28_20260603_093643
campaign_v3_S10_M1_BALANCED_A_L2_F0_H0_seed029,campaign_v3_S10_M1_BALANCED_A_L2_F0_H0_seed029_29_20260603_093800,S10,5000,200,6,M1_BALANCED,29,A,L2,F0,H0,V1,map_S10_M1_BALANCED_seed029,77162a84d0af255ab0116542bfec2702779cdd7ddfe2c0630f703c06ca2f7295,31.953,62.332,196.613,405.422,25,43,0.2999,0.142,0.0,-1.0,-1.0,-1.0,-1.0,-1.0,0.0,0.0,0.0,0.0,0.0,0.0,3869.602634,1.226079,0.0,200,1411200,1411200,1.0,1800,1800,1.0,120000,0,0,S10|M1_BALANCED|29|A|L2|F0,false,true,false,/home/cyfer/FYP/WSN_simulation_V3/runs/S10_5000/outputs_production_50seed_part26_30/run_campaign_v3_S10_M1_BALANCED_A_L2_F0_H0_seed029_29_20260603_093800
campaign_v3_S10_M1_BALANCED_A_L2_F0_H0_seed030,campaign_v3_S10_M1_BALANCED_A_L2_F0_H0_seed030_30_20260603_093919,S10,5000,200,6,M1_BALANCED,30,A,L2,F0,H0,V1,map_S10_M1_BALANCED_seed030,fb88fb1bbb8bf8d4c2b8477ab3db1a16009c5dc664fea854cade7d5ec069a94f,32.249,63.37,198.266,408.227,25,49,0.3357,0.128,0.0,-1.0,-1.0,-1.0,-1.0,-1.0,0.0,0.0,0.0,0.0,0.0,0.0,3886.631734,1.222674,0.0,200,1411200,1411200,1.0,1800,1800,1.0,120000,0,0,S10|M1_BALANCED|30|A|L2|F0,false,true,false,/home/cyfer/FYP/WSN_simulation_V3/runs/S10_5000/outputs_production_50seed_part26_30/run_campaign_v3_S10_M1_BALANCED_A_L2_F0_H0_seed030_30_20260603_093919
campaign_v3_S10_M1_BALANCED_A_L2_F1_H0_seed026,campaign_v3_S10_M1_BALANCED_A_L2_F1_H0_seed026_26_20260603_093407,S10,5000,200,6,M1_BALANCED,26,A,L2,F1,H0,V2,map_S10_M1_BALANCED_seed026,2413a574d3c909e9ca76603f34edff0323d89e32629f230f0d6d3d8be49aff05,32.336,64.012,196.97,408.78,25,52,0.3211,0.1238,60.0,-1.0,-1.0,-1.0,-1.0,-1.0,0.0,0.0,0.0,0.0,0.0,0.0,3864.941814,1.226994,0.0,197,1401800,1401800,1.0,1792,1792,1.0,120200,1,0,S10|M1_BALANCED|26|A|L2|F1,false,false,true,/home/cyfer/FYP/WSN_simulation_V3/runs/S10_5000/outputs_production_50seed_part26_30/run_campaign_v3_S10_M1_BALANCED_A_L2_F1_H0_seed026_26_20260603_093407
campaign_v3_S10_M1_BALANCED_A_L2_F1_H0_seed027,campaign_v3_S10_M1_BALANCED_A_L2_F1_H0_seed027_27_20260603_093527,S10,5000,200,6,M1_BALANCED,27,A,L2,F1,H0,V2,map_S10_M1_BALANCED_seed027,ba96431f4660c0d6ebfe608e3c8b3d4a5bb8146f8b8c03be027f147557b78682,32.327,65.006,194.795,376.916,25,52,0.3295,0.1306,60.0,-1.0,-1.0,-1.0,-1.0,-1.0,0.0,0.0,0.0,0.0,0.0,0.0,3878.94324,1.224033,0.0,200,1405560,1405560,1.0,1792,1792,1.0,120120,1,0,S10|M1_BALANCED|27|A|L2|F1,false,false,true,/home/cyfer/FYP/WSN_simulation_V3/runs/S10_5000/outputs_production_50seed_part26_30/run_campaign_v3_S10_M1_BALANCED_A_L2_F1_H0_seed027_27_20260603_093527
campaign_v3_S10_M1_BALANCED_A_L2_F1_H0_seed028,campaign_v3_S10_M1_BALANCED_A_L2_F1_H0_seed028_28_20260603_093643,S10,5000,200,6,M1_BALANCED,28,A,L2,F1,H0,V2,map_S10_M1_BALANCED_seed028,a281ca2e6535f180a03710328a33507ea02f075b6577482c86e139e9f971b3e3,32.285,64.432,195.252,405.877,25,42,0.286,0.1154,60.0,-1.0,-1.0,-1.0,-1.0,-1.0,0.0,0.0,0.0,0.0,0.0,0.0,3876.566638,1.22441,0.0,199,1408145,1408145,1.0,1792,1792,1.0,120065,1,0,S10|M1_BALANCED|28|A|L2|F1,false,false,true,/home/cyfer/FYP/WSN_simulation_V3/runs/S10_5000/outputs_production_50seed_part26_30/run_campaign_v3_S10_M1_BALANCED_A_L2_F1_H0_seed028_28_20260603_093643
campaign_v3_S10_M1_BALANCED_A_L2_F1_H0_seed029,campaign_v3_S10_M1_BALANCED_A_L2_F1_H0_seed029_29_20260603_093801,S10,5000,200,6,M1_BALANCED,29,A,L2,F1,H0,V2,map_S10_M1_BALANCED_seed029,77162a84d0af255ab0116542bfec2702779cdd7ddfe2c0630f703c06ca2f7295,31.953,62.332,196.613,405.422,25,43,0.2999,0.142,60.0,-1.0,-1.0,-1.0,-1.0,-1.0,0.0,0.0,0.0,0.0,0.0,0.0,3859.631359,1.227816,0.0,200,1407675,1407675,1.0,1792,1792,1.0,120075,1,0,S10|M1_BALANCED|29|A|L2|F1,false,false,true,/home/cyfer/FYP/WSN_simulation_V3/runs/S10_5000/outputs_production_50seed_part26_30/run_campaign_v3_S10_M1_BALANCED_A_L2_F1_H0_seed029_29_20260603_093801
campaign_v3_S10_M1_BALANCED_A_L2_F1_H0_seed030,campaign_v3_S10_M1_BALANCED_A_L2_F1_H0_seed030_30_20260603_093919,S10,5000,200,6,M1_BALANCED,30,A,L2,F1,H0,V2,map_S10_M1_BALANCED_seed030,fb88fb1bbb8bf8d4c2b8477ab3db1a16009c5dc664fea854cade7d5ec069a94f,32.249,63.37,198.266,408.227,25,49,0.3357,0.128,60.0,-1.0,-1.0,-1.0,-1.0,-1.0,0.0,0.0,0.0,0.0,0.0,0.0,3870.114873,1.225825,0.0,200,1405090,1405090,1.0,1792,1792,1.0,120130,1,0,S10|M1_BALANCED|30|A|L2|F1,false,false,true,/home/cyfer/FYP/WSN_simulation_V3/runs/S10_5000/outputs_production_50seed_part26_30/run_campaign_v3_S10_M1_BALANCED_A_L2_F1_H0_seed030_30_20260603_093919
campaign_v3_S10_M1_BALANCED_A_L2_F1_H1_seed026,campaign_v3_S10_M1_BALANCED_A_L2_F1_H1_seed026_26_20260603_093412,S10,5000,200,6,M1_BALANCED,26,A,L2,F1,H1,V3,map_S10_M1_BALANCED_seed026,2413a574d3c909e9ca76603f34edff0323d89e32629f230f0d6d3d8be49aff05,32.336,64.012,196.97,408.78,25,52,0.3211,0.1238,60.0,18.335,78.335,138.335,140.0,80.0,8.819,0.0,1.0,0.784,1.0,0.155,3882.864882,1.22341,0.0,198,1408040,1408040,1.0,1797,1797,1.0,120000,0,1,S10|M1_BALANCED|26|A|L2|F1,true,false,false,/home/cyfer/FYP/WSN_simulation_V3/runs/S10_5000/outputs_production_50seed_part26_30/run_campaign_v3_S10_M1_BALANCED_A_L2_F1_H1_seed026_26_20260603_093412
campaign_v3_S10_M1_BALANCED_A_L2_F1_H1_seed027,campaign_v3_S10_M1_BALANCED_A_L2_F1_H1_seed027_27_20260603_093531,S10,5000,200,6,M1_BALANCED,27,A,L2,F1,H1,V3,map_S10_M1_BALANCED_seed027,ba96431f4660c0d6ebfe608e3c8b3d4a5bb8146f8b8c03be027f147557b78682,32.327,65.006,194.795,376.916,25,52,0.3295,0.1306,60.0,17.595,77.595,137.595,140.0,80.0,7.89,0.0,1.0,0.471,1.0,0.159,3889.49621,1.221922,0.0,201,1409328,1409328,1.0,1797,1797,1.0,120000,0,1,S10|M1_BALANCED|27|A|L2|F1,true,false,false,/home/cyfer/FYP/WSN_simulation_V3/runs/S10_5000/outputs_production_50seed_part26_30/run_campaign_v3_S10_M1_BALANCED_A_L2_F1_H1_seed027_27_20260603_093531
campaign_v3_S10_M1_BALANCED_A_L2_F1_H1_seed028,campaign_v3_S10_M1_BALANCED_A_L2_F1_H1_seed028_28_20260603_093648,S10,5000,200,6,M1_BALANCED,28,A,L2,F1,H1,V3,map_S10_M1_BALANCED_seed028,a281ca2e6535f180a03710328a33507ea02f075b6577482c86e139e9f971b3e3,32.285,64.432,195.252,405.877,25,42,0.286,0.1154,60.0,17.204,77.204,137.204,140.0,80.0,7.345,0.0,1.0,0.317,1.0,0.131,3883.380693,1.223047,0.0,200,1410186,1410186,1.0,1797,1797,1.0,120000,0,1,S10|M1_BALANCED|28|A|L2|F1,true,false,false,/home/cyfer/FYP/WSN_simulation_V3/runs/S10_5000/outputs_production_50seed_part26_30/run_campaign_v3_S10_M1_BALANCED_A_L2_F1_H1_seed028_28_20260603_093648
campaign_v3_S10_M1_BALANCED_A_L2_F1_H1_seed029,campaign_v3_S10_M1_BALANCED_A_L2_F1_H1_seed029_29_20260603_093806,S10,5000,200,6,M1_BALANCED,29,A,L2,F1,H1,V3,map_S10_M1_BALANCED_seed029,77162a84d0af255ab0116542bfec2702779cdd7ddfe2c0630f703c06ca2f7295,31.953,62.332,196.613,405.422,25,43,0.2999,0.142,60.0,17.183,77.183,137.183,140.0,80.0,7.449,0.0,1.0,0.357,1.0,0.126,3866.932409,1.226356,0.0,201,1410030,1410030,1.0,1797,1797,1.0,120000,0,1,S10|M1_BALANCED|29|A|L2|F1,true,false,false,/home/cyfer/FYP/WSN_simulation_V3/runs/S10_5000/outputs_production_50seed_part26_30/run_campaign_v3_S10_M1_BALANCED_A_L2_F1_H1_seed029_29_20260603_093806
campaign_v3_S10_M1_BALANCED_A_L2_F1_H1_seed030,campaign_v3_S10_M1_BALANCED_A_L2_F1_H1_seed030_30_20260603_093924,S10,5000,200,6,M1_BALANCED,30,A,L2,F1,H1,V3,map_S10_M1_BALANCED_seed030,fb88fb1bbb8bf8d4c2b8477ab3db1a16009c5dc664fea854cade7d5ec069a94f,32.249,63.37,198.266,408.227,25,49,0.3357,0.128,60.0,17.592,77.592,137.592,140.0,80.0,7.843,0.0,1.0,0.542,1.0,0.073,3882.085374,1.223431,0.0,201,1409172,1409172,1.0,1797,1797,1.0,120000,0,1,S10|M1_BALANCED|30|A|L2|F1,true,false,false,/home/cyfer/FYP/WSN_simulation_V3/runs/S10_5000/outputs_production_50seed_part26_30/run_campaign_v3_S10_M1_BALANCED_A_L2_F1_H1_seed030_30_20260603_093924
campaign_v3_S10_M1_BALANCED_A_L2_F1_H3_seed026,campaign_v3_S10_M1_BALANCED_A_L2_F1_H3_seed026_26_20260603_093415,S10,5000,200,6,M1_BALANCED,26,A,L2,F1,H3,V3,map_S10_M1_BALANCED_seed026,2413a574d3c909e9ca76603f34edff0323d89e32629f230f0d6d3d8be49aff05,32.336,64.012,196.97,408.78,25,52,0.3211,0.1238,60.0,24.794,84.794,144.794,150.0,90.0,8.819,0.0,1.0,0.784,1.0,0.155,3874.543078,1.225074,0.0,198,1404800,1404800,1.0,1797,1797,1.0,119500,0,1,S10|M1_BALANCED|26|A|L2|F1,true,false,false,/home/cyfer/FYP/WSN_simulation_V3/runs/S10_5000/outputs_production_50seed_part26_30/run_campaign_v3_S10_M1_BALANCED_A_L2_F1_H3_seed026_26_20260603_093415
campaign_v3_S10_M1_BALANCED_A_L2_F1_H3_seed027,campaign_v3_S10_M1_BALANCED_A_L2_F1_H3_seed027_27_20260603_093534,S10,5000,200,6,M1_BALANCED,27,A,L2,F1,H3,V3,map_S10_M1_BALANCED_seed027,ba96431f4660c0d6ebfe608e3c8b3d4a5bb8146f8b8c03be027f147557b78682,32.327,65.006,194.795,376.916,25,52,0.3295,0.1306,60.0,23.57,83.57,143.57,150.0,90.0,7.89,0.0,1.0,0.471,1.0,0.159,3885.069812,1.222807,0.0,201,1407372,1407372,1.0,1797,1797,1.0,119700,0,1,S10|M1_BALANCED|27|A|L2|F1,true,false,false,/home/cyfer/FYP/WSN_simulation_V3/runs/S10_5000/outputs_production_50seed_part26_30/run_campaign_v3_S10_M1_BALANCED_A_L2_F1_H3_seed027_27_20260603_093534
campaign_v3_S10_M1_BALANCED_A_L2_F1_H3_seed028,campaign_v3_S10_M1_BALANCED_A_L2_F1_H3_seed028_28_20260603_093651,S10,5000,200,6,M1_BALANCED,28,A,L2,F1,H3,V3,map_S10_M1_BALANCED_seed028,a281ca2e6535f180a03710328a33507ea02f075b6577482c86e139e9f971b3e3,32.285,64.432,195.252,405.877,25,42,0.286,0.1154,60.0,22.923,82.923,142.923,150.0,90.0,7.345,0.0,1.0,0.317,1.0,0.131,3880.350068,1.223653,0.0,199,1409209,1409209,1.0,1797,1797,1.0,119850,0,1,S10|M1_BALANCED|28|A|L2|F1,true,false,false,/home/cyfer/FYP/WSN_simulation_V3/runs/S10_5000/outputs_production_50seed_part26_30/run_campaign_v3_S10_M1_BALANCED_A_L2_F1_H3_seed028_28_20260603_093651
campaign_v3_S10_M1_BALANCED_A_L2_F1_H3_seed029,campaign_v3_S10_M1_BALANCED_A_L2_F1_H3_seed029_29_20260603_093809,S10,5000,200,6,M1_BALANCED,29,A,L2,F1,H3,V3,map_S10_M1_BALANCED_seed029,77162a84d0af255ab0116542bfec2702779cdd7ddfe2c0630f703c06ca2f7295,31.953,62.332,196.613,405.422,25,43,0.2999,0.142,60.0,23.411,83.411,143.411,150.0,90.0,7.449,0.0,1.0,0.357,1.0,0.126,3863.733931,1.226995,0.0,200,1408883,1408883,1.0,1797,1797,1.0,119825,0,1,S10|M1_BALANCED|29|A|L2|F1,true,false,false,/home/cyfer/FYP/WSN_simulation_V3/runs/S10_5000/outputs_production_50seed_part26_30/run_campaign_v3_S10_M1_BALANCED_A_L2_F1_H3_seed029_29_20260603_093809
campaign_v3_S10_M1_BALANCED_A_L2_F1_H3_seed030,campaign_v3_S10_M1_BALANCED_A_L2_F1_H3_seed030_30_20260603_093927,S10,5000,200,6,M1_BALANCED,30,A,L2,F1,H3,V3,map_S10_M1_BALANCED_seed030,fb88fb1bbb8bf8d4c2b8477ab3db1a16009c5dc664fea854cade7d5ec069a94f,32.249,63.37,198.266,408.227,25,49,0.3357,0.128,60.0,23.049,83.049,143.049,150.0,90.0,7.843,0.0,1.0,0.542,1.0,0.073,3876.576519,1.224533,0.0,201,1407053,1407053,1.0,1797,1797,1.0,119675,0,1,S10|M1_BALANCED|30|A|L2|F1,true,false,false,/home/cyfer/FYP/WSN_simulation_V3/runs/S10_5000/outputs_production_50seed_part26_30/run_campaign_v3_S10_M1_BALANCED_A_L2_F1_H3_seed030_30_20260603_093927
campaign_v3_S10_M1_BALANCED_A_L2_F1_H4_seed026,campaign_v3_S10_M1_BALANCED_A_L2_F1_H4_seed026_26_20260603_093418,S10,5000,200,6,M1_BALANCED,26,A,L2,F1,H4,V3,map_S10_M1_BALANCED_seed026,2413a574d3c909e9ca76603f34edff0323d89e32629f230f0d6d3d8be49aff05,32.336,64.012,196.97,408.78,25,52,0.3211,0.1238,60.0,28.377,88.377,148.377,150.0,90.0,8.819,0.0,1.0,0.784,1.0,0.155,3874.408356,1.225101,0.0,198,1404740,1404740,1.0,1797,1797,1.0,119504,0,1,S10|M1_BALANCED|26|A|L2|F1,true,false,false,/home/cyfer/FYP/WSN_simulation_V3/runs/S10_5000/outputs_production_50seed_part26_30/run_campaign_v3_S10_M1_BALANCED_A_L2_F1_H4_seed026_26_20260603_093418
campaign_v3_S10_M1_BALANCED_A_L2_F1_H4_seed027,campaign_v3_S10_M1_BALANCED_A_L2_F1_H4_seed027_27_20260603_093537,S10,5000,200,6,M1_BALANCED,27,A,L2,F1,H4,V3,map_S10_M1_BALANCED_seed027,ba96431f4660c0d6ebfe608e3c8b3d4a5bb8146f8b8c03be027f147557b78682,32.327,65.006,194.795,376.916,25,52,0.3295,0.1306,60.0,26.965,86.965,146.965,150.0,90.0,7.89,0.0,1.0,0.471,1.0,0.159,3884.563933,1.222909,0.0,200,1407504,1407504,1.0,1797,1797,1.0,119729,0,1,S10|M1_BALANCED|27|A|L2|F1,true,false,false,/home/cyfer/FYP/WSN_simulation_V3/runs/S10_5000/outputs_production_50seed_part26_30/run_campaign_v3_S10_M1_BALANCED_A_L2_F1_H4_seed027_27_20260603_093537
campaign_v3_S10_M1_BALANCED_A_L2_F1_H4_seed028,campaign_v3_S10_M1_BALANCED_A_L2_F1_H4_seed028_28_20260603_093653,S10,5000,200,6,M1_BALANCED,28,A,L2,F1,H4,V3,map_S10_M1_BALANCED_seed028,a281ca2e6535f180a03710328a33507ea02f075b6577482c86e139e9f971b3e3,32.285,64.432,195.252,405.877,25,42,0.286,0.1154,60.0,26.654,86.654,146.654,150.0,90.0,7.345,0.0,1.0,0.317,1.0,0.131,3874.692047,1.224785,0.0,200,1406685,1406685,1.0,1797,1797,1.0,119429,0,1,S10|M1_BALANCED|28|A|L2|F1,true,false,false,/home/cyfer/FYP/WSN_simulation_V3/runs/S10_5000/outputs_production_50seed_part26_30/run_campaign_v3_S10_M1_BALANCED_A_L2_F1_H4_seed028_28_20260603_093653
campaign_v3_S10_M1_BALANCED_A_L2_F1_H4_seed029,campaign_v3_S10_M1_BALANCED_A_L2_F1_H4_seed029_29_20260603_093811,S10,5000,200,6,M1_BALANCED,29,A,L2,F1,H4,V3,map_S10_M1_BALANCED_seed029,77162a84d0af255ab0116542bfec2702779cdd7ddfe2c0630f703c06ca2f7295,31.953,62.332,196.613,405.422,25,43,0.2999,0.142,60.0,26.823,86.823,146.823,150.0,90.0,7.449,0.0,1.0,0.357,1.0,0.126,3861.521676,1.227438,0.0,201,1407695,1407695,1.0,1797,1797,1.0,119629,0,1,S10|M1_BALANCED|29|A|L2|F1,true,false,false,/home/cyfer/FYP/WSN_simulation_V3/runs/S10_5000/outputs_production_50seed_part26_30/run_campaign_v3_S10_M1_BALANCED_A_L2_F1_H4_seed029_29_20260603_093811
campaign_v3_S10_M1_BALANCED_A_L2_F1_H4_seed030,campaign_v3_S10_M1_BALANCED_A_L2_F1_H4_seed030_30_20260603_093930,S10,5000,200,6,M1_BALANCED,30,A,L2,F1,H4,V3,map_S10_M1_BALANCED_seed030,fb88fb1bbb8bf8d4c2b8477ab3db1a16009c5dc664fea854cade7d5ec069a94f,32.249,63.37,198.266,408.227,25,49,0.3357,0.128,60.0,26.879,86.879,146.879,150.0,90.0,7.843,0.0,1.0,0.542,1.0,0.073,3877.069715,1.224434,0.0,201,1407182,1407182,1.0,1797,1797,1.0,119704,0,1,S10|M1_BALANCED|30|A|L2|F1,true,false,false,/home/cyfer/FYP/WSN_simulation_V3/runs/S10_5000/outputs_production_50seed_part26_30/run_campaign_v3_S10_M1_BALANCED_A_L2_F1_H4_seed030_30_20260603_093930
campaign_v3_S10_M1_BALANCED_A_L2_F2_H0_seed026,campaign_v3_S10_M1_BALANCED_A_L2_F2_H0_seed026_26_20260603_093410,S10,5000,200,6,M1_BALANCED,26,A,L2,F2,H0,V2,map_S10_M1_BALANCED_seed026,2413a574d3c909e9ca76603f34edff0323d89e32629f230f0d6d3d8be49aff05,32.336,64.012,196.97,408.78,25,52,0.3211,0.1238,60.0,-1.0,-1.0,-1.0,-1.0,-1.0,0.0,0.0,0.0,0.0,0.0,0.0,3876.099289,1.22478,0.0,196,1406500,1406500,1.0,1792,1792,1.0,120100,1,0,S10|M1_BALANCED|26|A|L2|F2,false,false,true,/home/cyfer/FYP/WSN_simulation_V3/runs/S10_5000/outputs_production_50seed_part26_30/run_campaign_v3_S10_M1_BALANCED_A_L2_F2_H0_seed026_26_20260603_093410
campaign_v3_S10_M1_BALANCED_A_L2_F2_H0_seed027,campaign_v3_S10_M1_BALANCED_A_L2_F2_H0_seed027_27_20260603_093529,S10,5000,200,6,M1_BALANCED,27,A,L2,F2,H0,V2,map_S10_M1_BALANCED_seed027,ba96431f4660c0d6ebfe608e3c8b3d4a5bb8146f8b8c03be027f147557b78682,32.327,65.006,194.795,376.916,25,52,0.3295,0.1306,60.0,-1.0,-1.0,-1.0,-1.0,-1.0,0.0,0.0,0.0,0.0,0.0,0.0,3885.09566,1.222981,0.0,199,1408615,1408615,1.0,1792,1792,1.0,120055,1,0,S10|M1_BALANCED|27|A|L2|F2,false,false,true,/home/cyfer/FYP/WSN_simulation_V3/runs/S10_5000/outputs_production_50seed_part26_30/run_campaign_v3_S10_M1_BALANCED_A_L2_F2_H0_seed027_27_20260603_093529
campaign_v3_S10_M1_BALANCED_A_L2_F2_H0_seed028,campaign_v3_S10_M1_BALANCED_A_L2_F2_H0_seed028_28_20260603_093646,S10,5000,200,6,M1_BALANCED,28,A,L2,F2,H0,V2,map_S10_M1_BALANCED_seed028,a281ca2e6535f180a03710328a33507ea02f075b6577482c86e139e9f971b3e3,32.285,64.432,195.252,405.877,25,42,0.286,0.1154,60.0,-1.0,-1.0,-1.0,-1.0,-1.0,0.0,0.0,0.0,0.0,0.0,0.0,3871.086431,1.225783,0.0,198,1405795,1405795,1.0,1792,1792,1.0,120115,1,0,S10|M1_BALANCED|28|A|L2|F2,false,false,true,/home/cyfer/FYP/WSN_simulation_V3/runs/S10_5000/outputs_production_50seed_part26_30/run_campaign_v3_S10_M1_BALANCED_A_L2_F2_H0_seed028_28_20260603_093646
campaign_v3_S10_M1_BALANCED_A_L2_F2_H0_seed029,campaign_v3_S10_M1_BALANCED_A_L2_F2_H0_seed029_29_20260603_093804,S10,5000,200,6,M1_BALANCED,29,A,L2,F2,H0,V2,map_S10_M1_BALANCED_seed029,77162a84d0af255ab0116542bfec2702779cdd7ddfe2c0630f703c06ca2f7295,31.953,62.332,196.613,405.422,25,43,0.2999,0.142,60.0,-1.0,-1.0,-1.0,-1.0,-1.0,0.0,0.0,0.0,0.0,0.0,0.0,3860.119997,1.227976,0.0,199,1407675,1407675,1.0,1792,1792,1.0,120075,1,0,S10|M1_BALANCED|29|A|L2|F2,false,false,true,/home/cyfer/FYP/WSN_simulation_V3/runs/S10_5000/outputs_production_50seed_part26_30/run_campaign_v3_S10_M1_BALANCED_A_L2_F2_H0_seed029_29_20260603_093804
campaign_v3_S10_M1_BALANCED_A_L2_F2_H0_seed030,campaign_v3_S10_M1_BALANCED_A_L2_F2_H0_seed030_30_20260603_093922,S10,5000,200,6,M1_BALANCED,30,A,L2,F2,H0,V2,map_S10_M1_BALANCED_seed030,fb88fb1bbb8bf8d4c2b8477ab3db1a16009c5dc664fea854cade7d5ec069a94f,32.249,63.37,198.266,408.227,25,49,0.3357,0.128,60.0,-1.0,-1.0,-1.0,-1.0,-1.0,0.0,0.0,0.0,0.0,0.0,0.0,3878.612142,1.224278,0.0,199,1408380,1408380,1.0,1792,1792,1.0,120060,1,0,S10|M1_BALANCED|30|A|L2|F2,false,false,true,/home/cyfer/FYP/WSN_simulation_V3/runs/S10_5000/outputs_production_50seed_part26_30/run_campaign_v3_S10_M1_BALANCED_A_L2_F2_H0_seed030_30_20260603_093922
campaign_v3_S10_M1_BALANCED_A_L2_F2_H1_seed026,campaign_v3_S10_M1_BALANCED_A_L2_F2_H1_seed026_26_20260603_093421,S10,5000,200,6,M1_BALANCED,26,A,L2,F2,H1,V3,map_S10_M1_BALANCED_seed026,2413a574d3c909e9ca76603f34edff0323d89e32629f230f0d6d3d8be49aff05,32.336,64.012,196.97,408.78,25,52,0.3211,0.1238,60.0,24.011,84.011,144.011,150.0,90.0,6.079,0.0,1.0,0.392,0.48,0.154,3885.376538,1.222925,0.0,197,1409500,1409500,1.0,1797,1797,1.0,120000,0,1,S10|M1_BALANCED|26|A|L2|F2,true,false,false,/home/cyfer/FYP/WSN_simulation_V3/runs/S10_5000/outputs_production_50seed_part26_30/run_campaign_v3_S10_M1_BALANCED_A_L2_F2_H1_seed026_26_20260603_093421
campaign_v3_S10_M1_BALANCED_A_L2_F2_H1_seed027,campaign_v3_S10_M1_BALANCED_A_L2_F2_H1_seed027_27_20260603_093540,S10,5000,200,6,M1_BALANCED,27,A,L2,F2,H1,V3,map_S10_M1_BALANCED_seed027,ba96431f4660c0d6ebfe608e3c8b3d4a5bb8146f8b8c03be027f147557b78682,32.327,65.006,194.795,376.916,25,52,0.3295,0.1306,60.0,22.127,82.127,142.127,150.0,90.0,4.895,0.0,1.0,0.216,0.263,0.153,3890.494168,1.221901,0.0,200,1410287,1410287,1.0,1797,1797,1.0,120000,0,1,S10|M1_BALANCED|27|A|L2|F2,true,false,false,/home/cyfer/FYP/WSN_simulation_V3/runs/S10_5000/outputs_production_50seed_part26_30/run_campaign_v3_S10_M1_BALANCED_A_L2_F2_H1_seed027_27_20260603_093540
campaign_v3_S10_M1_BALANCED_A_L2_F2_H1_seed028,campaign_v3_S10_M1_BALANCED_A_L2_F2_H1_seed028_28_20260603_093656,S10,5000,200,6,M1_BALANCED,28,A,L2,F2,H1,V3,map_S10_M1_BALANCED_seed028,a281ca2e6535f180a03710328a33507ea02f075b6577482c86e139e9f971b3e3,32.285,64.432,195.252,405.877,25,42,0.286,0.1154,60.0,24.099,84.099,144.099,150.0,90.0,6.394,0.0,1.0,0.561,0.54,0.03,3881.38697,1.223723,0.0,199,1409245,1409245,1.0,1797,1797,1.0,120000,0,1,S10|M1_BALANCED|28|A|L2|F2,true,false,false,/home/cyfer/FYP/WSN_simulation_V3/runs/S10_5000/outputs_production_50seed_part26_30/run_campaign_v3_S10_M1_BALANCED_A_L2_F2_H1_seed028_28_20260603_093656
campaign_v3_S10_M1_BALANCED_A_L2_F2_H1_seed029,campaign_v3_S10_M1_BALANCED_A_L2_F2_H1_seed029_29_20260603_093814,S10,5000,200,6,M1_BALANCED,29,A,L2,F2,H1,V3,map_S10_M1_BALANCED_seed029,77162a84d0af255ab0116542bfec2702779cdd7ddfe2c0630f703c06ca2f7295,31.953,62.332,196.613,405.422,25,43,0.2999,0.142,60.0,23.358,83.358,143.358,150.0,90.0,5.575,0.0,1.0,0.357,0.348,0.154,3867.144715,1.226571,0.0,200,1409940,1409940,1.0,1797,1797,1.0,120000,0,1,S10|M1_BALANCED|29|A|L2|F2,true,false,false,/home/cyfer/FYP/WSN_simulation_V3/runs/S10_5000/outputs_production_50seed_part26_30/run_campaign_v3_S10_M1_BALANCED_A_L2_F2_H1_seed029_29_20260603_093814
campaign_v3_S10_M1_BALANCED_A_L2_F2_H1_seed030,campaign_v3_S10_M1_BALANCED_A_L2_F2_H1_seed030_30_20260603_093933,S10,5000,200,6,M1_BALANCED,30,A,L2,F2,H1,V3,map_S10_M1_BALANCED_seed030,fb88fb1bbb8bf8d4c2b8477ab3db1a16009c5dc664fea854cade7d5ec069a94f,32.249,63.37,198.266,408.227,25,49,0.3357,0.128,60.0,22.36,82.36,142.36,150.0,90.0,5.163,0.0,1.0,0.25,0.28,0.191,3884.381774,1.223124,0.0,200,1410204,1410204,1.0,1797,1797,1.0,120000,0,1,S10|M1_BALANCED|30|A|L2|F2,true,false,false,/home/cyfer/FYP/WSN_simulation_V3/runs/S10_5000/outputs_production_50seed_part26_30/run_campaign_v3_S10_M1_BALANCED_A_L2_F2_H1_seed030_30_20260603_093933
campaign_v3_S10_M1_BALANCED_A_L2_F2_H3_seed026,campaign_v3_S10_M1_BALANCED_A_L2_F2_H3_seed026_26_20260603_093421,S10,5000,200,6,M1_BALANCED,26,A,L2,F2,H3,V3,map_S10_M1_BALANCED_seed026,2413a574d3c909e9ca76603f34edff0323d89e32629f230f0d6d3d8be49aff05,32.336,64.012,196.97,408.78,25,52,0.3211,0.1238,60.0,29.448,89.448,149.448,150.0,90.0,6.079,0.0,1.0,0.392,0.48,0.154,3880.884841,1.223823,0.0,197,1407950,1407950,1.0,1797,1797,1.0,119750,0,1,S10|M1_BALANCED|26|A|L2|F2,true,false,false,/home/cyfer/FYP/WSN_simulation_V3/runs/S10_5000/outputs_production_50seed_part26_30/run_campaign_v3_S10_M1_BALANCED_A_L2_F2_H3_seed026_26_20260603_093421
campaign_v3_S10_M1_BALANCED_A_L2_F2_H3_seed027,campaign_v3_S10_M1_BALANCED_A_L2_F2_H3_seed027_27_20260603_093540,S10,5000,200,6,M1_BALANCED,27,A,L2,F2,H3,V3,map_S10_M1_BALANCED_seed027,ba96431f4660c0d6ebfe608e3c8b3d4a5bb8146f8b8c03be027f147557b78682,32.327,65.006,194.795,376.916,25,52,0.3295,0.1306,60.0,28.43,88.43,148.43,150.0,90.0,4.895,0.0,1.0,0.216,0.263,0.153,3888.032155,1.222394,0.0,199,1409491,1409491,1.0,1797,1797,1.0,119875,0,1,S10|M1_BALANCED|27|A|L2|F2,true,false,false,/home/cyfer/FYP/WSN_simulation_V3/runs/S10_5000/outputs_production_50seed_part26_30/run_campaign_v3_S10_M1_BALANCED_A_L2_F2_H3_seed027_27_20260603_093540
campaign_v3_S10_M1_BALANCED_A_L2_F2_H3_seed028,campaign_v3_S10_M1_BALANCED_A_L2_F2_H3_seed028_28_20260603_093657,S10,5000,200,6,M1_BALANCED,28,A,L2,F2,H3,V3,map_S10_M1_BALANCED_seed028,a281ca2e6535f180a03710328a33507ea02f075b6577482c86e139e9f971b3e3,32.285,64.432,195.252,405.877,25,42,0.286,0.1154,60.0,29.724,89.724,149.724,150.0,90.0,6.394,0.0,1.0,0.561,0.54,0.03,3876.897555,1.22462,0.0,199,1407535,1407535,1.0,1797,1797,1.0,119725,0,1,S10|M1_BALANCED|28|A|L2|F2,true,false,false,/home/cyfer/FYP/WSN_simulation_V3/runs/S10_5000/outputs_production_50seed_part26_30/run_campaign_v3_S10_M1_BALANCED_A_L2_F2_H3_seed028_28_20260603_093657
campaign_v3_S10_M1_BALANCED_A_L2_F2_H3_seed029,campaign_v3_S10_M1_BALANCED_A_L2_F2_H3_seed029_29_20260603_093815,S10,5000,200,6,M1_BALANCED,29,A,L2,F2,H3,V3,map_S10_M1_BALANCED_seed029,77162a84d0af255ab0116542bfec2702779cdd7ddfe2c0630f703c06ca2f7295,31.953,62.332,196.613,405.422,25,43,0.2999,0.142,60.0,29.004,89.004,149.004,150.0,90.0,5.575,0.0,1.0,0.357,0.348,0.154,3864.136566,1.227173,0.0,199,1408835,1408835,1.0,1797,1797,1.0,119825,0,1,S10|M1_BALANCED|29|A|L2|F2,true,false,false,/home/cyfer/FYP/WSN_simulation_V3/runs/S10_5000/outputs_production_50seed_part26_30/run_campaign_v3_S10_M1_BALANCED_A_L2_F2_H3_seed029_29_20260603_093815
campaign_v3_S10_M1_BALANCED_A_L2_F2_H3_seed030,campaign_v3_S10_M1_BALANCED_A_L2_F2_H3_seed030_30_20260603_093934,S10,5000,200,6,M1_BALANCED,30,A,L2,F2,H3,V3,map_S10_M1_BALANCED_seed030,fb88fb1bbb8bf8d4c2b8477ab3db1a16009c5dc664fea854cade7d5ec069a94f,32.249,63.37,198.266,408.227,25,49,0.3357,0.128,60.0,28.702,88.702,148.702,150.0,90.0,5.163,0.0,1.0,0.25,0.28,0.191,3881.660812,1.223668,0.0,199,1409256,1409256,1.0,1797,1797,1.0,119850,0,1,S10|M1_BALANCED|30|A|L2|F2,true,false,false,/home/cyfer/FYP/WSN_simulation_V3/runs/S10_5000/outputs_production_50seed_part26_30/run_campaign_v3_S10_M1_BALANCED_A_L2_F2_H3_seed030_30_20260603_093934
campaign_v3_S10_M1_BALANCED_A_L2_F2_H4_seed026,campaign_v3_S10_M1_BALANCED_A_L2_F2_H4_seed026_26_20260603_093422,S10,5000,200,6,M1_BALANCED,26,A,L2,F2,H4,V3,map_S10_M1_BALANCED_seed026,2413a574d3c909e9ca76603f34edff0323d89e32629f230f0d6d3d8be49aff05,32.336,64.012,196.97,408.78,25,52,0.3211,0.1238,60.0,33.638,93.638,153.638,160.0,100.0,6.079,0.0,1.0,0.392,0.48,0.154,3884.935098,1.223013,0.0,197,1409320,1409320,1.0,1796,1796,1.0,120000,0,1,S10|M1_BALANCED|26|A|L2|F2,true,false,false,/home/cyfer/FYP/WSN_simulation_V3/runs/S10_5000/outputs_production_50seed_part26_30/run_campaign_v3_S10_M1_BALANCED_A_L2_F2_H4_seed026_26_20260603_093422
campaign_v3_S10_M1_BALANCED_A_L2_F2_H4_seed027,campaign_v3_S10_M1_BALANCED_A_L2_F2_H4_seed027_27_20260603_093541,S10,5000,200,6,M1_BALANCED,27,A,L2,F2,H4,V3,map_S10_M1_BALANCED_seed027,ba96431f4660c0d6ebfe608e3c8b3d4a5bb8146f8b8c03be027f147557b78682,32.327,65.006,194.795,376.916,25,52,0.3295,0.1306,60.0,32.337,92.337,152.337,160.0,100.0,4.895,0.0,1.0,0.216,0.263,0.153,3890.132912,1.221973,0.0,200,1410177,1410177,1.0,1796,1796,1.0,120000,0,1,S10|M1_BALANCED|27|A|L2|F2,true,false,false,/home/cyfer/FYP/WSN_simulation_V3/runs/S10_5000/outputs_production_50seed_part26_30/run_campaign_v3_S10_M1_BALANCED_A_L2_F2_H4_seed027_27_20260603_093541
campaign_v3_S10_M1_BALANCED_A_L2_F2_H4_seed028,campaign_v3_S10_M1_BALANCED_A_L2_F2_H4_seed028_28_20260603_093658,S10,5000,200,6,M1_BALANCED,28,A,L2,F2,H4,V3,map_S10_M1_BALANCED_seed028,a281ca2e6535f180a03710328a33507ea02f075b6577482c86e139e9f971b3e3,32.285,64.432,195.252,405.877,25,42,0.286,0.1154,60.0,33.655,93.655,153.655,160.0,100.0,6.394,0.0,1.0,0.561,0.54,0.03,3880.88412,1.223823,0.0,199,1409038,1409038,1.0,1796,1796,1.0,120000,0,1,S10|M1_BALANCED|28|A|L2|F2,true,false,false,/home/cyfer/FYP/WSN_simulation_V3/runs/S10_5000/outputs_production_50seed_part26_30/run_campaign_v3_S10_M1_BALANCED_A_L2_F2_H4_seed028_28_20260603_093658
campaign_v3_S10_M1_BALANCED_A_L2_F2_H4_seed029,campaign_v3_S10_M1_BALANCED_A_L2_F2_H4_seed029_29_20260603_093816,S10,5000,200,6,M1_BALANCED,29,A,L2,F2,H4,V3,map_S10_M1_BALANCED_seed029,77162a84d0af255ab0116542bfec2702779cdd7ddfe2c0630f703c06ca2f7295,31.953,62.332,196.613,405.422,25,43,0.2999,0.142,60.0,33.298,93.298,153.298,160.0,100.0,5.575,0.0,1.0,0.357,0.348,0.154,3866.806181,1.226639,0.0,200,1409790,1409790,1.0,1796,1796,1.0,120000,0,1,S10|M1_BALANCED|29|A|L2|F2,true,false,false,/home/cyfer/FYP/WSN_simulation_V3/runs/S10_5000/outputs_production_50seed_part26_30/run_campaign_v3_S10_M1_BALANCED_A_L2_F2_H4_seed029_29_20260603_093816
campaign_v3_S10_M1_BALANCED_A_L2_F2_H4_seed030,campaign_v3_S10_M1_BALANCED_A_L2_F2_H4_seed030_30_20260603_093934,S10,5000,200,6,M1_BALANCED,30,A,L2,F2,H4,V3,map_S10_M1_BALANCED_seed030,fb88fb1bbb8bf8d4c2b8477ab3db1a16009c5dc664fea854cade7d5ec069a94f,32.249,63.37,198.266,408.227,25,49,0.3357,0.128,60.0,32.33,92.33,152.33,160.0,100.0,5.163,0.0,1.0,0.25,0.28,0.191,3883.994721,1.223201,0.0,200,1410084,1410084,1.0,1796,1796,1.0,120000,0,1,S10|M1_BALANCED|30|A|L2|F2,true,false,false,/home/cyfer/FYP/WSN_simulation_V3/runs/S10_5000/outputs_production_50seed_part26_30/run_campaign_v3_S10_M1_BALANCED_A_L2_F2_H4_seed030_30_20260603_093934
campaign_v3_S10_M1_BALANCED_A_L2_F3_H0_seed026,campaign_v3_S10_M1_BALANCED_A_L2_F3_H0_seed026_26_20260603_093411,S10,5000,200,6,M1_BALANCED,26,A,L2,F3,H0,V2,map_S10_M1_BALANCED_seed026,2413a574d3c909e9ca76603f34edff0323d89e32629f230f0d6d3d8be49aff05,32.336,64.012,196.97,408.78,25,52,0.3211,0.1238,60.0,-1.0,-1.0,-1.0,-1.0,-1.0,0.0,0.0,0.0,0.0,0.0,0.0,3872.152956,1.225569,0.0,196,1405325,1405325,1.0,1792,1792,1.0,120125,1,0,S10|M1_BALANCED|26|A|L2|F3,false,false,true,/home/cyfer/FYP/WSN_simulation_V3/runs/S10_5000/outputs_production_50seed_part26_30/run_campaign_v3_S10_M1_BALANCED_A_L2_F3_H0_seed026_26_20260603_093411
campaign_v3_S10_M1_BALANCED_A_L2_F3_H0_seed027,campaign_v3_S10_M1_BALANCED_A_L2_F3_H0_seed027_27_20260603_093530,S10,5000,200,6,M1_BALANCED,27,A,L2,F3,H0,V2,map_S10_M1_BALANCED_seed027,ba96431f4660c0d6ebfe608e3c8b3d4a5bb8146f8b8c03be027f147557b78682,32.327,65.006,194.795,376.916,25,52,0.3295,0.1306,60.0,-1.0,-1.0,-1.0,-1.0,-1.0,0.0,0.0,0.0,0.0,0.0,0.0,3872.360619,1.225528,0.0,199,1403445,1403445,1.0,1792,1792,1.0,120165,1,0,S10|M1_BALANCED|27|A|L2|F3,false,false,true,/home/cyfer/FYP/WSN_simulation_V3/runs/S10_5000/outputs_production_50seed_part26_30/run_campaign_v3_S10_M1_BALANCED_A_L2_F3_H0_seed027_27_20260603_093530
campaign_v3_S10_M1_BALANCED_A_L2_F3_H0_seed028,campaign_v3_S10_M1_BALANCED_A_L2_F3_H0_seed028_28_20260603_093647,S10,5000,200,6,M1_BALANCED,28,A,L2,F3,H0,V2,map_S10_M1_BALANCED_seed028,a281ca2e6535f180a03710328a33507ea02f075b6577482c86e139e9f971b3e3,32.285,64.432,195.252,405.877,25,42,0.286,0.1154,60.0,-1.0,-1.0,-1.0,-1.0,-1.0,0.0,0.0,0.0,0.0,0.0,0.0,3872.760994,1.225448,0.0,198,1406265,1406265,1.0,1792,1792,1.0,120105,1,0,S10|M1_BALANCED|28|A|L2|F3,false,false,true,/home/cyfer/FYP/WSN_simulation_V3/runs/S10_5000/outputs_production_50seed_part26_30/run_campaign_v3_S10_M1_BALANCED_A_L2_F3_H0_seed028_28_20260603_093647
campaign_v3_S10_M1_BALANCED_A_L2_F3_H0_seed029,campaign_v3_S10_M1_BALANCED_A_L2_F3_H0_seed029_29_20260603_093804,S10,5000,200,6,M1_BALANCED,29,A,L2,F3,H0,V2,map_S10_M1_BALANCED_seed029,77162a84d0af255ab0116542bfec2702779cdd7ddfe2c0630f703c06ca2f7295,31.953,62.332,196.613,405.422,25,43,0.2999,0.142,60.0,-1.0,-1.0,-1.0,-1.0,-1.0,0.0,0.0,0.0,0.0,0.0,0.0,3859.816267,1.228037,0.0,199,1407910,1407910,1.0,1792,1792,1.0,120070,1,0,S10|M1_BALANCED|29|A|L2|F3,false,false,true,/home/cyfer/FYP/WSN_simulation_V3/runs/S10_5000/outputs_production_50seed_part26_30/run_campaign_v3_S10_M1_BALANCED_A_L2_F3_H0_seed029_29_20260603_093804
campaign_v3_S10_M1_BALANCED_A_L2_F3_H0_seed030,campaign_v3_S10_M1_BALANCED_A_L2_F3_H0_seed030_30_20260603_093923,S10,5000,200,6,M1_BALANCED,30,A,L2,F3,H0,V2,map_S10_M1_BALANCED_seed030,fb88fb1bbb8bf8d4c2b8477ab3db1a16009c5dc664fea854cade7d5ec069a94f,32.249,63.37,198.266,408.227,25,49,0.3357,0.128,60.0,-1.0,-1.0,-1.0,-1.0,-1.0,0.0,0.0,0.0,0.0,0.0,0.0,3864.575508,1.227085,0.0,200,1403210,1403210,1.0,1792,1792,1.0,120170,1,0,S10|M1_BALANCED|30|A|L2|F3,false,false,true,/home/cyfer/FYP/WSN_simulation_V3/runs/S10_5000/outputs_production_50seed_part26_30/run_campaign_v3_S10_M1_BALANCED_A_L2_F3_H0_seed030_30_20260603_093923
campaign_v3_S10_M1_BALANCED_A_L2_F3_H1_seed026,campaign_v3_S10_M1_BALANCED_A_L2_F3_H1_seed026_26_20260603_093423,S10,5000,200,6,M1_BALANCED,26,A,L2,F3,H1,V3,map_S10_M1_BALANCED_seed026,2413a574d3c909e9ca76603f34edff0323d89e32629f230f0d6d3d8be49aff05,32.336,64.012,196.97,408.78,25,52,0.3211,0.1238,60.0,28.091,88.091,148.091,150.0,90.0,6.872,0.0,1.0,0.49,0.618,0.182,3872.425662,1.225515,0.0,196,1405345,1405345,1.0,1797,1797,1.0,119379,0,1,S10|M1_BALANCED|26|A|L2|F3,true,false,false,/home/cyfer/FYP/WSN_simulation_V3/runs/S10_5000/outputs_production_50seed_part26_30/run_campaign_v3_S10_M1_BALANCED_A_L2_F3_H1_seed026_26_20260603_093423
campaign_v3_S10_M1_BALANCED_A_L2_F3_H1_seed027,campaign_v3_S10_M1_BALANCED_A_L2_F3_H1_seed027_27_20260603_093542,S10,5000,200,6,M1_BALANCED,27,A,L2,F3,H1,V3,map_S10_M1_BALANCED_seed027,ba96431f4660c0d6ebfe608e3c8b3d4a5bb8146f8b8c03be027f147557b78682,32.327,65.006,194.795,376.916,25,52,0.3295,0.1306,60.0,28.704,88.704,148.704,150.0,90.0,7.661,0.0,1.0,0.647,0.794,0.113,3872.662091,1.225468,0.0,199,1403465,1403465,1.0,1797,1797,1.0,119179,0,1,S10|M1_BALANCED|27|A|L2|F3,true,false,false,/home/cyfer/FYP/WSN_simulation_V3/runs/S10_5000/outputs_production_50seed_part26_30/run_campaign_v3_S10_M1_BALANCED_A_L2_F3_H1_seed027_27_20260603_093542
campaign_v3_S10_M1_BALANCED_A_L2_F3_H1_seed028,campaign_v3_S10_M1_BALANCED_A_L2_F3_H1_seed028_28_20260603_093658,S10,5000,200,6,M1_BALANCED,28,A,L2,F3,H1,V3,map_S10_M1_BALANCED_seed028,a281ca2e6535f180a03710328a33507ea02f075b6577482c86e139e9f971b3e3,32.285,64.432,195.252,405.877,25,42,0.286,0.1154,60.0,28.067,88.067,148.067,150.0,90.0,6.511,0.0,1.0,0.512,0.488,0.17,3873.01192,1.225398,0.0,198,1406285,1406285,1.0,1797,1797,1.0,119479,0,1,S10|M1_BALANCED|28|A|L2|F3,true,false,false,/home/cyfer/FYP/WSN_simulation_V3/runs/S10_5000/outputs_production_50seed_part26_30/run_campaign_v3_S10_M1_BALANCED_A_L2_F3_H1_seed028_28_20260603_093658
campaign_v3_S10_M1_BALANCED_A_L2_F3_H1_seed029,campaign_v3_S10_M1_BALANCED_A_L2_F3_H1_seed029_29_20260603_093816,S10,5000,200,6,M1_BALANCED,29,A,L2,F3,H1,V3,map_S10_M1_BALANCED_seed029,77162a84d0af255ab0116542bfec2702779cdd7ddfe2c0630f703c06ca2f7295,31.953,62.332,196.613,405.422,25,43,0.2999,0.142,60.0,26.783,86.783,146.783,150.0,90.0,5.607,0.0,1.0,0.333,0.34,0.196,3860.008023,1.227998,0.0,199,1407930,1407930,1.0,1797,1797,1.0,119654,0,1,S10|M1_BALANCED|29|A|L2|F3,true,false,false,/home/cyfer/FYP/WSN_simulation_V3/runs/S10_5000/outputs_production_50seed_part26_30/run_campaign_v3_S10_M1_BALANCED_A_L2_F3_H1_seed029_29_20260603_093816
campaign_v3_S10_M1_BALANCED_A_L2_F3_H1_seed030,campaign_v3_S10_M1_BALANCED_A_L2_F3_H1_seed030_30_20260603_093935,S10,5000,200,6,M1_BALANCED,30,A,L2,F3,H1,V3,map_S10_M1_BALANCED_seed030,fb88fb1bbb8bf8d4c2b8477ab3db1a16009c5dc664fea854cade7d5ec069a94f,32.249,63.37,198.266,408.227,25,49,0.3357,0.128,60.0,29.06,89.06,149.06,150.0,90.0,7.741,0.0,1.0,0.708,0.83,0.042,3864.879946,1.227024,0.0,200,1403230,1403230,1.0,1797,1797,1.0,119154,0,1,S10|M1_BALANCED|30|A|L2|F3,true,false,false,/home/cyfer/FYP/WSN_simulation_V3/runs/S10_5000/outputs_production_50seed_part26_30/run_campaign_v3_S10_M1_BALANCED_A_L2_F3_H1_seed030_30_20260603_093935
campaign_v3_S10_M1_BALANCED_A_L2_F3_H3_seed026,campaign_v3_S10_M1_BALANCED_A_L2_F3_H3_seed026_26_20260603_093423,S10,5000,200,6,M1_BALANCED,26,A,L2,F3,H3,V3,map_S10_M1_BALANCED_seed026,2413a574d3c909e9ca76603f34edff0323d89e32629f230f0d6d3d8be49aff05,32.336,64.012,196.97,408.78,25,52,0.3211,0.1238,60.0,33.954,93.954,153.954,160.0,100.0,6.872,0.0,1.0,0.49,0.618,0.182,3872.40345,1.225519,0.0,196,1405341,1405341,1.0,1796,1796,1.0,119379,0,1,S10|M1_BALANCED|26|A|L2|F3,true,false,false,/home/cyfer/FYP/WSN_simulation_V3/runs/S10_5000/outputs_production_50seed_part26_30/run_campaign_v3_S10_M1_BALANCED_A_L2_F3_H3_seed026_26_20260603_093423
campaign_v3_S10_M1_BALANCED_A_L2_F3_H3_seed027,campaign_v3_S10_M1_BALANCED_A_L2_F3_H3_seed027_27_20260603_093542,S10,5000,200,6,M1_BALANCED,27,A,L2,F3,H3,V3,map_S10_M1_BALANCED_seed027,ba96431f4660c0d6ebfe608e3c8b3d4a5bb8146f8b8c03be027f147557b78682,32.327,65.006,194.795,376.916,25,52,0.3295,0.1306,60.0,35.512,95.512,155.512,160.0,100.0,7.661,0.0,1.0,0.647,0.794,0.113,3872.635747,1.225473,0.0,199,1403461,1403461,1.0,1796,1796,1.0,119179,0,1,S10|M1_BALANCED|27|A|L2|F3,true,false,false,/home/cyfer/FYP/WSN_simulation_V3/runs/S10_5000/outputs_production_50seed_part26_30/run_campaign_v3_S10_M1_BALANCED_A_L2_F3_H3_seed027_27_20260603_093542
campaign_v3_S10_M1_BALANCED_A_L2_F3_H3_seed028,campaign_v3_S10_M1_BALANCED_A_L2_F3_H3_seed028_28_20260603_093659,S10,5000,200,6,M1_BALANCED,28,A,L2,F3,H3,V3,map_S10_M1_BALANCED_seed028,a281ca2e6535f180a03710328a33507ea02f075b6577482c86e139e9f971b3e3,32.285,64.432,195.252,405.877,25,42,0.286,0.1154,60.0,33.739,93.739,153.739,160.0,100.0,6.511,0.0,1.0,0.512,0.488,0.17,3872.982562,1.225403,0.0,198,1406281,1406281,1.0,1796,1796,1.0,119479,0,1,S10|M1_BALANCED|28|A|L2|F3,true,false,false,/home/cyfer/FYP/WSN_simulation_V3/runs/S10_5000/outputs_production_50seed_part26_30/run_campaign_v3_S10_M1_BALANCED_A_L2_F3_H3_seed028_28_20260603_093659
campaign_v3_S10_M1_BALANCED_A_L2_F3_H3_seed029,campaign_v3_S10_M1_BALANCED_A_L2_F3_H3_seed029_29_20260603_093817,S10,5000,200,6,M1_BALANCED,29,A,L2,F3,H3,V3,map_S10_M1_BALANCED_seed029,77162a84d0af255ab0116542bfec2702779cdd7ddfe2c0630f703c06ca2f7295,31.953,62.332,196.613,405.422,25,43,0.2999,0.142,60.0,32.899,92.899,152.899,160.0,100.0,5.607,0.0,1.0,0.333,0.34,0.196,3859.986835,1.228003,0.0,199,1407926,1407926,1.0,1796,1796,1.0,119654,0,1,S10|M1_BALANCED|29|A|L2|F3,true,false,false,/home/cyfer/FYP/WSN_simulation_V3/runs/S10_5000/outputs_production_50seed_part26_30/run_campaign_v3_S10_M1_BALANCED_A_L2_F3_H3_seed029_29_20260603_093817
campaign_v3_S10_M1_BALANCED_A_L2_F3_H3_seed030,campaign_v3_S10_M1_BALANCED_A_L2_F3_H3_seed030_30_20260603_093935,S10,5000,200,6,M1_BALANCED,30,A,L2,F3,H3,V3,map_S10_M1_BALANCED_seed030,fb88fb1bbb8bf8d4c2b8477ab3db1a16009c5dc664fea854cade7d5ec069a94f,32.249,63.37,198.266,408.227,25,49,0.3357,0.128,60.0,35.113,95.113,155.113,160.0,100.0,7.741,0.0,1.0,0.708,0.83,0.042,3864.85738,1.227029,0.0,200,1403226,1403226,1.0,1796,1796,1.0,119154,0,1,S10|M1_BALANCED|30|A|L2|F3,true,false,false,/home/cyfer/FYP/WSN_simulation_V3/runs/S10_5000/outputs_production_50seed_part26_30/run_campaign_v3_S10_M1_BALANCED_A_L2_F3_H3_seed030_30_20260603_093935
campaign_v3_S10_M1_BALANCED_A_L2_F3_H4_seed026,campaign_v3_S10_M1_BALANCED_A_L2_F3_H4_seed026_26_20260603_093424,S10,5000,200,6,M1_BALANCED,26,A,L2,F3,H4,V3,map_S10_M1_BALANCED_seed026,2413a574d3c909e9ca76603f34edff0323d89e32629f230f0d6d3d8be49aff05,32.336,64.012,196.97,408.78,25,52,0.3211,0.1238,60.0,37.948,97.948,157.948,160.0,100.0,6.872,0.0,1.0,0.49,0.618,0.182,3872.400961,1.22552,0.0,196,1405341,1405341,1.0,1796,1796,1.0,119379,0,1,S10|M1_BALANCED|26|A|L2|F3,true,false,false,/home/cyfer/FYP/WSN_simulation_V3/runs/S10_5000/outputs_production_50seed_part26_30/run_campaign_v3_S10_M1_BALANCED_A_L2_F3_H4_seed026_26_20260603_093424
campaign_v3_S10_M1_BALANCED_A_L2_F3_H4_seed027,campaign_v3_S10_M1_BALANCED_A_L2_F3_H4_seed027_27_20260603_093543,S10,5000,200,6,M1_BALANCED,27,A,L2,F3,H4,V3,map_S10_M1_BALANCED_seed027,ba96431f4660c0d6ebfe608e3c8b3d4a5bb8146f8b8c03be027f147557b78682,32.327,65.006,194.795,376.916,25,52,0.3295,0.1306,60.0,38.939,98.939,158.939,160.0,100.0,7.661,0.0,1.0,0.647,0.794,0.113,3872.641237,1.225472,0.0,199,1403461,1403461,1.0,1796,1796,1.0,119179,0,1,S10|M1_BALANCED|27|A|L2|F3,true,false,false,/home/cyfer/FYP/WSN_simulation_V3/runs/S10_5000/outputs_production_50seed_part26_30/run_campaign_v3_S10_M1_BALANCED_A_L2_F3_H4_seed027_27_20260603_093543
campaign_v3_S10_M1_BALANCED_A_L2_F3_H4_seed028,campaign_v3_S10_M1_BALANCED_A_L2_F3_H4_seed028_28_20260603_093700,S10,5000,200,6,M1_BALANCED,28,A,L2,F3,H4,V3,map_S10_M1_BALANCED_seed028,a281ca2e6535f180a03710328a33507ea02f075b6577482c86e139e9f971b3e3,32.285,64.432,195.252,405.877,25,42,0.286,0.1154,60.0,38.448,98.448,158.448,160.0,100.0,6.511,0.0,1.0,0.512,0.488,0.17,3872.986775,1.225403,0.0,198,1406281,1406281,1.0,1796,1796,1.0,119479,0,1,S10|M1_BALANCED|28|A|L2|F3,true,false,false,/home/cyfer/FYP/WSN_simulation_V3/runs/S10_5000/outputs_production_50seed_part26_30/run_campaign_v3_S10_M1_BALANCED_A_L2_F3_H4_seed028_28_20260603_093700
campaign_v3_S10_M1_BALANCED_A_L2_F3_H4_seed029,campaign_v3_S10_M1_BALANCED_A_L2_F3_H4_seed029_29_20260603_093817,S10,5000,200,6,M1_BALANCED,29,A,L2,F3,H4,V3,map_S10_M1_BALANCED_seed029,77162a84d0af255ab0116542bfec2702779cdd7ddfe2c0630f703c06ca2f7295,31.953,62.332,196.613,405.422,25,43,0.2999,0.142,60.0,37.225,97.225,157.225,160.0,100.0,5.607,0.0,1.0,0.333,0.34,0.196,3859.986312,1.228003,0.0,199,1407926,1407926,1.0,1796,1796,1.0,119654,0,1,S10|M1_BALANCED|29|A|L2|F3,true,false,false,/home/cyfer/FYP/WSN_simulation_V3/runs/S10_5000/outputs_production_50seed_part26_30/run_campaign_v3_S10_M1_BALANCED_A_L2_F3_H4_seed029_29_20260603_093817
campaign_v3_S10_M1_BALANCED_A_L2_F3_H4_seed030,campaign_v3_S10_M1_BALANCED_A_L2_F3_H4_seed030_30_20260603_093936,S10,5000,200,6,M1_BALANCED,30,A,L2,F3,H4,V3,map_S10_M1_BALANCED_seed030,fb88fb1bbb8bf8d4c2b8477ab3db1a16009c5dc664fea854cade7d5ec069a94f,32.249,63.37,198.266,408.227,25,49,0.3357,0.128,60.0,39.265,99.265,159.265,160.0,100.0,7.741,0.0,1.0,0.708,0.83,0.042,3864.859699,1.227028,0.0,200,1403226,1403226,1.0,1796,1796,1.0,119154,0,1,S10|M1_BALANCED|30|A|L2|F3,true,false,false,/home/cyfer/FYP/WSN_simulation_V3/runs/S10_5000/outputs_production_50seed_part26_30/run_campaign_v3_S10_M1_BALANCED_A_L2_F3_H4_seed030_30_20260603_093936
campaign_v3_S10_M1_BALANCED_A_L2_F4_H0_seed026,campaign_v3_S10_M1_BALANCED_A_L2_F4_H0_seed026_26_20260603_093411,S10,5000,200,6,M1_BALANCED,26,A,L2,F4,H0,V2,map_S10_M1_BALANCED_seed026,2413a574d3c909e9ca76603f34edff0323d89e32629f230f0d6d3d8be49aff05,32.336,64.012,196.97,408.78,25,52,0.3211,0.1238,60.0,-1.0,-1.0,-1.0,-1.0,-1.0,0.0,0.0,0.0,0.0,0.0,0.0,3864.941814,1.227012,0.0,197,1401800,1401800,1.0,1792,1792,1.0,120200,1,0,S10|M1_BALANCED|26|A|L2|F4,false,false,true,/home/cyfer/FYP/WSN_simulation_V3/runs/S10_5000/outputs_production_50seed_part26_30/run_campaign_v3_S10_M1_BALANCED_A_L2_F4_H0_seed026_26_20260603_093411
campaign_v3_S10_M1_BALANCED_A_L2_F4_H0_seed027,campaign_v3_S10_M1_BALANCED_A_L2_F4_H0_seed027_27_20260603_093531,S10,5000,200,6,M1_BALANCED,27,A,L2,F4,H0,V2,map_S10_M1_BALANCED_seed027,ba96431f4660c0d6ebfe608e3c8b3d4a5bb8146f8b8c03be027f147557b78682,32.327,65.006,194.795,376.916,25,52,0.3295,0.1306,60.0,-1.0,-1.0,-1.0,-1.0,-1.0,0.0,0.0,0.0,0.0,0.0,0.0,3878.94324,1.224211,0.0,199,1405560,1405560,1.0,1792,1792,1.0,120120,1,0,S10|M1_BALANCED|27|A|L2|F4,false,false,true,/home/cyfer/FYP/WSN_simulation_V3/runs/S10_5000/outputs_production_50seed_part26_30/run_campaign_v3_S10_M1_BALANCED_A_L2_F4_H0_seed027_27_20260603_093531
campaign_v3_S10_M1_BALANCED_A_L2_F4_H0_seed028,campaign_v3_S10_M1_BALANCED_A_L2_F4_H0_seed028_28_20260603_093647,S10,5000,200,6,M1_BALANCED,28,A,L2,F4,H0,V2,map_S10_M1_BALANCED_seed028,a281ca2e6535f180a03710328a33507ea02f075b6577482c86e139e9f971b3e3,32.285,64.432,195.252,405.877,25,42,0.286,0.1154,60.0,-1.0,-1.0,-1.0,-1.0,-1.0,0.0,0.0,0.0,0.0,0.0,0.0,3876.566638,1.224687,0.0,198,1408145,1408145,1.0,1792,1792,1.0,120065,1,0,S10|M1_BALANCED|28|A|L2|F4,false,false,true,/home/cyfer/FYP/WSN_simulation_V3/runs/S10_5000/outputs_production_50seed_part26_30/run_campaign_v3_S10_M1_BALANCED_A_L2_F4_H0_seed028_28_20260603_093647
campaign_v3_S10_M1_BALANCED_A_L2_F4_H0_seed029,campaign_v3_S10_M1_BALANCED_A_L2_F4_H0_seed029_29_20260603_093805,S10,5000,200,6,M1_BALANCED,29,A,L2,F4,H0,V2,map_S10_M1_BALANCED_seed029,77162a84d0af255ab0116542bfec2702779cdd7ddfe2c0630f703c06ca2f7295,31.953,62.332,196.613,405.422,25,43,0.2999,0.142,60.0,-1.0,-1.0,-1.0,-1.0,-1.0,0.0,0.0,0.0,0.0,0.0,0.0,3859.631359,1.228074,0.0,199,1407675,1407675,1.0,1792,1792,1.0,120075,1,0,S10|M1_BALANCED|29|A|L2|F4,false,false,true,/home/cyfer/FYP/WSN_simulation_V3/runs/S10_5000/outputs_production_50seed_part26_30/run_campaign_v3_S10_M1_BALANCED_A_L2_F4_H0_seed029_29_20260603_093805
campaign_v3_S10_M1_BALANCED_A_L2_F4_H0_seed030,campaign_v3_S10_M1_BALANCED_A_L2_F4_H0_seed030_30_20260603_093924,S10,5000,200,6,M1_BALANCED,30,A,L2,F4,H0,V2,map_S10_M1_BALANCED_seed030,fb88fb1bbb8bf8d4c2b8477ab3db1a16009c5dc664fea854cade7d5ec069a94f,32.249,63.37,198.266,408.227,25,49,0.3357,0.128,60.0,-1.0,-1.0,-1.0,-1.0,-1.0,0.0,0.0,0.0,0.0,0.0,0.0,3870.114873,1.225977,0.0,199,1405090,1405090,1.0,1792,1792,1.0,120130,1,0,S10|M1_BALANCED|30|A|L2|F4,false,false,true,/home/cyfer/FYP/WSN_simulation_V3/runs/S10_5000/outputs_production_50seed_part26_30/run_campaign_v3_S10_M1_BALANCED_A_L2_F4_H0_seed030_30_20260603_093924
campaign_v3_S10_M1_BALANCED_A_L2_F4_H1_seed026,campaign_v3_S10_M1_BALANCED_A_L2_F4_H1_seed026_26_20260603_093425,S10,5000,200,6,M1_BALANCED,26,A,L2,F4,H1,V3,map_S10_M1_BALANCED_seed026,2413a574d3c909e9ca76603f34edff0323d89e32629f230f0d6d3d8be49aff05,32.336,64.012,196.97,408.78,25,52,0.3211,0.1238,60.0,35.763,95.763,155.763,160.0,100.0,8.69,0.0,1.0,0.784,0.957,0.155,3868.640904,1.226272,0.0,197,1402776,1402776,1.0,1796,1796,1.0,119004,0,1,S10|M1_BALANCED|26|A|L2|F4,true,false,false,/home/cyfer/FYP/WSN_simulation_V3/runs/S10_5000/outputs_production_50seed_part26_30/run_campaign_v3_S10_M1_BALANCED_A_L2_F4_H1_seed026_26_20260603_093425
campaign_v3_S10_M1_BALANCED_A_L2_F4_H1_seed027,campaign_v3_S10_M1_BALANCED_A_L2_F4_H1_seed027_27_20260603_093544,S10,5000,200,6,M1_BALANCED,27,A,L2,F4,H1,V3,map_S10_M1_BALANCED_seed027,ba96431f4660c0d6ebfe608e3c8b3d4a5bb8146f8b8c03be027f147557b78682,32.327,65.006,194.795,376.916,25,52,0.3295,0.1306,60.0,33.876,93.876,153.876,160.0,100.0,6.55,0.0,1.0,0.471,0.553,0.159,3881.193435,1.223761,0.0,199,1406200,1406200,1.0,1796,1796,1.0,119404,0,1,S10|M1_BALANCED|27|A|L2|F4,true,false,false,/home/cyfer/FYP/WSN_simulation_V3/runs/S10_5000/outputs_production_50seed_part26_30/run_campaign_v3_S10_M1_BALANCED_A_L2_F4_H1_seed027_27_20260603_093544
campaign_v3_S10_M1_BALANCED_A_L2_F4_H1_seed028,campaign_v3_S10_M1_BALANCED_A_L2_F4_H1_seed028_28_20260603_093700,S10,5000,200,6,M1_BALANCED,28,A,L2,F4,H1,V3,map_S10_M1_BALANCED_seed028,a281ca2e6535f180a03710328a33507ea02f075b6577482c86e139e9f971b3e3,32.285,64.432,195.252,405.877,25,42,0.286,0.1154,60.0,32.771,92.771,152.771,160.0,100.0,5.269,0.0,1.0,0.317,0.308,0.131,3877.916332,1.224417,0.0,198,1408512,1408512,1.0,1796,1796,1.0,119679,0,1,S10|M1_BALANCED|28|A|L2|F4,true,false,false,/home/cyfer/FYP/WSN_simulation_V3/runs/S10_5000/outputs_production_50seed_part26_30/run_campaign_v3_S10_M1_BALANCED_A_L2_F4_H1_seed028_28_20260603_093700
campaign_v3_S10_M1_BALANCED_A_L2_F4_H1_seed029,campaign_v3_S10_M1_BALANCED_A_L2_F4_H1_seed029_29_20260603_093818,S10,5000,200,6,M1_BALANCED,29,A,L2,F4,H1,V3,map_S10_M1_BALANCED_seed029,77162a84d0af255ab0116542bfec2702779cdd7ddfe2c0630f703c06ca2f7295,31.953,62.332,196.613,405.422,25,43,0.2999,0.142,60.0,32.545,92.545,152.545,160.0,100.0,5.514,0.0,1.0,0.357,0.355,0.126,3861.120028,1.227776,0.0,199,1408096,1408096,1.0,1796,1796,1.0,119629,0,1,S10|M1_BALANCED|29|A|L2|F4,true,false,false,/home/cyfer/FYP/WSN_simulation_V3/runs/S10_5000/outputs_production_50seed_part26_30/run_campaign_v3_S10_M1_BALANCED_A_L2_F4_H1_seed029_29_20260603_093818
campaign_v3_S10_M1_BALANCED_A_L2_F4_H1_seed030,campaign_v3_S10_M1_BALANCED_A_L2_F4_H1_seed030_30_20260603_093937,S10,5000,200,6,M1_BALANCED,30,A,L2,F4,H1,V3,map_S10_M1_BALANCED_seed030,fb88fb1bbb8bf8d4c2b8477ab3db1a16009c5dc664fea854cade7d5ec069a94f,32.249,63.37,198.266,408.227,25,49,0.3357,0.128,60.0,33.834,93.834,153.834,160.0,100.0,6.705,0.0,1.0,0.542,0.621,0.073,3872.644314,1.225471,0.0,199,1405782,1405782,1.0,1796,1796,1.0,119354,0,1,S10|M1_BALANCED|30|A|L2|F4,true,false,false,/home/cyfer/FYP/WSN_simulation_V3/runs/S10_5000/outputs_production_50seed_part26_30/run_campaign_v3_S10_M1_BALANCED_A_L2_F4_H1_seed030_30_20260603_093937
campaign_v3_S10_M1_BALANCED_A_L2_F4_H3_seed026,campaign_v3_S10_M1_BALANCED_A_L2_F4_H3_seed026_26_20260603_093425,S10,5000,200,6,M1_BALANCED,26,A,L2,F4,H3,V3,map_S10_M1_BALANCED_seed026,2413a574d3c909e9ca76603f34edff0323d89e32629f230f0d6d3d8be49aff05,32.336,64.012,196.97,408.78,25,52,0.3211,0.1238,60.0,41.938,101.938,161.938,170.0,110.0,8.69,0.0,1.0,0.784,0.957,0.155,3866.521083,1.226696,0.0,197,1402176,1402176,1.0,1796,1796,1.0,119004,0,1,S10|M1_BALANCED|26|A|L2|F4,true,false,false,/home/cyfer/FYP/WSN_simulation_V3/runs/S10_5000/outputs_production_50seed_part26_30/run_campaign_v3_S10_M1_BALANCED_A_L2_F4_H3_seed026_26_20260603_093425
campaign_v3_S10_M1_BALANCED_A_L2_F4_H3_seed027,campaign_v3_S10_M1_BALANCED_A_L2_F4_H3_seed027_27_20260603_093544,S10,5000,200,6,M1_BALANCED,27,A,L2,F4,H3,V3,map_S10_M1_BALANCED_seed027,ba96431f4660c0d6ebfe608e3c8b3d4a5bb8146f8b8c03be027f147557b78682,32.327,65.006,194.795,376.916,25,52,0.3295,0.1306,60.0,39.714,99.714,159.714,160.0,100.0,6.55,0.0,1.0,0.471,0.553,0.159,3879.971504,1.224006,0.0,199,1405816,1405816,1.0,1796,1796,1.0,119404,0,1,S10|M1_BALANCED|27|A|L2|F4,true,false,false,/home/cyfer/FYP/WSN_simulation_V3/runs/S10_5000/outputs_production_50seed_part26_30/run_campaign_v3_S10_M1_BALANCED_A_L2_F4_H3_seed027_27_20260603_093544
campaign_v3_S10_M1_BALANCED_A_L2_F4_H3_seed028,campaign_v3_S10_M1_BALANCED_A_L2_F4_H3_seed028_28_20260603_093701,S10,5000,200,6,M1_BALANCED,28,A,L2,F4,H3,V3,map_S10_M1_BALANCED_seed028,a281ca2e6535f180a03710328a33507ea02f075b6577482c86e139e9f971b3e3,32.285,64.432,195.252,405.877,25,42,0.286,0.1154,60.0,38.38,98.38,158.38,160.0,100.0,5.269,0.0,1.0,0.317,0.308,0.131,3877.246229,1.224551,0.0,198,1408308,1408308,1.0,1796,1796,1.0,119679,0,1,S10|M1_BALANCED|28|A|L2|F4,true,false,false,/home/cyfer/FYP/WSN_simulation_V3/runs/S10_5000/outputs_production_50seed_part26_30/run_campaign_v3_S10_M1_BALANCED_A_L2_F4_H3_seed028_28_20260603_093701
campaign_v3_S10_M1_BALANCED_A_L2_F4_H3_seed029,campaign_v3_S10_M1_BALANCED_A_L2_F4_H3_seed029_29_20260603_093819,S10,5000,200,6,M1_BALANCED,29,A,L2,F4,H3,V3,map_S10_M1_BALANCED_seed029,77162a84d0af255ab0116542bfec2702779cdd7ddfe2c0630f703c06ca2f7295,31.953,62.332,196.613,405.422,25,43,0.2999,0.142,60.0,38.949,98.949,158.949,160.0,100.0,5.514,0.0,1.0,0.357,0.355,0.126,3860.359077,1.227928,0.0,199,1407859,1407859,1.0,1796,1796,1.0,119629,0,1,S10|M1_BALANCED|29|A|L2|F4,true,false,false,/home/cyfer/FYP/WSN_simulation_V3/runs/S10_5000/outputs_production_50seed_part26_30/run_campaign_v3_S10_M1_BALANCED_A_L2_F4_H3_seed029_29_20260603_093819
campaign_v3_S10_M1_BALANCED_A_L2_F4_H3_seed030,campaign_v3_S10_M1_BALANCED_A_L2_F4_H3_seed030_30_20260603_093937,S10,5000,200,6,M1_BALANCED,30,A,L2,F4,H3,V3,map_S10_M1_BALANCED_seed030,fb88fb1bbb8bf8d4c2b8477ab3db1a16009c5dc664fea854cade7d5ec069a94f,32.249,63.37,198.266,408.227,25,49,0.3357,0.128,60.0,39.907,99.907,159.907,160.0,100.0,6.705,0.0,1.0,0.542,0.621,0.073,3871.200636,1.22576,0.0,199,1405366,1405366,1.0,1796,1796,1.0,119354,0,1,S10|M1_BALANCED|30|A|L2|F4,true,false,false,/home/cyfer/FYP/WSN_simulation_V3/runs/S10_5000/outputs_production_50seed_part26_30/run_campaign_v3_S10_M1_BALANCED_A_L2_F4_H3_seed030_30_20260603_093937
campaign_v3_S10_M1_BALANCED_A_L2_F4_H4_seed026,campaign_v3_S10_M1_BALANCED_A_L2_F4_H4_seed026_26_20260603_093426,S10,5000,200,6,M1_BALANCED,26,A,L2,F4,H4,V3,map_S10_M1_BALANCED_seed026,2413a574d3c909e9ca76603f34edff0323d89e32629f230f0d6d3d8be49aff05,32.336,64.012,196.97,408.78,25,52,0.3211,0.1238,60.0,46.283,106.283,166.283,170.0,110.0,8.69,0.0,1.0,0.784,0.957,0.155,3860.578943,1.227884,0.0,197,1399792,1399792,1.0,1796,1796,1.0,118508,0,1,S10|M1_BALANCED|26|A|L2|F4,true,false,false,/home/cyfer/FYP/WSN_simulation_V3/runs/S10_5000/outputs_production_50seed_part26_30/run_campaign_v3_S10_M1_BALANCED_A_L2_F4_H4_seed026_26_20260603_093426
campaign_v3_S10_M1_BALANCED_A_L2_F4_H4_seed027,campaign_v3_S10_M1_BALANCED_A_L2_F4_H4_seed027_27_20260603_093545,S10,5000,200,6,M1_BALANCED,27,A,L2,F4,H4,V3,map_S10_M1_BALANCED_seed027,ba96431f4660c0d6ebfe608e3c8b3d4a5bb8146f8b8c03be027f147557b78682,32.327,65.006,194.795,376.916,25,52,0.3295,0.1306,60.0,43.956,103.956,163.956,170.0,110.0,6.55,0.0,1.0,0.471,0.553,0.159,3876.592712,1.224681,0.0,199,1404535,1404535,1.0,1796,1796,1.0,119133,0,1,S10|M1_BALANCED|27|A|L2|F4,true,false,false,/home/cyfer/FYP/WSN_simulation_V3/runs/S10_5000/outputs_production_50seed_part26_30/run_campaign_v3_S10_M1_BALANCED_A_L2_F4_H4_seed027_27_20260603_093545
campaign_v3_S10_M1_BALANCED_A_L2_F4_H4_seed028,campaign_v3_S10_M1_BALANCED_A_L2_F4_H4_seed028_28_20260603_093701,S10,5000,200,6,M1_BALANCED,28,A,L2,F4,H4,V3,map_S10_M1_BALANCED_seed028,a281ca2e6535f180a03710328a33507ea02f075b6577482c86e139e9f971b3e3,32.285,64.432,195.252,405.877,25,42,0.286,0.1154,60.0,42.75,102.75,162.75,170.0,110.0,5.269,0.0,1.0,0.317,0.308,0.131,3869.971522,1.226006,0.0,198,1405362,1405362,1.0,1796,1796,1.0,119108,0,1,S10|M1_BALANCED|28|A|L2|F4,true,false,false,/home/cyfer/FYP/WSN_simulation_V3/runs/S10_5000/outputs_production_50seed_part26_30/run_campaign_v3_S10_M1_BALANCED_A_L2_F4_H4_seed028_28_20260603_093701
campaign_v3_S10_M1_BALANCED_A_L2_F4_H4_seed029,campaign_v3_S10_M1_BALANCED_A_L2_F4_H4_seed029_29_20260603_093819,S10,5000,200,6,M1_BALANCED,29,A,L2,F4,H4,V3,map_S10_M1_BALANCED_seed029,77162a84d0af255ab0116542bfec2702779cdd7ddfe2c0630f703c06ca2f7295,31.953,62.332,196.613,405.422,25,43,0.2999,0.142,60.0,42.883,102.883,162.883,170.0,110.0,5.514,0.0,1.0,0.357,0.355,0.126,3856.077031,1.228785,0.0,199,1405982,1405982,1.0,1796,1796,1.0,119258,0,1,S10|M1_BALANCED|29|A|L2|F4,true,false,false,/home/cyfer/FYP/WSN_simulation_V3/runs/S10_5000/outputs_production_50seed_part26_30/run_campaign_v3_S10_M1_BALANCED_A_L2_F4_H4_seed029_29_20260603_093819
campaign_v3_S10_M1_BALANCED_A_L2_F4_H4_seed030,campaign_v3_S10_M1_BALANCED_A_L2_F4_H4_seed030_30_20260603_093938,S10,5000,200,6,M1_BALANCED,30,A,L2,F4,H4,V3,map_S10_M1_BALANCED_seed030,fb88fb1bbb8bf8d4c2b8477ab3db1a16009c5dc664fea854cade7d5ec069a94f,32.249,63.37,198.266,408.227,25,49,0.3357,0.128,60.0,44.219,104.219,164.219,170.0,110.0,6.705,0.0,1.0,0.542,0.621,0.073,3867.901129,1.22642,0.0,199,1403952,1403952,1.0,1796,1796,1.0,119058,0,1,S10|M1_BALANCED|30|A|L2|F4,true,false,false,/home/cyfer/FYP/WSN_simulation_V3/runs/S10_5000/outputs_production_50seed_part26_30/run_campaign_v3_S10_M1_BALANCED_A_L2_F4_H4_seed030_30_20260603_093938
campaign_v3_S10_M1_BALANCED_B_L1_F0_H0_seed026,campaign_v3_S10_M1_BALANCED_B_L1_F0_H0_seed026_26_20260603_093426,S10,5000,200,6,M1_BALANCED,26,B,L1,F0,H0,V1,map_S10_M1_BALANCED_seed026,2413a574d3c909e9ca76603f34edff0323d89e32629f230f0d6d3d8be49aff05,32.336,64.012,196.97,408.78,25,52,0.3211,0.1238,0.0,-1.0,-1.0,-1.0,-1.0,-1.0,0.0,0.0,0.0,0.0,0.0,0.0,2579.320164,1.484136,0.0,197,1411200,1411200,1.0,1800,1800,1.0,120000,0,0,S10|M1_BALANCED|26|B|L1|F0,false,true,false,/home/cyfer/FYP/WSN_simulation_V3/runs/S10_5000/outputs_production_50seed_part26_30/run_campaign_v3_S10_M1_BALANCED_B_L1_F0_H0_seed026_26_20260603_093426
campaign_v3_S10_M1_BALANCED_B_L1_F0_H0_seed027,campaign_v3_S10_M1_BALANCED_B_L1_F0_H0_seed027_27_20260603_093545,S10,5000,200,6,M1_BALANCED,27,B,L1,F0,H0,V1,map_S10_M1_BALANCED_seed027,ba96431f4660c0d6ebfe608e3c8b3d4a5bb8146f8b8c03be027f147557b78682,32.327,65.006,194.795,376.916,25,52,0.3295,0.1306,0.0,-1.0,-1.0,-1.0,-1.0,-1.0,0.0,0.0,0.0,0.0,0.0,0.0,2582.951551,1.48341,0.0,200,1411200,1411200,1.0,1800,1800,1.0,120000,0,0,S10|M1_BALANCED|27|B|L1|F0,false,true,false,/home/cyfer/FYP/WSN_simulation_V3/runs/S10_5000/outputs_production_50seed_part26_30/run_campaign_v3_S10_M1_BALANCED_B_L1_F0_H0_seed027_27_20260603_093545
campaign_v3_S10_M1_BALANCED_B_L1_F0_H0_seed028,campaign_v3_S10_M1_BALANCED_B_L1_F0_H0_seed028_28_20260603_093702,S10,5000,200,6,M1_BALANCED,28,B,L1,F0,H0,V1,map_S10_M1_BALANCED_seed028,a281ca2e6535f180a03710328a33507ea02f075b6577482c86e139e9f971b3e3,32.285,64.432,195.252,405.877,25,42,0.286,0.1154,0.0,-1.0,-1.0,-1.0,-1.0,-1.0,0.0,0.0,0.0,0.0,0.0,0.0,2577.89896,1.48442,0.0,199,1411200,1411200,1.0,1800,1800,1.0,120000,0,0,S10|M1_BALANCED|28|B|L1|F0,false,true,false,/home/cyfer/FYP/WSN_simulation_V3/runs/S10_5000/outputs_production_50seed_part26_30/run_campaign_v3_S10_M1_BALANCED_B_L1_F0_H0_seed028_28_20260603_093702
campaign_v3_S10_M1_BALANCED_B_L1_F0_H0_seed029,campaign_v3_S10_M1_BALANCED_B_L1_F0_H0_seed029_29_20260603_093820,S10,5000,200,6,M1_BALANCED,29,B,L1,F0,H0,V1,map_S10_M1_BALANCED_seed029,77162a84d0af255ab0116542bfec2702779cdd7ddfe2c0630f703c06ca2f7295,31.953,62.332,196.613,405.422,25,43,0.2999,0.142,0.0,-1.0,-1.0,-1.0,-1.0,-1.0,0.0,0.0,0.0,0.0,0.0,0.0,2568.444788,1.486311,0.0,200,1411200,1411200,1.0,1800,1800,1.0,120000,0,0,S10|M1_BALANCED|29|B|L1|F0,false,true,false,/home/cyfer/FYP/WSN_simulation_V3/runs/S10_5000/outputs_production_50seed_part26_30/run_campaign_v3_S10_M1_BALANCED_B_L1_F0_H0_seed029_29_20260603_093820
campaign_v3_S10_M1_BALANCED_B_L1_F0_H0_seed030,campaign_v3_S10_M1_BALANCED_B_L1_F0_H0_seed030_30_20260603_093939,S10,5000,200,6,M1_BALANCED,30,B,L1,F0,H0,V1,map_S10_M1_BALANCED_seed030,fb88fb1bbb8bf8d4c2b8477ab3db1a16009c5dc664fea854cade7d5ec069a94f,32.249,63.37,198.266,408.227,25,49,0.3357,0.128,0.0,-1.0,-1.0,-1.0,-1.0,-1.0,0.0,0.0,0.0,0.0,0.0,0.0,2578.91079,1.484218,0.0,200,1411200,1411200,1.0,1800,1800,1.0,120000,0,0,S10|M1_BALANCED|30|B|L1|F0,false,true,false,/home/cyfer/FYP/WSN_simulation_V3/runs/S10_5000/outputs_production_50seed_part26_30/run_campaign_v3_S10_M1_BALANCED_B_L1_F0_H0_seed030_30_20260603_093939
campaign_v3_S10_M1_BALANCED_B_L1_F1_H0_seed026,campaign_v3_S10_M1_BALANCED_B_L1_F1_H0_seed026_26_20260603_093427,S10,5000,200,6,M1_BALANCED,26,B,L1,F1,H0,V2,map_S10_M1_BALANCED_seed026,2413a574d3c909e9ca76603f34edff0323d89e32629f230f0d6d3d8be49aff05,32.336,64.012,196.97,408.78,25,52,0.3211,0.1238,60.0,-1.0,-1.0,-1.0,-1.0,-1.0,0.0,0.0,0.0,0.0,0.0,0.0,2564.142965,1.487154,0.0,197,1401800,1401800,1.0,1792,1792,1.0,120200,1,0,S10|M1_BALANCED|26|B|L1|F1,false,false,true,/home/cyfer/FYP/WSN_simulation_V3/runs/S10_5000/outputs_production_50seed_part26_30/run_campaign_v3_S10_M1_BALANCED_B_L1_F1_H0_seed026_26_20260603_093427
campaign_v3_S10_M1_BALANCED_B_L1_F1_H0_seed027,campaign_v3_S10_M1_BALANCED_B_L1_F1_H0_seed027_27_20260603_093546,S10,5000,200,6,M1_BALANCED,27,B,L1,F1,H0,V2,map_S10_M1_BALANCED_seed027,ba96431f4660c0d6ebfe608e3c8b3d4a5bb8146f8b8c03be027f147557b78682,32.327,65.006,194.795,376.916,25,52,0.3295,0.1306,60.0,-1.0,-1.0,-1.0,-1.0,-1.0,0.0,0.0,0.0,0.0,0.0,0.0,2573.852308,1.485051,0.0,200,1405560,1405560,1.0,1792,1792,1.0,120120,1,0,S10|M1_BALANCED|27|B|L1|F1,false,false,true,/home/cyfer/FYP/WSN_simulation_V3/runs/S10_5000/outputs_production_50seed_part26_30/run_campaign_v3_S10_M1_BALANCED_B_L1_F1_H0_seed027_27_20260603_093546
campaign_v3_S10_M1_BALANCED_B_L1_F1_H0_seed028,campaign_v3_S10_M1_BALANCED_B_L1_F1_H0_seed028_28_20260603_093703,S10,5000,200,6,M1_BALANCED,28,B,L1,F1,H0,V2,map_S10_M1_BALANCED_seed028,a281ca2e6535f180a03710328a33507ea02f075b6577482c86e139e9f971b3e3,32.285,64.432,195.252,405.877,25,42,0.286,0.1154,60.0,-1.0,-1.0,-1.0,-1.0,-1.0,0.0,0.0,0.0,0.0,0.0,0.0,2571.842369,1.485355,0.0,199,1408145,1408145,1.0,1792,1792,1.0,120065,1,0,S10|M1_BALANCED|28|B|L1|F1,false,false,true,/home/cyfer/FYP/WSN_simulation_V3/runs/S10_5000/outputs_production_50seed_part26_30/run_campaign_v3_S10_M1_BALANCED_B_L1_F1_H0_seed028_28_20260603_093703
campaign_v3_S10_M1_BALANCED_B_L1_F1_H0_seed029,campaign_v3_S10_M1_BALANCED_B_L1_F1_H0_seed029_29_20260603_093821,S10,5000,200,6,M1_BALANCED,29,B,L1,F1,H0,V2,map_S10_M1_BALANCED_seed029,77162a84d0af255ab0116542bfec2702779cdd7ddfe2c0630f703c06ca2f7295,31.953,62.332,196.613,405.422,25,43,0.2999,0.142,60.0,-1.0,-1.0,-1.0,-1.0,-1.0,0.0,0.0,0.0,0.0,0.0,0.0,2561.728965,1.487396,0.0,200,1407675,1407675,1.0,1792,1792,1.0,120075,1,0,S10|M1_BALANCED|29|B|L1|F1,false,false,true,/home/cyfer/FYP/WSN_simulation_V3/runs/S10_5000/outputs_production_50seed_part26_30/run_campaign_v3_S10_M1_BALANCED_B_L1_F1_H0_seed029_29_20260603_093821
campaign_v3_S10_M1_BALANCED_B_L1_F1_H0_seed030,campaign_v3_S10_M1_BALANCED_B_L1_F1_H0_seed030_30_20260603_093939,S10,5000,200,6,M1_BALANCED,30,B,L1,F1,H0,V2,map_S10_M1_BALANCED_seed030,fb88fb1bbb8bf8d4c2b8477ab3db1a16009c5dc664fea854cade7d5ec069a94f,32.249,63.37,198.266,408.227,25,49,0.3357,0.128,60.0,-1.0,-1.0,-1.0,-1.0,-1.0,0.0,0.0,0.0,0.0,0.0,0.0,2568.303336,1.486188,0.0,200,1405090,1405090,1.0,1792,1792,1.0,120130,1,0,S10|M1_BALANCED|30|B|L1|F1,false,false,true,/home/cyfer/FYP/WSN_simulation_V3/runs/S10_5000/outputs_production_50seed_part26_30/run_campaign_v3_S10_M1_BALANCED_B_L1_F1_H0_seed030_30_20260603_093939
campaign_v3_S10_M1_BALANCED_B_L1_F1_H1_seed026,campaign_v3_S10_M1_BALANCED_B_L1_F1_H1_seed026_26_20260603_093432,S10,5000,200,6,M1_BALANCED,26,B,L1,F1,H1,V3,map_S10_M1_BALANCED_seed026,2413a574d3c909e9ca76603f34edff0323d89e32629f230f0d6d3d8be49aff05,32.336,64.012,196.97,408.78,25,52,0.3211,0.1238,60.0,18.335,78.335,138.335,140.0,80.0,8.819,0.0,1.0,0.784,1.0,0.155,2576.094882,1.484764,0.0,198,1408040,1408040,1.0,1797,1797,1.0,120000,0,1,S10|M1_BALANCED|26|B|L1|F1,true,false,false,/home/cyfer/FYP/WSN_simulation_V3/runs/S10_5000/outputs_production_50seed_part26_30/run_campaign_v3_S10_M1_BALANCED_B_L1_F1_H1_seed026_26_20260603_093432
campaign_v3_S10_M1_BALANCED_B_L1_F1_H1_seed027,campaign_v3_S10_M1_BALANCED_B_L1_F1_H1_seed027_27_20260603_093551,S10,5000,200,6,M1_BALANCED,27,B,L1,F1,H1,V3,map_S10_M1_BALANCED_seed027,ba96431f4660c0d6ebfe608e3c8b3d4a5bb8146f8b8c03be027f147557b78682,32.327,65.006,194.795,376.916,25,52,0.3295,0.1306,60.0,17.595,77.595,137.595,140.0,80.0,7.89,0.0,1.0,0.471,1.0,0.159,2581.197915,1.483582,0.0,201,1409328,1409328,1.0,1797,1797,1.0,120000,0,1,S10|M1_BALANCED|27|B|L1|F1,true,false,false,/home/cyfer/FYP/WSN_simulation_V3/runs/S10_5000/outputs_production_50seed_part26_30/run_campaign_v3_S10_M1_BALANCED_B_L1_F1_H1_seed027_27_20260603_093551
campaign_v3_S10_M1_BALANCED_B_L1_F1_H1_seed028,campaign_v3_S10_M1_BALANCED_B_L1_F1_H1_seed028_28_20260603_093707,S10,5000,200,6,M1_BALANCED,28,B,L1,F1,H1,V3,map_S10_M1_BALANCED_seed028,a281ca2e6535f180a03710328a33507ea02f075b6577482c86e139e9f971b3e3,32.285,64.432,195.252,405.877,25,42,0.286,0.1154,60.0,17.204,77.204,137.204,140.0,80.0,7.345,0.0,1.0,0.317,1.0,0.131,2576.851154,1.484353,0.0,200,1410186,1410186,1.0,1797,1797,1.0,120000,0,1,S10|M1_BALANCED|28|B|L1|F1,true,false,false,/home/cyfer/FYP/WSN_simulation_V3/runs/S10_5000/outputs_production_50seed_part26_30/run_campaign_v3_S10_M1_BALANCED_B_L1_F1_H1_seed028_28_20260603_093707
campaign_v3_S10_M1_BALANCED_B_L1_F1_H1_seed029,campaign_v3_S10_M1_BALANCED_B_L1_F1_H1_seed029_29_20260603_093825,S10,5000,200,6,M1_BALANCED,29,B,L1,F1,H1,V3,map_S10_M1_BALANCED_seed029,77162a84d0af255ab0116542bfec2702779cdd7ddfe2c0630f703c06ca2f7295,31.953,62.332,196.613,405.422,25,43,0.2999,0.142,60.0,17.183,77.183,137.183,140.0,80.0,7.449,0.0,1.0,0.357,1.0,0.126,2567.042121,1.486334,0.0,201,1410030,1410030,1.0,1797,1797,1.0,120000,0,1,S10|M1_BALANCED|29|B|L1|F1,true,false,false,/home/cyfer/FYP/WSN_simulation_V3/runs/S10_5000/outputs_production_50seed_part26_30/run_campaign_v3_S10_M1_BALANCED_B_L1_F1_H1_seed029_29_20260603_093825
campaign_v3_S10_M1_BALANCED_B_L1_F1_H1_seed030,campaign_v3_S10_M1_BALANCED_B_L1_F1_H1_seed030_30_20260603_093944,S10,5000,200,6,M1_BALANCED,30,B,L1,F1,H1,V3,map_S10_M1_BALANCED_seed030,fb88fb1bbb8bf8d4c2b8477ab3db1a16009c5dc664fea854cade7d5ec069a94f,32.249,63.37,198.266,408.227,25,49,0.3357,0.128,60.0,17.592,77.592,137.592,140.0,80.0,7.843,0.0,1.0,0.542,1.0,0.073,2576.534899,1.484541,0.0,201,1409172,1409172,1.0,1797,1797,1.0,120000,0,1,S10|M1_BALANCED|30|B|L1|F1,true,false,false,/home/cyfer/FYP/WSN_simulation_V3/runs/S10_5000/outputs_production_50seed_part26_30/run_campaign_v3_S10_M1_BALANCED_B_L1_F1_H1_seed030_30_20260603_093944
campaign_v3_S10_M1_BALANCED_B_L1_F1_H3_seed026,campaign_v3_S10_M1_BALANCED_B_L1_F1_H3_seed026_26_20260603_093435,S10,5000,200,6,M1_BALANCED,26,B,L1,F1,H3,V3,map_S10_M1_BALANCED_seed026,2413a574d3c909e9ca76603f34edff0323d89e32629f230f0d6d3d8be49aff05,32.336,64.012,196.97,408.78,25,52,0.3211,0.1238,60.0,24.794,84.794,144.794,150.0,90.0,8.819,0.0,1.0,0.784,1.0,0.155,2570.893755,1.485804,0.0,198,1404800,1404800,1.0,1797,1797,1.0,119500,0,1,S10|M1_BALANCED|26|B|L1|F1,true,false,false,/home/cyfer/FYP/WSN_simulation_V3/runs/S10_5000/outputs_production_50seed_part26_30/run_campaign_v3_S10_M1_BALANCED_B_L1_F1_H3_seed026_26_20260603_093435
campaign_v3_S10_M1_BALANCED_B_L1_F1_H3_seed027,campaign_v3_S10_M1_BALANCED_B_L1_F1_H3_seed027_27_20260603_093553,S10,5000,200,6,M1_BALANCED,27,B,L1,F1,H3,V3,map_S10_M1_BALANCED_seed027,ba96431f4660c0d6ebfe608e3c8b3d4a5bb8146f8b8c03be027f147557b78682,32.327,65.006,194.795,376.916,25,52,0.3295,0.1306,60.0,23.57,83.57,143.57,150.0,90.0,7.89,0.0,1.0,0.471,1.0,0.159,2578.334216,1.484155,0.0,201,1407372,1407372,1.0,1797,1797,1.0,119700,0,1,S10|M1_BALANCED|27|B|L1|F1,true,false,false,/home/cyfer/FYP/WSN_simulation_V3/runs/S10_5000/outputs_production_50seed_part26_30/run_campaign_v3_S10_M1_BALANCED_B_L1_F1_H3_seed027_27_20260603_093553
campaign_v3_S10_M1_BALANCED_B_L1_F1_H3_seed028,campaign_v3_S10_M1_BALANCED_B_L1_F1_H3_seed028_28_20260603_093710,S10,5000,200,6,M1_BALANCED,28,B,L1,F1,H3,V3,map_S10_M1_BALANCED_seed028,a281ca2e6535f180a03710328a33507ea02f075b6577482c86e139e9f971b3e3,32.285,64.432,195.252,405.877,25,42,0.286,0.1154,60.0,22.923,82.923,142.923,150.0,90.0,7.345,0.0,1.0,0.317,1.0,0.131,2574.601671,1.484803,0.0,199,1409209,1409209,1.0,1797,1797,1.0,119850,0,1,S10|M1_BALANCED|28|B|L1|F1,true,false,false,/home/cyfer/FYP/WSN_simulation_V3/runs/S10_5000/outputs_production_50seed_part26_30/run_campaign_v3_S10_M1_BALANCED_B_L1_F1_H3_seed028_28_20260603_093710
campaign_v3_S10_M1_BALANCED_B_L1_F1_H3_seed029,campaign_v3_S10_M1_BALANCED_B_L1_F1_H3_seed029_29_20260603_093828,S10,5000,200,6,M1_BALANCED,29,B,L1,F1,H3,V3,map_S10_M1_BALANCED_seed029,77162a84d0af255ab0116542bfec2702779cdd7ddfe2c0630f703c06ca2f7295,31.953,62.332,196.613,405.422,25,43,0.2999,0.142,60.0,23.411,83.411,143.411,150.0,90.0,7.449,0.0,1.0,0.357,1.0,0.126,2564.725741,1.486797,0.0,200,1408883,1408883,1.0,1797,1797,1.0,119825,0,1,S10|M1_BALANCED|29|B|L1|F1,true,false,false,/home/cyfer/FYP/WSN_simulation_V3/runs/S10_5000/outputs_production_50seed_part26_30/run_campaign_v3_S10_M1_BALANCED_B_L1_F1_H3_seed029_29_20260603_093828
campaign_v3_S10_M1_BALANCED_B_L1_F1_H3_seed030,campaign_v3_S10_M1_BALANCED_B_L1_F1_H3_seed030_30_20260603_093947,S10,5000,200,6,M1_BALANCED,30,B,L1,F1,H3,V3,map_S10_M1_BALANCED_seed030,fb88fb1bbb8bf8d4c2b8477ab3db1a16009c5dc664fea854cade7d5ec069a94f,32.249,63.37,198.266,408.227,25,49,0.3357,0.128,60.0,23.049,83.049,143.049,150.0,90.0,7.843,0.0,1.0,0.542,1.0,0.073,2573.091865,1.48523,0.0,201,1407053,1407053,1.0,1797,1797,1.0,119675,0,1,S10|M1_BALANCED|30|B|L1|F1,true,false,false,/home/cyfer/FYP/WSN_simulation_V3/runs/S10_5000/outputs_production_50seed_part26_30/run_campaign_v3_S10_M1_BALANCED_B_L1_F1_H3_seed030_30_20260603_093947
campaign_v3_S10_M1_BALANCED_B_L1_F1_H4_seed026,campaign_v3_S10_M1_BALANCED_B_L1_F1_H4_seed026_26_20260603_093438,S10,5000,200,6,M1_BALANCED,26,B,L1,F1,H4,V3,map_S10_M1_BALANCED_seed026,2413a574d3c909e9ca76603f34edff0323d89e32629f230f0d6d3d8be49aff05,32.336,64.012,196.97,408.78,25,52,0.3211,0.1238,60.0,28.377,88.377,148.377,150.0,90.0,8.819,0.0,1.0,0.784,1.0,0.155,2570.809554,1.485821,0.0,198,1404740,1404740,1.0,1797,1797,1.0,119504,0,1,S10|M1_BALANCED|26|B|L1|F1,true,false,false,/home/cyfer/FYP/WSN_simulation_V3/runs/S10_5000/outputs_production_50seed_part26_30/run_campaign_v3_S10_M1_BALANCED_B_L1_F1_H4_seed026_26_20260603_093438
campaign_v3_S10_M1_BALANCED_B_L1_F1_H4_seed027,campaign_v3_S10_M1_BALANCED_B_L1_F1_H4_seed027_27_20260603_093556,S10,5000,200,6,M1_BALANCED,27,B,L1,F1,H4,V3,map_S10_M1_BALANCED_seed027,ba96431f4660c0d6ebfe608e3c8b3d4a5bb8146f8b8c03be027f147557b78682,32.327,65.006,194.795,376.916,25,52,0.3295,0.1306,60.0,26.965,86.965,146.965,150.0,90.0,7.89,0.0,1.0,0.471,1.0,0.159,2577.944319,1.484232,0.0,200,1407504,1407504,1.0,1797,1797,1.0,119729,0,1,S10|M1_BALANCED|27|B|L1|F1,true,false,false,/home/cyfer/FYP/WSN_simulation_V3/runs/S10_5000/outputs_production_50seed_part26_30/run_campaign_v3_S10_M1_BALANCED_B_L1_F1_H4_seed027_27_20260603_093556
campaign_v3_S10_M1_BALANCED_B_L1_F1_H4_seed028,campaign_v3_S10_M1_BALANCED_B_L1_F1_H4_seed028_28_20260603_093713,S10,5000,200,6,M1_BALANCED,28,B,L1,F1,H4,V3,map_S10_M1_BALANCED_seed028,a281ca2e6535f180a03710328a33507ea02f075b6577482c86e139e9f971b3e3,32.285,64.432,195.252,405.877,25,42,0.286,0.1154,60.0,26.654,86.654,146.654,150.0,90.0,7.345,0.0,1.0,0.317,1.0,0.131,2571.376935,1.485448,0.0,200,1406685,1406685,1.0,1797,1797,1.0,119429,0,1,S10|M1_BALANCED|28|B|L1|F1,true,false,false,/home/cyfer/FYP/WSN_simulation_V3/runs/S10_5000/outputs_production_50seed_part26_30/run_campaign_v3_S10_M1_BALANCED_B_L1_F1_H4_seed028_28_20260603_093713
campaign_v3_S10_M1_BALANCED_B_L1_F1_H4_seed029,campaign_v3_S10_M1_BALANCED_B_L1_F1_H4_seed029_29_20260603_093831,S10,5000,200,6,M1_BALANCED,29,B,L1,F1,H4,V3,map_S10_M1_BALANCED_seed029,77162a84d0af255ab0116542bfec2702779cdd7ddfe2c0630f703c06ca2f7295,31.953,62.332,196.613,405.422,25,43,0.2999,0.142,60.0,26.823,86.823,146.823,150.0,90.0,7.449,0.0,1.0,0.357,1.0,0.126,2563.660413,1.48701,0.0,201,1407695,1407695,1.0,1797,1797,1.0,119629,0,1,S10|M1_BALANCED|29|B|L1|F1,true,false,false,/home/cyfer/FYP/WSN_simulation_V3/runs/S10_5000/outputs_production_50seed_part26_30/run_campaign_v3_S10_M1_BALANCED_B_L1_F1_H4_seed029_29_20260603_093831
campaign_v3_S10_M1_BALANCED_B_L1_F1_H4_seed030,campaign_v3_S10_M1_BALANCED_B_L1_F1_H4_seed030_30_20260603_093950,S10,5000,200,6,M1_BALANCED,30,B,L1,F1,H4,V3,map_S10_M1_BALANCED_seed030,fb88fb1bbb8bf8d4c2b8477ab3db1a16009c5dc664fea854cade7d5ec069a94f,32.249,63.37,198.266,408.227,25,49,0.3357,0.128,60.0,26.879,86.879,146.879,150.0,90.0,7.843,0.0,1.0,0.542,1.0,0.073,2573.270646,1.485194,0.0,201,1407182,1407182,1.0,1797,1797,1.0,119704,0,1,S10|M1_BALANCED|30|B|L1|F1,true,false,false,/home/cyfer/FYP/WSN_simulation_V3/runs/S10_5000/outputs_production_50seed_part26_30/run_campaign_v3_S10_M1_BALANCED_B_L1_F1_H4_seed030_30_20260603_093950
campaign_v3_S10_M1_BALANCED_B_L1_F2_H0_seed026,campaign_v3_S10_M1_BALANCED_B_L1_F2_H0_seed026_26_20260603_093430,S10,5000,200,6,M1_BALANCED,26,B,L1,F2,H0,V2,map_S10_M1_BALANCED_seed026,2413a574d3c909e9ca76603f34edff0323d89e32629f230f0d6d3d8be49aff05,32.336,64.012,196.97,408.78,25,52,0.3211,0.1238,60.0,-1.0,-1.0,-1.0,-1.0,-1.0,0.0,0.0,0.0,0.0,0.0,0.0,2570.758795,1.485848,0.0,196,1406500,1406500,1.0,1792,1792,1.0,120100,1,0,S10|M1_BALANCED|26|B|L1|F2,false,false,true,/home/cyfer/FYP/WSN_simulation_V3/runs/S10_5000/outputs_production_50seed_part26_30/run_campaign_v3_S10_M1_BALANCED_B_L1_F2_H0_seed026_26_20260603_093430
campaign_v3_S10_M1_BALANCED_B_L1_F2_H0_seed027,campaign_v3_S10_M1_BALANCED_B_L1_F2_H0_seed027_27_20260603_093549,S10,5000,200,6,M1_BALANCED,27,B,L1,F2,H0,V2,map_S10_M1_BALANCED_seed027,ba96431f4660c0d6ebfe608e3c8b3d4a5bb8146f8b8c03be027f147557b78682,32.327,65.006,194.795,376.916,25,52,0.3295,0.1306,60.0,-1.0,-1.0,-1.0,-1.0,-1.0,0.0,0.0,0.0,0.0,0.0,0.0,2577.479703,1.484504,0.0,199,1408615,1408615,1.0,1792,1792,1.0,120055,1,0,S10|M1_BALANCED|27|B|L1|F2,false,false,true,/home/cyfer/FYP/WSN_simulation_V3/runs/S10_5000/outputs_production_50seed_part26_30/run_campaign_v3_S10_M1_BALANCED_B_L1_F2_H0_seed027_27_20260603_093549
campaign_v3_S10_M1_BALANCED_B_L1_F2_H0_seed028,campaign_v3_S10_M1_BALANCED_B_L1_F2_H0_seed028_28_20260603_093705,S10,5000,200,6,M1_BALANCED,28,B,L1,F2,H0,V2,map_S10_M1_BALANCED_seed028,a281ca2e6535f180a03710328a33507ea02f075b6577482c86e139e9f971b3e3,32.285,64.432,195.252,405.877,25,42,0.286,0.1154,60.0,-1.0,-1.0,-1.0,-1.0,-1.0,0.0,0.0,0.0,0.0,0.0,0.0,2568.591332,1.486282,0.0,198,1405795,1405795,1.0,1792,1792,1.0,120115,1,0,S10|M1_BALANCED|28|B|L1|F2,false,false,true,/home/cyfer/FYP/WSN_simulation_V3/runs/S10_5000/outputs_production_50seed_part26_30/run_campaign_v3_S10_M1_BALANCED_B_L1_F2_H0_seed028_28_20260603_093705
campaign_v3_S10_M1_BALANCED_B_L1_F2_H0_seed029,campaign_v3_S10_M1_BALANCED_B_L1_F2_H0_seed029_29_20260603_093823,S10,5000,200,6,M1_BALANCED,29,B,L1,F2,H0,V2,map_S10_M1_BALANCED_seed029,77162a84d0af255ab0116542bfec2702779cdd7ddfe2c0630f703c06ca2f7295,31.953,62.332,196.613,405.422,25,43,0.2999,0.142,60.0,-1.0,-1.0,-1.0,-1.0,-1.0,0.0,0.0,0.0,0.0,0.0,0.0,2562.028948,1.487594,0.0,199,1407675,1407675,1.0,1792,1792,1.0,120075,1,0,S10|M1_BALANCED|29|B|L1|F2,false,false,true,/home/cyfer/FYP/WSN_simulation_V3/runs/S10_5000/outputs_production_50seed_part26_30/run_campaign_v3_S10_M1_BALANCED_B_L1_F2_H0_seed029_29_20260603_093823
campaign_v3_S10_M1_BALANCED_B_L1_F2_H0_seed030,campaign_v3_S10_M1_BALANCED_B_L1_F2_H0_seed030_30_20260603_093942,S10,5000,200,6,M1_BALANCED,30,B,L1,F2,H0,V2,map_S10_M1_BALANCED_seed030,fb88fb1bbb8bf8d4c2b8477ab3db1a16009c5dc664fea854cade7d5ec069a94f,32.249,63.37,198.266,408.227,25,49,0.3357,0.128,60.0,-1.0,-1.0,-1.0,-1.0,-1.0,0.0,0.0,0.0,0.0,0.0,0.0,2573.35834,1.485328,0.0,199,1408380,1408380,1.0,1792,1792,1.0,120060,1,0,S10|M1_BALANCED|30|B|L1|F2,false,false,true,/home/cyfer/FYP/WSN_simulation_V3/runs/S10_5000/outputs_production_50seed_part26_30/run_campaign_v3_S10_M1_BALANCED_B_L1_F2_H0_seed030_30_20260603_093942
campaign_v3_S10_M1_BALANCED_B_L1_F2_H1_seed026,campaign_v3_S10_M1_BALANCED_B_L1_F2_H1_seed026_26_20260603_093440,S10,5000,200,6,M1_BALANCED,26,B,L1,F2,H1,V3,map_S10_M1_BALANCED_seed026,2413a574d3c909e9ca76603f34edff0323d89e32629f230f0d6d3d8be49aff05,32.336,64.012,196.97,408.78,25,52,0.3211,0.1238,60.0,24.011,84.011,144.011,150.0,90.0,6.079,0.0,1.0,0.392,0.48,0.154,2577.307076,1.484539,0.0,197,1409500,1409500,1.0,1797,1797,1.0,120000,0,1,S10|M1_BALANCED|26|B|L1|F2,true,false,false,/home/cyfer/FYP/WSN_simulation_V3/runs/S10_5000/outputs_production_50seed_part26_30/run_campaign_v3_S10_M1_BALANCED_B_L1_F2_H1_seed026_26_20260603_093440
campaign_v3_S10_M1_BALANCED_B_L1_F2_H1_seed027,campaign_v3_S10_M1_BALANCED_B_L1_F2_H1_seed027_27_20260603_093559,S10,5000,200,6,M1_BALANCED,27,B,L1,F2,H1,V3,map_S10_M1_BALANCED_seed027,ba96431f4660c0d6ebfe608e3c8b3d4a5bb8146f8b8c03be027f147557b78682,32.327,65.006,194.795,376.916,25,52,0.3295,0.1306,60.0,22.127,82.127,142.127,150.0,90.0,4.895,0.0,1.0,0.216,0.263,0.153,2581.422229,1.483716,0.0,200,1410287,1410287,1.0,1797,1797,1.0,120000,0,1,S10|M1_BALANCED|27|B|L1|F2,true,false,false,/home/cyfer/FYP/WSN_simulation_V3/runs/S10_5000/outputs_production_50seed_part26_30/run_campaign_v3_S10_M1_BALANCED_B_L1_F2_H1_seed027_27_20260603_093559
campaign_v3_S10_M1_BALANCED_B_L1_F2_H1_seed028,campaign_v3_S10_M1_BALANCED_B_L1_F2_H1_seed028_28_20260603_093716,S10,5000,200,6,M1_BALANCED,28,B,L1,F2,H1,V3,map_S10_M1_BALANCED_seed028,a281ca2e6535f180a03710328a33507ea02f075b6577482c86e139e9f971b3e3,32.285,64.432,195.252,405.877,25,42,0.286,0.1154,60.0,24.099,84.099,144.099,150.0,90.0,6.394,0.0,1.0,0.561,0.54,0.03,2575.779168,1.484844,0.0,199,1409245,1409245,1.0,1797,1797,1.0,120000,0,1,S10|M1_BALANCED|28|B|L1|F2,true,false,false,/home/cyfer/FYP/WSN_simulation_V3/runs/S10_5000/outputs_production_50seed_part26_30/run_campaign_v3_S10_M1_BALANCED_B_L1_F2_H1_seed028_28_20260603_093716
campaign_v3_S10_M1_BALANCED_B_L1_F2_H1_seed029,campaign_v3_S10_M1_BALANCED_B_L1_F2_H1_seed029_29_20260603_093834,S10,5000,200,6,M1_BALANCED,29,B,L1,F2,H1,V3,map_S10_M1_BALANCED_seed029,77162a84d0af255ab0116542bfec2702779cdd7ddfe2c0630f703c06ca2f7295,31.953,62.332,196.613,405.422,25,43,0.2999,0.142,60.0,23.358,83.358,143.358,150.0,90.0,5.575,0.0,1.0,0.357,0.348,0.154,2567.169397,1.486566,0.0,200,1409940,1409940,1.0,1797,1797,1.0,120000,0,1,S10|M1_BALANCED|29|B|L1|F2,true,false,false,/home/cyfer/FYP/WSN_simulation_V3/runs/S10_5000/outputs_production_50seed_part26_30/run_campaign_v3_S10_M1_BALANCED_B_L1_F2_H1_seed029_29_20260603_093834
campaign_v3_S10_M1_BALANCED_B_L1_F2_H1_seed030,campaign_v3_S10_M1_BALANCED_B_L1_F2_H1_seed030_30_20260603_093953,S10,5000,200,6,M1_BALANCED,30,B,L1,F2,H1,V3,map_S10_M1_BALANCED_seed030,fb88fb1bbb8bf8d4c2b8477ab3db1a16009c5dc664fea854cade7d5ec069a94f,32.249,63.37,198.266,408.227,25,49,0.3357,0.128,60.0,22.36,82.36,142.36,150.0,90.0,5.163,0.0,1.0,0.25,0.28,0.191,2577.582362,1.484484,0.0,200,1410204,1410204,1.0,1797,1797,1.0,120000,0,1,S10|M1_BALANCED|30|B|L1|F2,true,false,false,/home/cyfer/FYP/WSN_simulation_V3/runs/S10_5000/outputs_production_50seed_part26_30/run_campaign_v3_S10_M1_BALANCED_B_L1_F2_H1_seed030_30_20260603_093953
campaign_v3_S10_M1_BALANCED_B_L1_F2_H3_seed026,campaign_v3_S10_M1_BALANCED_B_L1_F2_H3_seed026_26_20260603_093441,S10,5000,200,6,M1_BALANCED,26,B,L1,F2,H3,V3,map_S10_M1_BALANCED_seed026,2413a574d3c909e9ca76603f34edff0323d89e32629f230f0d6d3d8be49aff05,32.336,64.012,196.97,408.78,25,52,0.3211,0.1238,60.0,29.448,89.448,149.448,150.0,90.0,6.079,0.0,1.0,0.392,0.48,0.154,2574.271501,1.485146,0.0,196,1407950,1407950,1.0,1797,1797,1.0,119750,0,1,S10|M1_BALANCED|26|B|L1|F2,true,false,false,/home/cyfer/FYP/WSN_simulation_V3/runs/S10_5000/outputs_production_50seed_part26_30/run_campaign_v3_S10_M1_BALANCED_B_L1_F2_H3_seed026_26_20260603_093441
campaign_v3_S10_M1_BALANCED_B_L1_F2_H3_seed027,campaign_v3_S10_M1_BALANCED_B_L1_F2_H3_seed027_27_20260603_093559,S10,5000,200,6,M1_BALANCED,27,B,L1,F2,H3,V3,map_S10_M1_BALANCED_seed027,ba96431f4660c0d6ebfe608e3c8b3d4a5bb8146f8b8c03be027f147557b78682,32.327,65.006,194.795,376.916,25,52,0.3295,0.1306,60.0,28.43,88.43,148.43,150.0,90.0,4.895,0.0,1.0,0.216,0.263,0.153,2579.63587,1.484073,0.0,199,1409491,1409491,1.0,1797,1797,1.0,119875,0,1,S10|M1_BALANCED|27|B|L1|F2,true,false,false,/home/cyfer/FYP/WSN_simulation_V3/runs/S10_5000/outputs_production_50seed_part26_30/run_campaign_v3_S10_M1_BALANCED_B_L1_F2_H3_seed027_27_20260603_093559
campaign_v3_S10_M1_BALANCED_B_L1_F2_H3_seed028,campaign_v3_S10_M1_BALANCED_B_L1_F2_H3_seed028_28_20260603_093716,S10,5000,200,6,M1_BALANCED,28,B,L1,F2,H3,V3,map_S10_M1_BALANCED_seed028,a281ca2e6535f180a03710328a33507ea02f075b6577482c86e139e9f971b3e3,32.285,64.432,195.252,405.877,25,42,0.286,0.1154,60.0,29.724,89.724,149.724,150.0,90.0,6.394,0.0,1.0,0.561,0.54,0.03,2572.837449,1.485433,0.0,199,1407535,1407535,1.0,1797,1797,1.0,119725,0,1,S10|M1_BALANCED|28|B|L1|F2,true,false,false,/home/cyfer/FYP/WSN_simulation_V3/runs/S10_5000/outputs_production_50seed_part26_30/run_campaign_v3_S10_M1_BALANCED_B_L1_F2_H3_seed028_28_20260603_093716
campaign_v3_S10_M1_BALANCED_B_L1_F2_H3_seed029,campaign_v3_S10_M1_BALANCED_B_L1_F2_H3_seed029_29_20260603_093834,S10,5000,200,6,M1_BALANCED,29,B,L1,F2,H3,V3,map_S10_M1_BALANCED_seed029,77162a84d0af255ab0116542bfec2702779cdd7ddfe2c0630f703c06ca2f7295,31.953,62.332,196.613,405.422,25,43,0.2999,0.142,60.0,29.004,89.004,149.004,150.0,90.0,5.575,0.0,1.0,0.357,0.348,0.154,2564.968684,1.487006,0.0,199,1408835,1408835,1.0,1797,1797,1.0,119825,0,1,S10|M1_BALANCED|29|B|L1|F2,true,false,false,/home/cyfer/FYP/WSN_simulation_V3/runs/S10_5000/outputs_production_50seed_part26_30/run_campaign_v3_S10_M1_BALANCED_B_L1_F2_H3_seed029_29_20260603_093834
campaign_v3_S10_M1_BALANCED_B_L1_F2_H3_seed030,campaign_v3_S10_M1_BALANCED_B_L1_F2_H3_seed030_30_20260603_093953,S10,5000,200,6,M1_BALANCED,30,B,L1,F2,H3,V3,map_S10_M1_BALANCED_seed030,fb88fb1bbb8bf8d4c2b8477ab3db1a16009c5dc664fea854cade7d5ec069a94f,32.249,63.37,198.266,408.227,25,49,0.3357,0.128,60.0,28.702,88.702,148.702,150.0,90.0,5.163,0.0,1.0,0.25,0.28,0.191,2575.596816,1.484881,0.0,199,1409256,1409256,1.0,1797,1797,1.0,119850,0,1,S10|M1_BALANCED|30|B|L1|F2,true,false,false,/home/cyfer/FYP/WSN_simulation_V3/runs/S10_5000/outputs_production_50seed_part26_30/run_campaign_v3_S10_M1_BALANCED_B_L1_F2_H3_seed030_30_20260603_093953
campaign_v3_S10_M1_BALANCED_B_L1_F2_H4_seed026,campaign_v3_S10_M1_BALANCED_B_L1_F2_H4_seed026_26_20260603_093442,S10,5000,200,6,M1_BALANCED,26,B,L1,F2,H4,V3,map_S10_M1_BALANCED_seed026,2413a574d3c909e9ca76603f34edff0323d89e32629f230f0d6d3d8be49aff05,32.336,64.012,196.97,408.78,25,52,0.3211,0.1238,60.0,33.638,93.638,153.638,160.0,100.0,6.079,0.0,1.0,0.392,0.48,0.154,2577.031176,1.484594,0.0,197,1409320,1409320,1.0,1796,1796,1.0,120000,0,1,S10|M1_BALANCED|26|B|L1|F2,true,false,false,/home/cyfer/FYP/WSN_simulation_V3/runs/S10_5000/outputs_production_50seed_part26_30/run_campaign_v3_S10_M1_BALANCED_B_L1_F2_H4_seed026_26_20260603_093442
campaign_v3_S10_M1_BALANCED_B_L1_F2_H4_seed027,campaign_v3_S10_M1_BALANCED_B_L1_F2_H4_seed027_27_20260603_093600,S10,5000,200,6,M1_BALANCED,27,B,L1,F2,H4,V3,map_S10_M1_BALANCED_seed027,ba96431f4660c0d6ebfe608e3c8b3d4a5bb8146f8b8c03be027f147557b78682,32.327,65.006,194.795,376.916,25,52,0.3295,0.1306,60.0,32.337,92.337,152.337,160.0,100.0,4.895,0.0,1.0,0.216,0.263,0.153,2581.156762,1.483769,0.0,199,1410177,1410177,1.0,1796,1796,1.0,120000,0,1,S10|M1_BALANCED|27|B|L1|F2,true,false,false,/home/cyfer/FYP/WSN_simulation_V3/runs/S10_5000/outputs_production_50seed_part26_30/run_campaign_v3_S10_M1_BALANCED_B_L1_F2_H4_seed027_27_20260603_093600
campaign_v3_S10_M1_BALANCED_B_L1_F2_H4_seed028,campaign_v3_S10_M1_BALANCED_B_L1_F2_H4_seed028_28_20260603_093717,S10,5000,200,6,M1_BALANCED,28,B,L1,F2,H4,V3,map_S10_M1_BALANCED_seed028,a281ca2e6535f180a03710328a33507ea02f075b6577482c86e139e9f971b3e3,32.285,64.432,195.252,405.877,25,42,0.286,0.1154,60.0,33.655,93.655,153.655,160.0,100.0,6.394,0.0,1.0,0.561,0.54,0.03,2575.464887,1.484907,0.0,199,1409038,1409038,1.0,1796,1796,1.0,120000,0,1,S10|M1_BALANCED|28|B|L1|F2,true,false,false,/home/cyfer/FYP/WSN_simulation_V3/runs/S10_5000/outputs_production_50seed_part26_30/run_campaign_v3_S10_M1_BALANCED_B_L1_F2_H4_seed028_28_20260603_093717
campaign_v3_S10_M1_BALANCED_B_L1_F2_H4_seed029,campaign_v3_S10_M1_BALANCED_B_L1_F2_H4_seed029_29_20260603_093835,S10,5000,200,6,M1_BALANCED,29,B,L1,F2,H4,V3,map_S10_M1_BALANCED_seed029,77162a84d0af255ab0116542bfec2702779cdd7ddfe2c0630f703c06ca2f7295,31.953,62.332,196.613,405.422,25,43,0.2999,0.142,60.0,33.298,93.298,153.298,160.0,100.0,5.575,0.0,1.0,0.357,0.348,0.154,2566.957813,1.486608,0.0,200,1409790,1409790,1.0,1796,1796,1.0,120000,0,1,S10|M1_BALANCED|29|B|L1|F2,true,false,false,/home/cyfer/FYP/WSN_simulation_V3/runs/S10_5000/outputs_production_50seed_part26_30/run_campaign_v3_S10_M1_BALANCED_B_L1_F2_H4_seed029_29_20260603_093835
campaign_v3_S10_M1_BALANCED_B_L1_F2_H4_seed030,campaign_v3_S10_M1_BALANCED_B_L1_F2_H4_seed030_30_20260603_093954,S10,5000,200,6,M1_BALANCED,30,B,L1,F2,H4,V3,map_S10_M1_BALANCED_seed030,fb88fb1bbb8bf8d4c2b8477ab3db1a16009c5dc664fea854cade7d5ec069a94f,32.249,63.37,198.266,408.227,25,49,0.3357,0.128,60.0,32.33,92.33,152.33,160.0,100.0,5.163,0.0,1.0,0.25,0.28,0.191,2577.296995,1.484541,0.0,200,1410084,1410084,1.0,1796,1796,1.0,120000,0,1,S10|M1_BALANCED|30|B|L1|F2,true,false,false,/home/cyfer/FYP/WSN_simulation_V3/runs/S10_5000/outputs_production_50seed_part26_30/run_campaign_v3_S10_M1_BALANCED_B_L1_F2_H4_seed030_30_20260603_093954
campaign_v3_S10_M1_BALANCED_B_L1_F3_H0_seed026,campaign_v3_S10_M1_BALANCED_B_L1_F3_H0_seed026_26_20260603_093431,S10,5000,200,6,M1_BALANCED,26,B,L1,F3,H0,V2,map_S10_M1_BALANCED_seed026,2413a574d3c909e9ca76603f34edff0323d89e32629f230f0d6d3d8be49aff05,32.336,64.012,196.97,408.78,25,52,0.3211,0.1238,60.0,-1.0,-1.0,-1.0,-1.0,-1.0,0.0,0.0,0.0,0.0,0.0,0.0,2568.395712,1.486321,0.0,196,1405325,1405325,1.0,1792,1792,1.0,120125,1,0,S10|M1_BALANCED|26|B|L1|F3,false,false,true,/home/cyfer/FYP/WSN_simulation_V3/runs/S10_5000/outputs_production_50seed_part26_30/run_campaign_v3_S10_M1_BALANCED_B_L1_F3_H0_seed026_26_20260603_093431
campaign_v3_S10_M1_BALANCED_B_L1_F3_H0_seed027,campaign_v3_S10_M1_BALANCED_B_L1_F3_H0_seed027_27_20260603_093549,S10,5000,200,6,M1_BALANCED,27,B,L1,F3,H0,V2,map_S10_M1_BALANCED_seed027,ba96431f4660c0d6ebfe608e3c8b3d4a5bb8146f8b8c03be027f147557b78682,32.327,65.006,194.795,376.916,25,52,0.3295,0.1306,60.0,-1.0,-1.0,-1.0,-1.0,-1.0,0.0,0.0,0.0,0.0,0.0,0.0,2569.918643,1.486016,0.0,199,1403445,1403445,1.0,1792,1792,1.0,120165,1,0,S10|M1_BALANCED|27|B|L1|F3,false,false,true,/home/cyfer/FYP/WSN_simulation_V3/runs/S10_5000/outputs_production_50seed_part26_30/run_campaign_v3_S10_M1_BALANCED_B_L1_F3_H0_seed027_27_20260603_093549
campaign_v3_S10_M1_BALANCED_B_L1_F3_H0_seed028,campaign_v3_S10_M1_BALANCED_B_L1_F3_H0_seed028_28_20260603_093706,S10,5000,200,6,M1_BALANCED,28,B,L1,F3,H0,V2,map_S10_M1_BALANCED_seed028,a281ca2e6535f180a03710328a33507ea02f075b6577482c86e139e9f971b3e3,32.285,64.432,195.252,405.877,25,42,0.286,0.1154,60.0,-1.0,-1.0,-1.0,-1.0,-1.0,0.0,0.0,0.0,0.0,0.0,0.0,2569.599111,1.48608,0.0,198,1406265,1406265,1.0,1792,1792,1.0,120105,1,0,S10|M1_BALANCED|28|B|L1|F3,false,false,true,/home/cyfer/FYP/WSN_simulation_V3/runs/S10_5000/outputs_production_50seed_part26_30/run_campaign_v3_S10_M1_BALANCED_B_L1_F3_H0_seed028_28_20260603_093706
campaign_v3_S10_M1_BALANCED_B_L1_F3_H0_seed029,campaign_v3_S10_M1_BALANCED_B_L1_F3_H0_seed029_29_20260603_093824,S10,5000,200,6,M1_BALANCED,29,B,L1,F3,H0,V2,map_S10_M1_BALANCED_seed029,77162a84d0af255ab0116542bfec2702779cdd7ddfe2c0630f703c06ca2f7295,31.953,62.332,196.613,405.422,25,43,0.2999,0.142,60.0,-1.0,-1.0,-1.0,-1.0,-1.0,0.0,0.0,0.0,0.0,0.0,0.0,2561.833305,1.487633,0.0,199,1407910,1407910,1.0,1792,1792,1.0,120070,1,0,S10|M1_BALANCED|29|B|L1|F3,false,false,true,/home/cyfer/FYP/WSN_simulation_V3/runs/S10_5000/outputs_production_50seed_part26_30/run_campaign_v3_S10_M1_BALANCED_B_L1_F3_H0_seed029_29_20260603_093824
campaign_v3_S10_M1_BALANCED_B_L1_F3_H0_seed030,campaign_v3_S10_M1_BALANCED_B_L1_F3_H0_seed030_30_20260603_093943,S10,5000,200,6,M1_BALANCED,30,B,L1,F3,H0,V2,map_S10_M1_BALANCED_seed030,fb88fb1bbb8bf8d4c2b8477ab3db1a16009c5dc664fea854cade7d5ec069a94f,32.249,63.37,198.266,408.227,25,49,0.3357,0.128,60.0,-1.0,-1.0,-1.0,-1.0,-1.0,0.0,0.0,0.0,0.0,0.0,0.0,2564.998216,1.487,0.0,200,1403210,1403210,1.0,1792,1792,1.0,120170,1,0,S10|M1_BALANCED|30|B|L1|F3,false,false,true,/home/cyfer/FYP/WSN_simulation_V3/runs/S10_5000/outputs_production_50seed_part26_30/run_campaign_v3_S10_M1_BALANCED_B_L1_F3_H0_seed030_30_20260603_093943
campaign_v3_S10_M1_BALANCED_B_L1_F3_H1_seed026,campaign_v3_S10_M1_BALANCED_B_L1_F3_H1_seed026_26_20260603_093442,S10,5000,200,6,M1_BALANCED,26,B,L1,F3,H1,V3,map_S10_M1_BALANCED_seed026,2413a574d3c909e9ca76603f34edff0323d89e32629f230f0d6d3d8be49aff05,32.336,64.012,196.97,408.78,25,52,0.3211,0.1238,60.0,28.091,88.091,148.091,150.0,90.0,6.872,0.0,1.0,0.49,0.618,0.182,2568.647502,1.48627,0.0,196,1405345,1405345,1.0,1797,1797,1.0,119379,0,1,S10|M1_BALANCED|26|B|L1|F3,true,false,false,/home/cyfer/FYP/WSN_simulation_V3/runs/S10_5000/outputs_production_50seed_part26_30/run_campaign_v3_S10_M1_BALANCED_B_L1_F3_H1_seed026_26_20260603_093442
campaign_v3_S10_M1_BALANCED_B_L1_F3_H1_seed027,campaign_v3_S10_M1_BALANCED_B_L1_F3_H1_seed027_27_20260603_093601,S10,5000,200,6,M1_BALANCED,27,B,L1,F3,H1,V3,map_S10_M1_BALANCED_seed027,ba96431f4660c0d6ebfe608e3c8b3d4a5bb8146f8b8c03be027f147557b78682,32.327,65.006,194.795,376.916,25,52,0.3295,0.1306,60.0,28.704,88.704,148.704,150.0,90.0,7.661,0.0,1.0,0.647,0.794,0.113,2570.200437,1.48596,0.0,199,1403465,1403465,1.0,1797,1797,1.0,119179,0,1,S10|M1_BALANCED|27|B|L1|F3,true,false,false,/home/cyfer/FYP/WSN_simulation_V3/runs/S10_5000/outputs_production_50seed_part26_30/run_campaign_v3_S10_M1_BALANCED_B_L1_F3_H1_seed027_27_20260603_093601
campaign_v3_S10_M1_BALANCED_B_L1_F3_H1_seed028,campaign_v3_S10_M1_BALANCED_B_L1_F3_H1_seed028_28_20260603_093717,S10,5000,200,6,M1_BALANCED,28,B,L1,F3,H1,V3,map_S10_M1_BALANCED_seed028,a281ca2e6535f180a03710328a33507ea02f075b6577482c86e139e9f971b3e3,32.285,64.432,195.252,405.877,25,42,0.286,0.1154,60.0,28.067,88.067,148.067,150.0,90.0,6.511,0.0,1.0,0.512,0.488,0.17,2569.827853,1.486034,0.0,198,1406285,1406285,1.0,1797,1797,1.0,119479,0,1,S10|M1_BALANCED|28|B|L1|F3,true,false,false,/home/cyfer/FYP/WSN_simulation_V3/runs/S10_5000/outputs_production_50seed_part26_30/run_campaign_v3_S10_M1_BALANCED_B_L1_F3_H1_seed028_28_20260603_093717
campaign_v3_S10_M1_BALANCED_B_L1_F3_H1_seed029,campaign_v3_S10_M1_BALANCED_B_L1_F3_H1_seed029_29_20260603_093836,S10,5000,200,6,M1_BALANCED,29,B,L1,F3,H1,V3,map_S10_M1_BALANCED_seed029,77162a84d0af255ab0116542bfec2702779cdd7ddfe2c0630f703c06ca2f7295,31.953,62.332,196.613,405.422,25,43,0.2999,0.142,60.0,26.783,86.783,146.783,150.0,90.0,5.607,0.0,1.0,0.333,0.34,0.196,2562.009987,1.487598,0.0,199,1407930,1407930,1.0,1797,1797,1.0,119654,0,1,S10|M1_BALANCED|29|B|L1|F3,true,false,false,/home/cyfer/FYP/WSN_simulation_V3/runs/S10_5000/outputs_production_50seed_part26_30/run_campaign_v3_S10_M1_BALANCED_B_L1_F3_H1_seed029_29_20260603_093836
campaign_v3_S10_M1_BALANCED_B_L1_F3_H1_seed030,campaign_v3_S10_M1_BALANCED_B_L1_F3_H1_seed030_30_20260603_093954,S10,5000,200,6,M1_BALANCED,30,B,L1,F3,H1,V3,map_S10_M1_BALANCED_seed030,fb88fb1bbb8bf8d4c2b8477ab3db1a16009c5dc664fea854cade7d5ec069a94f,32.249,63.37,198.266,408.227,25,49,0.3357,0.128,60.0,29.06,89.06,149.06,150.0,90.0,7.741,0.0,1.0,0.708,0.83,0.042,2565.278219,1.486944,0.0,200,1403230,1403230,1.0,1797,1797,1.0,119154,0,1,S10|M1_BALANCED|30|B|L1|F3,true,false,false,/home/cyfer/FYP/WSN_simulation_V3/runs/S10_5000/outputs_production_50seed_part26_30/run_campaign_v3_S10_M1_BALANCED_B_L1_F3_H1_seed030_30_20260603_093954
campaign_v3_S10_M1_BALANCED_B_L1_F3_H3_seed026,campaign_v3_S10_M1_BALANCED_B_L1_F3_H3_seed026_26_20260603_093443,S10,5000,200,6,M1_BALANCED,26,B,L1,F3,H3,V3,map_S10_M1_BALANCED_seed026,2413a574d3c909e9ca76603f34edff0323d89e32629f230f0d6d3d8be49aff05,32.336,64.012,196.97,408.78,25,52,0.3211,0.1238,60.0,33.954,93.954,153.954,160.0,100.0,6.872,0.0,1.0,0.49,0.618,0.182,2568.628643,1.486274,0.0,196,1405341,1405341,1.0,1796,1796,1.0,119379,0,1,S10|M1_BALANCED|26|B|L1|F3,true,false,false,/home/cyfer/FYP/WSN_simulation_V3/runs/S10_5000/outputs_production_50seed_part26_30/run_campaign_v3_S10_M1_BALANCED_B_L1_F3_H3_seed026_26_20260603_093443
campaign_v3_S10_M1_BALANCED_B_L1_F3_H3_seed027,campaign_v3_S10_M1_BALANCED_B_L1_F3_H3_seed027_27_20260603_093601,S10,5000,200,6,M1_BALANCED,27,B,L1,F3,H3,V3,map_S10_M1_BALANCED_seed027,ba96431f4660c0d6ebfe608e3c8b3d4a5bb8146f8b8c03be027f147557b78682,32.327,65.006,194.795,376.916,25,52,0.3295,0.1306,60.0,35.512,95.512,155.512,160.0,100.0,7.661,0.0,1.0,0.647,0.794,0.113,2570.179842,1.485964,0.0,199,1403461,1403461,1.0,1796,1796,1.0,119179,0,1,S10|M1_BALANCED|27|B|L1|F3,true,false,false,/home/cyfer/FYP/WSN_simulation_V3/runs/S10_5000/outputs_production_50seed_part26_30/run_campaign_v3_S10_M1_BALANCED_B_L1_F3_H3_seed027_27_20260603_093601
campaign_v3_S10_M1_BALANCED_B_L1_F3_H3_seed028,campaign_v3_S10_M1_BALANCED_B_L1_F3_H3_seed028_28_20260603_093718,S10,5000,200,6,M1_BALANCED,28,B,L1,F3,H3,V3,map_S10_M1_BALANCED_seed028,a281ca2e6535f180a03710328a33507ea02f075b6577482c86e139e9f971b3e3,32.285,64.432,195.252,405.877,25,42,0.286,0.1154,60.0,33.739,93.739,153.739,160.0,100.0,6.511,0.0,1.0,0.512,0.488,0.17,2569.804333,1.486039,0.0,198,1406281,1406281,1.0,1796,1796,1.0,119479,0,1,S10|M1_BALANCED|28|B|L1|F3,true,false,false,/home/cyfer/FYP/WSN_simulation_V3/runs/S10_5000/outputs_production_50seed_part26_30/run_campaign_v3_S10_M1_BALANCED_B_L1_F3_H3_seed028_28_20260603_093718
campaign_v3_S10_M1_BALANCED_B_L1_F3_H3_seed029,campaign_v3_S10_M1_BALANCED_B_L1_F3_H3_seed029_29_20260603_093836,S10,5000,200,6,M1_BALANCED,29,B,L1,F3,H3,V3,map_S10_M1_BALANCED_seed029,77162a84d0af255ab0116542bfec2702779cdd7ddfe2c0630f703c06ca2f7295,31.953,62.332,196.613,405.422,25,43,0.2999,0.142,60.0,32.899,92.899,152.899,160.0,100.0,5.607,0.0,1.0,0.333,0.34,0.196,2561.99165,1.487602,0.0,199,1407926,1407926,1.0,1796,1796,1.0,119654,0,1,S10|M1_BALANCED|29|B|L1|F3,true,false,false,/home/cyfer/FYP/WSN_simulation_V3/runs/S10_5000/outputs_production_50seed_part26_30/run_campaign_v3_S10_M1_BALANCED_B_L1_F3_H3_seed029_29_20260603_093836
campaign_v3_S10_M1_BALANCED_B_L1_F3_H3_seed030,campaign_v3_S10_M1_BALANCED_B_L1_F3_H3_seed030_30_20260603_093955,S10,5000,200,6,M1_BALANCED,30,B,L1,F3,H3,V3,map_S10_M1_BALANCED_seed030,fb88fb1bbb8bf8d4c2b8477ab3db1a16009c5dc664fea854cade7d5ec069a94f,32.249,63.37,198.266,408.227,25,49,0.3357,0.128,60.0,35.113,95.113,155.113,160.0,100.0,7.741,0.0,1.0,0.708,0.83,0.042,2565.261318,1.486948,0.0,200,1403226,1403226,1.0,1796,1796,1.0,119154,0,1,S10|M1_BALANCED|30|B|L1|F3,true,false,false,/home/cyfer/FYP/WSN_simulation_V3/runs/S10_5000/outputs_production_50seed_part26_30/run_campaign_v3_S10_M1_BALANCED_B_L1_F3_H3_seed030_30_20260603_093955
campaign_v3_S10_M1_BALANCED_B_L1_F3_H4_seed026,campaign_v3_S10_M1_BALANCED_B_L1_F3_H4_seed026_26_20260603_093444,S10,5000,200,6,M1_BALANCED,26,B,L1,F3,H4,V3,map_S10_M1_BALANCED_seed026,2413a574d3c909e9ca76603f34edff0323d89e32629f230f0d6d3d8be49aff05,32.336,64.012,196.97,408.78,25,52,0.3211,0.1238,60.0,37.948,97.948,157.948,160.0,100.0,6.872,0.0,1.0,0.49,0.618,0.182,2568.626984,1.486275,0.0,196,1405341,1405341,1.0,1796,1796,1.0,119379,0,1,S10|M1_BALANCED|26|B|L1|F3,true,false,false,/home/cyfer/FYP/WSN_simulation_V3/runs/S10_5000/outputs_production_50seed_part26_30/run_campaign_v3_S10_M1_BALANCED_B_L1_F3_H4_seed026_26_20260603_093444
campaign_v3_S10_M1_BALANCED_B_L1_F3_H4_seed027,campaign_v3_S10_M1_BALANCED_B_L1_F3_H4_seed027_27_20260603_093602,S10,5000,200,6,M1_BALANCED,27,B,L1,F3,H4,V3,map_S10_M1_BALANCED_seed027,ba96431f4660c0d6ebfe608e3c8b3d4a5bb8146f8b8c03be027f147557b78682,32.327,65.006,194.795,376.916,25,52,0.3295,0.1306,60.0,38.939,98.939,158.939,160.0,100.0,7.661,0.0,1.0,0.647,0.794,0.113,2570.183518,1.485963,0.0,199,1403461,1403461,1.0,1796,1796,1.0,119179,0,1,S10|M1_BALANCED|27|B|L1|F3,true,false,false,/home/cyfer/FYP/WSN_simulation_V3/runs/S10_5000/outputs_production_50seed_part26_30/run_campaign_v3_S10_M1_BALANCED_B_L1_F3_H4_seed027_27_20260603_093602
campaign_v3_S10_M1_BALANCED_B_L1_F3_H4_seed028,campaign_v3_S10_M1_BALANCED_B_L1_F3_H4_seed028_28_20260603_093719,S10,5000,200,6,M1_BALANCED,28,B,L1,F3,H4,V3,map_S10_M1_BALANCED_seed028,a281ca2e6535f180a03710328a33507ea02f075b6577482c86e139e9f971b3e3,32.285,64.432,195.252,405.877,25,42,0.286,0.1154,60.0,38.448,98.448,158.448,160.0,100.0,6.511,0.0,1.0,0.512,0.488,0.17,2569.807144,1.486039,0.0,198,1406281,1406281,1.0,1796,1796,1.0,119479,0,1,S10|M1_BALANCED|28|B|L1|F3,true,false,false,/home/cyfer/FYP/WSN_simulation_V3/runs/S10_5000/outputs_production_50seed_part26_30/run_campaign_v3_S10_M1_BALANCED_B_L1_F3_H4_seed028_28_20260603_093719
campaign_v3_S10_M1_BALANCED_B_L1_F3_H4_seed029,campaign_v3_S10_M1_BALANCED_B_L1_F3_H4_seed029_29_20260603_093837,S10,5000,200,6,M1_BALANCED,29,B,L1,F3,H4,V3,map_S10_M1_BALANCED_seed029,77162a84d0af255ab0116542bfec2702779cdd7ddfe2c0630f703c06ca2f7295,31.953,62.332,196.613,405.422,25,43,0.2999,0.142,60.0,37.225,97.225,157.225,160.0,100.0,5.607,0.0,1.0,0.333,0.34,0.196,2561.99129,1.487602,0.0,199,1407926,1407926,1.0,1796,1796,1.0,119654,0,1,S10|M1_BALANCED|29|B|L1|F3,true,false,false,/home/cyfer/FYP/WSN_simulation_V3/runs/S10_5000/outputs_production_50seed_part26_30/run_campaign_v3_S10_M1_BALANCED_B_L1_F3_H4_seed029_29_20260603_093837
campaign_v3_S10_M1_BALANCED_B_L1_F3_H4_seed030,campaign_v3_S10_M1_BALANCED_B_L1_F3_H4_seed030_30_20260603_093956,S10,5000,200,6,M1_BALANCED,30,B,L1,F3,H4,V3,map_S10_M1_BALANCED_seed030,fb88fb1bbb8bf8d4c2b8477ab3db1a16009c5dc664fea854cade7d5ec069a94f,32.249,63.37,198.266,408.227,25,49,0.3357,0.128,60.0,39.265,99.265,159.265,160.0,100.0,7.741,0.0,1.0,0.708,0.83,0.042,2565.262859,1.486947,0.0,200,1403226,1403226,1.0,1796,1796,1.0,119154,0,1,S10|M1_BALANCED|30|B|L1|F3,true,false,false,/home/cyfer/FYP/WSN_simulation_V3/runs/S10_5000/outputs_production_50seed_part26_30/run_campaign_v3_S10_M1_BALANCED_B_L1_F3_H4_seed030_30_20260603_093956
campaign_v3_S10_M1_BALANCED_B_L1_F4_H0_seed026,campaign_v3_S10_M1_BALANCED_B_L1_F4_H0_seed026_26_20260603_093431,S10,5000,200,6,M1_BALANCED,26,B,L1,F4,H0,V2,map_S10_M1_BALANCED_seed026,2413a574d3c909e9ca76603f34edff0323d89e32629f230f0d6d3d8be49aff05,32.336,64.012,196.97,408.78,25,52,0.3211,0.1238,60.0,-1.0,-1.0,-1.0,-1.0,-1.0,0.0,0.0,0.0,0.0,0.0,0.0,2564.142965,1.487171,0.0,197,1401800,1401800,1.0,1792,1792,1.0,120200,1,0,S10|M1_BALANCED|26|B|L1|F4,false,false,true,/home/cyfer/FYP/WSN_simulation_V3/runs/S10_5000/outputs_production_50seed_part26_30/run_campaign_v3_S10_M1_BALANCED_B_L1_F4_H0_seed026_26_20260603_093431
campaign_v3_S10_M1_BALANCED_B_L1_F4_H0_seed027,campaign_v3_S10_M1_BALANCED_B_L1_F4_H0_seed027_27_20260603_093550,S10,5000,200,6,M1_BALANCED,27,B,L1,F4,H0,V2,map_S10_M1_BALANCED_seed027,ba96431f4660c0d6ebfe608e3c8b3d4a5bb8146f8b8c03be027f147557b78682,32.327,65.006,194.795,376.916,25,52,0.3295,0.1306,60.0,-1.0,-1.0,-1.0,-1.0,-1.0,0.0,0.0,0.0,0.0,0.0,0.0,2573.852308,1.48523,0.0,199,1405560,1405560,1.0,1792,1792,1.0,120120,1,0,S10|M1_BALANCED|27|B|L1|F4,false,false,true,/home/cyfer/FYP/WSN_simulation_V3/runs/S10_5000/outputs_production_50seed_part26_30/run_campaign_v3_S10_M1_BALANCED_B_L1_F4_H0_seed027_27_20260603_093550
campaign_v3_S10_M1_BALANCED_B_L1_F4_H0_seed028,campaign_v3_S10_M1_BALANCED_B_L1_F4_H0_seed028_28_20260603_093707,S10,5000,200,6,M1_BALANCED,28,B,L1,F4,H0,V2,map_S10_M1_BALANCED_seed028,a281ca2e6535f180a03710328a33507ea02f075b6577482c86e139e9f971b3e3,32.285,64.432,195.252,405.877,25,42,0.286,0.1154,60.0,-1.0,-1.0,-1.0,-1.0,-1.0,0.0,0.0,0.0,0.0,0.0,0.0,2571.842369,1.485632,0.0,198,1408145,1408145,1.0,1792,1792,1.0,120065,1,0,S10|M1_BALANCED|28|B|L1|F4,false,false,true,/home/cyfer/FYP/WSN_simulation_V3/runs/S10_5000/outputs_production_50seed_part26_30/run_campaign_v3_S10_M1_BALANCED_B_L1_F4_H0_seed028_28_20260603_093707
campaign_v3_S10_M1_BALANCED_B_L1_F4_H0_seed029,campaign_v3_S10_M1_BALANCED_B_L1_F4_H0_seed029_29_20260603_093825,S10,5000,200,6,M1_BALANCED,29,B,L1,F4,H0,V2,map_S10_M1_BALANCED_seed029,77162a84d0af255ab0116542bfec2702779cdd7ddfe2c0630f703c06ca2f7295,31.953,62.332,196.613,405.422,25,43,0.2999,0.142,60.0,-1.0,-1.0,-1.0,-1.0,-1.0,0.0,0.0,0.0,0.0,0.0,0.0,2561.728965,1.487654,0.0,199,1407675,1407675,1.0,1792,1792,1.0,120075,1,0,S10|M1_BALANCED|29|B|L1|F4,false,false,true,/home/cyfer/FYP/WSN_simulation_V3/runs/S10_5000/outputs_production_50seed_part26_30/run_campaign_v3_S10_M1_BALANCED_B_L1_F4_H0_seed029_29_20260603_093825
campaign_v3_S10_M1_BALANCED_B_L1_F4_H0_seed030,campaign_v3_S10_M1_BALANCED_B_L1_F4_H0_seed030_30_20260603_093943,S10,5000,200,6,M1_BALANCED,30,B,L1,F4,H0,V2,map_S10_M1_BALANCED_seed030,fb88fb1bbb8bf8d4c2b8477ab3db1a16009c5dc664fea854cade7d5ec069a94f,32.249,63.37,198.266,408.227,25,49,0.3357,0.128,60.0,-1.0,-1.0,-1.0,-1.0,-1.0,0.0,0.0,0.0,0.0,0.0,0.0,2568.303336,1.486339,0.0,199,1405090,1405090,1.0,1792,1792,1.0,120130,1,0,S10|M1_BALANCED|30|B|L1|F4,false,false,true,/home/cyfer/FYP/WSN_simulation_V3/runs/S10_5000/outputs_production_50seed_part26_30/run_campaign_v3_S10_M1_BALANCED_B_L1_F4_H0_seed030_30_20260603_093943
campaign_v3_S10_M1_BALANCED_B_L1_F4_H1_seed026,campaign_v3_S10_M1_BALANCED_B_L1_F4_H1_seed026_26_20260603_093444,S10,5000,200,6,M1_BALANCED,26,B,L1,F4,H1,V3,map_S10_M1_BALANCED_seed026,2413a574d3c909e9ca76603f34edff0323d89e32629f230f0d6d3d8be49aff05,32.336,64.012,196.97,408.78,25,52,0.3211,0.1238,60.0,35.763,95.763,155.763,160.0,100.0,8.69,0.0,1.0,0.784,0.957,0.155,2566.891584,1.486622,0.0,197,1402776,1402776,1.0,1796,1796,1.0,119004,0,1,S10|M1_BALANCED|26|B|L1|F4,true,false,false,/home/cyfer/FYP/WSN_simulation_V3/runs/S10_5000/outputs_production_50seed_part26_30/run_campaign_v3_S10_M1_BALANCED_B_L1_F4_H1_seed026_26_20260603_093444
campaign_v3_S10_M1_BALANCED_B_L1_F4_H1_seed027,campaign_v3_S10_M1_BALANCED_B_L1_F4_H1_seed027_27_20260603_093603,S10,5000,200,6,M1_BALANCED,27,B,L1,F4,H1,V3,map_S10_M1_BALANCED_seed027,ba96431f4660c0d6ebfe608e3c8b3d4a5bb8146f8b8c03be027f147557b78682,32.327,65.006,194.795,376.916,25,52,0.3295,0.1306,60.0,33.876,93.876,153.876,160.0,100.0,6.55,0.0,1.0,0.471,0.553,0.159,2575.536821,1.484893,0.0,199,1406200,1406200,1.0,1796,1796,1.0,119404,0,1,S10|M1_BALANCED|27|B|L1|F4,true,false,false,/home/cyfer/FYP/WSN_simulation_V3/runs/S10_5000/outputs_production_50seed_part26_30/run_campaign_v3_S10_M1_BALANCED_B_L1_F4_H1_seed027_27_20260603_093603
campaign_v3_S10_M1_BALANCED_B_L1_F4_H1_seed028,campaign_v3_S10_M1_BALANCED_B_L1_F4_H1_seed028_28_20260603_093719,S10,5000,200,6,M1_BALANCED,28,B,L1,F4,H1,V3,map_S10_M1_BALANCED_seed028,a281ca2e6535f180a03710328a33507ea02f075b6577482c86e139e9f971b3e3,32.285,64.432,195.252,405.877,25,42,0.286,0.1154,60.0,32.771,92.771,152.771,160.0,100.0,5.269,0.0,1.0,0.317,0.308,0.131,2572.850143,1.48543,0.0,198,1408512,1408512,1.0,1796,1796,1.0,119679,0,1,S10|M1_BALANCED|28|B|L1|F4,true,false,false,/home/cyfer/FYP/WSN_simulation_V3/runs/S10_5000/outputs_production_50seed_part26_30/run_campaign_v3_S10_M1_BALANCED_B_L1_F4_H1_seed028_28_20260603_093719
campaign_v3_S10_M1_BALANCED_B_L1_F4_H1_seed029,campaign_v3_S10_M1_BALANCED_B_L1_F4_H1_seed029_29_20260603_093838,S10,5000,200,6,M1_BALANCED,29,B,L1,F4,H1,V3,map_S10_M1_BALANCED_seed029,77162a84d0af255ab0116542bfec2702779cdd7ddfe2c0630f703c06ca2f7295,31.953,62.332,196.613,405.422,25,43,0.2999,0.142,60.0,32.545,92.545,152.545,160.0,100.0,5.514,0.0,1.0,0.357,0.355,0.126,2562.842563,1.487431,0.0,199,1408096,1408096,1.0,1796,1796,1.0,119629,0,1,S10|M1_BALANCED|29|B|L1|F4,true,false,false,/home/cyfer/FYP/WSN_simulation_V3/runs/S10_5000/outputs_production_50seed_part26_30/run_campaign_v3_S10_M1_BALANCED_B_L1_F4_H1_seed029_29_20260603_093838
campaign_v3_S10_M1_BALANCED_B_L1_F4_H1_seed030,campaign_v3_S10_M1_BALANCED_B_L1_F4_H1_seed030_30_20260603_093956,S10,5000,200,6,M1_BALANCED,30,B,L1,F4,H1,V3,map_S10_M1_BALANCED_seed030,fb88fb1bbb8bf8d4c2b8477ab3db1a16009c5dc664fea854cade7d5ec069a94f,32.249,63.37,198.266,408.227,25,49,0.3357,0.128,60.0,33.834,93.834,153.834,160.0,100.0,6.705,0.0,1.0,0.542,0.621,0.073,2570.182642,1.485963,0.0,199,1405782,1405782,1.0,1796,1796,1.0,119354,0,1,S10|M1_BALANCED|30|B|L1|F4,true,false,false,/home/cyfer/FYP/WSN_simulation_V3/runs/S10_5000/outputs_production_50seed_part26_30/run_campaign_v3_S10_M1_BALANCED_B_L1_F4_H1_seed030_30_20260603_093956
campaign_v3_S10_M1_BALANCED_B_L1_F4_H3_seed026,campaign_v3_S10_M1_BALANCED_B_L1_F4_H3_seed026_26_20260603_093445,S10,5000,200,6,M1_BALANCED,26,B,L1,F4,H3,V3,map_S10_M1_BALANCED_seed026,2413a574d3c909e9ca76603f34edff0323d89e32629f230f0d6d3d8be49aff05,32.336,64.012,196.97,408.78,25,52,0.3211,0.1238,60.0,41.938,101.938,161.938,170.0,110.0,8.69,0.0,1.0,0.784,0.957,0.155,2565.361079,1.486928,0.0,197,1402176,1402176,1.0,1796,1796,1.0,119004,0,1,S10|M1_BALANCED|26|B|L1|F4,true,false,false,/home/cyfer/FYP/WSN_simulation_V3/runs/S10_5000/outputs_production_50seed_part26_30/run_campaign_v3_S10_M1_BALANCED_B_L1_F4_H3_seed026_26_20260603_093445
campaign_v3_S10_M1_BALANCED_B_L1_F4_H3_seed027,campaign_v3_S10_M1_BALANCED_B_L1_F4_H3_seed027_27_20260603_093603,S10,5000,200,6,M1_BALANCED,27,B,L1,F4,H3,V3,map_S10_M1_BALANCED_seed027,ba96431f4660c0d6ebfe608e3c8b3d4a5bb8146f8b8c03be027f147557b78682,32.327,65.006,194.795,376.916,25,52,0.3295,0.1306,60.0,39.714,99.714,159.714,160.0,100.0,6.55,0.0,1.0,0.471,0.553,0.159,2574.647497,1.485071,0.0,199,1405816,1405816,1.0,1796,1796,1.0,119404,0,1,S10|M1_BALANCED|27|B|L1|F4,true,false,false,/home/cyfer/FYP/WSN_simulation_V3/runs/S10_5000/outputs_production_50seed_part26_30/run_campaign_v3_S10_M1_BALANCED_B_L1_F4_H3_seed027_27_20260603_093603
campaign_v3_S10_M1_BALANCED_B_L1_F4_H3_seed028,campaign_v3_S10_M1_BALANCED_B_L1_F4_H3_seed028_28_20260603_093720,S10,5000,200,6,M1_BALANCED,28,B,L1,F4,H3,V3,map_S10_M1_BALANCED_seed028,a281ca2e6535f180a03710328a33507ea02f075b6577482c86e139e9f971b3e3,32.285,64.432,195.252,405.877,25,42,0.286,0.1154,60.0,38.38,98.38,158.38,160.0,100.0,5.269,0.0,1.0,0.317,0.308,0.131,2572.363704,1.485527,0.0,198,1408308,1408308,1.0,1796,1796,1.0,119679,0,1,S10|M1_BALANCED|28|B|L1|F4,true,false,false,/home/cyfer/FYP/WSN_simulation_V3/runs/S10_5000/outputs_production_50seed_part26_30/run_campaign_v3_S10_M1_BALANCED_B_L1_F4_H3_seed028_28_20260603_093720
campaign_v3_S10_M1_BALANCED_B_L1_F4_H3_seed029,campaign_v3_S10_M1_BALANCED_B_L1_F4_H3_seed029_29_20260603_093838,S10,5000,200,6,M1_BALANCED,29,B,L1,F4,H3,V3,map_S10_M1_BALANCED_seed029,77162a84d0af255ab0116542bfec2702779cdd7ddfe2c0630f703c06ca2f7295,31.953,62.332,196.613,405.422,25,43,0.2999,0.142,60.0,38.949,98.949,158.949,160.0,100.0,5.514,0.0,1.0,0.357,0.355,0.126,2562.288892,1.487542,0.0,199,1407859,1407859,1.0,1796,1796,1.0,119629,0,1,S10|M1_BALANCED|29|B|L1|F4,true,false,false,/home/cyfer/FYP/WSN_simulation_V3/runs/S10_5000/outputs_production_50seed_part26_30/run_campaign_v3_S10_M1_BALANCED_B_L1_F4_H3_seed029_29_20260603_093838
campaign_v3_S10_M1_BALANCED_B_L1_F4_H3_seed030,campaign_v3_S10_M1_BALANCED_B_L1_F4_H3_seed030_30_20260603_093957,S10,5000,200,6,M1_BALANCED,30,B,L1,F4,H3,V3,map_S10_M1_BALANCED_seed030,fb88fb1bbb8bf8d4c2b8477ab3db1a16009c5dc664fea854cade7d5ec069a94f,32.249,63.37,198.266,408.227,25,49,0.3357,0.128,60.0,39.907,99.907,159.907,160.0,100.0,6.705,0.0,1.0,0.542,0.621,0.073,2569.138818,1.486172,0.0,199,1405366,1405366,1.0,1796,1796,1.0,119354,0,1,S10|M1_BALANCED|30|B|L1|F4,true,false,false,/home/cyfer/FYP/WSN_simulation_V3/runs/S10_5000/outputs_production_50seed_part26_30/run_campaign_v3_S10_M1_BALANCED_B_L1_F4_H3_seed030_30_20260603_093957
campaign_v3_S10_M1_BALANCED_B_L1_F4_H4_seed026,campaign_v3_S10_M1_BALANCED_B_L1_F4_H4_seed026_26_20260603_093446,S10,5000,200,6,M1_BALANCED,26,B,L1,F4,H4,V3,map_S10_M1_BALANCED_seed026,2413a574d3c909e9ca76603f34edff0323d89e32629f230f0d6d3d8be49aff05,32.336,64.012,196.97,408.78,25,52,0.3211,0.1238,60.0,46.283,106.283,166.283,170.0,110.0,8.69,0.0,1.0,0.784,0.957,0.155,2561.702485,1.48766,0.0,197,1399792,1399792,1.0,1796,1796,1.0,118508,0,1,S10|M1_BALANCED|26|B|L1|F4,true,false,false,/home/cyfer/FYP/WSN_simulation_V3/runs/S10_5000/outputs_production_50seed_part26_30/run_campaign_v3_S10_M1_BALANCED_B_L1_F4_H4_seed026_26_20260603_093446
campaign_v3_S10_M1_BALANCED_B_L1_F4_H4_seed027,campaign_v3_S10_M1_BALANCED_B_L1_F4_H4_seed027_27_20260603_093604,S10,5000,200,6,M1_BALANCED,27,B,L1,F4,H4,V3,map_S10_M1_BALANCED_seed027,ba96431f4660c0d6ebfe608e3c8b3d4a5bb8146f8b8c03be027f147557b78682,32.327,65.006,194.795,376.916,25,52,0.3295,0.1306,60.0,43.956,103.956,163.956,170.0,110.0,6.55,0.0,1.0,0.471,0.553,0.159,2572.470206,1.485506,0.0,199,1404535,1404535,1.0,1796,1796,1.0,119133,0,1,S10|M1_BALANCED|27|B|L1|F4,true,false,false,/home/cyfer/FYP/WSN_simulation_V3/runs/S10_5000/outputs_production_50seed_part26_30/run_campaign_v3_S10_M1_BALANCED_B_L1_F4_H4_seed027_27_20260603_093604
campaign_v3_S10_M1_BALANCED_B_L1_F4_H4_seed028,campaign_v3_S10_M1_BALANCED_B_L1_F4_H4_seed028_28_20260603_093721,S10,5000,200,6,M1_BALANCED,28,B,L1,F4,H4,V3,map_S10_M1_BALANCED_seed028,a281ca2e6535f180a03710328a33507ea02f075b6577482c86e139e9f971b3e3,32.285,64.432,195.252,405.877,25,42,0.286,0.1154,60.0,42.75,102.75,162.75,170.0,110.0,5.269,0.0,1.0,0.317,0.308,0.131,2567.840763,1.486432,0.0,198,1405362,1405362,1.0,1796,1796,1.0,119108,0,1,S10|M1_BALANCED|28|B|L1|F4,true,false,false,/home/cyfer/FYP/WSN_simulation_V3/runs/S10_5000/outputs_production_50seed_part26_30/run_campaign_v3_S10_M1_BALANCED_B_L1_F4_H4_seed028_28_20260603_093721
campaign_v3_S10_M1_BALANCED_B_L1_F4_H4_seed029,campaign_v3_S10_M1_BALANCED_B_L1_F4_H4_seed029_29_20260603_093839,S10,5000,200,6,M1_BALANCED,29,B,L1,F4,H4,V3,map_S10_M1_BALANCED_seed029,77162a84d0af255ab0116542bfec2702779cdd7ddfe2c0630f703c06ca2f7295,31.953,62.332,196.613,405.422,25,43,0.2999,0.142,60.0,42.883,102.883,162.883,170.0,110.0,5.514,0.0,1.0,0.357,0.355,0.126,2559.641159,1.488072,0.0,199,1405982,1405982,1.0,1796,1796,1.0,119258,0,1,S10|M1_BALANCED|29|B|L1|F4,true,false,false,/home/cyfer/FYP/WSN_simulation_V3/runs/S10_5000/outputs_production_50seed_part26_30/run_campaign_v3_S10_M1_BALANCED_B_L1_F4_H4_seed029_29_20260603_093839
campaign_v3_S10_M1_BALANCED_B_L1_F4_H4_seed030,campaign_v3_S10_M1_BALANCED_B_L1_F4_H4_seed030_30_20260603_093958,S10,5000,200,6,M1_BALANCED,30,B,L1,F4,H4,V3,map_S10_M1_BALANCED_seed030,fb88fb1bbb8bf8d4c2b8477ab3db1a16009c5dc664fea854cade7d5ec069a94f,32.249,63.37,198.266,408.227,25,49,0.3357,0.128,60.0,44.219,104.219,164.219,170.0,110.0,6.705,0.0,1.0,0.542,0.621,0.073,2567.058914,1.486588,0.0,199,1403952,1403952,1.0,1796,1796,1.0,119058,0,1,S10|M1_BALANCED|30|B|L1|F4,true,false,false,/home/cyfer/FYP/WSN_simulation_V3/runs/S10_5000/outputs_production_50seed_part26_30/run_campaign_v3_S10_M1_BALANCED_B_L1_F4_H4_seed030_30_20260603_093958
campaign_v3_S10_M1_BALANCED_B_L2_F0_H0_seed026,campaign_v3_S10_M1_BALANCED_B_L2_F0_H0_seed026_26_20260603_093446,S10,5000,200,6,M1_BALANCED,26,B,L2,F0,H0,V1,map_S10_M1_BALANCED_seed026,2413a574d3c909e9ca76603f34edff0323d89e32629f230f0d6d3d8be49aff05,32.336,64.012,196.97,408.78,25,52,0.3211,0.1238,0.0,-1.0,-1.0,-1.0,-1.0,-1.0,0.0,0.0,0.0,0.0,0.0,0.0,3889.173799,1.222165,0.0,197,1411200,1411200,1.0,1800,1800,1.0,120000,0,0,S10|M1_BALANCED|26|B|L2|F0,false,true,false,/home/cyfer/FYP/WSN_simulation_V3/runs/S10_5000/outputs_production_50seed_part26_30/run_campaign_v3_S10_M1_BALANCED_B_L2_F0_H0_seed026_26_20260603_093446
campaign_v3_S10_M1_BALANCED_B_L2_F0_H0_seed027,campaign_v3_S10_M1_BALANCED_B_L2_F0_H0_seed027_27_20260603_093604,S10,5000,200,6,M1_BALANCED,27,B,L2,F0,H0,V1,map_S10_M1_BALANCED_seed027,ba96431f4660c0d6ebfe608e3c8b3d4a5bb8146f8b8c03be027f147557b78682,32.327,65.006,194.795,376.916,25,52,0.3295,0.1306,0.0,-1.0,-1.0,-1.0,-1.0,-1.0,0.0,0.0,0.0,0.0,0.0,0.0,3892.966119,1.221407,0.0,200,1411200,1411200,1.0,1800,1800,1.0,120000,0,0,S10|M1_BALANCED|27|B|L2|F0,false,true,false,/home/cyfer/FYP/WSN_simulation_V3/runs/S10_5000/outputs_production_50seed_part26_30/run_campaign_v3_S10_M1_BALANCED_B_L2_F0_H0_seed027_27_20260603_093604
campaign_v3_S10_M1_BALANCED_B_L2_F0_H0_seed028,campaign_v3_S10_M1_BALANCED_B_L2_F0_H0_seed028_28_20260603_093721,S10,5000,200,6,M1_BALANCED,28,B,L2,F0,H0,V1,map_S10_M1_BALANCED_seed028,a281ca2e6535f180a03710328a33507ea02f075b6577482c86e139e9f971b3e3,32.285,64.432,195.252,405.877,25,42,0.286,0.1154,0.0,-1.0,-1.0,-1.0,-1.0,-1.0,0.0,0.0,0.0,0.0,0.0,0.0,3885.426863,1.222915,0.0,199,1411200,1411200,1.0,1800,1800,1.0,120000,0,0,S10|M1_BALANCED|28|B|L2|F0,false,true,false,/home/cyfer/FYP/WSN_simulation_V3/runs/S10_5000/outputs_production_50seed_part26_30/run_campaign_v3_S10_M1_BALANCED_B_L2_F0_H0_seed028_28_20260603_093721
campaign_v3_S10_M1_BALANCED_B_L2_F0_H0_seed029,campaign_v3_S10_M1_BALANCED_B_L2_F0_H0_seed029_29_20260603_093839,S10,5000,200,6,M1_BALANCED,29,B,L2,F0,H0,V1,map_S10_M1_BALANCED_seed029,77162a84d0af255ab0116542bfec2702779cdd7ddfe2c0630f703c06ca2f7295,31.953,62.332,196.613,405.422,25,43,0.2999,0.142,0.0,-1.0,-1.0,-1.0,-1.0,-1.0,0.0,0.0,0.0,0.0,0.0,0.0,3869.602634,1.226079,0.0,200,1411200,1411200,1.0,1800,1800,1.0,120000,0,0,S10|M1_BALANCED|29|B|L2|F0,false,true,false,/home/cyfer/FYP/WSN_simulation_V3/runs/S10_5000/outputs_production_50seed_part26_30/run_campaign_v3_S10_M1_BALANCED_B_L2_F0_H0_seed029_29_20260603_093839
campaign_v3_S10_M1_BALANCED_B_L2_F0_H0_seed030,campaign_v3_S10_M1_BALANCED_B_L2_F0_H0_seed030_30_20260603_093958,S10,5000,200,6,M1_BALANCED,30,B,L2,F0,H0,V1,map_S10_M1_BALANCED_seed030,fb88fb1bbb8bf8d4c2b8477ab3db1a16009c5dc664fea854cade7d5ec069a94f,32.249,63.37,198.266,408.227,25,49,0.3357,0.128,0.0,-1.0,-1.0,-1.0,-1.0,-1.0,0.0,0.0,0.0,0.0,0.0,0.0,3886.631734,1.222674,0.0,200,1411200,1411200,1.0,1800,1800,1.0,120000,0,0,S10|M1_BALANCED|30|B|L2|F0,false,true,false,/home/cyfer/FYP/WSN_simulation_V3/runs/S10_5000/outputs_production_50seed_part26_30/run_campaign_v3_S10_M1_BALANCED_B_L2_F0_H0_seed030_30_20260603_093958
campaign_v3_S10_M1_BALANCED_B_L2_F1_H0_seed026,campaign_v3_S10_M1_BALANCED_B_L2_F1_H0_seed026_26_20260603_093447,S10,5000,200,6,M1_BALANCED,26,B,L2,F1,H0,V2,map_S10_M1_BALANCED_seed026,2413a574d3c909e9ca76603f34edff0323d89e32629f230f0d6d3d8be49aff05,32.336,64.012,196.97,408.78,25,52,0.3211,0.1238,60.0,-1.0,-1.0,-1.0,-1.0,-1.0,0.0,0.0,0.0,0.0,0.0,0.0,3864.941814,1.226994,0.0,197,1401800,1401800,1.0,1792,1792,1.0,120200,1,0,S10|M1_BALANCED|26|B|L2|F1,false,false,true,/home/cyfer/FYP/WSN_simulation_V3/runs/S10_5000/outputs_production_50seed_part26_30/run_campaign_v3_S10_M1_BALANCED_B_L2_F1_H0_seed026_26_20260603_093447
campaign_v3_S10_M1_BALANCED_B_L2_F1_H0_seed027,campaign_v3_S10_M1_BALANCED_B_L2_F1_H0_seed027_27_20260603_093605,S10,5000,200,6,M1_BALANCED,27,B,L2,F1,H0,V2,map_S10_M1_BALANCED_seed027,ba96431f4660c0d6ebfe608e3c8b3d4a5bb8146f8b8c03be027f147557b78682,32.327,65.006,194.795,376.916,25,52,0.3295,0.1306,60.0,-1.0,-1.0,-1.0,-1.0,-1.0,0.0,0.0,0.0,0.0,0.0,0.0,3878.94324,1.224033,0.0,200,1405560,1405560,1.0,1792,1792,1.0,120120,1,0,S10|M1_BALANCED|27|B|L2|F1,false,false,true,/home/cyfer/FYP/WSN_simulation_V3/runs/S10_5000/outputs_production_50seed_part26_30/run_campaign_v3_S10_M1_BALANCED_B_L2_F1_H0_seed027_27_20260603_093605
campaign_v3_S10_M1_BALANCED_B_L2_F1_H0_seed028,campaign_v3_S10_M1_BALANCED_B_L2_F1_H0_seed028_28_20260603_093722,S10,5000,200,6,M1_BALANCED,28,B,L2,F1,H0,V2,map_S10_M1_BALANCED_seed028,a281ca2e6535f180a03710328a33507ea02f075b6577482c86e139e9f971b3e3,32.285,64.432,195.252,405.877,25,42,0.286,0.1154,60.0,-1.0,-1.0,-1.0,-1.0,-1.0,0.0,0.0,0.0,0.0,0.0,0.0,3876.566638,1.22441,0.0,199,1408145,1408145,1.0,1792,1792,1.0,120065,1,0,S10|M1_BALANCED|28|B|L2|F1,false,false,true,/home/cyfer/FYP/WSN_simulation_V3/runs/S10_5000/outputs_production_50seed_part26_30/run_campaign_v3_S10_M1_BALANCED_B_L2_F1_H0_seed028_28_20260603_093722
campaign_v3_S10_M1_BALANCED_B_L2_F1_H0_seed029,campaign_v3_S10_M1_BALANCED_B_L2_F1_H0_seed029_29_20260603_093840,S10,5000,200,6,M1_BALANCED,29,B,L2,F1,H0,V2,map_S10_M1_BALANCED_seed029,77162a84d0af255ab0116542bfec2702779cdd7ddfe2c0630f703c06ca2f7295,31.953,62.332,196.613,405.422,25,43,0.2999,0.142,60.0,-1.0,-1.0,-1.0,-1.0,-1.0,0.0,0.0,0.0,0.0,0.0,0.0,3859.631359,1.227816,0.0,200,1407675,1407675,1.0,1792,1792,1.0,120075,1,0,S10|M1_BALANCED|29|B|L2|F1,false,false,true,/home/cyfer/FYP/WSN_simulation_V3/runs/S10_5000/outputs_production_50seed_part26_30/run_campaign_v3_S10_M1_BALANCED_B_L2_F1_H0_seed029_29_20260603_093840
campaign_v3_S10_M1_BALANCED_B_L2_F1_H0_seed030,campaign_v3_S10_M1_BALANCED_B_L2_F1_H0_seed030_30_20260603_093959,S10,5000,200,6,M1_BALANCED,30,B,L2,F1,H0,V2,map_S10_M1_BALANCED_seed030,fb88fb1bbb8bf8d4c2b8477ab3db1a16009c5dc664fea854cade7d5ec069a94f,32.249,63.37,198.266,408.227,25,49,0.3357,0.128,60.0,-1.0,-1.0,-1.0,-1.0,-1.0,0.0,0.0,0.0,0.0,0.0,0.0,3870.114873,1.225825,0.0,200,1405090,1405090,1.0,1792,1792,1.0,120130,1,0,S10|M1_BALANCED|30|B|L2|F1,false,false,true,/home/cyfer/FYP/WSN_simulation_V3/runs/S10_5000/outputs_production_50seed_part26_30/run_campaign_v3_S10_M1_BALANCED_B_L2_F1_H0_seed030_30_20260603_093959
campaign_v3_S10_M1_BALANCED_B_L2_F1_H1_seed026,campaign_v3_S10_M1_BALANCED_B_L2_F1_H1_seed026_26_20260603_093452,S10,5000,200,6,M1_BALANCED,26,B,L2,F1,H1,V3,map_S10_M1_BALANCED_seed026,2413a574d3c909e9ca76603f34edff0323d89e32629f230f0d6d3d8be49aff05,32.336,64.012,196.97,408.78,25,52,0.3211,0.1238,60.0,18.335,78.335,138.335,140.0,80.0,8.819,0.0,1.0,0.784,1.0,0.155,3882.864882,1.22341,0.0,198,1408040,1408040,1.0,1797,1797,1.0,120000,0,1,S10|M1_BALANCED|26|B|L2|F1,true,false,false,/home/cyfer/FYP/WSN_simulation_V3/runs/S10_5000/outputs_production_50seed_part26_30/run_campaign_v3_S10_M1_BALANCED_B_L2_F1_H1_seed026_26_20260603_093452
campaign_v3_S10_M1_BALANCED_B_L2_F1_H1_seed027,campaign_v3_S10_M1_BALANCED_B_L2_F1_H1_seed027_27_20260603_093610,S10,5000,200,6,M1_BALANCED,27,B,L2,F1,H1,V3,map_S10_M1_BALANCED_seed027,ba96431f4660c0d6ebfe608e3c8b3d4a5bb8146f8b8c03be027f147557b78682,32.327,65.006,194.795,376.916,25,52,0.3295,0.1306,60.0,17.595,77.595,137.595,140.0,80.0,7.89,0.0,1.0,0.471,1.0,0.159,3889.49621,1.221922,0.0,201,1409328,1409328,1.0,1797,1797,1.0,120000,0,1,S10|M1_BALANCED|27|B|L2|F1,true,false,false,/home/cyfer/FYP/WSN_simulation_V3/runs/S10_5000/outputs_production_50seed_part26_30/run_campaign_v3_S10_M1_BALANCED_B_L2_F1_H1_seed027_27_20260603_093610
campaign_v3_S10_M1_BALANCED_B_L2_F1_H1_seed028,campaign_v3_S10_M1_BALANCED_B_L2_F1_H1_seed028_28_20260603_093726,S10,5000,200,6,M1_BALANCED,28,B,L2,F1,H1,V3,map_S10_M1_BALANCED_seed028,a281ca2e6535f180a03710328a33507ea02f075b6577482c86e139e9f971b3e3,32.285,64.432,195.252,405.877,25,42,0.286,0.1154,60.0,17.204,77.204,137.204,140.0,80.0,7.345,0.0,1.0,0.317,1.0,0.131,3883.380693,1.223047,0.0,200,1410186,1410186,1.0,1797,1797,1.0,120000,0,1,S10|M1_BALANCED|28|B|L2|F1,true,false,false,/home/cyfer/FYP/WSN_simulation_V3/runs/S10_5000/outputs_production_50seed_part26_30/run_campaign_v3_S10_M1_BALANCED_B_L2_F1_H1_seed028_28_20260603_093726
campaign_v3_S10_M1_BALANCED_B_L2_F1_H1_seed029,campaign_v3_S10_M1_BALANCED_B_L2_F1_H1_seed029_29_20260603_093845,S10,5000,200,6,M1_BALANCED,29,B,L2,F1,H1,V3,map_S10_M1_BALANCED_seed029,77162a84d0af255ab0116542bfec2702779cdd7ddfe2c0630f703c06ca2f7295,31.953,62.332,196.613,405.422,25,43,0.2999,0.142,60.0,17.183,77.183,137.183,140.0,80.0,7.449,0.0,1.0,0.357,1.0,0.126,3866.932409,1.226356,0.0,201,1410030,1410030,1.0,1797,1797,1.0,120000,0,1,S10|M1_BALANCED|29|B|L2|F1,true,false,false,/home/cyfer/FYP/WSN_simulation_V3/runs/S10_5000/outputs_production_50seed_part26_30/run_campaign_v3_S10_M1_BALANCED_B_L2_F1_H1_seed029_29_20260603_093845
campaign_v3_S10_M1_BALANCED_B_L2_F1_H1_seed030,campaign_v3_S10_M1_BALANCED_B_L2_F1_H1_seed030_30_20260603_094004,S10,5000,200,6,M1_BALANCED,30,B,L2,F1,H1,V3,map_S10_M1_BALANCED_seed030,fb88fb1bbb8bf8d4c2b8477ab3db1a16009c5dc664fea854cade7d5ec069a94f,32.249,63.37,198.266,408.227,25,49,0.3357,0.128,60.0,17.592,77.592,137.592,140.0,80.0,7.843,0.0,1.0,0.542,1.0,0.073,3882.085374,1.223431,0.0,201,1409172,1409172,1.0,1797,1797,1.0,120000,0,1,S10|M1_BALANCED|30|B|L2|F1,true,false,false,/home/cyfer/FYP/WSN_simulation_V3/runs/S10_5000/outputs_production_50seed_part26_30/run_campaign_v3_S10_M1_BALANCED_B_L2_F1_H1_seed030_30_20260603_094004
campaign_v3_S10_M1_BALANCED_B_L2_F1_H3_seed026,campaign_v3_S10_M1_BALANCED_B_L2_F1_H3_seed026_26_20260603_093454,S10,5000,200,6,M1_BALANCED,26,B,L2,F1,H3,V3,map_S10_M1_BALANCED_seed026,2413a574d3c909e9ca76603f34edff0323d89e32629f230f0d6d3d8be49aff05,32.336,64.012,196.97,408.78,25,52,0.3211,0.1238,60.0,24.794,84.794,144.794,150.0,90.0,8.819,0.0,1.0,0.784,1.0,0.155,3874.543078,1.225074,0.0,198,1404800,1404800,1.0,1797,1797,1.0,119500,0,1,S10|M1_BALANCED|26|B|L2|F1,true,false,false,/home/cyfer/FYP/WSN_simulation_V3/runs/S10_5000/outputs_production_50seed_part26_30/run_campaign_v3_S10_M1_BALANCED_B_L2_F1_H3_seed026_26_20260603_093454
campaign_v3_S10_M1_BALANCED_B_L2_F1_H3_seed027,campaign_v3_S10_M1_BALANCED_B_L2_F1_H3_seed027_27_20260603_093612,S10,5000,200,6,M1_BALANCED,27,B,L2,F1,H3,V3,map_S10_M1_BALANCED_seed027,ba96431f4660c0d6ebfe608e3c8b3d4a5bb8146f8b8c03be027f147557b78682,32.327,65.006,194.795,376.916,25,52,0.3295,0.1306,60.0,23.57,83.57,143.57,150.0,90.0,7.89,0.0,1.0,0.471,1.0,0.159,3885.069812,1.222807,0.0,201,1407372,1407372,1.0,1797,1797,1.0,119700,0,1,S10|M1_BALANCED|27|B|L2|F1,true,false,false,/home/cyfer/FYP/WSN_simulation_V3/runs/S10_5000/outputs_production_50seed_part26_30/run_campaign_v3_S10_M1_BALANCED_B_L2_F1_H3_seed027_27_20260603_093612
campaign_v3_S10_M1_BALANCED_B_L2_F1_H3_seed028,campaign_v3_S10_M1_BALANCED_B_L2_F1_H3_seed028_28_20260603_093729,S10,5000,200,6,M1_BALANCED,28,B,L2,F1,H3,V3,map_S10_M1_BALANCED_seed028,a281ca2e6535f180a03710328a33507ea02f075b6577482c86e139e9f971b3e3,32.285,64.432,195.252,405.877,25,42,0.286,0.1154,60.0,22.923,82.923,142.923,150.0,90.0,7.345,0.0,1.0,0.317,1.0,0.131,3880.350068,1.223653,0.0,199,1409209,1409209,1.0,1797,1797,1.0,119850,0,1,S10|M1_BALANCED|28|B|L2|F1,true,false,false,/home/cyfer/FYP/WSN_simulation_V3/runs/S10_5000/outputs_production_50seed_part26_30/run_campaign_v3_S10_M1_BALANCED_B_L2_F1_H3_seed028_28_20260603_093729
campaign_v3_S10_M1_BALANCED_B_L2_F1_H3_seed029,campaign_v3_S10_M1_BALANCED_B_L2_F1_H3_seed029_29_20260603_093848,S10,5000,200,6,M1_BALANCED,29,B,L2,F1,H3,V3,map_S10_M1_BALANCED_seed029,77162a84d0af255ab0116542bfec2702779cdd7ddfe2c0630f703c06ca2f7295,31.953,62.332,196.613,405.422,25,43,0.2999,0.142,60.0,23.411,83.411,143.411,150.0,90.0,7.449,0.0,1.0,0.357,1.0,0.126,3863.733931,1.226995,0.0,200,1408883,1408883,1.0,1797,1797,1.0,119825,0,1,S10|M1_BALANCED|29|B|L2|F1,true,false,false,/home/cyfer/FYP/WSN_simulation_V3/runs/S10_5000/outputs_production_50seed_part26_30/run_campaign_v3_S10_M1_BALANCED_B_L2_F1_H3_seed029_29_20260603_093848
campaign_v3_S10_M1_BALANCED_B_L2_F1_H3_seed030,campaign_v3_S10_M1_BALANCED_B_L2_F1_H3_seed030_30_20260603_094007,S10,5000,200,6,M1_BALANCED,30,B,L2,F1,H3,V3,map_S10_M1_BALANCED_seed030,fb88fb1bbb8bf8d4c2b8477ab3db1a16009c5dc664fea854cade7d5ec069a94f,32.249,63.37,198.266,408.227,25,49,0.3357,0.128,60.0,23.049,83.049,143.049,150.0,90.0,7.843,0.0,1.0,0.542,1.0,0.073,3876.576519,1.224533,0.0,201,1407053,1407053,1.0,1797,1797,1.0,119675,0,1,S10|M1_BALANCED|30|B|L2|F1,true,false,false,/home/cyfer/FYP/WSN_simulation_V3/runs/S10_5000/outputs_production_50seed_part26_30/run_campaign_v3_S10_M1_BALANCED_B_L2_F1_H3_seed030_30_20260603_094007
campaign_v3_S10_M1_BALANCED_B_L2_F1_H4_seed026,campaign_v3_S10_M1_BALANCED_B_L2_F1_H4_seed026_26_20260603_093457,S10,5000,200,6,M1_BALANCED,26,B,L2,F1,H4,V3,map_S10_M1_BALANCED_seed026,2413a574d3c909e9ca76603f34edff0323d89e32629f230f0d6d3d8be49aff05,32.336,64.012,196.97,408.78,25,52,0.3211,0.1238,60.0,28.377,88.377,148.377,150.0,90.0,8.819,0.0,1.0,0.784,1.0,0.155,3874.408356,1.225101,0.0,198,1404740,1404740,1.0,1797,1797,1.0,119504,0,1,S10|M1_BALANCED|26|B|L2|F1,true,false,false,/home/cyfer/FYP/WSN_simulation_V3/runs/S10_5000/outputs_production_50seed_part26_30/run_campaign_v3_S10_M1_BALANCED_B_L2_F1_H4_seed026_26_20260603_093457
campaign_v3_S10_M1_BALANCED_B_L2_F1_H4_seed027,campaign_v3_S10_M1_BALANCED_B_L2_F1_H4_seed027_27_20260603_093615,S10,5000,200,6,M1_BALANCED,27,B,L2,F1,H4,V3,map_S10_M1_BALANCED_seed027,ba96431f4660c0d6ebfe608e3c8b3d4a5bb8146f8b8c03be027f147557b78682,32.327,65.006,194.795,376.916,25,52,0.3295,0.1306,60.0,26.965,86.965,146.965,150.0,90.0,7.89,0.0,1.0,0.471,1.0,0.159,3884.563933,1.222909,0.0,200,1407504,1407504,1.0,1797,1797,1.0,119729,0,1,S10|M1_BALANCED|27|B|L2|F1,true,false,false,/home/cyfer/FYP/WSN_simulation_V3/runs/S10_5000/outputs_production_50seed_part26_30/run_campaign_v3_S10_M1_BALANCED_B_L2_F1_H4_seed027_27_20260603_093615
campaign_v3_S10_M1_BALANCED_B_L2_F1_H4_seed028,campaign_v3_S10_M1_BALANCED_B_L2_F1_H4_seed028_28_20260603_093732,S10,5000,200,6,M1_BALANCED,28,B,L2,F1,H4,V3,map_S10_M1_BALANCED_seed028,a281ca2e6535f180a03710328a33507ea02f075b6577482c86e139e9f971b3e3,32.285,64.432,195.252,405.877,25,42,0.286,0.1154,60.0,26.654,86.654,146.654,150.0,90.0,7.345,0.0,1.0,0.317,1.0,0.131,3874.692047,1.224785,0.0,200,1406685,1406685,1.0,1797,1797,1.0,119429,0,1,S10|M1_BALANCED|28|B|L2|F1,true,false,false,/home/cyfer/FYP/WSN_simulation_V3/runs/S10_5000/outputs_production_50seed_part26_30/run_campaign_v3_S10_M1_BALANCED_B_L2_F1_H4_seed028_28_20260603_093732
campaign_v3_S10_M1_BALANCED_B_L2_F1_H4_seed029,campaign_v3_S10_M1_BALANCED_B_L2_F1_H4_seed029_29_20260603_093850,S10,5000,200,6,M1_BALANCED,29,B,L2,F1,H4,V3,map_S10_M1_BALANCED_seed029,77162a84d0af255ab0116542bfec2702779cdd7ddfe2c0630f703c06ca2f7295,31.953,62.332,196.613,405.422,25,43,0.2999,0.142,60.0,26.823,86.823,146.823,150.0,90.0,7.449,0.0,1.0,0.357,1.0,0.126,3861.521676,1.227438,0.0,201,1407695,1407695,1.0,1797,1797,1.0,119629,0,1,S10|M1_BALANCED|29|B|L2|F1,true,false,false,/home/cyfer/FYP/WSN_simulation_V3/runs/S10_5000/outputs_production_50seed_part26_30/run_campaign_v3_S10_M1_BALANCED_B_L2_F1_H4_seed029_29_20260603_093850
campaign_v3_S10_M1_BALANCED_B_L2_F1_H4_seed030,campaign_v3_S10_M1_BALANCED_B_L2_F1_H4_seed030_30_20260603_094010,S10,5000,200,6,M1_BALANCED,30,B,L2,F1,H4,V3,map_S10_M1_BALANCED_seed030,fb88fb1bbb8bf8d4c2b8477ab3db1a16009c5dc664fea854cade7d5ec069a94f,32.249,63.37,198.266,408.227,25,49,0.3357,0.128,60.0,26.879,86.879,146.879,150.0,90.0,7.843,0.0,1.0,0.542,1.0,0.073,3877.069715,1.224434,0.0,201,1407182,1407182,1.0,1797,1797,1.0,119704,0,1,S10|M1_BALANCED|30|B|L2|F1,true,false,false,/home/cyfer/FYP/WSN_simulation_V3/runs/S10_5000/outputs_production_50seed_part26_30/run_campaign_v3_S10_M1_BALANCED_B_L2_F1_H4_seed030_30_20260603_094010
campaign_v3_S10_M1_BALANCED_B_L2_F2_H0_seed026,campaign_v3_S10_M1_BALANCED_B_L2_F2_H0_seed026_26_20260603_093450,S10,5000,200,6,M1_BALANCED,26,B,L2,F2,H0,V2,map_S10_M1_BALANCED_seed026,2413a574d3c909e9ca76603f34edff0323d89e32629f230f0d6d3d8be49aff05,32.336,64.012,196.97,408.78,25,52,0.3211,0.1238,60.0,-1.0,-1.0,-1.0,-1.0,-1.0,0.0,0.0,0.0,0.0,0.0,0.0,3876.099289,1.22478,0.0,196,1406500,1406500,1.0,1792,1792,1.0,120100,1,0,S10|M1_BALANCED|26|B|L2|F2,false,false,true,/home/cyfer/FYP/WSN_simulation_V3/runs/S10_5000/outputs_production_50seed_part26_30/run_campaign_v3_S10_M1_BALANCED_B_L2_F2_H0_seed026_26_20260603_093450
campaign_v3_S10_M1_BALANCED_B_L2_F2_H0_seed027,campaign_v3_S10_M1_BALANCED_B_L2_F2_H0_seed027_27_20260603_093608,S10,5000,200,6,M1_BALANCED,27,B,L2,F2,H0,V2,map_S10_M1_BALANCED_seed027,ba96431f4660c0d6ebfe608e3c8b3d4a5bb8146f8b8c03be027f147557b78682,32.327,65.006,194.795,376.916,25,52,0.3295,0.1306,60.0,-1.0,-1.0,-1.0,-1.0,-1.0,0.0,0.0,0.0,0.0,0.0,0.0,3885.09566,1.222981,0.0,199,1408615,1408615,1.0,1792,1792,1.0,120055,1,0,S10|M1_BALANCED|27|B|L2|F2,false,false,true,/home/cyfer/FYP/WSN_simulation_V3/runs/S10_5000/outputs_production_50seed_part26_30/run_campaign_v3_S10_M1_BALANCED_B_L2_F2_H0_seed027_27_20260603_093608
campaign_v3_S10_M1_BALANCED_B_L2_F2_H0_seed028,campaign_v3_S10_M1_BALANCED_B_L2_F2_H0_seed028_28_20260603_093725,S10,5000,200,6,M1_BALANCED,28,B,L2,F2,H0,V2,map_S10_M1_BALANCED_seed028,a281ca2e6535f180a03710328a33507ea02f075b6577482c86e139e9f971b3e3,32.285,64.432,195.252,405.877,25,42,0.286,0.1154,60.0,-1.0,-1.0,-1.0,-1.0,-1.0,0.0,0.0,0.0,0.0,0.0,0.0,3871.086431,1.225783,0.0,198,1405795,1405795,1.0,1792,1792,1.0,120115,1,0,S10|M1_BALANCED|28|B|L2|F2,false,false,true,/home/cyfer/FYP/WSN_simulation_V3/runs/S10_5000/outputs_production_50seed_part26_30/run_campaign_v3_S10_M1_BALANCED_B_L2_F2_H0_seed028_28_20260603_093725
campaign_v3_S10_M1_BALANCED_B_L2_F2_H0_seed029,campaign_v3_S10_M1_BALANCED_B_L2_F2_H0_seed029_29_20260603_093843,S10,5000,200,6,M1_BALANCED,29,B,L2,F2,H0,V2,map_S10_M1_BALANCED_seed029,77162a84d0af255ab0116542bfec2702779cdd7ddfe2c0630f703c06ca2f7295,31.953,62.332,196.613,405.422,25,43,0.2999,0.142,60.0,-1.0,-1.0,-1.0,-1.0,-1.0,0.0,0.0,0.0,0.0,0.0,0.0,3860.119997,1.227976,0.0,199,1407675,1407675,1.0,1792,1792,1.0,120075,1,0,S10|M1_BALANCED|29|B|L2|F2,false,false,true,/home/cyfer/FYP/WSN_simulation_V3/runs/S10_5000/outputs_production_50seed_part26_30/run_campaign_v3_S10_M1_BALANCED_B_L2_F2_H0_seed029_29_20260603_093843
campaign_v3_S10_M1_BALANCED_B_L2_F2_H0_seed030,campaign_v3_S10_M1_BALANCED_B_L2_F2_H0_seed030_30_20260603_094002,S10,5000,200,6,M1_BALANCED,30,B,L2,F2,H0,V2,map_S10_M1_BALANCED_seed030,fb88fb1bbb8bf8d4c2b8477ab3db1a16009c5dc664fea854cade7d5ec069a94f,32.249,63.37,198.266,408.227,25,49,0.3357,0.128,60.0,-1.0,-1.0,-1.0,-1.0,-1.0,0.0,0.0,0.0,0.0,0.0,0.0,3878.612142,1.224278,0.0,199,1408380,1408380,1.0,1792,1792,1.0,120060,1,0,S10|M1_BALANCED|30|B|L2|F2,false,false,true,/home/cyfer/FYP/WSN_simulation_V3/runs/S10_5000/outputs_production_50seed_part26_30/run_campaign_v3_S10_M1_BALANCED_B_L2_F2_H0_seed030_30_20260603_094002
campaign_v3_S10_M1_BALANCED_B_L2_F2_H1_seed026,campaign_v3_S10_M1_BALANCED_B_L2_F2_H1_seed026_26_20260603_093500,S10,5000,200,6,M1_BALANCED,26,B,L2,F2,H1,V3,map_S10_M1_BALANCED_seed026,2413a574d3c909e9ca76603f34edff0323d89e32629f230f0d6d3d8be49aff05,32.336,64.012,196.97,408.78,25,52,0.3211,0.1238,60.0,24.011,84.011,144.011,150.0,90.0,6.079,0.0,1.0,0.392,0.48,0.154,3885.376538,1.222925,0.0,197,1409500,1409500,1.0,1797,1797,1.0,120000,0,1,S10|M1_BALANCED|26|B|L2|F2,true,false,false,/home/cyfer/FYP/WSN_simulation_V3/runs/S10_5000/outputs_production_50seed_part26_30/run_campaign_v3_S10_M1_BALANCED_B_L2_F2_H1_seed026_26_20260603_093500
campaign_v3_S10_M1_BALANCED_B_L2_F2_H1_seed027,campaign_v3_S10_M1_BALANCED_B_L2_F2_H1_seed027_27_20260603_093618,S10,5000,200,6,M1_BALANCED,27,B,L2,F2,H1,V3,map_S10_M1_BALANCED_seed027,ba96431f4660c0d6ebfe608e3c8b3d4a5bb8146f8b8c03be027f147557b78682,32.327,65.006,194.795,376.916,25,52,0.3295,0.1306,60.0,22.127,82.127,142.127,150.0,90.0,4.895,0.0,1.0,0.216,0.263,0.153,3890.494168,1.221901,0.0,200,1410287,1410287,1.0,1797,1797,1.0,120000,0,1,S10|M1_BALANCED|27|B|L2|F2,true,false,false,/home/cyfer/FYP/WSN_simulation_V3/runs/S10_5000/outputs_production_50seed_part26_30/run_campaign_v3_S10_M1_BALANCED_B_L2_F2_H1_seed027_27_20260603_093618
campaign_v3_S10_M1_BALANCED_B_L2_F2_H1_seed028,campaign_v3_S10_M1_BALANCED_B_L2_F2_H1_seed028_28_20260603_093735,S10,5000,200,6,M1_BALANCED,28,B,L2,F2,H1,V3,map_S10_M1_BALANCED_seed028,a281ca2e6535f180a03710328a33507ea02f075b6577482c86e139e9f971b3e3,32.285,64.432,195.252,405.877,25,42,0.286,0.1154,60.0,24.099,84.099,144.099,150.0,90.0,6.394,0.0,1.0,0.561,0.54,0.03,3881.38697,1.223723,0.0,199,1409245,1409245,1.0,1797,1797,1.0,120000,0,1,S10|M1_BALANCED|28|B|L2|F2,true,false,false,/home/cyfer/FYP/WSN_simulation_V3/runs/S10_5000/outputs_production_50seed_part26_30/run_campaign_v3_S10_M1_BALANCED_B_L2_F2_H1_seed028_28_20260603_093735
campaign_v3_S10_M1_BALANCED_B_L2_F2_H1_seed029,campaign_v3_S10_M1_BALANCED_B_L2_F2_H1_seed029_29_20260603_093853,S10,5000,200,6,M1_BALANCED,29,B,L2,F2,H1,V3,map_S10_M1_BALANCED_seed029,77162a84d0af255ab0116542bfec2702779cdd7ddfe2c0630f703c06ca2f7295,31.953,62.332,196.613,405.422,25,43,0.2999,0.142,60.0,23.358,83.358,143.358,150.0,90.0,5.575,0.0,1.0,0.357,0.348,0.154,3867.144715,1.226571,0.0,200,1409940,1409940,1.0,1797,1797,1.0,120000,0,1,S10|M1_BALANCED|29|B|L2|F2,true,false,false,/home/cyfer/FYP/WSN_simulation_V3/runs/S10_5000/outputs_production_50seed_part26_30/run_campaign_v3_S10_M1_BALANCED_B_L2_F2_H1_seed029_29_20260603_093853
campaign_v3_S10_M1_BALANCED_B_L2_F2_H1_seed030,campaign_v3_S10_M1_BALANCED_B_L2_F2_H1_seed030_30_20260603_094014,S10,5000,200,6,M1_BALANCED,30,B,L2,F2,H1,V3,map_S10_M1_BALANCED_seed030,fb88fb1bbb8bf8d4c2b8477ab3db1a16009c5dc664fea854cade7d5ec069a94f,32.249,63.37,198.266,408.227,25,49,0.3357,0.128,60.0,22.36,82.36,142.36,150.0,90.0,5.163,0.0,1.0,0.25,0.28,0.191,3884.381774,1.223124,0.0,200,1410204,1410204,1.0,1797,1797,1.0,120000,0,1,S10|M1_BALANCED|30|B|L2|F2,true,false,false,/home/cyfer/FYP/WSN_simulation_V3/runs/S10_5000/outputs_production_50seed_part26_30/run_campaign_v3_S10_M1_BALANCED_B_L2_F2_H1_seed030_30_20260603_094014
campaign_v3_S10_M1_BALANCED_B_L2_F2_H3_seed026,campaign_v3_S10_M1_BALANCED_B_L2_F2_H3_seed026_26_20260603_093501,S10,5000,200,6,M1_BALANCED,26,B,L2,F2,H3,V3,map_S10_M1_BALANCED_seed026,2413a574d3c909e9ca76603f34edff0323d89e32629f230f0d6d3d8be49aff05,32.336,64.012,196.97,408.78,25,52,0.3211,0.1238,60.0,29.448,89.448,149.448,150.0,90.0,6.079,0.0,1.0,0.392,0.48,0.154,3880.884841,1.223823,0.0,197,1407950,1407950,1.0,1797,1797,1.0,119750,0,1,S10|M1_BALANCED|26|B|L2|F2,true,false,false,/home/cyfer/FYP/WSN_simulation_V3/runs/S10_5000/outputs_production_50seed_part26_30/run_campaign_v3_S10_M1_BALANCED_B_L2_F2_H3_seed026_26_20260603_093501
campaign_v3_S10_M1_BALANCED_B_L2_F2_H3_seed027,campaign_v3_S10_M1_BALANCED_B_L2_F2_H3_seed027_27_20260603_093619,S10,5000,200,6,M1_BALANCED,27,B,L2,F2,H3,V3,map_S10_M1_BALANCED_seed027,ba96431f4660c0d6ebfe608e3c8b3d4a5bb8146f8b8c03be027f147557b78682,32.327,65.006,194.795,376.916,25,52,0.3295,0.1306,60.0,28.43,88.43,148.43,150.0,90.0,4.895,0.0,1.0,0.216,0.263,0.153,3888.032155,1.222394,0.0,199,1409491,1409491,1.0,1797,1797,1.0,119875,0,1,S10|M1_BALANCED|27|B|L2|F2,true,false,false,/home/cyfer/FYP/WSN_simulation_V3/runs/S10_5000/outputs_production_50seed_part26_30/run_campaign_v3_S10_M1_BALANCED_B_L2_F2_H3_seed027_27_20260603_093619
campaign_v3_S10_M1_BALANCED_B_L2_F2_H3_seed028,campaign_v3_S10_M1_BALANCED_B_L2_F2_H3_seed028_28_20260603_093736,S10,5000,200,6,M1_BALANCED,28,B,L2,F2,H3,V3,map_S10_M1_BALANCED_seed028,a281ca2e6535f180a03710328a33507ea02f075b6577482c86e139e9f971b3e3,32.285,64.432,195.252,405.877,25,42,0.286,0.1154,60.0,29.724,89.724,149.724,150.0,90.0,6.394,0.0,1.0,0.561,0.54,0.03,3876.897555,1.22462,0.0,199,1407535,1407535,1.0,1797,1797,1.0,119725,0,1,S10|M1_BALANCED|28|B|L2|F2,true,false,false,/home/cyfer/FYP/WSN_simulation_V3/runs/S10_5000/outputs_production_50seed_part26_30/run_campaign_v3_S10_M1_BALANCED_B_L2_F2_H3_seed028_28_20260603_093736
campaign_v3_S10_M1_BALANCED_B_L2_F2_H3_seed029,campaign_v3_S10_M1_BALANCED_B_L2_F2_H3_seed029_29_20260603_093854,S10,5000,200,6,M1_BALANCED,29,B,L2,F2,H3,V3,map_S10_M1_BALANCED_seed029,77162a84d0af255ab0116542bfec2702779cdd7ddfe2c0630f703c06ca2f7295,31.953,62.332,196.613,405.422,25,43,0.2999,0.142,60.0,29.004,89.004,149.004,150.0,90.0,5.575,0.0,1.0,0.357,0.348,0.154,3864.136566,1.227173,0.0,199,1408835,1408835,1.0,1797,1797,1.0,119825,0,1,S10|M1_BALANCED|29|B|L2|F2,true,false,false,/home/cyfer/FYP/WSN_simulation_V3/runs/S10_5000/outputs_production_50seed_part26_30/run_campaign_v3_S10_M1_BALANCED_B_L2_F2_H3_seed029_29_20260603_093854
campaign_v3_S10_M1_BALANCED_B_L2_F2_H3_seed030,campaign_v3_S10_M1_BALANCED_B_L2_F2_H3_seed030_30_20260603_094015,S10,5000,200,6,M1_BALANCED,30,B,L2,F2,H3,V3,map_S10_M1_BALANCED_seed030,fb88fb1bbb8bf8d4c2b8477ab3db1a16009c5dc664fea854cade7d5ec069a94f,32.249,63.37,198.266,408.227,25,49,0.3357,0.128,60.0,28.702,88.702,148.702,150.0,90.0,5.163,0.0,1.0,0.25,0.28,0.191,3881.660812,1.223668,0.0,199,1409256,1409256,1.0,1797,1797,1.0,119850,0,1,S10|M1_BALANCED|30|B|L2|F2,true,false,false,/home/cyfer/FYP/WSN_simulation_V3/runs/S10_5000/outputs_production_50seed_part26_30/run_campaign_v3_S10_M1_BALANCED_B_L2_F2_H3_seed030_30_20260603_094015
campaign_v3_S10_M1_BALANCED_B_L2_F2_H4_seed026,campaign_v3_S10_M1_BALANCED_B_L2_F2_H4_seed026_26_20260603_093501,S10,5000,200,6,M1_BALANCED,26,B,L2,F2,H4,V3,map_S10_M1_BALANCED_seed026,2413a574d3c909e9ca76603f34edff0323d89e32629f230f0d6d3d8be49aff05,32.336,64.012,196.97,408.78,25,52,0.3211,0.1238,60.0,33.638,93.638,153.638,160.0,100.0,6.079,0.0,1.0,0.392,0.48,0.154,3884.935098,1.223013,0.0,197,1409320,1409320,1.0,1796,1796,1.0,120000,0,1,S10|M1_BALANCED|26|B|L2|F2,true,false,false,/home/cyfer/FYP/WSN_simulation_V3/runs/S10_5000/outputs_production_50seed_part26_30/run_campaign_v3_S10_M1_BALANCED_B_L2_F2_H4_seed026_26_20260603_093501
campaign_v3_S10_M1_BALANCED_B_L2_F2_H4_seed027,campaign_v3_S10_M1_BALANCED_B_L2_F2_H4_seed027_27_20260603_093619,S10,5000,200,6,M1_BALANCED,27,B,L2,F2,H4,V3,map_S10_M1_BALANCED_seed027,ba96431f4660c0d6ebfe608e3c8b3d4a5bb8146f8b8c03be027f147557b78682,32.327,65.006,194.795,376.916,25,52,0.3295,0.1306,60.0,32.337,92.337,152.337,160.0,100.0,4.895,0.0,1.0,0.216,0.263,0.153,3890.132912,1.221973,0.0,200,1410177,1410177,1.0,1796,1796,1.0,120000,0,1,S10|M1_BALANCED|27|B|L2|F2,true,false,false,/home/cyfer/FYP/WSN_simulation_V3/runs/S10_5000/outputs_production_50seed_part26_30/run_campaign_v3_S10_M1_BALANCED_B_L2_F2_H4_seed027_27_20260603_093619
campaign_v3_S10_M1_BALANCED_B_L2_F2_H4_seed028,campaign_v3_S10_M1_BALANCED_B_L2_F2_H4_seed028_28_20260603_093736,S10,5000,200,6,M1_BALANCED,28,B,L2,F2,H4,V3,map_S10_M1_BALANCED_seed028,a281ca2e6535f180a03710328a33507ea02f075b6577482c86e139e9f971b3e3,32.285,64.432,195.252,405.877,25,42,0.286,0.1154,60.0,33.655,93.655,153.655,160.0,100.0,6.394,0.0,1.0,0.561,0.54,0.03,3880.88412,1.223823,0.0,199,1409038,1409038,1.0,1796,1796,1.0,120000,0,1,S10|M1_BALANCED|28|B|L2|F2,true,false,false,/home/cyfer/FYP/WSN_simulation_V3/runs/S10_5000/outputs_production_50seed_part26_30/run_campaign_v3_S10_M1_BALANCED_B_L2_F2_H4_seed028_28_20260603_093736
campaign_v3_S10_M1_BALANCED_B_L2_F2_H4_seed029,campaign_v3_S10_M1_BALANCED_B_L2_F2_H4_seed029_29_20260603_093854,S10,5000,200,6,M1_BALANCED,29,B,L2,F2,H4,V3,map_S10_M1_BALANCED_seed029,77162a84d0af255ab0116542bfec2702779cdd7ddfe2c0630f703c06ca2f7295,31.953,62.332,196.613,405.422,25,43,0.2999,0.142,60.0,33.298,93.298,153.298,160.0,100.0,5.575,0.0,1.0,0.357,0.348,0.154,3866.806181,1.226639,0.0,200,1409790,1409790,1.0,1796,1796,1.0,120000,0,1,S10|M1_BALANCED|29|B|L2|F2,true,false,false,/home/cyfer/FYP/WSN_simulation_V3/runs/S10_5000/outputs_production_50seed_part26_30/run_campaign_v3_S10_M1_BALANCED_B_L2_F2_H4_seed029_29_20260603_093854
campaign_v3_S10_M1_BALANCED_B_L2_F2_H4_seed030,campaign_v3_S10_M1_BALANCED_B_L2_F2_H4_seed030_30_20260603_094016,S10,5000,200,6,M1_BALANCED,30,B,L2,F2,H4,V3,map_S10_M1_BALANCED_seed030,fb88fb1bbb8bf8d4c2b8477ab3db1a16009c5dc664fea854cade7d5ec069a94f,32.249,63.37,198.266,408.227,25,49,0.3357,0.128,60.0,32.33,92.33,152.33,160.0,100.0,5.163,0.0,1.0,0.25,0.28,0.191,3883.994721,1.223201,0.0,200,1410084,1410084,1.0,1796,1796,1.0,120000,0,1,S10|M1_BALANCED|30|B|L2|F2,true,false,false,/home/cyfer/FYP/WSN_simulation_V3/runs/S10_5000/outputs_production_50seed_part26_30/run_campaign_v3_S10_M1_BALANCED_B_L2_F2_H4_seed030_30_20260603_094016
campaign_v3_S10_M1_BALANCED_B_L2_F3_H0_seed026,campaign_v3_S10_M1_BALANCED_B_L2_F3_H0_seed026_26_20260603_093450,S10,5000,200,6,M1_BALANCED,26,B,L2,F3,H0,V2,map_S10_M1_BALANCED_seed026,2413a574d3c909e9ca76603f34edff0323d89e32629f230f0d6d3d8be49aff05,32.336,64.012,196.97,408.78,25,52,0.3211,0.1238,60.0,-1.0,-1.0,-1.0,-1.0,-1.0,0.0,0.0,0.0,0.0,0.0,0.0,3872.152956,1.225569,0.0,196,1405325,1405325,1.0,1792,1792,1.0,120125,1,0,S10|M1_BALANCED|26|B|L2|F3,false,false,true,/home/cyfer/FYP/WSN_simulation_V3/runs/S10_5000/outputs_production_50seed_part26_30/run_campaign_v3_S10_M1_BALANCED_B_L2_F3_H0_seed026_26_20260603_093450
campaign_v3_S10_M1_BALANCED_B_L2_F3_H0_seed027,campaign_v3_S10_M1_BALANCED_B_L2_F3_H0_seed027_27_20260603_093608,S10,5000,200,6,M1_BALANCED,27,B,L2,F3,H0,V2,map_S10_M1_BALANCED_seed027,ba96431f4660c0d6ebfe608e3c8b3d4a5bb8146f8b8c03be027f147557b78682,32.327,65.006,194.795,376.916,25,52,0.3295,0.1306,60.0,-1.0,-1.0,-1.0,-1.0,-1.0,0.0,0.0,0.0,0.0,0.0,0.0,3872.360619,1.225528,0.0,199,1403445,1403445,1.0,1792,1792,1.0,120165,1,0,S10|M1_BALANCED|27|B|L2|F3,false,false,true,/home/cyfer/FYP/WSN_simulation_V3/runs/S10_5000/outputs_production_50seed_part26_30/run_campaign_v3_S10_M1_BALANCED_B_L2_F3_H0_seed027_27_20260603_093608
campaign_v3_S10_M1_BALANCED_B_L2_F3_H0_seed028,campaign_v3_S10_M1_BALANCED_B_L2_F3_H0_seed028_28_20260603_093725,S10,5000,200,6,M1_BALANCED,28,B,L2,F3,H0,V2,map_S10_M1_BALANCED_seed028,a281ca2e6535f180a03710328a33507ea02f075b6577482c86e139e9f971b3e3,32.285,64.432,195.252,405.877,25,42,0.286,0.1154,60.0,-1.0,-1.0,-1.0,-1.0,-1.0,0.0,0.0,0.0,0.0,0.0,0.0,3872.760994,1.225448,0.0,198,1406265,1406265,1.0,1792,1792,1.0,120105,1,0,S10|M1_BALANCED|28|B|L2|F3,false,false,true,/home/cyfer/FYP/WSN_simulation_V3/runs/S10_5000/outputs_production_50seed_part26_30/run_campaign_v3_S10_M1_BALANCED_B_L2_F3_H0_seed028_28_20260603_093725
campaign_v3_S10_M1_BALANCED_B_L2_F3_H0_seed029,campaign_v3_S10_M1_BALANCED_B_L2_F3_H0_seed029_29_20260603_093843,S10,5000,200,6,M1_BALANCED,29,B,L2,F3,H0,V2,map_S10_M1_BALANCED_seed029,77162a84d0af255ab0116542bfec2702779cdd7ddfe2c0630f703c06ca2f7295,31.953,62.332,196.613,405.422,25,43,0.2999,0.142,60.0,-1.0,-1.0,-1.0,-1.0,-1.0,0.0,0.0,0.0,0.0,0.0,0.0,3859.816267,1.228037,0.0,199,1407910,1407910,1.0,1792,1792,1.0,120070,1,0,S10|M1_BALANCED|29|B|L2|F3,false,false,true,/home/cyfer/FYP/WSN_simulation_V3/runs/S10_5000/outputs_production_50seed_part26_30/run_campaign_v3_S10_M1_BALANCED_B_L2_F3_H0_seed029_29_20260603_093843
campaign_v3_S10_M1_BALANCED_B_L2_F3_H0_seed030,campaign_v3_S10_M1_BALANCED_B_L2_F3_H0_seed030_30_20260603_094003,S10,5000,200,6,M1_BALANCED,30,B,L2,F3,H0,V2,map_S10_M1_BALANCED_seed030,fb88fb1bbb8bf8d4c2b8477ab3db1a16009c5dc664fea854cade7d5ec069a94f,32.249,63.37,198.266,408.227,25,49,0.3357,0.128,60.0,-1.0,-1.0,-1.0,-1.0,-1.0,0.0,0.0,0.0,0.0,0.0,0.0,3864.575508,1.227085,0.0,200,1403210,1403210,1.0,1792,1792,1.0,120170,1,0,S10|M1_BALANCED|30|B|L2|F3,false,false,true,/home/cyfer/FYP/WSN_simulation_V3/runs/S10_5000/outputs_production_50seed_part26_30/run_campaign_v3_S10_M1_BALANCED_B_L2_F3_H0_seed030_30_20260603_094003
campaign_v3_S10_M1_BALANCED_B_L2_F3_H1_seed026,campaign_v3_S10_M1_BALANCED_B_L2_F3_H1_seed026_26_20260603_093502,S10,5000,200,6,M1_BALANCED,26,B,L2,F3,H1,V3,map_S10_M1_BALANCED_seed026,2413a574d3c909e9ca76603f34edff0323d89e32629f230f0d6d3d8be49aff05,32.336,64.012,196.97,408.78,25,52,0.3211,0.1238,60.0,28.091,88.091,148.091,150.0,90.0,6.872,0.0,1.0,0.49,0.618,0.182,3872.425662,1.225515,0.0,196,1405345,1405345,1.0,1797,1797,1.0,119379,0,1,S10|M1_BALANCED|26|B|L2|F3,true,false,false,/home/cyfer/FYP/WSN_simulation_V3/runs/S10_5000/outputs_production_50seed_part26_30/run_campaign_v3_S10_M1_BALANCED_B_L2_F3_H1_seed026_26_20260603_093502
campaign_v3_S10_M1_BALANCED_B_L2_F3_H1_seed027,campaign_v3_S10_M1_BALANCED_B_L2_F3_H1_seed027_27_20260603_093620,S10,5000,200,6,M1_BALANCED,27,B,L2,F3,H1,V3,map_S10_M1_BALANCED_seed027,ba96431f4660c0d6ebfe608e3c8b3d4a5bb8146f8b8c03be027f147557b78682,32.327,65.006,194.795,376.916,25,52,0.3295,0.1306,60.0,28.704,88.704,148.704,150.0,90.0,7.661,0.0,1.0,0.647,0.794,0.113,3872.662091,1.225468,0.0,199,1403465,1403465,1.0,1797,1797,1.0,119179,0,1,S10|M1_BALANCED|27|B|L2|F3,true,false,false,/home/cyfer/FYP/WSN_simulation_V3/runs/S10_5000/outputs_production_50seed_part26_30/run_campaign_v3_S10_M1_BALANCED_B_L2_F3_H1_seed027_27_20260603_093620
campaign_v3_S10_M1_BALANCED_B_L2_F3_H1_seed028,campaign_v3_S10_M1_BALANCED_B_L2_F3_H1_seed028_28_20260603_093737,S10,5000,200,6,M1_BALANCED,28,B,L2,F3,H1,V3,map_S10_M1_BALANCED_seed028,a281ca2e6535f180a03710328a33507ea02f075b6577482c86e139e9f971b3e3,32.285,64.432,195.252,405.877,25,42,0.286,0.1154,60.0,28.067,88.067,148.067,150.0,90.0,6.511,0.0,1.0,0.512,0.488,0.17,3873.01192,1.225398,0.0,198,1406285,1406285,1.0,1797,1797,1.0,119479,0,1,S10|M1_BALANCED|28|B|L2|F3,true,false,false,/home/cyfer/FYP/WSN_simulation_V3/runs/S10_5000/outputs_production_50seed_part26_30/run_campaign_v3_S10_M1_BALANCED_B_L2_F3_H1_seed028_28_20260603_093737
campaign_v3_S10_M1_BALANCED_B_L2_F3_H1_seed029,campaign_v3_S10_M1_BALANCED_B_L2_F3_H1_seed029_29_20260603_093855,S10,5000,200,6,M1_BALANCED,29,B,L2,F3,H1,V3,map_S10_M1_BALANCED_seed029,77162a84d0af255ab0116542bfec2702779cdd7ddfe2c0630f703c06ca2f7295,31.953,62.332,196.613,405.422,25,43,0.2999,0.142,60.0,26.783,86.783,146.783,150.0,90.0,5.607,0.0,1.0,0.333,0.34,0.196,3860.008023,1.227998,0.0,199,1407930,1407930,1.0,1797,1797,1.0,119654,0,1,S10|M1_BALANCED|29|B|L2|F3,true,false,false,/home/cyfer/FYP/WSN_simulation_V3/runs/S10_5000/outputs_production_50seed_part26_30/run_campaign_v3_S10_M1_BALANCED_B_L2_F3_H1_seed029_29_20260603_093855
campaign_v3_S10_M1_BALANCED_B_L2_F3_H1_seed030,campaign_v3_S10_M1_BALANCED_B_L2_F3_H1_seed030_30_20260603_094016,S10,5000,200,6,M1_BALANCED,30,B,L2,F3,H1,V3,map_S10_M1_BALANCED_seed030,fb88fb1bbb8bf8d4c2b8477ab3db1a16009c5dc664fea854cade7d5ec069a94f,32.249,63.37,198.266,408.227,25,49,0.3357,0.128,60.0,29.06,89.06,149.06,150.0,90.0,7.741,0.0,1.0,0.708,0.83,0.042,3864.879946,1.227024,0.0,200,1403230,1403230,1.0,1797,1797,1.0,119154,0,1,S10|M1_BALANCED|30|B|L2|F3,true,false,false,/home/cyfer/FYP/WSN_simulation_V3/runs/S10_5000/outputs_production_50seed_part26_30/run_campaign_v3_S10_M1_BALANCED_B_L2_F3_H1_seed030_30_20260603_094016
campaign_v3_S10_M1_BALANCED_B_L2_F3_H3_seed026,campaign_v3_S10_M1_BALANCED_B_L2_F3_H3_seed026_26_20260603_093503,S10,5000,200,6,M1_BALANCED,26,B,L2,F3,H3,V3,map_S10_M1_BALANCED_seed026,2413a574d3c909e9ca76603f34edff0323d89e32629f230f0d6d3d8be49aff05,32.336,64.012,196.97,408.78,25,52,0.3211,0.1238,60.0,33.954,93.954,153.954,160.0,100.0,6.872,0.0,1.0,0.49,0.618,0.182,3872.40345,1.225519,0.0,196,1405341,1405341,1.0,1796,1796,1.0,119379,0,1,S10|M1_BALANCED|26|B|L2|F3,true,false,false,/home/cyfer/FYP/WSN_simulation_V3/runs/S10_5000/outputs_production_50seed_part26_30/run_campaign_v3_S10_M1_BALANCED_B_L2_F3_H3_seed026_26_20260603_093503
campaign_v3_S10_M1_BALANCED_B_L2_F3_H3_seed027,campaign_v3_S10_M1_BALANCED_B_L2_F3_H3_seed027_27_20260603_093621,S10,5000,200,6,M1_BALANCED,27,B,L2,F3,H3,V3,map_S10_M1_BALANCED_seed027,ba96431f4660c0d6ebfe608e3c8b3d4a5bb8146f8b8c03be027f147557b78682,32.327,65.006,194.795,376.916,25,52,0.3295,0.1306,60.0,35.512,95.512,155.512,160.0,100.0,7.661,0.0,1.0,0.647,0.794,0.113,3872.635747,1.225473,0.0,199,1403461,1403461,1.0,1796,1796,1.0,119179,0,1,S10|M1_BALANCED|27|B|L2|F3,true,false,false,/home/cyfer/FYP/WSN_simulation_V3/runs/S10_5000/outputs_production_50seed_part26_30/run_campaign_v3_S10_M1_BALANCED_B_L2_F3_H3_seed027_27_20260603_093621
campaign_v3_S10_M1_BALANCED_B_L2_F3_H3_seed028,campaign_v3_S10_M1_BALANCED_B_L2_F3_H3_seed028_28_20260603_093738,S10,5000,200,6,M1_BALANCED,28,B,L2,F3,H3,V3,map_S10_M1_BALANCED_seed028,a281ca2e6535f180a03710328a33507ea02f075b6577482c86e139e9f971b3e3,32.285,64.432,195.252,405.877,25,42,0.286,0.1154,60.0,33.739,93.739,153.739,160.0,100.0,6.511,0.0,1.0,0.512,0.488,0.17,3872.982562,1.225403,0.0,198,1406281,1406281,1.0,1796,1796,1.0,119479,0,1,S10|M1_BALANCED|28|B|L2|F3,true,false,false,/home/cyfer/FYP/WSN_simulation_V3/runs/S10_5000/outputs_production_50seed_part26_30/run_campaign_v3_S10_M1_BALANCED_B_L2_F3_H3_seed028_28_20260603_093738
campaign_v3_S10_M1_BALANCED_B_L2_F3_H3_seed029,campaign_v3_S10_M1_BALANCED_B_L2_F3_H3_seed029_29_20260603_093856,S10,5000,200,6,M1_BALANCED,29,B,L2,F3,H3,V3,map_S10_M1_BALANCED_seed029,77162a84d0af255ab0116542bfec2702779cdd7ddfe2c0630f703c06ca2f7295,31.953,62.332,196.613,405.422,25,43,0.2999,0.142,60.0,32.899,92.899,152.899,160.0,100.0,5.607,0.0,1.0,0.333,0.34,0.196,3859.986835,1.228003,0.0,199,1407926,1407926,1.0,1796,1796,1.0,119654,0,1,S10|M1_BALANCED|29|B|L2|F3,true,false,false,/home/cyfer/FYP/WSN_simulation_V3/runs/S10_5000/outputs_production_50seed_part26_30/run_campaign_v3_S10_M1_BALANCED_B_L2_F3_H3_seed029_29_20260603_093856
campaign_v3_S10_M1_BALANCED_B_L2_F3_H3_seed030,campaign_v3_S10_M1_BALANCED_B_L2_F3_H3_seed030_30_20260603_094017,S10,5000,200,6,M1_BALANCED,30,B,L2,F3,H3,V3,map_S10_M1_BALANCED_seed030,fb88fb1bbb8bf8d4c2b8477ab3db1a16009c5dc664fea854cade7d5ec069a94f,32.249,63.37,198.266,408.227,25,49,0.3357,0.128,60.0,35.113,95.113,155.113,160.0,100.0,7.741,0.0,1.0,0.708,0.83,0.042,3864.85738,1.227029,0.0,200,1403226,1403226,1.0,1796,1796,1.0,119154,0,1,S10|M1_BALANCED|30|B|L2|F3,true,false,false,/home/cyfer/FYP/WSN_simulation_V3/runs/S10_5000/outputs_production_50seed_part26_30/run_campaign_v3_S10_M1_BALANCED_B_L2_F3_H3_seed030_30_20260603_094017
campaign_v3_S10_M1_BALANCED_B_L2_F3_H4_seed026,campaign_v3_S10_M1_BALANCED_B_L2_F3_H4_seed026_26_20260603_093503,S10,5000,200,6,M1_BALANCED,26,B,L2,F3,H4,V3,map_S10_M1_BALANCED_seed026,2413a574d3c909e9ca76603f34edff0323d89e32629f230f0d6d3d8be49aff05,32.336,64.012,196.97,408.78,25,52,0.3211,0.1238,60.0,37.948,97.948,157.948,160.0,100.0,6.872,0.0,1.0,0.49,0.618,0.182,3872.400961,1.22552,0.0,196,1405341,1405341,1.0,1796,1796,1.0,119379,0,1,S10|M1_BALANCED|26|B|L2|F3,true,false,false,/home/cyfer/FYP/WSN_simulation_V3/runs/S10_5000/outputs_production_50seed_part26_30/run_campaign_v3_S10_M1_BALANCED_B_L2_F3_H4_seed026_26_20260603_093503
campaign_v3_S10_M1_BALANCED_B_L2_F3_H4_seed027,campaign_v3_S10_M1_BALANCED_B_L2_F3_H4_seed027_27_20260603_093621,S10,5000,200,6,M1_BALANCED,27,B,L2,F3,H4,V3,map_S10_M1_BALANCED_seed027,ba96431f4660c0d6ebfe608e3c8b3d4a5bb8146f8b8c03be027f147557b78682,32.327,65.006,194.795,376.916,25,52,0.3295,0.1306,60.0,38.939,98.939,158.939,160.0,100.0,7.661,0.0,1.0,0.647,0.794,0.113,3872.641237,1.225472,0.0,199,1403461,1403461,1.0,1796,1796,1.0,119179,0,1,S10|M1_BALANCED|27|B|L2|F3,true,false,false,/home/cyfer/FYP/WSN_simulation_V3/runs/S10_5000/outputs_production_50seed_part26_30/run_campaign_v3_S10_M1_BALANCED_B_L2_F3_H4_seed027_27_20260603_093621
campaign_v3_S10_M1_BALANCED_B_L2_F3_H4_seed028,campaign_v3_S10_M1_BALANCED_B_L2_F3_H4_seed028_28_20260603_093738,S10,5000,200,6,M1_BALANCED,28,B,L2,F3,H4,V3,map_S10_M1_BALANCED_seed028,a281ca2e6535f180a03710328a33507ea02f075b6577482c86e139e9f971b3e3,32.285,64.432,195.252,405.877,25,42,0.286,0.1154,60.0,38.448,98.448,158.448,160.0,100.0,6.511,0.0,1.0,0.512,0.488,0.17,3872.986775,1.225403,0.0,198,1406281,1406281,1.0,1796,1796,1.0,119479,0,1,S10|M1_BALANCED|28|B|L2|F3,true,false,false,/home/cyfer/FYP/WSN_simulation_V3/runs/S10_5000/outputs_production_50seed_part26_30/run_campaign_v3_S10_M1_BALANCED_B_L2_F3_H4_seed028_28_20260603_093738
campaign_v3_S10_M1_BALANCED_B_L2_F3_H4_seed029,campaign_v3_S10_M1_BALANCED_B_L2_F3_H4_seed029_29_20260603_093856,S10,5000,200,6,M1_BALANCED,29,B,L2,F3,H4,V3,map_S10_M1_BALANCED_seed029,77162a84d0af255ab0116542bfec2702779cdd7ddfe2c0630f703c06ca2f7295,31.953,62.332,196.613,405.422,25,43,0.2999,0.142,60.0,37.225,97.225,157.225,160.0,100.0,5.607,0.0,1.0,0.333,0.34,0.196,3859.986312,1.228003,0.0,199,1407926,1407926,1.0,1796,1796,1.0,119654,0,1,S10|M1_BALANCED|29|B|L2|F3,true,false,false,/home/cyfer/FYP/WSN_simulation_V3/runs/S10_5000/outputs_production_50seed_part26_30/run_campaign_v3_S10_M1_BALANCED_B_L2_F3_H4_seed029_29_20260603_093856
campaign_v3_S10_M1_BALANCED_B_L2_F3_H4_seed030,campaign_v3_S10_M1_BALANCED_B_L2_F3_H4_seed030_30_20260603_094018,S10,5000,200,6,M1_BALANCED,30,B,L2,F3,H4,V3,map_S10_M1_BALANCED_seed030,fb88fb1bbb8bf8d4c2b8477ab3db1a16009c5dc664fea854cade7d5ec069a94f,32.249,63.37,198.266,408.227,25,49,0.3357,0.128,60.0,39.265,99.265,159.265,160.0,100.0,7.741,0.0,1.0,0.708,0.83,0.042,3864.859699,1.227028,0.0,200,1403226,1403226,1.0,1796,1796,1.0,119154,0,1,S10|M1_BALANCED|30|B|L2|F3,true,false,false,/home/cyfer/FYP/WSN_simulation_V3/runs/S10_5000/outputs_production_50seed_part26_30/run_campaign_v3_S10_M1_BALANCED_B_L2_F3_H4_seed030_30_20260603_094018
campaign_v3_S10_M1_BALANCED_B_L2_F4_H0_seed026,campaign_v3_S10_M1_BALANCED_B_L2_F4_H0_seed026_26_20260603_093451,S10,5000,200,6,M1_BALANCED,26,B,L2,F4,H0,V2,map_S10_M1_BALANCED_seed026,2413a574d3c909e9ca76603f34edff0323d89e32629f230f0d6d3d8be49aff05,32.336,64.012,196.97,408.78,25,52,0.3211,0.1238,60.0,-1.0,-1.0,-1.0,-1.0,-1.0,0.0,0.0,0.0,0.0,0.0,0.0,3864.941814,1.227012,0.0,197,1401800,1401800,1.0,1792,1792,1.0,120200,1,0,S10|M1_BALANCED|26|B|L2|F4,false,false,true,/home/cyfer/FYP/WSN_simulation_V3/runs/S10_5000/outputs_production_50seed_part26_30/run_campaign_v3_S10_M1_BALANCED_B_L2_F4_H0_seed026_26_20260603_093451
campaign_v3_S10_M1_BALANCED_B_L2_F4_H0_seed027,campaign_v3_S10_M1_BALANCED_B_L2_F4_H0_seed027_27_20260603_093609,S10,5000,200,6,M1_BALANCED,27,B,L2,F4,H0,V2,map_S10_M1_BALANCED_seed027,ba96431f4660c0d6ebfe608e3c8b3d4a5bb8146f8b8c03be027f147557b78682,32.327,65.006,194.795,376.916,25,52,0.3295,0.1306,60.0,-1.0,-1.0,-1.0,-1.0,-1.0,0.0,0.0,0.0,0.0,0.0,0.0,3878.94324,1.224211,0.0,199,1405560,1405560,1.0,1792,1792,1.0,120120,1,0,S10|M1_BALANCED|27|B|L2|F4,false,false,true,/home/cyfer/FYP/WSN_simulation_V3/runs/S10_5000/outputs_production_50seed_part26_30/run_campaign_v3_S10_M1_BALANCED_B_L2_F4_H0_seed027_27_20260603_093609
campaign_v3_S10_M1_BALANCED_B_L2_F4_H0_seed028,campaign_v3_S10_M1_BALANCED_B_L2_F4_H0_seed028_28_20260603_093726,S10,5000,200,6,M1_BALANCED,28,B,L2,F4,H0,V2,map_S10_M1_BALANCED_seed028,a281ca2e6535f180a03710328a33507ea02f075b6577482c86e139e9f971b3e3,32.285,64.432,195.252,405.877,25,42,0.286,0.1154,60.0,-1.0,-1.0,-1.0,-1.0,-1.0,0.0,0.0,0.0,0.0,0.0,0.0,3876.566638,1.224687,0.0,198,1408145,1408145,1.0,1792,1792,1.0,120065,1,0,S10|M1_BALANCED|28|B|L2|F4,false,false,true,/home/cyfer/FYP/WSN_simulation_V3/runs/S10_5000/outputs_production_50seed_part26_30/run_campaign_v3_S10_M1_BALANCED_B_L2_F4_H0_seed028_28_20260603_093726
campaign_v3_S10_M1_BALANCED_B_L2_F4_H0_seed029,campaign_v3_S10_M1_BALANCED_B_L2_F4_H0_seed029_29_20260603_093844,S10,5000,200,6,M1_BALANCED,29,B,L2,F4,H0,V2,map_S10_M1_BALANCED_seed029,77162a84d0af255ab0116542bfec2702779cdd7ddfe2c0630f703c06ca2f7295,31.953,62.332,196.613,405.422,25,43,0.2999,0.142,60.0,-1.0,-1.0,-1.0,-1.0,-1.0,0.0,0.0,0.0,0.0,0.0,0.0,3859.631359,1.228074,0.0,199,1407675,1407675,1.0,1792,1792,1.0,120075,1,0,S10|M1_BALANCED|29|B|L2|F4,false,false,true,/home/cyfer/FYP/WSN_simulation_V3/runs/S10_5000/outputs_production_50seed_part26_30/run_campaign_v3_S10_M1_BALANCED_B_L2_F4_H0_seed029_29_20260603_093844
campaign_v3_S10_M1_BALANCED_B_L2_F4_H0_seed030,campaign_v3_S10_M1_BALANCED_B_L2_F4_H0_seed030_30_20260603_094003,S10,5000,200,6,M1_BALANCED,30,B,L2,F4,H0,V2,map_S10_M1_BALANCED_seed030,fb88fb1bbb8bf8d4c2b8477ab3db1a16009c5dc664fea854cade7d5ec069a94f,32.249,63.37,198.266,408.227,25,49,0.3357,0.128,60.0,-1.0,-1.0,-1.0,-1.0,-1.0,0.0,0.0,0.0,0.0,0.0,0.0,3870.114873,1.225977,0.0,199,1405090,1405090,1.0,1792,1792,1.0,120130,1,0,S10|M1_BALANCED|30|B|L2|F4,false,false,true,/home/cyfer/FYP/WSN_simulation_V3/runs/S10_5000/outputs_production_50seed_part26_30/run_campaign_v3_S10_M1_BALANCED_B_L2_F4_H0_seed030_30_20260603_094003
campaign_v3_S10_M1_BALANCED_B_L2_F4_H1_seed026,campaign_v3_S10_M1_BALANCED_B_L2_F4_H1_seed026_26_20260603_093504,S10,5000,200,6,M1_BALANCED,26,B,L2,F4,H1,V3,map_S10_M1_BALANCED_seed026,2413a574d3c909e9ca76603f34edff0323d89e32629f230f0d6d3d8be49aff05,32.336,64.012,196.97,408.78,25,52,0.3211,0.1238,60.0,35.763,95.763,155.763,160.0,100.0,8.69,0.0,1.0,0.784,0.957,0.155,3868.640904,1.226272,0.0,197,1402776,1402776,1.0,1796,1796,1.0,119004,0,1,S10|M1_BALANCED|26|B|L2|F4,true,false,false,/home/cyfer/FYP/WSN_simulation_V3/runs/S10_5000/outputs_production_50seed_part26_30/run_campaign_v3_S10_M1_BALANCED_B_L2_F4_H1_seed026_26_20260603_093504
campaign_v3_S10_M1_BALANCED_B_L2_F4_H1_seed027,campaign_v3_S10_M1_BALANCED_B_L2_F4_H1_seed027_27_20260603_093622,S10,5000,200,6,M1_BALANCED,27,B,L2,F4,H1,V3,map_S10_M1_BALANCED_seed027,ba96431f4660c0d6ebfe608e3c8b3d4a5bb8146f8b8c03be027f147557b78682,32.327,65.006,194.795,376.916,25,52,0.3295,0.1306,60.0,33.876,93.876,153.876,160.0,100.0,6.55,0.0,1.0,0.471,0.553,0.159,3881.193435,1.223761,0.0,199,1406200,1406200,1.0,1796,1796,1.0,119404,0,1,S10|M1_BALANCED|27|B|L2|F4,true,false,false,/home/cyfer/FYP/WSN_simulation_V3/runs/S10_5000/outputs_production_50seed_part26_30/run_campaign_v3_S10_M1_BALANCED_B_L2_F4_H1_seed027_27_20260603_093622
campaign_v3_S10_M1_BALANCED_B_L2_F4_H1_seed028,campaign_v3_S10_M1_BALANCED_B_L2_F4_H1_seed028_28_20260603_093739,S10,5000,200,6,M1_BALANCED,28,B,L2,F4,H1,V3,map_S10_M1_BALANCED_seed028,a281ca2e6535f180a03710328a33507ea02f075b6577482c86e139e9f971b3e3,32.285,64.432,195.252,405.877,25,42,0.286,0.1154,60.0,32.771,92.771,152.771,160.0,100.0,5.269,0.0,1.0,0.317,0.308,0.131,3877.916332,1.224417,0.0,198,1408512,1408512,1.0,1796,1796,1.0,119679,0,1,S10|M1_BALANCED|28|B|L2|F4,true,false,false,/home/cyfer/FYP/WSN_simulation_V3/runs/S10_5000/outputs_production_50seed_part26_30/run_campaign_v3_S10_M1_BALANCED_B_L2_F4_H1_seed028_28_20260603_093739
campaign_v3_S10_M1_BALANCED_B_L2_F4_H1_seed029,campaign_v3_S10_M1_BALANCED_B_L2_F4_H1_seed029_29_20260603_093857,S10,5000,200,6,M1_BALANCED,29,B,L2,F4,H1,V3,map_S10_M1_BALANCED_seed029,77162a84d0af255ab0116542bfec2702779cdd7ddfe2c0630f703c06ca2f7295,31.953,62.332,196.613,405.422,25,43,0.2999,0.142,60.0,32.545,92.545,152.545,160.0,100.0,5.514,0.0,1.0,0.357,0.355,0.126,3861.120028,1.227776,0.0,199,1408096,1408096,1.0,1796,1796,1.0,119629,0,1,S10|M1_BALANCED|29|B|L2|F4,true,false,false,/home/cyfer/FYP/WSN_simulation_V3/runs/S10_5000/outputs_production_50seed_part26_30/run_campaign_v3_S10_M1_BALANCED_B_L2_F4_H1_seed029_29_20260603_093857
campaign_v3_S10_M1_BALANCED_B_L2_F4_H1_seed030,campaign_v3_S10_M1_BALANCED_B_L2_F4_H1_seed030_30_20260603_094019,S10,5000,200,6,M1_BALANCED,30,B,L2,F4,H1,V3,map_S10_M1_BALANCED_seed030,fb88fb1bbb8bf8d4c2b8477ab3db1a16009c5dc664fea854cade7d5ec069a94f,32.249,63.37,198.266,408.227,25,49,0.3357,0.128,60.0,33.834,93.834,153.834,160.0,100.0,6.705,0.0,1.0,0.542,0.621,0.073,3872.644314,1.225471,0.0,199,1405782,1405782,1.0,1796,1796,1.0,119354,0,1,S10|M1_BALANCED|30|B|L2|F4,true,false,false,/home/cyfer/FYP/WSN_simulation_V3/runs/S10_5000/outputs_production_50seed_part26_30/run_campaign_v3_S10_M1_BALANCED_B_L2_F4_H1_seed030_30_20260603_094019
campaign_v3_S10_M1_BALANCED_B_L2_F4_H3_seed026,campaign_v3_S10_M1_BALANCED_B_L2_F4_H3_seed026_26_20260603_093505,S10,5000,200,6,M1_BALANCED,26,B,L2,F4,H3,V3,map_S10_M1_BALANCED_seed026,2413a574d3c909e9ca76603f34edff0323d89e32629f230f0d6d3d8be49aff05,32.336,64.012,196.97,408.78,25,52,0.3211,0.1238,60.0,41.938,101.938,161.938,170.0,110.0,8.69,0.0,1.0,0.784,0.957,0.155,3866.521083,1.226696,0.0,197,1402176,1402176,1.0,1796,1796,1.0,119004,0,1,S10|M1_BALANCED|26|B|L2|F4,true,false,false,/home/cyfer/FYP/WSN_simulation_V3/runs/S10_5000/outputs_production_50seed_part26_30/run_campaign_v3_S10_M1_BALANCED_B_L2_F4_H3_seed026_26_20260603_093505
campaign_v3_S10_M1_BALANCED_B_L2_F4_H3_seed027,campaign_v3_S10_M1_BALANCED_B_L2_F4_H3_seed027_27_20260603_093622,S10,5000,200,6,M1_BALANCED,27,B,L2,F4,H3,V3,map_S10_M1_BALANCED_seed027,ba96431f4660c0d6ebfe608e3c8b3d4a5bb8146f8b8c03be027f147557b78682,32.327,65.006,194.795,376.916,25,52,0.3295,0.1306,60.0,39.714,99.714,159.714,160.0,100.0,6.55,0.0,1.0,0.471,0.553,0.159,3879.971504,1.224006,0.0,199,1405816,1405816,1.0,1796,1796,1.0,119404,0,1,S10|M1_BALANCED|27|B|L2|F4,true,false,false,/home/cyfer/FYP/WSN_simulation_V3/runs/S10_5000/outputs_production_50seed_part26_30/run_campaign_v3_S10_M1_BALANCED_B_L2_F4_H3_seed027_27_20260603_093622
campaign_v3_S10_M1_BALANCED_B_L2_F4_H3_seed028,campaign_v3_S10_M1_BALANCED_B_L2_F4_H3_seed028_28_20260603_093740,S10,5000,200,6,M1_BALANCED,28,B,L2,F4,H3,V3,map_S10_M1_BALANCED_seed028,a281ca2e6535f180a03710328a33507ea02f075b6577482c86e139e9f971b3e3,32.285,64.432,195.252,405.877,25,42,0.286,0.1154,60.0,38.38,98.38,158.38,160.0,100.0,5.269,0.0,1.0,0.317,0.308,0.131,3877.246229,1.224551,0.0,198,1408308,1408308,1.0,1796,1796,1.0,119679,0,1,S10|M1_BALANCED|28|B|L2|F4,true,false,false,/home/cyfer/FYP/WSN_simulation_V3/runs/S10_5000/outputs_production_50seed_part26_30/run_campaign_v3_S10_M1_BALANCED_B_L2_F4_H3_seed028_28_20260603_093740
campaign_v3_S10_M1_BALANCED_B_L2_F4_H3_seed029,campaign_v3_S10_M1_BALANCED_B_L2_F4_H3_seed029_29_20260603_093858,S10,5000,200,6,M1_BALANCED,29,B,L2,F4,H3,V3,map_S10_M1_BALANCED_seed029,77162a84d0af255ab0116542bfec2702779cdd7ddfe2c0630f703c06ca2f7295,31.953,62.332,196.613,405.422,25,43,0.2999,0.142,60.0,38.949,98.949,158.949,160.0,100.0,5.514,0.0,1.0,0.357,0.355,0.126,3860.359077,1.227928,0.0,199,1407859,1407859,1.0,1796,1796,1.0,119629,0,1,S10|M1_BALANCED|29|B|L2|F4,true,false,false,/home/cyfer/FYP/WSN_simulation_V3/runs/S10_5000/outputs_production_50seed_part26_30/run_campaign_v3_S10_M1_BALANCED_B_L2_F4_H3_seed029_29_20260603_093858
campaign_v3_S10_M1_BALANCED_B_L2_F4_H3_seed030,campaign_v3_S10_M1_BALANCED_B_L2_F4_H3_seed030_30_20260603_094020,S10,5000,200,6,M1_BALANCED,30,B,L2,F4,H3,V3,map_S10_M1_BALANCED_seed030,fb88fb1bbb8bf8d4c2b8477ab3db1a16009c5dc664fea854cade7d5ec069a94f,32.249,63.37,198.266,408.227,25,49,0.3357,0.128,60.0,39.907,99.907,159.907,160.0,100.0,6.705,0.0,1.0,0.542,0.621,0.073,3871.200636,1.22576,0.0,199,1405366,1405366,1.0,1796,1796,1.0,119354,0,1,S10|M1_BALANCED|30|B|L2|F4,true,false,false,/home/cyfer/FYP/WSN_simulation_V3/runs/S10_5000/outputs_production_50seed_part26_30/run_campaign_v3_S10_M1_BALANCED_B_L2_F4_H3_seed030_30_20260603_094020
campaign_v3_S10_M1_BALANCED_B_L2_F4_H4_seed026,campaign_v3_S10_M1_BALANCED_B_L2_F4_H4_seed026_26_20260603_093505,S10,5000,200,6,M1_BALANCED,26,B,L2,F4,H4,V3,map_S10_M1_BALANCED_seed026,2413a574d3c909e9ca76603f34edff0323d89e32629f230f0d6d3d8be49aff05,32.336,64.012,196.97,408.78,25,52,0.3211,0.1238,60.0,46.283,106.283,166.283,170.0,110.0,8.69,0.0,1.0,0.784,0.957,0.155,3860.578943,1.227884,0.0,197,1399792,1399792,1.0,1796,1796,1.0,118508,0,1,S10|M1_BALANCED|26|B|L2|F4,true,false,false,/home/cyfer/FYP/WSN_simulation_V3/runs/S10_5000/outputs_production_50seed_part26_30/run_campaign_v3_S10_M1_BALANCED_B_L2_F4_H4_seed026_26_20260603_093505
campaign_v3_S10_M1_BALANCED_B_L2_F4_H4_seed027,campaign_v3_S10_M1_BALANCED_B_L2_F4_H4_seed027_27_20260603_093623,S10,5000,200,6,M1_BALANCED,27,B,L2,F4,H4,V3,map_S10_M1_BALANCED_seed027,ba96431f4660c0d6ebfe608e3c8b3d4a5bb8146f8b8c03be027f147557b78682,32.327,65.006,194.795,376.916,25,52,0.3295,0.1306,60.0,43.956,103.956,163.956,170.0,110.0,6.55,0.0,1.0,0.471,0.553,0.159,3876.592712,1.224681,0.0,199,1404535,1404535,1.0,1796,1796,1.0,119133,0,1,S10|M1_BALANCED|27|B|L2|F4,true,false,false,/home/cyfer/FYP/WSN_simulation_V3/runs/S10_5000/outputs_production_50seed_part26_30/run_campaign_v3_S10_M1_BALANCED_B_L2_F4_H4_seed027_27_20260603_093623
campaign_v3_S10_M1_BALANCED_B_L2_F4_H4_seed028,campaign_v3_S10_M1_BALANCED_B_L2_F4_H4_seed028_28_20260603_093740,S10,5000,200,6,M1_BALANCED,28,B,L2,F4,H4,V3,map_S10_M1_BALANCED_seed028,a281ca2e6535f180a03710328a33507ea02f075b6577482c86e139e9f971b3e3,32.285,64.432,195.252,405.877,25,42,0.286,0.1154,60.0,42.75,102.75,162.75,170.0,110.0,5.269,0.0,1.0,0.317,0.308,0.131,3869.971522,1.226006,0.0,198,1405362,1405362,1.0,1796,1796,1.0,119108,0,1,S10|M1_BALANCED|28|B|L2|F4,true,false,false,/home/cyfer/FYP/WSN_simulation_V3/runs/S10_5000/outputs_production_50seed_part26_30/run_campaign_v3_S10_M1_BALANCED_B_L2_F4_H4_seed028_28_20260603_093740
campaign_v3_S10_M1_BALANCED_B_L2_F4_H4_seed029,campaign_v3_S10_M1_BALANCED_B_L2_F4_H4_seed029_29_20260603_093858,S10,5000,200,6,M1_BALANCED,29,B,L2,F4,H4,V3,map_S10_M1_BALANCED_seed029,77162a84d0af255ab0116542bfec2702779cdd7ddfe2c0630f703c06ca2f7295,31.953,62.332,196.613,405.422,25,43,0.2999,0.142,60.0,42.883,102.883,162.883,170.0,110.0,5.514,0.0,1.0,0.357,0.355,0.126,3856.077031,1.228785,0.0,199,1405982,1405982,1.0,1796,1796,1.0,119258,0,1,S10|M1_BALANCED|29|B|L2|F4,true,false,false,/home/cyfer/FYP/WSN_simulation_V3/runs/S10_5000/outputs_production_50seed_part26_30/run_campaign_v3_S10_M1_BALANCED_B_L2_F4_H4_seed029_29_20260603_093858
campaign_v3_S10_M1_BALANCED_B_L2_F4_H4_seed030,campaign_v3_S10_M1_BALANCED_B_L2_F4_H4_seed030_30_20260603_094020,S10,5000,200,6,M1_BALANCED,30,B,L2,F4,H4,V3,map_S10_M1_BALANCED_seed030,fb88fb1bbb8bf8d4c2b8477ab3db1a16009c5dc664fea854cade7d5ec069a94f,32.249,63.37,198.266,408.227,25,49,0.3357,0.128,60.0,44.219,104.219,164.219,170.0,110.0,6.705,0.0,1.0,0.542,0.621,0.073,3867.901129,1.22642,0.0,199,1403952,1403952,1.0,1796,1796,1.0,119058,0,1,S10|M1_BALANCED|30|B|L2|F4,true,false,false,/home/cyfer/FYP/WSN_simulation_V3/runs/S10_5000/outputs_production_50seed_part26_30/run_campaign_v3_S10_M1_BALANCED_B_L2_F4_H4_seed030_30_20260603_094020
campaign_v3_S10_M2_LONG_LINK_A_L1_F0_H0_seed026,campaign_v3_S10_M2_LONG_LINK_A_L1_F0_H0_seed026_26_20260603_094021,S10,5000,200,6,M2_LONG_LINK,26,A,L1,F0,H0,V1,map_S10_M2_LONG_LINK_seed026,d15212a0c3b8ff5d653648088c0a80c4746f932ed7de94ed06a65810802293fd,98.006,356.83,197.8,395.65,25,1013,3.6634,0.2964,0.0,-1.0,-1.0,-1.0,-1.0,-1.0,0.0,0.0,0.0,0.0,0.0,0.0,5597.829329,0.880434,0.0,1955,1411200,1411200,1.0,1800,1800,1.0,120000,0,0,S10|M2_LONG_LINK|26|A|L1|F0,false,true,false,/home/cyfer/FYP/WSN_simulation_V3/runs/S10_5000/outputs_production_50seed_part26_30/run_campaign_v3_S10_M2_LONG_LINK_A_L1_F0_H0_seed026_26_20260603_094021
campaign_v3_S10_M2_LONG_LINK_A_L1_F0_H0_seed027,campaign_v3_S10_M2_LONG_LINK_A_L1_F0_H0_seed027_27_20260603_094248,S10,5000,200,6,M2_LONG_LINK,27,A,L1,F0,H0,V1,map_S10_M2_LONG_LINK_seed027,b85dac5b485520e3b3585b49f53af630fbb0897fb5f1bd691b7517d1d3d30d9b,100.832,347.452,199.455,399.379,25,579,2.8686,0.2956,0.0,-1.0,-1.0,-1.0,-1.0,-1.0,0.0,0.0,0.0,0.0,0.0,0.0,5638.368583,0.872326,0.0,2018,1411200,1411200,1.0,1800,1800,1.0,120000,0,0,S10|M2_LONG_LINK|27|A|L1|F0,false,true,false,/home/cyfer/FYP/WSN_simulation_V3/runs/S10_5000/outputs_production_50seed_part26_30/run_campaign_v3_S10_M2_LONG_LINK_A_L1_F0_H0_seed027_27_20260603_094248
campaign_v3_S10_M2_LONG_LINK_A_L1_F0_H0_seed028,campaign_v3_S10_M2_LONG_LINK_A_L1_F0_H0_seed028_28_20260603_094516,S10,5000,200,6,M2_LONG_LINK,28,A,L1,F0,H0,V1,map_S10_M2_LONG_LINK_seed028,0a3314a261794ecedc512ba13820423c8340e698f7b031fa90b9cd892ce54580,98.755,339.223,195.162,405.877,25,799,3.0964,0.3006,0.0,-1.0,-1.0,-1.0,-1.0,-1.0,0.0,0.0,0.0,0.0,0.0,0.0,5647.791816,0.870442,0.0,2036,1411200,1411200,1.0,1800,1800,1.0,120000,0,0,S10|M2_LONG_LINK|28|A|L1|F0,false,true,false,/home/cyfer/FYP/WSN_simulation_V3/runs/S10_5000/outputs_production_50seed_part26_30/run_campaign_v3_S10_M2_LONG_LINK_A_L1_F0_H0_seed028_28_20260603_094516
campaign_v3_S10_M2_LONG_LINK_A_L1_F0_H0_seed029,campaign_v3_S10_M2_LONG_LINK_A_L1_F0_H0_seed029_29_20260603_094731,S10,5000,200,6,M2_LONG_LINK,29,A,L1,F0,H0,V1,map_S10_M2_LONG_LINK_seed029,edd547672bdac93df6475cd98ac2eb27f8f37d343bcb78b2baed696fcd08db1d,98.257,346.016,198.004,387.561,25,703,2.8517,0.2928,0.0,-1.0,-1.0,-1.0,-1.0,-1.0,0.0,0.0,0.0,0.0,0.0,0.0,5603.755102,0.879249,0.0,1968,1411200,1411200,1.0,1800,1800,1.0,120000,0,0,S10|M2_LONG_LINK|29|A|L1|F0,false,true,false,/home/cyfer/FYP/WSN_simulation_V3/runs/S10_5000/outputs_production_50seed_part26_30/run_campaign_v3_S10_M2_LONG_LINK_A_L1_F0_H0_seed029_29_20260603_094731
campaign_v3_S10_M2_LONG_LINK_A_L1_F0_H0_seed030,campaign_v3_S10_M2_LONG_LINK_A_L1_F0_H0_seed030_30_20260603_094935,S10,5000,200,6,M2_LONG_LINK,30,A,L1,F0,H0,V1,map_S10_M2_LONG_LINK_seed030,34738ab074fabc6e951084a39b0f417ab752c4587eec2566a128bd3d2c274dbf,103.41,357.239,197.379,408.227,25,690,3.0246,0.3072,0.0,-1.0,-1.0,-1.0,-1.0,-1.0,0.0,0.0,0.0,0.0,0.0,0.0,5723.453057,0.855309,0.0,2145,1411200,1411200,1.0,1800,1800,1.0,120000,0,0,S10|M2_LONG_LINK|30|A|L1|F0,false,true,false,/home/cyfer/FYP/WSN_simulation_V3/runs/S10_5000/outputs_production_50seed_part26_30/run_campaign_v3_S10_M2_LONG_LINK_A_L1_F0_H0_seed030_30_20260603_094935
campaign_v3_S10_M2_LONG_LINK_A_L1_F1_H0_seed026,campaign_v3_S10_M2_LONG_LINK_A_L1_F1_H0_seed026_26_20260603_094023,S10,5000,200,6,M2_LONG_LINK,26,A,L1,F1,H0,V2,map_S10_M2_LONG_LINK_seed026,d15212a0c3b8ff5d653648088c0a80c4746f932ed7de94ed06a65810802293fd,98.006,356.83,197.8,395.65,25,1013,3.6634,0.2964,60.0,-1.0,-1.0,-1.0,-1.0,-1.0,0.0,0.0,0.0,0.0,0.0,0.0,5592.581104,0.881186,0.0,1955,1408615,1408615,1.0,1792,1792,1.0,120055,1,0,S10|M2_LONG_LINK|26|A|L1|F1,false,false,true,/home/cyfer/FYP/WSN_simulation_V3/runs/S10_5000/outputs_production_50seed_part26_30/run_campaign_v3_S10_M2_LONG_LINK_A_L1_F1_H0_seed026_26_20260603_094023
campaign_v3_S10_M2_LONG_LINK_A_L1_F1_H0_seed027,campaign_v3_S10_M2_LONG_LINK_A_L1_F1_H0_seed027_27_20260603_094250,S10,5000,200,6,M2_LONG_LINK,27,A,L1,F1,H0,V2,map_S10_M2_LONG_LINK_seed027,b85dac5b485520e3b3585b49f53af630fbb0897fb5f1bd691b7517d1d3d30d9b,100.832,347.452,199.455,399.379,25,579,2.8686,0.2956,60.0,-1.0,-1.0,-1.0,-1.0,-1.0,0.0,0.0,0.0,0.0,0.0,0.0,5631.120165,0.873535,0.0,2018,1407205,1407205,1.0,1792,1792,1.0,120085,1,0,S10|M2_LONG_LINK|27|A|L1|F1,false,false,true,/home/cyfer/FYP/WSN_simulation_V3/runs/S10_5000/outputs_production_50seed_part26_30/run_campaign_v3_S10_M2_LONG_LINK_A_L1_F1_H0_seed027_27_20260603_094250
campaign_v3_S10_M2_LONG_LINK_A_L1_F1_H0_seed028,campaign_v3_S10_M2_LONG_LINK_A_L1_F1_H0_seed028_28_20260603_094518,S10,5000,200,6,M2_LONG_LINK,28,A,L1,F1,H0,V2,map_S10_M2_LONG_LINK_seed028,0a3314a261794ecedc512ba13820423c8340e698f7b031fa90b9cd892ce54580,98.755,339.223,195.162,405.877,25,799,3.0964,0.3006,60.0,-1.0,-1.0,-1.0,-1.0,-1.0,0.0,0.0,0.0,0.0,0.0,0.0,5641.949501,0.871325,0.0,2036,1408380,1408380,1.0,1792,1792,1.0,120060,1,0,S10|M2_LONG_LINK|28|A|L1|F1,false,false,true,/home/cyfer/FYP/WSN_simulation_V3/runs/S10_5000/outputs_production_50seed_part26_30/run_campaign_v3_S10_M2_LONG_LINK_A_L1_F1_H0_seed028_28_20260603_094518
campaign_v3_S10_M2_LONG_LINK_A_L1_F1_H0_seed029,campaign_v3_S10_M2_LONG_LINK_A_L1_F1_H0_seed029_29_20260603_094732,S10,5000,200,6,M2_LONG_LINK,29,A,L1,F1,H0,V2,map_S10_M2_LONG_LINK_seed029,edd547672bdac93df6475cd98ac2eb27f8f37d343bcb78b2baed696fcd08db1d,98.257,346.016,198.004,387.561,25,703,2.8517,0.2928,60.0,-1.0,-1.0,-1.0,-1.0,-1.0,0.0,0.0,0.0,0.0,0.0,0.0,5597.526432,0.880213,0.0,1968,1408380,1408380,1.0,1792,1792,1.0,120060,1,0,S10|M2_LONG_LINK|29|A|L1|F1,false,false,true,/home/cyfer/FYP/WSN_simulation_V3/runs/S10_5000/outputs_production_50seed_part26_30/run_campaign_v3_S10_M2_LONG_LINK_A_L1_F1_H0_seed029_29_20260603_094732
campaign_v3_S10_M2_LONG_LINK_A_L1_F1_H0_seed030,campaign_v3_S10_M2_LONG_LINK_A_L1_F1_H0_seed030_30_20260603_094936,S10,5000,200,6,M2_LONG_LINK,30,A,L1,F1,H0,V2,map_S10_M2_LONG_LINK_seed030,34738ab074fabc6e951084a39b0f417ab752c4587eec2566a128bd3d2c274dbf,103.41,357.239,197.379,408.227,25,690,3.0246,0.3072,60.0,-1.0,-1.0,-1.0,-1.0,-1.0,0.0,0.0,0.0,0.0,0.0,0.0,5715.693704,0.856638,0.0,2145,1406735,1406735,1.0,1792,1792,1.0,120095,1,0,S10|M2_LONG_LINK|30|A|L1|F1,false,false,true,/home/cyfer/FYP/WSN_simulation_V3/runs/S10_5000/outputs_production_50seed_part26_30/run_campaign_v3_S10_M2_LONG_LINK_A_L1_F1_H0_seed030_30_20260603_094936
campaign_v3_S10_M2_LONG_LINK_A_L1_F1_H1_seed026,campaign_v3_S10_M2_LONG_LINK_A_L1_F1_H1_seed026_26_20260603_094030,S10,5000,200,6,M2_LONG_LINK,26,A,L1,F1,H1,V3,map_S10_M2_LONG_LINK_seed026,d15212a0c3b8ff5d653648088c0a80c4746f932ed7de94ed06a65810802293fd,98.006,356.83,197.8,395.65,25,1013,3.6634,0.2964,60.0,18.491,78.491,138.491,140.0,80.0,6.421,3.0,1.0,0.011,1.0,0.129,5596.655515,0.880371,0.0,1956,1410331,1410331,1.0,1797,1797,1.0,120000,0,1,S10|M2_LONG_LINK|26|A|L1|F1,true,false,false,/home/cyfer/FYP/WSN_simulation_V3/runs/S10_5000/outputs_production_50seed_part26_30/run_campaign_v3_S10_M2_LONG_LINK_A_L1_F1_H1_seed026_26_20260603_094030
campaign_v3_S10_M2_LONG_LINK_A_L1_F1_H1_seed027,campaign_v3_S10_M2_LONG_LINK_A_L1_F1_H1_seed027_27_20260603_094258,S10,5000,200,6,M2_LONG_LINK,27,A,L1,F1,H1,V3,map_S10_M2_LONG_LINK_seed027,b85dac5b485520e3b3585b49f53af630fbb0897fb5f1bd691b7517d1d3d30d9b,100.832,347.452,199.455,399.379,25,579,2.8686,0.2956,60.0,18.792,78.792,138.792,140.0,80.0,6.362,3.0,1.0,0.029,1.0,0.091,5636.857838,0.872388,0.0,2019,1409857,1409857,1.0,1797,1797,1.0,120000,0,1,S10|M2_LONG_LINK|27|A|L1|F1,true,false,false,/home/cyfer/FYP/WSN_simulation_V3/runs/S10_5000/outputs_production_50seed_part26_30/run_campaign_v3_S10_M2_LONG_LINK_A_L1_F1_H1_seed027_27_20260603_094258
campaign_v3_S10_M2_LONG_LINK_A_L1_F1_H1_seed028,campaign_v3_S10_M2_LONG_LINK_A_L1_F1_H1_seed028_28_20260603_094526,S10,5000,200,6,M2_LONG_LINK,28,A,L1,F1,H1,V3,map_S10_M2_LONG_LINK_seed028,0a3314a261794ecedc512ba13820423c8340e698f7b031fa90b9cd892ce54580,98.755,339.223,195.162,405.877,25,799,3.0964,0.3006,60.0,19.145,79.145,139.145,140.0,80.0,6.471,3.0,1.0,0.015,1.0,0.142,5646.106176,0.870493,0.0,2037,1410240,1410240,1.0,1797,1797,1.0,120000,0,1,S10|M2_LONG_LINK|28|A|L1|F1,true,false,false,/home/cyfer/FYP/WSN_simulation_V3/runs/S10_5000/outputs_production_50seed_part26_30/run_campaign_v3_S10_M2_LONG_LINK_A_L1_F1_H1_seed028_28_20260603_094526
campaign_v3_S10_M2_LONG_LINK_A_L1_F1_H1_seed029,campaign_v3_S10_M2_LONG_LINK_A_L1_F1_H1_seed029_29_20260603_094739,S10,5000,200,6,M2_LONG_LINK,29,A,L1,F1,H1,V3,map_S10_M2_LONG_LINK_seed029,edd547672bdac93df6475cd98ac2eb27f8f37d343bcb78b2baed696fcd08db1d,98.257,346.016,198.004,387.561,25,703,2.8517,0.2928,60.0,19.136,79.136,139.136,140.0,80.0,6.372,3.0,1.0,0.017,1.0,0.107,5602.168955,0.879285,0.0,1969,1410240,1410240,1.0,1797,1797,1.0,120000,0,1,S10|M2_LONG_LINK|29|A|L1|F1,true,false,false,/home/cyfer/FYP/WSN_simulation_V3/runs/S10_5000/outputs_production_50seed_part26_30/run_campaign_v3_S10_M2_LONG_LINK_A_L1_F1_H1_seed029_29_20260603_094739
campaign_v3_S10_M2_LONG_LINK_A_L1_F1_H1_seed030,campaign_v3_S10_M2_LONG_LINK_A_L1_F1_H1_seed030_30_20260603_094943,S10,5000,200,6,M2_LONG_LINK,30,A,L1,F1,H1,V3,map_S10_M2_LONG_LINK_seed030,34738ab074fabc6e951084a39b0f417ab752c4587eec2566a128bd3d2c274dbf,103.41,357.239,197.379,408.227,25,690,3.0246,0.3072,60.0,18.592,78.592,138.592,140.0,80.0,6.313,3.0,1.0,0.028,1.0,0.077,5721.832727,0.85541,0.0,2146,1409699,1409699,1.0,1797,1797,1.0,120000,0,1,S10|M2_LONG_LINK|30|A|L1|F1,true,false,false,/home/cyfer/FYP/WSN_simulation_V3/runs/S10_5000/outputs_production_50seed_part26_30/run_campaign_v3_S10_M2_LONG_LINK_A_L1_F1_H1_seed030_30_20260603_094943
campaign_v3_S10_M2_LONG_LINK_A_L1_F1_H3_seed026,campaign_v3_S10_M2_LONG_LINK_A_L1_F1_H3_seed026_26_20260603_094034,S10,5000,200,6,M2_LONG_LINK,26,A,L1,F1,H3,V3,map_S10_M2_LONG_LINK_seed026,d15212a0c3b8ff5d653648088c0a80c4746f932ed7de94ed06a65810802293fd,98.006,356.83,197.8,395.65,25,1013,3.6634,0.2964,60.0,25.188,85.188,145.188,150.0,90.0,6.421,3.0,1.0,0.011,1.0,0.129,5594.70972,0.88076,0.0,1955,1409509,1409509,1.0,1797,1797,1.0,119875,0,1,S10|M2_LONG_LINK|26|A|L1|F1,true,false,false,/home/cyfer/FYP/WSN_simulation_V3/runs/S10_5000/outputs_production_50seed_part26_30/run_campaign_v3_S10_M2_LONG_LINK_A_L1_F1_H3_seed026_26_20260603_094034
campaign_v3_S10_M2_LONG_LINK_A_L1_F1_H3_seed027,campaign_v3_S10_M2_LONG_LINK_A_L1_F1_H3_seed027_27_20260603_094302,S10,5000,200,6,M2_LONG_LINK,27,A,L1,F1,H3,V3,map_S10_M2_LONG_LINK_seed027,b85dac5b485520e3b3585b49f53af630fbb0897fb5f1bd691b7517d1d3d30d9b,100.832,347.452,199.455,399.379,25,579,2.8686,0.2956,60.0,25.252,85.252,145.252,150.0,90.0,6.362,3.0,1.0,0.029,1.0,0.091,5634.622908,0.872835,0.0,2018,1408546,1408546,1.0,1797,1797,1.0,119800,0,1,S10|M2_LONG_LINK|27|A|L1|F1,true,false,false,/home/cyfer/FYP/WSN_simulation_V3/runs/S10_5000/outputs_production_50seed_part26_30/run_campaign_v3_S10_M2_LONG_LINK_A_L1_F1_H3_seed027_27_20260603_094302
campaign_v3_S10_M2_LONG_LINK_A_L1_F1_H3_seed028,campaign_v3_S10_M2_LONG_LINK_A_L1_F1_H3_seed028_28_20260603_094530,S10,5000,200,6,M2_LONG_LINK,28,A,L1,F1,H3,V3,map_S10_M2_LONG_LINK_seed028,0a3314a261794ecedc512ba13820423c8340e698f7b031fa90b9cd892ce54580,98.755,339.223,195.162,405.877,25,799,3.0964,0.3006,60.0,25.273,85.273,145.273,150.0,90.0,6.471,3.0,1.0,0.015,1.0,0.142,5644.118675,0.870891,0.0,2036,1409274,1409274,1.0,1797,1797,1.0,119850,0,1,S10|M2_LONG_LINK|28|A|L1|F1,true,false,false,/home/cyfer/FYP/WSN_simulation_V3/runs/S10_5000/outputs_production_50seed_part26_30/run_campaign_v3_S10_M2_LONG_LINK_A_L1_F1_H3_seed028_28_20260603_094530
campaign_v3_S10_M2_LONG_LINK_A_L1_F1_H3_seed029,campaign_v3_S10_M2_LONG_LINK_A_L1_F1_H3_seed029_29_20260603_094742,S10,5000,200,6,M2_LONG_LINK,29,A,L1,F1,H3,V3,map_S10_M2_LONG_LINK_seed029,edd547672bdac93df6475cd98ac2eb27f8f37d343bcb78b2baed696fcd08db1d,98.257,346.016,198.004,387.561,25,703,2.8517,0.2928,60.0,24.875,84.875,144.875,150.0,90.0,6.372,3.0,1.0,0.017,1.0,0.107,5599.673174,0.879784,0.0,1968,1409280,1409280,1.0,1797,1797,1.0,119850,0,1,S10|M2_LONG_LINK|29|A|L1|F1,true,false,false,/home/cyfer/FYP/WSN_simulation_V3/runs/S10_5000/outputs_production_50seed_part26_30/run_campaign_v3_S10_M2_LONG_LINK_A_L1_F1_H3_seed029_29_20260603_094742
campaign_v3_S10_M2_LONG_LINK_A_L1_F1_H3_seed030,campaign_v3_S10_M2_LONG_LINK_A_L1_F1_H3_seed030_30_20260603_094947,S10,5000,200,6,M2_LONG_LINK,30,A,L1,F1,H3,V3,map_S10_M2_LONG_LINK_seed030,34738ab074fabc6e951084a39b0f417ab752c4587eec2566a128bd3d2c274dbf,103.41,357.239,197.379,408.227,25,690,3.0246,0.3072,60.0,24.576,84.576,144.576,150.0,90.0,6.313,3.0,1.0,0.028,1.0,0.077,5719.348379,0.855907,0.0,2145,1408235,1408235,1.0,1797,1797,1.0,119775,0,1,S10|M2_LONG_LINK|30|A|L1|F1,true,false,false,/home/cyfer/FYP/WSN_simulation_V3/runs/S10_5000/outputs_production_50seed_part26_30/run_campaign_v3_S10_M2_LONG_LINK_A_L1_F1_H3_seed030_30_20260603_094947
campaign_v3_S10_M2_LONG_LINK_A_L1_F1_H4_seed026,campaign_v3_S10_M2_LONG_LINK_A_L1_F1_H4_seed026_26_20260603_094039,S10,5000,200,6,M2_LONG_LINK,26,A,L1,F1,H4,V3,map_S10_M2_LONG_LINK_seed026,d15212a0c3b8ff5d653648088c0a80c4746f932ed7de94ed06a65810802293fd,98.006,356.83,197.8,395.65,25,1013,3.6634,0.2964,60.0,28.779,88.779,148.779,150.0,90.0,6.421,3.0,1.0,0.011,1.0,0.129,5593.488916,0.881004,0.0,1955,1408635,1408635,1.0,1797,1797,1.0,119729,0,1,S10|M2_LONG_LINK|26|A|L1|F1,true,false,false,/home/cyfer/FYP/WSN_simulation_V3/runs/S10_5000/outputs_production_50seed_part26_30/run_campaign_v3_S10_M2_LONG_LINK_A_L1_F1_H4_seed026_26_20260603_094039
campaign_v3_S10_M2_LONG_LINK_A_L1_F1_H4_seed027,campaign_v3_S10_M2_LONG_LINK_A_L1_F1_H4_seed027_27_20260603_094306,S10,5000,200,6,M2_LONG_LINK,27,A,L1,F1,H4,V3,map_S10_M2_LONG_LINK_seed027,b85dac5b485520e3b3585b49f53af630fbb0897fb5f1bd691b7517d1d3d30d9b,100.832,347.452,199.455,399.379,25,579,2.8686,0.2956,60.0,28.947,88.947,148.947,150.0,90.0,6.362,3.0,1.0,0.029,1.0,0.091,5631.282342,0.873503,0.0,2019,1406933,1406933,1.0,1797,1797,1.0,119529,0,1,S10|M2_LONG_LINK|27|A|L1|F1,true,false,false,/home/cyfer/FYP/WSN_simulation_V3/runs/S10_5000/outputs_production_50seed_part26_30/run_campaign_v3_S10_M2_LONG_LINK_A_L1_F1_H4_seed027_27_20260603_094306
campaign_v3_S10_M2_LONG_LINK_A_L1_F1_H4_seed028,campaign_v3_S10_M2_LONG_LINK_A_L1_F1_H4_seed028_28_20260603_094534,S10,5000,200,6,M2_LONG_LINK,28,A,L1,F1,H4,V3,map_S10_M2_LONG_LINK_seed028,0a3314a261794ecedc512ba13820423c8340e698f7b031fa90b9cd892ce54580,98.755,339.223,195.162,405.877,25,799,3.0964,0.3006,60.0,28.902,88.902,148.902,150.0,90.0,6.471,3.0,1.0,0.015,1.0,0.142,5643.146173,0.871085,0.0,2036,1408692,1408692,1.0,1797,1797,1.0,119754,0,1,S10|M2_LONG_LINK|28|A|L1|F1,true,false,false,/home/cyfer/FYP/WSN_simulation_V3/runs/S10_5000/outputs_production_50seed_part26_30/run_campaign_v3_S10_M2_LONG_LINK_A_L1_F1_H4_seed028_28_20260603_094534
campaign_v3_S10_M2_LONG_LINK_A_L1_F1_H4_seed029,campaign_v3_S10_M2_LONG_LINK_A_L1_F1_H4_seed029_29_20260603_094745,S10,5000,200,6,M2_LONG_LINK,29,A,L1,F1,H4,V3,map_S10_M2_LONG_LINK_seed029,edd547672bdac93df6475cd98ac2eb27f8f37d343bcb78b2baed696fcd08db1d,98.257,346.016,198.004,387.561,25,703,2.8517,0.2928,60.0,28.991,88.991,148.991,150.0,90.0,6.372,3.0,1.0,0.017,1.0,0.107,5599.068979,0.879905,0.0,1969,1408400,1408400,1.0,1797,1797,1.0,119704,0,1,S10|M2_LONG_LINK|29|A|L1|F1,true,false,false,/home/cyfer/FYP/WSN_simulation_V3/runs/S10_5000/outputs_production_50seed_part26_30/run_campaign_v3_S10_M2_LONG_LINK_A_L1_F1_H4_seed029_29_20260603_094745
campaign_v3_S10_M2_LONG_LINK_A_L1_F1_H4_seed030,campaign_v3_S10_M2_LONG_LINK_A_L1_F1_H4_seed030_30_20260603_094951,S10,5000,200,6,M2_LONG_LINK,30,A,L1,F1,H4,V3,map_S10_M2_LONG_LINK_seed030,34738ab074fabc6e951084a39b0f417ab752c4587eec2566a128bd3d2c274dbf,103.41,357.239,197.379,408.227,25,690,3.0246,0.3072,60.0,28.447,88.447,148.447,150.0,90.0,6.313,3.0,1.0,0.028,1.0,0.077,5718.72647,0.856031,0.0,2146,1407631,1407631,1.0,1797,1797,1.0,119679,0,1,S10|M2_LONG_LINK|30|A|L1|F1,true,false,false,/home/cyfer/FYP/WSN_simulation_V3/runs/S10_5000/outputs_production_50seed_part26_30/run_campaign_v3_S10_M2_LONG_LINK_A_L1_F1_H4_seed030_30_20260603_094951
campaign_v3_S10_M2_LONG_LINK_A_L1_F2_H0_seed026,campaign_v3_S10_M2_LONG_LINK_A_L1_F2_H0_seed026_26_20260603_094027,S10,5000,200,6,M2_LONG_LINK,26,A,L1,F2,H0,V2,map_S10_M2_LONG_LINK_seed026,d15212a0c3b8ff5d653648088c0a80c4746f932ed7de94ed06a65810802293fd,98.006,356.83,197.8,395.65,25,1013,3.6634,0.2964,60.0,-1.0,-1.0,-1.0,-1.0,-1.0,0.0,0.0,0.0,0.0,0.0,0.0,5592.41825,0.881516,0.0,1954,1408615,1408615,1.0,1792,1792,1.0,120055,1,0,S10|M2_LONG_LINK|26|A|L1|F2,false,false,true,/home/cyfer/FYP/WSN_simulation_V3/runs/S10_5000/outputs_production_50seed_part26_30/run_campaign_v3_S10_M2_LONG_LINK_A_L1_F2_H0_seed026_26_20260603_094027
campaign_v3_S10_M2_LONG_LINK_A_L1_F2_H0_seed027,campaign_v3_S10_M2_LONG_LINK_A_L1_F2_H0_seed027_27_20260603_094254,S10,5000,200,6,M2_LONG_LINK,27,A,L1,F2,H0,V2,map_S10_M2_LONG_LINK_seed027,b85dac5b485520e3b3585b49f53af630fbb0897fb5f1bd691b7517d1d3d30d9b,100.832,347.452,199.455,399.379,25,579,2.8686,0.2956,60.0,-1.0,-1.0,-1.0,-1.0,-1.0,0.0,0.0,0.0,0.0,0.0,0.0,5628.709153,0.874258,0.0,2017,1406735,1406735,1.0,1792,1792,1.0,120095,1,0,S10|M2_LONG_LINK|27|A|L1|F2,false,false,true,/home/cyfer/FYP/WSN_simulation_V3/runs/S10_5000/outputs_production_50seed_part26_30/run_campaign_v3_S10_M2_LONG_LINK_A_L1_F2_H0_seed027_27_20260603_094254
campaign_v3_S10_M2_LONG_LINK_A_L1_F2_H0_seed028,campaign_v3_S10_M2_LONG_LINK_A_L1_F2_H0_seed028_28_20260603_094522,S10,5000,200,6,M2_LONG_LINK,28,A,L1,F2,H0,V2,map_S10_M2_LONG_LINK_seed028,0a3314a261794ecedc512ba13820423c8340e698f7b031fa90b9cd892ce54580,98.755,339.223,195.162,405.877,25,799,3.0964,0.3006,60.0,-1.0,-1.0,-1.0,-1.0,-1.0,0.0,0.0,0.0,0.0,0.0,0.0,5642.895605,0.871421,0.0,2035,1408850,1408850,1.0,1792,1792,1.0,120050,1,0,S10|M2_LONG_LINK|28|A|L1|F2,false,false,true,/home/cyfer/FYP/WSN_simulation_V3/runs/S10_5000/outputs_production_50seed_part26_30/run_campaign_v3_S10_M2_LONG_LINK_A_L1_F2_H0_seed028_28_20260603_094522
campaign_v3_S10_M2_LONG_LINK_A_L1_F2_H0_seed029,campaign_v3_S10_M2_LONG_LINK_A_L1_F2_H0_seed029_29_20260603_094735,S10,5000,200,6,M2_LONG_LINK,29,A,L1,F2,H0,V2,map_S10_M2_LONG_LINK_seed029,edd547672bdac93df6475cd98ac2eb27f8f37d343bcb78b2baed696fcd08db1d,98.257,346.016,198.004,387.561,25,703,2.8517,0.2928,60.0,-1.0,-1.0,-1.0,-1.0,-1.0,0.0,0.0,0.0,0.0,0.0,0.0,5598.305864,0.880339,0.0,1967,1408380,1408380,1.0,1792,1792,1.0,120060,1,0,S10|M2_LONG_LINK|29|A|L1|F2,false,false,true,/home/cyfer/FYP/WSN_simulation_V3/runs/S10_5000/outputs_production_50seed_part26_30/run_campaign_v3_S10_M2_LONG_LINK_A_L1_F2_H0_seed029_29_20260603_094735
campaign_v3_S10_M2_LONG_LINK_A_L1_F2_H0_seed030,campaign_v3_S10_M2_LONG_LINK_A_L1_F2_H0_seed030_30_20260603_094940,S10,5000,200,6,M2_LONG_LINK,30,A,L1,F2,H0,V2,map_S10_M2_LONG_LINK_seed030,34738ab074fabc6e951084a39b0f417ab752c4587eec2566a128bd3d2c274dbf,103.41,357.239,197.379,408.227,25,690,3.0246,0.3072,60.0,-1.0,-1.0,-1.0,-1.0,-1.0,0.0,0.0,0.0,0.0,0.0,0.0,5717.882546,0.856423,0.0,2144,1408145,1408145,1.0,1792,1792,1.0,120065,1,0,S10|M2_LONG_LINK|30|A|L1|F2,false,false,true,/home/cyfer/FYP/WSN_simulation_V3/runs/S10_5000/outputs_production_50seed_part26_30/run_campaign_v3_S10_M2_LONG_LINK_A_L1_F2_H0_seed030_30_20260603_094940
campaign_v3_S10_M2_LONG_LINK_A_L1_F2_H1_seed026,campaign_v3_S10_M2_LONG_LINK_A_L1_F2_H1_seed026_26_20260603_094043,S10,5000,200,6,M2_LONG_LINK,26,A,L1,F2,H1,V3,map_S10_M2_LONG_LINK_seed026,d15212a0c3b8ff5d653648088c0a80c4746f932ed7de94ed06a65810802293fd,98.006,356.83,197.8,395.65,25,1013,3.6634,0.2964,60.0,23.963,83.963,143.963,150.0,90.0,3.868,3.0,1.0,0.011,0.259,0.019,5596.595684,0.880681,0.0,1955,1410276,1410276,1.0,1797,1797,1.0,120000,0,1,S10|M2_LONG_LINK|26|A|L1|F2,true,false,false,/home/cyfer/FYP/WSN_simulation_V3/runs/S10_5000/outputs_production_50seed_part26_30/run_campaign_v3_S10_M2_LONG_LINK_A_L1_F2_H1_seed026_26_20260603_094043
campaign_v3_S10_M2_LONG_LINK_A_L1_F2_H1_seed027,campaign_v3_S10_M2_LONG_LINK_A_L1_F2_H1_seed027_27_20260603_094310,S10,5000,200,6,M2_LONG_LINK,27,A,L1,F2,H1,V3,map_S10_M2_LONG_LINK_seed027,b85dac5b485520e3b3585b49f53af630fbb0897fb5f1bd691b7517d1d3d30d9b,100.832,347.452,199.455,399.379,25,579,2.8686,0.2956,60.0,24.88,84.88,144.88,150.0,90.0,4.865,3.0,1.0,0.033,0.493,0.096,5636.958945,0.872608,0.0,2018,1409585,1409585,1.0,1797,1797,1.0,120000,0,1,S10|M2_LONG_LINK|27|A|L1|F2,true,false,false,/home/cyfer/FYP/WSN_simulation_V3/runs/S10_5000/outputs_production_50seed_part26_30/run_campaign_v3_S10_M2_LONG_LINK_A_L1_F2_H1_seed027_27_20260603_094310
campaign_v3_S10_M2_LONG_LINK_A_L1_F2_H1_seed028,campaign_v3_S10_M2_LONG_LINK_A_L1_F2_H1_seed028_28_20260603_094539,S10,5000,200,6,M2_LONG_LINK,28,A,L1,F2,H1,V3,map_S10_M2_LONG_LINK_seed028,0a3314a261794ecedc512ba13820423c8340e698f7b031fa90b9cd892ce54580,98.755,339.223,195.162,405.877,25,799,3.0964,0.3006,60.0,24.091,84.091,144.091,150.0,90.0,3.744,3.0,1.0,0.013,0.229,0.007,5646.372342,0.870726,0.0,2035,1410350,1410350,1.0,1797,1797,1.0,120000,0,1,S10|M2_LONG_LINK|28|A|L1|F2,true,false,false,/home/cyfer/FYP/WSN_simulation_V3/runs/S10_5000/outputs_production_50seed_part26_30/run_campaign_v3_S10_M2_LONG_LINK_A_L1_F2_H1_seed028_28_20260603_094539
campaign_v3_S10_M2_LONG_LINK_A_L1_F2_H1_seed029,campaign_v3_S10_M2_LONG_LINK_A_L1_F2_H1_seed029_29_20260603_094749,S10,5000,200,6,M2_LONG_LINK,29,A,L1,F2,H1,V3,map_S10_M2_LONG_LINK_seed029,edd547672bdac93df6475cd98ac2eb27f8f37d343bcb78b2baed696fcd08db1d,98.257,346.016,198.004,387.561,25,703,2.8517,0.2928,60.0,24.367,84.367,144.367,150.0,90.0,4.152,3.0,1.0,0.017,0.276,0.091,5602.51386,0.879497,0.0,1968,1410180,1410180,1.0,1797,1797,1.0,120000,0,1,S10|M2_LONG_LINK|29|A|L1|F2,true,false,false,/home/cyfer/FYP/WSN_simulation_V3/runs/S10_5000/outputs_production_50seed_part26_30/run_campaign_v3_S10_M2_LONG_LINK_A_L1_F2_H1_seed029_29_20260603_094749
campaign_v3_S10_M2_LONG_LINK_A_L1_F2_H1_seed030,campaign_v3_S10_M2_LONG_LINK_A_L1_F2_H1_seed030_30_20260603_094954,S10,5000,200,6,M2_LONG_LINK,30,A,L1,F2,H1,V3,map_S10_M2_LONG_LINK_seed030,34738ab074fabc6e951084a39b0f417ab752c4587eec2566a128bd3d2c274dbf,103.41,357.239,197.379,408.227,25,690,3.0246,0.3072,60.0,24.66,84.66,144.66,150.0,90.0,4.137,3.0,1.0,0.019,0.293,0.067,5722.285013,0.855543,0.0,2145,1410095,1410095,1.0,1797,1797,1.0,120000,0,1,S10|M2_LONG_LINK|30|A|L1|F2,true,false,false,/home/cyfer/FYP/WSN_simulation_V3/runs/S10_5000/outputs_production_50seed_part26_30/run_campaign_v3_S10_M2_LONG_LINK_A_L1_F2_H1_seed030_30_20260603_094954
campaign_v3_S10_M2_LONG_LINK_A_L1_F2_H3_seed026,campaign_v3_S10_M2_LONG_LINK_A_L1_F2_H3_seed026_26_20260603_094045,S10,5000,200,6,M2_LONG_LINK,26,A,L1,F2,H3,V3,map_S10_M2_LONG_LINK_seed026,d15212a0c3b8ff5d653648088c0a80c4746f932ed7de94ed06a65810802293fd,98.006,356.83,197.8,395.65,25,1013,3.6634,0.2964,60.0,30.394,90.394,150.394,160.0,100.0,3.868,3.0,1.0,0.011,0.259,0.019,5594.573497,0.881085,0.0,1954,1409479,1409479,1.0,1796,1796,1.0,119875,0,1,S10|M2_LONG_LINK|26|A|L1|F2,true,false,false,/home/cyfer/FYP/WSN_simulation_V3/runs/S10_5000/outputs_production_50seed_part26_30/run_campaign_v3_S10_M2_LONG_LINK_A_L1_F2_H3_seed026_26_20260603_094045
campaign_v3_S10_M2_LONG_LINK_A_L1_F2_H3_seed027,campaign_v3_S10_M2_LONG_LINK_A_L1_F2_H3_seed027_27_20260603_094311,S10,5000,200,6,M2_LONG_LINK,27,A,L1,F2,H3,V3,map_S10_M2_LONG_LINK_seed027,b85dac5b485520e3b3585b49f53af630fbb0897fb5f1bd691b7517d1d3d30d9b,100.832,347.452,199.455,399.379,25,579,2.8686,0.2956,60.0,31.254,91.254,151.254,160.0,100.0,4.865,3.0,1.0,0.033,0.493,0.096,5633.593455,0.873281,0.0,2018,1408165,1408165,1.0,1796,1796,1.0,119775,0,1,S10|M2_LONG_LINK|27|A|L1|F2,true,false,false,/home/cyfer/FYP/WSN_simulation_V3/runs/S10_5000/outputs_production_50seed_part26_30/run_campaign_v3_S10_M2_LONG_LINK_A_L1_F2_H3_seed027_27_20260603_094311
campaign_v3_S10_M2_LONG_LINK_A_L1_F2_H3_seed028,campaign_v3_S10_M2_LONG_LINK_A_L1_F2_H3_seed028_28_20260603_094540,S10,5000,200,6,M2_LONG_LINK,28,A,L1,F2,H3,V3,map_S10_M2_LONG_LINK_seed028,0a3314a261794ecedc512ba13820423c8340e698f7b031fa90b9cd892ce54580,98.755,339.223,195.162,405.877,25,799,3.0964,0.3006,60.0,30.462,90.462,150.462,160.0,100.0,3.744,3.0,1.0,0.013,0.229,0.007,5644.624948,0.871075,0.0,2035,1409570,1409570,1.0,1796,1796,1.0,119875,0,1,S10|M2_LONG_LINK|28|A|L1|F2,true,false,false,/home/cyfer/FYP/WSN_simulation_V3/runs/S10_5000/outputs_production_50seed_part26_30/run_campaign_v3_S10_M2_LONG_LINK_A_L1_F2_H3_seed028_28_20260603_094540
campaign_v3_S10_M2_LONG_LINK_A_L1_F2_H3_seed029,campaign_v3_S10_M2_LONG_LINK_A_L1_F2_H3_seed029_29_20260603_094750,S10,5000,200,6,M2_LONG_LINK,29,A,L1,F2,H3,V3,map_S10_M2_LONG_LINK_seed029,edd547672bdac93df6475cd98ac2eb27f8f37d343bcb78b2baed696fcd08db1d,98.257,346.016,198.004,387.561,25,703,2.8517,0.2928,60.0,30.255,90.255,150.255,160.0,100.0,4.152,3.0,1.0,0.017,0.276,0.091,5600.205865,0.879959,0.0,1967,1409244,1409244,1.0,1796,1796,1.0,119850,0,1,S10|M2_LONG_LINK|29|A|L1|F2,true,false,false,/home/cyfer/FYP/WSN_simulation_V3/runs/S10_5000/outputs_production_50seed_part26_30/run_campaign_v3_S10_M2_LONG_LINK_A_L1_F2_H3_seed029_29_20260603_094750
campaign_v3_S10_M2_LONG_LINK_A_L1_F2_H3_seed030,campaign_v3_S10_M2_LONG_LINK_A_L1_F2_H3_seed030_30_20260603_094955,S10,5000,200,6,M2_LONG_LINK,30,A,L1,F2,H3,V3,map_S10_M2_LONG_LINK_seed030,34738ab074fabc6e951084a39b0f417ab752c4587eec2566a128bd3d2c274dbf,103.41,357.239,197.379,408.227,25,690,3.0246,0.3072,60.0,31.111,91.111,151.111,160.0,100.0,4.137,3.0,1.0,0.019,0.293,0.067,5720.159772,0.855968,0.0,2144,1409146,1409146,1.0,1796,1796,1.0,119850,0,1,S10|M2_LONG_LINK|30|A|L1|F2,true,false,false,/home/cyfer/FYP/WSN_simulation_V3/runs/S10_5000/outputs_production_50seed_part26_30/run_campaign_v3_S10_M2_LONG_LINK_A_L1_F2_H3_seed030_30_20260603_094955
campaign_v3_S10_M2_LONG_LINK_A_L1_F2_H4_seed026,campaign_v3_S10_M2_LONG_LINK_A_L1_F2_H4_seed026_26_20260603_094046,S10,5000,200,6,M2_LONG_LINK,26,A,L1,F2,H4,V3,map_S10_M2_LONG_LINK_seed026,d15212a0c3b8ff5d653648088c0a80c4746f932ed7de94ed06a65810802293fd,98.006,356.83,197.8,395.65,25,1013,3.6634,0.2964,60.0,34.86,94.86,154.86,160.0,100.0,3.868,3.0,1.0,0.011,0.259,0.019,5596.289942,0.880742,0.0,1954,1410155,1410155,1.0,1796,1796,1.0,120000,0,1,S10|M2_LONG_LINK|26|A|L1|F2,true,false,false,/home/cyfer/FYP/WSN_simulation_V3/runs/S10_5000/outputs_production_50seed_part26_30/run_campaign_v3_S10_M2_LONG_LINK_A_L1_F2_H4_seed026_26_20260603_094046
campaign_v3_S10_M2_LONG_LINK_A_L1_F2_H4_seed027,campaign_v3_S10_M2_LONG_LINK_A_L1_F2_H4_seed027_27_20260603_094313,S10,5000,200,6,M2_LONG_LINK,27,A,L1,F2,H4,V3,map_S10_M2_LONG_LINK_seed027,b85dac5b485520e3b3585b49f53af630fbb0897fb5f1bd691b7517d1d3d30d9b,100.832,347.452,199.455,399.379,25,579,2.8686,0.2956,60.0,35.759,95.759,155.759,160.0,100.0,4.865,3.0,1.0,0.033,0.493,0.096,5636.494688,0.872701,0.0,2018,1409376,1409376,1.0,1796,1796,1.0,120000,0,1,S10|M2_LONG_LINK|27|A|L1|F2,true,false,false,/home/cyfer/FYP/WSN_simulation_V3/runs/S10_5000/outputs_production_50seed_part26_30/run_campaign_v3_S10_M2_LONG_LINK_A_L1_F2_H4_seed027_27_20260603_094313
campaign_v3_S10_M2_LONG_LINK_A_L1_F2_H4_seed028,campaign_v3_S10_M2_LONG_LINK_A_L1_F2_H4_seed028_28_20260603_094542,S10,5000,200,6,M2_LONG_LINK,28,A,L1,F2,H4,V3,map_S10_M2_LONG_LINK_seed028,0a3314a261794ecedc512ba13820423c8340e698f7b031fa90b9cd892ce54580,98.755,339.223,195.162,405.877,25,799,3.0964,0.3006,60.0,34.277,94.277,154.277,160.0,100.0,3.744,3.0,1.0,0.013,0.229,0.007,5646.139046,0.870772,0.0,2035,1410250,1410250,1.0,1796,1796,1.0,120000,0,1,S10|M2_LONG_LINK|28|A|L1|F2,true,false,false,/home/cyfer/FYP/WSN_simulation_V3/runs/S10_5000/outputs_production_50seed_part26_30/run_campaign_v3_S10_M2_LONG_LINK_A_L1_F2_H4_seed028_28_20260603_094542
campaign_v3_S10_M2_LONG_LINK_A_L1_F2_H4_seed029,campaign_v3_S10_M2_LONG_LINK_A_L1_F2_H4_seed029_29_20260603_094751,S10,5000,200,6,M2_LONG_LINK,29,A,L1,F2,H4,V3,map_S10_M2_LONG_LINK_seed029,edd547672bdac93df6475cd98ac2eb27f8f37d343bcb78b2baed696fcd08db1d,98.257,346.016,198.004,387.561,25,703,2.8517,0.2928,60.0,34.3,94.3,154.3,160.0,100.0,4.152,3.0,1.0,0.017,0.276,0.091,5602.228934,0.879554,0.0,1968,1410060,1410060,1.0,1796,1796,1.0,120000,0,1,S10|M2_LONG_LINK|29|A|L1|F2,true,false,false,/home/cyfer/FYP/WSN_simulation_V3/runs/S10_5000/outputs_production_50seed_part26_30/run_campaign_v3_S10_M2_LONG_LINK_A_L1_F2_H4_seed029_29_20260603_094751
campaign_v3_S10_M2_LONG_LINK_A_L1_F2_H4_seed030,campaign_v3_S10_M2_LONG_LINK_A_L1_F2_H4_seed030_30_20260603_094956,S10,5000,200,6,M2_LONG_LINK,30,A,L1,F2,H4,V3,map_S10_M2_LONG_LINK_seed030,34738ab074fabc6e951084a39b0f417ab752c4587eec2566a128bd3d2c274dbf,103.41,357.239,197.379,408.227,25,690,3.0246,0.3072,60.0,34.983,94.983,154.983,160.0,100.0,4.137,3.0,1.0,0.019,0.293,0.067,5721.988273,0.855602,0.0,2145,1409965,1409965,1.0,1796,1796,1.0,120000,0,1,S10|M2_LONG_LINK|30|A|L1|F2,true,false,false,/home/cyfer/FYP/WSN_simulation_V3/runs/S10_5000/outputs_production_50seed_part26_30/run_campaign_v3_S10_M2_LONG_LINK_A_L1_F2_H4_seed030_30_20260603_094956
campaign_v3_S10_M2_LONG_LINK_A_L1_F3_H0_seed026,campaign_v3_S10_M2_LONG_LINK_A_L1_F3_H0_seed026_26_20260603_094028,S10,5000,200,6,M2_LONG_LINK,26,A,L1,F3,H0,V2,map_S10_M2_LONG_LINK_seed026,d15212a0c3b8ff5d653648088c0a80c4746f932ed7de94ed06a65810802293fd,98.006,356.83,197.8,395.65,25,1013,3.6634,0.2964,60.0,-1.0,-1.0,-1.0,-1.0,-1.0,0.0,0.0,0.0,0.0,0.0,0.0,5591.579334,0.881684,0.0,1954,1407675,1407675,1.0,1792,1792,1.0,120075,1,0,S10|M2_LONG_LINK|26|A|L1|F3,false,false,true,/home/cyfer/FYP/WSN_simulation_V3/runs/S10_5000/outputs_production_50seed_part26_30/run_campaign_v3_S10_M2_LONG_LINK_A_L1_F3_H0_seed026_26_20260603_094028
campaign_v3_S10_M2_LONG_LINK_A_L1_F3_H0_seed027,campaign_v3_S10_M2_LONG_LINK_A_L1_F3_H0_seed027_27_20260603_094255,S10,5000,200,6,M2_LONG_LINK,27,A,L1,F3,H0,V2,map_S10_M2_LONG_LINK_seed027,b85dac5b485520e3b3585b49f53af630fbb0897fb5f1bd691b7517d1d3d30d9b,100.832,347.452,199.455,399.379,25,579,2.8686,0.2956,60.0,-1.0,-1.0,-1.0,-1.0,-1.0,0.0,0.0,0.0,0.0,0.0,0.0,5631.91592,0.873617,0.0,2017,1407675,1407675,1.0,1792,1792,1.0,120075,1,0,S10|M2_LONG_LINK|27|A|L1|F3,false,false,true,/home/cyfer/FYP/WSN_simulation_V3/runs/S10_5000/outputs_production_50seed_part26_30/run_campaign_v3_S10_M2_LONG_LINK_A_L1_F3_H0_seed027_27_20260603_094255
campaign_v3_S10_M2_LONG_LINK_A_L1_F3_H0_seed028,campaign_v3_S10_M2_LONG_LINK_A_L1_F3_H0_seed028_28_20260603_094523,S10,5000,200,6,M2_LONG_LINK,28,A,L1,F3,H0,V2,map_S10_M2_LONG_LINK_seed028,0a3314a261794ecedc512ba13820423c8340e698f7b031fa90b9cd892ce54580,98.755,339.223,195.162,405.877,25,799,3.0964,0.3006,60.0,-1.0,-1.0,-1.0,-1.0,-1.0,0.0,0.0,0.0,0.0,0.0,0.0,5638.847501,0.87223,0.0,2035,1406500,1406500,1.0,1792,1792,1.0,120100,1,0,S10|M2_LONG_LINK|28|A|L1|F3,false,false,true,/home/cyfer/FYP/WSN_simulation_V3/runs/S10_5000/outputs_production_50seed_part26_30/run_campaign_v3_S10_M2_LONG_LINK_A_L1_F3_H0_seed028_28_20260603_094523
campaign_v3_S10_M2_LONG_LINK_A_L1_F3_H0_seed029,campaign_v3_S10_M2_LONG_LINK_A_L1_F3_H0_seed029_29_20260603_094736,S10,5000,200,6,M2_LONG_LINK,29,A,L1,F3,H0,V2,map_S10_M2_LONG_LINK_seed029,edd547672bdac93df6475cd98ac2eb27f8f37d343bcb78b2baed696fcd08db1d,98.257,346.016,198.004,387.561,25,703,2.8517,0.2928,60.0,-1.0,-1.0,-1.0,-1.0,-1.0,0.0,0.0,0.0,0.0,0.0,0.0,5596.853574,0.880629,0.0,1967,1407205,1407205,1.0,1792,1792,1.0,120085,1,0,S10|M2_LONG_LINK|29|A|L1|F3,false,false,true,/home/cyfer/FYP/WSN_simulation_V3/runs/S10_5000/outputs_production_50seed_part26_30/run_campaign_v3_S10_M2_LONG_LINK_A_L1_F3_H0_seed029_29_20260603_094736
campaign_v3_S10_M2_LONG_LINK_A_L1_F3_H0_seed030,campaign_v3_S10_M2_LONG_LINK_A_L1_F3_H0_seed030_30_20260603_094941,S10,5000,200,6,M2_LONG_LINK,30,A,L1,F3,H0,V2,map_S10_M2_LONG_LINK_seed030,34738ab074fabc6e951084a39b0f417ab752c4587eec2566a128bd3d2c274dbf,103.41,357.239,197.379,408.227,25,690,3.0246,0.3072,60.0,-1.0,-1.0,-1.0,-1.0,-1.0,0.0,0.0,0.0,0.0,0.0,0.0,5715.805825,0.856839,0.0,2144,1406970,1406970,1.0,1792,1792,1.0,120090,1,0,S10|M2_LONG_LINK|30|A|L1|F3,false,false,true,/home/cyfer/FYP/WSN_simulation_V3/runs/S10_5000/outputs_production_50seed_part26_30/run_campaign_v3_S10_M2_LONG_LINK_A_L1_F3_H0_seed030_30_20260603_094941
campaign_v3_S10_M2_LONG_LINK_A_L1_F3_H1_seed026,campaign_v3_S10_M2_LONG_LINK_A_L1_F3_H1_seed026_26_20260603_094047,S10,5000,200,6,M2_LONG_LINK,26,A,L1,F3,H1,V3,map_S10_M2_LONG_LINK_seed026,d15212a0c3b8ff5d653648088c0a80c4746f932ed7de94ed06a65810802293fd,98.006,356.83,197.8,395.65,25,1013,3.6634,0.2964,60.0,28.527,88.527,148.527,150.0,90.0,4.508,3.0,1.0,0.015,0.342,0.146,5591.750705,0.88165,0.0,1954,1407695,1407695,1.0,1797,1797,1.0,119629,0,1,S10|M2_LONG_LINK|26|A|L1|F3,true,false,false,/home/cyfer/FYP/WSN_simulation_V3/runs/S10_5000/outputs_production_50seed_part26_30/run_campaign_v3_S10_M2_LONG_LINK_A_L1_F3_H1_seed026_26_20260603_094047
campaign_v3_S10_M2_LONG_LINK_A_L1_F3_H1_seed027,campaign_v3_S10_M2_LONG_LINK_A_L1_F3_H1_seed027_27_20260603_094314,S10,5000,200,6,M2_LONG_LINK,27,A,L1,F3,H1,V3,map_S10_M2_LONG_LINK_seed027,b85dac5b485520e3b3585b49f53af630fbb0897fb5f1bd691b7517d1d3d30d9b,100.832,347.452,199.455,399.379,25,579,2.8686,0.2956,60.0,29.313,89.313,149.313,150.0,90.0,4.504,3.0,1.0,0.026,0.347,0.129,5632.089294,0.873582,0.0,2017,1407695,1407695,1.0,1797,1797,1.0,119629,0,1,S10|M2_LONG_LINK|27|A|L1|F3,true,false,false,/home/cyfer/FYP/WSN_simulation_V3/runs/S10_5000/outputs_production_50seed_part26_30/run_campaign_v3_S10_M2_LONG_LINK_A_L1_F3_H1_seed027_27_20260603_094314
campaign_v3_S10_M2_LONG_LINK_A_L1_F3_H1_seed028,campaign_v3_S10_M2_LONG_LINK_A_L1_F3_H1_seed028_28_20260603_094543,S10,5000,200,6,M2_LONG_LINK,28,A,L1,F3,H1,V3,map_S10_M2_LONG_LINK_seed028,0a3314a261794ecedc512ba13820423c8340e698f7b031fa90b9cd892ce54580,98.755,339.223,195.162,405.877,25,799,3.0964,0.3006,60.0,29.596,89.596,149.596,150.0,90.0,4.95,3.0,1.0,0.025,0.49,0.135,5639.054753,0.872189,0.0,2035,1406520,1406520,1.0,1797,1797,1.0,119504,0,1,S10|M2_LONG_LINK|28|A|L1|F3,true,false,false,/home/cyfer/FYP/WSN_simulation_V3/runs/S10_5000/outputs_production_50seed_part26_30/run_campaign_v3_S10_M2_LONG_LINK_A_L1_F3_H1_seed028_28_20260603_094543
campaign_v3_S10_M2_LONG_LINK_A_L1_F3_H1_seed029,campaign_v3_S10_M2_LONG_LINK_A_L1_F3_H1_seed029_29_20260603_094752,S10,5000,200,6,M2_LONG_LINK,29,A,L1,F3,H1,V3,map_S10_M2_LONG_LINK_seed029,edd547672bdac93df6475cd98ac2eb27f8f37d343bcb78b2baed696fcd08db1d,98.257,346.016,198.004,387.561,25,703,2.8517,0.2928,60.0,28.736,88.736,148.736,150.0,90.0,4.625,3.0,1.0,0.024,0.388,0.129,5597.036036,0.880593,0.0,1967,1407225,1407225,1.0,1797,1797,1.0,119579,0,1,S10|M2_LONG_LINK|29|A|L1|F3,true,false,false,/home/cyfer/FYP/WSN_simulation_V3/runs/S10_5000/outputs_production_50seed_part26_30/run_campaign_v3_S10_M2_LONG_LINK_A_L1_F3_H1_seed029_29_20260603_094752
campaign_v3_S10_M2_LONG_LINK_A_L1_F3_H1_seed030,campaign_v3_S10_M2_LONG_LINK_A_L1_F3_H1_seed030_30_20260603_094958,S10,5000,200,6,M2_LONG_LINK,30,A,L1,F3,H1,V3,map_S10_M2_LONG_LINK_seed030,34738ab074fabc6e951084a39b0f417ab752c4587eec2566a128bd3d2c274dbf,103.41,357.239,197.379,408.227,25,690,3.0246,0.3072,60.0,29.018,89.018,149.018,150.0,90.0,4.787,3.0,1.0,0.026,0.426,0.143,5715.997772,0.8568,0.0,2144,1406990,1406990,1.0,1797,1797,1.0,119554,0,1,S10|M2_LONG_LINK|30|A|L1|F3,true,false,false,/home/cyfer/FYP/WSN_simulation_V3/runs/S10_5000/outputs_production_50seed_part26_30/run_campaign_v3_S10_M2_LONG_LINK_A_L1_F3_H1_seed030_30_20260603_094958
campaign_v3_S10_M2_LONG_LINK_A_L1_F3_H3_seed026,campaign_v3_S10_M2_LONG_LINK_A_L1_F3_H3_seed026_26_20260603_094048,S10,5000,200,6,M2_LONG_LINK,26,A,L1,F3,H3,V3,map_S10_M2_LONG_LINK_seed026,d15212a0c3b8ff5d653648088c0a80c4746f932ed7de94ed06a65810802293fd,98.006,356.83,197.8,395.65,25,1013,3.6634,0.2964,60.0,34.555,94.555,154.555,160.0,100.0,4.508,3.0,1.0,0.015,0.342,0.146,5591.733482,0.881653,0.0,1954,1407691,1407691,1.0,1796,1796,1.0,119629,0,1,S10|M2_LONG_LINK|26|A|L1|F3,true,false,false,/home/cyfer/FYP/WSN_simulation_V3/runs/S10_5000/outputs_production_50seed_part26_30/run_campaign_v3_S10_M2_LONG_LINK_A_L1_F3_H3_seed026_26_20260603_094048
campaign_v3_S10_M2_LONG_LINK_A_L1_F3_H3_seed027,campaign_v3_S10_M2_LONG_LINK_A_L1_F3_H3_seed027_27_20260603_094315,S10,5000,200,6,M2_LONG_LINK,27,A,L1,F3,H3,V3,map_S10_M2_LONG_LINK_seed027,b85dac5b485520e3b3585b49f53af630fbb0897fb5f1bd691b7517d1d3d30d9b,100.832,347.452,199.455,399.379,25,579,2.8686,0.2956,60.0,35.276,95.276,155.276,160.0,100.0,4.504,3.0,1.0,0.026,0.347,0.129,5632.072891,0.873585,0.0,2017,1407691,1407691,1.0,1796,1796,1.0,119629,0,1,S10|M2_LONG_LINK|27|A|L1|F3,true,false,false,/home/cyfer/FYP/WSN_simulation_V3/runs/S10_5000/outputs_production_50seed_part26_30/run_campaign_v3_S10_M2_LONG_LINK_A_L1_F3_H3_seed027_27_20260603_094315
campaign_v3_S10_M2_LONG_LINK_A_L1_F3_H3_seed028,campaign_v3_S10_M2_LONG_LINK_A_L1_F3_H3_seed028_28_20260603_094544,S10,5000,200,6,M2_LONG_LINK,28,A,L1,F3,H3,V3,map_S10_M2_LONG_LINK_seed028,0a3314a261794ecedc512ba13820423c8340e698f7b031fa90b9cd892ce54580,98.755,339.223,195.162,405.877,25,799,3.0964,0.3006,60.0,35.107,95.107,155.107,160.0,100.0,4.95,3.0,1.0,0.025,0.49,0.135,5639.033336,0.872193,0.0,2035,1406516,1406516,1.0,1796,1796,1.0,119504,0,1,S10|M2_LONG_LINK|28|A|L1|F3,true,false,false,/home/cyfer/FYP/WSN_simulation_V3/runs/S10_5000/outputs_production_50seed_part26_30/run_campaign_v3_S10_M2_LONG_LINK_A_L1_F3_H3_seed028_28_20260603_094544
campaign_v3_S10_M2_LONG_LINK_A_L1_F3_H3_seed029,campaign_v3_S10_M2_LONG_LINK_A_L1_F3_H3_seed029_29_20260603_094753,S10,5000,200,6,M2_LONG_LINK,29,A,L1,F3,H3,V3,map_S10_M2_LONG_LINK_seed029,edd547672bdac93df6475cd98ac2eb27f8f37d343bcb78b2baed696fcd08db1d,98.257,346.016,198.004,387.561,25,703,2.8517,0.2928,60.0,35.601,95.601,155.601,160.0,100.0,4.625,3.0,1.0,0.024,0.388,0.129,5597.017775,0.880596,0.0,1967,1407221,1407221,1.0,1796,1796,1.0,119579,0,1,S10|M2_LONG_LINK|29|A|L1|F3,true,false,false,/home/cyfer/FYP/WSN_simulation_V3/runs/S10_5000/outputs_production_50seed_part26_30/run_campaign_v3_S10_M2_LONG_LINK_A_L1_F3_H3_seed029_29_20260603_094753
campaign_v3_S10_M2_LONG_LINK_A_L1_F3_H3_seed030,campaign_v3_S10_M2_LONG_LINK_A_L1_F3_H3_seed030_30_20260603_094959,S10,5000,200,6,M2_LONG_LINK,30,A,L1,F3,H3,V3,map_S10_M2_LONG_LINK_seed030,34738ab074fabc6e951084a39b0f417ab752c4587eec2566a128bd3d2c274dbf,103.41,357.239,197.379,408.227,25,690,3.0246,0.3072,60.0,35.131,95.131,155.131,160.0,100.0,4.787,3.0,1.0,0.026,0.426,0.143,5715.98472,0.856803,0.0,2144,1406986,1406986,1.0,1796,1796,1.0,119554,0,1,S10|M2_LONG_LINK|30|A|L1|F3,true,false,false,/home/cyfer/FYP/WSN_simulation_V3/runs/S10_5000/outputs_production_50seed_part26_30/run_campaign_v3_S10_M2_LONG_LINK_A_L1_F3_H3_seed030_30_20260603_094959
campaign_v3_S10_M2_LONG_LINK_A_L1_F3_H4_seed026,campaign_v3_S10_M2_LONG_LINK_A_L1_F3_H4_seed026_26_20260603_094050,S10,5000,200,6,M2_LONG_LINK,26,A,L1,F3,H4,V3,map_S10_M2_LONG_LINK_seed026,d15212a0c3b8ff5d653648088c0a80c4746f932ed7de94ed06a65810802293fd,98.006,356.83,197.8,395.65,25,1013,3.6634,0.2964,60.0,38.877,98.877,158.877,160.0,100.0,4.508,3.0,1.0,0.015,0.342,0.146,5591.734271,0.881653,0.0,1954,1407691,1407691,1.0,1796,1796,1.0,119629,0,1,S10|M2_LONG_LINK|26|A|L1|F3,true,false,false,/home/cyfer/FYP/WSN_simulation_V3/runs/S10_5000/outputs_production_50seed_part26_30/run_campaign_v3_S10_M2_LONG_LINK_A_L1_F3_H4_seed026_26_20260603_094050
campaign_v3_S10_M2_LONG_LINK_A_L1_F3_H4_seed027,campaign_v3_S10_M2_LONG_LINK_A_L1_F3_H4_seed027_27_20260603_094317,S10,5000,200,6,M2_LONG_LINK,27,A,L1,F3,H4,V3,map_S10_M2_LONG_LINK_seed027,b85dac5b485520e3b3585b49f53af630fbb0897fb5f1bd691b7517d1d3d30d9b,100.832,347.452,199.455,399.379,25,579,2.8686,0.2956,60.0,39.494,99.494,159.494,160.0,100.0,4.504,3.0,1.0,0.026,0.347,0.129,5632.072459,0.873586,0.0,2017,1407691,1407691,1.0,1796,1796,1.0,119629,0,1,S10|M2_LONG_LINK|27|A|L1|F3,true,false,false,/home/cyfer/FYP/WSN_simulation_V3/runs/S10_5000/outputs_production_50seed_part26_30/run_campaign_v3_S10_M2_LONG_LINK_A_L1_F3_H4_seed027_27_20260603_094317
campaign_v3_S10_M2_LONG_LINK_A_L1_F3_H4_seed028,campaign_v3_S10_M2_LONG_LINK_A_L1_F3_H4_seed028_28_20260603_094546,S10,5000,200,6,M2_LONG_LINK,28,A,L1,F3,H4,V3,map_S10_M2_LONG_LINK_seed028,0a3314a261794ecedc512ba13820423c8340e698f7b031fa90b9cd892ce54580,98.755,339.223,195.162,405.877,25,799,3.0964,0.3006,60.0,39.597,99.597,159.597,160.0,100.0,4.95,3.0,1.0,0.025,0.49,0.135,5639.037143,0.872193,0.0,2035,1406516,1406516,1.0,1796,1796,1.0,119504,0,1,S10|M2_LONG_LINK|28|A|L1|F3,true,false,false,/home/cyfer/FYP/WSN_simulation_V3/runs/S10_5000/outputs_production_50seed_part26_30/run_campaign_v3_S10_M2_LONG_LINK_A_L1_F3_H4_seed028_28_20260603_094546
campaign_v3_S10_M2_LONG_LINK_A_L1_F3_H4_seed029,campaign_v3_S10_M2_LONG_LINK_A_L1_F3_H4_seed029_29_20260603_094754,S10,5000,200,6,M2_LONG_LINK,29,A,L1,F3,H4,V3,map_S10_M2_LONG_LINK_seed029,edd547672bdac93df6475cd98ac2eb27f8f37d343bcb78b2baed696fcd08db1d,98.257,346.016,198.004,387.561,25,703,2.8517,0.2928,60.0,38.903,98.903,158.903,160.0,100.0,4.625,3.0,1.0,0.024,0.388,0.129,5597.019783,0.880596,0.0,1967,1407221,1407221,1.0,1796,1796,1.0,119579,0,1,S10|M2_LONG_LINK|29|A|L1|F3,true,false,false,/home/cyfer/FYP/WSN_simulation_V3/runs/S10_5000/outputs_production_50seed_part26_30/run_campaign_v3_S10_M2_LONG_LINK_A_L1_F3_H4_seed029_29_20260603_094754
campaign_v3_S10_M2_LONG_LINK_A_L1_F3_H4_seed030,campaign_v3_S10_M2_LONG_LINK_A_L1_F3_H4_seed030_30_20260603_095000,S10,5000,200,6,M2_LONG_LINK,30,A,L1,F3,H4,V3,map_S10_M2_LONG_LINK_seed030,34738ab074fabc6e951084a39b0f417ab752c4587eec2566a128bd3d2c274dbf,103.41,357.239,197.379,408.227,25,690,3.0246,0.3072,60.0,39.741,99.741,159.741,160.0,100.0,4.787,3.0,1.0,0.026,0.426,0.143,5715.980823,0.856804,0.0,2144,1406986,1406986,1.0,1796,1796,1.0,119554,0,1,S10|M2_LONG_LINK|30|A|L1|F3,true,false,false,/home/cyfer/FYP/WSN_simulation_V3/runs/S10_5000/outputs_production_50seed_part26_30/run_campaign_v3_S10_M2_LONG_LINK_A_L1_F3_H4_seed030_30_20260603_095000
campaign_v3_S10_M2_LONG_LINK_A_L1_F4_H0_seed026,campaign_v3_S10_M2_LONG_LINK_A_L1_F4_H0_seed026_26_20260603_094029,S10,5000,200,6,M2_LONG_LINK,26,A,L1,F4,H0,V2,map_S10_M2_LONG_LINK_seed026,d15212a0c3b8ff5d653648088c0a80c4746f932ed7de94ed06a65810802293fd,98.006,356.83,197.8,395.65,25,1013,3.6634,0.2964,60.0,-1.0,-1.0,-1.0,-1.0,-1.0,0.0,0.0,0.0,0.0,0.0,0.0,5592.581104,0.881484,0.0,1954,1408615,1408615,1.0,1792,1792,1.0,120055,1,0,S10|M2_LONG_LINK|26|A|L1|F4,false,false,true,/home/cyfer/FYP/WSN_simulation_V3/runs/S10_5000/outputs_production_50seed_part26_30/run_campaign_v3_S10_M2_LONG_LINK_A_L1_F4_H0_seed026_26_20260603_094029
campaign_v3_S10_M2_LONG_LINK_A_L1_F4_H0_seed027,campaign_v3_S10_M2_LONG_LINK_A_L1_F4_H0_seed027_27_20260603_094256,S10,5000,200,6,M2_LONG_LINK,27,A,L1,F4,H0,V2,map_S10_M2_LONG_LINK_seed027,b85dac5b485520e3b3585b49f53af630fbb0897fb5f1bd691b7517d1d3d30d9b,100.832,347.452,199.455,399.379,25,579,2.8686,0.2956,60.0,-1.0,-1.0,-1.0,-1.0,-1.0,0.0,0.0,0.0,0.0,0.0,0.0,5631.120165,0.873776,0.0,2017,1407205,1407205,1.0,1792,1792,1.0,120085,1,0,S10|M2_LONG_LINK|27|A|L1|F4,false,false,true,/home/cyfer/FYP/WSN_simulation_V3/runs/S10_5000/outputs_production_50seed_part26_30/run_campaign_v3_S10_M2_LONG_LINK_A_L1_F4_H0_seed027_27_20260603_094256
campaign_v3_S10_M2_LONG_LINK_A_L1_F4_H0_seed028,campaign_v3_S10_M2_LONG_LINK_A_L1_F4_H0_seed028_28_20260603_094525,S10,5000,200,6,M2_LONG_LINK,28,A,L1,F4,H0,V2,map_S10_M2_LONG_LINK_seed028,0a3314a261794ecedc512ba13820423c8340e698f7b031fa90b9cd892ce54580,98.755,339.223,195.162,405.877,25,799,3.0964,0.3006,60.0,-1.0,-1.0,-1.0,-1.0,-1.0,0.0,0.0,0.0,0.0,0.0,0.0,5641.949501,0.87161,0.0,2035,1408380,1408380,1.0,1792,1792,1.0,120060,1,0,S10|M2_LONG_LINK|28|A|L1|F4,false,false,true,/home/cyfer/FYP/WSN_simulation_V3/runs/S10_5000/outputs_production_50seed_part26_30/run_campaign_v3_S10_M2_LONG_LINK_A_L1_F4_H0_seed028_28_20260603_094525
campaign_v3_S10_M2_LONG_LINK_A_L1_F4_H0_seed029,campaign_v3_S10_M2_LONG_LINK_A_L1_F4_H0_seed029_29_20260603_094738,S10,5000,200,6,M2_LONG_LINK,29,A,L1,F4,H0,V2,map_S10_M2_LONG_LINK_seed029,edd547672bdac93df6475cd98ac2eb27f8f37d343bcb78b2baed696fcd08db1d,98.257,346.016,198.004,387.561,25,703,2.8517,0.2928,60.0,-1.0,-1.0,-1.0,-1.0,-1.0,0.0,0.0,0.0,0.0,0.0,0.0,5597.526432,0.880495,0.0,1967,1408380,1408380,1.0,1792,1792,1.0,120060,1,0,S10|M2_LONG_LINK|29|A|L1|F4,false,false,true,/home/cyfer/FYP/WSN_simulation_V3/runs/S10_5000/outputs_production_50seed_part26_30/run_campaign_v3_S10_M2_LONG_LINK_A_L1_F4_H0_seed029_29_20260603_094738
campaign_v3_S10_M2_LONG_LINK_A_L1_F4_H0_seed030,campaign_v3_S10_M2_LONG_LINK_A_L1_F4_H0_seed030_30_20260603_094942,S10,5000,200,6,M2_LONG_LINK,30,A,L1,F4,H0,V2,map_S10_M2_LONG_LINK_seed030,34738ab074fabc6e951084a39b0f417ab752c4587eec2566a128bd3d2c274dbf,103.41,357.239,197.379,408.227,25,690,3.0246,0.3072,60.0,-1.0,-1.0,-1.0,-1.0,-1.0,0.0,0.0,0.0,0.0,0.0,0.0,5715.693704,0.856861,0.0,2144,1406735,1406735,1.0,1792,1792,1.0,120095,1,0,S10|M2_LONG_LINK|30|A|L1|F4,false,false,true,/home/cyfer/FYP/WSN_simulation_V3/runs/S10_5000/outputs_production_50seed_part26_30/run_campaign_v3_S10_M2_LONG_LINK_A_L1_F4_H0_seed030_30_20260603_094942
campaign_v3_S10_M2_LONG_LINK_A_L1_F4_H1_seed026,campaign_v3_S10_M2_LONG_LINK_A_L1_F4_H1_seed026_26_20260603_094051,S10,5000,200,6,M2_LONG_LINK,26,A,L1,F4,H1,V3,map_S10_M2_LONG_LINK_seed026,d15212a0c3b8ff5d653648088c0a80c4746f932ed7de94ed06a65810802293fd,98.006,356.83,197.8,395.65,25,1013,3.6634,0.2964,60.0,34.73,94.73,154.73,160.0,100.0,4.186,3.0,1.0,0.011,0.255,0.129,5593.356067,0.881329,0.0,1954,1408906,1408906,1.0,1796,1796,1.0,119729,0,1,S10|M2_LONG_LINK|26|A|L1|F4,true,false,false,/home/cyfer/FYP/WSN_simulation_V3/runs/S10_5000/outputs_production_50seed_part26_30/run_campaign_v3_S10_M2_LONG_LINK_A_L1_F4_H1_seed026_26_20260603_094051
campaign_v3_S10_M2_LONG_LINK_A_L1_F4_H1_seed027,campaign_v3_S10_M2_LONG_LINK_A_L1_F4_H1_seed027_27_20260603_094318,S10,5000,200,6,M2_LONG_LINK,27,A,L1,F4,H1,V3,map_S10_M2_LONG_LINK_seed027,b85dac5b485520e3b3585b49f53af630fbb0897fb5f1bd691b7517d1d3d30d9b,100.832,347.452,199.455,399.379,25,579,2.8686,0.2956,60.0,35.538,95.538,155.538,160.0,100.0,4.558,3.0,1.0,0.029,0.399,0.091,5632.23824,0.873552,0.0,2017,1407629,1407629,1.0,1796,1796,1.0,119579,0,1,S10|M2_LONG_LINK|27|A|L1|F4,true,false,false,/home/cyfer/FYP/WSN_simulation_V3/runs/S10_5000/outputs_production_50seed_part26_30/run_campaign_v3_S10_M2_LONG_LINK_A_L1_F4_H1_seed027_27_20260603_094318
campaign_v3_S10_M2_LONG_LINK_A_L1_F4_H1_seed028,campaign_v3_S10_M2_LONG_LINK_A_L1_F4_H1_seed028_28_20260603_094548,S10,5000,200,6,M2_LONG_LINK,28,A,L1,F4,H1,V3,map_S10_M2_LONG_LINK_seed028,0a3314a261794ecedc512ba13820423c8340e698f7b031fa90b9cd892ce54580,98.755,339.223,195.162,405.877,25,799,3.0964,0.3006,60.0,34.373,94.373,154.373,160.0,100.0,4.331,3.0,1.0,0.015,0.287,0.142,5642.751891,0.87145,0.0,2035,1408696,1408696,1.0,1796,1796,1.0,119704,0,1,S10|M2_LONG_LINK|28|A|L1|F4,true,false,false,/home/cyfer/FYP/WSN_simulation_V3/runs/S10_5000/outputs_production_50seed_part26_30/run_campaign_v3_S10_M2_LONG_LINK_A_L1_F4_H1_seed028_28_20260603_094548
campaign_v3_S10_M2_LONG_LINK_A_L1_F4_H1_seed029,campaign_v3_S10_M2_LONG_LINK_A_L1_F4_H1_seed029_29_20260603_094755,S10,5000,200,6,M2_LONG_LINK,29,A,L1,F4,H1,V3,map_S10_M2_LONG_LINK_seed029,edd547672bdac93df6475cd98ac2eb27f8f37d343bcb78b2baed696fcd08db1d,98.257,346.016,198.004,387.561,25,703,2.8517,0.2928,60.0,34.62,94.62,154.62,160.0,100.0,4.263,3.0,1.0,0.017,0.297,0.107,5598.401448,0.88032,0.0,1967,1408696,1408696,1.0,1796,1796,1.0,119704,0,1,S10|M2_LONG_LINK|29|A|L1|F4,true,false,false,/home/cyfer/FYP/WSN_simulation_V3/runs/S10_5000/outputs_production_50seed_part26_30/run_campaign_v3_S10_M2_LONG_LINK_A_L1_F4_H1_seed029_29_20260603_094755
campaign_v3_S10_M2_LONG_LINK_A_L1_F4_H1_seed030,campaign_v3_S10_M2_LONG_LINK_A_L1_F4_H1_seed030_30_20260603_095001,S10,5000,200,6,M2_LONG_LINK,30,A,L1,F4,H1,V3,map_S10_M2_LONG_LINK_seed030,34738ab074fabc6e951084a39b0f417ab752c4587eec2566a128bd3d2c274dbf,103.41,357.239,197.379,408.227,25,690,3.0246,0.3072,60.0,34.921,94.921,154.921,160.0,100.0,4.635,3.0,1.0,0.028,0.441,0.077,5716.97127,0.856606,0.0,2144,1407226,1407226,1.0,1796,1796,1.0,119529,0,1,S10|M2_LONG_LINK|30|A|L1|F4,true,false,false,/home/cyfer/FYP/WSN_simulation_V3/runs/S10_5000/outputs_production_50seed_part26_30/run_campaign_v3_S10_M2_LONG_LINK_A_L1_F4_H1_seed030_30_20260603_095001
campaign_v3_S10_M2_LONG_LINK_A_L1_F4_H3_seed026,campaign_v3_S10_M2_LONG_LINK_A_L1_F4_H3_seed026_26_20260603_094052,S10,5000,200,6,M2_LONG_LINK,26,A,L1,F4,H3,V3,map_S10_M2_LONG_LINK_seed026,d15212a0c3b8ff5d653648088c0a80c4746f932ed7de94ed06a65810802293fd,98.006,356.83,197.8,395.65,25,1013,3.6634,0.2964,60.0,40.575,100.575,160.575,170.0,110.0,4.186,3.0,1.0,0.011,0.255,0.129,5592.974013,0.881405,0.0,1954,1408745,1408745,1.0,1796,1796,1.0,119729,0,1,S10|M2_LONG_LINK|26|A|L1|F4,true,false,false,/home/cyfer/FYP/WSN_simulation_V3/runs/S10_5000/outputs_production_50seed_part26_30/run_campaign_v3_S10_M2_LONG_LINK_A_L1_F4_H3_seed026_26_20260603_094052
campaign_v3_S10_M2_LONG_LINK_A_L1_F4_H3_seed027,campaign_v3_S10_M2_LONG_LINK_A_L1_F4_H3_seed027_27_20260603_094319,S10,5000,200,6,M2_LONG_LINK,27,A,L1,F4,H3,V3,map_S10_M2_LONG_LINK_seed027,b85dac5b485520e3b3585b49f53af630fbb0897fb5f1bd691b7517d1d3d30d9b,100.832,347.452,199.455,399.379,25,579,2.8686,0.2956,60.0,41.042,101.042,161.042,170.0,110.0,4.558,3.0,1.0,0.029,0.399,0.091,5631.693582,0.873661,0.0,2017,1407383,1407383,1.0,1796,1796,1.0,119579,0,1,S10|M2_LONG_LINK|27|A|L1|F4,true,false,false,/home/cyfer/FYP/WSN_simulation_V3/runs/S10_5000/outputs_production_50seed_part26_30/run_campaign_v3_S10_M2_LONG_LINK_A_L1_F4_H3_seed027_27_20260603_094319
campaign_v3_S10_M2_LONG_LINK_A_L1_F4_H3_seed028,campaign_v3_S10_M2_LONG_LINK_A_L1_F4_H3_seed028_28_20260603_094549,S10,5000,200,6,M2_LONG_LINK,28,A,L1,F4,H3,V3,map_S10_M2_LONG_LINK_seed028,0a3314a261794ecedc512ba13820423c8340e698f7b031fa90b9cd892ce54580,98.755,339.223,195.162,405.877,25,799,3.0964,0.3006,60.0,40.814,100.814,160.814,170.0,110.0,4.331,3.0,1.0,0.015,0.287,0.142,5642.354113,0.871529,0.0,2035,1408510,1408510,1.0,1796,1796,1.0,119704,0,1,S10|M2_LONG_LINK|28|A|L1|F4,true,false,false,/home/cyfer/FYP/WSN_simulation_V3/runs/S10_5000/outputs_production_50seed_part26_30/run_campaign_v3_S10_M2_LONG_LINK_A_L1_F4_H3_seed028_28_20260603_094549
campaign_v3_S10_M2_LONG_LINK_A_L1_F4_H3_seed029,campaign_v3_S10_M2_LONG_LINK_A_L1_F4_H3_seed029_29_20260603_094756,S10,5000,200,6,M2_LONG_LINK,29,A,L1,F4,H3,V3,map_S10_M2_LONG_LINK_seed029,edd547672bdac93df6475cd98ac2eb27f8f37d343bcb78b2baed696fcd08db1d,98.257,346.016,198.004,387.561,25,703,2.8517,0.2928,60.0,41.096,101.096,161.096,170.0,110.0,4.263,3.0,1.0,0.017,0.297,0.107,5597.902677,0.880419,0.0,1967,1408504,1408504,1.0,1796,1796,1.0,119704,0,1,S10|M2_LONG_LINK|29|A|L1|F4,true,false,false,/home/cyfer/FYP/WSN_simulation_V3/runs/S10_5000/outputs_production_50seed_part26_30/run_campaign_v3_S10_M2_LONG_LINK_A_L1_F4_H3_seed029_29_20260603_094756
campaign_v3_S10_M2_LONG_LINK_A_L1_F4_H3_seed030,campaign_v3_S10_M2_LONG_LINK_A_L1_F4_H3_seed030_30_20260603_095002,S10,5000,200,6,M2_LONG_LINK,30,A,L1,F4,H3,V3,map_S10_M2_LONG_LINK_seed030,34738ab074fabc6e951084a39b0f417ab752c4587eec2566a128bd3d2c274dbf,103.41,357.239,197.379,408.227,25,690,3.0246,0.3072,60.0,40.745,100.745,160.745,170.0,110.0,4.635,3.0,1.0,0.028,0.441,0.077,5716.31858,0.856736,0.0,2144,1406941,1406941,1.0,1796,1796,1.0,119529,0,1,S10|M2_LONG_LINK|30|A|L1|F4,true,false,false,/home/cyfer/FYP/WSN_simulation_V3/runs/S10_5000/outputs_production_50seed_part26_30/run_campaign_v3_S10_M2_LONG_LINK_A_L1_F4_H3_seed030_30_20260603_095002
campaign_v3_S10_M2_LONG_LINK_A_L1_F4_H4_seed026,campaign_v3_S10_M2_LONG_LINK_A_L1_F4_H4_seed026_26_20260603_094054,S10,5000,200,6,M2_LONG_LINK,26,A,L1,F4,H4,V3,map_S10_M2_LONG_LINK_seed026,d15212a0c3b8ff5d653648088c0a80c4746f932ed7de94ed06a65810802293fd,98.006,356.83,197.8,395.65,25,1013,3.6634,0.2964,60.0,44.786,104.786,164.786,170.0,110.0,4.186,3.0,1.0,0.011,0.255,0.129,5590.597704,0.88188,0.0,1954,1407382,1407382,1.0,1796,1796,1.0,119458,0,1,S10|M2_LONG_LINK|26|A|L1|F4,true,false,false,/home/cyfer/FYP/WSN_simulation_V3/runs/S10_5000/outputs_production_50seed_part26_30/run_campaign_v3_S10_M2_LONG_LINK_A_L1_F4_H4_seed026_26_20260603_094054
campaign_v3_S10_M2_LONG_LINK_A_L1_F4_H4_seed027,campaign_v3_S10_M2_LONG_LINK_A_L1_F4_H4_seed027_27_20260603_094321,S10,5000,200,6,M2_LONG_LINK,27,A,L1,F4,H4,V3,map_S10_M2_LONG_LINK_seed027,b85dac5b485520e3b3585b49f53af630fbb0897fb5f1bd691b7517d1d3d30d9b,100.832,347.452,199.455,399.379,25,579,2.8686,0.2956,60.0,44.692,104.692,164.692,170.0,110.0,4.558,3.0,1.0,0.029,0.399,0.091,5627.12617,0.874575,0.0,2017,1405022,1405022,1.0,1796,1796,1.0,119108,0,1,S10|M2_LONG_LINK|27|A|L1|F4,true,false,false,/home/cyfer/FYP/WSN_simulation_V3/runs/S10_5000/outputs_production_50seed_part26_30/run_campaign_v3_S10_M2_LONG_LINK_A_L1_F4_H4_seed027_27_20260603_094321
campaign_v3_S10_M2_LONG_LINK_A_L1_F4_H4_seed028,campaign_v3_S10_M2_LONG_LINK_A_L1_F4_H4_seed028_28_20260603_094550,S10,5000,200,6,M2_LONG_LINK,28,A,L1,F4,H4,V3,map_S10_M2_LONG_LINK_seed028,0a3314a261794ecedc512ba13820423c8340e698f7b031fa90b9cd892ce54580,98.755,339.223,195.162,405.877,25,799,3.0964,0.3006,60.0,44.337,104.337,164.337,170.0,110.0,4.331,3.0,1.0,0.015,0.287,0.142,5640.116662,0.871977,0.0,2034,1407292,1407292,1.0,1796,1796,1.0,119458,0,1,S10|M2_LONG_LINK|28|A|L1|F4,true,false,false,/home/cyfer/FYP/WSN_simulation_V3/runs/S10_5000/outputs_production_50seed_part26_30/run_campaign_v3_S10_M2_LONG_LINK_A_L1_F4_H4_seed028_28_20260603_094550
campaign_v3_S10_M2_LONG_LINK_A_L1_F4_H4_seed029,campaign_v3_S10_M2_LONG_LINK_A_L1_F4_H4_seed029_29_20260603_094758,S10,5000,200,6,M2_LONG_LINK,29,A,L1,F4,H4,V3,map_S10_M2_LONG_LINK_seed029,edd547672bdac93df6475cd98ac2eb27f8f37d343bcb78b2baed696fcd08db1d,98.257,346.016,198.004,387.561,25,703,2.8517,0.2928,60.0,45.195,105.195,165.195,170.0,110.0,4.263,3.0,1.0,0.017,0.297,0.107,5595.692249,0.880862,0.0,1967,1407032,1407032,1.0,1796,1796,1.0,119408,0,1,S10|M2_LONG_LINK|29|A|L1|F4,true,false,false,/home/cyfer/FYP/WSN_simulation_V3/runs/S10_5000/outputs_production_50seed_part26_30/run_campaign_v3_S10_M2_LONG_LINK_A_L1_F4_H4_seed029_29_20260603_094758
campaign_v3_S10_M2_LONG_LINK_A_L1_F4_H4_seed030,campaign_v3_S10_M2_LONG_LINK_A_L1_F4_H4_seed030_30_20260603_095004,S10,5000,200,6,M2_LONG_LINK,30,A,L1,F4,H4,V3,map_S10_M2_LONG_LINK_seed030,34738ab074fabc6e951084a39b0f417ab752c4587eec2566a128bd3d2c274dbf,103.41,357.239,197.379,408.227,25,690,3.0246,0.3072,60.0,44.899,104.899,164.899,170.0,110.0,4.635,3.0,1.0,0.028,0.441,0.077,5714.135443,0.857173,0.0,2144,1405362,1405362,1.0,1796,1796,1.0,119208,0,1,S10|M2_LONG_LINK|30|A|L1|F4,true,false,false,/home/cyfer/FYP/WSN_simulation_V3/runs/S10_5000/outputs_production_50seed_part26_30/run_campaign_v3_S10_M2_LONG_LINK_A_L1_F4_H4_seed030_30_20260603_095004
campaign_v3_S10_M2_LONG_LINK_A_L2_F0_H0_seed026,campaign_v3_S10_M2_LONG_LINK_A_L2_F0_H0_seed026_26_20260603_094055,S10,5000,200,6,M2_LONG_LINK,26,A,L2,F0,H0,V1,map_S10_M2_LONG_LINK_seed026,d15212a0c3b8ff5d653648088c0a80c4746f932ed7de94ed06a65810802293fd,98.006,356.83,197.8,395.65,25,1013,3.6634,0.2964,0.0,-1.0,-1.0,-1.0,-1.0,-1.0,0.0,0.0,0.0,0.0,0.0,0.0,6611.419774,0.677716,0.0,2355,1411200,1411200,1.0,1800,1800,1.0,120000,0,0,S10|M2_LONG_LINK|26|A|L2|F0,false,true,false,/home/cyfer/FYP/WSN_simulation_V3/runs/S10_5000/outputs_production_50seed_part26_30/run_campaign_v3_S10_M2_LONG_LINK_A_L2_F0_H0_seed026_26_20260603_094055
campaign_v3_S10_M2_LONG_LINK_A_L2_F0_H0_seed027,campaign_v3_S10_M2_LONG_LINK_A_L2_F0_H0_seed027_27_20260603_094322,S10,5000,200,6,M2_LONG_LINK,27,A,L2,F0,H0,V1,map_S10_M2_LONG_LINK_seed027,b85dac5b485520e3b3585b49f53af630fbb0897fb5f1bd691b7517d1d3d30d9b,100.832,347.452,199.455,399.379,25,579,2.8686,0.2956,0.0,-1.0,-1.0,-1.0,-1.0,-1.0,0.0,0.0,0.0,0.0,0.0,0.0,6615.594872,0.676881,0.0,2369,1411200,1411200,1.0,1800,1800,1.0,120000,0,0,S10|M2_LONG_LINK|27|A|L2|F0,false,true,false,/home/cyfer/FYP/WSN_simulation_V3/runs/S10_5000/outputs_production_50seed_part26_30/run_campaign_v3_S10_M2_LONG_LINK_A_L2_F0_H0_seed027_27_20260603_094322
campaign_v3_S10_M2_LONG_LINK_A_L2_F0_H0_seed028,campaign_v3_S10_M2_LONG_LINK_A_L2_F0_H0_seed028_28_20260603_094551,S10,5000,200,6,M2_LONG_LINK,28,A,L2,F0,H0,V1,map_S10_M2_LONG_LINK_seed028,0a3314a261794ecedc512ba13820423c8340e698f7b031fa90b9cd892ce54580,98.755,339.223,195.162,405.877,25,799,3.0964,0.3006,0.0,-1.0,-1.0,-1.0,-1.0,-1.0,0.0,0.0,0.0,0.0,0.0,0.0,6627.238729,0.674552,0.0,2368,1411200,1411200,1.0,1800,1800,1.0,120000,0,0,S10|M2_LONG_LINK|28|A|L2|F0,false,true,false,/home/cyfer/FYP/WSN_simulation_V3/runs/S10_5000/outputs_production_50seed_part26_30/run_campaign_v3_S10_M2_LONG_LINK_A_L2_F0_H0_seed028_28_20260603_094551
campaign_v3_S10_M2_LONG_LINK_A_L2_F0_H0_seed029,campaign_v3_S10_M2_LONG_LINK_A_L2_F0_H0_seed029_29_20260603_094759,S10,5000,200,6,M2_LONG_LINK,29,A,L2,F0,H0,V1,map_S10_M2_LONG_LINK_seed029,edd547672bdac93df6475cd98ac2eb27f8f37d343bcb78b2baed696fcd08db1d,98.257,346.016,198.004,387.561,25,703,2.8517,0.2928,0.0,-1.0,-1.0,-1.0,-1.0,-1.0,0.0,0.0,0.0,0.0,0.0,0.0,6629.24978,0.67415,0.0,2357,1411200,1411200,1.0,1800,1800,1.0,120000,0,0,S10|M2_LONG_LINK|29|A|L2|F0,false,true,false,/home/cyfer/FYP/WSN_simulation_V3/runs/S10_5000/outputs_production_50seed_part26_30/run_campaign_v3_S10_M2_LONG_LINK_A_L2_F0_H0_seed029_29_20260603_094759
campaign_v3_S10_M2_LONG_LINK_A_L2_F0_H0_seed030,campaign_v3_S10_M2_LONG_LINK_A_L2_F0_H0_seed030_30_20260603_095005,S10,5000,200,6,M2_LONG_LINK,30,A,L2,F0,H0,V1,map_S10_M2_LONG_LINK_seed030,34738ab074fabc6e951084a39b0f417ab752c4587eec2566a128bd3d2c274dbf,103.41,357.239,197.379,408.227,25,690,3.0246,0.3072,0.0,-1.0,-1.0,-1.0,-1.0,-1.0,0.0,0.0,0.0,0.0,0.0,0.0,6614.360244,0.677128,0.0,2367,1411200,1411200,1.0,1800,1800,1.0,120000,0,0,S10|M2_LONG_LINK|30|A|L2|F0,false,true,false,/home/cyfer/FYP/WSN_simulation_V3/runs/S10_5000/outputs_production_50seed_part26_30/run_campaign_v3_S10_M2_LONG_LINK_A_L2_F0_H0_seed030_30_20260603_095005
campaign_v3_S10_M2_LONG_LINK_A_L2_F1_H0_seed026,campaign_v3_S10_M2_LONG_LINK_A_L2_F1_H0_seed026_26_20260603_094057,S10,5000,200,6,M2_LONG_LINK,26,A,L2,F1,H0,V2,map_S10_M2_LONG_LINK_seed026,d15212a0c3b8ff5d653648088c0a80c4746f932ed7de94ed06a65810802293fd,98.006,356.83,197.8,395.65,25,1013,3.6634,0.2964,60.0,-1.0,-1.0,-1.0,-1.0,-1.0,0.0,0.0,0.0,0.0,0.0,0.0,6603.916762,0.678919,0.0,2355,1408615,1408615,1.0,1792,1792,1.0,120055,1,0,S10|M2_LONG_LINK|26|A|L2|F1,false,false,true,/home/cyfer/FYP/WSN_simulation_V3/runs/S10_5000/outputs_production_50seed_part26_30/run_campaign_v3_S10_M2_LONG_LINK_A_L2_F1_H0_seed026_26_20260603_094057
campaign_v3_S10_M2_LONG_LINK_A_L2_F1_H0_seed027,campaign_v3_S10_M2_LONG_LINK_A_L2_F1_H0_seed027_27_20260603_094324,S10,5000,200,6,M2_LONG_LINK,27,A,L2,F1,H0,V2,map_S10_M2_LONG_LINK_seed027,b85dac5b485520e3b3585b49f53af630fbb0897fb5f1bd691b7517d1d3d30d9b,100.832,347.452,199.455,399.379,25,579,2.8686,0.2956,60.0,-1.0,-1.0,-1.0,-1.0,-1.0,0.0,0.0,0.0,0.0,0.0,0.0,6604.719188,0.678816,0.0,2369,1407205,1407205,1.0,1792,1792,1.0,120085,1,0,S10|M2_LONG_LINK|27|A|L2|F1,false,false,true,/home/cyfer/FYP/WSN_simulation_V3/runs/S10_5000/outputs_production_50seed_part26_30/run_campaign_v3_S10_M2_LONG_LINK_A_L2_F1_H0_seed027_27_20260603_094324
campaign_v3_S10_M2_LONG_LINK_A_L2_F1_H0_seed028,campaign_v3_S10_M2_LONG_LINK_A_L2_F1_H0_seed028_28_20260603_094553,S10,5000,200,6,M2_LONG_LINK,28,A,L2,F1,H0,V2,map_S10_M2_LONG_LINK_seed028,0a3314a261794ecedc512ba13820423c8340e698f7b031fa90b9cd892ce54580,98.755,339.223,195.162,405.877,25,799,3.0964,0.3006,60.0,-1.0,-1.0,-1.0,-1.0,-1.0,0.0,0.0,0.0,0.0,0.0,0.0,6618.747003,0.675965,0.0,2368,1408380,1408380,1.0,1792,1792,1.0,120060,1,0,S10|M2_LONG_LINK|28|A|L2|F1,false,false,true,/home/cyfer/FYP/WSN_simulation_V3/runs/S10_5000/outputs_production_50seed_part26_30/run_campaign_v3_S10_M2_LONG_LINK_A_L2_F1_H0_seed028_28_20260603_094553
campaign_v3_S10_M2_LONG_LINK_A_L2_F1_H0_seed029,campaign_v3_S10_M2_LONG_LINK_A_L2_F1_H0_seed029_29_20260603_094800,S10,5000,200,6,M2_LONG_LINK,29,A,L2,F1,H0,V2,map_S10_M2_LONG_LINK_seed029,edd547672bdac93df6475cd98ac2eb27f8f37d343bcb78b2baed696fcd08db1d,98.257,346.016,198.004,387.561,25,703,2.8517,0.2928,60.0,-1.0,-1.0,-1.0,-1.0,-1.0,0.0,0.0,0.0,0.0,0.0,0.0,6620.127678,0.675693,0.0,2357,1408380,1408380,1.0,1792,1792,1.0,120060,1,0,S10|M2_LONG_LINK|29|A|L2|F1,false,false,true,/home/cyfer/FYP/WSN_simulation_V3/runs/S10_5000/outputs_production_50seed_part26_30/run_campaign_v3_S10_M2_LONG_LINK_A_L2_F1_H0_seed029_29_20260603_094800
campaign_v3_S10_M2_LONG_LINK_A_L2_F1_H0_seed030,campaign_v3_S10_M2_LONG_LINK_A_L2_F1_H0_seed030_30_20260603_095006,S10,5000,200,6,M2_LONG_LINK,30,A,L2,F1,H0,V2,map_S10_M2_LONG_LINK_seed030,34738ab074fabc6e951084a39b0f417ab752c4587eec2566a128bd3d2c274dbf,103.41,357.239,197.379,408.227,25,690,3.0246,0.3072,60.0,-1.0,-1.0,-1.0,-1.0,-1.0,0.0,0.0,0.0,0.0,0.0,0.0,6602.616429,0.679253,0.0,2367,1406735,1406735,1.0,1792,1792,1.0,120095,1,0,S10|M2_LONG_LINK|30|A|L2|F1,false,false,true,/home/cyfer/FYP/WSN_simulation_V3/runs/S10_5000/outputs_production_50seed_part26_30/run_campaign_v3_S10_M2_LONG_LINK_A_L2_F1_H0_seed030_30_20260603_095006
campaign_v3_S10_M2_LONG_LINK_A_L2_F1_H1_seed026,campaign_v3_S10_M2_LONG_LINK_A_L2_F1_H1_seed026_26_20260603_094106,S10,5000,200,6,M2_LONG_LINK,26,A,L2,F1,H1,V3,map_S10_M2_LONG_LINK_seed026,d15212a0c3b8ff5d653648088c0a80c4746f932ed7de94ed06a65810802293fd,98.006,356.83,197.8,395.65,25,1013,3.6634,0.2964,60.0,18.491,78.491,138.491,140.0,80.0,6.421,3.0,1.0,0.011,1.0,0.129,6609.503782,0.677801,0.0,2356,1410331,1410331,1.0,1797,1797,1.0,120000,0,1,S10|M2_LONG_LINK|26|A|L2|F1,true,false,false,/home/cyfer/FYP/WSN_simulation_V3/runs/S10_5000/outputs_production_50seed_part26_30/run_campaign_v3_S10_M2_LONG_LINK_A_L2_F1_H1_seed026_26_20260603_094106
campaign_v3_S10_M2_LONG_LINK_A_L2_F1_H1_seed027,campaign_v3_S10_M2_LONG_LINK_A_L2_F1_H1_seed027_27_20260603_094333,S10,5000,200,6,M2_LONG_LINK,27,A,L2,F1,H1,V3,map_S10_M2_LONG_LINK_seed027,b85dac5b485520e3b3585b49f53af630fbb0897fb5f1bd691b7517d1d3d30d9b,100.832,347.452,199.455,399.379,25,579,2.8686,0.2956,60.0,18.792,78.792,138.792,140.0,80.0,6.362,3.0,1.0,0.029,1.0,0.091,6612.699464,0.67722,0.0,2370,1409857,1409857,1.0,1797,1797,1.0,120000,0,1,S10|M2_LONG_LINK|27|A|L2|F1,true,false,false,/home/cyfer/FYP/WSN_simulation_V3/runs/S10_5000/outputs_production_50seed_part26_30/run_campaign_v3_S10_M2_LONG_LINK_A_L2_F1_H1_seed027_27_20260603_094333
campaign_v3_S10_M2_LONG_LINK_A_L2_F1_H1_seed028,campaign_v3_S10_M2_LONG_LINK_A_L2_F1_H1_seed028_28_20260603_094602,S10,5000,200,6,M2_LONG_LINK,28,A,L2,F1,H1,V3,map_S10_M2_LONG_LINK_seed028,0a3314a261794ecedc512ba13820423c8340e698f7b031fa90b9cd892ce54580,98.755,339.223,195.162,405.877,25,799,3.0964,0.3006,60.0,19.145,79.145,139.145,140.0,80.0,6.471,3.0,1.0,0.015,1.0,0.142,6624.415805,0.674832,0.0,2369,1410240,1410240,1.0,1797,1797,1.0,120000,0,1,S10|M2_LONG_LINK|28|A|L2|F1,true,false,false,/home/cyfer/FYP/WSN_simulation_V3/runs/S10_5000/outputs_production_50seed_part26_30/run_campaign_v3_S10_M2_LONG_LINK_A_L2_F1_H1_seed028_28_20260603_094602
campaign_v3_S10_M2_LONG_LINK_A_L2_F1_H1_seed029,campaign_v3_S10_M2_LONG_LINK_A_L2_F1_H1_seed029_29_20260603_094808,S10,5000,200,6,M2_LONG_LINK,29,A,L2,F1,H1,V3,map_S10_M2_LONG_LINK_seed029,edd547672bdac93df6475cd98ac2eb27f8f37d343bcb78b2baed696fcd08db1d,98.257,346.016,198.004,387.561,25,703,2.8517,0.2928,60.0,19.136,79.136,139.136,140.0,80.0,6.372,3.0,1.0,0.017,1.0,0.107,6626.502693,0.674418,0.0,2358,1410240,1410240,1.0,1797,1797,1.0,120000,0,1,S10|M2_LONG_LINK|29|A|L2|F1,true,false,false,/home/cyfer/FYP/WSN_simulation_V3/runs/S10_5000/outputs_production_50seed_part26_30/run_campaign_v3_S10_M2_LONG_LINK_A_L2_F1_H1_seed029_29_20260603_094808
campaign_v3_S10_M2_LONG_LINK_A_L2_F1_H1_seed030,campaign_v3_S10_M2_LONG_LINK_A_L2_F1_H1_seed030_30_20260603_095015,S10,5000,200,6,M2_LONG_LINK,30,A,L2,F1,H1,V3,map_S10_M2_LONG_LINK_seed030,34738ab074fabc6e951084a39b0f417ab752c4587eec2566a128bd3d2c274dbf,103.41,357.239,197.379,408.227,25,690,3.0246,0.3072,60.0,18.592,78.592,138.592,140.0,80.0,6.313,3.0,1.0,0.028,1.0,0.077,6611.238866,0.677529,0.0,2368,1409699,1409699,1.0,1797,1797,1.0,120000,0,1,S10|M2_LONG_LINK|30|A|L2|F1,true,false,false,/home/cyfer/FYP/WSN_simulation_V3/runs/S10_5000/outputs_production_50seed_part26_30/run_campaign_v3_S10_M2_LONG_LINK_A_L2_F1_H1_seed030_30_20260603_095015
campaign_v3_S10_M2_LONG_LINK_A_L2_F1_H3_seed026,campaign_v3_S10_M2_LONG_LINK_A_L2_F1_H3_seed026_26_20260603_094110,S10,5000,200,6,M2_LONG_LINK,26,A,L2,F1,H3,V3,map_S10_M2_LONG_LINK_seed026,d15212a0c3b8ff5d653648088c0a80c4746f932ed7de94ed06a65810802293fd,98.006,356.83,197.8,395.65,25,1013,3.6634,0.2964,60.0,25.188,85.188,145.188,150.0,90.0,6.421,3.0,1.0,0.011,1.0,0.129,6606.813802,0.678339,0.0,2355,1409509,1409509,1.0,1797,1797,1.0,119875,0,1,S10|M2_LONG_LINK|26|A|L2|F1,true,false,false,/home/cyfer/FYP/WSN_simulation_V3/runs/S10_5000/outputs_production_50seed_part26_30/run_campaign_v3_S10_M2_LONG_LINK_A_L2_F1_H3_seed026_26_20260603_094110
campaign_v3_S10_M2_LONG_LINK_A_L2_F1_H3_seed027,campaign_v3_S10_M2_LONG_LINK_A_L2_F1_H3_seed027_27_20260603_094338,S10,5000,200,6,M2_LONG_LINK,27,A,L2,F1,H3,V3,map_S10_M2_LONG_LINK_seed027,b85dac5b485520e3b3585b49f53af630fbb0897fb5f1bd691b7517d1d3d30d9b,100.832,347.452,199.455,399.379,25,579,2.8686,0.2956,60.0,25.252,85.252,145.252,150.0,90.0,6.362,3.0,1.0,0.029,1.0,0.091,6609.53623,0.677852,0.0,2369,1408546,1408546,1.0,1797,1797,1.0,119800,0,1,S10|M2_LONG_LINK|27|A|L2|F1,true,false,false,/home/cyfer/FYP/WSN_simulation_V3/runs/S10_5000/outputs_production_50seed_part26_30/run_campaign_v3_S10_M2_LONG_LINK_A_L2_F1_H3_seed027_27_20260603_094338
campaign_v3_S10_M2_LONG_LINK_A_L2_F1_H3_seed028,campaign_v3_S10_M2_LONG_LINK_A_L2_F1_H3_seed028_28_20260603_094606,S10,5000,200,6,M2_LONG_LINK,28,A,L2,F1,H3,V3,map_S10_M2_LONG_LINK_seed028,0a3314a261794ecedc512ba13820423c8340e698f7b031fa90b9cd892ce54580,98.755,339.223,195.162,405.877,25,799,3.0964,0.3006,60.0,25.273,85.273,145.273,150.0,90.0,6.471,3.0,1.0,0.015,1.0,0.142,6621.697921,0.675375,0.0,2368,1409274,1409274,1.0,1797,1797,1.0,119850,0,1,S10|M2_LONG_LINK|28|A|L2|F1,true,false,false,/home/cyfer/FYP/WSN_simulation_V3/runs/S10_5000/outputs_production_50seed_part26_30/run_campaign_v3_S10_M2_LONG_LINK_A_L2_F1_H3_seed028_28_20260603_094606
campaign_v3_S10_M2_LONG_LINK_A_L2_F1_H3_seed029,campaign_v3_S10_M2_LONG_LINK_A_L2_F1_H3_seed029_29_20260603_094812,S10,5000,200,6,M2_LONG_LINK,29,A,L2,F1,H3,V3,map_S10_M2_LONG_LINK_seed029,edd547672bdac93df6475cd98ac2eb27f8f37d343bcb78b2baed696fcd08db1d,98.257,346.016,198.004,387.561,25,703,2.8517,0.2928,60.0,24.875,84.875,144.875,150.0,90.0,6.372,3.0,1.0,0.017,1.0,0.107,6623.052679,0.675108,0.0,2357,1409280,1409280,1.0,1797,1797,1.0,119850,0,1,S10|M2_LONG_LINK|29|A|L2|F1,true,false,false,/home/cyfer/FYP/WSN_simulation_V3/runs/S10_5000/outputs_production_50seed_part26_30/run_campaign_v3_S10_M2_LONG_LINK_A_L2_F1_H3_seed029_29_20260603_094812
campaign_v3_S10_M2_LONG_LINK_A_L2_F1_H3_seed030,campaign_v3_S10_M2_LONG_LINK_A_L2_F1_H3_seed030_30_20260603_095019,S10,5000,200,6,M2_LONG_LINK,30,A,L2,F1,H3,V3,map_S10_M2_LONG_LINK_seed030,34738ab074fabc6e951084a39b0f417ab752c4587eec2566a128bd3d2c274dbf,103.41,357.239,197.379,408.227,25,690,3.0246,0.3072,60.0,24.576,84.576,144.576,150.0,90.0,6.313,3.0,1.0,0.028,1.0,0.077,6607.614746,0.678253,0.0,2368,1408235,1408235,1.0,1797,1797,1.0,119775,0,1,S10|M2_LONG_LINK|30|A|L2|F1,true,false,false,/home/cyfer/FYP/WSN_simulation_V3/runs/S10_5000/outputs_production_50seed_part26_30/run_campaign_v3_S10_M2_LONG_LINK_A_L2_F1_H3_seed030_30_20260603_095019
campaign_v3_S10_M2_LONG_LINK_A_L2_F1_H4_seed026,campaign_v3_S10_M2_LONG_LINK_A_L2_F1_H4_seed026_26_20260603_094115,S10,5000,200,6,M2_LONG_LINK,26,A,L2,F1,H4,V3,map_S10_M2_LONG_LINK_seed026,d15212a0c3b8ff5d653648088c0a80c4746f932ed7de94ed06a65810802293fd,98.006,356.83,197.8,395.65,25,1013,3.6634,0.2964,60.0,28.779,88.779,148.779,150.0,90.0,6.421,3.0,1.0,0.011,1.0,0.129,6604.793331,0.678743,0.0,2355,1408635,1408635,1.0,1797,1797,1.0,119729,0,1,S10|M2_LONG_LINK|26|A|L2|F1,true,false,false,/home/cyfer/FYP/WSN_simulation_V3/runs/S10_5000/outputs_production_50seed_part26_30/run_campaign_v3_S10_M2_LONG_LINK_A_L2_F1_H4_seed026_26_20260603_094115
campaign_v3_S10_M2_LONG_LINK_A_L2_F1_H4_seed027,campaign_v3_S10_M2_LONG_LINK_A_L2_F1_H4_seed027_27_20260603_094342,S10,5000,200,6,M2_LONG_LINK,27,A,L2,F1,H4,V3,map_S10_M2_LONG_LINK_seed027,b85dac5b485520e3b3585b49f53af630fbb0897fb5f1bd691b7517d1d3d30d9b,100.832,347.452,199.455,399.379,25,579,2.8686,0.2956,60.0,28.947,88.947,148.947,150.0,90.0,6.362,3.0,1.0,0.029,1.0,0.091,6603.778671,0.679004,0.0,2370,1406933,1406933,1.0,1797,1797,1.0,119529,0,1,S10|M2_LONG_LINK|27|A|L2|F1,true,false,false,/home/cyfer/FYP/WSN_simulation_V3/runs/S10_5000/outputs_production_50seed_part26_30/run_campaign_v3_S10_M2_LONG_LINK_A_L2_F1_H4_seed027_27_20260603_094342
campaign_v3_S10_M2_LONG_LINK_A_L2_F1_H4_seed028,campaign_v3_S10_M2_LONG_LINK_A_L2_F1_H4_seed028_28_20260603_094610,S10,5000,200,6,M2_LONG_LINK,28,A,L2,F1,H4,V3,map_S10_M2_LONG_LINK_seed028,0a3314a261794ecedc512ba13820423c8340e698f7b031fa90b9cd892ce54580,98.755,339.223,195.162,405.877,25,799,3.0964,0.3006,60.0,28.902,88.902,148.902,150.0,90.0,6.471,3.0,1.0,0.015,1.0,0.142,6620.135504,0.675688,0.0,2368,1408692,1408692,1.0,1797,1797,1.0,119754,0,1,S10|M2_LONG_LINK|28|A|L2|F1,true,false,false,/home/cyfer/FYP/WSN_simulation_V3/runs/S10_5000/outputs_production_50seed_part26_30/run_campaign_v3_S10_M2_LONG_LINK_A_L2_F1_H4_seed028_28_20260603_094610
campaign_v3_S10_M2_LONG_LINK_A_L2_F1_H4_seed029,campaign_v3_S10_M2_LONG_LINK_A_L2_F1_H4_seed029_29_20260603_094816,S10,5000,200,6,M2_LONG_LINK,29,A,L2,F1,H4,V3,map_S10_M2_LONG_LINK_seed029,edd547672bdac93df6475cd98ac2eb27f8f37d343bcb78b2baed696fcd08db1d,98.257,346.016,198.004,387.561,25,703,2.8517,0.2928,60.0,28.991,88.991,148.991,150.0,90.0,6.372,3.0,1.0,0.017,1.0,0.107,6621.851689,0.675348,0.0,2358,1408400,1408400,1.0,1797,1797,1.0,119704,0,1,S10|M2_LONG_LINK|29|A|L2|F1,true,false,false,/home/cyfer/FYP/WSN_simulation_V3/runs/S10_5000/outputs_production_50seed_part26_30/run_campaign_v3_S10_M2_LONG_LINK_A_L2_F1_H4_seed029_29_20260603_094816
campaign_v3_S10_M2_LONG_LINK_A_L2_F1_H4_seed030,campaign_v3_S10_M2_LONG_LINK_A_L2_F1_H4_seed030_30_20260603_095023,S10,5000,200,6,M2_LONG_LINK,30,A,L2,F1,H4,V3,map_S10_M2_LONG_LINK_seed030,34738ab074fabc6e951084a39b0f417ab752c4587eec2566a128bd3d2c274dbf,103.41,357.239,197.379,408.227,25,690,3.0246,0.3072,60.0,28.447,88.447,148.447,150.0,90.0,6.313,3.0,1.0,0.028,1.0,0.077,6606.438931,0.678488,0.0,2368,1407631,1407631,1.0,1797,1797,1.0,119679,0,1,S10|M2_LONG_LINK|30|A|L2|F1,true,false,false,/home/cyfer/FYP/WSN_simulation_V3/runs/S10_5000/outputs_production_50seed_part26_30/run_campaign_v3_S10_M2_LONG_LINK_A_L2_F1_H4_seed030_30_20260603_095023
campaign_v3_S10_M2_LONG_LINK_A_L2_F2_H0_seed026,campaign_v3_S10_M2_LONG_LINK_A_L2_F2_H0_seed026_26_20260603_094101,S10,5000,200,6,M2_LONG_LINK,26,A,L2,F2,H0,V2,map_S10_M2_LONG_LINK_seed026,d15212a0c3b8ff5d653648088c0a80c4746f932ed7de94ed06a65810802293fd,98.006,356.83,197.8,395.65,25,1013,3.6634,0.2964,60.0,-1.0,-1.0,-1.0,-1.0,-1.0,0.0,0.0,0.0,0.0,0.0,0.0,6603.651029,0.67927,0.0,2354,1408615,1408615,1.0,1792,1792,1.0,120055,1,0,S10|M2_LONG_LINK|26|A|L2|F2,false,false,true,/home/cyfer/FYP/WSN_simulation_V3/runs/S10_5000/outputs_production_50seed_part26_30/run_campaign_v3_S10_M2_LONG_LINK_A_L2_F2_H0_seed026_26_20260603_094101
campaign_v3_S10_M2_LONG_LINK_A_L2_F2_H0_seed027,campaign_v3_S10_M2_LONG_LINK_A_L2_F2_H0_seed027_27_20260603_094328,S10,5000,200,6,M2_LONG_LINK,27,A,L2,F2,H0,V2,map_S10_M2_LONG_LINK_seed027,b85dac5b485520e3b3585b49f53af630fbb0897fb5f1bd691b7517d1d3d30d9b,100.832,347.452,199.455,399.379,25,579,2.8686,0.2956,60.0,-1.0,-1.0,-1.0,-1.0,-1.0,0.0,0.0,0.0,0.0,0.0,0.0,6600.748775,0.67985,0.0,2368,1406735,1406735,1.0,1792,1792,1.0,120095,1,0,S10|M2_LONG_LINK|27|A|L2|F2,false,false,true,/home/cyfer/FYP/WSN_simulation_V3/runs/S10_5000/outputs_production_50seed_part26_30/run_campaign_v3_S10_M2_LONG_LINK_A_L2_F2_H0_seed027_27_20260603_094328
campaign_v3_S10_M2_LONG_LINK_A_L2_F2_H0_seed028,campaign_v3_S10_M2_LONG_LINK_A_L2_F2_H0_seed028_28_20260603_094558,S10,5000,200,6,M2_LONG_LINK,28,A,L2,F2,H0,V2,map_S10_M2_LONG_LINK_seed028,0a3314a261794ecedc512ba13820423c8340e698f7b031fa90b9cd892ce54580,98.755,339.223,195.162,405.877,25,799,3.0964,0.3006,60.0,-1.0,-1.0,-1.0,-1.0,-1.0,0.0,0.0,0.0,0.0,0.0,0.0,6620.329962,0.675934,0.0,2367,1408850,1408850,1.0,1792,1792,1.0,120050,1,0,S10|M2_LONG_LINK|28|A|L2|F2,false,false,true,/home/cyfer/FYP/WSN_simulation_V3/runs/S10_5000/outputs_production_50seed_part26_30/run_campaign_v3_S10_M2_LONG_LINK_A_L2_F2_H0_seed028_28_20260603_094558
campaign_v3_S10_M2_LONG_LINK_A_L2_F2_H0_seed029,campaign_v3_S10_M2_LONG_LINK_A_L2_F2_H0_seed029_29_20260603_094804,S10,5000,200,6,M2_LONG_LINK,29,A,L2,F2,H0,V2,map_S10_M2_LONG_LINK_seed029,edd547672bdac93df6475cd98ac2eb27f8f37d343bcb78b2baed696fcd08db1d,98.257,346.016,198.004,387.561,25,703,2.8517,0.2928,60.0,-1.0,-1.0,-1.0,-1.0,-1.0,0.0,0.0,0.0,0.0,0.0,0.0,6621.400313,0.67572,0.0,2356,1408380,1408380,1.0,1792,1792,1.0,120060,1,0,S10|M2_LONG_LINK|29|A|L2|F2,false,false,true,/home/cyfer/FYP/WSN_simulation_V3/runs/S10_5000/outputs_production_50seed_part26_30/run_campaign_v3_S10_M2_LONG_LINK_A_L2_F2_H0_seed029_29_20260603_094804
campaign_v3_S10_M2_LONG_LINK_A_L2_F2_H0_seed030,campaign_v3_S10_M2_LONG_LINK_A_L2_F2_H0_seed030_30_20260603_095011,S10,5000,200,6,M2_LONG_LINK,30,A,L2,F2,H0,V2,map_S10_M2_LONG_LINK_seed030,34738ab074fabc6e951084a39b0f417ab752c4587eec2566a128bd3d2c274dbf,103.41,357.239,197.379,408.227,25,690,3.0246,0.3072,60.0,-1.0,-1.0,-1.0,-1.0,-1.0,0.0,0.0,0.0,0.0,0.0,0.0,6606.296085,0.678741,0.0,2366,1408145,1408145,1.0,1792,1792,1.0,120065,1,0,S10|M2_LONG_LINK|30|A|L2|F2,false,false,true,/home/cyfer/FYP/WSN_simulation_V3/runs/S10_5000/outputs_production_50seed_part26_30/run_campaign_v3_S10_M2_LONG_LINK_A_L2_F2_H0_seed030_30_20260603_095011
campaign_v3_S10_M2_LONG_LINK_A_L2_F2_H1_seed026,campaign_v3_S10_M2_LONG_LINK_A_L2_F2_H1_seed026_26_20260603_094119,S10,5000,200,6,M2_LONG_LINK,26,A,L2,F2,H1,V3,map_S10_M2_LONG_LINK_seed026,d15212a0c3b8ff5d653648088c0a80c4746f932ed7de94ed06a65810802293fd,98.006,356.83,197.8,395.65,25,1013,3.6634,0.2964,60.0,23.963,83.963,143.963,150.0,90.0,3.868,3.0,1.0,0.011,0.259,0.019,6609.420712,0.678116,0.0,2355,1410276,1410276,1.0,1797,1797,1.0,120000,0,1,S10|M2_LONG_LINK|26|A|L2|F2,true,false,false,/home/cyfer/FYP/WSN_simulation_V3/runs/S10_5000/outputs_production_50seed_part26_30/run_campaign_v3_S10_M2_LONG_LINK_A_L2_F2_H1_seed026_26_20260603_094119
campaign_v3_S10_M2_LONG_LINK_A_L2_F2_H1_seed027,campaign_v3_S10_M2_LONG_LINK_A_L2_F2_H1_seed027_27_20260603_094347,S10,5000,200,6,M2_LONG_LINK,27,A,L2,F2,H1,V3,map_S10_M2_LONG_LINK_seed027,b85dac5b485520e3b3585b49f53af630fbb0897fb5f1bd691b7517d1d3d30d9b,100.832,347.452,199.455,399.379,25,579,2.8686,0.2956,60.0,24.88,84.88,144.88,150.0,90.0,4.865,3.0,1.0,0.033,0.493,0.096,6612.748443,0.67745,0.0,2369,1409585,1409585,1.0,1797,1797,1.0,120000,0,1,S10|M2_LONG_LINK|27|A|L2|F2,true,false,false,/home/cyfer/FYP/WSN_simulation_V3/runs/S10_5000/outputs_production_50seed_part26_30/run_campaign_v3_S10_M2_LONG_LINK_A_L2_F2_H1_seed027_27_20260603_094347
campaign_v3_S10_M2_LONG_LINK_A_L2_F2_H1_seed028,campaign_v3_S10_M2_LONG_LINK_A_L2_F2_H1_seed028_28_20260603_094614,S10,5000,200,6,M2_LONG_LINK,28,A,L2,F2,H1,V3,map_S10_M2_LONG_LINK_seed028,0a3314a261794ecedc512ba13820423c8340e698f7b031fa90b9cd892ce54580,98.755,339.223,195.162,405.877,25,799,3.0964,0.3006,60.0,24.091,84.091,144.091,150.0,90.0,3.744,3.0,1.0,0.013,0.229,0.007,6625.09583,0.674981,0.0,2368,1410350,1410350,1.0,1797,1797,1.0,120000,0,1,S10|M2_LONG_LINK|28|A|L2|F2,true,false,false,/home/cyfer/FYP/WSN_simulation_V3/runs/S10_5000/outputs_production_50seed_part26_30/run_campaign_v3_S10_M2_LONG_LINK_A_L2_F2_H1_seed028_28_20260603_094614
campaign_v3_S10_M2_LONG_LINK_A_L2_F2_H1_seed029,campaign_v3_S10_M2_LONG_LINK_A_L2_F2_H1_seed029_29_20260603_094820,S10,5000,200,6,M2_LONG_LINK,29,A,L2,F2,H1,V3,map_S10_M2_LONG_LINK_seed029,edd547672bdac93df6475cd98ac2eb27f8f37d343bcb78b2baed696fcd08db1d,98.257,346.016,198.004,387.561,25,703,2.8517,0.2928,60.0,24.367,84.367,144.367,150.0,90.0,4.152,3.0,1.0,0.017,0.276,0.091,6627.162377,0.674568,0.0,2357,1410180,1410180,1.0,1797,1797,1.0,120000,0,1,S10|M2_LONG_LINK|29|A|L2|F2,true,false,false,/home/cyfer/FYP/WSN_simulation_V3/runs/S10_5000/outputs_production_50seed_part26_30/run_campaign_v3_S10_M2_LONG_LINK_A_L2_F2_H1_seed029_29_20260603_094820
campaign_v3_S10_M2_LONG_LINK_A_L2_F2_H1_seed030,campaign_v3_S10_M2_LONG_LINK_A_L2_F2_H1_seed030_30_20260603_095026,S10,5000,200,6,M2_LONG_LINK,30,A,L2,F2,H1,V3,map_S10_M2_LONG_LINK_seed030,34738ab074fabc6e951084a39b0f417ab752c4587eec2566a128bd3d2c274dbf,103.41,357.239,197.379,408.227,25,690,3.0246,0.3072,60.0,24.66,84.66,144.66,150.0,90.0,4.137,3.0,1.0,0.019,0.293,0.067,6612.308219,0.677538,0.0,2367,1410095,1410095,1.0,1797,1797,1.0,120000,0,1,S10|M2_LONG_LINK|30|A|L2|F2,true,false,false,/home/cyfer/FYP/WSN_simulation_V3/runs/S10_5000/outputs_production_50seed_part26_30/run_campaign_v3_S10_M2_LONG_LINK_A_L2_F2_H1_seed030_30_20260603_095026
campaign_v3_S10_M2_LONG_LINK_A_L2_F2_H3_seed026,campaign_v3_S10_M2_LONG_LINK_A_L2_F2_H3_seed026_26_20260603_094121,S10,5000,200,6,M2_LONG_LINK,26,A,L2,F2,H3,V3,map_S10_M2_LONG_LINK_seed026,d15212a0c3b8ff5d653648088c0a80c4746f932ed7de94ed06a65810802293fd,98.006,356.83,197.8,395.65,25,1013,3.6634,0.2964,60.0,30.394,90.394,150.394,160.0,100.0,3.868,3.0,1.0,0.011,0.259,0.019,6606.607013,0.678679,0.0,2354,1409479,1409479,1.0,1796,1796,1.0,119875,0,1,S10|M2_LONG_LINK|26|A|L2|F2,true,false,false,/home/cyfer/FYP/WSN_simulation_V3/runs/S10_5000/outputs_production_50seed_part26_30/run_campaign_v3_S10_M2_LONG_LINK_A_L2_F2_H3_seed026_26_20260603_094121
campaign_v3_S10_M2_LONG_LINK_A_L2_F2_H3_seed027,campaign_v3_S10_M2_LONG_LINK_A_L2_F2_H3_seed027_27_20260603_094348,S10,5000,200,6,M2_LONG_LINK,27,A,L2,F2,H3,V3,map_S10_M2_LONG_LINK_seed027,b85dac5b485520e3b3585b49f53af630fbb0897fb5f1bd691b7517d1d3d30d9b,100.832,347.452,199.455,399.379,25,579,2.8686,0.2956,60.0,31.254,91.254,151.254,160.0,100.0,4.865,3.0,1.0,0.033,0.493,0.096,6607.618119,0.678476,0.0,2369,1408165,1408165,1.0,1796,1796,1.0,119775,0,1,S10|M2_LONG_LINK|27|A|L2|F2,true,false,false,/home/cyfer/FYP/WSN_simulation_V3/runs/S10_5000/outputs_production_50seed_part26_30/run_campaign_v3_S10_M2_LONG_LINK_A_L2_F2_H3_seed027_27_20260603_094348
campaign_v3_S10_M2_LONG_LINK_A_L2_F2_H3_seed028,campaign_v3_S10_M2_LONG_LINK_A_L2_F2_H3_seed028_28_20260603_094616,S10,5000,200,6,M2_LONG_LINK,28,A,L2,F2,H3,V3,map_S10_M2_LONG_LINK_seed028,0a3314a261794ecedc512ba13820423c8340e698f7b031fa90b9cd892ce54580,98.755,339.223,195.162,405.877,25,799,3.0964,0.3006,60.0,30.462,90.462,150.462,160.0,100.0,3.744,3.0,1.0,0.013,0.229,0.007,6622.688742,0.675462,0.0,2367,1409570,1409570,1.0,1796,1796,1.0,119875,0,1,S10|M2_LONG_LINK|28|A|L2|F2,true,false,false,/home/cyfer/FYP/WSN_simulation_V3/runs/S10_5000/outputs_production_50seed_part26_30/run_campaign_v3_S10_M2_LONG_LINK_A_L2_F2_H3_seed028_28_20260603_094616
campaign_v3_S10_M2_LONG_LINK_A_L2_F2_H3_seed029,campaign_v3_S10_M2_LONG_LINK_A_L2_F2_H3_seed029_29_20260603_094821,S10,5000,200,6,M2_LONG_LINK,29,A,L2,F2,H3,V3,map_S10_M2_LONG_LINK_seed029,edd547672bdac93df6475cd98ac2eb27f8f37d343bcb78b2baed696fcd08db1d,98.257,346.016,198.004,387.561,25,703,2.8517,0.2928,60.0,30.255,90.255,150.255,160.0,100.0,4.152,3.0,1.0,0.017,0.276,0.091,6623.965731,0.675207,0.0,2356,1409244,1409244,1.0,1796,1796,1.0,119850,0,1,S10|M2_LONG_LINK|29|A|L2|F2,true,false,false,/home/cyfer/FYP/WSN_simulation_V3/runs/S10_5000/outputs_production_50seed_part26_30/run_campaign_v3_S10_M2_LONG_LINK_A_L2_F2_H3_seed029_29_20260603_094821
campaign_v3_S10_M2_LONG_LINK_A_L2_F2_H3_seed030,campaign_v3_S10_M2_LONG_LINK_A_L2_F2_H3_seed030_30_20260603_095028,S10,5000,200,6,M2_LONG_LINK,30,A,L2,F2,H3,V3,map_S10_M2_LONG_LINK_seed030,34738ab074fabc6e951084a39b0f417ab752c4587eec2566a128bd3d2c274dbf,103.41,357.239,197.379,408.227,25,690,3.0246,0.3072,60.0,31.111,91.111,151.111,160.0,100.0,4.137,3.0,1.0,0.019,0.293,0.067,6609.387289,0.678123,0.0,2366,1409146,1409146,1.0,1796,1796,1.0,119850,0,1,S10|M2_LONG_LINK|30|A|L2|F2,true,false,false,/home/cyfer/FYP/WSN_simulation_V3/runs/S10_5000/outputs_production_50seed_part26_30/run_campaign_v3_S10_M2_LONG_LINK_A_L2_F2_H3_seed030_30_20260603_095028
campaign_v3_S10_M2_LONG_LINK_A_L2_F2_H4_seed026,campaign_v3_S10_M2_LONG_LINK_A_L2_F2_H4_seed026_26_20260603_094122,S10,5000,200,6,M2_LONG_LINK,26,A,L2,F2,H4,V3,map_S10_M2_LONG_LINK_seed026,d15212a0c3b8ff5d653648088c0a80c4746f932ed7de94ed06a65810802293fd,98.006,356.83,197.8,395.65,25,1013,3.6634,0.2964,60.0,34.86,94.86,154.86,160.0,100.0,3.868,3.0,1.0,0.011,0.259,0.019,6608.998979,0.6782,0.0,2355,1410155,1410155,1.0,1796,1796,1.0,120000,0,1,S10|M2_LONG_LINK|26|A|L2|F2,true,false,false,/home/cyfer/FYP/WSN_simulation_V3/runs/S10_5000/outputs_production_50seed_part26_30/run_campaign_v3_S10_M2_LONG_LINK_A_L2_F2_H4_seed026_26_20260603_094122
campaign_v3_S10_M2_LONG_LINK_A_L2_F2_H4_seed027,campaign_v3_S10_M2_LONG_LINK_A_L2_F2_H4_seed027_27_20260603_094350,S10,5000,200,6,M2_LONG_LINK,27,A,L2,F2,H4,V3,map_S10_M2_LONG_LINK_seed027,b85dac5b485520e3b3585b49f53af630fbb0897fb5f1bd691b7517d1d3d30d9b,100.832,347.452,199.455,399.379,25,579,2.8686,0.2956,60.0,35.759,95.759,155.759,160.0,100.0,4.865,3.0,1.0,0.033,0.493,0.096,6612.005631,0.677599,0.0,2369,1409376,1409376,1.0,1796,1796,1.0,120000,0,1,S10|M2_LONG_LINK|27|A|L2|F2,true,false,false,/home/cyfer/FYP/WSN_simulation_V3/runs/S10_5000/outputs_production_50seed_part26_30/run_campaign_v3_S10_M2_LONG_LINK_A_L2_F2_H4_seed027_27_20260603_094350
campaign_v3_S10_M2_LONG_LINK_A_L2_F2_H4_seed028,campaign_v3_S10_M2_LONG_LINK_A_L2_F2_H4_seed028_28_20260603_094617,S10,5000,200,6,M2_LONG_LINK,28,A,L2,F2,H4,V3,map_S10_M2_LONG_LINK_seed028,0a3314a261794ecedc512ba13820423c8340e698f7b031fa90b9cd892ce54580,98.755,339.223,195.162,405.877,25,799,3.0964,0.3006,60.0,34.277,94.277,154.277,160.0,100.0,3.744,3.0,1.0,0.013,0.229,0.007,6624.776591,0.675045,0.0,2367,1410250,1410250,1.0,1796,1796,1.0,120000,0,1,S10|M2_LONG_LINK|28|A|L2|F2,true,false,false,/home/cyfer/FYP/WSN_simulation_V3/runs/S10_5000/outputs_production_50seed_part26_30/run_campaign_v3_S10_M2_LONG_LINK_A_L2_F2_H4_seed028_28_20260603_094617
campaign_v3_S10_M2_LONG_LINK_A_L2_F2_H4_seed029,campaign_v3_S10_M2_LONG_LINK_A_L2_F2_H4_seed029_29_20260603_094823,S10,5000,200,6,M2_LONG_LINK,29,A,L2,F2,H4,V3,map_S10_M2_LONG_LINK_seed029,edd547672bdac93df6475cd98ac2eb27f8f37d343bcb78b2baed696fcd08db1d,98.257,346.016,198.004,387.561,25,703,2.8517,0.2928,60.0,34.3,94.3,154.3,160.0,100.0,4.152,3.0,1.0,0.017,0.276,0.091,6626.773846,0.674645,0.0,2357,1410060,1410060,1.0,1796,1796,1.0,120000,0,1,S10|M2_LONG_LINK|29|A|L2|F2,true,false,false,/home/cyfer/FYP/WSN_simulation_V3/runs/S10_5000/outputs_production_50seed_part26_30/run_campaign_v3_S10_M2_LONG_LINK_A_L2_F2_H4_seed029_29_20260603_094823
campaign_v3_S10_M2_LONG_LINK_A_L2_F2_H4_seed030,campaign_v3_S10_M2_LONG_LINK_A_L2_F2_H4_seed030_30_20260603_095036,S10,5000,200,6,M2_LONG_LINK,30,A,L2,F2,H4,V3,map_S10_M2_LONG_LINK_seed030,34738ab074fabc6e951084a39b0f417ab752c4587eec2566a128bd3d2c274dbf,103.41,357.239,197.379,408.227,25,690,3.0246,0.3072,60.0,34.983,94.983,154.983,160.0,100.0,4.137,3.0,1.0,0.019,0.293,0.067,6611.904167,0.677619,0.0,2367,1409965,1409965,1.0,1796,1796,1.0,120000,0,1,S10|M2_LONG_LINK|30|A|L2|F2,true,false,false,/home/cyfer/FYP/WSN_simulation_V3/runs/S10_5000/outputs_production_50seed_part26_30/run_campaign_v3_S10_M2_LONG_LINK_A_L2_F2_H4_seed030_30_20260603_095036
campaign_v3_S10_M2_LONG_LINK_A_L2_F3_H0_seed026,campaign_v3_S10_M2_LONG_LINK_A_L2_F3_H0_seed026_26_20260603_094103,S10,5000,200,6,M2_LONG_LINK,26,A,L2,F3,H0,V2,map_S10_M2_LONG_LINK_seed026,d15212a0c3b8ff5d653648088c0a80c4746f932ed7de94ed06a65810802293fd,98.006,356.83,197.8,395.65,25,1013,3.6634,0.2964,60.0,-1.0,-1.0,-1.0,-1.0,-1.0,0.0,0.0,0.0,0.0,0.0,0.0,6602.209367,0.679558,0.0,2354,1407675,1407675,1.0,1792,1792,1.0,120075,1,0,S10|M2_LONG_LINK|26|A|L2|F3,false,false,true,/home/cyfer/FYP/WSN_simulation_V3/runs/S10_5000/outputs_production_50seed_part26_30/run_campaign_v3_S10_M2_LONG_LINK_A_L2_F3_H0_seed026_26_20260603_094103
campaign_v3_S10_M2_LONG_LINK_A_L2_F3_H0_seed027,campaign_v3_S10_M2_LONG_LINK_A_L2_F3_H0_seed027_27_20260603_094330,S10,5000,200,6,M2_LONG_LINK,27,A,L2,F3,H0,V2,map_S10_M2_LONG_LINK_seed027,b85dac5b485520e3b3585b49f53af630fbb0897fb5f1bd691b7517d1d3d30d9b,100.832,347.452,199.455,399.379,25,579,2.8686,0.2956,60.0,-1.0,-1.0,-1.0,-1.0,-1.0,0.0,0.0,0.0,0.0,0.0,0.0,6606.054398,0.678789,0.0,2368,1407675,1407675,1.0,1792,1792,1.0,120075,1,0,S10|M2_LONG_LINK|27|A|L2|F3,false,false,true,/home/cyfer/FYP/WSN_simulation_V3/runs/S10_5000/outputs_production_50seed_part26_30/run_campaign_v3_S10_M2_LONG_LINK_A_L2_F3_H0_seed027_27_20260603_094330
campaign_v3_S10_M2_LONG_LINK_A_L2_F3_H0_seed028,campaign_v3_S10_M2_LONG_LINK_A_L2_F3_H0_seed028_28_20260603_094559,S10,5000,200,6,M2_LONG_LINK,28,A,L2,F3,H0,V2,map_S10_M2_LONG_LINK_seed028,0a3314a261794ecedc512ba13820423c8340e698f7b031fa90b9cd892ce54580,98.755,339.223,195.162,405.877,25,799,3.0964,0.3006,60.0,-1.0,-1.0,-1.0,-1.0,-1.0,0.0,0.0,0.0,0.0,0.0,0.0,6613.539436,0.677292,0.0,2367,1406500,1406500,1.0,1792,1792,1.0,120100,1,0,S10|M2_LONG_LINK|28|A|L2|F3,false,false,true,/home/cyfer/FYP/WSN_simulation_V3/runs/S10_5000/outputs_production_50seed_part26_30/run_campaign_v3_S10_M2_LONG_LINK_A_L2_F3_H0_seed028_28_20260603_094559
campaign_v3_S10_M2_LONG_LINK_A_L2_F3_H0_seed029,campaign_v3_S10_M2_LONG_LINK_A_L2_F3_H0_seed029_29_20260603_094805,S10,5000,200,6,M2_LONG_LINK,29,A,L2,F3,H0,V2,map_S10_M2_LONG_LINK_seed029,edd547672bdac93df6475cd98ac2eb27f8f37d343bcb78b2baed696fcd08db1d,98.257,346.016,198.004,387.561,25,703,2.8517,0.2928,60.0,-1.0,-1.0,-1.0,-1.0,-1.0,0.0,0.0,0.0,0.0,0.0,0.0,6618.941265,0.676212,0.0,2356,1407205,1407205,1.0,1792,1792,1.0,120085,1,0,S10|M2_LONG_LINK|29|A|L2|F3,false,false,true,/home/cyfer/FYP/WSN_simulation_V3/runs/S10_5000/outputs_production_50seed_part26_30/run_campaign_v3_S10_M2_LONG_LINK_A_L2_F3_H0_seed029_29_20260603_094805
campaign_v3_S10_M2_LONG_LINK_A_L2_F3_H0_seed030,campaign_v3_S10_M2_LONG_LINK_A_L2_F3_H0_seed030_30_20260603_095012,S10,5000,200,6,M2_LONG_LINK,30,A,L2,F3,H0,V2,map_S10_M2_LONG_LINK_seed030,34738ab074fabc6e951084a39b0f417ab752c4587eec2566a128bd3d2c274dbf,103.41,357.239,197.379,408.227,25,690,3.0246,0.3072,60.0,-1.0,-1.0,-1.0,-1.0,-1.0,0.0,0.0,0.0,0.0,0.0,0.0,6602.813413,0.679437,0.0,2366,1406970,1406970,1.0,1792,1792,1.0,120090,1,0,S10|M2_LONG_LINK|30|A|L2|F3,false,false,true,/home/cyfer/FYP/WSN_simulation_V3/runs/S10_5000/outputs_production_50seed_part26_30/run_campaign_v3_S10_M2_LONG_LINK_A_L2_F3_H0_seed030_30_20260603_095012
campaign_v3_S10_M2_LONG_LINK_A_L2_F3_H1_seed026,campaign_v3_S10_M2_LONG_LINK_A_L2_F3_H1_seed026_26_20260603_094125,S10,5000,200,6,M2_LONG_LINK,26,A,L2,F3,H1,V3,map_S10_M2_LONG_LINK_seed026,d15212a0c3b8ff5d653648088c0a80c4746f932ed7de94ed06a65810802293fd,98.006,356.83,197.8,395.65,25,1013,3.6634,0.2964,60.0,28.527,88.527,148.527,150.0,90.0,4.508,3.0,1.0,0.015,0.342,0.146,6602.395659,0.679521,0.0,2354,1407695,1407695,1.0,1797,1797,1.0,119629,0,1,S10|M2_LONG_LINK|26|A|L2|F3,true,false,false,/home/cyfer/FYP/WSN_simulation_V3/runs/S10_5000/outputs_production_50seed_part26_30/run_campaign_v3_S10_M2_LONG_LINK_A_L2_F3_H1_seed026_26_20260603_094125
campaign_v3_S10_M2_LONG_LINK_A_L2_F3_H1_seed027,campaign_v3_S10_M2_LONG_LINK_A_L2_F3_H1_seed027_27_20260603_094352,S10,5000,200,6,M2_LONG_LINK,27,A,L2,F3,H1,V3,map_S10_M2_LONG_LINK_seed027,b85dac5b485520e3b3585b49f53af630fbb0897fb5f1bd691b7517d1d3d30d9b,100.832,347.452,199.455,399.379,25,579,2.8686,0.2956,60.0,29.313,89.313,149.313,150.0,90.0,4.504,3.0,1.0,0.026,0.347,0.129,6606.244831,0.678751,0.0,2368,1407695,1407695,1.0,1797,1797,1.0,119629,0,1,S10|M2_LONG_LINK|27|A|L2|F3,true,false,false,/home/cyfer/FYP/WSN_simulation_V3/runs/S10_5000/outputs_production_50seed_part26_30/run_campaign_v3_S10_M2_LONG_LINK_A_L2_F3_H1_seed027_27_20260603_094352
campaign_v3_S10_M2_LONG_LINK_A_L2_F3_H1_seed028,campaign_v3_S10_M2_LONG_LINK_A_L2_F3_H1_seed028_28_20260603_094619,S10,5000,200,6,M2_LONG_LINK,28,A,L2,F3,H1,V3,map_S10_M2_LONG_LINK_seed028,0a3314a261794ecedc512ba13820423c8340e698f7b031fa90b9cd892ce54580,98.755,339.223,195.162,405.877,25,799,3.0964,0.3006,60.0,29.596,89.596,149.596,150.0,90.0,4.95,3.0,1.0,0.025,0.49,0.135,6613.766188,0.677247,0.0,2367,1406520,1406520,1.0,1797,1797,1.0,119504,0,1,S10|M2_LONG_LINK|28|A|L2|F3,true,false,false,/home/cyfer/FYP/WSN_simulation_V3/runs/S10_5000/outputs_production_50seed_part26_30/run_campaign_v3_S10_M2_LONG_LINK_A_L2_F3_H1_seed028_28_20260603_094619
campaign_v3_S10_M2_LONG_LINK_A_L2_F3_H1_seed029,campaign_v3_S10_M2_LONG_LINK_A_L2_F3_H1_seed029_29_20260603_094824,S10,5000,200,6,M2_LONG_LINK,29,A,L2,F3,H1,V3,map_S10_M2_LONG_LINK_seed029,edd547672bdac93df6475cd98ac2eb27f8f37d343bcb78b2baed696fcd08db1d,98.257,346.016,198.004,387.561,25,703,2.8517,0.2928,60.0,28.736,88.736,148.736,150.0,90.0,4.625,3.0,1.0,0.024,0.388,0.129,6619.139379,0.676172,0.0,2356,1407225,1407225,1.0,1797,1797,1.0,119579,0,1,S10|M2_LONG_LINK|29|A|L2|F3,true,false,false,/home/cyfer/FYP/WSN_simulation_V3/runs/S10_5000/outputs_production_50seed_part26_30/run_campaign_v3_S10_M2_LONG_LINK_A_L2_F3_H1_seed029_29_20260603_094824
campaign_v3_S10_M2_LONG_LINK_A_L2_F3_H1_seed030,campaign_v3_S10_M2_LONG_LINK_A_L2_F3_H1_seed030_30_20260603_095038,S10,5000,200,6,M2_LONG_LINK,30,A,L2,F3,H1,V3,map_S10_M2_LONG_LINK_seed030,34738ab074fabc6e951084a39b0f417ab752c4587eec2566a128bd3d2c274dbf,103.41,357.239,197.379,408.227,25,690,3.0246,0.3072,60.0,29.018,89.018,149.018,150.0,90.0,4.787,3.0,1.0,0.026,0.426,0.143,6603.021799,0.679396,0.0,2366,1406990,1406990,1.0,1797,1797,1.0,119554,0,1,S10|M2_LONG_LINK|30|A|L2|F3,true,false,false,/home/cyfer/FYP/WSN_simulation_V3/runs/S10_5000/outputs_production_50seed_part26_30/run_campaign_v3_S10_M2_LONG_LINK_A_L2_F3_H1_seed030_30_20260603_095038
campaign_v3_S10_M2_LONG_LINK_A_L2_F3_H3_seed026,campaign_v3_S10_M2_LONG_LINK_A_L2_F3_H3_seed026_26_20260603_094126,S10,5000,200,6,M2_LONG_LINK,26,A,L2,F3,H3,V3,map_S10_M2_LONG_LINK_seed026,d15212a0c3b8ff5d653648088c0a80c4746f932ed7de94ed06a65810802293fd,98.006,356.83,197.8,395.65,25,1013,3.6634,0.2964,60.0,34.555,94.555,154.555,160.0,100.0,4.508,3.0,1.0,0.015,0.342,0.146,6602.375133,0.679525,0.0,2354,1407691,1407691,1.0,1796,1796,1.0,119629,0,1,S10|M2_LONG_LINK|26|A|L2|F3,true,false,false,/home/cyfer/FYP/WSN_simulation_V3/runs/S10_5000/outputs_production_50seed_part26_30/run_campaign_v3_S10_M2_LONG_LINK_A_L2_F3_H3_seed026_26_20260603_094126
campaign_v3_S10_M2_LONG_LINK_A_L2_F3_H3_seed027,campaign_v3_S10_M2_LONG_LINK_A_L2_F3_H3_seed027_27_20260603_094353,S10,5000,200,6,M2_LONG_LINK,27,A,L2,F3,H3,V3,map_S10_M2_LONG_LINK_seed027,b85dac5b485520e3b3585b49f53af630fbb0897fb5f1bd691b7517d1d3d30d9b,100.832,347.452,199.455,399.379,25,579,2.8686,0.2956,60.0,35.276,95.276,155.276,160.0,100.0,4.504,3.0,1.0,0.026,0.347,0.129,6606.225243,0.678755,0.0,2368,1407691,1407691,1.0,1796,1796,1.0,119629,0,1,S10|M2_LONG_LINK|27|A|L2|F3,true,false,false,/home/cyfer/FYP/WSN_simulation_V3/runs/S10_5000/outputs_production_50seed_part26_30/run_campaign_v3_S10_M2_LONG_LINK_A_L2_F3_H3_seed027_27_20260603_094353
campaign_v3_S10_M2_LONG_LINK_A_L2_F3_H3_seed028,campaign_v3_S10_M2_LONG_LINK_A_L2_F3_H3_seed028_28_20260603_094620,S10,5000,200,6,M2_LONG_LINK,28,A,L2,F3,H3,V3,map_S10_M2_LONG_LINK_seed028,0a3314a261794ecedc512ba13820423c8340e698f7b031fa90b9cd892ce54580,98.755,339.223,195.162,405.877,25,799,3.0964,0.3006,60.0,35.107,95.107,155.107,160.0,100.0,4.95,3.0,1.0,0.025,0.49,0.135,6613.739028,0.677252,0.0,2367,1406516,1406516,1.0,1796,1796,1.0,119504,0,1,S10|M2_LONG_LINK|28|A|L2|F3,true,false,false,/home/cyfer/FYP/WSN_simulation_V3/runs/S10_5000/outputs_production_50seed_part26_30/run_campaign_v3_S10_M2_LONG_LINK_A_L2_F3_H3_seed028_28_20260603_094620
campaign_v3_S10_M2_LONG_LINK_A_L2_F3_H3_seed029,campaign_v3_S10_M2_LONG_LINK_A_L2_F3_H3_seed029_29_20260603_094826,S10,5000,200,6,M2_LONG_LINK,29,A,L2,F3,H3,V3,map_S10_M2_LONG_LINK_seed029,edd547672bdac93df6475cd98ac2eb27f8f37d343bcb78b2baed696fcd08db1d,98.257,346.016,198.004,387.561,25,703,2.8517,0.2928,60.0,35.601,95.601,155.601,160.0,100.0,4.625,3.0,1.0,0.024,0.388,0.129,6619.117017,0.676177,0.0,2356,1407221,1407221,1.0,1796,1796,1.0,119579,0,1,S10|M2_LONG_LINK|29|A|L2|F3,true,false,false,/home/cyfer/FYP/WSN_simulation_V3/runs/S10_5000/outputs_production_50seed_part26_30/run_campaign_v3_S10_M2_LONG_LINK_A_L2_F3_H3_seed029_29_20260603_094826
campaign_v3_S10_M2_LONG_LINK_A_L2_F3_H3_seed030,campaign_v3_S10_M2_LONG_LINK_A_L2_F3_H3_seed030_30_20260603_095039,S10,5000,200,6,M2_LONG_LINK,30,A,L2,F3,H3,V3,map_S10_M2_LONG_LINK_seed030,34738ab074fabc6e951084a39b0f417ab752c4587eec2566a128bd3d2c274dbf,103.41,357.239,197.379,408.227,25,690,3.0246,0.3072,60.0,35.131,95.131,155.131,160.0,100.0,4.787,3.0,1.0,0.026,0.426,0.143,6603.007385,0.679399,0.0,2366,1406986,1406986,1.0,1796,1796,1.0,119554,0,1,S10|M2_LONG_LINK|30|A|L2|F3,true,false,false,/home/cyfer/FYP/WSN_simulation_V3/runs/S10_5000/outputs_production_50seed_part26_30/run_campaign_v3_S10_M2_LONG_LINK_A_L2_F3_H3_seed030_30_20260603_095039
campaign_v3_S10_M2_LONG_LINK_A_L2_F3_H4_seed026,campaign_v3_S10_M2_LONG_LINK_A_L2_F3_H4_seed026_26_20260603_094128,S10,5000,200,6,M2_LONG_LINK,26,A,L2,F3,H4,V3,map_S10_M2_LONG_LINK_seed026,d15212a0c3b8ff5d653648088c0a80c4746f932ed7de94ed06a65810802293fd,98.006,356.83,197.8,395.65,25,1013,3.6634,0.2964,60.0,38.877,98.877,158.877,160.0,100.0,4.508,3.0,1.0,0.015,0.342,0.146,6602.37624,0.679525,0.0,2354,1407691,1407691,1.0,1796,1796,1.0,119629,0,1,S10|M2_LONG_LINK|26|A|L2|F3,true,false,false,/home/cyfer/FYP/WSN_simulation_V3/runs/S10_5000/outputs_production_50seed_part26_30/run_campaign_v3_S10_M2_LONG_LINK_A_L2_F3_H4_seed026_26_20260603_094128
campaign_v3_S10_M2_LONG_LINK_A_L2_F3_H4_seed027,campaign_v3_S10_M2_LONG_LINK_A_L2_F3_H4_seed027_27_20260603_094355,S10,5000,200,6,M2_LONG_LINK,27,A,L2,F3,H4,V3,map_S10_M2_LONG_LINK_seed027,b85dac5b485520e3b3585b49f53af630fbb0897fb5f1bd691b7517d1d3d30d9b,100.832,347.452,199.455,399.379,25,579,2.8686,0.2956,60.0,39.494,99.494,159.494,160.0,100.0,4.504,3.0,1.0,0.026,0.347,0.129,6606.224584,0.678755,0.0,2368,1407691,1407691,1.0,1796,1796,1.0,119629,0,1,S10|M2_LONG_LINK|27|A|L2|F3,true,false,false,/home/cyfer/FYP/WSN_simulation_V3/runs/S10_5000/outputs_production_50seed_part26_30/run_campaign_v3_S10_M2_LONG_LINK_A_L2_F3_H4_seed027_27_20260603_094355
campaign_v3_S10_M2_LONG_LINK_A_L2_F3_H4_seed028,campaign_v3_S10_M2_LONG_LINK_A_L2_F3_H4_seed028_28_20260603_094622,S10,5000,200,6,M2_LONG_LINK,28,A,L2,F3,H4,V3,map_S10_M2_LONG_LINK_seed028,0a3314a261794ecedc512ba13820423c8340e698f7b031fa90b9cd892ce54580,98.755,339.223,195.162,405.877,25,799,3.0964,0.3006,60.0,39.597,99.597,159.597,160.0,100.0,4.95,3.0,1.0,0.025,0.49,0.135,6613.744677,0.677251,0.0,2367,1406516,1406516,1.0,1796,1796,1.0,119504,0,1,S10|M2_LONG_LINK|28|A|L2|F3,true,false,false,/home/cyfer/FYP/WSN_simulation_V3/runs/S10_5000/outputs_production_50seed_part26_30/run_campaign_v3_S10_M2_LONG_LINK_A_L2_F3_H4_seed028_28_20260603_094622
campaign_v3_S10_M2_LONG_LINK_A_L2_F3_H4_seed029,campaign_v3_S10_M2_LONG_LINK_A_L2_F3_H4_seed029_29_20260603_094827,S10,5000,200,6,M2_LONG_LINK,29,A,L2,F3,H4,V3,map_S10_M2_LONG_LINK_seed029,edd547672bdac93df6475cd98ac2eb27f8f37d343bcb78b2baed696fcd08db1d,98.257,346.016,198.004,387.561,25,703,2.8517,0.2928,60.0,38.903,98.903,158.903,160.0,100.0,4.625,3.0,1.0,0.024,0.388,0.129,6619.119996,0.676176,0.0,2356,1407221,1407221,1.0,1796,1796,1.0,119579,0,1,S10|M2_LONG_LINK|29|A|L2|F3,true,false,false,/home/cyfer/FYP/WSN_simulation_V3/runs/S10_5000/outputs_production_50seed_part26_30/run_campaign_v3_S10_M2_LONG_LINK_A_L2_F3_H4_seed029_29_20260603_094827
campaign_v3_S10_M2_LONG_LINK_A_L2_F3_H4_seed030,campaign_v3_S10_M2_LONG_LINK_A_L2_F3_H4_seed030_30_20260603_095041,S10,5000,200,6,M2_LONG_LINK,30,A,L2,F3,H4,V3,map_S10_M2_LONG_LINK_seed030,34738ab074fabc6e951084a39b0f417ab752c4587eec2566a128bd3d2c274dbf,103.41,357.239,197.379,408.227,25,690,3.0246,0.3072,60.0,39.741,99.741,159.741,160.0,100.0,4.787,3.0,1.0,0.026,0.426,0.143,6603.001561,0.6794,0.0,2366,1406986,1406986,1.0,1796,1796,1.0,119554,0,1,S10|M2_LONG_LINK|30|A|L2|F3,true,false,false,/home/cyfer/FYP/WSN_simulation_V3/runs/S10_5000/outputs_production_50seed_part26_30/run_campaign_v3_S10_M2_LONG_LINK_A_L2_F3_H4_seed030_30_20260603_095041
campaign_v3_S10_M2_LONG_LINK_A_L2_F4_H0_seed026,campaign_v3_S10_M2_LONG_LINK_A_L2_F4_H0_seed026_26_20260603_094104,S10,5000,200,6,M2_LONG_LINK,26,A,L2,F4,H0,V2,map_S10_M2_LONG_LINK_seed026,d15212a0c3b8ff5d653648088c0a80c4746f932ed7de94ed06a65810802293fd,98.006,356.83,197.8,395.65,25,1013,3.6634,0.2964,60.0,-1.0,-1.0,-1.0,-1.0,-1.0,0.0,0.0,0.0,0.0,0.0,0.0,6603.916762,0.679217,0.0,2354,1408615,1408615,1.0,1792,1792,1.0,120055,1,0,S10|M2_LONG_LINK|26|A|L2|F4,false,false,true,/home/cyfer/FYP/WSN_simulation_V3/runs/S10_5000/outputs_production_50seed_part26_30/run_campaign_v3_S10_M2_LONG_LINK_A_L2_F4_H0_seed026_26_20260603_094104
campaign_v3_S10_M2_LONG_LINK_A_L2_F4_H0_seed027,campaign_v3_S10_M2_LONG_LINK_A_L2_F4_H0_seed027_27_20260603_094332,S10,5000,200,6,M2_LONG_LINK,27,A,L2,F4,H0,V2,map_S10_M2_LONG_LINK_seed027,b85dac5b485520e3b3585b49f53af630fbb0897fb5f1bd691b7517d1d3d30d9b,100.832,347.452,199.455,399.379,25,579,2.8686,0.2956,60.0,-1.0,-1.0,-1.0,-1.0,-1.0,0.0,0.0,0.0,0.0,0.0,0.0,6604.719188,0.679056,0.0,2368,1407205,1407205,1.0,1792,1792,1.0,120085,1,0,S10|M2_LONG_LINK|27|A|L2|F4,false,false,true,/home/cyfer/FYP/WSN_simulation_V3/runs/S10_5000/outputs_production_50seed_part26_30/run_campaign_v3_S10_M2_LONG_LINK_A_L2_F4_H0_seed027_27_20260603_094332
campaign_v3_S10_M2_LONG_LINK_A_L2_F4_H0_seed028,campaign_v3_S10_M2_LONG_LINK_A_L2_F4_H0_seed028_28_20260603_094601,S10,5000,200,6,M2_LONG_LINK,28,A,L2,F4,H0,V2,map_S10_M2_LONG_LINK_seed028,0a3314a261794ecedc512ba13820423c8340e698f7b031fa90b9cd892ce54580,98.755,339.223,195.162,405.877,25,799,3.0964,0.3006,60.0,-1.0,-1.0,-1.0,-1.0,-1.0,0.0,0.0,0.0,0.0,0.0,0.0,6618.747003,0.676251,0.0,2367,1408380,1408380,1.0,1792,1792,1.0,120060,1,0,S10|M2_LONG_LINK|28|A|L2|F4,false,false,true,/home/cyfer/FYP/WSN_simulation_V3/runs/S10_5000/outputs_production_50seed_part26_30/run_campaign_v3_S10_M2_LONG_LINK_A_L2_F4_H0_seed028_28_20260603_094601
campaign_v3_S10_M2_LONG_LINK_A_L2_F4_H0_seed029,campaign_v3_S10_M2_LONG_LINK_A_L2_F4_H0_seed029_29_20260603_094807,S10,5000,200,6,M2_LONG_LINK,29,A,L2,F4,H0,V2,map_S10_M2_LONG_LINK_seed029,edd547672bdac93df6475cd98ac2eb27f8f37d343bcb78b2baed696fcd08db1d,98.257,346.016,198.004,387.561,25,703,2.8517,0.2928,60.0,-1.0,-1.0,-1.0,-1.0,-1.0,0.0,0.0,0.0,0.0,0.0,0.0,6620.127678,0.675974,0.0,2356,1408380,1408380,1.0,1792,1792,1.0,120060,1,0,S10|M2_LONG_LINK|29|A|L2|F4,false,false,true,/home/cyfer/FYP/WSN_simulation_V3/runs/S10_5000/outputs_production_50seed_part26_30/run_campaign_v3_S10_M2_LONG_LINK_A_L2_F4_H0_seed029_29_20260603_094807
campaign_v3_S10_M2_LONG_LINK_A_L2_F4_H0_seed030,campaign_v3_S10_M2_LONG_LINK_A_L2_F4_H0_seed030_30_20260603_095014,S10,5000,200,6,M2_LONG_LINK,30,A,L2,F4,H0,V2,map_S10_M2_LONG_LINK_seed030,34738ab074fabc6e951084a39b0f417ab752c4587eec2566a128bd3d2c274dbf,103.41,357.239,197.379,408.227,25,690,3.0246,0.3072,60.0,-1.0,-1.0,-1.0,-1.0,-1.0,0.0,0.0,0.0,0.0,0.0,0.0,6602.616429,0.679477,0.0,2366,1406735,1406735,1.0,1792,1792,1.0,120095,1,0,S10|M2_LONG_LINK|30|A|L2|F4,false,false,true,/home/cyfer/FYP/WSN_simulation_V3/runs/S10_5000/outputs_production_50seed_part26_30/run_campaign_v3_S10_M2_LONG_LINK_A_L2_F4_H0_seed030_30_20260603_095014
campaign_v3_S10_M2_LONG_LINK_A_L2_F4_H1_seed026,campaign_v3_S10_M2_LONG_LINK_A_L2_F4_H1_seed026_26_20260603_094130,S10,5000,200,6,M2_LONG_LINK,26,A,L2,F4,H1,V3,map_S10_M2_LONG_LINK_seed026,d15212a0c3b8ff5d653648088c0a80c4746f932ed7de94ed06a65810802293fd,98.006,356.83,197.8,395.65,25,1013,3.6634,0.2964,60.0,34.73,94.73,154.73,160.0,100.0,4.186,3.0,1.0,0.011,0.255,0.129,6604.946977,0.679011,0.0,2354,1408906,1408906,1.0,1796,1796,1.0,119729,0,1,S10|M2_LONG_LINK|26|A|L2|F4,true,false,false,/home/cyfer/FYP/WSN_simulation_V3/runs/S10_5000/outputs_production_50seed_part26_30/run_campaign_v3_S10_M2_LONG_LINK_A_L2_F4_H1_seed026_26_20260603_094130
campaign_v3_S10_M2_LONG_LINK_A_L2_F4_H1_seed027,campaign_v3_S10_M2_LONG_LINK_A_L2_F4_H1_seed027_27_20260603_094357,S10,5000,200,6,M2_LONG_LINK,27,A,L2,F4,H1,V3,map_S10_M2_LONG_LINK_seed027,b85dac5b485520e3b3585b49f53af630fbb0897fb5f1bd691b7517d1d3d30d9b,100.832,347.452,199.455,399.379,25,579,2.8686,0.2956,60.0,35.538,95.538,155.538,160.0,100.0,4.558,3.0,1.0,0.029,0.399,0.091,6606.21093,0.678758,0.0,2368,1407629,1407629,1.0,1796,1796,1.0,119579,0,1,S10|M2_LONG_LINK|27|A|L2|F4,true,false,false,/home/cyfer/FYP/WSN_simulation_V3/runs/S10_5000/outputs_production_50seed_part26_30/run_campaign_v3_S10_M2_LONG_LINK_A_L2_F4_H1_seed027_27_20260603_094357
campaign_v3_S10_M2_LONG_LINK_A_L2_F4_H1_seed028,campaign_v3_S10_M2_LONG_LINK_A_L2_F4_H1_seed028_28_20260603_094623,S10,5000,200,6,M2_LONG_LINK,28,A,L2,F4,H1,V3,map_S10_M2_LONG_LINK_seed028,0a3314a261794ecedc512ba13820423c8340e698f7b031fa90b9cd892ce54580,98.755,339.223,195.162,405.877,25,799,3.0964,0.3006,60.0,34.373,94.373,154.373,160.0,100.0,4.331,3.0,1.0,0.015,0.287,0.142,6619.807603,0.676038,0.0,2367,1408696,1408696,1.0,1796,1796,1.0,119704,0,1,S10|M2_LONG_LINK|28|A|L2|F4,true,false,false,/home/cyfer/FYP/WSN_simulation_V3/runs/S10_5000/outputs_production_50seed_part26_30/run_campaign_v3_S10_M2_LONG_LINK_A_L2_F4_H1_seed028_28_20260603_094623
campaign_v3_S10_M2_LONG_LINK_A_L2_F4_H1_seed029,campaign_v3_S10_M2_LONG_LINK_A_L2_F4_H1_seed029_29_20260603_094828,S10,5000,200,6,M2_LONG_LINK,29,A,L2,F4,H1,V3,map_S10_M2_LONG_LINK_seed029,edd547672bdac93df6475cd98ac2eb27f8f37d343bcb78b2baed696fcd08db1d,98.257,346.016,198.004,387.561,25,703,2.8517,0.2928,60.0,34.62,94.62,154.62,160.0,100.0,4.263,3.0,1.0,0.017,0.297,0.107,6621.30056,0.67574,0.0,2356,1408696,1408696,1.0,1796,1796,1.0,119704,0,1,S10|M2_LONG_LINK|29|A|L2|F4,true,false,false,/home/cyfer/FYP/WSN_simulation_V3/runs/S10_5000/outputs_production_50seed_part26_30/run_campaign_v3_S10_M2_LONG_LINK_A_L2_F4_H1_seed029_29_20260603_094828
campaign_v3_S10_M2_LONG_LINK_A_L2_F4_H1_seed030,campaign_v3_S10_M2_LONG_LINK_A_L2_F4_H1_seed030_30_20260603_095042,S10,5000,200,6,M2_LONG_LINK,30,A,L2,F4,H1,V3,map_S10_M2_LONG_LINK_seed030,34738ab074fabc6e951084a39b0f417ab752c4587eec2566a128bd3d2c274dbf,103.41,357.239,197.379,408.227,25,690,3.0246,0.3072,60.0,34.921,94.921,154.921,160.0,100.0,4.635,3.0,1.0,0.028,0.441,0.077,6604.322327,0.679136,0.0,2366,1407226,1407226,1.0,1796,1796,1.0,119529,0,1,S10|M2_LONG_LINK|30|A|L2|F4,true,false,false,/home/cyfer/FYP/WSN_simulation_V3/runs/S10_5000/outputs_production_50seed_part26_30/run_campaign_v3_S10_M2_LONG_LINK_A_L2_F4_H1_seed030_30_20260603_095042
campaign_v3_S10_M2_LONG_LINK_A_L2_F4_H3_seed026,campaign_v3_S10_M2_LONG_LINK_A_L2_F4_H3_seed026_26_20260603_094131,S10,5000,200,6,M2_LONG_LINK,26,A,L2,F4,H3,V3,map_S10_M2_LONG_LINK_seed026,d15212a0c3b8ff5d653648088c0a80c4746f932ed7de94ed06a65810802293fd,98.006,356.83,197.8,395.65,25,1013,3.6634,0.2964,60.0,40.575,100.575,160.575,170.0,110.0,4.186,3.0,1.0,0.011,0.255,0.129,6604.42105,0.679116,0.0,2354,1408745,1408745,1.0,1796,1796,1.0,119729,0,1,S10|M2_LONG_LINK|26|A|L2|F4,true,false,false,/home/cyfer/FYP/WSN_simulation_V3/runs/S10_5000/outputs_production_50seed_part26_30/run_campaign_v3_S10_M2_LONG_LINK_A_L2_F4_H3_seed026_26_20260603_094131
campaign_v3_S10_M2_LONG_LINK_A_L2_F4_H3_seed027,campaign_v3_S10_M2_LONG_LINK_A_L2_F4_H3_seed027_27_20260603_094359,S10,5000,200,6,M2_LONG_LINK,27,A,L2,F4,H3,V3,map_S10_M2_LONG_LINK_seed027,b85dac5b485520e3b3585b49f53af630fbb0897fb5f1bd691b7517d1d3d30d9b,100.832,347.452,199.455,399.379,25,579,2.8686,0.2956,60.0,41.042,101.042,161.042,170.0,110.0,4.558,3.0,1.0,0.029,0.399,0.091,6605.465274,0.678907,0.0,2368,1407383,1407383,1.0,1796,1796,1.0,119579,0,1,S10|M2_LONG_LINK|27|A|L2|F4,true,false,false,/home/cyfer/FYP/WSN_simulation_V3/runs/S10_5000/outputs_production_50seed_part26_30/run_campaign_v3_S10_M2_LONG_LINK_A_L2_F4_H3_seed027_27_20260603_094359
campaign_v3_S10_M2_LONG_LINK_A_L2_F4_H3_seed028,campaign_v3_S10_M2_LONG_LINK_A_L2_F4_H3_seed028_28_20260603_094624,S10,5000,200,6,M2_LONG_LINK,28,A,L2,F4,H3,V3,map_S10_M2_LONG_LINK_seed028,0a3314a261794ecedc512ba13820423c8340e698f7b031fa90b9cd892ce54580,98.755,339.223,195.162,405.877,25,799,3.0964,0.3006,60.0,40.814,100.814,160.814,170.0,110.0,4.331,3.0,1.0,0.015,0.287,0.142,6619.264733,0.676147,0.0,2367,1408510,1408510,1.0,1796,1796,1.0,119704,0,1,S10|M2_LONG_LINK|28|A|L2|F4,true,false,false,/home/cyfer/FYP/WSN_simulation_V3/runs/S10_5000/outputs_production_50seed_part26_30/run_campaign_v3_S10_M2_LONG_LINK_A_L2_F4_H3_seed028_28_20260603_094624
campaign_v3_S10_M2_LONG_LINK_A_L2_F4_H3_seed029,campaign_v3_S10_M2_LONG_LINK_A_L2_F4_H3_seed029_29_20260603_094830,S10,5000,200,6,M2_LONG_LINK,29,A,L2,F4,H3,V3,map_S10_M2_LONG_LINK_seed029,edd547672bdac93df6475cd98ac2eb27f8f37d343bcb78b2baed696fcd08db1d,98.257,346.016,198.004,387.561,25,703,2.8517,0.2928,60.0,41.096,101.096,161.096,170.0,110.0,4.263,3.0,1.0,0.017,0.297,0.107,6620.609079,0.675878,0.0,2356,1408504,1408504,1.0,1796,1796,1.0,119704,0,1,S10|M2_LONG_LINK|29|A|L2|F4,true,false,false,/home/cyfer/FYP/WSN_simulation_V3/runs/S10_5000/outputs_production_50seed_part26_30/run_campaign_v3_S10_M2_LONG_LINK_A_L2_F4_H3_seed029_29_20260603_094830
campaign_v3_S10_M2_LONG_LINK_A_L2_F4_H3_seed030,campaign_v3_S10_M2_LONG_LINK_A_L2_F4_H3_seed030_30_20260603_095044,S10,5000,200,6,M2_LONG_LINK,30,A,L2,F4,H3,V3,map_S10_M2_LONG_LINK_seed030,34738ab074fabc6e951084a39b0f417ab752c4587eec2566a128bd3d2c274dbf,103.41,357.239,197.379,408.227,25,690,3.0246,0.3072,60.0,40.745,100.745,160.745,170.0,110.0,4.635,3.0,1.0,0.028,0.441,0.077,6603.42647,0.679315,0.0,2366,1406941,1406941,1.0,1796,1796,1.0,119529,0,1,S10|M2_LONG_LINK|30|A|L2|F4,true,false,false,/home/cyfer/FYP/WSN_simulation_V3/runs/S10_5000/outputs_production_50seed_part26_30/run_campaign_v3_S10_M2_LONG_LINK_A_L2_F4_H3_seed030_30_20260603_095044
campaign_v3_S10_M2_LONG_LINK_A_L2_F4_H4_seed026,campaign_v3_S10_M2_LONG_LINK_A_L2_F4_H4_seed026_26_20260603_094133,S10,5000,200,6,M2_LONG_LINK,26,A,L2,F4,H4,V3,map_S10_M2_LONG_LINK_seed026,d15212a0c3b8ff5d653648088c0a80c4746f932ed7de94ed06a65810802293fd,98.006,356.83,197.8,395.65,25,1013,3.6634,0.2964,60.0,44.786,104.786,164.786,170.0,110.0,4.186,3.0,1.0,0.011,0.255,0.129,6600.801708,0.67984,0.0,2354,1407382,1407382,1.0,1796,1796,1.0,119458,0,1,S10|M2_LONG_LINK|26|A|L2|F4,true,false,false,/home/cyfer/FYP/WSN_simulation_V3/runs/S10_5000/outputs_production_50seed_part26_30/run_campaign_v3_S10_M2_LONG_LINK_A_L2_F4_H4_seed026_26_20260603_094133
campaign_v3_S10_M2_LONG_LINK_A_L2_F4_H4_seed027,campaign_v3_S10_M2_LONG_LINK_A_L2_F4_H4_seed027_27_20260603_094400,S10,5000,200,6,M2_LONG_LINK,27,A,L2,F4,H4,V3,map_S10_M2_LONG_LINK_seed027,b85dac5b485520e3b3585b49f53af630fbb0897fb5f1bd691b7517d1d3d30d9b,100.832,347.452,199.455,399.379,25,579,2.8686,0.2956,60.0,44.692,104.692,164.692,170.0,110.0,4.558,3.0,1.0,0.029,0.399,0.091,6598.112368,0.680378,0.0,2368,1405022,1405022,1.0,1796,1796,1.0,119108,0,1,S10|M2_LONG_LINK|27|A|L2|F4,true,false,false,/home/cyfer/FYP/WSN_simulation_V3/runs/S10_5000/outputs_production_50seed_part26_30/run_campaign_v3_S10_M2_LONG_LINK_A_L2_F4_H4_seed027_27_20260603_094400
campaign_v3_S10_M2_LONG_LINK_A_L2_F4_H4_seed028,campaign_v3_S10_M2_LONG_LINK_A_L2_F4_H4_seed028_28_20260603_094626,S10,5000,200,6,M2_LONG_LINK,28,A,L2,F4,H4,V3,map_S10_M2_LONG_LINK_seed028,0a3314a261794ecedc512ba13820423c8340e698f7b031fa90b9cd892ce54580,98.755,339.223,195.162,405.877,25,799,3.0964,0.3006,60.0,44.337,104.337,164.337,170.0,110.0,4.331,3.0,1.0,0.015,0.287,0.142,6615.975774,0.676805,0.0,2366,1407292,1407292,1.0,1796,1796,1.0,119458,0,1,S10|M2_LONG_LINK|28|A|L2|F4,true,false,false,/home/cyfer/FYP/WSN_simulation_V3/runs/S10_5000/outputs_production_50seed_part26_30/run_campaign_v3_S10_M2_LONG_LINK_A_L2_F4_H4_seed028_28_20260603_094626
campaign_v3_S10_M2_LONG_LINK_A_L2_F4_H4_seed029,campaign_v3_S10_M2_LONG_LINK_A_L2_F4_H4_seed029_29_20260603_094831,S10,5000,200,6,M2_LONG_LINK,29,A,L2,F4,H4,V3,map_S10_M2_LONG_LINK_seed029,edd547672bdac93df6475cd98ac2eb27f8f37d343bcb78b2baed696fcd08db1d,98.257,346.016,198.004,387.561,25,703,2.8517,0.2928,60.0,45.195,105.195,165.195,170.0,110.0,4.263,3.0,1.0,0.017,0.297,0.107,6617.163309,0.676567,0.0,2356,1407032,1407032,1.0,1796,1796,1.0,119408,0,1,S10|M2_LONG_LINK|29|A|L2|F4,true,false,false,/home/cyfer/FYP/WSN_simulation_V3/runs/S10_5000/outputs_production_50seed_part26_30/run_campaign_v3_S10_M2_LONG_LINK_A_L2_F4_H4_seed029_29_20260603_094831
campaign_v3_S10_M2_LONG_LINK_A_L2_F4_H4_seed030,campaign_v3_S10_M2_LONG_LINK_A_L2_F4_H4_seed030_30_20260603_095045,S10,5000,200,6,M2_LONG_LINK,30,A,L2,F4,H4,V3,map_S10_M2_LONG_LINK_seed030,34738ab074fabc6e951084a39b0f417ab752c4587eec2566a128bd3d2c274dbf,103.41,357.239,197.379,408.227,25,690,3.0246,0.3072,60.0,44.899,104.899,164.899,170.0,110.0,4.635,3.0,1.0,0.028,0.441,0.077,6599.954394,0.680009,0.0,2366,1405362,1405362,1.0,1796,1796,1.0,119208,0,1,S10|M2_LONG_LINK|30|A|L2|F4,true,false,false,/home/cyfer/FYP/WSN_simulation_V3/runs/S10_5000/outputs_production_50seed_part26_30/run_campaign_v3_S10_M2_LONG_LINK_A_L2_F4_H4_seed030_30_20260603_095045
campaign_v3_S10_M2_LONG_LINK_B_L1_F0_H0_seed026,campaign_v3_S10_M2_LONG_LINK_B_L1_F0_H0_seed026_26_20260603_094135,S10,5000,200,6,M2_LONG_LINK,26,B,L1,F0,H0,V1,map_S10_M2_LONG_LINK_seed026,d15212a0c3b8ff5d653648088c0a80c4746f932ed7de94ed06a65810802293fd,98.006,356.83,197.8,395.65,25,1013,3.6634,0.2964,0.0,-1.0,-1.0,-1.0,-1.0,-1.0,0.0,0.0,0.0,0.0,0.0,0.0,5597.829329,0.880434,0.0,1955,1411200,1411200,1.0,1800,1800,1.0,120000,0,0,S10|M2_LONG_LINK|26|B|L1|F0,false,true,false,/home/cyfer/FYP/WSN_simulation_V3/runs/S10_5000/outputs_production_50seed_part26_30/run_campaign_v3_S10_M2_LONG_LINK_B_L1_F0_H0_seed026_26_20260603_094135
campaign_v3_S10_M2_LONG_LINK_B_L1_F0_H0_seed027,campaign_v3_S10_M2_LONG_LINK_B_L1_F0_H0_seed027_27_20260603_094402,S10,5000,200,6,M2_LONG_LINK,27,B,L1,F0,H0,V1,map_S10_M2_LONG_LINK_seed027,b85dac5b485520e3b3585b49f53af630fbb0897fb5f1bd691b7517d1d3d30d9b,100.832,347.452,199.455,399.379,25,579,2.8686,0.2956,0.0,-1.0,-1.0,-1.0,-1.0,-1.0,0.0,0.0,0.0,0.0,0.0,0.0,5638.368583,0.872326,0.0,2018,1411200,1411200,1.0,1800,1800,1.0,120000,0,0,S10|M2_LONG_LINK|27|B|L1|F0,false,true,false,/home/cyfer/FYP/WSN_simulation_V3/runs/S10_5000/outputs_production_50seed_part26_30/run_campaign_v3_S10_M2_LONG_LINK_B_L1_F0_H0_seed027_27_20260603_094402
campaign_v3_S10_M2_LONG_LINK_B_L1_F0_H0_seed028,campaign_v3_S10_M2_LONG_LINK_B_L1_F0_H0_seed028_28_20260603_094627,S10,5000,200,6,M2_LONG_LINK,28,B,L1,F0,H0,V1,map_S10_M2_LONG_LINK_seed028,0a3314a261794ecedc512ba13820423c8340e698f7b031fa90b9cd892ce54580,98.755,339.223,195.162,405.877,25,799,3.0964,0.3006,0.0,-1.0,-1.0,-1.0,-1.0,-1.0,0.0,0.0,0.0,0.0,0.0,0.0,5647.791816,0.870442,0.0,2036,1411200,1411200,1.0,1800,1800,1.0,120000,0,0,S10|M2_LONG_LINK|28|B|L1|F0,false,true,false,/home/cyfer/FYP/WSN_simulation_V3/runs/S10_5000/outputs_production_50seed_part26_30/run_campaign_v3_S10_M2_LONG_LINK_B_L1_F0_H0_seed028_28_20260603_094627
campaign_v3_S10_M2_LONG_LINK_B_L1_F0_H0_seed029,campaign_v3_S10_M2_LONG_LINK_B_L1_F0_H0_seed029_29_20260603_094833,S10,5000,200,6,M2_LONG_LINK,29,B,L1,F0,H0,V1,map_S10_M2_LONG_LINK_seed029,edd547672bdac93df6475cd98ac2eb27f8f37d343bcb78b2baed696fcd08db1d,98.257,346.016,198.004,387.561,25,703,2.8517,0.2928,0.0,-1.0,-1.0,-1.0,-1.0,-1.0,0.0,0.0,0.0,0.0,0.0,0.0,5603.755102,0.879249,0.0,1968,1411200,1411200,1.0,1800,1800,1.0,120000,0,0,S10|M2_LONG_LINK|29|B|L1|F0,false,true,false,/home/cyfer/FYP/WSN_simulation_V3/runs/S10_5000/outputs_production_50seed_part26_30/run_campaign_v3_S10_M2_LONG_LINK_B_L1_F0_H0_seed029_29_20260603_094833
campaign_v3_S10_M2_LONG_LINK_B_L1_F0_H0_seed030,campaign_v3_S10_M2_LONG_LINK_B_L1_F0_H0_seed030_30_20260603_095047,S10,5000,200,6,M2_LONG_LINK,30,B,L1,F0,H0,V1,map_S10_M2_LONG_LINK_seed030,34738ab074fabc6e951084a39b0f417ab752c4587eec2566a128bd3d2c274dbf,103.41,357.239,197.379,408.227,25,690,3.0246,0.3072,0.0,-1.0,-1.0,-1.0,-1.0,-1.0,0.0,0.0,0.0,0.0,0.0,0.0,5723.453057,0.855309,0.0,2145,1411200,1411200,1.0,1800,1800,1.0,120000,0,0,S10|M2_LONG_LINK|30|B|L1|F0,false,true,false,/home/cyfer/FYP/WSN_simulation_V3/runs/S10_5000/outputs_production_50seed_part26_30/run_campaign_v3_S10_M2_LONG_LINK_B_L1_F0_H0_seed030_30_20260603_095047
campaign_v3_S10_M2_LONG_LINK_B_L1_F1_H0_seed026,campaign_v3_S10_M2_LONG_LINK_B_L1_F1_H0_seed026_26_20260603_094136,S10,5000,200,6,M2_LONG_LINK,26,B,L1,F1,H0,V2,map_S10_M2_LONG_LINK_seed026,d15212a0c3b8ff5d653648088c0a80c4746f932ed7de94ed06a65810802293fd,98.006,356.83,197.8,395.65,25,1013,3.6634,0.2964,60.0,-1.0,-1.0,-1.0,-1.0,-1.0,0.0,0.0,0.0,0.0,0.0,0.0,5592.581104,0.881186,0.0,1955,1408615,1408615,1.0,1792,1792,1.0,120055,1,0,S10|M2_LONG_LINK|26|B|L1|F1,false,false,true,/home/cyfer/FYP/WSN_simulation_V3/runs/S10_5000/outputs_production_50seed_part26_30/run_campaign_v3_S10_M2_LONG_LINK_B_L1_F1_H0_seed026_26_20260603_094136
campaign_v3_S10_M2_LONG_LINK_B_L1_F1_H0_seed027,campaign_v3_S10_M2_LONG_LINK_B_L1_F1_H0_seed027_27_20260603_094403,S10,5000,200,6,M2_LONG_LINK,27,B,L1,F1,H0,V2,map_S10_M2_LONG_LINK_seed027,b85dac5b485520e3b3585b49f53af630fbb0897fb5f1bd691b7517d1d3d30d9b,100.832,347.452,199.455,399.379,25,579,2.8686,0.2956,60.0,-1.0,-1.0,-1.0,-1.0,-1.0,0.0,0.0,0.0,0.0,0.0,0.0,5631.120165,0.873535,0.0,2018,1407205,1407205,1.0,1792,1792,1.0,120085,1,0,S10|M2_LONG_LINK|27|B|L1|F1,false,false,true,/home/cyfer/FYP/WSN_simulation_V3/runs/S10_5000/outputs_production_50seed_part26_30/run_campaign_v3_S10_M2_LONG_LINK_B_L1_F1_H0_seed027_27_20260603_094403
campaign_v3_S10_M2_LONG_LINK_B_L1_F1_H0_seed028,campaign_v3_S10_M2_LONG_LINK_B_L1_F1_H0_seed028_28_20260603_094629,S10,5000,200,6,M2_LONG_LINK,28,B,L1,F1,H0,V2,map_S10_M2_LONG_LINK_seed028,0a3314a261794ecedc512ba13820423c8340e698f7b031fa90b9cd892ce54580,98.755,339.223,195.162,405.877,25,799,3.0964,0.3006,60.0,-1.0,-1.0,-1.0,-1.0,-1.0,0.0,0.0,0.0,0.0,0.0,0.0,5641.949501,0.871325,0.0,2036,1408380,1408380,1.0,1792,1792,1.0,120060,1,0,S10|M2_LONG_LINK|28|B|L1|F1,false,false,true,/home/cyfer/FYP/WSN_simulation_V3/runs/S10_5000/outputs_production_50seed_part26_30/run_campaign_v3_S10_M2_LONG_LINK_B_L1_F1_H0_seed028_28_20260603_094629
campaign_v3_S10_M2_LONG_LINK_B_L1_F1_H0_seed029,campaign_v3_S10_M2_LONG_LINK_B_L1_F1_H0_seed029_29_20260603_094834,S10,5000,200,6,M2_LONG_LINK,29,B,L1,F1,H0,V2,map_S10_M2_LONG_LINK_seed029,edd547672bdac93df6475cd98ac2eb27f8f37d343bcb78b2baed696fcd08db1d,98.257,346.016,198.004,387.561,25,703,2.8517,0.2928,60.0,-1.0,-1.0,-1.0,-1.0,-1.0,0.0,0.0,0.0,0.0,0.0,0.0,5597.526432,0.880213,0.0,1968,1408380,1408380,1.0,1792,1792,1.0,120060,1,0,S10|M2_LONG_LINK|29|B|L1|F1,false,false,true,/home/cyfer/FYP/WSN_simulation_V3/runs/S10_5000/outputs_production_50seed_part26_30/run_campaign_v3_S10_M2_LONG_LINK_B_L1_F1_H0_seed029_29_20260603_094834
campaign_v3_S10_M2_LONG_LINK_B_L1_F1_H0_seed030,campaign_v3_S10_M2_LONG_LINK_B_L1_F1_H0_seed030_30_20260603_095048,S10,5000,200,6,M2_LONG_LINK,30,B,L1,F1,H0,V2,map_S10_M2_LONG_LINK_seed030,34738ab074fabc6e951084a39b0f417ab752c4587eec2566a128bd3d2c274dbf,103.41,357.239,197.379,408.227,25,690,3.0246,0.3072,60.0,-1.0,-1.0,-1.0,-1.0,-1.0,0.0,0.0,0.0,0.0,0.0,0.0,5715.693704,0.856638,0.0,2145,1406735,1406735,1.0,1792,1792,1.0,120095,1,0,S10|M2_LONG_LINK|30|B|L1|F1,false,false,true,/home/cyfer/FYP/WSN_simulation_V3/runs/S10_5000/outputs_production_50seed_part26_30/run_campaign_v3_S10_M2_LONG_LINK_B_L1_F1_H0_seed030_30_20260603_095048
campaign_v3_S10_M2_LONG_LINK_B_L1_F1_H1_seed026,campaign_v3_S10_M2_LONG_LINK_B_L1_F1_H1_seed026_26_20260603_094145,S10,5000,200,6,M2_LONG_LINK,26,B,L1,F1,H1,V3,map_S10_M2_LONG_LINK_seed026,d15212a0c3b8ff5d653648088c0a80c4746f932ed7de94ed06a65810802293fd,98.006,356.83,197.8,395.65,25,1013,3.6634,0.2964,60.0,18.491,78.491,138.491,140.0,80.0,6.421,3.0,1.0,0.011,1.0,0.129,5596.655515,0.880371,0.0,1956,1410331,1410331,1.0,1797,1797,1.0,120000,0,1,S10|M2_LONG_LINK|26|B|L1|F1,true,false,false,/home/cyfer/FYP/WSN_simulation_V3/runs/S10_5000/outputs_production_50seed_part26_30/run_campaign_v3_S10_M2_LONG_LINK_B_L1_F1_H1_seed026_26_20260603_094145
campaign_v3_S10_M2_LONG_LINK_B_L1_F1_H1_seed027,campaign_v3_S10_M2_LONG_LINK_B_L1_F1_H1_seed027_27_20260603_094412,S10,5000,200,6,M2_LONG_LINK,27,B,L1,F1,H1,V3,map_S10_M2_LONG_LINK_seed027,b85dac5b485520e3b3585b49f53af630fbb0897fb5f1bd691b7517d1d3d30d9b,100.832,347.452,199.455,399.379,25,579,2.8686,0.2956,60.0,18.792,78.792,138.792,140.0,80.0,6.362,3.0,1.0,0.029,1.0,0.091,5636.857838,0.872388,0.0,2019,1409857,1409857,1.0,1797,1797,1.0,120000,0,1,S10|M2_LONG_LINK|27|B|L1|F1,true,false,false,/home/cyfer/FYP/WSN_simulation_V3/runs/S10_5000/outputs_production_50seed_part26_30/run_campaign_v3_S10_M2_LONG_LINK_B_L1_F1_H1_seed027_27_20260603_094412
campaign_v3_S10_M2_LONG_LINK_B_L1_F1_H1_seed028,campaign_v3_S10_M2_LONG_LINK_B_L1_F1_H1_seed028_28_20260603_094636,S10,5000,200,6,M2_LONG_LINK,28,B,L1,F1,H1,V3,map_S10_M2_LONG_LINK_seed028,0a3314a261794ecedc512ba13820423c8340e698f7b031fa90b9cd892ce54580,98.755,339.223,195.162,405.877,25,799,3.0964,0.3006,60.0,19.145,79.145,139.145,140.0,80.0,6.471,3.0,1.0,0.015,1.0,0.142,5646.106176,0.870493,0.0,2037,1410240,1410240,1.0,1797,1797,1.0,120000,0,1,S10|M2_LONG_LINK|28|B|L1|F1,true,false,false,/home/cyfer/FYP/WSN_simulation_V3/runs/S10_5000/outputs_production_50seed_part26_30/run_campaign_v3_S10_M2_LONG_LINK_B_L1_F1_H1_seed028_28_20260603_094636
campaign_v3_S10_M2_LONG_LINK_B_L1_F1_H1_seed029,campaign_v3_S10_M2_LONG_LINK_B_L1_F1_H1_seed029_29_20260603_094841,S10,5000,200,6,M2_LONG_LINK,29,B,L1,F1,H1,V3,map_S10_M2_LONG_LINK_seed029,edd547672bdac93df6475cd98ac2eb27f8f37d343bcb78b2baed696fcd08db1d,98.257,346.016,198.004,387.561,25,703,2.8517,0.2928,60.0,19.136,79.136,139.136,140.0,80.0,6.372,3.0,1.0,0.017,1.0,0.107,5602.168955,0.879285,0.0,1969,1410240,1410240,1.0,1797,1797,1.0,120000,0,1,S10|M2_LONG_LINK|29|B|L1|F1,true,false,false,/home/cyfer/FYP/WSN_simulation_V3/runs/S10_5000/outputs_production_50seed_part26_30/run_campaign_v3_S10_M2_LONG_LINK_B_L1_F1_H1_seed029_29_20260603_094841
campaign_v3_S10_M2_LONG_LINK_B_L1_F1_H1_seed030,campaign_v3_S10_M2_LONG_LINK_B_L1_F1_H1_seed030_30_20260603_095055,S10,5000,200,6,M2_LONG_LINK,30,B,L1,F1,H1,V3,map_S10_M2_LONG_LINK_seed030,34738ab074fabc6e951084a39b0f417ab752c4587eec2566a128bd3d2c274dbf,103.41,357.239,197.379,408.227,25,690,3.0246,0.3072,60.0,18.592,78.592,138.592,140.0,80.0,6.313,3.0,1.0,0.028,1.0,0.077,5721.832727,0.85541,0.0,2146,1409699,1409699,1.0,1797,1797,1.0,120000,0,1,S10|M2_LONG_LINK|30|B|L1|F1,true,false,false,/home/cyfer/FYP/WSN_simulation_V3/runs/S10_5000/outputs_production_50seed_part26_30/run_campaign_v3_S10_M2_LONG_LINK_B_L1_F1_H1_seed030_30_20260603_095055
campaign_v3_S10_M2_LONG_LINK_B_L1_F1_H3_seed026,campaign_v3_S10_M2_LONG_LINK_B_L1_F1_H3_seed026_26_20260603_094149,S10,5000,200,6,M2_LONG_LINK,26,B,L1,F1,H3,V3,map_S10_M2_LONG_LINK_seed026,d15212a0c3b8ff5d653648088c0a80c4746f932ed7de94ed06a65810802293fd,98.006,356.83,197.8,395.65,25,1013,3.6634,0.2964,60.0,25.188,85.188,145.188,150.0,90.0,6.421,3.0,1.0,0.011,1.0,0.129,5594.70972,0.88076,0.0,1955,1409509,1409509,1.0,1797,1797,1.0,119875,0,1,S10|M2_LONG_LINK|26|B|L1|F1,true,false,false,/home/cyfer/FYP/WSN_simulation_V3/runs/S10_5000/outputs_production_50seed_part26_30/run_campaign_v3_S10_M2_LONG_LINK_B_L1_F1_H3_seed026_26_20260603_094149
campaign_v3_S10_M2_LONG_LINK_B_L1_F1_H3_seed027,campaign_v3_S10_M2_LONG_LINK_B_L1_F1_H3_seed027_27_20260603_094416,S10,5000,200,6,M2_LONG_LINK,27,B,L1,F1,H3,V3,map_S10_M2_LONG_LINK_seed027,b85dac5b485520e3b3585b49f53af630fbb0897fb5f1bd691b7517d1d3d30d9b,100.832,347.452,199.455,399.379,25,579,2.8686,0.2956,60.0,25.252,85.252,145.252,150.0,90.0,6.362,3.0,1.0,0.029,1.0,0.091,5634.622908,0.872835,0.0,2018,1408546,1408546,1.0,1797,1797,1.0,119800,0,1,S10|M2_LONG_LINK|27|B|L1|F1,true,false,false,/home/cyfer/FYP/WSN_simulation_V3/runs/S10_5000/outputs_production_50seed_part26_30/run_campaign_v3_S10_M2_LONG_LINK_B_L1_F1_H3_seed027_27_20260603_094416
campaign_v3_S10_M2_LONG_LINK_B_L1_F1_H3_seed028,campaign_v3_S10_M2_LONG_LINK_B_L1_F1_H3_seed028_28_20260603_094639,S10,5000,200,6,M2_LONG_LINK,28,B,L1,F1,H3,V3,map_S10_M2_LONG_LINK_seed028,0a3314a261794ecedc512ba13820423c8340e698f7b031fa90b9cd892ce54580,98.755,339.223,195.162,405.877,25,799,3.0964,0.3006,60.0,25.273,85.273,145.273,150.0,90.0,6.471,3.0,1.0,0.015,1.0,0.142,5644.118675,0.870891,0.0,2036,1409274,1409274,1.0,1797,1797,1.0,119850,0,1,S10|M2_LONG_LINK|28|B|L1|F1,true,false,false,/home/cyfer/FYP/WSN_simulation_V3/runs/S10_5000/outputs_production_50seed_part26_30/run_campaign_v3_S10_M2_LONG_LINK_B_L1_F1_H3_seed028_28_20260603_094639
campaign_v3_S10_M2_LONG_LINK_B_L1_F1_H3_seed029,campaign_v3_S10_M2_LONG_LINK_B_L1_F1_H3_seed029_29_20260603_094844,S10,5000,200,6,M2_LONG_LINK,29,B,L1,F1,H3,V3,map_S10_M2_LONG_LINK_seed029,edd547672bdac93df6475cd98ac2eb27f8f37d343bcb78b2baed696fcd08db1d,98.257,346.016,198.004,387.561,25,703,2.8517,0.2928,60.0,24.875,84.875,144.875,150.0,90.0,6.372,3.0,1.0,0.017,1.0,0.107,5599.673174,0.879784,0.0,1968,1409280,1409280,1.0,1797,1797,1.0,119850,0,1,S10|M2_LONG_LINK|29|B|L1|F1,true,false,false,/home/cyfer/FYP/WSN_simulation_V3/runs/S10_5000/outputs_production_50seed_part26_30/run_campaign_v3_S10_M2_LONG_LINK_B_L1_F1_H3_seed029_29_20260603_094844
campaign_v3_S10_M2_LONG_LINK_B_L1_F1_H3_seed030,campaign_v3_S10_M2_LONG_LINK_B_L1_F1_H3_seed030_30_20260603_095058,S10,5000,200,6,M2_LONG_LINK,30,B,L1,F1,H3,V3,map_S10_M2_LONG_LINK_seed030,34738ab074fabc6e951084a39b0f417ab752c4587eec2566a128bd3d2c274dbf,103.41,357.239,197.379,408.227,25,690,3.0246,0.3072,60.0,24.576,84.576,144.576,150.0,90.0,6.313,3.0,1.0,0.028,1.0,0.077,5719.348379,0.855907,0.0,2145,1408235,1408235,1.0,1797,1797,1.0,119775,0,1,S10|M2_LONG_LINK|30|B|L1|F1,true,false,false,/home/cyfer/FYP/WSN_simulation_V3/runs/S10_5000/outputs_production_50seed_part26_30/run_campaign_v3_S10_M2_LONG_LINK_B_L1_F1_H3_seed030_30_20260603_095058
campaign_v3_S10_M2_LONG_LINK_B_L1_F1_H4_seed026,campaign_v3_S10_M2_LONG_LINK_B_L1_F1_H4_seed026_26_20260603_094153,S10,5000,200,6,M2_LONG_LINK,26,B,L1,F1,H4,V3,map_S10_M2_LONG_LINK_seed026,d15212a0c3b8ff5d653648088c0a80c4746f932ed7de94ed06a65810802293fd,98.006,356.83,197.8,395.65,25,1013,3.6634,0.2964,60.0,28.779,88.779,148.779,150.0,90.0,6.421,3.0,1.0,0.011,1.0,0.129,5593.488916,0.881004,0.0,1955,1408635,1408635,1.0,1797,1797,1.0,119729,0,1,S10|M2_LONG_LINK|26|B|L1|F1,true,false,false,/home/cyfer/FYP/WSN_simulation_V3/runs/S10_5000/outputs_production_50seed_part26_30/run_campaign_v3_S10_M2_LONG_LINK_B_L1_F1_H4_seed026_26_20260603_094153
campaign_v3_S10_M2_LONG_LINK_B_L1_F1_H4_seed027,campaign_v3_S10_M2_LONG_LINK_B_L1_F1_H4_seed027_27_20260603_094420,S10,5000,200,6,M2_LONG_LINK,27,B,L1,F1,H4,V3,map_S10_M2_LONG_LINK_seed027,b85dac5b485520e3b3585b49f53af630fbb0897fb5f1bd691b7517d1d3d30d9b,100.832,347.452,199.455,399.379,25,579,2.8686,0.2956,60.0,28.947,88.947,148.947,150.0,90.0,6.362,3.0,1.0,0.029,1.0,0.091,5631.282342,0.873503,0.0,2019,1406933,1406933,1.0,1797,1797,1.0,119529,0,1,S10|M2_LONG_LINK|27|B|L1|F1,true,false,false,/home/cyfer/FYP/WSN_simulation_V3/runs/S10_5000/outputs_production_50seed_part26_30/run_campaign_v3_S10_M2_LONG_LINK_B_L1_F1_H4_seed027_27_20260603_094420
campaign_v3_S10_M2_LONG_LINK_B_L1_F1_H4_seed028,campaign_v3_S10_M2_LONG_LINK_B_L1_F1_H4_seed028_28_20260603_094643,S10,5000,200,6,M2_LONG_LINK,28,B,L1,F1,H4,V3,map_S10_M2_LONG_LINK_seed028,0a3314a261794ecedc512ba13820423c8340e698f7b031fa90b9cd892ce54580,98.755,339.223,195.162,405.877,25,799,3.0964,0.3006,60.0,28.902,88.902,148.902,150.0,90.0,6.471,3.0,1.0,0.015,1.0,0.142,5643.146173,0.871085,0.0,2036,1408692,1408692,1.0,1797,1797,1.0,119754,0,1,S10|M2_LONG_LINK|28|B|L1|F1,true,false,false,/home/cyfer/FYP/WSN_simulation_V3/runs/S10_5000/outputs_production_50seed_part26_30/run_campaign_v3_S10_M2_LONG_LINK_B_L1_F1_H4_seed028_28_20260603_094643
campaign_v3_S10_M2_LONG_LINK_B_L1_F1_H4_seed029,campaign_v3_S10_M2_LONG_LINK_B_L1_F1_H4_seed029_29_20260603_094848,S10,5000,200,6,M2_LONG_LINK,29,B,L1,F1,H4,V3,map_S10_M2_LONG_LINK_seed029,edd547672bdac93df6475cd98ac2eb27f8f37d343bcb78b2baed696fcd08db1d,98.257,346.016,198.004,387.561,25,703,2.8517,0.2928,60.0,28.991,88.991,148.991,150.0,90.0,6.372,3.0,1.0,0.017,1.0,0.107,5599.068979,0.879905,0.0,1969,1408400,1408400,1.0,1797,1797,1.0,119704,0,1,S10|M2_LONG_LINK|29|B|L1|F1,true,false,false,/home/cyfer/FYP/WSN_simulation_V3/runs/S10_5000/outputs_production_50seed_part26_30/run_campaign_v3_S10_M2_LONG_LINK_B_L1_F1_H4_seed029_29_20260603_094848
campaign_v3_S10_M2_LONG_LINK_B_L1_F1_H4_seed030,campaign_v3_S10_M2_LONG_LINK_B_L1_F1_H4_seed030_30_20260603_095102,S10,5000,200,6,M2_LONG_LINK,30,B,L1,F1,H4,V3,map_S10_M2_LONG_LINK_seed030,34738ab074fabc6e951084a39b0f417ab752c4587eec2566a128bd3d2c274dbf,103.41,357.239,197.379,408.227,25,690,3.0246,0.3072,60.0,28.447,88.447,148.447,150.0,90.0,6.313,3.0,1.0,0.028,1.0,0.077,5718.72647,0.856031,0.0,2146,1407631,1407631,1.0,1797,1797,1.0,119679,0,1,S10|M2_LONG_LINK|30|B|L1|F1,true,false,false,/home/cyfer/FYP/WSN_simulation_V3/runs/S10_5000/outputs_production_50seed_part26_30/run_campaign_v3_S10_M2_LONG_LINK_B_L1_F1_H4_seed030_30_20260603_095102
campaign_v3_S10_M2_LONG_LINK_B_L1_F2_H0_seed026,campaign_v3_S10_M2_LONG_LINK_B_L1_F2_H0_seed026_26_20260603_094140,S10,5000,200,6,M2_LONG_LINK,26,B,L1,F2,H0,V2,map_S10_M2_LONG_LINK_seed026,d15212a0c3b8ff5d653648088c0a80c4746f932ed7de94ed06a65810802293fd,98.006,356.83,197.8,395.65,25,1013,3.6634,0.2964,60.0,-1.0,-1.0,-1.0,-1.0,-1.0,0.0,0.0,0.0,0.0,0.0,0.0,5592.41825,0.881516,0.0,1954,1408615,1408615,1.0,1792,1792,1.0,120055,1,0,S10|M2_LONG_LINK|26|B|L1|F2,false,false,true,/home/cyfer/FYP/WSN_simulation_V3/runs/S10_5000/outputs_production_50seed_part26_30/run_campaign_v3_S10_M2_LONG_LINK_B_L1_F2_H0_seed026_26_20260603_094140
campaign_v3_S10_M2_LONG_LINK_B_L1_F2_H0_seed027,campaign_v3_S10_M2_LONG_LINK_B_L1_F2_H0_seed027_27_20260603_094407,S10,5000,200,6,M2_LONG_LINK,27,B,L1,F2,H0,V2,map_S10_M2_LONG_LINK_seed027,b85dac5b485520e3b3585b49f53af630fbb0897fb5f1bd691b7517d1d3d30d9b,100.832,347.452,199.455,399.379,25,579,2.8686,0.2956,60.0,-1.0,-1.0,-1.0,-1.0,-1.0,0.0,0.0,0.0,0.0,0.0,0.0,5628.709153,0.874258,0.0,2017,1406735,1406735,1.0,1792,1792,1.0,120095,1,0,S10|M2_LONG_LINK|27|B|L1|F2,false,false,true,/home/cyfer/FYP/WSN_simulation_V3/runs/S10_5000/outputs_production_50seed_part26_30/run_campaign_v3_S10_M2_LONG_LINK_B_L1_F2_H0_seed027_27_20260603_094407
campaign_v3_S10_M2_LONG_LINK_B_L1_F2_H0_seed028,campaign_v3_S10_M2_LONG_LINK_B_L1_F2_H0_seed028_28_20260603_094632,S10,5000,200,6,M2_LONG_LINK,28,B,L1,F2,H0,V2,map_S10_M2_LONG_LINK_seed028,0a3314a261794ecedc512ba13820423c8340e698f7b031fa90b9cd892ce54580,98.755,339.223,195.162,405.877,25,799,3.0964,0.3006,60.0,-1.0,-1.0,-1.0,-1.0,-1.0,0.0,0.0,0.0,0.0,0.0,0.0,5642.895605,0.871421,0.0,2035,1408850,1408850,1.0,1792,1792,1.0,120050,1,0,S10|M2_LONG_LINK|28|B|L1|F2,false,false,true,/home/cyfer/FYP/WSN_simulation_V3/runs/S10_5000/outputs_production_50seed_part26_30/run_campaign_v3_S10_M2_LONG_LINK_B_L1_F2_H0_seed028_28_20260603_094632
campaign_v3_S10_M2_LONG_LINK_B_L1_F2_H0_seed029,campaign_v3_S10_M2_LONG_LINK_B_L1_F2_H0_seed029_29_20260603_094837,S10,5000,200,6,M2_LONG_LINK,29,B,L1,F2,H0,V2,map_S10_M2_LONG_LINK_seed029,edd547672bdac93df6475cd98ac2eb27f8f37d343bcb78b2baed696fcd08db1d,98.257,346.016,198.004,387.561,25,703,2.8517,0.2928,60.0,-1.0,-1.0,-1.0,-1.0,-1.0,0.0,0.0,0.0,0.0,0.0,0.0,5598.305864,0.880339,0.0,1967,1408380,1408380,1.0,1792,1792,1.0,120060,1,0,S10|M2_LONG_LINK|29|B|L1|F2,false,false,true,/home/cyfer/FYP/WSN_simulation_V3/runs/S10_5000/outputs_production_50seed_part26_30/run_campaign_v3_S10_M2_LONG_LINK_B_L1_F2_H0_seed029_29_20260603_094837
campaign_v3_S10_M2_LONG_LINK_B_L1_F2_H0_seed030,campaign_v3_S10_M2_LONG_LINK_B_L1_F2_H0_seed030_30_20260603_095051,S10,5000,200,6,M2_LONG_LINK,30,B,L1,F2,H0,V2,map_S10_M2_LONG_LINK_seed030,34738ab074fabc6e951084a39b0f417ab752c4587eec2566a128bd3d2c274dbf,103.41,357.239,197.379,408.227,25,690,3.0246,0.3072,60.0,-1.0,-1.0,-1.0,-1.0,-1.0,0.0,0.0,0.0,0.0,0.0,0.0,5717.882546,0.856423,0.0,2144,1408145,1408145,1.0,1792,1792,1.0,120065,1,0,S10|M2_LONG_LINK|30|B|L1|F2,false,false,true,/home/cyfer/FYP/WSN_simulation_V3/runs/S10_5000/outputs_production_50seed_part26_30/run_campaign_v3_S10_M2_LONG_LINK_B_L1_F2_H0_seed030_30_20260603_095051
campaign_v3_S10_M2_LONG_LINK_B_L1_F2_H1_seed026,campaign_v3_S10_M2_LONG_LINK_B_L1_F2_H1_seed026_26_20260603_094157,S10,5000,200,6,M2_LONG_LINK,26,B,L1,F2,H1,V3,map_S10_M2_LONG_LINK_seed026,d15212a0c3b8ff5d653648088c0a80c4746f932ed7de94ed06a65810802293fd,98.006,356.83,197.8,395.65,25,1013,3.6634,0.2964,60.0,23.963,83.963,143.963,150.0,90.0,3.868,3.0,1.0,0.011,0.259,0.019,5596.595684,0.880681,0.0,1955,1410276,1410276,1.0,1797,1797,1.0,120000,0,1,S10|M2_LONG_LINK|26|B|L1|F2,true,false,false,/home/cyfer/FYP/WSN_simulation_V3/runs/S10_5000/outputs_production_50seed_part26_30/run_campaign_v3_S10_M2_LONG_LINK_B_L1_F2_H1_seed026_26_20260603_094157
campaign_v3_S10_M2_LONG_LINK_B_L1_F2_H1_seed027,campaign_v3_S10_M2_LONG_LINK_B_L1_F2_H1_seed027_27_20260603_094424,S10,5000,200,6,M2_LONG_LINK,27,B,L1,F2,H1,V3,map_S10_M2_LONG_LINK_seed027,b85dac5b485520e3b3585b49f53af630fbb0897fb5f1bd691b7517d1d3d30d9b,100.832,347.452,199.455,399.379,25,579,2.8686,0.2956,60.0,24.88,84.88,144.88,150.0,90.0,4.865,3.0,1.0,0.033,0.493,0.096,5636.958945,0.872608,0.0,2018,1409585,1409585,1.0,1797,1797,1.0,120000,0,1,S10|M2_LONG_LINK|27|B|L1|F2,true,false,false,/home/cyfer/FYP/WSN_simulation_V3/runs/S10_5000/outputs_production_50seed_part26_30/run_campaign_v3_S10_M2_LONG_LINK_B_L1_F2_H1_seed027_27_20260603_094424
campaign_v3_S10_M2_LONG_LINK_B_L1_F2_H1_seed028,campaign_v3_S10_M2_LONG_LINK_B_L1_F2_H1_seed028_28_20260603_094647,S10,5000,200,6,M2_LONG_LINK,28,B,L1,F2,H1,V3,map_S10_M2_LONG_LINK_seed028,0a3314a261794ecedc512ba13820423c8340e698f7b031fa90b9cd892ce54580,98.755,339.223,195.162,405.877,25,799,3.0964,0.3006,60.0,24.091,84.091,144.091,150.0,90.0,3.744,3.0,1.0,0.013,0.229,0.007,5646.372342,0.870726,0.0,2035,1410350,1410350,1.0,1797,1797,1.0,120000,0,1,S10|M2_LONG_LINK|28|B|L1|F2,true,false,false,/home/cyfer/FYP/WSN_simulation_V3/runs/S10_5000/outputs_production_50seed_part26_30/run_campaign_v3_S10_M2_LONG_LINK_B_L1_F2_H1_seed028_28_20260603_094647
campaign_v3_S10_M2_LONG_LINK_B_L1_F2_H1_seed029,campaign_v3_S10_M2_LONG_LINK_B_L1_F2_H1_seed029_29_20260603_094851,S10,5000,200,6,M2_LONG_LINK,29,B,L1,F2,H1,V3,map_S10_M2_LONG_LINK_seed029,edd547672bdac93df6475cd98ac2eb27f8f37d343bcb78b2baed696fcd08db1d,98.257,346.016,198.004,387.561,25,703,2.8517,0.2928,60.0,24.367,84.367,144.367,150.0,90.0,4.152,3.0,1.0,0.017,0.276,0.091,5602.51386,0.879497,0.0,1968,1410180,1410180,1.0,1797,1797,1.0,120000,0,1,S10|M2_LONG_LINK|29|B|L1|F2,true,false,false,/home/cyfer/FYP/WSN_simulation_V3/runs/S10_5000/outputs_production_50seed_part26_30/run_campaign_v3_S10_M2_LONG_LINK_B_L1_F2_H1_seed029_29_20260603_094851
campaign_v3_S10_M2_LONG_LINK_B_L1_F2_H1_seed030,campaign_v3_S10_M2_LONG_LINK_B_L1_F2_H1_seed030_30_20260603_095105,S10,5000,200,6,M2_LONG_LINK,30,B,L1,F2,H1,V3,map_S10_M2_LONG_LINK_seed030,34738ab074fabc6e951084a39b0f417ab752c4587eec2566a128bd3d2c274dbf,103.41,357.239,197.379,408.227,25,690,3.0246,0.3072,60.0,24.66,84.66,144.66,150.0,90.0,4.137,3.0,1.0,0.019,0.293,0.067,5722.285013,0.855543,0.0,2145,1410095,1410095,1.0,1797,1797,1.0,120000,0,1,S10|M2_LONG_LINK|30|B|L1|F2,true,false,false,/home/cyfer/FYP/WSN_simulation_V3/runs/S10_5000/outputs_production_50seed_part26_30/run_campaign_v3_S10_M2_LONG_LINK_B_L1_F2_H1_seed030_30_20260603_095105
campaign_v3_S10_M2_LONG_LINK_B_L1_F2_H3_seed026,campaign_v3_S10_M2_LONG_LINK_B_L1_F2_H3_seed026_26_20260603_094158,S10,5000,200,6,M2_LONG_LINK,26,B,L1,F2,H3,V3,map_S10_M2_LONG_LINK_seed026,d15212a0c3b8ff5d653648088c0a80c4746f932ed7de94ed06a65810802293fd,98.006,356.83,197.8,395.65,25,1013,3.6634,0.2964,60.0,30.394,90.394,150.394,160.0,100.0,3.868,3.0,1.0,0.011,0.259,0.019,5594.573497,0.881085,0.0,1954,1409479,1409479,1.0,1796,1796,1.0,119875,0,1,S10|M2_LONG_LINK|26|B|L1|F2,true,false,false,/home/cyfer/FYP/WSN_simulation_V3/runs/S10_5000/outputs_production_50seed_part26_30/run_campaign_v3_S10_M2_LONG_LINK_B_L1_F2_H3_seed026_26_20260603_094158
campaign_v3_S10_M2_LONG_LINK_B_L1_F2_H3_seed027,campaign_v3_S10_M2_LONG_LINK_B_L1_F2_H3_seed027_27_20260603_094425,S10,5000,200,6,M2_LONG_LINK,27,B,L1,F2,H3,V3,map_S10_M2_LONG_LINK_seed027,b85dac5b485520e3b3585b49f53af630fbb0897fb5f1bd691b7517d1d3d30d9b,100.832,347.452,199.455,399.379,25,579,2.8686,0.2956,60.0,31.254,91.254,151.254,160.0,100.0,4.865,3.0,1.0,0.033,0.493,0.096,5633.593455,0.873281,0.0,2018,1408165,1408165,1.0,1796,1796,1.0,119775,0,1,S10|M2_LONG_LINK|27|B|L1|F2,true,false,false,/home/cyfer/FYP/WSN_simulation_V3/runs/S10_5000/outputs_production_50seed_part26_30/run_campaign_v3_S10_M2_LONG_LINK_B_L1_F2_H3_seed027_27_20260603_094425
campaign_v3_S10_M2_LONG_LINK_B_L1_F2_H3_seed028,campaign_v3_S10_M2_LONG_LINK_B_L1_F2_H3_seed028_28_20260603_094648,S10,5000,200,6,M2_LONG_LINK,28,B,L1,F2,H3,V3,map_S10_M2_LONG_LINK_seed028,0a3314a261794ecedc512ba13820423c8340e698f7b031fa90b9cd892ce54580,98.755,339.223,195.162,405.877,25,799,3.0964,0.3006,60.0,30.462,90.462,150.462,160.0,100.0,3.744,3.0,1.0,0.013,0.229,0.007,5644.624948,0.871075,0.0,2035,1409570,1409570,1.0,1796,1796,1.0,119875,0,1,S10|M2_LONG_LINK|28|B|L1|F2,true,false,false,/home/cyfer/FYP/WSN_simulation_V3/runs/S10_5000/outputs_production_50seed_part26_30/run_campaign_v3_S10_M2_LONG_LINK_B_L1_F2_H3_seed028_28_20260603_094648
campaign_v3_S10_M2_LONG_LINK_B_L1_F2_H3_seed029,campaign_v3_S10_M2_LONG_LINK_B_L1_F2_H3_seed029_29_20260603_094852,S10,5000,200,6,M2_LONG_LINK,29,B,L1,F2,H3,V3,map_S10_M2_LONG_LINK_seed029,edd547672bdac93df6475cd98ac2eb27f8f37d343bcb78b2baed696fcd08db1d,98.257,346.016,198.004,387.561,25,703,2.8517,0.2928,60.0,30.255,90.255,150.255,160.0,100.0,4.152,3.0,1.0,0.017,0.276,0.091,5600.205865,0.879959,0.0,1967,1409244,1409244,1.0,1796,1796,1.0,119850,0,1,S10|M2_LONG_LINK|29|B|L1|F2,true,false,false,/home/cyfer/FYP/WSN_simulation_V3/runs/S10_5000/outputs_production_50seed_part26_30/run_campaign_v3_S10_M2_LONG_LINK_B_L1_F2_H3_seed029_29_20260603_094852
campaign_v3_S10_M2_LONG_LINK_B_L1_F2_H3_seed030,campaign_v3_S10_M2_LONG_LINK_B_L1_F2_H3_seed030_30_20260603_095106,S10,5000,200,6,M2_LONG_LINK,30,B,L1,F2,H3,V3,map_S10_M2_LONG_LINK_seed030,34738ab074fabc6e951084a39b0f417ab752c4587eec2566a128bd3d2c274dbf,103.41,357.239,197.379,408.227,25,690,3.0246,0.3072,60.0,31.111,91.111,151.111,160.0,100.0,4.137,3.0,1.0,0.019,0.293,0.067,5720.159772,0.855968,0.0,2144,1409146,1409146,1.0,1796,1796,1.0,119850,0,1,S10|M2_LONG_LINK|30|B|L1|F2,true,false,false,/home/cyfer/FYP/WSN_simulation_V3/runs/S10_5000/outputs_production_50seed_part26_30/run_campaign_v3_S10_M2_LONG_LINK_B_L1_F2_H3_seed030_30_20260603_095106
campaign_v3_S10_M2_LONG_LINK_B_L1_F2_H4_seed026,campaign_v3_S10_M2_LONG_LINK_B_L1_F2_H4_seed026_26_20260603_094200,S10,5000,200,6,M2_LONG_LINK,26,B,L1,F2,H4,V3,map_S10_M2_LONG_LINK_seed026,d15212a0c3b8ff5d653648088c0a80c4746f932ed7de94ed06a65810802293fd,98.006,356.83,197.8,395.65,25,1013,3.6634,0.2964,60.0,34.86,94.86,154.86,160.0,100.0,3.868,3.0,1.0,0.011,0.259,0.019,5596.289942,0.880742,0.0,1954,1410155,1410155,1.0,1796,1796,1.0,120000,0,1,S10|M2_LONG_LINK|26|B|L1|F2,true,false,false,/home/cyfer/FYP/WSN_simulation_V3/runs/S10_5000/outputs_production_50seed_part26_30/run_campaign_v3_S10_M2_LONG_LINK_B_L1_F2_H4_seed026_26_20260603_094200
campaign_v3_S10_M2_LONG_LINK_B_L1_F2_H4_seed027,campaign_v3_S10_M2_LONG_LINK_B_L1_F2_H4_seed027_27_20260603_094426,S10,5000,200,6,M2_LONG_LINK,27,B,L1,F2,H4,V3,map_S10_M2_LONG_LINK_seed027,b85dac5b485520e3b3585b49f53af630fbb0897fb5f1bd691b7517d1d3d30d9b,100.832,347.452,199.455,399.379,25,579,2.8686,0.2956,60.0,35.759,95.759,155.759,160.0,100.0,4.865,3.0,1.0,0.033,0.493,0.096,5636.494688,0.872701,0.0,2018,1409376,1409376,1.0,1796,1796,1.0,120000,0,1,S10|M2_LONG_LINK|27|B|L1|F2,true,false,false,/home/cyfer/FYP/WSN_simulation_V3/runs/S10_5000/outputs_production_50seed_part26_30/run_campaign_v3_S10_M2_LONG_LINK_B_L1_F2_H4_seed027_27_20260603_094426
campaign_v3_S10_M2_LONG_LINK_B_L1_F2_H4_seed028,campaign_v3_S10_M2_LONG_LINK_B_L1_F2_H4_seed028_28_20260603_094649,S10,5000,200,6,M2_LONG_LINK,28,B,L1,F2,H4,V3,map_S10_M2_LONG_LINK_seed028,0a3314a261794ecedc512ba13820423c8340e698f7b031fa90b9cd892ce54580,98.755,339.223,195.162,405.877,25,799,3.0964,0.3006,60.0,34.277,94.277,154.277,160.0,100.0,3.744,3.0,1.0,0.013,0.229,0.007,5646.139046,0.870772,0.0,2035,1410250,1410250,1.0,1796,1796,1.0,120000,0,1,S10|M2_LONG_LINK|28|B|L1|F2,true,false,false,/home/cyfer/FYP/WSN_simulation_V3/runs/S10_5000/outputs_production_50seed_part26_30/run_campaign_v3_S10_M2_LONG_LINK_B_L1_F2_H4_seed028_28_20260603_094649
campaign_v3_S10_M2_LONG_LINK_B_L1_F2_H4_seed029,campaign_v3_S10_M2_LONG_LINK_B_L1_F2_H4_seed029_29_20260603_094853,S10,5000,200,6,M2_LONG_LINK,29,B,L1,F2,H4,V3,map_S10_M2_LONG_LINK_seed029,edd547672bdac93df6475cd98ac2eb27f8f37d343bcb78b2baed696fcd08db1d,98.257,346.016,198.004,387.561,25,703,2.8517,0.2928,60.0,34.3,94.3,154.3,160.0,100.0,4.152,3.0,1.0,0.017,0.276,0.091,5602.228934,0.879554,0.0,1968,1410060,1410060,1.0,1796,1796,1.0,120000,0,1,S10|M2_LONG_LINK|29|B|L1|F2,true,false,false,/home/cyfer/FYP/WSN_simulation_V3/runs/S10_5000/outputs_production_50seed_part26_30/run_campaign_v3_S10_M2_LONG_LINK_B_L1_F2_H4_seed029_29_20260603_094853
campaign_v3_S10_M2_LONG_LINK_B_L1_F2_H4_seed030,campaign_v3_S10_M2_LONG_LINK_B_L1_F2_H4_seed030_30_20260603_095107,S10,5000,200,6,M2_LONG_LINK,30,B,L1,F2,H4,V3,map_S10_M2_LONG_LINK_seed030,34738ab074fabc6e951084a39b0f417ab752c4587eec2566a128bd3d2c274dbf,103.41,357.239,197.379,408.227,25,690,3.0246,0.3072,60.0,34.983,94.983,154.983,160.0,100.0,4.137,3.0,1.0,0.019,0.293,0.067,5721.988273,0.855602,0.0,2145,1409965,1409965,1.0,1796,1796,1.0,120000,0,1,S10|M2_LONG_LINK|30|B|L1|F2,true,false,false,/home/cyfer/FYP/WSN_simulation_V3/runs/S10_5000/outputs_production_50seed_part26_30/run_campaign_v3_S10_M2_LONG_LINK_B_L1_F2_H4_seed030_30_20260603_095107
campaign_v3_S10_M2_LONG_LINK_B_L1_F3_H0_seed026,campaign_v3_S10_M2_LONG_LINK_B_L1_F3_H0_seed026_26_20260603_094142,S10,5000,200,6,M2_LONG_LINK,26,B,L1,F3,H0,V2,map_S10_M2_LONG_LINK_seed026,d15212a0c3b8ff5d653648088c0a80c4746f932ed7de94ed06a65810802293fd,98.006,356.83,197.8,395.65,25,1013,3.6634,0.2964,60.0,-1.0,-1.0,-1.0,-1.0,-1.0,0.0,0.0,0.0,0.0,0.0,0.0,5591.579334,0.881684,0.0,1954,1407675,1407675,1.0,1792,1792,1.0,120075,1,0,S10|M2_LONG_LINK|26|B|L1|F3,false,false,true,/home/cyfer/FYP/WSN_simulation_V3/runs/S10_5000/outputs_production_50seed_part26_30/run_campaign_v3_S10_M2_LONG_LINK_B_L1_F3_H0_seed026_26_20260603_094142
campaign_v3_S10_M2_LONG_LINK_B_L1_F3_H0_seed027,campaign_v3_S10_M2_LONG_LINK_B_L1_F3_H0_seed027_27_20260603_094409,S10,5000,200,6,M2_LONG_LINK,27,B,L1,F3,H0,V2,map_S10_M2_LONG_LINK_seed027,b85dac5b485520e3b3585b49f53af630fbb0897fb5f1bd691b7517d1d3d30d9b,100.832,347.452,199.455,399.379,25,579,2.8686,0.2956,60.0,-1.0,-1.0,-1.0,-1.0,-1.0,0.0,0.0,0.0,0.0,0.0,0.0,5631.91592,0.873617,0.0,2017,1407675,1407675,1.0,1792,1792,1.0,120075,1,0,S10|M2_LONG_LINK|27|B|L1|F3,false,false,true,/home/cyfer/FYP/WSN_simulation_V3/runs/S10_5000/outputs_production_50seed_part26_30/run_campaign_v3_S10_M2_LONG_LINK_B_L1_F3_H0_seed027_27_20260603_094409
campaign_v3_S10_M2_LONG_LINK_B_L1_F3_H0_seed028,campaign_v3_S10_M2_LONG_LINK_B_L1_F3_H0_seed028_28_20260603_094633,S10,5000,200,6,M2_LONG_LINK,28,B,L1,F3,H0,V2,map_S10_M2_LONG_LINK_seed028,0a3314a261794ecedc512ba13820423c8340e698f7b031fa90b9cd892ce54580,98.755,339.223,195.162,405.877,25,799,3.0964,0.3006,60.0,-1.0,-1.0,-1.0,-1.0,-1.0,0.0,0.0,0.0,0.0,0.0,0.0,5638.847501,0.87223,0.0,2035,1406500,1406500,1.0,1792,1792,1.0,120100,1,0,S10|M2_LONG_LINK|28|B|L1|F3,false,false,true,/home/cyfer/FYP/WSN_simulation_V3/runs/S10_5000/outputs_production_50seed_part26_30/run_campaign_v3_S10_M2_LONG_LINK_B_L1_F3_H0_seed028_28_20260603_094633
campaign_v3_S10_M2_LONG_LINK_B_L1_F3_H0_seed029,campaign_v3_S10_M2_LONG_LINK_B_L1_F3_H0_seed029_29_20260603_094838,S10,5000,200,6,M2_LONG_LINK,29,B,L1,F3,H0,V2,map_S10_M2_LONG_LINK_seed029,edd547672bdac93df6475cd98ac2eb27f8f37d343bcb78b2baed696fcd08db1d,98.257,346.016,198.004,387.561,25,703,2.8517,0.2928,60.0,-1.0,-1.0,-1.0,-1.0,-1.0,0.0,0.0,0.0,0.0,0.0,0.0,5596.853574,0.880629,0.0,1967,1407205,1407205,1.0,1792,1792,1.0,120085,1,0,S10|M2_LONG_LINK|29|B|L1|F3,false,false,true,/home/cyfer/FYP/WSN_simulation_V3/runs/S10_5000/outputs_production_50seed_part26_30/run_campaign_v3_S10_M2_LONG_LINK_B_L1_F3_H0_seed029_29_20260603_094838
campaign_v3_S10_M2_LONG_LINK_B_L1_F3_H0_seed030,campaign_v3_S10_M2_LONG_LINK_B_L1_F3_H0_seed030_30_20260603_095052,S10,5000,200,6,M2_LONG_LINK,30,B,L1,F3,H0,V2,map_S10_M2_LONG_LINK_seed030,34738ab074fabc6e951084a39b0f417ab752c4587eec2566a128bd3d2c274dbf,103.41,357.239,197.379,408.227,25,690,3.0246,0.3072,60.0,-1.0,-1.0,-1.0,-1.0,-1.0,0.0,0.0,0.0,0.0,0.0,0.0,5715.805825,0.856839,0.0,2144,1406970,1406970,1.0,1792,1792,1.0,120090,1,0,S10|M2_LONG_LINK|30|B|L1|F3,false,false,true,/home/cyfer/FYP/WSN_simulation_V3/runs/S10_5000/outputs_production_50seed_part26_30/run_campaign_v3_S10_M2_LONG_LINK_B_L1_F3_H0_seed030_30_20260603_095052
campaign_v3_S10_M2_LONG_LINK_B_L1_F3_H1_seed026,campaign_v3_S10_M2_LONG_LINK_B_L1_F3_H1_seed026_26_20260603_094201,S10,5000,200,6,M2_LONG_LINK,26,B,L1,F3,H1,V3,map_S10_M2_LONG_LINK_seed026,d15212a0c3b8ff5d653648088c0a80c4746f932ed7de94ed06a65810802293fd,98.006,356.83,197.8,395.65,25,1013,3.6634,0.2964,60.0,28.527,88.527,148.527,150.0,90.0,4.508,3.0,1.0,0.015,0.342,0.146,5591.750705,0.88165,0.0,1954,1407695,1407695,1.0,1797,1797,1.0,119629,0,1,S10|M2_LONG_LINK|26|B|L1|F3,true,false,false,/home/cyfer/FYP/WSN_simulation_V3/runs/S10_5000/outputs_production_50seed_part26_30/run_campaign_v3_S10_M2_LONG_LINK_B_L1_F3_H1_seed026_26_20260603_094201
campaign_v3_S10_M2_LONG_LINK_B_L1_F3_H1_seed027,campaign_v3_S10_M2_LONG_LINK_B_L1_F3_H1_seed027_27_20260603_094428,S10,5000,200,6,M2_LONG_LINK,27,B,L1,F3,H1,V3,map_S10_M2_LONG_LINK_seed027,b85dac5b485520e3b3585b49f53af630fbb0897fb5f1bd691b7517d1d3d30d9b,100.832,347.452,199.455,399.379,25,579,2.8686,0.2956,60.0,29.313,89.313,149.313,150.0,90.0,4.504,3.0,1.0,0.026,0.347,0.129,5632.089294,0.873582,0.0,2017,1407695,1407695,1.0,1797,1797,1.0,119629,0,1,S10|M2_LONG_LINK|27|B|L1|F3,true,false,false,/home/cyfer/FYP/WSN_simulation_V3/runs/S10_5000/outputs_production_50seed_part26_30/run_campaign_v3_S10_M2_LONG_LINK_B_L1_F3_H1_seed027_27_20260603_094428
campaign_v3_S10_M2_LONG_LINK_B_L1_F3_H1_seed028,campaign_v3_S10_M2_LONG_LINK_B_L1_F3_H1_seed028_28_20260603_094650,S10,5000,200,6,M2_LONG_LINK,28,B,L1,F3,H1,V3,map_S10_M2_LONG_LINK_seed028,0a3314a261794ecedc512ba13820423c8340e698f7b031fa90b9cd892ce54580,98.755,339.223,195.162,405.877,25,799,3.0964,0.3006,60.0,29.596,89.596,149.596,150.0,90.0,4.95,3.0,1.0,0.025,0.49,0.135,5639.054753,0.872189,0.0,2035,1406520,1406520,1.0,1797,1797,1.0,119504,0,1,S10|M2_LONG_LINK|28|B|L1|F3,true,false,false,/home/cyfer/FYP/WSN_simulation_V3/runs/S10_5000/outputs_production_50seed_part26_30/run_campaign_v3_S10_M2_LONG_LINK_B_L1_F3_H1_seed028_28_20260603_094650
campaign_v3_S10_M2_LONG_LINK_B_L1_F3_H1_seed029,campaign_v3_S10_M2_LONG_LINK_B_L1_F3_H1_seed029_29_20260603_094854,S10,5000,200,6,M2_LONG_LINK,29,B,L1,F3,H1,V3,map_S10_M2_LONG_LINK_seed029,edd547672bdac93df6475cd98ac2eb27f8f37d343bcb78b2baed696fcd08db1d,98.257,346.016,198.004,387.561,25,703,2.8517,0.2928,60.0,28.736,88.736,148.736,150.0,90.0,4.625,3.0,1.0,0.024,0.388,0.129,5597.036036,0.880593,0.0,1967,1407225,1407225,1.0,1797,1797,1.0,119579,0,1,S10|M2_LONG_LINK|29|B|L1|F3,true,false,false,/home/cyfer/FYP/WSN_simulation_V3/runs/S10_5000/outputs_production_50seed_part26_30/run_campaign_v3_S10_M2_LONG_LINK_B_L1_F3_H1_seed029_29_20260603_094854
campaign_v3_S10_M2_LONG_LINK_B_L1_F3_H1_seed030,campaign_v3_S10_M2_LONG_LINK_B_L1_F3_H1_seed030_30_20260603_095109,S10,5000,200,6,M2_LONG_LINK,30,B,L1,F3,H1,V3,map_S10_M2_LONG_LINK_seed030,34738ab074fabc6e951084a39b0f417ab752c4587eec2566a128bd3d2c274dbf,103.41,357.239,197.379,408.227,25,690,3.0246,0.3072,60.0,29.018,89.018,149.018,150.0,90.0,4.787,3.0,1.0,0.026,0.426,0.143,5715.997772,0.8568,0.0,2144,1406990,1406990,1.0,1797,1797,1.0,119554,0,1,S10|M2_LONG_LINK|30|B|L1|F3,true,false,false,/home/cyfer/FYP/WSN_simulation_V3/runs/S10_5000/outputs_production_50seed_part26_30/run_campaign_v3_S10_M2_LONG_LINK_B_L1_F3_H1_seed030_30_20260603_095109
campaign_v3_S10_M2_LONG_LINK_B_L1_F3_H3_seed026,campaign_v3_S10_M2_LONG_LINK_B_L1_F3_H3_seed026_26_20260603_094202,S10,5000,200,6,M2_LONG_LINK,26,B,L1,F3,H3,V3,map_S10_M2_LONG_LINK_seed026,d15212a0c3b8ff5d653648088c0a80c4746f932ed7de94ed06a65810802293fd,98.006,356.83,197.8,395.65,25,1013,3.6634,0.2964,60.0,34.555,94.555,154.555,160.0,100.0,4.508,3.0,1.0,0.015,0.342,0.146,5591.733482,0.881653,0.0,1954,1407691,1407691,1.0,1796,1796,1.0,119629,0,1,S10|M2_LONG_LINK|26|B|L1|F3,true,false,false,/home/cyfer/FYP/WSN_simulation_V3/runs/S10_5000/outputs_production_50seed_part26_30/run_campaign_v3_S10_M2_LONG_LINK_B_L1_F3_H3_seed026_26_20260603_094202
campaign_v3_S10_M2_LONG_LINK_B_L1_F3_H3_seed027,campaign_v3_S10_M2_LONG_LINK_B_L1_F3_H3_seed027_27_20260603_094429,S10,5000,200,6,M2_LONG_LINK,27,B,L1,F3,H3,V3,map_S10_M2_LONG_LINK_seed027,b85dac5b485520e3b3585b49f53af630fbb0897fb5f1bd691b7517d1d3d30d9b,100.832,347.452,199.455,399.379,25,579,2.8686,0.2956,60.0,35.276,95.276,155.276,160.0,100.0,4.504,3.0,1.0,0.026,0.347,0.129,5632.072891,0.873585,0.0,2017,1407691,1407691,1.0,1796,1796,1.0,119629,0,1,S10|M2_LONG_LINK|27|B|L1|F3,true,false,false,/home/cyfer/FYP/WSN_simulation_V3/runs/S10_5000/outputs_production_50seed_part26_30/run_campaign_v3_S10_M2_LONG_LINK_B_L1_F3_H3_seed027_27_20260603_094429
campaign_v3_S10_M2_LONG_LINK_B_L1_F3_H3_seed028,campaign_v3_S10_M2_LONG_LINK_B_L1_F3_H3_seed028_28_20260603_094651,S10,5000,200,6,M2_LONG_LINK,28,B,L1,F3,H3,V3,map_S10_M2_LONG_LINK_seed028,0a3314a261794ecedc512ba13820423c8340e698f7b031fa90b9cd892ce54580,98.755,339.223,195.162,405.877,25,799,3.0964,0.3006,60.0,35.107,95.107,155.107,160.0,100.0,4.95,3.0,1.0,0.025,0.49,0.135,5639.033336,0.872193,0.0,2035,1406516,1406516,1.0,1796,1796,1.0,119504,0,1,S10|M2_LONG_LINK|28|B|L1|F3,true,false,false,/home/cyfer/FYP/WSN_simulation_V3/runs/S10_5000/outputs_production_50seed_part26_30/run_campaign_v3_S10_M2_LONG_LINK_B_L1_F3_H3_seed028_28_20260603_094651
campaign_v3_S10_M2_LONG_LINK_B_L1_F3_H3_seed029,campaign_v3_S10_M2_LONG_LINK_B_L1_F3_H3_seed029_29_20260603_094855,S10,5000,200,6,M2_LONG_LINK,29,B,L1,F3,H3,V3,map_S10_M2_LONG_LINK_seed029,edd547672bdac93df6475cd98ac2eb27f8f37d343bcb78b2baed696fcd08db1d,98.257,346.016,198.004,387.561,25,703,2.8517,0.2928,60.0,35.601,95.601,155.601,160.0,100.0,4.625,3.0,1.0,0.024,0.388,0.129,5597.017775,0.880596,0.0,1967,1407221,1407221,1.0,1796,1796,1.0,119579,0,1,S10|M2_LONG_LINK|29|B|L1|F3,true,false,false,/home/cyfer/FYP/WSN_simulation_V3/runs/S10_5000/outputs_production_50seed_part26_30/run_campaign_v3_S10_M2_LONG_LINK_B_L1_F3_H3_seed029_29_20260603_094855
campaign_v3_S10_M2_LONG_LINK_B_L1_F3_H3_seed030,campaign_v3_S10_M2_LONG_LINK_B_L1_F3_H3_seed030_30_20260603_095110,S10,5000,200,6,M2_LONG_LINK,30,B,L1,F3,H3,V3,map_S10_M2_LONG_LINK_seed030,34738ab074fabc6e951084a39b0f417ab752c4587eec2566a128bd3d2c274dbf,103.41,357.239,197.379,408.227,25,690,3.0246,0.3072,60.0,35.131,95.131,155.131,160.0,100.0,4.787,3.0,1.0,0.026,0.426,0.143,5715.98472,0.856803,0.0,2144,1406986,1406986,1.0,1796,1796,1.0,119554,0,1,S10|M2_LONG_LINK|30|B|L1|F3,true,false,false,/home/cyfer/FYP/WSN_simulation_V3/runs/S10_5000/outputs_production_50seed_part26_30/run_campaign_v3_S10_M2_LONG_LINK_B_L1_F3_H3_seed030_30_20260603_095110
campaign_v3_S10_M2_LONG_LINK_B_L1_F3_H4_seed026,campaign_v3_S10_M2_LONG_LINK_B_L1_F3_H4_seed026_26_20260603_094204,S10,5000,200,6,M2_LONG_LINK,26,B,L1,F3,H4,V3,map_S10_M2_LONG_LINK_seed026,d15212a0c3b8ff5d653648088c0a80c4746f932ed7de94ed06a65810802293fd,98.006,356.83,197.8,395.65,25,1013,3.6634,0.2964,60.0,38.877,98.877,158.877,160.0,100.0,4.508,3.0,1.0,0.015,0.342,0.146,5591.734271,0.881653,0.0,1954,1407691,1407691,1.0,1796,1796,1.0,119629,0,1,S10|M2_LONG_LINK|26|B|L1|F3,true,false,false,/home/cyfer/FYP/WSN_simulation_V3/runs/S10_5000/outputs_production_50seed_part26_30/run_campaign_v3_S10_M2_LONG_LINK_B_L1_F3_H4_seed026_26_20260603_094204
campaign_v3_S10_M2_LONG_LINK_B_L1_F3_H4_seed027,campaign_v3_S10_M2_LONG_LINK_B_L1_F3_H4_seed027_27_20260603_094431,S10,5000,200,6,M2_LONG_LINK,27,B,L1,F3,H4,V3,map_S10_M2_LONG_LINK_seed027,b85dac5b485520e3b3585b49f53af630fbb0897fb5f1bd691b7517d1d3d30d9b,100.832,347.452,199.455,399.379,25,579,2.8686,0.2956,60.0,39.494,99.494,159.494,160.0,100.0,4.504,3.0,1.0,0.026,0.347,0.129,5632.072459,0.873586,0.0,2017,1407691,1407691,1.0,1796,1796,1.0,119629,0,1,S10|M2_LONG_LINK|27|B|L1|F3,true,false,false,/home/cyfer/FYP/WSN_simulation_V3/runs/S10_5000/outputs_production_50seed_part26_30/run_campaign_v3_S10_M2_LONG_LINK_B_L1_F3_H4_seed027_27_20260603_094431
campaign_v3_S10_M2_LONG_LINK_B_L1_F3_H4_seed028,campaign_v3_S10_M2_LONG_LINK_B_L1_F3_H4_seed028_28_20260603_094652,S10,5000,200,6,M2_LONG_LINK,28,B,L1,F3,H4,V3,map_S10_M2_LONG_LINK_seed028,0a3314a261794ecedc512ba13820423c8340e698f7b031fa90b9cd892ce54580,98.755,339.223,195.162,405.877,25,799,3.0964,0.3006,60.0,39.597,99.597,159.597,160.0,100.0,4.95,3.0,1.0,0.025,0.49,0.135,5639.037143,0.872193,0.0,2035,1406516,1406516,1.0,1796,1796,1.0,119504,0,1,S10|M2_LONG_LINK|28|B|L1|F3,true,false,false,/home/cyfer/FYP/WSN_simulation_V3/runs/S10_5000/outputs_production_50seed_part26_30/run_campaign_v3_S10_M2_LONG_LINK_B_L1_F3_H4_seed028_28_20260603_094652
campaign_v3_S10_M2_LONG_LINK_B_L1_F3_H4_seed029,campaign_v3_S10_M2_LONG_LINK_B_L1_F3_H4_seed029_29_20260603_094857,S10,5000,200,6,M2_LONG_LINK,29,B,L1,F3,H4,V3,map_S10_M2_LONG_LINK_seed029,edd547672bdac93df6475cd98ac2eb27f8f37d343bcb78b2baed696fcd08db1d,98.257,346.016,198.004,387.561,25,703,2.8517,0.2928,60.0,38.903,98.903,158.903,160.0,100.0,4.625,3.0,1.0,0.024,0.388,0.129,5597.019783,0.880596,0.0,1967,1407221,1407221,1.0,1796,1796,1.0,119579,0,1,S10|M2_LONG_LINK|29|B|L1|F3,true,false,false,/home/cyfer/FYP/WSN_simulation_V3/runs/S10_5000/outputs_production_50seed_part26_30/run_campaign_v3_S10_M2_LONG_LINK_B_L1_F3_H4_seed029_29_20260603_094857
campaign_v3_S10_M2_LONG_LINK_B_L1_F3_H4_seed030,campaign_v3_S10_M2_LONG_LINK_B_L1_F3_H4_seed030_30_20260603_095111,S10,5000,200,6,M2_LONG_LINK,30,B,L1,F3,H4,V3,map_S10_M2_LONG_LINK_seed030,34738ab074fabc6e951084a39b0f417ab752c4587eec2566a128bd3d2c274dbf,103.41,357.239,197.379,408.227,25,690,3.0246,0.3072,60.0,39.741,99.741,159.741,160.0,100.0,4.787,3.0,1.0,0.026,0.426,0.143,5715.980823,0.856804,0.0,2144,1406986,1406986,1.0,1796,1796,1.0,119554,0,1,S10|M2_LONG_LINK|30|B|L1|F3,true,false,false,/home/cyfer/FYP/WSN_simulation_V3/runs/S10_5000/outputs_production_50seed_part26_30/run_campaign_v3_S10_M2_LONG_LINK_B_L1_F3_H4_seed030_30_20260603_095111
campaign_v3_S10_M2_LONG_LINK_B_L1_F4_H0_seed026,campaign_v3_S10_M2_LONG_LINK_B_L1_F4_H0_seed026_26_20260603_094143,S10,5000,200,6,M2_LONG_LINK,26,B,L1,F4,H0,V2,map_S10_M2_LONG_LINK_seed026,d15212a0c3b8ff5d653648088c0a80c4746f932ed7de94ed06a65810802293fd,98.006,356.83,197.8,395.65,25,1013,3.6634,0.2964,60.0,-1.0,-1.0,-1.0,-1.0,-1.0,0.0,0.0,0.0,0.0,0.0,0.0,5592.581104,0.881484,0.0,1954,1408615,1408615,1.0,1792,1792,1.0,120055,1,0,S10|M2_LONG_LINK|26|B|L1|F4,false,false,true,/home/cyfer/FYP/WSN_simulation_V3/runs/S10_5000/outputs_production_50seed_part26_30/run_campaign_v3_S10_M2_LONG_LINK_B_L1_F4_H0_seed026_26_20260603_094143
campaign_v3_S10_M2_LONG_LINK_B_L1_F4_H0_seed027,campaign_v3_S10_M2_LONG_LINK_B_L1_F4_H0_seed027_27_20260603_094410,S10,5000,200,6,M2_LONG_LINK,27,B,L1,F4,H0,V2,map_S10_M2_LONG_LINK_seed027,b85dac5b485520e3b3585b49f53af630fbb0897fb5f1bd691b7517d1d3d30d9b,100.832,347.452,199.455,399.379,25,579,2.8686,0.2956,60.0,-1.0,-1.0,-1.0,-1.0,-1.0,0.0,0.0,0.0,0.0,0.0,0.0,5631.120165,0.873776,0.0,2017,1407205,1407205,1.0,1792,1792,1.0,120085,1,0,S10|M2_LONG_LINK|27|B|L1|F4,false,false,true,/home/cyfer/FYP/WSN_simulation_V3/runs/S10_5000/outputs_production_50seed_part26_30/run_campaign_v3_S10_M2_LONG_LINK_B_L1_F4_H0_seed027_27_20260603_094410
campaign_v3_S10_M2_LONG_LINK_B_L1_F4_H0_seed028,campaign_v3_S10_M2_LONG_LINK_B_L1_F4_H0_seed028_28_20260603_094635,S10,5000,200,6,M2_LONG_LINK,28,B,L1,F4,H0,V2,map_S10_M2_LONG_LINK_seed028,0a3314a261794ecedc512ba13820423c8340e698f7b031fa90b9cd892ce54580,98.755,339.223,195.162,405.877,25,799,3.0964,0.3006,60.0,-1.0,-1.0,-1.0,-1.0,-1.0,0.0,0.0,0.0,0.0,0.0,0.0,5641.949501,0.87161,0.0,2035,1408380,1408380,1.0,1792,1792,1.0,120060,1,0,S10|M2_LONG_LINK|28|B|L1|F4,false,false,true,/home/cyfer/FYP/WSN_simulation_V3/runs/S10_5000/outputs_production_50seed_part26_30/run_campaign_v3_S10_M2_LONG_LINK_B_L1_F4_H0_seed028_28_20260603_094635
campaign_v3_S10_M2_LONG_LINK_B_L1_F4_H0_seed029,campaign_v3_S10_M2_LONG_LINK_B_L1_F4_H0_seed029_29_20260603_094839,S10,5000,200,6,M2_LONG_LINK,29,B,L1,F4,H0,V2,map_S10_M2_LONG_LINK_seed029,edd547672bdac93df6475cd98ac2eb27f8f37d343bcb78b2baed696fcd08db1d,98.257,346.016,198.004,387.561,25,703,2.8517,0.2928,60.0,-1.0,-1.0,-1.0,-1.0,-1.0,0.0,0.0,0.0,0.0,0.0,0.0,5597.526432,0.880495,0.0,1967,1408380,1408380,1.0,1792,1792,1.0,120060,1,0,S10|M2_LONG_LINK|29|B|L1|F4,false,false,true,/home/cyfer/FYP/WSN_simulation_V3/runs/S10_5000/outputs_production_50seed_part26_30/run_campaign_v3_S10_M2_LONG_LINK_B_L1_F4_H0_seed029_29_20260603_094839
campaign_v3_S10_M2_LONG_LINK_B_L1_F4_H0_seed030,campaign_v3_S10_M2_LONG_LINK_B_L1_F4_H0_seed030_30_20260603_095053,S10,5000,200,6,M2_LONG_LINK,30,B,L1,F4,H0,V2,map_S10_M2_LONG_LINK_seed030,34738ab074fabc6e951084a39b0f417ab752c4587eec2566a128bd3d2c274dbf,103.41,357.239,197.379,408.227,25,690,3.0246,0.3072,60.0,-1.0,-1.0,-1.0,-1.0,-1.0,0.0,0.0,0.0,0.0,0.0,0.0,5715.693704,0.856861,0.0,2144,1406735,1406735,1.0,1792,1792,1.0,120095,1,0,S10|M2_LONG_LINK|30|B|L1|F4,false,false,true,/home/cyfer/FYP/WSN_simulation_V3/runs/S10_5000/outputs_production_50seed_part26_30/run_campaign_v3_S10_M2_LONG_LINK_B_L1_F4_H0_seed030_30_20260603_095053
campaign_v3_S10_M2_LONG_LINK_B_L1_F4_H1_seed026,campaign_v3_S10_M2_LONG_LINK_B_L1_F4_H1_seed026_26_20260603_094205,S10,5000,200,6,M2_LONG_LINK,26,B,L1,F4,H1,V3,map_S10_M2_LONG_LINK_seed026,d15212a0c3b8ff5d653648088c0a80c4746f932ed7de94ed06a65810802293fd,98.006,356.83,197.8,395.65,25,1013,3.6634,0.2964,60.0,34.73,94.73,154.73,160.0,100.0,4.186,3.0,1.0,0.011,0.255,0.129,5593.356067,0.881329,0.0,1954,1408906,1408906,1.0,1796,1796,1.0,119729,0,1,S10|M2_LONG_LINK|26|B|L1|F4,true,false,false,/home/cyfer/FYP/WSN_simulation_V3/runs/S10_5000/outputs_production_50seed_part26_30/run_campaign_v3_S10_M2_LONG_LINK_B_L1_F4_H1_seed026_26_20260603_094205
campaign_v3_S10_M2_LONG_LINK_B_L1_F4_H1_seed027,campaign_v3_S10_M2_LONG_LINK_B_L1_F4_H1_seed027_27_20260603_094432,S10,5000,200,6,M2_LONG_LINK,27,B,L1,F4,H1,V3,map_S10_M2_LONG_LINK_seed027,b85dac5b485520e3b3585b49f53af630fbb0897fb5f1bd691b7517d1d3d30d9b,100.832,347.452,199.455,399.379,25,579,2.8686,0.2956,60.0,35.538,95.538,155.538,160.0,100.0,4.558,3.0,1.0,0.029,0.399,0.091,5632.23824,0.873552,0.0,2017,1407629,1407629,1.0,1796,1796,1.0,119579,0,1,S10|M2_LONG_LINK|27|B|L1|F4,true,false,false,/home/cyfer/FYP/WSN_simulation_V3/runs/S10_5000/outputs_production_50seed_part26_30/run_campaign_v3_S10_M2_LONG_LINK_B_L1_F4_H1_seed027_27_20260603_094432
campaign_v3_S10_M2_LONG_LINK_B_L1_F4_H1_seed028,campaign_v3_S10_M2_LONG_LINK_B_L1_F4_H1_seed028_28_20260603_094653,S10,5000,200,6,M2_LONG_LINK,28,B,L1,F4,H1,V3,map_S10_M2_LONG_LINK_seed028,0a3314a261794ecedc512ba13820423c8340e698f7b031fa90b9cd892ce54580,98.755,339.223,195.162,405.877,25,799,3.0964,0.3006,60.0,34.373,94.373,154.373,160.0,100.0,4.331,3.0,1.0,0.015,0.287,0.142,5642.751891,0.87145,0.0,2035,1408696,1408696,1.0,1796,1796,1.0,119704,0,1,S10|M2_LONG_LINK|28|B|L1|F4,true,false,false,/home/cyfer/FYP/WSN_simulation_V3/runs/S10_5000/outputs_production_50seed_part26_30/run_campaign_v3_S10_M2_LONG_LINK_B_L1_F4_H1_seed028_28_20260603_094653
campaign_v3_S10_M2_LONG_LINK_B_L1_F4_H1_seed029,campaign_v3_S10_M2_LONG_LINK_B_L1_F4_H1_seed029_29_20260603_094858,S10,5000,200,6,M2_LONG_LINK,29,B,L1,F4,H1,V3,map_S10_M2_LONG_LINK_seed029,edd547672bdac93df6475cd98ac2eb27f8f37d343bcb78b2baed696fcd08db1d,98.257,346.016,198.004,387.561,25,703,2.8517,0.2928,60.0,34.62,94.62,154.62,160.0,100.0,4.263,3.0,1.0,0.017,0.297,0.107,5598.401448,0.88032,0.0,1967,1408696,1408696,1.0,1796,1796,1.0,119704,0,1,S10|M2_LONG_LINK|29|B|L1|F4,true,false,false,/home/cyfer/FYP/WSN_simulation_V3/runs/S10_5000/outputs_production_50seed_part26_30/run_campaign_v3_S10_M2_LONG_LINK_B_L1_F4_H1_seed029_29_20260603_094858
campaign_v3_S10_M2_LONG_LINK_B_L1_F4_H1_seed030,campaign_v3_S10_M2_LONG_LINK_B_L1_F4_H1_seed030_30_20260603_095112,S10,5000,200,6,M2_LONG_LINK,30,B,L1,F4,H1,V3,map_S10_M2_LONG_LINK_seed030,34738ab074fabc6e951084a39b0f417ab752c4587eec2566a128bd3d2c274dbf,103.41,357.239,197.379,408.227,25,690,3.0246,0.3072,60.0,34.921,94.921,154.921,160.0,100.0,4.635,3.0,1.0,0.028,0.441,0.077,5716.97127,0.856606,0.0,2144,1407226,1407226,1.0,1796,1796,1.0,119529,0,1,S10|M2_LONG_LINK|30|B|L1|F4,true,false,false,/home/cyfer/FYP/WSN_simulation_V3/runs/S10_5000/outputs_production_50seed_part26_30/run_campaign_v3_S10_M2_LONG_LINK_B_L1_F4_H1_seed030_30_20260603_095112
campaign_v3_S10_M2_LONG_LINK_B_L1_F4_H3_seed026,campaign_v3_S10_M2_LONG_LINK_B_L1_F4_H3_seed026_26_20260603_094206,S10,5000,200,6,M2_LONG_LINK,26,B,L1,F4,H3,V3,map_S10_M2_LONG_LINK_seed026,d15212a0c3b8ff5d653648088c0a80c4746f932ed7de94ed06a65810802293fd,98.006,356.83,197.8,395.65,25,1013,3.6634,0.2964,60.0,40.575,100.575,160.575,170.0,110.0,4.186,3.0,1.0,0.011,0.255,0.129,5592.974013,0.881405,0.0,1954,1408745,1408745,1.0,1796,1796,1.0,119729,0,1,S10|M2_LONG_LINK|26|B|L1|F4,true,false,false,/home/cyfer/FYP/WSN_simulation_V3/runs/S10_5000/outputs_production_50seed_part26_30/run_campaign_v3_S10_M2_LONG_LINK_B_L1_F4_H3_seed026_26_20260603_094206
campaign_v3_S10_M2_LONG_LINK_B_L1_F4_H3_seed027,campaign_v3_S10_M2_LONG_LINK_B_L1_F4_H3_seed027_27_20260603_094433,S10,5000,200,6,M2_LONG_LINK,27,B,L1,F4,H3,V3,map_S10_M2_LONG_LINK_seed027,b85dac5b485520e3b3585b49f53af630fbb0897fb5f1bd691b7517d1d3d30d9b,100.832,347.452,199.455,399.379,25,579,2.8686,0.2956,60.0,41.042,101.042,161.042,170.0,110.0,4.558,3.0,1.0,0.029,0.399,0.091,5631.693582,0.873661,0.0,2017,1407383,1407383,1.0,1796,1796,1.0,119579,0,1,S10|M2_LONG_LINK|27|B|L1|F4,true,false,false,/home/cyfer/FYP/WSN_simulation_V3/runs/S10_5000/outputs_production_50seed_part26_30/run_campaign_v3_S10_M2_LONG_LINK_B_L1_F4_H3_seed027_27_20260603_094433
campaign_v3_S10_M2_LONG_LINK_B_L1_F4_H3_seed028,campaign_v3_S10_M2_LONG_LINK_B_L1_F4_H3_seed028_28_20260603_094654,S10,5000,200,6,M2_LONG_LINK,28,B,L1,F4,H3,V3,map_S10_M2_LONG_LINK_seed028,0a3314a261794ecedc512ba13820423c8340e698f7b031fa90b9cd892ce54580,98.755,339.223,195.162,405.877,25,799,3.0964,0.3006,60.0,40.814,100.814,160.814,170.0,110.0,4.331,3.0,1.0,0.015,0.287,0.142,5642.354113,0.871529,0.0,2035,1408510,1408510,1.0,1796,1796,1.0,119704,0,1,S10|M2_LONG_LINK|28|B|L1|F4,true,false,false,/home/cyfer/FYP/WSN_simulation_V3/runs/S10_5000/outputs_production_50seed_part26_30/run_campaign_v3_S10_M2_LONG_LINK_B_L1_F4_H3_seed028_28_20260603_094654
campaign_v3_S10_M2_LONG_LINK_B_L1_F4_H3_seed029,campaign_v3_S10_M2_LONG_LINK_B_L1_F4_H3_seed029_29_20260603_094859,S10,5000,200,6,M2_LONG_LINK,29,B,L1,F4,H3,V3,map_S10_M2_LONG_LINK_seed029,edd547672bdac93df6475cd98ac2eb27f8f37d343bcb78b2baed696fcd08db1d,98.257,346.016,198.004,387.561,25,703,2.8517,0.2928,60.0,41.096,101.096,161.096,170.0,110.0,4.263,3.0,1.0,0.017,0.297,0.107,5597.902677,0.880419,0.0,1967,1408504,1408504,1.0,1796,1796,1.0,119704,0,1,S10|M2_LONG_LINK|29|B|L1|F4,true,false,false,/home/cyfer/FYP/WSN_simulation_V3/runs/S10_5000/outputs_production_50seed_part26_30/run_campaign_v3_S10_M2_LONG_LINK_B_L1_F4_H3_seed029_29_20260603_094859
campaign_v3_S10_M2_LONG_LINK_B_L1_F4_H3_seed030,campaign_v3_S10_M2_LONG_LINK_B_L1_F4_H3_seed030_30_20260603_095113,S10,5000,200,6,M2_LONG_LINK,30,B,L1,F4,H3,V3,map_S10_M2_LONG_LINK_seed030,34738ab074fabc6e951084a39b0f417ab752c4587eec2566a128bd3d2c274dbf,103.41,357.239,197.379,408.227,25,690,3.0246,0.3072,60.0,40.745,100.745,160.745,170.0,110.0,4.635,3.0,1.0,0.028,0.441,0.077,5716.31858,0.856736,0.0,2144,1406941,1406941,1.0,1796,1796,1.0,119529,0,1,S10|M2_LONG_LINK|30|B|L1|F4,true,false,false,/home/cyfer/FYP/WSN_simulation_V3/runs/S10_5000/outputs_production_50seed_part26_30/run_campaign_v3_S10_M2_LONG_LINK_B_L1_F4_H3_seed030_30_20260603_095113
campaign_v3_S10_M2_LONG_LINK_B_L1_F4_H4_seed026,campaign_v3_S10_M2_LONG_LINK_B_L1_F4_H4_seed026_26_20260603_094208,S10,5000,200,6,M2_LONG_LINK,26,B,L1,F4,H4,V3,map_S10_M2_LONG_LINK_seed026,d15212a0c3b8ff5d653648088c0a80c4746f932ed7de94ed06a65810802293fd,98.006,356.83,197.8,395.65,25,1013,3.6634,0.2964,60.0,44.786,104.786,164.786,170.0,110.0,4.186,3.0,1.0,0.011,0.255,0.129,5590.597704,0.88188,0.0,1954,1407382,1407382,1.0,1796,1796,1.0,119458,0,1,S10|M2_LONG_LINK|26|B|L1|F4,true,false,false,/home/cyfer/FYP/WSN_simulation_V3/runs/S10_5000/outputs_production_50seed_part26_30/run_campaign_v3_S10_M2_LONG_LINK_B_L1_F4_H4_seed026_26_20260603_094208
campaign_v3_S10_M2_LONG_LINK_B_L1_F4_H4_seed027,campaign_v3_S10_M2_LONG_LINK_B_L1_F4_H4_seed027_27_20260603_094435,S10,5000,200,6,M2_LONG_LINK,27,B,L1,F4,H4,V3,map_S10_M2_LONG_LINK_seed027,b85dac5b485520e3b3585b49f53af630fbb0897fb5f1bd691b7517d1d3d30d9b,100.832,347.452,199.455,399.379,25,579,2.8686,0.2956,60.0,44.692,104.692,164.692,170.0,110.0,4.558,3.0,1.0,0.029,0.399,0.091,5627.12617,0.874575,0.0,2017,1405022,1405022,1.0,1796,1796,1.0,119108,0,1,S10|M2_LONG_LINK|27|B|L1|F4,true,false,false,/home/cyfer/FYP/WSN_simulation_V3/runs/S10_5000/outputs_production_50seed_part26_30/run_campaign_v3_S10_M2_LONG_LINK_B_L1_F4_H4_seed027_27_20260603_094435
campaign_v3_S10_M2_LONG_LINK_B_L1_F4_H4_seed028,campaign_v3_S10_M2_LONG_LINK_B_L1_F4_H4_seed028_28_20260603_094656,S10,5000,200,6,M2_LONG_LINK,28,B,L1,F4,H4,V3,map_S10_M2_LONG_LINK_seed028,0a3314a261794ecedc512ba13820423c8340e698f7b031fa90b9cd892ce54580,98.755,339.223,195.162,405.877,25,799,3.0964,0.3006,60.0,44.337,104.337,164.337,170.0,110.0,4.331,3.0,1.0,0.015,0.287,0.142,5640.116662,0.871977,0.0,2034,1407292,1407292,1.0,1796,1796,1.0,119458,0,1,S10|M2_LONG_LINK|28|B|L1|F4,true,false,false,/home/cyfer/FYP/WSN_simulation_V3/runs/S10_5000/outputs_production_50seed_part26_30/run_campaign_v3_S10_M2_LONG_LINK_B_L1_F4_H4_seed028_28_20260603_094656
campaign_v3_S10_M2_LONG_LINK_B_L1_F4_H4_seed029,campaign_v3_S10_M2_LONG_LINK_B_L1_F4_H4_seed029_29_20260603_094900,S10,5000,200,6,M2_LONG_LINK,29,B,L1,F4,H4,V3,map_S10_M2_LONG_LINK_seed029,edd547672bdac93df6475cd98ac2eb27f8f37d343bcb78b2baed696fcd08db1d,98.257,346.016,198.004,387.561,25,703,2.8517,0.2928,60.0,45.195,105.195,165.195,170.0,110.0,4.263,3.0,1.0,0.017,0.297,0.107,5595.692249,0.880862,0.0,1967,1407032,1407032,1.0,1796,1796,1.0,119408,0,1,S10|M2_LONG_LINK|29|B|L1|F4,true,false,false,/home/cyfer/FYP/WSN_simulation_V3/runs/S10_5000/outputs_production_50seed_part26_30/run_campaign_v3_S10_M2_LONG_LINK_B_L1_F4_H4_seed029_29_20260603_094900
campaign_v3_S10_M2_LONG_LINK_B_L1_F4_H4_seed030,campaign_v3_S10_M2_LONG_LINK_B_L1_F4_H4_seed030_30_20260603_095114,S10,5000,200,6,M2_LONG_LINK,30,B,L1,F4,H4,V3,map_S10_M2_LONG_LINK_seed030,34738ab074fabc6e951084a39b0f417ab752c4587eec2566a128bd3d2c274dbf,103.41,357.239,197.379,408.227,25,690,3.0246,0.3072,60.0,44.899,104.899,164.899,170.0,110.0,4.635,3.0,1.0,0.028,0.441,0.077,5714.135443,0.857173,0.0,2144,1405362,1405362,1.0,1796,1796,1.0,119208,0,1,S10|M2_LONG_LINK|30|B|L1|F4,true,false,false,/home/cyfer/FYP/WSN_simulation_V3/runs/S10_5000/outputs_production_50seed_part26_30/run_campaign_v3_S10_M2_LONG_LINK_B_L1_F4_H4_seed030_30_20260603_095114
campaign_v3_S10_M2_LONG_LINK_B_L2_F0_H0_seed026,campaign_v3_S10_M2_LONG_LINK_B_L2_F0_H0_seed026_26_20260603_094209,S10,5000,200,6,M2_LONG_LINK,26,B,L2,F0,H0,V1,map_S10_M2_LONG_LINK_seed026,d15212a0c3b8ff5d653648088c0a80c4746f932ed7de94ed06a65810802293fd,98.006,356.83,197.8,395.65,25,1013,3.6634,0.2964,0.0,-1.0,-1.0,-1.0,-1.0,-1.0,0.0,0.0,0.0,0.0,0.0,0.0,6611.419774,0.677716,0.0,2355,1411200,1411200,1.0,1800,1800,1.0,120000,0,0,S10|M2_LONG_LINK|26|B|L2|F0,false,true,false,/home/cyfer/FYP/WSN_simulation_V3/runs/S10_5000/outputs_production_50seed_part26_30/run_campaign_v3_S10_M2_LONG_LINK_B_L2_F0_H0_seed026_26_20260603_094209
campaign_v3_S10_M2_LONG_LINK_B_L2_F0_H0_seed027,campaign_v3_S10_M2_LONG_LINK_B_L2_F0_H0_seed027_27_20260603_094436,S10,5000,200,6,M2_LONG_LINK,27,B,L2,F0,H0,V1,map_S10_M2_LONG_LINK_seed027,b85dac5b485520e3b3585b49f53af630fbb0897fb5f1bd691b7517d1d3d30d9b,100.832,347.452,199.455,399.379,25,579,2.8686,0.2956,0.0,-1.0,-1.0,-1.0,-1.0,-1.0,0.0,0.0,0.0,0.0,0.0,0.0,6615.594872,0.676881,0.0,2369,1411200,1411200,1.0,1800,1800,1.0,120000,0,0,S10|M2_LONG_LINK|27|B|L2|F0,false,true,false,/home/cyfer/FYP/WSN_simulation_V3/runs/S10_5000/outputs_production_50seed_part26_30/run_campaign_v3_S10_M2_LONG_LINK_B_L2_F0_H0_seed027_27_20260603_094436
campaign_v3_S10_M2_LONG_LINK_B_L2_F0_H0_seed028,campaign_v3_S10_M2_LONG_LINK_B_L2_F0_H0_seed028_28_20260603_094657,S10,5000,200,6,M2_LONG_LINK,28,B,L2,F0,H0,V1,map_S10_M2_LONG_LINK_seed028,0a3314a261794ecedc512ba13820423c8340e698f7b031fa90b9cd892ce54580,98.755,339.223,195.162,405.877,25,799,3.0964,0.3006,0.0,-1.0,-1.0,-1.0,-1.0,-1.0,0.0,0.0,0.0,0.0,0.0,0.0,6627.238729,0.674552,0.0,2368,1411200,1411200,1.0,1800,1800,1.0,120000,0,0,S10|M2_LONG_LINK|28|B|L2|F0,false,true,false,/home/cyfer/FYP/WSN_simulation_V3/runs/S10_5000/outputs_production_50seed_part26_30/run_campaign_v3_S10_M2_LONG_LINK_B_L2_F0_H0_seed028_28_20260603_094657
campaign_v3_S10_M2_LONG_LINK_B_L2_F0_H0_seed029,campaign_v3_S10_M2_LONG_LINK_B_L2_F0_H0_seed029_29_20260603_094901,S10,5000,200,6,M2_LONG_LINK,29,B,L2,F0,H0,V1,map_S10_M2_LONG_LINK_seed029,edd547672bdac93df6475cd98ac2eb27f8f37d343bcb78b2baed696fcd08db1d,98.257,346.016,198.004,387.561,25,703,2.8517,0.2928,0.0,-1.0,-1.0,-1.0,-1.0,-1.0,0.0,0.0,0.0,0.0,0.0,0.0,6629.24978,0.67415,0.0,2357,1411200,1411200,1.0,1800,1800,1.0,120000,0,0,S10|M2_LONG_LINK|29|B|L2|F0,false,true,false,/home/cyfer/FYP/WSN_simulation_V3/runs/S10_5000/outputs_production_50seed_part26_30/run_campaign_v3_S10_M2_LONG_LINK_B_L2_F0_H0_seed029_29_20260603_094901
campaign_v3_S10_M2_LONG_LINK_B_L2_F0_H0_seed030,campaign_v3_S10_M2_LONG_LINK_B_L2_F0_H0_seed030_30_20260603_095116,S10,5000,200,6,M2_LONG_LINK,30,B,L2,F0,H0,V1,map_S10_M2_LONG_LINK_seed030,34738ab074fabc6e951084a39b0f417ab752c4587eec2566a128bd3d2c274dbf,103.41,357.239,197.379,408.227,25,690,3.0246,0.3072,0.0,-1.0,-1.0,-1.0,-1.0,-1.0,0.0,0.0,0.0,0.0,0.0,0.0,6614.360244,0.677128,0.0,2367,1411200,1411200,1.0,1800,1800,1.0,120000,0,0,S10|M2_LONG_LINK|30|B|L2|F0,false,true,false,/home/cyfer/FYP/WSN_simulation_V3/runs/S10_5000/outputs_production_50seed_part26_30/run_campaign_v3_S10_M2_LONG_LINK_B_L2_F0_H0_seed030_30_20260603_095116
campaign_v3_S10_M2_LONG_LINK_B_L2_F1_H0_seed026,campaign_v3_S10_M2_LONG_LINK_B_L2_F1_H0_seed026_26_20260603_094211,S10,5000,200,6,M2_LONG_LINK,26,B,L2,F1,H0,V2,map_S10_M2_LONG_LINK_seed026,d15212a0c3b8ff5d653648088c0a80c4746f932ed7de94ed06a65810802293fd,98.006,356.83,197.8,395.65,25,1013,3.6634,0.2964,60.0,-1.0,-1.0,-1.0,-1.0,-1.0,0.0,0.0,0.0,0.0,0.0,0.0,6603.916762,0.678919,0.0,2355,1408615,1408615,1.0,1792,1792,1.0,120055,1,0,S10|M2_LONG_LINK|26|B|L2|F1,false,false,true,/home/cyfer/FYP/WSN_simulation_V3/runs/S10_5000/outputs_production_50seed_part26_30/run_campaign_v3_S10_M2_LONG_LINK_B_L2_F1_H0_seed026_26_20260603_094211
campaign_v3_S10_M2_LONG_LINK_B_L2_F1_H0_seed027,campaign_v3_S10_M2_LONG_LINK_B_L2_F1_H0_seed027_27_20260603_094438,S10,5000,200,6,M2_LONG_LINK,27,B,L2,F1,H0,V2,map_S10_M2_LONG_LINK_seed027,b85dac5b485520e3b3585b49f53af630fbb0897fb5f1bd691b7517d1d3d30d9b,100.832,347.452,199.455,399.379,25,579,2.8686,0.2956,60.0,-1.0,-1.0,-1.0,-1.0,-1.0,0.0,0.0,0.0,0.0,0.0,0.0,6604.719188,0.678816,0.0,2369,1407205,1407205,1.0,1792,1792,1.0,120085,1,0,S10|M2_LONG_LINK|27|B|L2|F1,false,false,true,/home/cyfer/FYP/WSN_simulation_V3/runs/S10_5000/outputs_production_50seed_part26_30/run_campaign_v3_S10_M2_LONG_LINK_B_L2_F1_H0_seed027_27_20260603_094438
campaign_v3_S10_M2_LONG_LINK_B_L2_F1_H0_seed028,campaign_v3_S10_M2_LONG_LINK_B_L2_F1_H0_seed028_28_20260603_094658,S10,5000,200,6,M2_LONG_LINK,28,B,L2,F1,H0,V2,map_S10_M2_LONG_LINK_seed028,0a3314a261794ecedc512ba13820423c8340e698f7b031fa90b9cd892ce54580,98.755,339.223,195.162,405.877,25,799,3.0964,0.3006,60.0,-1.0,-1.0,-1.0,-1.0,-1.0,0.0,0.0,0.0,0.0,0.0,0.0,6618.747003,0.675965,0.0,2368,1408380,1408380,1.0,1792,1792,1.0,120060,1,0,S10|M2_LONG_LINK|28|B|L2|F1,false,false,true,/home/cyfer/FYP/WSN_simulation_V3/runs/S10_5000/outputs_production_50seed_part26_30/run_campaign_v3_S10_M2_LONG_LINK_B_L2_F1_H0_seed028_28_20260603_094658
campaign_v3_S10_M2_LONG_LINK_B_L2_F1_H0_seed029,campaign_v3_S10_M2_LONG_LINK_B_L2_F1_H0_seed029_29_20260603_094902,S10,5000,200,6,M2_LONG_LINK,29,B,L2,F1,H0,V2,map_S10_M2_LONG_LINK_seed029,edd547672bdac93df6475cd98ac2eb27f8f37d343bcb78b2baed696fcd08db1d,98.257,346.016,198.004,387.561,25,703,2.8517,0.2928,60.0,-1.0,-1.0,-1.0,-1.0,-1.0,0.0,0.0,0.0,0.0,0.0,0.0,6620.127678,0.675693,0.0,2357,1408380,1408380,1.0,1792,1792,1.0,120060,1,0,S10|M2_LONG_LINK|29|B|L2|F1,false,false,true,/home/cyfer/FYP/WSN_simulation_V3/runs/S10_5000/outputs_production_50seed_part26_30/run_campaign_v3_S10_M2_LONG_LINK_B_L2_F1_H0_seed029_29_20260603_094902
campaign_v3_S10_M2_LONG_LINK_B_L2_F1_H0_seed030,campaign_v3_S10_M2_LONG_LINK_B_L2_F1_H0_seed030_30_20260603_095117,S10,5000,200,6,M2_LONG_LINK,30,B,L2,F1,H0,V2,map_S10_M2_LONG_LINK_seed030,34738ab074fabc6e951084a39b0f417ab752c4587eec2566a128bd3d2c274dbf,103.41,357.239,197.379,408.227,25,690,3.0246,0.3072,60.0,-1.0,-1.0,-1.0,-1.0,-1.0,0.0,0.0,0.0,0.0,0.0,0.0,6602.616429,0.679253,0.0,2367,1406735,1406735,1.0,1792,1792,1.0,120095,1,0,S10|M2_LONG_LINK|30|B|L2|F1,false,false,true,/home/cyfer/FYP/WSN_simulation_V3/runs/S10_5000/outputs_production_50seed_part26_30/run_campaign_v3_S10_M2_LONG_LINK_B_L2_F1_H0_seed030_30_20260603_095117
campaign_v3_S10_M2_LONG_LINK_B_L2_F1_H1_seed026,campaign_v3_S10_M2_LONG_LINK_B_L2_F1_H1_seed026_26_20260603_094220,S10,5000,200,6,M2_LONG_LINK,26,B,L2,F1,H1,V3,map_S10_M2_LONG_LINK_seed026,d15212a0c3b8ff5d653648088c0a80c4746f932ed7de94ed06a65810802293fd,98.006,356.83,197.8,395.65,25,1013,3.6634,0.2964,60.0,18.491,78.491,138.491,140.0,80.0,6.421,3.0,1.0,0.011,1.0,0.129,6609.503782,0.677801,0.0,2356,1410331,1410331,1.0,1797,1797,1.0,120000,0,1,S10|M2_LONG_LINK|26|B|L2|F1,true,false,false,/home/cyfer/FYP/WSN_simulation_V3/runs/S10_5000/outputs_production_50seed_part26_30/run_campaign_v3_S10_M2_LONG_LINK_B_L2_F1_H1_seed026_26_20260603_094220
campaign_v3_S10_M2_LONG_LINK_B_L2_F1_H1_seed027,campaign_v3_S10_M2_LONG_LINK_B_L2_F1_H1_seed027_27_20260603_094447,S10,5000,200,6,M2_LONG_LINK,27,B,L2,F1,H1,V3,map_S10_M2_LONG_LINK_seed027,b85dac5b485520e3b3585b49f53af630fbb0897fb5f1bd691b7517d1d3d30d9b,100.832,347.452,199.455,399.379,25,579,2.8686,0.2956,60.0,18.792,78.792,138.792,140.0,80.0,6.362,3.0,1.0,0.029,1.0,0.091,6612.699464,0.67722,0.0,2370,1409857,1409857,1.0,1797,1797,1.0,120000,0,1,S10|M2_LONG_LINK|27|B|L2|F1,true,false,false,/home/cyfer/FYP/WSN_simulation_V3/runs/S10_5000/outputs_production_50seed_part26_30/run_campaign_v3_S10_M2_LONG_LINK_B_L2_F1_H1_seed027_27_20260603_094447
campaign_v3_S10_M2_LONG_LINK_B_L2_F1_H1_seed028,campaign_v3_S10_M2_LONG_LINK_B_L2_F1_H1_seed028_28_20260603_094706,S10,5000,200,6,M2_LONG_LINK,28,B,L2,F1,H1,V3,map_S10_M2_LONG_LINK_seed028,0a3314a261794ecedc512ba13820423c8340e698f7b031fa90b9cd892ce54580,98.755,339.223,195.162,405.877,25,799,3.0964,0.3006,60.0,19.145,79.145,139.145,140.0,80.0,6.471,3.0,1.0,0.015,1.0,0.142,6624.415805,0.674832,0.0,2369,1410240,1410240,1.0,1797,1797,1.0,120000,0,1,S10|M2_LONG_LINK|28|B|L2|F1,true,false,false,/home/cyfer/FYP/WSN_simulation_V3/runs/S10_5000/outputs_production_50seed_part26_30/run_campaign_v3_S10_M2_LONG_LINK_B_L2_F1_H1_seed028_28_20260603_094706
campaign_v3_S10_M2_LONG_LINK_B_L2_F1_H1_seed029,campaign_v3_S10_M2_LONG_LINK_B_L2_F1_H1_seed029_29_20260603_094910,S10,5000,200,6,M2_LONG_LINK,29,B,L2,F1,H1,V3,map_S10_M2_LONG_LINK_seed029,edd547672bdac93df6475cd98ac2eb27f8f37d343bcb78b2baed696fcd08db1d,98.257,346.016,198.004,387.561,25,703,2.8517,0.2928,60.0,19.136,79.136,139.136,140.0,80.0,6.372,3.0,1.0,0.017,1.0,0.107,6626.502693,0.674418,0.0,2358,1410240,1410240,1.0,1797,1797,1.0,120000,0,1,S10|M2_LONG_LINK|29|B|L2|F1,true,false,false,/home/cyfer/FYP/WSN_simulation_V3/runs/S10_5000/outputs_production_50seed_part26_30/run_campaign_v3_S10_M2_LONG_LINK_B_L2_F1_H1_seed029_29_20260603_094910
campaign_v3_S10_M2_LONG_LINK_B_L2_F1_H1_seed030,campaign_v3_S10_M2_LONG_LINK_B_L2_F1_H1_seed030_30_20260603_095125,S10,5000,200,6,M2_LONG_LINK,30,B,L2,F1,H1,V3,map_S10_M2_LONG_LINK_seed030,34738ab074fabc6e951084a39b0f417ab752c4587eec2566a128bd3d2c274dbf,103.41,357.239,197.379,408.227,25,690,3.0246,0.3072,60.0,18.592,78.592,138.592,140.0,80.0,6.313,3.0,1.0,0.028,1.0,0.077,6611.238866,0.677529,0.0,2368,1409699,1409699,1.0,1797,1797,1.0,120000,0,1,S10|M2_LONG_LINK|30|B|L2|F1,true,false,false,/home/cyfer/FYP/WSN_simulation_V3/runs/S10_5000/outputs_production_50seed_part26_30/run_campaign_v3_S10_M2_LONG_LINK_B_L2_F1_H1_seed030_30_20260603_095125
campaign_v3_S10_M2_LONG_LINK_B_L2_F1_H3_seed026,campaign_v3_S10_M2_LONG_LINK_B_L2_F1_H3_seed026_26_20260603_094224,S10,5000,200,6,M2_LONG_LINK,26,B,L2,F1,H3,V3,map_S10_M2_LONG_LINK_seed026,d15212a0c3b8ff5d653648088c0a80c4746f932ed7de94ed06a65810802293fd,98.006,356.83,197.8,395.65,25,1013,3.6634,0.2964,60.0,25.188,85.188,145.188,150.0,90.0,6.421,3.0,1.0,0.011,1.0,0.129,6606.813802,0.678339,0.0,2355,1409509,1409509,1.0,1797,1797,1.0,119875,0,1,S10|M2_LONG_LINK|26|B|L2|F1,true,false,false,/home/cyfer/FYP/WSN_simulation_V3/runs/S10_5000/outputs_production_50seed_part26_30/run_campaign_v3_S10_M2_LONG_LINK_B_L2_F1_H3_seed026_26_20260603_094224
campaign_v3_S10_M2_LONG_LINK_B_L2_F1_H3_seed027,campaign_v3_S10_M2_LONG_LINK_B_L2_F1_H3_seed027_27_20260603_094452,S10,5000,200,6,M2_LONG_LINK,27,B,L2,F1,H3,V3,map_S10_M2_LONG_LINK_seed027,b85dac5b485520e3b3585b49f53af630fbb0897fb5f1bd691b7517d1d3d30d9b,100.832,347.452,199.455,399.379,25,579,2.8686,0.2956,60.0,25.252,85.252,145.252,150.0,90.0,6.362,3.0,1.0,0.029,1.0,0.091,6609.53623,0.677852,0.0,2369,1408546,1408546,1.0,1797,1797,1.0,119800,0,1,S10|M2_LONG_LINK|27|B|L2|F1,true,false,false,/home/cyfer/FYP/WSN_simulation_V3/runs/S10_5000/outputs_production_50seed_part26_30/run_campaign_v3_S10_M2_LONG_LINK_B_L2_F1_H3_seed027_27_20260603_094452
campaign_v3_S10_M2_LONG_LINK_B_L2_F1_H3_seed028,campaign_v3_S10_M2_LONG_LINK_B_L2_F1_H3_seed028_28_20260603_094710,S10,5000,200,6,M2_LONG_LINK,28,B,L2,F1,H3,V3,map_S10_M2_LONG_LINK_seed028,0a3314a261794ecedc512ba13820423c8340e698f7b031fa90b9cd892ce54580,98.755,339.223,195.162,405.877,25,799,3.0964,0.3006,60.0,25.273,85.273,145.273,150.0,90.0,6.471,3.0,1.0,0.015,1.0,0.142,6621.697921,0.675375,0.0,2368,1409274,1409274,1.0,1797,1797,1.0,119850,0,1,S10|M2_LONG_LINK|28|B|L2|F1,true,false,false,/home/cyfer/FYP/WSN_simulation_V3/runs/S10_5000/outputs_production_50seed_part26_30/run_campaign_v3_S10_M2_LONG_LINK_B_L2_F1_H3_seed028_28_20260603_094710
campaign_v3_S10_M2_LONG_LINK_B_L2_F1_H3_seed029,campaign_v3_S10_M2_LONG_LINK_B_L2_F1_H3_seed029_29_20260603_094915,S10,5000,200,6,M2_LONG_LINK,29,B,L2,F1,H3,V3,map_S10_M2_LONG_LINK_seed029,edd547672bdac93df6475cd98ac2eb27f8f37d343bcb78b2baed696fcd08db1d,98.257,346.016,198.004,387.561,25,703,2.8517,0.2928,60.0,24.875,84.875,144.875,150.0,90.0,6.372,3.0,1.0,0.017,1.0,0.107,6623.052679,0.675108,0.0,2357,1409280,1409280,1.0,1797,1797,1.0,119850,0,1,S10|M2_LONG_LINK|29|B|L2|F1,true,false,false,/home/cyfer/FYP/WSN_simulation_V3/runs/S10_5000/outputs_production_50seed_part26_30/run_campaign_v3_S10_M2_LONG_LINK_B_L2_F1_H3_seed029_29_20260603_094915
campaign_v3_S10_M2_LONG_LINK_B_L2_F1_H3_seed030,campaign_v3_S10_M2_LONG_LINK_B_L2_F1_H3_seed030_30_20260603_095129,S10,5000,200,6,M2_LONG_LINK,30,B,L2,F1,H3,V3,map_S10_M2_LONG_LINK_seed030,34738ab074fabc6e951084a39b0f417ab752c4587eec2566a128bd3d2c274dbf,103.41,357.239,197.379,408.227,25,690,3.0246,0.3072,60.0,24.576,84.576,144.576,150.0,90.0,6.313,3.0,1.0,0.028,1.0,0.077,6607.614746,0.678253,0.0,2368,1408235,1408235,1.0,1797,1797,1.0,119775,0,1,S10|M2_LONG_LINK|30|B|L2|F1,true,false,false,/home/cyfer/FYP/WSN_simulation_V3/runs/S10_5000/outputs_production_50seed_part26_30/run_campaign_v3_S10_M2_LONG_LINK_B_L2_F1_H3_seed030_30_20260603_095129
campaign_v3_S10_M2_LONG_LINK_B_L2_F1_H4_seed026,campaign_v3_S10_M2_LONG_LINK_B_L2_F1_H4_seed026_26_20260603_094229,S10,5000,200,6,M2_LONG_LINK,26,B,L2,F1,H4,V3,map_S10_M2_LONG_LINK_seed026,d15212a0c3b8ff5d653648088c0a80c4746f932ed7de94ed06a65810802293fd,98.006,356.83,197.8,395.65,25,1013,3.6634,0.2964,60.0,28.779,88.779,148.779,150.0,90.0,6.421,3.0,1.0,0.011,1.0,0.129,6604.793331,0.678743,0.0,2355,1408635,1408635,1.0,1797,1797,1.0,119729,0,1,S10|M2_LONG_LINK|26|B|L2|F1,true,false,false,/home/cyfer/FYP/WSN_simulation_V3/runs/S10_5000/outputs_production_50seed_part26_30/run_campaign_v3_S10_M2_LONG_LINK_B_L2_F1_H4_seed026_26_20260603_094229
campaign_v3_S10_M2_LONG_LINK_B_L2_F1_H4_seed027,campaign_v3_S10_M2_LONG_LINK_B_L2_F1_H4_seed027_27_20260603_094456,S10,5000,200,6,M2_LONG_LINK,27,B,L2,F1,H4,V3,map_S10_M2_LONG_LINK_seed027,b85dac5b485520e3b3585b49f53af630fbb0897fb5f1bd691b7517d1d3d30d9b,100.832,347.452,199.455,399.379,25,579,2.8686,0.2956,60.0,28.947,88.947,148.947,150.0,90.0,6.362,3.0,1.0,0.029,1.0,0.091,6603.778671,0.679004,0.0,2370,1406933,1406933,1.0,1797,1797,1.0,119529,0,1,S10|M2_LONG_LINK|27|B|L2|F1,true,false,false,/home/cyfer/FYP/WSN_simulation_V3/runs/S10_5000/outputs_production_50seed_part26_30/run_campaign_v3_S10_M2_LONG_LINK_B_L2_F1_H4_seed027_27_20260603_094456
campaign_v3_S10_M2_LONG_LINK_B_L2_F1_H4_seed028,campaign_v3_S10_M2_LONG_LINK_B_L2_F1_H4_seed028_28_20260603_094714,S10,5000,200,6,M2_LONG_LINK,28,B,L2,F1,H4,V3,map_S10_M2_LONG_LINK_seed028,0a3314a261794ecedc512ba13820423c8340e698f7b031fa90b9cd892ce54580,98.755,339.223,195.162,405.877,25,799,3.0964,0.3006,60.0,28.902,88.902,148.902,150.0,90.0,6.471,3.0,1.0,0.015,1.0,0.142,6620.135504,0.675688,0.0,2368,1408692,1408692,1.0,1797,1797,1.0,119754,0,1,S10|M2_LONG_LINK|28|B|L2|F1,true,false,false,/home/cyfer/FYP/WSN_simulation_V3/runs/S10_5000/outputs_production_50seed_part26_30/run_campaign_v3_S10_M2_LONG_LINK_B_L2_F1_H4_seed028_28_20260603_094714
campaign_v3_S10_M2_LONG_LINK_B_L2_F1_H4_seed029,campaign_v3_S10_M2_LONG_LINK_B_L2_F1_H4_seed029_29_20260603_094919,S10,5000,200,6,M2_LONG_LINK,29,B,L2,F1,H4,V3,map_S10_M2_LONG_LINK_seed029,edd547672bdac93df6475cd98ac2eb27f8f37d343bcb78b2baed696fcd08db1d,98.257,346.016,198.004,387.561,25,703,2.8517,0.2928,60.0,28.991,88.991,148.991,150.0,90.0,6.372,3.0,1.0,0.017,1.0,0.107,6621.851689,0.675348,0.0,2358,1408400,1408400,1.0,1797,1797,1.0,119704,0,1,S10|M2_LONG_LINK|29|B|L2|F1,true,false,false,/home/cyfer/FYP/WSN_simulation_V3/runs/S10_5000/outputs_production_50seed_part26_30/run_campaign_v3_S10_M2_LONG_LINK_B_L2_F1_H4_seed029_29_20260603_094919
campaign_v3_S10_M2_LONG_LINK_B_L2_F1_H4_seed030,campaign_v3_S10_M2_LONG_LINK_B_L2_F1_H4_seed030_30_20260603_095133,S10,5000,200,6,M2_LONG_LINK,30,B,L2,F1,H4,V3,map_S10_M2_LONG_LINK_seed030,34738ab074fabc6e951084a39b0f417ab752c4587eec2566a128bd3d2c274dbf,103.41,357.239,197.379,408.227,25,690,3.0246,0.3072,60.0,28.447,88.447,148.447,150.0,90.0,6.313,3.0,1.0,0.028,1.0,0.077,6606.438931,0.678488,0.0,2368,1407631,1407631,1.0,1797,1797,1.0,119679,0,1,S10|M2_LONG_LINK|30|B|L2|F1,true,false,false,/home/cyfer/FYP/WSN_simulation_V3/runs/S10_5000/outputs_production_50seed_part26_30/run_campaign_v3_S10_M2_LONG_LINK_B_L2_F1_H4_seed030_30_20260603_095133
campaign_v3_S10_M2_LONG_LINK_B_L2_F2_H0_seed026,campaign_v3_S10_M2_LONG_LINK_B_L2_F2_H0_seed026_26_20260603_094215,S10,5000,200,6,M2_LONG_LINK,26,B,L2,F2,H0,V2,map_S10_M2_LONG_LINK_seed026,d15212a0c3b8ff5d653648088c0a80c4746f932ed7de94ed06a65810802293fd,98.006,356.83,197.8,395.65,25,1013,3.6634,0.2964,60.0,-1.0,-1.0,-1.0,-1.0,-1.0,0.0,0.0,0.0,0.0,0.0,0.0,6603.651029,0.67927,0.0,2354,1408615,1408615,1.0,1792,1792,1.0,120055,1,0,S10|M2_LONG_LINK|26|B|L2|F2,false,false,true,/home/cyfer/FYP/WSN_simulation_V3/runs/S10_5000/outputs_production_50seed_part26_30/run_campaign_v3_S10_M2_LONG_LINK_B_L2_F2_H0_seed026_26_20260603_094215
campaign_v3_S10_M2_LONG_LINK_B_L2_F2_H0_seed027,campaign_v3_S10_M2_LONG_LINK_B_L2_F2_H0_seed027_27_20260603_094442,S10,5000,200,6,M2_LONG_LINK,27,B,L2,F2,H0,V2,map_S10_M2_LONG_LINK_seed027,b85dac5b485520e3b3585b49f53af630fbb0897fb5f1bd691b7517d1d3d30d9b,100.832,347.452,199.455,399.379,25,579,2.8686,0.2956,60.0,-1.0,-1.0,-1.0,-1.0,-1.0,0.0,0.0,0.0,0.0,0.0,0.0,6600.748775,0.67985,0.0,2368,1406735,1406735,1.0,1792,1792,1.0,120095,1,0,S10|M2_LONG_LINK|27|B|L2|F2,false,false,true,/home/cyfer/FYP/WSN_simulation_V3/runs/S10_5000/outputs_production_50seed_part26_30/run_campaign_v3_S10_M2_LONG_LINK_B_L2_F2_H0_seed027_27_20260603_094442
campaign_v3_S10_M2_LONG_LINK_B_L2_F2_H0_seed028,campaign_v3_S10_M2_LONG_LINK_B_L2_F2_H0_seed028_28_20260603_094702,S10,5000,200,6,M2_LONG_LINK,28,B,L2,F2,H0,V2,map_S10_M2_LONG_LINK_seed028,0a3314a261794ecedc512ba13820423c8340e698f7b031fa90b9cd892ce54580,98.755,339.223,195.162,405.877,25,799,3.0964,0.3006,60.0,-1.0,-1.0,-1.0,-1.0,-1.0,0.0,0.0,0.0,0.0,0.0,0.0,6620.329962,0.675934,0.0,2367,1408850,1408850,1.0,1792,1792,1.0,120050,1,0,S10|M2_LONG_LINK|28|B|L2|F2,false,false,true,/home/cyfer/FYP/WSN_simulation_V3/runs/S10_5000/outputs_production_50seed_part26_30/run_campaign_v3_S10_M2_LONG_LINK_B_L2_F2_H0_seed028_28_20260603_094702
campaign_v3_S10_M2_LONG_LINK_B_L2_F2_H0_seed029,campaign_v3_S10_M2_LONG_LINK_B_L2_F2_H0_seed029_29_20260603_094906,S10,5000,200,6,M2_LONG_LINK,29,B,L2,F2,H0,V2,map_S10_M2_LONG_LINK_seed029,edd547672bdac93df6475cd98ac2eb27f8f37d343bcb78b2baed696fcd08db1d,98.257,346.016,198.004,387.561,25,703,2.8517,0.2928,60.0,-1.0,-1.0,-1.0,-1.0,-1.0,0.0,0.0,0.0,0.0,0.0,0.0,6621.400313,0.67572,0.0,2356,1408380,1408380,1.0,1792,1792,1.0,120060,1,0,S10|M2_LONG_LINK|29|B|L2|F2,false,false,true,/home/cyfer/FYP/WSN_simulation_V3/runs/S10_5000/outputs_production_50seed_part26_30/run_campaign_v3_S10_M2_LONG_LINK_B_L2_F2_H0_seed029_29_20260603_094906
campaign_v3_S10_M2_LONG_LINK_B_L2_F2_H0_seed030,campaign_v3_S10_M2_LONG_LINK_B_L2_F2_H0_seed030_30_20260603_095121,S10,5000,200,6,M2_LONG_LINK,30,B,L2,F2,H0,V2,map_S10_M2_LONG_LINK_seed030,34738ab074fabc6e951084a39b0f417ab752c4587eec2566a128bd3d2c274dbf,103.41,357.239,197.379,408.227,25,690,3.0246,0.3072,60.0,-1.0,-1.0,-1.0,-1.0,-1.0,0.0,0.0,0.0,0.0,0.0,0.0,6606.296085,0.678741,0.0,2366,1408145,1408145,1.0,1792,1792,1.0,120065,1,0,S10|M2_LONG_LINK|30|B|L2|F2,false,false,true,/home/cyfer/FYP/WSN_simulation_V3/runs/S10_5000/outputs_production_50seed_part26_30/run_campaign_v3_S10_M2_LONG_LINK_B_L2_F2_H0_seed030_30_20260603_095121
campaign_v3_S10_M2_LONG_LINK_B_L2_F2_H1_seed026,campaign_v3_S10_M2_LONG_LINK_B_L2_F2_H1_seed026_26_20260603_094233,S10,5000,200,6,M2_LONG_LINK,26,B,L2,F2,H1,V3,map_S10_M2_LONG_LINK_seed026,d15212a0c3b8ff5d653648088c0a80c4746f932ed7de94ed06a65810802293fd,98.006,356.83,197.8,395.65,25,1013,3.6634,0.2964,60.0,23.963,83.963,143.963,150.0,90.0,3.868,3.0,1.0,0.011,0.259,0.019,6609.420712,0.678116,0.0,2355,1410276,1410276,1.0,1797,1797,1.0,120000,0,1,S10|M2_LONG_LINK|26|B|L2|F2,true,false,false,/home/cyfer/FYP/WSN_simulation_V3/runs/S10_5000/outputs_production_50seed_part26_30/run_campaign_v3_S10_M2_LONG_LINK_B_L2_F2_H1_seed026_26_20260603_094233
campaign_v3_S10_M2_LONG_LINK_B_L2_F2_H1_seed027,campaign_v3_S10_M2_LONG_LINK_B_L2_F2_H1_seed027_27_20260603_094501,S10,5000,200,6,M2_LONG_LINK,27,B,L2,F2,H1,V3,map_S10_M2_LONG_LINK_seed027,b85dac5b485520e3b3585b49f53af630fbb0897fb5f1bd691b7517d1d3d30d9b,100.832,347.452,199.455,399.379,25,579,2.8686,0.2956,60.0,24.88,84.88,144.88,150.0,90.0,4.865,3.0,1.0,0.033,0.493,0.096,6612.748443,0.67745,0.0,2369,1409585,1409585,1.0,1797,1797,1.0,120000,0,1,S10|M2_LONG_LINK|27|B|L2|F2,true,false,false,/home/cyfer/FYP/WSN_simulation_V3/runs/S10_5000/outputs_production_50seed_part26_30/run_campaign_v3_S10_M2_LONG_LINK_B_L2_F2_H1_seed027_27_20260603_094501
campaign_v3_S10_M2_LONG_LINK_B_L2_F2_H1_seed028,campaign_v3_S10_M2_LONG_LINK_B_L2_F2_H1_seed028_28_20260603_094718,S10,5000,200,6,M2_LONG_LINK,28,B,L2,F2,H1,V3,map_S10_M2_LONG_LINK_seed028,0a3314a261794ecedc512ba13820423c8340e698f7b031fa90b9cd892ce54580,98.755,339.223,195.162,405.877,25,799,3.0964,0.3006,60.0,24.091,84.091,144.091,150.0,90.0,3.744,3.0,1.0,0.013,0.229,0.007,6625.09583,0.674981,0.0,2368,1410350,1410350,1.0,1797,1797,1.0,120000,0,1,S10|M2_LONG_LINK|28|B|L2|F2,true,false,false,/home/cyfer/FYP/WSN_simulation_V3/runs/S10_5000/outputs_production_50seed_part26_30/run_campaign_v3_S10_M2_LONG_LINK_B_L2_F2_H1_seed028_28_20260603_094718
campaign_v3_S10_M2_LONG_LINK_B_L2_F2_H1_seed029,campaign_v3_S10_M2_LONG_LINK_B_L2_F2_H1_seed029_29_20260603_094922,S10,5000,200,6,M2_LONG_LINK,29,B,L2,F2,H1,V3,map_S10_M2_LONG_LINK_seed029,edd547672bdac93df6475cd98ac2eb27f8f37d343bcb78b2baed696fcd08db1d,98.257,346.016,198.004,387.561,25,703,2.8517,0.2928,60.0,24.367,84.367,144.367,150.0,90.0,4.152,3.0,1.0,0.017,0.276,0.091,6627.162377,0.674568,0.0,2357,1410180,1410180,1.0,1797,1797,1.0,120000,0,1,S10|M2_LONG_LINK|29|B|L2|F2,true,false,false,/home/cyfer/FYP/WSN_simulation_V3/runs/S10_5000/outputs_production_50seed_part26_30/run_campaign_v3_S10_M2_LONG_LINK_B_L2_F2_H1_seed029_29_20260603_094922
campaign_v3_S10_M2_LONG_LINK_B_L2_F2_H1_seed030,campaign_v3_S10_M2_LONG_LINK_B_L2_F2_H1_seed030_30_20260603_095137,S10,5000,200,6,M2_LONG_LINK,30,B,L2,F2,H1,V3,map_S10_M2_LONG_LINK_seed030,34738ab074fabc6e951084a39b0f417ab752c4587eec2566a128bd3d2c274dbf,103.41,357.239,197.379,408.227,25,690,3.0246,0.3072,60.0,24.66,84.66,144.66,150.0,90.0,4.137,3.0,1.0,0.019,0.293,0.067,6612.308219,0.677538,0.0,2367,1410095,1410095,1.0,1797,1797,1.0,120000,0,1,S10|M2_LONG_LINK|30|B|L2|F2,true,false,false,/home/cyfer/FYP/WSN_simulation_V3/runs/S10_5000/outputs_production_50seed_part26_30/run_campaign_v3_S10_M2_LONG_LINK_B_L2_F2_H1_seed030_30_20260603_095137
campaign_v3_S10_M2_LONG_LINK_B_L2_F2_H3_seed026,campaign_v3_S10_M2_LONG_LINK_B_L2_F2_H3_seed026_26_20260603_094235,S10,5000,200,6,M2_LONG_LINK,26,B,L2,F2,H3,V3,map_S10_M2_LONG_LINK_seed026,d15212a0c3b8ff5d653648088c0a80c4746f932ed7de94ed06a65810802293fd,98.006,356.83,197.8,395.65,25,1013,3.6634,0.2964,60.0,30.394,90.394,150.394,160.0,100.0,3.868,3.0,1.0,0.011,0.259,0.019,6606.607013,0.678679,0.0,2354,1409479,1409479,1.0,1796,1796,1.0,119875,0,1,S10|M2_LONG_LINK|26|B|L2|F2,true,false,false,/home/cyfer/FYP/WSN_simulation_V3/runs/S10_5000/outputs_production_50seed_part26_30/run_campaign_v3_S10_M2_LONG_LINK_B_L2_F2_H3_seed026_26_20260603_094235
campaign_v3_S10_M2_LONG_LINK_B_L2_F2_H3_seed027,campaign_v3_S10_M2_LONG_LINK_B_L2_F2_H3_seed027_27_20260603_094503,S10,5000,200,6,M2_LONG_LINK,27,B,L2,F2,H3,V3,map_S10_M2_LONG_LINK_seed027,b85dac5b485520e3b3585b49f53af630fbb0897fb5f1bd691b7517d1d3d30d9b,100.832,347.452,199.455,399.379,25,579,2.8686,0.2956,60.0,31.254,91.254,151.254,160.0,100.0,4.865,3.0,1.0,0.033,0.493,0.096,6607.618119,0.678476,0.0,2369,1408165,1408165,1.0,1796,1796,1.0,119775,0,1,S10|M2_LONG_LINK|27|B|L2|F2,true,false,false,/home/cyfer/FYP/WSN_simulation_V3/runs/S10_5000/outputs_production_50seed_part26_30/run_campaign_v3_S10_M2_LONG_LINK_B_L2_F2_H3_seed027_27_20260603_094503
campaign_v3_S10_M2_LONG_LINK_B_L2_F2_H3_seed028,campaign_v3_S10_M2_LONG_LINK_B_L2_F2_H3_seed028_28_20260603_094719,S10,5000,200,6,M2_LONG_LINK,28,B,L2,F2,H3,V3,map_S10_M2_LONG_LINK_seed028,0a3314a261794ecedc512ba13820423c8340e698f7b031fa90b9cd892ce54580,98.755,339.223,195.162,405.877,25,799,3.0964,0.3006,60.0,30.462,90.462,150.462,160.0,100.0,3.744,3.0,1.0,0.013,0.229,0.007,6622.688742,0.675462,0.0,2367,1409570,1409570,1.0,1796,1796,1.0,119875,0,1,S10|M2_LONG_LINK|28|B|L2|F2,true,false,false,/home/cyfer/FYP/WSN_simulation_V3/runs/S10_5000/outputs_production_50seed_part26_30/run_campaign_v3_S10_M2_LONG_LINK_B_L2_F2_H3_seed028_28_20260603_094719
campaign_v3_S10_M2_LONG_LINK_B_L2_F2_H3_seed029,campaign_v3_S10_M2_LONG_LINK_B_L2_F2_H3_seed029_29_20260603_094924,S10,5000,200,6,M2_LONG_LINK,29,B,L2,F2,H3,V3,map_S10_M2_LONG_LINK_seed029,edd547672bdac93df6475cd98ac2eb27f8f37d343bcb78b2baed696fcd08db1d,98.257,346.016,198.004,387.561,25,703,2.8517,0.2928,60.0,30.255,90.255,150.255,160.0,100.0,4.152,3.0,1.0,0.017,0.276,0.091,6623.965731,0.675207,0.0,2356,1409244,1409244,1.0,1796,1796,1.0,119850,0,1,S10|M2_LONG_LINK|29|B|L2|F2,true,false,false,/home/cyfer/FYP/WSN_simulation_V3/runs/S10_5000/outputs_production_50seed_part26_30/run_campaign_v3_S10_M2_LONG_LINK_B_L2_F2_H3_seed029_29_20260603_094924
campaign_v3_S10_M2_LONG_LINK_B_L2_F2_H3_seed030,campaign_v3_S10_M2_LONG_LINK_B_L2_F2_H3_seed030_30_20260603_095138,S10,5000,200,6,M2_LONG_LINK,30,B,L2,F2,H3,V3,map_S10_M2_LONG_LINK_seed030,34738ab074fabc6e951084a39b0f417ab752c4587eec2566a128bd3d2c274dbf,103.41,357.239,197.379,408.227,25,690,3.0246,0.3072,60.0,31.111,91.111,151.111,160.0,100.0,4.137,3.0,1.0,0.019,0.293,0.067,6609.387289,0.678123,0.0,2366,1409146,1409146,1.0,1796,1796,1.0,119850,0,1,S10|M2_LONG_LINK|30|B|L2|F2,true,false,false,/home/cyfer/FYP/WSN_simulation_V3/runs/S10_5000/outputs_production_50seed_part26_30/run_campaign_v3_S10_M2_LONG_LINK_B_L2_F2_H3_seed030_30_20260603_095138
campaign_v3_S10_M2_LONG_LINK_B_L2_F2_H4_seed026,campaign_v3_S10_M2_LONG_LINK_B_L2_F2_H4_seed026_26_20260603_094237,S10,5000,200,6,M2_LONG_LINK,26,B,L2,F2,H4,V3,map_S10_M2_LONG_LINK_seed026,d15212a0c3b8ff5d653648088c0a80c4746f932ed7de94ed06a65810802293fd,98.006,356.83,197.8,395.65,25,1013,3.6634,0.2964,60.0,34.86,94.86,154.86,160.0,100.0,3.868,3.0,1.0,0.011,0.259,0.019,6608.998979,0.6782,0.0,2355,1410155,1410155,1.0,1796,1796,1.0,120000,0,1,S10|M2_LONG_LINK|26|B|L2|F2,true,false,false,/home/cyfer/FYP/WSN_simulation_V3/runs/S10_5000/outputs_production_50seed_part26_30/run_campaign_v3_S10_M2_LONG_LINK_B_L2_F2_H4_seed026_26_20260603_094237
campaign_v3_S10_M2_LONG_LINK_B_L2_F2_H4_seed027,campaign_v3_S10_M2_LONG_LINK_B_L2_F2_H4_seed027_27_20260603_094504,S10,5000,200,6,M2_LONG_LINK,27,B,L2,F2,H4,V3,map_S10_M2_LONG_LINK_seed027,b85dac5b485520e3b3585b49f53af630fbb0897fb5f1bd691b7517d1d3d30d9b,100.832,347.452,199.455,399.379,25,579,2.8686,0.2956,60.0,35.759,95.759,155.759,160.0,100.0,4.865,3.0,1.0,0.033,0.493,0.096,6612.005631,0.677599,0.0,2369,1409376,1409376,1.0,1796,1796,1.0,120000,0,1,S10|M2_LONG_LINK|27|B|L2|F2,true,false,false,/home/cyfer/FYP/WSN_simulation_V3/runs/S10_5000/outputs_production_50seed_part26_30/run_campaign_v3_S10_M2_LONG_LINK_B_L2_F2_H4_seed027_27_20260603_094504
campaign_v3_S10_M2_LONG_LINK_B_L2_F2_H4_seed028,campaign_v3_S10_M2_LONG_LINK_B_L2_F2_H4_seed028_28_20260603_094721,S10,5000,200,6,M2_LONG_LINK,28,B,L2,F2,H4,V3,map_S10_M2_LONG_LINK_seed028,0a3314a261794ecedc512ba13820423c8340e698f7b031fa90b9cd892ce54580,98.755,339.223,195.162,405.877,25,799,3.0964,0.3006,60.0,34.277,94.277,154.277,160.0,100.0,3.744,3.0,1.0,0.013,0.229,0.007,6624.776591,0.675045,0.0,2367,1410250,1410250,1.0,1796,1796,1.0,120000,0,1,S10|M2_LONG_LINK|28|B|L2|F2,true,false,false,/home/cyfer/FYP/WSN_simulation_V3/runs/S10_5000/outputs_production_50seed_part26_30/run_campaign_v3_S10_M2_LONG_LINK_B_L2_F2_H4_seed028_28_20260603_094721
campaign_v3_S10_M2_LONG_LINK_B_L2_F2_H4_seed029,campaign_v3_S10_M2_LONG_LINK_B_L2_F2_H4_seed029_29_20260603_094925,S10,5000,200,6,M2_LONG_LINK,29,B,L2,F2,H4,V3,map_S10_M2_LONG_LINK_seed029,edd547672bdac93df6475cd98ac2eb27f8f37d343bcb78b2baed696fcd08db1d,98.257,346.016,198.004,387.561,25,703,2.8517,0.2928,60.0,34.3,94.3,154.3,160.0,100.0,4.152,3.0,1.0,0.017,0.276,0.091,6626.773846,0.674645,0.0,2357,1410060,1410060,1.0,1796,1796,1.0,120000,0,1,S10|M2_LONG_LINK|29|B|L2|F2,true,false,false,/home/cyfer/FYP/WSN_simulation_V3/runs/S10_5000/outputs_production_50seed_part26_30/run_campaign_v3_S10_M2_LONG_LINK_B_L2_F2_H4_seed029_29_20260603_094925
campaign_v3_S10_M2_LONG_LINK_B_L2_F2_H4_seed030,campaign_v3_S10_M2_LONG_LINK_B_L2_F2_H4_seed030_30_20260603_095139,S10,5000,200,6,M2_LONG_LINK,30,B,L2,F2,H4,V3,map_S10_M2_LONG_LINK_seed030,34738ab074fabc6e951084a39b0f417ab752c4587eec2566a128bd3d2c274dbf,103.41,357.239,197.379,408.227,25,690,3.0246,0.3072,60.0,34.983,94.983,154.983,160.0,100.0,4.137,3.0,1.0,0.019,0.293,0.067,6611.904167,0.677619,0.0,2367,1409965,1409965,1.0,1796,1796,1.0,120000,0,1,S10|M2_LONG_LINK|30|B|L2|F2,true,false,false,/home/cyfer/FYP/WSN_simulation_V3/runs/S10_5000/outputs_production_50seed_part26_30/run_campaign_v3_S10_M2_LONG_LINK_B_L2_F2_H4_seed030_30_20260603_095139
campaign_v3_S10_M2_LONG_LINK_B_L2_F3_H0_seed026,campaign_v3_S10_M2_LONG_LINK_B_L2_F3_H0_seed026_26_20260603_094217,S10,5000,200,6,M2_LONG_LINK,26,B,L2,F3,H0,V2,map_S10_M2_LONG_LINK_seed026,d15212a0c3b8ff5d653648088c0a80c4746f932ed7de94ed06a65810802293fd,98.006,356.83,197.8,395.65,25,1013,3.6634,0.2964,60.0,-1.0,-1.0,-1.0,-1.0,-1.0,0.0,0.0,0.0,0.0,0.0,0.0,6602.209367,0.679558,0.0,2354,1407675,1407675,1.0,1792,1792,1.0,120075,1,0,S10|M2_LONG_LINK|26|B|L2|F3,false,false,true,/home/cyfer/FYP/WSN_simulation_V3/runs/S10_5000/outputs_production_50seed_part26_30/run_campaign_v3_S10_M2_LONG_LINK_B_L2_F3_H0_seed026_26_20260603_094217
campaign_v3_S10_M2_LONG_LINK_B_L2_F3_H0_seed027,campaign_v3_S10_M2_LONG_LINK_B_L2_F3_H0_seed027_27_20260603_094444,S10,5000,200,6,M2_LONG_LINK,27,B,L2,F3,H0,V2,map_S10_M2_LONG_LINK_seed027,b85dac5b485520e3b3585b49f53af630fbb0897fb5f1bd691b7517d1d3d30d9b,100.832,347.452,199.455,399.379,25,579,2.8686,0.2956,60.0,-1.0,-1.0,-1.0,-1.0,-1.0,0.0,0.0,0.0,0.0,0.0,0.0,6606.054398,0.678789,0.0,2368,1407675,1407675,1.0,1792,1792,1.0,120075,1,0,S10|M2_LONG_LINK|27|B|L2|F3,false,false,true,/home/cyfer/FYP/WSN_simulation_V3/runs/S10_5000/outputs_production_50seed_part26_30/run_campaign_v3_S10_M2_LONG_LINK_B_L2_F3_H0_seed027_27_20260603_094444
campaign_v3_S10_M2_LONG_LINK_B_L2_F3_H0_seed028,campaign_v3_S10_M2_LONG_LINK_B_L2_F3_H0_seed028_28_20260603_094703,S10,5000,200,6,M2_LONG_LINK,28,B,L2,F3,H0,V2,map_S10_M2_LONG_LINK_seed028,0a3314a261794ecedc512ba13820423c8340e698f7b031fa90b9cd892ce54580,98.755,339.223,195.162,405.877,25,799,3.0964,0.3006,60.0,-1.0,-1.0,-1.0,-1.0,-1.0,0.0,0.0,0.0,0.0,0.0,0.0,6613.539436,0.677292,0.0,2367,1406500,1406500,1.0,1792,1792,1.0,120100,1,0,S10|M2_LONG_LINK|28|B|L2|F3,false,false,true,/home/cyfer/FYP/WSN_simulation_V3/runs/S10_5000/outputs_production_50seed_part26_30/run_campaign_v3_S10_M2_LONG_LINK_B_L2_F3_H0_seed028_28_20260603_094703
campaign_v3_S10_M2_LONG_LINK_B_L2_F3_H0_seed029,campaign_v3_S10_M2_LONG_LINK_B_L2_F3_H0_seed029_29_20260603_094907,S10,5000,200,6,M2_LONG_LINK,29,B,L2,F3,H0,V2,map_S10_M2_LONG_LINK_seed029,edd547672bdac93df6475cd98ac2eb27f8f37d343bcb78b2baed696fcd08db1d,98.257,346.016,198.004,387.561,25,703,2.8517,0.2928,60.0,-1.0,-1.0,-1.0,-1.0,-1.0,0.0,0.0,0.0,0.0,0.0,0.0,6618.941265,0.676212,0.0,2356,1407205,1407205,1.0,1792,1792,1.0,120085,1,0,S10|M2_LONG_LINK|29|B|L2|F3,false,false,true,/home/cyfer/FYP/WSN_simulation_V3/runs/S10_5000/outputs_production_50seed_part26_30/run_campaign_v3_S10_M2_LONG_LINK_B_L2_F3_H0_seed029_29_20260603_094907
campaign_v3_S10_M2_LONG_LINK_B_L2_F3_H0_seed030,campaign_v3_S10_M2_LONG_LINK_B_L2_F3_H0_seed030_30_20260603_095123,S10,5000,200,6,M2_LONG_LINK,30,B,L2,F3,H0,V2,map_S10_M2_LONG_LINK_seed030,34738ab074fabc6e951084a39b0f417ab752c4587eec2566a128bd3d2c274dbf,103.41,357.239,197.379,408.227,25,690,3.0246,0.3072,60.0,-1.0,-1.0,-1.0,-1.0,-1.0,0.0,0.0,0.0,0.0,0.0,0.0,6602.813413,0.679437,0.0,2366,1406970,1406970,1.0,1792,1792,1.0,120090,1,0,S10|M2_LONG_LINK|30|B|L2|F3,false,false,true,/home/cyfer/FYP/WSN_simulation_V3/runs/S10_5000/outputs_production_50seed_part26_30/run_campaign_v3_S10_M2_LONG_LINK_B_L2_F3_H0_seed030_30_20260603_095123
campaign_v3_S10_M2_LONG_LINK_B_L2_F3_H1_seed026,campaign_v3_S10_M2_LONG_LINK_B_L2_F3_H1_seed026_26_20260603_094238,S10,5000,200,6,M2_LONG_LINK,26,B,L2,F3,H1,V3,map_S10_M2_LONG_LINK_seed026,d15212a0c3b8ff5d653648088c0a80c4746f932ed7de94ed06a65810802293fd,98.006,356.83,197.8,395.65,25,1013,3.6634,0.2964,60.0,28.527,88.527,148.527,150.0,90.0,4.508,3.0,1.0,0.015,0.342,0.146,6602.395659,0.679521,0.0,2354,1407695,1407695,1.0,1797,1797,1.0,119629,0,1,S10|M2_LONG_LINK|26|B|L2|F3,true,false,false,/home/cyfer/FYP/WSN_simulation_V3/runs/S10_5000/outputs_production_50seed_part26_30/run_campaign_v3_S10_M2_LONG_LINK_B_L2_F3_H1_seed026_26_20260603_094238
campaign_v3_S10_M2_LONG_LINK_B_L2_F3_H1_seed027,campaign_v3_S10_M2_LONG_LINK_B_L2_F3_H1_seed027_27_20260603_094506,S10,5000,200,6,M2_LONG_LINK,27,B,L2,F3,H1,V3,map_S10_M2_LONG_LINK_seed027,b85dac5b485520e3b3585b49f53af630fbb0897fb5f1bd691b7517d1d3d30d9b,100.832,347.452,199.455,399.379,25,579,2.8686,0.2956,60.0,29.313,89.313,149.313,150.0,90.0,4.504,3.0,1.0,0.026,0.347,0.129,6606.244831,0.678751,0.0,2368,1407695,1407695,1.0,1797,1797,1.0,119629,0,1,S10|M2_LONG_LINK|27|B|L2|F3,true,false,false,/home/cyfer/FYP/WSN_simulation_V3/runs/S10_5000/outputs_production_50seed_part26_30/run_campaign_v3_S10_M2_LONG_LINK_B_L2_F3_H1_seed027_27_20260603_094506
campaign_v3_S10_M2_LONG_LINK_B_L2_F3_H1_seed028,campaign_v3_S10_M2_LONG_LINK_B_L2_F3_H1_seed028_28_20260603_094722,S10,5000,200,6,M2_LONG_LINK,28,B,L2,F3,H1,V3,map_S10_M2_LONG_LINK_seed028,0a3314a261794ecedc512ba13820423c8340e698f7b031fa90b9cd892ce54580,98.755,339.223,195.162,405.877,25,799,3.0964,0.3006,60.0,29.596,89.596,149.596,150.0,90.0,4.95,3.0,1.0,0.025,0.49,0.135,6613.766188,0.677247,0.0,2367,1406520,1406520,1.0,1797,1797,1.0,119504,0,1,S10|M2_LONG_LINK|28|B|L2|F3,true,false,false,/home/cyfer/FYP/WSN_simulation_V3/runs/S10_5000/outputs_production_50seed_part26_30/run_campaign_v3_S10_M2_LONG_LINK_B_L2_F3_H1_seed028_28_20260603_094722
campaign_v3_S10_M2_LONG_LINK_B_L2_F3_H1_seed029,campaign_v3_S10_M2_LONG_LINK_B_L2_F3_H1_seed029_29_20260603_094927,S10,5000,200,6,M2_LONG_LINK,29,B,L2,F3,H1,V3,map_S10_M2_LONG_LINK_seed029,edd547672bdac93df6475cd98ac2eb27f8f37d343bcb78b2baed696fcd08db1d,98.257,346.016,198.004,387.561,25,703,2.8517,0.2928,60.0,28.736,88.736,148.736,150.0,90.0,4.625,3.0,1.0,0.024,0.388,0.129,6619.139379,0.676172,0.0,2356,1407225,1407225,1.0,1797,1797,1.0,119579,0,1,S10|M2_LONG_LINK|29|B|L2|F3,true,false,false,/home/cyfer/FYP/WSN_simulation_V3/runs/S10_5000/outputs_production_50seed_part26_30/run_campaign_v3_S10_M2_LONG_LINK_B_L2_F3_H1_seed029_29_20260603_094927
campaign_v3_S10_M2_LONG_LINK_B_L2_F3_H1_seed030,campaign_v3_S10_M2_LONG_LINK_B_L2_F3_H1_seed030_30_20260603_095141,S10,5000,200,6,M2_LONG_LINK,30,B,L2,F3,H1,V3,map_S10_M2_LONG_LINK_seed030,34738ab074fabc6e951084a39b0f417ab752c4587eec2566a128bd3d2c274dbf,103.41,357.239,197.379,408.227,25,690,3.0246,0.3072,60.0,29.018,89.018,149.018,150.0,90.0,4.787,3.0,1.0,0.026,0.426,0.143,6603.021799,0.679396,0.0,2366,1406990,1406990,1.0,1797,1797,1.0,119554,0,1,S10|M2_LONG_LINK|30|B|L2|F3,true,false,false,/home/cyfer/FYP/WSN_simulation_V3/runs/S10_5000/outputs_production_50seed_part26_30/run_campaign_v3_S10_M2_LONG_LINK_B_L2_F3_H1_seed030_30_20260603_095141
campaign_v3_S10_M2_LONG_LINK_B_L2_F3_H3_seed026,campaign_v3_S10_M2_LONG_LINK_B_L2_F3_H3_seed026_26_20260603_094240,S10,5000,200,6,M2_LONG_LINK,26,B,L2,F3,H3,V3,map_S10_M2_LONG_LINK_seed026,d15212a0c3b8ff5d653648088c0a80c4746f932ed7de94ed06a65810802293fd,98.006,356.83,197.8,395.65,25,1013,3.6634,0.2964,60.0,34.555,94.555,154.555,160.0,100.0,4.508,3.0,1.0,0.015,0.342,0.146,6602.375133,0.679525,0.0,2354,1407691,1407691,1.0,1796,1796,1.0,119629,0,1,S10|M2_LONG_LINK|26|B|L2|F3,true,false,false,/home/cyfer/FYP/WSN_simulation_V3/runs/S10_5000/outputs_production_50seed_part26_30/run_campaign_v3_S10_M2_LONG_LINK_B_L2_F3_H3_seed026_26_20260603_094240
campaign_v3_S10_M2_LONG_LINK_B_L2_F3_H3_seed027,campaign_v3_S10_M2_LONG_LINK_B_L2_F3_H3_seed027_27_20260603_094508,S10,5000,200,6,M2_LONG_LINK,27,B,L2,F3,H3,V3,map_S10_M2_LONG_LINK_seed027,b85dac5b485520e3b3585b49f53af630fbb0897fb5f1bd691b7517d1d3d30d9b,100.832,347.452,199.455,399.379,25,579,2.8686,0.2956,60.0,35.276,95.276,155.276,160.0,100.0,4.504,3.0,1.0,0.026,0.347,0.129,6606.225243,0.678755,0.0,2368,1407691,1407691,1.0,1796,1796,1.0,119629,0,1,S10|M2_LONG_LINK|27|B|L2|F3,true,false,false,/home/cyfer/FYP/WSN_simulation_V3/runs/S10_5000/outputs_production_50seed_part26_30/run_campaign_v3_S10_M2_LONG_LINK_B_L2_F3_H3_seed027_27_20260603_094508
campaign_v3_S10_M2_LONG_LINK_B_L2_F3_H3_seed028,campaign_v3_S10_M2_LONG_LINK_B_L2_F3_H3_seed028_28_20260603_094724,S10,5000,200,6,M2_LONG_LINK,28,B,L2,F3,H3,V3,map_S10_M2_LONG_LINK_seed028,0a3314a261794ecedc512ba13820423c8340e698f7b031fa90b9cd892ce54580,98.755,339.223,195.162,405.877,25,799,3.0964,0.3006,60.0,35.107,95.107,155.107,160.0,100.0,4.95,3.0,1.0,0.025,0.49,0.135,6613.739028,0.677252,0.0,2367,1406516,1406516,1.0,1796,1796,1.0,119504,0,1,S10|M2_LONG_LINK|28|B|L2|F3,true,false,false,/home/cyfer/FYP/WSN_simulation_V3/runs/S10_5000/outputs_production_50seed_part26_30/run_campaign_v3_S10_M2_LONG_LINK_B_L2_F3_H3_seed028_28_20260603_094724
campaign_v3_S10_M2_LONG_LINK_B_L2_F3_H3_seed029,campaign_v3_S10_M2_LONG_LINK_B_L2_F3_H3_seed029_29_20260603_094928,S10,5000,200,6,M2_LONG_LINK,29,B,L2,F3,H3,V3,map_S10_M2_LONG_LINK_seed029,edd547672bdac93df6475cd98ac2eb27f8f37d343bcb78b2baed696fcd08db1d,98.257,346.016,198.004,387.561,25,703,2.8517,0.2928,60.0,35.601,95.601,155.601,160.0,100.0,4.625,3.0,1.0,0.024,0.388,0.129,6619.117017,0.676177,0.0,2356,1407221,1407221,1.0,1796,1796,1.0,119579,0,1,S10|M2_LONG_LINK|29|B|L2|F3,true,false,false,/home/cyfer/FYP/WSN_simulation_V3/runs/S10_5000/outputs_production_50seed_part26_30/run_campaign_v3_S10_M2_LONG_LINK_B_L2_F3_H3_seed029_29_20260603_094928
campaign_v3_S10_M2_LONG_LINK_B_L2_F3_H3_seed030,campaign_v3_S10_M2_LONG_LINK_B_L2_F3_H3_seed030_30_20260603_095142,S10,5000,200,6,M2_LONG_LINK,30,B,L2,F3,H3,V3,map_S10_M2_LONG_LINK_seed030,34738ab074fabc6e951084a39b0f417ab752c4587eec2566a128bd3d2c274dbf,103.41,357.239,197.379,408.227,25,690,3.0246,0.3072,60.0,35.131,95.131,155.131,160.0,100.0,4.787,3.0,1.0,0.026,0.426,0.143,6603.007385,0.679399,0.0,2366,1406986,1406986,1.0,1796,1796,1.0,119554,0,1,S10|M2_LONG_LINK|30|B|L2|F3,true,false,false,/home/cyfer/FYP/WSN_simulation_V3/runs/S10_5000/outputs_production_50seed_part26_30/run_campaign_v3_S10_M2_LONG_LINK_B_L2_F3_H3_seed030_30_20260603_095142
campaign_v3_S10_M2_LONG_LINK_B_L2_F3_H4_seed026,campaign_v3_S10_M2_LONG_LINK_B_L2_F3_H4_seed026_26_20260603_094242,S10,5000,200,6,M2_LONG_LINK,26,B,L2,F3,H4,V3,map_S10_M2_LONG_LINK_seed026,d15212a0c3b8ff5d653648088c0a80c4746f932ed7de94ed06a65810802293fd,98.006,356.83,197.8,395.65,25,1013,3.6634,0.2964,60.0,38.877,98.877,158.877,160.0,100.0,4.508,3.0,1.0,0.015,0.342,0.146,6602.37624,0.679525,0.0,2354,1407691,1407691,1.0,1796,1796,1.0,119629,0,1,S10|M2_LONG_LINK|26|B|L2|F3,true,false,false,/home/cyfer/FYP/WSN_simulation_V3/runs/S10_5000/outputs_production_50seed_part26_30/run_campaign_v3_S10_M2_LONG_LINK_B_L2_F3_H4_seed026_26_20260603_094242
campaign_v3_S10_M2_LONG_LINK_B_L2_F3_H4_seed027,campaign_v3_S10_M2_LONG_LINK_B_L2_F3_H4_seed027_27_20260603_094510,S10,5000,200,6,M2_LONG_LINK,27,B,L2,F3,H4,V3,map_S10_M2_LONG_LINK_seed027,b85dac5b485520e3b3585b49f53af630fbb0897fb5f1bd691b7517d1d3d30d9b,100.832,347.452,199.455,399.379,25,579,2.8686,0.2956,60.0,39.494,99.494,159.494,160.0,100.0,4.504,3.0,1.0,0.026,0.347,0.129,6606.224584,0.678755,0.0,2368,1407691,1407691,1.0,1796,1796,1.0,119629,0,1,S10|M2_LONG_LINK|27|B|L2|F3,true,false,false,/home/cyfer/FYP/WSN_simulation_V3/runs/S10_5000/outputs_production_50seed_part26_30/run_campaign_v3_S10_M2_LONG_LINK_B_L2_F3_H4_seed027_27_20260603_094510
campaign_v3_S10_M2_LONG_LINK_B_L2_F3_H4_seed028,campaign_v3_S10_M2_LONG_LINK_B_L2_F3_H4_seed028_28_20260603_094725,S10,5000,200,6,M2_LONG_LINK,28,B,L2,F3,H4,V3,map_S10_M2_LONG_LINK_seed028,0a3314a261794ecedc512ba13820423c8340e698f7b031fa90b9cd892ce54580,98.755,339.223,195.162,405.877,25,799,3.0964,0.3006,60.0,39.597,99.597,159.597,160.0,100.0,4.95,3.0,1.0,0.025,0.49,0.135,6613.744677,0.677251,0.0,2367,1406516,1406516,1.0,1796,1796,1.0,119504,0,1,S10|M2_LONG_LINK|28|B|L2|F3,true,false,false,/home/cyfer/FYP/WSN_simulation_V3/runs/S10_5000/outputs_production_50seed_part26_30/run_campaign_v3_S10_M2_LONG_LINK_B_L2_F3_H4_seed028_28_20260603_094725
campaign_v3_S10_M2_LONG_LINK_B_L2_F3_H4_seed029,campaign_v3_S10_M2_LONG_LINK_B_L2_F3_H4_seed029_29_20260603_094929,S10,5000,200,6,M2_LONG_LINK,29,B,L2,F3,H4,V3,map_S10_M2_LONG_LINK_seed029,edd547672bdac93df6475cd98ac2eb27f8f37d343bcb78b2baed696fcd08db1d,98.257,346.016,198.004,387.561,25,703,2.8517,0.2928,60.0,38.903,98.903,158.903,160.0,100.0,4.625,3.0,1.0,0.024,0.388,0.129,6619.119996,0.676176,0.0,2356,1407221,1407221,1.0,1796,1796,1.0,119579,0,1,S10|M2_LONG_LINK|29|B|L2|F3,true,false,false,/home/cyfer/FYP/WSN_simulation_V3/runs/S10_5000/outputs_production_50seed_part26_30/run_campaign_v3_S10_M2_LONG_LINK_B_L2_F3_H4_seed029_29_20260603_094929
campaign_v3_S10_M2_LONG_LINK_B_L2_F3_H4_seed030,campaign_v3_S10_M2_LONG_LINK_B_L2_F3_H4_seed030_30_20260603_095144,S10,5000,200,6,M2_LONG_LINK,30,B,L2,F3,H4,V3,map_S10_M2_LONG_LINK_seed030,34738ab074fabc6e951084a39b0f417ab752c4587eec2566a128bd3d2c274dbf,103.41,357.239,197.379,408.227,25,690,3.0246,0.3072,60.0,39.741,99.741,159.741,160.0,100.0,4.787,3.0,1.0,0.026,0.426,0.143,6603.001561,0.6794,0.0,2366,1406986,1406986,1.0,1796,1796,1.0,119554,0,1,S10|M2_LONG_LINK|30|B|L2|F3,true,false,false,/home/cyfer/FYP/WSN_simulation_V3/runs/S10_5000/outputs_production_50seed_part26_30/run_campaign_v3_S10_M2_LONG_LINK_B_L2_F3_H4_seed030_30_20260603_095144
campaign_v3_S10_M2_LONG_LINK_B_L2_F4_H0_seed026,campaign_v3_S10_M2_LONG_LINK_B_L2_F4_H0_seed026_26_20260603_094218,S10,5000,200,6,M2_LONG_LINK,26,B,L2,F4,H0,V2,map_S10_M2_LONG_LINK_seed026,d15212a0c3b8ff5d653648088c0a80c4746f932ed7de94ed06a65810802293fd,98.006,356.83,197.8,395.65,25,1013,3.6634,0.2964,60.0,-1.0,-1.0,-1.0,-1.0,-1.0,0.0,0.0,0.0,0.0,0.0,0.0,6603.916762,0.679217,0.0,2354,1408615,1408615,1.0,1792,1792,1.0,120055,1,0,S10|M2_LONG_LINK|26|B|L2|F4,false,false,true,/home/cyfer/FYP/WSN_simulation_V3/runs/S10_5000/outputs_production_50seed_part26_30/run_campaign_v3_S10_M2_LONG_LINK_B_L2_F4_H0_seed026_26_20260603_094218
campaign_v3_S10_M2_LONG_LINK_B_L2_F4_H0_seed027,campaign_v3_S10_M2_LONG_LINK_B_L2_F4_H0_seed027_27_20260603_094446,S10,5000,200,6,M2_LONG_LINK,27,B,L2,F4,H0,V2,map_S10_M2_LONG_LINK_seed027,b85dac5b485520e3b3585b49f53af630fbb0897fb5f1bd691b7517d1d3d30d9b,100.832,347.452,199.455,399.379,25,579,2.8686,0.2956,60.0,-1.0,-1.0,-1.0,-1.0,-1.0,0.0,0.0,0.0,0.0,0.0,0.0,6604.719188,0.679056,0.0,2368,1407205,1407205,1.0,1792,1792,1.0,120085,1,0,S10|M2_LONG_LINK|27|B|L2|F4,false,false,true,/home/cyfer/FYP/WSN_simulation_V3/runs/S10_5000/outputs_production_50seed_part26_30/run_campaign_v3_S10_M2_LONG_LINK_B_L2_F4_H0_seed027_27_20260603_094446
campaign_v3_S10_M2_LONG_LINK_B_L2_F4_H0_seed028,campaign_v3_S10_M2_LONG_LINK_B_L2_F4_H0_seed028_28_20260603_094705,S10,5000,200,6,M2_LONG_LINK,28,B,L2,F4,H0,V2,map_S10_M2_LONG_LINK_seed028,0a3314a261794ecedc512ba13820423c8340e698f7b031fa90b9cd892ce54580,98.755,339.223,195.162,405.877,25,799,3.0964,0.3006,60.0,-1.0,-1.0,-1.0,-1.0,-1.0,0.0,0.0,0.0,0.0,0.0,0.0,6618.747003,0.676251,0.0,2367,1408380,1408380,1.0,1792,1792,1.0,120060,1,0,S10|M2_LONG_LINK|28|B|L2|F4,false,false,true,/home/cyfer/FYP/WSN_simulation_V3/runs/S10_5000/outputs_production_50seed_part26_30/run_campaign_v3_S10_M2_LONG_LINK_B_L2_F4_H0_seed028_28_20260603_094705
campaign_v3_S10_M2_LONG_LINK_B_L2_F4_H0_seed029,campaign_v3_S10_M2_LONG_LINK_B_L2_F4_H0_seed029_29_20260603_094909,S10,5000,200,6,M2_LONG_LINK,29,B,L2,F4,H0,V2,map_S10_M2_LONG_LINK_seed029,edd547672bdac93df6475cd98ac2eb27f8f37d343bcb78b2baed696fcd08db1d,98.257,346.016,198.004,387.561,25,703,2.8517,0.2928,60.0,-1.0,-1.0,-1.0,-1.0,-1.0,0.0,0.0,0.0,0.0,0.0,0.0,6620.127678,0.675974,0.0,2356,1408380,1408380,1.0,1792,1792,1.0,120060,1,0,S10|M2_LONG_LINK|29|B|L2|F4,false,false,true,/home/cyfer/FYP/WSN_simulation_V3/runs/S10_5000/outputs_production_50seed_part26_30/run_campaign_v3_S10_M2_LONG_LINK_B_L2_F4_H0_seed029_29_20260603_094909
campaign_v3_S10_M2_LONG_LINK_B_L2_F4_H0_seed030,campaign_v3_S10_M2_LONG_LINK_B_L2_F4_H0_seed030_30_20260603_095124,S10,5000,200,6,M2_LONG_LINK,30,B,L2,F4,H0,V2,map_S10_M2_LONG_LINK_seed030,34738ab074fabc6e951084a39b0f417ab752c4587eec2566a128bd3d2c274dbf,103.41,357.239,197.379,408.227,25,690,3.0246,0.3072,60.0,-1.0,-1.0,-1.0,-1.0,-1.0,0.0,0.0,0.0,0.0,0.0,0.0,6602.616429,0.679477,0.0,2366,1406735,1406735,1.0,1792,1792,1.0,120095,1,0,S10|M2_LONG_LINK|30|B|L2|F4,false,false,true,/home/cyfer/FYP/WSN_simulation_V3/runs/S10_5000/outputs_production_50seed_part26_30/run_campaign_v3_S10_M2_LONG_LINK_B_L2_F4_H0_seed030_30_20260603_095124
campaign_v3_S10_M2_LONG_LINK_B_L2_F4_H1_seed026,campaign_v3_S10_M2_LONG_LINK_B_L2_F4_H1_seed026_26_20260603_094243,S10,5000,200,6,M2_LONG_LINK,26,B,L2,F4,H1,V3,map_S10_M2_LONG_LINK_seed026,d15212a0c3b8ff5d653648088c0a80c4746f932ed7de94ed06a65810802293fd,98.006,356.83,197.8,395.65,25,1013,3.6634,0.2964,60.0,34.73,94.73,154.73,160.0,100.0,4.186,3.0,1.0,0.011,0.255,0.129,6604.946977,0.679011,0.0,2354,1408906,1408906,1.0,1796,1796,1.0,119729,0,1,S10|M2_LONG_LINK|26|B|L2|F4,true,false,false,/home/cyfer/FYP/WSN_simulation_V3/runs/S10_5000/outputs_production_50seed_part26_30/run_campaign_v3_S10_M2_LONG_LINK_B_L2_F4_H1_seed026_26_20260603_094243
campaign_v3_S10_M2_LONG_LINK_B_L2_F4_H1_seed027,campaign_v3_S10_M2_LONG_LINK_B_L2_F4_H1_seed027_27_20260603_094511,S10,5000,200,6,M2_LONG_LINK,27,B,L2,F4,H1,V3,map_S10_M2_LONG_LINK_seed027,b85dac5b485520e3b3585b49f53af630fbb0897fb5f1bd691b7517d1d3d30d9b,100.832,347.452,199.455,399.379,25,579,2.8686,0.2956,60.0,35.538,95.538,155.538,160.0,100.0,4.558,3.0,1.0,0.029,0.399,0.091,6606.21093,0.678758,0.0,2368,1407629,1407629,1.0,1796,1796,1.0,119579,0,1,S10|M2_LONG_LINK|27|B|L2|F4,true,false,false,/home/cyfer/FYP/WSN_simulation_V3/runs/S10_5000/outputs_production_50seed_part26_30/run_campaign_v3_S10_M2_LONG_LINK_B_L2_F4_H1_seed027_27_20260603_094511
campaign_v3_S10_M2_LONG_LINK_B_L2_F4_H1_seed028,campaign_v3_S10_M2_LONG_LINK_B_L2_F4_H1_seed028_28_20260603_094726,S10,5000,200,6,M2_LONG_LINK,28,B,L2,F4,H1,V3,map_S10_M2_LONG_LINK_seed028,0a3314a261794ecedc512ba13820423c8340e698f7b031fa90b9cd892ce54580,98.755,339.223,195.162,405.877,25,799,3.0964,0.3006,60.0,34.373,94.373,154.373,160.0,100.0,4.331,3.0,1.0,0.015,0.287,0.142,6619.807603,0.676038,0.0,2367,1408696,1408696,1.0,1796,1796,1.0,119704,0,1,S10|M2_LONG_LINK|28|B|L2|F4,true,false,false,/home/cyfer/FYP/WSN_simulation_V3/runs/S10_5000/outputs_production_50seed_part26_30/run_campaign_v3_S10_M2_LONG_LINK_B_L2_F4_H1_seed028_28_20260603_094726
campaign_v3_S10_M2_LONG_LINK_B_L2_F4_H1_seed029,campaign_v3_S10_M2_LONG_LINK_B_L2_F4_H1_seed029_29_20260603_094931,S10,5000,200,6,M2_LONG_LINK,29,B,L2,F4,H1,V3,map_S10_M2_LONG_LINK_seed029,edd547672bdac93df6475cd98ac2eb27f8f37d343bcb78b2baed696fcd08db1d,98.257,346.016,198.004,387.561,25,703,2.8517,0.2928,60.0,34.62,94.62,154.62,160.0,100.0,4.263,3.0,1.0,0.017,0.297,0.107,6621.30056,0.67574,0.0,2356,1408696,1408696,1.0,1796,1796,1.0,119704,0,1,S10|M2_LONG_LINK|29|B|L2|F4,true,false,false,/home/cyfer/FYP/WSN_simulation_V3/runs/S10_5000/outputs_production_50seed_part26_30/run_campaign_v3_S10_M2_LONG_LINK_B_L2_F4_H1_seed029_29_20260603_094931
campaign_v3_S10_M2_LONG_LINK_B_L2_F4_H1_seed030,campaign_v3_S10_M2_LONG_LINK_B_L2_F4_H1_seed030_30_20260603_095145,S10,5000,200,6,M2_LONG_LINK,30,B,L2,F4,H1,V3,map_S10_M2_LONG_LINK_seed030,34738ab074fabc6e951084a39b0f417ab752c4587eec2566a128bd3d2c274dbf,103.41,357.239,197.379,408.227,25,690,3.0246,0.3072,60.0,34.921,94.921,154.921,160.0,100.0,4.635,3.0,1.0,0.028,0.441,0.077,6604.322327,0.679136,0.0,2366,1407226,1407226,1.0,1796,1796,1.0,119529,0,1,S10|M2_LONG_LINK|30|B|L2|F4,true,false,false,/home/cyfer/FYP/WSN_simulation_V3/runs/S10_5000/outputs_production_50seed_part26_30/run_campaign_v3_S10_M2_LONG_LINK_B_L2_F4_H1_seed030_30_20260603_095145
campaign_v3_S10_M2_LONG_LINK_B_L2_F4_H3_seed026,campaign_v3_S10_M2_LONG_LINK_B_L2_F4_H3_seed026_26_20260603_094245,S10,5000,200,6,M2_LONG_LINK,26,B,L2,F4,H3,V3,map_S10_M2_LONG_LINK_seed026,d15212a0c3b8ff5d653648088c0a80c4746f932ed7de94ed06a65810802293fd,98.006,356.83,197.8,395.65,25,1013,3.6634,0.2964,60.0,40.575,100.575,160.575,170.0,110.0,4.186,3.0,1.0,0.011,0.255,0.129,6604.42105,0.679116,0.0,2354,1408745,1408745,1.0,1796,1796,1.0,119729,0,1,S10|M2_LONG_LINK|26|B|L2|F4,true,false,false,/home/cyfer/FYP/WSN_simulation_V3/runs/S10_5000/outputs_production_50seed_part26_30/run_campaign_v3_S10_M2_LONG_LINK_B_L2_F4_H3_seed026_26_20260603_094245
campaign_v3_S10_M2_LONG_LINK_B_L2_F4_H3_seed027,campaign_v3_S10_M2_LONG_LINK_B_L2_F4_H3_seed027_27_20260603_094513,S10,5000,200,6,M2_LONG_LINK,27,B,L2,F4,H3,V3,map_S10_M2_LONG_LINK_seed027,b85dac5b485520e3b3585b49f53af630fbb0897fb5f1bd691b7517d1d3d30d9b,100.832,347.452,199.455,399.379,25,579,2.8686,0.2956,60.0,41.042,101.042,161.042,170.0,110.0,4.558,3.0,1.0,0.029,0.399,0.091,6605.465274,0.678907,0.0,2368,1407383,1407383,1.0,1796,1796,1.0,119579,0,1,S10|M2_LONG_LINK|27|B|L2|F4,true,false,false,/home/cyfer/FYP/WSN_simulation_V3/runs/S10_5000/outputs_production_50seed_part26_30/run_campaign_v3_S10_M2_LONG_LINK_B_L2_F4_H3_seed027_27_20260603_094513
campaign_v3_S10_M2_LONG_LINK_B_L2_F4_H3_seed028,campaign_v3_S10_M2_LONG_LINK_B_L2_F4_H3_seed028_28_20260603_094728,S10,5000,200,6,M2_LONG_LINK,28,B,L2,F4,H3,V3,map_S10_M2_LONG_LINK_seed028,0a3314a261794ecedc512ba13820423c8340e698f7b031fa90b9cd892ce54580,98.755,339.223,195.162,405.877,25,799,3.0964,0.3006,60.0,40.814,100.814,160.814,170.0,110.0,4.331,3.0,1.0,0.015,0.287,0.142,6619.264733,0.676147,0.0,2367,1408510,1408510,1.0,1796,1796,1.0,119704,0,1,S10|M2_LONG_LINK|28|B|L2|F4,true,false,false,/home/cyfer/FYP/WSN_simulation_V3/runs/S10_5000/outputs_production_50seed_part26_30/run_campaign_v3_S10_M2_LONG_LINK_B_L2_F4_H3_seed028_28_20260603_094728
campaign_v3_S10_M2_LONG_LINK_B_L2_F4_H3_seed029,campaign_v3_S10_M2_LONG_LINK_B_L2_F4_H3_seed029_29_20260603_094932,S10,5000,200,6,M2_LONG_LINK,29,B,L2,F4,H3,V3,map_S10_M2_LONG_LINK_seed029,edd547672bdac93df6475cd98ac2eb27f8f37d343bcb78b2baed696fcd08db1d,98.257,346.016,198.004,387.561,25,703,2.8517,0.2928,60.0,41.096,101.096,161.096,170.0,110.0,4.263,3.0,1.0,0.017,0.297,0.107,6620.609079,0.675878,0.0,2356,1408504,1408504,1.0,1796,1796,1.0,119704,0,1,S10|M2_LONG_LINK|29|B|L2|F4,true,false,false,/home/cyfer/FYP/WSN_simulation_V3/runs/S10_5000/outputs_production_50seed_part26_30/run_campaign_v3_S10_M2_LONG_LINK_B_L2_F4_H3_seed029_29_20260603_094932
campaign_v3_S10_M2_LONG_LINK_B_L2_F4_H3_seed030,campaign_v3_S10_M2_LONG_LINK_B_L2_F4_H3_seed030_30_20260603_095146,S10,5000,200,6,M2_LONG_LINK,30,B,L2,F4,H3,V3,map_S10_M2_LONG_LINK_seed030,34738ab074fabc6e951084a39b0f417ab752c4587eec2566a128bd3d2c274dbf,103.41,357.239,197.379,408.227,25,690,3.0246,0.3072,60.0,40.745,100.745,160.745,170.0,110.0,4.635,3.0,1.0,0.028,0.441,0.077,6603.42647,0.679315,0.0,2366,1406941,1406941,1.0,1796,1796,1.0,119529,0,1,S10|M2_LONG_LINK|30|B|L2|F4,true,false,false,/home/cyfer/FYP/WSN_simulation_V3/runs/S10_5000/outputs_production_50seed_part26_30/run_campaign_v3_S10_M2_LONG_LINK_B_L2_F4_H3_seed030_30_20260603_095146
campaign_v3_S10_M2_LONG_LINK_B_L2_F4_H4_seed026,campaign_v3_S10_M2_LONG_LINK_B_L2_F4_H4_seed026_26_20260603_094247,S10,5000,200,6,M2_LONG_LINK,26,B,L2,F4,H4,V3,map_S10_M2_LONG_LINK_seed026,d15212a0c3b8ff5d653648088c0a80c4746f932ed7de94ed06a65810802293fd,98.006,356.83,197.8,395.65,25,1013,3.6634,0.2964,60.0,44.786,104.786,164.786,170.0,110.0,4.186,3.0,1.0,0.011,0.255,0.129,6600.801708,0.67984,0.0,2354,1407382,1407382,1.0,1796,1796,1.0,119458,0,1,S10|M2_LONG_LINK|26|B|L2|F4,true,false,false,/home/cyfer/FYP/WSN_simulation_V3/runs/S10_5000/outputs_production_50seed_part26_30/run_campaign_v3_S10_M2_LONG_LINK_B_L2_F4_H4_seed026_26_20260603_094247
campaign_v3_S10_M2_LONG_LINK_B_L2_F4_H4_seed027,campaign_v3_S10_M2_LONG_LINK_B_L2_F4_H4_seed027_27_20260603_094515,S10,5000,200,6,M2_LONG_LINK,27,B,L2,F4,H4,V3,map_S10_M2_LONG_LINK_seed027,b85dac5b485520e3b3585b49f53af630fbb0897fb5f1bd691b7517d1d3d30d9b,100.832,347.452,199.455,399.379,25,579,2.8686,0.2956,60.0,44.692,104.692,164.692,170.0,110.0,4.558,3.0,1.0,0.029,0.399,0.091,6598.112368,0.680378,0.0,2368,1405022,1405022,1.0,1796,1796,1.0,119108,0,1,S10|M2_LONG_LINK|27|B|L2|F4,true,false,false,/home/cyfer/FYP/WSN_simulation_V3/runs/S10_5000/outputs_production_50seed_part26_30/run_campaign_v3_S10_M2_LONG_LINK_B_L2_F4_H4_seed027_27_20260603_094515
campaign_v3_S10_M2_LONG_LINK_B_L2_F4_H4_seed028,campaign_v3_S10_M2_LONG_LINK_B_L2_F4_H4_seed028_28_20260603_094729,S10,5000,200,6,M2_LONG_LINK,28,B,L2,F4,H4,V3,map_S10_M2_LONG_LINK_seed028,0a3314a261794ecedc512ba13820423c8340e698f7b031fa90b9cd892ce54580,98.755,339.223,195.162,405.877,25,799,3.0964,0.3006,60.0,44.337,104.337,164.337,170.0,110.0,4.331,3.0,1.0,0.015,0.287,0.142,6615.975774,0.676805,0.0,2366,1407292,1407292,1.0,1796,1796,1.0,119458,0,1,S10|M2_LONG_LINK|28|B|L2|F4,true,false,false,/home/cyfer/FYP/WSN_simulation_V3/runs/S10_5000/outputs_production_50seed_part26_30/run_campaign_v3_S10_M2_LONG_LINK_B_L2_F4_H4_seed028_28_20260603_094729
campaign_v3_S10_M2_LONG_LINK_B_L2_F4_H4_seed029,campaign_v3_S10_M2_LONG_LINK_B_L2_F4_H4_seed029_29_20260603_094934,S10,5000,200,6,M2_LONG_LINK,29,B,L2,F4,H4,V3,map_S10_M2_LONG_LINK_seed029,edd547672bdac93df6475cd98ac2eb27f8f37d343bcb78b2baed696fcd08db1d,98.257,346.016,198.004,387.561,25,703,2.8517,0.2928,60.0,45.195,105.195,165.195,170.0,110.0,4.263,3.0,1.0,0.017,0.297,0.107,6617.163309,0.676567,0.0,2356,1407032,1407032,1.0,1796,1796,1.0,119408,0,1,S10|M2_LONG_LINK|29|B|L2|F4,true,false,false,/home/cyfer/FYP/WSN_simulation_V3/runs/S10_5000/outputs_production_50seed_part26_30/run_campaign_v3_S10_M2_LONG_LINK_B_L2_F4_H4_seed029_29_20260603_094934
campaign_v3_S10_M2_LONG_LINK_B_L2_F4_H4_seed030,campaign_v3_S10_M2_LONG_LINK_B_L2_F4_H4_seed030_30_20260603_095148,S10,5000,200,6,M2_LONG_LINK,30,B,L2,F4,H4,V3,map_S10_M2_LONG_LINK_seed030,34738ab074fabc6e951084a39b0f417ab752c4587eec2566a128bd3d2c274dbf,103.41,357.239,197.379,408.227,25,690,3.0246,0.3072,60.0,44.899,104.899,164.899,170.0,110.0,4.635,3.0,1.0,0.028,0.441,0.077,6599.954394,0.680009,0.0,2366,1405362,1405362,1.0,1796,1796,1.0,119208,0,1,S10|M2_LONG_LINK|30|B|L2|F4,true,false,false,/home/cyfer/FYP/WSN_simulation_V3/runs/S10_5000/outputs_production_50seed_part26_30/run_campaign_v3_S10_M2_LONG_LINK_B_L2_F4_H4_seed030_30_20260603_095148
campaign_v3_S10_M3_IMBALANCED_A_L1_F0_H0_seed026,campaign_v3_S10_M3_IMBALANCED_A_L1_F0_H0_seed026_26_20260603_095149,S10,5000,200,6,M3_IMBALANCED,26,A,L1,F0,H0,V1,map_S10_M3_IMBALANCED_seed026,cb6ca239f7d186ff6b7b04f6ddd2406c4214fa02cbc82fef44058d2675e960be,266.972,487.818,192.206,379.449,25,1503,6.0943,0.0866,0.0,-1.0,-1.0,-1.0,-1.0,-1.0,0.0,0.0,0.0,0.0,0.0,0.0,8454.546853,0.309091,0.0,3954,1411200,1411200,1.0,1764,1764,1.0,120000,0,0,S10|M3_IMBALANCED|26|A|L1|F0,false,true,false,/home/cyfer/FYP/WSN_simulation_V3/runs/S10_5000/outputs_production_50seed_part26_30/run_campaign_v3_S10_M3_IMBALANCED_A_L1_F0_H0_seed026_26_20260603_095149
campaign_v3_S10_M3_IMBALANCED_A_L1_F0_H0_seed027,campaign_v3_S10_M3_IMBALANCED_A_L1_F0_H0_seed027_27_20260603_095522,S10,5000,200,6,M3_IMBALANCED,27,A,L1,F0,H0,V1,map_S10_M3_IMBALANCED_seed027,59752a276c5d47a0b647333aa8c94c1bd8a0e4e0608a65312be59ec315374ab1,273.226,471.499,195.662,399.379,25,1321,5.4793,0.0836,0.0,-1.0,-1.0,-1.0,-1.0,-1.0,0.0,0.0,0.0,0.0,0.0,0.0,8432.665016,0.313467,0.0,3946,1411200,1411200,1.0,1728,1728,1.0,120000,0,0,S10|M3_IMBALANCED|27|A|L1|F0,false,true,false,/home/cyfer/FYP/WSN_simulation_V3/runs/S10_5000/outputs_production_50seed_part26_30/run_campaign_v3_S10_M3_IMBALANCED_A_L1_F0_H0_seed027_27_20260603_095522
campaign_v3_S10_M3_IMBALANCED_A_L1_F0_H0_seed028,campaign_v3_S10_M3_IMBALANCED_A_L1_F0_H0_seed028_28_20260603_095904,S10,5000,200,6,M3_IMBALANCED,28,A,L1,F0,H0,V1,map_S10_M3_IMBALANCED_seed028,63c1eebffb177e215388081c3becad096b0be1a6a64b4feeada62f1c7d050d3d,274.269,507.193,192.769,390.797,25,1779,6.9902,0.0842,0.0,-1.0,-1.0,-1.0,-1.0,-1.0,0.0,0.0,0.0,0.0,0.0,0.0,8478.582137,0.304284,0.0,3972,1411200,1411200,1.0,1746,1746,1.0,120000,0,0,S10|M3_IMBALANCED|28|A|L1|F0,false,true,false,/home/cyfer/FYP/WSN_simulation_V3/runs/S10_5000/outputs_production_50seed_part26_30/run_campaign_v3_S10_M3_IMBALANCED_A_L1_F0_H0_seed028_28_20260603_095904
campaign_v3_S10_M3_IMBALANCED_A_L1_F0_H0_seed029,campaign_v3_S10_M3_IMBALANCED_A_L1_F0_H0_seed029_29_20260603_100246,S10,5000,200,6,M3_IMBALANCED,29,A,L1,F0,H0,V1,map_S10_M3_IMBALANCED_seed029,b7a0d156a25e2f09a8da611fce0867266104e8db4cf436458cc1fe98c0fee5c2,267.655,500.643,190.291,408.032,25,1679,6.461,0.0876,0.0,-1.0,-1.0,-1.0,-1.0,-1.0,0.0,0.0,0.0,0.0,0.0,0.0,8438.909105,0.312218,0.0,3942,1411200,1411200,1.0,1755,1755,1.0,120000,0,0,S10|M3_IMBALANCED|29|A|L1|F0,false,true,false,/home/cyfer/FYP/WSN_simulation_V3/runs/S10_5000/outputs_production_50seed_part26_30/run_campaign_v3_S10_M3_IMBALANCED_A_L1_F0_H0_seed029_29_20260603_100246
campaign_v3_S10_M3_IMBALANCED_A_L1_F0_H0_seed030,campaign_v3_S10_M3_IMBALANCED_A_L1_F0_H0_seed030_30_20260603_100617,S10,5000,200,6,M3_IMBALANCED,30,A,L1,F0,H0,V1,map_S10_M3_IMBALANCED_seed030,e4e75b0e016bbb6905fe27e68e217cc46fe3128df83ea0b0e820cc8fe47a09d1,271.616,483.28,195.159,378.219,25,1155,5.0293,0.0888,0.0,-1.0,-1.0,-1.0,-1.0,-1.0,0.0,0.0,0.0,0.0,0.0,0.0,8462.438813,0.307512,0.0,3951,1411200,1411200,1.0,1755,1755,1.0,120000,0,0,S10|M3_IMBALANCED|30|A|L1|F0,false,true,false,/home/cyfer/FYP/WSN_simulation_V3/runs/S10_5000/outputs_production_50seed_part26_30/run_campaign_v3_S10_M3_IMBALANCED_A_L1_F0_H0_seed030_30_20260603_100617
campaign_v3_S10_M3_IMBALANCED_A_L1_F1_H0_seed026,campaign_v3_S10_M3_IMBALANCED_A_L1_F1_H0_seed026_26_20260603_095152,S10,5000,200,6,M3_IMBALANCED,26,A,L1,F1,H0,V2,map_S10_M3_IMBALANCED_seed026,cb6ca239f7d186ff6b7b04f6ddd2406c4214fa02cbc82fef44058d2675e960be,266.972,487.818,192.206,379.449,25,1503,6.0943,0.0866,60.0,-1.0,-1.0,-1.0,-1.0,-1.0,0.0,0.0,0.0,0.0,0.0,0.0,8450.86093,0.309491,0.0,3954,1409555,1409555,1.0,1756,1756,1.0,120035,1,0,S10|M3_IMBALANCED|26|A|L1|F1,false,false,true,/home/cyfer/FYP/WSN_simulation_V3/runs/S10_5000/outputs_production_50seed_part26_30/run_campaign_v3_S10_M3_IMBALANCED_A_L1_F1_H0_seed026_26_20260603_095152
campaign_v3_S10_M3_IMBALANCED_A_L1_F1_H0_seed027,campaign_v3_S10_M3_IMBALANCED_A_L1_F1_H0_seed027_27_20260603_095524,S10,5000,200,6,M3_IMBALANCED,27,A,L1,F1,H0,V2,map_S10_M3_IMBALANCED_seed027,59752a276c5d47a0b647333aa8c94c1bd8a0e4e0608a65312be59ec315374ab1,273.226,471.499,195.662,399.379,25,1321,5.4793,0.0836,60.0,-1.0,-1.0,-1.0,-1.0,-1.0,0.0,0.0,0.0,0.0,0.0,0.0,8428.692786,0.313927,0.0,3946,1409555,1409555,1.0,1720,1720,1.0,120035,1,0,S10|M3_IMBALANCED|27|A|L1|F1,false,false,true,/home/cyfer/FYP/WSN_simulation_V3/runs/S10_5000/outputs_production_50seed_part26_30/run_campaign_v3_S10_M3_IMBALANCED_A_L1_F1_H0_seed027_27_20260603_095524
campaign_v3_S10_M3_IMBALANCED_A_L1_F1_H0_seed028,campaign_v3_S10_M3_IMBALANCED_A_L1_F1_H0_seed028_28_20260603_095906,S10,5000,200,6,M3_IMBALANCED,28,A,L1,F1,H0,V2,map_S10_M3_IMBALANCED_seed028,63c1eebffb177e215388081c3becad096b0be1a6a64b4feeada62f1c7d050d3d,274.269,507.193,192.769,390.797,25,1779,6.9902,0.0842,60.0,-1.0,-1.0,-1.0,-1.0,-1.0,0.0,0.0,0.0,0.0,0.0,0.0,8478.018672,0.304007,0.0,3973,1410965,1410965,1.0,1738,1738,1.0,120005,1,0,S10|M3_IMBALANCED|28|A|L1|F1,false,false,true,/home/cyfer/FYP/WSN_simulation_V3/runs/S10_5000/outputs_production_50seed_part26_30/run_campaign_v3_S10_M3_IMBALANCED_A_L1_F1_H0_seed028_28_20260603_095906
campaign_v3_S10_M3_IMBALANCED_A_L1_F1_H0_seed029,campaign_v3_S10_M3_IMBALANCED_A_L1_F1_H0_seed029_29_20260603_100248,S10,5000,200,6,M3_IMBALANCED,29,A,L1,F1,H0,V2,map_S10_M3_IMBALANCED_seed029,b7a0d156a25e2f09a8da611fce0867266104e8db4cf436458cc1fe98c0fee5c2,267.655,500.643,190.291,408.032,25,1679,6.461,0.0876,60.0,-1.0,-1.0,-1.0,-1.0,-1.0,0.0,0.0,0.0,0.0,0.0,0.0,8434.415389,0.312793,0.0,3942,1409320,1409320,1.0,1747,1747,1.0,120040,1,0,S10|M3_IMBALANCED|29|A|L1|F1,false,false,true,/home/cyfer/FYP/WSN_simulation_V3/runs/S10_5000/outputs_production_50seed_part26_30/run_campaign_v3_S10_M3_IMBALANCED_A_L1_F1_H0_seed029_29_20260603_100248
campaign_v3_S10_M3_IMBALANCED_A_L1_F1_H0_seed030,campaign_v3_S10_M3_IMBALANCED_A_L1_F1_H0_seed030_30_20260603_100620,S10,5000,200,6,M3_IMBALANCED,30,A,L1,F1,H0,V2,map_S10_M3_IMBALANCED_seed030,e4e75b0e016bbb6905fe27e68e217cc46fe3128df83ea0b0e820cc8fe47a09d1,271.616,483.28,195.159,378.219,25,1155,5.0293,0.0888,60.0,-1.0,-1.0,-1.0,-1.0,-1.0,0.0,0.0,0.0,0.0,0.0,0.0,8460.434945,0.307548,0.0,3952,1410260,1410260,1.0,1747,1747,1.0,120020,1,0,S10|M3_IMBALANCED|30|A|L1|F1,false,false,true,/home/cyfer/FYP/WSN_simulation_V3/runs/S10_5000/outputs_production_50seed_part26_30/run_campaign_v3_S10_M3_IMBALANCED_A_L1_F1_H0_seed030_30_20260603_100620
campaign_v3_S10_M3_IMBALANCED_A_L1_F1_H1_seed026,campaign_v3_S10_M3_IMBALANCED_A_L1_F1_H1_seed026_26_20260603_095203,S10,5000,200,6,M3_IMBALANCED,26,A,L1,F1,H1,V3,map_S10_M3_IMBALANCED_seed026,cb6ca239f7d186ff6b7b04f6ddd2406c4214fa02cbc82fef44058d2675e960be,266.972,487.818,192.206,379.449,25,1503,6.0943,0.0866,60.0,22.47,82.47,142.47,150.0,90.0,6.48,6.0,1.0,0.005,1.0,0.155,8453.064495,0.309051,0.0,3954,1410619,1410619,1.0,1761,1761,1.0,120000,0,1,S10|M3_IMBALANCED|26|A|L1|F1,true,false,false,/home/cyfer/FYP/WSN_simulation_V3/runs/S10_5000/outputs_production_50seed_part26_30/run_campaign_v3_S10_M3_IMBALANCED_A_L1_F1_H1_seed026_26_20260603_095203
campaign_v3_S10_M3_IMBALANCED_A_L1_F1_H1_seed027,campaign_v3_S10_M3_IMBALANCED_A_L1_F1_H1_seed027_27_20260603_095536,S10,5000,200,6,M3_IMBALANCED,27,A,L1,F1,H1,V3,map_S10_M3_IMBALANCED_seed027,59752a276c5d47a0b647333aa8c94c1bd8a0e4e0608a65312be59ec315374ab1,273.226,471.499,195.662,399.379,25,1321,5.4793,0.0836,60.0,21.307,81.307,141.307,150.0,90.0,6.174,6.0,1.0,0.005,1.0,0.053,8431.700901,0.313326,0.0,3946,1410626,1410626,1.0,1725,1725,1.0,120000,0,1,S10|M3_IMBALANCED|27|A|L1|F1,true,false,false,/home/cyfer/FYP/WSN_simulation_V3/runs/S10_5000/outputs_production_50seed_part26_30/run_campaign_v3_S10_M3_IMBALANCED_A_L1_F1_H1_seed027_27_20260603_095536
campaign_v3_S10_M3_IMBALANCED_A_L1_F1_H1_seed028,campaign_v3_S10_M3_IMBALANCED_A_L1_F1_H1_seed028_28_20260603_095919,S10,5000,200,6,M3_IMBALANCED,28,A,L1,F1,H1,V3,map_S10_M3_IMBALANCED_seed028,63c1eebffb177e215388081c3becad096b0be1a6a64b4feeada62f1c7d050d3d,274.269,507.193,192.769,390.797,25,1779,6.9902,0.0842,60.0,21.918,81.918,141.918,150.0,90.0,6.526,6.0,1.0,0.001,1.0,0.175,8478.305039,0.303949,0.0,3973,1411118,1411118,1.0,1743,1743,1.0,120000,0,1,S10|M3_IMBALANCED|28|A|L1|F1,true,false,false,/home/cyfer/FYP/WSN_simulation_V3/runs/S10_5000/outputs_production_50seed_part26_30/run_campaign_v3_S10_M3_IMBALANCED_A_L1_F1_H1_seed028_28_20260603_095919
campaign_v3_S10_M3_IMBALANCED_A_L1_F1_H1_seed029,campaign_v3_S10_M3_IMBALANCED_A_L1_F1_H1_seed029_29_20260603_100300,S10,5000,200,6,M3_IMBALANCED,29,A,L1,F1,H1,V3,map_S10_M3_IMBALANCED_seed029,b7a0d156a25e2f09a8da611fce0867266104e8db4cf436458cc1fe98c0fee5c2,267.655,500.643,190.291,408.032,25,1679,6.461,0.0876,60.0,21.498,81.498,141.498,150.0,90.0,6.472,6.0,1.0,0.005,1.0,0.153,8437.379301,0.312201,0.0,3942,1410544,1410544,1.0,1752,1752,1.0,120000,0,1,S10|M3_IMBALANCED|29|A|L1|F1,true,false,false,/home/cyfer/FYP/WSN_simulation_V3/runs/S10_5000/outputs_production_50seed_part26_30/run_campaign_v3_S10_M3_IMBALANCED_A_L1_F1_H1_seed029_29_20260603_100300
campaign_v3_S10_M3_IMBALANCED_A_L1_F1_H1_seed030,campaign_v3_S10_M3_IMBALANCED_A_L1_F1_H1_seed030_30_20260603_100632,S10,5000,200,6,M3_IMBALANCED,30,A,L1,F1,H1,V3,map_S10_M3_IMBALANCED_seed030,e4e75b0e016bbb6905fe27e68e217cc46fe3128df83ea0b0e820cc8fe47a09d1,271.616,483.28,195.159,378.219,25,1155,5.0293,0.0888,60.0,21.421,81.421,141.421,150.0,90.0,6.272,6.0,1.0,0.003,1.0,0.087,8461.647955,0.307306,0.0,3952,1410872,1410872,1.0,1752,1752,1.0,120000,0,1,S10|M3_IMBALANCED|30|A|L1|F1,true,false,false,/home/cyfer/FYP/WSN_simulation_V3/runs/S10_5000/outputs_production_50seed_part26_30/run_campaign_v3_S10_M3_IMBALANCED_A_L1_F1_H1_seed030_30_20260603_100632
campaign_v3_S10_M3_IMBALANCED_A_L1_F1_H3_seed026,campaign_v3_S10_M3_IMBALANCED_A_L1_F1_H3_seed026_26_20260603_095208,S10,5000,200,6,M3_IMBALANCED,26,A,L1,F1,H3,V3,map_S10_M3_IMBALANCED_seed026,cb6ca239f7d186ff6b7b04f6ddd2406c4214fa02cbc82fef44058d2675e960be,266.972,487.818,192.206,379.449,25,1503,6.0943,0.0866,60.0,28.352,88.352,148.352,150.0,90.0,6.48,6.0,1.0,0.005,1.0,0.155,8452.121824,0.309239,0.0,3954,1410139,1410139,1.0,1761,1761,1.0,119925,0,1,S10|M3_IMBALANCED|26|A|L1|F1,true,false,false,/home/cyfer/FYP/WSN_simulation_V3/runs/S10_5000/outputs_production_50seed_part26_30/run_campaign_v3_S10_M3_IMBALANCED_A_L1_F1_H3_seed026_26_20260603_095208
campaign_v3_S10_M3_IMBALANCED_A_L1_F1_H3_seed027,campaign_v3_S10_M3_IMBALANCED_A_L1_F1_H3_seed027_27_20260603_095541,S10,5000,200,6,M3_IMBALANCED,27,A,L1,F1,H3,V3,map_S10_M3_IMBALANCED_seed027,59752a276c5d47a0b647333aa8c94c1bd8a0e4e0608a65312be59ec315374ab1,273.226,471.499,195.662,399.379,25,1321,5.4793,0.0836,60.0,27.756,87.756,147.756,150.0,90.0,6.174,6.0,1.0,0.005,1.0,0.053,8430.475552,0.313571,0.0,3946,1410143,1410143,1.0,1725,1725,1.0,119925,0,1,S10|M3_IMBALANCED|27|A|L1|F1,true,false,false,/home/cyfer/FYP/WSN_simulation_V3/runs/S10_5000/outputs_production_50seed_part26_30/run_campaign_v3_S10_M3_IMBALANCED_A_L1_F1_H3_seed027_27_20260603_095541
campaign_v3_S10_M3_IMBALANCED_A_L1_F1_H3_seed028,campaign_v3_S10_M3_IMBALANCED_A_L1_F1_H3_seed028_28_20260603_095924,S10,5000,200,6,M3_IMBALANCED,28,A,L1,F1,H3,V3,map_S10_M3_IMBALANCED_seed028,63c1eebffb177e215388081c3becad096b0be1a6a64b4feeada62f1c7d050d3d,274.269,507.193,192.769,390.797,25,1779,6.9902,0.0842,60.0,27.649,87.649,147.649,150.0,90.0,6.526,6.0,1.0,0.001,1.0,0.175,8478.296039,0.303951,0.0,3973,1411112,1411112,1.0,1743,1743,1.0,120000,0,1,S10|M3_IMBALANCED|28|A|L1|F1,true,false,false,/home/cyfer/FYP/WSN_simulation_V3/runs/S10_5000/outputs_production_50seed_part26_30/run_campaign_v3_S10_M3_IMBALANCED_A_L1_F1_H3_seed028_28_20260603_095924
campaign_v3_S10_M3_IMBALANCED_A_L1_F1_H3_seed029,campaign_v3_S10_M3_IMBALANCED_A_L1_F1_H3_seed029_29_20260603_100305,S10,5000,200,6,M3_IMBALANCED,29,A,L1,F1,H3,V3,map_S10_M3_IMBALANCED_seed029,b7a0d156a25e2f09a8da611fce0867266104e8db4cf436458cc1fe98c0fee5c2,267.655,500.643,190.291,408.032,25,1679,6.461,0.0876,60.0,27.792,87.792,147.792,150.0,90.0,6.472,6.0,1.0,0.005,1.0,0.153,8435.775065,0.312522,0.0,3942,1409908,1409908,1.0,1752,1752,1.0,119900,0,1,S10|M3_IMBALANCED|29|A|L1|F1,true,false,false,/home/cyfer/FYP/WSN_simulation_V3/runs/S10_5000/outputs_production_50seed_part26_30/run_campaign_v3_S10_M3_IMBALANCED_A_L1_F1_H3_seed029_29_20260603_100305
campaign_v3_S10_M3_IMBALANCED_A_L1_F1_H3_seed030,campaign_v3_S10_M3_IMBALANCED_A_L1_F1_H3_seed030_30_20260603_100637,S10,5000,200,6,M3_IMBALANCED,30,A,L1,F1,H3,V3,map_S10_M3_IMBALANCED_seed030,e4e75b0e016bbb6905fe27e68e217cc46fe3128df83ea0b0e820cc8fe47a09d1,271.616,483.28,195.159,378.219,25,1155,5.0293,0.0888,60.0,27.584,87.584,147.584,150.0,90.0,6.272,6.0,1.0,0.003,1.0,0.087,8461.053567,0.307425,0.0,3952,1410554,1410554,1.0,1752,1752,1.0,119950,0,1,S10|M3_IMBALANCED|30|A|L1|F1,true,false,false,/home/cyfer/FYP/WSN_simulation_V3/runs/S10_5000/outputs_production_50seed_part26_30/run_campaign_v3_S10_M3_IMBALANCED_A_L1_F1_H3_seed030_30_20260603_100637
campaign_v3_S10_M3_IMBALANCED_A_L1_F1_H4_seed026,campaign_v3_S10_M3_IMBALANCED_A_L1_F1_H4_seed026_26_20260603_095214,S10,5000,200,6,M3_IMBALANCED,26,A,L1,F1,H4,V3,map_S10_M3_IMBALANCED_seed026,cb6ca239f7d186ff6b7b04f6ddd2406c4214fa02cbc82fef44058d2675e960be,266.972,487.818,192.206,379.449,25,1503,6.0943,0.0866,60.0,31.951,91.951,151.951,160.0,100.0,6.48,6.0,1.0,0.005,1.0,0.155,8452.070812,0.30925,0.0,3954,1410143,1410143,1.0,1760,1760,1.0,119929,0,1,S10|M3_IMBALANCED|26|A|L1|F1,true,false,false,/home/cyfer/FYP/WSN_simulation_V3/runs/S10_5000/outputs_production_50seed_part26_30/run_campaign_v3_S10_M3_IMBALANCED_A_L1_F1_H4_seed026_26_20260603_095214
campaign_v3_S10_M3_IMBALANCED_A_L1_F1_H4_seed027,campaign_v3_S10_M3_IMBALANCED_A_L1_F1_H4_seed027_27_20260603_095547,S10,5000,200,6,M3_IMBALANCED,27,A,L1,F1,H4,V3,map_S10_M3_IMBALANCED_seed027,59752a276c5d47a0b647333aa8c94c1bd8a0e4e0608a65312be59ec315374ab1,273.226,471.499,195.662,399.379,25,1321,5.4793,0.0836,60.0,31.828,91.828,151.828,160.0,100.0,6.174,6.0,1.0,0.005,1.0,0.053,8429.898841,0.313686,0.0,3946,1409857,1409857,1.0,1724,1724,1.0,119879,0,1,S10|M3_IMBALANCED|27|A|L1|F1,true,false,false,/home/cyfer/FYP/WSN_simulation_V3/runs/S10_5000/outputs_production_50seed_part26_30/run_campaign_v3_S10_M3_IMBALANCED_A_L1_F1_H4_seed027_27_20260603_095547
campaign_v3_S10_M3_IMBALANCED_A_L1_F1_H4_seed028,campaign_v3_S10_M3_IMBALANCED_A_L1_F1_H4_seed028_28_20260603_095929,S10,5000,200,6,M3_IMBALANCED,28,A,L1,F1,H4,V3,map_S10_M3_IMBALANCED_seed028,63c1eebffb177e215388081c3becad096b0be1a6a64b4feeada62f1c7d050d3d,274.269,507.193,192.769,390.797,25,1779,6.9902,0.0842,60.0,32.417,92.417,152.417,160.0,100.0,6.526,6.0,1.0,0.001,1.0,0.175,8477.292752,0.304152,0.0,3973,1410697,1410697,1.0,1742,1742,1.0,119929,0,1,S10|M3_IMBALANCED|28|A|L1|F1,true,false,false,/home/cyfer/FYP/WSN_simulation_V3/runs/S10_5000/outputs_production_50seed_part26_30/run_campaign_v3_S10_M3_IMBALANCED_A_L1_F1_H4_seed028_28_20260603_095929
campaign_v3_S10_M3_IMBALANCED_A_L1_F1_H4_seed029,campaign_v3_S10_M3_IMBALANCED_A_L1_F1_H4_seed029_29_20260603_100310,S10,5000,200,6,M3_IMBALANCED,29,A,L1,F1,H4,V3,map_S10_M3_IMBALANCED_seed029,b7a0d156a25e2f09a8da611fce0867266104e8db4cf436458cc1fe98c0fee5c2,267.655,500.643,190.291,408.032,25,1679,6.461,0.0876,60.0,32.008,92.008,152.008,160.0,100.0,6.472,6.0,1.0,0.005,1.0,0.153,8434.452576,0.312786,0.0,3941,1409052,1409052,1.0,1751,1751,1.0,119754,0,1,S10|M3_IMBALANCED|29|A|L1|F1,true,false,false,/home/cyfer/FYP/WSN_simulation_V3/runs/S10_5000/outputs_production_50seed_part26_30/run_campaign_v3_S10_M3_IMBALANCED_A_L1_F1_H4_seed029_29_20260603_100310
campaign_v3_S10_M3_IMBALANCED_A_L1_F1_H4_seed030,campaign_v3_S10_M3_IMBALANCED_A_L1_F1_H4_seed030_30_20260603_100642,S10,5000,200,6,M3_IMBALANCED,30,A,L1,F1,H4,V3,map_S10_M3_IMBALANCED_seed030,e4e75b0e016bbb6905fe27e68e217cc46fe3128df83ea0b0e820cc8fe47a09d1,271.616,483.28,195.159,378.219,25,1155,5.0293,0.0888,60.0,31.561,91.561,151.561,160.0,100.0,6.272,6.0,1.0,0.003,1.0,0.087,8461.564236,0.307323,0.0,3952,1410832,1410832,1.0,1751,1751,1.0,120000,0,1,S10|M3_IMBALANCED|30|A|L1|F1,true,false,false,/home/cyfer/FYP/WSN_simulation_V3/runs/S10_5000/outputs_production_50seed_part26_30/run_campaign_v3_S10_M3_IMBALANCED_A_L1_F1_H4_seed030_30_20260603_100642
campaign_v3_S10_M3_IMBALANCED_A_L1_F2_H0_seed026,campaign_v3_S10_M3_IMBALANCED_A_L1_F2_H0_seed026_26_20260603_095156,S10,5000,200,6,M3_IMBALANCED,26,A,L1,F2,H0,V2,map_S10_M3_IMBALANCED_seed026,cb6ca239f7d186ff6b7b04f6ddd2406c4214fa02cbc82fef44058d2675e960be,266.972,487.818,192.206,379.449,25,1503,6.0943,0.0866,60.0,-1.0,-1.0,-1.0,-1.0,-1.0,0.0,0.0,0.0,0.0,0.0,0.0,8452.986128,0.309403,0.0,3954,1410495,1410495,1.0,1756,1756,1.0,120015,1,0,S10|M3_IMBALANCED|26|A|L1|F2,false,false,true,/home/cyfer/FYP/WSN_simulation_V3/runs/S10_5000/outputs_production_50seed_part26_30/run_campaign_v3_S10_M3_IMBALANCED_A_L1_F2_H0_seed026_26_20260603_095156
campaign_v3_S10_M3_IMBALANCED_A_L1_F2_H0_seed027,campaign_v3_S10_M3_IMBALANCED_A_L1_F2_H0_seed027_27_20260603_095529,S10,5000,200,6,M3_IMBALANCED,27,A,L1,F2,H0,V2,map_S10_M3_IMBALANCED_seed027,59752a276c5d47a0b647333aa8c94c1bd8a0e4e0608a65312be59ec315374ab1,273.226,471.499,195.662,399.379,25,1321,5.4793,0.0836,60.0,-1.0,-1.0,-1.0,-1.0,-1.0,0.0,0.0,0.0,0.0,0.0,0.0,8429.865471,0.314027,0.0,3946,1410025,1410025,1.0,1720,1720,1.0,120025,1,0,S10|M3_IMBALANCED|27|A|L1|F2,false,false,true,/home/cyfer/FYP/WSN_simulation_V3/runs/S10_5000/outputs_production_50seed_part26_30/run_campaign_v3_S10_M3_IMBALANCED_A_L1_F2_H0_seed027_27_20260603_095529
campaign_v3_S10_M3_IMBALANCED_A_L1_F2_H0_seed028,campaign_v3_S10_M3_IMBALANCED_A_L1_F2_H0_seed028_28_20260603_095911,S10,5000,200,6,M3_IMBALANCED,28,A,L1,F2,H0,V2,map_S10_M3_IMBALANCED_seed028,63c1eebffb177e215388081c3becad096b0be1a6a64b4feeada62f1c7d050d3d,274.269,507.193,192.769,390.797,25,1779,6.9902,0.0842,60.0,-1.0,-1.0,-1.0,-1.0,-1.0,0.0,0.0,0.0,0.0,0.0,0.0,8476.789528,0.304642,0.0,3972,1410495,1410495,1.0,1738,1738,1.0,120015,1,0,S10|M3_IMBALANCED|28|A|L1|F2,false,false,true,/home/cyfer/FYP/WSN_simulation_V3/runs/S10_5000/outputs_production_50seed_part26_30/run_campaign_v3_S10_M3_IMBALANCED_A_L1_F2_H0_seed028_28_20260603_095911
campaign_v3_S10_M3_IMBALANCED_A_L1_F2_H0_seed029,campaign_v3_S10_M3_IMBALANCED_A_L1_F2_H0_seed029_29_20260603_100253,S10,5000,200,6,M3_IMBALANCED,29,A,L1,F2,H0,V2,map_S10_M3_IMBALANCED_seed029,b7a0d156a25e2f09a8da611fce0867266104e8db4cf436458cc1fe98c0fee5c2,267.655,500.643,190.291,408.032,25,1679,6.461,0.0876,60.0,-1.0,-1.0,-1.0,-1.0,-1.0,0.0,0.0,0.0,0.0,0.0,0.0,8433.807431,0.313239,0.0,3941,1408850,1408850,1.0,1747,1747,1.0,120050,1,0,S10|M3_IMBALANCED|29|A|L1|F2,false,false,true,/home/cyfer/FYP/WSN_simulation_V3/runs/S10_5000/outputs_production_50seed_part26_30/run_campaign_v3_S10_M3_IMBALANCED_A_L1_F2_H0_seed029_29_20260603_100253
campaign_v3_S10_M3_IMBALANCED_A_L1_F2_H0_seed030,campaign_v3_S10_M3_IMBALANCED_A_L1_F2_H0_seed030_30_20260603_100625,S10,5000,200,6,M3_IMBALANCED,30,A,L1,F2,H0,V2,map_S10_M3_IMBALANCED_seed030,e4e75b0e016bbb6905fe27e68e217cc46fe3128df83ea0b0e820cc8fe47a09d1,271.616,483.28,195.159,378.219,25,1155,5.0293,0.0888,60.0,-1.0,-1.0,-1.0,-1.0,-1.0,0.0,0.0,0.0,0.0,0.0,0.0,8462.424413,0.307515,0.0,3951,1411200,1411200,1.0,1755,1755,1.0,120000,1,0,S10|M3_IMBALANCED|30|A|L1|F2,false,false,true,/home/cyfer/FYP/WSN_simulation_V3/runs/S10_5000/outputs_production_50seed_part26_30/run_campaign_v3_S10_M3_IMBALANCED_A_L1_F2_H0_seed030_30_20260603_100625
campaign_v3_S10_M3_IMBALANCED_A_L1_F2_H1_seed026,campaign_v3_S10_M3_IMBALANCED_A_L1_F2_H1_seed026_26_20260603_095219,S10,5000,200,6,M3_IMBALANCED,26,A,L1,F2,H1,V3,map_S10_M3_IMBALANCED_seed026,cb6ca239f7d186ff6b7b04f6ddd2406c4214fa02cbc82fef44058d2675e960be,266.972,487.818,192.206,379.449,25,1503,6.0943,0.0866,60.0,26.696,86.696,146.696,150.0,90.0,3.549,6.0,1.0,0.002,0.069,0.112,8453.965793,0.309207,0.0,3954,1410939,1410939,1.0,1761,1761,1.0,120000,0,1,S10|M3_IMBALANCED|26|A|L1|F2,true,false,false,/home/cyfer/FYP/WSN_simulation_V3/runs/S10_5000/outputs_production_50seed_part26_30/run_campaign_v3_S10_M3_IMBALANCED_A_L1_F2_H1_seed026_26_20260603_095219
campaign_v3_S10_M3_IMBALANCED_A_L1_F2_H1_seed027,campaign_v3_S10_M3_IMBALANCED_A_L1_F2_H1_seed027_27_20260603_095552,S10,5000,200,6,M3_IMBALANCED,27,A,L1,F2,H1,V3,map_S10_M3_IMBALANCED_seed027,59752a276c5d47a0b647333aa8c94c1bd8a0e4e0608a65312be59ec315374ab1,273.226,471.499,195.662,399.379,25,1321,5.4793,0.0836,60.0,27.124,87.124,147.124,150.0,90.0,3.661,6.0,1.0,0.004,0.118,0.098,8431.36716,0.313727,0.0,3946,1410760,1410760,1.0,1725,1725,1.0,120000,0,1,S10|M3_IMBALANCED|27|A|L1|F2,true,false,false,/home/cyfer/FYP/WSN_simulation_V3/runs/S10_5000/outputs_production_50seed_part26_30/run_campaign_v3_S10_M3_IMBALANCED_A_L1_F2_H1_seed027_27_20260603_095552
campaign_v3_S10_M3_IMBALANCED_A_L1_F2_H1_seed028,campaign_v3_S10_M3_IMBALANCED_A_L1_F2_H1_seed028_28_20260603_095934,S10,5000,200,6,M3_IMBALANCED,28,A,L1,F2,H1,V3,map_S10_M3_IMBALANCED_seed028,63c1eebffb177e215388081c3becad096b0be1a6a64b4feeada62f1c7d050d3d,274.269,507.193,192.769,390.797,25,1779,6.9902,0.0842,60.0,27.532,87.532,147.532,150.0,90.0,3.619,6.0,1.0,0.002,0.075,0.13,8478.071849,0.304386,0.0,3972,1410936,1410936,1.0,1743,1743,1.0,120000,0,1,S10|M3_IMBALANCED|28|A|L1|F2,true,false,false,/home/cyfer/FYP/WSN_simulation_V3/runs/S10_5000/outputs_production_50seed_part26_30/run_campaign_v3_S10_M3_IMBALANCED_A_L1_F2_H1_seed028_28_20260603_095934
campaign_v3_S10_M3_IMBALANCED_A_L1_F2_H1_seed029,campaign_v3_S10_M3_IMBALANCED_A_L1_F2_H1_seed029_29_20260603_100316,S10,5000,200,6,M3_IMBALANCED,29,A,L1,F2,H1,V3,map_S10_M3_IMBALANCED_seed029,b7a0d156a25e2f09a8da611fce0867266104e8db4cf436458cc1fe98c0fee5c2,267.655,500.643,190.291,408.032,25,1679,6.461,0.0876,60.0,27.831,87.831,147.831,150.0,90.0,4.005,6.0,1.0,0.006,0.237,0.092,8437.462211,0.312508,0.0,3941,1410320,1410320,1.0,1752,1752,1.0,120000,0,1,S10|M3_IMBALANCED|29|A|L1|F2,true,false,false,/home/cyfer/FYP/WSN_simulation_V3/runs/S10_5000/outputs_production_50seed_part26_30/run_campaign_v3_S10_M3_IMBALANCED_A_L1_F2_H1_seed029_29_20260603_100316
campaign_v3_S10_M3_IMBALANCED_A_L1_F2_H1_seed030,campaign_v3_S10_M3_IMBALANCED_A_L1_F2_H1_seed030_30_20260603_100647,S10,5000,200,6,M3_IMBALANCED,30,A,L1,F2,H1,V3,map_S10_M3_IMBALANCED_seed030,e4e75b0e016bbb6905fe27e68e217cc46fe3128df83ea0b0e820cc8fe47a09d1,271.616,483.28,195.159,378.219,25,1155,5.0293,0.0888,60.0,23.127,83.127,143.127,150.0,90.0,0.075,6.0,0.0,0.0,0.001,0.024,8462.433413,0.307513,0.0,3951,1411200,1411200,1.0,1755,1755,1.0,120000,0,1,S10|M3_IMBALANCED|30|A|L1|F2,true,false,false,/home/cyfer/FYP/WSN_simulation_V3/runs/S10_5000/outputs_production_50seed_part26_30/run_campaign_v3_S10_M3_IMBALANCED_A_L1_F2_H1_seed030_30_20260603_100647
campaign_v3_S10_M3_IMBALANCED_A_L1_F2_H3_seed026,campaign_v3_S10_M3_IMBALANCED_A_L1_F2_H3_seed026_26_20260603_095222,S10,5000,200,6,M3_IMBALANCED,26,A,L1,F2,H3,V3,map_S10_M3_IMBALANCED_seed026,cb6ca239f7d186ff6b7b04f6ddd2406c4214fa02cbc82fef44058d2675e960be,266.972,487.818,192.206,379.449,25,1503,6.0943,0.0866,60.0,32.624,92.624,152.624,160.0,100.0,3.549,6.0,1.0,0.002,0.069,0.112,8453.711603,0.309258,0.0,3954,1410779,1410779,1.0,1760,1760,1.0,119975,0,1,S10|M3_IMBALANCED|26|A|L1|F2,true,false,false,/home/cyfer/FYP/WSN_simulation_V3/runs/S10_5000/outputs_production_50seed_part26_30/run_campaign_v3_S10_M3_IMBALANCED_A_L1_F2_H3_seed026_26_20260603_095222
campaign_v3_S10_M3_IMBALANCED_A_L1_F2_H3_seed027,campaign_v3_S10_M3_IMBALANCED_A_L1_F2_H3_seed027_27_20260603_095554,S10,5000,200,6,M3_IMBALANCED,27,A,L1,F2,H3,V3,map_S10_M3_IMBALANCED_seed027,59752a276c5d47a0b647333aa8c94c1bd8a0e4e0608a65312be59ec315374ab1,273.226,471.499,195.662,399.379,25,1321,5.4793,0.0836,60.0,33.079,93.079,153.079,160.0,100.0,3.661,6.0,1.0,0.004,0.118,0.098,8430.78124,0.313844,0.0,3946,1410448,1410448,1.0,1724,1724,1.0,119950,0,1,S10|M3_IMBALANCED|27|A|L1|F2,true,false,false,/home/cyfer/FYP/WSN_simulation_V3/runs/S10_5000/outputs_production_50seed_part26_30/run_campaign_v3_S10_M3_IMBALANCED_A_L1_F2_H3_seed027_27_20260603_095554
campaign_v3_S10_M3_IMBALANCED_A_L1_F2_H3_seed028,campaign_v3_S10_M3_IMBALANCED_A_L1_F2_H3_seed028_28_20260603_095936,S10,5000,200,6,M3_IMBALANCED,28,A,L1,F2,H3,V3,map_S10_M3_IMBALANCED_seed028,63c1eebffb177e215388081c3becad096b0be1a6a64b4feeada62f1c7d050d3d,274.269,507.193,192.769,390.797,25,1779,6.9902,0.0842,60.0,33.172,93.172,153.172,160.0,100.0,3.619,6.0,1.0,0.002,0.075,0.13,8477.527768,0.304494,0.0,3972,1410777,1410777,1.0,1742,1742,1.0,119975,0,1,S10|M3_IMBALANCED|28|A|L1|F2,true,false,false,/home/cyfer/FYP/WSN_simulation_V3/runs/S10_5000/outputs_production_50seed_part26_30/run_campaign_v3_S10_M3_IMBALANCED_A_L1_F2_H3_seed028_28_20260603_095936
campaign_v3_S10_M3_IMBALANCED_A_L1_F2_H3_seed029,campaign_v3_S10_M3_IMBALANCED_A_L1_F2_H3_seed029_29_20260603_100318,S10,5000,200,6,M3_IMBALANCED,29,A,L1,F2,H3,V3,map_S10_M3_IMBALANCED_seed029,b7a0d156a25e2f09a8da611fce0867266104e8db4cf436458cc1fe98c0fee5c2,267.655,500.643,190.291,408.032,25,1679,6.461,0.0876,60.0,33.819,93.819,153.819,160.0,100.0,4.005,6.0,1.0,0.006,0.237,0.092,8435.64798,0.31287,0.0,3941,1409555,1409555,1.0,1751,1751,1.0,119875,0,1,S10|M3_IMBALANCED|29|A|L1|F2,true,false,false,/home/cyfer/FYP/WSN_simulation_V3/runs/S10_5000/outputs_production_50seed_part26_30/run_campaign_v3_S10_M3_IMBALANCED_A_L1_F2_H3_seed029_29_20260603_100318
campaign_v3_S10_M3_IMBALANCED_A_L1_F2_H3_seed030,campaign_v3_S10_M3_IMBALANCED_A_L1_F2_H3_seed030_30_20260603_100649,S10,5000,200,6,M3_IMBALANCED,30,A,L1,F2,H3,V3,map_S10_M3_IMBALANCED_seed030,e4e75b0e016bbb6905fe27e68e217cc46fe3128df83ea0b0e820cc8fe47a09d1,271.616,483.28,195.159,378.219,25,1155,5.0293,0.0888,60.0,29.875,89.875,149.875,150.0,90.0,0.075,6.0,0.0,0.0,0.001,0.024,8462.433413,0.307513,0.0,3951,1411200,1411200,1.0,1755,1755,1.0,120000,0,1,S10|M3_IMBALANCED|30|A|L1|F2,true,false,false,/home/cyfer/FYP/WSN_simulation_V3/runs/S10_5000/outputs_production_50seed_part26_30/run_campaign_v3_S10_M3_IMBALANCED_A_L1_F2_H3_seed030_30_20260603_100649
campaign_v3_S10_M3_IMBALANCED_A_L1_F2_H4_seed026,campaign_v3_S10_M3_IMBALANCED_A_L1_F2_H4_seed026_26_20260603_095224,S10,5000,200,6,M3_IMBALANCED,26,A,L1,F2,H4,V3,map_S10_M3_IMBALANCED_seed026,cb6ca239f7d186ff6b7b04f6ddd2406c4214fa02cbc82fef44058d2675e960be,266.972,487.818,192.206,379.449,25,1503,6.0943,0.0866,60.0,37.167,97.167,157.167,160.0,100.0,3.549,6.0,1.0,0.002,0.069,0.112,8453.888005,0.309222,0.0,3954,1410906,1410906,1.0,1760,1760,1.0,120000,0,1,S10|M3_IMBALANCED|26|A|L1|F2,true,false,false,/home/cyfer/FYP/WSN_simulation_V3/runs/S10_5000/outputs_production_50seed_part26_30/run_campaign_v3_S10_M3_IMBALANCED_A_L1_F2_H4_seed026_26_20260603_095224
campaign_v3_S10_M3_IMBALANCED_A_L1_F2_H4_seed027,campaign_v3_S10_M3_IMBALANCED_A_L1_F2_H4_seed027_27_20260603_095557,S10,5000,200,6,M3_IMBALANCED,27,A,L1,F2,H4,V3,map_S10_M3_IMBALANCED_seed027,59752a276c5d47a0b647333aa8c94c1bd8a0e4e0608a65312be59ec315374ab1,273.226,471.499,195.662,399.379,25,1321,5.4793,0.0836,60.0,37.235,97.235,157.235,160.0,100.0,3.661,6.0,1.0,0.004,0.118,0.098,8431.260575,0.313748,0.0,3946,1410710,1410710,1.0,1724,1724,1.0,120000,0,1,S10|M3_IMBALANCED|27|A|L1|F2,true,false,false,/home/cyfer/FYP/WSN_simulation_V3/runs/S10_5000/outputs_production_50seed_part26_30/run_campaign_v3_S10_M3_IMBALANCED_A_L1_F2_H4_seed027_27_20260603_095557
campaign_v3_S10_M3_IMBALANCED_A_L1_F2_H4_seed028,campaign_v3_S10_M3_IMBALANCED_A_L1_F2_H4_seed028_28_20260603_095939,S10,5000,200,6,M3_IMBALANCED,28,A,L1,F2,H4,V3,map_S10_M3_IMBALANCED_seed028,63c1eebffb177e215388081c3becad096b0be1a6a64b4feeada62f1c7d050d3d,274.269,507.193,192.769,390.797,25,1779,6.9902,0.0842,60.0,37.288,97.288,157.288,160.0,100.0,3.619,6.0,1.0,0.002,0.075,0.13,8477.978983,0.304404,0.0,3972,1410906,1410906,1.0,1742,1742,1.0,120000,0,1,S10|M3_IMBALANCED|28|A|L1|F2,true,false,false,/home/cyfer/FYP/WSN_simulation_V3/runs/S10_5000/outputs_production_50seed_part26_30/run_campaign_v3_S10_M3_IMBALANCED_A_L1_F2_H4_seed028_28_20260603_095939
campaign_v3_S10_M3_IMBALANCED_A_L1_F2_H4_seed029,campaign_v3_S10_M3_IMBALANCED_A_L1_F2_H4_seed029_29_20260603_100320,S10,5000,200,6,M3_IMBALANCED,29,A,L1,F2,H4,V3,map_S10_M3_IMBALANCED_seed029,b7a0d156a25e2f09a8da611fce0867266104e8db4cf436458cc1fe98c0fee5c2,267.655,500.643,190.291,408.032,25,1679,6.461,0.0876,60.0,37.099,97.099,157.099,160.0,100.0,4.005,6.0,1.0,0.006,0.237,0.092,8437.209159,0.312558,0.0,3941,1410220,1410220,1.0,1751,1751,1.0,120000,0,1,S10|M3_IMBALANCED|29|A|L1|F2,true,false,false,/home/cyfer/FYP/WSN_simulation_V3/runs/S10_5000/outputs_production_50seed_part26_30/run_campaign_v3_S10_M3_IMBALANCED_A_L1_F2_H4_seed029_29_20260603_100320
campaign_v3_S10_M3_IMBALANCED_A_L1_F2_H4_seed030,campaign_v3_S10_M3_IMBALANCED_A_L1_F2_H4_seed030_30_20260603_100652,S10,5000,200,6,M3_IMBALANCED,30,A,L1,F2,H4,V3,map_S10_M3_IMBALANCED_seed030,e4e75b0e016bbb6905fe27e68e217cc46fe3128df83ea0b0e820cc8fe47a09d1,271.616,483.28,195.159,378.219,25,1155,5.0293,0.0888,60.0,33.338,93.338,153.338,160.0,100.0,0.075,6.0,0.0,0.0,0.001,0.024,8462.431613,0.307514,0.0,3951,1411200,1411200,1.0,1755,1755,1.0,120000,0,1,S10|M3_IMBALANCED|30|A|L1|F2,true,false,false,/home/cyfer/FYP/WSN_simulation_V3/runs/S10_5000/outputs_production_50seed_part26_30/run_campaign_v3_S10_M3_IMBALANCED_A_L1_F2_H4_seed030_30_20260603_100652
campaign_v3_S10_M3_IMBALANCED_A_L1_F3_H0_seed026,campaign_v3_S10_M3_IMBALANCED_A_L1_F3_H0_seed026_26_20260603_095159,S10,5000,200,6,M3_IMBALANCED,26,A,L1,F3,H0,V2,map_S10_M3_IMBALANCED_seed026,cb6ca239f7d186ff6b7b04f6ddd2406c4214fa02cbc82fef44058d2675e960be,266.972,487.818,192.206,379.449,25,1503,6.0943,0.0866,60.0,-1.0,-1.0,-1.0,-1.0,-1.0,0.0,0.0,0.0,0.0,0.0,0.0,8451.965245,0.309607,0.0,3954,1410260,1410260,1.0,1756,1756,1.0,120020,1,0,S10|M3_IMBALANCED|26|A|L1|F3,false,false,true,/home/cyfer/FYP/WSN_simulation_V3/runs/S10_5000/outputs_production_50seed_part26_30/run_campaign_v3_S10_M3_IMBALANCED_A_L1_F3_H0_seed026_26_20260603_095159
campaign_v3_S10_M3_IMBALANCED_A_L1_F3_H0_seed027,campaign_v3_S10_M3_IMBALANCED_A_L1_F3_H0_seed027_27_20260603_095531,S10,5000,200,6,M3_IMBALANCED,27,A,L1,F3,H0,V2,map_S10_M3_IMBALANCED_seed027,59752a276c5d47a0b647333aa8c94c1bd8a0e4e0608a65312be59ec315374ab1,273.226,471.499,195.662,399.379,25,1321,5.4793,0.0836,60.0,-1.0,-1.0,-1.0,-1.0,-1.0,0.0,0.0,0.0,0.0,0.0,0.0,8420.127442,0.315975,0.0,3940,1406500,1406500,1.0,1720,1720,1.0,120100,1,0,S10|M3_IMBALANCED|27|A|L1|F3,false,false,true,/home/cyfer/FYP/WSN_simulation_V3/runs/S10_5000/outputs_production_50seed_part26_30/run_campaign_v3_S10_M3_IMBALANCED_A_L1_F3_H0_seed027_27_20260603_095531
campaign_v3_S10_M3_IMBALANCED_A_L1_F3_H0_seed028,campaign_v3_S10_M3_IMBALANCED_A_L1_F3_H0_seed028_28_20260603_095914,S10,5000,200,6,M3_IMBALANCED,28,A,L1,F3,H0,V2,map_S10_M3_IMBALANCED_seed028,63c1eebffb177e215388081c3becad096b0be1a6a64b4feeada62f1c7d050d3d,274.269,507.193,192.769,390.797,25,1779,6.9902,0.0842,60.0,-1.0,-1.0,-1.0,-1.0,-1.0,0.0,0.0,0.0,0.0,0.0,0.0,8475.36522,0.304927,0.0,3972,1409790,1409790,1.0,1738,1738,1.0,120030,1,0,S10|M3_IMBALANCED|28|A|L1|F3,false,false,true,/home/cyfer/FYP/WSN_simulation_V3/runs/S10_5000/outputs_production_50seed_part26_30/run_campaign_v3_S10_M3_IMBALANCED_A_L1_F3_H0_seed028_28_20260603_095914
campaign_v3_S10_M3_IMBALANCED_A_L1_F3_H0_seed029,campaign_v3_S10_M3_IMBALANCED_A_L1_F3_H0_seed029_29_20260603_100255,S10,5000,200,6,M3_IMBALANCED,29,A,L1,F3,H0,V2,map_S10_M3_IMBALANCED_seed029,b7a0d156a25e2f09a8da611fce0867266104e8db4cf436458cc1fe98c0fee5c2,267.655,500.643,190.291,408.032,25,1679,6.461,0.0876,60.0,-1.0,-1.0,-1.0,-1.0,-1.0,0.0,0.0,0.0,0.0,0.0,0.0,8435.702644,0.312859,0.0,3942,1410025,1410025,1.0,1747,1747,1.0,120025,1,0,S10|M3_IMBALANCED|29|A|L1|F3,false,false,true,/home/cyfer/FYP/WSN_simulation_V3/runs/S10_5000/outputs_production_50seed_part26_30/run_campaign_v3_S10_M3_IMBALANCED_A_L1_F3_H0_seed029_29_20260603_100255
campaign_v3_S10_M3_IMBALANCED_A_L1_F3_H0_seed030,campaign_v3_S10_M3_IMBALANCED_A_L1_F3_H0_seed030_30_20260603_100627,S10,5000,200,6,M3_IMBALANCED,30,A,L1,F3,H0,V2,map_S10_M3_IMBALANCED_seed030,e4e75b0e016bbb6905fe27e68e217cc46fe3128df83ea0b0e820cc8fe47a09d1,271.616,483.28,195.159,378.219,25,1155,5.0293,0.0888,60.0,-1.0,-1.0,-1.0,-1.0,-1.0,0.0,0.0,0.0,0.0,0.0,0.0,8458.259914,0.308348,0.0,3950,1409320,1409320,1.0,1747,1747,1.0,120040,1,0,S10|M3_IMBALANCED|30|A|L1|F3,false,false,true,/home/cyfer/FYP/WSN_simulation_V3/runs/S10_5000/outputs_production_50seed_part26_30/run_campaign_v3_S10_M3_IMBALANCED_A_L1_F3_H0_seed030_30_20260603_100627
campaign_v3_S10_M3_IMBALANCED_A_L1_F3_H1_seed026,campaign_v3_S10_M3_IMBALANCED_A_L1_F3_H1_seed026_26_20260603_095226,S10,5000,200,6,M3_IMBALANCED,26,A,L1,F3,H1,V3,map_S10_M3_IMBALANCED_seed026,cb6ca239f7d186ff6b7b04f6ddd2406c4214fa02cbc82fef44058d2675e960be,266.972,487.818,192.206,379.449,25,1503,6.0943,0.0866,60.0,30.804,90.804,150.804,160.0,100.0,3.672,6.0,1.0,0.003,0.103,0.119,8452.052688,0.309589,0.0,3954,1410276,1410276,1.0,1760,1760,1.0,119904,0,1,S10|M3_IMBALANCED|26|A|L1|F3,true,false,false,/home/cyfer/FYP/WSN_simulation_V3/runs/S10_5000/outputs_production_50seed_part26_30/run_campaign_v3_S10_M3_IMBALANCED_A_L1_F3_H1_seed026_26_20260603_095226
campaign_v3_S10_M3_IMBALANCED_A_L1_F3_H1_seed027,campaign_v3_S10_M3_IMBALANCED_A_L1_F3_H1_seed027_27_20260603_095559,S10,5000,200,6,M3_IMBALANCED,27,A,L1,F3,H1,V3,map_S10_M3_IMBALANCED_seed027,59752a276c5d47a0b647333aa8c94c1bd8a0e4e0608a65312be59ec315374ab1,273.226,471.499,195.662,399.379,25,1321,5.4793,0.0836,60.0,33.351,93.351,153.351,160.0,100.0,5.928,6.0,1.0,0.015,0.726,0.234,8420.399346,0.31592,0.0,3940,1406516,1406516,1.0,1724,1724,1.0,119504,0,1,S10|M3_IMBALANCED|27|A|L1|F3,true,false,false,/home/cyfer/FYP/WSN_simulation_V3/runs/S10_5000/outputs_production_50seed_part26_30/run_campaign_v3_S10_M3_IMBALANCED_A_L1_F3_H1_seed027_27_20260603_095559
campaign_v3_S10_M3_IMBALANCED_A_L1_F3_H1_seed028,campaign_v3_S10_M3_IMBALANCED_A_L1_F3_H1_seed028_28_20260603_095941,S10,5000,200,6,M3_IMBALANCED,28,A,L1,F3,H1,V3,map_S10_M3_IMBALANCED_seed028,63c1eebffb177e215388081c3becad096b0be1a6a64b4feeada62f1c7d050d3d,274.269,507.193,192.769,390.797,25,1779,6.9902,0.0842,60.0,31.515,91.515,151.515,160.0,100.0,4.096,6.0,1.0,0.003,0.139,0.223,8475.482294,0.304904,0.0,3972,1409806,1409806,1.0,1742,1742,1.0,119854,0,1,S10|M3_IMBALANCED|28|A|L1|F3,true,false,false,/home/cyfer/FYP/WSN_simulation_V3/runs/S10_5000/outputs_production_50seed_part26_30/run_campaign_v3_S10_M3_IMBALANCED_A_L1_F3_H1_seed028_28_20260603_095941
campaign_v3_S10_M3_IMBALANCED_A_L1_F3_H1_seed029,campaign_v3_S10_M3_IMBALANCED_A_L1_F3_H1_seed029_29_20260603_100323,S10,5000,200,6,M3_IMBALANCED,29,A,L1,F3,H1,V3,map_S10_M3_IMBALANCED_seed029,b7a0d156a25e2f09a8da611fce0867266104e8db4cf436458cc1fe98c0fee5c2,267.655,500.643,190.291,408.032,25,1679,6.461,0.0876,60.0,30.745,90.745,150.745,160.0,100.0,3.719,6.0,1.0,0.003,0.127,0.11,8435.8129,0.312837,0.0,3942,1410041,1410041,1.0,1751,1751,1.0,119879,0,1,S10|M3_IMBALANCED|29|A|L1|F3,true,false,false,/home/cyfer/FYP/WSN_simulation_V3/runs/S10_5000/outputs_production_50seed_part26_30/run_campaign_v3_S10_M3_IMBALANCED_A_L1_F3_H1_seed029_29_20260603_100323
campaign_v3_S10_M3_IMBALANCED_A_L1_F3_H1_seed030,campaign_v3_S10_M3_IMBALANCED_A_L1_F3_H1_seed030_30_20260603_100654,S10,5000,200,6,M3_IMBALANCED,30,A,L1,F3,H1,V3,map_S10_M3_IMBALANCED_seed030,e4e75b0e016bbb6905fe27e68e217cc46fe3128df83ea0b0e820cc8fe47a09d1,271.616,483.28,195.159,378.219,25,1155,5.0293,0.0888,60.0,31.95,91.95,151.95,160.0,100.0,3.965,6.0,1.0,0.007,0.182,0.133,8458.377388,0.308325,0.0,3950,1409336,1409336,1.0,1751,1751,1.0,119804,0,1,S10|M3_IMBALANCED|30|A|L1|F3,true,false,false,/home/cyfer/FYP/WSN_simulation_V3/runs/S10_5000/outputs_production_50seed_part26_30/run_campaign_v3_S10_M3_IMBALANCED_A_L1_F3_H1_seed030_30_20260603_100654
campaign_v3_S10_M3_IMBALANCED_A_L1_F3_H3_seed026,campaign_v3_S10_M3_IMBALANCED_A_L1_F3_H3_seed026_26_20260603_095229,S10,5000,200,6,M3_IMBALANCED,26,A,L1,F3,H3,V3,map_S10_M3_IMBALANCED_seed026,cb6ca239f7d186ff6b7b04f6ddd2406c4214fa02cbc82fef44058d2675e960be,266.972,487.818,192.206,379.449,25,1503,6.0943,0.0866,60.0,37.459,97.459,157.459,160.0,100.0,3.672,6.0,1.0,0.003,0.103,0.119,8452.042412,0.309592,0.0,3954,1410276,1410276,1.0,1760,1760,1.0,119904,0,1,S10|M3_IMBALANCED|26|A|L1|F3,true,false,false,/home/cyfer/FYP/WSN_simulation_V3/runs/S10_5000/outputs_production_50seed_part26_30/run_campaign_v3_S10_M3_IMBALANCED_A_L1_F3_H3_seed026_26_20260603_095229
campaign_v3_S10_M3_IMBALANCED_A_L1_F3_H3_seed027,campaign_v3_S10_M3_IMBALANCED_A_L1_F3_H3_seed027_27_20260603_095602,S10,5000,200,6,M3_IMBALANCED,27,A,L1,F3,H3,V3,map_S10_M3_IMBALANCED_seed027,59752a276c5d47a0b647333aa8c94c1bd8a0e4e0608a65312be59ec315374ab1,273.226,471.499,195.662,399.379,25,1321,5.4793,0.0836,60.0,39.025,99.025,159.025,160.0,100.0,5.928,6.0,1.0,0.015,0.726,0.234,8420.372309,0.315926,0.0,3940,1406516,1406516,1.0,1724,1724,1.0,119504,0,1,S10|M3_IMBALANCED|27|A|L1|F3,true,false,false,/home/cyfer/FYP/WSN_simulation_V3/runs/S10_5000/outputs_production_50seed_part26_30/run_campaign_v3_S10_M3_IMBALANCED_A_L1_F3_H3_seed027_27_20260603_095602
campaign_v3_S10_M3_IMBALANCED_A_L1_F3_H3_seed028,campaign_v3_S10_M3_IMBALANCED_A_L1_F3_H3_seed028_28_20260603_095943,S10,5000,200,6,M3_IMBALANCED,28,A,L1,F3,H3,V3,map_S10_M3_IMBALANCED_seed028,63c1eebffb177e215388081c3becad096b0be1a6a64b4feeada62f1c7d050d3d,274.269,507.193,192.769,390.797,25,1779,6.9902,0.0842,60.0,37.457,97.457,157.457,160.0,100.0,4.096,6.0,1.0,0.003,0.139,0.223,8475.485533,0.304903,0.0,3972,1409806,1409806,1.0,1742,1742,1.0,119854,0,1,S10|M3_IMBALANCED|28|A|L1|F3,true,false,false,/home/cyfer/FYP/WSN_simulation_V3/runs/S10_5000/outputs_production_50seed_part26_30/run_campaign_v3_S10_M3_IMBALANCED_A_L1_F3_H3_seed028_28_20260603_095943
campaign_v3_S10_M3_IMBALANCED_A_L1_F3_H3_seed029,campaign_v3_S10_M3_IMBALANCED_A_L1_F3_H3_seed029_29_20260603_100325,S10,5000,200,6,M3_IMBALANCED,29,A,L1,F3,H3,V3,map_S10_M3_IMBALANCED_seed029,b7a0d156a25e2f09a8da611fce0867266104e8db4cf436458cc1fe98c0fee5c2,267.655,500.643,190.291,408.032,25,1679,6.461,0.0876,60.0,37.294,97.294,157.294,160.0,100.0,3.719,6.0,1.0,0.003,0.127,0.11,8435.820632,0.312836,0.0,3942,1410041,1410041,1.0,1751,1751,1.0,119879,0,1,S10|M3_IMBALANCED|29|A|L1|F3,true,false,false,/home/cyfer/FYP/WSN_simulation_V3/runs/S10_5000/outputs_production_50seed_part26_30/run_campaign_v3_S10_M3_IMBALANCED_A_L1_F3_H3_seed029_29_20260603_100325
campaign_v3_S10_M3_IMBALANCED_A_L1_F3_H3_seed030,campaign_v3_S10_M3_IMBALANCED_A_L1_F3_H3_seed030_30_20260603_100657,S10,5000,200,6,M3_IMBALANCED,30,A,L1,F3,H3,V3,map_S10_M3_IMBALANCED_seed030,e4e75b0e016bbb6905fe27e68e217cc46fe3128df83ea0b0e820cc8fe47a09d1,271.616,483.28,195.159,378.219,25,1155,5.0293,0.0888,60.0,36.965,96.965,156.965,160.0,100.0,3.965,6.0,1.0,0.007,0.182,0.133,8458.376228,0.308325,0.0,3950,1409336,1409336,1.0,1751,1751,1.0,119804,0,1,S10|M3_IMBALANCED|30|A|L1|F3,true,false,false,/home/cyfer/FYP/WSN_simulation_V3/runs/S10_5000/outputs_production_50seed_part26_30/run_campaign_v3_S10_M3_IMBALANCED_A_L1_F3_H3_seed030_30_20260603_100657
campaign_v3_S10_M3_IMBALANCED_A_L1_F3_H4_seed026,campaign_v3_S10_M3_IMBALANCED_A_L1_F3_H4_seed026_26_20260603_095231,S10,5000,200,6,M3_IMBALANCED,26,A,L1,F3,H4,V3,map_S10_M3_IMBALANCED_seed026,cb6ca239f7d186ff6b7b04f6ddd2406c4214fa02cbc82fef44058d2675e960be,266.972,487.818,192.206,379.449,25,1503,6.0943,0.0866,60.0,40.91,100.91,160.91,170.0,110.0,3.672,6.0,1.0,0.003,0.103,0.119,8452.052688,0.309589,0.0,3954,1410276,1410276,1.0,1760,1760,1.0,119904,0,1,S10|M3_IMBALANCED|26|A|L1|F3,true,false,false,/home/cyfer/FYP/WSN_simulation_V3/runs/S10_5000/outputs_production_50seed_part26_30/run_campaign_v3_S10_M3_IMBALANCED_A_L1_F3_H4_seed026_26_20260603_095231
campaign_v3_S10_M3_IMBALANCED_A_L1_F3_H4_seed027,campaign_v3_S10_M3_IMBALANCED_A_L1_F3_H4_seed027_27_20260603_095604,S10,5000,200,6,M3_IMBALANCED,27,A,L1,F3,H4,V3,map_S10_M3_IMBALANCED_seed027,59752a276c5d47a0b647333aa8c94c1bd8a0e4e0608a65312be59ec315374ab1,273.226,471.499,195.662,399.379,25,1321,5.4793,0.0836,60.0,43.118,103.118,163.118,170.0,110.0,5.928,6.0,1.0,0.015,0.726,0.234,8420.399346,0.31592,0.0,3940,1406516,1406516,1.0,1724,1724,1.0,119504,0,1,S10|M3_IMBALANCED|27|A|L1|F3,true,false,false,/home/cyfer/FYP/WSN_simulation_V3/runs/S10_5000/outputs_production_50seed_part26_30/run_campaign_v3_S10_M3_IMBALANCED_A_L1_F3_H4_seed027_27_20260603_095604
campaign_v3_S10_M3_IMBALANCED_A_L1_F3_H4_seed028,campaign_v3_S10_M3_IMBALANCED_A_L1_F3_H4_seed028_28_20260603_095946,S10,5000,200,6,M3_IMBALANCED,28,A,L1,F3,H4,V3,map_S10_M3_IMBALANCED_seed028,63c1eebffb177e215388081c3becad096b0be1a6a64b4feeada62f1c7d050d3d,274.269,507.193,192.769,390.797,25,1779,6.9902,0.0842,60.0,41.34,101.34,161.34,170.0,110.0,4.096,6.0,1.0,0.003,0.139,0.223,8475.482294,0.304904,0.0,3972,1409806,1409806,1.0,1742,1742,1.0,119854,0,1,S10|M3_IMBALANCED|28|A|L1|F3,true,false,false,/home/cyfer/FYP/WSN_simulation_V3/runs/S10_5000/outputs_production_50seed_part26_30/run_campaign_v3_S10_M3_IMBALANCED_A_L1_F3_H4_seed028_28_20260603_095946
campaign_v3_S10_M3_IMBALANCED_A_L1_F3_H4_seed029,campaign_v3_S10_M3_IMBALANCED_A_L1_F3_H4_seed029_29_20260603_100327,S10,5000,200,6,M3_IMBALANCED,29,A,L1,F3,H4,V3,map_S10_M3_IMBALANCED_seed029,b7a0d156a25e2f09a8da611fce0867266104e8db4cf436458cc1fe98c0fee5c2,267.655,500.643,190.291,408.032,25,1679,6.461,0.0876,60.0,40.724,100.724,160.724,170.0,110.0,3.719,6.0,1.0,0.003,0.127,0.11,8435.8129,0.312837,0.0,3942,1410041,1410041,1.0,1751,1751,1.0,119879,0,1,S10|M3_IMBALANCED|29|A|L1|F3,true,false,false,/home/cyfer/FYP/WSN_simulation_V3/runs/S10_5000/outputs_production_50seed_part26_30/run_campaign_v3_S10_M3_IMBALANCED_A_L1_F3_H4_seed029_29_20260603_100327
campaign_v3_S10_M3_IMBALANCED_A_L1_F3_H4_seed030,campaign_v3_S10_M3_IMBALANCED_A_L1_F3_H4_seed030_30_20260603_100659,S10,5000,200,6,M3_IMBALANCED,30,A,L1,F3,H4,V3,map_S10_M3_IMBALANCED_seed030,e4e75b0e016bbb6905fe27e68e217cc46fe3128df83ea0b0e820cc8fe47a09d1,271.616,483.28,195.159,378.219,25,1155,5.0293,0.0888,60.0,41.24,101.24,161.24,170.0,110.0,3.965,6.0,1.0,0.007,0.182,0.133,8458.377388,0.308325,0.0,3950,1409336,1409336,1.0,1751,1751,1.0,119804,0,1,S10|M3_IMBALANCED|30|A|L1|F3,true,false,false,/home/cyfer/FYP/WSN_simulation_V3/runs/S10_5000/outputs_production_50seed_part26_30/run_campaign_v3_S10_M3_IMBALANCED_A_L1_F3_H4_seed030_30_20260603_100659
campaign_v3_S10_M3_IMBALANCED_A_L1_F4_H0_seed026,campaign_v3_S10_M3_IMBALANCED_A_L1_F4_H0_seed026_26_20260603_095201,S10,5000,200,6,M3_IMBALANCED,26,A,L1,F4,H0,V2,map_S10_M3_IMBALANCED_seed026,cb6ca239f7d186ff6b7b04f6ddd2406c4214fa02cbc82fef44058d2675e960be,266.972,487.818,192.206,379.449,25,1503,6.0943,0.0866,60.0,-1.0,-1.0,-1.0,-1.0,-1.0,0.0,0.0,0.0,0.0,0.0,0.0,8450.86093,0.309828,0.0,3953,1409555,1409555,1.0,1756,1756,1.0,120035,1,0,S10|M3_IMBALANCED|26|A|L1|F4,false,false,true,/home/cyfer/FYP/WSN_simulation_V3/runs/S10_5000/outputs_production_50seed_part26_30/run_campaign_v3_S10_M3_IMBALANCED_A_L1_F4_H0_seed026_26_20260603_095201
campaign_v3_S10_M3_IMBALANCED_A_L1_F4_H0_seed027,campaign_v3_S10_M3_IMBALANCED_A_L1_F4_H0_seed027_27_20260603_095534,S10,5000,200,6,M3_IMBALANCED,27,A,L1,F4,H0,V2,map_S10_M3_IMBALANCED_seed027,59752a276c5d47a0b647333aa8c94c1bd8a0e4e0608a65312be59ec315374ab1,273.226,471.499,195.662,399.379,25,1321,5.4793,0.0836,60.0,-1.0,-1.0,-1.0,-1.0,-1.0,0.0,0.0,0.0,0.0,0.0,0.0,8428.692786,0.314261,0.0,3945,1409555,1409555,1.0,1720,1720,1.0,120035,1,0,S10|M3_IMBALANCED|27|A|L1|F4,false,false,true,/home/cyfer/FYP/WSN_simulation_V3/runs/S10_5000/outputs_production_50seed_part26_30/run_campaign_v3_S10_M3_IMBALANCED_A_L1_F4_H0_seed027_27_20260603_095534
campaign_v3_S10_M3_IMBALANCED_A_L1_F4_H0_seed028,campaign_v3_S10_M3_IMBALANCED_A_L1_F4_H0_seed028_28_20260603_095916,S10,5000,200,6,M3_IMBALANCED,28,A,L1,F4,H0,V2,map_S10_M3_IMBALANCED_seed028,63c1eebffb177e215388081c3becad096b0be1a6a64b4feeada62f1c7d050d3d,274.269,507.193,192.769,390.797,25,1779,6.9902,0.0842,60.0,-1.0,-1.0,-1.0,-1.0,-1.0,0.0,0.0,0.0,0.0,0.0,0.0,8478.018672,0.304396,0.0,3972,1410965,1410965,1.0,1738,1738,1.0,120005,1,0,S10|M3_IMBALANCED|28|A|L1|F4,false,false,true,/home/cyfer/FYP/WSN_simulation_V3/runs/S10_5000/outputs_production_50seed_part26_30/run_campaign_v3_S10_M3_IMBALANCED_A_L1_F4_H0_seed028_28_20260603_095916
campaign_v3_S10_M3_IMBALANCED_A_L1_F4_H0_seed029,campaign_v3_S10_M3_IMBALANCED_A_L1_F4_H0_seed029_29_20260603_100258,S10,5000,200,6,M3_IMBALANCED,29,A,L1,F4,H0,V2,map_S10_M3_IMBALANCED_seed029,b7a0d156a25e2f09a8da611fce0867266104e8db4cf436458cc1fe98c0fee5c2,267.655,500.643,190.291,408.032,25,1679,6.461,0.0876,60.0,-1.0,-1.0,-1.0,-1.0,-1.0,0.0,0.0,0.0,0.0,0.0,0.0,8434.415389,0.313117,0.0,3941,1409320,1409320,1.0,1747,1747,1.0,120040,1,0,S10|M3_IMBALANCED|29|A|L1|F4,false,false,true,/home/cyfer/FYP/WSN_simulation_V3/runs/S10_5000/outputs_production_50seed_part26_30/run_campaign_v3_S10_M3_IMBALANCED_A_L1_F4_H0_seed029_29_20260603_100258
campaign_v3_S10_M3_IMBALANCED_A_L1_F4_H0_seed030,campaign_v3_S10_M3_IMBALANCED_A_L1_F4_H0_seed030_30_20260603_100630,S10,5000,200,6,M3_IMBALANCED,30,A,L1,F4,H0,V2,map_S10_M3_IMBALANCED_seed030,e4e75b0e016bbb6905fe27e68e217cc46fe3128df83ea0b0e820cc8fe47a09d1,271.616,483.28,195.159,378.219,25,1155,5.0293,0.0888,60.0,-1.0,-1.0,-1.0,-1.0,-1.0,0.0,0.0,0.0,0.0,0.0,0.0,8460.434945,0.307913,0.0,3951,1410260,1410260,1.0,1747,1747,1.0,120020,1,0,S10|M3_IMBALANCED|30|A|L1|F4,false,false,true,/home/cyfer/FYP/WSN_simulation_V3/runs/S10_5000/outputs_production_50seed_part26_30/run_campaign_v3_S10_M3_IMBALANCED_A_L1_F4_H0_seed030_30_20260603_100630
campaign_v3_S10_M3_IMBALANCED_A_L1_F4_H1_seed026,campaign_v3_S10_M3_IMBALANCED_A_L1_F4_H1_seed026_26_20260603_095234,S10,5000,200,6,M3_IMBALANCED,26,A,L1,F4,H1,V3,map_S10_M3_IMBALANCED_seed026,cb6ca239f7d186ff6b7b04f6ddd2406c4214fa02cbc82fef44058d2675e960be,266.972,487.818,192.206,379.449,25,1503,6.0943,0.0866,60.0,37.649,97.649,157.649,160.0,100.0,3.958,6.0,1.0,0.005,0.159,0.155,8451.281876,0.309744,0.0,3953,1409725,1409725,1.0,1760,1760,1.0,119829,0,1,S10|M3_IMBALANCED|26|A|L1|F4,true,false,false,/home/cyfer/FYP/WSN_simulation_V3/runs/S10_5000/outputs_production_50seed_part26_30/run_campaign_v3_S10_M3_IMBALANCED_A_L1_F4_H1_seed026_26_20260603_095234
campaign_v3_S10_M3_IMBALANCED_A_L1_F4_H1_seed027,campaign_v3_S10_M3_IMBALANCED_A_L1_F4_H1_seed027_27_20260603_095607,S10,5000,200,6,M3_IMBALANCED,27,A,L1,F4,H1,V3,map_S10_M3_IMBALANCED_seed027,59752a276c5d47a0b647333aa8c94c1bd8a0e4e0608a65312be59ec315374ab1,273.226,471.499,195.662,399.379,25,1321,5.4793,0.0836,60.0,36.759,96.759,156.759,160.0,100.0,3.668,6.0,1.0,0.005,0.165,0.053,8429.243833,0.314151,0.0,3945,1409732,1409732,1.0,1724,1724,1.0,119829,0,1,S10|M3_IMBALANCED|27|A|L1|F4,true,false,false,/home/cyfer/FYP/WSN_simulation_V3/runs/S10_5000/outputs_production_50seed_part26_30/run_campaign_v3_S10_M3_IMBALANCED_A_L1_F4_H1_seed027_27_20260603_095607
campaign_v3_S10_M3_IMBALANCED_A_L1_F4_H1_seed028,campaign_v3_S10_M3_IMBALANCED_A_L1_F4_H1_seed028_28_20260603_095948,S10,5000,200,6,M3_IMBALANCED,28,A,L1,F4,H1,V3,map_S10_M3_IMBALANCED_seed028,63c1eebffb177e215388081c3becad096b0be1a6a64b4feeada62f1c7d050d3d,274.269,507.193,192.769,390.797,25,1779,6.9902,0.0842,60.0,37.58,97.58,157.58,160.0,100.0,3.604,6.0,1.0,0.001,0.026,0.175,8478.120166,0.304376,0.0,3972,1411003,1411003,1.0,1742,1742,1.0,119979,0,1,S10|M3_IMBALANCED|28|A|L1|F4,true,false,false,/home/cyfer/FYP/WSN_simulation_V3/runs/S10_5000/outputs_production_50seed_part26_30/run_campaign_v3_S10_M3_IMBALANCED_A_L1_F4_H1_seed028_28_20260603_095948
campaign_v3_S10_M3_IMBALANCED_A_L1_F4_H1_seed029,campaign_v3_S10_M3_IMBALANCED_A_L1_F4_H1_seed029_29_20260603_100330,S10,5000,200,6,M3_IMBALANCED,29,A,L1,F4,H1,V3,map_S10_M3_IMBALANCED_seed029,b7a0d156a25e2f09a8da611fce0867266104e8db4cf436458cc1fe98c0fee5c2,267.655,500.643,190.291,408.032,25,1679,6.461,0.0876,60.0,37.723,97.723,157.723,160.0,100.0,4.046,6.0,1.0,0.005,0.191,0.153,8434.953405,0.313009,0.0,3941,1409512,1409512,1.0,1751,1751,1.0,119804,0,1,S10|M3_IMBALANCED|29|A|L1|F4,true,false,false,/home/cyfer/FYP/WSN_simulation_V3/runs/S10_5000/outputs_production_50seed_part26_30/run_campaign_v3_S10_M3_IMBALANCED_A_L1_F4_H1_seed029_29_20260603_100330
campaign_v3_S10_M3_IMBALANCED_A_L1_F4_H1_seed030,campaign_v3_S10_M3_IMBALANCED_A_L1_F4_H1_seed030_30_20260603_100701,S10,5000,200,6,M3_IMBALANCED,30,A,L1,F4,H1,V3,map_S10_M3_IMBALANCED_seed030,e4e75b0e016bbb6905fe27e68e217cc46fe3128df83ea0b0e820cc8fe47a09d1,271.616,483.28,195.159,378.219,25,1155,5.0293,0.0888,60.0,36.551,96.551,156.551,160.0,100.0,3.538,6.0,1.0,0.003,0.089,0.087,8460.687859,0.307862,0.0,3951,1410368,1410368,1.0,1751,1751,1.0,119904,0,1,S10|M3_IMBALANCED|30|A|L1|F4,true,false,false,/home/cyfer/FYP/WSN_simulation_V3/runs/S10_5000/outputs_production_50seed_part26_30/run_campaign_v3_S10_M3_IMBALANCED_A_L1_F4_H1_seed030_30_20260603_100701
campaign_v3_S10_M3_IMBALANCED_A_L1_F4_H3_seed026,campaign_v3_S10_M3_IMBALANCED_A_L1_F4_H3_seed026_26_20260603_095236,S10,5000,200,6,M3_IMBALANCED,26,A,L1,F4,H3,V3,map_S10_M3_IMBALANCED_seed026,cb6ca239f7d186ff6b7b04f6ddd2406c4214fa02cbc82fef44058d2675e960be,266.972,487.818,192.206,379.449,25,1503,6.0943,0.0866,60.0,43.897,103.897,163.897,170.0,110.0,3.958,6.0,1.0,0.005,0.159,0.155,8451.102379,0.30978,0.0,3953,1409635,1409635,1.0,1760,1760,1.0,119829,0,1,S10|M3_IMBALANCED|26|A|L1|F4,true,false,false,/home/cyfer/FYP/WSN_simulation_V3/runs/S10_5000/outputs_production_50seed_part26_30/run_campaign_v3_S10_M3_IMBALANCED_A_L1_F4_H3_seed026_26_20260603_095236
campaign_v3_S10_M3_IMBALANCED_A_L1_F4_H3_seed027,campaign_v3_S10_M3_IMBALANCED_A_L1_F4_H3_seed027_27_20260603_095609,S10,5000,200,6,M3_IMBALANCED,27,A,L1,F4,H3,V3,map_S10_M3_IMBALANCED_seed027,59752a276c5d47a0b647333aa8c94c1bd8a0e4e0608a65312be59ec315374ab1,273.226,471.499,195.662,399.379,25,1321,5.4793,0.0836,60.0,43.555,103.555,163.555,170.0,110.0,3.668,6.0,1.0,0.005,0.165,0.053,8428.988687,0.314202,0.0,3945,1409635,1409635,1.0,1724,1724,1.0,119829,0,1,S10|M3_IMBALANCED|27|A|L1|F4,true,false,false,/home/cyfer/FYP/WSN_simulation_V3/runs/S10_5000/outputs_production_50seed_part26_30/run_campaign_v3_S10_M3_IMBALANCED_A_L1_F4_H3_seed027_27_20260603_095609
campaign_v3_S10_M3_IMBALANCED_A_L1_F4_H3_seed028,campaign_v3_S10_M3_IMBALANCED_A_L1_F4_H3_seed028_28_20260603_095951,S10,5000,200,6,M3_IMBALANCED,28,A,L1,F4,H3,V3,map_S10_M3_IMBALANCED_seed028,63c1eebffb177e215388081c3becad096b0be1a6a64b4feeada62f1c7d050d3d,274.269,507.193,192.769,390.797,25,1779,6.9902,0.0842,60.0,42.938,102.938,162.938,170.0,110.0,3.604,6.0,1.0,0.001,0.026,0.175,8478.112666,0.304377,0.0,3972,1410998,1410998,1.0,1742,1742,1.0,119979,0,1,S10|M3_IMBALANCED|28|A|L1|F4,true,false,false,/home/cyfer/FYP/WSN_simulation_V3/runs/S10_5000/outputs_production_50seed_part26_30/run_campaign_v3_S10_M3_IMBALANCED_A_L1_F4_H3_seed028_28_20260603_095951
campaign_v3_S10_M3_IMBALANCED_A_L1_F4_H3_seed029,campaign_v3_S10_M3_IMBALANCED_A_L1_F4_H3_seed029_29_20260603_100332,S10,5000,200,6,M3_IMBALANCED,29,A,L1,F4,H3,V3,map_S10_M3_IMBALANCED_seed029,b7a0d156a25e2f09a8da611fce0867266104e8db4cf436458cc1fe98c0fee5c2,267.655,500.643,190.291,408.032,25,1679,6.461,0.0876,60.0,43.148,103.148,163.148,170.0,110.0,4.046,6.0,1.0,0.005,0.191,0.153,8434.671443,0.313066,0.0,3941,1409400,1409400,1.0,1751,1751,1.0,119804,0,1,S10|M3_IMBALANCED|29|A|L1|F4,true,false,false,/home/cyfer/FYP/WSN_simulation_V3/runs/S10_5000/outputs_production_50seed_part26_30/run_campaign_v3_S10_M3_IMBALANCED_A_L1_F4_H3_seed029_29_20260603_100332
campaign_v3_S10_M3_IMBALANCED_A_L1_F4_H3_seed030,campaign_v3_S10_M3_IMBALANCED_A_L1_F4_H3_seed030_30_20260603_100704,S10,5000,200,6,M3_IMBALANCED,30,A,L1,F4,H3,V3,map_S10_M3_IMBALANCED_seed030,e4e75b0e016bbb6905fe27e68e217cc46fe3128df83ea0b0e820cc8fe47a09d1,271.616,483.28,195.159,378.219,25,1155,5.0293,0.0888,60.0,42.617,102.617,162.617,170.0,110.0,3.538,6.0,1.0,0.003,0.089,0.087,8460.577555,0.307884,0.0,3951,1410310,1410310,1.0,1751,1751,1.0,119904,0,1,S10|M3_IMBALANCED|30|A|L1|F4,true,false,false,/home/cyfer/FYP/WSN_simulation_V3/runs/S10_5000/outputs_production_50seed_part26_30/run_campaign_v3_S10_M3_IMBALANCED_A_L1_F4_H3_seed030_30_20260603_100704
campaign_v3_S10_M3_IMBALANCED_A_L1_F4_H4_seed026,campaign_v3_S10_M3_IMBALANCED_A_L1_F4_H4_seed026_26_20260603_095238,S10,5000,200,6,M3_IMBALANCED,26,A,L1,F4,H4,V3,map_S10_M3_IMBALANCED_seed026,cb6ca239f7d186ff6b7b04f6ddd2406c4214fa02cbc82fef44058d2675e960be,266.972,487.818,192.206,379.449,25,1503,6.0943,0.0866,60.0,47.737,107.737,167.737,170.0,110.0,3.958,6.0,1.0,0.005,0.159,0.155,8450.38638,0.309923,0.0,3953,1409290,1409290,1.0,1760,1760,1.0,119758,0,1,S10|M3_IMBALANCED|26|A|L1|F4,true,false,false,/home/cyfer/FYP/WSN_simulation_V3/runs/S10_5000/outputs_production_50seed_part26_30/run_campaign_v3_S10_M3_IMBALANCED_A_L1_F4_H4_seed026_26_20260603_095238
campaign_v3_S10_M3_IMBALANCED_A_L1_F4_H4_seed027,campaign_v3_S10_M3_IMBALANCED_A_L1_F4_H4_seed027_27_20260603_095612,S10,5000,200,6,M3_IMBALANCED,27,A,L1,F4,H4,V3,map_S10_M3_IMBALANCED_seed027,59752a276c5d47a0b647333aa8c94c1bd8a0e4e0608a65312be59ec315374ab1,273.226,471.499,195.662,399.379,25,1321,5.4793,0.0836,60.0,46.897,106.897,166.897,170.0,110.0,3.668,6.0,1.0,0.005,0.165,0.053,8427.622361,0.314476,0.0,3945,1409038,1409038,1.0,1724,1724,1.0,119708,0,1,S10|M3_IMBALANCED|27|A|L1|F4,true,false,false,/home/cyfer/FYP/WSN_simulation_V3/runs/S10_5000/outputs_production_50seed_part26_30/run_campaign_v3_S10_M3_IMBALANCED_A_L1_F4_H4_seed027_27_20260603_095612
campaign_v3_S10_M3_IMBALANCED_A_L1_F4_H4_seed028,campaign_v3_S10_M3_IMBALANCED_A_L1_F4_H4_seed028_28_20260603_095953,S10,5000,200,6,M3_IMBALANCED,28,A,L1,F4,H4,V3,map_S10_M3_IMBALANCED_seed028,63c1eebffb177e215388081c3becad096b0be1a6a64b4feeada62f1c7d050d3d,274.269,507.193,192.769,390.797,25,1779,6.9902,0.0842,60.0,46.925,106.925,166.925,170.0,110.0,3.604,6.0,1.0,0.001,0.026,0.175,8477.224224,0.304555,0.0,3972,1410626,1410626,1.0,1742,1742,1.0,119908,0,1,S10|M3_IMBALANCED|28|A|L1|F4,true,false,false,/home/cyfer/FYP/WSN_simulation_V3/runs/S10_5000/outputs_production_50seed_part26_30/run_campaign_v3_S10_M3_IMBALANCED_A_L1_F4_H4_seed028_28_20260603_095953
campaign_v3_S10_M3_IMBALANCED_A_L1_F4_H4_seed029,campaign_v3_S10_M3_IMBALANCED_A_L1_F4_H4_seed029_29_20260603_100334,S10,5000,200,6,M3_IMBALANCED,29,A,L1,F4,H4,V3,map_S10_M3_IMBALANCED_seed029,b7a0d156a25e2f09a8da611fce0867266104e8db4cf436458cc1fe98c0fee5c2,267.655,500.643,190.291,408.032,25,1679,6.461,0.0876,60.0,47.943,107.943,167.943,170.0,110.0,4.046,6.0,1.0,0.005,0.191,0.153,8432.410522,0.313518,0.0,3940,1408178,1408178,1.0,1751,1751,1.0,119558,0,1,S10|M3_IMBALANCED|29|A|L1|F4,true,false,false,/home/cyfer/FYP/WSN_simulation_V3/runs/S10_5000/outputs_production_50seed_part26_30/run_campaign_v3_S10_M3_IMBALANCED_A_L1_F4_H4_seed029_29_20260603_100334
campaign_v3_S10_M3_IMBALANCED_A_L1_F4_H4_seed030,campaign_v3_S10_M3_IMBALANCED_A_L1_F4_H4_seed030_30_20260603_100706,S10,5000,200,6,M3_IMBALANCED,30,A,L1,F4,H4,V3,map_S10_M3_IMBALANCED_seed030,e4e75b0e016bbb6905fe27e68e217cc46fe3128df83ea0b0e820cc8fe47a09d1,271.616,483.28,195.159,378.219,25,1155,5.0293,0.0888,60.0,47.143,107.143,167.143,170.0,110.0,3.538,6.0,1.0,0.003,0.089,0.087,8460.603446,0.307879,0.0,3951,1410324,1410324,1.0,1751,1751,1.0,119904,0,1,S10|M3_IMBALANCED|30|A|L1|F4,true,false,false,/home/cyfer/FYP/WSN_simulation_V3/runs/S10_5000/outputs_production_50seed_part26_30/run_campaign_v3_S10_M3_IMBALANCED_A_L1_F4_H4_seed030_30_20260603_100706
campaign_v3_S10_M3_IMBALANCED_A_L2_F0_H0_seed026,campaign_v3_S10_M3_IMBALANCED_A_L2_F0_H0_seed026_26_20260603_095241,S10,5000,200,6,M3_IMBALANCED,26,A,L2,F0,H0,V1,map_S10_M3_IMBALANCED_seed026,cb6ca239f7d186ff6b7b04f6ddd2406c4214fa02cbc82fef44058d2675e960be,266.972,487.818,192.206,379.449,25,1503,6.0943,0.0866,0.0,-1.0,-1.0,-1.0,-1.0,-1.0,0.0,0.0,0.0,0.0,0.0,0.0,8711.886327,0.257623,0.0,3991,1411200,1411200,1.0,1764,1764,1.0,120000,0,0,S10|M3_IMBALANCED|26|A|L2|F0,false,true,false,/home/cyfer/FYP/WSN_simulation_V3/runs/S10_5000/outputs_production_50seed_part26_30/run_campaign_v3_S10_M3_IMBALANCED_A_L2_F0_H0_seed026_26_20260603_095241
campaign_v3_S10_M3_IMBALANCED_A_L2_F0_H0_seed027,campaign_v3_S10_M3_IMBALANCED_A_L2_F0_H0_seed027_27_20260603_095614,S10,5000,200,6,M3_IMBALANCED,27,A,L2,F0,H0,V1,map_S10_M3_IMBALANCED_seed027,59752a276c5d47a0b647333aa8c94c1bd8a0e4e0608a65312be59ec315374ab1,273.226,471.499,195.662,399.379,25,1321,5.4793,0.0836,0.0,-1.0,-1.0,-1.0,-1.0,-1.0,0.0,0.0,0.0,0.0,0.0,0.0,8681.666873,0.263667,0.0,3977,1411200,1411200,1.0,1728,1728,1.0,120000,0,0,S10|M3_IMBALANCED|27|A|L2|F0,false,true,false,/home/cyfer/FYP/WSN_simulation_V3/runs/S10_5000/outputs_production_50seed_part26_30/run_campaign_v3_S10_M3_IMBALANCED_A_L2_F0_H0_seed027_27_20260603_095614
campaign_v3_S10_M3_IMBALANCED_A_L2_F0_H0_seed028,campaign_v3_S10_M3_IMBALANCED_A_L2_F0_H0_seed028_28_20260603_095956,S10,5000,200,6,M3_IMBALANCED,28,A,L2,F0,H0,V1,map_S10_M3_IMBALANCED_seed028,63c1eebffb177e215388081c3becad096b0be1a6a64b4feeada62f1c7d050d3d,274.269,507.193,192.769,390.797,25,1779,6.9902,0.0842,0.0,-1.0,-1.0,-1.0,-1.0,-1.0,0.0,0.0,0.0,0.0,0.0,0.0,8718.653032,0.256269,0.0,4004,1411200,1411200,1.0,1746,1746,1.0,120000,0,0,S10|M3_IMBALANCED|28|A|L2|F0,false,true,false,/home/cyfer/FYP/WSN_simulation_V3/runs/S10_5000/outputs_production_50seed_part26_30/run_campaign_v3_S10_M3_IMBALANCED_A_L2_F0_H0_seed028_28_20260603_095956
campaign_v3_S10_M3_IMBALANCED_A_L2_F0_H0_seed029,campaign_v3_S10_M3_IMBALANCED_A_L2_F0_H0_seed029_29_20260603_100337,S10,5000,200,6,M3_IMBALANCED,29,A,L2,F0,H0,V1,map_S10_M3_IMBALANCED_seed029,b7a0d156a25e2f09a8da611fce0867266104e8db4cf436458cc1fe98c0fee5c2,267.655,500.643,190.291,408.032,25,1679,6.461,0.0876,0.0,-1.0,-1.0,-1.0,-1.0,-1.0,0.0,0.0,0.0,0.0,0.0,0.0,8691.907076,0.261619,0.0,3974,1411200,1411200,1.0,1755,1755,1.0,120000,0,0,S10|M3_IMBALANCED|29|A|L2|F0,false,true,false,/home/cyfer/FYP/WSN_simulation_V3/runs/S10_5000/outputs_production_50seed_part26_30/run_campaign_v3_S10_M3_IMBALANCED_A_L2_F0_H0_seed029_29_20260603_100337
campaign_v3_S10_M3_IMBALANCED_A_L2_F0_H0_seed030,campaign_v3_S10_M3_IMBALANCED_A_L2_F0_H0_seed030_30_20260603_100709,S10,5000,200,6,M3_IMBALANCED,30,A,L2,F0,H0,V1,map_S10_M3_IMBALANCED_seed030,e4e75b0e016bbb6905fe27e68e217cc46fe3128df83ea0b0e820cc8fe47a09d1,271.616,483.28,195.159,378.219,25,1155,5.0293,0.0888,0.0,-1.0,-1.0,-1.0,-1.0,-1.0,0.0,0.0,0.0,0.0,0.0,0.0,8715.232466,0.256954,0.0,3996,1411200,1411200,1.0,1755,1755,1.0,120000,0,0,S10|M3_IMBALANCED|30|A|L2|F0,false,true,false,/home/cyfer/FYP/WSN_simulation_V3/runs/S10_5000/outputs_production_50seed_part26_30/run_campaign_v3_S10_M3_IMBALANCED_A_L2_F0_H0_seed030_30_20260603_100709
campaign_v3_S10_M3_IMBALANCED_A_L2_F1_H0_seed026,campaign_v3_S10_M3_IMBALANCED_A_L2_F1_H0_seed026_26_20260603_095244,S10,5000,200,6,M3_IMBALANCED,26,A,L2,F1,H0,V2,map_S10_M3_IMBALANCED_seed026,cb6ca239f7d186ff6b7b04f6ddd2406c4214fa02cbc82fef44058d2675e960be,266.972,487.818,192.206,379.449,25,1503,6.0943,0.0866,60.0,-1.0,-1.0,-1.0,-1.0,-1.0,0.0,0.0,0.0,0.0,0.0,0.0,8706.884048,0.258287,0.0,3991,1409555,1409555,1.0,1756,1756,1.0,120035,1,0,S10|M3_IMBALANCED|26|A|L2|F1,false,false,true,/home/cyfer/FYP/WSN_simulation_V3/runs/S10_5000/outputs_production_50seed_part26_30/run_campaign_v3_S10_M3_IMBALANCED_A_L2_F1_H0_seed026_26_20260603_095244
campaign_v3_S10_M3_IMBALANCED_A_L2_F1_H0_seed027,campaign_v3_S10_M3_IMBALANCED_A_L2_F1_H0_seed027_27_20260603_095617,S10,5000,200,6,M3_IMBALANCED,27,A,L2,F1,H0,V2,map_S10_M3_IMBALANCED_seed027,59752a276c5d47a0b647333aa8c94c1bd8a0e4e0608a65312be59ec315374ab1,273.226,471.499,195.662,399.379,25,1321,5.4793,0.0836,60.0,-1.0,-1.0,-1.0,-1.0,-1.0,0.0,0.0,0.0,0.0,0.0,0.0,8676.220105,0.264422,0.0,3977,1409555,1409555,1.0,1720,1720,1.0,120035,1,0,S10|M3_IMBALANCED|27|A|L2|F1,false,false,true,/home/cyfer/FYP/WSN_simulation_V3/runs/S10_5000/outputs_production_50seed_part26_30/run_campaign_v3_S10_M3_IMBALANCED_A_L2_F1_H0_seed027_27_20260603_095617
campaign_v3_S10_M3_IMBALANCED_A_L2_F1_H0_seed028,campaign_v3_S10_M3_IMBALANCED_A_L2_F1_H0_seed028_28_20260603_095958,S10,5000,200,6,M3_IMBALANCED,28,A,L2,F1,H0,V2,map_S10_M3_IMBALANCED_seed028,63c1eebffb177e215388081c3becad096b0be1a6a64b4feeada62f1c7d050d3d,274.269,507.193,192.769,390.797,25,1779,6.9902,0.0842,60.0,-1.0,-1.0,-1.0,-1.0,-1.0,0.0,0.0,0.0,0.0,0.0,0.0,8717.922578,0.256026,0.0,4005,1410965,1410965,1.0,1738,1738,1.0,120005,1,0,S10|M3_IMBALANCED|28|A|L2|F1,false,false,true,/home/cyfer/FYP/WSN_simulation_V3/runs/S10_5000/outputs_production_50seed_part26_30/run_campaign_v3_S10_M3_IMBALANCED_A_L2_F1_H0_seed028_28_20260603_095958
campaign_v3_S10_M3_IMBALANCED_A_L2_F1_H0_seed029,campaign_v3_S10_M3_IMBALANCED_A_L2_F1_H0_seed029_29_20260603_100339,S10,5000,200,6,M3_IMBALANCED,29,A,L2,F1,H0,V2,map_S10_M3_IMBALANCED_seed029,b7a0d156a25e2f09a8da611fce0867266104e8db4cf436458cc1fe98c0fee5c2,267.655,500.643,190.291,408.032,25,1679,6.461,0.0876,60.0,-1.0,-1.0,-1.0,-1.0,-1.0,0.0,0.0,0.0,0.0,0.0,0.0,8685.687476,0.262539,0.0,3974,1409320,1409320,1.0,1747,1747,1.0,120040,1,0,S10|M3_IMBALANCED|29|A|L2|F1,false,false,true,/home/cyfer/FYP/WSN_simulation_V3/runs/S10_5000/outputs_production_50seed_part26_30/run_campaign_v3_S10_M3_IMBALANCED_A_L2_F1_H0_seed029_29_20260603_100339
campaign_v3_S10_M3_IMBALANCED_A_L2_F1_H0_seed030,campaign_v3_S10_M3_IMBALANCED_A_L2_F1_H0_seed030_30_20260603_100712,S10,5000,200,6,M3_IMBALANCED,30,A,L2,F1,H0,V2,map_S10_M3_IMBALANCED_seed030,e4e75b0e016bbb6905fe27e68e217cc46fe3128df83ea0b0e820cc8fe47a09d1,271.616,483.28,195.159,378.219,25,1155,5.0293,0.0888,60.0,-1.0,-1.0,-1.0,-1.0,-1.0,0.0,0.0,0.0,0.0,0.0,0.0,8712.530963,0.257129,0.0,3997,1410260,1410260,1.0,1747,1747,1.0,120020,1,0,S10|M3_IMBALANCED|30|A|L2|F1,false,false,true,/home/cyfer/FYP/WSN_simulation_V3/runs/S10_5000/outputs_production_50seed_part26_30/run_campaign_v3_S10_M3_IMBALANCED_A_L2_F1_H0_seed030_30_20260603_100712
campaign_v3_S10_M3_IMBALANCED_A_L2_F1_H1_seed026,campaign_v3_S10_M3_IMBALANCED_A_L2_F1_H1_seed026_26_20260603_095257,S10,5000,200,6,M3_IMBALANCED,26,A,L2,F1,H1,V3,map_S10_M3_IMBALANCED_seed026,cb6ca239f7d186ff6b7b04f6ddd2406c4214fa02cbc82fef44058d2675e960be,266.972,487.818,192.206,379.449,25,1503,6.0943,0.0866,60.0,22.47,82.47,142.47,150.0,90.0,6.48,6.0,1.0,0.005,1.0,0.155,8709.852583,0.257693,0.0,3991,1410619,1410619,1.0,1761,1761,1.0,120000,0,1,S10|M3_IMBALANCED|26|A|L2|F1,true,false,false,/home/cyfer/FYP/WSN_simulation_V3/runs/S10_5000/outputs_production_50seed_part26_30/run_campaign_v3_S10_M3_IMBALANCED_A_L2_F1_H1_seed026_26_20260603_095257
campaign_v3_S10_M3_IMBALANCED_A_L2_F1_H1_seed027,campaign_v3_S10_M3_IMBALANCED_A_L2_F1_H1_seed027_27_20260603_095632,S10,5000,200,6,M3_IMBALANCED,27,A,L2,F1,H1,V3,map_S10_M3_IMBALANCED_seed027,59752a276c5d47a0b647333aa8c94c1bd8a0e4e0608a65312be59ec315374ab1,273.226,471.499,195.662,399.379,25,1321,5.4793,0.0836,60.0,21.307,81.307,141.307,150.0,90.0,6.174,6.0,1.0,0.005,1.0,0.053,8680.402391,0.263585,0.0,3977,1410626,1410626,1.0,1725,1725,1.0,120000,0,1,S10|M3_IMBALANCED|27|A|L2|F1,true,false,false,/home/cyfer/FYP/WSN_simulation_V3/runs/S10_5000/outputs_production_50seed_part26_30/run_campaign_v3_S10_M3_IMBALANCED_A_L2_F1_H1_seed027_27_20260603_095632
campaign_v3_S10_M3_IMBALANCED_A_L2_F1_H1_seed028,campaign_v3_S10_M3_IMBALANCED_A_L2_F1_H1_seed028_28_20260603_100012,S10,5000,200,6,M3_IMBALANCED,28,A,L2,F1,H1,V3,map_S10_M3_IMBALANCED_seed028,63c1eebffb177e215388081c3becad096b0be1a6a64b4feeada62f1c7d050d3d,274.269,507.193,192.769,390.797,25,1779,6.9902,0.0842,60.0,21.918,81.918,141.918,150.0,90.0,6.526,6.0,1.0,0.001,1.0,0.175,8718.282385,0.255954,0.0,4005,1411118,1411118,1.0,1743,1743,1.0,120000,0,1,S10|M3_IMBALANCED|28|A|L2|F1,true,false,false,/home/cyfer/FYP/WSN_simulation_V3/runs/S10_5000/outputs_production_50seed_part26_30/run_campaign_v3_S10_M3_IMBALANCED_A_L2_F1_H1_seed028_28_20260603_100012
campaign_v3_S10_M3_IMBALANCED_A_L2_F1_H1_seed029,campaign_v3_S10_M3_IMBALANCED_A_L2_F1_H1_seed029_29_20260603_100352,S10,5000,200,6,M3_IMBALANCED,29,A,L2,F1,H1,V3,map_S10_M3_IMBALANCED_seed029,b7a0d156a25e2f09a8da611fce0867266104e8db4cf436458cc1fe98c0fee5c2,267.655,500.643,190.291,408.032,25,1679,6.461,0.0876,60.0,21.498,81.498,141.498,150.0,90.0,6.472,6.0,1.0,0.005,1.0,0.153,8689.75048,0.261726,0.0,3974,1410544,1410544,1.0,1752,1752,1.0,120000,0,1,S10|M3_IMBALANCED|29|A|L2|F1,true,false,false,/home/cyfer/FYP/WSN_simulation_V3/runs/S10_5000/outputs_production_50seed_part26_30/run_campaign_v3_S10_M3_IMBALANCED_A_L2_F1_H1_seed029_29_20260603_100352
campaign_v3_S10_M3_IMBALANCED_A_L2_F1_H1_seed030,campaign_v3_S10_M3_IMBALANCED_A_L2_F1_H1_seed030_30_20260603_100725,S10,5000,200,6,M3_IMBALANCED,30,A,L2,F1,H1,V3,map_S10_M3_IMBALANCED_seed030,e4e75b0e016bbb6905fe27e68e217cc46fe3128df83ea0b0e820cc8fe47a09d1,271.616,483.28,195.159,378.219,25,1155,5.0293,0.0888,60.0,21.421,81.421,141.421,150.0,90.0,6.272,6.0,1.0,0.003,1.0,0.087,8714.156365,0.256804,0.0,3997,1410872,1410872,1.0,1752,1752,1.0,120000,0,1,S10|M3_IMBALANCED|30|A|L2|F1,true,false,false,/home/cyfer/FYP/WSN_simulation_V3/runs/S10_5000/outputs_production_50seed_part26_30/run_campaign_v3_S10_M3_IMBALANCED_A_L2_F1_H1_seed030_30_20260603_100725
campaign_v3_S10_M3_IMBALANCED_A_L2_F1_H3_seed026,campaign_v3_S10_M3_IMBALANCED_A_L2_F1_H3_seed026_26_20260603_095302,S10,5000,200,6,M3_IMBALANCED,26,A,L2,F1,H3,V3,map_S10_M3_IMBALANCED_seed026,cb6ca239f7d186ff6b7b04f6ddd2406c4214fa02cbc82fef44058d2675e960be,266.972,487.818,192.206,379.449,25,1503,6.0943,0.0866,60.0,28.352,88.352,148.352,150.0,90.0,6.48,6.0,1.0,0.005,1.0,0.155,8708.568528,0.25795,0.0,3991,1410139,1410139,1.0,1761,1761,1.0,119925,0,1,S10|M3_IMBALANCED|26|A|L2|F1,true,false,false,/home/cyfer/FYP/WSN_simulation_V3/runs/S10_5000/outputs_production_50seed_part26_30/run_campaign_v3_S10_M3_IMBALANCED_A_L2_F1_H3_seed026_26_20260603_095302
campaign_v3_S10_M3_IMBALANCED_A_L2_F1_H3_seed027,campaign_v3_S10_M3_IMBALANCED_A_L2_F1_H3_seed027_27_20260603_095637,S10,5000,200,6,M3_IMBALANCED,27,A,L2,F1,H3,V3,map_S10_M3_IMBALANCED_seed027,59752a276c5d47a0b647333aa8c94c1bd8a0e4e0608a65312be59ec315374ab1,273.226,471.499,195.662,399.379,25,1321,5.4793,0.0836,60.0,27.756,87.756,147.756,150.0,90.0,6.174,6.0,1.0,0.005,1.0,0.053,8678.695415,0.263927,0.0,3977,1410143,1410143,1.0,1725,1725,1.0,119925,0,1,S10|M3_IMBALANCED|27|A|L2|F1,true,false,false,/home/cyfer/FYP/WSN_simulation_V3/runs/S10_5000/outputs_production_50seed_part26_30/run_campaign_v3_S10_M3_IMBALANCED_A_L2_F1_H3_seed027_27_20260603_095637
campaign_v3_S10_M3_IMBALANCED_A_L2_F1_H3_seed028,campaign_v3_S10_M3_IMBALANCED_A_L2_F1_H3_seed028_28_20260603_100021,S10,5000,200,6,M3_IMBALANCED,28,A,L2,F1,H3,V3,map_S10_M3_IMBALANCED_seed028,63c1eebffb177e215388081c3becad096b0be1a6a64b4feeada62f1c7d050d3d,274.269,507.193,192.769,390.797,25,1779,6.9902,0.0842,60.0,27.649,87.649,147.649,150.0,90.0,6.526,6.0,1.0,0.001,1.0,0.175,8718.270505,0.255956,0.0,4005,1411112,1411112,1.0,1743,1743,1.0,120000,0,1,S10|M3_IMBALANCED|28|A|L2|F1,true,false,false,/home/cyfer/FYP/WSN_simulation_V3/runs/S10_5000/outputs_production_50seed_part26_30/run_campaign_v3_S10_M3_IMBALANCED_A_L2_F1_H3_seed028_28_20260603_100021
campaign_v3_S10_M3_IMBALANCED_A_L2_F1_H3_seed029,campaign_v3_S10_M3_IMBALANCED_A_L2_F1_H3_seed029_29_20260603_100357,S10,5000,200,6,M3_IMBALANCED,29,A,L2,F1,H3,V3,map_S10_M3_IMBALANCED_seed029,b7a0d156a25e2f09a8da611fce0867266104e8db4cf436458cc1fe98c0fee5c2,267.655,500.643,190.291,408.032,25,1679,6.461,0.0876,60.0,27.792,87.792,147.792,150.0,90.0,6.472,6.0,1.0,0.005,1.0,0.153,8687.522178,0.262172,0.0,3974,1409908,1409908,1.0,1752,1752,1.0,119900,0,1,S10|M3_IMBALANCED|29|A|L2|F1,true,false,false,/home/cyfer/FYP/WSN_simulation_V3/runs/S10_5000/outputs_production_50seed_part26_30/run_campaign_v3_S10_M3_IMBALANCED_A_L2_F1_H3_seed029_29_20260603_100357
campaign_v3_S10_M3_IMBALANCED_A_L2_F1_H3_seed030,campaign_v3_S10_M3_IMBALANCED_A_L2_F1_H3_seed030_30_20260603_100730,S10,5000,200,6,M3_IMBALANCED,30,A,L2,F1,H3,V3,map_S10_M3_IMBALANCED_seed030,e4e75b0e016bbb6905fe27e68e217cc46fe3128df83ea0b0e820cc8fe47a09d1,271.616,483.28,195.159,378.219,25,1155,5.0293,0.0888,60.0,27.584,87.584,147.584,150.0,90.0,6.272,6.0,1.0,0.003,1.0,0.087,8713.349701,0.256965,0.0,3997,1410554,1410554,1.0,1752,1752,1.0,119950,0,1,S10|M3_IMBALANCED|30|A|L2|F1,true,false,false,/home/cyfer/FYP/WSN_simulation_V3/runs/S10_5000/outputs_production_50seed_part26_30/run_campaign_v3_S10_M3_IMBALANCED_A_L2_F1_H3_seed030_30_20260603_100730
campaign_v3_S10_M3_IMBALANCED_A_L2_F1_H4_seed026,campaign_v3_S10_M3_IMBALANCED_A_L2_F1_H4_seed026_26_20260603_095307,S10,5000,200,6,M3_IMBALANCED,26,A,L2,F1,H4,V3,map_S10_M3_IMBALANCED_seed026,cb6ca239f7d186ff6b7b04f6ddd2406c4214fa02cbc82fef44058d2675e960be,266.972,487.818,192.206,379.449,25,1503,6.0943,0.0866,60.0,31.951,91.951,151.951,160.0,100.0,6.48,6.0,1.0,0.005,1.0,0.155,8708.497377,0.257964,0.0,3991,1410143,1410143,1.0,1760,1760,1.0,119929,0,1,S10|M3_IMBALANCED|26|A|L2|F1,true,false,false,/home/cyfer/FYP/WSN_simulation_V3/runs/S10_5000/outputs_production_50seed_part26_30/run_campaign_v3_S10_M3_IMBALANCED_A_L2_F1_H4_seed026_26_20260603_095307
campaign_v3_S10_M3_IMBALANCED_A_L2_F1_H4_seed027,campaign_v3_S10_M3_IMBALANCED_A_L2_F1_H4_seed027_27_20260603_095643,S10,5000,200,6,M3_IMBALANCED,27,A,L2,F1,H4,V3,map_S10_M3_IMBALANCED_seed027,59752a276c5d47a0b647333aa8c94c1bd8a0e4e0608a65312be59ec315374ab1,273.226,471.499,195.662,399.379,25,1321,5.4793,0.0836,60.0,31.828,91.828,151.828,160.0,100.0,6.174,6.0,1.0,0.005,1.0,0.053,8677.916423,0.264083,0.0,3977,1409857,1409857,1.0,1724,1724,1.0,119879,0,1,S10|M3_IMBALANCED|27|A|L2|F1,true,false,false,/home/cyfer/FYP/WSN_simulation_V3/runs/S10_5000/outputs_production_50seed_part26_30/run_campaign_v3_S10_M3_IMBALANCED_A_L2_F1_H4_seed027_27_20260603_095643
campaign_v3_S10_M3_IMBALANCED_A_L2_F1_H4_seed028,campaign_v3_S10_M3_IMBALANCED_A_L2_F1_H4_seed028_28_20260603_100026,S10,5000,200,6,M3_IMBALANCED,28,A,L2,F1,H4,V3,map_S10_M3_IMBALANCED_seed028,63c1eebffb177e215388081c3becad096b0be1a6a64b4feeada62f1c7d050d3d,274.269,507.193,192.769,390.797,25,1779,6.9902,0.0842,60.0,32.417,92.417,152.417,160.0,100.0,6.526,6.0,1.0,0.001,1.0,0.175,8716.886471,0.256233,0.0,4005,1410697,1410697,1.0,1742,1742,1.0,119929,0,1,S10|M3_IMBALANCED|28|A|L2|F1,true,false,false,/home/cyfer/FYP/WSN_simulation_V3/runs/S10_5000/outputs_production_50seed_part26_30/run_campaign_v3_S10_M3_IMBALANCED_A_L2_F1_H4_seed028_28_20260603_100026
campaign_v3_S10_M3_IMBALANCED_A_L2_F1_H4_seed029,campaign_v3_S10_M3_IMBALANCED_A_L2_F1_H4_seed029_29_20260603_100402,S10,5000,200,6,M3_IMBALANCED,29,A,L2,F1,H4,V3,map_S10_M3_IMBALANCED_seed029,b7a0d156a25e2f09a8da611fce0867266104e8db4cf436458cc1fe98c0fee5c2,267.655,500.643,190.291,408.032,25,1679,6.461,0.0876,60.0,32.008,92.008,152.008,160.0,100.0,6.472,6.0,1.0,0.005,1.0,0.153,8685.462534,0.262584,0.0,3973,1409052,1409052,1.0,1751,1751,1.0,119754,0,1,S10|M3_IMBALANCED|29|A|L2|F1,true,false,false,/home/cyfer/FYP/WSN_simulation_V3/runs/S10_5000/outputs_production_50seed_part26_30/run_campaign_v3_S10_M3_IMBALANCED_A_L2_F1_H4_seed029_29_20260603_100402
campaign_v3_S10_M3_IMBALANCED_A_L2_F1_H4_seed030,campaign_v3_S10_M3_IMBALANCED_A_L2_F1_H4_seed030_30_20260603_100735,S10,5000,200,6,M3_IMBALANCED,30,A,L2,F1,H4,V3,map_S10_M3_IMBALANCED_seed030,e4e75b0e016bbb6905fe27e68e217cc46fe3128df83ea0b0e820cc8fe47a09d1,271.616,483.28,195.159,378.219,25,1155,5.0293,0.0888,60.0,31.561,91.561,151.561,160.0,100.0,6.272,6.0,1.0,0.003,1.0,0.087,8714.045692,0.256826,0.0,3997,1410832,1410832,1.0,1751,1751,1.0,120000,0,1,S10|M3_IMBALANCED|30|A|L2|F1,true,false,false,/home/cyfer/FYP/WSN_simulation_V3/runs/S10_5000/outputs_production_50seed_part26_30/run_campaign_v3_S10_M3_IMBALANCED_A_L2_F1_H4_seed030_30_20260603_100735
campaign_v3_S10_M3_IMBALANCED_A_L2_F2_H0_seed026,campaign_v3_S10_M3_IMBALANCED_A_L2_F2_H0_seed026_26_20260603_095249,S10,5000,200,6,M3_IMBALANCED,26,A,L2,F2,H0,V2,map_S10_M3_IMBALANCED_seed026,cb6ca239f7d186ff6b7b04f6ddd2406c4214fa02cbc82fef44058d2675e960be,266.972,487.818,192.206,379.449,25,1503,6.0943,0.0866,60.0,-1.0,-1.0,-1.0,-1.0,-1.0,0.0,0.0,0.0,0.0,0.0,0.0,8709.783616,0.258043,0.0,3991,1410495,1410495,1.0,1756,1756,1.0,120015,1,0,S10|M3_IMBALANCED|26|A|L2|F2,false,false,true,/home/cyfer/FYP/WSN_simulation_V3/runs/S10_5000/outputs_production_50seed_part26_30/run_campaign_v3_S10_M3_IMBALANCED_A_L2_F2_H0_seed026_26_20260603_095249
campaign_v3_S10_M3_IMBALANCED_A_L2_F2_H0_seed027,campaign_v3_S10_M3_IMBALANCED_A_L2_F2_H0_seed027_27_20260603_095623,S10,5000,200,6,M3_IMBALANCED,27,A,L2,F2,H0,V2,map_S10_M3_IMBALANCED_seed027,59752a276c5d47a0b647333aa8c94c1bd8a0e4e0608a65312be59ec315374ab1,273.226,471.499,195.662,399.379,25,1321,5.4793,0.0836,60.0,-1.0,-1.0,-1.0,-1.0,-1.0,0.0,0.0,0.0,0.0,0.0,0.0,8677.847136,0.264431,0.0,3977,1410025,1410025,1.0,1720,1720,1.0,120025,1,0,S10|M3_IMBALANCED|27|A|L2|F2,false,false,true,/home/cyfer/FYP/WSN_simulation_V3/runs/S10_5000/outputs_production_50seed_part26_30/run_campaign_v3_S10_M3_IMBALANCED_A_L2_F2_H0_seed027_27_20260603_095623
campaign_v3_S10_M3_IMBALANCED_A_L2_F2_H0_seed028,campaign_v3_S10_M3_IMBALANCED_A_L2_F2_H0_seed028_28_20260603_100003,S10,5000,200,6,M3_IMBALANCED,28,A,L2,F2,H0,V2,map_S10_M3_IMBALANCED_seed028,63c1eebffb177e215388081c3becad096b0be1a6a64b4feeada62f1c7d050d3d,274.269,507.193,192.769,390.797,25,1779,6.9902,0.0842,60.0,-1.0,-1.0,-1.0,-1.0,-1.0,0.0,0.0,0.0,0.0,0.0,0.0,8716.211051,0.256758,0.0,4004,1410495,1410495,1.0,1738,1738,1.0,120015,1,0,S10|M3_IMBALANCED|28|A|L2|F2,false,false,true,/home/cyfer/FYP/WSN_simulation_V3/runs/S10_5000/outputs_production_50seed_part26_30/run_campaign_v3_S10_M3_IMBALANCED_A_L2_F2_H0_seed028_28_20260603_100003
campaign_v3_S10_M3_IMBALANCED_A_L2_F2_H0_seed029,campaign_v3_S10_M3_IMBALANCED_A_L2_F2_H0_seed029_29_20260603_100344,S10,5000,200,6,M3_IMBALANCED,29,A,L2,F2,H0,V2,map_S10_M3_IMBALANCED_seed029,b7a0d156a25e2f09a8da611fce0867266104e8db4cf436458cc1fe98c0fee5c2,267.655,500.643,190.291,408.032,25,1679,6.461,0.0876,60.0,-1.0,-1.0,-1.0,-1.0,-1.0,0.0,0.0,0.0,0.0,0.0,0.0,8684.660431,0.263068,0.0,3973,1408850,1408850,1.0,1747,1747,1.0,120050,1,0,S10|M3_IMBALANCED|29|A|L2|F2,false,false,true,/home/cyfer/FYP/WSN_simulation_V3/runs/S10_5000/outputs_production_50seed_part26_30/run_campaign_v3_S10_M3_IMBALANCED_A_L2_F2_H0_seed029_29_20260603_100344
campaign_v3_S10_M3_IMBALANCED_A_L2_F2_H0_seed030,campaign_v3_S10_M3_IMBALANCED_A_L2_F2_H0_seed030_30_20260603_100717,S10,5000,200,6,M3_IMBALANCED,30,A,L2,F2,H0,V2,map_S10_M3_IMBALANCED_seed030,e4e75b0e016bbb6905fe27e68e217cc46fe3128df83ea0b0e820cc8fe47a09d1,271.616,483.28,195.159,378.219,25,1155,5.0293,0.0888,60.0,-1.0,-1.0,-1.0,-1.0,-1.0,0.0,0.0,0.0,0.0,0.0,0.0,8715.218066,0.256956,0.0,3996,1411200,1411200,1.0,1755,1755,1.0,120000,1,0,S10|M3_IMBALANCED|30|A|L2|F2,false,false,true,/home/cyfer/FYP/WSN_simulation_V3/runs/S10_5000/outputs_production_50seed_part26_30/run_campaign_v3_S10_M3_IMBALANCED_A_L2_F2_H0_seed030_30_20260603_100717
campaign_v3_S10_M3_IMBALANCED_A_L2_F2_H1_seed026,campaign_v3_S10_M3_IMBALANCED_A_L2_F2_H1_seed026_26_20260603_095312,S10,5000,200,6,M3_IMBALANCED,26,A,L2,F2,H1,V3,map_S10_M3_IMBALANCED_seed026,cb6ca239f7d186ff6b7b04f6ddd2406c4214fa02cbc82fef44058d2675e960be,266.972,487.818,192.206,379.449,25,1503,6.0943,0.0866,60.0,26.696,86.696,146.696,150.0,90.0,3.549,6.0,1.0,0.002,0.069,0.112,8711.104308,0.257779,0.0,3991,1410939,1410939,1.0,1761,1761,1.0,120000,0,1,S10|M3_IMBALANCED|26|A|L2|F2,true,false,false,/home/cyfer/FYP/WSN_simulation_V3/runs/S10_5000/outputs_production_50seed_part26_30/run_campaign_v3_S10_M3_IMBALANCED_A_L2_F2_H1_seed026_26_20260603_095312
campaign_v3_S10_M3_IMBALANCED_A_L2_F2_H1_seed027,campaign_v3_S10_M3_IMBALANCED_A_L2_F2_H1_seed027_27_20260603_095650,S10,5000,200,6,M3_IMBALANCED,27,A,L2,F2,H1,V3,map_S10_M3_IMBALANCED_seed027,59752a276c5d47a0b647333aa8c94c1bd8a0e4e0608a65312be59ec315374ab1,273.226,471.499,195.662,399.379,25,1321,5.4793,0.0836,60.0,27.124,87.124,147.124,150.0,90.0,3.661,6.0,1.0,0.004,0.118,0.098,8679.868928,0.264026,0.0,3977,1410760,1410760,1.0,1725,1725,1.0,120000,0,1,S10|M3_IMBALANCED|27|A|L2|F2,true,false,false,/home/cyfer/FYP/WSN_simulation_V3/runs/S10_5000/outputs_production_50seed_part26_30/run_campaign_v3_S10_M3_IMBALANCED_A_L2_F2_H1_seed027_27_20260603_095650
campaign_v3_S10_M3_IMBALANCED_A_L2_F2_H1_seed028,campaign_v3_S10_M3_IMBALANCED_A_L2_F2_H1_seed028_28_20260603_100032,S10,5000,200,6,M3_IMBALANCED,28,A,L2,F2,H1,V3,map_S10_M3_IMBALANCED_seed028,63c1eebffb177e215388081c3becad096b0be1a6a64b4feeada62f1c7d050d3d,274.269,507.193,192.769,390.797,25,1779,6.9902,0.0842,60.0,27.532,87.532,147.532,150.0,90.0,3.619,6.0,1.0,0.002,0.075,0.13,8717.985844,0.256403,0.0,4004,1410936,1410936,1.0,1743,1743,1.0,120000,0,1,S10|M3_IMBALANCED|28|A|L2|F2,true,false,false,/home/cyfer/FYP/WSN_simulation_V3/runs/S10_5000/outputs_production_50seed_part26_30/run_campaign_v3_S10_M3_IMBALANCED_A_L2_F2_H1_seed028_28_20260603_100032
campaign_v3_S10_M3_IMBALANCED_A_L2_F2_H1_seed029,campaign_v3_S10_M3_IMBALANCED_A_L2_F2_H1_seed029_29_20260603_100407,S10,5000,200,6,M3_IMBALANCED,29,A,L2,F2,H1,V3,map_S10_M3_IMBALANCED_seed029,b7a0d156a25e2f09a8da611fce0867266104e8db4cf436458cc1fe98c0fee5c2,267.655,500.643,190.291,408.032,25,1679,6.461,0.0876,60.0,27.831,87.831,147.831,150.0,90.0,4.005,6.0,1.0,0.006,0.237,0.092,8689.688906,0.262062,0.0,3974,1410320,1410320,1.0,1752,1752,1.0,120000,0,1,S10|M3_IMBALANCED|29|A|L2|F2,true,false,false,/home/cyfer/FYP/WSN_simulation_V3/runs/S10_5000/outputs_production_50seed_part26_30/run_campaign_v3_S10_M3_IMBALANCED_A_L2_F2_H1_seed029_29_20260603_100407
campaign_v3_S10_M3_IMBALANCED_A_L2_F2_H1_seed030,campaign_v3_S10_M3_IMBALANCED_A_L2_F2_H1_seed030_30_20260603_100740,S10,5000,200,6,M3_IMBALANCED,30,A,L2,F2,H1,V3,map_S10_M3_IMBALANCED_seed030,e4e75b0e016bbb6905fe27e68e217cc46fe3128df83ea0b0e820cc8fe47a09d1,271.616,483.28,195.159,378.219,25,1155,5.0293,0.0888,60.0,23.127,83.127,143.127,150.0,90.0,0.075,6.0,0.0,0.0,0.001,0.024,8715.227066,0.256955,0.0,3996,1411200,1411200,1.0,1755,1755,1.0,120000,0,1,S10|M3_IMBALANCED|30|A|L2|F2,true,false,false,/home/cyfer/FYP/WSN_simulation_V3/runs/S10_5000/outputs_production_50seed_part26_30/run_campaign_v3_S10_M3_IMBALANCED_A_L2_F2_H1_seed030_30_20260603_100740
campaign_v3_S10_M3_IMBALANCED_A_L2_F2_H3_seed026,campaign_v3_S10_M3_IMBALANCED_A_L2_F2_H3_seed026_26_20260603_095315,S10,5000,200,6,M3_IMBALANCED,26,A,L2,F2,H3,V3,map_S10_M3_IMBALANCED_seed026,cb6ca239f7d186ff6b7b04f6ddd2406c4214fa02cbc82fef44058d2675e960be,266.972,487.818,192.206,379.449,25,1503,6.0943,0.0866,60.0,32.624,92.624,152.624,160.0,100.0,3.549,6.0,1.0,0.002,0.069,0.112,8710.768133,0.257846,0.0,3991,1410779,1410779,1.0,1760,1760,1.0,119975,0,1,S10|M3_IMBALANCED|26|A|L2|F2,true,false,false,/home/cyfer/FYP/WSN_simulation_V3/runs/S10_5000/outputs_production_50seed_part26_30/run_campaign_v3_S10_M3_IMBALANCED_A_L2_F2_H3_seed026_26_20260603_095315
campaign_v3_S10_M3_IMBALANCED_A_L2_F2_H3_seed027,campaign_v3_S10_M3_IMBALANCED_A_L2_F2_H3_seed027_27_20260603_095653,S10,5000,200,6,M3_IMBALANCED,27,A,L2,F2,H3,V3,map_S10_M3_IMBALANCED_seed027,59752a276c5d47a0b647333aa8c94c1bd8a0e4e0608a65312be59ec315374ab1,273.226,471.499,195.662,399.379,25,1321,5.4793,0.0836,60.0,33.079,93.079,153.079,160.0,100.0,3.661,6.0,1.0,0.004,0.118,0.098,8679.077929,0.264184,0.0,3977,1410448,1410448,1.0,1724,1724,1.0,119950,0,1,S10|M3_IMBALANCED|27|A|L2|F2,true,false,false,/home/cyfer/FYP/WSN_simulation_V3/runs/S10_5000/outputs_production_50seed_part26_30/run_campaign_v3_S10_M3_IMBALANCED_A_L2_F2_H3_seed027_27_20260603_095653
campaign_v3_S10_M3_IMBALANCED_A_L2_F2_H3_seed028,campaign_v3_S10_M3_IMBALANCED_A_L2_F2_H3_seed028_28_20260603_100035,S10,5000,200,6,M3_IMBALANCED,28,A,L2,F2,H3,V3,map_S10_M3_IMBALANCED_seed028,63c1eebffb177e215388081c3becad096b0be1a6a64b4feeada62f1c7d050d3d,274.269,507.193,192.769,390.797,25,1779,6.9902,0.0842,60.0,33.172,93.172,153.172,160.0,100.0,3.619,6.0,1.0,0.002,0.075,0.13,8717.217648,0.256556,0.0,4004,1410777,1410777,1.0,1742,1742,1.0,119975,0,1,S10|M3_IMBALANCED|28|A|L2|F2,true,false,false,/home/cyfer/FYP/WSN_simulation_V3/runs/S10_5000/outputs_production_50seed_part26_30/run_campaign_v3_S10_M3_IMBALANCED_A_L2_F2_H3_seed028_28_20260603_100035
campaign_v3_S10_M3_IMBALANCED_A_L2_F2_H3_seed029,campaign_v3_S10_M3_IMBALANCED_A_L2_F2_H3_seed029_29_20260603_100410,S10,5000,200,6,M3_IMBALANCED,29,A,L2,F2,H3,V3,map_S10_M3_IMBALANCED_seed029,b7a0d156a25e2f09a8da611fce0867266104e8db4cf436458cc1fe98c0fee5c2,267.655,500.643,190.291,408.032,25,1679,6.461,0.0876,60.0,33.819,93.819,153.819,160.0,100.0,4.005,6.0,1.0,0.006,0.237,0.092,8687.180878,0.262564,0.0,3973,1409555,1409555,1.0,1751,1751,1.0,119875,0,1,S10|M3_IMBALANCED|29|A|L2|F2,true,false,false,/home/cyfer/FYP/WSN_simulation_V3/runs/S10_5000/outputs_production_50seed_part26_30/run_campaign_v3_S10_M3_IMBALANCED_A_L2_F2_H3_seed029_29_20260603_100410
campaign_v3_S10_M3_IMBALANCED_A_L2_F2_H3_seed030,campaign_v3_S10_M3_IMBALANCED_A_L2_F2_H3_seed030_30_20260603_100743,S10,5000,200,6,M3_IMBALANCED,30,A,L2,F2,H3,V3,map_S10_M3_IMBALANCED_seed030,e4e75b0e016bbb6905fe27e68e217cc46fe3128df83ea0b0e820cc8fe47a09d1,271.616,483.28,195.159,378.219,25,1155,5.0293,0.0888,60.0,29.875,89.875,149.875,150.0,90.0,0.075,6.0,0.0,0.0,0.001,0.024,8715.227066,0.256955,0.0,3996,1411200,1411200,1.0,1755,1755,1.0,120000,0,1,S10|M3_IMBALANCED|30|A|L2|F2,true,false,false,/home/cyfer/FYP/WSN_simulation_V3/runs/S10_5000/outputs_production_50seed_part26_30/run_campaign_v3_S10_M3_IMBALANCED_A_L2_F2_H3_seed030_30_20260603_100743
campaign_v3_S10_M3_IMBALANCED_A_L2_F2_H4_seed026,campaign_v3_S10_M3_IMBALANCED_A_L2_F2_H4_seed026_26_20260603_095317,S10,5000,200,6,M3_IMBALANCED,26,A,L2,F2,H4,V3,map_S10_M3_IMBALANCED_seed026,cb6ca239f7d186ff6b7b04f6ddd2406c4214fa02cbc82fef44058d2675e960be,266.972,487.818,192.206,379.449,25,1503,6.0943,0.0866,60.0,37.167,97.167,157.167,160.0,100.0,3.549,6.0,1.0,0.002,0.069,0.112,8711.001173,0.2578,0.0,3991,1410906,1410906,1.0,1760,1760,1.0,120000,0,1,S10|M3_IMBALANCED|26|A|L2|F2,true,false,false,/home/cyfer/FYP/WSN_simulation_V3/runs/S10_5000/outputs_production_50seed_part26_30/run_campaign_v3_S10_M3_IMBALANCED_A_L2_F2_H4_seed026_26_20260603_095317
campaign_v3_S10_M3_IMBALANCED_A_L2_F2_H4_seed027,campaign_v3_S10_M3_IMBALANCED_A_L2_F2_H4_seed027_27_20260603_095655,S10,5000,200,6,M3_IMBALANCED,27,A,L2,F2,H4,V3,map_S10_M3_IMBALANCED_seed027,59752a276c5d47a0b647333aa8c94c1bd8a0e4e0608a65312be59ec315374ab1,273.226,471.499,195.662,399.379,25,1321,5.4793,0.0836,60.0,37.235,97.235,157.235,160.0,100.0,3.661,6.0,1.0,0.004,0.118,0.098,8679.726961,0.264055,0.0,3977,1410710,1410710,1.0,1724,1724,1.0,120000,0,1,S10|M3_IMBALANCED|27|A|L2|F2,true,false,false,/home/cyfer/FYP/WSN_simulation_V3/runs/S10_5000/outputs_production_50seed_part26_30/run_campaign_v3_S10_M3_IMBALANCED_A_L2_F2_H4_seed027_27_20260603_095655
campaign_v3_S10_M3_IMBALANCED_A_L2_F2_H4_seed028,campaign_v3_S10_M3_IMBALANCED_A_L2_F2_H4_seed028_28_20260603_100037,S10,5000,200,6,M3_IMBALANCED,28,A,L2,F2,H4,V3,map_S10_M3_IMBALANCED_seed028,63c1eebffb177e215388081c3becad096b0be1a6a64b4feeada62f1c7d050d3d,274.269,507.193,192.769,390.797,25,1779,6.9902,0.0842,60.0,37.288,97.288,157.288,160.0,100.0,3.619,6.0,1.0,0.002,0.075,0.13,8717.859476,0.256428,0.0,4004,1410906,1410906,1.0,1742,1742,1.0,120000,0,1,S10|M3_IMBALANCED|28|A|L2|F2,true,false,false,/home/cyfer/FYP/WSN_simulation_V3/runs/S10_5000/outputs_production_50seed_part26_30/run_campaign_v3_S10_M3_IMBALANCED_A_L2_F2_H4_seed028_28_20260603_100037
campaign_v3_S10_M3_IMBALANCED_A_L2_F2_H4_seed029,campaign_v3_S10_M3_IMBALANCED_A_L2_F2_H4_seed029_29_20260603_100413,S10,5000,200,6,M3_IMBALANCED,29,A,L2,F2,H4,V3,map_S10_M3_IMBALANCED_seed029,b7a0d156a25e2f09a8da611fce0867266104e8db4cf436458cc1fe98c0fee5c2,267.655,500.643,190.291,408.032,25,1679,6.461,0.0876,60.0,37.099,97.099,157.099,160.0,100.0,4.005,6.0,1.0,0.006,0.237,0.092,8689.342405,0.262132,0.0,3973,1410220,1410220,1.0,1751,1751,1.0,120000,0,1,S10|M3_IMBALANCED|29|A|L2|F2,true,false,false,/home/cyfer/FYP/WSN_simulation_V3/runs/S10_5000/outputs_production_50seed_part26_30/run_campaign_v3_S10_M3_IMBALANCED_A_L2_F2_H4_seed029_29_20260603_100413
campaign_v3_S10_M3_IMBALANCED_A_L2_F2_H4_seed030,campaign_v3_S10_M3_IMBALANCED_A_L2_F2_H4_seed030_30_20260603_100745,S10,5000,200,6,M3_IMBALANCED,30,A,L2,F2,H4,V3,map_S10_M3_IMBALANCED_seed030,e4e75b0e016bbb6905fe27e68e217cc46fe3128df83ea0b0e820cc8fe47a09d1,271.616,483.28,195.159,378.219,25,1155,5.0293,0.0888,60.0,33.338,93.338,153.338,160.0,100.0,0.075,6.0,0.0,0.0,0.001,0.024,8715.225266,0.256955,0.0,3996,1411200,1411200,1.0,1755,1755,1.0,120000,0,1,S10|M3_IMBALANCED|30|A|L2|F2,true,false,false,/home/cyfer/FYP/WSN_simulation_V3/runs/S10_5000/outputs_production_50seed_part26_30/run_campaign_v3_S10_M3_IMBALANCED_A_L2_F2_H4_seed030_30_20260603_100745
campaign_v3_S10_M3_IMBALANCED_A_L2_F3_H0_seed026,campaign_v3_S10_M3_IMBALANCED_A_L2_F3_H0_seed026_26_20260603_095252,S10,5000,200,6,M3_IMBALANCED,26,A,L2,F3,H0,V2,map_S10_M3_IMBALANCED_seed026,cb6ca239f7d186ff6b7b04f6ddd2406c4214fa02cbc82fef44058d2675e960be,266.972,487.818,192.206,379.449,25,1503,6.0943,0.0866,60.0,-1.0,-1.0,-1.0,-1.0,-1.0,0.0,0.0,0.0,0.0,0.0,0.0,8708.322474,0.258336,0.0,3991,1410260,1410260,1.0,1756,1756,1.0,120020,1,0,S10|M3_IMBALANCED|26|A|L2|F3,false,false,true,/home/cyfer/FYP/WSN_simulation_V3/runs/S10_5000/outputs_production_50seed_part26_30/run_campaign_v3_S10_M3_IMBALANCED_A_L2_F3_H0_seed026_26_20260603_095252
campaign_v3_S10_M3_IMBALANCED_A_L2_F3_H0_seed027,campaign_v3_S10_M3_IMBALANCED_A_L2_F3_H0_seed027_27_20260603_095626,S10,5000,200,6,M3_IMBALANCED,27,A,L2,F3,H0,V2,map_S10_M3_IMBALANCED_seed027,59752a276c5d47a0b647333aa8c94c1bd8a0e4e0608a65312be59ec315374ab1,273.226,471.499,195.662,399.379,25,1321,5.4793,0.0836,60.0,-1.0,-1.0,-1.0,-1.0,-1.0,0.0,0.0,0.0,0.0,0.0,0.0,8667.998401,0.2664,0.0,3971,1406500,1406500,1.0,1720,1720,1.0,120100,1,0,S10|M3_IMBALANCED|27|A|L2|F3,false,false,true,/home/cyfer/FYP/WSN_simulation_V3/runs/S10_5000/outputs_production_50seed_part26_30/run_campaign_v3_S10_M3_IMBALANCED_A_L2_F3_H0_seed027_27_20260603_095626
campaign_v3_S10_M3_IMBALANCED_A_L2_F3_H0_seed028,campaign_v3_S10_M3_IMBALANCED_A_L2_F3_H0_seed028_28_20260603_100006,S10,5000,200,6,M3_IMBALANCED,28,A,L2,F3,H0,V2,map_S10_M3_IMBALANCED_seed028,63c1eebffb177e215388081c3becad096b0be1a6a64b4feeada62f1c7d050d3d,274.269,507.193,192.769,390.797,25,1779,6.9902,0.0842,60.0,-1.0,-1.0,-1.0,-1.0,-1.0,0.0,0.0,0.0,0.0,0.0,0.0,8714.290591,0.257142,0.0,4004,1409790,1409790,1.0,1738,1738,1.0,120030,1,0,S10|M3_IMBALANCED|28|A|L2|F3,false,false,true,/home/cyfer/FYP/WSN_simulation_V3/runs/S10_5000/outputs_production_50seed_part26_30/run_campaign_v3_S10_M3_IMBALANCED_A_L2_F3_H0_seed028_28_20260603_100006
campaign_v3_S10_M3_IMBALANCED_A_L2_F3_H0_seed029,campaign_v3_S10_M3_IMBALANCED_A_L2_F3_H0_seed029_29_20260603_100347,S10,5000,200,6,M3_IMBALANCED,29,A,L2,F3,H0,V2,map_S10_M3_IMBALANCED_seed029,b7a0d156a25e2f09a8da611fce0867266104e8db4cf436458cc1fe98c0fee5c2,267.655,500.643,190.291,408.032,25,1679,6.461,0.0876,60.0,-1.0,-1.0,-1.0,-1.0,-1.0,0.0,0.0,0.0,0.0,0.0,0.0,8687.474935,0.262505,0.0,3974,1410025,1410025,1.0,1747,1747,1.0,120025,1,0,S10|M3_IMBALANCED|29|A|L2|F3,false,false,true,/home/cyfer/FYP/WSN_simulation_V3/runs/S10_5000/outputs_production_50seed_part26_30/run_campaign_v3_S10_M3_IMBALANCED_A_L2_F3_H0_seed029_29_20260603_100347
campaign_v3_S10_M3_IMBALANCED_A_L2_F3_H0_seed030,campaign_v3_S10_M3_IMBALANCED_A_L2_F3_H0_seed030_30_20260603_100719,S10,5000,200,6,M3_IMBALANCED,30,A,L2,F3,H0,V2,map_S10_M3_IMBALANCED_seed030,e4e75b0e016bbb6905fe27e68e217cc46fe3128df83ea0b0e820cc8fe47a09d1,271.616,483.28,195.159,378.219,25,1155,5.0293,0.0888,60.0,-1.0,-1.0,-1.0,-1.0,-1.0,0.0,0.0,0.0,0.0,0.0,0.0,8709.527933,0.258094,0.0,3995,1409320,1409320,1.0,1747,1747,1.0,120040,1,0,S10|M3_IMBALANCED|30|A|L2|F3,false,false,true,/home/cyfer/FYP/WSN_simulation_V3/runs/S10_5000/outputs_production_50seed_part26_30/run_campaign_v3_S10_M3_IMBALANCED_A_L2_F3_H0_seed030_30_20260603_100719
campaign_v3_S10_M3_IMBALANCED_A_L2_F3_H1_seed026,campaign_v3_S10_M3_IMBALANCED_A_L2_F3_H1_seed026_26_20260603_095320,S10,5000,200,6,M3_IMBALANCED,26,A,L2,F3,H1,V3,map_S10_M3_IMBALANCED_seed026,cb6ca239f7d186ff6b7b04f6ddd2406c4214fa02cbc82fef44058d2675e960be,266.972,487.818,192.206,379.449,25,1503,6.0943,0.0866,60.0,30.804,90.804,150.804,160.0,100.0,3.672,6.0,1.0,0.003,0.103,0.119,8708.424859,0.258315,0.0,3991,1410276,1410276,1.0,1760,1760,1.0,119904,0,1,S10|M3_IMBALANCED|26|A|L2|F3,true,false,false,/home/cyfer/FYP/WSN_simulation_V3/runs/S10_5000/outputs_production_50seed_part26_30/run_campaign_v3_S10_M3_IMBALANCED_A_L2_F3_H1_seed026_26_20260603_095320
campaign_v3_S10_M3_IMBALANCED_A_L2_F3_H1_seed027,campaign_v3_S10_M3_IMBALANCED_A_L2_F3_H1_seed027_27_20260603_095658,S10,5000,200,6,M3_IMBALANCED,27,A,L2,F3,H1,V3,map_S10_M3_IMBALANCED_seed027,59752a276c5d47a0b647333aa8c94c1bd8a0e4e0608a65312be59ec315374ab1,273.226,471.499,195.662,399.379,25,1321,5.4793,0.0836,60.0,33.351,93.351,153.351,160.0,100.0,5.928,6.0,1.0,0.015,0.726,0.234,8668.319436,0.266336,0.0,3971,1406516,1406516,1.0,1724,1724,1.0,119504,0,1,S10|M3_IMBALANCED|27|A|L2|F3,true,false,false,/home/cyfer/FYP/WSN_simulation_V3/runs/S10_5000/outputs_production_50seed_part26_30/run_campaign_v3_S10_M3_IMBALANCED_A_L2_F3_H1_seed027_27_20260603_095658
campaign_v3_S10_M3_IMBALANCED_A_L2_F3_H1_seed028,campaign_v3_S10_M3_IMBALANCED_A_L2_F3_H1_seed028_28_20260603_100040,S10,5000,200,6,M3_IMBALANCED,28,A,L2,F3,H1,V3,map_S10_M3_IMBALANCED_seed028,63c1eebffb177e215388081c3becad096b0be1a6a64b4feeada62f1c7d050d3d,274.269,507.193,192.769,390.797,25,1779,6.9902,0.0842,60.0,31.515,91.515,151.515,160.0,100.0,4.096,6.0,1.0,0.003,0.139,0.223,8714.419564,0.257116,0.0,4004,1409806,1409806,1.0,1742,1742,1.0,119854,0,1,S10|M3_IMBALANCED|28|A|L2|F3,true,false,false,/home/cyfer/FYP/WSN_simulation_V3/runs/S10_5000/outputs_production_50seed_part26_30/run_campaign_v3_S10_M3_IMBALANCED_A_L2_F3_H1_seed028_28_20260603_100040
campaign_v3_S10_M3_IMBALANCED_A_L2_F3_H1_seed029,campaign_v3_S10_M3_IMBALANCED_A_L2_F3_H1_seed029_29_20260603_100415,S10,5000,200,6,M3_IMBALANCED,29,A,L2,F3,H1,V3,map_S10_M3_IMBALANCED_seed029,b7a0d156a25e2f09a8da611fce0867266104e8db4cf436458cc1fe98c0fee5c2,267.655,500.643,190.291,408.032,25,1679,6.461,0.0876,60.0,30.745,90.745,150.745,160.0,100.0,3.719,6.0,1.0,0.003,0.127,0.11,8687.608589,0.262478,0.0,3974,1410041,1410041,1.0,1751,1751,1.0,119879,0,1,S10|M3_IMBALANCED|29|A|L2|F3,true,false,false,/home/cyfer/FYP/WSN_simulation_V3/runs/S10_5000/outputs_production_50seed_part26_30/run_campaign_v3_S10_M3_IMBALANCED_A_L2_F3_H1_seed029_29_20260603_100415
campaign_v3_S10_M3_IMBALANCED_A_L2_F3_H1_seed030,campaign_v3_S10_M3_IMBALANCED_A_L2_F3_H1_seed030_30_20260603_100748,S10,5000,200,6,M3_IMBALANCED,30,A,L2,F3,H1,V3,map_S10_M3_IMBALANCED_seed030,e4e75b0e016bbb6905fe27e68e217cc46fe3128df83ea0b0e820cc8fe47a09d1,271.616,483.28,195.159,378.219,25,1155,5.0293,0.0888,60.0,31.95,91.95,151.95,160.0,100.0,3.965,6.0,1.0,0.007,0.182,0.133,8709.65963,0.258068,0.0,3995,1409336,1409336,1.0,1751,1751,1.0,119804,0,1,S10|M3_IMBALANCED|30|A|L2|F3,true,false,false,/home/cyfer/FYP/WSN_simulation_V3/runs/S10_5000/outputs_production_50seed_part26_30/run_campaign_v3_S10_M3_IMBALANCED_A_L2_F3_H1_seed030_30_20260603_100748
campaign_v3_S10_M3_IMBALANCED_A_L2_F3_H3_seed026,campaign_v3_S10_M3_IMBALANCED_A_L2_F3_H3_seed026_26_20260603_095322,S10,5000,200,6,M3_IMBALANCED,26,A,L2,F3,H3,V3,map_S10_M3_IMBALANCED_seed026,cb6ca239f7d186ff6b7b04f6ddd2406c4214fa02cbc82fef44058d2675e960be,266.972,487.818,192.206,379.449,25,1503,6.0943,0.0866,60.0,37.459,97.459,157.459,160.0,100.0,3.672,6.0,1.0,0.003,0.103,0.119,8708.409489,0.258318,0.0,3991,1410276,1410276,1.0,1760,1760,1.0,119904,0,1,S10|M3_IMBALANCED|26|A|L2|F3,true,false,false,/home/cyfer/FYP/WSN_simulation_V3/runs/S10_5000/outputs_production_50seed_part26_30/run_campaign_v3_S10_M3_IMBALANCED_A_L2_F3_H3_seed026_26_20260603_095322
campaign_v3_S10_M3_IMBALANCED_A_L2_F3_H3_seed027,campaign_v3_S10_M3_IMBALANCED_A_L2_F3_H3_seed027_27_20260603_095700,S10,5000,200,6,M3_IMBALANCED,27,A,L2,F3,H3,V3,map_S10_M3_IMBALANCED_seed027,59752a276c5d47a0b647333aa8c94c1bd8a0e4e0608a65312be59ec315374ab1,273.226,471.499,195.662,399.379,25,1321,5.4793,0.0836,60.0,39.025,99.025,159.025,160.0,100.0,5.928,6.0,1.0,0.015,0.726,0.234,8668.277721,0.266344,0.0,3971,1406516,1406516,1.0,1724,1724,1.0,119504,0,1,S10|M3_IMBALANCED|27|A|L2|F3,true,false,false,/home/cyfer/FYP/WSN_simulation_V3/runs/S10_5000/outputs_production_50seed_part26_30/run_campaign_v3_S10_M3_IMBALANCED_A_L2_F3_H3_seed027_27_20260603_095700
campaign_v3_S10_M3_IMBALANCED_A_L2_F3_H3_seed028,campaign_v3_S10_M3_IMBALANCED_A_L2_F3_H3_seed028_28_20260603_100042,S10,5000,200,6,M3_IMBALANCED,28,A,L2,F3,H3,V3,map_S10_M3_IMBALANCED_seed028,63c1eebffb177e215388081c3becad096b0be1a6a64b4feeada62f1c7d050d3d,274.269,507.193,192.769,390.797,25,1779,6.9902,0.0842,60.0,37.457,97.457,157.457,160.0,100.0,4.096,6.0,1.0,0.003,0.139,0.223,8714.424324,0.257115,0.0,4004,1409806,1409806,1.0,1742,1742,1.0,119854,0,1,S10|M3_IMBALANCED|28|A|L2|F3,true,false,false,/home/cyfer/FYP/WSN_simulation_V3/runs/S10_5000/outputs_production_50seed_part26_30/run_campaign_v3_S10_M3_IMBALANCED_A_L2_F3_H3_seed028_28_20260603_100042
campaign_v3_S10_M3_IMBALANCED_A_L2_F3_H3_seed029,campaign_v3_S10_M3_IMBALANCED_A_L2_F3_H3_seed029_29_20260603_100418,S10,5000,200,6,M3_IMBALANCED,29,A,L2,F3,H3,V3,map_S10_M3_IMBALANCED_seed029,b7a0d156a25e2f09a8da611fce0867266104e8db4cf436458cc1fe98c0fee5c2,267.655,500.643,190.291,408.032,25,1679,6.461,0.0876,60.0,37.294,97.294,157.294,160.0,100.0,3.719,6.0,1.0,0.003,0.127,0.11,8687.620103,0.262476,0.0,3974,1410041,1410041,1.0,1751,1751,1.0,119879,0,1,S10|M3_IMBALANCED|29|A|L2|F3,true,false,false,/home/cyfer/FYP/WSN_simulation_V3/runs/S10_5000/outputs_production_50seed_part26_30/run_campaign_v3_S10_M3_IMBALANCED_A_L2_F3_H3_seed029_29_20260603_100418
campaign_v3_S10_M3_IMBALANCED_A_L2_F3_H3_seed030,campaign_v3_S10_M3_IMBALANCED_A_L2_F3_H3_seed030_30_20260603_100750,S10,5000,200,6,M3_IMBALANCED,30,A,L2,F3,H3,V3,map_S10_M3_IMBALANCED_seed030,e4e75b0e016bbb6905fe27e68e217cc46fe3128df83ea0b0e820cc8fe47a09d1,271.616,483.28,195.159,378.219,25,1155,5.0293,0.0888,60.0,36.965,96.965,156.965,160.0,100.0,3.965,6.0,1.0,0.007,0.182,0.133,8709.657927,0.258068,0.0,3995,1409336,1409336,1.0,1751,1751,1.0,119804,0,1,S10|M3_IMBALANCED|30|A|L2|F3,true,false,false,/home/cyfer/FYP/WSN_simulation_V3/runs/S10_5000/outputs_production_50seed_part26_30/run_campaign_v3_S10_M3_IMBALANCED_A_L2_F3_H3_seed030_30_20260603_100750
campaign_v3_S10_M3_IMBALANCED_A_L2_F3_H4_seed026,campaign_v3_S10_M3_IMBALANCED_A_L2_F3_H4_seed026_26_20260603_095325,S10,5000,200,6,M3_IMBALANCED,26,A,L2,F3,H4,V3,map_S10_M3_IMBALANCED_seed026,cb6ca239f7d186ff6b7b04f6ddd2406c4214fa02cbc82fef44058d2675e960be,266.972,487.818,192.206,379.449,25,1503,6.0943,0.0866,60.0,40.91,100.91,160.91,170.0,110.0,3.672,6.0,1.0,0.003,0.103,0.119,8708.424859,0.258315,0.0,3991,1410276,1410276,1.0,1760,1760,1.0,119904,0,1,S10|M3_IMBALANCED|26|A|L2|F3,true,false,false,/home/cyfer/FYP/WSN_simulation_V3/runs/S10_5000/outputs_production_50seed_part26_30/run_campaign_v3_S10_M3_IMBALANCED_A_L2_F3_H4_seed026_26_20260603_095325
campaign_v3_S10_M3_IMBALANCED_A_L2_F3_H4_seed027,campaign_v3_S10_M3_IMBALANCED_A_L2_F3_H4_seed027_27_20260603_095703,S10,5000,200,6,M3_IMBALANCED,27,A,L2,F3,H4,V3,map_S10_M3_IMBALANCED_seed027,59752a276c5d47a0b647333aa8c94c1bd8a0e4e0608a65312be59ec315374ab1,273.226,471.499,195.662,399.379,25,1321,5.4793,0.0836,60.0,43.118,103.118,163.118,170.0,110.0,5.928,6.0,1.0,0.015,0.726,0.234,8668.319436,0.266336,0.0,3971,1406516,1406516,1.0,1724,1724,1.0,119504,0,1,S10|M3_IMBALANCED|27|A|L2|F3,true,false,false,/home/cyfer/FYP/WSN_simulation_V3/runs/S10_5000/outputs_production_50seed_part26_30/run_campaign_v3_S10_M3_IMBALANCED_A_L2_F3_H4_seed027_27_20260603_095703
campaign_v3_S10_M3_IMBALANCED_A_L2_F3_H4_seed028,campaign_v3_S10_M3_IMBALANCED_A_L2_F3_H4_seed028_28_20260603_100045,S10,5000,200,6,M3_IMBALANCED,28,A,L2,F3,H4,V3,map_S10_M3_IMBALANCED_seed028,63c1eebffb177e215388081c3becad096b0be1a6a64b4feeada62f1c7d050d3d,274.269,507.193,192.769,390.797,25,1779,6.9902,0.0842,60.0,41.34,101.34,161.34,170.0,110.0,4.096,6.0,1.0,0.003,0.139,0.223,8714.419564,0.257116,0.0,4004,1409806,1409806,1.0,1742,1742,1.0,119854,0,1,S10|M3_IMBALANCED|28|A|L2|F3,true,false,false,/home/cyfer/FYP/WSN_simulation_V3/runs/S10_5000/outputs_production_50seed_part26_30/run_campaign_v3_S10_M3_IMBALANCED_A_L2_F3_H4_seed028_28_20260603_100045
campaign_v3_S10_M3_IMBALANCED_A_L2_F3_H4_seed029,campaign_v3_S10_M3_IMBALANCED_A_L2_F3_H4_seed029_29_20260603_100420,S10,5000,200,6,M3_IMBALANCED,29,A,L2,F3,H4,V3,map_S10_M3_IMBALANCED_seed029,b7a0d156a25e2f09a8da611fce0867266104e8db4cf436458cc1fe98c0fee5c2,267.655,500.643,190.291,408.032,25,1679,6.461,0.0876,60.0,40.724,100.724,160.724,170.0,110.0,3.719,6.0,1.0,0.003,0.127,0.11,8687.608589,0.262478,0.0,3974,1410041,1410041,1.0,1751,1751,1.0,119879,0,1,S10|M3_IMBALANCED|29|A|L2|F3,true,false,false,/home/cyfer/FYP/WSN_simulation_V3/runs/S10_5000/outputs_production_50seed_part26_30/run_campaign_v3_S10_M3_IMBALANCED_A_L2_F3_H4_seed029_29_20260603_100420
campaign_v3_S10_M3_IMBALANCED_A_L2_F3_H4_seed030,campaign_v3_S10_M3_IMBALANCED_A_L2_F3_H4_seed030_30_20260603_100753,S10,5000,200,6,M3_IMBALANCED,30,A,L2,F3,H4,V3,map_S10_M3_IMBALANCED_seed030,e4e75b0e016bbb6905fe27e68e217cc46fe3128df83ea0b0e820cc8fe47a09d1,271.616,483.28,195.159,378.219,25,1155,5.0293,0.0888,60.0,41.24,101.24,161.24,170.0,110.0,3.965,6.0,1.0,0.007,0.182,0.133,8709.65963,0.258068,0.0,3995,1409336,1409336,1.0,1751,1751,1.0,119804,0,1,S10|M3_IMBALANCED|30|A|L2|F3,true,false,false,/home/cyfer/FYP/WSN_simulation_V3/runs/S10_5000/outputs_production_50seed_part26_30/run_campaign_v3_S10_M3_IMBALANCED_A_L2_F3_H4_seed030_30_20260603_100753
campaign_v3_S10_M3_IMBALANCED_A_L2_F4_H0_seed026,campaign_v3_S10_M3_IMBALANCED_A_L2_F4_H0_seed026_26_20260603_095254,S10,5000,200,6,M3_IMBALANCED,26,A,L2,F4,H0,V2,map_S10_M3_IMBALANCED_seed026,cb6ca239f7d186ff6b7b04f6ddd2406c4214fa02cbc82fef44058d2675e960be,266.972,487.818,192.206,379.449,25,1503,6.0943,0.0866,60.0,-1.0,-1.0,-1.0,-1.0,-1.0,0.0,0.0,0.0,0.0,0.0,0.0,8706.884048,0.258623,0.0,3990,1409555,1409555,1.0,1756,1756,1.0,120035,1,0,S10|M3_IMBALANCED|26|A|L2|F4,false,false,true,/home/cyfer/FYP/WSN_simulation_V3/runs/S10_5000/outputs_production_50seed_part26_30/run_campaign_v3_S10_M3_IMBALANCED_A_L2_F4_H0_seed026_26_20260603_095254
campaign_v3_S10_M3_IMBALANCED_A_L2_F4_H0_seed027,campaign_v3_S10_M3_IMBALANCED_A_L2_F4_H0_seed027_27_20260603_095629,S10,5000,200,6,M3_IMBALANCED,27,A,L2,F4,H0,V2,map_S10_M3_IMBALANCED_seed027,59752a276c5d47a0b647333aa8c94c1bd8a0e4e0608a65312be59ec315374ab1,273.226,471.499,195.662,399.379,25,1321,5.4793,0.0836,60.0,-1.0,-1.0,-1.0,-1.0,-1.0,0.0,0.0,0.0,0.0,0.0,0.0,8676.220105,0.264756,0.0,3976,1409555,1409555,1.0,1720,1720,1.0,120035,1,0,S10|M3_IMBALANCED|27|A|L2|F4,false,false,true,/home/cyfer/FYP/WSN_simulation_V3/runs/S10_5000/outputs_production_50seed_part26_30/run_campaign_v3_S10_M3_IMBALANCED_A_L2_F4_H0_seed027_27_20260603_095629
campaign_v3_S10_M3_IMBALANCED_A_L2_F4_H0_seed028,campaign_v3_S10_M3_IMBALANCED_A_L2_F4_H0_seed028_28_20260603_100009,S10,5000,200,6,M3_IMBALANCED,28,A,L2,F4,H0,V2,map_S10_M3_IMBALANCED_seed028,63c1eebffb177e215388081c3becad096b0be1a6a64b4feeada62f1c7d050d3d,274.269,507.193,192.769,390.797,25,1779,6.9902,0.0842,60.0,-1.0,-1.0,-1.0,-1.0,-1.0,0.0,0.0,0.0,0.0,0.0,0.0,8717.922578,0.256415,0.0,4004,1410965,1410965,1.0,1738,1738,1.0,120005,1,0,S10|M3_IMBALANCED|28|A|L2|F4,false,false,true,/home/cyfer/FYP/WSN_simulation_V3/runs/S10_5000/outputs_production_50seed_part26_30/run_campaign_v3_S10_M3_IMBALANCED_A_L2_F4_H0_seed028_28_20260603_100009
campaign_v3_S10_M3_IMBALANCED_A_L2_F4_H0_seed029,campaign_v3_S10_M3_IMBALANCED_A_L2_F4_H0_seed029_29_20260603_100350,S10,5000,200,6,M3_IMBALANCED,29,A,L2,F4,H0,V2,map_S10_M3_IMBALANCED_seed029,b7a0d156a25e2f09a8da611fce0867266104e8db4cf436458cc1fe98c0fee5c2,267.655,500.643,190.291,408.032,25,1679,6.461,0.0876,60.0,-1.0,-1.0,-1.0,-1.0,-1.0,0.0,0.0,0.0,0.0,0.0,0.0,8685.687476,0.262863,0.0,3973,1409320,1409320,1.0,1747,1747,1.0,120040,1,0,S10|M3_IMBALANCED|29|A|L2|F4,false,false,true,/home/cyfer/FYP/WSN_simulation_V3/runs/S10_5000/outputs_production_50seed_part26_30/run_campaign_v3_S10_M3_IMBALANCED_A_L2_F4_H0_seed029_29_20260603_100350
campaign_v3_S10_M3_IMBALANCED_A_L2_F4_H0_seed030,campaign_v3_S10_M3_IMBALANCED_A_L2_F4_H0_seed030_30_20260603_100722,S10,5000,200,6,M3_IMBALANCED,30,A,L2,F4,H0,V2,map_S10_M3_IMBALANCED_seed030,e4e75b0e016bbb6905fe27e68e217cc46fe3128df83ea0b0e820cc8fe47a09d1,271.616,483.28,195.159,378.219,25,1155,5.0293,0.0888,60.0,-1.0,-1.0,-1.0,-1.0,-1.0,0.0,0.0,0.0,0.0,0.0,0.0,8712.530963,0.257494,0.0,3996,1410260,1410260,1.0,1747,1747,1.0,120020,1,0,S10|M3_IMBALANCED|30|A|L2|F4,false,false,true,/home/cyfer/FYP/WSN_simulation_V3/runs/S10_5000/outputs_production_50seed_part26_30/run_campaign_v3_S10_M3_IMBALANCED_A_L2_F4_H0_seed030_30_20260603_100722
campaign_v3_S10_M3_IMBALANCED_A_L2_F4_H1_seed026,campaign_v3_S10_M3_IMBALANCED_A_L2_F4_H1_seed026_26_20260603_095327,S10,5000,200,6,M3_IMBALANCED,26,A,L2,F4,H1,V3,map_S10_M3_IMBALANCED_seed026,cb6ca239f7d186ff6b7b04f6ddd2406c4214fa02cbc82fef44058d2675e960be,266.972,487.818,192.206,379.449,25,1503,6.0943,0.0866,60.0,37.649,97.649,157.649,160.0,100.0,3.958,6.0,1.0,0.005,0.159,0.155,8707.426977,0.258515,0.0,3990,1409725,1409725,1.0,1760,1760,1.0,119829,0,1,S10|M3_IMBALANCED|26|A|L2|F4,true,false,false,/home/cyfer/FYP/WSN_simulation_V3/runs/S10_5000/outputs_production_50seed_part26_30/run_campaign_v3_S10_M3_IMBALANCED_A_L2_F4_H1_seed026_26_20260603_095327
campaign_v3_S10_M3_IMBALANCED_A_L2_F4_H1_seed027,campaign_v3_S10_M3_IMBALANCED_A_L2_F4_H1_seed027_27_20260603_095706,S10,5000,200,6,M3_IMBALANCED,27,A,L2,F4,H1,V3,map_S10_M3_IMBALANCED_seed027,59752a276c5d47a0b647333aa8c94c1bd8a0e4e0608a65312be59ec315374ab1,273.226,471.499,195.662,399.379,25,1321,5.4793,0.0836,60.0,36.759,96.759,156.759,160.0,100.0,3.668,6.0,1.0,0.005,0.165,0.053,8676.964932,0.264607,0.0,3976,1409732,1409732,1.0,1724,1724,1.0,119829,0,1,S10|M3_IMBALANCED|27|A|L2|F4,true,false,false,/home/cyfer/FYP/WSN_simulation_V3/runs/S10_5000/outputs_production_50seed_part26_30/run_campaign_v3_S10_M3_IMBALANCED_A_L2_F4_H1_seed027_27_20260603_095706
campaign_v3_S10_M3_IMBALANCED_A_L2_F4_H1_seed028,campaign_v3_S10_M3_IMBALANCED_A_L2_F4_H1_seed028_28_20260603_100048,S10,5000,200,6,M3_IMBALANCED,28,A,L2,F4,H1,V3,map_S10_M3_IMBALANCED_seed028,63c1eebffb177e215388081c3becad096b0be1a6a64b4feeada62f1c7d050d3d,274.269,507.193,192.769,390.797,25,1779,6.9902,0.0842,60.0,37.58,97.58,157.58,160.0,100.0,3.604,6.0,1.0,0.001,0.026,0.175,8718.042311,0.256392,0.0,4004,1411003,1411003,1.0,1742,1742,1.0,119979,0,1,S10|M3_IMBALANCED|28|A|L2|F4,true,false,false,/home/cyfer/FYP/WSN_simulation_V3/runs/S10_5000/outputs_production_50seed_part26_30/run_campaign_v3_S10_M3_IMBALANCED_A_L2_F4_H1_seed028_28_20260603_100048
campaign_v3_S10_M3_IMBALANCED_A_L2_F4_H1_seed029,campaign_v3_S10_M3_IMBALANCED_A_L2_F4_H1_seed029_29_20260603_100423,S10,5000,200,6,M3_IMBALANCED,29,A,L2,F4,H1,V3,map_S10_M3_IMBALANCED_seed029,b7a0d156a25e2f09a8da611fce0867266104e8db4cf436458cc1fe98c0fee5c2,267.655,500.643,190.291,408.032,25,1679,6.461,0.0876,60.0,37.723,97.723,157.723,160.0,100.0,4.046,6.0,1.0,0.005,0.191,0.153,8686.398107,0.26272,0.0,3973,1409512,1409512,1.0,1751,1751,1.0,119804,0,1,S10|M3_IMBALANCED|29|A|L2|F4,true,false,false,/home/cyfer/FYP/WSN_simulation_V3/runs/S10_5000/outputs_production_50seed_part26_30/run_campaign_v3_S10_M3_IMBALANCED_A_L2_F4_H1_seed029_29_20260603_100423
campaign_v3_S10_M3_IMBALANCED_A_L2_F4_H1_seed030,campaign_v3_S10_M3_IMBALANCED_A_L2_F4_H1_seed030_30_20260603_100755,S10,5000,200,6,M3_IMBALANCED,30,A,L2,F4,H1,V3,map_S10_M3_IMBALANCED_seed030,e4e75b0e016bbb6905fe27e68e217cc46fe3128df83ea0b0e820cc8fe47a09d1,271.616,483.28,195.159,378.219,25,1155,5.0293,0.0888,60.0,36.551,96.551,156.551,160.0,100.0,3.538,6.0,1.0,0.003,0.089,0.087,8712.856652,0.257429,0.0,3996,1410368,1410368,1.0,1751,1751,1.0,119904,0,1,S10|M3_IMBALANCED|30|A|L2|F4,true,false,false,/home/cyfer/FYP/WSN_simulation_V3/runs/S10_5000/outputs_production_50seed_part26_30/run_campaign_v3_S10_M3_IMBALANCED_A_L2_F4_H1_seed030_30_20260603_100755
campaign_v3_S10_M3_IMBALANCED_A_L2_F4_H3_seed026,campaign_v3_S10_M3_IMBALANCED_A_L2_F4_H3_seed026_26_20260603_095330,S10,5000,200,6,M3_IMBALANCED,26,A,L2,F4,H3,V3,map_S10_M3_IMBALANCED_seed026,cb6ca239f7d186ff6b7b04f6ddd2406c4214fa02cbc82fef44058d2675e960be,266.972,487.818,192.206,379.449,25,1503,6.0943,0.0866,60.0,43.897,103.897,163.897,170.0,110.0,3.958,6.0,1.0,0.005,0.159,0.155,8707.183523,0.258563,0.0,3990,1409635,1409635,1.0,1760,1760,1.0,119829,0,1,S10|M3_IMBALANCED|26|A|L2|F4,true,false,false,/home/cyfer/FYP/WSN_simulation_V3/runs/S10_5000/outputs_production_50seed_part26_30/run_campaign_v3_S10_M3_IMBALANCED_A_L2_F4_H3_seed026_26_20260603_095330
campaign_v3_S10_M3_IMBALANCED_A_L2_F4_H3_seed027,campaign_v3_S10_M3_IMBALANCED_A_L2_F4_H3_seed027_27_20260603_095708,S10,5000,200,6,M3_IMBALANCED,27,A,L2,F4,H3,V3,map_S10_M3_IMBALANCED_seed027,59752a276c5d47a0b647333aa8c94c1bd8a0e4e0608a65312be59ec315374ab1,273.226,471.499,195.662,399.379,25,1321,5.4793,0.0836,60.0,43.555,103.555,163.555,170.0,110.0,3.668,6.0,1.0,0.005,0.165,0.053,8676.61023,0.264678,0.0,3976,1409635,1409635,1.0,1724,1724,1.0,119829,0,1,S10|M3_IMBALANCED|27|A|L2|F4,true,false,false,/home/cyfer/FYP/WSN_simulation_V3/runs/S10_5000/outputs_production_50seed_part26_30/run_campaign_v3_S10_M3_IMBALANCED_A_L2_F4_H3_seed027_27_20260603_095708
campaign_v3_S10_M3_IMBALANCED_A_L2_F4_H3_seed028,campaign_v3_S10_M3_IMBALANCED_A_L2_F4_H3_seed028_28_20260603_100050,S10,5000,200,6,M3_IMBALANCED,28,A,L2,F4,H3,V3,map_S10_M3_IMBALANCED_seed028,63c1eebffb177e215388081c3becad096b0be1a6a64b4feeada62f1c7d050d3d,274.269,507.193,192.769,390.797,25,1779,6.9902,0.0842,60.0,42.938,102.938,162.938,170.0,110.0,3.604,6.0,1.0,0.001,0.026,0.175,8718.032411,0.256394,0.0,4004,1410998,1410998,1.0,1742,1742,1.0,119979,0,1,S10|M3_IMBALANCED|28|A|L2|F4,true,false,false,/home/cyfer/FYP/WSN_simulation_V3/runs/S10_5000/outputs_production_50seed_part26_30/run_campaign_v3_S10_M3_IMBALANCED_A_L2_F4_H3_seed028_28_20260603_100050
campaign_v3_S10_M3_IMBALANCED_A_L2_F4_H3_seed029,campaign_v3_S10_M3_IMBALANCED_A_L2_F4_H3_seed029_29_20260603_100425,S10,5000,200,6,M3_IMBALANCED,29,A,L2,F4,H3,V3,map_S10_M3_IMBALANCED_seed029,b7a0d156a25e2f09a8da611fce0867266104e8db4cf436458cc1fe98c0fee5c2,267.655,500.643,190.291,408.032,25,1679,6.461,0.0876,60.0,43.148,103.148,163.148,170.0,110.0,4.046,6.0,1.0,0.005,0.191,0.153,8686.008159,0.262798,0.0,3973,1409400,1409400,1.0,1751,1751,1.0,119804,0,1,S10|M3_IMBALANCED|29|A|L2|F4,true,false,false,/home/cyfer/FYP/WSN_simulation_V3/runs/S10_5000/outputs_production_50seed_part26_30/run_campaign_v3_S10_M3_IMBALANCED_A_L2_F4_H3_seed029_29_20260603_100425
campaign_v3_S10_M3_IMBALANCED_A_L2_F4_H3_seed030,campaign_v3_S10_M3_IMBALANCED_A_L2_F4_H3_seed030_30_20260603_100758,S10,5000,200,6,M3_IMBALANCED,30,A,L2,F4,H3,V3,map_S10_M3_IMBALANCED_seed030,e4e75b0e016bbb6905fe27e68e217cc46fe3128df83ea0b0e820cc8fe47a09d1,271.616,483.28,195.159,378.219,25,1155,5.0293,0.0888,60.0,42.617,102.617,162.617,170.0,110.0,3.538,6.0,1.0,0.003,0.089,0.087,8712.707606,0.257458,0.0,3996,1410310,1410310,1.0,1751,1751,1.0,119904,0,1,S10|M3_IMBALANCED|30|A|L2|F4,true,false,false,/home/cyfer/FYP/WSN_simulation_V3/runs/S10_5000/outputs_production_50seed_part26_30/run_campaign_v3_S10_M3_IMBALANCED_A_L2_F4_H3_seed030_30_20260603_100758
campaign_v3_S10_M3_IMBALANCED_A_L2_F4_H4_seed026,campaign_v3_S10_M3_IMBALANCED_A_L2_F4_H4_seed026_26_20260603_095333,S10,5000,200,6,M3_IMBALANCED,26,A,L2,F4,H4,V3,map_S10_M3_IMBALANCED_seed026,cb6ca239f7d186ff6b7b04f6ddd2406c4214fa02cbc82fef44058d2675e960be,266.972,487.818,192.206,379.449,25,1503,6.0943,0.0866,60.0,47.737,107.737,167.737,170.0,110.0,3.958,6.0,1.0,0.005,0.159,0.155,8706.201827,0.25876,0.0,3990,1409290,1409290,1.0,1760,1760,1.0,119758,0,1,S10|M3_IMBALANCED|26|A|L2|F4,true,false,false,/home/cyfer/FYP/WSN_simulation_V3/runs/S10_5000/outputs_production_50seed_part26_30/run_campaign_v3_S10_M3_IMBALANCED_A_L2_F4_H4_seed026_26_20260603_095333
campaign_v3_S10_M3_IMBALANCED_A_L2_F4_H4_seed027,campaign_v3_S10_M3_IMBALANCED_A_L2_F4_H4_seed027_27_20260603_095711,S10,5000,200,6,M3_IMBALANCED,27,A,L2,F4,H4,V3,map_S10_M3_IMBALANCED_seed027,59752a276c5d47a0b647333aa8c94c1bd8a0e4e0608a65312be59ec315374ab1,273.226,471.499,195.662,399.379,25,1321,5.4793,0.0836,60.0,46.897,106.897,166.897,170.0,110.0,3.668,6.0,1.0,0.005,0.165,0.053,8674.724671,0.265055,0.0,3976,1409038,1409038,1.0,1724,1724,1.0,119708,0,1,S10|M3_IMBALANCED|27|A|L2|F4,true,false,false,/home/cyfer/FYP/WSN_simulation_V3/runs/S10_5000/outputs_production_50seed_part26_30/run_campaign_v3_S10_M3_IMBALANCED_A_L2_F4_H4_seed027_27_20260603_095711
campaign_v3_S10_M3_IMBALANCED_A_L2_F4_H4_seed028,campaign_v3_S10_M3_IMBALANCED_A_L2_F4_H4_seed028_28_20260603_100053,S10,5000,200,6,M3_IMBALANCED,28,A,L2,F4,H4,V3,map_S10_M3_IMBALANCED_seed028,63c1eebffb177e215388081c3becad096b0be1a6a64b4feeada62f1c7d050d3d,274.269,507.193,192.769,390.797,25,1779,6.9902,0.0842,60.0,46.925,106.925,166.925,170.0,110.0,3.604,6.0,1.0,0.001,0.026,0.175,8716.802388,0.25664,0.0,4004,1410626,1410626,1.0,1742,1742,1.0,119908,0,1,S10|M3_IMBALANCED|28|A|L2|F4,true,false,false,/home/cyfer/FYP/WSN_simulation_V3/runs/S10_5000/outputs_production_50seed_part26_30/run_campaign_v3_S10_M3_IMBALANCED_A_L2_F4_H4_seed028_28_20260603_100053
campaign_v3_S10_M3_IMBALANCED_A_L2_F4_H4_seed029,campaign_v3_S10_M3_IMBALANCED_A_L2_F4_H4_seed029_29_20260603_100428,S10,5000,200,6,M3_IMBALANCED,29,A,L2,F4,H4,V3,map_S10_M3_IMBALANCED_seed029,b7a0d156a25e2f09a8da611fce0867266104e8db4cf436458cc1fe98c0fee5c2,267.655,500.643,190.291,408.032,25,1679,6.461,0.0876,60.0,47.943,107.943,167.943,170.0,110.0,4.046,6.0,1.0,0.005,0.191,0.153,8682.6381,0.263472,0.0,3972,1408178,1408178,1.0,1751,1751,1.0,119558,0,1,S10|M3_IMBALANCED|29|A|L2|F4,true,false,false,/home/cyfer/FYP/WSN_simulation_V3/runs/S10_5000/outputs_production_50seed_part26_30/run_campaign_v3_S10_M3_IMBALANCED_A_L2_F4_H4_seed029_29_20260603_100428
campaign_v3_S10_M3_IMBALANCED_A_L2_F4_H4_seed030,campaign_v3_S10_M3_IMBALANCED_A_L2_F4_H4_seed030_30_20260603_100800,S10,5000,200,6,M3_IMBALANCED,30,A,L2,F4,H4,V3,map_S10_M3_IMBALANCED_seed030,e4e75b0e016bbb6905fe27e68e217cc46fe3128df83ea0b0e820cc8fe47a09d1,271.616,483.28,195.159,378.219,25,1155,5.0293,0.0888,60.0,47.143,107.143,167.143,170.0,110.0,3.538,6.0,1.0,0.003,0.089,0.087,8712.742589,0.257451,0.0,3996,1410324,1410324,1.0,1751,1751,1.0,119904,0,1,S10|M3_IMBALANCED|30|A|L2|F4,true,false,false,/home/cyfer/FYP/WSN_simulation_V3/runs/S10_5000/outputs_production_50seed_part26_30/run_campaign_v3_S10_M3_IMBALANCED_A_L2_F4_H4_seed030_30_20260603_100800
campaign_v3_S10_M3_IMBALANCED_B_L1_F0_H0_seed026,campaign_v3_S10_M3_IMBALANCED_B_L1_F0_H0_seed026_26_20260603_095335,S10,5000,200,6,M3_IMBALANCED,26,B,L1,F0,H0,V1,map_S10_M3_IMBALANCED_seed026,cb6ca239f7d186ff6b7b04f6ddd2406c4214fa02cbc82fef44058d2675e960be,266.972,487.818,192.206,379.449,25,1503,6.0943,0.0866,0.0,-1.0,-1.0,-1.0,-1.0,-1.0,0.0,0.0,0.0,0.0,0.0,0.0,8454.546853,0.309091,0.0,3954,1411200,1411200,1.0,1764,1764,1.0,120000,0,0,S10|M3_IMBALANCED|26|B|L1|F0,false,true,false,/home/cyfer/FYP/WSN_simulation_V3/runs/S10_5000/outputs_production_50seed_part26_30/run_campaign_v3_S10_M3_IMBALANCED_B_L1_F0_H0_seed026_26_20260603_095335
campaign_v3_S10_M3_IMBALANCED_B_L1_F0_H0_seed027,campaign_v3_S10_M3_IMBALANCED_B_L1_F0_H0_seed027_27_20260603_095714,S10,5000,200,6,M3_IMBALANCED,27,B,L1,F0,H0,V1,map_S10_M3_IMBALANCED_seed027,59752a276c5d47a0b647333aa8c94c1bd8a0e4e0608a65312be59ec315374ab1,273.226,471.499,195.662,399.379,25,1321,5.4793,0.0836,0.0,-1.0,-1.0,-1.0,-1.0,-1.0,0.0,0.0,0.0,0.0,0.0,0.0,8432.665016,0.313467,0.0,3946,1411200,1411200,1.0,1728,1728,1.0,120000,0,0,S10|M3_IMBALANCED|27|B|L1|F0,false,true,false,/home/cyfer/FYP/WSN_simulation_V3/runs/S10_5000/outputs_production_50seed_part26_30/run_campaign_v3_S10_M3_IMBALANCED_B_L1_F0_H0_seed027_27_20260603_095714
campaign_v3_S10_M3_IMBALANCED_B_L1_F0_H0_seed028,campaign_v3_S10_M3_IMBALANCED_B_L1_F0_H0_seed028_28_20260603_100056,S10,5000,200,6,M3_IMBALANCED,28,B,L1,F0,H0,V1,map_S10_M3_IMBALANCED_seed028,63c1eebffb177e215388081c3becad096b0be1a6a64b4feeada62f1c7d050d3d,274.269,507.193,192.769,390.797,25,1779,6.9902,0.0842,0.0,-1.0,-1.0,-1.0,-1.0,-1.0,0.0,0.0,0.0,0.0,0.0,0.0,8478.582137,0.304284,0.0,3972,1411200,1411200,1.0,1746,1746,1.0,120000,0,0,S10|M3_IMBALANCED|28|B|L1|F0,false,true,false,/home/cyfer/FYP/WSN_simulation_V3/runs/S10_5000/outputs_production_50seed_part26_30/run_campaign_v3_S10_M3_IMBALANCED_B_L1_F0_H0_seed028_28_20260603_100056
campaign_v3_S10_M3_IMBALANCED_B_L1_F0_H0_seed029,campaign_v3_S10_M3_IMBALANCED_B_L1_F0_H0_seed029_29_20260603_100431,S10,5000,200,6,M3_IMBALANCED,29,B,L1,F0,H0,V1,map_S10_M3_IMBALANCED_seed029,b7a0d156a25e2f09a8da611fce0867266104e8db4cf436458cc1fe98c0fee5c2,267.655,500.643,190.291,408.032,25,1679,6.461,0.0876,0.0,-1.0,-1.0,-1.0,-1.0,-1.0,0.0,0.0,0.0,0.0,0.0,0.0,8438.909105,0.312218,0.0,3942,1411200,1411200,1.0,1755,1755,1.0,120000,0,0,S10|M3_IMBALANCED|29|B|L1|F0,false,true,false,/home/cyfer/FYP/WSN_simulation_V3/runs/S10_5000/outputs_production_50seed_part26_30/run_campaign_v3_S10_M3_IMBALANCED_B_L1_F0_H0_seed029_29_20260603_100431
campaign_v3_S10_M3_IMBALANCED_B_L1_F0_H0_seed030,campaign_v3_S10_M3_IMBALANCED_B_L1_F0_H0_seed030_30_20260603_100803,S10,5000,200,6,M3_IMBALANCED,30,B,L1,F0,H0,V1,map_S10_M3_IMBALANCED_seed030,e4e75b0e016bbb6905fe27e68e217cc46fe3128df83ea0b0e820cc8fe47a09d1,271.616,483.28,195.159,378.219,25,1155,5.0293,0.0888,0.0,-1.0,-1.0,-1.0,-1.0,-1.0,0.0,0.0,0.0,0.0,0.0,0.0,8462.438813,0.307512,0.0,3951,1411200,1411200,1.0,1755,1755,1.0,120000,0,0,S10|M3_IMBALANCED|30|B|L1|F0,false,true,false,/home/cyfer/FYP/WSN_simulation_V3/runs/S10_5000/outputs_production_50seed_part26_30/run_campaign_v3_S10_M3_IMBALANCED_B_L1_F0_H0_seed030_30_20260603_100803
campaign_v3_S10_M3_IMBALANCED_B_L1_F1_H0_seed026,campaign_v3_S10_M3_IMBALANCED_B_L1_F1_H0_seed026_26_20260603_095338,S10,5000,200,6,M3_IMBALANCED,26,B,L1,F1,H0,V2,map_S10_M3_IMBALANCED_seed026,cb6ca239f7d186ff6b7b04f6ddd2406c4214fa02cbc82fef44058d2675e960be,266.972,487.818,192.206,379.449,25,1503,6.0943,0.0866,60.0,-1.0,-1.0,-1.0,-1.0,-1.0,0.0,0.0,0.0,0.0,0.0,0.0,8450.86093,0.309491,0.0,3954,1409555,1409555,1.0,1756,1756,1.0,120035,1,0,S10|M3_IMBALANCED|26|B|L1|F1,false,false,true,/home/cyfer/FYP/WSN_simulation_V3/runs/S10_5000/outputs_production_50seed_part26_30/run_campaign_v3_S10_M3_IMBALANCED_B_L1_F1_H0_seed026_26_20260603_095338
campaign_v3_S10_M3_IMBALANCED_B_L1_F1_H0_seed027,campaign_v3_S10_M3_IMBALANCED_B_L1_F1_H0_seed027_27_20260603_095716,S10,5000,200,6,M3_IMBALANCED,27,B,L1,F1,H0,V2,map_S10_M3_IMBALANCED_seed027,59752a276c5d47a0b647333aa8c94c1bd8a0e4e0608a65312be59ec315374ab1,273.226,471.499,195.662,399.379,25,1321,5.4793,0.0836,60.0,-1.0,-1.0,-1.0,-1.0,-1.0,0.0,0.0,0.0,0.0,0.0,0.0,8428.692786,0.313927,0.0,3946,1409555,1409555,1.0,1720,1720,1.0,120035,1,0,S10|M3_IMBALANCED|27|B|L1|F1,false,false,true,/home/cyfer/FYP/WSN_simulation_V3/runs/S10_5000/outputs_production_50seed_part26_30/run_campaign_v3_S10_M3_IMBALANCED_B_L1_F1_H0_seed027_27_20260603_095716
campaign_v3_S10_M3_IMBALANCED_B_L1_F1_H0_seed028,campaign_v3_S10_M3_IMBALANCED_B_L1_F1_H0_seed028_28_20260603_100058,S10,5000,200,6,M3_IMBALANCED,28,B,L1,F1,H0,V2,map_S10_M3_IMBALANCED_seed028,63c1eebffb177e215388081c3becad096b0be1a6a64b4feeada62f1c7d050d3d,274.269,507.193,192.769,390.797,25,1779,6.9902,0.0842,60.0,-1.0,-1.0,-1.0,-1.0,-1.0,0.0,0.0,0.0,0.0,0.0,0.0,8478.018672,0.304007,0.0,3973,1410965,1410965,1.0,1738,1738,1.0,120005,1,0,S10|M3_IMBALANCED|28|B|L1|F1,false,false,true,/home/cyfer/FYP/WSN_simulation_V3/runs/S10_5000/outputs_production_50seed_part26_30/run_campaign_v3_S10_M3_IMBALANCED_B_L1_F1_H0_seed028_28_20260603_100058
campaign_v3_S10_M3_IMBALANCED_B_L1_F1_H0_seed029,campaign_v3_S10_M3_IMBALANCED_B_L1_F1_H0_seed029_29_20260603_100433,S10,5000,200,6,M3_IMBALANCED,29,B,L1,F1,H0,V2,map_S10_M3_IMBALANCED_seed029,b7a0d156a25e2f09a8da611fce0867266104e8db4cf436458cc1fe98c0fee5c2,267.655,500.643,190.291,408.032,25,1679,6.461,0.0876,60.0,-1.0,-1.0,-1.0,-1.0,-1.0,0.0,0.0,0.0,0.0,0.0,0.0,8434.415389,0.312793,0.0,3942,1409320,1409320,1.0,1747,1747,1.0,120040,1,0,S10|M3_IMBALANCED|29|B|L1|F1,false,false,true,/home/cyfer/FYP/WSN_simulation_V3/runs/S10_5000/outputs_production_50seed_part26_30/run_campaign_v3_S10_M3_IMBALANCED_B_L1_F1_H0_seed029_29_20260603_100433
campaign_v3_S10_M3_IMBALANCED_B_L1_F1_H0_seed030,campaign_v3_S10_M3_IMBALANCED_B_L1_F1_H0_seed030_30_20260603_100806,S10,5000,200,6,M3_IMBALANCED,30,B,L1,F1,H0,V2,map_S10_M3_IMBALANCED_seed030,e4e75b0e016bbb6905fe27e68e217cc46fe3128df83ea0b0e820cc8fe47a09d1,271.616,483.28,195.159,378.219,25,1155,5.0293,0.0888,60.0,-1.0,-1.0,-1.0,-1.0,-1.0,0.0,0.0,0.0,0.0,0.0,0.0,8460.434945,0.307548,0.0,3952,1410260,1410260,1.0,1747,1747,1.0,120020,1,0,S10|M3_IMBALANCED|30|B|L1|F1,false,false,true,/home/cyfer/FYP/WSN_simulation_V3/runs/S10_5000/outputs_production_50seed_part26_30/run_campaign_v3_S10_M3_IMBALANCED_B_L1_F1_H0_seed030_30_20260603_100806
campaign_v3_S10_M3_IMBALANCED_B_L1_F1_H1_seed026,campaign_v3_S10_M3_IMBALANCED_B_L1_F1_H1_seed026_26_20260603_095350,S10,5000,200,6,M3_IMBALANCED,26,B,L1,F1,H1,V3,map_S10_M3_IMBALANCED_seed026,cb6ca239f7d186ff6b7b04f6ddd2406c4214fa02cbc82fef44058d2675e960be,266.972,487.818,192.206,379.449,25,1503,6.0943,0.0866,60.0,22.47,82.47,142.47,150.0,90.0,6.48,6.0,1.0,0.005,1.0,0.155,8453.064495,0.309051,0.0,3954,1410619,1410619,1.0,1761,1761,1.0,120000,0,1,S10|M3_IMBALANCED|26|B|L1|F1,true,false,false,/home/cyfer/FYP/WSN_simulation_V3/runs/S10_5000/outputs_production_50seed_part26_30/run_campaign_v3_S10_M3_IMBALANCED_B_L1_F1_H1_seed026_26_20260603_095350
campaign_v3_S10_M3_IMBALANCED_B_L1_F1_H1_seed027,campaign_v3_S10_M3_IMBALANCED_B_L1_F1_H1_seed027_27_20260603_095728,S10,5000,200,6,M3_IMBALANCED,27,B,L1,F1,H1,V3,map_S10_M3_IMBALANCED_seed027,59752a276c5d47a0b647333aa8c94c1bd8a0e4e0608a65312be59ec315374ab1,273.226,471.499,195.662,399.379,25,1321,5.4793,0.0836,60.0,21.307,81.307,141.307,150.0,90.0,6.174,6.0,1.0,0.005,1.0,0.053,8431.700901,0.313326,0.0,3946,1410626,1410626,1.0,1725,1725,1.0,120000,0,1,S10|M3_IMBALANCED|27|B|L1|F1,true,false,false,/home/cyfer/FYP/WSN_simulation_V3/runs/S10_5000/outputs_production_50seed_part26_30/run_campaign_v3_S10_M3_IMBALANCED_B_L1_F1_H1_seed027_27_20260603_095728
campaign_v3_S10_M3_IMBALANCED_B_L1_F1_H1_seed028,campaign_v3_S10_M3_IMBALANCED_B_L1_F1_H1_seed028_28_20260603_100111,S10,5000,200,6,M3_IMBALANCED,28,B,L1,F1,H1,V3,map_S10_M3_IMBALANCED_seed028,63c1eebffb177e215388081c3becad096b0be1a6a64b4feeada62f1c7d050d3d,274.269,507.193,192.769,390.797,25,1779,6.9902,0.0842,60.0,21.918,81.918,141.918,150.0,90.0,6.526,6.0,1.0,0.001,1.0,0.175,8478.305039,0.303949,0.0,3973,1411118,1411118,1.0,1743,1743,1.0,120000,0,1,S10|M3_IMBALANCED|28|B|L1|F1,true,false,false,/home/cyfer/FYP/WSN_simulation_V3/runs/S10_5000/outputs_production_50seed_part26_30/run_campaign_v3_S10_M3_IMBALANCED_B_L1_F1_H1_seed028_28_20260603_100111
campaign_v3_S10_M3_IMBALANCED_B_L1_F1_H1_seed029,campaign_v3_S10_M3_IMBALANCED_B_L1_F1_H1_seed029_29_20260603_100445,S10,5000,200,6,M3_IMBALANCED,29,B,L1,F1,H1,V3,map_S10_M3_IMBALANCED_seed029,b7a0d156a25e2f09a8da611fce0867266104e8db4cf436458cc1fe98c0fee5c2,267.655,500.643,190.291,408.032,25,1679,6.461,0.0876,60.0,21.498,81.498,141.498,150.0,90.0,6.472,6.0,1.0,0.005,1.0,0.153,8437.379301,0.312201,0.0,3942,1410544,1410544,1.0,1752,1752,1.0,120000,0,1,S10|M3_IMBALANCED|29|B|L1|F1,true,false,false,/home/cyfer/FYP/WSN_simulation_V3/runs/S10_5000/outputs_production_50seed_part26_30/run_campaign_v3_S10_M3_IMBALANCED_B_L1_F1_H1_seed029_29_20260603_100445
campaign_v3_S10_M3_IMBALANCED_B_L1_F1_H1_seed030,campaign_v3_S10_M3_IMBALANCED_B_L1_F1_H1_seed030_30_20260603_100817,S10,5000,200,6,M3_IMBALANCED,30,B,L1,F1,H1,V3,map_S10_M3_IMBALANCED_seed030,e4e75b0e016bbb6905fe27e68e217cc46fe3128df83ea0b0e820cc8fe47a09d1,271.616,483.28,195.159,378.219,25,1155,5.0293,0.0888,60.0,21.421,81.421,141.421,150.0,90.0,6.272,6.0,1.0,0.003,1.0,0.087,8461.647955,0.307306,0.0,3952,1410872,1410872,1.0,1752,1752,1.0,120000,0,1,S10|M3_IMBALANCED|30|B|L1|F1,true,false,false,/home/cyfer/FYP/WSN_simulation_V3/runs/S10_5000/outputs_production_50seed_part26_30/run_campaign_v3_S10_M3_IMBALANCED_B_L1_F1_H1_seed030_30_20260603_100817
campaign_v3_S10_M3_IMBALANCED_B_L1_F1_H3_seed026,campaign_v3_S10_M3_IMBALANCED_B_L1_F1_H3_seed026_26_20260603_095355,S10,5000,200,6,M3_IMBALANCED,26,B,L1,F1,H3,V3,map_S10_M3_IMBALANCED_seed026,cb6ca239f7d186ff6b7b04f6ddd2406c4214fa02cbc82fef44058d2675e960be,266.972,487.818,192.206,379.449,25,1503,6.0943,0.0866,60.0,28.352,88.352,148.352,150.0,90.0,6.48,6.0,1.0,0.005,1.0,0.155,8452.121824,0.309239,0.0,3954,1410139,1410139,1.0,1761,1761,1.0,119925,0,1,S10|M3_IMBALANCED|26|B|L1|F1,true,false,false,/home/cyfer/FYP/WSN_simulation_V3/runs/S10_5000/outputs_production_50seed_part26_30/run_campaign_v3_S10_M3_IMBALANCED_B_L1_F1_H3_seed026_26_20260603_095355
campaign_v3_S10_M3_IMBALANCED_B_L1_F1_H3_seed027,campaign_v3_S10_M3_IMBALANCED_B_L1_F1_H3_seed027_27_20260603_095735,S10,5000,200,6,M3_IMBALANCED,27,B,L1,F1,H3,V3,map_S10_M3_IMBALANCED_seed027,59752a276c5d47a0b647333aa8c94c1bd8a0e4e0608a65312be59ec315374ab1,273.226,471.499,195.662,399.379,25,1321,5.4793,0.0836,60.0,27.756,87.756,147.756,150.0,90.0,6.174,6.0,1.0,0.005,1.0,0.053,8430.475552,0.313571,0.0,3946,1410143,1410143,1.0,1725,1725,1.0,119925,0,1,S10|M3_IMBALANCED|27|B|L1|F1,true,false,false,/home/cyfer/FYP/WSN_simulation_V3/runs/S10_5000/outputs_production_50seed_part26_30/run_campaign_v3_S10_M3_IMBALANCED_B_L1_F1_H3_seed027_27_20260603_095735
campaign_v3_S10_M3_IMBALANCED_B_L1_F1_H3_seed028,campaign_v3_S10_M3_IMBALANCED_B_L1_F1_H3_seed028_28_20260603_100116,S10,5000,200,6,M3_IMBALANCED,28,B,L1,F1,H3,V3,map_S10_M3_IMBALANCED_seed028,63c1eebffb177e215388081c3becad096b0be1a6a64b4feeada62f1c7d050d3d,274.269,507.193,192.769,390.797,25,1779,6.9902,0.0842,60.0,27.649,87.649,147.649,150.0,90.0,6.526,6.0,1.0,0.001,1.0,0.175,8478.296039,0.303951,0.0,3973,1411112,1411112,1.0,1743,1743,1.0,120000,0,1,S10|M3_IMBALANCED|28|B|L1|F1,true,false,false,/home/cyfer/FYP/WSN_simulation_V3/runs/S10_5000/outputs_production_50seed_part26_30/run_campaign_v3_S10_M3_IMBALANCED_B_L1_F1_H3_seed028_28_20260603_100116
campaign_v3_S10_M3_IMBALANCED_B_L1_F1_H3_seed029,campaign_v3_S10_M3_IMBALANCED_B_L1_F1_H3_seed029_29_20260603_100450,S10,5000,200,6,M3_IMBALANCED,29,B,L1,F1,H3,V3,map_S10_M3_IMBALANCED_seed029,b7a0d156a25e2f09a8da611fce0867266104e8db4cf436458cc1fe98c0fee5c2,267.655,500.643,190.291,408.032,25,1679,6.461,0.0876,60.0,27.792,87.792,147.792,150.0,90.0,6.472,6.0,1.0,0.005,1.0,0.153,8435.775065,0.312522,0.0,3942,1409908,1409908,1.0,1752,1752,1.0,119900,0,1,S10|M3_IMBALANCED|29|B|L1|F1,true,false,false,/home/cyfer/FYP/WSN_simulation_V3/runs/S10_5000/outputs_production_50seed_part26_30/run_campaign_v3_S10_M3_IMBALANCED_B_L1_F1_H3_seed029_29_20260603_100450
campaign_v3_S10_M3_IMBALANCED_B_L1_F1_H3_seed030,campaign_v3_S10_M3_IMBALANCED_B_L1_F1_H3_seed030_30_20260603_100822,S10,5000,200,6,M3_IMBALANCED,30,B,L1,F1,H3,V3,map_S10_M3_IMBALANCED_seed030,e4e75b0e016bbb6905fe27e68e217cc46fe3128df83ea0b0e820cc8fe47a09d1,271.616,483.28,195.159,378.219,25,1155,5.0293,0.0888,60.0,27.584,87.584,147.584,150.0,90.0,6.272,6.0,1.0,0.003,1.0,0.087,8461.053567,0.307425,0.0,3952,1410554,1410554,1.0,1752,1752,1.0,119950,0,1,S10|M3_IMBALANCED|30|B|L1|F1,true,false,false,/home/cyfer/FYP/WSN_simulation_V3/runs/S10_5000/outputs_production_50seed_part26_30/run_campaign_v3_S10_M3_IMBALANCED_B_L1_F1_H3_seed030_30_20260603_100822
campaign_v3_S10_M3_IMBALANCED_B_L1_F1_H4_seed026,campaign_v3_S10_M3_IMBALANCED_B_L1_F1_H4_seed026_26_20260603_095400,S10,5000,200,6,M3_IMBALANCED,26,B,L1,F1,H4,V3,map_S10_M3_IMBALANCED_seed026,cb6ca239f7d186ff6b7b04f6ddd2406c4214fa02cbc82fef44058d2675e960be,266.972,487.818,192.206,379.449,25,1503,6.0943,0.0866,60.0,31.951,91.951,151.951,160.0,100.0,6.48,6.0,1.0,0.005,1.0,0.155,8452.070812,0.30925,0.0,3954,1410143,1410143,1.0,1760,1760,1.0,119929,0,1,S10|M3_IMBALANCED|26|B|L1|F1,true,false,false,/home/cyfer/FYP/WSN_simulation_V3/runs/S10_5000/outputs_production_50seed_part26_30/run_campaign_v3_S10_M3_IMBALANCED_B_L1_F1_H4_seed026_26_20260603_095400
campaign_v3_S10_M3_IMBALANCED_B_L1_F1_H4_seed027,campaign_v3_S10_M3_IMBALANCED_B_L1_F1_H4_seed027_27_20260603_095740,S10,5000,200,6,M3_IMBALANCED,27,B,L1,F1,H4,V3,map_S10_M3_IMBALANCED_seed027,59752a276c5d47a0b647333aa8c94c1bd8a0e4e0608a65312be59ec315374ab1,273.226,471.499,195.662,399.379,25,1321,5.4793,0.0836,60.0,31.828,91.828,151.828,160.0,100.0,6.174,6.0,1.0,0.005,1.0,0.053,8429.898841,0.313686,0.0,3946,1409857,1409857,1.0,1724,1724,1.0,119879,0,1,S10|M3_IMBALANCED|27|B|L1|F1,true,false,false,/home/cyfer/FYP/WSN_simulation_V3/runs/S10_5000/outputs_production_50seed_part26_30/run_campaign_v3_S10_M3_IMBALANCED_B_L1_F1_H4_seed027_27_20260603_095740
campaign_v3_S10_M3_IMBALANCED_B_L1_F1_H4_seed028,campaign_v3_S10_M3_IMBALANCED_B_L1_F1_H4_seed028_28_20260603_100121,S10,5000,200,6,M3_IMBALANCED,28,B,L1,F1,H4,V3,map_S10_M3_IMBALANCED_seed028,63c1eebffb177e215388081c3becad096b0be1a6a64b4feeada62f1c7d050d3d,274.269,507.193,192.769,390.797,25,1779,6.9902,0.0842,60.0,32.417,92.417,152.417,160.0,100.0,6.526,6.0,1.0,0.001,1.0,0.175,8477.292752,0.304152,0.0,3973,1410697,1410697,1.0,1742,1742,1.0,119929,0,1,S10|M3_IMBALANCED|28|B|L1|F1,true,false,false,/home/cyfer/FYP/WSN_simulation_V3/runs/S10_5000/outputs_production_50seed_part26_30/run_campaign_v3_S10_M3_IMBALANCED_B_L1_F1_H4_seed028_28_20260603_100121
campaign_v3_S10_M3_IMBALANCED_B_L1_F1_H4_seed029,campaign_v3_S10_M3_IMBALANCED_B_L1_F1_H4_seed029_29_20260603_100454,S10,5000,200,6,M3_IMBALANCED,29,B,L1,F1,H4,V3,map_S10_M3_IMBALANCED_seed029,b7a0d156a25e2f09a8da611fce0867266104e8db4cf436458cc1fe98c0fee5c2,267.655,500.643,190.291,408.032,25,1679,6.461,0.0876,60.0,32.008,92.008,152.008,160.0,100.0,6.472,6.0,1.0,0.005,1.0,0.153,8434.452576,0.312786,0.0,3941,1409052,1409052,1.0,1751,1751,1.0,119754,0,1,S10|M3_IMBALANCED|29|B|L1|F1,true,false,false,/home/cyfer/FYP/WSN_simulation_V3/runs/S10_5000/outputs_production_50seed_part26_30/run_campaign_v3_S10_M3_IMBALANCED_B_L1_F1_H4_seed029_29_20260603_100454
campaign_v3_S10_M3_IMBALANCED_B_L1_F1_H4_seed030,campaign_v3_S10_M3_IMBALANCED_B_L1_F1_H4_seed030_30_20260603_100827,S10,5000,200,6,M3_IMBALANCED,30,B,L1,F1,H4,V3,map_S10_M3_IMBALANCED_seed030,e4e75b0e016bbb6905fe27e68e217cc46fe3128df83ea0b0e820cc8fe47a09d1,271.616,483.28,195.159,378.219,25,1155,5.0293,0.0888,60.0,31.561,91.561,151.561,160.0,100.0,6.272,6.0,1.0,0.003,1.0,0.087,8461.564236,0.307323,0.0,3952,1410832,1410832,1.0,1751,1751,1.0,120000,0,1,S10|M3_IMBALANCED|30|B|L1|F1,true,false,false,/home/cyfer/FYP/WSN_simulation_V3/runs/S10_5000/outputs_production_50seed_part26_30/run_campaign_v3_S10_M3_IMBALANCED_B_L1_F1_H4_seed030_30_20260603_100827
campaign_v3_S10_M3_IMBALANCED_B_L1_F2_H0_seed026,campaign_v3_S10_M3_IMBALANCED_B_L1_F2_H0_seed026_26_20260603_095343,S10,5000,200,6,M3_IMBALANCED,26,B,L1,F2,H0,V2,map_S10_M3_IMBALANCED_seed026,cb6ca239f7d186ff6b7b04f6ddd2406c4214fa02cbc82fef44058d2675e960be,266.972,487.818,192.206,379.449,25,1503,6.0943,0.0866,60.0,-1.0,-1.0,-1.0,-1.0,-1.0,0.0,0.0,0.0,0.0,0.0,0.0,8452.986128,0.309403,0.0,3954,1410495,1410495,1.0,1756,1756,1.0,120015,1,0,S10|M3_IMBALANCED|26|B|L1|F2,false,false,true,/home/cyfer/FYP/WSN_simulation_V3/runs/S10_5000/outputs_production_50seed_part26_30/run_campaign_v3_S10_M3_IMBALANCED_B_L1_F2_H0_seed026_26_20260603_095343
campaign_v3_S10_M3_IMBALANCED_B_L1_F2_H0_seed027,campaign_v3_S10_M3_IMBALANCED_B_L1_F2_H0_seed027_27_20260603_095721,S10,5000,200,6,M3_IMBALANCED,27,B,L1,F2,H0,V2,map_S10_M3_IMBALANCED_seed027,59752a276c5d47a0b647333aa8c94c1bd8a0e4e0608a65312be59ec315374ab1,273.226,471.499,195.662,399.379,25,1321,5.4793,0.0836,60.0,-1.0,-1.0,-1.0,-1.0,-1.0,0.0,0.0,0.0,0.0,0.0,0.0,8429.865471,0.314027,0.0,3946,1410025,1410025,1.0,1720,1720,1.0,120025,1,0,S10|M3_IMBALANCED|27|B|L1|F2,false,false,true,/home/cyfer/FYP/WSN_simulation_V3/runs/S10_5000/outputs_production_50seed_part26_30/run_campaign_v3_S10_M3_IMBALANCED_B_L1_F2_H0_seed027_27_20260603_095721
campaign_v3_S10_M3_IMBALANCED_B_L1_F2_H0_seed028,campaign_v3_S10_M3_IMBALANCED_B_L1_F2_H0_seed028_28_20260603_100103,S10,5000,200,6,M3_IMBALANCED,28,B,L1,F2,H0,V2,map_S10_M3_IMBALANCED_seed028,63c1eebffb177e215388081c3becad096b0be1a6a64b4feeada62f1c7d050d3d,274.269,507.193,192.769,390.797,25,1779,6.9902,0.0842,60.0,-1.0,-1.0,-1.0,-1.0,-1.0,0.0,0.0,0.0,0.0,0.0,0.0,8476.789528,0.304642,0.0,3972,1410495,1410495,1.0,1738,1738,1.0,120015,1,0,S10|M3_IMBALANCED|28|B|L1|F2,false,false,true,/home/cyfer/FYP/WSN_simulation_V3/runs/S10_5000/outputs_production_50seed_part26_30/run_campaign_v3_S10_M3_IMBALANCED_B_L1_F2_H0_seed028_28_20260603_100103
campaign_v3_S10_M3_IMBALANCED_B_L1_F2_H0_seed029,campaign_v3_S10_M3_IMBALANCED_B_L1_F2_H0_seed029_29_20260603_100438,S10,5000,200,6,M3_IMBALANCED,29,B,L1,F2,H0,V2,map_S10_M3_IMBALANCED_seed029,b7a0d156a25e2f09a8da611fce0867266104e8db4cf436458cc1fe98c0fee5c2,267.655,500.643,190.291,408.032,25,1679,6.461,0.0876,60.0,-1.0,-1.0,-1.0,-1.0,-1.0,0.0,0.0,0.0,0.0,0.0,0.0,8433.807431,0.313239,0.0,3941,1408850,1408850,1.0,1747,1747,1.0,120050,1,0,S10|M3_IMBALANCED|29|B|L1|F2,false,false,true,/home/cyfer/FYP/WSN_simulation_V3/runs/S10_5000/outputs_production_50seed_part26_30/run_campaign_v3_S10_M3_IMBALANCED_B_L1_F2_H0_seed029_29_20260603_100438
campaign_v3_S10_M3_IMBALANCED_B_L1_F2_H0_seed030,campaign_v3_S10_M3_IMBALANCED_B_L1_F2_H0_seed030_30_20260603_100810,S10,5000,200,6,M3_IMBALANCED,30,B,L1,F2,H0,V2,map_S10_M3_IMBALANCED_seed030,e4e75b0e016bbb6905fe27e68e217cc46fe3128df83ea0b0e820cc8fe47a09d1,271.616,483.28,195.159,378.219,25,1155,5.0293,0.0888,60.0,-1.0,-1.0,-1.0,-1.0,-1.0,0.0,0.0,0.0,0.0,0.0,0.0,8462.424413,0.307515,0.0,3951,1411200,1411200,1.0,1755,1755,1.0,120000,1,0,S10|M3_IMBALANCED|30|B|L1|F2,false,false,true,/home/cyfer/FYP/WSN_simulation_V3/runs/S10_5000/outputs_production_50seed_part26_30/run_campaign_v3_S10_M3_IMBALANCED_B_L1_F2_H0_seed030_30_20260603_100810
campaign_v3_S10_M3_IMBALANCED_B_L1_F2_H1_seed026,campaign_v3_S10_M3_IMBALANCED_B_L1_F2_H1_seed026_26_20260603_095405,S10,5000,200,6,M3_IMBALANCED,26,B,L1,F2,H1,V3,map_S10_M3_IMBALANCED_seed026,cb6ca239f7d186ff6b7b04f6ddd2406c4214fa02cbc82fef44058d2675e960be,266.972,487.818,192.206,379.449,25,1503,6.0943,0.0866,60.0,26.696,86.696,146.696,150.0,90.0,3.549,6.0,1.0,0.002,0.069,0.112,8453.965793,0.309207,0.0,3954,1410939,1410939,1.0,1761,1761,1.0,120000,0,1,S10|M3_IMBALANCED|26|B|L1|F2,true,false,false,/home/cyfer/FYP/WSN_simulation_V3/runs/S10_5000/outputs_production_50seed_part26_30/run_campaign_v3_S10_M3_IMBALANCED_B_L1_F2_H1_seed026_26_20260603_095405
campaign_v3_S10_M3_IMBALANCED_B_L1_F2_H1_seed027,campaign_v3_S10_M3_IMBALANCED_B_L1_F2_H1_seed027_27_20260603_095745,S10,5000,200,6,M3_IMBALANCED,27,B,L1,F2,H1,V3,map_S10_M3_IMBALANCED_seed027,59752a276c5d47a0b647333aa8c94c1bd8a0e4e0608a65312be59ec315374ab1,273.226,471.499,195.662,399.379,25,1321,5.4793,0.0836,60.0,27.124,87.124,147.124,150.0,90.0,3.661,6.0,1.0,0.004,0.118,0.098,8431.36716,0.313727,0.0,3946,1410760,1410760,1.0,1725,1725,1.0,120000,0,1,S10|M3_IMBALANCED|27|B|L1|F2,true,false,false,/home/cyfer/FYP/WSN_simulation_V3/runs/S10_5000/outputs_production_50seed_part26_30/run_campaign_v3_S10_M3_IMBALANCED_B_L1_F2_H1_seed027_27_20260603_095745
campaign_v3_S10_M3_IMBALANCED_B_L1_F2_H1_seed028,campaign_v3_S10_M3_IMBALANCED_B_L1_F2_H1_seed028_28_20260603_100126,S10,5000,200,6,M3_IMBALANCED,28,B,L1,F2,H1,V3,map_S10_M3_IMBALANCED_seed028,63c1eebffb177e215388081c3becad096b0be1a6a64b4feeada62f1c7d050d3d,274.269,507.193,192.769,390.797,25,1779,6.9902,0.0842,60.0,27.532,87.532,147.532,150.0,90.0,3.619,6.0,1.0,0.002,0.075,0.13,8478.071849,0.304386,0.0,3972,1410936,1410936,1.0,1743,1743,1.0,120000,0,1,S10|M3_IMBALANCED|28|B|L1|F2,true,false,false,/home/cyfer/FYP/WSN_simulation_V3/runs/S10_5000/outputs_production_50seed_part26_30/run_campaign_v3_S10_M3_IMBALANCED_B_L1_F2_H1_seed028_28_20260603_100126
campaign_v3_S10_M3_IMBALANCED_B_L1_F2_H1_seed029,campaign_v3_S10_M3_IMBALANCED_B_L1_F2_H1_seed029_29_20260603_100459,S10,5000,200,6,M3_IMBALANCED,29,B,L1,F2,H1,V3,map_S10_M3_IMBALANCED_seed029,b7a0d156a25e2f09a8da611fce0867266104e8db4cf436458cc1fe98c0fee5c2,267.655,500.643,190.291,408.032,25,1679,6.461,0.0876,60.0,27.831,87.831,147.831,150.0,90.0,4.005,6.0,1.0,0.006,0.237,0.092,8437.462211,0.312508,0.0,3941,1410320,1410320,1.0,1752,1752,1.0,120000,0,1,S10|M3_IMBALANCED|29|B|L1|F2,true,false,false,/home/cyfer/FYP/WSN_simulation_V3/runs/S10_5000/outputs_production_50seed_part26_30/run_campaign_v3_S10_M3_IMBALANCED_B_L1_F2_H1_seed029_29_20260603_100459
campaign_v3_S10_M3_IMBALANCED_B_L1_F2_H1_seed030,campaign_v3_S10_M3_IMBALANCED_B_L1_F2_H1_seed030_30_20260603_100832,S10,5000,200,6,M3_IMBALANCED,30,B,L1,F2,H1,V3,map_S10_M3_IMBALANCED_seed030,e4e75b0e016bbb6905fe27e68e217cc46fe3128df83ea0b0e820cc8fe47a09d1,271.616,483.28,195.159,378.219,25,1155,5.0293,0.0888,60.0,23.127,83.127,143.127,150.0,90.0,0.075,6.0,0.0,0.0,0.001,0.024,8462.433413,0.307513,0.0,3951,1411200,1411200,1.0,1755,1755,1.0,120000,0,1,S10|M3_IMBALANCED|30|B|L1|F2,true,false,false,/home/cyfer/FYP/WSN_simulation_V3/runs/S10_5000/outputs_production_50seed_part26_30/run_campaign_v3_S10_M3_IMBALANCED_B_L1_F2_H1_seed030_30_20260603_100832
campaign_v3_S10_M3_IMBALANCED_B_L1_F2_H3_seed026,campaign_v3_S10_M3_IMBALANCED_B_L1_F2_H3_seed026_26_20260603_095407,S10,5000,200,6,M3_IMBALANCED,26,B,L1,F2,H3,V3,map_S10_M3_IMBALANCED_seed026,cb6ca239f7d186ff6b7b04f6ddd2406c4214fa02cbc82fef44058d2675e960be,266.972,487.818,192.206,379.449,25,1503,6.0943,0.0866,60.0,32.624,92.624,152.624,160.0,100.0,3.549,6.0,1.0,0.002,0.069,0.112,8453.711603,0.309258,0.0,3954,1410779,1410779,1.0,1760,1760,1.0,119975,0,1,S10|M3_IMBALANCED|26|B|L1|F2,true,false,false,/home/cyfer/FYP/WSN_simulation_V3/runs/S10_5000/outputs_production_50seed_part26_30/run_campaign_v3_S10_M3_IMBALANCED_B_L1_F2_H3_seed026_26_20260603_095407
campaign_v3_S10_M3_IMBALANCED_B_L1_F2_H3_seed027,campaign_v3_S10_M3_IMBALANCED_B_L1_F2_H3_seed027_27_20260603_095748,S10,5000,200,6,M3_IMBALANCED,27,B,L1,F2,H3,V3,map_S10_M3_IMBALANCED_seed027,59752a276c5d47a0b647333aa8c94c1bd8a0e4e0608a65312be59ec315374ab1,273.226,471.499,195.662,399.379,25,1321,5.4793,0.0836,60.0,33.079,93.079,153.079,160.0,100.0,3.661,6.0,1.0,0.004,0.118,0.098,8430.78124,0.313844,0.0,3946,1410448,1410448,1.0,1724,1724,1.0,119950,0,1,S10|M3_IMBALANCED|27|B|L1|F2,true,false,false,/home/cyfer/FYP/WSN_simulation_V3/runs/S10_5000/outputs_production_50seed_part26_30/run_campaign_v3_S10_M3_IMBALANCED_B_L1_F2_H3_seed027_27_20260603_095748
campaign_v3_S10_M3_IMBALANCED_B_L1_F2_H3_seed028,campaign_v3_S10_M3_IMBALANCED_B_L1_F2_H3_seed028_28_20260603_100129,S10,5000,200,6,M3_IMBALANCED,28,B,L1,F2,H3,V3,map_S10_M3_IMBALANCED_seed028,63c1eebffb177e215388081c3becad096b0be1a6a64b4feeada62f1c7d050d3d,274.269,507.193,192.769,390.797,25,1779,6.9902,0.0842,60.0,33.172,93.172,153.172,160.0,100.0,3.619,6.0,1.0,0.002,0.075,0.13,8477.527768,0.304494,0.0,3972,1410777,1410777,1.0,1742,1742,1.0,119975,0,1,S10|M3_IMBALANCED|28|B|L1|F2,true,false,false,/home/cyfer/FYP/WSN_simulation_V3/runs/S10_5000/outputs_production_50seed_part26_30/run_campaign_v3_S10_M3_IMBALANCED_B_L1_F2_H3_seed028_28_20260603_100129
campaign_v3_S10_M3_IMBALANCED_B_L1_F2_H3_seed029,campaign_v3_S10_M3_IMBALANCED_B_L1_F2_H3_seed029_29_20260603_100502,S10,5000,200,6,M3_IMBALANCED,29,B,L1,F2,H3,V3,map_S10_M3_IMBALANCED_seed029,b7a0d156a25e2f09a8da611fce0867266104e8db4cf436458cc1fe98c0fee5c2,267.655,500.643,190.291,408.032,25,1679,6.461,0.0876,60.0,33.819,93.819,153.819,160.0,100.0,4.005,6.0,1.0,0.006,0.237,0.092,8435.64798,0.31287,0.0,3941,1409555,1409555,1.0,1751,1751,1.0,119875,0,1,S10|M3_IMBALANCED|29|B|L1|F2,true,false,false,/home/cyfer/FYP/WSN_simulation_V3/runs/S10_5000/outputs_production_50seed_part26_30/run_campaign_v3_S10_M3_IMBALANCED_B_L1_F2_H3_seed029_29_20260603_100502
campaign_v3_S10_M3_IMBALANCED_B_L1_F2_H3_seed030,campaign_v3_S10_M3_IMBALANCED_B_L1_F2_H3_seed030_30_20260603_100835,S10,5000,200,6,M3_IMBALANCED,30,B,L1,F2,H3,V3,map_S10_M3_IMBALANCED_seed030,e4e75b0e016bbb6905fe27e68e217cc46fe3128df83ea0b0e820cc8fe47a09d1,271.616,483.28,195.159,378.219,25,1155,5.0293,0.0888,60.0,29.875,89.875,149.875,150.0,90.0,0.075,6.0,0.0,0.0,0.001,0.024,8462.433413,0.307513,0.0,3951,1411200,1411200,1.0,1755,1755,1.0,120000,0,1,S10|M3_IMBALANCED|30|B|L1|F2,true,false,false,/home/cyfer/FYP/WSN_simulation_V3/runs/S10_5000/outputs_production_50seed_part26_30/run_campaign_v3_S10_M3_IMBALANCED_B_L1_F2_H3_seed030_30_20260603_100835
campaign_v3_S10_M3_IMBALANCED_B_L1_F2_H4_seed026,campaign_v3_S10_M3_IMBALANCED_B_L1_F2_H4_seed026_26_20260603_095409,S10,5000,200,6,M3_IMBALANCED,26,B,L1,F2,H4,V3,map_S10_M3_IMBALANCED_seed026,cb6ca239f7d186ff6b7b04f6ddd2406c4214fa02cbc82fef44058d2675e960be,266.972,487.818,192.206,379.449,25,1503,6.0943,0.0866,60.0,37.167,97.167,157.167,160.0,100.0,3.549,6.0,1.0,0.002,0.069,0.112,8453.888005,0.309222,0.0,3954,1410906,1410906,1.0,1760,1760,1.0,120000,0,1,S10|M3_IMBALANCED|26|B|L1|F2,true,false,false,/home/cyfer/FYP/WSN_simulation_V3/runs/S10_5000/outputs_production_50seed_part26_30/run_campaign_v3_S10_M3_IMBALANCED_B_L1_F2_H4_seed026_26_20260603_095409
campaign_v3_S10_M3_IMBALANCED_B_L1_F2_H4_seed027,campaign_v3_S10_M3_IMBALANCED_B_L1_F2_H4_seed027_27_20260603_095750,S10,5000,200,6,M3_IMBALANCED,27,B,L1,F2,H4,V3,map_S10_M3_IMBALANCED_seed027,59752a276c5d47a0b647333aa8c94c1bd8a0e4e0608a65312be59ec315374ab1,273.226,471.499,195.662,399.379,25,1321,5.4793,0.0836,60.0,37.235,97.235,157.235,160.0,100.0,3.661,6.0,1.0,0.004,0.118,0.098,8431.260575,0.313748,0.0,3946,1410710,1410710,1.0,1724,1724,1.0,120000,0,1,S10|M3_IMBALANCED|27|B|L1|F2,true,false,false,/home/cyfer/FYP/WSN_simulation_V3/runs/S10_5000/outputs_production_50seed_part26_30/run_campaign_v3_S10_M3_IMBALANCED_B_L1_F2_H4_seed027_27_20260603_095750
campaign_v3_S10_M3_IMBALANCED_B_L1_F2_H4_seed028,campaign_v3_S10_M3_IMBALANCED_B_L1_F2_H4_seed028_28_20260603_100131,S10,5000,200,6,M3_IMBALANCED,28,B,L1,F2,H4,V3,map_S10_M3_IMBALANCED_seed028,63c1eebffb177e215388081c3becad096b0be1a6a64b4feeada62f1c7d050d3d,274.269,507.193,192.769,390.797,25,1779,6.9902,0.0842,60.0,37.288,97.288,157.288,160.0,100.0,3.619,6.0,1.0,0.002,0.075,0.13,8477.978983,0.304404,0.0,3972,1410906,1410906,1.0,1742,1742,1.0,120000,0,1,S10|M3_IMBALANCED|28|B|L1|F2,true,false,false,/home/cyfer/FYP/WSN_simulation_V3/runs/S10_5000/outputs_production_50seed_part26_30/run_campaign_v3_S10_M3_IMBALANCED_B_L1_F2_H4_seed028_28_20260603_100131
campaign_v3_S10_M3_IMBALANCED_B_L1_F2_H4_seed029,campaign_v3_S10_M3_IMBALANCED_B_L1_F2_H4_seed029_29_20260603_100504,S10,5000,200,6,M3_IMBALANCED,29,B,L1,F2,H4,V3,map_S10_M3_IMBALANCED_seed029,b7a0d156a25e2f09a8da611fce0867266104e8db4cf436458cc1fe98c0fee5c2,267.655,500.643,190.291,408.032,25,1679,6.461,0.0876,60.0,37.099,97.099,157.099,160.0,100.0,4.005,6.0,1.0,0.006,0.237,0.092,8437.209159,0.312558,0.0,3941,1410220,1410220,1.0,1751,1751,1.0,120000,0,1,S10|M3_IMBALANCED|29|B|L1|F2,true,false,false,/home/cyfer/FYP/WSN_simulation_V3/runs/S10_5000/outputs_production_50seed_part26_30/run_campaign_v3_S10_M3_IMBALANCED_B_L1_F2_H4_seed029_29_20260603_100504
campaign_v3_S10_M3_IMBALANCED_B_L1_F2_H4_seed030,campaign_v3_S10_M3_IMBALANCED_B_L1_F2_H4_seed030_30_20260603_100837,S10,5000,200,6,M3_IMBALANCED,30,B,L1,F2,H4,V3,map_S10_M3_IMBALANCED_seed030,e4e75b0e016bbb6905fe27e68e217cc46fe3128df83ea0b0e820cc8fe47a09d1,271.616,483.28,195.159,378.219,25,1155,5.0293,0.0888,60.0,33.338,93.338,153.338,160.0,100.0,0.075,6.0,0.0,0.0,0.001,0.024,8462.431613,0.307514,0.0,3951,1411200,1411200,1.0,1755,1755,1.0,120000,0,1,S10|M3_IMBALANCED|30|B|L1|F2,true,false,false,/home/cyfer/FYP/WSN_simulation_V3/runs/S10_5000/outputs_production_50seed_part26_30/run_campaign_v3_S10_M3_IMBALANCED_B_L1_F2_H4_seed030_30_20260603_100837
campaign_v3_S10_M3_IMBALANCED_B_L1_F3_H0_seed026,campaign_v3_S10_M3_IMBALANCED_B_L1_F3_H0_seed026_26_20260603_095345,S10,5000,200,6,M3_IMBALANCED,26,B,L1,F3,H0,V2,map_S10_M3_IMBALANCED_seed026,cb6ca239f7d186ff6b7b04f6ddd2406c4214fa02cbc82fef44058d2675e960be,266.972,487.818,192.206,379.449,25,1503,6.0943,0.0866,60.0,-1.0,-1.0,-1.0,-1.0,-1.0,0.0,0.0,0.0,0.0,0.0,0.0,8451.965245,0.309607,0.0,3954,1410260,1410260,1.0,1756,1756,1.0,120020,1,0,S10|M3_IMBALANCED|26|B|L1|F3,false,false,true,/home/cyfer/FYP/WSN_simulation_V3/runs/S10_5000/outputs_production_50seed_part26_30/run_campaign_v3_S10_M3_IMBALANCED_B_L1_F3_H0_seed026_26_20260603_095345
campaign_v3_S10_M3_IMBALANCED_B_L1_F3_H0_seed027,campaign_v3_S10_M3_IMBALANCED_B_L1_F3_H0_seed027_27_20260603_095724,S10,5000,200,6,M3_IMBALANCED,27,B,L1,F3,H0,V2,map_S10_M3_IMBALANCED_seed027,59752a276c5d47a0b647333aa8c94c1bd8a0e4e0608a65312be59ec315374ab1,273.226,471.499,195.662,399.379,25,1321,5.4793,0.0836,60.0,-1.0,-1.0,-1.0,-1.0,-1.0,0.0,0.0,0.0,0.0,0.0,0.0,8420.127442,0.315975,0.0,3940,1406500,1406500,1.0,1720,1720,1.0,120100,1,0,S10|M3_IMBALANCED|27|B|L1|F3,false,false,true,/home/cyfer/FYP/WSN_simulation_V3/runs/S10_5000/outputs_production_50seed_part26_30/run_campaign_v3_S10_M3_IMBALANCED_B_L1_F3_H0_seed027_27_20260603_095724
campaign_v3_S10_M3_IMBALANCED_B_L1_F3_H0_seed028,campaign_v3_S10_M3_IMBALANCED_B_L1_F3_H0_seed028_28_20260603_100106,S10,5000,200,6,M3_IMBALANCED,28,B,L1,F3,H0,V2,map_S10_M3_IMBALANCED_seed028,63c1eebffb177e215388081c3becad096b0be1a6a64b4feeada62f1c7d050d3d,274.269,507.193,192.769,390.797,25,1779,6.9902,0.0842,60.0,-1.0,-1.0,-1.0,-1.0,-1.0,0.0,0.0,0.0,0.0,0.0,0.0,8475.36522,0.304927,0.0,3972,1409790,1409790,1.0,1738,1738,1.0,120030,1,0,S10|M3_IMBALANCED|28|B|L1|F3,false,false,true,/home/cyfer/FYP/WSN_simulation_V3/runs/S10_5000/outputs_production_50seed_part26_30/run_campaign_v3_S10_M3_IMBALANCED_B_L1_F3_H0_seed028_28_20260603_100106
campaign_v3_S10_M3_IMBALANCED_B_L1_F3_H0_seed029,campaign_v3_S10_M3_IMBALANCED_B_L1_F3_H0_seed029_29_20260603_100440,S10,5000,200,6,M3_IMBALANCED,29,B,L1,F3,H0,V2,map_S10_M3_IMBALANCED_seed029,b7a0d156a25e2f09a8da611fce0867266104e8db4cf436458cc1fe98c0fee5c2,267.655,500.643,190.291,408.032,25,1679,6.461,0.0876,60.0,-1.0,-1.0,-1.0,-1.0,-1.0,0.0,0.0,0.0,0.0,0.0,0.0,8435.702644,0.312859,0.0,3942,1410025,1410025,1.0,1747,1747,1.0,120025,1,0,S10|M3_IMBALANCED|29|B|L1|F3,false,false,true,/home/cyfer/FYP/WSN_simulation_V3/runs/S10_5000/outputs_production_50seed_part26_30/run_campaign_v3_S10_M3_IMBALANCED_B_L1_F3_H0_seed029_29_20260603_100440
campaign_v3_S10_M3_IMBALANCED_B_L1_F3_H0_seed030,campaign_v3_S10_M3_IMBALANCED_B_L1_F3_H0_seed030_30_20260603_100813,S10,5000,200,6,M3_IMBALANCED,30,B,L1,F3,H0,V2,map_S10_M3_IMBALANCED_seed030,e4e75b0e016bbb6905fe27e68e217cc46fe3128df83ea0b0e820cc8fe47a09d1,271.616,483.28,195.159,378.219,25,1155,5.0293,0.0888,60.0,-1.0,-1.0,-1.0,-1.0,-1.0,0.0,0.0,0.0,0.0,0.0,0.0,8458.259914,0.308348,0.0,3950,1409320,1409320,1.0,1747,1747,1.0,120040,1,0,S10|M3_IMBALANCED|30|B|L1|F3,false,false,true,/home/cyfer/FYP/WSN_simulation_V3/runs/S10_5000/outputs_production_50seed_part26_30/run_campaign_v3_S10_M3_IMBALANCED_B_L1_F3_H0_seed030_30_20260603_100813
campaign_v3_S10_M3_IMBALANCED_B_L1_F3_H1_seed026,campaign_v3_S10_M3_IMBALANCED_B_L1_F3_H1_seed026_26_20260603_095412,S10,5000,200,6,M3_IMBALANCED,26,B,L1,F3,H1,V3,map_S10_M3_IMBALANCED_seed026,cb6ca239f7d186ff6b7b04f6ddd2406c4214fa02cbc82fef44058d2675e960be,266.972,487.818,192.206,379.449,25,1503,6.0943,0.0866,60.0,30.804,90.804,150.804,160.0,100.0,3.672,6.0,1.0,0.003,0.103,0.119,8452.052688,0.309589,0.0,3954,1410276,1410276,1.0,1760,1760,1.0,119904,0,1,S10|M3_IMBALANCED|26|B|L1|F3,true,false,false,/home/cyfer/FYP/WSN_simulation_V3/runs/S10_5000/outputs_production_50seed_part26_30/run_campaign_v3_S10_M3_IMBALANCED_B_L1_F3_H1_seed026_26_20260603_095412
campaign_v3_S10_M3_IMBALANCED_B_L1_F3_H1_seed027,campaign_v3_S10_M3_IMBALANCED_B_L1_F3_H1_seed027_27_20260603_095753,S10,5000,200,6,M3_IMBALANCED,27,B,L1,F3,H1,V3,map_S10_M3_IMBALANCED_seed027,59752a276c5d47a0b647333aa8c94c1bd8a0e4e0608a65312be59ec315374ab1,273.226,471.499,195.662,399.379,25,1321,5.4793,0.0836,60.0,33.351,93.351,153.351,160.0,100.0,5.928,6.0,1.0,0.015,0.726,0.234,8420.399346,0.31592,0.0,3940,1406516,1406516,1.0,1724,1724,1.0,119504,0,1,S10|M3_IMBALANCED|27|B|L1|F3,true,false,false,/home/cyfer/FYP/WSN_simulation_V3/runs/S10_5000/outputs_production_50seed_part26_30/run_campaign_v3_S10_M3_IMBALANCED_B_L1_F3_H1_seed027_27_20260603_095753
campaign_v3_S10_M3_IMBALANCED_B_L1_F3_H1_seed028,campaign_v3_S10_M3_IMBALANCED_B_L1_F3_H1_seed028_28_20260603_100134,S10,5000,200,6,M3_IMBALANCED,28,B,L1,F3,H1,V3,map_S10_M3_IMBALANCED_seed028,63c1eebffb177e215388081c3becad096b0be1a6a64b4feeada62f1c7d050d3d,274.269,507.193,192.769,390.797,25,1779,6.9902,0.0842,60.0,31.515,91.515,151.515,160.0,100.0,4.096,6.0,1.0,0.003,0.139,0.223,8475.482294,0.304904,0.0,3972,1409806,1409806,1.0,1742,1742,1.0,119854,0,1,S10|M3_IMBALANCED|28|B|L1|F3,true,false,false,/home/cyfer/FYP/WSN_simulation_V3/runs/S10_5000/outputs_production_50seed_part26_30/run_campaign_v3_S10_M3_IMBALANCED_B_L1_F3_H1_seed028_28_20260603_100134
campaign_v3_S10_M3_IMBALANCED_B_L1_F3_H1_seed029,campaign_v3_S10_M3_IMBALANCED_B_L1_F3_H1_seed029_29_20260603_100507,S10,5000,200,6,M3_IMBALANCED,29,B,L1,F3,H1,V3,map_S10_M3_IMBALANCED_seed029,b7a0d156a25e2f09a8da611fce0867266104e8db4cf436458cc1fe98c0fee5c2,267.655,500.643,190.291,408.032,25,1679,6.461,0.0876,60.0,30.745,90.745,150.745,160.0,100.0,3.719,6.0,1.0,0.003,0.127,0.11,8435.8129,0.312837,0.0,3942,1410041,1410041,1.0,1751,1751,1.0,119879,0,1,S10|M3_IMBALANCED|29|B|L1|F3,true,false,false,/home/cyfer/FYP/WSN_simulation_V3/runs/S10_5000/outputs_production_50seed_part26_30/run_campaign_v3_S10_M3_IMBALANCED_B_L1_F3_H1_seed029_29_20260603_100507
campaign_v3_S10_M3_IMBALANCED_B_L1_F3_H1_seed030,campaign_v3_S10_M3_IMBALANCED_B_L1_F3_H1_seed030_30_20260603_100839,S10,5000,200,6,M3_IMBALANCED,30,B,L1,F3,H1,V3,map_S10_M3_IMBALANCED_seed030,e4e75b0e016bbb6905fe27e68e217cc46fe3128df83ea0b0e820cc8fe47a09d1,271.616,483.28,195.159,378.219,25,1155,5.0293,0.0888,60.0,31.95,91.95,151.95,160.0,100.0,3.965,6.0,1.0,0.007,0.182,0.133,8458.377388,0.308325,0.0,3950,1409336,1409336,1.0,1751,1751,1.0,119804,0,1,S10|M3_IMBALANCED|30|B|L1|F3,true,false,false,/home/cyfer/FYP/WSN_simulation_V3/runs/S10_5000/outputs_production_50seed_part26_30/run_campaign_v3_S10_M3_IMBALANCED_B_L1_F3_H1_seed030_30_20260603_100839
campaign_v3_S10_M3_IMBALANCED_B_L1_F3_H3_seed026,campaign_v3_S10_M3_IMBALANCED_B_L1_F3_H3_seed026_26_20260603_095414,S10,5000,200,6,M3_IMBALANCED,26,B,L1,F3,H3,V3,map_S10_M3_IMBALANCED_seed026,cb6ca239f7d186ff6b7b04f6ddd2406c4214fa02cbc82fef44058d2675e960be,266.972,487.818,192.206,379.449,25,1503,6.0943,0.0866,60.0,37.459,97.459,157.459,160.0,100.0,3.672,6.0,1.0,0.003,0.103,0.119,8452.042412,0.309592,0.0,3954,1410276,1410276,1.0,1760,1760,1.0,119904,0,1,S10|M3_IMBALANCED|26|B|L1|F3,true,false,false,/home/cyfer/FYP/WSN_simulation_V3/runs/S10_5000/outputs_production_50seed_part26_30/run_campaign_v3_S10_M3_IMBALANCED_B_L1_F3_H3_seed026_26_20260603_095414
campaign_v3_S10_M3_IMBALANCED_B_L1_F3_H3_seed027,campaign_v3_S10_M3_IMBALANCED_B_L1_F3_H3_seed027_27_20260603_095755,S10,5000,200,6,M3_IMBALANCED,27,B,L1,F3,H3,V3,map_S10_M3_IMBALANCED_seed027,59752a276c5d47a0b647333aa8c94c1bd8a0e4e0608a65312be59ec315374ab1,273.226,471.499,195.662,399.379,25,1321,5.4793,0.0836,60.0,39.025,99.025,159.025,160.0,100.0,5.928,6.0,1.0,0.015,0.726,0.234,8420.372309,0.315926,0.0,3940,1406516,1406516,1.0,1724,1724,1.0,119504,0,1,S10|M3_IMBALANCED|27|B|L1|F3,true,false,false,/home/cyfer/FYP/WSN_simulation_V3/runs/S10_5000/outputs_production_50seed_part26_30/run_campaign_v3_S10_M3_IMBALANCED_B_L1_F3_H3_seed027_27_20260603_095755
campaign_v3_S10_M3_IMBALANCED_B_L1_F3_H3_seed028,campaign_v3_S10_M3_IMBALANCED_B_L1_F3_H3_seed028_28_20260603_100136,S10,5000,200,6,M3_IMBALANCED,28,B,L1,F3,H3,V3,map_S10_M3_IMBALANCED_seed028,63c1eebffb177e215388081c3becad096b0be1a6a64b4feeada62f1c7d050d3d,274.269,507.193,192.769,390.797,25,1779,6.9902,0.0842,60.0,37.457,97.457,157.457,160.0,100.0,4.096,6.0,1.0,0.003,0.139,0.223,8475.485533,0.304903,0.0,3972,1409806,1409806,1.0,1742,1742,1.0,119854,0,1,S10|M3_IMBALANCED|28|B|L1|F3,true,false,false,/home/cyfer/FYP/WSN_simulation_V3/runs/S10_5000/outputs_production_50seed_part26_30/run_campaign_v3_S10_M3_IMBALANCED_B_L1_F3_H3_seed028_28_20260603_100136
campaign_v3_S10_M3_IMBALANCED_B_L1_F3_H3_seed029,campaign_v3_S10_M3_IMBALANCED_B_L1_F3_H3_seed029_29_20260603_100509,S10,5000,200,6,M3_IMBALANCED,29,B,L1,F3,H3,V3,map_S10_M3_IMBALANCED_seed029,b7a0d156a25e2f09a8da611fce0867266104e8db4cf436458cc1fe98c0fee5c2,267.655,500.643,190.291,408.032,25,1679,6.461,0.0876,60.0,37.294,97.294,157.294,160.0,100.0,3.719,6.0,1.0,0.003,0.127,0.11,8435.820632,0.312836,0.0,3942,1410041,1410041,1.0,1751,1751,1.0,119879,0,1,S10|M3_IMBALANCED|29|B|L1|F3,true,false,false,/home/cyfer/FYP/WSN_simulation_V3/runs/S10_5000/outputs_production_50seed_part26_30/run_campaign_v3_S10_M3_IMBALANCED_B_L1_F3_H3_seed029_29_20260603_100509
campaign_v3_S10_M3_IMBALANCED_B_L1_F3_H3_seed030,campaign_v3_S10_M3_IMBALANCED_B_L1_F3_H3_seed030_30_20260603_100842,S10,5000,200,6,M3_IMBALANCED,30,B,L1,F3,H3,V3,map_S10_M3_IMBALANCED_seed030,e4e75b0e016bbb6905fe27e68e217cc46fe3128df83ea0b0e820cc8fe47a09d1,271.616,483.28,195.159,378.219,25,1155,5.0293,0.0888,60.0,36.965,96.965,156.965,160.0,100.0,3.965,6.0,1.0,0.007,0.182,0.133,8458.376228,0.308325,0.0,3950,1409336,1409336,1.0,1751,1751,1.0,119804,0,1,S10|M3_IMBALANCED|30|B|L1|F3,true,false,false,/home/cyfer/FYP/WSN_simulation_V3/runs/S10_5000/outputs_production_50seed_part26_30/run_campaign_v3_S10_M3_IMBALANCED_B_L1_F3_H3_seed030_30_20260603_100842
campaign_v3_S10_M3_IMBALANCED_B_L1_F3_H4_seed026,campaign_v3_S10_M3_IMBALANCED_B_L1_F3_H4_seed026_26_20260603_095416,S10,5000,200,6,M3_IMBALANCED,26,B,L1,F3,H4,V3,map_S10_M3_IMBALANCED_seed026,cb6ca239f7d186ff6b7b04f6ddd2406c4214fa02cbc82fef44058d2675e960be,266.972,487.818,192.206,379.449,25,1503,6.0943,0.0866,60.0,40.91,100.91,160.91,170.0,110.0,3.672,6.0,1.0,0.003,0.103,0.119,8452.052688,0.309589,0.0,3954,1410276,1410276,1.0,1760,1760,1.0,119904,0,1,S10|M3_IMBALANCED|26|B|L1|F3,true,false,false,/home/cyfer/FYP/WSN_simulation_V3/runs/S10_5000/outputs_production_50seed_part26_30/run_campaign_v3_S10_M3_IMBALANCED_B_L1_F3_H4_seed026_26_20260603_095416
campaign_v3_S10_M3_IMBALANCED_B_L1_F3_H4_seed027,campaign_v3_S10_M3_IMBALANCED_B_L1_F3_H4_seed027_27_20260603_095758,S10,5000,200,6,M3_IMBALANCED,27,B,L1,F3,H4,V3,map_S10_M3_IMBALANCED_seed027,59752a276c5d47a0b647333aa8c94c1bd8a0e4e0608a65312be59ec315374ab1,273.226,471.499,195.662,399.379,25,1321,5.4793,0.0836,60.0,43.118,103.118,163.118,170.0,110.0,5.928,6.0,1.0,0.015,0.726,0.234,8420.399346,0.31592,0.0,3940,1406516,1406516,1.0,1724,1724,1.0,119504,0,1,S10|M3_IMBALANCED|27|B|L1|F3,true,false,false,/home/cyfer/FYP/WSN_simulation_V3/runs/S10_5000/outputs_production_50seed_part26_30/run_campaign_v3_S10_M3_IMBALANCED_B_L1_F3_H4_seed027_27_20260603_095758
campaign_v3_S10_M3_IMBALANCED_B_L1_F3_H4_seed028,campaign_v3_S10_M3_IMBALANCED_B_L1_F3_H4_seed028_28_20260603_100139,S10,5000,200,6,M3_IMBALANCED,28,B,L1,F3,H4,V3,map_S10_M3_IMBALANCED_seed028,63c1eebffb177e215388081c3becad096b0be1a6a64b4feeada62f1c7d050d3d,274.269,507.193,192.769,390.797,25,1779,6.9902,0.0842,60.0,41.34,101.34,161.34,170.0,110.0,4.096,6.0,1.0,0.003,0.139,0.223,8475.482294,0.304904,0.0,3972,1409806,1409806,1.0,1742,1742,1.0,119854,0,1,S10|M3_IMBALANCED|28|B|L1|F3,true,false,false,/home/cyfer/FYP/WSN_simulation_V3/runs/S10_5000/outputs_production_50seed_part26_30/run_campaign_v3_S10_M3_IMBALANCED_B_L1_F3_H4_seed028_28_20260603_100139
campaign_v3_S10_M3_IMBALANCED_B_L1_F3_H4_seed029,campaign_v3_S10_M3_IMBALANCED_B_L1_F3_H4_seed029_29_20260603_100512,S10,5000,200,6,M3_IMBALANCED,29,B,L1,F3,H4,V3,map_S10_M3_IMBALANCED_seed029,b7a0d156a25e2f09a8da611fce0867266104e8db4cf436458cc1fe98c0fee5c2,267.655,500.643,190.291,408.032,25,1679,6.461,0.0876,60.0,40.724,100.724,160.724,170.0,110.0,3.719,6.0,1.0,0.003,0.127,0.11,8435.8129,0.312837,0.0,3942,1410041,1410041,1.0,1751,1751,1.0,119879,0,1,S10|M3_IMBALANCED|29|B|L1|F3,true,false,false,/home/cyfer/FYP/WSN_simulation_V3/runs/S10_5000/outputs_production_50seed_part26_30/run_campaign_v3_S10_M3_IMBALANCED_B_L1_F3_H4_seed029_29_20260603_100512
campaign_v3_S10_M3_IMBALANCED_B_L1_F3_H4_seed030,campaign_v3_S10_M3_IMBALANCED_B_L1_F3_H4_seed030_30_20260603_100844,S10,5000,200,6,M3_IMBALANCED,30,B,L1,F3,H4,V3,map_S10_M3_IMBALANCED_seed030,e4e75b0e016bbb6905fe27e68e217cc46fe3128df83ea0b0e820cc8fe47a09d1,271.616,483.28,195.159,378.219,25,1155,5.0293,0.0888,60.0,41.24,101.24,161.24,170.0,110.0,3.965,6.0,1.0,0.007,0.182,0.133,8458.377388,0.308325,0.0,3950,1409336,1409336,1.0,1751,1751,1.0,119804,0,1,S10|M3_IMBALANCED|30|B|L1|F3,true,false,false,/home/cyfer/FYP/WSN_simulation_V3/runs/S10_5000/outputs_production_50seed_part26_30/run_campaign_v3_S10_M3_IMBALANCED_B_L1_F3_H4_seed030_30_20260603_100844
campaign_v3_S10_M3_IMBALANCED_B_L1_F4_H0_seed026,campaign_v3_S10_M3_IMBALANCED_B_L1_F4_H0_seed026_26_20260603_095348,S10,5000,200,6,M3_IMBALANCED,26,B,L1,F4,H0,V2,map_S10_M3_IMBALANCED_seed026,cb6ca239f7d186ff6b7b04f6ddd2406c4214fa02cbc82fef44058d2675e960be,266.972,487.818,192.206,379.449,25,1503,6.0943,0.0866,60.0,-1.0,-1.0,-1.0,-1.0,-1.0,0.0,0.0,0.0,0.0,0.0,0.0,8450.86093,0.309828,0.0,3953,1409555,1409555,1.0,1756,1756,1.0,120035,1,0,S10|M3_IMBALANCED|26|B|L1|F4,false,false,true,/home/cyfer/FYP/WSN_simulation_V3/runs/S10_5000/outputs_production_50seed_part26_30/run_campaign_v3_S10_M3_IMBALANCED_B_L1_F4_H0_seed026_26_20260603_095348
campaign_v3_S10_M3_IMBALANCED_B_L1_F4_H0_seed027,campaign_v3_S10_M3_IMBALANCED_B_L1_F4_H0_seed027_27_20260603_095726,S10,5000,200,6,M3_IMBALANCED,27,B,L1,F4,H0,V2,map_S10_M3_IMBALANCED_seed027,59752a276c5d47a0b647333aa8c94c1bd8a0e4e0608a65312be59ec315374ab1,273.226,471.499,195.662,399.379,25,1321,5.4793,0.0836,60.0,-1.0,-1.0,-1.0,-1.0,-1.0,0.0,0.0,0.0,0.0,0.0,0.0,8428.692786,0.314261,0.0,3945,1409555,1409555,1.0,1720,1720,1.0,120035,1,0,S10|M3_IMBALANCED|27|B|L1|F4,false,false,true,/home/cyfer/FYP/WSN_simulation_V3/runs/S10_5000/outputs_production_50seed_part26_30/run_campaign_v3_S10_M3_IMBALANCED_B_L1_F4_H0_seed027_27_20260603_095726
campaign_v3_S10_M3_IMBALANCED_B_L1_F4_H0_seed028,campaign_v3_S10_M3_IMBALANCED_B_L1_F4_H0_seed028_28_20260603_100108,S10,5000,200,6,M3_IMBALANCED,28,B,L1,F4,H0,V2,map_S10_M3_IMBALANCED_seed028,63c1eebffb177e215388081c3becad096b0be1a6a64b4feeada62f1c7d050d3d,274.269,507.193,192.769,390.797,25,1779,6.9902,0.0842,60.0,-1.0,-1.0,-1.0,-1.0,-1.0,0.0,0.0,0.0,0.0,0.0,0.0,8478.018672,0.304396,0.0,3972,1410965,1410965,1.0,1738,1738,1.0,120005,1,0,S10|M3_IMBALANCED|28|B|L1|F4,false,false,true,/home/cyfer/FYP/WSN_simulation_V3/runs/S10_5000/outputs_production_50seed_part26_30/run_campaign_v3_S10_M3_IMBALANCED_B_L1_F4_H0_seed028_28_20260603_100108
campaign_v3_S10_M3_IMBALANCED_B_L1_F4_H0_seed029,campaign_v3_S10_M3_IMBALANCED_B_L1_F4_H0_seed029_29_20260603_100443,S10,5000,200,6,M3_IMBALANCED,29,B,L1,F4,H0,V2,map_S10_M3_IMBALANCED_seed029,b7a0d156a25e2f09a8da611fce0867266104e8db4cf436458cc1fe98c0fee5c2,267.655,500.643,190.291,408.032,25,1679,6.461,0.0876,60.0,-1.0,-1.0,-1.0,-1.0,-1.0,0.0,0.0,0.0,0.0,0.0,0.0,8434.415389,0.313117,0.0,3941,1409320,1409320,1.0,1747,1747,1.0,120040,1,0,S10|M3_IMBALANCED|29|B|L1|F4,false,false,true,/home/cyfer/FYP/WSN_simulation_V3/runs/S10_5000/outputs_production_50seed_part26_30/run_campaign_v3_S10_M3_IMBALANCED_B_L1_F4_H0_seed029_29_20260603_100443
campaign_v3_S10_M3_IMBALANCED_B_L1_F4_H0_seed030,campaign_v3_S10_M3_IMBALANCED_B_L1_F4_H0_seed030_30_20260603_100815,S10,5000,200,6,M3_IMBALANCED,30,B,L1,F4,H0,V2,map_S10_M3_IMBALANCED_seed030,e4e75b0e016bbb6905fe27e68e217cc46fe3128df83ea0b0e820cc8fe47a09d1,271.616,483.28,195.159,378.219,25,1155,5.0293,0.0888,60.0,-1.0,-1.0,-1.0,-1.0,-1.0,0.0,0.0,0.0,0.0,0.0,0.0,8460.434945,0.307913,0.0,3951,1410260,1410260,1.0,1747,1747,1.0,120020,1,0,S10|M3_IMBALANCED|30|B|L1|F4,false,false,true,/home/cyfer/FYP/WSN_simulation_V3/runs/S10_5000/outputs_production_50seed_part26_30/run_campaign_v3_S10_M3_IMBALANCED_B_L1_F4_H0_seed030_30_20260603_100815
campaign_v3_S10_M3_IMBALANCED_B_L1_F4_H1_seed026,campaign_v3_S10_M3_IMBALANCED_B_L1_F4_H1_seed026_26_20260603_095419,S10,5000,200,6,M3_IMBALANCED,26,B,L1,F4,H1,V3,map_S10_M3_IMBALANCED_seed026,cb6ca239f7d186ff6b7b04f6ddd2406c4214fa02cbc82fef44058d2675e960be,266.972,487.818,192.206,379.449,25,1503,6.0943,0.0866,60.0,37.649,97.649,157.649,160.0,100.0,3.958,6.0,1.0,0.005,0.159,0.155,8451.281876,0.309744,0.0,3953,1409725,1409725,1.0,1760,1760,1.0,119829,0,1,S10|M3_IMBALANCED|26|B|L1|F4,true,false,false,/home/cyfer/FYP/WSN_simulation_V3/runs/S10_5000/outputs_production_50seed_part26_30/run_campaign_v3_S10_M3_IMBALANCED_B_L1_F4_H1_seed026_26_20260603_095419
campaign_v3_S10_M3_IMBALANCED_B_L1_F4_H1_seed027,campaign_v3_S10_M3_IMBALANCED_B_L1_F4_H1_seed027_27_20260603_095800,S10,5000,200,6,M3_IMBALANCED,27,B,L1,F4,H1,V3,map_S10_M3_IMBALANCED_seed027,59752a276c5d47a0b647333aa8c94c1bd8a0e4e0608a65312be59ec315374ab1,273.226,471.499,195.662,399.379,25,1321,5.4793,0.0836,60.0,36.759,96.759,156.759,160.0,100.0,3.668,6.0,1.0,0.005,0.165,0.053,8429.243833,0.314151,0.0,3945,1409732,1409732,1.0,1724,1724,1.0,119829,0,1,S10|M3_IMBALANCED|27|B|L1|F4,true,false,false,/home/cyfer/FYP/WSN_simulation_V3/runs/S10_5000/outputs_production_50seed_part26_30/run_campaign_v3_S10_M3_IMBALANCED_B_L1_F4_H1_seed027_27_20260603_095800
campaign_v3_S10_M3_IMBALANCED_B_L1_F4_H1_seed028,campaign_v3_S10_M3_IMBALANCED_B_L1_F4_H1_seed028_28_20260603_100141,S10,5000,200,6,M3_IMBALANCED,28,B,L1,F4,H1,V3,map_S10_M3_IMBALANCED_seed028,63c1eebffb177e215388081c3becad096b0be1a6a64b4feeada62f1c7d050d3d,274.269,507.193,192.769,390.797,25,1779,6.9902,0.0842,60.0,37.58,97.58,157.58,160.0,100.0,3.604,6.0,1.0,0.001,0.026,0.175,8478.120166,0.304376,0.0,3972,1411003,1411003,1.0,1742,1742,1.0,119979,0,1,S10|M3_IMBALANCED|28|B|L1|F4,true,false,false,/home/cyfer/FYP/WSN_simulation_V3/runs/S10_5000/outputs_production_50seed_part26_30/run_campaign_v3_S10_M3_IMBALANCED_B_L1_F4_H1_seed028_28_20260603_100141
campaign_v3_S10_M3_IMBALANCED_B_L1_F4_H1_seed029,campaign_v3_S10_M3_IMBALANCED_B_L1_F4_H1_seed029_29_20260603_100514,S10,5000,200,6,M3_IMBALANCED,29,B,L1,F4,H1,V3,map_S10_M3_IMBALANCED_seed029,b7a0d156a25e2f09a8da611fce0867266104e8db4cf436458cc1fe98c0fee5c2,267.655,500.643,190.291,408.032,25,1679,6.461,0.0876,60.0,37.723,97.723,157.723,160.0,100.0,4.046,6.0,1.0,0.005,0.191,0.153,8434.953405,0.313009,0.0,3941,1409512,1409512,1.0,1751,1751,1.0,119804,0,1,S10|M3_IMBALANCED|29|B|L1|F4,true,false,false,/home/cyfer/FYP/WSN_simulation_V3/runs/S10_5000/outputs_production_50seed_part26_30/run_campaign_v3_S10_M3_IMBALANCED_B_L1_F4_H1_seed029_29_20260603_100514
campaign_v3_S10_M3_IMBALANCED_B_L1_F4_H1_seed030,campaign_v3_S10_M3_IMBALANCED_B_L1_F4_H1_seed030_30_20260603_100846,S10,5000,200,6,M3_IMBALANCED,30,B,L1,F4,H1,V3,map_S10_M3_IMBALANCED_seed030,e4e75b0e016bbb6905fe27e68e217cc46fe3128df83ea0b0e820cc8fe47a09d1,271.616,483.28,195.159,378.219,25,1155,5.0293,0.0888,60.0,36.551,96.551,156.551,160.0,100.0,3.538,6.0,1.0,0.003,0.089,0.087,8460.687859,0.307862,0.0,3951,1410368,1410368,1.0,1751,1751,1.0,119904,0,1,S10|M3_IMBALANCED|30|B|L1|F4,true,false,false,/home/cyfer/FYP/WSN_simulation_V3/runs/S10_5000/outputs_production_50seed_part26_30/run_campaign_v3_S10_M3_IMBALANCED_B_L1_F4_H1_seed030_30_20260603_100846
campaign_v3_S10_M3_IMBALANCED_B_L1_F4_H3_seed026,campaign_v3_S10_M3_IMBALANCED_B_L1_F4_H3_seed026_26_20260603_095421,S10,5000,200,6,M3_IMBALANCED,26,B,L1,F4,H3,V3,map_S10_M3_IMBALANCED_seed026,cb6ca239f7d186ff6b7b04f6ddd2406c4214fa02cbc82fef44058d2675e960be,266.972,487.818,192.206,379.449,25,1503,6.0943,0.0866,60.0,43.897,103.897,163.897,170.0,110.0,3.958,6.0,1.0,0.005,0.159,0.155,8451.102379,0.30978,0.0,3953,1409635,1409635,1.0,1760,1760,1.0,119829,0,1,S10|M3_IMBALANCED|26|B|L1|F4,true,false,false,/home/cyfer/FYP/WSN_simulation_V3/runs/S10_5000/outputs_production_50seed_part26_30/run_campaign_v3_S10_M3_IMBALANCED_B_L1_F4_H3_seed026_26_20260603_095421
campaign_v3_S10_M3_IMBALANCED_B_L1_F4_H3_seed027,campaign_v3_S10_M3_IMBALANCED_B_L1_F4_H3_seed027_27_20260603_095803,S10,5000,200,6,M3_IMBALANCED,27,B,L1,F4,H3,V3,map_S10_M3_IMBALANCED_seed027,59752a276c5d47a0b647333aa8c94c1bd8a0e4e0608a65312be59ec315374ab1,273.226,471.499,195.662,399.379,25,1321,5.4793,0.0836,60.0,43.555,103.555,163.555,170.0,110.0,3.668,6.0,1.0,0.005,0.165,0.053,8428.988687,0.314202,0.0,3945,1409635,1409635,1.0,1724,1724,1.0,119829,0,1,S10|M3_IMBALANCED|27|B|L1|F4,true,false,false,/home/cyfer/FYP/WSN_simulation_V3/runs/S10_5000/outputs_production_50seed_part26_30/run_campaign_v3_S10_M3_IMBALANCED_B_L1_F4_H3_seed027_27_20260603_095803
campaign_v3_S10_M3_IMBALANCED_B_L1_F4_H3_seed028,campaign_v3_S10_M3_IMBALANCED_B_L1_F4_H3_seed028_28_20260603_100144,S10,5000,200,6,M3_IMBALANCED,28,B,L1,F4,H3,V3,map_S10_M3_IMBALANCED_seed028,63c1eebffb177e215388081c3becad096b0be1a6a64b4feeada62f1c7d050d3d,274.269,507.193,192.769,390.797,25,1779,6.9902,0.0842,60.0,42.938,102.938,162.938,170.0,110.0,3.604,6.0,1.0,0.001,0.026,0.175,8478.112666,0.304377,0.0,3972,1410998,1410998,1.0,1742,1742,1.0,119979,0,1,S10|M3_IMBALANCED|28|B|L1|F4,true,false,false,/home/cyfer/FYP/WSN_simulation_V3/runs/S10_5000/outputs_production_50seed_part26_30/run_campaign_v3_S10_M3_IMBALANCED_B_L1_F4_H3_seed028_28_20260603_100144
campaign_v3_S10_M3_IMBALANCED_B_L1_F4_H3_seed029,campaign_v3_S10_M3_IMBALANCED_B_L1_F4_H3_seed029_29_20260603_100517,S10,5000,200,6,M3_IMBALANCED,29,B,L1,F4,H3,V3,map_S10_M3_IMBALANCED_seed029,b7a0d156a25e2f09a8da611fce0867266104e8db4cf436458cc1fe98c0fee5c2,267.655,500.643,190.291,408.032,25,1679,6.461,0.0876,60.0,43.148,103.148,163.148,170.0,110.0,4.046,6.0,1.0,0.005,0.191,0.153,8434.671443,0.313066,0.0,3941,1409400,1409400,1.0,1751,1751,1.0,119804,0,1,S10|M3_IMBALANCED|29|B|L1|F4,true,false,false,/home/cyfer/FYP/WSN_simulation_V3/runs/S10_5000/outputs_production_50seed_part26_30/run_campaign_v3_S10_M3_IMBALANCED_B_L1_F4_H3_seed029_29_20260603_100517
campaign_v3_S10_M3_IMBALANCED_B_L1_F4_H3_seed030,campaign_v3_S10_M3_IMBALANCED_B_L1_F4_H3_seed030_30_20260603_100849,S10,5000,200,6,M3_IMBALANCED,30,B,L1,F4,H3,V3,map_S10_M3_IMBALANCED_seed030,e4e75b0e016bbb6905fe27e68e217cc46fe3128df83ea0b0e820cc8fe47a09d1,271.616,483.28,195.159,378.219,25,1155,5.0293,0.0888,60.0,42.617,102.617,162.617,170.0,110.0,3.538,6.0,1.0,0.003,0.089,0.087,8460.577555,0.307884,0.0,3951,1410310,1410310,1.0,1751,1751,1.0,119904,0,1,S10|M3_IMBALANCED|30|B|L1|F4,true,false,false,/home/cyfer/FYP/WSN_simulation_V3/runs/S10_5000/outputs_production_50seed_part26_30/run_campaign_v3_S10_M3_IMBALANCED_B_L1_F4_H3_seed030_30_20260603_100849
campaign_v3_S10_M3_IMBALANCED_B_L1_F4_H4_seed026,campaign_v3_S10_M3_IMBALANCED_B_L1_F4_H4_seed026_26_20260603_095424,S10,5000,200,6,M3_IMBALANCED,26,B,L1,F4,H4,V3,map_S10_M3_IMBALANCED_seed026,cb6ca239f7d186ff6b7b04f6ddd2406c4214fa02cbc82fef44058d2675e960be,266.972,487.818,192.206,379.449,25,1503,6.0943,0.0866,60.0,47.737,107.737,167.737,170.0,110.0,3.958,6.0,1.0,0.005,0.159,0.155,8450.38638,0.309923,0.0,3953,1409290,1409290,1.0,1760,1760,1.0,119758,0,1,S10|M3_IMBALANCED|26|B|L1|F4,true,false,false,/home/cyfer/FYP/WSN_simulation_V3/runs/S10_5000/outputs_production_50seed_part26_30/run_campaign_v3_S10_M3_IMBALANCED_B_L1_F4_H4_seed026_26_20260603_095424
campaign_v3_S10_M3_IMBALANCED_B_L1_F4_H4_seed027,campaign_v3_S10_M3_IMBALANCED_B_L1_F4_H4_seed027_27_20260603_095805,S10,5000,200,6,M3_IMBALANCED,27,B,L1,F4,H4,V3,map_S10_M3_IMBALANCED_seed027,59752a276c5d47a0b647333aa8c94c1bd8a0e4e0608a65312be59ec315374ab1,273.226,471.499,195.662,399.379,25,1321,5.4793,0.0836,60.0,46.897,106.897,166.897,170.0,110.0,3.668,6.0,1.0,0.005,0.165,0.053,8427.622361,0.314476,0.0,3945,1409038,1409038,1.0,1724,1724,1.0,119708,0,1,S10|M3_IMBALANCED|27|B|L1|F4,true,false,false,/home/cyfer/FYP/WSN_simulation_V3/runs/S10_5000/outputs_production_50seed_part26_30/run_campaign_v3_S10_M3_IMBALANCED_B_L1_F4_H4_seed027_27_20260603_095805
campaign_v3_S10_M3_IMBALANCED_B_L1_F4_H4_seed028,campaign_v3_S10_M3_IMBALANCED_B_L1_F4_H4_seed028_28_20260603_100146,S10,5000,200,6,M3_IMBALANCED,28,B,L1,F4,H4,V3,map_S10_M3_IMBALANCED_seed028,63c1eebffb177e215388081c3becad096b0be1a6a64b4feeada62f1c7d050d3d,274.269,507.193,192.769,390.797,25,1779,6.9902,0.0842,60.0,46.925,106.925,166.925,170.0,110.0,3.604,6.0,1.0,0.001,0.026,0.175,8477.224224,0.304555,0.0,3972,1410626,1410626,1.0,1742,1742,1.0,119908,0,1,S10|M3_IMBALANCED|28|B|L1|F4,true,false,false,/home/cyfer/FYP/WSN_simulation_V3/runs/S10_5000/outputs_production_50seed_part26_30/run_campaign_v3_S10_M3_IMBALANCED_B_L1_F4_H4_seed028_28_20260603_100146
campaign_v3_S10_M3_IMBALANCED_B_L1_F4_H4_seed029,campaign_v3_S10_M3_IMBALANCED_B_L1_F4_H4_seed029_29_20260603_100519,S10,5000,200,6,M3_IMBALANCED,29,B,L1,F4,H4,V3,map_S10_M3_IMBALANCED_seed029,b7a0d156a25e2f09a8da611fce0867266104e8db4cf436458cc1fe98c0fee5c2,267.655,500.643,190.291,408.032,25,1679,6.461,0.0876,60.0,47.943,107.943,167.943,170.0,110.0,4.046,6.0,1.0,0.005,0.191,0.153,8432.410522,0.313518,0.0,3940,1408178,1408178,1.0,1751,1751,1.0,119558,0,1,S10|M3_IMBALANCED|29|B|L1|F4,true,false,false,/home/cyfer/FYP/WSN_simulation_V3/runs/S10_5000/outputs_production_50seed_part26_30/run_campaign_v3_S10_M3_IMBALANCED_B_L1_F4_H4_seed029_29_20260603_100519
campaign_v3_S10_M3_IMBALANCED_B_L1_F4_H4_seed030,campaign_v3_S10_M3_IMBALANCED_B_L1_F4_H4_seed030_30_20260603_100851,S10,5000,200,6,M3_IMBALANCED,30,B,L1,F4,H4,V3,map_S10_M3_IMBALANCED_seed030,e4e75b0e016bbb6905fe27e68e217cc46fe3128df83ea0b0e820cc8fe47a09d1,271.616,483.28,195.159,378.219,25,1155,5.0293,0.0888,60.0,47.143,107.143,167.143,170.0,110.0,3.538,6.0,1.0,0.003,0.089,0.087,8460.603446,0.307879,0.0,3951,1410324,1410324,1.0,1751,1751,1.0,119904,0,1,S10|M3_IMBALANCED|30|B|L1|F4,true,false,false,/home/cyfer/FYP/WSN_simulation_V3/runs/S10_5000/outputs_production_50seed_part26_30/run_campaign_v3_S10_M3_IMBALANCED_B_L1_F4_H4_seed030_30_20260603_100851
campaign_v3_S10_M3_IMBALANCED_B_L2_F0_H0_seed026,campaign_v3_S10_M3_IMBALANCED_B_L2_F0_H0_seed026_26_20260603_095426,S10,5000,200,6,M3_IMBALANCED,26,B,L2,F0,H0,V1,map_S10_M3_IMBALANCED_seed026,cb6ca239f7d186ff6b7b04f6ddd2406c4214fa02cbc82fef44058d2675e960be,266.972,487.818,192.206,379.449,25,1503,6.0943,0.0866,0.0,-1.0,-1.0,-1.0,-1.0,-1.0,0.0,0.0,0.0,0.0,0.0,0.0,8711.886327,0.257623,0.0,3991,1411200,1411200,1.0,1764,1764,1.0,120000,0,0,S10|M3_IMBALANCED|26|B|L2|F0,false,true,false,/home/cyfer/FYP/WSN_simulation_V3/runs/S10_5000/outputs_production_50seed_part26_30/run_campaign_v3_S10_M3_IMBALANCED_B_L2_F0_H0_seed026_26_20260603_095426
campaign_v3_S10_M3_IMBALANCED_B_L2_F0_H0_seed027,campaign_v3_S10_M3_IMBALANCED_B_L2_F0_H0_seed027_27_20260603_095808,S10,5000,200,6,M3_IMBALANCED,27,B,L2,F0,H0,V1,map_S10_M3_IMBALANCED_seed027,59752a276c5d47a0b647333aa8c94c1bd8a0e4e0608a65312be59ec315374ab1,273.226,471.499,195.662,399.379,25,1321,5.4793,0.0836,0.0,-1.0,-1.0,-1.0,-1.0,-1.0,0.0,0.0,0.0,0.0,0.0,0.0,8681.666873,0.263667,0.0,3977,1411200,1411200,1.0,1728,1728,1.0,120000,0,0,S10|M3_IMBALANCED|27|B|L2|F0,false,true,false,/home/cyfer/FYP/WSN_simulation_V3/runs/S10_5000/outputs_production_50seed_part26_30/run_campaign_v3_S10_M3_IMBALANCED_B_L2_F0_H0_seed027_27_20260603_095808
campaign_v3_S10_M3_IMBALANCED_B_L2_F0_H0_seed028,campaign_v3_S10_M3_IMBALANCED_B_L2_F0_H0_seed028_28_20260603_100149,S10,5000,200,6,M3_IMBALANCED,28,B,L2,F0,H0,V1,map_S10_M3_IMBALANCED_seed028,63c1eebffb177e215388081c3becad096b0be1a6a64b4feeada62f1c7d050d3d,274.269,507.193,192.769,390.797,25,1779,6.9902,0.0842,0.0,-1.0,-1.0,-1.0,-1.0,-1.0,0.0,0.0,0.0,0.0,0.0,0.0,8718.653032,0.256269,0.0,4004,1411200,1411200,1.0,1746,1746,1.0,120000,0,0,S10|M3_IMBALANCED|28|B|L2|F0,false,true,false,/home/cyfer/FYP/WSN_simulation_V3/runs/S10_5000/outputs_production_50seed_part26_30/run_campaign_v3_S10_M3_IMBALANCED_B_L2_F0_H0_seed028_28_20260603_100149
campaign_v3_S10_M3_IMBALANCED_B_L2_F0_H0_seed029,campaign_v3_S10_M3_IMBALANCED_B_L2_F0_H0_seed029_29_20260603_100522,S10,5000,200,6,M3_IMBALANCED,29,B,L2,F0,H0,V1,map_S10_M3_IMBALANCED_seed029,b7a0d156a25e2f09a8da611fce0867266104e8db4cf436458cc1fe98c0fee5c2,267.655,500.643,190.291,408.032,25,1679,6.461,0.0876,0.0,-1.0,-1.0,-1.0,-1.0,-1.0,0.0,0.0,0.0,0.0,0.0,0.0,8691.907076,0.261619,0.0,3974,1411200,1411200,1.0,1755,1755,1.0,120000,0,0,S10|M3_IMBALANCED|29|B|L2|F0,false,true,false,/home/cyfer/FYP/WSN_simulation_V3/runs/S10_5000/outputs_production_50seed_part26_30/run_campaign_v3_S10_M3_IMBALANCED_B_L2_F0_H0_seed029_29_20260603_100522
campaign_v3_S10_M3_IMBALANCED_B_L2_F0_H0_seed030,campaign_v3_S10_M3_IMBALANCED_B_L2_F0_H0_seed030_30_20260603_100853,S10,5000,200,6,M3_IMBALANCED,30,B,L2,F0,H0,V1,map_S10_M3_IMBALANCED_seed030,e4e75b0e016bbb6905fe27e68e217cc46fe3128df83ea0b0e820cc8fe47a09d1,271.616,483.28,195.159,378.219,25,1155,5.0293,0.0888,0.0,-1.0,-1.0,-1.0,-1.0,-1.0,0.0,0.0,0.0,0.0,0.0,0.0,8715.232466,0.256954,0.0,3996,1411200,1411200,1.0,1755,1755,1.0,120000,0,0,S10|M3_IMBALANCED|30|B|L2|F0,false,true,false,/home/cyfer/FYP/WSN_simulation_V3/runs/S10_5000/outputs_production_50seed_part26_30/run_campaign_v3_S10_M3_IMBALANCED_B_L2_F0_H0_seed030_30_20260603_100853
campaign_v3_S10_M3_IMBALANCED_B_L2_F1_H0_seed026,campaign_v3_S10_M3_IMBALANCED_B_L2_F1_H0_seed026_26_20260603_095429,S10,5000,200,6,M3_IMBALANCED,26,B,L2,F1,H0,V2,map_S10_M3_IMBALANCED_seed026,cb6ca239f7d186ff6b7b04f6ddd2406c4214fa02cbc82fef44058d2675e960be,266.972,487.818,192.206,379.449,25,1503,6.0943,0.0866,60.0,-1.0,-1.0,-1.0,-1.0,-1.0,0.0,0.0,0.0,0.0,0.0,0.0,8706.884048,0.258287,0.0,3991,1409555,1409555,1.0,1756,1756,1.0,120035,1,0,S10|M3_IMBALANCED|26|B|L2|F1,false,false,true,/home/cyfer/FYP/WSN_simulation_V3/runs/S10_5000/outputs_production_50seed_part26_30/run_campaign_v3_S10_M3_IMBALANCED_B_L2_F1_H0_seed026_26_20260603_095429
campaign_v3_S10_M3_IMBALANCED_B_L2_F1_H0_seed027,campaign_v3_S10_M3_IMBALANCED_B_L2_F1_H0_seed027_27_20260603_095810,S10,5000,200,6,M3_IMBALANCED,27,B,L2,F1,H0,V2,map_S10_M3_IMBALANCED_seed027,59752a276c5d47a0b647333aa8c94c1bd8a0e4e0608a65312be59ec315374ab1,273.226,471.499,195.662,399.379,25,1321,5.4793,0.0836,60.0,-1.0,-1.0,-1.0,-1.0,-1.0,0.0,0.0,0.0,0.0,0.0,0.0,8676.220105,0.264422,0.0,3977,1409555,1409555,1.0,1720,1720,1.0,120035,1,0,S10|M3_IMBALANCED|27|B|L2|F1,false,false,true,/home/cyfer/FYP/WSN_simulation_V3/runs/S10_5000/outputs_production_50seed_part26_30/run_campaign_v3_S10_M3_IMBALANCED_B_L2_F1_H0_seed027_27_20260603_095810
campaign_v3_S10_M3_IMBALANCED_B_L2_F1_H0_seed028,campaign_v3_S10_M3_IMBALANCED_B_L2_F1_H0_seed028_28_20260603_100152,S10,5000,200,6,M3_IMBALANCED,28,B,L2,F1,H0,V2,map_S10_M3_IMBALANCED_seed028,63c1eebffb177e215388081c3becad096b0be1a6a64b4feeada62f1c7d050d3d,274.269,507.193,192.769,390.797,25,1779,6.9902,0.0842,60.0,-1.0,-1.0,-1.0,-1.0,-1.0,0.0,0.0,0.0,0.0,0.0,0.0,8717.922578,0.256026,0.0,4005,1410965,1410965,1.0,1738,1738,1.0,120005,1,0,S10|M3_IMBALANCED|28|B|L2|F1,false,false,true,/home/cyfer/FYP/WSN_simulation_V3/runs/S10_5000/outputs_production_50seed_part26_30/run_campaign_v3_S10_M3_IMBALANCED_B_L2_F1_H0_seed028_28_20260603_100152
campaign_v3_S10_M3_IMBALANCED_B_L2_F1_H0_seed029,campaign_v3_S10_M3_IMBALANCED_B_L2_F1_H0_seed029_29_20260603_100525,S10,5000,200,6,M3_IMBALANCED,29,B,L2,F1,H0,V2,map_S10_M3_IMBALANCED_seed029,b7a0d156a25e2f09a8da611fce0867266104e8db4cf436458cc1fe98c0fee5c2,267.655,500.643,190.291,408.032,25,1679,6.461,0.0876,60.0,-1.0,-1.0,-1.0,-1.0,-1.0,0.0,0.0,0.0,0.0,0.0,0.0,8685.687476,0.262539,0.0,3974,1409320,1409320,1.0,1747,1747,1.0,120040,1,0,S10|M3_IMBALANCED|29|B|L2|F1,false,false,true,/home/cyfer/FYP/WSN_simulation_V3/runs/S10_5000/outputs_production_50seed_part26_30/run_campaign_v3_S10_M3_IMBALANCED_B_L2_F1_H0_seed029_29_20260603_100525
campaign_v3_S10_M3_IMBALANCED_B_L2_F1_H0_seed030,campaign_v3_S10_M3_IMBALANCED_B_L2_F1_H0_seed030_30_20260603_100856,S10,5000,200,6,M3_IMBALANCED,30,B,L2,F1,H0,V2,map_S10_M3_IMBALANCED_seed030,e4e75b0e016bbb6905fe27e68e217cc46fe3128df83ea0b0e820cc8fe47a09d1,271.616,483.28,195.159,378.219,25,1155,5.0293,0.0888,60.0,-1.0,-1.0,-1.0,-1.0,-1.0,0.0,0.0,0.0,0.0,0.0,0.0,8712.530963,0.257129,0.0,3997,1410260,1410260,1.0,1747,1747,1.0,120020,1,0,S10|M3_IMBALANCED|30|B|L2|F1,false,false,true,/home/cyfer/FYP/WSN_simulation_V3/runs/S10_5000/outputs_production_50seed_part26_30/run_campaign_v3_S10_M3_IMBALANCED_B_L2_F1_H0_seed030_30_20260603_100856
campaign_v3_S10_M3_IMBALANCED_B_L2_F1_H1_seed026,campaign_v3_S10_M3_IMBALANCED_B_L2_F1_H1_seed026_26_20260603_095441,S10,5000,200,6,M3_IMBALANCED,26,B,L2,F1,H1,V3,map_S10_M3_IMBALANCED_seed026,cb6ca239f7d186ff6b7b04f6ddd2406c4214fa02cbc82fef44058d2675e960be,266.972,487.818,192.206,379.449,25,1503,6.0943,0.0866,60.0,22.47,82.47,142.47,150.0,90.0,6.48,6.0,1.0,0.005,1.0,0.155,8709.852583,0.257693,0.0,3991,1410619,1410619,1.0,1761,1761,1.0,120000,0,1,S10|M3_IMBALANCED|26|B|L2|F1,true,false,false,/home/cyfer/FYP/WSN_simulation_V3/runs/S10_5000/outputs_production_50seed_part26_30/run_campaign_v3_S10_M3_IMBALANCED_B_L2_F1_H1_seed026_26_20260603_095441
campaign_v3_S10_M3_IMBALANCED_B_L2_F1_H1_seed027,campaign_v3_S10_M3_IMBALANCED_B_L2_F1_H1_seed027_27_20260603_095824,S10,5000,200,6,M3_IMBALANCED,27,B,L2,F1,H1,V3,map_S10_M3_IMBALANCED_seed027,59752a276c5d47a0b647333aa8c94c1bd8a0e4e0608a65312be59ec315374ab1,273.226,471.499,195.662,399.379,25,1321,5.4793,0.0836,60.0,21.307,81.307,141.307,150.0,90.0,6.174,6.0,1.0,0.005,1.0,0.053,8680.402391,0.263585,0.0,3977,1410626,1410626,1.0,1725,1725,1.0,120000,0,1,S10|M3_IMBALANCED|27|B|L2|F1,true,false,false,/home/cyfer/FYP/WSN_simulation_V3/runs/S10_5000/outputs_production_50seed_part26_30/run_campaign_v3_S10_M3_IMBALANCED_B_L2_F1_H1_seed027_27_20260603_095824
campaign_v3_S10_M3_IMBALANCED_B_L2_F1_H1_seed028,campaign_v3_S10_M3_IMBALANCED_B_L2_F1_H1_seed028_28_20260603_100206,S10,5000,200,6,M3_IMBALANCED,28,B,L2,F1,H1,V3,map_S10_M3_IMBALANCED_seed028,63c1eebffb177e215388081c3becad096b0be1a6a64b4feeada62f1c7d050d3d,274.269,507.193,192.769,390.797,25,1779,6.9902,0.0842,60.0,21.918,81.918,141.918,150.0,90.0,6.526,6.0,1.0,0.001,1.0,0.175,8718.282385,0.255954,0.0,4005,1411118,1411118,1.0,1743,1743,1.0,120000,0,1,S10|M3_IMBALANCED|28|B|L2|F1,true,false,false,/home/cyfer/FYP/WSN_simulation_V3/runs/S10_5000/outputs_production_50seed_part26_30/run_campaign_v3_S10_M3_IMBALANCED_B_L2_F1_H1_seed028_28_20260603_100206
campaign_v3_S10_M3_IMBALANCED_B_L2_F1_H1_seed029,campaign_v3_S10_M3_IMBALANCED_B_L2_F1_H1_seed029_29_20260603_100538,S10,5000,200,6,M3_IMBALANCED,29,B,L2,F1,H1,V3,map_S10_M3_IMBALANCED_seed029,b7a0d156a25e2f09a8da611fce0867266104e8db4cf436458cc1fe98c0fee5c2,267.655,500.643,190.291,408.032,25,1679,6.461,0.0876,60.0,21.498,81.498,141.498,150.0,90.0,6.472,6.0,1.0,0.005,1.0,0.153,8689.75048,0.261726,0.0,3974,1410544,1410544,1.0,1752,1752,1.0,120000,0,1,S10|M3_IMBALANCED|29|B|L2|F1,true,false,false,/home/cyfer/FYP/WSN_simulation_V3/runs/S10_5000/outputs_production_50seed_part26_30/run_campaign_v3_S10_M3_IMBALANCED_B_L2_F1_H1_seed029_29_20260603_100538
campaign_v3_S10_M3_IMBALANCED_B_L2_F1_H1_seed030,campaign_v3_S10_M3_IMBALANCED_B_L2_F1_H1_seed030_30_20260603_100909,S10,5000,200,6,M3_IMBALANCED,30,B,L2,F1,H1,V3,map_S10_M3_IMBALANCED_seed030,e4e75b0e016bbb6905fe27e68e217cc46fe3128df83ea0b0e820cc8fe47a09d1,271.616,483.28,195.159,378.219,25,1155,5.0293,0.0888,60.0,21.421,81.421,141.421,150.0,90.0,6.272,6.0,1.0,0.003,1.0,0.087,8714.156365,0.256804,0.0,3997,1410872,1410872,1.0,1752,1752,1.0,120000,0,1,S10|M3_IMBALANCED|30|B|L2|F1,true,false,false,/home/cyfer/FYP/WSN_simulation_V3/runs/S10_5000/outputs_production_50seed_part26_30/run_campaign_v3_S10_M3_IMBALANCED_B_L2_F1_H1_seed030_30_20260603_100909
campaign_v3_S10_M3_IMBALANCED_B_L2_F1_H3_seed026,campaign_v3_S10_M3_IMBALANCED_B_L2_F1_H3_seed026_26_20260603_095448,S10,5000,200,6,M3_IMBALANCED,26,B,L2,F1,H3,V3,map_S10_M3_IMBALANCED_seed026,cb6ca239f7d186ff6b7b04f6ddd2406c4214fa02cbc82fef44058d2675e960be,266.972,487.818,192.206,379.449,25,1503,6.0943,0.0866,60.0,28.352,88.352,148.352,150.0,90.0,6.48,6.0,1.0,0.005,1.0,0.155,8708.568528,0.25795,0.0,3991,1410139,1410139,1.0,1761,1761,1.0,119925,0,1,S10|M3_IMBALANCED|26|B|L2|F1,true,false,false,/home/cyfer/FYP/WSN_simulation_V3/runs/S10_5000/outputs_production_50seed_part26_30/run_campaign_v3_S10_M3_IMBALANCED_B_L2_F1_H3_seed026_26_20260603_095448
campaign_v3_S10_M3_IMBALANCED_B_L2_F1_H3_seed027,campaign_v3_S10_M3_IMBALANCED_B_L2_F1_H3_seed027_27_20260603_095829,S10,5000,200,6,M3_IMBALANCED,27,B,L2,F1,H3,V3,map_S10_M3_IMBALANCED_seed027,59752a276c5d47a0b647333aa8c94c1bd8a0e4e0608a65312be59ec315374ab1,273.226,471.499,195.662,399.379,25,1321,5.4793,0.0836,60.0,27.756,87.756,147.756,150.0,90.0,6.174,6.0,1.0,0.005,1.0,0.053,8678.695415,0.263927,0.0,3977,1410143,1410143,1.0,1725,1725,1.0,119925,0,1,S10|M3_IMBALANCED|27|B|L2|F1,true,false,false,/home/cyfer/FYP/WSN_simulation_V3/runs/S10_5000/outputs_production_50seed_part26_30/run_campaign_v3_S10_M3_IMBALANCED_B_L2_F1_H3_seed027_27_20260603_095829
campaign_v3_S10_M3_IMBALANCED_B_L2_F1_H3_seed028,campaign_v3_S10_M3_IMBALANCED_B_L2_F1_H3_seed028_28_20260603_100211,S10,5000,200,6,M3_IMBALANCED,28,B,L2,F1,H3,V3,map_S10_M3_IMBALANCED_seed028,63c1eebffb177e215388081c3becad096b0be1a6a64b4feeada62f1c7d050d3d,274.269,507.193,192.769,390.797,25,1779,6.9902,0.0842,60.0,27.649,87.649,147.649,150.0,90.0,6.526,6.0,1.0,0.001,1.0,0.175,8718.270505,0.255956,0.0,4005,1411112,1411112,1.0,1743,1743,1.0,120000,0,1,S10|M3_IMBALANCED|28|B|L2|F1,true,false,false,/home/cyfer/FYP/WSN_simulation_V3/runs/S10_5000/outputs_production_50seed_part26_30/run_campaign_v3_S10_M3_IMBALANCED_B_L2_F1_H3_seed028_28_20260603_100211
campaign_v3_S10_M3_IMBALANCED_B_L2_F1_H3_seed029,campaign_v3_S10_M3_IMBALANCED_B_L2_F1_H3_seed029_29_20260603_100543,S10,5000,200,6,M3_IMBALANCED,29,B,L2,F1,H3,V3,map_S10_M3_IMBALANCED_seed029,b7a0d156a25e2f09a8da611fce0867266104e8db4cf436458cc1fe98c0fee5c2,267.655,500.643,190.291,408.032,25,1679,6.461,0.0876,60.0,27.792,87.792,147.792,150.0,90.0,6.472,6.0,1.0,0.005,1.0,0.153,8687.522178,0.262172,0.0,3974,1409908,1409908,1.0,1752,1752,1.0,119900,0,1,S10|M3_IMBALANCED|29|B|L2|F1,true,false,false,/home/cyfer/FYP/WSN_simulation_V3/runs/S10_5000/outputs_production_50seed_part26_30/run_campaign_v3_S10_M3_IMBALANCED_B_L2_F1_H3_seed029_29_20260603_100543
campaign_v3_S10_M3_IMBALANCED_B_L2_F1_H3_seed030,campaign_v3_S10_M3_IMBALANCED_B_L2_F1_H3_seed030_30_20260603_100914,S10,5000,200,6,M3_IMBALANCED,30,B,L2,F1,H3,V3,map_S10_M3_IMBALANCED_seed030,e4e75b0e016bbb6905fe27e68e217cc46fe3128df83ea0b0e820cc8fe47a09d1,271.616,483.28,195.159,378.219,25,1155,5.0293,0.0888,60.0,27.584,87.584,147.584,150.0,90.0,6.272,6.0,1.0,0.003,1.0,0.087,8713.349701,0.256965,0.0,3997,1410554,1410554,1.0,1752,1752,1.0,119950,0,1,S10|M3_IMBALANCED|30|B|L2|F1,true,false,false,/home/cyfer/FYP/WSN_simulation_V3/runs/S10_5000/outputs_production_50seed_part26_30/run_campaign_v3_S10_M3_IMBALANCED_B_L2_F1_H3_seed030_30_20260603_100914
campaign_v3_S10_M3_IMBALANCED_B_L2_F1_H4_seed026,campaign_v3_S10_M3_IMBALANCED_B_L2_F1_H4_seed026_26_20260603_095453,S10,5000,200,6,M3_IMBALANCED,26,B,L2,F1,H4,V3,map_S10_M3_IMBALANCED_seed026,cb6ca239f7d186ff6b7b04f6ddd2406c4214fa02cbc82fef44058d2675e960be,266.972,487.818,192.206,379.449,25,1503,6.0943,0.0866,60.0,31.951,91.951,151.951,160.0,100.0,6.48,6.0,1.0,0.005,1.0,0.155,8708.497377,0.257964,0.0,3991,1410143,1410143,1.0,1760,1760,1.0,119929,0,1,S10|M3_IMBALANCED|26|B|L2|F1,true,false,false,/home/cyfer/FYP/WSN_simulation_V3/runs/S10_5000/outputs_production_50seed_part26_30/run_campaign_v3_S10_M3_IMBALANCED_B_L2_F1_H4_seed026_26_20260603_095453
campaign_v3_S10_M3_IMBALANCED_B_L2_F1_H4_seed027,campaign_v3_S10_M3_IMBALANCED_B_L2_F1_H4_seed027_27_20260603_095835,S10,5000,200,6,M3_IMBALANCED,27,B,L2,F1,H4,V3,map_S10_M3_IMBALANCED_seed027,59752a276c5d47a0b647333aa8c94c1bd8a0e4e0608a65312be59ec315374ab1,273.226,471.499,195.662,399.379,25,1321,5.4793,0.0836,60.0,31.828,91.828,151.828,160.0,100.0,6.174,6.0,1.0,0.005,1.0,0.053,8677.916423,0.264083,0.0,3977,1409857,1409857,1.0,1724,1724,1.0,119879,0,1,S10|M3_IMBALANCED|27|B|L2|F1,true,false,false,/home/cyfer/FYP/WSN_simulation_V3/runs/S10_5000/outputs_production_50seed_part26_30/run_campaign_v3_S10_M3_IMBALANCED_B_L2_F1_H4_seed027_27_20260603_095835
campaign_v3_S10_M3_IMBALANCED_B_L2_F1_H4_seed028,campaign_v3_S10_M3_IMBALANCED_B_L2_F1_H4_seed028_28_20260603_100216,S10,5000,200,6,M3_IMBALANCED,28,B,L2,F1,H4,V3,map_S10_M3_IMBALANCED_seed028,63c1eebffb177e215388081c3becad096b0be1a6a64b4feeada62f1c7d050d3d,274.269,507.193,192.769,390.797,25,1779,6.9902,0.0842,60.0,32.417,92.417,152.417,160.0,100.0,6.526,6.0,1.0,0.001,1.0,0.175,8716.886471,0.256233,0.0,4005,1410697,1410697,1.0,1742,1742,1.0,119929,0,1,S10|M3_IMBALANCED|28|B|L2|F1,true,false,false,/home/cyfer/FYP/WSN_simulation_V3/runs/S10_5000/outputs_production_50seed_part26_30/run_campaign_v3_S10_M3_IMBALANCED_B_L2_F1_H4_seed028_28_20260603_100216
campaign_v3_S10_M3_IMBALANCED_B_L2_F1_H4_seed029,campaign_v3_S10_M3_IMBALANCED_B_L2_F1_H4_seed029_29_20260603_100549,S10,5000,200,6,M3_IMBALANCED,29,B,L2,F1,H4,V3,map_S10_M3_IMBALANCED_seed029,b7a0d156a25e2f09a8da611fce0867266104e8db4cf436458cc1fe98c0fee5c2,267.655,500.643,190.291,408.032,25,1679,6.461,0.0876,60.0,32.008,92.008,152.008,160.0,100.0,6.472,6.0,1.0,0.005,1.0,0.153,8685.462534,0.262584,0.0,3973,1409052,1409052,1.0,1751,1751,1.0,119754,0,1,S10|M3_IMBALANCED|29|B|L2|F1,true,false,false,/home/cyfer/FYP/WSN_simulation_V3/runs/S10_5000/outputs_production_50seed_part26_30/run_campaign_v3_S10_M3_IMBALANCED_B_L2_F1_H4_seed029_29_20260603_100549
campaign_v3_S10_M3_IMBALANCED_B_L2_F1_H4_seed030,campaign_v3_S10_M3_IMBALANCED_B_L2_F1_H4_seed030_30_20260603_100920,S10,5000,200,6,M3_IMBALANCED,30,B,L2,F1,H4,V3,map_S10_M3_IMBALANCED_seed030,e4e75b0e016bbb6905fe27e68e217cc46fe3128df83ea0b0e820cc8fe47a09d1,271.616,483.28,195.159,378.219,25,1155,5.0293,0.0888,60.0,31.561,91.561,151.561,160.0,100.0,6.272,6.0,1.0,0.003,1.0,0.087,8714.045692,0.256826,0.0,3997,1410832,1410832,1.0,1751,1751,1.0,120000,0,1,S10|M3_IMBALANCED|30|B|L2|F1,true,false,false,/home/cyfer/FYP/WSN_simulation_V3/runs/S10_5000/outputs_production_50seed_part26_30/run_campaign_v3_S10_M3_IMBALANCED_B_L2_F1_H4_seed030_30_20260603_100920
campaign_v3_S10_M3_IMBALANCED_B_L2_F2_H0_seed026,campaign_v3_S10_M3_IMBALANCED_B_L2_F2_H0_seed026_26_20260603_095434,S10,5000,200,6,M3_IMBALANCED,26,B,L2,F2,H0,V2,map_S10_M3_IMBALANCED_seed026,cb6ca239f7d186ff6b7b04f6ddd2406c4214fa02cbc82fef44058d2675e960be,266.972,487.818,192.206,379.449,25,1503,6.0943,0.0866,60.0,-1.0,-1.0,-1.0,-1.0,-1.0,0.0,0.0,0.0,0.0,0.0,0.0,8709.783616,0.258043,0.0,3991,1410495,1410495,1.0,1756,1756,1.0,120015,1,0,S10|M3_IMBALANCED|26|B|L2|F2,false,false,true,/home/cyfer/FYP/WSN_simulation_V3/runs/S10_5000/outputs_production_50seed_part26_30/run_campaign_v3_S10_M3_IMBALANCED_B_L2_F2_H0_seed026_26_20260603_095434
campaign_v3_S10_M3_IMBALANCED_B_L2_F2_H0_seed027,campaign_v3_S10_M3_IMBALANCED_B_L2_F2_H0_seed027_27_20260603_095816,S10,5000,200,6,M3_IMBALANCED,27,B,L2,F2,H0,V2,map_S10_M3_IMBALANCED_seed027,59752a276c5d47a0b647333aa8c94c1bd8a0e4e0608a65312be59ec315374ab1,273.226,471.499,195.662,399.379,25,1321,5.4793,0.0836,60.0,-1.0,-1.0,-1.0,-1.0,-1.0,0.0,0.0,0.0,0.0,0.0,0.0,8677.847136,0.264431,0.0,3977,1410025,1410025,1.0,1720,1720,1.0,120025,1,0,S10|M3_IMBALANCED|27|B|L2|F2,false,false,true,/home/cyfer/FYP/WSN_simulation_V3/runs/S10_5000/outputs_production_50seed_part26_30/run_campaign_v3_S10_M3_IMBALANCED_B_L2_F2_H0_seed027_27_20260603_095816
campaign_v3_S10_M3_IMBALANCED_B_L2_F2_H0_seed028,campaign_v3_S10_M3_IMBALANCED_B_L2_F2_H0_seed028_28_20260603_100158,S10,5000,200,6,M3_IMBALANCED,28,B,L2,F2,H0,V2,map_S10_M3_IMBALANCED_seed028,63c1eebffb177e215388081c3becad096b0be1a6a64b4feeada62f1c7d050d3d,274.269,507.193,192.769,390.797,25,1779,6.9902,0.0842,60.0,-1.0,-1.0,-1.0,-1.0,-1.0,0.0,0.0,0.0,0.0,0.0,0.0,8716.211051,0.256758,0.0,4004,1410495,1410495,1.0,1738,1738,1.0,120015,1,0,S10|M3_IMBALANCED|28|B|L2|F2,false,false,true,/home/cyfer/FYP/WSN_simulation_V3/runs/S10_5000/outputs_production_50seed_part26_30/run_campaign_v3_S10_M3_IMBALANCED_B_L2_F2_H0_seed028_28_20260603_100158
campaign_v3_S10_M3_IMBALANCED_B_L2_F2_H0_seed029,campaign_v3_S10_M3_IMBALANCED_B_L2_F2_H0_seed029_29_20260603_100530,S10,5000,200,6,M3_IMBALANCED,29,B,L2,F2,H0,V2,map_S10_M3_IMBALANCED_seed029,b7a0d156a25e2f09a8da611fce0867266104e8db4cf436458cc1fe98c0fee5c2,267.655,500.643,190.291,408.032,25,1679,6.461,0.0876,60.0,-1.0,-1.0,-1.0,-1.0,-1.0,0.0,0.0,0.0,0.0,0.0,0.0,8684.660431,0.263068,0.0,3973,1408850,1408850,1.0,1747,1747,1.0,120050,1,0,S10|M3_IMBALANCED|29|B|L2|F2,false,false,true,/home/cyfer/FYP/WSN_simulation_V3/runs/S10_5000/outputs_production_50seed_part26_30/run_campaign_v3_S10_M3_IMBALANCED_B_L2_F2_H0_seed029_29_20260603_100530
campaign_v3_S10_M3_IMBALANCED_B_L2_F2_H0_seed030,campaign_v3_S10_M3_IMBALANCED_B_L2_F2_H0_seed030_30_20260603_100901,S10,5000,200,6,M3_IMBALANCED,30,B,L2,F2,H0,V2,map_S10_M3_IMBALANCED_seed030,e4e75b0e016bbb6905fe27e68e217cc46fe3128df83ea0b0e820cc8fe47a09d1,271.616,483.28,195.159,378.219,25,1155,5.0293,0.0888,60.0,-1.0,-1.0,-1.0,-1.0,-1.0,0.0,0.0,0.0,0.0,0.0,0.0,8715.218066,0.256956,0.0,3996,1411200,1411200,1.0,1755,1755,1.0,120000,1,0,S10|M3_IMBALANCED|30|B|L2|F2,false,false,true,/home/cyfer/FYP/WSN_simulation_V3/runs/S10_5000/outputs_production_50seed_part26_30/run_campaign_v3_S10_M3_IMBALANCED_B_L2_F2_H0_seed030_30_20260603_100901
campaign_v3_S10_M3_IMBALANCED_B_L2_F2_H1_seed026,campaign_v3_S10_M3_IMBALANCED_B_L2_F2_H1_seed026_26_20260603_095458,S10,5000,200,6,M3_IMBALANCED,26,B,L2,F2,H1,V3,map_S10_M3_IMBALANCED_seed026,cb6ca239f7d186ff6b7b04f6ddd2406c4214fa02cbc82fef44058d2675e960be,266.972,487.818,192.206,379.449,25,1503,6.0943,0.0866,60.0,26.696,86.696,146.696,150.0,90.0,3.549,6.0,1.0,0.002,0.069,0.112,8711.104308,0.257779,0.0,3991,1410939,1410939,1.0,1761,1761,1.0,120000,0,1,S10|M3_IMBALANCED|26|B|L2|F2,true,false,false,/home/cyfer/FYP/WSN_simulation_V3/runs/S10_5000/outputs_production_50seed_part26_30/run_campaign_v3_S10_M3_IMBALANCED_B_L2_F2_H1_seed026_26_20260603_095458
campaign_v3_S10_M3_IMBALANCED_B_L2_F2_H1_seed027,campaign_v3_S10_M3_IMBALANCED_B_L2_F2_H1_seed027_27_20260603_095840,S10,5000,200,6,M3_IMBALANCED,27,B,L2,F2,H1,V3,map_S10_M3_IMBALANCED_seed027,59752a276c5d47a0b647333aa8c94c1bd8a0e4e0608a65312be59ec315374ab1,273.226,471.499,195.662,399.379,25,1321,5.4793,0.0836,60.0,27.124,87.124,147.124,150.0,90.0,3.661,6.0,1.0,0.004,0.118,0.098,8679.868928,0.264026,0.0,3977,1410760,1410760,1.0,1725,1725,1.0,120000,0,1,S10|M3_IMBALANCED|27|B|L2|F2,true,false,false,/home/cyfer/FYP/WSN_simulation_V3/runs/S10_5000/outputs_production_50seed_part26_30/run_campaign_v3_S10_M3_IMBALANCED_B_L2_F2_H1_seed027_27_20260603_095840
campaign_v3_S10_M3_IMBALANCED_B_L2_F2_H1_seed028,campaign_v3_S10_M3_IMBALANCED_B_L2_F2_H1_seed028_28_20260603_100222,S10,5000,200,6,M3_IMBALANCED,28,B,L2,F2,H1,V3,map_S10_M3_IMBALANCED_seed028,63c1eebffb177e215388081c3becad096b0be1a6a64b4feeada62f1c7d050d3d,274.269,507.193,192.769,390.797,25,1779,6.9902,0.0842,60.0,27.532,87.532,147.532,150.0,90.0,3.619,6.0,1.0,0.002,0.075,0.13,8717.985844,0.256403,0.0,4004,1410936,1410936,1.0,1743,1743,1.0,120000,0,1,S10|M3_IMBALANCED|28|B|L2|F2,true,false,false,/home/cyfer/FYP/WSN_simulation_V3/runs/S10_5000/outputs_production_50seed_part26_30/run_campaign_v3_S10_M3_IMBALANCED_B_L2_F2_H1_seed028_28_20260603_100222
campaign_v3_S10_M3_IMBALANCED_B_L2_F2_H1_seed029,campaign_v3_S10_M3_IMBALANCED_B_L2_F2_H1_seed029_29_20260603_100554,S10,5000,200,6,M3_IMBALANCED,29,B,L2,F2,H1,V3,map_S10_M3_IMBALANCED_seed029,b7a0d156a25e2f09a8da611fce0867266104e8db4cf436458cc1fe98c0fee5c2,267.655,500.643,190.291,408.032,25,1679,6.461,0.0876,60.0,27.831,87.831,147.831,150.0,90.0,4.005,6.0,1.0,0.006,0.237,0.092,8689.688906,0.262062,0.0,3974,1410320,1410320,1.0,1752,1752,1.0,120000,0,1,S10|M3_IMBALANCED|29|B|L2|F2,true,false,false,/home/cyfer/FYP/WSN_simulation_V3/runs/S10_5000/outputs_production_50seed_part26_30/run_campaign_v3_S10_M3_IMBALANCED_B_L2_F2_H1_seed029_29_20260603_100554
campaign_v3_S10_M3_IMBALANCED_B_L2_F2_H1_seed030,campaign_v3_S10_M3_IMBALANCED_B_L2_F2_H1_seed030_30_20260603_100925,S10,5000,200,6,M3_IMBALANCED,30,B,L2,F2,H1,V3,map_S10_M3_IMBALANCED_seed030,e4e75b0e016bbb6905fe27e68e217cc46fe3128df83ea0b0e820cc8fe47a09d1,271.616,483.28,195.159,378.219,25,1155,5.0293,0.0888,60.0,23.127,83.127,143.127,150.0,90.0,0.075,6.0,0.0,0.0,0.001,0.024,8715.227066,0.256955,0.0,3996,1411200,1411200,1.0,1755,1755,1.0,120000,0,1,S10|M3_IMBALANCED|30|B|L2|F2,true,false,false,/home/cyfer/FYP/WSN_simulation_V3/runs/S10_5000/outputs_production_50seed_part26_30/run_campaign_v3_S10_M3_IMBALANCED_B_L2_F2_H1_seed030_30_20260603_100925
campaign_v3_S10_M3_IMBALANCED_B_L2_F2_H3_seed026,campaign_v3_S10_M3_IMBALANCED_B_L2_F2_H3_seed026_26_20260603_095501,S10,5000,200,6,M3_IMBALANCED,26,B,L2,F2,H3,V3,map_S10_M3_IMBALANCED_seed026,cb6ca239f7d186ff6b7b04f6ddd2406c4214fa02cbc82fef44058d2675e960be,266.972,487.818,192.206,379.449,25,1503,6.0943,0.0866,60.0,32.624,92.624,152.624,160.0,100.0,3.549,6.0,1.0,0.002,0.069,0.112,8710.768133,0.257846,0.0,3991,1410779,1410779,1.0,1760,1760,1.0,119975,0,1,S10|M3_IMBALANCED|26|B|L2|F2,true,false,false,/home/cyfer/FYP/WSN_simulation_V3/runs/S10_5000/outputs_production_50seed_part26_30/run_campaign_v3_S10_M3_IMBALANCED_B_L2_F2_H3_seed026_26_20260603_095501
campaign_v3_S10_M3_IMBALANCED_B_L2_F2_H3_seed027,campaign_v3_S10_M3_IMBALANCED_B_L2_F2_H3_seed027_27_20260603_095843,S10,5000,200,6,M3_IMBALANCED,27,B,L2,F2,H3,V3,map_S10_M3_IMBALANCED_seed027,59752a276c5d47a0b647333aa8c94c1bd8a0e4e0608a65312be59ec315374ab1,273.226,471.499,195.662,399.379,25,1321,5.4793,0.0836,60.0,33.079,93.079,153.079,160.0,100.0,3.661,6.0,1.0,0.004,0.118,0.098,8679.077929,0.264184,0.0,3977,1410448,1410448,1.0,1724,1724,1.0,119950,0,1,S10|M3_IMBALANCED|27|B|L2|F2,true,false,false,/home/cyfer/FYP/WSN_simulation_V3/runs/S10_5000/outputs_production_50seed_part26_30/run_campaign_v3_S10_M3_IMBALANCED_B_L2_F2_H3_seed027_27_20260603_095843
campaign_v3_S10_M3_IMBALANCED_B_L2_F2_H3_seed028,campaign_v3_S10_M3_IMBALANCED_B_L2_F2_H3_seed028_28_20260603_100224,S10,5000,200,6,M3_IMBALANCED,28,B,L2,F2,H3,V3,map_S10_M3_IMBALANCED_seed028,63c1eebffb177e215388081c3becad096b0be1a6a64b4feeada62f1c7d050d3d,274.269,507.193,192.769,390.797,25,1779,6.9902,0.0842,60.0,33.172,93.172,153.172,160.0,100.0,3.619,6.0,1.0,0.002,0.075,0.13,8717.217648,0.256556,0.0,4004,1410777,1410777,1.0,1742,1742,1.0,119975,0,1,S10|M3_IMBALANCED|28|B|L2|F2,true,false,false,/home/cyfer/FYP/WSN_simulation_V3/runs/S10_5000/outputs_production_50seed_part26_30/run_campaign_v3_S10_M3_IMBALANCED_B_L2_F2_H3_seed028_28_20260603_100224
campaign_v3_S10_M3_IMBALANCED_B_L2_F2_H3_seed029,campaign_v3_S10_M3_IMBALANCED_B_L2_F2_H3_seed029_29_20260603_100556,S10,5000,200,6,M3_IMBALANCED,29,B,L2,F2,H3,V3,map_S10_M3_IMBALANCED_seed029,b7a0d156a25e2f09a8da611fce0867266104e8db4cf436458cc1fe98c0fee5c2,267.655,500.643,190.291,408.032,25,1679,6.461,0.0876,60.0,33.819,93.819,153.819,160.0,100.0,4.005,6.0,1.0,0.006,0.237,0.092,8687.180878,0.262564,0.0,3973,1409555,1409555,1.0,1751,1751,1.0,119875,0,1,S10|M3_IMBALANCED|29|B|L2|F2,true,false,false,/home/cyfer/FYP/WSN_simulation_V3/runs/S10_5000/outputs_production_50seed_part26_30/run_campaign_v3_S10_M3_IMBALANCED_B_L2_F2_H3_seed029_29_20260603_100556
campaign_v3_S10_M3_IMBALANCED_B_L2_F2_H3_seed030,campaign_v3_S10_M3_IMBALANCED_B_L2_F2_H3_seed030_30_20260603_100928,S10,5000,200,6,M3_IMBALANCED,30,B,L2,F2,H3,V3,map_S10_M3_IMBALANCED_seed030,e4e75b0e016bbb6905fe27e68e217cc46fe3128df83ea0b0e820cc8fe47a09d1,271.616,483.28,195.159,378.219,25,1155,5.0293,0.0888,60.0,29.875,89.875,149.875,150.0,90.0,0.075,6.0,0.0,0.0,0.001,0.024,8715.227066,0.256955,0.0,3996,1411200,1411200,1.0,1755,1755,1.0,120000,0,1,S10|M3_IMBALANCED|30|B|L2|F2,true,false,false,/home/cyfer/FYP/WSN_simulation_V3/runs/S10_5000/outputs_production_50seed_part26_30/run_campaign_v3_S10_M3_IMBALANCED_B_L2_F2_H3_seed030_30_20260603_100928
campaign_v3_S10_M3_IMBALANCED_B_L2_F2_H4_seed026,campaign_v3_S10_M3_IMBALANCED_B_L2_F2_H4_seed026_26_20260603_095503,S10,5000,200,6,M3_IMBALANCED,26,B,L2,F2,H4,V3,map_S10_M3_IMBALANCED_seed026,cb6ca239f7d186ff6b7b04f6ddd2406c4214fa02cbc82fef44058d2675e960be,266.972,487.818,192.206,379.449,25,1503,6.0943,0.0866,60.0,37.167,97.167,157.167,160.0,100.0,3.549,6.0,1.0,0.002,0.069,0.112,8711.001173,0.2578,0.0,3991,1410906,1410906,1.0,1760,1760,1.0,120000,0,1,S10|M3_IMBALANCED|26|B|L2|F2,true,false,false,/home/cyfer/FYP/WSN_simulation_V3/runs/S10_5000/outputs_production_50seed_part26_30/run_campaign_v3_S10_M3_IMBALANCED_B_L2_F2_H4_seed026_26_20260603_095503
campaign_v3_S10_M3_IMBALANCED_B_L2_F2_H4_seed027,campaign_v3_S10_M3_IMBALANCED_B_L2_F2_H4_seed027_27_20260603_095845,S10,5000,200,6,M3_IMBALANCED,27,B,L2,F2,H4,V3,map_S10_M3_IMBALANCED_seed027,59752a276c5d47a0b647333aa8c94c1bd8a0e4e0608a65312be59ec315374ab1,273.226,471.499,195.662,399.379,25,1321,5.4793,0.0836,60.0,37.235,97.235,157.235,160.0,100.0,3.661,6.0,1.0,0.004,0.118,0.098,8679.726961,0.264055,0.0,3977,1410710,1410710,1.0,1724,1724,1.0,120000,0,1,S10|M3_IMBALANCED|27|B|L2|F2,true,false,false,/home/cyfer/FYP/WSN_simulation_V3/runs/S10_5000/outputs_production_50seed_part26_30/run_campaign_v3_S10_M3_IMBALANCED_B_L2_F2_H4_seed027_27_20260603_095845
campaign_v3_S10_M3_IMBALANCED_B_L2_F2_H4_seed028,campaign_v3_S10_M3_IMBALANCED_B_L2_F2_H4_seed028_28_20260603_100227,S10,5000,200,6,M3_IMBALANCED,28,B,L2,F2,H4,V3,map_S10_M3_IMBALANCED_seed028,63c1eebffb177e215388081c3becad096b0be1a6a64b4feeada62f1c7d050d3d,274.269,507.193,192.769,390.797,25,1779,6.9902,0.0842,60.0,37.288,97.288,157.288,160.0,100.0,3.619,6.0,1.0,0.002,0.075,0.13,8717.859476,0.256428,0.0,4004,1410906,1410906,1.0,1742,1742,1.0,120000,0,1,S10|M3_IMBALANCED|28|B|L2|F2,true,false,false,/home/cyfer/FYP/WSN_simulation_V3/runs/S10_5000/outputs_production_50seed_part26_30/run_campaign_v3_S10_M3_IMBALANCED_B_L2_F2_H4_seed028_28_20260603_100227
campaign_v3_S10_M3_IMBALANCED_B_L2_F2_H4_seed029,campaign_v3_S10_M3_IMBALANCED_B_L2_F2_H4_seed029_29_20260603_100559,S10,5000,200,6,M3_IMBALANCED,29,B,L2,F2,H4,V3,map_S10_M3_IMBALANCED_seed029,b7a0d156a25e2f09a8da611fce0867266104e8db4cf436458cc1fe98c0fee5c2,267.655,500.643,190.291,408.032,25,1679,6.461,0.0876,60.0,37.099,97.099,157.099,160.0,100.0,4.005,6.0,1.0,0.006,0.237,0.092,8689.342405,0.262132,0.0,3973,1410220,1410220,1.0,1751,1751,1.0,120000,0,1,S10|M3_IMBALANCED|29|B|L2|F2,true,false,false,/home/cyfer/FYP/WSN_simulation_V3/runs/S10_5000/outputs_production_50seed_part26_30/run_campaign_v3_S10_M3_IMBALANCED_B_L2_F2_H4_seed029_29_20260603_100559
campaign_v3_S10_M3_IMBALANCED_B_L2_F2_H4_seed030,campaign_v3_S10_M3_IMBALANCED_B_L2_F2_H4_seed030_30_20260603_100930,S10,5000,200,6,M3_IMBALANCED,30,B,L2,F2,H4,V3,map_S10_M3_IMBALANCED_seed030,e4e75b0e016bbb6905fe27e68e217cc46fe3128df83ea0b0e820cc8fe47a09d1,271.616,483.28,195.159,378.219,25,1155,5.0293,0.0888,60.0,33.338,93.338,153.338,160.0,100.0,0.075,6.0,0.0,0.0,0.001,0.024,8715.225266,0.256955,0.0,3996,1411200,1411200,1.0,1755,1755,1.0,120000,0,1,S10|M3_IMBALANCED|30|B|L2|F2,true,false,false,/home/cyfer/FYP/WSN_simulation_V3/runs/S10_5000/outputs_production_50seed_part26_30/run_campaign_v3_S10_M3_IMBALANCED_B_L2_F2_H4_seed030_30_20260603_100930
campaign_v3_S10_M3_IMBALANCED_B_L2_F3_H0_seed026,campaign_v3_S10_M3_IMBALANCED_B_L2_F3_H0_seed026_26_20260603_095436,S10,5000,200,6,M3_IMBALANCED,26,B,L2,F3,H0,V2,map_S10_M3_IMBALANCED_seed026,cb6ca239f7d186ff6b7b04f6ddd2406c4214fa02cbc82fef44058d2675e960be,266.972,487.818,192.206,379.449,25,1503,6.0943,0.0866,60.0,-1.0,-1.0,-1.0,-1.0,-1.0,0.0,0.0,0.0,0.0,0.0,0.0,8708.322474,0.258336,0.0,3991,1410260,1410260,1.0,1756,1756,1.0,120020,1,0,S10|M3_IMBALANCED|26|B|L2|F3,false,false,true,/home/cyfer/FYP/WSN_simulation_V3/runs/S10_5000/outputs_production_50seed_part26_30/run_campaign_v3_S10_M3_IMBALANCED_B_L2_F3_H0_seed026_26_20260603_095436
campaign_v3_S10_M3_IMBALANCED_B_L2_F3_H0_seed027,campaign_v3_S10_M3_IMBALANCED_B_L2_F3_H0_seed027_27_20260603_095819,S10,5000,200,6,M3_IMBALANCED,27,B,L2,F3,H0,V2,map_S10_M3_IMBALANCED_seed027,59752a276c5d47a0b647333aa8c94c1bd8a0e4e0608a65312be59ec315374ab1,273.226,471.499,195.662,399.379,25,1321,5.4793,0.0836,60.0,-1.0,-1.0,-1.0,-1.0,-1.0,0.0,0.0,0.0,0.0,0.0,0.0,8667.998401,0.2664,0.0,3971,1406500,1406500,1.0,1720,1720,1.0,120100,1,0,S10|M3_IMBALANCED|27|B|L2|F3,false,false,true,/home/cyfer/FYP/WSN_simulation_V3/runs/S10_5000/outputs_production_50seed_part26_30/run_campaign_v3_S10_M3_IMBALANCED_B_L2_F3_H0_seed027_27_20260603_095819
campaign_v3_S10_M3_IMBALANCED_B_L2_F3_H0_seed028,campaign_v3_S10_M3_IMBALANCED_B_L2_F3_H0_seed028_28_20260603_100200,S10,5000,200,6,M3_IMBALANCED,28,B,L2,F3,H0,V2,map_S10_M3_IMBALANCED_seed028,63c1eebffb177e215388081c3becad096b0be1a6a64b4feeada62f1c7d050d3d,274.269,507.193,192.769,390.797,25,1779,6.9902,0.0842,60.0,-1.0,-1.0,-1.0,-1.0,-1.0,0.0,0.0,0.0,0.0,0.0,0.0,8714.290591,0.257142,0.0,4004,1409790,1409790,1.0,1738,1738,1.0,120030,1,0,S10|M3_IMBALANCED|28|B|L2|F3,false,false,true,/home/cyfer/FYP/WSN_simulation_V3/runs/S10_5000/outputs_production_50seed_part26_30/run_campaign_v3_S10_M3_IMBALANCED_B_L2_F3_H0_seed028_28_20260603_100200
campaign_v3_S10_M3_IMBALANCED_B_L2_F3_H0_seed029,campaign_v3_S10_M3_IMBALANCED_B_L2_F3_H0_seed029_29_20260603_100533,S10,5000,200,6,M3_IMBALANCED,29,B,L2,F3,H0,V2,map_S10_M3_IMBALANCED_seed029,b7a0d156a25e2f09a8da611fce0867266104e8db4cf436458cc1fe98c0fee5c2,267.655,500.643,190.291,408.032,25,1679,6.461,0.0876,60.0,-1.0,-1.0,-1.0,-1.0,-1.0,0.0,0.0,0.0,0.0,0.0,0.0,8687.474935,0.262505,0.0,3974,1410025,1410025,1.0,1747,1747,1.0,120025,1,0,S10|M3_IMBALANCED|29|B|L2|F3,false,false,true,/home/cyfer/FYP/WSN_simulation_V3/runs/S10_5000/outputs_production_50seed_part26_30/run_campaign_v3_S10_M3_IMBALANCED_B_L2_F3_H0_seed029_29_20260603_100533
campaign_v3_S10_M3_IMBALANCED_B_L2_F3_H0_seed030,campaign_v3_S10_M3_IMBALANCED_B_L2_F3_H0_seed030_30_20260603_100904,S10,5000,200,6,M3_IMBALANCED,30,B,L2,F3,H0,V2,map_S10_M3_IMBALANCED_seed030,e4e75b0e016bbb6905fe27e68e217cc46fe3128df83ea0b0e820cc8fe47a09d1,271.616,483.28,195.159,378.219,25,1155,5.0293,0.0888,60.0,-1.0,-1.0,-1.0,-1.0,-1.0,0.0,0.0,0.0,0.0,0.0,0.0,8709.527933,0.258094,0.0,3995,1409320,1409320,1.0,1747,1747,1.0,120040,1,0,S10|M3_IMBALANCED|30|B|L2|F3,false,false,true,/home/cyfer/FYP/WSN_simulation_V3/runs/S10_5000/outputs_production_50seed_part26_30/run_campaign_v3_S10_M3_IMBALANCED_B_L2_F3_H0_seed030_30_20260603_100904
campaign_v3_S10_M3_IMBALANCED_B_L2_F3_H1_seed026,campaign_v3_S10_M3_IMBALANCED_B_L2_F3_H1_seed026_26_20260603_095506,S10,5000,200,6,M3_IMBALANCED,26,B,L2,F3,H1,V3,map_S10_M3_IMBALANCED_seed026,cb6ca239f7d186ff6b7b04f6ddd2406c4214fa02cbc82fef44058d2675e960be,266.972,487.818,192.206,379.449,25,1503,6.0943,0.0866,60.0,30.804,90.804,150.804,160.0,100.0,3.672,6.0,1.0,0.003,0.103,0.119,8708.424859,0.258315,0.0,3991,1410276,1410276,1.0,1760,1760,1.0,119904,0,1,S10|M3_IMBALANCED|26|B|L2|F3,true,false,false,/home/cyfer/FYP/WSN_simulation_V3/runs/S10_5000/outputs_production_50seed_part26_30/run_campaign_v3_S10_M3_IMBALANCED_B_L2_F3_H1_seed026_26_20260603_095506
campaign_v3_S10_M3_IMBALANCED_B_L2_F3_H1_seed027,campaign_v3_S10_M3_IMBALANCED_B_L2_F3_H1_seed027_27_20260603_095848,S10,5000,200,6,M3_IMBALANCED,27,B,L2,F3,H1,V3,map_S10_M3_IMBALANCED_seed027,59752a276c5d47a0b647333aa8c94c1bd8a0e4e0608a65312be59ec315374ab1,273.226,471.499,195.662,399.379,25,1321,5.4793,0.0836,60.0,33.351,93.351,153.351,160.0,100.0,5.928,6.0,1.0,0.015,0.726,0.234,8668.319436,0.266336,0.0,3971,1406516,1406516,1.0,1724,1724,1.0,119504,0,1,S10|M3_IMBALANCED|27|B|L2|F3,true,false,false,/home/cyfer/FYP/WSN_simulation_V3/runs/S10_5000/outputs_production_50seed_part26_30/run_campaign_v3_S10_M3_IMBALANCED_B_L2_F3_H1_seed027_27_20260603_095848
campaign_v3_S10_M3_IMBALANCED_B_L2_F3_H1_seed028,campaign_v3_S10_M3_IMBALANCED_B_L2_F3_H1_seed028_28_20260603_100229,S10,5000,200,6,M3_IMBALANCED,28,B,L2,F3,H1,V3,map_S10_M3_IMBALANCED_seed028,63c1eebffb177e215388081c3becad096b0be1a6a64b4feeada62f1c7d050d3d,274.269,507.193,192.769,390.797,25,1779,6.9902,0.0842,60.0,31.515,91.515,151.515,160.0,100.0,4.096,6.0,1.0,0.003,0.139,0.223,8714.419564,0.257116,0.0,4004,1409806,1409806,1.0,1742,1742,1.0,119854,0,1,S10|M3_IMBALANCED|28|B|L2|F3,true,false,false,/home/cyfer/FYP/WSN_simulation_V3/runs/S10_5000/outputs_production_50seed_part26_30/run_campaign_v3_S10_M3_IMBALANCED_B_L2_F3_H1_seed028_28_20260603_100229
campaign_v3_S10_M3_IMBALANCED_B_L2_F3_H1_seed029,campaign_v3_S10_M3_IMBALANCED_B_L2_F3_H1_seed029_29_20260603_100602,S10,5000,200,6,M3_IMBALANCED,29,B,L2,F3,H1,V3,map_S10_M3_IMBALANCED_seed029,b7a0d156a25e2f09a8da611fce0867266104e8db4cf436458cc1fe98c0fee5c2,267.655,500.643,190.291,408.032,25,1679,6.461,0.0876,60.0,30.745,90.745,150.745,160.0,100.0,3.719,6.0,1.0,0.003,0.127,0.11,8687.608589,0.262478,0.0,3974,1410041,1410041,1.0,1751,1751,1.0,119879,0,1,S10|M3_IMBALANCED|29|B|L2|F3,true,false,false,/home/cyfer/FYP/WSN_simulation_V3/runs/S10_5000/outputs_production_50seed_part26_30/run_campaign_v3_S10_M3_IMBALANCED_B_L2_F3_H1_seed029_29_20260603_100602
campaign_v3_S10_M3_IMBALANCED_B_L2_F3_H1_seed030,campaign_v3_S10_M3_IMBALANCED_B_L2_F3_H1_seed030_30_20260603_100933,S10,5000,200,6,M3_IMBALANCED,30,B,L2,F3,H1,V3,map_S10_M3_IMBALANCED_seed030,e4e75b0e016bbb6905fe27e68e217cc46fe3128df83ea0b0e820cc8fe47a09d1,271.616,483.28,195.159,378.219,25,1155,5.0293,0.0888,60.0,31.95,91.95,151.95,160.0,100.0,3.965,6.0,1.0,0.007,0.182,0.133,8709.65963,0.258068,0.0,3995,1409336,1409336,1.0,1751,1751,1.0,119804,0,1,S10|M3_IMBALANCED|30|B|L2|F3,true,false,false,/home/cyfer/FYP/WSN_simulation_V3/runs/S10_5000/outputs_production_50seed_part26_30/run_campaign_v3_S10_M3_IMBALANCED_B_L2_F3_H1_seed030_30_20260603_100933
campaign_v3_S10_M3_IMBALANCED_B_L2_F3_H3_seed026,campaign_v3_S10_M3_IMBALANCED_B_L2_F3_H3_seed026_26_20260603_095509,S10,5000,200,6,M3_IMBALANCED,26,B,L2,F3,H3,V3,map_S10_M3_IMBALANCED_seed026,cb6ca239f7d186ff6b7b04f6ddd2406c4214fa02cbc82fef44058d2675e960be,266.972,487.818,192.206,379.449,25,1503,6.0943,0.0866,60.0,37.459,97.459,157.459,160.0,100.0,3.672,6.0,1.0,0.003,0.103,0.119,8708.409489,0.258318,0.0,3991,1410276,1410276,1.0,1760,1760,1.0,119904,0,1,S10|M3_IMBALANCED|26|B|L2|F3,true,false,false,/home/cyfer/FYP/WSN_simulation_V3/runs/S10_5000/outputs_production_50seed_part26_30/run_campaign_v3_S10_M3_IMBALANCED_B_L2_F3_H3_seed026_26_20260603_095509
campaign_v3_S10_M3_IMBALANCED_B_L2_F3_H3_seed027,campaign_v3_S10_M3_IMBALANCED_B_L2_F3_H3_seed027_27_20260603_095851,S10,5000,200,6,M3_IMBALANCED,27,B,L2,F3,H3,V3,map_S10_M3_IMBALANCED_seed027,59752a276c5d47a0b647333aa8c94c1bd8a0e4e0608a65312be59ec315374ab1,273.226,471.499,195.662,399.379,25,1321,5.4793,0.0836,60.0,39.025,99.025,159.025,160.0,100.0,5.928,6.0,1.0,0.015,0.726,0.234,8668.277721,0.266344,0.0,3971,1406516,1406516,1.0,1724,1724,1.0,119504,0,1,S10|M3_IMBALANCED|27|B|L2|F3,true,false,false,/home/cyfer/FYP/WSN_simulation_V3/runs/S10_5000/outputs_production_50seed_part26_30/run_campaign_v3_S10_M3_IMBALANCED_B_L2_F3_H3_seed027_27_20260603_095851
campaign_v3_S10_M3_IMBALANCED_B_L2_F3_H3_seed028,campaign_v3_S10_M3_IMBALANCED_B_L2_F3_H3_seed028_28_20260603_100232,S10,5000,200,6,M3_IMBALANCED,28,B,L2,F3,H3,V3,map_S10_M3_IMBALANCED_seed028,63c1eebffb177e215388081c3becad096b0be1a6a64b4feeada62f1c7d050d3d,274.269,507.193,192.769,390.797,25,1779,6.9902,0.0842,60.0,37.457,97.457,157.457,160.0,100.0,4.096,6.0,1.0,0.003,0.139,0.223,8714.424324,0.257115,0.0,4004,1409806,1409806,1.0,1742,1742,1.0,119854,0,1,S10|M3_IMBALANCED|28|B|L2|F3,true,false,false,/home/cyfer/FYP/WSN_simulation_V3/runs/S10_5000/outputs_production_50seed_part26_30/run_campaign_v3_S10_M3_IMBALANCED_B_L2_F3_H3_seed028_28_20260603_100232
campaign_v3_S10_M3_IMBALANCED_B_L2_F3_H3_seed029,campaign_v3_S10_M3_IMBALANCED_B_L2_F3_H3_seed029_29_20260603_100604,S10,5000,200,6,M3_IMBALANCED,29,B,L2,F3,H3,V3,map_S10_M3_IMBALANCED_seed029,b7a0d156a25e2f09a8da611fce0867266104e8db4cf436458cc1fe98c0fee5c2,267.655,500.643,190.291,408.032,25,1679,6.461,0.0876,60.0,37.294,97.294,157.294,160.0,100.0,3.719,6.0,1.0,0.003,0.127,0.11,8687.620103,0.262476,0.0,3974,1410041,1410041,1.0,1751,1751,1.0,119879,0,1,S10|M3_IMBALANCED|29|B|L2|F3,true,false,false,/home/cyfer/FYP/WSN_simulation_V3/runs/S10_5000/outputs_production_50seed_part26_30/run_campaign_v3_S10_M3_IMBALANCED_B_L2_F3_H3_seed029_29_20260603_100604
campaign_v3_S10_M3_IMBALANCED_B_L2_F3_H3_seed030,campaign_v3_S10_M3_IMBALANCED_B_L2_F3_H3_seed030_30_20260603_100936,S10,5000,200,6,M3_IMBALANCED,30,B,L2,F3,H3,V3,map_S10_M3_IMBALANCED_seed030,e4e75b0e016bbb6905fe27e68e217cc46fe3128df83ea0b0e820cc8fe47a09d1,271.616,483.28,195.159,378.219,25,1155,5.0293,0.0888,60.0,36.965,96.965,156.965,160.0,100.0,3.965,6.0,1.0,0.007,0.182,0.133,8709.657927,0.258068,0.0,3995,1409336,1409336,1.0,1751,1751,1.0,119804,0,1,S10|M3_IMBALANCED|30|B|L2|F3,true,false,false,/home/cyfer/FYP/WSN_simulation_V3/runs/S10_5000/outputs_production_50seed_part26_30/run_campaign_v3_S10_M3_IMBALANCED_B_L2_F3_H3_seed030_30_20260603_100936
campaign_v3_S10_M3_IMBALANCED_B_L2_F3_H4_seed026,campaign_v3_S10_M3_IMBALANCED_B_L2_F3_H4_seed026_26_20260603_095511,S10,5000,200,6,M3_IMBALANCED,26,B,L2,F3,H4,V3,map_S10_M3_IMBALANCED_seed026,cb6ca239f7d186ff6b7b04f6ddd2406c4214fa02cbc82fef44058d2675e960be,266.972,487.818,192.206,379.449,25,1503,6.0943,0.0866,60.0,40.91,100.91,160.91,170.0,110.0,3.672,6.0,1.0,0.003,0.103,0.119,8708.424859,0.258315,0.0,3991,1410276,1410276,1.0,1760,1760,1.0,119904,0,1,S10|M3_IMBALANCED|26|B|L2|F3,true,false,false,/home/cyfer/FYP/WSN_simulation_V3/runs/S10_5000/outputs_production_50seed_part26_30/run_campaign_v3_S10_M3_IMBALANCED_B_L2_F3_H4_seed026_26_20260603_095511
campaign_v3_S10_M3_IMBALANCED_B_L2_F3_H4_seed027,campaign_v3_S10_M3_IMBALANCED_B_L2_F3_H4_seed027_27_20260603_095853,S10,5000,200,6,M3_IMBALANCED,27,B,L2,F3,H4,V3,map_S10_M3_IMBALANCED_seed027,59752a276c5d47a0b647333aa8c94c1bd8a0e4e0608a65312be59ec315374ab1,273.226,471.499,195.662,399.379,25,1321,5.4793,0.0836,60.0,43.118,103.118,163.118,170.0,110.0,5.928,6.0,1.0,0.015,0.726,0.234,8668.319436,0.266336,0.0,3971,1406516,1406516,1.0,1724,1724,1.0,119504,0,1,S10|M3_IMBALANCED|27|B|L2|F3,true,false,false,/home/cyfer/FYP/WSN_simulation_V3/runs/S10_5000/outputs_production_50seed_part26_30/run_campaign_v3_S10_M3_IMBALANCED_B_L2_F3_H4_seed027_27_20260603_095853
campaign_v3_S10_M3_IMBALANCED_B_L2_F3_H4_seed028,campaign_v3_S10_M3_IMBALANCED_B_L2_F3_H4_seed028_28_20260603_100235,S10,5000,200,6,M3_IMBALANCED,28,B,L2,F3,H4,V3,map_S10_M3_IMBALANCED_seed028,63c1eebffb177e215388081c3becad096b0be1a6a64b4feeada62f1c7d050d3d,274.269,507.193,192.769,390.797,25,1779,6.9902,0.0842,60.0,41.34,101.34,161.34,170.0,110.0,4.096,6.0,1.0,0.003,0.139,0.223,8714.419564,0.257116,0.0,4004,1409806,1409806,1.0,1742,1742,1.0,119854,0,1,S10|M3_IMBALANCED|28|B|L2|F3,true,false,false,/home/cyfer/FYP/WSN_simulation_V3/runs/S10_5000/outputs_production_50seed_part26_30/run_campaign_v3_S10_M3_IMBALANCED_B_L2_F3_H4_seed028_28_20260603_100235
campaign_v3_S10_M3_IMBALANCED_B_L2_F3_H4_seed029,campaign_v3_S10_M3_IMBALANCED_B_L2_F3_H4_seed029_29_20260603_100607,S10,5000,200,6,M3_IMBALANCED,29,B,L2,F3,H4,V3,map_S10_M3_IMBALANCED_seed029,b7a0d156a25e2f09a8da611fce0867266104e8db4cf436458cc1fe98c0fee5c2,267.655,500.643,190.291,408.032,25,1679,6.461,0.0876,60.0,40.724,100.724,160.724,170.0,110.0,3.719,6.0,1.0,0.003,0.127,0.11,8687.608589,0.262478,0.0,3974,1410041,1410041,1.0,1751,1751,1.0,119879,0,1,S10|M3_IMBALANCED|29|B|L2|F3,true,false,false,/home/cyfer/FYP/WSN_simulation_V3/runs/S10_5000/outputs_production_50seed_part26_30/run_campaign_v3_S10_M3_IMBALANCED_B_L2_F3_H4_seed029_29_20260603_100607
campaign_v3_S10_M3_IMBALANCED_B_L2_F3_H4_seed030,campaign_v3_S10_M3_IMBALANCED_B_L2_F3_H4_seed030_30_20260603_100938,S10,5000,200,6,M3_IMBALANCED,30,B,L2,F3,H4,V3,map_S10_M3_IMBALANCED_seed030,e4e75b0e016bbb6905fe27e68e217cc46fe3128df83ea0b0e820cc8fe47a09d1,271.616,483.28,195.159,378.219,25,1155,5.0293,0.0888,60.0,41.24,101.24,161.24,170.0,110.0,3.965,6.0,1.0,0.007,0.182,0.133,8709.65963,0.258068,0.0,3995,1409336,1409336,1.0,1751,1751,1.0,119804,0,1,S10|M3_IMBALANCED|30|B|L2|F3,true,false,false,/home/cyfer/FYP/WSN_simulation_V3/runs/S10_5000/outputs_production_50seed_part26_30/run_campaign_v3_S10_M3_IMBALANCED_B_L2_F3_H4_seed030_30_20260603_100938
campaign_v3_S10_M3_IMBALANCED_B_L2_F4_H0_seed026,campaign_v3_S10_M3_IMBALANCED_B_L2_F4_H0_seed026_26_20260603_095439,S10,5000,200,6,M3_IMBALANCED,26,B,L2,F4,H0,V2,map_S10_M3_IMBALANCED_seed026,cb6ca239f7d186ff6b7b04f6ddd2406c4214fa02cbc82fef44058d2675e960be,266.972,487.818,192.206,379.449,25,1503,6.0943,0.0866,60.0,-1.0,-1.0,-1.0,-1.0,-1.0,0.0,0.0,0.0,0.0,0.0,0.0,8706.884048,0.258623,0.0,3990,1409555,1409555,1.0,1756,1756,1.0,120035,1,0,S10|M3_IMBALANCED|26|B|L2|F4,false,false,true,/home/cyfer/FYP/WSN_simulation_V3/runs/S10_5000/outputs_production_50seed_part26_30/run_campaign_v3_S10_M3_IMBALANCED_B_L2_F4_H0_seed026_26_20260603_095439
campaign_v3_S10_M3_IMBALANCED_B_L2_F4_H0_seed027,campaign_v3_S10_M3_IMBALANCED_B_L2_F4_H0_seed027_27_20260603_095821,S10,5000,200,6,M3_IMBALANCED,27,B,L2,F4,H0,V2,map_S10_M3_IMBALANCED_seed027,59752a276c5d47a0b647333aa8c94c1bd8a0e4e0608a65312be59ec315374ab1,273.226,471.499,195.662,399.379,25,1321,5.4793,0.0836,60.0,-1.0,-1.0,-1.0,-1.0,-1.0,0.0,0.0,0.0,0.0,0.0,0.0,8676.220105,0.264756,0.0,3976,1409555,1409555,1.0,1720,1720,1.0,120035,1,0,S10|M3_IMBALANCED|27|B|L2|F4,false,false,true,/home/cyfer/FYP/WSN_simulation_V3/runs/S10_5000/outputs_production_50seed_part26_30/run_campaign_v3_S10_M3_IMBALANCED_B_L2_F4_H0_seed027_27_20260603_095821
campaign_v3_S10_M3_IMBALANCED_B_L2_F4_H0_seed028,campaign_v3_S10_M3_IMBALANCED_B_L2_F4_H0_seed028_28_20260603_100203,S10,5000,200,6,M3_IMBALANCED,28,B,L2,F4,H0,V2,map_S10_M3_IMBALANCED_seed028,63c1eebffb177e215388081c3becad096b0be1a6a64b4feeada62f1c7d050d3d,274.269,507.193,192.769,390.797,25,1779,6.9902,0.0842,60.0,-1.0,-1.0,-1.0,-1.0,-1.0,0.0,0.0,0.0,0.0,0.0,0.0,8717.922578,0.256415,0.0,4004,1410965,1410965,1.0,1738,1738,1.0,120005,1,0,S10|M3_IMBALANCED|28|B|L2|F4,false,false,true,/home/cyfer/FYP/WSN_simulation_V3/runs/S10_5000/outputs_production_50seed_part26_30/run_campaign_v3_S10_M3_IMBALANCED_B_L2_F4_H0_seed028_28_20260603_100203
campaign_v3_S10_M3_IMBALANCED_B_L2_F4_H0_seed029,campaign_v3_S10_M3_IMBALANCED_B_L2_F4_H0_seed029_29_20260603_100535,S10,5000,200,6,M3_IMBALANCED,29,B,L2,F4,H0,V2,map_S10_M3_IMBALANCED_seed029,b7a0d156a25e2f09a8da611fce0867266104e8db4cf436458cc1fe98c0fee5c2,267.655,500.643,190.291,408.032,25,1679,6.461,0.0876,60.0,-1.0,-1.0,-1.0,-1.0,-1.0,0.0,0.0,0.0,0.0,0.0,0.0,8685.687476,0.262863,0.0,3973,1409320,1409320,1.0,1747,1747,1.0,120040,1,0,S10|M3_IMBALANCED|29|B|L2|F4,false,false,true,/home/cyfer/FYP/WSN_simulation_V3/runs/S10_5000/outputs_production_50seed_part26_30/run_campaign_v3_S10_M3_IMBALANCED_B_L2_F4_H0_seed029_29_20260603_100535
campaign_v3_S10_M3_IMBALANCED_B_L2_F4_H0_seed030,campaign_v3_S10_M3_IMBALANCED_B_L2_F4_H0_seed030_30_20260603_100906,S10,5000,200,6,M3_IMBALANCED,30,B,L2,F4,H0,V2,map_S10_M3_IMBALANCED_seed030,e4e75b0e016bbb6905fe27e68e217cc46fe3128df83ea0b0e820cc8fe47a09d1,271.616,483.28,195.159,378.219,25,1155,5.0293,0.0888,60.0,-1.0,-1.0,-1.0,-1.0,-1.0,0.0,0.0,0.0,0.0,0.0,0.0,8712.530963,0.257494,0.0,3996,1410260,1410260,1.0,1747,1747,1.0,120020,1,0,S10|M3_IMBALANCED|30|B|L2|F4,false,false,true,/home/cyfer/FYP/WSN_simulation_V3/runs/S10_5000/outputs_production_50seed_part26_30/run_campaign_v3_S10_M3_IMBALANCED_B_L2_F4_H0_seed030_30_20260603_100906
campaign_v3_S10_M3_IMBALANCED_B_L2_F4_H1_seed026,campaign_v3_S10_M3_IMBALANCED_B_L2_F4_H1_seed026_26_20260603_095514,S10,5000,200,6,M3_IMBALANCED,26,B,L2,F4,H1,V3,map_S10_M3_IMBALANCED_seed026,cb6ca239f7d186ff6b7b04f6ddd2406c4214fa02cbc82fef44058d2675e960be,266.972,487.818,192.206,379.449,25,1503,6.0943,0.0866,60.0,37.649,97.649,157.649,160.0,100.0,3.958,6.0,1.0,0.005,0.159,0.155,8707.426977,0.258515,0.0,3990,1409725,1409725,1.0,1760,1760,1.0,119829,0,1,S10|M3_IMBALANCED|26|B|L2|F4,true,false,false,/home/cyfer/FYP/WSN_simulation_V3/runs/S10_5000/outputs_production_50seed_part26_30/run_campaign_v3_S10_M3_IMBALANCED_B_L2_F4_H1_seed026_26_20260603_095514
campaign_v3_S10_M3_IMBALANCED_B_L2_F4_H1_seed027,campaign_v3_S10_M3_IMBALANCED_B_L2_F4_H1_seed027_27_20260603_095856,S10,5000,200,6,M3_IMBALANCED,27,B,L2,F4,H1,V3,map_S10_M3_IMBALANCED_seed027,59752a276c5d47a0b647333aa8c94c1bd8a0e4e0608a65312be59ec315374ab1,273.226,471.499,195.662,399.379,25,1321,5.4793,0.0836,60.0,36.759,96.759,156.759,160.0,100.0,3.668,6.0,1.0,0.005,0.165,0.053,8676.964932,0.264607,0.0,3976,1409732,1409732,1.0,1724,1724,1.0,119829,0,1,S10|M3_IMBALANCED|27|B|L2|F4,true,false,false,/home/cyfer/FYP/WSN_simulation_V3/runs/S10_5000/outputs_production_50seed_part26_30/run_campaign_v3_S10_M3_IMBALANCED_B_L2_F4_H1_seed027_27_20260603_095856
campaign_v3_S10_M3_IMBALANCED_B_L2_F4_H1_seed028,campaign_v3_S10_M3_IMBALANCED_B_L2_F4_H1_seed028_28_20260603_100238,S10,5000,200,6,M3_IMBALANCED,28,B,L2,F4,H1,V3,map_S10_M3_IMBALANCED_seed028,63c1eebffb177e215388081c3becad096b0be1a6a64b4feeada62f1c7d050d3d,274.269,507.193,192.769,390.797,25,1779,6.9902,0.0842,60.0,37.58,97.58,157.58,160.0,100.0,3.604,6.0,1.0,0.001,0.026,0.175,8718.042311,0.256392,0.0,4004,1411003,1411003,1.0,1742,1742,1.0,119979,0,1,S10|M3_IMBALANCED|28|B|L2|F4,true,false,false,/home/cyfer/FYP/WSN_simulation_V3/runs/S10_5000/outputs_production_50seed_part26_30/run_campaign_v3_S10_M3_IMBALANCED_B_L2_F4_H1_seed028_28_20260603_100238
campaign_v3_S10_M3_IMBALANCED_B_L2_F4_H1_seed029,campaign_v3_S10_M3_IMBALANCED_B_L2_F4_H1_seed029_29_20260603_100609,S10,5000,200,6,M3_IMBALANCED,29,B,L2,F4,H1,V3,map_S10_M3_IMBALANCED_seed029,b7a0d156a25e2f09a8da611fce0867266104e8db4cf436458cc1fe98c0fee5c2,267.655,500.643,190.291,408.032,25,1679,6.461,0.0876,60.0,37.723,97.723,157.723,160.0,100.0,4.046,6.0,1.0,0.005,0.191,0.153,8686.398107,0.26272,0.0,3973,1409512,1409512,1.0,1751,1751,1.0,119804,0,1,S10|M3_IMBALANCED|29|B|L2|F4,true,false,false,/home/cyfer/FYP/WSN_simulation_V3/runs/S10_5000/outputs_production_50seed_part26_30/run_campaign_v3_S10_M3_IMBALANCED_B_L2_F4_H1_seed029_29_20260603_100609
campaign_v3_S10_M3_IMBALANCED_B_L2_F4_H1_seed030,campaign_v3_S10_M3_IMBALANCED_B_L2_F4_H1_seed030_30_20260603_100941,S10,5000,200,6,M3_IMBALANCED,30,B,L2,F4,H1,V3,map_S10_M3_IMBALANCED_seed030,e4e75b0e016bbb6905fe27e68e217cc46fe3128df83ea0b0e820cc8fe47a09d1,271.616,483.28,195.159,378.219,25,1155,5.0293,0.0888,60.0,36.551,96.551,156.551,160.0,100.0,3.538,6.0,1.0,0.003,0.089,0.087,8712.856652,0.257429,0.0,3996,1410368,1410368,1.0,1751,1751,1.0,119904,0,1,S10|M3_IMBALANCED|30|B|L2|F4,true,false,false,/home/cyfer/FYP/WSN_simulation_V3/runs/S10_5000/outputs_production_50seed_part26_30/run_campaign_v3_S10_M3_IMBALANCED_B_L2_F4_H1_seed030_30_20260603_100941
campaign_v3_S10_M3_IMBALANCED_B_L2_F4_H3_seed026,campaign_v3_S10_M3_IMBALANCED_B_L2_F4_H3_seed026_26_20260603_095516,S10,5000,200,6,M3_IMBALANCED,26,B,L2,F4,H3,V3,map_S10_M3_IMBALANCED_seed026,cb6ca239f7d186ff6b7b04f6ddd2406c4214fa02cbc82fef44058d2675e960be,266.972,487.818,192.206,379.449,25,1503,6.0943,0.0866,60.0,43.897,103.897,163.897,170.0,110.0,3.958,6.0,1.0,0.005,0.159,0.155,8707.183523,0.258563,0.0,3990,1409635,1409635,1.0,1760,1760,1.0,119829,0,1,S10|M3_IMBALANCED|26|B|L2|F4,true,false,false,/home/cyfer/FYP/WSN_simulation_V3/runs/S10_5000/outputs_production_50seed_part26_30/run_campaign_v3_S10_M3_IMBALANCED_B_L2_F4_H3_seed026_26_20260603_095516
campaign_v3_S10_M3_IMBALANCED_B_L2_F4_H3_seed027,campaign_v3_S10_M3_IMBALANCED_B_L2_F4_H3_seed027_27_20260603_095859,S10,5000,200,6,M3_IMBALANCED,27,B,L2,F4,H3,V3,map_S10_M3_IMBALANCED_seed027,59752a276c5d47a0b647333aa8c94c1bd8a0e4e0608a65312be59ec315374ab1,273.226,471.499,195.662,399.379,25,1321,5.4793,0.0836,60.0,43.555,103.555,163.555,170.0,110.0,3.668,6.0,1.0,0.005,0.165,0.053,8676.61023,0.264678,0.0,3976,1409635,1409635,1.0,1724,1724,1.0,119829,0,1,S10|M3_IMBALANCED|27|B|L2|F4,true,false,false,/home/cyfer/FYP/WSN_simulation_V3/runs/S10_5000/outputs_production_50seed_part26_30/run_campaign_v3_S10_M3_IMBALANCED_B_L2_F4_H3_seed027_27_20260603_095859
campaign_v3_S10_M3_IMBALANCED_B_L2_F4_H3_seed028,campaign_v3_S10_M3_IMBALANCED_B_L2_F4_H3_seed028_28_20260603_100240,S10,5000,200,6,M3_IMBALANCED,28,B,L2,F4,H3,V3,map_S10_M3_IMBALANCED_seed028,63c1eebffb177e215388081c3becad096b0be1a6a64b4feeada62f1c7d050d3d,274.269,507.193,192.769,390.797,25,1779,6.9902,0.0842,60.0,42.938,102.938,162.938,170.0,110.0,3.604,6.0,1.0,0.001,0.026,0.175,8718.032411,0.256394,0.0,4004,1410998,1410998,1.0,1742,1742,1.0,119979,0,1,S10|M3_IMBALANCED|28|B|L2|F4,true,false,false,/home/cyfer/FYP/WSN_simulation_V3/runs/S10_5000/outputs_production_50seed_part26_30/run_campaign_v3_S10_M3_IMBALANCED_B_L2_F4_H3_seed028_28_20260603_100240
campaign_v3_S10_M3_IMBALANCED_B_L2_F4_H3_seed029,campaign_v3_S10_M3_IMBALANCED_B_L2_F4_H3_seed029_29_20260603_100612,S10,5000,200,6,M3_IMBALANCED,29,B,L2,F4,H3,V3,map_S10_M3_IMBALANCED_seed029,b7a0d156a25e2f09a8da611fce0867266104e8db4cf436458cc1fe98c0fee5c2,267.655,500.643,190.291,408.032,25,1679,6.461,0.0876,60.0,43.148,103.148,163.148,170.0,110.0,4.046,6.0,1.0,0.005,0.191,0.153,8686.008159,0.262798,0.0,3973,1409400,1409400,1.0,1751,1751,1.0,119804,0,1,S10|M3_IMBALANCED|29|B|L2|F4,true,false,false,/home/cyfer/FYP/WSN_simulation_V3/runs/S10_5000/outputs_production_50seed_part26_30/run_campaign_v3_S10_M3_IMBALANCED_B_L2_F4_H3_seed029_29_20260603_100612
campaign_v3_S10_M3_IMBALANCED_B_L2_F4_H3_seed030,campaign_v3_S10_M3_IMBALANCED_B_L2_F4_H3_seed030_30_20260603_100944,S10,5000,200,6,M3_IMBALANCED,30,B,L2,F4,H3,V3,map_S10_M3_IMBALANCED_seed030,e4e75b0e016bbb6905fe27e68e217cc46fe3128df83ea0b0e820cc8fe47a09d1,271.616,483.28,195.159,378.219,25,1155,5.0293,0.0888,60.0,42.617,102.617,162.617,170.0,110.0,3.538,6.0,1.0,0.003,0.089,0.087,8712.707606,0.257458,0.0,3996,1410310,1410310,1.0,1751,1751,1.0,119904,0,1,S10|M3_IMBALANCED|30|B|L2|F4,true,false,false,/home/cyfer/FYP/WSN_simulation_V3/runs/S10_5000/outputs_production_50seed_part26_30/run_campaign_v3_S10_M3_IMBALANCED_B_L2_F4_H3_seed030_30_20260603_100944
campaign_v3_S10_M3_IMBALANCED_B_L2_F4_H4_seed026,campaign_v3_S10_M3_IMBALANCED_B_L2_F4_H4_seed026_26_20260603_095519,S10,5000,200,6,M3_IMBALANCED,26,B,L2,F4,H4,V3,map_S10_M3_IMBALANCED_seed026,cb6ca239f7d186ff6b7b04f6ddd2406c4214fa02cbc82fef44058d2675e960be,266.972,487.818,192.206,379.449,25,1503,6.0943,0.0866,60.0,47.737,107.737,167.737,170.0,110.0,3.958,6.0,1.0,0.005,0.159,0.155,8706.201827,0.25876,0.0,3990,1409290,1409290,1.0,1760,1760,1.0,119758,0,1,S10|M3_IMBALANCED|26|B|L2|F4,true,false,false,/home/cyfer/FYP/WSN_simulation_V3/runs/S10_5000/outputs_production_50seed_part26_30/run_campaign_v3_S10_M3_IMBALANCED_B_L2_F4_H4_seed026_26_20260603_095519
campaign_v3_S10_M3_IMBALANCED_B_L2_F4_H4_seed027,campaign_v3_S10_M3_IMBALANCED_B_L2_F4_H4_seed027_27_20260603_095901,S10,5000,200,6,M3_IMBALANCED,27,B,L2,F4,H4,V3,map_S10_M3_IMBALANCED_seed027,59752a276c5d47a0b647333aa8c94c1bd8a0e4e0608a65312be59ec315374ab1,273.226,471.499,195.662,399.379,25,1321,5.4793,0.0836,60.0,46.897,106.897,166.897,170.0,110.0,3.668,6.0,1.0,0.005,0.165,0.053,8674.724671,0.265055,0.0,3976,1409038,1409038,1.0,1724,1724,1.0,119708,0,1,S10|M3_IMBALANCED|27|B|L2|F4,true,false,false,/home/cyfer/FYP/WSN_simulation_V3/runs/S10_5000/outputs_production_50seed_part26_30/run_campaign_v3_S10_M3_IMBALANCED_B_L2_F4_H4_seed027_27_20260603_095901
campaign_v3_S10_M3_IMBALANCED_B_L2_F4_H4_seed028,campaign_v3_S10_M3_IMBALANCED_B_L2_F4_H4_seed028_28_20260603_100243,S10,5000,200,6,M3_IMBALANCED,28,B,L2,F4,H4,V3,map_S10_M3_IMBALANCED_seed028,63c1eebffb177e215388081c3becad096b0be1a6a64b4feeada62f1c7d050d3d,274.269,507.193,192.769,390.797,25,1779,6.9902,0.0842,60.0,46.925,106.925,166.925,170.0,110.0,3.604,6.0,1.0,0.001,0.026,0.175,8716.802388,0.25664,0.0,4004,1410626,1410626,1.0,1742,1742,1.0,119908,0,1,S10|M3_IMBALANCED|28|B|L2|F4,true,false,false,/home/cyfer/FYP/WSN_simulation_V3/runs/S10_5000/outputs_production_50seed_part26_30/run_campaign_v3_S10_M3_IMBALANCED_B_L2_F4_H4_seed028_28_20260603_100243
campaign_v3_S10_M3_IMBALANCED_B_L2_F4_H4_seed029,campaign_v3_S10_M3_IMBALANCED_B_L2_F4_H4_seed029_29_20260603_100615,S10,5000,200,6,M3_IMBALANCED,29,B,L2,F4,H4,V3,map_S10_M3_IMBALANCED_seed029,b7a0d156a25e2f09a8da611fce0867266104e8db4cf436458cc1fe98c0fee5c2,267.655,500.643,190.291,408.032,25,1679,6.461,0.0876,60.0,47.943,107.943,167.943,170.0,110.0,4.046,6.0,1.0,0.005,0.191,0.153,8682.6381,0.263472,0.0,3972,1408178,1408178,1.0,1751,1751,1.0,119558,0,1,S10|M3_IMBALANCED|29|B|L2|F4,true,false,false,/home/cyfer/FYP/WSN_simulation_V3/runs/S10_5000/outputs_production_50seed_part26_30/run_campaign_v3_S10_M3_IMBALANCED_B_L2_F4_H4_seed029_29_20260603_100615
campaign_v3_S10_M3_IMBALANCED_B_L2_F4_H4_seed030,campaign_v3_S10_M3_IMBALANCED_B_L2_F4_H4_seed030_30_20260603_100947,S10,5000,200,6,M3_IMBALANCED,30,B,L2,F4,H4,V3,map_S10_M3_IMBALANCED_seed030,e4e75b0e016bbb6905fe27e68e217cc46fe3128df83ea0b0e820cc8fe47a09d1,271.616,483.28,195.159,378.219,25,1155,5.0293,0.0888,60.0,47.143,107.143,167.143,170.0,110.0,3.538,6.0,1.0,0.003,0.089,0.087,8712.742589,0.257451,0.0,3996,1410324,1410324,1.0,1751,1751,1.0,119904,0,1,S10|M3_IMBALANCED|30|B|L2|F4,true,false,false,/home/cyfer/FYP/WSN_simulation_V3/runs/S10_5000/outputs_production_50seed_part26_30/run_campaign_v3_S10_M3_IMBALANCED_B_L2_F4_H4_seed030_30_20260603_100947
