run_id,external_run_id,scale,node_count,cluster_count,bs_count,map_profile,seed,architecture,load,failure_family,healing_id,variant,map_id,map_signature,mean_node_to_ch_distance,max_node_to_ch_distance,mean_ch_to_bs_distance,max_ch_to_bs_distance,cluster_size_mean,cluster_size_max,cluster_size_cv,long_link_ratio,failure_time_s,recovery_applied_delay_s,recovery_applied_s,recovery_event_time_s,first_recovered_aggregate_s,traffic_recovery_delay_s,recovery_stress_score,recovery_map_profile_penalty_s,recovery_queue_norm,recovery_cluster_norm,recovery_energy_norm,recovery_distance_norm,consumed_j,avg_res_j,min_res_j,low_nodes,raw_tx,raw_rx,raw_delivery_ratio,agg_tx,agg_rx,agg_delivery_ratio,pending_raw_total,failed_chs,recovered_clusters,candidate_group_key,is_healing_case,is_baseline,is_failure_no_healing,source_output_dir
campaign_v3_S10_M1_BALANCED_A_L1_F0_H0_seed021,campaign_v3_S10_M1_BALANCED_A_L1_F0_H0_seed021_21_20260603_085500,S10,5000,200,6,M1_BALANCED,21,A,L1,F0,H0,V1,map_S10_M1_BALANCED_seed021,8ca34c01c62cf1db43d62e6d1ff019e5c7673658f2ce4922733e6f1bf9b00ff1,31.924,63.1,194.101,409.835,25,46,0.2988,0.1228,0.0,-1.0,-1.0,-1.0,-1.0,-1.0,0.0,0.0,0.0,0.0,0.0,0.0,2565.107296,1.486979,0.0,200,1411200,1411200,1.0,1800,1800,1.0,120000,0,0,S10|M1_BALANCED|21|A|L1|F0,false,true,false,/home/cyfer/FYP/WSN_simulation_V3/runs/S10_5000/outputs_production_50seed_part21_25/run_campaign_v3_S10_M1_BALANCED_A_L1_F0_H0_seed021_21_20260603_085500
campaign_v3_S10_M1_BALANCED_A_L1_F0_H0_seed022,campaign_v3_S10_M1_BALANCED_A_L1_F0_H0_seed022_22_20260603_085638,S10,5000,200,6,M1_BALANCED,22,A,L1,F0,H0,V1,map_S10_M1_BALANCED_seed022,fa43fc7c2836f4cd3ee5406187de328c20cc9399e2067908cb315e3b900817a9,32.701,67.398,193.618,392.644,25,50,0.3535,0.1352,0.0,-1.0,-1.0,-1.0,-1.0,-1.0,0.0,0.0,0.0,0.0,0.0,0.0,2597.597652,1.48048,0.0,198,1411200,1411200,1.0,1800,1800,1.0,120000,0,0,S10|M1_BALANCED|22|A|L1|F0,false,true,false,/home/cyfer/FYP/WSN_simulation_V3/runs/S10_5000/outputs_production_50seed_part21_25/run_campaign_v3_S10_M1_BALANCED_A_L1_F0_H0_seed022_22_20260603_085638
campaign_v3_S10_M1_BALANCED_A_L1_F0_H0_seed023,campaign_v3_S10_M1_BALANCED_A_L1_F0_H0_seed023_23_20260603_085816,S10,5000,200,6,M1_BALANCED,23,A,L1,F0,H0,V1,map_S10_M1_BALANCED_seed023,b6c6bfbf7ecce212df52c3b9437c02a18e0d511955aeaa74ed610b73475af4f6,32.14,61.948,196.058,409.602,25,51,0.313,0.1326,0.0,-1.0,-1.0,-1.0,-1.0,-1.0,0.0,0.0,0.0,0.0,0.0,0.0,2573.743085,1.485251,0.0,199,1411200,1411200,1.0,1800,1800,1.0,120000,0,0,S10|M1_BALANCED|23|A|L1|F0,false,true,false,/home/cyfer/FYP/WSN_simulation_V3/runs/S10_5000/outputs_production_50seed_part21_25/run_campaign_v3_S10_M1_BALANCED_A_L1_F0_H0_seed023_23_20260603_085816
campaign_v3_S10_M1_BALANCED_A_L1_F0_H0_seed024,campaign_v3_S10_M1_BALANCED_A_L1_F0_H0_seed024_24_20260603_085952,S10,5000,200,6,M1_BALANCED,24,A,L1,F0,H0,V1,map_S10_M1_BALANCED_seed024,55d8920684214824a8222edcd4001cb6e2f327d339b5a2d729ae341c2c3bf85b,31.727,63.824,195.486,402.883,25,52,0.3064,0.1248,0.0,-1.0,-1.0,-1.0,-1.0,-1.0,0.0,0.0,0.0,0.0,0.0,0.0,2555.510341,1.488898,0.0,198,1411200,1411200,1.0,1800,1800,1.0,120000,0,0,S10|M1_BALANCED|24|A|L1|F0,false,true,false,/home/cyfer/FYP/WSN_simulation_V3/runs/S10_5000/outputs_production_50seed_part21_25/run_campaign_v3_S10_M1_BALANCED_A_L1_F0_H0_seed024_24_20260603_085952
campaign_v3_S10_M1_BALANCED_A_L1_F0_H0_seed025,campaign_v3_S10_M1_BALANCED_A_L1_F0_H0_seed025_25_20260603_090128,S10,5000,200,6,M1_BALANCED,25,A,L1,F0,H0,V1,map_S10_M1_BALANCED_seed025,a6070a82141efbfff571ed9fc68080ae838bf177280ca83a1cafe20936931325,32.165,63.676,197.099,391.974,25,47,0.3114,0.1258,0.0,-1.0,-1.0,-1.0,-1.0,-1.0,0.0,0.0,0.0,0.0,0.0,0.0,2574.919915,1.485016,0.0,199,1411200,1411200,1.0,1800,1800,1.0,120000,0,0,S10|M1_BALANCED|25|A|L1|F0,false,true,false,/home/cyfer/FYP/WSN_simulation_V3/runs/S10_5000/outputs_production_50seed_part21_25/run_campaign_v3_S10_M1_BALANCED_A_L1_F0_H0_seed025_25_20260603_090128
campaign_v3_S10_M1_BALANCED_A_L1_F1_H0_seed021,campaign_v3_S10_M1_BALANCED_A_L1_F1_H0_seed021_21_20260603_085500,S10,5000,200,6,M1_BALANCED,21,A,L1,F1,H0,V2,map_S10_M1_BALANCED_seed021,8ca34c01c62cf1db43d62e6d1ff019e5c7673658f2ce4922733e6f1bf9b00ff1,31.924,63.1,194.101,409.835,25,46,0.2988,0.1228,60.0,-1.0,-1.0,-1.0,-1.0,-1.0,0.0,0.0,0.0,0.0,0.0,0.0,2554.594415,1.488936,0.0,200,1404855,1404855,1.0,1792,1792,1.0,120135,1,0,S10|M1_BALANCED|21|A|L1|F1,false,false,true,/home/cyfer/FYP/WSN_simulation_V3/runs/S10_5000/outputs_production_50seed_part21_25/run_campaign_v3_S10_M1_BALANCED_A_L1_F1_H0_seed021_21_20260603_085500
campaign_v3_S10_M1_BALANCED_A_L1_F1_H0_seed022,campaign_v3_S10_M1_BALANCED_A_L1_F1_H0_seed022_22_20260603_085639,S10,5000,200,6,M1_BALANCED,22,A,L1,F1,H0,V2,map_S10_M1_BALANCED_seed022,fa43fc7c2836f4cd3ee5406187de328c20cc9399e2067908cb315e3b900817a9,32.701,67.398,193.618,392.644,25,50,0.3535,0.1352,60.0,-1.0,-1.0,-1.0,-1.0,-1.0,0.0,0.0,0.0,0.0,0.0,0.0,2588.348039,1.482153,0.0,198,1405560,1405560,1.0,1792,1792,1.0,120120,1,0,S10|M1_BALANCED|22|A|L1|F1,false,false,true,/home/cyfer/FYP/WSN_simulation_V3/runs/S10_5000/outputs_production_50seed_part21_25/run_campaign_v3_S10_M1_BALANCED_A_L1_F1_H0_seed022_22_20260603_085639
campaign_v3_S10_M1_BALANCED_A_L1_F1_H0_seed023,campaign_v3_S10_M1_BALANCED_A_L1_F1_H0_seed023_23_20260603_085817,S10,5000,200,6,M1_BALANCED,23,A,L1,F1,H0,V2,map_S10_M1_BALANCED_seed023,b6c6bfbf7ecce212df52c3b9437c02a18e0d511955aeaa74ed610b73475af4f6,32.14,61.948,196.058,409.602,25,51,0.313,0.1326,60.0,-1.0,-1.0,-1.0,-1.0,-1.0,0.0,0.0,0.0,0.0,0.0,0.0,2559.812485,1.487988,0.0,199,1402505,1402505,1.0,1792,1792,1.0,120185,1,0,S10|M1_BALANCED|23|A|L1|F1,false,false,true,/home/cyfer/FYP/WSN_simulation_V3/runs/S10_5000/outputs_production_50seed_part21_25/run_campaign_v3_S10_M1_BALANCED_A_L1_F1_H0_seed023_23_20260603_085817
campaign_v3_S10_M1_BALANCED_A_L1_F1_H0_seed024,campaign_v3_S10_M1_BALANCED_A_L1_F1_H0_seed024_24_20260603_085953,S10,5000,200,6,M1_BALANCED,24,A,L1,F1,H0,V2,map_S10_M1_BALANCED_seed024,55d8920684214824a8222edcd4001cb6e2f327d339b5a2d729ae341c2c3bf85b,31.727,63.824,195.486,402.883,25,52,0.3064,0.1248,60.0,-1.0,-1.0,-1.0,-1.0,-1.0,0.0,0.0,0.0,0.0,0.0,0.0,2544.487828,1.490968,0.0,198,1404620,1404620,1.0,1792,1792,1.0,120140,1,0,S10|M1_BALANCED|24|A|L1|F1,false,false,true,/home/cyfer/FYP/WSN_simulation_V3/runs/S10_5000/outputs_production_50seed_part21_25/run_campaign_v3_S10_M1_BALANCED_A_L1_F1_H0_seed024_24_20260603_085953
campaign_v3_S10_M1_BALANCED_A_L1_F1_H0_seed025,campaign_v3_S10_M1_BALANCED_A_L1_F1_H0_seed025_25_20260603_090129,S10,5000,200,6,M1_BALANCED,25,A,L1,F1,H0,V2,map_S10_M1_BALANCED_seed025,a6070a82141efbfff571ed9fc68080ae838bf177280ca83a1cafe20936931325,32.165,63.676,197.099,391.974,25,47,0.3114,0.1258,60.0,-1.0,-1.0,-1.0,-1.0,-1.0,0.0,0.0,0.0,0.0,0.0,0.0,2568.470916,1.486033,0.0,199,1408145,1408145,1.0,1792,1792,1.0,120065,1,0,S10|M1_BALANCED|25|A|L1|F1,false,false,true,/home/cyfer/FYP/WSN_simulation_V3/runs/S10_5000/outputs_production_50seed_part21_25/run_campaign_v3_S10_M1_BALANCED_A_L1_F1_H0_seed025_25_20260603_090129
campaign_v3_S10_M1_BALANCED_A_L1_F1_H1_seed021,campaign_v3_S10_M1_BALANCED_A_L1_F1_H1_seed021_21_20260603_085506,S10,5000,200,6,M1_BALANCED,21,A,L1,F1,H1,V3,map_S10_M1_BALANCED_seed021,8ca34c01c62cf1db43d62e6d1ff019e5c7673658f2ce4922733e6f1bf9b00ff1,31.924,63.1,194.101,409.835,25,46,0.2988,0.1228,60.0,17.691,77.691,137.691,140.0,80.0,8.201,0.0,1.0,0.6,1.0,0.134,2563.642983,1.487126,0.0,201,1409094,1409094,1.0,1797,1797,1.0,120000,0,1,S10|M1_BALANCED|21|A|L1|F1,true,false,false,/home/cyfer/FYP/WSN_simulation_V3/runs/S10_5000/outputs_production_50seed_part21_25/run_campaign_v3_S10_M1_BALANCED_A_L1_F1_H1_seed021_21_20260603_085506
campaign_v3_S10_M1_BALANCED_A_L1_F1_H1_seed022,campaign_v3_S10_M1_BALANCED_A_L1_F1_H1_seed022_22_20260603_085645,S10,5000,200,6,M1_BALANCED,22,A,L1,F1,H1,V3,map_S10_M1_BALANCED_seed022,fa43fc7c2836f4cd3ee5406187de328c20cc9399e2067908cb315e3b900817a9,32.701,67.398,193.618,392.644,25,50,0.3535,0.1352,60.0,17.415,77.415,137.415,140.0,80.0,7.868,0.0,1.0,0.49,1.0,0.133,2595.694098,1.480683,0.0,199,1409328,1409328,1.0,1797,1797,1.0,120000,0,1,S10|M1_BALANCED|22|A|L1|F1,true,false,false,/home/cyfer/FYP/WSN_simulation_V3/runs/S10_5000/outputs_production_50seed_part21_25/run_campaign_v3_S10_M1_BALANCED_A_L1_F1_H1_seed022_22_20260603_085645
campaign_v3_S10_M1_BALANCED_A_L1_F1_H1_seed023,campaign_v3_S10_M1_BALANCED_A_L1_F1_H1_seed023_23_20260603_085822,S10,5000,200,6,M1_BALANCED,23,A,L1,F1,H1,V3,map_S10_M1_BALANCED_seed023,b6c6bfbf7ecce212df52c3b9437c02a18e0d511955aeaa74ed610b73475af4f6,32.14,61.948,196.058,409.602,25,51,0.313,0.1326,60.0,18.368,78.368,138.368,140.0,80.0,8.608,0.0,1.0,0.74,1.0,0.129,2570.687727,1.485813,0.0,200,1408277,1408277,1.0,1797,1797,1.0,120000,0,1,S10|M1_BALANCED|23|A|L1|F1,true,false,false,/home/cyfer/FYP/WSN_simulation_V3/runs/S10_5000/outputs_production_50seed_part21_25/run_campaign_v3_S10_M1_BALANCED_A_L1_F1_H1_seed023_23_20260603_085822
campaign_v3_S10_M1_BALANCED_A_L1_F1_H1_seed024,campaign_v3_S10_M1_BALANCED_A_L1_F1_H1_seed024_24_20260603_085959,S10,5000,200,6,M1_BALANCED,24,A,L1,F1,H1,V3,map_S10_M1_BALANCED_seed024,55d8920684214824a8222edcd4001cb6e2f327d339b5a2d729ae341c2c3bf85b,31.727,63.824,195.486,402.883,25,52,0.3064,0.1248,60.0,17.324,77.324,137.324,140.0,80.0,8.028,0.0,1.0,0.549,1.0,0.127,2553.111223,1.489243,0.0,199,1409016,1409016,1.0,1797,1797,1.0,120000,0,1,S10|M1_BALANCED|24|A|L1|F1,true,false,false,/home/cyfer/FYP/WSN_simulation_V3/runs/S10_5000/outputs_production_50seed_part21_25/run_campaign_v3_S10_M1_BALANCED_A_L1_F1_H1_seed024_24_20260603_085959
campaign_v3_S10_M1_BALANCED_A_L1_F1_H1_seed025,campaign_v3_S10_M1_BALANCED_A_L1_F1_H1_seed025_25_20260603_090134,S10,5000,200,6,M1_BALANCED,25,A,L1,F1,H1,V3,map_S10_M1_BALANCED_seed025,a6070a82141efbfff571ed9fc68080ae838bf177280ca83a1cafe20936931325,32.165,63.676,197.099,391.974,25,47,0.3114,0.1258,60.0,17.018,77.018,137.018,140.0,80.0,7.25,0.0,1.0,0.283,1.0,0.134,2573.246827,1.485078,0.0,200,1410186,1410186,1.0,1797,1797,1.0,120000,0,1,S10|M1_BALANCED|25|A|L1|F1,true,false,false,/home/cyfer/FYP/WSN_simulation_V3/runs/S10_5000/outputs_production_50seed_part21_25/run_campaign_v3_S10_M1_BALANCED_A_L1_F1_H1_seed025_25_20260603_090134
campaign_v3_S10_M1_BALANCED_A_L1_F1_H3_seed021,campaign_v3_S10_M1_BALANCED_A_L1_F1_H3_seed021_21_20260603_085510,S10,5000,200,6,M1_BALANCED,21,A,L1,F1,H3,V3,map_S10_M1_BALANCED_seed021,8ca34c01c62cf1db43d62e6d1ff019e5c7673658f2ce4922733e6f1bf9b00ff1,31.924,63.1,194.101,409.835,25,46,0.2988,0.1228,60.0,23.341,83.341,143.341,150.0,90.0,8.201,0.0,1.0,0.6,1.0,0.134,2560.097141,1.487836,0.0,201,1406969,1406969,1.0,1797,1797,1.0,119675,0,1,S10|M1_BALANCED|21|A|L1|F1,true,false,false,/home/cyfer/FYP/WSN_simulation_V3/runs/S10_5000/outputs_production_50seed_part21_25/run_campaign_v3_S10_M1_BALANCED_A_L1_F1_H3_seed021_21_20260603_085510
campaign_v3_S10_M1_BALANCED_A_L1_F1_H3_seed022,campaign_v3_S10_M1_BALANCED_A_L1_F1_H3_seed022_22_20260603_085648,S10,5000,200,6,M1_BALANCED,22,A,L1,F1,H3,V3,map_S10_M1_BALANCED_seed022,fa43fc7c2836f4cd3ee5406187de328c20cc9399e2067908cb315e3b900817a9,32.701,67.398,193.618,392.644,25,50,0.3535,0.1352,60.0,23.444,83.444,143.444,150.0,90.0,7.868,0.0,1.0,0.49,1.0,0.133,2592.63886,1.481294,0.0,199,1407372,1407372,1.0,1797,1797,1.0,119700,0,1,S10|M1_BALANCED|22|A|L1|F1,true,false,false,/home/cyfer/FYP/WSN_simulation_V3/runs/S10_5000/outputs_production_50seed_part21_25/run_campaign_v3_S10_M1_BALANCED_A_L1_F1_H3_seed022_22_20260603_085648
campaign_v3_S10_M1_BALANCED_A_L1_F1_H3_seed023,campaign_v3_S10_M1_BALANCED_A_L1_F1_H3_seed023_23_20260603_085825,S10,5000,200,6,M1_BALANCED,23,A,L1,F1,H3,V3,map_S10_M1_BALANCED_seed023,b6c6bfbf7ecce212df52c3b9437c02a18e0d511955aeaa74ed610b73475af4f6,32.14,61.948,196.058,409.602,25,51,0.313,0.1326,60.0,24.541,84.541,144.541,150.0,90.0,8.608,0.0,1.0,0.74,1.0,0.129,2566.280522,1.486695,0.0,200,1405355,1405355,1.0,1797,1797,1.0,119550,0,1,S10|M1_BALANCED|23|A|L1|F1,true,false,false,/home/cyfer/FYP/WSN_simulation_V3/runs/S10_5000/outputs_production_50seed_part21_25/run_campaign_v3_S10_M1_BALANCED_A_L1_F1_H3_seed023_23_20260603_085825
campaign_v3_S10_M1_BALANCED_A_L1_F1_H3_seed024,campaign_v3_S10_M1_BALANCED_A_L1_F1_H3_seed024_24_20260603_090002,S10,5000,200,6,M1_BALANCED,24,A,L1,F1,H3,V3,map_S10_M1_BALANCED_seed024,55d8920684214824a8222edcd4001cb6e2f327d339b5a2d729ae341c2c3bf85b,31.727,63.824,195.486,402.883,25,52,0.3064,0.1248,60.0,23.254,83.254,143.254,150.0,90.0,8.028,0.0,1.0,0.549,1.0,0.127,2549.356519,1.489994,0.0,199,1406734,1406734,1.0,1797,1797,1.0,119650,0,1,S10|M1_BALANCED|24|A|L1|F1,true,false,false,/home/cyfer/FYP/WSN_simulation_V3/runs/S10_5000/outputs_production_50seed_part21_25/run_campaign_v3_S10_M1_BALANCED_A_L1_F1_H3_seed024_24_20260603_090002
campaign_v3_S10_M1_BALANCED_A_L1_F1_H3_seed025,campaign_v3_S10_M1_BALANCED_A_L1_F1_H3_seed025_25_20260603_090137,S10,5000,200,6,M1_BALANCED,25,A,L1,F1,H3,V3,map_S10_M1_BALANCED_seed025,a6070a82141efbfff571ed9fc68080ae838bf177280ca83a1cafe20936931325,32.165,63.676,197.099,391.974,25,47,0.3114,0.1258,60.0,23.019,83.019,143.019,150.0,90.0,7.25,0.0,1.0,0.283,1.0,0.134,2570.953829,1.485536,0.0,199,1409202,1409202,1.0,1797,1797,1.0,119850,0,1,S10|M1_BALANCED|25|A|L1|F1,true,false,false,/home/cyfer/FYP/WSN_simulation_V3/runs/S10_5000/outputs_production_50seed_part21_25/run_campaign_v3_S10_M1_BALANCED_A_L1_F1_H3_seed025_25_20260603_090137
campaign_v3_S10_M1_BALANCED_A_L1_F1_H4_seed021,campaign_v3_S10_M1_BALANCED_A_L1_F1_H4_seed021_21_20260603_085514,S10,5000,200,6,M1_BALANCED,21,A,L1,F1,H4,V3,map_S10_M1_BALANCED_seed021,8ca34c01c62cf1db43d62e6d1ff019e5c7673658f2ce4922733e6f1bf9b00ff1,31.924,63.1,194.101,409.835,25,46,0.2988,0.1228,60.0,27.957,87.957,147.957,150.0,90.0,8.201,0.0,1.0,0.6,1.0,0.134,2555.541189,1.488747,0.0,201,1403993,1403993,1.0,1797,1797,1.0,119179,0,1,S10|M1_BALANCED|21|A|L1|F1,true,false,false,/home/cyfer/FYP/WSN_simulation_V3/runs/S10_5000/outputs_production_50seed_part21_25/run_campaign_v3_S10_M1_BALANCED_A_L1_F1_H4_seed021_21_20260603_085514
campaign_v3_S10_M1_BALANCED_A_L1_F1_H4_seed022,campaign_v3_S10_M1_BALANCED_A_L1_F1_H4_seed022_22_20260603_085652,S10,5000,200,6,M1_BALANCED,22,A,L1,F1,H4,V3,map_S10_M1_BALANCED_seed022,fa43fc7c2836f4cd3ee5406187de328c20cc9399e2067908cb315e3b900817a9,32.701,67.398,193.618,392.644,25,50,0.3535,0.1352,60.0,27.46,87.46,147.46,150.0,90.0,7.868,0.0,1.0,0.49,1.0,0.133,2586.80465,1.482461,0.0,199,1403816,1403816,1.0,1797,1797,1.0,119104,0,1,S10|M1_BALANCED|22|A|L1|F1,true,false,false,/home/cyfer/FYP/WSN_simulation_V3/runs/S10_5000/outputs_production_50seed_part21_25/run_campaign_v3_S10_M1_BALANCED_A_L1_F1_H4_seed022_22_20260603_085652
campaign_v3_S10_M1_BALANCED_A_L1_F1_H4_seed023,campaign_v3_S10_M1_BALANCED_A_L1_F1_H4_seed023_23_20260603_085829,S10,5000,200,6,M1_BALANCED,23,A,L1,F1,H4,V3,map_S10_M1_BALANCED_seed023,b6c6bfbf7ecce212df52c3b9437c02a18e0d511955aeaa74ed610b73475af4f6,32.14,61.948,196.058,409.602,25,51,0.313,0.1326,60.0,27.916,87.916,147.916,150.0,90.0,8.608,0.0,1.0,0.74,1.0,0.129,2564.917404,1.486967,0.0,200,1404583,1404583,1.0,1797,1797,1.0,119429,0,1,S10|M1_BALANCED|23|A|L1|F1,true,false,false,/home/cyfer/FYP/WSN_simulation_V3/runs/S10_5000/outputs_production_50seed_part21_25/run_campaign_v3_S10_M1_BALANCED_A_L1_F1_H4_seed023_23_20260603_085829
campaign_v3_S10_M1_BALANCED_A_L1_F1_H4_seed024,campaign_v3_S10_M1_BALANCED_A_L1_F1_H4_seed024_24_20260603_090005,S10,5000,200,6,M1_BALANCED,24,A,L1,F1,H4,V3,map_S10_M1_BALANCED_seed024,55d8920684214824a8222edcd4001cb6e2f327d339b5a2d729ae341c2c3bf85b,31.727,63.824,195.486,402.883,25,52,0.3064,0.1248,60.0,27.421,87.421,147.421,150.0,90.0,8.028,0.0,1.0,0.549,1.0,0.127,2544.122292,1.491041,0.0,199,1403317,1403317,1.0,1797,1797,1.0,119079,0,1,S10|M1_BALANCED|24|A|L1|F1,true,false,false,/home/cyfer/FYP/WSN_simulation_V3/runs/S10_5000/outputs_production_50seed_part21_25/run_campaign_v3_S10_M1_BALANCED_A_L1_F1_H4_seed024_24_20260603_090005
campaign_v3_S10_M1_BALANCED_A_L1_F1_H4_seed025,campaign_v3_S10_M1_BALANCED_A_L1_F1_H4_seed025_25_20260603_090141,S10,5000,200,6,M1_BALANCED,25,A,L1,F1,H4,V3,map_S10_M1_BALANCED_seed025,a6070a82141efbfff571ed9fc68080ae838bf177280ca83a1cafe20936931325,32.165,63.676,197.099,391.974,25,47,0.3114,0.1258,60.0,26.945,86.945,146.945,150.0,90.0,7.25,0.0,1.0,0.283,1.0,0.134,2564.831876,1.486761,0.0,200,1405057,1405057,1.0,1797,1797,1.0,119154,0,1,S10|M1_BALANCED|25|A|L1|F1,true,false,false,/home/cyfer/FYP/WSN_simulation_V3/runs/S10_5000/outputs_production_50seed_part21_25/run_campaign_v3_S10_M1_BALANCED_A_L1_F1_H4_seed025_25_20260603_090141
campaign_v3_S10_M1_BALANCED_A_L1_F2_H0_seed021,campaign_v3_S10_M1_BALANCED_A_L1_F2_H0_seed021_21_20260603_085504,S10,5000,200,6,M1_BALANCED,21,A,L1,F2,H0,V2,map_S10_M1_BALANCED_seed021,8ca34c01c62cf1db43d62e6d1ff019e5c7673658f2ce4922733e6f1bf9b00ff1,31.924,63.1,194.101,409.835,25,46,0.2988,0.1228,60.0,-1.0,-1.0,-1.0,-1.0,-1.0,0.0,0.0,0.0,0.0,0.0,0.0,2552.393037,1.489521,0.0,199,1403445,1403445,1.0,1792,1792,1.0,120165,1,0,S10|M1_BALANCED|21|A|L1|F2,false,false,true,/home/cyfer/FYP/WSN_simulation_V3/runs/S10_5000/outputs_production_50seed_part21_25/run_campaign_v3_S10_M1_BALANCED_A_L1_F2_H0_seed021_21_20260603_085504
campaign_v3_S10_M1_BALANCED_A_L1_F2_H0_seed022,campaign_v3_S10_M1_BALANCED_A_L1_F2_H0_seed022_22_20260603_085642,S10,5000,200,6,M1_BALANCED,22,A,L1,F2,H0,V2,map_S10_M1_BALANCED_seed022,fa43fc7c2836f4cd3ee5406187de328c20cc9399e2067908cb315e3b900817a9,32.701,67.398,193.618,392.644,25,50,0.3535,0.1352,60.0,-1.0,-1.0,-1.0,-1.0,-1.0,0.0,0.0,0.0,0.0,0.0,0.0,2583.621697,1.483276,0.0,198,1402740,1402740,1.0,1792,1792,1.0,120180,1,0,S10|M1_BALANCED|22|A|L1|F2,false,false,true,/home/cyfer/FYP/WSN_simulation_V3/runs/S10_5000/outputs_production_50seed_part21_25/run_campaign_v3_S10_M1_BALANCED_A_L1_F2_H0_seed022_22_20260603_085642
campaign_v3_S10_M1_BALANCED_A_L1_F2_H0_seed023,campaign_v3_S10_M1_BALANCED_A_L1_F2_H0_seed023_23_20260603_085820,S10,5000,200,6,M1_BALANCED,23,A,L1,F2,H0,V2,map_S10_M1_BALANCED_seed023,b6c6bfbf7ecce212df52c3b9437c02a18e0d511955aeaa74ed610b73475af4f6,32.14,61.948,196.058,409.602,25,51,0.313,0.1326,60.0,-1.0,-1.0,-1.0,-1.0,-1.0,0.0,0.0,0.0,0.0,0.0,0.0,2564.372447,1.487126,0.0,198,1405795,1405795,1.0,1792,1792,1.0,120115,1,0,S10|M1_BALANCED|23|A|L1|F2,false,false,true,/home/cyfer/FYP/WSN_simulation_V3/runs/S10_5000/outputs_production_50seed_part21_25/run_campaign_v3_S10_M1_BALANCED_A_L1_F2_H0_seed023_23_20260603_085820
campaign_v3_S10_M1_BALANCED_A_L1_F2_H0_seed024,campaign_v3_S10_M1_BALANCED_A_L1_F2_H0_seed024_24_20260603_085956,S10,5000,200,6,M1_BALANCED,24,A,L1,F2,H0,V2,map_S10_M1_BALANCED_seed024,55d8920684214824a8222edcd4001cb6e2f327d339b5a2d729ae341c2c3bf85b,31.727,63.824,195.486,402.883,25,52,0.3064,0.1248,60.0,-1.0,-1.0,-1.0,-1.0,-1.0,0.0,0.0,0.0,0.0,0.0,0.0,2541.521098,1.491696,0.0,198,1402505,1402505,1.0,1792,1792,1.0,120185,1,0,S10|M1_BALANCED|24|A|L1|F2,false,false,true,/home/cyfer/FYP/WSN_simulation_V3/runs/S10_5000/outputs_production_50seed_part21_25/run_campaign_v3_S10_M1_BALANCED_A_L1_F2_H0_seed024_24_20260603_085956
campaign_v3_S10_M1_BALANCED_A_L1_F2_H0_seed025,campaign_v3_S10_M1_BALANCED_A_L1_F2_H0_seed025_25_20260603_090132,S10,5000,200,6,M1_BALANCED,25,A,L1,F2,H0,V2,map_S10_M1_BALANCED_seed025,a6070a82141efbfff571ed9fc68080ae838bf177280ca83a1cafe20936931325,32.165,63.676,197.099,391.974,25,47,0.3114,0.1258,60.0,-1.0,-1.0,-1.0,-1.0,-1.0,0.0,0.0,0.0,0.0,0.0,0.0,2561.557037,1.487689,0.0,199,1403210,1403210,1.0,1792,1792,1.0,120170,1,0,S10|M1_BALANCED|25|A|L1|F2,false,false,true,/home/cyfer/FYP/WSN_simulation_V3/runs/S10_5000/outputs_production_50seed_part21_25/run_campaign_v3_S10_M1_BALANCED_A_L1_F2_H0_seed025_25_20260603_090132
campaign_v3_S10_M1_BALANCED_A_L1_F2_H1_seed021,campaign_v3_S10_M1_BALANCED_A_L1_F2_H1_seed021_21_20260603_085517,S10,5000,200,6,M1_BALANCED,21,A,L1,F2,H1,V3,map_S10_M1_BALANCED_seed021,8ca34c01c62cf1db43d62e6d1ff019e5c7673658f2ce4922733e6f1bf9b00ff1,31.924,63.1,194.101,409.835,25,46,0.2988,0.1228,60.0,24.894,84.894,144.894,150.0,90.0,7.736,0.0,1.0,0.733,0.786,0.059,2561.986333,1.487603,0.0,200,1408395,1408395,1.0,1797,1797,1.0,120000,0,1,S10|M1_BALANCED|21|A|L1|F2,true,false,false,/home/cyfer/FYP/WSN_simulation_V3/runs/S10_5000/outputs_production_50seed_part21_25/run_campaign_v3_S10_M1_BALANCED_A_L1_F2_H1_seed021_21_20260603_085517
campaign_v3_S10_M1_BALANCED_A_L1_F2_H1_seed022,campaign_v3_S10_M1_BALANCED_A_L1_F2_H1_seed022_22_20260603_085656,S10,5000,200,6,M1_BALANCED,22,A,L1,F2,H1,V3,map_S10_M1_BALANCED_seed022,fa43fc7c2836f4cd3ee5406187de328c20cc9399e2067908cb315e3b900817a9,32.701,67.398,193.618,392.644,25,50,0.3535,0.1352,60.0,25.257,85.257,145.257,150.0,90.0,8.162,0.0,1.0,0.735,0.864,0.122,2594.17743,1.481165,0.0,199,1408104,1408104,1.0,1797,1797,1.0,120000,0,1,S10|M1_BALANCED|22|A|L1|F2,true,false,false,/home/cyfer/FYP/WSN_simulation_V3/runs/S10_5000/outputs_production_50seed_part21_25/run_campaign_v3_S10_M1_BALANCED_A_L1_F2_H1_seed022_22_20260603_085656
campaign_v3_S10_M1_BALANCED_A_L1_F2_H1_seed023,campaign_v3_S10_M1_BALANCED_A_L1_F2_H1_seed023_23_20260603_085832,S10,5000,200,6,M1_BALANCED,23,A,L1,F2,H1,V3,map_S10_M1_BALANCED_seed023,b6c6bfbf7ecce212df52c3b9437c02a18e0d511955aeaa74ed610b73475af4f6,32.14,61.948,196.058,409.602,25,51,0.313,0.1326,60.0,24.019,84.019,144.019,150.0,90.0,6.441,0.0,1.0,0.46,0.546,0.141,2571.434532,1.485713,0.0,199,1409245,1409245,1.0,1797,1797,1.0,120000,0,1,S10|M1_BALANCED|23|A|L1|F2,true,false,false,/home/cyfer/FYP/WSN_simulation_V3/runs/S10_5000/outputs_production_50seed_part21_25/run_campaign_v3_S10_M1_BALANCED_A_L1_F2_H1_seed023_23_20260603_085832
campaign_v3_S10_M1_BALANCED_A_L1_F2_H1_seed024,campaign_v3_S10_M1_BALANCED_A_L1_F2_H1_seed024_24_20260603_090009,S10,5000,200,6,M1_BALANCED,24,A,L1,F2,H1,V3,map_S10_M1_BALANCED_seed024,55d8920684214824a8222edcd4001cb6e2f327d339b5a2d729ae341c2c3bf85b,31.727,63.824,195.486,402.883,25,52,0.3064,0.1248,60.0,25.798,85.798,145.798,150.0,90.0,8.493,0.0,1.0,0.725,0.881,0.225,2552.038153,1.489592,0.0,199,1408018,1408018,1.0,1797,1797,1.0,120000,0,1,S10|M1_BALANCED|24|A|L1|F2,true,false,false,/home/cyfer/FYP/WSN_simulation_V3/runs/S10_5000/outputs_production_50seed_part21_25/run_campaign_v3_S10_M1_BALANCED_A_L1_F2_H1_seed024_24_20260603_090009
campaign_v3_S10_M1_BALANCED_A_L1_F2_H1_seed025,campaign_v3_S10_M1_BALANCED_A_L1_F2_H1_seed025_25_20260603_090144,S10,5000,200,6,M1_BALANCED,25,A,L1,F2,H1,V3,map_S10_M1_BALANCED_seed025,a6070a82141efbfff571ed9fc68080ae838bf177280ca83a1cafe20936931325,32.165,63.676,197.099,391.974,25,47,0.3114,0.1258,60.0,26.039,86.039,146.039,150.0,90.0,8.172,0.0,1.0,0.739,0.821,0.164,2571.805383,1.485639,0.0,200,1408242,1408242,1.0,1797,1797,1.0,120000,0,1,S10|M1_BALANCED|25|A|L1|F2,true,false,false,/home/cyfer/FYP/WSN_simulation_V3/runs/S10_5000/outputs_production_50seed_part21_25/run_campaign_v3_S10_M1_BALANCED_A_L1_F2_H1_seed025_25_20260603_090144
campaign_v3_S10_M1_BALANCED_A_L1_F2_H3_seed021,campaign_v3_S10_M1_BALANCED_A_L1_F2_H3_seed021_21_20260603_085518,S10,5000,200,6,M1_BALANCED,21,A,L1,F2,H3,V3,map_S10_M1_BALANCED_seed021,8ca34c01c62cf1db43d62e6d1ff019e5c7673658f2ce4922733e6f1bf9b00ff1,31.924,63.1,194.101,409.835,25,46,0.2988,0.1228,60.0,31.44,91.44,151.44,160.0,100.0,7.736,0.0,1.0,0.733,0.786,0.059,2557.970478,1.488406,0.0,200,1405876,1405876,1.0,1796,1796,1.0,119600,0,1,S10|M1_BALANCED|21|A|L1|F2,true,false,false,/home/cyfer/FYP/WSN_simulation_V3/runs/S10_5000/outputs_production_50seed_part21_25/run_campaign_v3_S10_M1_BALANCED_A_L1_F2_H3_seed021_21_20260603_085518
campaign_v3_S10_M1_BALANCED_A_L1_F2_H3_seed022,campaign_v3_S10_M1_BALANCED_A_L1_F2_H3_seed022_22_20260603_085657,S10,5000,200,6,M1_BALANCED,22,A,L1,F2,H3,V3,map_S10_M1_BALANCED_seed022,fa43fc7c2836f4cd3ee5406187de328c20cc9399e2067908cb315e3b900817a9,32.701,67.398,193.618,392.644,25,50,0.3535,0.1352,60.0,31.247,91.247,151.247,160.0,100.0,8.162,0.0,1.0,0.735,0.864,0.122,2589.690458,1.482062,0.0,199,1405314,1405314,1.0,1796,1796,1.0,119550,0,1,S10|M1_BALANCED|22|A|L1|F2,true,false,false,/home/cyfer/FYP/WSN_simulation_V3/runs/S10_5000/outputs_production_50seed_part21_25/run_campaign_v3_S10_M1_BALANCED_A_L1_F2_H3_seed022_22_20260603_085657
campaign_v3_S10_M1_BALANCED_A_L1_F2_H3_seed023,campaign_v3_S10_M1_BALANCED_A_L1_F2_H3_seed023_23_20260603_085833,S10,5000,200,6,M1_BALANCED,23,A,L1,F2,H3,V3,map_S10_M1_BALANCED_seed023,b6c6bfbf7ecce212df52c3b9437c02a18e0d511955aeaa74ed610b73475af4f6,32.14,61.948,196.058,409.602,25,51,0.313,0.1326,60.0,29.469,89.469,149.469,150.0,90.0,6.441,0.0,1.0,0.46,0.546,0.141,2568.682212,1.486264,0.0,199,1407535,1407535,1.0,1797,1797,1.0,119725,0,1,S10|M1_BALANCED|23|A|L1|F2,true,false,false,/home/cyfer/FYP/WSN_simulation_V3/runs/S10_5000/outputs_production_50seed_part21_25/run_campaign_v3_S10_M1_BALANCED_A_L1_F2_H3_seed023_23_20260603_085833
campaign_v3_S10_M1_BALANCED_A_L1_F2_H3_seed024,campaign_v3_S10_M1_BALANCED_A_L1_F2_H3_seed024_24_20260603_090010,S10,5000,200,6,M1_BALANCED,24,A,L1,F2,H3,V3,map_S10_M1_BALANCED_seed024,55d8920684214824a8222edcd4001cb6e2f327d339b5a2d729ae341c2c3bf85b,31.727,63.824,195.486,402.883,25,52,0.3064,0.1248,60.0,32.154,92.154,152.154,160.0,100.0,8.493,0.0,1.0,0.725,0.881,0.225,2547.626553,1.490475,0.0,199,1405203,1405203,1.0,1796,1796,1.0,119550,0,1,S10|M1_BALANCED|24|A|L1|F2,true,false,false,/home/cyfer/FYP/WSN_simulation_V3/runs/S10_5000/outputs_production_50seed_part21_25/run_campaign_v3_S10_M1_BALANCED_A_L1_F2_H3_seed024_24_20260603_090010
campaign_v3_S10_M1_BALANCED_A_L1_F2_H3_seed025,campaign_v3_S10_M1_BALANCED_A_L1_F2_H3_seed025_25_20260603_090145,S10,5000,200,6,M1_BALANCED,25,A,L1,F2,H3,V3,map_S10_M1_BALANCED_seed025,a6070a82141efbfff571ed9fc68080ae838bf177280ca83a1cafe20936931325,32.165,63.676,197.099,391.974,25,47,0.3114,0.1258,60.0,31.81,91.81,151.81,160.0,100.0,8.172,0.0,1.0,0.739,0.821,0.164,2567.189175,1.486562,0.0,200,1405641,1405641,1.0,1796,1796,1.0,119575,0,1,S10|M1_BALANCED|25|A|L1|F2,true,false,false,/home/cyfer/FYP/WSN_simulation_V3/runs/S10_5000/outputs_production_50seed_part21_25/run_campaign_v3_S10_M1_BALANCED_A_L1_F2_H3_seed025_25_20260603_090145
campaign_v3_S10_M1_BALANCED_A_L1_F2_H4_seed021,campaign_v3_S10_M1_BALANCED_A_L1_F2_H4_seed021_21_20260603_085519,S10,5000,200,6,M1_BALANCED,21,A,L1,F2,H4,V3,map_S10_M1_BALANCED_seed021,8ca34c01c62cf1db43d62e6d1ff019e5c7673658f2ce4922733e6f1bf9b00ff1,31.924,63.1,194.101,409.835,25,46,0.2988,0.1228,60.0,35.104,95.104,155.104,160.0,100.0,7.736,0.0,1.0,0.733,0.786,0.059,2561.425041,1.487715,0.0,200,1408032,1408032,1.0,1796,1796,1.0,120000,0,1,S10|M1_BALANCED|21|A|L1|F2,true,false,false,/home/cyfer/FYP/WSN_simulation_V3/runs/S10_5000/outputs_production_50seed_part21_25/run_campaign_v3_S10_M1_BALANCED_A_L1_F2_H4_seed021_21_20260603_085519
campaign_v3_S10_M1_BALANCED_A_L1_F2_H4_seed022,campaign_v3_S10_M1_BALANCED_A_L1_F2_H4_seed022_22_20260603_085658,S10,5000,200,6,M1_BALANCED,22,A,L1,F2,H4,V3,map_S10_M1_BALANCED_seed022,fa43fc7c2836f4cd3ee5406187de328c20cc9399e2067908cb315e3b900817a9,32.701,67.398,193.618,392.644,25,50,0.3535,0.1352,60.0,36.083,96.083,156.083,160.0,100.0,8.162,0.0,1.0,0.735,0.864,0.122,2593.541713,1.481292,0.0,199,1407708,1407708,1.0,1796,1796,1.0,120000,0,1,S10|M1_BALANCED|22|A|L1|F2,true,false,false,/home/cyfer/FYP/WSN_simulation_V3/runs/S10_5000/outputs_production_50seed_part21_25/run_campaign_v3_S10_M1_BALANCED_A_L1_F2_H4_seed022_22_20260603_085658
campaign_v3_S10_M1_BALANCED_A_L1_F2_H4_seed023,campaign_v3_S10_M1_BALANCED_A_L1_F2_H4_seed023_23_20260603_085834,S10,5000,200,6,M1_BALANCED,23,A,L1,F2,H4,V3,map_S10_M1_BALANCED_seed023,b6c6bfbf7ecce212df52c3b9437c02a18e0d511955aeaa74ed610b73475af4f6,32.14,61.948,196.058,409.602,25,51,0.313,0.1326,60.0,34.435,94.435,154.435,160.0,100.0,6.441,0.0,1.0,0.46,0.546,0.141,2571.093455,1.485781,0.0,199,1409015,1409015,1.0,1796,1796,1.0,120000,0,1,S10|M1_BALANCED|23|A|L1|F2,true,false,false,/home/cyfer/FYP/WSN_simulation_V3/runs/S10_5000/outputs_production_50seed_part21_25/run_campaign_v3_S10_M1_BALANCED_A_L1_F2_H4_seed023_23_20260603_085834
campaign_v3_S10_M1_BALANCED_A_L1_F2_H4_seed024,campaign_v3_S10_M1_BALANCED_A_L1_F2_H4_seed024_24_20260603_090011,S10,5000,200,6,M1_BALANCED,24,A,L1,F2,H4,V3,map_S10_M1_BALANCED_seed024,55d8920684214824a8222edcd4001cb6e2f327d339b5a2d729ae341c2c3bf85b,31.727,63.824,195.486,402.883,25,52,0.3064,0.1248,60.0,35.879,95.879,155.879,160.0,100.0,8.493,0.0,1.0,0.725,0.881,0.225,2551.462742,1.489707,0.0,199,1407648,1407648,1.0,1796,1796,1.0,120000,0,1,S10|M1_BALANCED|24|A|L1|F2,true,false,false,/home/cyfer/FYP/WSN_simulation_V3/runs/S10_5000/outputs_production_50seed_part21_25/run_campaign_v3_S10_M1_BALANCED_A_L1_F2_H4_seed024_24_20260603_090011
campaign_v3_S10_M1_BALANCED_A_L1_F2_H4_seed025,campaign_v3_S10_M1_BALANCED_A_L1_F2_H4_seed025_25_20260603_090146,S10,5000,200,6,M1_BALANCED,25,A,L1,F2,H4,V3,map_S10_M1_BALANCED_seed025,a6070a82141efbfff571ed9fc68080ae838bf177280ca83a1cafe20936931325,32.165,63.676,197.099,391.974,25,47,0.3114,0.1258,60.0,36.141,96.141,156.141,160.0,100.0,8.172,0.0,1.0,0.739,0.821,0.164,2571.244374,1.485751,0.0,200,1407902,1407902,1.0,1796,1796,1.0,120000,0,1,S10|M1_BALANCED|25|A|L1|F2,true,false,false,/home/cyfer/FYP/WSN_simulation_V3/runs/S10_5000/outputs_production_50seed_part21_25/run_campaign_v3_S10_M1_BALANCED_A_L1_F2_H4_seed025_25_20260603_090146
campaign_v3_S10_M1_BALANCED_A_L1_F3_H0_seed021,campaign_v3_S10_M1_BALANCED_A_L1_F3_H0_seed021_21_20260603_085505,S10,5000,200,6,M1_BALANCED,21,A,L1,F3,H0,V2,map_S10_M1_BALANCED_seed021,8ca34c01c62cf1db43d62e6d1ff019e5c7673658f2ce4922733e6f1bf9b00ff1,31.924,63.1,194.101,409.835,25,46,0.2988,0.1228,60.0,-1.0,-1.0,-1.0,-1.0,-1.0,0.0,0.0,0.0,0.0,0.0,0.0,2557.427902,1.488514,0.0,199,1406735,1406735,1.0,1792,1792,1.0,120095,1,0,S10|M1_BALANCED|21|A|L1|F3,false,false,true,/home/cyfer/FYP/WSN_simulation_V3/runs/S10_5000/outputs_production_50seed_part21_25/run_campaign_v3_S10_M1_BALANCED_A_L1_F3_H0_seed021_21_20260603_085505
campaign_v3_S10_M1_BALANCED_A_L1_F3_H0_seed022,campaign_v3_S10_M1_BALANCED_A_L1_F3_H0_seed022_22_20260603_085643,S10,5000,200,6,M1_BALANCED,22,A,L1,F3,H0,V2,map_S10_M1_BALANCED_seed022,fa43fc7c2836f4cd3ee5406187de328c20cc9399e2067908cb315e3b900817a9,32.701,67.398,193.618,392.644,25,50,0.3535,0.1352,60.0,-1.0,-1.0,-1.0,-1.0,-1.0,0.0,0.0,0.0,0.0,0.0,0.0,2588.115227,1.482377,0.0,197,1405795,1405795,1.0,1792,1792,1.0,120115,1,0,S10|M1_BALANCED|22|A|L1|F3,false,false,true,/home/cyfer/FYP/WSN_simulation_V3/runs/S10_5000/outputs_production_50seed_part21_25/run_campaign_v3_S10_M1_BALANCED_A_L1_F3_H0_seed022_22_20260603_085643
campaign_v3_S10_M1_BALANCED_A_L1_F3_H0_seed023,campaign_v3_S10_M1_BALANCED_A_L1_F3_H0_seed023_23_20260603_085821,S10,5000,200,6,M1_BALANCED,23,A,L1,F3,H0,V2,map_S10_M1_BALANCED_seed023,b6c6bfbf7ecce212df52c3b9437c02a18e0d511955aeaa74ed610b73475af4f6,32.14,61.948,196.058,409.602,25,51,0.313,0.1326,60.0,-1.0,-1.0,-1.0,-1.0,-1.0,0.0,0.0,0.0,0.0,0.0,0.0,2563.679992,1.487264,0.0,198,1405090,1405090,1.0,1792,1792,1.0,120130,1,0,S10|M1_BALANCED|23|A|L1|F3,false,false,true,/home/cyfer/FYP/WSN_simulation_V3/runs/S10_5000/outputs_production_50seed_part21_25/run_campaign_v3_S10_M1_BALANCED_A_L1_F3_H0_seed023_23_20260603_085821
campaign_v3_S10_M1_BALANCED_A_L1_F3_H0_seed024,campaign_v3_S10_M1_BALANCED_A_L1_F3_H0_seed024_24_20260603_085957,S10,5000,200,6,M1_BALANCED,24,A,L1,F3,H0,V2,map_S10_M1_BALANCED_seed024,55d8920684214824a8222edcd4001cb6e2f327d339b5a2d729ae341c2c3bf85b,31.727,63.824,195.486,402.883,25,52,0.3064,0.1248,60.0,-1.0,-1.0,-1.0,-1.0,-1.0,0.0,0.0,0.0,0.0,0.0,0.0,2548.86663,1.490227,0.0,197,1407440,1407440,1.0,1792,1792,1.0,120080,1,0,S10|M1_BALANCED|24|A|L1|F3,false,false,true,/home/cyfer/FYP/WSN_simulation_V3/runs/S10_5000/outputs_production_50seed_part21_25/run_campaign_v3_S10_M1_BALANCED_A_L1_F3_H0_seed024_24_20260603_085957
campaign_v3_S10_M1_BALANCED_A_L1_F3_H0_seed025,campaign_v3_S10_M1_BALANCED_A_L1_F3_H0_seed025_25_20260603_090133,S10,5000,200,6,M1_BALANCED,25,A,L1,F3,H0,V2,map_S10_M1_BALANCED_seed025,a6070a82141efbfff571ed9fc68080ae838bf177280ca83a1cafe20936931325,32.165,63.676,197.099,391.974,25,47,0.3114,0.1258,60.0,-1.0,-1.0,-1.0,-1.0,-1.0,0.0,0.0,0.0,0.0,0.0,0.0,2562.674702,1.487465,0.0,198,1403915,1403915,1.0,1792,1792,1.0,120155,1,0,S10|M1_BALANCED|25|A|L1|F3,false,false,true,/home/cyfer/FYP/WSN_simulation_V3/runs/S10_5000/outputs_production_50seed_part21_25/run_campaign_v3_S10_M1_BALANCED_A_L1_F3_H0_seed025_25_20260603_090133
campaign_v3_S10_M1_BALANCED_A_L1_F3_H1_seed021,campaign_v3_S10_M1_BALANCED_A_L1_F3_H1_seed021_21_20260603_085520,S10,5000,200,6,M1_BALANCED,21,A,L1,F3,H1,V3,map_S10_M1_BALANCED_seed021,8ca34c01c62cf1db43d62e6d1ff019e5c7673658f2ce4922733e6f1bf9b00ff1,31.924,63.1,194.101,409.835,25,46,0.2988,0.1228,60.0,27.401,87.401,147.401,150.0,90.0,6.142,0.0,1.0,0.422,0.441,0.184,2557.639766,1.488472,0.0,199,1406755,1406755,1.0,1797,1797,1.0,119529,0,1,S10|M1_BALANCED|21|A|L1|F3,true,false,false,/home/cyfer/FYP/WSN_simulation_V3/runs/S10_5000/outputs_production_50seed_part21_25/run_campaign_v3_S10_M1_BALANCED_A_L1_F3_H1_seed021_21_20260603_085520
campaign_v3_S10_M1_BALANCED_A_L1_F3_H1_seed022,campaign_v3_S10_M1_BALANCED_A_L1_F3_H1_seed022_22_20260603_085659,S10,5000,200,6,M1_BALANCED,22,A,L1,F3,H1,V3,map_S10_M1_BALANCED_seed022,fa43fc7c2836f4cd3ee5406187de328c20cc9399e2067908cb315e3b900817a9,32.701,67.398,193.618,392.644,25,50,0.3535,0.1352,60.0,28.335,88.335,148.335,150.0,90.0,6.392,0.0,1.0,0.469,0.549,0.112,2588.336612,1.482333,0.0,197,1405815,1405815,1.0,1797,1797,1.0,119429,0,1,S10|M1_BALANCED|22|A|L1|F3,true,false,false,/home/cyfer/FYP/WSN_simulation_V3/runs/S10_5000/outputs_production_50seed_part21_25/run_campaign_v3_S10_M1_BALANCED_A_L1_F3_H1_seed022_22_20260603_085659
campaign_v3_S10_M1_BALANCED_A_L1_F3_H1_seed023,campaign_v3_S10_M1_BALANCED_A_L1_F3_H1_seed023_23_20260603_085835,S10,5000,200,6,M1_BALANCED,23,A,L1,F3,H1,V3,map_S10_M1_BALANCED_seed023,b6c6bfbf7ecce212df52c3b9437c02a18e0d511955aeaa74ed610b73475af4f6,32.14,61.948,196.058,409.602,25,51,0.313,0.1326,60.0,27.985,87.985,147.985,150.0,90.0,6.795,0.0,1.0,0.52,0.609,0.136,2563.920587,1.487216,0.0,198,1405110,1405110,1.0,1797,1797,1.0,119354,0,1,S10|M1_BALANCED|23|A|L1|F3,true,false,false,/home/cyfer/FYP/WSN_simulation_V3/runs/S10_5000/outputs_production_50seed_part21_25/run_campaign_v3_S10_M1_BALANCED_A_L1_F3_H1_seed023_23_20260603_085835
campaign_v3_S10_M1_BALANCED_A_L1_F3_H1_seed024,campaign_v3_S10_M1_BALANCED_A_L1_F3_H1_seed024_24_20260603_090011,S10,5000,200,6,M1_BALANCED,24,A,L1,F3,H1,V3,map_S10_M1_BALANCED_seed024,55d8920684214824a8222edcd4001cb6e2f327d339b5a2d729ae341c2c3bf85b,31.727,63.824,195.486,402.883,25,52,0.3064,0.1248,60.0,26.843,86.843,146.843,150.0,90.0,5.461,0.0,1.0,0.314,0.368,0.138,2549.043304,1.490191,0.0,197,1407460,1407460,1.0,1797,1797,1.0,119604,0,1,S10|M1_BALANCED|24|A|L1|F3,true,false,false,/home/cyfer/FYP/WSN_simulation_V3/runs/S10_5000/outputs_production_50seed_part21_25/run_campaign_v3_S10_M1_BALANCED_A_L1_F3_H1_seed024_24_20260603_090011
campaign_v3_S10_M1_BALANCED_A_L1_F3_H1_seed025,campaign_v3_S10_M1_BALANCED_A_L1_F3_H1_seed025_25_20260603_090146,S10,5000,200,6,M1_BALANCED,25,A,L1,F3,H1,V3,map_S10_M1_BALANCED_seed025,a6070a82141efbfff571ed9fc68080ae838bf177280ca83a1cafe20936931325,32.165,63.676,197.099,391.974,25,47,0.3114,0.1258,60.0,29.586,89.586,149.586,150.0,90.0,7.664,0.0,1.0,0.674,0.742,0.138,2562.948877,1.48741,0.0,198,1403935,1403935,1.0,1797,1797,1.0,119229,0,1,S10|M1_BALANCED|25|A|L1|F3,true,false,false,/home/cyfer/FYP/WSN_simulation_V3/runs/S10_5000/outputs_production_50seed_part21_25/run_campaign_v3_S10_M1_BALANCED_A_L1_F3_H1_seed025_25_20260603_090146
campaign_v3_S10_M1_BALANCED_A_L1_F3_H3_seed021,campaign_v3_S10_M1_BALANCED_A_L1_F3_H3_seed021_21_20260603_085520,S10,5000,200,6,M1_BALANCED,21,A,L1,F3,H3,V3,map_S10_M1_BALANCED_seed021,8ca34c01c62cf1db43d62e6d1ff019e5c7673658f2ce4922733e6f1bf9b00ff1,31.924,63.1,194.101,409.835,25,46,0.2988,0.1228,60.0,33.449,93.449,153.449,160.0,100.0,6.142,0.0,1.0,0.422,0.441,0.184,2557.615887,1.488477,0.0,199,1406751,1406751,1.0,1796,1796,1.0,119529,0,1,S10|M1_BALANCED|21|A|L1|F3,true,false,false,/home/cyfer/FYP/WSN_simulation_V3/runs/S10_5000/outputs_production_50seed_part21_25/run_campaign_v3_S10_M1_BALANCED_A_L1_F3_H3_seed021_21_20260603_085520
campaign_v3_S10_M1_BALANCED_A_L1_F3_H3_seed022,campaign_v3_S10_M1_BALANCED_A_L1_F3_H3_seed022_22_20260603_085659,S10,5000,200,6,M1_BALANCED,22,A,L1,F3,H3,V3,map_S10_M1_BALANCED_seed022,fa43fc7c2836f4cd3ee5406187de328c20cc9399e2067908cb315e3b900817a9,32.701,67.398,193.618,392.644,25,50,0.3535,0.1352,60.0,33.712,93.712,153.712,160.0,100.0,6.392,0.0,1.0,0.469,0.549,0.112,2588.323454,1.482335,0.0,197,1405811,1405811,1.0,1796,1796,1.0,119429,0,1,S10|M1_BALANCED|22|A|L1|F3,true,false,false,/home/cyfer/FYP/WSN_simulation_V3/runs/S10_5000/outputs_production_50seed_part21_25/run_campaign_v3_S10_M1_BALANCED_A_L1_F3_H3_seed022_22_20260603_085659
campaign_v3_S10_M1_BALANCED_A_L1_F3_H3_seed023,campaign_v3_S10_M1_BALANCED_A_L1_F3_H3_seed023_23_20260603_085835,S10,5000,200,6,M1_BALANCED,23,A,L1,F3,H3,V3,map_S10_M1_BALANCED_seed023,b6c6bfbf7ecce212df52c3b9437c02a18e0d511955aeaa74ed610b73475af4f6,32.14,61.948,196.058,409.602,25,51,0.313,0.1326,60.0,34.536,94.536,154.536,160.0,100.0,6.795,0.0,1.0,0.52,0.609,0.136,2563.906793,1.487219,0.0,198,1405106,1405106,1.0,1796,1796,1.0,119354,0,1,S10|M1_BALANCED|23|A|L1|F3,true,false,false,/home/cyfer/FYP/WSN_simulation_V3/runs/S10_5000/outputs_production_50seed_part21_25/run_campaign_v3_S10_M1_BALANCED_A_L1_F3_H3_seed023_23_20260603_085835
campaign_v3_S10_M1_BALANCED_A_L1_F3_H3_seed024,campaign_v3_S10_M1_BALANCED_A_L1_F3_H3_seed024_24_20260603_090012,S10,5000,200,6,M1_BALANCED,24,A,L1,F3,H3,V3,map_S10_M1_BALANCED_seed024,55d8920684214824a8222edcd4001cb6e2f327d339b5a2d729ae341c2c3bf85b,31.727,63.824,195.486,402.883,25,52,0.3064,0.1248,60.0,33.087,93.087,153.087,160.0,100.0,5.461,0.0,1.0,0.314,0.368,0.138,2549.026217,1.490195,0.0,197,1407456,1407456,1.0,1796,1796,1.0,119604,0,1,S10|M1_BALANCED|24|A|L1|F3,true,false,false,/home/cyfer/FYP/WSN_simulation_V3/runs/S10_5000/outputs_production_50seed_part21_25/run_campaign_v3_S10_M1_BALANCED_A_L1_F3_H3_seed024_24_20260603_090012
campaign_v3_S10_M1_BALANCED_A_L1_F3_H3_seed025,campaign_v3_S10_M1_BALANCED_A_L1_F3_H3_seed025_25_20260603_090147,S10,5000,200,6,M1_BALANCED,25,A,L1,F3,H3,V3,map_S10_M1_BALANCED_seed025,a6070a82141efbfff571ed9fc68080ae838bf177280ca83a1cafe20936931325,32.165,63.676,197.099,391.974,25,47,0.3114,0.1258,60.0,35.386,95.386,155.386,160.0,100.0,7.664,0.0,1.0,0.674,0.742,0.138,2562.936561,1.487413,0.0,198,1403931,1403931,1.0,1796,1796,1.0,119229,0,1,S10|M1_BALANCED|25|A|L1|F3,true,false,false,/home/cyfer/FYP/WSN_simulation_V3/runs/S10_5000/outputs_production_50seed_part21_25/run_campaign_v3_S10_M1_BALANCED_A_L1_F3_H3_seed025_25_20260603_090147
campaign_v3_S10_M1_BALANCED_A_L1_F3_H4_seed021,campaign_v3_S10_M1_BALANCED_A_L1_F3_H4_seed021_21_20260603_085521,S10,5000,200,6,M1_BALANCED,21,A,L1,F3,H4,V3,map_S10_M1_BALANCED_seed021,8ca34c01c62cf1db43d62e6d1ff019e5c7673658f2ce4922733e6f1bf9b00ff1,31.924,63.1,194.101,409.835,25,46,0.2988,0.1228,60.0,37.672,97.672,157.672,160.0,100.0,6.142,0.0,1.0,0.422,0.441,0.184,2557.620033,1.488476,0.0,199,1406751,1406751,1.0,1796,1796,1.0,119529,0,1,S10|M1_BALANCED|21|A|L1|F3,true,false,false,/home/cyfer/FYP/WSN_simulation_V3/runs/S10_5000/outputs_production_50seed_part21_25/run_campaign_v3_S10_M1_BALANCED_A_L1_F3_H4_seed021_21_20260603_085521
campaign_v3_S10_M1_BALANCED_A_L1_F3_H4_seed022,campaign_v3_S10_M1_BALANCED_A_L1_F3_H4_seed022_22_20260603_085700,S10,5000,200,6,M1_BALANCED,22,A,L1,F3,H4,V3,map_S10_M1_BALANCED_seed022,fa43fc7c2836f4cd3ee5406187de328c20cc9399e2067908cb315e3b900817a9,32.701,67.398,193.618,392.644,25,50,0.3535,0.1352,60.0,38.074,98.074,158.074,160.0,100.0,6.392,0.0,1.0,0.469,0.549,0.112,2588.319775,1.482336,0.0,197,1405811,1405811,1.0,1796,1796,1.0,119429,0,1,S10|M1_BALANCED|22|A|L1|F3,true,false,false,/home/cyfer/FYP/WSN_simulation_V3/runs/S10_5000/outputs_production_50seed_part21_25/run_campaign_v3_S10_M1_BALANCED_A_L1_F3_H4_seed022_22_20260603_085700
campaign_v3_S10_M1_BALANCED_A_L1_F3_H4_seed023,campaign_v3_S10_M1_BALANCED_A_L1_F3_H4_seed023_23_20260603_085836,S10,5000,200,6,M1_BALANCED,23,A,L1,F3,H4,V3,map_S10_M1_BALANCED_seed023,b6c6bfbf7ecce212df52c3b9437c02a18e0d511955aeaa74ed610b73475af4f6,32.14,61.948,196.058,409.602,25,51,0.313,0.1326,60.0,38.18,98.18,158.18,160.0,100.0,6.795,0.0,1.0,0.52,0.609,0.136,2563.903508,1.487219,0.0,198,1405106,1405106,1.0,1796,1796,1.0,119354,0,1,S10|M1_BALANCED|23|A|L1|F3,true,false,false,/home/cyfer/FYP/WSN_simulation_V3/runs/S10_5000/outputs_production_50seed_part21_25/run_campaign_v3_S10_M1_BALANCED_A_L1_F3_H4_seed023_23_20260603_085836
campaign_v3_S10_M1_BALANCED_A_L1_F3_H4_seed024,campaign_v3_S10_M1_BALANCED_A_L1_F3_H4_seed024_24_20260603_090013,S10,5000,200,6,M1_BALANCED,24,A,L1,F3,H4,V3,map_S10_M1_BALANCED_seed024,55d8920684214824a8222edcd4001cb6e2f327d339b5a2d729ae341c2c3bf85b,31.727,63.824,195.486,402.883,25,52,0.3064,0.1248,60.0,36.852,96.852,156.852,160.0,100.0,5.461,0.0,1.0,0.314,0.368,0.138,2549.027009,1.490195,0.0,197,1407456,1407456,1.0,1796,1796,1.0,119604,0,1,S10|M1_BALANCED|24|A|L1|F3,true,false,false,/home/cyfer/FYP/WSN_simulation_V3/runs/S10_5000/outputs_production_50seed_part21_25/run_campaign_v3_S10_M1_BALANCED_A_L1_F3_H4_seed024_24_20260603_090013
campaign_v3_S10_M1_BALANCED_A_L1_F3_H4_seed025,campaign_v3_S10_M1_BALANCED_A_L1_F3_H4_seed025_25_20260603_090148,S10,5000,200,6,M1_BALANCED,25,A,L1,F3,H4,V3,map_S10_M1_BALANCED_seed025,a6070a82141efbfff571ed9fc68080ae838bf177280ca83a1cafe20936931325,32.165,63.676,197.099,391.974,25,47,0.3114,0.1258,60.0,38.832,98.832,158.832,160.0,100.0,7.664,0.0,1.0,0.674,0.742,0.138,2562.931082,1.487414,0.0,198,1403931,1403931,1.0,1796,1796,1.0,119229,0,1,S10|M1_BALANCED|25|A|L1|F3,true,false,false,/home/cyfer/FYP/WSN_simulation_V3/runs/S10_5000/outputs_production_50seed_part21_25/run_campaign_v3_S10_M1_BALANCED_A_L1_F3_H4_seed025_25_20260603_090148
campaign_v3_S10_M1_BALANCED_A_L1_F4_H0_seed021,campaign_v3_S10_M1_BALANCED_A_L1_F4_H0_seed021_21_20260603_085506,S10,5000,200,6,M1_BALANCED,21,A,L1,F4,H0,V2,map_S10_M1_BALANCED_seed021,8ca34c01c62cf1db43d62e6d1ff019e5c7673658f2ce4922733e6f1bf9b00ff1,31.924,63.1,194.101,409.835,25,46,0.2988,0.1228,60.0,-1.0,-1.0,-1.0,-1.0,-1.0,0.0,0.0,0.0,0.0,0.0,0.0,2554.594415,1.489081,0.0,199,1404855,1404855,1.0,1792,1792,1.0,120135,1,0,S10|M1_BALANCED|21|A|L1|F4,false,false,true,/home/cyfer/FYP/WSN_simulation_V3/runs/S10_5000/outputs_production_50seed_part21_25/run_campaign_v3_S10_M1_BALANCED_A_L1_F4_H0_seed021_21_20260603_085506
campaign_v3_S10_M1_BALANCED_A_L1_F4_H0_seed022,campaign_v3_S10_M1_BALANCED_A_L1_F4_H0_seed022_22_20260603_085644,S10,5000,200,6,M1_BALANCED,22,A,L1,F4,H0,V2,map_S10_M1_BALANCED_seed022,fa43fc7c2836f4cd3ee5406187de328c20cc9399e2067908cb315e3b900817a9,32.701,67.398,193.618,392.644,25,50,0.3535,0.1352,60.0,-1.0,-1.0,-1.0,-1.0,-1.0,0.0,0.0,0.0,0.0,0.0,0.0,2588.348039,1.48233,0.0,197,1405560,1405560,1.0,1792,1792,1.0,120120,1,0,S10|M1_BALANCED|22|A|L1|F4,false,false,true,/home/cyfer/FYP/WSN_simulation_V3/runs/S10_5000/outputs_production_50seed_part21_25/run_campaign_v3_S10_M1_BALANCED_A_L1_F4_H0_seed022_22_20260603_085644
campaign_v3_S10_M1_BALANCED_A_L1_F4_H0_seed023,campaign_v3_S10_M1_BALANCED_A_L1_F4_H0_seed023_23_20260603_085821,S10,5000,200,6,M1_BALANCED,23,A,L1,F4,H0,V2,map_S10_M1_BALANCED_seed023,b6c6bfbf7ecce212df52c3b9437c02a18e0d511955aeaa74ed610b73475af4f6,32.14,61.948,196.058,409.602,25,51,0.313,0.1326,60.0,-1.0,-1.0,-1.0,-1.0,-1.0,0.0,0.0,0.0,0.0,0.0,0.0,2559.812485,1.488038,0.0,199,1402505,1402505,1.0,1792,1792,1.0,120185,1,0,S10|M1_BALANCED|23|A|L1|F4,false,false,true,/home/cyfer/FYP/WSN_simulation_V3/runs/S10_5000/outputs_production_50seed_part21_25/run_campaign_v3_S10_M1_BALANCED_A_L1_F4_H0_seed023_23_20260603_085821
campaign_v3_S10_M1_BALANCED_A_L1_F4_H0_seed024,campaign_v3_S10_M1_BALANCED_A_L1_F4_H0_seed024_24_20260603_085958,S10,5000,200,6,M1_BALANCED,24,A,L1,F4,H0,V2,map_S10_M1_BALANCED_seed024,55d8920684214824a8222edcd4001cb6e2f327d339b5a2d729ae341c2c3bf85b,31.727,63.824,195.486,402.883,25,52,0.3064,0.1248,60.0,-1.0,-1.0,-1.0,-1.0,-1.0,0.0,0.0,0.0,0.0,0.0,0.0,2544.487828,1.491102,0.0,197,1404620,1404620,1.0,1792,1792,1.0,120140,1,0,S10|M1_BALANCED|24|A|L1|F4,false,false,true,/home/cyfer/FYP/WSN_simulation_V3/runs/S10_5000/outputs_production_50seed_part21_25/run_campaign_v3_S10_M1_BALANCED_A_L1_F4_H0_seed024_24_20260603_085958
campaign_v3_S10_M1_BALANCED_A_L1_F4_H0_seed025,campaign_v3_S10_M1_BALANCED_A_L1_F4_H0_seed025_25_20260603_090133,S10,5000,200,6,M1_BALANCED,25,A,L1,F4,H0,V2,map_S10_M1_BALANCED_seed025,a6070a82141efbfff571ed9fc68080ae838bf177280ca83a1cafe20936931325,32.165,63.676,197.099,391.974,25,47,0.3114,0.1258,60.0,-1.0,-1.0,-1.0,-1.0,-1.0,0.0,0.0,0.0,0.0,0.0,0.0,2568.470916,1.486306,0.0,198,1408145,1408145,1.0,1792,1792,1.0,120065,1,0,S10|M1_BALANCED|25|A|L1|F4,false,false,true,/home/cyfer/FYP/WSN_simulation_V3/runs/S10_5000/outputs_production_50seed_part21_25/run_campaign_v3_S10_M1_BALANCED_A_L1_F4_H0_seed025_25_20260603_090133
campaign_v3_S10_M1_BALANCED_A_L1_F4_H1_seed021,campaign_v3_S10_M1_BALANCED_A_L1_F4_H1_seed021_21_20260603_085522,S10,5000,200,6,M1_BALANCED,21,A,L1,F4,H1,V3,map_S10_M1_BALANCED_seed021,8ca34c01c62cf1db43d62e6d1ff019e5c7673658f2ce4922733e6f1bf9b00ff1,31.924,63.1,194.101,409.835,25,46,0.2988,0.1228,60.0,34.891,94.891,154.891,160.0,100.0,7.114,0.0,1.0,0.6,0.638,0.134,2556.601572,1.48868,0.0,199,1405546,1405546,1.0,1796,1796,1.0,119329,0,1,S10|M1_BALANCED|21|A|L1|F4,true,false,false,/home/cyfer/FYP/WSN_simulation_V3/runs/S10_5000/outputs_production_50seed_part21_25/run_campaign_v3_S10_M1_BALANCED_A_L1_F4_H1_seed021_21_20260603_085522
campaign_v3_S10_M1_BALANCED_A_L1_F4_H1_seed022,campaign_v3_S10_M1_BALANCED_A_L1_F4_H1_seed022_22_20260603_085701,S10,5000,200,6,M1_BALANCED,22,A,L1,F4,H1,V3,map_S10_M1_BALANCED_seed022,fa43fc7c2836f4cd3ee5406187de328c20cc9399e2067908cb315e3b900817a9,32.701,67.398,193.618,392.644,25,50,0.3535,0.1352,60.0,34.484,94.484,154.484,160.0,100.0,6.534,0.0,1.0,0.49,0.555,0.133,2589.965248,1.482007,0.0,197,1406176,1406176,1.0,1796,1796,1.0,119404,0,1,S10|M1_BALANCED|22|A|L1|F4,true,false,false,/home/cyfer/FYP/WSN_simulation_V3/runs/S10_5000/outputs_production_50seed_part21_25/run_campaign_v3_S10_M1_BALANCED_A_L1_F4_H1_seed022_22_20260603_085701
campaign_v3_S10_M1_BALANCED_A_L1_F4_H1_seed023,campaign_v3_S10_M1_BALANCED_A_L1_F4_H1_seed023_23_20260603_085837,S10,5000,200,6,M1_BALANCED,23,A,L1,F4,H1,V3,map_S10_M1_BALANCED_seed023,b6c6bfbf7ecce212df52c3b9437c02a18e0d511955aeaa74ed610b73475af4f6,32.14,61.948,196.058,409.602,25,51,0.313,0.1326,60.0,35.79,95.79,155.79,160.0,100.0,8.24,0.0,1.0,0.74,0.877,0.129,2562.297669,1.48754,0.0,199,1403409,1403409,1.0,1796,1796,1.0,119079,0,1,S10|M1_BALANCED|23|A|L1|F4,true,false,false,/home/cyfer/FYP/WSN_simulation_V3/runs/S10_5000/outputs_production_50seed_part21_25/run_campaign_v3_S10_M1_BALANCED_A_L1_F4_H1_seed023_23_20260603_085837
campaign_v3_S10_M1_BALANCED_A_L1_F4_H1_seed024,campaign_v3_S10_M1_BALANCED_A_L1_F4_H1_seed024_24_20260603_090014,S10,5000,200,6,M1_BALANCED,24,A,L1,F4,H1,V3,map_S10_M1_BALANCED_seed024,55d8920684214824a8222edcd4001cb6e2f327d339b5a2d729ae341c2c3bf85b,31.727,63.824,195.486,402.883,25,52,0.3064,0.1248,60.0,34.188,94.188,154.188,160.0,100.0,7.02,0.0,1.0,0.549,0.664,0.127,2546.435179,1.490713,0.0,197,1405336,1405336,1.0,1796,1796,1.0,119304,0,1,S10|M1_BALANCED|24|A|L1|F4,true,false,false,/home/cyfer/FYP/WSN_simulation_V3/runs/S10_5000/outputs_production_50seed_part21_25/run_campaign_v3_S10_M1_BALANCED_A_L1_F4_H1_seed024_24_20260603_090014
campaign_v3_S10_M1_BALANCED_A_L1_F4_H1_seed025,campaign_v3_S10_M1_BALANCED_A_L1_F4_H1_seed025_25_20260603_090149,S10,5000,200,6,M1_BALANCED,25,A,L1,F4,H1,V3,map_S10_M1_BALANCED_seed025,a6070a82141efbfff571ed9fc68080ae838bf177280ca83a1cafe20936931325,32.165,63.676,197.099,391.974,25,47,0.3114,0.1258,60.0,33.175,93.175,153.175,160.0,100.0,5.202,0.0,1.0,0.283,0.318,0.134,2569.400811,1.48612,0.0,198,1408499,1408499,1.0,1796,1796,1.0,119679,0,1,S10|M1_BALANCED|25|A|L1|F4,true,false,false,/home/cyfer/FYP/WSN_simulation_V3/runs/S10_5000/outputs_production_50seed_part21_25/run_campaign_v3_S10_M1_BALANCED_A_L1_F4_H1_seed025_25_20260603_090149
campaign_v3_S10_M1_BALANCED_A_L1_F4_H3_seed021,campaign_v3_S10_M1_BALANCED_A_L1_F4_H3_seed021_21_20260603_085523,S10,5000,200,6,M1_BALANCED,21,A,L1,F4,H3,V3,map_S10_M1_BALANCED_seed021,8ca34c01c62cf1db43d62e6d1ff019e5c7673658f2ce4922733e6f1bf9b00ff1,31.924,63.1,194.101,409.835,25,46,0.2988,0.1228,60.0,40.417,100.417,160.417,170.0,110.0,7.114,0.0,1.0,0.6,0.638,0.134,2555.531662,1.488894,0.0,199,1405137,1405137,1.0,1796,1796,1.0,119329,0,1,S10|M1_BALANCED|21|A|L1|F4,true,false,false,/home/cyfer/FYP/WSN_simulation_V3/runs/S10_5000/outputs_production_50seed_part21_25/run_campaign_v3_S10_M1_BALANCED_A_L1_F4_H3_seed021_21_20260603_085523
campaign_v3_S10_M1_BALANCED_A_L1_F4_H3_seed022,campaign_v3_S10_M1_BALANCED_A_L1_F4_H3_seed022_22_20260603_085702,S10,5000,200,6,M1_BALANCED,22,A,L1,F4,H3,V3,map_S10_M1_BALANCED_seed022,fa43fc7c2836f4cd3ee5406187de328c20cc9399e2067908cb315e3b900817a9,32.701,67.398,193.618,392.644,25,50,0.3535,0.1352,60.0,39.769,99.769,159.769,160.0,100.0,6.534,0.0,1.0,0.49,0.555,0.133,2589.112199,1.482178,0.0,197,1405816,1405816,1.0,1796,1796,1.0,119404,0,1,S10|M1_BALANCED|22|A|L1|F4,true,false,false,/home/cyfer/FYP/WSN_simulation_V3/runs/S10_5000/outputs_production_50seed_part21_25/run_campaign_v3_S10_M1_BALANCED_A_L1_F4_H3_seed022_22_20260603_085702
campaign_v3_S10_M1_BALANCED_A_L1_F4_H3_seed023,campaign_v3_S10_M1_BALANCED_A_L1_F4_H3_seed023_23_20260603_085838,S10,5000,200,6,M1_BALANCED,23,A,L1,F4,H3,V3,map_S10_M1_BALANCED_seed023,b6c6bfbf7ecce212df52c3b9437c02a18e0d511955aeaa74ed610b73475af4f6,32.14,61.948,196.058,409.602,25,51,0.313,0.1326,60.0,41.876,101.876,161.876,170.0,110.0,8.24,0.0,1.0,0.74,0.877,0.129,2560.976503,1.487805,0.0,199,1402863,1402863,1.0,1796,1796,1.0,119079,0,1,S10|M1_BALANCED|23|A|L1|F4,true,false,false,/home/cyfer/FYP/WSN_simulation_V3/runs/S10_5000/outputs_production_50seed_part21_25/run_campaign_v3_S10_M1_BALANCED_A_L1_F4_H3_seed023_23_20260603_085838
campaign_v3_S10_M1_BALANCED_A_L1_F4_H3_seed024,campaign_v3_S10_M1_BALANCED_A_L1_F4_H3_seed024_24_20260603_090015,S10,5000,200,6,M1_BALANCED,24,A,L1,F4,H3,V3,map_S10_M1_BALANCED_seed024,55d8920684214824a8222edcd4001cb6e2f327d339b5a2d729ae341c2c3bf85b,31.727,63.824,195.486,402.883,25,52,0.3064,0.1248,60.0,40.786,100.786,160.786,170.0,110.0,7.02,0.0,1.0,0.549,0.664,0.127,2545.33542,1.490933,0.0,197,1404902,1404902,1.0,1796,1796,1.0,119304,0,1,S10|M1_BALANCED|24|A|L1|F4,true,false,false,/home/cyfer/FYP/WSN_simulation_V3/runs/S10_5000/outputs_production_50seed_part21_25/run_campaign_v3_S10_M1_BALANCED_A_L1_F4_H3_seed024_24_20260603_090015
campaign_v3_S10_M1_BALANCED_A_L1_F4_H3_seed025,campaign_v3_S10_M1_BALANCED_A_L1_F4_H3_seed025_25_20260603_090149,S10,5000,200,6,M1_BALANCED,25,A,L1,F4,H3,V3,map_S10_M1_BALANCED_seed025,a6070a82141efbfff571ed9fc68080ae838bf177280ca83a1cafe20936931325,32.165,63.676,197.099,391.974,25,47,0.3114,0.1258,60.0,38.443,98.443,158.443,160.0,100.0,5.202,0.0,1.0,0.283,0.318,0.134,2568.947797,1.48621,0.0,198,1408308,1408308,1.0,1796,1796,1.0,119679,0,1,S10|M1_BALANCED|25|A|L1|F4,true,false,false,/home/cyfer/FYP/WSN_simulation_V3/runs/S10_5000/outputs_production_50seed_part21_25/run_campaign_v3_S10_M1_BALANCED_A_L1_F4_H3_seed025_25_20260603_090149
campaign_v3_S10_M1_BALANCED_A_L1_F4_H4_seed021,campaign_v3_S10_M1_BALANCED_A_L1_F4_H4_seed021_21_20260603_085524,S10,5000,200,6,M1_BALANCED,21,A,L1,F4,H4,V3,map_S10_M1_BALANCED_seed021,8ca34c01c62cf1db43d62e6d1ff019e5c7673658f2ce4922733e6f1bf9b00ff1,31.924,63.1,194.101,409.835,25,46,0.2988,0.1228,60.0,44.755,104.755,164.755,170.0,110.0,7.114,0.0,1.0,0.6,0.638,0.134,2549.123791,1.490175,0.0,199,1401002,1401002,1.0,1796,1796,1.0,118508,0,1,S10|M1_BALANCED|21|A|L1|F4,true,false,false,/home/cyfer/FYP/WSN_simulation_V3/runs/S10_5000/outputs_production_50seed_part21_25/run_campaign_v3_S10_M1_BALANCED_A_L1_F4_H4_seed021_21_20260603_085524
campaign_v3_S10_M1_BALANCED_A_L1_F4_H4_seed022,campaign_v3_S10_M1_BALANCED_A_L1_F4_H4_seed022_22_20260603_085703,S10,5000,200,6,M1_BALANCED,22,A,L1,F4,H4,V3,map_S10_M1_BALANCED_seed022,fa43fc7c2836f4cd3ee5406187de328c20cc9399e2067908cb315e3b900817a9,32.701,67.398,193.618,392.644,25,50,0.3535,0.1352,60.0,43.802,103.802,163.802,170.0,110.0,6.534,0.0,1.0,0.49,0.555,0.133,2581.84135,1.483632,0.0,197,1401260,1401260,1.0,1796,1796,1.0,118508,0,1,S10|M1_BALANCED|22|A|L1|F4,true,false,false,/home/cyfer/FYP/WSN_simulation_V3/runs/S10_5000/outputs_production_50seed_part21_25/run_campaign_v3_S10_M1_BALANCED_A_L1_F4_H4_seed022_22_20260603_085703
campaign_v3_S10_M1_BALANCED_A_L1_F4_H4_seed023,campaign_v3_S10_M1_BALANCED_A_L1_F4_H4_seed023_23_20260603_085839,S10,5000,200,6,M1_BALANCED,23,A,L1,F4,H4,V3,map_S10_M1_BALANCED_seed023,b6c6bfbf7ecce212df52c3b9437c02a18e0d511955aeaa74ed610b73475af4f6,32.14,61.948,196.058,409.602,25,51,0.313,0.1326,60.0,45.479,105.479,165.479,170.0,110.0,8.24,0.0,1.0,0.74,0.877,0.129,2556.769086,1.488646,0.0,199,1400088,1400088,1.0,1796,1796,1.0,118508,0,1,S10|M1_BALANCED|23|A|L1|F4,true,false,false,/home/cyfer/FYP/WSN_simulation_V3/runs/S10_5000/outputs_production_50seed_part21_25/run_campaign_v3_S10_M1_BALANCED_A_L1_F4_H4_seed023_23_20260603_085839
campaign_v3_S10_M1_BALANCED_A_L1_F4_H4_seed024,campaign_v3_S10_M1_BALANCED_A_L1_F4_H4_seed024_24_20260603_090016,S10,5000,200,6,M1_BALANCED,24,A,L1,F4,H4,V3,map_S10_M1_BALANCED_seed024,55d8920684214824a8222edcd4001cb6e2f327d339b5a2d729ae341c2c3bf85b,31.727,63.824,195.486,402.883,25,52,0.3064,0.1248,60.0,44.256,104.256,164.256,170.0,110.0,7.02,0.0,1.0,0.549,0.664,0.127,2538.174546,1.492365,0.0,197,1400262,1400262,1.0,1796,1796,1.0,118383,0,1,S10|M1_BALANCED|24|A|L1|F4,true,false,false,/home/cyfer/FYP/WSN_simulation_V3/runs/S10_5000/outputs_production_50seed_part21_25/run_campaign_v3_S10_M1_BALANCED_A_L1_F4_H4_seed024_24_20260603_090016
campaign_v3_S10_M1_BALANCED_A_L1_F4_H4_seed025,campaign_v3_S10_M1_BALANCED_A_L1_F4_H4_seed025_25_20260603_090150,S10,5000,200,6,M1_BALANCED,25,A,L1,F4,H4,V3,map_S10_M1_BALANCED_seed025,a6070a82141efbfff571ed9fc68080ae838bf177280ca83a1cafe20936931325,32.165,63.676,197.099,391.974,25,47,0.3114,0.1258,60.0,42.966,102.966,162.966,170.0,110.0,5.202,0.0,1.0,0.283,0.318,0.134,2561.850258,1.48763,0.0,198,1403910,1403910,1.0,1796,1796,1.0,118833,0,1,S10|M1_BALANCED|25|A|L1|F4,true,false,false,/home/cyfer/FYP/WSN_simulation_V3/runs/S10_5000/outputs_production_50seed_part21_25/run_campaign_v3_S10_M1_BALANCED_A_L1_F4_H4_seed025_25_20260603_090150
campaign_v3_S10_M1_BALANCED_A_L2_F0_H0_seed021,campaign_v3_S10_M1_BALANCED_A_L2_F0_H0_seed021_21_20260603_085525,S10,5000,200,6,M1_BALANCED,21,A,L2,F0,H0,V1,map_S10_M1_BALANCED_seed021,8ca34c01c62cf1db43d62e6d1ff019e5c7673658f2ce4922733e6f1bf9b00ff1,31.924,63.1,194.101,409.835,25,46,0.2988,0.1228,0.0,-1.0,-1.0,-1.0,-1.0,-1.0,0.0,0.0,0.0,0.0,0.0,0.0,3864.171674,1.227166,0.0,200,1411200,1411200,1.0,1800,1800,1.0,120000,0,0,S10|M1_BALANCED|21|A|L2|F0,false,true,false,/home/cyfer/FYP/WSN_simulation_V3/runs/S10_5000/outputs_production_50seed_part21_25/run_campaign_v3_S10_M1_BALANCED_A_L2_F0_H0_seed021_21_20260603_085525
campaign_v3_S10_M1_BALANCED_A_L2_F0_H0_seed022,campaign_v3_S10_M1_BALANCED_A_L2_F0_H0_seed022_22_20260603_085703,S10,5000,200,6,M1_BALANCED,22,A,L2,F0,H0,V1,map_S10_M1_BALANCED_seed022,fa43fc7c2836f4cd3ee5406187de328c20cc9399e2067908cb315e3b900817a9,32.701,67.398,193.618,392.644,25,50,0.3535,0.1352,0.0,-1.0,-1.0,-1.0,-1.0,-1.0,0.0,0.0,0.0,0.0,0.0,0.0,3917.349762,1.21653,0.0,198,1411200,1411200,1.0,1800,1800,1.0,120000,0,0,S10|M1_BALANCED|22|A|L2|F0,false,true,false,/home/cyfer/FYP/WSN_simulation_V3/runs/S10_5000/outputs_production_50seed_part21_25/run_campaign_v3_S10_M1_BALANCED_A_L2_F0_H0_seed022_22_20260603_085703
campaign_v3_S10_M1_BALANCED_A_L2_F0_H0_seed023,campaign_v3_S10_M1_BALANCED_A_L2_F0_H0_seed023_23_20260603_085839,S10,5000,200,6,M1_BALANCED,23,A,L2,F0,H0,V1,map_S10_M1_BALANCED_seed023,b6c6bfbf7ecce212df52c3b9437c02a18e0d511955aeaa74ed610b73475af4f6,32.14,61.948,196.058,409.602,25,51,0.313,0.1326,0.0,-1.0,-1.0,-1.0,-1.0,-1.0,0.0,0.0,0.0,0.0,0.0,0.0,3878.605349,1.224279,0.0,199,1411200,1411200,1.0,1800,1800,1.0,120000,0,0,S10|M1_BALANCED|23|A|L2|F0,false,true,false,/home/cyfer/FYP/WSN_simulation_V3/runs/S10_5000/outputs_production_50seed_part21_25/run_campaign_v3_S10_M1_BALANCED_A_L2_F0_H0_seed023_23_20260603_085839
campaign_v3_S10_M1_BALANCED_A_L2_F0_H0_seed024,campaign_v3_S10_M1_BALANCED_A_L2_F0_H0_seed024_24_20260603_090017,S10,5000,200,6,M1_BALANCED,24,A,L2,F0,H0,V1,map_S10_M1_BALANCED_seed024,55d8920684214824a8222edcd4001cb6e2f327d339b5a2d729ae341c2c3bf85b,31.727,63.824,195.486,402.883,25,52,0.3064,0.1248,0.0,-1.0,-1.0,-1.0,-1.0,-1.0,0.0,0.0,0.0,0.0,0.0,0.0,3850.141631,1.229972,0.0,198,1411200,1411200,1.0,1800,1800,1.0,120000,0,0,S10|M1_BALANCED|24|A|L2|F0,false,true,false,/home/cyfer/FYP/WSN_simulation_V3/runs/S10_5000/outputs_production_50seed_part21_25/run_campaign_v3_S10_M1_BALANCED_A_L2_F0_H0_seed024_24_20260603_090017
campaign_v3_S10_M1_BALANCED_A_L2_F0_H0_seed025,campaign_v3_S10_M1_BALANCED_A_L2_F0_H0_seed025_25_20260603_090151,S10,5000,200,6,M1_BALANCED,25,A,L2,F0,H0,V1,map_S10_M1_BALANCED_seed025,a6070a82141efbfff571ed9fc68080ae838bf177280ca83a1cafe20936931325,32.165,63.676,197.099,391.974,25,47,0.3114,0.1258,0.0,-1.0,-1.0,-1.0,-1.0,-1.0,0.0,0.0,0.0,0.0,0.0,0.0,3880.398919,1.22392,0.0,199,1411200,1411200,1.0,1800,1800,1.0,120000,0,0,S10|M1_BALANCED|25|A|L2|F0,false,true,false,/home/cyfer/FYP/WSN_simulation_V3/runs/S10_5000/outputs_production_50seed_part21_25/run_campaign_v3_S10_M1_BALANCED_A_L2_F0_H0_seed025_25_20260603_090151
campaign_v3_S10_M1_BALANCED_A_L2_F1_H0_seed021,campaign_v3_S10_M1_BALANCED_A_L2_F1_H0_seed021_21_20260603_085525,S10,5000,200,6,M1_BALANCED,21,A,L2,F1,H0,V2,map_S10_M1_BALANCED_seed021,8ca34c01c62cf1db43d62e6d1ff019e5c7673658f2ce4922733e6f1bf9b00ff1,31.924,63.1,194.101,409.835,25,46,0.2988,0.1228,60.0,-1.0,-1.0,-1.0,-1.0,-1.0,0.0,0.0,0.0,0.0,0.0,0.0,3847.785837,1.230298,0.0,200,1404855,1404855,1.0,1792,1792,1.0,120135,1,0,S10|M1_BALANCED|21|A|L2|F1,false,false,true,/home/cyfer/FYP/WSN_simulation_V3/runs/S10_5000/outputs_production_50seed_part21_25/run_campaign_v3_S10_M1_BALANCED_A_L2_F1_H0_seed021_21_20260603_085525
campaign_v3_S10_M1_BALANCED_A_L2_F1_H0_seed022,campaign_v3_S10_M1_BALANCED_A_L2_F1_H0_seed022_22_20260603_085704,S10,5000,200,6,M1_BALANCED,22,A,L2,F1,H0,V2,map_S10_M1_BALANCED_seed022,fa43fc7c2836f4cd3ee5406187de328c20cc9399e2067908cb315e3b900817a9,32.701,67.398,193.618,392.644,25,50,0.3535,0.1352,60.0,-1.0,-1.0,-1.0,-1.0,-1.0,0.0,0.0,0.0,0.0,0.0,0.0,3903.083849,1.219205,0.0,198,1405560,1405560,1.0,1792,1792,1.0,120120,1,0,S10|M1_BALANCED|22|A|L2|F1,false,false,true,/home/cyfer/FYP/WSN_simulation_V3/runs/S10_5000/outputs_production_50seed_part21_25/run_campaign_v3_S10_M1_BALANCED_A_L2_F1_H0_seed022_22_20260603_085704
campaign_v3_S10_M1_BALANCED_A_L2_F1_H0_seed023,campaign_v3_S10_M1_BALANCED_A_L2_F1_H0_seed023_23_20260603_085840,S10,5000,200,6,M1_BALANCED,23,A,L2,F1,H0,V2,map_S10_M1_BALANCED_seed023,b6c6bfbf7ecce212df52c3b9437c02a18e0d511955aeaa74ed610b73475af4f6,32.14,61.948,196.058,409.602,25,51,0.313,0.1326,60.0,-1.0,-1.0,-1.0,-1.0,-1.0,0.0,0.0,0.0,0.0,0.0,0.0,3856.463499,1.228658,0.0,199,1402505,1402505,1.0,1792,1792,1.0,120185,1,0,S10|M1_BALANCED|23|A|L2|F1,false,false,true,/home/cyfer/FYP/WSN_simulation_V3/runs/S10_5000/outputs_production_50seed_part21_25/run_campaign_v3_S10_M1_BALANCED_A_L2_F1_H0_seed023_23_20260603_085840
campaign_v3_S10_M1_BALANCED_A_L2_F1_H0_seed024,campaign_v3_S10_M1_BALANCED_A_L2_F1_H0_seed024_24_20260603_090018,S10,5000,200,6,M1_BALANCED,24,A,L2,F1,H0,V2,map_S10_M1_BALANCED_seed024,55d8920684214824a8222edcd4001cb6e2f327d339b5a2d729ae341c2c3bf85b,31.727,63.824,195.486,402.883,25,52,0.3064,0.1248,60.0,-1.0,-1.0,-1.0,-1.0,-1.0,0.0,0.0,0.0,0.0,0.0,0.0,3832.908797,1.233284,0.0,198,1404620,1404620,1.0,1792,1792,1.0,120140,1,0,S10|M1_BALANCED|24|A|L2|F1,false,false,true,/home/cyfer/FYP/WSN_simulation_V3/runs/S10_5000/outputs_production_50seed_part21_25/run_campaign_v3_S10_M1_BALANCED_A_L2_F1_H0_seed024_24_20260603_090018
campaign_v3_S10_M1_BALANCED_A_L2_F1_H0_seed025,campaign_v3_S10_M1_BALANCED_A_L2_F1_H0_seed025_25_20260603_090152,S10,5000,200,6,M1_BALANCED,25,A,L2,F1,H0,V2,map_S10_M1_BALANCED_seed025,a6070a82141efbfff571ed9fc68080ae838bf177280ca83a1cafe20936931325,32.165,63.676,197.099,391.974,25,47,0.3114,0.1258,60.0,-1.0,-1.0,-1.0,-1.0,-1.0,0.0,0.0,0.0,0.0,0.0,0.0,3870.899501,1.225547,0.0,199,1408145,1408145,1.0,1792,1792,1.0,120065,1,0,S10|M1_BALANCED|25|A|L2|F1,false,false,true,/home/cyfer/FYP/WSN_simulation_V3/runs/S10_5000/outputs_production_50seed_part21_25/run_campaign_v3_S10_M1_BALANCED_A_L2_F1_H0_seed025_25_20260603_090152
campaign_v3_S10_M1_BALANCED_A_L2_F1_H1_seed021,campaign_v3_S10_M1_BALANCED_A_L2_F1_H1_seed021_21_20260603_085531,S10,5000,200,6,M1_BALANCED,21,A,L2,F1,H1,V3,map_S10_M1_BALANCED_seed021,8ca34c01c62cf1db43d62e6d1ff019e5c7673658f2ce4922733e6f1bf9b00ff1,31.924,63.1,194.101,409.835,25,46,0.2988,0.1228,60.0,17.691,77.691,137.691,140.0,80.0,8.201,0.0,1.0,0.6,1.0,0.134,3861.063545,1.227642,0.0,201,1409094,1409094,1.0,1797,1797,1.0,120000,0,1,S10|M1_BALANCED|21|A|L2|F1,true,false,false,/home/cyfer/FYP/WSN_simulation_V3/runs/S10_5000/outputs_production_50seed_part21_25/run_campaign_v3_S10_M1_BALANCED_A_L2_F1_H1_seed021_21_20260603_085531
campaign_v3_S10_M1_BALANCED_A_L2_F1_H1_seed022,campaign_v3_S10_M1_BALANCED_A_L2_F1_H1_seed022_22_20260603_085711,S10,5000,200,6,M1_BALANCED,22,A,L2,F1,H1,V3,map_S10_M1_BALANCED_seed022,fa43fc7c2836f4cd3ee5406187de328c20cc9399e2067908cb315e3b900817a9,32.701,67.398,193.618,392.644,25,50,0.3535,0.1352,60.0,17.415,77.415,137.415,140.0,80.0,7.868,0.0,1.0,0.49,1.0,0.133,3913.637542,1.217095,0.0,199,1409328,1409328,1.0,1797,1797,1.0,120000,0,1,S10|M1_BALANCED|22|A|L2|F1,true,false,false,/home/cyfer/FYP/WSN_simulation_V3/runs/S10_5000/outputs_production_50seed_part21_25/run_campaign_v3_S10_M1_BALANCED_A_L2_F1_H1_seed022_22_20260603_085711
campaign_v3_S10_M1_BALANCED_A_L2_F1_H1_seed023,campaign_v3_S10_M1_BALANCED_A_L2_F1_H1_seed023_23_20260603_085846,S10,5000,200,6,M1_BALANCED,23,A,L2,F1,H1,V3,map_S10_M1_BALANCED_seed023,b6c6bfbf7ecce212df52c3b9437c02a18e0d511955aeaa74ed610b73475af4f6,32.14,61.948,196.058,409.602,25,51,0.313,0.1326,60.0,18.368,78.368,138.368,140.0,80.0,8.608,0.0,1.0,0.74,1.0,0.129,3872.663887,1.225418,0.0,200,1408277,1408277,1.0,1797,1797,1.0,120000,0,1,S10|M1_BALANCED|23|A|L2|F1,true,false,false,/home/cyfer/FYP/WSN_simulation_V3/runs/S10_5000/outputs_production_50seed_part21_25/run_campaign_v3_S10_M1_BALANCED_A_L2_F1_H1_seed023_23_20260603_085846
campaign_v3_S10_M1_BALANCED_A_L2_F1_H1_seed024,campaign_v3_S10_M1_BALANCED_A_L2_F1_H1_seed024_24_20260603_090023,S10,5000,200,6,M1_BALANCED,24,A,L2,F1,H1,V3,map_S10_M1_BALANCED_seed024,55d8920684214824a8222edcd4001cb6e2f327d339b5a2d729ae341c2c3bf85b,31.727,63.824,195.486,402.883,25,52,0.3064,0.1248,60.0,17.324,77.324,137.324,140.0,80.0,8.028,0.0,1.0,0.549,1.0,0.127,3845.506228,1.230764,0.0,199,1409016,1409016,1.0,1797,1797,1.0,120000,0,1,S10|M1_BALANCED|24|A|L2|F1,true,false,false,/home/cyfer/FYP/WSN_simulation_V3/runs/S10_5000/outputs_production_50seed_part21_25/run_campaign_v3_S10_M1_BALANCED_A_L2_F1_H1_seed024_24_20260603_090023
campaign_v3_S10_M1_BALANCED_A_L2_F1_H1_seed025,campaign_v3_S10_M1_BALANCED_A_L2_F1_H1_seed025_25_20260603_090157,S10,5000,200,6,M1_BALANCED,25,A,L2,F1,H1,V3,map_S10_M1_BALANCED_seed025,a6070a82141efbfff571ed9fc68080ae838bf177280ca83a1cafe20936931325,32.165,63.676,197.099,391.974,25,47,0.3114,0.1258,60.0,17.018,77.018,137.018,140.0,80.0,7.25,0.0,1.0,0.283,1.0,0.134,3877.340959,1.224259,0.0,200,1410186,1410186,1.0,1797,1797,1.0,120000,0,1,S10|M1_BALANCED|25|A|L2|F1,true,false,false,/home/cyfer/FYP/WSN_simulation_V3/runs/S10_5000/outputs_production_50seed_part21_25/run_campaign_v3_S10_M1_BALANCED_A_L2_F1_H1_seed025_25_20260603_090157
campaign_v3_S10_M1_BALANCED_A_L2_F1_H3_seed021,campaign_v3_S10_M1_BALANCED_A_L2_F1_H3_seed021_21_20260603_085535,S10,5000,200,6,M1_BALANCED,21,A,L2,F1,H3,V3,map_S10_M1_BALANCED_seed021,8ca34c01c62cf1db43d62e6d1ff019e5c7673658f2ce4922733e6f1bf9b00ff1,31.924,63.1,194.101,409.835,25,46,0.2988,0.1228,60.0,23.341,83.341,143.341,150.0,90.0,8.201,0.0,1.0,0.6,1.0,0.134,3855.390198,1.228777,0.0,201,1406969,1406969,1.0,1797,1797,1.0,119675,0,1,S10|M1_BALANCED|21|A|L2|F1,true,false,false,/home/cyfer/FYP/WSN_simulation_V3/runs/S10_5000/outputs_production_50seed_part21_25/run_campaign_v3_S10_M1_BALANCED_A_L2_F1_H3_seed021_21_20260603_085535
campaign_v3_S10_M1_BALANCED_A_L2_F1_H3_seed022,campaign_v3_S10_M1_BALANCED_A_L2_F1_H3_seed022_22_20260603_085714,S10,5000,200,6,M1_BALANCED,22,A,L2,F1,H3,V3,map_S10_M1_BALANCED_seed022,fa43fc7c2836f4cd3ee5406187de328c20cc9399e2067908cb315e3b900817a9,32.701,67.398,193.618,392.644,25,50,0.3535,0.1352,60.0,23.444,83.444,143.444,150.0,90.0,7.868,0.0,1.0,0.49,1.0,0.133,3908.930076,1.218036,0.0,199,1407372,1407372,1.0,1797,1797,1.0,119700,0,1,S10|M1_BALANCED|22|A|L2|F1,true,false,false,/home/cyfer/FYP/WSN_simulation_V3/runs/S10_5000/outputs_production_50seed_part21_25/run_campaign_v3_S10_M1_BALANCED_A_L2_F1_H3_seed022_22_20260603_085714
campaign_v3_S10_M1_BALANCED_A_L2_F1_H3_seed023,campaign_v3_S10_M1_BALANCED_A_L2_F1_H3_seed023_23_20260603_085849,S10,5000,200,6,M1_BALANCED,23,A,L2,F1,H3,V3,map_S10_M1_BALANCED_seed023,b6c6bfbf7ecce212df52c3b9437c02a18e0d511955aeaa74ed610b73475af4f6,32.14,61.948,196.058,409.602,25,51,0.313,0.1326,60.0,24.541,84.541,144.541,150.0,90.0,8.608,0.0,1.0,0.74,1.0,0.129,3865.612359,1.226828,0.0,200,1405355,1405355,1.0,1797,1797,1.0,119550,0,1,S10|M1_BALANCED|23|A|L2|F1,true,false,false,/home/cyfer/FYP/WSN_simulation_V3/runs/S10_5000/outputs_production_50seed_part21_25/run_campaign_v3_S10_M1_BALANCED_A_L2_F1_H3_seed023_23_20260603_085849
campaign_v3_S10_M1_BALANCED_A_L2_F1_H3_seed024,campaign_v3_S10_M1_BALANCED_A_L2_F1_H3_seed024_24_20260603_090027,S10,5000,200,6,M1_BALANCED,24,A,L2,F1,H3,V3,map_S10_M1_BALANCED_seed024,55d8920684214824a8222edcd4001cb6e2f327d339b5a2d729ae341c2c3bf85b,31.727,63.824,195.486,402.883,25,52,0.3064,0.1248,60.0,23.254,83.254,143.254,150.0,90.0,8.028,0.0,1.0,0.549,1.0,0.127,3839.498701,1.231966,0.0,199,1406734,1406734,1.0,1797,1797,1.0,119650,0,1,S10|M1_BALANCED|24|A|L2|F1,true,false,false,/home/cyfer/FYP/WSN_simulation_V3/runs/S10_5000/outputs_production_50seed_part21_25/run_campaign_v3_S10_M1_BALANCED_A_L2_F1_H3_seed024_24_20260603_090027
campaign_v3_S10_M1_BALANCED_A_L2_F1_H3_seed025,campaign_v3_S10_M1_BALANCED_A_L2_F1_H3_seed025_25_20260603_090201,S10,5000,200,6,M1_BALANCED,25,A,L2,F1,H3,V3,map_S10_M1_BALANCED_seed025,a6070a82141efbfff571ed9fc68080ae838bf177280ca83a1cafe20936931325,32.165,63.676,197.099,391.974,25,47,0.3114,0.1258,60.0,23.019,83.019,143.019,150.0,90.0,7.25,0.0,1.0,0.283,1.0,0.134,3874.279056,1.224871,0.0,199,1409202,1409202,1.0,1797,1797,1.0,119850,0,1,S10|M1_BALANCED|25|A|L2|F1,true,false,false,/home/cyfer/FYP/WSN_simulation_V3/runs/S10_5000/outputs_production_50seed_part21_25/run_campaign_v3_S10_M1_BALANCED_A_L2_F1_H3_seed025_25_20260603_090201
campaign_v3_S10_M1_BALANCED_A_L2_F1_H4_seed021,campaign_v3_S10_M1_BALANCED_A_L2_F1_H4_seed021_21_20260603_085538,S10,5000,200,6,M1_BALANCED,21,A,L2,F1,H4,V3,map_S10_M1_BALANCED_seed021,8ca34c01c62cf1db43d62e6d1ff019e5c7673658f2ce4922733e6f1bf9b00ff1,31.924,63.1,194.101,409.835,25,46,0.2988,0.1228,60.0,27.957,87.957,147.957,150.0,90.0,8.201,0.0,1.0,0.6,1.0,0.134,3848.100675,1.230235,0.0,201,1403993,1403993,1.0,1797,1797,1.0,119179,0,1,S10|M1_BALANCED|21|A|L2|F1,true,false,false,/home/cyfer/FYP/WSN_simulation_V3/runs/S10_5000/outputs_production_50seed_part21_25/run_campaign_v3_S10_M1_BALANCED_A_L2_F1_H4_seed021_21_20260603_085538
campaign_v3_S10_M1_BALANCED_A_L2_F1_H4_seed022,campaign_v3_S10_M1_BALANCED_A_L2_F1_H4_seed022_22_20260603_085718,S10,5000,200,6,M1_BALANCED,22,A,L2,F1,H4,V3,map_S10_M1_BALANCED_seed022,fa43fc7c2836f4cd3ee5406187de328c20cc9399e2067908cb315e3b900817a9,32.701,67.398,193.618,392.644,25,50,0.3535,0.1352,60.0,27.46,87.46,147.46,150.0,90.0,7.868,0.0,1.0,0.49,1.0,0.133,3899.414425,1.219939,0.0,199,1403816,1403816,1.0,1797,1797,1.0,119104,0,1,S10|M1_BALANCED|22|A|L2|F1,true,false,false,/home/cyfer/FYP/WSN_simulation_V3/runs/S10_5000/outputs_production_50seed_part21_25/run_campaign_v3_S10_M1_BALANCED_A_L2_F1_H4_seed022_22_20260603_085718
campaign_v3_S10_M1_BALANCED_A_L2_F1_H4_seed023,campaign_v3_S10_M1_BALANCED_A_L2_F1_H4_seed023_23_20260603_085853,S10,5000,200,6,M1_BALANCED,23,A,L2,F1,H4,V3,map_S10_M1_BALANCED_seed023,b6c6bfbf7ecce212df52c3b9437c02a18e0d511955aeaa74ed610b73475af4f6,32.14,61.948,196.058,409.602,25,51,0.313,0.1326,60.0,27.916,87.916,147.916,150.0,90.0,8.608,0.0,1.0,0.74,1.0,0.129,3863.43137,1.227265,0.0,200,1404583,1404583,1.0,1797,1797,1.0,119429,0,1,S10|M1_BALANCED|23|A|L2|F1,true,false,false,/home/cyfer/FYP/WSN_simulation_V3/runs/S10_5000/outputs_production_50seed_part21_25/run_campaign_v3_S10_M1_BALANCED_A_L2_F1_H4_seed023_23_20260603_085853
campaign_v3_S10_M1_BALANCED_A_L2_F1_H4_seed024,campaign_v3_S10_M1_BALANCED_A_L2_F1_H4_seed024_24_20260603_090030,S10,5000,200,6,M1_BALANCED,24,A,L2,F1,H4,V3,map_S10_M1_BALANCED_seed024,55d8920684214824a8222edcd4001cb6e2f327d339b5a2d729ae341c2c3bf85b,31.727,63.824,195.486,402.883,25,52,0.3064,0.1248,60.0,27.421,87.421,147.421,150.0,90.0,8.028,0.0,1.0,0.549,1.0,0.127,3831.123939,1.233641,0.0,199,1403317,1403317,1.0,1797,1797,1.0,119079,0,1,S10|M1_BALANCED|24|A|L2|F1,true,false,false,/home/cyfer/FYP/WSN_simulation_V3/runs/S10_5000/outputs_production_50seed_part21_25/run_campaign_v3_S10_M1_BALANCED_A_L2_F1_H4_seed024_24_20260603_090030
campaign_v3_S10_M1_BALANCED_A_L2_F1_H4_seed025,campaign_v3_S10_M1_BALANCED_A_L2_F1_H4_seed025_25_20260603_090204,S10,5000,200,6,M1_BALANCED,25,A,L2,F1,H4,V3,map_S10_M1_BALANCED_seed025,a6070a82141efbfff571ed9fc68080ae838bf177280ca83a1cafe20936931325,32.165,63.676,197.099,391.974,25,47,0.3114,0.1258,60.0,26.945,86.945,146.945,150.0,90.0,7.25,0.0,1.0,0.283,1.0,0.134,3864.028643,1.226921,0.0,200,1405057,1405057,1.0,1797,1797,1.0,119154,0,1,S10|M1_BALANCED|25|A|L2|F1,true,false,false,/home/cyfer/FYP/WSN_simulation_V3/runs/S10_5000/outputs_production_50seed_part21_25/run_campaign_v3_S10_M1_BALANCED_A_L2_F1_H4_seed025_25_20260603_090204
campaign_v3_S10_M1_BALANCED_A_L2_F2_H0_seed021,campaign_v3_S10_M1_BALANCED_A_L2_F2_H0_seed021_21_20260603_085529,S10,5000,200,6,M1_BALANCED,21,A,L2,F2,H0,V2,map_S10_M1_BALANCED_seed021,8ca34c01c62cf1db43d62e6d1ff019e5c7673658f2ce4922733e6f1bf9b00ff1,31.924,63.1,194.101,409.835,25,46,0.2988,0.1228,60.0,-1.0,-1.0,-1.0,-1.0,-1.0,0.0,0.0,0.0,0.0,0.0,0.0,3844.085142,1.231183,0.0,199,1403445,1403445,1.0,1792,1792,1.0,120165,1,0,S10|M1_BALANCED|21|A|L2|F2,false,false,true,/home/cyfer/FYP/WSN_simulation_V3/runs/S10_5000/outputs_production_50seed_part21_25/run_campaign_v3_S10_M1_BALANCED_A_L2_F2_H0_seed021_21_20260603_085529
campaign_v3_S10_M1_BALANCED_A_L2_F2_H0_seed022,campaign_v3_S10_M1_BALANCED_A_L2_F2_H0_seed022_22_20260603_085708,S10,5000,200,6,M1_BALANCED,22,A,L2,F2,H0,V2,map_S10_M1_BALANCED_seed022,fa43fc7c2836f4cd3ee5406187de328c20cc9399e2067908cb315e3b900817a9,32.701,67.398,193.618,392.644,25,50,0.3535,0.1352,60.0,-1.0,-1.0,-1.0,-1.0,-1.0,0.0,0.0,0.0,0.0,0.0,0.0,3895.151575,1.22097,0.0,198,1402740,1402740,1.0,1792,1792,1.0,120180,1,0,S10|M1_BALANCED|22|A|L2|F2,false,false,true,/home/cyfer/FYP/WSN_simulation_V3/runs/S10_5000/outputs_production_50seed_part21_25/run_campaign_v3_S10_M1_BALANCED_A_L2_F2_H0_seed022_22_20260603_085708
campaign_v3_S10_M1_BALANCED_A_L2_F2_H0_seed023,campaign_v3_S10_M1_BALANCED_A_L2_F2_H0_seed023_23_20260603_085844,S10,5000,200,6,M1_BALANCED,23,A,L2,F2,H0,V2,map_S10_M1_BALANCED_seed023,b6c6bfbf7ecce212df52c3b9437c02a18e0d511955aeaa74ed610b73475af4f6,32.14,61.948,196.058,409.602,25,51,0.313,0.1326,60.0,-1.0,-1.0,-1.0,-1.0,-1.0,0.0,0.0,0.0,0.0,0.0,0.0,3864.157564,1.227168,0.0,198,1405795,1405795,1.0,1792,1792,1.0,120115,1,0,S10|M1_BALANCED|23|A|L2|F2,false,false,true,/home/cyfer/FYP/WSN_simulation_V3/runs/S10_5000/outputs_production_50seed_part21_25/run_campaign_v3_S10_M1_BALANCED_A_L2_F2_H0_seed023_23_20260603_085844
campaign_v3_S10_M1_BALANCED_A_L2_F2_H0_seed024,campaign_v3_S10_M1_BALANCED_A_L2_F2_H0_seed024_24_20260603_090021,S10,5000,200,6,M1_BALANCED,24,A,L2,F2,H0,V2,map_S10_M1_BALANCED_seed024,55d8920684214824a8222edcd4001cb6e2f327d339b5a2d729ae341c2c3bf85b,31.727,63.824,195.486,402.883,25,52,0.3064,0.1248,60.0,-1.0,-1.0,-1.0,-1.0,-1.0,0.0,0.0,0.0,0.0,0.0,0.0,3827.901977,1.23442,0.0,198,1402505,1402505,1.0,1792,1792,1.0,120185,1,0,S10|M1_BALANCED|24|A|L2|F2,false,false,true,/home/cyfer/FYP/WSN_simulation_V3/runs/S10_5000/outputs_production_50seed_part21_25/run_campaign_v3_S10_M1_BALANCED_A_L2_F2_H0_seed024_24_20260603_090021
campaign_v3_S10_M1_BALANCED_A_L2_F2_H0_seed025,campaign_v3_S10_M1_BALANCED_A_L2_F2_H0_seed025_25_20260603_090155,S10,5000,200,6,M1_BALANCED,25,A,L2,F2,H0,V2,map_S10_M1_BALANCED_seed025,a6070a82141efbfff571ed9fc68080ae838bf177280ca83a1cafe20936931325,32.165,63.676,197.099,391.974,25,47,0.3114,0.1258,60.0,-1.0,-1.0,-1.0,-1.0,-1.0,0.0,0.0,0.0,0.0,0.0,0.0,3859.233075,1.228153,0.0,199,1403210,1403210,1.0,1792,1792,1.0,120170,1,0,S10|M1_BALANCED|25|A|L2|F2,false,false,true,/home/cyfer/FYP/WSN_simulation_V3/runs/S10_5000/outputs_production_50seed_part21_25/run_campaign_v3_S10_M1_BALANCED_A_L2_F2_H0_seed025_25_20260603_090155
campaign_v3_S10_M1_BALANCED_A_L2_F2_H1_seed021,campaign_v3_S10_M1_BALANCED_A_L2_F2_H1_seed021_21_20260603_085542,S10,5000,200,6,M1_BALANCED,21,A,L2,F2,H1,V3,map_S10_M1_BALANCED_seed021,8ca34c01c62cf1db43d62e6d1ff019e5c7673658f2ce4922733e6f1bf9b00ff1,31.924,63.1,194.101,409.835,25,46,0.2988,0.1228,60.0,24.894,84.894,144.894,150.0,90.0,7.736,0.0,1.0,0.733,0.786,0.059,3858.234416,1.228353,0.0,200,1408395,1408395,1.0,1797,1797,1.0,120000,0,1,S10|M1_BALANCED|21|A|L2|F2,true,false,false,/home/cyfer/FYP/WSN_simulation_V3/runs/S10_5000/outputs_production_50seed_part21_25/run_campaign_v3_S10_M1_BALANCED_A_L2_F2_H1_seed021_21_20260603_085542
campaign_v3_S10_M1_BALANCED_A_L2_F2_H1_seed022,campaign_v3_S10_M1_BALANCED_A_L2_F2_H1_seed022_22_20260603_085721,S10,5000,200,6,M1_BALANCED,22,A,L2,F2,H1,V3,map_S10_M1_BALANCED_seed022,fa43fc7c2836f4cd3ee5406187de328c20cc9399e2067908cb315e3b900817a9,32.701,67.398,193.618,392.644,25,50,0.3535,0.1352,60.0,25.257,85.257,145.257,150.0,90.0,8.162,0.0,1.0,0.735,0.864,0.122,3910.840748,1.217832,0.0,199,1408104,1408104,1.0,1797,1797,1.0,120000,0,1,S10|M1_BALANCED|22|A|L2|F2,true,false,false,/home/cyfer/FYP/WSN_simulation_V3/runs/S10_5000/outputs_production_50seed_part21_25/run_campaign_v3_S10_M1_BALANCED_A_L2_F2_H1_seed022_22_20260603_085721
campaign_v3_S10_M1_BALANCED_A_L2_F2_H1_seed023,campaign_v3_S10_M1_BALANCED_A_L2_F2_H1_seed023_23_20260603_085857,S10,5000,200,6,M1_BALANCED,23,A,L2,F2,H1,V3,map_S10_M1_BALANCED_seed023,b6c6bfbf7ecce212df52c3b9437c02a18e0d511955aeaa74ed610b73475af4f6,32.14,61.948,196.058,409.602,25,51,0.313,0.1326,60.0,24.019,84.019,144.019,150.0,90.0,6.441,0.0,1.0,0.46,0.546,0.141,3874.2569,1.225149,0.0,199,1409245,1409245,1.0,1797,1797,1.0,120000,0,1,S10|M1_BALANCED|23|A|L2|F2,true,false,false,/home/cyfer/FYP/WSN_simulation_V3/runs/S10_5000/outputs_production_50seed_part21_25/run_campaign_v3_S10_M1_BALANCED_A_L2_F2_H1_seed023_23_20260603_085857
campaign_v3_S10_M1_BALANCED_A_L2_F2_H1_seed024,campaign_v3_S10_M1_BALANCED_A_L2_F2_H1_seed024_24_20260603_090034,S10,5000,200,6,M1_BALANCED,24,A,L2,F2,H1,V3,map_S10_M1_BALANCED_seed024,55d8920684214824a8222edcd4001cb6e2f327d339b5a2d729ae341c2c3bf85b,31.727,63.824,195.486,402.883,25,52,0.3064,0.1248,60.0,25.798,85.798,145.798,150.0,90.0,8.493,0.0,1.0,0.725,0.881,0.225,3843.529265,1.231294,0.0,199,1408018,1408018,1.0,1797,1797,1.0,120000,0,1,S10|M1_BALANCED|24|A|L2|F2,true,false,false,/home/cyfer/FYP/WSN_simulation_V3/runs/S10_5000/outputs_production_50seed_part21_25/run_campaign_v3_S10_M1_BALANCED_A_L2_F2_H1_seed024_24_20260603_090034
campaign_v3_S10_M1_BALANCED_A_L2_F2_H1_seed025,campaign_v3_S10_M1_BALANCED_A_L2_F2_H1_seed025_25_20260603_090208,S10,5000,200,6,M1_BALANCED,25,A,L2,F2,H1,V3,map_S10_M1_BALANCED_seed025,a6070a82141efbfff571ed9fc68080ae838bf177280ca83a1cafe20936931325,32.165,63.676,197.099,391.974,25,47,0.3114,0.1258,60.0,26.039,86.039,146.039,150.0,90.0,8.172,0.0,1.0,0.739,0.821,0.164,3874.430429,1.225114,0.0,200,1408242,1408242,1.0,1797,1797,1.0,120000,0,1,S10|M1_BALANCED|25|A|L2|F2,true,false,false,/home/cyfer/FYP/WSN_simulation_V3/runs/S10_5000/outputs_production_50seed_part21_25/run_campaign_v3_S10_M1_BALANCED_A_L2_F2_H1_seed025_25_20260603_090208
campaign_v3_S10_M1_BALANCED_A_L2_F2_H3_seed021,campaign_v3_S10_M1_BALANCED_A_L2_F2_H3_seed021_21_20260603_085542,S10,5000,200,6,M1_BALANCED,21,A,L2,F2,H3,V3,map_S10_M1_BALANCED_seed021,8ca34c01c62cf1db43d62e6d1ff019e5c7673658f2ce4922733e6f1bf9b00ff1,31.924,63.1,194.101,409.835,25,46,0.2988,0.1228,60.0,31.44,91.44,151.44,160.0,100.0,7.736,0.0,1.0,0.733,0.786,0.059,3851.809048,1.229638,0.0,200,1405876,1405876,1.0,1796,1796,1.0,119600,0,1,S10|M1_BALANCED|21|A|L2|F2,true,false,false,/home/cyfer/FYP/WSN_simulation_V3/runs/S10_5000/outputs_production_50seed_part21_25/run_campaign_v3_S10_M1_BALANCED_A_L2_F2_H3_seed021_21_20260603_085542
campaign_v3_S10_M1_BALANCED_A_L2_F2_H3_seed022,campaign_v3_S10_M1_BALANCED_A_L2_F2_H3_seed022_22_20260603_085722,S10,5000,200,6,M1_BALANCED,22,A,L2,F2,H3,V3,map_S10_M1_BALANCED_seed022,fa43fc7c2836f4cd3ee5406187de328c20cc9399e2067908cb315e3b900817a9,32.701,67.398,193.618,392.644,25,50,0.3535,0.1352,60.0,31.247,91.247,151.247,160.0,100.0,8.162,0.0,1.0,0.735,0.864,0.122,3903.661593,1.219268,0.0,199,1405314,1405314,1.0,1796,1796,1.0,119550,0,1,S10|M1_BALANCED|22|A|L2|F2,true,false,false,/home/cyfer/FYP/WSN_simulation_V3/runs/S10_5000/outputs_production_50seed_part21_25/run_campaign_v3_S10_M1_BALANCED_A_L2_F2_H3_seed022_22_20260603_085722
campaign_v3_S10_M1_BALANCED_A_L2_F2_H3_seed023,campaign_v3_S10_M1_BALANCED_A_L2_F2_H3_seed023_23_20260603_085858,S10,5000,200,6,M1_BALANCED,23,A,L2,F2,H3,V3,map_S10_M1_BALANCED_seed023,b6c6bfbf7ecce212df52c3b9437c02a18e0d511955aeaa74ed610b73475af4f6,32.14,61.948,196.058,409.602,25,51,0.313,0.1326,60.0,29.469,89.469,149.469,150.0,90.0,6.441,0.0,1.0,0.46,0.546,0.141,3870.049552,1.22599,0.0,199,1407535,1407535,1.0,1797,1797,1.0,119725,0,1,S10|M1_BALANCED|23|A|L2|F2,true,false,false,/home/cyfer/FYP/WSN_simulation_V3/runs/S10_5000/outputs_production_50seed_part21_25/run_campaign_v3_S10_M1_BALANCED_A_L2_F2_H3_seed023_23_20260603_085858
campaign_v3_S10_M1_BALANCED_A_L2_F2_H3_seed024,campaign_v3_S10_M1_BALANCED_A_L2_F2_H3_seed024_24_20260603_090035,S10,5000,200,6,M1_BALANCED,24,A,L2,F2,H3,V3,map_S10_M1_BALANCED_seed024,55d8920684214824a8222edcd4001cb6e2f327d339b5a2d729ae341c2c3bf85b,31.727,63.824,195.486,402.883,25,52,0.3064,0.1248,60.0,32.154,92.154,152.154,160.0,100.0,8.493,0.0,1.0,0.725,0.881,0.225,3836.470705,1.232706,0.0,199,1405203,1405203,1.0,1796,1796,1.0,119550,0,1,S10|M1_BALANCED|24|A|L2|F2,true,false,false,/home/cyfer/FYP/WSN_simulation_V3/runs/S10_5000/outputs_production_50seed_part21_25/run_campaign_v3_S10_M1_BALANCED_A_L2_F2_H3_seed024_24_20260603_090035
campaign_v3_S10_M1_BALANCED_A_L2_F2_H3_seed025,campaign_v3_S10_M1_BALANCED_A_L2_F2_H3_seed025_25_20260603_090209,S10,5000,200,6,M1_BALANCED,25,A,L2,F2,H3,V3,map_S10_M1_BALANCED_seed025,a6070a82141efbfff571ed9fc68080ae838bf177280ca83a1cafe20936931325,32.165,63.676,197.099,391.974,25,47,0.3114,0.1258,60.0,31.81,91.81,151.81,160.0,100.0,8.172,0.0,1.0,0.739,0.821,0.164,3867.044496,1.226591,0.0,200,1405641,1405641,1.0,1796,1796,1.0,119575,0,1,S10|M1_BALANCED|25|A|L2|F2,true,false,false,/home/cyfer/FYP/WSN_simulation_V3/runs/S10_5000/outputs_production_50seed_part21_25/run_campaign_v3_S10_M1_BALANCED_A_L2_F2_H3_seed025_25_20260603_090209
campaign_v3_S10_M1_BALANCED_A_L2_F2_H4_seed021,campaign_v3_S10_M1_BALANCED_A_L2_F2_H4_seed021_21_20260603_085543,S10,5000,200,6,M1_BALANCED,21,A,L2,F2,H4,V3,map_S10_M1_BALANCED_seed021,8ca34c01c62cf1db43d62e6d1ff019e5c7673658f2ce4922733e6f1bf9b00ff1,31.924,63.1,194.101,409.835,25,46,0.2988,0.1228,60.0,35.104,95.104,155.104,160.0,100.0,7.736,0.0,1.0,0.733,0.786,0.059,3857.336349,1.228533,0.0,200,1408032,1408032,1.0,1796,1796,1.0,120000,0,1,S10|M1_BALANCED|21|A|L2|F2,true,false,false,/home/cyfer/FYP/WSN_simulation_V3/runs/S10_5000/outputs_production_50seed_part21_25/run_campaign_v3_S10_M1_BALANCED_A_L2_F2_H4_seed021_21_20260603_085543
campaign_v3_S10_M1_BALANCED_A_L2_F2_H4_seed022,campaign_v3_S10_M1_BALANCED_A_L2_F2_H4_seed022_22_20260603_085723,S10,5000,200,6,M1_BALANCED,22,A,L2,F2,H4,V3,map_S10_M1_BALANCED_seed022,fa43fc7c2836f4cd3ee5406187de328c20cc9399e2067908cb315e3b900817a9,32.701,67.398,193.618,392.644,25,50,0.3535,0.1352,60.0,36.083,96.083,156.083,160.0,100.0,8.162,0.0,1.0,0.735,0.864,0.122,3909.823601,1.218035,0.0,199,1407708,1407708,1.0,1796,1796,1.0,120000,0,1,S10|M1_BALANCED|22|A|L2|F2,true,false,false,/home/cyfer/FYP/WSN_simulation_V3/runs/S10_5000/outputs_production_50seed_part21_25/run_campaign_v3_S10_M1_BALANCED_A_L2_F2_H4_seed022_22_20260603_085723
campaign_v3_S10_M1_BALANCED_A_L2_F2_H4_seed023,campaign_v3_S10_M1_BALANCED_A_L2_F2_H4_seed023_23_20260603_085859,S10,5000,200,6,M1_BALANCED,23,A,L2,F2,H4,V3,map_S10_M1_BALANCED_seed023,b6c6bfbf7ecce212df52c3b9437c02a18e0d511955aeaa74ed610b73475af4f6,32.14,61.948,196.058,409.602,25,51,0.313,0.1326,60.0,34.435,94.435,154.435,160.0,100.0,6.441,0.0,1.0,0.46,0.546,0.141,3873.711176,1.225258,0.0,199,1409015,1409015,1.0,1796,1796,1.0,120000,0,1,S10|M1_BALANCED|23|A|L2|F2,true,false,false,/home/cyfer/FYP/WSN_simulation_V3/runs/S10_5000/outputs_production_50seed_part21_25/run_campaign_v3_S10_M1_BALANCED_A_L2_F2_H4_seed023_23_20260603_085859
campaign_v3_S10_M1_BALANCED_A_L2_F2_H4_seed024,campaign_v3_S10_M1_BALANCED_A_L2_F2_H4_seed024_24_20260603_090035,S10,5000,200,6,M1_BALANCED,24,A,L2,F2,H4,V3,map_S10_M1_BALANCED_seed024,55d8920684214824a8222edcd4001cb6e2f327d339b5a2d729ae341c2c3bf85b,31.727,63.824,195.486,402.883,25,52,0.3064,0.1248,60.0,35.879,95.879,155.879,160.0,100.0,8.493,0.0,1.0,0.725,0.881,0.225,3842.608608,1.231478,0.0,199,1407648,1407648,1.0,1796,1796,1.0,120000,0,1,S10|M1_BALANCED|24|A|L2|F2,true,false,false,/home/cyfer/FYP/WSN_simulation_V3/runs/S10_5000/outputs_production_50seed_part21_25/run_campaign_v3_S10_M1_BALANCED_A_L2_F2_H4_seed024_24_20260603_090035
campaign_v3_S10_M1_BALANCED_A_L2_F2_H4_seed025,campaign_v3_S10_M1_BALANCED_A_L2_F2_H4_seed025_25_20260603_090209,S10,5000,200,6,M1_BALANCED,25,A,L2,F2,H4,V3,map_S10_M1_BALANCED_seed025,a6070a82141efbfff571ed9fc68080ae838bf177280ca83a1cafe20936931325,32.165,63.676,197.099,391.974,25,47,0.3114,0.1258,60.0,36.141,96.141,156.141,160.0,100.0,8.172,0.0,1.0,0.739,0.821,0.164,3873.532814,1.225293,0.0,200,1407902,1407902,1.0,1796,1796,1.0,120000,0,1,S10|M1_BALANCED|25|A|L2|F2,true,false,false,/home/cyfer/FYP/WSN_simulation_V3/runs/S10_5000/outputs_production_50seed_part21_25/run_campaign_v3_S10_M1_BALANCED_A_L2_F2_H4_seed025_25_20260603_090209
campaign_v3_S10_M1_BALANCED_A_L2_F3_H0_seed021,campaign_v3_S10_M1_BALANCED_A_L2_F3_H0_seed021_21_20260603_085530,S10,5000,200,6,M1_BALANCED,21,A,L2,F3,H0,V2,map_S10_M1_BALANCED_seed021,8ca34c01c62cf1db43d62e6d1ff019e5c7673658f2ce4922733e6f1bf9b00ff1,31.924,63.1,194.101,409.835,25,46,0.2988,0.1228,60.0,-1.0,-1.0,-1.0,-1.0,-1.0,0.0,0.0,0.0,0.0,0.0,0.0,3852.555065,1.229489,0.0,199,1406735,1406735,1.0,1792,1792,1.0,120095,1,0,S10|M1_BALANCED|21|A|L2|F3,false,false,true,/home/cyfer/FYP/WSN_simulation_V3/runs/S10_5000/outputs_production_50seed_part21_25/run_campaign_v3_S10_M1_BALANCED_A_L2_F3_H0_seed021_21_20260603_085530
campaign_v3_S10_M1_BALANCED_A_L2_F3_H0_seed022,campaign_v3_S10_M1_BALANCED_A_L2_F3_H0_seed022_22_20260603_085709,S10,5000,200,6,M1_BALANCED,22,A,L2,F3,H0,V2,map_S10_M1_BALANCED_seed022,fa43fc7c2836f4cd3ee5406187de328c20cc9399e2067908cb315e3b900817a9,32.701,67.398,193.618,392.644,25,50,0.3535,0.1352,60.0,-1.0,-1.0,-1.0,-1.0,-1.0,0.0,0.0,0.0,0.0,0.0,0.0,3902.719341,1.219456,0.0,197,1405795,1405795,1.0,1792,1792,1.0,120115,1,0,S10|M1_BALANCED|22|A|L2|F3,false,false,true,/home/cyfer/FYP/WSN_simulation_V3/runs/S10_5000/outputs_production_50seed_part21_25/run_campaign_v3_S10_M1_BALANCED_A_L2_F3_H0_seed022_22_20260603_085709
campaign_v3_S10_M1_BALANCED_A_L2_F3_H0_seed023,campaign_v3_S10_M1_BALANCED_A_L2_F3_H0_seed023_23_20260603_085844,S10,5000,200,6,M1_BALANCED,23,A,L2,F3,H0,V2,map_S10_M1_BALANCED_seed023,b6c6bfbf7ecce212df52c3b9437c02a18e0d511955aeaa74ed610b73475af4f6,32.14,61.948,196.058,409.602,25,51,0.313,0.1326,60.0,-1.0,-1.0,-1.0,-1.0,-1.0,0.0,0.0,0.0,0.0,0.0,0.0,3862.973246,1.227405,0.0,198,1405090,1405090,1.0,1792,1792,1.0,120130,1,0,S10|M1_BALANCED|23|A|L2|F3,false,false,true,/home/cyfer/FYP/WSN_simulation_V3/runs/S10_5000/outputs_production_50seed_part21_25/run_campaign_v3_S10_M1_BALANCED_A_L2_F3_H0_seed023_23_20260603_085844
campaign_v3_S10_M1_BALANCED_A_L2_F3_H0_seed024,campaign_v3_S10_M1_BALANCED_A_L2_F3_H0_seed024_24_20260603_090022,S10,5000,200,6,M1_BALANCED,24,A,L2,F3,H0,V2,map_S10_M1_BALANCED_seed024,55d8920684214824a8222edcd4001cb6e2f327d339b5a2d729ae341c2c3bf85b,31.727,63.824,195.486,402.883,25,52,0.3064,0.1248,60.0,-1.0,-1.0,-1.0,-1.0,-1.0,0.0,0.0,0.0,0.0,0.0,0.0,3840.269773,1.231946,0.0,197,1407440,1407440,1.0,1792,1792,1.0,120080,1,0,S10|M1_BALANCED|24|A|L2|F3,false,false,true,/home/cyfer/FYP/WSN_simulation_V3/runs/S10_5000/outputs_production_50seed_part21_25/run_campaign_v3_S10_M1_BALANCED_A_L2_F3_H0_seed024_24_20260603_090022
campaign_v3_S10_M1_BALANCED_A_L2_F3_H0_seed025,campaign_v3_S10_M1_BALANCED_A_L2_F3_H0_seed025_25_20260603_090156,S10,5000,200,6,M1_BALANCED,25,A,L2,F3,H0,V2,map_S10_M1_BALANCED_seed025,a6070a82141efbfff571ed9fc68080ae838bf177280ca83a1cafe20936931325,32.165,63.676,197.099,391.974,25,47,0.3114,0.1258,60.0,-1.0,-1.0,-1.0,-1.0,-1.0,0.0,0.0,0.0,0.0,0.0,0.0,3861.1157,1.227777,0.0,198,1403915,1403915,1.0,1792,1792,1.0,120155,1,0,S10|M1_BALANCED|25|A|L2|F3,false,false,true,/home/cyfer/FYP/WSN_simulation_V3/runs/S10_5000/outputs_production_50seed_part21_25/run_campaign_v3_S10_M1_BALANCED_A_L2_F3_H0_seed025_25_20260603_090156
campaign_v3_S10_M1_BALANCED_A_L2_F3_H1_seed021,campaign_v3_S10_M1_BALANCED_A_L2_F3_H1_seed021_21_20260603_085544,S10,5000,200,6,M1_BALANCED,21,A,L2,F3,H1,V3,map_S10_M1_BALANCED_seed021,8ca34c01c62cf1db43d62e6d1ff019e5c7673658f2ce4922733e6f1bf9b00ff1,31.924,63.1,194.101,409.835,25,46,0.2988,0.1228,60.0,27.401,87.401,147.401,150.0,90.0,6.142,0.0,1.0,0.422,0.441,0.184,3852.785235,1.229443,0.0,199,1406755,1406755,1.0,1797,1797,1.0,119529,0,1,S10|M1_BALANCED|21|A|L2|F3,true,false,false,/home/cyfer/FYP/WSN_simulation_V3/runs/S10_5000/outputs_production_50seed_part21_25/run_campaign_v3_S10_M1_BALANCED_A_L2_F3_H1_seed021_21_20260603_085544
campaign_v3_S10_M1_BALANCED_A_L2_F3_H1_seed022,campaign_v3_S10_M1_BALANCED_A_L2_F3_H1_seed022_22_20260603_085724,S10,5000,200,6,M1_BALANCED,22,A,L2,F3,H1,V3,map_S10_M1_BALANCED_seed022,fa43fc7c2836f4cd3ee5406187de328c20cc9399e2067908cb315e3b900817a9,32.701,67.398,193.618,392.644,25,50,0.3535,0.1352,60.0,28.335,88.335,148.335,150.0,90.0,6.392,0.0,1.0,0.469,0.549,0.112,3902.960669,1.219408,0.0,197,1405815,1405815,1.0,1797,1797,1.0,119429,0,1,S10|M1_BALANCED|22|A|L2|F3,true,false,false,/home/cyfer/FYP/WSN_simulation_V3/runs/S10_5000/outputs_production_50seed_part21_25/run_campaign_v3_S10_M1_BALANCED_A_L2_F3_H1_seed022_22_20260603_085724
campaign_v3_S10_M1_BALANCED_A_L2_F3_H1_seed023,campaign_v3_S10_M1_BALANCED_A_L2_F3_H1_seed023_23_20260603_085900,S10,5000,200,6,M1_BALANCED,23,A,L2,F3,H1,V3,map_S10_M1_BALANCED_seed023,b6c6bfbf7ecce212df52c3b9437c02a18e0d511955aeaa74ed610b73475af4f6,32.14,61.948,196.058,409.602,25,51,0.313,0.1326,60.0,27.985,87.985,147.985,150.0,90.0,6.795,0.0,1.0,0.52,0.609,0.136,3863.231112,1.227354,0.0,198,1405110,1405110,1.0,1797,1797,1.0,119354,0,1,S10|M1_BALANCED|23|A|L2|F3,true,false,false,/home/cyfer/FYP/WSN_simulation_V3/runs/S10_5000/outputs_production_50seed_part21_25/run_campaign_v3_S10_M1_BALANCED_A_L2_F3_H1_seed023_23_20260603_085900
campaign_v3_S10_M1_BALANCED_A_L2_F3_H1_seed024,campaign_v3_S10_M1_BALANCED_A_L2_F3_H1_seed024_24_20260603_090036,S10,5000,200,6,M1_BALANCED,24,A,L2,F3,H1,V3,map_S10_M1_BALANCED_seed024,55d8920684214824a8222edcd4001cb6e2f327d339b5a2d729ae341c2c3bf85b,31.727,63.824,195.486,402.883,25,52,0.3064,0.1248,60.0,26.843,86.843,146.843,150.0,90.0,5.461,0.0,1.0,0.314,0.368,0.138,3840.462487,1.231908,0.0,197,1407460,1407460,1.0,1797,1797,1.0,119604,0,1,S10|M1_BALANCED|24|A|L2|F3,true,false,false,/home/cyfer/FYP/WSN_simulation_V3/runs/S10_5000/outputs_production_50seed_part21_25/run_campaign_v3_S10_M1_BALANCED_A_L2_F3_H1_seed024_24_20260603_090036
campaign_v3_S10_M1_BALANCED_A_L2_F3_H1_seed025,campaign_v3_S10_M1_BALANCED_A_L2_F3_H1_seed025_25_20260603_090210,S10,5000,200,6,M1_BALANCED,25,A,L2,F3,H1,V3,map_S10_M1_BALANCED_seed025,a6070a82141efbfff571ed9fc68080ae838bf177280ca83a1cafe20936931325,32.165,63.676,197.099,391.974,25,47,0.3114,0.1258,60.0,29.586,89.586,149.586,150.0,90.0,7.664,0.0,1.0,0.674,0.742,0.138,3861.409035,1.227718,0.0,198,1403935,1403935,1.0,1797,1797,1.0,119229,0,1,S10|M1_BALANCED|25|A|L2|F3,true,false,false,/home/cyfer/FYP/WSN_simulation_V3/runs/S10_5000/outputs_production_50seed_part21_25/run_campaign_v3_S10_M1_BALANCED_A_L2_F3_H1_seed025_25_20260603_090210
campaign_v3_S10_M1_BALANCED_A_L2_F3_H3_seed021,campaign_v3_S10_M1_BALANCED_A_L2_F3_H3_seed021_21_20260603_085545,S10,5000,200,6,M1_BALANCED,21,A,L2,F3,H3,V3,map_S10_M1_BALANCED_seed021,8ca34c01c62cf1db43d62e6d1ff019e5c7673658f2ce4922733e6f1bf9b00ff1,31.924,63.1,194.101,409.835,25,46,0.2988,0.1228,60.0,33.449,93.449,153.449,160.0,100.0,6.142,0.0,1.0,0.422,0.441,0.184,3852.755671,1.229449,0.0,199,1406751,1406751,1.0,1796,1796,1.0,119529,0,1,S10|M1_BALANCED|21|A|L2|F3,true,false,false,/home/cyfer/FYP/WSN_simulation_V3/runs/S10_5000/outputs_production_50seed_part21_25/run_campaign_v3_S10_M1_BALANCED_A_L2_F3_H3_seed021_21_20260603_085545
campaign_v3_S10_M1_BALANCED_A_L2_F3_H3_seed022,campaign_v3_S10_M1_BALANCED_A_L2_F3_H3_seed022_22_20260603_085724,S10,5000,200,6,M1_BALANCED,22,A,L2,F3,H3,V3,map_S10_M1_BALANCED_seed022,fa43fc7c2836f4cd3ee5406187de328c20cc9399e2067908cb315e3b900817a9,32.701,67.398,193.618,392.644,25,50,0.3535,0.1352,60.0,33.712,93.712,153.712,160.0,100.0,6.392,0.0,1.0,0.469,0.549,0.112,3902.945371,1.219411,0.0,197,1405811,1405811,1.0,1796,1796,1.0,119429,0,1,S10|M1_BALANCED|22|A|L2|F3,true,false,false,/home/cyfer/FYP/WSN_simulation_V3/runs/S10_5000/outputs_production_50seed_part21_25/run_campaign_v3_S10_M1_BALANCED_A_L2_F3_H3_seed022_22_20260603_085724
campaign_v3_S10_M1_BALANCED_A_L2_F3_H3_seed023,campaign_v3_S10_M1_BALANCED_A_L2_F3_H3_seed023_23_20260603_085901,S10,5000,200,6,M1_BALANCED,23,A,L2,F3,H3,V3,map_S10_M1_BALANCED_seed023,b6c6bfbf7ecce212df52c3b9437c02a18e0d511955aeaa74ed610b73475af4f6,32.14,61.948,196.058,409.602,25,51,0.313,0.1326,60.0,34.536,94.536,154.536,160.0,100.0,6.795,0.0,1.0,0.52,0.609,0.136,3863.2155,1.227357,0.0,198,1405106,1405106,1.0,1796,1796,1.0,119354,0,1,S10|M1_BALANCED|23|A|L2|F3,true,false,false,/home/cyfer/FYP/WSN_simulation_V3/runs/S10_5000/outputs_production_50seed_part21_25/run_campaign_v3_S10_M1_BALANCED_A_L2_F3_H3_seed023_23_20260603_085901
campaign_v3_S10_M1_BALANCED_A_L2_F3_H3_seed024,campaign_v3_S10_M1_BALANCED_A_L2_F3_H3_seed024_24_20260603_090037,S10,5000,200,6,M1_BALANCED,24,A,L2,F3,H3,V3,map_S10_M1_BALANCED_seed024,55d8920684214824a8222edcd4001cb6e2f327d339b5a2d729ae341c2c3bf85b,31.727,63.824,195.486,402.883,25,52,0.3064,0.1248,60.0,33.087,93.087,153.087,160.0,100.0,5.461,0.0,1.0,0.314,0.368,0.138,3840.441745,1.231912,0.0,197,1407456,1407456,1.0,1796,1796,1.0,119604,0,1,S10|M1_BALANCED|24|A|L2|F3,true,false,false,/home/cyfer/FYP/WSN_simulation_V3/runs/S10_5000/outputs_production_50seed_part21_25/run_campaign_v3_S10_M1_BALANCED_A_L2_F3_H3_seed024_24_20260603_090037
campaign_v3_S10_M1_BALANCED_A_L2_F3_H3_seed025,campaign_v3_S10_M1_BALANCED_A_L2_F3_H3_seed025_25_20260603_090211,S10,5000,200,6,M1_BALANCED,25,A,L2,F3,H3,V3,map_S10_M1_BALANCED_seed025,a6070a82141efbfff571ed9fc68080ae838bf177280ca83a1cafe20936931325,32.165,63.676,197.099,391.974,25,47,0.3114,0.1258,60.0,35.386,95.386,155.386,160.0,100.0,7.664,0.0,1.0,0.674,0.742,0.138,3861.395596,1.227721,0.0,198,1403931,1403931,1.0,1796,1796,1.0,119229,0,1,S10|M1_BALANCED|25|A|L2|F3,true,false,false,/home/cyfer/FYP/WSN_simulation_V3/runs/S10_5000/outputs_production_50seed_part21_25/run_campaign_v3_S10_M1_BALANCED_A_L2_F3_H3_seed025_25_20260603_090211
campaign_v3_S10_M1_BALANCED_A_L2_F3_H4_seed021,campaign_v3_S10_M1_BALANCED_A_L2_F3_H4_seed021_21_20260603_085546,S10,5000,200,6,M1_BALANCED,21,A,L2,F3,H4,V3,map_S10_M1_BALANCED_seed021,8ca34c01c62cf1db43d62e6d1ff019e5c7673658f2ce4922733e6f1bf9b00ff1,31.924,63.1,194.101,409.835,25,46,0.2988,0.1228,60.0,37.672,97.672,157.672,160.0,100.0,6.142,0.0,1.0,0.422,0.441,0.184,3852.761841,1.229448,0.0,199,1406751,1406751,1.0,1796,1796,1.0,119529,0,1,S10|M1_BALANCED|21|A|L2|F3,true,false,false,/home/cyfer/FYP/WSN_simulation_V3/runs/S10_5000/outputs_production_50seed_part21_25/run_campaign_v3_S10_M1_BALANCED_A_L2_F3_H4_seed021_21_20260603_085546
campaign_v3_S10_M1_BALANCED_A_L2_F3_H4_seed022,campaign_v3_S10_M1_BALANCED_A_L2_F3_H4_seed022_22_20260603_085725,S10,5000,200,6,M1_BALANCED,22,A,L2,F3,H4,V3,map_S10_M1_BALANCED_seed022,fa43fc7c2836f4cd3ee5406187de328c20cc9399e2067908cb315e3b900817a9,32.701,67.398,193.618,392.644,25,50,0.3535,0.1352,60.0,38.074,98.074,158.074,160.0,100.0,6.392,0.0,1.0,0.469,0.549,0.112,3902.939843,1.219412,0.0,197,1405811,1405811,1.0,1796,1796,1.0,119429,0,1,S10|M1_BALANCED|22|A|L2|F3,true,false,false,/home/cyfer/FYP/WSN_simulation_V3/runs/S10_5000/outputs_production_50seed_part21_25/run_campaign_v3_S10_M1_BALANCED_A_L2_F3_H4_seed022_22_20260603_085725
campaign_v3_S10_M1_BALANCED_A_L2_F3_H4_seed023,campaign_v3_S10_M1_BALANCED_A_L2_F3_H4_seed023_23_20260603_085901,S10,5000,200,6,M1_BALANCED,23,A,L2,F3,H4,V3,map_S10_M1_BALANCED_seed023,b6c6bfbf7ecce212df52c3b9437c02a18e0d511955aeaa74ed610b73475af4f6,32.14,61.948,196.058,409.602,25,51,0.313,0.1326,60.0,38.18,98.18,158.18,160.0,100.0,6.795,0.0,1.0,0.52,0.609,0.136,3863.210579,1.227358,0.0,198,1405106,1405106,1.0,1796,1796,1.0,119354,0,1,S10|M1_BALANCED|23|A|L2|F3,true,false,false,/home/cyfer/FYP/WSN_simulation_V3/runs/S10_5000/outputs_production_50seed_part21_25/run_campaign_v3_S10_M1_BALANCED_A_L2_F3_H4_seed023_23_20260603_085901
campaign_v3_S10_M1_BALANCED_A_L2_F3_H4_seed024,campaign_v3_S10_M1_BALANCED_A_L2_F3_H4_seed024_24_20260603_090038,S10,5000,200,6,M1_BALANCED,24,A,L2,F3,H4,V3,map_S10_M1_BALANCED_seed024,55d8920684214824a8222edcd4001cb6e2f327d339b5a2d729ae341c2c3bf85b,31.727,63.824,195.486,402.883,25,52,0.3064,0.1248,60.0,36.852,96.852,156.852,160.0,100.0,5.461,0.0,1.0,0.314,0.368,0.138,3840.442984,1.231911,0.0,197,1407456,1407456,1.0,1796,1796,1.0,119604,0,1,S10|M1_BALANCED|24|A|L2|F3,true,false,false,/home/cyfer/FYP/WSN_simulation_V3/runs/S10_5000/outputs_production_50seed_part21_25/run_campaign_v3_S10_M1_BALANCED_A_L2_F3_H4_seed024_24_20260603_090038
campaign_v3_S10_M1_BALANCED_A_L2_F3_H4_seed025,campaign_v3_S10_M1_BALANCED_A_L2_F3_H4_seed025_25_20260603_090212,S10,5000,200,6,M1_BALANCED,25,A,L2,F3,H4,V3,map_S10_M1_BALANCED_seed025,a6070a82141efbfff571ed9fc68080ae838bf177280ca83a1cafe20936931325,32.165,63.676,197.099,391.974,25,47,0.3114,0.1258,60.0,38.832,98.832,158.832,160.0,100.0,7.664,0.0,1.0,0.674,0.742,0.138,3861.387408,1.227723,0.0,198,1403931,1403931,1.0,1796,1796,1.0,119229,0,1,S10|M1_BALANCED|25|A|L2|F3,true,false,false,/home/cyfer/FYP/WSN_simulation_V3/runs/S10_5000/outputs_production_50seed_part21_25/run_campaign_v3_S10_M1_BALANCED_A_L2_F3_H4_seed025_25_20260603_090212
campaign_v3_S10_M1_BALANCED_A_L2_F4_H0_seed021,campaign_v3_S10_M1_BALANCED_A_L2_F4_H0_seed021_21_20260603_085530,S10,5000,200,6,M1_BALANCED,21,A,L2,F4,H0,V2,map_S10_M1_BALANCED_seed021,8ca34c01c62cf1db43d62e6d1ff019e5c7673658f2ce4922733e6f1bf9b00ff1,31.924,63.1,194.101,409.835,25,46,0.2988,0.1228,60.0,-1.0,-1.0,-1.0,-1.0,-1.0,0.0,0.0,0.0,0.0,0.0,0.0,3847.785837,1.230443,0.0,199,1404855,1404855,1.0,1792,1792,1.0,120135,1,0,S10|M1_BALANCED|21|A|L2|F4,false,false,true,/home/cyfer/FYP/WSN_simulation_V3/runs/S10_5000/outputs_production_50seed_part21_25/run_campaign_v3_S10_M1_BALANCED_A_L2_F4_H0_seed021_21_20260603_085530
campaign_v3_S10_M1_BALANCED_A_L2_F4_H0_seed022,campaign_v3_S10_M1_BALANCED_A_L2_F4_H0_seed022_22_20260603_085710,S10,5000,200,6,M1_BALANCED,22,A,L2,F4,H0,V2,map_S10_M1_BALANCED_seed022,fa43fc7c2836f4cd3ee5406187de328c20cc9399e2067908cb315e3b900817a9,32.701,67.398,193.618,392.644,25,50,0.3535,0.1352,60.0,-1.0,-1.0,-1.0,-1.0,-1.0,0.0,0.0,0.0,0.0,0.0,0.0,3903.083849,1.219383,0.0,197,1405560,1405560,1.0,1792,1792,1.0,120120,1,0,S10|M1_BALANCED|22|A|L2|F4,false,false,true,/home/cyfer/FYP/WSN_simulation_V3/runs/S10_5000/outputs_production_50seed_part21_25/run_campaign_v3_S10_M1_BALANCED_A_L2_F4_H0_seed022_22_20260603_085710
campaign_v3_S10_M1_BALANCED_A_L2_F4_H0_seed023,campaign_v3_S10_M1_BALANCED_A_L2_F4_H0_seed023_23_20260603_085845,S10,5000,200,6,M1_BALANCED,23,A,L2,F4,H0,V2,map_S10_M1_BALANCED_seed023,b6c6bfbf7ecce212df52c3b9437c02a18e0d511955aeaa74ed610b73475af4f6,32.14,61.948,196.058,409.602,25,51,0.313,0.1326,60.0,-1.0,-1.0,-1.0,-1.0,-1.0,0.0,0.0,0.0,0.0,0.0,0.0,3856.463499,1.228707,0.0,199,1402505,1402505,1.0,1792,1792,1.0,120185,1,0,S10|M1_BALANCED|23|A|L2|F4,false,false,true,/home/cyfer/FYP/WSN_simulation_V3/runs/S10_5000/outputs_production_50seed_part21_25/run_campaign_v3_S10_M1_BALANCED_A_L2_F4_H0_seed023_23_20260603_085845
campaign_v3_S10_M1_BALANCED_A_L2_F4_H0_seed024,campaign_v3_S10_M1_BALANCED_A_L2_F4_H0_seed024_24_20260603_090023,S10,5000,200,6,M1_BALANCED,24,A,L2,F4,H0,V2,map_S10_M1_BALANCED_seed024,55d8920684214824a8222edcd4001cb6e2f327d339b5a2d729ae341c2c3bf85b,31.727,63.824,195.486,402.883,25,52,0.3064,0.1248,60.0,-1.0,-1.0,-1.0,-1.0,-1.0,0.0,0.0,0.0,0.0,0.0,0.0,3832.908797,1.233418,0.0,197,1404620,1404620,1.0,1792,1792,1.0,120140,1,0,S10|M1_BALANCED|24|A|L2|F4,false,false,true,/home/cyfer/FYP/WSN_simulation_V3/runs/S10_5000/outputs_production_50seed_part21_25/run_campaign_v3_S10_M1_BALANCED_A_L2_F4_H0_seed024_24_20260603_090023
campaign_v3_S10_M1_BALANCED_A_L2_F4_H0_seed025,campaign_v3_S10_M1_BALANCED_A_L2_F4_H0_seed025_25_20260603_090157,S10,5000,200,6,M1_BALANCED,25,A,L2,F4,H0,V2,map_S10_M1_BALANCED_seed025,a6070a82141efbfff571ed9fc68080ae838bf177280ca83a1cafe20936931325,32.165,63.676,197.099,391.974,25,47,0.3114,0.1258,60.0,-1.0,-1.0,-1.0,-1.0,-1.0,0.0,0.0,0.0,0.0,0.0,0.0,3870.899501,1.22582,0.0,198,1408145,1408145,1.0,1792,1792,1.0,120065,1,0,S10|M1_BALANCED|25|A|L2|F4,false,false,true,/home/cyfer/FYP/WSN_simulation_V3/runs/S10_5000/outputs_production_50seed_part21_25/run_campaign_v3_S10_M1_BALANCED_A_L2_F4_H0_seed025_25_20260603_090157
campaign_v3_S10_M1_BALANCED_A_L2_F4_H1_seed021,campaign_v3_S10_M1_BALANCED_A_L2_F4_H1_seed021_21_20260603_085546,S10,5000,200,6,M1_BALANCED,21,A,L2,F4,H1,V3,map_S10_M1_BALANCED_seed021,8ca34c01c62cf1db43d62e6d1ff019e5c7673658f2ce4922733e6f1bf9b00ff1,31.924,63.1,194.101,409.835,25,46,0.2988,0.1228,60.0,34.891,94.891,154.891,160.0,100.0,7.114,0.0,1.0,0.6,0.638,0.134,3850.500168,1.2299,0.0,199,1405546,1405546,1.0,1796,1796,1.0,119329,0,1,S10|M1_BALANCED|21|A|L2|F4,true,false,false,/home/cyfer/FYP/WSN_simulation_V3/runs/S10_5000/outputs_production_50seed_part21_25/run_campaign_v3_S10_M1_BALANCED_A_L2_F4_H1_seed021_21_20260603_085546
campaign_v3_S10_M1_BALANCED_A_L2_F4_H1_seed022,campaign_v3_S10_M1_BALANCED_A_L2_F4_H1_seed022_22_20260603_085726,S10,5000,200,6,M1_BALANCED,22,A,L2,F4,H1,V3,map_S10_M1_BALANCED_seed022,fa43fc7c2836f4cd3ee5406187de328c20cc9399e2067908cb315e3b900817a9,32.701,67.398,193.618,392.644,25,50,0.3535,0.1352,60.0,34.484,94.484,154.484,160.0,100.0,6.534,0.0,1.0,0.49,0.555,0.133,3905.242937,1.218951,0.0,197,1406176,1406176,1.0,1796,1796,1.0,119404,0,1,S10|M1_BALANCED|22|A|L2|F4,true,false,false,/home/cyfer/FYP/WSN_simulation_V3/runs/S10_5000/outputs_production_50seed_part21_25/run_campaign_v3_S10_M1_BALANCED_A_L2_F4_H1_seed022_22_20260603_085726
campaign_v3_S10_M1_BALANCED_A_L2_F4_H1_seed023,campaign_v3_S10_M1_BALANCED_A_L2_F4_H1_seed023_23_20260603_085902,S10,5000,200,6,M1_BALANCED,23,A,L2,F4,H1,V3,map_S10_M1_BALANCED_seed023,b6c6bfbf7ecce212df52c3b9437c02a18e0d511955aeaa74ed610b73475af4f6,32.14,61.948,196.058,409.602,25,51,0.313,0.1326,60.0,35.79,95.79,155.79,160.0,100.0,8.24,0.0,1.0,0.74,0.877,0.129,3859.799874,1.22804,0.0,199,1403409,1403409,1.0,1796,1796,1.0,119079,0,1,S10|M1_BALANCED|23|A|L2|F4,true,false,false,/home/cyfer/FYP/WSN_simulation_V3/runs/S10_5000/outputs_production_50seed_part21_25/run_campaign_v3_S10_M1_BALANCED_A_L2_F4_H1_seed023_23_20260603_085902
campaign_v3_S10_M1_BALANCED_A_L2_F4_H1_seed024,campaign_v3_S10_M1_BALANCED_A_L2_F4_H1_seed024_24_20260603_090038,S10,5000,200,6,M1_BALANCED,24,A,L2,F4,H1,V3,map_S10_M1_BALANCED_seed024,55d8920684214824a8222edcd4001cb6e2f327d339b5a2d729ae341c2c3bf85b,31.727,63.824,195.486,402.883,25,52,0.3064,0.1248,60.0,34.188,94.188,154.188,160.0,100.0,7.02,0.0,1.0,0.549,0.664,0.127,3835.521757,1.232896,0.0,197,1405336,1405336,1.0,1796,1796,1.0,119304,0,1,S10|M1_BALANCED|24|A|L2|F4,true,false,false,/home/cyfer/FYP/WSN_simulation_V3/runs/S10_5000/outputs_production_50seed_part21_25/run_campaign_v3_S10_M1_BALANCED_A_L2_F4_H1_seed024_24_20260603_090038
campaign_v3_S10_M1_BALANCED_A_L2_F4_H1_seed025,campaign_v3_S10_M1_BALANCED_A_L2_F4_H1_seed025_25_20260603_090212,S10,5000,200,6,M1_BALANCED,25,A,L2,F4,H1,V3,map_S10_M1_BALANCED_seed025,a6070a82141efbfff571ed9fc68080ae838bf177280ca83a1cafe20936931325,32.165,63.676,197.099,391.974,25,47,0.3114,0.1258,60.0,33.175,93.175,153.175,160.0,100.0,5.202,0.0,1.0,0.283,0.318,0.134,3872.137779,1.225572,0.0,198,1408499,1408499,1.0,1796,1796,1.0,119679,0,1,S10|M1_BALANCED|25|A|L2|F4,true,false,false,/home/cyfer/FYP/WSN_simulation_V3/runs/S10_5000/outputs_production_50seed_part21_25/run_campaign_v3_S10_M1_BALANCED_A_L2_F4_H1_seed025_25_20260603_090212
campaign_v3_S10_M1_BALANCED_A_L2_F4_H3_seed021,campaign_v3_S10_M1_BALANCED_A_L2_F4_H3_seed021_21_20260603_085547,S10,5000,200,6,M1_BALANCED,21,A,L2,F4,H3,V3,map_S10_M1_BALANCED_seed021,8ca34c01c62cf1db43d62e6d1ff019e5c7673658f2ce4922733e6f1bf9b00ff1,31.924,63.1,194.101,409.835,25,46,0.2988,0.1228,60.0,40.417,100.417,160.417,170.0,110.0,7.114,0.0,1.0,0.6,0.638,0.134,3849.014892,1.230197,0.0,199,1405137,1405137,1.0,1796,1796,1.0,119329,0,1,S10|M1_BALANCED|21|A|L2|F4,true,false,false,/home/cyfer/FYP/WSN_simulation_V3/runs/S10_5000/outputs_production_50seed_part21_25/run_campaign_v3_S10_M1_BALANCED_A_L2_F4_H3_seed021_21_20260603_085547
campaign_v3_S10_M1_BALANCED_A_L2_F4_H3_seed022,campaign_v3_S10_M1_BALANCED_A_L2_F4_H3_seed022_22_20260603_085727,S10,5000,200,6,M1_BALANCED,22,A,L2,F4,H3,V3,map_S10_M1_BALANCED_seed022,fa43fc7c2836f4cd3ee5406187de328c20cc9399e2067908cb315e3b900817a9,32.701,67.398,193.618,392.644,25,50,0.3535,0.1352,60.0,39.769,99.769,159.769,160.0,100.0,6.534,0.0,1.0,0.49,0.555,0.133,3904.068313,1.219186,0.0,197,1405816,1405816,1.0,1796,1796,1.0,119404,0,1,S10|M1_BALANCED|22|A|L2|F4,true,false,false,/home/cyfer/FYP/WSN_simulation_V3/runs/S10_5000/outputs_production_50seed_part21_25/run_campaign_v3_S10_M1_BALANCED_A_L2_F4_H3_seed022_22_20260603_085727
campaign_v3_S10_M1_BALANCED_A_L2_F4_H3_seed023,campaign_v3_S10_M1_BALANCED_A_L2_F4_H3_seed023_23_20260603_085903,S10,5000,200,6,M1_BALANCED,23,A,L2,F4,H3,V3,map_S10_M1_BALANCED_seed023,b6c6bfbf7ecce212df52c3b9437c02a18e0d511955aeaa74ed610b73475af4f6,32.14,61.948,196.058,409.602,25,51,0.313,0.1326,60.0,41.876,101.876,161.876,170.0,110.0,8.24,0.0,1.0,0.74,0.877,0.129,3857.978767,1.228404,0.0,199,1402863,1402863,1.0,1796,1796,1.0,119079,0,1,S10|M1_BALANCED|23|A|L2|F4,true,false,false,/home/cyfer/FYP/WSN_simulation_V3/runs/S10_5000/outputs_production_50seed_part21_25/run_campaign_v3_S10_M1_BALANCED_A_L2_F4_H3_seed023_23_20260603_085903
campaign_v3_S10_M1_BALANCED_A_L2_F4_H3_seed024,campaign_v3_S10_M1_BALANCED_A_L2_F4_H3_seed024_24_20260603_090039,S10,5000,200,6,M1_BALANCED,24,A,L2,F4,H3,V3,map_S10_M1_BALANCED_seed024,55d8920684214824a8222edcd4001cb6e2f327d339b5a2d729ae341c2c3bf85b,31.727,63.824,195.486,402.883,25,52,0.3064,0.1248,60.0,40.786,100.786,160.786,170.0,110.0,7.02,0.0,1.0,0.549,0.664,0.127,3833.999745,1.2332,0.0,197,1404902,1404902,1.0,1796,1796,1.0,119304,0,1,S10|M1_BALANCED|24|A|L2|F4,true,false,false,/home/cyfer/FYP/WSN_simulation_V3/runs/S10_5000/outputs_production_50seed_part21_25/run_campaign_v3_S10_M1_BALANCED_A_L2_F4_H3_seed024_24_20260603_090039
campaign_v3_S10_M1_BALANCED_A_L2_F4_H3_seed025,campaign_v3_S10_M1_BALANCED_A_L2_F4_H3_seed025_25_20260603_090213,S10,5000,200,6,M1_BALANCED,25,A,L2,F4,H3,V3,map_S10_M1_BALANCED_seed025,a6070a82141efbfff571ed9fc68080ae838bf177280ca83a1cafe20936931325,32.165,63.676,197.099,391.974,25,47,0.3114,0.1258,60.0,38.443,98.443,158.443,160.0,100.0,5.202,0.0,1.0,0.283,0.318,0.134,3871.514379,1.225697,0.0,198,1408308,1408308,1.0,1796,1796,1.0,119679,0,1,S10|M1_BALANCED|25|A|L2|F4,true,false,false,/home/cyfer/FYP/WSN_simulation_V3/runs/S10_5000/outputs_production_50seed_part21_25/run_campaign_v3_S10_M1_BALANCED_A_L2_F4_H3_seed025_25_20260603_090213
campaign_v3_S10_M1_BALANCED_A_L2_F4_H4_seed021,campaign_v3_S10_M1_BALANCED_A_L2_F4_H4_seed021_21_20260603_085548,S10,5000,200,6,M1_BALANCED,21,A,L2,F4,H4,V3,map_S10_M1_BALANCED_seed021,8ca34c01c62cf1db43d62e6d1ff019e5c7673658f2ce4922733e6f1bf9b00ff1,31.924,63.1,194.101,409.835,25,46,0.2988,0.1228,60.0,44.755,104.755,164.755,170.0,110.0,7.114,0.0,1.0,0.6,0.638,0.134,3838.685324,1.232263,0.0,199,1401002,1401002,1.0,1796,1796,1.0,118508,0,1,S10|M1_BALANCED|21|A|L2|F4,true,false,false,/home/cyfer/FYP/WSN_simulation_V3/runs/S10_5000/outputs_production_50seed_part21_25/run_campaign_v3_S10_M1_BALANCED_A_L2_F4_H4_seed021_21_20260603_085548
campaign_v3_S10_M1_BALANCED_A_L2_F4_H4_seed022,campaign_v3_S10_M1_BALANCED_A_L2_F4_H4_seed022_22_20260603_085727,S10,5000,200,6,M1_BALANCED,22,A,L2,F4,H4,V3,map_S10_M1_BALANCED_seed022,fa43fc7c2836f4cd3ee5406187de328c20cc9399e2067908cb315e3b900817a9,32.701,67.398,193.618,392.644,25,50,0.3535,0.1352,60.0,43.802,103.802,163.802,170.0,110.0,6.534,0.0,1.0,0.49,0.555,0.133,3892.358307,1.221528,0.0,197,1401260,1401260,1.0,1796,1796,1.0,118508,0,1,S10|M1_BALANCED|22|A|L2|F4,true,false,false,/home/cyfer/FYP/WSN_simulation_V3/runs/S10_5000/outputs_production_50seed_part21_25/run_campaign_v3_S10_M1_BALANCED_A_L2_F4_H4_seed022_22_20260603_085727
campaign_v3_S10_M1_BALANCED_A_L2_F4_H4_seed023,campaign_v3_S10_M1_BALANCED_A_L2_F4_H4_seed023_23_20260603_085904,S10,5000,200,6,M1_BALANCED,23,A,L2,F4,H4,V3,map_S10_M1_BALANCED_seed023,b6c6bfbf7ecce212df52c3b9437c02a18e0d511955aeaa74ed610b73475af4f6,32.14,61.948,196.058,409.602,25,51,0.313,0.1326,60.0,45.479,105.479,165.479,170.0,110.0,8.24,0.0,1.0,0.74,0.877,0.129,3851.15429,1.229769,0.0,199,1400088,1400088,1.0,1796,1796,1.0,118508,0,1,S10|M1_BALANCED|23|A|L2|F4,true,false,false,/home/cyfer/FYP/WSN_simulation_V3/runs/S10_5000/outputs_production_50seed_part21_25/run_campaign_v3_S10_M1_BALANCED_A_L2_F4_H4_seed023_23_20260603_085904
campaign_v3_S10_M1_BALANCED_A_L2_F4_H4_seed024,campaign_v3_S10_M1_BALANCED_A_L2_F4_H4_seed024_24_20260603_090040,S10,5000,200,6,M1_BALANCED,24,A,L2,F4,H4,V3,map_S10_M1_BALANCED_seed024,55d8920684214824a8222edcd4001cb6e2f327d339b5a2d729ae341c2c3bf85b,31.727,63.824,195.486,402.883,25,52,0.3064,0.1248,60.0,44.256,104.256,164.256,170.0,110.0,7.02,0.0,1.0,0.549,0.664,0.127,3822.455253,1.235509,0.0,197,1400262,1400262,1.0,1796,1796,1.0,118383,0,1,S10|M1_BALANCED|24|A|L2|F4,true,false,false,/home/cyfer/FYP/WSN_simulation_V3/runs/S10_5000/outputs_production_50seed_part21_25/run_campaign_v3_S10_M1_BALANCED_A_L2_F4_H4_seed024_24_20260603_090040
campaign_v3_S10_M1_BALANCED_A_L2_F4_H4_seed025,campaign_v3_S10_M1_BALANCED_A_L2_F4_H4_seed025_25_20260603_090214,S10,5000,200,6,M1_BALANCED,25,A,L2,F4,H4,V3,map_S10_M1_BALANCED_seed025,a6070a82141efbfff571ed9fc68080ae838bf177280ca83a1cafe20936931325,32.165,63.676,197.099,391.974,25,47,0.3114,0.1258,60.0,42.966,102.966,162.966,170.0,110.0,5.202,0.0,1.0,0.283,0.318,0.134,3860.11814,1.227976,0.0,198,1403910,1403910,1.0,1796,1796,1.0,118833,0,1,S10|M1_BALANCED|25|A|L2|F4,true,false,false,/home/cyfer/FYP/WSN_simulation_V3/runs/S10_5000/outputs_production_50seed_part21_25/run_campaign_v3_S10_M1_BALANCED_A_L2_F4_H4_seed025_25_20260603_090214
campaign_v3_S10_M1_BALANCED_B_L1_F0_H0_seed021,campaign_v3_S10_M1_BALANCED_B_L1_F0_H0_seed021_21_20260603_085549,S10,5000,200,6,M1_BALANCED,21,B,L1,F0,H0,V1,map_S10_M1_BALANCED_seed021,8ca34c01c62cf1db43d62e6d1ff019e5c7673658f2ce4922733e6f1bf9b00ff1,31.924,63.1,194.101,409.835,25,46,0.2988,0.1228,0.0,-1.0,-1.0,-1.0,-1.0,-1.0,0.0,0.0,0.0,0.0,0.0,0.0,2565.107296,1.486979,0.0,200,1411200,1411200,1.0,1800,1800,1.0,120000,0,0,S10|M1_BALANCED|21|B|L1|F0,false,true,false,/home/cyfer/FYP/WSN_simulation_V3/runs/S10_5000/outputs_production_50seed_part21_25/run_campaign_v3_S10_M1_BALANCED_B_L1_F0_H0_seed021_21_20260603_085549
campaign_v3_S10_M1_BALANCED_B_L1_F0_H0_seed022,campaign_v3_S10_M1_BALANCED_B_L1_F0_H0_seed022_22_20260603_085728,S10,5000,200,6,M1_BALANCED,22,B,L1,F0,H0,V1,map_S10_M1_BALANCED_seed022,fa43fc7c2836f4cd3ee5406187de328c20cc9399e2067908cb315e3b900817a9,32.701,67.398,193.618,392.644,25,50,0.3535,0.1352,0.0,-1.0,-1.0,-1.0,-1.0,-1.0,0.0,0.0,0.0,0.0,0.0,0.0,2597.597652,1.48048,0.0,198,1411200,1411200,1.0,1800,1800,1.0,120000,0,0,S10|M1_BALANCED|22|B|L1|F0,false,true,false,/home/cyfer/FYP/WSN_simulation_V3/runs/S10_5000/outputs_production_50seed_part21_25/run_campaign_v3_S10_M1_BALANCED_B_L1_F0_H0_seed022_22_20260603_085728
campaign_v3_S10_M1_BALANCED_B_L1_F0_H0_seed023,campaign_v3_S10_M1_BALANCED_B_L1_F0_H0_seed023_23_20260603_085904,S10,5000,200,6,M1_BALANCED,23,B,L1,F0,H0,V1,map_S10_M1_BALANCED_seed023,b6c6bfbf7ecce212df52c3b9437c02a18e0d511955aeaa74ed610b73475af4f6,32.14,61.948,196.058,409.602,25,51,0.313,0.1326,0.0,-1.0,-1.0,-1.0,-1.0,-1.0,0.0,0.0,0.0,0.0,0.0,0.0,2573.743085,1.485251,0.0,199,1411200,1411200,1.0,1800,1800,1.0,120000,0,0,S10|M1_BALANCED|23|B|L1|F0,false,true,false,/home/cyfer/FYP/WSN_simulation_V3/runs/S10_5000/outputs_production_50seed_part21_25/run_campaign_v3_S10_M1_BALANCED_B_L1_F0_H0_seed023_23_20260603_085904
campaign_v3_S10_M1_BALANCED_B_L1_F0_H0_seed024,campaign_v3_S10_M1_BALANCED_B_L1_F0_H0_seed024_24_20260603_090041,S10,5000,200,6,M1_BALANCED,24,B,L1,F0,H0,V1,map_S10_M1_BALANCED_seed024,55d8920684214824a8222edcd4001cb6e2f327d339b5a2d729ae341c2c3bf85b,31.727,63.824,195.486,402.883,25,52,0.3064,0.1248,0.0,-1.0,-1.0,-1.0,-1.0,-1.0,0.0,0.0,0.0,0.0,0.0,0.0,2555.510341,1.488898,0.0,198,1411200,1411200,1.0,1800,1800,1.0,120000,0,0,S10|M1_BALANCED|24|B|L1|F0,false,true,false,/home/cyfer/FYP/WSN_simulation_V3/runs/S10_5000/outputs_production_50seed_part21_25/run_campaign_v3_S10_M1_BALANCED_B_L1_F0_H0_seed024_24_20260603_090041
campaign_v3_S10_M1_BALANCED_B_L1_F0_H0_seed025,campaign_v3_S10_M1_BALANCED_B_L1_F0_H0_seed025_25_20260603_090215,S10,5000,200,6,M1_BALANCED,25,B,L1,F0,H0,V1,map_S10_M1_BALANCED_seed025,a6070a82141efbfff571ed9fc68080ae838bf177280ca83a1cafe20936931325,32.165,63.676,197.099,391.974,25,47,0.3114,0.1258,0.0,-1.0,-1.0,-1.0,-1.0,-1.0,0.0,0.0,0.0,0.0,0.0,0.0,2574.919915,1.485016,0.0,199,1411200,1411200,1.0,1800,1800,1.0,120000,0,0,S10|M1_BALANCED|25|B|L1|F0,false,true,false,/home/cyfer/FYP/WSN_simulation_V3/runs/S10_5000/outputs_production_50seed_part21_25/run_campaign_v3_S10_M1_BALANCED_B_L1_F0_H0_seed025_25_20260603_090215
campaign_v3_S10_M1_BALANCED_B_L1_F1_H0_seed021,campaign_v3_S10_M1_BALANCED_B_L1_F1_H0_seed021_21_20260603_085550,S10,5000,200,6,M1_BALANCED,21,B,L1,F1,H0,V2,map_S10_M1_BALANCED_seed021,8ca34c01c62cf1db43d62e6d1ff019e5c7673658f2ce4922733e6f1bf9b00ff1,31.924,63.1,194.101,409.835,25,46,0.2988,0.1228,60.0,-1.0,-1.0,-1.0,-1.0,-1.0,0.0,0.0,0.0,0.0,0.0,0.0,2554.594415,1.488936,0.0,200,1404855,1404855,1.0,1792,1792,1.0,120135,1,0,S10|M1_BALANCED|21|B|L1|F1,false,false,true,/home/cyfer/FYP/WSN_simulation_V3/runs/S10_5000/outputs_production_50seed_part21_25/run_campaign_v3_S10_M1_BALANCED_B_L1_F1_H0_seed021_21_20260603_085550
campaign_v3_S10_M1_BALANCED_B_L1_F1_H0_seed022,campaign_v3_S10_M1_BALANCED_B_L1_F1_H0_seed022_22_20260603_085729,S10,5000,200,6,M1_BALANCED,22,B,L1,F1,H0,V2,map_S10_M1_BALANCED_seed022,fa43fc7c2836f4cd3ee5406187de328c20cc9399e2067908cb315e3b900817a9,32.701,67.398,193.618,392.644,25,50,0.3535,0.1352,60.0,-1.0,-1.0,-1.0,-1.0,-1.0,0.0,0.0,0.0,0.0,0.0,0.0,2588.348039,1.482153,0.0,198,1405560,1405560,1.0,1792,1792,1.0,120120,1,0,S10|M1_BALANCED|22|B|L1|F1,false,false,true,/home/cyfer/FYP/WSN_simulation_V3/runs/S10_5000/outputs_production_50seed_part21_25/run_campaign_v3_S10_M1_BALANCED_B_L1_F1_H0_seed022_22_20260603_085729
campaign_v3_S10_M1_BALANCED_B_L1_F1_H0_seed023,campaign_v3_S10_M1_BALANCED_B_L1_F1_H0_seed023_23_20260603_085905,S10,5000,200,6,M1_BALANCED,23,B,L1,F1,H0,V2,map_S10_M1_BALANCED_seed023,b6c6bfbf7ecce212df52c3b9437c02a18e0d511955aeaa74ed610b73475af4f6,32.14,61.948,196.058,409.602,25,51,0.313,0.1326,60.0,-1.0,-1.0,-1.0,-1.0,-1.0,0.0,0.0,0.0,0.0,0.0,0.0,2559.812485,1.487988,0.0,199,1402505,1402505,1.0,1792,1792,1.0,120185,1,0,S10|M1_BALANCED|23|B|L1|F1,false,false,true,/home/cyfer/FYP/WSN_simulation_V3/runs/S10_5000/outputs_production_50seed_part21_25/run_campaign_v3_S10_M1_BALANCED_B_L1_F1_H0_seed023_23_20260603_085905
campaign_v3_S10_M1_BALANCED_B_L1_F1_H0_seed024,campaign_v3_S10_M1_BALANCED_B_L1_F1_H0_seed024_24_20260603_090042,S10,5000,200,6,M1_BALANCED,24,B,L1,F1,H0,V2,map_S10_M1_BALANCED_seed024,55d8920684214824a8222edcd4001cb6e2f327d339b5a2d729ae341c2c3bf85b,31.727,63.824,195.486,402.883,25,52,0.3064,0.1248,60.0,-1.0,-1.0,-1.0,-1.0,-1.0,0.0,0.0,0.0,0.0,0.0,0.0,2544.487828,1.490968,0.0,198,1404620,1404620,1.0,1792,1792,1.0,120140,1,0,S10|M1_BALANCED|24|B|L1|F1,false,false,true,/home/cyfer/FYP/WSN_simulation_V3/runs/S10_5000/outputs_production_50seed_part21_25/run_campaign_v3_S10_M1_BALANCED_B_L1_F1_H0_seed024_24_20260603_090042
campaign_v3_S10_M1_BALANCED_B_L1_F1_H0_seed025,campaign_v3_S10_M1_BALANCED_B_L1_F1_H0_seed025_25_20260603_090216,S10,5000,200,6,M1_BALANCED,25,B,L1,F1,H0,V2,map_S10_M1_BALANCED_seed025,a6070a82141efbfff571ed9fc68080ae838bf177280ca83a1cafe20936931325,32.165,63.676,197.099,391.974,25,47,0.3114,0.1258,60.0,-1.0,-1.0,-1.0,-1.0,-1.0,0.0,0.0,0.0,0.0,0.0,0.0,2568.470916,1.486033,0.0,199,1408145,1408145,1.0,1792,1792,1.0,120065,1,0,S10|M1_BALANCED|25|B|L1|F1,false,false,true,/home/cyfer/FYP/WSN_simulation_V3/runs/S10_5000/outputs_production_50seed_part21_25/run_campaign_v3_S10_M1_BALANCED_B_L1_F1_H0_seed025_25_20260603_090216
campaign_v3_S10_M1_BALANCED_B_L1_F1_H1_seed021,campaign_v3_S10_M1_BALANCED_B_L1_F1_H1_seed021_21_20260603_085556,S10,5000,200,6,M1_BALANCED,21,B,L1,F1,H1,V3,map_S10_M1_BALANCED_seed021,8ca34c01c62cf1db43d62e6d1ff019e5c7673658f2ce4922733e6f1bf9b00ff1,31.924,63.1,194.101,409.835,25,46,0.2988,0.1228,60.0,17.691,77.691,137.691,140.0,80.0,8.201,0.0,1.0,0.6,1.0,0.134,2563.642983,1.487126,0.0,201,1409094,1409094,1.0,1797,1797,1.0,120000,0,1,S10|M1_BALANCED|21|B|L1|F1,true,false,false,/home/cyfer/FYP/WSN_simulation_V3/runs/S10_5000/outputs_production_50seed_part21_25/run_campaign_v3_S10_M1_BALANCED_B_L1_F1_H1_seed021_21_20260603_085556
campaign_v3_S10_M1_BALANCED_B_L1_F1_H1_seed022,campaign_v3_S10_M1_BALANCED_B_L1_F1_H1_seed022_22_20260603_085735,S10,5000,200,6,M1_BALANCED,22,B,L1,F1,H1,V3,map_S10_M1_BALANCED_seed022,fa43fc7c2836f4cd3ee5406187de328c20cc9399e2067908cb315e3b900817a9,32.701,67.398,193.618,392.644,25,50,0.3535,0.1352,60.0,17.415,77.415,137.415,140.0,80.0,7.868,0.0,1.0,0.49,1.0,0.133,2595.694098,1.480683,0.0,199,1409328,1409328,1.0,1797,1797,1.0,120000,0,1,S10|M1_BALANCED|22|B|L1|F1,true,false,false,/home/cyfer/FYP/WSN_simulation_V3/runs/S10_5000/outputs_production_50seed_part21_25/run_campaign_v3_S10_M1_BALANCED_B_L1_F1_H1_seed022_22_20260603_085735
campaign_v3_S10_M1_BALANCED_B_L1_F1_H1_seed023,campaign_v3_S10_M1_BALANCED_B_L1_F1_H1_seed023_23_20260603_085911,S10,5000,200,6,M1_BALANCED,23,B,L1,F1,H1,V3,map_S10_M1_BALANCED_seed023,b6c6bfbf7ecce212df52c3b9437c02a18e0d511955aeaa74ed610b73475af4f6,32.14,61.948,196.058,409.602,25,51,0.313,0.1326,60.0,18.368,78.368,138.368,140.0,80.0,8.608,0.0,1.0,0.74,1.0,0.129,2570.687727,1.485813,0.0,200,1408277,1408277,1.0,1797,1797,1.0,120000,0,1,S10|M1_BALANCED|23|B|L1|F1,true,false,false,/home/cyfer/FYP/WSN_simulation_V3/runs/S10_5000/outputs_production_50seed_part21_25/run_campaign_v3_S10_M1_BALANCED_B_L1_F1_H1_seed023_23_20260603_085911
campaign_v3_S10_M1_BALANCED_B_L1_F1_H1_seed024,campaign_v3_S10_M1_BALANCED_B_L1_F1_H1_seed024_24_20260603_090047,S10,5000,200,6,M1_BALANCED,24,B,L1,F1,H1,V3,map_S10_M1_BALANCED_seed024,55d8920684214824a8222edcd4001cb6e2f327d339b5a2d729ae341c2c3bf85b,31.727,63.824,195.486,402.883,25,52,0.3064,0.1248,60.0,17.324,77.324,137.324,140.0,80.0,8.028,0.0,1.0,0.549,1.0,0.127,2553.111223,1.489243,0.0,199,1409016,1409016,1.0,1797,1797,1.0,120000,0,1,S10|M1_BALANCED|24|B|L1|F1,true,false,false,/home/cyfer/FYP/WSN_simulation_V3/runs/S10_5000/outputs_production_50seed_part21_25/run_campaign_v3_S10_M1_BALANCED_B_L1_F1_H1_seed024_24_20260603_090047
campaign_v3_S10_M1_BALANCED_B_L1_F1_H1_seed025,campaign_v3_S10_M1_BALANCED_B_L1_F1_H1_seed025_25_20260603_090221,S10,5000,200,6,M1_BALANCED,25,B,L1,F1,H1,V3,map_S10_M1_BALANCED_seed025,a6070a82141efbfff571ed9fc68080ae838bf177280ca83a1cafe20936931325,32.165,63.676,197.099,391.974,25,47,0.3114,0.1258,60.0,17.018,77.018,137.018,140.0,80.0,7.25,0.0,1.0,0.283,1.0,0.134,2573.246827,1.485078,0.0,200,1410186,1410186,1.0,1797,1797,1.0,120000,0,1,S10|M1_BALANCED|25|B|L1|F1,true,false,false,/home/cyfer/FYP/WSN_simulation_V3/runs/S10_5000/outputs_production_50seed_part21_25/run_campaign_v3_S10_M1_BALANCED_B_L1_F1_H1_seed025_25_20260603_090221
campaign_v3_S10_M1_BALANCED_B_L1_F1_H3_seed021,campaign_v3_S10_M1_BALANCED_B_L1_F1_H3_seed021_21_20260603_085559,S10,5000,200,6,M1_BALANCED,21,B,L1,F1,H3,V3,map_S10_M1_BALANCED_seed021,8ca34c01c62cf1db43d62e6d1ff019e5c7673658f2ce4922733e6f1bf9b00ff1,31.924,63.1,194.101,409.835,25,46,0.2988,0.1228,60.0,23.341,83.341,143.341,150.0,90.0,8.201,0.0,1.0,0.6,1.0,0.134,2560.097141,1.487836,0.0,201,1406969,1406969,1.0,1797,1797,1.0,119675,0,1,S10|M1_BALANCED|21|B|L1|F1,true,false,false,/home/cyfer/FYP/WSN_simulation_V3/runs/S10_5000/outputs_production_50seed_part21_25/run_campaign_v3_S10_M1_BALANCED_B_L1_F1_H3_seed021_21_20260603_085559
campaign_v3_S10_M1_BALANCED_B_L1_F1_H3_seed022,campaign_v3_S10_M1_BALANCED_B_L1_F1_H3_seed022_22_20260603_085738,S10,5000,200,6,M1_BALANCED,22,B,L1,F1,H3,V3,map_S10_M1_BALANCED_seed022,fa43fc7c2836f4cd3ee5406187de328c20cc9399e2067908cb315e3b900817a9,32.701,67.398,193.618,392.644,25,50,0.3535,0.1352,60.0,23.444,83.444,143.444,150.0,90.0,7.868,0.0,1.0,0.49,1.0,0.133,2592.63886,1.481294,0.0,199,1407372,1407372,1.0,1797,1797,1.0,119700,0,1,S10|M1_BALANCED|22|B|L1|F1,true,false,false,/home/cyfer/FYP/WSN_simulation_V3/runs/S10_5000/outputs_production_50seed_part21_25/run_campaign_v3_S10_M1_BALANCED_B_L1_F1_H3_seed022_22_20260603_085738
campaign_v3_S10_M1_BALANCED_B_L1_F1_H3_seed023,campaign_v3_S10_M1_BALANCED_B_L1_F1_H3_seed023_23_20260603_085914,S10,5000,200,6,M1_BALANCED,23,B,L1,F1,H3,V3,map_S10_M1_BALANCED_seed023,b6c6bfbf7ecce212df52c3b9437c02a18e0d511955aeaa74ed610b73475af4f6,32.14,61.948,196.058,409.602,25,51,0.313,0.1326,60.0,24.541,84.541,144.541,150.0,90.0,8.608,0.0,1.0,0.74,1.0,0.129,2566.280522,1.486695,0.0,200,1405355,1405355,1.0,1797,1797,1.0,119550,0,1,S10|M1_BALANCED|23|B|L1|F1,true,false,false,/home/cyfer/FYP/WSN_simulation_V3/runs/S10_5000/outputs_production_50seed_part21_25/run_campaign_v3_S10_M1_BALANCED_B_L1_F1_H3_seed023_23_20260603_085914
campaign_v3_S10_M1_BALANCED_B_L1_F1_H3_seed024,campaign_v3_S10_M1_BALANCED_B_L1_F1_H3_seed024_24_20260603_090050,S10,5000,200,6,M1_BALANCED,24,B,L1,F1,H3,V3,map_S10_M1_BALANCED_seed024,55d8920684214824a8222edcd4001cb6e2f327d339b5a2d729ae341c2c3bf85b,31.727,63.824,195.486,402.883,25,52,0.3064,0.1248,60.0,23.254,83.254,143.254,150.0,90.0,8.028,0.0,1.0,0.549,1.0,0.127,2549.356519,1.489994,0.0,199,1406734,1406734,1.0,1797,1797,1.0,119650,0,1,S10|M1_BALANCED|24|B|L1|F1,true,false,false,/home/cyfer/FYP/WSN_simulation_V3/runs/S10_5000/outputs_production_50seed_part21_25/run_campaign_v3_S10_M1_BALANCED_B_L1_F1_H3_seed024_24_20260603_090050
campaign_v3_S10_M1_BALANCED_B_L1_F1_H3_seed025,campaign_v3_S10_M1_BALANCED_B_L1_F1_H3_seed025_25_20260603_090225,S10,5000,200,6,M1_BALANCED,25,B,L1,F1,H3,V3,map_S10_M1_BALANCED_seed025,a6070a82141efbfff571ed9fc68080ae838bf177280ca83a1cafe20936931325,32.165,63.676,197.099,391.974,25,47,0.3114,0.1258,60.0,23.019,83.019,143.019,150.0,90.0,7.25,0.0,1.0,0.283,1.0,0.134,2570.953829,1.485536,0.0,199,1409202,1409202,1.0,1797,1797,1.0,119850,0,1,S10|M1_BALANCED|25|B|L1|F1,true,false,false,/home/cyfer/FYP/WSN_simulation_V3/runs/S10_5000/outputs_production_50seed_part21_25/run_campaign_v3_S10_M1_BALANCED_B_L1_F1_H3_seed025_25_20260603_090225
campaign_v3_S10_M1_BALANCED_B_L1_F1_H4_seed021,campaign_v3_S10_M1_BALANCED_B_L1_F1_H4_seed021_21_20260603_085602,S10,5000,200,6,M1_BALANCED,21,B,L1,F1,H4,V3,map_S10_M1_BALANCED_seed021,8ca34c01c62cf1db43d62e6d1ff019e5c7673658f2ce4922733e6f1bf9b00ff1,31.924,63.1,194.101,409.835,25,46,0.2988,0.1228,60.0,27.957,87.957,147.957,150.0,90.0,8.201,0.0,1.0,0.6,1.0,0.134,2555.541189,1.488747,0.0,201,1403993,1403993,1.0,1797,1797,1.0,119179,0,1,S10|M1_BALANCED|21|B|L1|F1,true,false,false,/home/cyfer/FYP/WSN_simulation_V3/runs/S10_5000/outputs_production_50seed_part21_25/run_campaign_v3_S10_M1_BALANCED_B_L1_F1_H4_seed021_21_20260603_085602
campaign_v3_S10_M1_BALANCED_B_L1_F1_H4_seed022,campaign_v3_S10_M1_BALANCED_B_L1_F1_H4_seed022_22_20260603_085742,S10,5000,200,6,M1_BALANCED,22,B,L1,F1,H4,V3,map_S10_M1_BALANCED_seed022,fa43fc7c2836f4cd3ee5406187de328c20cc9399e2067908cb315e3b900817a9,32.701,67.398,193.618,392.644,25,50,0.3535,0.1352,60.0,27.46,87.46,147.46,150.0,90.0,7.868,0.0,1.0,0.49,1.0,0.133,2586.80465,1.482461,0.0,199,1403816,1403816,1.0,1797,1797,1.0,119104,0,1,S10|M1_BALANCED|22|B|L1|F1,true,false,false,/home/cyfer/FYP/WSN_simulation_V3/runs/S10_5000/outputs_production_50seed_part21_25/run_campaign_v3_S10_M1_BALANCED_B_L1_F1_H4_seed022_22_20260603_085742
campaign_v3_S10_M1_BALANCED_B_L1_F1_H4_seed023,campaign_v3_S10_M1_BALANCED_B_L1_F1_H4_seed023_23_20260603_085917,S10,5000,200,6,M1_BALANCED,23,B,L1,F1,H4,V3,map_S10_M1_BALANCED_seed023,b6c6bfbf7ecce212df52c3b9437c02a18e0d511955aeaa74ed610b73475af4f6,32.14,61.948,196.058,409.602,25,51,0.313,0.1326,60.0,27.916,87.916,147.916,150.0,90.0,8.608,0.0,1.0,0.74,1.0,0.129,2564.917404,1.486967,0.0,200,1404583,1404583,1.0,1797,1797,1.0,119429,0,1,S10|M1_BALANCED|23|B|L1|F1,true,false,false,/home/cyfer/FYP/WSN_simulation_V3/runs/S10_5000/outputs_production_50seed_part21_25/run_campaign_v3_S10_M1_BALANCED_B_L1_F1_H4_seed023_23_20260603_085917
campaign_v3_S10_M1_BALANCED_B_L1_F1_H4_seed024,campaign_v3_S10_M1_BALANCED_B_L1_F1_H4_seed024_24_20260603_090054,S10,5000,200,6,M1_BALANCED,24,B,L1,F1,H4,V3,map_S10_M1_BALANCED_seed024,55d8920684214824a8222edcd4001cb6e2f327d339b5a2d729ae341c2c3bf85b,31.727,63.824,195.486,402.883,25,52,0.3064,0.1248,60.0,27.421,87.421,147.421,150.0,90.0,8.028,0.0,1.0,0.549,1.0,0.127,2544.122292,1.491041,0.0,199,1403317,1403317,1.0,1797,1797,1.0,119079,0,1,S10|M1_BALANCED|24|B|L1|F1,true,false,false,/home/cyfer/FYP/WSN_simulation_V3/runs/S10_5000/outputs_production_50seed_part21_25/run_campaign_v3_S10_M1_BALANCED_B_L1_F1_H4_seed024_24_20260603_090054
campaign_v3_S10_M1_BALANCED_B_L1_F1_H4_seed025,campaign_v3_S10_M1_BALANCED_B_L1_F1_H4_seed025_25_20260603_090228,S10,5000,200,6,M1_BALANCED,25,B,L1,F1,H4,V3,map_S10_M1_BALANCED_seed025,a6070a82141efbfff571ed9fc68080ae838bf177280ca83a1cafe20936931325,32.165,63.676,197.099,391.974,25,47,0.3114,0.1258,60.0,26.945,86.945,146.945,150.0,90.0,7.25,0.0,1.0,0.283,1.0,0.134,2564.831876,1.486761,0.0,200,1405057,1405057,1.0,1797,1797,1.0,119154,0,1,S10|M1_BALANCED|25|B|L1|F1,true,false,false,/home/cyfer/FYP/WSN_simulation_V3/runs/S10_5000/outputs_production_50seed_part21_25/run_campaign_v3_S10_M1_BALANCED_B_L1_F1_H4_seed025_25_20260603_090228
campaign_v3_S10_M1_BALANCED_B_L1_F2_H0_seed021,campaign_v3_S10_M1_BALANCED_B_L1_F2_H0_seed021_21_20260603_085553,S10,5000,200,6,M1_BALANCED,21,B,L1,F2,H0,V2,map_S10_M1_BALANCED_seed021,8ca34c01c62cf1db43d62e6d1ff019e5c7673658f2ce4922733e6f1bf9b00ff1,31.924,63.1,194.101,409.835,25,46,0.2988,0.1228,60.0,-1.0,-1.0,-1.0,-1.0,-1.0,0.0,0.0,0.0,0.0,0.0,0.0,2552.393037,1.489521,0.0,199,1403445,1403445,1.0,1792,1792,1.0,120165,1,0,S10|M1_BALANCED|21|B|L1|F2,false,false,true,/home/cyfer/FYP/WSN_simulation_V3/runs/S10_5000/outputs_production_50seed_part21_25/run_campaign_v3_S10_M1_BALANCED_B_L1_F2_H0_seed021_21_20260603_085553
campaign_v3_S10_M1_BALANCED_B_L1_F2_H0_seed022,campaign_v3_S10_M1_BALANCED_B_L1_F2_H0_seed022_22_20260603_085732,S10,5000,200,6,M1_BALANCED,22,B,L1,F2,H0,V2,map_S10_M1_BALANCED_seed022,fa43fc7c2836f4cd3ee5406187de328c20cc9399e2067908cb315e3b900817a9,32.701,67.398,193.618,392.644,25,50,0.3535,0.1352,60.0,-1.0,-1.0,-1.0,-1.0,-1.0,0.0,0.0,0.0,0.0,0.0,0.0,2583.621697,1.483276,0.0,198,1402740,1402740,1.0,1792,1792,1.0,120180,1,0,S10|M1_BALANCED|22|B|L1|F2,false,false,true,/home/cyfer/FYP/WSN_simulation_V3/runs/S10_5000/outputs_production_50seed_part21_25/run_campaign_v3_S10_M1_BALANCED_B_L1_F2_H0_seed022_22_20260603_085732
campaign_v3_S10_M1_BALANCED_B_L1_F2_H0_seed023,campaign_v3_S10_M1_BALANCED_B_L1_F2_H0_seed023_23_20260603_085909,S10,5000,200,6,M1_BALANCED,23,B,L1,F2,H0,V2,map_S10_M1_BALANCED_seed023,b6c6bfbf7ecce212df52c3b9437c02a18e0d511955aeaa74ed610b73475af4f6,32.14,61.948,196.058,409.602,25,51,0.313,0.1326,60.0,-1.0,-1.0,-1.0,-1.0,-1.0,0.0,0.0,0.0,0.0,0.0,0.0,2564.372447,1.487126,0.0,198,1405795,1405795,1.0,1792,1792,1.0,120115,1,0,S10|M1_BALANCED|23|B|L1|F2,false,false,true,/home/cyfer/FYP/WSN_simulation_V3/runs/S10_5000/outputs_production_50seed_part21_25/run_campaign_v3_S10_M1_BALANCED_B_L1_F2_H0_seed023_23_20260603_085909
campaign_v3_S10_M1_BALANCED_B_L1_F2_H0_seed024,campaign_v3_S10_M1_BALANCED_B_L1_F2_H0_seed024_24_20260603_090045,S10,5000,200,6,M1_BALANCED,24,B,L1,F2,H0,V2,map_S10_M1_BALANCED_seed024,55d8920684214824a8222edcd4001cb6e2f327d339b5a2d729ae341c2c3bf85b,31.727,63.824,195.486,402.883,25,52,0.3064,0.1248,60.0,-1.0,-1.0,-1.0,-1.0,-1.0,0.0,0.0,0.0,0.0,0.0,0.0,2541.521098,1.491696,0.0,198,1402505,1402505,1.0,1792,1792,1.0,120185,1,0,S10|M1_BALANCED|24|B|L1|F2,false,false,true,/home/cyfer/FYP/WSN_simulation_V3/runs/S10_5000/outputs_production_50seed_part21_25/run_campaign_v3_S10_M1_BALANCED_B_L1_F2_H0_seed024_24_20260603_090045
campaign_v3_S10_M1_BALANCED_B_L1_F2_H0_seed025,campaign_v3_S10_M1_BALANCED_B_L1_F2_H0_seed025_25_20260603_090219,S10,5000,200,6,M1_BALANCED,25,B,L1,F2,H0,V2,map_S10_M1_BALANCED_seed025,a6070a82141efbfff571ed9fc68080ae838bf177280ca83a1cafe20936931325,32.165,63.676,197.099,391.974,25,47,0.3114,0.1258,60.0,-1.0,-1.0,-1.0,-1.0,-1.0,0.0,0.0,0.0,0.0,0.0,0.0,2561.557037,1.487689,0.0,199,1403210,1403210,1.0,1792,1792,1.0,120170,1,0,S10|M1_BALANCED|25|B|L1|F2,false,false,true,/home/cyfer/FYP/WSN_simulation_V3/runs/S10_5000/outputs_production_50seed_part21_25/run_campaign_v3_S10_M1_BALANCED_B_L1_F2_H0_seed025_25_20260603_090219
campaign_v3_S10_M1_BALANCED_B_L1_F2_H1_seed021,campaign_v3_S10_M1_BALANCED_B_L1_F2_H1_seed021_21_20260603_085606,S10,5000,200,6,M1_BALANCED,21,B,L1,F2,H1,V3,map_S10_M1_BALANCED_seed021,8ca34c01c62cf1db43d62e6d1ff019e5c7673658f2ce4922733e6f1bf9b00ff1,31.924,63.1,194.101,409.835,25,46,0.2988,0.1228,60.0,24.894,84.894,144.894,150.0,90.0,7.736,0.0,1.0,0.733,0.786,0.059,2561.986333,1.487603,0.0,200,1408395,1408395,1.0,1797,1797,1.0,120000,0,1,S10|M1_BALANCED|21|B|L1|F2,true,false,false,/home/cyfer/FYP/WSN_simulation_V3/runs/S10_5000/outputs_production_50seed_part21_25/run_campaign_v3_S10_M1_BALANCED_B_L1_F2_H1_seed021_21_20260603_085606
campaign_v3_S10_M1_BALANCED_B_L1_F2_H1_seed022,campaign_v3_S10_M1_BALANCED_B_L1_F2_H1_seed022_22_20260603_085745,S10,5000,200,6,M1_BALANCED,22,B,L1,F2,H1,V3,map_S10_M1_BALANCED_seed022,fa43fc7c2836f4cd3ee5406187de328c20cc9399e2067908cb315e3b900817a9,32.701,67.398,193.618,392.644,25,50,0.3535,0.1352,60.0,25.257,85.257,145.257,150.0,90.0,8.162,0.0,1.0,0.735,0.864,0.122,2594.17743,1.481165,0.0,199,1408104,1408104,1.0,1797,1797,1.0,120000,0,1,S10|M1_BALANCED|22|B|L1|F2,true,false,false,/home/cyfer/FYP/WSN_simulation_V3/runs/S10_5000/outputs_production_50seed_part21_25/run_campaign_v3_S10_M1_BALANCED_B_L1_F2_H1_seed022_22_20260603_085745
campaign_v3_S10_M1_BALANCED_B_L1_F2_H1_seed023,campaign_v3_S10_M1_BALANCED_B_L1_F2_H1_seed023_23_20260603_085921,S10,5000,200,6,M1_BALANCED,23,B,L1,F2,H1,V3,map_S10_M1_BALANCED_seed023,b6c6bfbf7ecce212df52c3b9437c02a18e0d511955aeaa74ed610b73475af4f6,32.14,61.948,196.058,409.602,25,51,0.313,0.1326,60.0,24.019,84.019,144.019,150.0,90.0,6.441,0.0,1.0,0.46,0.546,0.141,2571.434532,1.485713,0.0,199,1409245,1409245,1.0,1797,1797,1.0,120000,0,1,S10|M1_BALANCED|23|B|L1|F2,true,false,false,/home/cyfer/FYP/WSN_simulation_V3/runs/S10_5000/outputs_production_50seed_part21_25/run_campaign_v3_S10_M1_BALANCED_B_L1_F2_H1_seed023_23_20260603_085921
campaign_v3_S10_M1_BALANCED_B_L1_F2_H1_seed024,campaign_v3_S10_M1_BALANCED_B_L1_F2_H1_seed024_24_20260603_090057,S10,5000,200,6,M1_BALANCED,24,B,L1,F2,H1,V3,map_S10_M1_BALANCED_seed024,55d8920684214824a8222edcd4001cb6e2f327d339b5a2d729ae341c2c3bf85b,31.727,63.824,195.486,402.883,25,52,0.3064,0.1248,60.0,25.798,85.798,145.798,150.0,90.0,8.493,0.0,1.0,0.725,0.881,0.225,2552.038153,1.489592,0.0,199,1408018,1408018,1.0,1797,1797,1.0,120000,0,1,S10|M1_BALANCED|24|B|L1|F2,true,false,false,/home/cyfer/FYP/WSN_simulation_V3/runs/S10_5000/outputs_production_50seed_part21_25/run_campaign_v3_S10_M1_BALANCED_B_L1_F2_H1_seed024_24_20260603_090057
campaign_v3_S10_M1_BALANCED_B_L1_F2_H1_seed025,campaign_v3_S10_M1_BALANCED_B_L1_F2_H1_seed025_25_20260603_090231,S10,5000,200,6,M1_BALANCED,25,B,L1,F2,H1,V3,map_S10_M1_BALANCED_seed025,a6070a82141efbfff571ed9fc68080ae838bf177280ca83a1cafe20936931325,32.165,63.676,197.099,391.974,25,47,0.3114,0.1258,60.0,26.039,86.039,146.039,150.0,90.0,8.172,0.0,1.0,0.739,0.821,0.164,2571.805383,1.485639,0.0,200,1408242,1408242,1.0,1797,1797,1.0,120000,0,1,S10|M1_BALANCED|25|B|L1|F2,true,false,false,/home/cyfer/FYP/WSN_simulation_V3/runs/S10_5000/outputs_production_50seed_part21_25/run_campaign_v3_S10_M1_BALANCED_B_L1_F2_H1_seed025_25_20260603_090231
campaign_v3_S10_M1_BALANCED_B_L1_F2_H3_seed021,campaign_v3_S10_M1_BALANCED_B_L1_F2_H3_seed021_21_20260603_085607,S10,5000,200,6,M1_BALANCED,21,B,L1,F2,H3,V3,map_S10_M1_BALANCED_seed021,8ca34c01c62cf1db43d62e6d1ff019e5c7673658f2ce4922733e6f1bf9b00ff1,31.924,63.1,194.101,409.835,25,46,0.2988,0.1228,60.0,31.44,91.44,151.44,160.0,100.0,7.736,0.0,1.0,0.733,0.786,0.059,2557.970478,1.488406,0.0,200,1405876,1405876,1.0,1796,1796,1.0,119600,0,1,S10|M1_BALANCED|21|B|L1|F2,true,false,false,/home/cyfer/FYP/WSN_simulation_V3/runs/S10_5000/outputs_production_50seed_part21_25/run_campaign_v3_S10_M1_BALANCED_B_L1_F2_H3_seed021_21_20260603_085607
campaign_v3_S10_M1_BALANCED_B_L1_F2_H3_seed022,campaign_v3_S10_M1_BALANCED_B_L1_F2_H3_seed022_22_20260603_085746,S10,5000,200,6,M1_BALANCED,22,B,L1,F2,H3,V3,map_S10_M1_BALANCED_seed022,fa43fc7c2836f4cd3ee5406187de328c20cc9399e2067908cb315e3b900817a9,32.701,67.398,193.618,392.644,25,50,0.3535,0.1352,60.0,31.247,91.247,151.247,160.0,100.0,8.162,0.0,1.0,0.735,0.864,0.122,2589.690458,1.482062,0.0,199,1405314,1405314,1.0,1796,1796,1.0,119550,0,1,S10|M1_BALANCED|22|B|L1|F2,true,false,false,/home/cyfer/FYP/WSN_simulation_V3/runs/S10_5000/outputs_production_50seed_part21_25/run_campaign_v3_S10_M1_BALANCED_B_L1_F2_H3_seed022_22_20260603_085746
campaign_v3_S10_M1_BALANCED_B_L1_F2_H3_seed023,campaign_v3_S10_M1_BALANCED_B_L1_F2_H3_seed023_23_20260603_085922,S10,5000,200,6,M1_BALANCED,23,B,L1,F2,H3,V3,map_S10_M1_BALANCED_seed023,b6c6bfbf7ecce212df52c3b9437c02a18e0d511955aeaa74ed610b73475af4f6,32.14,61.948,196.058,409.602,25,51,0.313,0.1326,60.0,29.469,89.469,149.469,150.0,90.0,6.441,0.0,1.0,0.46,0.546,0.141,2568.682212,1.486264,0.0,199,1407535,1407535,1.0,1797,1797,1.0,119725,0,1,S10|M1_BALANCED|23|B|L1|F2,true,false,false,/home/cyfer/FYP/WSN_simulation_V3/runs/S10_5000/outputs_production_50seed_part21_25/run_campaign_v3_S10_M1_BALANCED_B_L1_F2_H3_seed023_23_20260603_085922
campaign_v3_S10_M1_BALANCED_B_L1_F2_H3_seed024,campaign_v3_S10_M1_BALANCED_B_L1_F2_H3_seed024_24_20260603_090058,S10,5000,200,6,M1_BALANCED,24,B,L1,F2,H3,V3,map_S10_M1_BALANCED_seed024,55d8920684214824a8222edcd4001cb6e2f327d339b5a2d729ae341c2c3bf85b,31.727,63.824,195.486,402.883,25,52,0.3064,0.1248,60.0,32.154,92.154,152.154,160.0,100.0,8.493,0.0,1.0,0.725,0.881,0.225,2547.626553,1.490475,0.0,199,1405203,1405203,1.0,1796,1796,1.0,119550,0,1,S10|M1_BALANCED|24|B|L1|F2,true,false,false,/home/cyfer/FYP/WSN_simulation_V3/runs/S10_5000/outputs_production_50seed_part21_25/run_campaign_v3_S10_M1_BALANCED_B_L1_F2_H3_seed024_24_20260603_090058
campaign_v3_S10_M1_BALANCED_B_L1_F2_H3_seed025,campaign_v3_S10_M1_BALANCED_B_L1_F2_H3_seed025_25_20260603_090232,S10,5000,200,6,M1_BALANCED,25,B,L1,F2,H3,V3,map_S10_M1_BALANCED_seed025,a6070a82141efbfff571ed9fc68080ae838bf177280ca83a1cafe20936931325,32.165,63.676,197.099,391.974,25,47,0.3114,0.1258,60.0,31.81,91.81,151.81,160.0,100.0,8.172,0.0,1.0,0.739,0.821,0.164,2567.189175,1.486562,0.0,200,1405641,1405641,1.0,1796,1796,1.0,119575,0,1,S10|M1_BALANCED|25|B|L1|F2,true,false,false,/home/cyfer/FYP/WSN_simulation_V3/runs/S10_5000/outputs_production_50seed_part21_25/run_campaign_v3_S10_M1_BALANCED_B_L1_F2_H3_seed025_25_20260603_090232
campaign_v3_S10_M1_BALANCED_B_L1_F2_H4_seed021,campaign_v3_S10_M1_BALANCED_B_L1_F2_H4_seed021_21_20260603_085607,S10,5000,200,6,M1_BALANCED,21,B,L1,F2,H4,V3,map_S10_M1_BALANCED_seed021,8ca34c01c62cf1db43d62e6d1ff019e5c7673658f2ce4922733e6f1bf9b00ff1,31.924,63.1,194.101,409.835,25,46,0.2988,0.1228,60.0,35.104,95.104,155.104,160.0,100.0,7.736,0.0,1.0,0.733,0.786,0.059,2561.425041,1.487715,0.0,200,1408032,1408032,1.0,1796,1796,1.0,120000,0,1,S10|M1_BALANCED|21|B|L1|F2,true,false,false,/home/cyfer/FYP/WSN_simulation_V3/runs/S10_5000/outputs_production_50seed_part21_25/run_campaign_v3_S10_M1_BALANCED_B_L1_F2_H4_seed021_21_20260603_085607
campaign_v3_S10_M1_BALANCED_B_L1_F2_H4_seed022,campaign_v3_S10_M1_BALANCED_B_L1_F2_H4_seed022_22_20260603_085746,S10,5000,200,6,M1_BALANCED,22,B,L1,F2,H4,V3,map_S10_M1_BALANCED_seed022,fa43fc7c2836f4cd3ee5406187de328c20cc9399e2067908cb315e3b900817a9,32.701,67.398,193.618,392.644,25,50,0.3535,0.1352,60.0,36.083,96.083,156.083,160.0,100.0,8.162,0.0,1.0,0.735,0.864,0.122,2593.541713,1.481292,0.0,199,1407708,1407708,1.0,1796,1796,1.0,120000,0,1,S10|M1_BALANCED|22|B|L1|F2,true,false,false,/home/cyfer/FYP/WSN_simulation_V3/runs/S10_5000/outputs_production_50seed_part21_25/run_campaign_v3_S10_M1_BALANCED_B_L1_F2_H4_seed022_22_20260603_085746
campaign_v3_S10_M1_BALANCED_B_L1_F2_H4_seed023,campaign_v3_S10_M1_BALANCED_B_L1_F2_H4_seed023_23_20260603_085922,S10,5000,200,6,M1_BALANCED,23,B,L1,F2,H4,V3,map_S10_M1_BALANCED_seed023,b6c6bfbf7ecce212df52c3b9437c02a18e0d511955aeaa74ed610b73475af4f6,32.14,61.948,196.058,409.602,25,51,0.313,0.1326,60.0,34.435,94.435,154.435,160.0,100.0,6.441,0.0,1.0,0.46,0.546,0.141,2571.093455,1.485781,0.0,199,1409015,1409015,1.0,1796,1796,1.0,120000,0,1,S10|M1_BALANCED|23|B|L1|F2,true,false,false,/home/cyfer/FYP/WSN_simulation_V3/runs/S10_5000/outputs_production_50seed_part21_25/run_campaign_v3_S10_M1_BALANCED_B_L1_F2_H4_seed023_23_20260603_085922
campaign_v3_S10_M1_BALANCED_B_L1_F2_H4_seed024,campaign_v3_S10_M1_BALANCED_B_L1_F2_H4_seed024_24_20260603_090059,S10,5000,200,6,M1_BALANCED,24,B,L1,F2,H4,V3,map_S10_M1_BALANCED_seed024,55d8920684214824a8222edcd4001cb6e2f327d339b5a2d729ae341c2c3bf85b,31.727,63.824,195.486,402.883,25,52,0.3064,0.1248,60.0,35.879,95.879,155.879,160.0,100.0,8.493,0.0,1.0,0.725,0.881,0.225,2551.462742,1.489707,0.0,199,1407648,1407648,1.0,1796,1796,1.0,120000,0,1,S10|M1_BALANCED|24|B|L1|F2,true,false,false,/home/cyfer/FYP/WSN_simulation_V3/runs/S10_5000/outputs_production_50seed_part21_25/run_campaign_v3_S10_M1_BALANCED_B_L1_F2_H4_seed024_24_20260603_090059
campaign_v3_S10_M1_BALANCED_B_L1_F2_H4_seed025,campaign_v3_S10_M1_BALANCED_B_L1_F2_H4_seed025_25_20260603_090233,S10,5000,200,6,M1_BALANCED,25,B,L1,F2,H4,V3,map_S10_M1_BALANCED_seed025,a6070a82141efbfff571ed9fc68080ae838bf177280ca83a1cafe20936931325,32.165,63.676,197.099,391.974,25,47,0.3114,0.1258,60.0,36.141,96.141,156.141,160.0,100.0,8.172,0.0,1.0,0.739,0.821,0.164,2571.244374,1.485751,0.0,200,1407902,1407902,1.0,1796,1796,1.0,120000,0,1,S10|M1_BALANCED|25|B|L1|F2,true,false,false,/home/cyfer/FYP/WSN_simulation_V3/runs/S10_5000/outputs_production_50seed_part21_25/run_campaign_v3_S10_M1_BALANCED_B_L1_F2_H4_seed025_25_20260603_090233
campaign_v3_S10_M1_BALANCED_B_L1_F3_H0_seed021,campaign_v3_S10_M1_BALANCED_B_L1_F3_H0_seed021_21_20260603_085554,S10,5000,200,6,M1_BALANCED,21,B,L1,F3,H0,V2,map_S10_M1_BALANCED_seed021,8ca34c01c62cf1db43d62e6d1ff019e5c7673658f2ce4922733e6f1bf9b00ff1,31.924,63.1,194.101,409.835,25,46,0.2988,0.1228,60.0,-1.0,-1.0,-1.0,-1.0,-1.0,0.0,0.0,0.0,0.0,0.0,0.0,2557.427902,1.488514,0.0,199,1406735,1406735,1.0,1792,1792,1.0,120095,1,0,S10|M1_BALANCED|21|B|L1|F3,false,false,true,/home/cyfer/FYP/WSN_simulation_V3/runs/S10_5000/outputs_production_50seed_part21_25/run_campaign_v3_S10_M1_BALANCED_B_L1_F3_H0_seed021_21_20260603_085554
campaign_v3_S10_M1_BALANCED_B_L1_F3_H0_seed022,campaign_v3_S10_M1_BALANCED_B_L1_F3_H0_seed022_22_20260603_085733,S10,5000,200,6,M1_BALANCED,22,B,L1,F3,H0,V2,map_S10_M1_BALANCED_seed022,fa43fc7c2836f4cd3ee5406187de328c20cc9399e2067908cb315e3b900817a9,32.701,67.398,193.618,392.644,25,50,0.3535,0.1352,60.0,-1.0,-1.0,-1.0,-1.0,-1.0,0.0,0.0,0.0,0.0,0.0,0.0,2588.115227,1.482377,0.0,197,1405795,1405795,1.0,1792,1792,1.0,120115,1,0,S10|M1_BALANCED|22|B|L1|F3,false,false,true,/home/cyfer/FYP/WSN_simulation_V3/runs/S10_5000/outputs_production_50seed_part21_25/run_campaign_v3_S10_M1_BALANCED_B_L1_F3_H0_seed022_22_20260603_085733
campaign_v3_S10_M1_BALANCED_B_L1_F3_H0_seed023,campaign_v3_S10_M1_BALANCED_B_L1_F3_H0_seed023_23_20260603_085909,S10,5000,200,6,M1_BALANCED,23,B,L1,F3,H0,V2,map_S10_M1_BALANCED_seed023,b6c6bfbf7ecce212df52c3b9437c02a18e0d511955aeaa74ed610b73475af4f6,32.14,61.948,196.058,409.602,25,51,0.313,0.1326,60.0,-1.0,-1.0,-1.0,-1.0,-1.0,0.0,0.0,0.0,0.0,0.0,0.0,2563.679992,1.487264,0.0,198,1405090,1405090,1.0,1792,1792,1.0,120130,1,0,S10|M1_BALANCED|23|B|L1|F3,false,false,true,/home/cyfer/FYP/WSN_simulation_V3/runs/S10_5000/outputs_production_50seed_part21_25/run_campaign_v3_S10_M1_BALANCED_B_L1_F3_H0_seed023_23_20260603_085909
campaign_v3_S10_M1_BALANCED_B_L1_F3_H0_seed024,campaign_v3_S10_M1_BALANCED_B_L1_F3_H0_seed024_24_20260603_090046,S10,5000,200,6,M1_BALANCED,24,B,L1,F3,H0,V2,map_S10_M1_BALANCED_seed024,55d8920684214824a8222edcd4001cb6e2f327d339b5a2d729ae341c2c3bf85b,31.727,63.824,195.486,402.883,25,52,0.3064,0.1248,60.0,-1.0,-1.0,-1.0,-1.0,-1.0,0.0,0.0,0.0,0.0,0.0,0.0,2548.86663,1.490227,0.0,197,1407440,1407440,1.0,1792,1792,1.0,120080,1,0,S10|M1_BALANCED|24|B|L1|F3,false,false,true,/home/cyfer/FYP/WSN_simulation_V3/runs/S10_5000/outputs_production_50seed_part21_25/run_campaign_v3_S10_M1_BALANCED_B_L1_F3_H0_seed024_24_20260603_090046
campaign_v3_S10_M1_BALANCED_B_L1_F3_H0_seed025,campaign_v3_S10_M1_BALANCED_B_L1_F3_H0_seed025_25_20260603_090220,S10,5000,200,6,M1_BALANCED,25,B,L1,F3,H0,V2,map_S10_M1_BALANCED_seed025,a6070a82141efbfff571ed9fc68080ae838bf177280ca83a1cafe20936931325,32.165,63.676,197.099,391.974,25,47,0.3114,0.1258,60.0,-1.0,-1.0,-1.0,-1.0,-1.0,0.0,0.0,0.0,0.0,0.0,0.0,2562.674702,1.487465,0.0,198,1403915,1403915,1.0,1792,1792,1.0,120155,1,0,S10|M1_BALANCED|25|B|L1|F3,false,false,true,/home/cyfer/FYP/WSN_simulation_V3/runs/S10_5000/outputs_production_50seed_part21_25/run_campaign_v3_S10_M1_BALANCED_B_L1_F3_H0_seed025_25_20260603_090220
campaign_v3_S10_M1_BALANCED_B_L1_F3_H1_seed021,campaign_v3_S10_M1_BALANCED_B_L1_F3_H1_seed021_21_20260603_085608,S10,5000,200,6,M1_BALANCED,21,B,L1,F3,H1,V3,map_S10_M1_BALANCED_seed021,8ca34c01c62cf1db43d62e6d1ff019e5c7673658f2ce4922733e6f1bf9b00ff1,31.924,63.1,194.101,409.835,25,46,0.2988,0.1228,60.0,27.401,87.401,147.401,150.0,90.0,6.142,0.0,1.0,0.422,0.441,0.184,2557.639766,1.488472,0.0,199,1406755,1406755,1.0,1797,1797,1.0,119529,0,1,S10|M1_BALANCED|21|B|L1|F3,true,false,false,/home/cyfer/FYP/WSN_simulation_V3/runs/S10_5000/outputs_production_50seed_part21_25/run_campaign_v3_S10_M1_BALANCED_B_L1_F3_H1_seed021_21_20260603_085608
campaign_v3_S10_M1_BALANCED_B_L1_F3_H1_seed022,campaign_v3_S10_M1_BALANCED_B_L1_F3_H1_seed022_22_20260603_085747,S10,5000,200,6,M1_BALANCED,22,B,L1,F3,H1,V3,map_S10_M1_BALANCED_seed022,fa43fc7c2836f4cd3ee5406187de328c20cc9399e2067908cb315e3b900817a9,32.701,67.398,193.618,392.644,25,50,0.3535,0.1352,60.0,28.335,88.335,148.335,150.0,90.0,6.392,0.0,1.0,0.469,0.549,0.112,2588.336612,1.482333,0.0,197,1405815,1405815,1.0,1797,1797,1.0,119429,0,1,S10|M1_BALANCED|22|B|L1|F3,true,false,false,/home/cyfer/FYP/WSN_simulation_V3/runs/S10_5000/outputs_production_50seed_part21_25/run_campaign_v3_S10_M1_BALANCED_B_L1_F3_H1_seed022_22_20260603_085747
campaign_v3_S10_M1_BALANCED_B_L1_F3_H1_seed023,campaign_v3_S10_M1_BALANCED_B_L1_F3_H1_seed023_23_20260603_085923,S10,5000,200,6,M1_BALANCED,23,B,L1,F3,H1,V3,map_S10_M1_BALANCED_seed023,b6c6bfbf7ecce212df52c3b9437c02a18e0d511955aeaa74ed610b73475af4f6,32.14,61.948,196.058,409.602,25,51,0.313,0.1326,60.0,27.985,87.985,147.985,150.0,90.0,6.795,0.0,1.0,0.52,0.609,0.136,2563.920587,1.487216,0.0,198,1405110,1405110,1.0,1797,1797,1.0,119354,0,1,S10|M1_BALANCED|23|B|L1|F3,true,false,false,/home/cyfer/FYP/WSN_simulation_V3/runs/S10_5000/outputs_production_50seed_part21_25/run_campaign_v3_S10_M1_BALANCED_B_L1_F3_H1_seed023_23_20260603_085923
campaign_v3_S10_M1_BALANCED_B_L1_F3_H1_seed024,campaign_v3_S10_M1_BALANCED_B_L1_F3_H1_seed024_24_20260603_090100,S10,5000,200,6,M1_BALANCED,24,B,L1,F3,H1,V3,map_S10_M1_BALANCED_seed024,55d8920684214824a8222edcd4001cb6e2f327d339b5a2d729ae341c2c3bf85b,31.727,63.824,195.486,402.883,25,52,0.3064,0.1248,60.0,26.843,86.843,146.843,150.0,90.0,5.461,0.0,1.0,0.314,0.368,0.138,2549.043304,1.490191,0.0,197,1407460,1407460,1.0,1797,1797,1.0,119604,0,1,S10|M1_BALANCED|24|B|L1|F3,true,false,false,/home/cyfer/FYP/WSN_simulation_V3/runs/S10_5000/outputs_production_50seed_part21_25/run_campaign_v3_S10_M1_BALANCED_B_L1_F3_H1_seed024_24_20260603_090100
campaign_v3_S10_M1_BALANCED_B_L1_F3_H1_seed025,campaign_v3_S10_M1_BALANCED_B_L1_F3_H1_seed025_25_20260603_090234,S10,5000,200,6,M1_BALANCED,25,B,L1,F3,H1,V3,map_S10_M1_BALANCED_seed025,a6070a82141efbfff571ed9fc68080ae838bf177280ca83a1cafe20936931325,32.165,63.676,197.099,391.974,25,47,0.3114,0.1258,60.0,29.586,89.586,149.586,150.0,90.0,7.664,0.0,1.0,0.674,0.742,0.138,2562.948877,1.48741,0.0,198,1403935,1403935,1.0,1797,1797,1.0,119229,0,1,S10|M1_BALANCED|25|B|L1|F3,true,false,false,/home/cyfer/FYP/WSN_simulation_V3/runs/S10_5000/outputs_production_50seed_part21_25/run_campaign_v3_S10_M1_BALANCED_B_L1_F3_H1_seed025_25_20260603_090234
campaign_v3_S10_M1_BALANCED_B_L1_F3_H3_seed021,campaign_v3_S10_M1_BALANCED_B_L1_F3_H3_seed021_21_20260603_085609,S10,5000,200,6,M1_BALANCED,21,B,L1,F3,H3,V3,map_S10_M1_BALANCED_seed021,8ca34c01c62cf1db43d62e6d1ff019e5c7673658f2ce4922733e6f1bf9b00ff1,31.924,63.1,194.101,409.835,25,46,0.2988,0.1228,60.0,33.449,93.449,153.449,160.0,100.0,6.142,0.0,1.0,0.422,0.441,0.184,2557.615887,1.488477,0.0,199,1406751,1406751,1.0,1796,1796,1.0,119529,0,1,S10|M1_BALANCED|21|B|L1|F3,true,false,false,/home/cyfer/FYP/WSN_simulation_V3/runs/S10_5000/outputs_production_50seed_part21_25/run_campaign_v3_S10_M1_BALANCED_B_L1_F3_H3_seed021_21_20260603_085609
campaign_v3_S10_M1_BALANCED_B_L1_F3_H3_seed022,campaign_v3_S10_M1_BALANCED_B_L1_F3_H3_seed022_22_20260603_085748,S10,5000,200,6,M1_BALANCED,22,B,L1,F3,H3,V3,map_S10_M1_BALANCED_seed022,fa43fc7c2836f4cd3ee5406187de328c20cc9399e2067908cb315e3b900817a9,32.701,67.398,193.618,392.644,25,50,0.3535,0.1352,60.0,33.712,93.712,153.712,160.0,100.0,6.392,0.0,1.0,0.469,0.549,0.112,2588.323454,1.482335,0.0,197,1405811,1405811,1.0,1796,1796,1.0,119429,0,1,S10|M1_BALANCED|22|B|L1|F3,true,false,false,/home/cyfer/FYP/WSN_simulation_V3/runs/S10_5000/outputs_production_50seed_part21_25/run_campaign_v3_S10_M1_BALANCED_B_L1_F3_H3_seed022_22_20260603_085748
campaign_v3_S10_M1_BALANCED_B_L1_F3_H3_seed023,campaign_v3_S10_M1_BALANCED_B_L1_F3_H3_seed023_23_20260603_085924,S10,5000,200,6,M1_BALANCED,23,B,L1,F3,H3,V3,map_S10_M1_BALANCED_seed023,b6c6bfbf7ecce212df52c3b9437c02a18e0d511955aeaa74ed610b73475af4f6,32.14,61.948,196.058,409.602,25,51,0.313,0.1326,60.0,34.536,94.536,154.536,160.0,100.0,6.795,0.0,1.0,0.52,0.609,0.136,2563.906793,1.487219,0.0,198,1405106,1405106,1.0,1796,1796,1.0,119354,0,1,S10|M1_BALANCED|23|B|L1|F3,true,false,false,/home/cyfer/FYP/WSN_simulation_V3/runs/S10_5000/outputs_production_50seed_part21_25/run_campaign_v3_S10_M1_BALANCED_B_L1_F3_H3_seed023_23_20260603_085924
campaign_v3_S10_M1_BALANCED_B_L1_F3_H3_seed024,campaign_v3_S10_M1_BALANCED_B_L1_F3_H3_seed024_24_20260603_090100,S10,5000,200,6,M1_BALANCED,24,B,L1,F3,H3,V3,map_S10_M1_BALANCED_seed024,55d8920684214824a8222edcd4001cb6e2f327d339b5a2d729ae341c2c3bf85b,31.727,63.824,195.486,402.883,25,52,0.3064,0.1248,60.0,33.087,93.087,153.087,160.0,100.0,5.461,0.0,1.0,0.314,0.368,0.138,2549.026217,1.490195,0.0,197,1407456,1407456,1.0,1796,1796,1.0,119604,0,1,S10|M1_BALANCED|24|B|L1|F3,true,false,false,/home/cyfer/FYP/WSN_simulation_V3/runs/S10_5000/outputs_production_50seed_part21_25/run_campaign_v3_S10_M1_BALANCED_B_L1_F3_H3_seed024_24_20260603_090100
campaign_v3_S10_M1_BALANCED_B_L1_F3_H3_seed025,campaign_v3_S10_M1_BALANCED_B_L1_F3_H3_seed025_25_20260603_090235,S10,5000,200,6,M1_BALANCED,25,B,L1,F3,H3,V3,map_S10_M1_BALANCED_seed025,a6070a82141efbfff571ed9fc68080ae838bf177280ca83a1cafe20936931325,32.165,63.676,197.099,391.974,25,47,0.3114,0.1258,60.0,35.386,95.386,155.386,160.0,100.0,7.664,0.0,1.0,0.674,0.742,0.138,2562.936561,1.487413,0.0,198,1403931,1403931,1.0,1796,1796,1.0,119229,0,1,S10|M1_BALANCED|25|B|L1|F3,true,false,false,/home/cyfer/FYP/WSN_simulation_V3/runs/S10_5000/outputs_production_50seed_part21_25/run_campaign_v3_S10_M1_BALANCED_B_L1_F3_H3_seed025_25_20260603_090235
campaign_v3_S10_M1_BALANCED_B_L1_F3_H4_seed021,campaign_v3_S10_M1_BALANCED_B_L1_F3_H4_seed021_21_20260603_085610,S10,5000,200,6,M1_BALANCED,21,B,L1,F3,H4,V3,map_S10_M1_BALANCED_seed021,8ca34c01c62cf1db43d62e6d1ff019e5c7673658f2ce4922733e6f1bf9b00ff1,31.924,63.1,194.101,409.835,25,46,0.2988,0.1228,60.0,37.672,97.672,157.672,160.0,100.0,6.142,0.0,1.0,0.422,0.441,0.184,2557.620033,1.488476,0.0,199,1406751,1406751,1.0,1796,1796,1.0,119529,0,1,S10|M1_BALANCED|21|B|L1|F3,true,false,false,/home/cyfer/FYP/WSN_simulation_V3/runs/S10_5000/outputs_production_50seed_part21_25/run_campaign_v3_S10_M1_BALANCED_B_L1_F3_H4_seed021_21_20260603_085610
campaign_v3_S10_M1_BALANCED_B_L1_F3_H4_seed022,campaign_v3_S10_M1_BALANCED_B_L1_F3_H4_seed022_22_20260603_085749,S10,5000,200,6,M1_BALANCED,22,B,L1,F3,H4,V3,map_S10_M1_BALANCED_seed022,fa43fc7c2836f4cd3ee5406187de328c20cc9399e2067908cb315e3b900817a9,32.701,67.398,193.618,392.644,25,50,0.3535,0.1352,60.0,38.074,98.074,158.074,160.0,100.0,6.392,0.0,1.0,0.469,0.549,0.112,2588.319775,1.482336,0.0,197,1405811,1405811,1.0,1796,1796,1.0,119429,0,1,S10|M1_BALANCED|22|B|L1|F3,true,false,false,/home/cyfer/FYP/WSN_simulation_V3/runs/S10_5000/outputs_production_50seed_part21_25/run_campaign_v3_S10_M1_BALANCED_B_L1_F3_H4_seed022_22_20260603_085749
campaign_v3_S10_M1_BALANCED_B_L1_F3_H4_seed023,campaign_v3_S10_M1_BALANCED_B_L1_F3_H4_seed023_23_20260603_085925,S10,5000,200,6,M1_BALANCED,23,B,L1,F3,H4,V3,map_S10_M1_BALANCED_seed023,b6c6bfbf7ecce212df52c3b9437c02a18e0d511955aeaa74ed610b73475af4f6,32.14,61.948,196.058,409.602,25,51,0.313,0.1326,60.0,38.18,98.18,158.18,160.0,100.0,6.795,0.0,1.0,0.52,0.609,0.136,2563.903508,1.487219,0.0,198,1405106,1405106,1.0,1796,1796,1.0,119354,0,1,S10|M1_BALANCED|23|B|L1|F3,true,false,false,/home/cyfer/FYP/WSN_simulation_V3/runs/S10_5000/outputs_production_50seed_part21_25/run_campaign_v3_S10_M1_BALANCED_B_L1_F3_H4_seed023_23_20260603_085925
campaign_v3_S10_M1_BALANCED_B_L1_F3_H4_seed024,campaign_v3_S10_M1_BALANCED_B_L1_F3_H4_seed024_24_20260603_090101,S10,5000,200,6,M1_BALANCED,24,B,L1,F3,H4,V3,map_S10_M1_BALANCED_seed024,55d8920684214824a8222edcd4001cb6e2f327d339b5a2d729ae341c2c3bf85b,31.727,63.824,195.486,402.883,25,52,0.3064,0.1248,60.0,36.852,96.852,156.852,160.0,100.0,5.461,0.0,1.0,0.314,0.368,0.138,2549.027009,1.490195,0.0,197,1407456,1407456,1.0,1796,1796,1.0,119604,0,1,S10|M1_BALANCED|24|B|L1|F3,true,false,false,/home/cyfer/FYP/WSN_simulation_V3/runs/S10_5000/outputs_production_50seed_part21_25/run_campaign_v3_S10_M1_BALANCED_B_L1_F3_H4_seed024_24_20260603_090101
campaign_v3_S10_M1_BALANCED_B_L1_F3_H4_seed025,campaign_v3_S10_M1_BALANCED_B_L1_F3_H4_seed025_25_20260603_090235,S10,5000,200,6,M1_BALANCED,25,B,L1,F3,H4,V3,map_S10_M1_BALANCED_seed025,a6070a82141efbfff571ed9fc68080ae838bf177280ca83a1cafe20936931325,32.165,63.676,197.099,391.974,25,47,0.3114,0.1258,60.0,38.832,98.832,158.832,160.0,100.0,7.664,0.0,1.0,0.674,0.742,0.138,2562.931082,1.487414,0.0,198,1403931,1403931,1.0,1796,1796,1.0,119229,0,1,S10|M1_BALANCED|25|B|L1|F3,true,false,false,/home/cyfer/FYP/WSN_simulation_V3/runs/S10_5000/outputs_production_50seed_part21_25/run_campaign_v3_S10_M1_BALANCED_B_L1_F3_H4_seed025_25_20260603_090235
campaign_v3_S10_M1_BALANCED_B_L1_F4_H0_seed021,campaign_v3_S10_M1_BALANCED_B_L1_F4_H0_seed021_21_20260603_085555,S10,5000,200,6,M1_BALANCED,21,B,L1,F4,H0,V2,map_S10_M1_BALANCED_seed021,8ca34c01c62cf1db43d62e6d1ff019e5c7673658f2ce4922733e6f1bf9b00ff1,31.924,63.1,194.101,409.835,25,46,0.2988,0.1228,60.0,-1.0,-1.0,-1.0,-1.0,-1.0,0.0,0.0,0.0,0.0,0.0,0.0,2554.594415,1.489081,0.0,199,1404855,1404855,1.0,1792,1792,1.0,120135,1,0,S10|M1_BALANCED|21|B|L1|F4,false,false,true,/home/cyfer/FYP/WSN_simulation_V3/runs/S10_5000/outputs_production_50seed_part21_25/run_campaign_v3_S10_M1_BALANCED_B_L1_F4_H0_seed021_21_20260603_085555
campaign_v3_S10_M1_BALANCED_B_L1_F4_H0_seed022,campaign_v3_S10_M1_BALANCED_B_L1_F4_H0_seed022_22_20260603_085734,S10,5000,200,6,M1_BALANCED,22,B,L1,F4,H0,V2,map_S10_M1_BALANCED_seed022,fa43fc7c2836f4cd3ee5406187de328c20cc9399e2067908cb315e3b900817a9,32.701,67.398,193.618,392.644,25,50,0.3535,0.1352,60.0,-1.0,-1.0,-1.0,-1.0,-1.0,0.0,0.0,0.0,0.0,0.0,0.0,2588.348039,1.48233,0.0,197,1405560,1405560,1.0,1792,1792,1.0,120120,1,0,S10|M1_BALANCED|22|B|L1|F4,false,false,true,/home/cyfer/FYP/WSN_simulation_V3/runs/S10_5000/outputs_production_50seed_part21_25/run_campaign_v3_S10_M1_BALANCED_B_L1_F4_H0_seed022_22_20260603_085734
campaign_v3_S10_M1_BALANCED_B_L1_F4_H0_seed023,campaign_v3_S10_M1_BALANCED_B_L1_F4_H0_seed023_23_20260603_085910,S10,5000,200,6,M1_BALANCED,23,B,L1,F4,H0,V2,map_S10_M1_BALANCED_seed023,b6c6bfbf7ecce212df52c3b9437c02a18e0d511955aeaa74ed610b73475af4f6,32.14,61.948,196.058,409.602,25,51,0.313,0.1326,60.0,-1.0,-1.0,-1.0,-1.0,-1.0,0.0,0.0,0.0,0.0,0.0,0.0,2559.812485,1.488038,0.0,199,1402505,1402505,1.0,1792,1792,1.0,120185,1,0,S10|M1_BALANCED|23|B|L1|F4,false,false,true,/home/cyfer/FYP/WSN_simulation_V3/runs/S10_5000/outputs_production_50seed_part21_25/run_campaign_v3_S10_M1_BALANCED_B_L1_F4_H0_seed023_23_20260603_085910
campaign_v3_S10_M1_BALANCED_B_L1_F4_H0_seed024,campaign_v3_S10_M1_BALANCED_B_L1_F4_H0_seed024_24_20260603_090046,S10,5000,200,6,M1_BALANCED,24,B,L1,F4,H0,V2,map_S10_M1_BALANCED_seed024,55d8920684214824a8222edcd4001cb6e2f327d339b5a2d729ae341c2c3bf85b,31.727,63.824,195.486,402.883,25,52,0.3064,0.1248,60.0,-1.0,-1.0,-1.0,-1.0,-1.0,0.0,0.0,0.0,0.0,0.0,0.0,2544.487828,1.491102,0.0,197,1404620,1404620,1.0,1792,1792,1.0,120140,1,0,S10|M1_BALANCED|24|B|L1|F4,false,false,true,/home/cyfer/FYP/WSN_simulation_V3/runs/S10_5000/outputs_production_50seed_part21_25/run_campaign_v3_S10_M1_BALANCED_B_L1_F4_H0_seed024_24_20260603_090046
campaign_v3_S10_M1_BALANCED_B_L1_F4_H0_seed025,campaign_v3_S10_M1_BALANCED_B_L1_F4_H0_seed025_25_20260603_090220,S10,5000,200,6,M1_BALANCED,25,B,L1,F4,H0,V2,map_S10_M1_BALANCED_seed025,a6070a82141efbfff571ed9fc68080ae838bf177280ca83a1cafe20936931325,32.165,63.676,197.099,391.974,25,47,0.3114,0.1258,60.0,-1.0,-1.0,-1.0,-1.0,-1.0,0.0,0.0,0.0,0.0,0.0,0.0,2568.470916,1.486306,0.0,198,1408145,1408145,1.0,1792,1792,1.0,120065,1,0,S10|M1_BALANCED|25|B|L1|F4,false,false,true,/home/cyfer/FYP/WSN_simulation_V3/runs/S10_5000/outputs_production_50seed_part21_25/run_campaign_v3_S10_M1_BALANCED_B_L1_F4_H0_seed025_25_20260603_090220
campaign_v3_S10_M1_BALANCED_B_L1_F4_H1_seed021,campaign_v3_S10_M1_BALANCED_B_L1_F4_H1_seed021_21_20260603_085611,S10,5000,200,6,M1_BALANCED,21,B,L1,F4,H1,V3,map_S10_M1_BALANCED_seed021,8ca34c01c62cf1db43d62e6d1ff019e5c7673658f2ce4922733e6f1bf9b00ff1,31.924,63.1,194.101,409.835,25,46,0.2988,0.1228,60.0,34.891,94.891,154.891,160.0,100.0,7.114,0.0,1.0,0.6,0.638,0.134,2556.601572,1.48868,0.0,199,1405546,1405546,1.0,1796,1796,1.0,119329,0,1,S10|M1_BALANCED|21|B|L1|F4,true,false,false,/home/cyfer/FYP/WSN_simulation_V3/runs/S10_5000/outputs_production_50seed_part21_25/run_campaign_v3_S10_M1_BALANCED_B_L1_F4_H1_seed021_21_20260603_085611
campaign_v3_S10_M1_BALANCED_B_L1_F4_H1_seed022,campaign_v3_S10_M1_BALANCED_B_L1_F4_H1_seed022_22_20260603_085750,S10,5000,200,6,M1_BALANCED,22,B,L1,F4,H1,V3,map_S10_M1_BALANCED_seed022,fa43fc7c2836f4cd3ee5406187de328c20cc9399e2067908cb315e3b900817a9,32.701,67.398,193.618,392.644,25,50,0.3535,0.1352,60.0,34.484,94.484,154.484,160.0,100.0,6.534,0.0,1.0,0.49,0.555,0.133,2589.965248,1.482007,0.0,197,1406176,1406176,1.0,1796,1796,1.0,119404,0,1,S10|M1_BALANCED|22|B|L1|F4,true,false,false,/home/cyfer/FYP/WSN_simulation_V3/runs/S10_5000/outputs_production_50seed_part21_25/run_campaign_v3_S10_M1_BALANCED_B_L1_F4_H1_seed022_22_20260603_085750
campaign_v3_S10_M1_BALANCED_B_L1_F4_H1_seed023,campaign_v3_S10_M1_BALANCED_B_L1_F4_H1_seed023_23_20260603_085925,S10,5000,200,6,M1_BALANCED,23,B,L1,F4,H1,V3,map_S10_M1_BALANCED_seed023,b6c6bfbf7ecce212df52c3b9437c02a18e0d511955aeaa74ed610b73475af4f6,32.14,61.948,196.058,409.602,25,51,0.313,0.1326,60.0,35.79,95.79,155.79,160.0,100.0,8.24,0.0,1.0,0.74,0.877,0.129,2562.297669,1.48754,0.0,199,1403409,1403409,1.0,1796,1796,1.0,119079,0,1,S10|M1_BALANCED|23|B|L1|F4,true,false,false,/home/cyfer/FYP/WSN_simulation_V3/runs/S10_5000/outputs_production_50seed_part21_25/run_campaign_v3_S10_M1_BALANCED_B_L1_F4_H1_seed023_23_20260603_085925
campaign_v3_S10_M1_BALANCED_B_L1_F4_H1_seed024,campaign_v3_S10_M1_BALANCED_B_L1_F4_H1_seed024_24_20260603_090102,S10,5000,200,6,M1_BALANCED,24,B,L1,F4,H1,V3,map_S10_M1_BALANCED_seed024,55d8920684214824a8222edcd4001cb6e2f327d339b5a2d729ae341c2c3bf85b,31.727,63.824,195.486,402.883,25,52,0.3064,0.1248,60.0,34.188,94.188,154.188,160.0,100.0,7.02,0.0,1.0,0.549,0.664,0.127,2546.435179,1.490713,0.0,197,1405336,1405336,1.0,1796,1796,1.0,119304,0,1,S10|M1_BALANCED|24|B|L1|F4,true,false,false,/home/cyfer/FYP/WSN_simulation_V3/runs/S10_5000/outputs_production_50seed_part21_25/run_campaign_v3_S10_M1_BALANCED_B_L1_F4_H1_seed024_24_20260603_090102
campaign_v3_S10_M1_BALANCED_B_L1_F4_H1_seed025,campaign_v3_S10_M1_BALANCED_B_L1_F4_H1_seed025_25_20260603_090236,S10,5000,200,6,M1_BALANCED,25,B,L1,F4,H1,V3,map_S10_M1_BALANCED_seed025,a6070a82141efbfff571ed9fc68080ae838bf177280ca83a1cafe20936931325,32.165,63.676,197.099,391.974,25,47,0.3114,0.1258,60.0,33.175,93.175,153.175,160.0,100.0,5.202,0.0,1.0,0.283,0.318,0.134,2569.400811,1.48612,0.0,198,1408499,1408499,1.0,1796,1796,1.0,119679,0,1,S10|M1_BALANCED|25|B|L1|F4,true,false,false,/home/cyfer/FYP/WSN_simulation_V3/runs/S10_5000/outputs_production_50seed_part21_25/run_campaign_v3_S10_M1_BALANCED_B_L1_F4_H1_seed025_25_20260603_090236
campaign_v3_S10_M1_BALANCED_B_L1_F4_H3_seed021,campaign_v3_S10_M1_BALANCED_B_L1_F4_H3_seed021_21_20260603_085612,S10,5000,200,6,M1_BALANCED,21,B,L1,F4,H3,V3,map_S10_M1_BALANCED_seed021,8ca34c01c62cf1db43d62e6d1ff019e5c7673658f2ce4922733e6f1bf9b00ff1,31.924,63.1,194.101,409.835,25,46,0.2988,0.1228,60.0,40.417,100.417,160.417,170.0,110.0,7.114,0.0,1.0,0.6,0.638,0.134,2555.531662,1.488894,0.0,199,1405137,1405137,1.0,1796,1796,1.0,119329,0,1,S10|M1_BALANCED|21|B|L1|F4,true,false,false,/home/cyfer/FYP/WSN_simulation_V3/runs/S10_5000/outputs_production_50seed_part21_25/run_campaign_v3_S10_M1_BALANCED_B_L1_F4_H3_seed021_21_20260603_085612
campaign_v3_S10_M1_BALANCED_B_L1_F4_H3_seed022,campaign_v3_S10_M1_BALANCED_B_L1_F4_H3_seed022_22_20260603_085750,S10,5000,200,6,M1_BALANCED,22,B,L1,F4,H3,V3,map_S10_M1_BALANCED_seed022,fa43fc7c2836f4cd3ee5406187de328c20cc9399e2067908cb315e3b900817a9,32.701,67.398,193.618,392.644,25,50,0.3535,0.1352,60.0,39.769,99.769,159.769,160.0,100.0,6.534,0.0,1.0,0.49,0.555,0.133,2589.112199,1.482178,0.0,197,1405816,1405816,1.0,1796,1796,1.0,119404,0,1,S10|M1_BALANCED|22|B|L1|F4,true,false,false,/home/cyfer/FYP/WSN_simulation_V3/runs/S10_5000/outputs_production_50seed_part21_25/run_campaign_v3_S10_M1_BALANCED_B_L1_F4_H3_seed022_22_20260603_085750
campaign_v3_S10_M1_BALANCED_B_L1_F4_H3_seed023,campaign_v3_S10_M1_BALANCED_B_L1_F4_H3_seed023_23_20260603_085926,S10,5000,200,6,M1_BALANCED,23,B,L1,F4,H3,V3,map_S10_M1_BALANCED_seed023,b6c6bfbf7ecce212df52c3b9437c02a18e0d511955aeaa74ed610b73475af4f6,32.14,61.948,196.058,409.602,25,51,0.313,0.1326,60.0,41.876,101.876,161.876,170.0,110.0,8.24,0.0,1.0,0.74,0.877,0.129,2560.976503,1.487805,0.0,199,1402863,1402863,1.0,1796,1796,1.0,119079,0,1,S10|M1_BALANCED|23|B|L1|F4,true,false,false,/home/cyfer/FYP/WSN_simulation_V3/runs/S10_5000/outputs_production_50seed_part21_25/run_campaign_v3_S10_M1_BALANCED_B_L1_F4_H3_seed023_23_20260603_085926
campaign_v3_S10_M1_BALANCED_B_L1_F4_H3_seed024,campaign_v3_S10_M1_BALANCED_B_L1_F4_H3_seed024_24_20260603_090103,S10,5000,200,6,M1_BALANCED,24,B,L1,F4,H3,V3,map_S10_M1_BALANCED_seed024,55d8920684214824a8222edcd4001cb6e2f327d339b5a2d729ae341c2c3bf85b,31.727,63.824,195.486,402.883,25,52,0.3064,0.1248,60.0,40.786,100.786,160.786,170.0,110.0,7.02,0.0,1.0,0.549,0.664,0.127,2545.33542,1.490933,0.0,197,1404902,1404902,1.0,1796,1796,1.0,119304,0,1,S10|M1_BALANCED|24|B|L1|F4,true,false,false,/home/cyfer/FYP/WSN_simulation_V3/runs/S10_5000/outputs_production_50seed_part21_25/run_campaign_v3_S10_M1_BALANCED_B_L1_F4_H3_seed024_24_20260603_090103
campaign_v3_S10_M1_BALANCED_B_L1_F4_H3_seed025,campaign_v3_S10_M1_BALANCED_B_L1_F4_H3_seed025_25_20260603_090237,S10,5000,200,6,M1_BALANCED,25,B,L1,F4,H3,V3,map_S10_M1_BALANCED_seed025,a6070a82141efbfff571ed9fc68080ae838bf177280ca83a1cafe20936931325,32.165,63.676,197.099,391.974,25,47,0.3114,0.1258,60.0,38.443,98.443,158.443,160.0,100.0,5.202,0.0,1.0,0.283,0.318,0.134,2568.947797,1.48621,0.0,198,1408308,1408308,1.0,1796,1796,1.0,119679,0,1,S10|M1_BALANCED|25|B|L1|F4,true,false,false,/home/cyfer/FYP/WSN_simulation_V3/runs/S10_5000/outputs_production_50seed_part21_25/run_campaign_v3_S10_M1_BALANCED_B_L1_F4_H3_seed025_25_20260603_090237
campaign_v3_S10_M1_BALANCED_B_L1_F4_H4_seed021,campaign_v3_S10_M1_BALANCED_B_L1_F4_H4_seed021_21_20260603_085612,S10,5000,200,6,M1_BALANCED,21,B,L1,F4,H4,V3,map_S10_M1_BALANCED_seed021,8ca34c01c62cf1db43d62e6d1ff019e5c7673658f2ce4922733e6f1bf9b00ff1,31.924,63.1,194.101,409.835,25,46,0.2988,0.1228,60.0,44.755,104.755,164.755,170.0,110.0,7.114,0.0,1.0,0.6,0.638,0.134,2549.123791,1.490175,0.0,199,1401002,1401002,1.0,1796,1796,1.0,118508,0,1,S10|M1_BALANCED|21|B|L1|F4,true,false,false,/home/cyfer/FYP/WSN_simulation_V3/runs/S10_5000/outputs_production_50seed_part21_25/run_campaign_v3_S10_M1_BALANCED_B_L1_F4_H4_seed021_21_20260603_085612
campaign_v3_S10_M1_BALANCED_B_L1_F4_H4_seed022,campaign_v3_S10_M1_BALANCED_B_L1_F4_H4_seed022_22_20260603_085751,S10,5000,200,6,M1_BALANCED,22,B,L1,F4,H4,V3,map_S10_M1_BALANCED_seed022,fa43fc7c2836f4cd3ee5406187de328c20cc9399e2067908cb315e3b900817a9,32.701,67.398,193.618,392.644,25,50,0.3535,0.1352,60.0,43.802,103.802,163.802,170.0,110.0,6.534,0.0,1.0,0.49,0.555,0.133,2581.84135,1.483632,0.0,197,1401260,1401260,1.0,1796,1796,1.0,118508,0,1,S10|M1_BALANCED|22|B|L1|F4,true,false,false,/home/cyfer/FYP/WSN_simulation_V3/runs/S10_5000/outputs_production_50seed_part21_25/run_campaign_v3_S10_M1_BALANCED_B_L1_F4_H4_seed022_22_20260603_085751
campaign_v3_S10_M1_BALANCED_B_L1_F4_H4_seed023,campaign_v3_S10_M1_BALANCED_B_L1_F4_H4_seed023_23_20260603_085927,S10,5000,200,6,M1_BALANCED,23,B,L1,F4,H4,V3,map_S10_M1_BALANCED_seed023,b6c6bfbf7ecce212df52c3b9437c02a18e0d511955aeaa74ed610b73475af4f6,32.14,61.948,196.058,409.602,25,51,0.313,0.1326,60.0,45.479,105.479,165.479,170.0,110.0,8.24,0.0,1.0,0.74,0.877,0.129,2556.769086,1.488646,0.0,199,1400088,1400088,1.0,1796,1796,1.0,118508,0,1,S10|M1_BALANCED|23|B|L1|F4,true,false,false,/home/cyfer/FYP/WSN_simulation_V3/runs/S10_5000/outputs_production_50seed_part21_25/run_campaign_v3_S10_M1_BALANCED_B_L1_F4_H4_seed023_23_20260603_085927
campaign_v3_S10_M1_BALANCED_B_L1_F4_H4_seed024,campaign_v3_S10_M1_BALANCED_B_L1_F4_H4_seed024_24_20260603_090104,S10,5000,200,6,M1_BALANCED,24,B,L1,F4,H4,V3,map_S10_M1_BALANCED_seed024,55d8920684214824a8222edcd4001cb6e2f327d339b5a2d729ae341c2c3bf85b,31.727,63.824,195.486,402.883,25,52,0.3064,0.1248,60.0,44.256,104.256,164.256,170.0,110.0,7.02,0.0,1.0,0.549,0.664,0.127,2538.174546,1.492365,0.0,197,1400262,1400262,1.0,1796,1796,1.0,118383,0,1,S10|M1_BALANCED|24|B|L1|F4,true,false,false,/home/cyfer/FYP/WSN_simulation_V3/runs/S10_5000/outputs_production_50seed_part21_25/run_campaign_v3_S10_M1_BALANCED_B_L1_F4_H4_seed024_24_20260603_090104
campaign_v3_S10_M1_BALANCED_B_L1_F4_H4_seed025,campaign_v3_S10_M1_BALANCED_B_L1_F4_H4_seed025_25_20260603_090238,S10,5000,200,6,M1_BALANCED,25,B,L1,F4,H4,V3,map_S10_M1_BALANCED_seed025,a6070a82141efbfff571ed9fc68080ae838bf177280ca83a1cafe20936931325,32.165,63.676,197.099,391.974,25,47,0.3114,0.1258,60.0,42.966,102.966,162.966,170.0,110.0,5.202,0.0,1.0,0.283,0.318,0.134,2561.850258,1.48763,0.0,198,1403910,1403910,1.0,1796,1796,1.0,118833,0,1,S10|M1_BALANCED|25|B|L1|F4,true,false,false,/home/cyfer/FYP/WSN_simulation_V3/runs/S10_5000/outputs_production_50seed_part21_25/run_campaign_v3_S10_M1_BALANCED_B_L1_F4_H4_seed025_25_20260603_090238
campaign_v3_S10_M1_BALANCED_B_L2_F0_H0_seed021,campaign_v3_S10_M1_BALANCED_B_L2_F0_H0_seed021_21_20260603_085613,S10,5000,200,6,M1_BALANCED,21,B,L2,F0,H0,V1,map_S10_M1_BALANCED_seed021,8ca34c01c62cf1db43d62e6d1ff019e5c7673658f2ce4922733e6f1bf9b00ff1,31.924,63.1,194.101,409.835,25,46,0.2988,0.1228,0.0,-1.0,-1.0,-1.0,-1.0,-1.0,0.0,0.0,0.0,0.0,0.0,0.0,3864.171674,1.227166,0.0,200,1411200,1411200,1.0,1800,1800,1.0,120000,0,0,S10|M1_BALANCED|21|B|L2|F0,false,true,false,/home/cyfer/FYP/WSN_simulation_V3/runs/S10_5000/outputs_production_50seed_part21_25/run_campaign_v3_S10_M1_BALANCED_B_L2_F0_H0_seed021_21_20260603_085613
campaign_v3_S10_M1_BALANCED_B_L2_F0_H0_seed022,campaign_v3_S10_M1_BALANCED_B_L2_F0_H0_seed022_22_20260603_085752,S10,5000,200,6,M1_BALANCED,22,B,L2,F0,H0,V1,map_S10_M1_BALANCED_seed022,fa43fc7c2836f4cd3ee5406187de328c20cc9399e2067908cb315e3b900817a9,32.701,67.398,193.618,392.644,25,50,0.3535,0.1352,0.0,-1.0,-1.0,-1.0,-1.0,-1.0,0.0,0.0,0.0,0.0,0.0,0.0,3917.349762,1.21653,0.0,198,1411200,1411200,1.0,1800,1800,1.0,120000,0,0,S10|M1_BALANCED|22|B|L2|F0,false,true,false,/home/cyfer/FYP/WSN_simulation_V3/runs/S10_5000/outputs_production_50seed_part21_25/run_campaign_v3_S10_M1_BALANCED_B_L2_F0_H0_seed022_22_20260603_085752
campaign_v3_S10_M1_BALANCED_B_L2_F0_H0_seed023,campaign_v3_S10_M1_BALANCED_B_L2_F0_H0_seed023_23_20260603_085928,S10,5000,200,6,M1_BALANCED,23,B,L2,F0,H0,V1,map_S10_M1_BALANCED_seed023,b6c6bfbf7ecce212df52c3b9437c02a18e0d511955aeaa74ed610b73475af4f6,32.14,61.948,196.058,409.602,25,51,0.313,0.1326,0.0,-1.0,-1.0,-1.0,-1.0,-1.0,0.0,0.0,0.0,0.0,0.0,0.0,3878.605349,1.224279,0.0,199,1411200,1411200,1.0,1800,1800,1.0,120000,0,0,S10|M1_BALANCED|23|B|L2|F0,false,true,false,/home/cyfer/FYP/WSN_simulation_V3/runs/S10_5000/outputs_production_50seed_part21_25/run_campaign_v3_S10_M1_BALANCED_B_L2_F0_H0_seed023_23_20260603_085928
campaign_v3_S10_M1_BALANCED_B_L2_F0_H0_seed024,campaign_v3_S10_M1_BALANCED_B_L2_F0_H0_seed024_24_20260603_090104,S10,5000,200,6,M1_BALANCED,24,B,L2,F0,H0,V1,map_S10_M1_BALANCED_seed024,55d8920684214824a8222edcd4001cb6e2f327d339b5a2d729ae341c2c3bf85b,31.727,63.824,195.486,402.883,25,52,0.3064,0.1248,0.0,-1.0,-1.0,-1.0,-1.0,-1.0,0.0,0.0,0.0,0.0,0.0,0.0,3850.141631,1.229972,0.0,198,1411200,1411200,1.0,1800,1800,1.0,120000,0,0,S10|M1_BALANCED|24|B|L2|F0,false,true,false,/home/cyfer/FYP/WSN_simulation_V3/runs/S10_5000/outputs_production_50seed_part21_25/run_campaign_v3_S10_M1_BALANCED_B_L2_F0_H0_seed024_24_20260603_090104
campaign_v3_S10_M1_BALANCED_B_L2_F0_H0_seed025,campaign_v3_S10_M1_BALANCED_B_L2_F0_H0_seed025_25_20260603_090239,S10,5000,200,6,M1_BALANCED,25,B,L2,F0,H0,V1,map_S10_M1_BALANCED_seed025,a6070a82141efbfff571ed9fc68080ae838bf177280ca83a1cafe20936931325,32.165,63.676,197.099,391.974,25,47,0.3114,0.1258,0.0,-1.0,-1.0,-1.0,-1.0,-1.0,0.0,0.0,0.0,0.0,0.0,0.0,3880.398919,1.22392,0.0,199,1411200,1411200,1.0,1800,1800,1.0,120000,0,0,S10|M1_BALANCED|25|B|L2|F0,false,true,false,/home/cyfer/FYP/WSN_simulation_V3/runs/S10_5000/outputs_production_50seed_part21_25/run_campaign_v3_S10_M1_BALANCED_B_L2_F0_H0_seed025_25_20260603_090239
campaign_v3_S10_M1_BALANCED_B_L2_F1_H0_seed021,campaign_v3_S10_M1_BALANCED_B_L2_F1_H0_seed021_21_20260603_085614,S10,5000,200,6,M1_BALANCED,21,B,L2,F1,H0,V2,map_S10_M1_BALANCED_seed021,8ca34c01c62cf1db43d62e6d1ff019e5c7673658f2ce4922733e6f1bf9b00ff1,31.924,63.1,194.101,409.835,25,46,0.2988,0.1228,60.0,-1.0,-1.0,-1.0,-1.0,-1.0,0.0,0.0,0.0,0.0,0.0,0.0,3847.785837,1.230298,0.0,200,1404855,1404855,1.0,1792,1792,1.0,120135,1,0,S10|M1_BALANCED|21|B|L2|F1,false,false,true,/home/cyfer/FYP/WSN_simulation_V3/runs/S10_5000/outputs_production_50seed_part21_25/run_campaign_v3_S10_M1_BALANCED_B_L2_F1_H0_seed021_21_20260603_085614
campaign_v3_S10_M1_BALANCED_B_L2_F1_H0_seed022,campaign_v3_S10_M1_BALANCED_B_L2_F1_H0_seed022_22_20260603_085753,S10,5000,200,6,M1_BALANCED,22,B,L2,F1,H0,V2,map_S10_M1_BALANCED_seed022,fa43fc7c2836f4cd3ee5406187de328c20cc9399e2067908cb315e3b900817a9,32.701,67.398,193.618,392.644,25,50,0.3535,0.1352,60.0,-1.0,-1.0,-1.0,-1.0,-1.0,0.0,0.0,0.0,0.0,0.0,0.0,3903.083849,1.219205,0.0,198,1405560,1405560,1.0,1792,1792,1.0,120120,1,0,S10|M1_BALANCED|22|B|L2|F1,false,false,true,/home/cyfer/FYP/WSN_simulation_V3/runs/S10_5000/outputs_production_50seed_part21_25/run_campaign_v3_S10_M1_BALANCED_B_L2_F1_H0_seed022_22_20260603_085753
campaign_v3_S10_M1_BALANCED_B_L2_F1_H0_seed023,campaign_v3_S10_M1_BALANCED_B_L2_F1_H0_seed023_23_20260603_085929,S10,5000,200,6,M1_BALANCED,23,B,L2,F1,H0,V2,map_S10_M1_BALANCED_seed023,b6c6bfbf7ecce212df52c3b9437c02a18e0d511955aeaa74ed610b73475af4f6,32.14,61.948,196.058,409.602,25,51,0.313,0.1326,60.0,-1.0,-1.0,-1.0,-1.0,-1.0,0.0,0.0,0.0,0.0,0.0,0.0,3856.463499,1.228658,0.0,199,1402505,1402505,1.0,1792,1792,1.0,120185,1,0,S10|M1_BALANCED|23|B|L2|F1,false,false,true,/home/cyfer/FYP/WSN_simulation_V3/runs/S10_5000/outputs_production_50seed_part21_25/run_campaign_v3_S10_M1_BALANCED_B_L2_F1_H0_seed023_23_20260603_085929
campaign_v3_S10_M1_BALANCED_B_L2_F1_H0_seed024,campaign_v3_S10_M1_BALANCED_B_L2_F1_H0_seed024_24_20260603_090105,S10,5000,200,6,M1_BALANCED,24,B,L2,F1,H0,V2,map_S10_M1_BALANCED_seed024,55d8920684214824a8222edcd4001cb6e2f327d339b5a2d729ae341c2c3bf85b,31.727,63.824,195.486,402.883,25,52,0.3064,0.1248,60.0,-1.0,-1.0,-1.0,-1.0,-1.0,0.0,0.0,0.0,0.0,0.0,0.0,3832.908797,1.233284,0.0,198,1404620,1404620,1.0,1792,1792,1.0,120140,1,0,S10|M1_BALANCED|24|B|L2|F1,false,false,true,/home/cyfer/FYP/WSN_simulation_V3/runs/S10_5000/outputs_production_50seed_part21_25/run_campaign_v3_S10_M1_BALANCED_B_L2_F1_H0_seed024_24_20260603_090105
campaign_v3_S10_M1_BALANCED_B_L2_F1_H0_seed025,campaign_v3_S10_M1_BALANCED_B_L2_F1_H0_seed025_25_20260603_090240,S10,5000,200,6,M1_BALANCED,25,B,L2,F1,H0,V2,map_S10_M1_BALANCED_seed025,a6070a82141efbfff571ed9fc68080ae838bf177280ca83a1cafe20936931325,32.165,63.676,197.099,391.974,25,47,0.3114,0.1258,60.0,-1.0,-1.0,-1.0,-1.0,-1.0,0.0,0.0,0.0,0.0,0.0,0.0,3870.899501,1.225547,0.0,199,1408145,1408145,1.0,1792,1792,1.0,120065,1,0,S10|M1_BALANCED|25|B|L2|F1,false,false,true,/home/cyfer/FYP/WSN_simulation_V3/runs/S10_5000/outputs_production_50seed_part21_25/run_campaign_v3_S10_M1_BALANCED_B_L2_F1_H0_seed025_25_20260603_090240
campaign_v3_S10_M1_BALANCED_B_L2_F1_H1_seed021,campaign_v3_S10_M1_BALANCED_B_L2_F1_H1_seed021_21_20260603_085620,S10,5000,200,6,M1_BALANCED,21,B,L2,F1,H1,V3,map_S10_M1_BALANCED_seed021,8ca34c01c62cf1db43d62e6d1ff019e5c7673658f2ce4922733e6f1bf9b00ff1,31.924,63.1,194.101,409.835,25,46,0.2988,0.1228,60.0,17.691,77.691,137.691,140.0,80.0,8.201,0.0,1.0,0.6,1.0,0.134,3861.063545,1.227642,0.0,201,1409094,1409094,1.0,1797,1797,1.0,120000,0,1,S10|M1_BALANCED|21|B|L2|F1,true,false,false,/home/cyfer/FYP/WSN_simulation_V3/runs/S10_5000/outputs_production_50seed_part21_25/run_campaign_v3_S10_M1_BALANCED_B_L2_F1_H1_seed021_21_20260603_085620
campaign_v3_S10_M1_BALANCED_B_L2_F1_H1_seed022,campaign_v3_S10_M1_BALANCED_B_L2_F1_H1_seed022_22_20260603_085758,S10,5000,200,6,M1_BALANCED,22,B,L2,F1,H1,V3,map_S10_M1_BALANCED_seed022,fa43fc7c2836f4cd3ee5406187de328c20cc9399e2067908cb315e3b900817a9,32.701,67.398,193.618,392.644,25,50,0.3535,0.1352,60.0,17.415,77.415,137.415,140.0,80.0,7.868,0.0,1.0,0.49,1.0,0.133,3913.637542,1.217095,0.0,199,1409328,1409328,1.0,1797,1797,1.0,120000,0,1,S10|M1_BALANCED|22|B|L2|F1,true,false,false,/home/cyfer/FYP/WSN_simulation_V3/runs/S10_5000/outputs_production_50seed_part21_25/run_campaign_v3_S10_M1_BALANCED_B_L2_F1_H1_seed022_22_20260603_085758
campaign_v3_S10_M1_BALANCED_B_L2_F1_H1_seed023,campaign_v3_S10_M1_BALANCED_B_L2_F1_H1_seed023_23_20260603_085935,S10,5000,200,6,M1_BALANCED,23,B,L2,F1,H1,V3,map_S10_M1_BALANCED_seed023,b6c6bfbf7ecce212df52c3b9437c02a18e0d511955aeaa74ed610b73475af4f6,32.14,61.948,196.058,409.602,25,51,0.313,0.1326,60.0,18.368,78.368,138.368,140.0,80.0,8.608,0.0,1.0,0.74,1.0,0.129,3872.663887,1.225418,0.0,200,1408277,1408277,1.0,1797,1797,1.0,120000,0,1,S10|M1_BALANCED|23|B|L2|F1,true,false,false,/home/cyfer/FYP/WSN_simulation_V3/runs/S10_5000/outputs_production_50seed_part21_25/run_campaign_v3_S10_M1_BALANCED_B_L2_F1_H1_seed023_23_20260603_085935
campaign_v3_S10_M1_BALANCED_B_L2_F1_H1_seed024,campaign_v3_S10_M1_BALANCED_B_L2_F1_H1_seed024_24_20260603_090111,S10,5000,200,6,M1_BALANCED,24,B,L2,F1,H1,V3,map_S10_M1_BALANCED_seed024,55d8920684214824a8222edcd4001cb6e2f327d339b5a2d729ae341c2c3bf85b,31.727,63.824,195.486,402.883,25,52,0.3064,0.1248,60.0,17.324,77.324,137.324,140.0,80.0,8.028,0.0,1.0,0.549,1.0,0.127,3845.506228,1.230764,0.0,199,1409016,1409016,1.0,1797,1797,1.0,120000,0,1,S10|M1_BALANCED|24|B|L2|F1,true,false,false,/home/cyfer/FYP/WSN_simulation_V3/runs/S10_5000/outputs_production_50seed_part21_25/run_campaign_v3_S10_M1_BALANCED_B_L2_F1_H1_seed024_24_20260603_090111
campaign_v3_S10_M1_BALANCED_B_L2_F1_H1_seed025,campaign_v3_S10_M1_BALANCED_B_L2_F1_H1_seed025_25_20260603_090245,S10,5000,200,6,M1_BALANCED,25,B,L2,F1,H1,V3,map_S10_M1_BALANCED_seed025,a6070a82141efbfff571ed9fc68080ae838bf177280ca83a1cafe20936931325,32.165,63.676,197.099,391.974,25,47,0.3114,0.1258,60.0,17.018,77.018,137.018,140.0,80.0,7.25,0.0,1.0,0.283,1.0,0.134,3877.340959,1.224259,0.0,200,1410186,1410186,1.0,1797,1797,1.0,120000,0,1,S10|M1_BALANCED|25|B|L2|F1,true,false,false,/home/cyfer/FYP/WSN_simulation_V3/runs/S10_5000/outputs_production_50seed_part21_25/run_campaign_v3_S10_M1_BALANCED_B_L2_F1_H1_seed025_25_20260603_090245
campaign_v3_S10_M1_BALANCED_B_L2_F1_H3_seed021,campaign_v3_S10_M1_BALANCED_B_L2_F1_H3_seed021_21_20260603_085623,S10,5000,200,6,M1_BALANCED,21,B,L2,F1,H3,V3,map_S10_M1_BALANCED_seed021,8ca34c01c62cf1db43d62e6d1ff019e5c7673658f2ce4922733e6f1bf9b00ff1,31.924,63.1,194.101,409.835,25,46,0.2988,0.1228,60.0,23.341,83.341,143.341,150.0,90.0,8.201,0.0,1.0,0.6,1.0,0.134,3855.390198,1.228777,0.0,201,1406969,1406969,1.0,1797,1797,1.0,119675,0,1,S10|M1_BALANCED|21|B|L2|F1,true,false,false,/home/cyfer/FYP/WSN_simulation_V3/runs/S10_5000/outputs_production_50seed_part21_25/run_campaign_v3_S10_M1_BALANCED_B_L2_F1_H3_seed021_21_20260603_085623
campaign_v3_S10_M1_BALANCED_B_L2_F1_H3_seed022,campaign_v3_S10_M1_BALANCED_B_L2_F1_H3_seed022_22_20260603_085802,S10,5000,200,6,M1_BALANCED,22,B,L2,F1,H3,V3,map_S10_M1_BALANCED_seed022,fa43fc7c2836f4cd3ee5406187de328c20cc9399e2067908cb315e3b900817a9,32.701,67.398,193.618,392.644,25,50,0.3535,0.1352,60.0,23.444,83.444,143.444,150.0,90.0,7.868,0.0,1.0,0.49,1.0,0.133,3908.930076,1.218036,0.0,199,1407372,1407372,1.0,1797,1797,1.0,119700,0,1,S10|M1_BALANCED|22|B|L2|F1,true,false,false,/home/cyfer/FYP/WSN_simulation_V3/runs/S10_5000/outputs_production_50seed_part21_25/run_campaign_v3_S10_M1_BALANCED_B_L2_F1_H3_seed022_22_20260603_085802
campaign_v3_S10_M1_BALANCED_B_L2_F1_H3_seed023,campaign_v3_S10_M1_BALANCED_B_L2_F1_H3_seed023_23_20260603_085938,S10,5000,200,6,M1_BALANCED,23,B,L2,F1,H3,V3,map_S10_M1_BALANCED_seed023,b6c6bfbf7ecce212df52c3b9437c02a18e0d511955aeaa74ed610b73475af4f6,32.14,61.948,196.058,409.602,25,51,0.313,0.1326,60.0,24.541,84.541,144.541,150.0,90.0,8.608,0.0,1.0,0.74,1.0,0.129,3865.612359,1.226828,0.0,200,1405355,1405355,1.0,1797,1797,1.0,119550,0,1,S10|M1_BALANCED|23|B|L2|F1,true,false,false,/home/cyfer/FYP/WSN_simulation_V3/runs/S10_5000/outputs_production_50seed_part21_25/run_campaign_v3_S10_M1_BALANCED_B_L2_F1_H3_seed023_23_20260603_085938
campaign_v3_S10_M1_BALANCED_B_L2_F1_H3_seed024,campaign_v3_S10_M1_BALANCED_B_L2_F1_H3_seed024_24_20260603_090114,S10,5000,200,6,M1_BALANCED,24,B,L2,F1,H3,V3,map_S10_M1_BALANCED_seed024,55d8920684214824a8222edcd4001cb6e2f327d339b5a2d729ae341c2c3bf85b,31.727,63.824,195.486,402.883,25,52,0.3064,0.1248,60.0,23.254,83.254,143.254,150.0,90.0,8.028,0.0,1.0,0.549,1.0,0.127,3839.498701,1.231966,0.0,199,1406734,1406734,1.0,1797,1797,1.0,119650,0,1,S10|M1_BALANCED|24|B|L2|F1,true,false,false,/home/cyfer/FYP/WSN_simulation_V3/runs/S10_5000/outputs_production_50seed_part21_25/run_campaign_v3_S10_M1_BALANCED_B_L2_F1_H3_seed024_24_20260603_090114
campaign_v3_S10_M1_BALANCED_B_L2_F1_H3_seed025,campaign_v3_S10_M1_BALANCED_B_L2_F1_H3_seed025_25_20260603_090249,S10,5000,200,6,M1_BALANCED,25,B,L2,F1,H3,V3,map_S10_M1_BALANCED_seed025,a6070a82141efbfff571ed9fc68080ae838bf177280ca83a1cafe20936931325,32.165,63.676,197.099,391.974,25,47,0.3114,0.1258,60.0,23.019,83.019,143.019,150.0,90.0,7.25,0.0,1.0,0.283,1.0,0.134,3874.279056,1.224871,0.0,199,1409202,1409202,1.0,1797,1797,1.0,119850,0,1,S10|M1_BALANCED|25|B|L2|F1,true,false,false,/home/cyfer/FYP/WSN_simulation_V3/runs/S10_5000/outputs_production_50seed_part21_25/run_campaign_v3_S10_M1_BALANCED_B_L2_F1_H3_seed025_25_20260603_090249
campaign_v3_S10_M1_BALANCED_B_L2_F1_H4_seed021,campaign_v3_S10_M1_BALANCED_B_L2_F1_H4_seed021_21_20260603_085627,S10,5000,200,6,M1_BALANCED,21,B,L2,F1,H4,V3,map_S10_M1_BALANCED_seed021,8ca34c01c62cf1db43d62e6d1ff019e5c7673658f2ce4922733e6f1bf9b00ff1,31.924,63.1,194.101,409.835,25,46,0.2988,0.1228,60.0,27.957,87.957,147.957,150.0,90.0,8.201,0.0,1.0,0.6,1.0,0.134,3848.100675,1.230235,0.0,201,1403993,1403993,1.0,1797,1797,1.0,119179,0,1,S10|M1_BALANCED|21|B|L2|F1,true,false,false,/home/cyfer/FYP/WSN_simulation_V3/runs/S10_5000/outputs_production_50seed_part21_25/run_campaign_v3_S10_M1_BALANCED_B_L2_F1_H4_seed021_21_20260603_085627
campaign_v3_S10_M1_BALANCED_B_L2_F1_H4_seed022,campaign_v3_S10_M1_BALANCED_B_L2_F1_H4_seed022_22_20260603_085805,S10,5000,200,6,M1_BALANCED,22,B,L2,F1,H4,V3,map_S10_M1_BALANCED_seed022,fa43fc7c2836f4cd3ee5406187de328c20cc9399e2067908cb315e3b900817a9,32.701,67.398,193.618,392.644,25,50,0.3535,0.1352,60.0,27.46,87.46,147.46,150.0,90.0,7.868,0.0,1.0,0.49,1.0,0.133,3899.414425,1.219939,0.0,199,1403816,1403816,1.0,1797,1797,1.0,119104,0,1,S10|M1_BALANCED|22|B|L2|F1,true,false,false,/home/cyfer/FYP/WSN_simulation_V3/runs/S10_5000/outputs_production_50seed_part21_25/run_campaign_v3_S10_M1_BALANCED_B_L2_F1_H4_seed022_22_20260603_085805
campaign_v3_S10_M1_BALANCED_B_L2_F1_H4_seed023,campaign_v3_S10_M1_BALANCED_B_L2_F1_H4_seed023_23_20260603_085942,S10,5000,200,6,M1_BALANCED,23,B,L2,F1,H4,V3,map_S10_M1_BALANCED_seed023,b6c6bfbf7ecce212df52c3b9437c02a18e0d511955aeaa74ed610b73475af4f6,32.14,61.948,196.058,409.602,25,51,0.313,0.1326,60.0,27.916,87.916,147.916,150.0,90.0,8.608,0.0,1.0,0.74,1.0,0.129,3863.43137,1.227265,0.0,200,1404583,1404583,1.0,1797,1797,1.0,119429,0,1,S10|M1_BALANCED|23|B|L2|F1,true,false,false,/home/cyfer/FYP/WSN_simulation_V3/runs/S10_5000/outputs_production_50seed_part21_25/run_campaign_v3_S10_M1_BALANCED_B_L2_F1_H4_seed023_23_20260603_085942
campaign_v3_S10_M1_BALANCED_B_L2_F1_H4_seed024,campaign_v3_S10_M1_BALANCED_B_L2_F1_H4_seed024_24_20260603_090117,S10,5000,200,6,M1_BALANCED,24,B,L2,F1,H4,V3,map_S10_M1_BALANCED_seed024,55d8920684214824a8222edcd4001cb6e2f327d339b5a2d729ae341c2c3bf85b,31.727,63.824,195.486,402.883,25,52,0.3064,0.1248,60.0,27.421,87.421,147.421,150.0,90.0,8.028,0.0,1.0,0.549,1.0,0.127,3831.123939,1.233641,0.0,199,1403317,1403317,1.0,1797,1797,1.0,119079,0,1,S10|M1_BALANCED|24|B|L2|F1,true,false,false,/home/cyfer/FYP/WSN_simulation_V3/runs/S10_5000/outputs_production_50seed_part21_25/run_campaign_v3_S10_M1_BALANCED_B_L2_F1_H4_seed024_24_20260603_090117
campaign_v3_S10_M1_BALANCED_B_L2_F1_H4_seed025,campaign_v3_S10_M1_BALANCED_B_L2_F1_H4_seed025_25_20260603_090252,S10,5000,200,6,M1_BALANCED,25,B,L2,F1,H4,V3,map_S10_M1_BALANCED_seed025,a6070a82141efbfff571ed9fc68080ae838bf177280ca83a1cafe20936931325,32.165,63.676,197.099,391.974,25,47,0.3114,0.1258,60.0,26.945,86.945,146.945,150.0,90.0,7.25,0.0,1.0,0.283,1.0,0.134,3864.028643,1.226921,0.0,200,1405057,1405057,1.0,1797,1797,1.0,119154,0,1,S10|M1_BALANCED|25|B|L2|F1,true,false,false,/home/cyfer/FYP/WSN_simulation_V3/runs/S10_5000/outputs_production_50seed_part21_25/run_campaign_v3_S10_M1_BALANCED_B_L2_F1_H4_seed025_25_20260603_090252
campaign_v3_S10_M1_BALANCED_B_L2_F2_H0_seed021,campaign_v3_S10_M1_BALANCED_B_L2_F2_H0_seed021_21_20260603_085617,S10,5000,200,6,M1_BALANCED,21,B,L2,F2,H0,V2,map_S10_M1_BALANCED_seed021,8ca34c01c62cf1db43d62e6d1ff019e5c7673658f2ce4922733e6f1bf9b00ff1,31.924,63.1,194.101,409.835,25,46,0.2988,0.1228,60.0,-1.0,-1.0,-1.0,-1.0,-1.0,0.0,0.0,0.0,0.0,0.0,0.0,3844.085142,1.231183,0.0,199,1403445,1403445,1.0,1792,1792,1.0,120165,1,0,S10|M1_BALANCED|21|B|L2|F2,false,false,true,/home/cyfer/FYP/WSN_simulation_V3/runs/S10_5000/outputs_production_50seed_part21_25/run_campaign_v3_S10_M1_BALANCED_B_L2_F2_H0_seed021_21_20260603_085617
campaign_v3_S10_M1_BALANCED_B_L2_F2_H0_seed022,campaign_v3_S10_M1_BALANCED_B_L2_F2_H0_seed022_22_20260603_085756,S10,5000,200,6,M1_BALANCED,22,B,L2,F2,H0,V2,map_S10_M1_BALANCED_seed022,fa43fc7c2836f4cd3ee5406187de328c20cc9399e2067908cb315e3b900817a9,32.701,67.398,193.618,392.644,25,50,0.3535,0.1352,60.0,-1.0,-1.0,-1.0,-1.0,-1.0,0.0,0.0,0.0,0.0,0.0,0.0,3895.151575,1.22097,0.0,198,1402740,1402740,1.0,1792,1792,1.0,120180,1,0,S10|M1_BALANCED|22|B|L2|F2,false,false,true,/home/cyfer/FYP/WSN_simulation_V3/runs/S10_5000/outputs_production_50seed_part21_25/run_campaign_v3_S10_M1_BALANCED_B_L2_F2_H0_seed022_22_20260603_085756
campaign_v3_S10_M1_BALANCED_B_L2_F2_H0_seed023,campaign_v3_S10_M1_BALANCED_B_L2_F2_H0_seed023_23_20260603_085932,S10,5000,200,6,M1_BALANCED,23,B,L2,F2,H0,V2,map_S10_M1_BALANCED_seed023,b6c6bfbf7ecce212df52c3b9437c02a18e0d511955aeaa74ed610b73475af4f6,32.14,61.948,196.058,409.602,25,51,0.313,0.1326,60.0,-1.0,-1.0,-1.0,-1.0,-1.0,0.0,0.0,0.0,0.0,0.0,0.0,3864.157564,1.227168,0.0,198,1405795,1405795,1.0,1792,1792,1.0,120115,1,0,S10|M1_BALANCED|23|B|L2|F2,false,false,true,/home/cyfer/FYP/WSN_simulation_V3/runs/S10_5000/outputs_production_50seed_part21_25/run_campaign_v3_S10_M1_BALANCED_B_L2_F2_H0_seed023_23_20260603_085932
campaign_v3_S10_M1_BALANCED_B_L2_F2_H0_seed024,campaign_v3_S10_M1_BALANCED_B_L2_F2_H0_seed024_24_20260603_090108,S10,5000,200,6,M1_BALANCED,24,B,L2,F2,H0,V2,map_S10_M1_BALANCED_seed024,55d8920684214824a8222edcd4001cb6e2f327d339b5a2d729ae341c2c3bf85b,31.727,63.824,195.486,402.883,25,52,0.3064,0.1248,60.0,-1.0,-1.0,-1.0,-1.0,-1.0,0.0,0.0,0.0,0.0,0.0,0.0,3827.901977,1.23442,0.0,198,1402505,1402505,1.0,1792,1792,1.0,120185,1,0,S10|M1_BALANCED|24|B|L2|F2,false,false,true,/home/cyfer/FYP/WSN_simulation_V3/runs/S10_5000/outputs_production_50seed_part21_25/run_campaign_v3_S10_M1_BALANCED_B_L2_F2_H0_seed024_24_20260603_090108
campaign_v3_S10_M1_BALANCED_B_L2_F2_H0_seed025,campaign_v3_S10_M1_BALANCED_B_L2_F2_H0_seed025_25_20260603_090243,S10,5000,200,6,M1_BALANCED,25,B,L2,F2,H0,V2,map_S10_M1_BALANCED_seed025,a6070a82141efbfff571ed9fc68080ae838bf177280ca83a1cafe20936931325,32.165,63.676,197.099,391.974,25,47,0.3114,0.1258,60.0,-1.0,-1.0,-1.0,-1.0,-1.0,0.0,0.0,0.0,0.0,0.0,0.0,3859.233075,1.228153,0.0,199,1403210,1403210,1.0,1792,1792,1.0,120170,1,0,S10|M1_BALANCED|25|B|L2|F2,false,false,true,/home/cyfer/FYP/WSN_simulation_V3/runs/S10_5000/outputs_production_50seed_part21_25/run_campaign_v3_S10_M1_BALANCED_B_L2_F2_H0_seed025_25_20260603_090243
campaign_v3_S10_M1_BALANCED_B_L2_F2_H1_seed021,campaign_v3_S10_M1_BALANCED_B_L2_F2_H1_seed021_21_20260603_085630,S10,5000,200,6,M1_BALANCED,21,B,L2,F2,H1,V3,map_S10_M1_BALANCED_seed021,8ca34c01c62cf1db43d62e6d1ff019e5c7673658f2ce4922733e6f1bf9b00ff1,31.924,63.1,194.101,409.835,25,46,0.2988,0.1228,60.0,24.894,84.894,144.894,150.0,90.0,7.736,0.0,1.0,0.733,0.786,0.059,3858.234416,1.228353,0.0,200,1408395,1408395,1.0,1797,1797,1.0,120000,0,1,S10|M1_BALANCED|21|B|L2|F2,true,false,false,/home/cyfer/FYP/WSN_simulation_V3/runs/S10_5000/outputs_production_50seed_part21_25/run_campaign_v3_S10_M1_BALANCED_B_L2_F2_H1_seed021_21_20260603_085630
campaign_v3_S10_M1_BALANCED_B_L2_F2_H1_seed022,campaign_v3_S10_M1_BALANCED_B_L2_F2_H1_seed022_22_20260603_085809,S10,5000,200,6,M1_BALANCED,22,B,L2,F2,H1,V3,map_S10_M1_BALANCED_seed022,fa43fc7c2836f4cd3ee5406187de328c20cc9399e2067908cb315e3b900817a9,32.701,67.398,193.618,392.644,25,50,0.3535,0.1352,60.0,25.257,85.257,145.257,150.0,90.0,8.162,0.0,1.0,0.735,0.864,0.122,3910.840748,1.217832,0.0,199,1408104,1408104,1.0,1797,1797,1.0,120000,0,1,S10|M1_BALANCED|22|B|L2|F2,true,false,false,/home/cyfer/FYP/WSN_simulation_V3/runs/S10_5000/outputs_production_50seed_part21_25/run_campaign_v3_S10_M1_BALANCED_B_L2_F2_H1_seed022_22_20260603_085809
campaign_v3_S10_M1_BALANCED_B_L2_F2_H1_seed023,campaign_v3_S10_M1_BALANCED_B_L2_F2_H1_seed023_23_20260603_085945,S10,5000,200,6,M1_BALANCED,23,B,L2,F2,H1,V3,map_S10_M1_BALANCED_seed023,b6c6bfbf7ecce212df52c3b9437c02a18e0d511955aeaa74ed610b73475af4f6,32.14,61.948,196.058,409.602,25,51,0.313,0.1326,60.0,24.019,84.019,144.019,150.0,90.0,6.441,0.0,1.0,0.46,0.546,0.141,3874.2569,1.225149,0.0,199,1409245,1409245,1.0,1797,1797,1.0,120000,0,1,S10|M1_BALANCED|23|B|L2|F2,true,false,false,/home/cyfer/FYP/WSN_simulation_V3/runs/S10_5000/outputs_production_50seed_part21_25/run_campaign_v3_S10_M1_BALANCED_B_L2_F2_H1_seed023_23_20260603_085945
campaign_v3_S10_M1_BALANCED_B_L2_F2_H1_seed024,campaign_v3_S10_M1_BALANCED_B_L2_F2_H1_seed024_24_20260603_090121,S10,5000,200,6,M1_BALANCED,24,B,L2,F2,H1,V3,map_S10_M1_BALANCED_seed024,55d8920684214824a8222edcd4001cb6e2f327d339b5a2d729ae341c2c3bf85b,31.727,63.824,195.486,402.883,25,52,0.3064,0.1248,60.0,25.798,85.798,145.798,150.0,90.0,8.493,0.0,1.0,0.725,0.881,0.225,3843.529265,1.231294,0.0,199,1408018,1408018,1.0,1797,1797,1.0,120000,0,1,S10|M1_BALANCED|24|B|L2|F2,true,false,false,/home/cyfer/FYP/WSN_simulation_V3/runs/S10_5000/outputs_production_50seed_part21_25/run_campaign_v3_S10_M1_BALANCED_B_L2_F2_H1_seed024_24_20260603_090121
campaign_v3_S10_M1_BALANCED_B_L2_F2_H1_seed025,campaign_v3_S10_M1_BALANCED_B_L2_F2_H1_seed025_25_20260603_090256,S10,5000,200,6,M1_BALANCED,25,B,L2,F2,H1,V3,map_S10_M1_BALANCED_seed025,a6070a82141efbfff571ed9fc68080ae838bf177280ca83a1cafe20936931325,32.165,63.676,197.099,391.974,25,47,0.3114,0.1258,60.0,26.039,86.039,146.039,150.0,90.0,8.172,0.0,1.0,0.739,0.821,0.164,3874.430429,1.225114,0.0,200,1408242,1408242,1.0,1797,1797,1.0,120000,0,1,S10|M1_BALANCED|25|B|L2|F2,true,false,false,/home/cyfer/FYP/WSN_simulation_V3/runs/S10_5000/outputs_production_50seed_part21_25/run_campaign_v3_S10_M1_BALANCED_B_L2_F2_H1_seed025_25_20260603_090256
campaign_v3_S10_M1_BALANCED_B_L2_F2_H3_seed021,campaign_v3_S10_M1_BALANCED_B_L2_F2_H3_seed021_21_20260603_085631,S10,5000,200,6,M1_BALANCED,21,B,L2,F2,H3,V3,map_S10_M1_BALANCED_seed021,8ca34c01c62cf1db43d62e6d1ff019e5c7673658f2ce4922733e6f1bf9b00ff1,31.924,63.1,194.101,409.835,25,46,0.2988,0.1228,60.0,31.44,91.44,151.44,160.0,100.0,7.736,0.0,1.0,0.733,0.786,0.059,3851.809048,1.229638,0.0,200,1405876,1405876,1.0,1796,1796,1.0,119600,0,1,S10|M1_BALANCED|21|B|L2|F2,true,false,false,/home/cyfer/FYP/WSN_simulation_V3/runs/S10_5000/outputs_production_50seed_part21_25/run_campaign_v3_S10_M1_BALANCED_B_L2_F2_H3_seed021_21_20260603_085631
campaign_v3_S10_M1_BALANCED_B_L2_F2_H3_seed022,campaign_v3_S10_M1_BALANCED_B_L2_F2_H3_seed022_22_20260603_085809,S10,5000,200,6,M1_BALANCED,22,B,L2,F2,H3,V3,map_S10_M1_BALANCED_seed022,fa43fc7c2836f4cd3ee5406187de328c20cc9399e2067908cb315e3b900817a9,32.701,67.398,193.618,392.644,25,50,0.3535,0.1352,60.0,31.247,91.247,151.247,160.0,100.0,8.162,0.0,1.0,0.735,0.864,0.122,3903.661593,1.219268,0.0,199,1405314,1405314,1.0,1796,1796,1.0,119550,0,1,S10|M1_BALANCED|22|B|L2|F2,true,false,false,/home/cyfer/FYP/WSN_simulation_V3/runs/S10_5000/outputs_production_50seed_part21_25/run_campaign_v3_S10_M1_BALANCED_B_L2_F2_H3_seed022_22_20260603_085809
campaign_v3_S10_M1_BALANCED_B_L2_F2_H3_seed023,campaign_v3_S10_M1_BALANCED_B_L2_F2_H3_seed023_23_20260603_085946,S10,5000,200,6,M1_BALANCED,23,B,L2,F2,H3,V3,map_S10_M1_BALANCED_seed023,b6c6bfbf7ecce212df52c3b9437c02a18e0d511955aeaa74ed610b73475af4f6,32.14,61.948,196.058,409.602,25,51,0.313,0.1326,60.0,29.469,89.469,149.469,150.0,90.0,6.441,0.0,1.0,0.46,0.546,0.141,3870.049552,1.22599,0.0,199,1407535,1407535,1.0,1797,1797,1.0,119725,0,1,S10|M1_BALANCED|23|B|L2|F2,true,false,false,/home/cyfer/FYP/WSN_simulation_V3/runs/S10_5000/outputs_production_50seed_part21_25/run_campaign_v3_S10_M1_BALANCED_B_L2_F2_H3_seed023_23_20260603_085946
campaign_v3_S10_M1_BALANCED_B_L2_F2_H3_seed024,campaign_v3_S10_M1_BALANCED_B_L2_F2_H3_seed024_24_20260603_090122,S10,5000,200,6,M1_BALANCED,24,B,L2,F2,H3,V3,map_S10_M1_BALANCED_seed024,55d8920684214824a8222edcd4001cb6e2f327d339b5a2d729ae341c2c3bf85b,31.727,63.824,195.486,402.883,25,52,0.3064,0.1248,60.0,32.154,92.154,152.154,160.0,100.0,8.493,0.0,1.0,0.725,0.881,0.225,3836.470705,1.232706,0.0,199,1405203,1405203,1.0,1796,1796,1.0,119550,0,1,S10|M1_BALANCED|24|B|L2|F2,true,false,false,/home/cyfer/FYP/WSN_simulation_V3/runs/S10_5000/outputs_production_50seed_part21_25/run_campaign_v3_S10_M1_BALANCED_B_L2_F2_H3_seed024_24_20260603_090122
campaign_v3_S10_M1_BALANCED_B_L2_F2_H3_seed025,campaign_v3_S10_M1_BALANCED_B_L2_F2_H3_seed025_25_20260603_090257,S10,5000,200,6,M1_BALANCED,25,B,L2,F2,H3,V3,map_S10_M1_BALANCED_seed025,a6070a82141efbfff571ed9fc68080ae838bf177280ca83a1cafe20936931325,32.165,63.676,197.099,391.974,25,47,0.3114,0.1258,60.0,31.81,91.81,151.81,160.0,100.0,8.172,0.0,1.0,0.739,0.821,0.164,3867.044496,1.226591,0.0,200,1405641,1405641,1.0,1796,1796,1.0,119575,0,1,S10|M1_BALANCED|25|B|L2|F2,true,false,false,/home/cyfer/FYP/WSN_simulation_V3/runs/S10_5000/outputs_production_50seed_part21_25/run_campaign_v3_S10_M1_BALANCED_B_L2_F2_H3_seed025_25_20260603_090257
campaign_v3_S10_M1_BALANCED_B_L2_F2_H4_seed021,campaign_v3_S10_M1_BALANCED_B_L2_F2_H4_seed021_21_20260603_085632,S10,5000,200,6,M1_BALANCED,21,B,L2,F2,H4,V3,map_S10_M1_BALANCED_seed021,8ca34c01c62cf1db43d62e6d1ff019e5c7673658f2ce4922733e6f1bf9b00ff1,31.924,63.1,194.101,409.835,25,46,0.2988,0.1228,60.0,35.104,95.104,155.104,160.0,100.0,7.736,0.0,1.0,0.733,0.786,0.059,3857.336349,1.228533,0.0,200,1408032,1408032,1.0,1796,1796,1.0,120000,0,1,S10|M1_BALANCED|21|B|L2|F2,true,false,false,/home/cyfer/FYP/WSN_simulation_V3/runs/S10_5000/outputs_production_50seed_part21_25/run_campaign_v3_S10_M1_BALANCED_B_L2_F2_H4_seed021_21_20260603_085632
campaign_v3_S10_M1_BALANCED_B_L2_F2_H4_seed022,campaign_v3_S10_M1_BALANCED_B_L2_F2_H4_seed022_22_20260603_085810,S10,5000,200,6,M1_BALANCED,22,B,L2,F2,H4,V3,map_S10_M1_BALANCED_seed022,fa43fc7c2836f4cd3ee5406187de328c20cc9399e2067908cb315e3b900817a9,32.701,67.398,193.618,392.644,25,50,0.3535,0.1352,60.0,36.083,96.083,156.083,160.0,100.0,8.162,0.0,1.0,0.735,0.864,0.122,3909.823601,1.218035,0.0,199,1407708,1407708,1.0,1796,1796,1.0,120000,0,1,S10|M1_BALANCED|22|B|L2|F2,true,false,false,/home/cyfer/FYP/WSN_simulation_V3/runs/S10_5000/outputs_production_50seed_part21_25/run_campaign_v3_S10_M1_BALANCED_B_L2_F2_H4_seed022_22_20260603_085810
campaign_v3_S10_M1_BALANCED_B_L2_F2_H4_seed023,campaign_v3_S10_M1_BALANCED_B_L2_F2_H4_seed023_23_20260603_085947,S10,5000,200,6,M1_BALANCED,23,B,L2,F2,H4,V3,map_S10_M1_BALANCED_seed023,b6c6bfbf7ecce212df52c3b9437c02a18e0d511955aeaa74ed610b73475af4f6,32.14,61.948,196.058,409.602,25,51,0.313,0.1326,60.0,34.435,94.435,154.435,160.0,100.0,6.441,0.0,1.0,0.46,0.546,0.141,3873.711176,1.225258,0.0,199,1409015,1409015,1.0,1796,1796,1.0,120000,0,1,S10|M1_BALANCED|23|B|L2|F2,true,false,false,/home/cyfer/FYP/WSN_simulation_V3/runs/S10_5000/outputs_production_50seed_part21_25/run_campaign_v3_S10_M1_BALANCED_B_L2_F2_H4_seed023_23_20260603_085947
campaign_v3_S10_M1_BALANCED_B_L2_F2_H4_seed024,campaign_v3_S10_M1_BALANCED_B_L2_F2_H4_seed024_24_20260603_090122,S10,5000,200,6,M1_BALANCED,24,B,L2,F2,H4,V3,map_S10_M1_BALANCED_seed024,55d8920684214824a8222edcd4001cb6e2f327d339b5a2d729ae341c2c3bf85b,31.727,63.824,195.486,402.883,25,52,0.3064,0.1248,60.0,35.879,95.879,155.879,160.0,100.0,8.493,0.0,1.0,0.725,0.881,0.225,3842.608608,1.231478,0.0,199,1407648,1407648,1.0,1796,1796,1.0,120000,0,1,S10|M1_BALANCED|24|B|L2|F2,true,false,false,/home/cyfer/FYP/WSN_simulation_V3/runs/S10_5000/outputs_production_50seed_part21_25/run_campaign_v3_S10_M1_BALANCED_B_L2_F2_H4_seed024_24_20260603_090122
campaign_v3_S10_M1_BALANCED_B_L2_F2_H4_seed025,campaign_v3_S10_M1_BALANCED_B_L2_F2_H4_seed025_25_20260603_090258,S10,5000,200,6,M1_BALANCED,25,B,L2,F2,H4,V3,map_S10_M1_BALANCED_seed025,a6070a82141efbfff571ed9fc68080ae838bf177280ca83a1cafe20936931325,32.165,63.676,197.099,391.974,25,47,0.3114,0.1258,60.0,36.141,96.141,156.141,160.0,100.0,8.172,0.0,1.0,0.739,0.821,0.164,3873.532814,1.225293,0.0,200,1407902,1407902,1.0,1796,1796,1.0,120000,0,1,S10|M1_BALANCED|25|B|L2|F2,true,false,false,/home/cyfer/FYP/WSN_simulation_V3/runs/S10_5000/outputs_production_50seed_part21_25/run_campaign_v3_S10_M1_BALANCED_B_L2_F2_H4_seed025_25_20260603_090258
campaign_v3_S10_M1_BALANCED_B_L2_F3_H0_seed021,campaign_v3_S10_M1_BALANCED_B_L2_F3_H0_seed021_21_20260603_085618,S10,5000,200,6,M1_BALANCED,21,B,L2,F3,H0,V2,map_S10_M1_BALANCED_seed021,8ca34c01c62cf1db43d62e6d1ff019e5c7673658f2ce4922733e6f1bf9b00ff1,31.924,63.1,194.101,409.835,25,46,0.2988,0.1228,60.0,-1.0,-1.0,-1.0,-1.0,-1.0,0.0,0.0,0.0,0.0,0.0,0.0,3852.555065,1.229489,0.0,199,1406735,1406735,1.0,1792,1792,1.0,120095,1,0,S10|M1_BALANCED|21|B|L2|F3,false,false,true,/home/cyfer/FYP/WSN_simulation_V3/runs/S10_5000/outputs_production_50seed_part21_25/run_campaign_v3_S10_M1_BALANCED_B_L2_F3_H0_seed021_21_20260603_085618
campaign_v3_S10_M1_BALANCED_B_L2_F3_H0_seed022,campaign_v3_S10_M1_BALANCED_B_L2_F3_H0_seed022_22_20260603_085757,S10,5000,200,6,M1_BALANCED,22,B,L2,F3,H0,V2,map_S10_M1_BALANCED_seed022,fa43fc7c2836f4cd3ee5406187de328c20cc9399e2067908cb315e3b900817a9,32.701,67.398,193.618,392.644,25,50,0.3535,0.1352,60.0,-1.0,-1.0,-1.0,-1.0,-1.0,0.0,0.0,0.0,0.0,0.0,0.0,3902.719341,1.219456,0.0,197,1405795,1405795,1.0,1792,1792,1.0,120115,1,0,S10|M1_BALANCED|22|B|L2|F3,false,false,true,/home/cyfer/FYP/WSN_simulation_V3/runs/S10_5000/outputs_production_50seed_part21_25/run_campaign_v3_S10_M1_BALANCED_B_L2_F3_H0_seed022_22_20260603_085757
campaign_v3_S10_M1_BALANCED_B_L2_F3_H0_seed023,campaign_v3_S10_M1_BALANCED_B_L2_F3_H0_seed023_23_20260603_085933,S10,5000,200,6,M1_BALANCED,23,B,L2,F3,H0,V2,map_S10_M1_BALANCED_seed023,b6c6bfbf7ecce212df52c3b9437c02a18e0d511955aeaa74ed610b73475af4f6,32.14,61.948,196.058,409.602,25,51,0.313,0.1326,60.0,-1.0,-1.0,-1.0,-1.0,-1.0,0.0,0.0,0.0,0.0,0.0,0.0,3862.973246,1.227405,0.0,198,1405090,1405090,1.0,1792,1792,1.0,120130,1,0,S10|M1_BALANCED|23|B|L2|F3,false,false,true,/home/cyfer/FYP/WSN_simulation_V3/runs/S10_5000/outputs_production_50seed_part21_25/run_campaign_v3_S10_M1_BALANCED_B_L2_F3_H0_seed023_23_20260603_085933
campaign_v3_S10_M1_BALANCED_B_L2_F3_H0_seed024,campaign_v3_S10_M1_BALANCED_B_L2_F3_H0_seed024_24_20260603_090109,S10,5000,200,6,M1_BALANCED,24,B,L2,F3,H0,V2,map_S10_M1_BALANCED_seed024,55d8920684214824a8222edcd4001cb6e2f327d339b5a2d729ae341c2c3bf85b,31.727,63.824,195.486,402.883,25,52,0.3064,0.1248,60.0,-1.0,-1.0,-1.0,-1.0,-1.0,0.0,0.0,0.0,0.0,0.0,0.0,3840.269773,1.231946,0.0,197,1407440,1407440,1.0,1792,1792,1.0,120080,1,0,S10|M1_BALANCED|24|B|L2|F3,false,false,true,/home/cyfer/FYP/WSN_simulation_V3/runs/S10_5000/outputs_production_50seed_part21_25/run_campaign_v3_S10_M1_BALANCED_B_L2_F3_H0_seed024_24_20260603_090109
campaign_v3_S10_M1_BALANCED_B_L2_F3_H0_seed025,campaign_v3_S10_M1_BALANCED_B_L2_F3_H0_seed025_25_20260603_090244,S10,5000,200,6,M1_BALANCED,25,B,L2,F3,H0,V2,map_S10_M1_BALANCED_seed025,a6070a82141efbfff571ed9fc68080ae838bf177280ca83a1cafe20936931325,32.165,63.676,197.099,391.974,25,47,0.3114,0.1258,60.0,-1.0,-1.0,-1.0,-1.0,-1.0,0.0,0.0,0.0,0.0,0.0,0.0,3861.1157,1.227777,0.0,198,1403915,1403915,1.0,1792,1792,1.0,120155,1,0,S10|M1_BALANCED|25|B|L2|F3,false,false,true,/home/cyfer/FYP/WSN_simulation_V3/runs/S10_5000/outputs_production_50seed_part21_25/run_campaign_v3_S10_M1_BALANCED_B_L2_F3_H0_seed025_25_20260603_090244
campaign_v3_S10_M1_BALANCED_B_L2_F3_H1_seed021,campaign_v3_S10_M1_BALANCED_B_L2_F3_H1_seed021_21_20260603_085633,S10,5000,200,6,M1_BALANCED,21,B,L2,F3,H1,V3,map_S10_M1_BALANCED_seed021,8ca34c01c62cf1db43d62e6d1ff019e5c7673658f2ce4922733e6f1bf9b00ff1,31.924,63.1,194.101,409.835,25,46,0.2988,0.1228,60.0,27.401,87.401,147.401,150.0,90.0,6.142,0.0,1.0,0.422,0.441,0.184,3852.785235,1.229443,0.0,199,1406755,1406755,1.0,1797,1797,1.0,119529,0,1,S10|M1_BALANCED|21|B|L2|F3,true,false,false,/home/cyfer/FYP/WSN_simulation_V3/runs/S10_5000/outputs_production_50seed_part21_25/run_campaign_v3_S10_M1_BALANCED_B_L2_F3_H1_seed021_21_20260603_085633
campaign_v3_S10_M1_BALANCED_B_L2_F3_H1_seed022,campaign_v3_S10_M1_BALANCED_B_L2_F3_H1_seed022_22_20260603_085811,S10,5000,200,6,M1_BALANCED,22,B,L2,F3,H1,V3,map_S10_M1_BALANCED_seed022,fa43fc7c2836f4cd3ee5406187de328c20cc9399e2067908cb315e3b900817a9,32.701,67.398,193.618,392.644,25,50,0.3535,0.1352,60.0,28.335,88.335,148.335,150.0,90.0,6.392,0.0,1.0,0.469,0.549,0.112,3902.960669,1.219408,0.0,197,1405815,1405815,1.0,1797,1797,1.0,119429,0,1,S10|M1_BALANCED|22|B|L2|F3,true,false,false,/home/cyfer/FYP/WSN_simulation_V3/runs/S10_5000/outputs_production_50seed_part21_25/run_campaign_v3_S10_M1_BALANCED_B_L2_F3_H1_seed022_22_20260603_085811
campaign_v3_S10_M1_BALANCED_B_L2_F3_H1_seed023,campaign_v3_S10_M1_BALANCED_B_L2_F3_H1_seed023_23_20260603_085947,S10,5000,200,6,M1_BALANCED,23,B,L2,F3,H1,V3,map_S10_M1_BALANCED_seed023,b6c6bfbf7ecce212df52c3b9437c02a18e0d511955aeaa74ed610b73475af4f6,32.14,61.948,196.058,409.602,25,51,0.313,0.1326,60.0,27.985,87.985,147.985,150.0,90.0,6.795,0.0,1.0,0.52,0.609,0.136,3863.231112,1.227354,0.0,198,1405110,1405110,1.0,1797,1797,1.0,119354,0,1,S10|M1_BALANCED|23|B|L2|F3,true,false,false,/home/cyfer/FYP/WSN_simulation_V3/runs/S10_5000/outputs_production_50seed_part21_25/run_campaign_v3_S10_M1_BALANCED_B_L2_F3_H1_seed023_23_20260603_085947
campaign_v3_S10_M1_BALANCED_B_L2_F3_H1_seed024,campaign_v3_S10_M1_BALANCED_B_L2_F3_H1_seed024_24_20260603_090123,S10,5000,200,6,M1_BALANCED,24,B,L2,F3,H1,V3,map_S10_M1_BALANCED_seed024,55d8920684214824a8222edcd4001cb6e2f327d339b5a2d729ae341c2c3bf85b,31.727,63.824,195.486,402.883,25,52,0.3064,0.1248,60.0,26.843,86.843,146.843,150.0,90.0,5.461,0.0,1.0,0.314,0.368,0.138,3840.462487,1.231908,0.0,197,1407460,1407460,1.0,1797,1797,1.0,119604,0,1,S10|M1_BALANCED|24|B|L2|F3,true,false,false,/home/cyfer/FYP/WSN_simulation_V3/runs/S10_5000/outputs_production_50seed_part21_25/run_campaign_v3_S10_M1_BALANCED_B_L2_F3_H1_seed024_24_20260603_090123
campaign_v3_S10_M1_BALANCED_B_L2_F3_H1_seed025,campaign_v3_S10_M1_BALANCED_B_L2_F3_H1_seed025_25_20260603_090258,S10,5000,200,6,M1_BALANCED,25,B,L2,F3,H1,V3,map_S10_M1_BALANCED_seed025,a6070a82141efbfff571ed9fc68080ae838bf177280ca83a1cafe20936931325,32.165,63.676,197.099,391.974,25,47,0.3114,0.1258,60.0,29.586,89.586,149.586,150.0,90.0,7.664,0.0,1.0,0.674,0.742,0.138,3861.409035,1.227718,0.0,198,1403935,1403935,1.0,1797,1797,1.0,119229,0,1,S10|M1_BALANCED|25|B|L2|F3,true,false,false,/home/cyfer/FYP/WSN_simulation_V3/runs/S10_5000/outputs_production_50seed_part21_25/run_campaign_v3_S10_M1_BALANCED_B_L2_F3_H1_seed025_25_20260603_090258
campaign_v3_S10_M1_BALANCED_B_L2_F3_H3_seed021,campaign_v3_S10_M1_BALANCED_B_L2_F3_H3_seed021_21_20260603_085634,S10,5000,200,6,M1_BALANCED,21,B,L2,F3,H3,V3,map_S10_M1_BALANCED_seed021,8ca34c01c62cf1db43d62e6d1ff019e5c7673658f2ce4922733e6f1bf9b00ff1,31.924,63.1,194.101,409.835,25,46,0.2988,0.1228,60.0,33.449,93.449,153.449,160.0,100.0,6.142,0.0,1.0,0.422,0.441,0.184,3852.755671,1.229449,0.0,199,1406751,1406751,1.0,1796,1796,1.0,119529,0,1,S10|M1_BALANCED|21|B|L2|F3,true,false,false,/home/cyfer/FYP/WSN_simulation_V3/runs/S10_5000/outputs_production_50seed_part21_25/run_campaign_v3_S10_M1_BALANCED_B_L2_F3_H3_seed021_21_20260603_085634
campaign_v3_S10_M1_BALANCED_B_L2_F3_H3_seed022,campaign_v3_S10_M1_BALANCED_B_L2_F3_H3_seed022_22_20260603_085812,S10,5000,200,6,M1_BALANCED,22,B,L2,F3,H3,V3,map_S10_M1_BALANCED_seed022,fa43fc7c2836f4cd3ee5406187de328c20cc9399e2067908cb315e3b900817a9,32.701,67.398,193.618,392.644,25,50,0.3535,0.1352,60.0,33.712,93.712,153.712,160.0,100.0,6.392,0.0,1.0,0.469,0.549,0.112,3902.945371,1.219411,0.0,197,1405811,1405811,1.0,1796,1796,1.0,119429,0,1,S10|M1_BALANCED|22|B|L2|F3,true,false,false,/home/cyfer/FYP/WSN_simulation_V3/runs/S10_5000/outputs_production_50seed_part21_25/run_campaign_v3_S10_M1_BALANCED_B_L2_F3_H3_seed022_22_20260603_085812
campaign_v3_S10_M1_BALANCED_B_L2_F3_H3_seed023,campaign_v3_S10_M1_BALANCED_B_L2_F3_H3_seed023_23_20260603_085948,S10,5000,200,6,M1_BALANCED,23,B,L2,F3,H3,V3,map_S10_M1_BALANCED_seed023,b6c6bfbf7ecce212df52c3b9437c02a18e0d511955aeaa74ed610b73475af4f6,32.14,61.948,196.058,409.602,25,51,0.313,0.1326,60.0,34.536,94.536,154.536,160.0,100.0,6.795,0.0,1.0,0.52,0.609,0.136,3863.2155,1.227357,0.0,198,1405106,1405106,1.0,1796,1796,1.0,119354,0,1,S10|M1_BALANCED|23|B|L2|F3,true,false,false,/home/cyfer/FYP/WSN_simulation_V3/runs/S10_5000/outputs_production_50seed_part21_25/run_campaign_v3_S10_M1_BALANCED_B_L2_F3_H3_seed023_23_20260603_085948
campaign_v3_S10_M1_BALANCED_B_L2_F3_H3_seed024,campaign_v3_S10_M1_BALANCED_B_L2_F3_H3_seed024_24_20260603_090124,S10,5000,200,6,M1_BALANCED,24,B,L2,F3,H3,V3,map_S10_M1_BALANCED_seed024,55d8920684214824a8222edcd4001cb6e2f327d339b5a2d729ae341c2c3bf85b,31.727,63.824,195.486,402.883,25,52,0.3064,0.1248,60.0,33.087,93.087,153.087,160.0,100.0,5.461,0.0,1.0,0.314,0.368,0.138,3840.441745,1.231912,0.0,197,1407456,1407456,1.0,1796,1796,1.0,119604,0,1,S10|M1_BALANCED|24|B|L2|F3,true,false,false,/home/cyfer/FYP/WSN_simulation_V3/runs/S10_5000/outputs_production_50seed_part21_25/run_campaign_v3_S10_M1_BALANCED_B_L2_F3_H3_seed024_24_20260603_090124
campaign_v3_S10_M1_BALANCED_B_L2_F3_H3_seed025,campaign_v3_S10_M1_BALANCED_B_L2_F3_H3_seed025_25_20260603_090259,S10,5000,200,6,M1_BALANCED,25,B,L2,F3,H3,V3,map_S10_M1_BALANCED_seed025,a6070a82141efbfff571ed9fc68080ae838bf177280ca83a1cafe20936931325,32.165,63.676,197.099,391.974,25,47,0.3114,0.1258,60.0,35.386,95.386,155.386,160.0,100.0,7.664,0.0,1.0,0.674,0.742,0.138,3861.395596,1.227721,0.0,198,1403931,1403931,1.0,1796,1796,1.0,119229,0,1,S10|M1_BALANCED|25|B|L2|F3,true,false,false,/home/cyfer/FYP/WSN_simulation_V3/runs/S10_5000/outputs_production_50seed_part21_25/run_campaign_v3_S10_M1_BALANCED_B_L2_F3_H3_seed025_25_20260603_090259
campaign_v3_S10_M1_BALANCED_B_L2_F3_H4_seed021,campaign_v3_S10_M1_BALANCED_B_L2_F3_H4_seed021_21_20260603_085634,S10,5000,200,6,M1_BALANCED,21,B,L2,F3,H4,V3,map_S10_M1_BALANCED_seed021,8ca34c01c62cf1db43d62e6d1ff019e5c7673658f2ce4922733e6f1bf9b00ff1,31.924,63.1,194.101,409.835,25,46,0.2988,0.1228,60.0,37.672,97.672,157.672,160.0,100.0,6.142,0.0,1.0,0.422,0.441,0.184,3852.761841,1.229448,0.0,199,1406751,1406751,1.0,1796,1796,1.0,119529,0,1,S10|M1_BALANCED|21|B|L2|F3,true,false,false,/home/cyfer/FYP/WSN_simulation_V3/runs/S10_5000/outputs_production_50seed_part21_25/run_campaign_v3_S10_M1_BALANCED_B_L2_F3_H4_seed021_21_20260603_085634
campaign_v3_S10_M1_BALANCED_B_L2_F3_H4_seed022,campaign_v3_S10_M1_BALANCED_B_L2_F3_H4_seed022_22_20260603_085813,S10,5000,200,6,M1_BALANCED,22,B,L2,F3,H4,V3,map_S10_M1_BALANCED_seed022,fa43fc7c2836f4cd3ee5406187de328c20cc9399e2067908cb315e3b900817a9,32.701,67.398,193.618,392.644,25,50,0.3535,0.1352,60.0,38.074,98.074,158.074,160.0,100.0,6.392,0.0,1.0,0.469,0.549,0.112,3902.939843,1.219412,0.0,197,1405811,1405811,1.0,1796,1796,1.0,119429,0,1,S10|M1_BALANCED|22|B|L2|F3,true,false,false,/home/cyfer/FYP/WSN_simulation_V3/runs/S10_5000/outputs_production_50seed_part21_25/run_campaign_v3_S10_M1_BALANCED_B_L2_F3_H4_seed022_22_20260603_085813
campaign_v3_S10_M1_BALANCED_B_L2_F3_H4_seed023,campaign_v3_S10_M1_BALANCED_B_L2_F3_H4_seed023_23_20260603_085949,S10,5000,200,6,M1_BALANCED,23,B,L2,F3,H4,V3,map_S10_M1_BALANCED_seed023,b6c6bfbf7ecce212df52c3b9437c02a18e0d511955aeaa74ed610b73475af4f6,32.14,61.948,196.058,409.602,25,51,0.313,0.1326,60.0,38.18,98.18,158.18,160.0,100.0,6.795,0.0,1.0,0.52,0.609,0.136,3863.210579,1.227358,0.0,198,1405106,1405106,1.0,1796,1796,1.0,119354,0,1,S10|M1_BALANCED|23|B|L2|F3,true,false,false,/home/cyfer/FYP/WSN_simulation_V3/runs/S10_5000/outputs_production_50seed_part21_25/run_campaign_v3_S10_M1_BALANCED_B_L2_F3_H4_seed023_23_20260603_085949
campaign_v3_S10_M1_BALANCED_B_L2_F3_H4_seed024,campaign_v3_S10_M1_BALANCED_B_L2_F3_H4_seed024_24_20260603_090125,S10,5000,200,6,M1_BALANCED,24,B,L2,F3,H4,V3,map_S10_M1_BALANCED_seed024,55d8920684214824a8222edcd4001cb6e2f327d339b5a2d729ae341c2c3bf85b,31.727,63.824,195.486,402.883,25,52,0.3064,0.1248,60.0,36.852,96.852,156.852,160.0,100.0,5.461,0.0,1.0,0.314,0.368,0.138,3840.442984,1.231911,0.0,197,1407456,1407456,1.0,1796,1796,1.0,119604,0,1,S10|M1_BALANCED|24|B|L2|F3,true,false,false,/home/cyfer/FYP/WSN_simulation_V3/runs/S10_5000/outputs_production_50seed_part21_25/run_campaign_v3_S10_M1_BALANCED_B_L2_F3_H4_seed024_24_20260603_090125
campaign_v3_S10_M1_BALANCED_B_L2_F3_H4_seed025,campaign_v3_S10_M1_BALANCED_B_L2_F3_H4_seed025_25_20260603_090300,S10,5000,200,6,M1_BALANCED,25,B,L2,F3,H4,V3,map_S10_M1_BALANCED_seed025,a6070a82141efbfff571ed9fc68080ae838bf177280ca83a1cafe20936931325,32.165,63.676,197.099,391.974,25,47,0.3114,0.1258,60.0,38.832,98.832,158.832,160.0,100.0,7.664,0.0,1.0,0.674,0.742,0.138,3861.387408,1.227723,0.0,198,1403931,1403931,1.0,1796,1796,1.0,119229,0,1,S10|M1_BALANCED|25|B|L2|F3,true,false,false,/home/cyfer/FYP/WSN_simulation_V3/runs/S10_5000/outputs_production_50seed_part21_25/run_campaign_v3_S10_M1_BALANCED_B_L2_F3_H4_seed025_25_20260603_090300
campaign_v3_S10_M1_BALANCED_B_L2_F4_H0_seed021,campaign_v3_S10_M1_BALANCED_B_L2_F4_H0_seed021_21_20260603_085619,S10,5000,200,6,M1_BALANCED,21,B,L2,F4,H0,V2,map_S10_M1_BALANCED_seed021,8ca34c01c62cf1db43d62e6d1ff019e5c7673658f2ce4922733e6f1bf9b00ff1,31.924,63.1,194.101,409.835,25,46,0.2988,0.1228,60.0,-1.0,-1.0,-1.0,-1.0,-1.0,0.0,0.0,0.0,0.0,0.0,0.0,3847.785837,1.230443,0.0,199,1404855,1404855,1.0,1792,1792,1.0,120135,1,0,S10|M1_BALANCED|21|B|L2|F4,false,false,true,/home/cyfer/FYP/WSN_simulation_V3/runs/S10_5000/outputs_production_50seed_part21_25/run_campaign_v3_S10_M1_BALANCED_B_L2_F4_H0_seed021_21_20260603_085619
campaign_v3_S10_M1_BALANCED_B_L2_F4_H0_seed022,campaign_v3_S10_M1_BALANCED_B_L2_F4_H0_seed022_22_20260603_085758,S10,5000,200,6,M1_BALANCED,22,B,L2,F4,H0,V2,map_S10_M1_BALANCED_seed022,fa43fc7c2836f4cd3ee5406187de328c20cc9399e2067908cb315e3b900817a9,32.701,67.398,193.618,392.644,25,50,0.3535,0.1352,60.0,-1.0,-1.0,-1.0,-1.0,-1.0,0.0,0.0,0.0,0.0,0.0,0.0,3903.083849,1.219383,0.0,197,1405560,1405560,1.0,1792,1792,1.0,120120,1,0,S10|M1_BALANCED|22|B|L2|F4,false,false,true,/home/cyfer/FYP/WSN_simulation_V3/runs/S10_5000/outputs_production_50seed_part21_25/run_campaign_v3_S10_M1_BALANCED_B_L2_F4_H0_seed022_22_20260603_085758
campaign_v3_S10_M1_BALANCED_B_L2_F4_H0_seed023,campaign_v3_S10_M1_BALANCED_B_L2_F4_H0_seed023_23_20260603_085934,S10,5000,200,6,M1_BALANCED,23,B,L2,F4,H0,V2,map_S10_M1_BALANCED_seed023,b6c6bfbf7ecce212df52c3b9437c02a18e0d511955aeaa74ed610b73475af4f6,32.14,61.948,196.058,409.602,25,51,0.313,0.1326,60.0,-1.0,-1.0,-1.0,-1.0,-1.0,0.0,0.0,0.0,0.0,0.0,0.0,3856.463499,1.228707,0.0,199,1402505,1402505,1.0,1792,1792,1.0,120185,1,0,S10|M1_BALANCED|23|B|L2|F4,false,false,true,/home/cyfer/FYP/WSN_simulation_V3/runs/S10_5000/outputs_production_50seed_part21_25/run_campaign_v3_S10_M1_BALANCED_B_L2_F4_H0_seed023_23_20260603_085934
campaign_v3_S10_M1_BALANCED_B_L2_F4_H0_seed024,campaign_v3_S10_M1_BALANCED_B_L2_F4_H0_seed024_24_20260603_090110,S10,5000,200,6,M1_BALANCED,24,B,L2,F4,H0,V2,map_S10_M1_BALANCED_seed024,55d8920684214824a8222edcd4001cb6e2f327d339b5a2d729ae341c2c3bf85b,31.727,63.824,195.486,402.883,25,52,0.3064,0.1248,60.0,-1.0,-1.0,-1.0,-1.0,-1.0,0.0,0.0,0.0,0.0,0.0,0.0,3832.908797,1.233418,0.0,197,1404620,1404620,1.0,1792,1792,1.0,120140,1,0,S10|M1_BALANCED|24|B|L2|F4,false,false,true,/home/cyfer/FYP/WSN_simulation_V3/runs/S10_5000/outputs_production_50seed_part21_25/run_campaign_v3_S10_M1_BALANCED_B_L2_F4_H0_seed024_24_20260603_090110
campaign_v3_S10_M1_BALANCED_B_L2_F4_H0_seed025,campaign_v3_S10_M1_BALANCED_B_L2_F4_H0_seed025_25_20260603_090244,S10,5000,200,6,M1_BALANCED,25,B,L2,F4,H0,V2,map_S10_M1_BALANCED_seed025,a6070a82141efbfff571ed9fc68080ae838bf177280ca83a1cafe20936931325,32.165,63.676,197.099,391.974,25,47,0.3114,0.1258,60.0,-1.0,-1.0,-1.0,-1.0,-1.0,0.0,0.0,0.0,0.0,0.0,0.0,3870.899501,1.22582,0.0,198,1408145,1408145,1.0,1792,1792,1.0,120065,1,0,S10|M1_BALANCED|25|B|L2|F4,false,false,true,/home/cyfer/FYP/WSN_simulation_V3/runs/S10_5000/outputs_production_50seed_part21_25/run_campaign_v3_S10_M1_BALANCED_B_L2_F4_H0_seed025_25_20260603_090244
campaign_v3_S10_M1_BALANCED_B_L2_F4_H1_seed021,campaign_v3_S10_M1_BALANCED_B_L2_F4_H1_seed021_21_20260603_085635,S10,5000,200,6,M1_BALANCED,21,B,L2,F4,H1,V3,map_S10_M1_BALANCED_seed021,8ca34c01c62cf1db43d62e6d1ff019e5c7673658f2ce4922733e6f1bf9b00ff1,31.924,63.1,194.101,409.835,25,46,0.2988,0.1228,60.0,34.891,94.891,154.891,160.0,100.0,7.114,0.0,1.0,0.6,0.638,0.134,3850.500168,1.2299,0.0,199,1405546,1405546,1.0,1796,1796,1.0,119329,0,1,S10|M1_BALANCED|21|B|L2|F4,true,false,false,/home/cyfer/FYP/WSN_simulation_V3/runs/S10_5000/outputs_production_50seed_part21_25/run_campaign_v3_S10_M1_BALANCED_B_L2_F4_H1_seed021_21_20260603_085635
campaign_v3_S10_M1_BALANCED_B_L2_F4_H1_seed022,campaign_v3_S10_M1_BALANCED_B_L2_F4_H1_seed022_22_20260603_085813,S10,5000,200,6,M1_BALANCED,22,B,L2,F4,H1,V3,map_S10_M1_BALANCED_seed022,fa43fc7c2836f4cd3ee5406187de328c20cc9399e2067908cb315e3b900817a9,32.701,67.398,193.618,392.644,25,50,0.3535,0.1352,60.0,34.484,94.484,154.484,160.0,100.0,6.534,0.0,1.0,0.49,0.555,0.133,3905.242937,1.218951,0.0,197,1406176,1406176,1.0,1796,1796,1.0,119404,0,1,S10|M1_BALANCED|22|B|L2|F4,true,false,false,/home/cyfer/FYP/WSN_simulation_V3/runs/S10_5000/outputs_production_50seed_part21_25/run_campaign_v3_S10_M1_BALANCED_B_L2_F4_H1_seed022_22_20260603_085813
campaign_v3_S10_M1_BALANCED_B_L2_F4_H1_seed023,campaign_v3_S10_M1_BALANCED_B_L2_F4_H1_seed023_23_20260603_085950,S10,5000,200,6,M1_BALANCED,23,B,L2,F4,H1,V3,map_S10_M1_BALANCED_seed023,b6c6bfbf7ecce212df52c3b9437c02a18e0d511955aeaa74ed610b73475af4f6,32.14,61.948,196.058,409.602,25,51,0.313,0.1326,60.0,35.79,95.79,155.79,160.0,100.0,8.24,0.0,1.0,0.74,0.877,0.129,3859.799874,1.22804,0.0,199,1403409,1403409,1.0,1796,1796,1.0,119079,0,1,S10|M1_BALANCED|23|B|L2|F4,true,false,false,/home/cyfer/FYP/WSN_simulation_V3/runs/S10_5000/outputs_production_50seed_part21_25/run_campaign_v3_S10_M1_BALANCED_B_L2_F4_H1_seed023_23_20260603_085950
campaign_v3_S10_M1_BALANCED_B_L2_F4_H1_seed024,campaign_v3_S10_M1_BALANCED_B_L2_F4_H1_seed024_24_20260603_090125,S10,5000,200,6,M1_BALANCED,24,B,L2,F4,H1,V3,map_S10_M1_BALANCED_seed024,55d8920684214824a8222edcd4001cb6e2f327d339b5a2d729ae341c2c3bf85b,31.727,63.824,195.486,402.883,25,52,0.3064,0.1248,60.0,34.188,94.188,154.188,160.0,100.0,7.02,0.0,1.0,0.549,0.664,0.127,3835.521757,1.232896,0.0,197,1405336,1405336,1.0,1796,1796,1.0,119304,0,1,S10|M1_BALANCED|24|B|L2|F4,true,false,false,/home/cyfer/FYP/WSN_simulation_V3/runs/S10_5000/outputs_production_50seed_part21_25/run_campaign_v3_S10_M1_BALANCED_B_L2_F4_H1_seed024_24_20260603_090125
campaign_v3_S10_M1_BALANCED_B_L2_F4_H1_seed025,campaign_v3_S10_M1_BALANCED_B_L2_F4_H1_seed025_25_20260603_090301,S10,5000,200,6,M1_BALANCED,25,B,L2,F4,H1,V3,map_S10_M1_BALANCED_seed025,a6070a82141efbfff571ed9fc68080ae838bf177280ca83a1cafe20936931325,32.165,63.676,197.099,391.974,25,47,0.3114,0.1258,60.0,33.175,93.175,153.175,160.0,100.0,5.202,0.0,1.0,0.283,0.318,0.134,3872.137779,1.225572,0.0,198,1408499,1408499,1.0,1796,1796,1.0,119679,0,1,S10|M1_BALANCED|25|B|L2|F4,true,false,false,/home/cyfer/FYP/WSN_simulation_V3/runs/S10_5000/outputs_production_50seed_part21_25/run_campaign_v3_S10_M1_BALANCED_B_L2_F4_H1_seed025_25_20260603_090301
campaign_v3_S10_M1_BALANCED_B_L2_F4_H3_seed021,campaign_v3_S10_M1_BALANCED_B_L2_F4_H3_seed021_21_20260603_085636,S10,5000,200,6,M1_BALANCED,21,B,L2,F4,H3,V3,map_S10_M1_BALANCED_seed021,8ca34c01c62cf1db43d62e6d1ff019e5c7673658f2ce4922733e6f1bf9b00ff1,31.924,63.1,194.101,409.835,25,46,0.2988,0.1228,60.0,40.417,100.417,160.417,170.0,110.0,7.114,0.0,1.0,0.6,0.638,0.134,3849.014892,1.230197,0.0,199,1405137,1405137,1.0,1796,1796,1.0,119329,0,1,S10|M1_BALANCED|21|B|L2|F4,true,false,false,/home/cyfer/FYP/WSN_simulation_V3/runs/S10_5000/outputs_production_50seed_part21_25/run_campaign_v3_S10_M1_BALANCED_B_L2_F4_H3_seed021_21_20260603_085636
campaign_v3_S10_M1_BALANCED_B_L2_F4_H3_seed022,campaign_v3_S10_M1_BALANCED_B_L2_F4_H3_seed022_22_20260603_085814,S10,5000,200,6,M1_BALANCED,22,B,L2,F4,H3,V3,map_S10_M1_BALANCED_seed022,fa43fc7c2836f4cd3ee5406187de328c20cc9399e2067908cb315e3b900817a9,32.701,67.398,193.618,392.644,25,50,0.3535,0.1352,60.0,39.769,99.769,159.769,160.0,100.0,6.534,0.0,1.0,0.49,0.555,0.133,3904.068313,1.219186,0.0,197,1405816,1405816,1.0,1796,1796,1.0,119404,0,1,S10|M1_BALANCED|22|B|L2|F4,true,false,false,/home/cyfer/FYP/WSN_simulation_V3/runs/S10_5000/outputs_production_50seed_part21_25/run_campaign_v3_S10_M1_BALANCED_B_L2_F4_H3_seed022_22_20260603_085814
campaign_v3_S10_M1_BALANCED_B_L2_F4_H3_seed023,campaign_v3_S10_M1_BALANCED_B_L2_F4_H3_seed023_23_20260603_085950,S10,5000,200,6,M1_BALANCED,23,B,L2,F4,H3,V3,map_S10_M1_BALANCED_seed023,b6c6bfbf7ecce212df52c3b9437c02a18e0d511955aeaa74ed610b73475af4f6,32.14,61.948,196.058,409.602,25,51,0.313,0.1326,60.0,41.876,101.876,161.876,170.0,110.0,8.24,0.0,1.0,0.74,0.877,0.129,3857.978767,1.228404,0.0,199,1402863,1402863,1.0,1796,1796,1.0,119079,0,1,S10|M1_BALANCED|23|B|L2|F4,true,false,false,/home/cyfer/FYP/WSN_simulation_V3/runs/S10_5000/outputs_production_50seed_part21_25/run_campaign_v3_S10_M1_BALANCED_B_L2_F4_H3_seed023_23_20260603_085950
campaign_v3_S10_M1_BALANCED_B_L2_F4_H3_seed024,campaign_v3_S10_M1_BALANCED_B_L2_F4_H3_seed024_24_20260603_090126,S10,5000,200,6,M1_BALANCED,24,B,L2,F4,H3,V3,map_S10_M1_BALANCED_seed024,55d8920684214824a8222edcd4001cb6e2f327d339b5a2d729ae341c2c3bf85b,31.727,63.824,195.486,402.883,25,52,0.3064,0.1248,60.0,40.786,100.786,160.786,170.0,110.0,7.02,0.0,1.0,0.549,0.664,0.127,3833.999745,1.2332,0.0,197,1404902,1404902,1.0,1796,1796,1.0,119304,0,1,S10|M1_BALANCED|24|B|L2|F4,true,false,false,/home/cyfer/FYP/WSN_simulation_V3/runs/S10_5000/outputs_production_50seed_part21_25/run_campaign_v3_S10_M1_BALANCED_B_L2_F4_H3_seed024_24_20260603_090126
campaign_v3_S10_M1_BALANCED_B_L2_F4_H3_seed025,campaign_v3_S10_M1_BALANCED_B_L2_F4_H3_seed025_25_20260603_090301,S10,5000,200,6,M1_BALANCED,25,B,L2,F4,H3,V3,map_S10_M1_BALANCED_seed025,a6070a82141efbfff571ed9fc68080ae838bf177280ca83a1cafe20936931325,32.165,63.676,197.099,391.974,25,47,0.3114,0.1258,60.0,38.443,98.443,158.443,160.0,100.0,5.202,0.0,1.0,0.283,0.318,0.134,3871.514379,1.225697,0.0,198,1408308,1408308,1.0,1796,1796,1.0,119679,0,1,S10|M1_BALANCED|25|B|L2|F4,true,false,false,/home/cyfer/FYP/WSN_simulation_V3/runs/S10_5000/outputs_production_50seed_part21_25/run_campaign_v3_S10_M1_BALANCED_B_L2_F4_H3_seed025_25_20260603_090301
campaign_v3_S10_M1_BALANCED_B_L2_F4_H4_seed021,campaign_v3_S10_M1_BALANCED_B_L2_F4_H4_seed021_21_20260603_085637,S10,5000,200,6,M1_BALANCED,21,B,L2,F4,H4,V3,map_S10_M1_BALANCED_seed021,8ca34c01c62cf1db43d62e6d1ff019e5c7673658f2ce4922733e6f1bf9b00ff1,31.924,63.1,194.101,409.835,25,46,0.2988,0.1228,60.0,44.755,104.755,164.755,170.0,110.0,7.114,0.0,1.0,0.6,0.638,0.134,3838.685324,1.232263,0.0,199,1401002,1401002,1.0,1796,1796,1.0,118508,0,1,S10|M1_BALANCED|21|B|L2|F4,true,false,false,/home/cyfer/FYP/WSN_simulation_V3/runs/S10_5000/outputs_production_50seed_part21_25/run_campaign_v3_S10_M1_BALANCED_B_L2_F4_H4_seed021_21_20260603_085637
campaign_v3_S10_M1_BALANCED_B_L2_F4_H4_seed022,campaign_v3_S10_M1_BALANCED_B_L2_F4_H4_seed022_22_20260603_085815,S10,5000,200,6,M1_BALANCED,22,B,L2,F4,H4,V3,map_S10_M1_BALANCED_seed022,fa43fc7c2836f4cd3ee5406187de328c20cc9399e2067908cb315e3b900817a9,32.701,67.398,193.618,392.644,25,50,0.3535,0.1352,60.0,43.802,103.802,163.802,170.0,110.0,6.534,0.0,1.0,0.49,0.555,0.133,3892.358307,1.221528,0.0,197,1401260,1401260,1.0,1796,1796,1.0,118508,0,1,S10|M1_BALANCED|22|B|L2|F4,true,false,false,/home/cyfer/FYP/WSN_simulation_V3/runs/S10_5000/outputs_production_50seed_part21_25/run_campaign_v3_S10_M1_BALANCED_B_L2_F4_H4_seed022_22_20260603_085815
campaign_v3_S10_M1_BALANCED_B_L2_F4_H4_seed023,campaign_v3_S10_M1_BALANCED_B_L2_F4_H4_seed023_23_20260603_085951,S10,5000,200,6,M1_BALANCED,23,B,L2,F4,H4,V3,map_S10_M1_BALANCED_seed023,b6c6bfbf7ecce212df52c3b9437c02a18e0d511955aeaa74ed610b73475af4f6,32.14,61.948,196.058,409.602,25,51,0.313,0.1326,60.0,45.479,105.479,165.479,170.0,110.0,8.24,0.0,1.0,0.74,0.877,0.129,3851.15429,1.229769,0.0,199,1400088,1400088,1.0,1796,1796,1.0,118508,0,1,S10|M1_BALANCED|23|B|L2|F4,true,false,false,/home/cyfer/FYP/WSN_simulation_V3/runs/S10_5000/outputs_production_50seed_part21_25/run_campaign_v3_S10_M1_BALANCED_B_L2_F4_H4_seed023_23_20260603_085951
campaign_v3_S10_M1_BALANCED_B_L2_F4_H4_seed024,campaign_v3_S10_M1_BALANCED_B_L2_F4_H4_seed024_24_20260603_090127,S10,5000,200,6,M1_BALANCED,24,B,L2,F4,H4,V3,map_S10_M1_BALANCED_seed024,55d8920684214824a8222edcd4001cb6e2f327d339b5a2d729ae341c2c3bf85b,31.727,63.824,195.486,402.883,25,52,0.3064,0.1248,60.0,44.256,104.256,164.256,170.0,110.0,7.02,0.0,1.0,0.549,0.664,0.127,3822.455253,1.235509,0.0,197,1400262,1400262,1.0,1796,1796,1.0,118383,0,1,S10|M1_BALANCED|24|B|L2|F4,true,false,false,/home/cyfer/FYP/WSN_simulation_V3/runs/S10_5000/outputs_production_50seed_part21_25/run_campaign_v3_S10_M1_BALANCED_B_L2_F4_H4_seed024_24_20260603_090127
campaign_v3_S10_M1_BALANCED_B_L2_F4_H4_seed025,campaign_v3_S10_M1_BALANCED_B_L2_F4_H4_seed025_25_20260603_090302,S10,5000,200,6,M1_BALANCED,25,B,L2,F4,H4,V3,map_S10_M1_BALANCED_seed025,a6070a82141efbfff571ed9fc68080ae838bf177280ca83a1cafe20936931325,32.165,63.676,197.099,391.974,25,47,0.3114,0.1258,60.0,42.966,102.966,162.966,170.0,110.0,5.202,0.0,1.0,0.283,0.318,0.134,3860.11814,1.227976,0.0,198,1403910,1403910,1.0,1796,1796,1.0,118833,0,1,S10|M1_BALANCED|25|B|L2|F4,true,false,false,/home/cyfer/FYP/WSN_simulation_V3/runs/S10_5000/outputs_production_50seed_part21_25/run_campaign_v3_S10_M1_BALANCED_B_L2_F4_H4_seed025_25_20260603_090302
campaign_v3_S10_M2_LONG_LINK_A_L1_F0_H0_seed021,campaign_v3_S10_M2_LONG_LINK_A_L1_F0_H0_seed021_21_20260603_090303,S10,5000,200,6,M2_LONG_LINK,21,A,L1,F0,H0,V1,map_S10_M2_LONG_LINK_seed021,764bccd97a22d342e8f1f357e86ccda2c6af6bc98fc22f021fe875bf4c6dd3b4,98.168,339.61,197.676,400.964,25,634,2.7605,0.297,0.0,-1.0,-1.0,-1.0,-1.0,-1.0,0.0,0.0,0.0,0.0,0.0,0.0,5598.159472,0.880368,0.0,1972,1411200,1411200,1.0,1800,1800,1.0,120000,0,0,S10|M2_LONG_LINK|21|A|L1|F0,false,true,false,/home/cyfer/FYP/WSN_simulation_V3/runs/S10_5000/outputs_production_50seed_part21_25/run_campaign_v3_S10_M2_LONG_LINK_A_L1_F0_H0_seed021_21_20260603_090303
campaign_v3_S10_M2_LONG_LINK_A_L1_F0_H0_seed022,campaign_v3_S10_M2_LONG_LINK_A_L1_F0_H0_seed022_22_20260603_090527,S10,5000,200,6,M2_LONG_LINK,22,A,L1,F0,H0,V1,map_S10_M2_LONG_LINK_seed022,021d5399b7444352e994ae352a371c9d3190578d4b67337901650d29a9bd2a77,101.676,351.575,201.407,405.682,25,786,2.9947,0.3022,0.0,-1.0,-1.0,-1.0,-1.0,-1.0,0.0,0.0,0.0,0.0,0.0,0.0,5710.008053,0.857998,0.0,2104,1411200,1411200,1.0,1800,1800,1.0,120000,0,0,S10|M2_LONG_LINK|22|A|L1|F0,false,true,false,/home/cyfer/FYP/WSN_simulation_V3/runs/S10_5000/outputs_production_50seed_part21_25/run_campaign_v3_S10_M2_LONG_LINK_A_L1_F0_H0_seed022_22_20260603_090527
campaign_v3_S10_M2_LONG_LINK_A_L1_F0_H0_seed023,campaign_v3_S10_M2_LONG_LINK_A_L1_F0_H0_seed023_23_20260603_090800,S10,5000,200,6,M2_LONG_LINK,23,A,L1,F0,H0,V1,map_S10_M2_LONG_LINK_seed023,c8d1fd65f423f1fd36c525165ad6bcf5e44c3c517e00bd1a91b2e4ca8fc75264,97.616,350.336,199.111,386.975,25,750,2.9308,0.2908,0.0,-1.0,-1.0,-1.0,-1.0,-1.0,0.0,0.0,0.0,0.0,0.0,0.0,5606.222271,0.878756,0.0,1987,1411200,1411200,1.0,1800,1800,1.0,120000,0,0,S10|M2_LONG_LINK|23|A|L1|F0,false,true,false,/home/cyfer/FYP/WSN_simulation_V3/runs/S10_5000/outputs_production_50seed_part21_25/run_campaign_v3_S10_M2_LONG_LINK_A_L1_F0_H0_seed023_23_20260603_090800
campaign_v3_S10_M2_LONG_LINK_A_L1_F0_H0_seed024,campaign_v3_S10_M2_LONG_LINK_A_L1_F0_H0_seed024_24_20260603_091024,S10,5000,200,6,M2_LONG_LINK,24,A,L1,F0,H0,V1,map_S10_M2_LONG_LINK_seed024,d78969f103ba1079eb50d1239cb46c9b8cddd76468546d03e22c5f1c9e3b8b33,101.468,345.133,199.827,407.077,25,775,2.9359,0.3056,0.0,-1.0,-1.0,-1.0,-1.0,-1.0,0.0,0.0,0.0,0.0,0.0,0.0,5660.195876,0.867961,0.0,2089,1411200,1411200,1.0,1791,1791,1.0,120000,0,0,S10|M2_LONG_LINK|24|A|L1|F0,false,true,false,/home/cyfer/FYP/WSN_simulation_V3/runs/S10_5000/outputs_production_50seed_part21_25/run_campaign_v3_S10_M2_LONG_LINK_A_L1_F0_H0_seed024_24_20260603_091024
campaign_v3_S10_M2_LONG_LINK_A_L1_F0_H0_seed025,campaign_v3_S10_M2_LONG_LINK_A_L1_F0_H0_seed025_25_20260603_091257,S10,5000,200,6,M2_LONG_LINK,25,A,L1,F0,H0,V1,map_S10_M2_LONG_LINK_seed025,e17387606cacbf25bbbf3856adf89dfe4395b7323d696ad0df909a4fe44048f6,99.721,352.218,198.269,409.914,25,765,3.2095,0.295,0.0,-1.0,-1.0,-1.0,-1.0,-1.0,0.0,0.0,0.0,0.0,0.0,0.0,5622.986143,0.875403,0.0,1979,1411200,1411200,1.0,1800,1800,1.0,120000,0,0,S10|M2_LONG_LINK|25|A|L1|F0,false,true,false,/home/cyfer/FYP/WSN_simulation_V3/runs/S10_5000/outputs_production_50seed_part21_25/run_campaign_v3_S10_M2_LONG_LINK_A_L1_F0_H0_seed025_25_20260603_091257
campaign_v3_S10_M2_LONG_LINK_A_L1_F1_H0_seed021,campaign_v3_S10_M2_LONG_LINK_A_L1_F1_H0_seed021_21_20260603_090304,S10,5000,200,6,M2_LONG_LINK,21,A,L1,F1,H0,V2,map_S10_M2_LONG_LINK_seed021,764bccd97a22d342e8f1f357e86ccda2c6af6bc98fc22f021fe875bf4c6dd3b4,98.168,339.61,197.676,400.964,25,634,2.7605,0.297,60.0,-1.0,-1.0,-1.0,-1.0,-1.0,0.0,0.0,0.0,0.0,0.0,0.0,5591.23568,0.881508,0.0,1972,1407205,1407205,1.0,1792,1792,1.0,120085,1,0,S10|M2_LONG_LINK|21|A|L1|F1,false,false,true,/home/cyfer/FYP/WSN_simulation_V3/runs/S10_5000/outputs_production_50seed_part21_25/run_campaign_v3_S10_M2_LONG_LINK_A_L1_F1_H0_seed021_21_20260603_090304
campaign_v3_S10_M2_LONG_LINK_A_L1_F1_H0_seed022,campaign_v3_S10_M2_LONG_LINK_A_L1_F1_H0_seed022_22_20260603_090529,S10,5000,200,6,M2_LONG_LINK,22,A,L1,F1,H0,V2,map_S10_M2_LONG_LINK_seed022,021d5399b7444352e994ae352a371c9d3190578d4b67337901650d29a9bd2a77,101.676,351.575,201.407,405.682,25,786,2.9947,0.3022,60.0,-1.0,-1.0,-1.0,-1.0,-1.0,0.0,0.0,0.0,0.0,0.0,0.0,5705.334336,0.858612,0.0,2104,1409320,1409320,1.0,1792,1792,1.0,120040,1,0,S10|M2_LONG_LINK|22|A|L1|F1,false,false,true,/home/cyfer/FYP/WSN_simulation_V3/runs/S10_5000/outputs_production_50seed_part21_25/run_campaign_v3_S10_M2_LONG_LINK_A_L1_F1_H0_seed022_22_20260603_090529
campaign_v3_S10_M2_LONG_LINK_A_L1_F1_H0_seed023,campaign_v3_S10_M2_LONG_LINK_A_L1_F1_H0_seed023_23_20260603_090801,S10,5000,200,6,M2_LONG_LINK,23,A,L1,F1,H0,V2,map_S10_M2_LONG_LINK_seed023,c8d1fd65f423f1fd36c525165ad6bcf5e44c3c517e00bd1a91b2e4ca8fc75264,97.616,350.336,199.111,386.975,25,750,2.9308,0.2908,60.0,-1.0,-1.0,-1.0,-1.0,-1.0,0.0,0.0,0.0,0.0,0.0,0.0,5598.771216,0.880001,0.0,1987,1407440,1407440,1.0,1792,1792,1.0,120080,1,0,S10|M2_LONG_LINK|23|A|L1|F1,false,false,true,/home/cyfer/FYP/WSN_simulation_V3/runs/S10_5000/outputs_production_50seed_part21_25/run_campaign_v3_S10_M2_LONG_LINK_A_L1_F1_H0_seed023_23_20260603_090801
campaign_v3_S10_M2_LONG_LINK_A_L1_F1_H0_seed024,campaign_v3_S10_M2_LONG_LINK_A_L1_F1_H0_seed024_24_20260603_091026,S10,5000,200,6,M2_LONG_LINK,24,A,L1,F1,H0,V2,map_S10_M2_LONG_LINK_seed024,d78969f103ba1079eb50d1239cb46c9b8cddd76468546d03e22c5f1c9e3b8b33,101.468,345.133,199.827,407.077,25,775,2.9359,0.3056,60.0,-1.0,-1.0,-1.0,-1.0,-1.0,0.0,0.0,0.0,0.0,0.0,0.0,5653.760409,0.868986,0.0,2089,1407675,1407675,1.0,1783,1783,1.0,120075,1,0,S10|M2_LONG_LINK|24|A|L1|F1,false,false,true,/home/cyfer/FYP/WSN_simulation_V3/runs/S10_5000/outputs_production_50seed_part21_25/run_campaign_v3_S10_M2_LONG_LINK_A_L1_F1_H0_seed024_24_20260603_091026
campaign_v3_S10_M2_LONG_LINK_A_L1_F1_H0_seed025,campaign_v3_S10_M2_LONG_LINK_A_L1_F1_H0_seed025_25_20260603_091258,S10,5000,200,6,M2_LONG_LINK,25,A,L1,F1,H0,V2,map_S10_M2_LONG_LINK_seed025,e17387606cacbf25bbbf3856adf89dfe4395b7323d696ad0df909a4fe44048f6,99.721,352.218,198.269,409.914,25,765,3.2095,0.295,60.0,-1.0,-1.0,-1.0,-1.0,-1.0,0.0,0.0,0.0,0.0,0.0,0.0,5614.796907,0.876827,0.0,1979,1406500,1406500,1.0,1792,1792,1.0,120100,1,0,S10|M2_LONG_LINK|25|A|L1|F1,false,false,true,/home/cyfer/FYP/WSN_simulation_V3/runs/S10_5000/outputs_production_50seed_part21_25/run_campaign_v3_S10_M2_LONG_LINK_A_L1_F1_H0_seed025_25_20260603_091258
campaign_v3_S10_M2_LONG_LINK_A_L1_F1_H1_seed021,campaign_v3_S10_M2_LONG_LINK_A_L1_F1_H1_seed021_21_20260603_090312,S10,5000,200,6,M2_LONG_LINK,21,A,L1,F1,H1,V3,map_S10_M2_LONG_LINK_seed021,764bccd97a22d342e8f1f357e86ccda2c6af6bc98fc22f021fe875bf4c6dd3b4,98.168,339.61,197.676,400.964,25,634,2.7605,0.297,60.0,18.959,78.959,138.959,140.0,80.0,6.438,3.0,1.0,0.027,1.0,0.119,5596.845321,0.880386,0.0,1973,1409857,1409857,1.0,1797,1797,1.0,120000,0,1,S10|M2_LONG_LINK|21|A|L1|F1,true,false,false,/home/cyfer/FYP/WSN_simulation_V3/runs/S10_5000/outputs_production_50seed_part21_25/run_campaign_v3_S10_M2_LONG_LINK_A_L1_F1_H1_seed021_21_20260603_090312
campaign_v3_S10_M2_LONG_LINK_A_L1_F1_H1_seed022,campaign_v3_S10_M2_LONG_LINK_A_L1_F1_H1_seed022_22_20260603_090537,S10,5000,200,6,M2_LONG_LINK,22,A,L1,F1,H1,V3,map_S10_M2_LONG_LINK_seed022,021d5399b7444352e994ae352a371c9d3190578d4b67337901650d29a9bd2a77,101.676,351.575,201.407,405.682,25,786,2.9947,0.3022,60.0,19.552,79.552,139.552,140.0,80.0,6.61,3.0,1.0,0.01,1.0,0.193,5708.361747,0.858006,0.0,2104,1410560,1410560,1.0,1797,1797,1.0,120000,0,1,S10|M2_LONG_LINK|22|A|L1|F1,true,false,false,/home/cyfer/FYP/WSN_simulation_V3/runs/S10_5000/outputs_production_50seed_part21_25/run_campaign_v3_S10_M2_LONG_LINK_A_L1_F1_H1_seed022_22_20260603_090537
campaign_v3_S10_M2_LONG_LINK_A_L1_F1_H1_seed023,campaign_v3_S10_M2_LONG_LINK_A_L1_F1_H1_seed023_23_20260603_090809,S10,5000,200,6,M2_LONG_LINK,23,A,L1,F1,H1,V3,map_S10_M2_LONG_LINK_seed023,c8d1fd65f423f1fd36c525165ad6bcf5e44c3c517e00bd1a91b2e4ca8fc75264,97.616,350.336,199.111,386.975,25,750,2.9308,0.2908,60.0,19.001,79.001,139.001,140.0,80.0,6.576,3.0,1.0,0.021,1.0,0.171,5604.528817,0.87885,0.0,1988,1409920,1409920,1.0,1797,1797,1.0,120000,0,1,S10|M2_LONG_LINK|23|A|L1|F1,true,false,false,/home/cyfer/FYP/WSN_simulation_V3/runs/S10_5000/outputs_production_50seed_part21_25/run_campaign_v3_S10_M2_LONG_LINK_A_L1_F1_H1_seed023_23_20260603_090809
campaign_v3_S10_M2_LONG_LINK_A_L1_F1_H1_seed024,campaign_v3_S10_M2_LONG_LINK_A_L1_F1_H1_seed024_24_20260603_091035,S10,5000,200,6,M2_LONG_LINK,24,A,L1,F1,H1,V3,map_S10_M2_LONG_LINK_seed024,d78969f103ba1079eb50d1239cb46c9b8cddd76468546d03e22c5f1c9e3b8b33,101.468,345.133,199.827,407.077,25,775,2.9359,0.3056,60.0,18.803,78.803,138.803,140.0,80.0,6.223,3.0,1.0,0.019,1.0,0.055,5659.012167,0.867935,0.0,2090,1410015,1410015,1.0,1788,1788,1.0,120000,0,1,S10|M2_LONG_LINK|24|A|L1|F1,true,false,false,/home/cyfer/FYP/WSN_simulation_V3/runs/S10_5000/outputs_production_50seed_part21_25/run_campaign_v3_S10_M2_LONG_LINK_A_L1_F1_H1_seed024_24_20260603_091035
campaign_v3_S10_M2_LONG_LINK_A_L1_F1_H1_seed025,campaign_v3_S10_M2_LONG_LINK_A_L1_F1_H1_seed025_25_20260603_091306,S10,5000,200,6,M2_LONG_LINK,25,A,L1,F1,H1,V3,map_S10_M2_LONG_LINK_seed025,e17387606cacbf25bbbf3856adf89dfe4395b7323d696ad0df909a4fe44048f6,99.721,352.218,198.269,409.914,25,765,3.2095,0.295,60.0,18.995,78.995,138.995,140.0,80.0,6.313,3.0,1.0,0.026,1.0,0.078,5621.385436,0.87551,0.0,1980,1409620,1409620,1.0,1797,1797,1.0,120000,0,1,S10|M2_LONG_LINK|25|A|L1|F1,true,false,false,/home/cyfer/FYP/WSN_simulation_V3/runs/S10_5000/outputs_production_50seed_part21_25/run_campaign_v3_S10_M2_LONG_LINK_A_L1_F1_H1_seed025_25_20260603_091306
campaign_v3_S10_M2_LONG_LINK_A_L1_F1_H3_seed021,campaign_v3_S10_M2_LONG_LINK_A_L1_F1_H3_seed021_21_20260603_090316,S10,5000,200,6,M2_LONG_LINK,21,A,L1,F1,H3,V3,map_S10_M2_LONG_LINK_seed021,764bccd97a22d342e8f1f357e86ccda2c6af6bc98fc22f021fe875bf4c6dd3b4,98.168,339.61,197.676,400.964,25,634,2.7605,0.297,60.0,24.665,84.665,144.665,150.0,90.0,6.438,3.0,1.0,0.027,1.0,0.119,5594.279433,0.880899,0.0,1972,1408555,1408555,1.0,1797,1797,1.0,119800,0,1,S10|M2_LONG_LINK|21|A|L1|F1,true,false,false,/home/cyfer/FYP/WSN_simulation_V3/runs/S10_5000/outputs_production_50seed_part21_25/run_campaign_v3_S10_M2_LONG_LINK_A_L1_F1_H3_seed021_21_20260603_090316
campaign_v3_S10_M2_LONG_LINK_A_L1_F1_H3_seed022,campaign_v3_S10_M2_LONG_LINK_A_L1_F1_H3_seed022_22_20260603_090541,S10,5000,200,6,M2_LONG_LINK,22,A,L1,F1,H3,V3,map_S10_M2_LONG_LINK_seed022,021d5399b7444352e994ae352a371c9d3190578d4b67337901650d29a9bd2a77,101.676,351.575,201.407,405.682,25,786,2.9947,0.3022,60.0,25.172,85.172,145.172,150.0,90.0,6.61,3.0,1.0,0.01,1.0,0.193,5706.873166,0.858304,0.0,2104,1409916,1409916,1.0,1797,1797,1.0,119900,0,1,S10|M2_LONG_LINK|22|A|L1|F1,true,false,false,/home/cyfer/FYP/WSN_simulation_V3/runs/S10_5000/outputs_production_50seed_part21_25/run_campaign_v3_S10_M2_LONG_LINK_A_L1_F1_H3_seed022_22_20260603_090541
campaign_v3_S10_M2_LONG_LINK_A_L1_F1_H3_seed023,campaign_v3_S10_M2_LONG_LINK_A_L1_F1_H3_seed023_23_20260603_090813,S10,5000,200,6,M2_LONG_LINK,23,A,L1,F1,H3,V3,map_S10_M2_LONG_LINK_seed023,c8d1fd65f423f1fd36c525165ad6bcf5e44c3c517e00bd1a91b2e4ca8fc75264,97.616,350.336,199.111,386.975,25,750,2.9308,0.2908,60.0,25.077,85.077,145.077,150.0,90.0,6.576,3.0,1.0,0.021,1.0,0.171,5602.025634,0.879351,0.0,1987,1408632,1408632,1.0,1797,1797,1.0,119800,0,1,S10|M2_LONG_LINK|23|A|L1|F1,true,false,false,/home/cyfer/FYP/WSN_simulation_V3/runs/S10_5000/outputs_production_50seed_part21_25/run_campaign_v3_S10_M2_LONG_LINK_A_L1_F1_H3_seed023_23_20260603_090813
campaign_v3_S10_M2_LONG_LINK_A_L1_F1_H3_seed024,campaign_v3_S10_M2_LONG_LINK_A_L1_F1_H3_seed024_24_20260603_091039,S10,5000,200,6,M2_LONG_LINK,24,A,L1,F1,H3,V3,map_S10_M2_LONG_LINK_seed024,d78969f103ba1079eb50d1239cb46c9b8cddd76468546d03e22c5f1c9e3b8b33,101.468,345.133,199.827,407.077,25,775,2.9359,0.3056,60.0,24.943,84.943,144.943,150.0,90.0,6.223,3.0,1.0,0.019,1.0,0.055,5656.505504,0.868437,0.0,2089,1408875,1408875,1.0,1788,1788,1.0,119825,0,1,S10|M2_LONG_LINK|24|A|L1|F1,true,false,false,/home/cyfer/FYP/WSN_simulation_V3/runs/S10_5000/outputs_production_50seed_part21_25/run_campaign_v3_S10_M2_LONG_LINK_A_L1_F1_H3_seed024_24_20260603_091039
campaign_v3_S10_M2_LONG_LINK_A_L1_F1_H3_seed025,campaign_v3_S10_M2_LONG_LINK_A_L1_F1_H3_seed025_25_20260603_091310,S10,5000,200,6,M2_LONG_LINK,25,A,L1,F1,H3,V3,map_S10_M2_LONG_LINK_seed025,e17387606cacbf25bbbf3856adf89dfe4395b7323d696ad0df909a4fe44048f6,99.721,352.218,198.269,409.914,25,765,3.2095,0.295,60.0,25.18,85.18,145.18,150.0,90.0,6.313,3.0,1.0,0.026,1.0,0.078,5618.548023,0.876077,0.0,1979,1407990,1407990,1.0,1797,1797,1.0,119750,0,1,S10|M2_LONG_LINK|25|A|L1|F1,true,false,false,/home/cyfer/FYP/WSN_simulation_V3/runs/S10_5000/outputs_production_50seed_part21_25/run_campaign_v3_S10_M2_LONG_LINK_A_L1_F1_H3_seed025_25_20260603_091310
campaign_v3_S10_M2_LONG_LINK_A_L1_F1_H4_seed021,campaign_v3_S10_M2_LONG_LINK_A_L1_F1_H4_seed021_21_20260603_090320,S10,5000,200,6,M2_LONG_LINK,21,A,L1,F1,H4,V3,map_S10_M2_LONG_LINK_seed021,764bccd97a22d342e8f1f357e86ccda2c6af6bc98fc22f021fe875bf4c6dd3b4,98.168,339.61,197.676,400.964,25,634,2.7605,0.297,60.0,29.122,89.122,149.122,150.0,90.0,6.438,3.0,1.0,0.027,1.0,0.119,5594.135217,0.880928,0.0,1972,1408530,1408530,1.0,1797,1797,1.0,119804,0,1,S10|M2_LONG_LINK|21|A|L1|F1,true,false,false,/home/cyfer/FYP/WSN_simulation_V3/runs/S10_5000/outputs_production_50seed_part21_25/run_campaign_v3_S10_M2_LONG_LINK_A_L1_F1_H4_seed021_21_20260603_090320
campaign_v3_S10_M2_LONG_LINK_A_L1_F1_H4_seed022,campaign_v3_S10_M2_LONG_LINK_A_L1_F1_H4_seed022_22_20260603_090545,S10,5000,200,6,M2_LONG_LINK,22,A,L1,F1,H4,V3,map_S10_M2_LONG_LINK_seed022,021d5399b7444352e994ae352a371c9d3190578d4b67337901650d29a9bd2a77,101.676,351.575,201.407,405.682,25,786,2.9947,0.3022,60.0,29.452,89.452,149.452,150.0,90.0,6.61,3.0,1.0,0.01,1.0,0.193,5705.971198,0.858484,0.0,2103,1409485,1409485,1.0,1797,1797,1.0,119829,0,1,S10|M2_LONG_LINK|22|A|L1|F1,true,false,false,/home/cyfer/FYP/WSN_simulation_V3/runs/S10_5000/outputs_production_50seed_part21_25/run_campaign_v3_S10_M2_LONG_LINK_A_L1_F1_H4_seed022_22_20260603_090545
campaign_v3_S10_M2_LONG_LINK_A_L1_F1_H4_seed023,campaign_v3_S10_M2_LONG_LINK_A_L1_F1_H4_seed023_23_20260603_090817,S10,5000,200,6,M2_LONG_LINK,23,A,L1,F1,H4,V3,map_S10_M2_LONG_LINK_seed023,c8d1fd65f423f1fd36c525165ad6bcf5e44c3c517e00bd1a91b2e4ca8fc75264,97.616,350.336,199.111,386.975,25,750,2.9308,0.2908,60.0,28.577,88.577,148.577,150.0,90.0,6.576,3.0,1.0,0.021,1.0,0.171,5600.519067,0.879652,0.0,1988,1407314,1407314,1.0,1797,1797,1.0,119579,0,1,S10|M2_LONG_LINK|23|A|L1|F1,true,false,false,/home/cyfer/FYP/WSN_simulation_V3/runs/S10_5000/outputs_production_50seed_part21_25/run_campaign_v3_S10_M2_LONG_LINK_A_L1_F1_H4_seed023_23_20260603_090817
campaign_v3_S10_M2_LONG_LINK_A_L1_F1_H4_seed024,campaign_v3_S10_M2_LONG_LINK_A_L1_F1_H4_seed024_24_20260603_091043,S10,5000,200,6,M2_LONG_LINK,24,A,L1,F1,H4,V3,map_S10_M2_LONG_LINK_seed024,d78969f103ba1079eb50d1239cb46c9b8cddd76468546d03e22c5f1c9e3b8b33,101.468,345.133,199.827,407.077,25,775,2.9359,0.3056,60.0,28.616,88.616,148.616,150.0,90.0,6.223,3.0,1.0,0.019,1.0,0.055,5656.327249,0.868472,0.0,2089,1408571,1408571,1.0,1788,1788,1.0,119779,0,1,S10|M2_LONG_LINK|24|A|L1|F1,true,false,false,/home/cyfer/FYP/WSN_simulation_V3/runs/S10_5000/outputs_production_50seed_part21_25/run_campaign_v3_S10_M2_LONG_LINK_A_L1_F1_H4_seed024_24_20260603_091043
campaign_v3_S10_M2_LONG_LINK_A_L1_F1_H4_seed025,campaign_v3_S10_M2_LONG_LINK_A_L1_F1_H4_seed025_25_20260603_091314,S10,5000,200,6,M2_LONG_LINK,25,A,L1,F1,H4,V3,map_S10_M2_LONG_LINK_seed025,e17387606cacbf25bbbf3856adf89dfe4395b7323d696ad0df909a4fe44048f6,99.721,352.218,198.269,409.914,25,765,3.2095,0.295,60.0,28.316,88.316,148.316,150.0,90.0,6.313,3.0,1.0,0.026,1.0,0.078,5617.943784,0.876198,0.0,1980,1407542,1407542,1.0,1797,1797,1.0,119679,0,1,S10|M2_LONG_LINK|25|A|L1|F1,true,false,false,/home/cyfer/FYP/WSN_simulation_V3/runs/S10_5000/outputs_production_50seed_part21_25/run_campaign_v3_S10_M2_LONG_LINK_A_L1_F1_H4_seed025_25_20260603_091314
campaign_v3_S10_M2_LONG_LINK_A_L1_F2_H0_seed021,campaign_v3_S10_M2_LONG_LINK_A_L1_F2_H0_seed021_21_20260603_090308,S10,5000,200,6,M2_LONG_LINK,21,A,L1,F2,H0,V2,map_S10_M2_LONG_LINK_seed021,764bccd97a22d342e8f1f357e86ccda2c6af6bc98fc22f021fe875bf4c6dd3b4,98.168,339.61,197.676,400.964,25,634,2.7605,0.297,60.0,-1.0,-1.0,-1.0,-1.0,-1.0,0.0,0.0,0.0,0.0,0.0,0.0,5593.972512,0.881205,0.0,1971,1409320,1409320,1.0,1792,1792,1.0,120040,1,0,S10|M2_LONG_LINK|21|A|L1|F2,false,false,true,/home/cyfer/FYP/WSN_simulation_V3/runs/S10_5000/outputs_production_50seed_part21_25/run_campaign_v3_S10_M2_LONG_LINK_A_L1_F2_H0_seed021_21_20260603_090308
campaign_v3_S10_M2_LONG_LINK_A_L1_F2_H0_seed022,campaign_v3_S10_M2_LONG_LINK_A_L1_F2_H0_seed022_22_20260603_090533,S10,5000,200,6,M2_LONG_LINK,22,A,L1,F2,H0,V2,map_S10_M2_LONG_LINK_seed022,021d5399b7444352e994ae352a371c9d3190578d4b67337901650d29a9bd2a77,101.676,351.575,201.407,405.682,25,786,2.9947,0.3022,60.0,-1.0,-1.0,-1.0,-1.0,-1.0,0.0,0.0,0.0,0.0,0.0,0.0,5706.243069,0.858751,0.0,2103,1409555,1409555,1.0,1792,1792,1.0,120035,1,0,S10|M2_LONG_LINK|22|A|L1|F2,false,false,true,/home/cyfer/FYP/WSN_simulation_V3/runs/S10_5000/outputs_production_50seed_part21_25/run_campaign_v3_S10_M2_LONG_LINK_A_L1_F2_H0_seed022_22_20260603_090533
campaign_v3_S10_M2_LONG_LINK_A_L1_F2_H0_seed023,campaign_v3_S10_M2_LONG_LINK_A_L1_F2_H0_seed023_23_20260603_090805,S10,5000,200,6,M2_LONG_LINK,23,A,L1,F2,H0,V2,map_S10_M2_LONG_LINK_seed023,c8d1fd65f423f1fd36c525165ad6bcf5e44c3c517e00bd1a91b2e4ca8fc75264,97.616,350.336,199.111,386.975,25,750,2.9308,0.2908,60.0,-1.0,-1.0,-1.0,-1.0,-1.0,0.0,0.0,0.0,0.0,0.0,0.0,5598.873844,0.880225,0.0,1986,1407205,1407205,1.0,1792,1792,1.0,120085,1,0,S10|M2_LONG_LINK|23|A|L1|F2,false,false,true,/home/cyfer/FYP/WSN_simulation_V3/runs/S10_5000/outputs_production_50seed_part21_25/run_campaign_v3_S10_M2_LONG_LINK_A_L1_F2_H0_seed023_23_20260603_090805
campaign_v3_S10_M2_LONG_LINK_A_L1_F2_H0_seed024,campaign_v3_S10_M2_LONG_LINK_A_L1_F2_H0_seed024_24_20260603_091030,S10,5000,200,6,M2_LONG_LINK,24,A,L1,F2,H0,V2,map_S10_M2_LONG_LINK_seed024,d78969f103ba1079eb50d1239cb46c9b8cddd76468546d03e22c5f1c9e3b8b33,101.468,345.133,199.827,407.077,25,775,2.9359,0.3056,60.0,-1.0,-1.0,-1.0,-1.0,-1.0,0.0,0.0,0.0,0.0,0.0,0.0,5655.820518,0.868836,0.0,2088,1409085,1409085,1.0,1783,1783,1.0,120045,1,0,S10|M2_LONG_LINK|24|A|L1|F2,false,false,true,/home/cyfer/FYP/WSN_simulation_V3/runs/S10_5000/outputs_production_50seed_part21_25/run_campaign_v3_S10_M2_LONG_LINK_A_L1_F2_H0_seed024_24_20260603_091030
campaign_v3_S10_M2_LONG_LINK_A_L1_F2_H0_seed025,campaign_v3_S10_M2_LONG_LINK_A_L1_F2_H0_seed025_25_20260603_091302,S10,5000,200,6,M2_LONG_LINK,25,A,L1,F2,H0,V2,map_S10_M2_LONG_LINK_seed025,e17387606cacbf25bbbf3856adf89dfe4395b7323d696ad0df909a4fe44048f6,99.721,352.218,198.269,409.914,25,765,3.2095,0.295,60.0,-1.0,-1.0,-1.0,-1.0,-1.0,0.0,0.0,0.0,0.0,0.0,0.0,5616.764122,0.876647,0.0,1978,1408145,1408145,1.0,1792,1792,1.0,120065,1,0,S10|M2_LONG_LINK|25|A|L1|F2,false,false,true,/home/cyfer/FYP/WSN_simulation_V3/runs/S10_5000/outputs_production_50seed_part21_25/run_campaign_v3_S10_M2_LONG_LINK_A_L1_F2_H0_seed025_25_20260603_091302
campaign_v3_S10_M2_LONG_LINK_A_L1_F2_H1_seed021,campaign_v3_S10_M2_LONG_LINK_A_L1_F2_H1_seed021_21_20260603_090324,S10,5000,200,6,M2_LONG_LINK,21,A,L1,F2,H1,V3,map_S10_M2_LONG_LINK_seed021,764bccd97a22d342e8f1f357e86ccda2c6af6bc98fc22f021fe875bf4c6dd3b4,98.168,339.61,197.676,400.964,25,634,2.7605,0.297,60.0,24.777,84.777,144.777,150.0,90.0,3.859,3.0,1.0,0.013,0.181,0.092,5596.72468,0.880655,0.0,1971,1410520,1410520,1.0,1797,1797,1.0,120000,0,1,S10|M2_LONG_LINK|21|A|L1|F2,true,false,false,/home/cyfer/FYP/WSN_simulation_V3/runs/S10_5000/outputs_production_50seed_part21_25/run_campaign_v3_S10_M2_LONG_LINK_A_L1_F2_H1_seed021_21_20260603_090324
campaign_v3_S10_M2_LONG_LINK_A_L1_F2_H1_seed022,campaign_v3_S10_M2_LONG_LINK_A_L1_F2_H1_seed022_22_20260603_090549,S10,5000,200,6,M2_LONG_LINK,22,A,L1,F2,H1,V3,map_S10_M2_LONG_LINK_seed022,021d5399b7444352e994ae352a371c9d3190578d4b67337901650d29a9bd2a77,101.676,351.575,201.407,405.682,25,786,2.9947,0.3022,60.0,24.11,84.11,144.11,150.0,90.0,3.823,3.0,1.0,0.009,0.161,0.104,5708.699268,0.85826,0.0,2103,1410605,1410605,1.0,1797,1797,1.0,120000,0,1,S10|M2_LONG_LINK|22|A|L1|F2,true,false,false,/home/cyfer/FYP/WSN_simulation_V3/runs/S10_5000/outputs_production_50seed_part21_25/run_campaign_v3_S10_M2_LONG_LINK_A_L1_F2_H1_seed022_22_20260603_090549
campaign_v3_S10_M2_LONG_LINK_A_L1_F2_H1_seed023,campaign_v3_S10_M2_LONG_LINK_A_L1_F2_H1_seed023_23_20260603_090821,S10,5000,200,6,M2_LONG_LINK,23,A,L1,F2,H1,V3,map_S10_M2_LONG_LINK_seed023,c8d1fd65f423f1fd36c525165ad6bcf5e44c3c517e00bd1a91b2e4ca8fc75264,97.616,350.336,199.111,386.975,25,750,2.9308,0.2908,60.0,24.677,84.677,144.677,150.0,90.0,4.499,3.0,1.0,0.023,0.402,0.075,5604.789927,0.879042,0.0,1987,1409755,1409755,1.0,1797,1797,1.0,120000,0,1,S10|M2_LONG_LINK|23|A|L1|F2,true,false,false,/home/cyfer/FYP/WSN_simulation_V3/runs/S10_5000/outputs_production_50seed_part21_25/run_campaign_v3_S10_M2_LONG_LINK_A_L1_F2_H1_seed023_23_20260603_090821
campaign_v3_S10_M2_LONG_LINK_A_L1_F2_H1_seed024,campaign_v3_S10_M2_LONG_LINK_A_L1_F2_H1_seed024_24_20260603_091047,S10,5000,200,6,M2_LONG_LINK,24,A,L1,F2,H1,V3,map_S10_M2_LONG_LINK_seed024,d78969f103ba1079eb50d1239cb46c9b8cddd76468546d03e22c5f1c9e3b8b33,101.468,345.133,199.827,407.077,25,775,2.9359,0.3056,60.0,24.121,84.121,144.121,150.0,90.0,4.05,3.0,1.0,0.012,0.203,0.136,5658.843692,0.868231,0.0,2088,1410435,1410435,1.0,1788,1788,1.0,120000,0,1,S10|M2_LONG_LINK|24|A|L1|F2,true,false,false,/home/cyfer/FYP/WSN_simulation_V3/runs/S10_5000/outputs_production_50seed_part21_25/run_campaign_v3_S10_M2_LONG_LINK_A_L1_F2_H1_seed024_24_20260603_091047
campaign_v3_S10_M2_LONG_LINK_A_L1_F2_H1_seed025,campaign_v3_S10_M2_LONG_LINK_A_L1_F2_H1_seed025_25_20260603_091318,S10,5000,200,6,M2_LONG_LINK,25,A,L1,F2,H1,V3,map_S10_M2_LONG_LINK_seed025,e17387606cacbf25bbbf3856adf89dfe4395b7323d696ad0df909a4fe44048f6,99.721,352.218,198.269,409.914,25,765,3.2095,0.295,60.0,25.123,85.123,145.123,150.0,90.0,4.416,3.0,1.0,0.017,0.312,0.143,5621.460364,0.875708,0.0,1979,1410082,1410082,1.0,1797,1797,1.0,120000,0,1,S10|M2_LONG_LINK|25|A|L1|F2,true,false,false,/home/cyfer/FYP/WSN_simulation_V3/runs/S10_5000/outputs_production_50seed_part21_25/run_campaign_v3_S10_M2_LONG_LINK_A_L1_F2_H1_seed025_25_20260603_091318
campaign_v3_S10_M2_LONG_LINK_A_L1_F2_H3_seed021,campaign_v3_S10_M2_LONG_LINK_A_L1_F2_H3_seed021_21_20260603_090325,S10,5000,200,6,M2_LONG_LINK,21,A,L1,F2,H3,V3,map_S10_M2_LONG_LINK_seed021,764bccd97a22d342e8f1f357e86ccda2c6af6bc98fc22f021fe875bf4c6dd3b4,98.168,339.61,197.676,400.964,25,634,2.7605,0.297,60.0,30.423,90.423,150.423,160.0,100.0,3.859,3.0,1.0,0.013,0.181,0.092,5595.221641,0.880956,0.0,1971,1409896,1409896,1.0,1796,1796,1.0,119900,0,1,S10|M2_LONG_LINK|21|A|L1|F2,true,false,false,/home/cyfer/FYP/WSN_simulation_V3/runs/S10_5000/outputs_production_50seed_part21_25/run_campaign_v3_S10_M2_LONG_LINK_A_L1_F2_H3_seed021_21_20260603_090325
campaign_v3_S10_M2_LONG_LINK_A_L1_F2_H3_seed022,campaign_v3_S10_M2_LONG_LINK_A_L1_F2_H3_seed022_22_20260603_090551,S10,5000,200,6,M2_LONG_LINK,22,A,L1,F2,H3,V3,map_S10_M2_LONG_LINK_seed022,021d5399b7444352e994ae352a371c9d3190578d4b67337901650d29a9bd2a77,101.676,351.575,201.407,405.682,25,786,2.9947,0.3022,60.0,30.291,90.291,150.291,160.0,100.0,3.823,3.0,1.0,0.009,0.161,0.104,5707.619402,0.858476,0.0,2103,1410131,1410131,1.0,1796,1796,1.0,119925,0,1,S10|M2_LONG_LINK|22|A|L1|F2,true,false,false,/home/cyfer/FYP/WSN_simulation_V3/runs/S10_5000/outputs_production_50seed_part21_25/run_campaign_v3_S10_M2_LONG_LINK_A_L1_F2_H3_seed022_22_20260603_090551
campaign_v3_S10_M2_LONG_LINK_A_L1_F2_H3_seed023,campaign_v3_S10_M2_LONG_LINK_A_L1_F2_H3_seed023_23_20260603_090823,S10,5000,200,6,M2_LONG_LINK,23,A,L1,F2,H3,V3,map_S10_M2_LONG_LINK_seed023,c8d1fd65f423f1fd36c525165ad6bcf5e44c3c517e00bd1a91b2e4ca8fc75264,97.616,350.336,199.111,386.975,25,750,2.9308,0.2908,60.0,31.325,91.325,151.325,160.0,100.0,4.499,3.0,1.0,0.023,0.402,0.075,5602.06488,0.879587,0.0,1986,1408492,1408492,1.0,1796,1796,1.0,119800,0,1,S10|M2_LONG_LINK|23|A|L1|F2,true,false,false,/home/cyfer/FYP/WSN_simulation_V3/runs/S10_5000/outputs_production_50seed_part21_25/run_campaign_v3_S10_M2_LONG_LINK_A_L1_F2_H3_seed023_23_20260603_090823
campaign_v3_S10_M2_LONG_LINK_A_L1_F2_H3_seed024,campaign_v3_S10_M2_LONG_LINK_A_L1_F2_H3_seed024_24_20260603_091048,S10,5000,200,6,M2_LONG_LINK,24,A,L1,F2,H3,V3,map_S10_M2_LONG_LINK_seed024,d78969f103ba1079eb50d1239cb46c9b8cddd76468546d03e22c5f1c9e3b8b33,101.468,345.133,199.827,407.077,25,775,2.9359,0.3056,60.0,30.462,90.462,150.462,160.0,100.0,4.05,3.0,1.0,0.012,0.203,0.136,5657.388935,0.868522,0.0,2088,1409805,1409805,1.0,1787,1787,1.0,119900,0,1,S10|M2_LONG_LINK|24|A|L1|F2,true,false,false,/home/cyfer/FYP/WSN_simulation_V3/runs/S10_5000/outputs_production_50seed_part21_25/run_campaign_v3_S10_M2_LONG_LINK_A_L1_F2_H3_seed024_24_20260603_091048
campaign_v3_S10_M2_LONG_LINK_A_L1_F2_H3_seed025,campaign_v3_S10_M2_LONG_LINK_A_L1_F2_H3_seed025_25_20260603_091320,S10,5000,200,6,M2_LONG_LINK,25,A,L1,F2,H3,V3,map_S10_M2_LONG_LINK_seed025,e17387606cacbf25bbbf3856adf89dfe4395b7323d696ad0df909a4fe44048f6,99.721,352.218,198.269,409.914,25,765,3.2095,0.295,60.0,31.14,91.14,151.14,160.0,100.0,4.416,3.0,1.0,0.017,0.312,0.143,5619.28402,0.876143,0.0,1978,1409146,1409146,1.0,1796,1796,1.0,119850,0,1,S10|M2_LONG_LINK|25|A|L1|F2,true,false,false,/home/cyfer/FYP/WSN_simulation_V3/runs/S10_5000/outputs_production_50seed_part21_25/run_campaign_v3_S10_M2_LONG_LINK_A_L1_F2_H3_seed025_25_20260603_091320
campaign_v3_S10_M2_LONG_LINK_A_L1_F2_H4_seed021,campaign_v3_S10_M2_LONG_LINK_A_L1_F2_H4_seed021_21_20260603_090327,S10,5000,200,6,M2_LONG_LINK,21,A,L1,F2,H4,V3,map_S10_M2_LONG_LINK_seed021,764bccd97a22d342e8f1f357e86ccda2c6af6bc98fc22f021fe875bf4c6dd3b4,98.168,339.61,197.676,400.964,25,634,2.7605,0.297,60.0,33.943,93.943,153.943,160.0,100.0,3.859,3.0,1.0,0.013,0.181,0.092,5596.554626,0.880689,0.0,1971,1410448,1410448,1.0,1796,1796,1.0,120000,0,1,S10|M2_LONG_LINK|21|A|L1|F2,true,false,false,/home/cyfer/FYP/WSN_simulation_V3/runs/S10_5000/outputs_production_50seed_part21_25/run_campaign_v3_S10_M2_LONG_LINK_A_L1_F2_H4_seed021_21_20260603_090327
campaign_v3_S10_M2_LONG_LINK_A_L1_F2_H4_seed022,campaign_v3_S10_M2_LONG_LINK_A_L1_F2_H4_seed022_22_20260603_090552,S10,5000,200,6,M2_LONG_LINK,22,A,L1,F2,H4,V3,map_S10_M2_LONG_LINK_seed022,021d5399b7444352e994ae352a371c9d3190578d4b67337901650d29a9bd2a77,101.676,351.575,201.407,405.682,25,786,2.9947,0.3022,60.0,34.464,94.464,154.464,160.0,100.0,3.823,3.0,1.0,0.009,0.161,0.104,5708.530421,0.858294,0.0,2103,1410535,1410535,1.0,1796,1796,1.0,120000,0,1,S10|M2_LONG_LINK|22|A|L1|F2,true,false,false,/home/cyfer/FYP/WSN_simulation_V3/runs/S10_5000/outputs_production_50seed_part21_25/run_campaign_v3_S10_M2_LONG_LINK_A_L1_F2_H4_seed022_22_20260603_090552
campaign_v3_S10_M2_LONG_LINK_A_L1_F2_H4_seed023,campaign_v3_S10_M2_LONG_LINK_A_L1_F2_H4_seed023_23_20260603_090824,S10,5000,200,6,M2_LONG_LINK,23,A,L1,F2,H4,V3,map_S10_M2_LONG_LINK_seed023,c8d1fd65f423f1fd36c525165ad6bcf5e44c3c517e00bd1a91b2e4ca8fc75264,97.616,350.336,199.111,386.975,25,750,2.9308,0.2908,60.0,34.819,94.819,154.819,160.0,100.0,4.499,3.0,1.0,0.023,0.402,0.075,5604.52508,0.879095,0.0,1987,1409585,1409585,1.0,1796,1796,1.0,120000,0,1,S10|M2_LONG_LINK|23|A|L1|F2,true,false,false,/home/cyfer/FYP/WSN_simulation_V3/runs/S10_5000/outputs_production_50seed_part21_25/run_campaign_v3_S10_M2_LONG_LINK_A_L1_F2_H4_seed023_23_20260603_090824
campaign_v3_S10_M2_LONG_LINK_A_L1_F2_H4_seed024,campaign_v3_S10_M2_LONG_LINK_A_L1_F2_H4_seed024_24_20260603_091050,S10,5000,200,6,M2_LONG_LINK,24,A,L1,F2,H4,V3,map_S10_M2_LONG_LINK_seed024,d78969f103ba1079eb50d1239cb46c9b8cddd76468546d03e22c5f1c9e3b8b33,101.468,345.133,199.827,407.077,25,775,2.9359,0.3056,60.0,34.335,94.335,154.335,160.0,100.0,4.05,3.0,1.0,0.012,0.203,0.136,5658.636375,0.868273,0.0,2088,1410345,1410345,1.0,1787,1787,1.0,120000,0,1,S10|M2_LONG_LINK|24|A|L1|F2,true,false,false,/home/cyfer/FYP/WSN_simulation_V3/runs/S10_5000/outputs_production_50seed_part21_25/run_campaign_v3_S10_M2_LONG_LINK_A_L1_F2_H4_seed024_24_20260603_091050
campaign_v3_S10_M2_LONG_LINK_A_L1_F2_H4_seed025,campaign_v3_S10_M2_LONG_LINK_A_L1_F2_H4_seed025_25_20260603_091321,S10,5000,200,6,M2_LONG_LINK,25,A,L1,F2,H4,V3,map_S10_M2_LONG_LINK_seed025,e17387606cacbf25bbbf3856adf89dfe4395b7323d696ad0df909a4fe44048f6,99.721,352.218,198.269,409.914,25,765,3.2095,0.295,60.0,35.1,95.1,155.1,160.0,100.0,4.416,3.0,1.0,0.017,0.312,0.143,5621.139448,0.875772,0.0,1979,1409952,1409952,1.0,1796,1796,1.0,120000,0,1,S10|M2_LONG_LINK|25|A|L1|F2,true,false,false,/home/cyfer/FYP/WSN_simulation_V3/runs/S10_5000/outputs_production_50seed_part21_25/run_campaign_v3_S10_M2_LONG_LINK_A_L1_F2_H4_seed025_25_20260603_091321
campaign_v3_S10_M2_LONG_LINK_A_L1_F3_H0_seed021,campaign_v3_S10_M2_LONG_LINK_A_L1_F3_H0_seed021_21_20260603_090309,S10,5000,200,6,M2_LONG_LINK,21,A,L1,F3,H0,V2,map_S10_M2_LONG_LINK_seed021,764bccd97a22d342e8f1f357e86ccda2c6af6bc98fc22f021fe875bf4c6dd3b4,98.168,339.61,197.676,400.964,25,634,2.7605,0.297,60.0,-1.0,-1.0,-1.0,-1.0,-1.0,0.0,0.0,0.0,0.0,0.0,0.0,5590.467545,0.881906,0.0,1971,1406970,1406970,1.0,1792,1792,1.0,120090,1,0,S10|M2_LONG_LINK|21|A|L1|F3,false,false,true,/home/cyfer/FYP/WSN_simulation_V3/runs/S10_5000/outputs_production_50seed_part21_25/run_campaign_v3_S10_M2_LONG_LINK_A_L1_F3_H0_seed021_21_20260603_090309
campaign_v3_S10_M2_LONG_LINK_A_L1_F3_H0_seed022,campaign_v3_S10_M2_LONG_LINK_A_L1_F3_H0_seed022_22_20260603_090534,S10,5000,200,6,M2_LONG_LINK,22,A,L1,F3,H0,V2,map_S10_M2_LONG_LINK_seed022,021d5399b7444352e994ae352a371c9d3190578d4b67337901650d29a9bd2a77,101.676,351.575,201.407,405.682,25,786,2.9947,0.3022,60.0,-1.0,-1.0,-1.0,-1.0,-1.0,0.0,0.0,0.0,0.0,0.0,0.0,5704.338456,0.859132,0.0,2103,1408380,1408380,1.0,1792,1792,1.0,120060,1,0,S10|M2_LONG_LINK|22|A|L1|F3,false,false,true,/home/cyfer/FYP/WSN_simulation_V3/runs/S10_5000/outputs_production_50seed_part21_25/run_campaign_v3_S10_M2_LONG_LINK_A_L1_F3_H0_seed022_22_20260603_090534
campaign_v3_S10_M2_LONG_LINK_A_L1_F3_H0_seed023,campaign_v3_S10_M2_LONG_LINK_A_L1_F3_H0_seed023_23_20260603_090807,S10,5000,200,6,M2_LONG_LINK,23,A,L1,F3,H0,V2,map_S10_M2_LONG_LINK_seed023,c8d1fd65f423f1fd36c525165ad6bcf5e44c3c517e00bd1a91b2e4ca8fc75264,97.616,350.336,199.111,386.975,25,750,2.9308,0.2908,60.0,-1.0,-1.0,-1.0,-1.0,-1.0,0.0,0.0,0.0,0.0,0.0,0.0,5600.972439,0.879806,0.0,1986,1408380,1408380,1.0,1792,1792,1.0,120060,1,0,S10|M2_LONG_LINK|23|A|L1|F3,false,false,true,/home/cyfer/FYP/WSN_simulation_V3/runs/S10_5000/outputs_production_50seed_part21_25/run_campaign_v3_S10_M2_LONG_LINK_A_L1_F3_H0_seed023_23_20260603_090807
campaign_v3_S10_M2_LONG_LINK_A_L1_F3_H0_seed024,campaign_v3_S10_M2_LONG_LINK_A_L1_F3_H0_seed024_24_20260603_091032,S10,5000,200,6,M2_LONG_LINK,24,A,L1,F3,H0,V2,map_S10_M2_LONG_LINK_seed024,d78969f103ba1079eb50d1239cb46c9b8cddd76468546d03e22c5f1c9e3b8b33,101.468,345.133,199.827,407.077,25,775,2.9359,0.3056,60.0,-1.0,-1.0,-1.0,-1.0,-1.0,0.0,0.0,0.0,0.0,0.0,0.0,5652.5716,0.869486,0.0,2088,1406735,1406735,1.0,1783,1783,1.0,120095,1,0,S10|M2_LONG_LINK|24|A|L1|F3,false,false,true,/home/cyfer/FYP/WSN_simulation_V3/runs/S10_5000/outputs_production_50seed_part21_25/run_campaign_v3_S10_M2_LONG_LINK_A_L1_F3_H0_seed024_24_20260603_091032
campaign_v3_S10_M2_LONG_LINK_A_L1_F3_H0_seed025,campaign_v3_S10_M2_LONG_LINK_A_L1_F3_H0_seed025_25_20260603_091303,S10,5000,200,6,M2_LONG_LINK,25,A,L1,F3,H0,V2,map_S10_M2_LONG_LINK_seed025,e17387606cacbf25bbbf3856adf89dfe4395b7323d696ad0df909a4fe44048f6,99.721,352.218,198.269,409.914,25,765,3.2095,0.295,60.0,-1.0,-1.0,-1.0,-1.0,-1.0,0.0,0.0,0.0,0.0,0.0,0.0,5616.791973,0.876642,0.0,1978,1408380,1408380,1.0,1792,1792,1.0,120060,1,0,S10|M2_LONG_LINK|25|A|L1|F3,false,false,true,/home/cyfer/FYP/WSN_simulation_V3/runs/S10_5000/outputs_production_50seed_part21_25/run_campaign_v3_S10_M2_LONG_LINK_A_L1_F3_H0_seed025_25_20260603_091303
campaign_v3_S10_M2_LONG_LINK_A_L1_F3_H1_seed021,campaign_v3_S10_M2_LONG_LINK_A_L1_F3_H1_seed021_21_20260603_090328,S10,5000,200,6,M2_LONG_LINK,21,A,L1,F3,H1,V3,map_S10_M2_LONG_LINK_seed021,764bccd97a22d342e8f1f357e86ccda2c6af6bc98fc22f021fe875bf4c6dd3b4,98.168,339.61,197.676,400.964,25,634,2.7605,0.297,60.0,28.973,88.973,148.973,150.0,90.0,4.744,3.0,1.0,0.028,0.425,0.128,5590.651445,0.88187,0.0,1971,1406990,1406990,1.0,1797,1797,1.0,119554,0,1,S10|M2_LONG_LINK|21|A|L1|F3,true,false,false,/home/cyfer/FYP/WSN_simulation_V3/runs/S10_5000/outputs_production_50seed_part21_25/run_campaign_v3_S10_M2_LONG_LINK_A_L1_F3_H1_seed021_21_20260603_090328
campaign_v3_S10_M2_LONG_LINK_A_L1_F3_H1_seed022,campaign_v3_S10_M2_LONG_LINK_A_L1_F3_H1_seed022_22_20260603_090553,S10,5000,200,6,M2_LONG_LINK,22,A,L1,F3,H1,V3,map_S10_M2_LONG_LINK_seed022,021d5399b7444352e994ae352a371c9d3190578d4b67337901650d29a9bd2a77,101.676,351.575,201.407,405.682,25,786,2.9947,0.3022,60.0,28.797,88.797,148.797,150.0,90.0,4.141,3.0,1.0,0.015,0.281,0.084,5704.485447,0.859103,0.0,2103,1408400,1408400,1.0,1797,1797,1.0,119704,0,1,S10|M2_LONG_LINK|22|A|L1|F3,true,false,false,/home/cyfer/FYP/WSN_simulation_V3/runs/S10_5000/outputs_production_50seed_part21_25/run_campaign_v3_S10_M2_LONG_LINK_A_L1_F3_H1_seed022_22_20260603_090553
campaign_v3_S10_M2_LONG_LINK_A_L1_F3_H1_seed023,campaign_v3_S10_M2_LONG_LINK_A_L1_F3_H1_seed023_23_20260603_090825,S10,5000,200,6,M2_LONG_LINK,23,A,L1,F3,H1,V3,map_S10_M2_LONG_LINK_seed023,c8d1fd65f423f1fd36c525165ad6bcf5e44c3c517e00bd1a91b2e4ca8fc75264,97.616,350.336,199.111,386.975,25,750,2.9308,0.2908,60.0,28.529,88.529,148.529,150.0,90.0,3.983,3.0,1.0,0.016,0.268,0.044,5601.101924,0.87978,0.0,1986,1408400,1408400,1.0,1797,1797,1.0,119704,0,1,S10|M2_LONG_LINK|23|A|L1|F3,true,false,false,/home/cyfer/FYP/WSN_simulation_V3/runs/S10_5000/outputs_production_50seed_part21_25/run_campaign_v3_S10_M2_LONG_LINK_A_L1_F3_H1_seed023_23_20260603_090825
campaign_v3_S10_M2_LONG_LINK_A_L1_F3_H1_seed024,campaign_v3_S10_M2_LONG_LINK_A_L1_F3_H1_seed024_24_20260603_091051,S10,5000,200,6,M2_LONG_LINK,24,A,L1,F3,H1,V3,map_S10_M2_LONG_LINK_seed024,d78969f103ba1079eb50d1239cb46c9b8cddd76468546d03e22c5f1c9e3b8b33,101.468,345.133,199.827,407.077,25,775,2.9359,0.3056,60.0,29.185,89.185,149.185,150.0,90.0,4.418,3.0,1.0,0.025,0.436,0.012,5652.749416,0.86945,0.0,2088,1406755,1406755,1.0,1788,1788,1.0,119529,0,1,S10|M2_LONG_LINK|24|A|L1|F3,true,false,false,/home/cyfer/FYP/WSN_simulation_V3/runs/S10_5000/outputs_production_50seed_part21_25/run_campaign_v3_S10_M2_LONG_LINK_A_L1_F3_H1_seed024_24_20260603_091051
campaign_v3_S10_M2_LONG_LINK_A_L1_F3_H1_seed025,campaign_v3_S10_M2_LONG_LINK_A_L1_F3_H1_seed025_25_20260603_091322,S10,5000,200,6,M2_LONG_LINK,25,A,L1,F3,H1,V3,map_S10_M2_LONG_LINK_seed025,e17387606cacbf25bbbf3856adf89dfe4395b7323d696ad0df909a4fe44048f6,99.721,352.218,198.269,409.914,25,765,3.2095,0.295,60.0,28.859,88.859,148.859,150.0,90.0,4.448,3.0,1.0,0.016,0.298,0.169,5616.956792,0.876609,0.0,1978,1408400,1408400,1.0,1797,1797,1.0,119704,0,1,S10|M2_LONG_LINK|25|A|L1|F3,true,false,false,/home/cyfer/FYP/WSN_simulation_V3/runs/S10_5000/outputs_production_50seed_part21_25/run_campaign_v3_S10_M2_LONG_LINK_A_L1_F3_H1_seed025_25_20260603_091322
campaign_v3_S10_M2_LONG_LINK_A_L1_F3_H3_seed021,campaign_v3_S10_M2_LONG_LINK_A_L1_F3_H3_seed021_21_20260603_090329,S10,5000,200,6,M2_LONG_LINK,21,A,L1,F3,H3,V3,map_S10_M2_LONG_LINK_seed021,764bccd97a22d342e8f1f357e86ccda2c6af6bc98fc22f021fe875bf4c6dd3b4,98.168,339.61,197.676,400.964,25,634,2.7605,0.297,60.0,35.639,95.639,155.639,160.0,100.0,4.744,3.0,1.0,0.028,0.425,0.128,5590.636361,0.881873,0.0,1971,1406986,1406986,1.0,1796,1796,1.0,119554,0,1,S10|M2_LONG_LINK|21|A|L1|F3,true,false,false,/home/cyfer/FYP/WSN_simulation_V3/runs/S10_5000/outputs_production_50seed_part21_25/run_campaign_v3_S10_M2_LONG_LINK_A_L1_F3_H3_seed021_21_20260603_090329
campaign_v3_S10_M2_LONG_LINK_A_L1_F3_H3_seed022,campaign_v3_S10_M2_LONG_LINK_A_L1_F3_H3_seed022_22_20260603_090555,S10,5000,200,6,M2_LONG_LINK,22,A,L1,F3,H3,V3,map_S10_M2_LONG_LINK_seed022,021d5399b7444352e994ae352a371c9d3190578d4b67337901650d29a9bd2a77,101.676,351.575,201.407,405.682,25,786,2.9947,0.3022,60.0,35.078,95.078,155.078,160.0,100.0,4.141,3.0,1.0,0.015,0.281,0.084,5704.46994,0.859106,0.0,2103,1408396,1408396,1.0,1796,1796,1.0,119704,0,1,S10|M2_LONG_LINK|22|A|L1|F3,true,false,false,/home/cyfer/FYP/WSN_simulation_V3/runs/S10_5000/outputs_production_50seed_part21_25/run_campaign_v3_S10_M2_LONG_LINK_A_L1_F3_H3_seed022_22_20260603_090555
campaign_v3_S10_M2_LONG_LINK_A_L1_F3_H3_seed023,campaign_v3_S10_M2_LONG_LINK_A_L1_F3_H3_seed023_23_20260603_090827,S10,5000,200,6,M2_LONG_LINK,23,A,L1,F3,H3,V3,map_S10_M2_LONG_LINK_seed023,c8d1fd65f423f1fd36c525165ad6bcf5e44c3c517e00bd1a91b2e4ca8fc75264,97.616,350.336,199.111,386.975,25,750,2.9308,0.2908,60.0,34.435,94.435,154.435,160.0,100.0,3.983,3.0,1.0,0.016,0.268,0.044,5601.092226,0.879782,0.0,1986,1408396,1408396,1.0,1796,1796,1.0,119704,0,1,S10|M2_LONG_LINK|23|A|L1|F3,true,false,false,/home/cyfer/FYP/WSN_simulation_V3/runs/S10_5000/outputs_production_50seed_part21_25/run_campaign_v3_S10_M2_LONG_LINK_A_L1_F3_H3_seed023_23_20260603_090827
campaign_v3_S10_M2_LONG_LINK_A_L1_F3_H3_seed024,campaign_v3_S10_M2_LONG_LINK_A_L1_F3_H3_seed024_24_20260603_091053,S10,5000,200,6,M2_LONG_LINK,24,A,L1,F3,H3,V3,map_S10_M2_LONG_LINK_seed024,d78969f103ba1079eb50d1239cb46c9b8cddd76468546d03e22c5f1c9e3b8b33,101.468,345.133,199.827,407.077,25,775,2.9359,0.3056,60.0,35.373,95.373,155.373,160.0,100.0,4.418,3.0,1.0,0.025,0.436,0.012,5652.735284,0.869453,0.0,2088,1406751,1406751,1.0,1787,1787,1.0,119529,0,1,S10|M2_LONG_LINK|24|A|L1|F3,true,false,false,/home/cyfer/FYP/WSN_simulation_V3/runs/S10_5000/outputs_production_50seed_part21_25/run_campaign_v3_S10_M2_LONG_LINK_A_L1_F3_H3_seed024_24_20260603_091053
campaign_v3_S10_M2_LONG_LINK_A_L1_F3_H3_seed025,campaign_v3_S10_M2_LONG_LINK_A_L1_F3_H3_seed025_25_20260603_091324,S10,5000,200,6,M2_LONG_LINK,25,A,L1,F3,H3,V3,map_S10_M2_LONG_LINK_seed025,e17387606cacbf25bbbf3856adf89dfe4395b7323d696ad0df909a4fe44048f6,99.721,352.218,198.269,409.914,25,765,3.2095,0.295,60.0,35.158,95.158,155.158,160.0,100.0,4.448,3.0,1.0,0.016,0.298,0.169,5616.935849,0.876613,0.0,1978,1408396,1408396,1.0,1796,1796,1.0,119704,0,1,S10|M2_LONG_LINK|25|A|L1|F3,true,false,false,/home/cyfer/FYP/WSN_simulation_V3/runs/S10_5000/outputs_production_50seed_part21_25/run_campaign_v3_S10_M2_LONG_LINK_A_L1_F3_H3_seed025_25_20260603_091324
campaign_v3_S10_M2_LONG_LINK_A_L1_F3_H4_seed021,campaign_v3_S10_M2_LONG_LINK_A_L1_F3_H4_seed021_21_20260603_090331,S10,5000,200,6,M2_LONG_LINK,21,A,L1,F3,H4,V3,map_S10_M2_LONG_LINK_seed021,764bccd97a22d342e8f1f357e86ccda2c6af6bc98fc22f021fe875bf4c6dd3b4,98.168,339.61,197.676,400.964,25,634,2.7605,0.297,60.0,39.087,99.087,159.087,160.0,100.0,4.744,3.0,1.0,0.028,0.425,0.128,5590.636105,0.881873,0.0,1971,1406986,1406986,1.0,1796,1796,1.0,119554,0,1,S10|M2_LONG_LINK|21|A|L1|F3,true,false,false,/home/cyfer/FYP/WSN_simulation_V3/runs/S10_5000/outputs_production_50seed_part21_25/run_campaign_v3_S10_M2_LONG_LINK_A_L1_F3_H4_seed021_21_20260603_090331
campaign_v3_S10_M2_LONG_LINK_A_L1_F3_H4_seed022,campaign_v3_S10_M2_LONG_LINK_A_L1_F3_H4_seed022_22_20260603_090556,S10,5000,200,6,M2_LONG_LINK,22,A,L1,F3,H4,V3,map_S10_M2_LONG_LINK_seed022,021d5399b7444352e994ae352a371c9d3190578d4b67337901650d29a9bd2a77,101.676,351.575,201.407,405.682,25,786,2.9947,0.3022,60.0,38.361,98.361,158.361,160.0,100.0,4.141,3.0,1.0,0.015,0.281,0.084,5704.470289,0.859106,0.0,2103,1408396,1408396,1.0,1796,1796,1.0,119704,0,1,S10|M2_LONG_LINK|22|A|L1|F3,true,false,false,/home/cyfer/FYP/WSN_simulation_V3/runs/S10_5000/outputs_production_50seed_part21_25/run_campaign_v3_S10_M2_LONG_LINK_A_L1_F3_H4_seed022_22_20260603_090556
campaign_v3_S10_M2_LONG_LINK_A_L1_F3_H4_seed023,campaign_v3_S10_M2_LONG_LINK_A_L1_F3_H4_seed023_23_20260603_090828,S10,5000,200,6,M2_LONG_LINK,23,A,L1,F3,H4,V3,map_S10_M2_LONG_LINK_seed023,c8d1fd65f423f1fd36c525165ad6bcf5e44c3c517e00bd1a91b2e4ca8fc75264,97.616,350.336,199.111,386.975,25,750,2.9308,0.2908,60.0,38.033,98.033,158.033,160.0,100.0,3.983,3.0,1.0,0.016,0.268,0.044,5601.090267,0.879782,0.0,1986,1408396,1408396,1.0,1796,1796,1.0,119704,0,1,S10|M2_LONG_LINK|23|A|L1|F3,true,false,false,/home/cyfer/FYP/WSN_simulation_V3/runs/S10_5000/outputs_production_50seed_part21_25/run_campaign_v3_S10_M2_LONG_LINK_A_L1_F3_H4_seed023_23_20260603_090828
campaign_v3_S10_M2_LONG_LINK_A_L1_F3_H4_seed024,campaign_v3_S10_M2_LONG_LINK_A_L1_F3_H4_seed024_24_20260603_091054,S10,5000,200,6,M2_LONG_LINK,24,A,L1,F3,H4,V3,map_S10_M2_LONG_LINK_seed024,d78969f103ba1079eb50d1239cb46c9b8cddd76468546d03e22c5f1c9e3b8b33,101.468,345.133,199.827,407.077,25,775,2.9359,0.3056,60.0,38.632,98.632,158.632,160.0,100.0,4.418,3.0,1.0,0.025,0.436,0.012,5652.736493,0.869453,0.0,2088,1406751,1406751,1.0,1787,1787,1.0,119529,0,1,S10|M2_LONG_LINK|24|A|L1|F3,true,false,false,/home/cyfer/FYP/WSN_simulation_V3/runs/S10_5000/outputs_production_50seed_part21_25/run_campaign_v3_S10_M2_LONG_LINK_A_L1_F3_H4_seed024_24_20260603_091054
campaign_v3_S10_M2_LONG_LINK_A_L1_F3_H4_seed025,campaign_v3_S10_M2_LONG_LINK_A_L1_F3_H4_seed025_25_20260603_091325,S10,5000,200,6,M2_LONG_LINK,25,A,L1,F3,H4,V3,map_S10_M2_LONG_LINK_seed025,e17387606cacbf25bbbf3856adf89dfe4395b7323d696ad0df909a4fe44048f6,99.721,352.218,198.269,409.914,25,765,3.2095,0.295,60.0,39.095,99.095,159.095,160.0,100.0,4.448,3.0,1.0,0.016,0.298,0.169,5616.938068,0.876612,0.0,1978,1408396,1408396,1.0,1796,1796,1.0,119704,0,1,S10|M2_LONG_LINK|25|A|L1|F3,true,false,false,/home/cyfer/FYP/WSN_simulation_V3/runs/S10_5000/outputs_production_50seed_part21_25/run_campaign_v3_S10_M2_LONG_LINK_A_L1_F3_H4_seed025_25_20260603_091325
campaign_v3_S10_M2_LONG_LINK_A_L1_F4_H0_seed021,campaign_v3_S10_M2_LONG_LINK_A_L1_F4_H0_seed021_21_20260603_090311,S10,5000,200,6,M2_LONG_LINK,21,A,L1,F4,H0,V2,map_S10_M2_LONG_LINK_seed021,764bccd97a22d342e8f1f357e86ccda2c6af6bc98fc22f021fe875bf4c6dd3b4,98.168,339.61,197.676,400.964,25,634,2.7605,0.297,60.0,-1.0,-1.0,-1.0,-1.0,-1.0,0.0,0.0,0.0,0.0,0.0,0.0,5591.23568,0.881753,0.0,1971,1407205,1407205,1.0,1792,1792,1.0,120085,1,0,S10|M2_LONG_LINK|21|A|L1|F4,false,false,true,/home/cyfer/FYP/WSN_simulation_V3/runs/S10_5000/outputs_production_50seed_part21_25/run_campaign_v3_S10_M2_LONG_LINK_A_L1_F4_H0_seed021_21_20260603_090311
campaign_v3_S10_M2_LONG_LINK_A_L1_F4_H0_seed022,campaign_v3_S10_M2_LONG_LINK_A_L1_F4_H0_seed022_22_20260603_090536,S10,5000,200,6,M2_LONG_LINK,22,A,L1,F4,H0,V2,map_S10_M2_LONG_LINK_seed022,021d5399b7444352e994ae352a371c9d3190578d4b67337901650d29a9bd2a77,101.676,351.575,201.407,405.682,25,786,2.9947,0.3022,60.0,-1.0,-1.0,-1.0,-1.0,-1.0,0.0,0.0,0.0,0.0,0.0,0.0,5705.334336,0.858933,0.0,2103,1409320,1409320,1.0,1792,1792,1.0,120040,1,0,S10|M2_LONG_LINK|22|A|L1|F4,false,false,true,/home/cyfer/FYP/WSN_simulation_V3/runs/S10_5000/outputs_production_50seed_part21_25/run_campaign_v3_S10_M2_LONG_LINK_A_L1_F4_H0_seed022_22_20260603_090536
campaign_v3_S10_M2_LONG_LINK_A_L1_F4_H0_seed023,campaign_v3_S10_M2_LONG_LINK_A_L1_F4_H0_seed023_23_20260603_090808,S10,5000,200,6,M2_LONG_LINK,23,A,L1,F4,H0,V2,map_S10_M2_LONG_LINK_seed023,c8d1fd65f423f1fd36c525165ad6bcf5e44c3c517e00bd1a91b2e4ca8fc75264,97.616,350.336,199.111,386.975,25,750,2.9308,0.2908,60.0,-1.0,-1.0,-1.0,-1.0,-1.0,0.0,0.0,0.0,0.0,0.0,0.0,5598.771216,0.880246,0.0,1986,1407440,1407440,1.0,1792,1792,1.0,120080,1,0,S10|M2_LONG_LINK|23|A|L1|F4,false,false,true,/home/cyfer/FYP/WSN_simulation_V3/runs/S10_5000/outputs_production_50seed_part21_25/run_campaign_v3_S10_M2_LONG_LINK_A_L1_F4_H0_seed023_23_20260603_090808
campaign_v3_S10_M2_LONG_LINK_A_L1_F4_H0_seed024,campaign_v3_S10_M2_LONG_LINK_A_L1_F4_H0_seed024_24_20260603_091033,S10,5000,200,6,M2_LONG_LINK,24,A,L1,F4,H0,V2,map_S10_M2_LONG_LINK_seed024,d78969f103ba1079eb50d1239cb46c9b8cddd76468546d03e22c5f1c9e3b8b33,101.468,345.133,199.827,407.077,25,775,2.9359,0.3056,60.0,-1.0,-1.0,-1.0,-1.0,-1.0,0.0,0.0,0.0,0.0,0.0,0.0,5653.760409,0.869248,0.0,2088,1407675,1407675,1.0,1783,1783,1.0,120075,1,0,S10|M2_LONG_LINK|24|A|L1|F4,false,false,true,/home/cyfer/FYP/WSN_simulation_V3/runs/S10_5000/outputs_production_50seed_part21_25/run_campaign_v3_S10_M2_LONG_LINK_A_L1_F4_H0_seed024_24_20260603_091033
campaign_v3_S10_M2_LONG_LINK_A_L1_F4_H0_seed025,campaign_v3_S10_M2_LONG_LINK_A_L1_F4_H0_seed025_25_20260603_091305,S10,5000,200,6,M2_LONG_LINK,25,A,L1,F4,H0,V2,map_S10_M2_LONG_LINK_seed025,e17387606cacbf25bbbf3856adf89dfe4395b7323d696ad0df909a4fe44048f6,99.721,352.218,198.269,409.914,25,765,3.2095,0.295,60.0,-1.0,-1.0,-1.0,-1.0,-1.0,0.0,0.0,0.0,0.0,0.0,0.0,5614.796907,0.877041,0.0,1978,1406500,1406500,1.0,1792,1792,1.0,120100,1,0,S10|M2_LONG_LINK|25|A|L1|F4,false,false,true,/home/cyfer/FYP/WSN_simulation_V3/runs/S10_5000/outputs_production_50seed_part21_25/run_campaign_v3_S10_M2_LONG_LINK_A_L1_F4_H0_seed025_25_20260603_091305
campaign_v3_S10_M2_LONG_LINK_A_L1_F4_H1_seed021,campaign_v3_S10_M2_LONG_LINK_A_L1_F4_H1_seed021_21_20260603_090332,S10,5000,200,6,M2_LONG_LINK,21,A,L1,F4,H1,V3,map_S10_M2_LONG_LINK_seed021,764bccd97a22d342e8f1f357e86ccda2c6af6bc98fc22f021fe875bf4c6dd3b4,98.168,339.61,197.676,400.964,25,634,2.7605,0.297,60.0,35.59,95.59,155.59,160.0,100.0,4.6,3.0,1.0,0.027,0.387,0.119,5592.335771,0.881533,0.0,1971,1407629,1407629,1.0,1796,1796,1.0,119579,0,1,S10|M2_LONG_LINK|21|A|L1|F4,true,false,false,/home/cyfer/FYP/WSN_simulation_V3/runs/S10_5000/outputs_production_50seed_part21_25/run_campaign_v3_S10_M2_LONG_LINK_A_L1_F4_H1_seed021_21_20260603_090332
campaign_v3_S10_M2_LONG_LINK_A_L1_F4_H1_seed022,campaign_v3_S10_M2_LONG_LINK_A_L1_F4_H1_seed022_22_20260603_090557,S10,5000,200,6,M2_LONG_LINK,22,A,L1,F4,H1,V3,map_S10_M2_LONG_LINK_seed022,021d5399b7444352e994ae352a371c9d3190578d4b67337901650d29a9bd2a77,101.676,351.575,201.407,405.682,25,786,2.9947,0.3022,60.0,34.55,94.55,154.55,160.0,100.0,4.2,3.0,1.0,0.01,0.197,0.193,5705.939799,0.858812,0.0,2103,1409536,1409536,1.0,1796,1796,1.0,119804,0,1,S10|M2_LONG_LINK|22|A|L1|F4,true,false,false,/home/cyfer/FYP/WSN_simulation_V3/runs/S10_5000/outputs_production_50seed_part21_25/run_campaign_v3_S10_M2_LONG_LINK_A_L1_F4_H1_seed022_22_20260603_090557
campaign_v3_S10_M2_LONG_LINK_A_L1_F4_H1_seed023,campaign_v3_S10_M2_LONG_LINK_A_L1_F4_H1_seed023_23_20260603_090829,S10,5000,200,6,M2_LONG_LINK,23,A,L1,F4,H1,V3,map_S10_M2_LONG_LINK_seed023,c8d1fd65f423f1fd36c525165ad6bcf5e44c3c517e00bd1a91b2e4ca8fc75264,97.616,350.336,199.111,386.975,25,750,2.9308,0.2908,60.0,35.487,95.487,155.487,160.0,100.0,4.743,3.0,1.0,0.021,0.389,0.171,5599.900111,0.88002,0.0,1986,1407840,1407840,1.0,1796,1796,1.0,119604,0,1,S10|M2_LONG_LINK|23|A|L1|F4,true,false,false,/home/cyfer/FYP/WSN_simulation_V3/runs/S10_5000/outputs_production_50seed_part21_25/run_campaign_v3_S10_M2_LONG_LINK_A_L1_F4_H1_seed023_23_20260603_090829
campaign_v3_S10_M2_LONG_LINK_A_L1_F4_H1_seed024,campaign_v3_S10_M2_LONG_LINK_A_L1_F4_H1_seed024_24_20260603_091055,S10,5000,200,6,M2_LONG_LINK,24,A,L1,F4,H1,V3,map_S10_M2_LONG_LINK_seed024,d78969f103ba1079eb50d1239cb46c9b8cddd76468546d03e22c5f1c9e3b8b33,101.468,345.133,199.827,407.077,25,775,2.9359,0.3056,60.0,34.729,94.729,154.729,160.0,100.0,4.257,3.0,1.0,0.019,0.345,0.055,5654.783474,0.869043,0.0,2088,1408066,1408066,1.0,1787,1787,1.0,119629,0,1,S10|M2_LONG_LINK|24|A|L1|F4,true,false,false,/home/cyfer/FYP/WSN_simulation_V3/runs/S10_5000/outputs_production_50seed_part21_25/run_campaign_v3_S10_M2_LONG_LINK_A_L1_F4_H1_seed024_24_20260603_091055
campaign_v3_S10_M2_LONG_LINK_A_L1_F4_H1_seed025,campaign_v3_S10_M2_LONG_LINK_A_L1_F4_H1_seed025_25_20260603_091326,S10,5000,200,6,M2_LONG_LINK,25,A,L1,F4,H1,V3,map_S10_M2_LONG_LINK_seed025,e17387606cacbf25bbbf3856adf89dfe4395b7323d696ad0df909a4fe44048f6,99.721,352.218,198.269,409.914,25,765,3.2095,0.295,60.0,35.346,95.346,155.346,160.0,100.0,4.713,3.0,1.0,0.026,0.467,0.078,5616.135187,0.876773,0.0,1978,1406996,1406996,1.0,1796,1796,1.0,119504,0,1,S10|M2_LONG_LINK|25|A|L1|F4,true,false,false,/home/cyfer/FYP/WSN_simulation_V3/runs/S10_5000/outputs_production_50seed_part21_25/run_campaign_v3_S10_M2_LONG_LINK_A_L1_F4_H1_seed025_25_20260603_091326
campaign_v3_S10_M2_LONG_LINK_A_L1_F4_H3_seed021,campaign_v3_S10_M2_LONG_LINK_A_L1_F4_H3_seed021_21_20260603_090333,S10,5000,200,6,M2_LONG_LINK,21,A,L1,F4,H3,V3,map_S10_M2_LONG_LINK_seed021,764bccd97a22d342e8f1f357e86ccda2c6af6bc98fc22f021fe875bf4c6dd3b4,98.168,339.61,197.676,400.964,25,634,2.7605,0.297,60.0,40.829,100.829,160.829,170.0,110.0,4.6,3.0,1.0,0.027,0.387,0.119,5591.767643,0.881646,0.0,1971,1407392,1407392,1.0,1796,1796,1.0,119579,0,1,S10|M2_LONG_LINK|21|A|L1|F4,true,false,false,/home/cyfer/FYP/WSN_simulation_V3/runs/S10_5000/outputs_production_50seed_part21_25/run_campaign_v3_S10_M2_LONG_LINK_A_L1_F4_H3_seed021_21_20260603_090333
campaign_v3_S10_M2_LONG_LINK_A_L1_F4_H3_seed022,campaign_v3_S10_M2_LONG_LINK_A_L1_F4_H3_seed022_22_20260603_090559,S10,5000,200,6,M2_LONG_LINK,22,A,L1,F4,H3,V3,map_S10_M2_LONG_LINK_seed022,021d5399b7444352e994ae352a371c9d3190578d4b67337901650d29a9bd2a77,101.676,351.575,201.407,405.682,25,786,2.9947,0.3022,60.0,41.028,101.028,161.028,170.0,110.0,4.2,3.0,1.0,0.01,0.197,0.193,5705.638687,0.858872,0.0,2103,1409408,1409408,1.0,1796,1796,1.0,119804,0,1,S10|M2_LONG_LINK|22|A|L1|F4,true,false,false,/home/cyfer/FYP/WSN_simulation_V3/runs/S10_5000/outputs_production_50seed_part21_25/run_campaign_v3_S10_M2_LONG_LINK_A_L1_F4_H3_seed022_22_20260603_090559
campaign_v3_S10_M2_LONG_LINK_A_L1_F4_H3_seed023,campaign_v3_S10_M2_LONG_LINK_A_L1_F4_H3_seed023_23_20260603_090831,S10,5000,200,6,M2_LONG_LINK,23,A,L1,F4,H3,V3,map_S10_M2_LONG_LINK_seed023,c8d1fd65f423f1fd36c525165ad6bcf5e44c3c517e00bd1a91b2e4ca8fc75264,97.616,350.336,199.111,386.975,25,750,2.9308,0.2908,60.0,41.182,101.182,161.182,170.0,110.0,4.743,3.0,1.0,0.021,0.389,0.171,5599.328037,0.880134,0.0,1986,1407600,1407600,1.0,1796,1796,1.0,119604,0,1,S10|M2_LONG_LINK|23|A|L1|F4,true,false,false,/home/cyfer/FYP/WSN_simulation_V3/runs/S10_5000/outputs_production_50seed_part21_25/run_campaign_v3_S10_M2_LONG_LINK_A_L1_F4_H3_seed023_23_20260603_090831
campaign_v3_S10_M2_LONG_LINK_A_L1_F4_H3_seed024,campaign_v3_S10_M2_LONG_LINK_A_L1_F4_H3_seed024_24_20260603_091057,S10,5000,200,6,M2_LONG_LINK,24,A,L1,F4,H3,V3,map_S10_M2_LONG_LINK_seed024,d78969f103ba1079eb50d1239cb46c9b8cddd76468546d03e22c5f1c9e3b8b33,101.468,345.133,199.827,407.077,25,775,2.9359,0.3056,60.0,40.717,100.717,160.717,170.0,110.0,4.257,3.0,1.0,0.019,0.345,0.055,5654.238524,0.869152,0.0,2088,1407843,1407843,1.0,1787,1787,1.0,119629,0,1,S10|M2_LONG_LINK|24|A|L1|F4,true,false,false,/home/cyfer/FYP/WSN_simulation_V3/runs/S10_5000/outputs_production_50seed_part21_25/run_campaign_v3_S10_M2_LONG_LINK_A_L1_F4_H3_seed024_24_20260603_091057
campaign_v3_S10_M2_LONG_LINK_A_L1_F4_H3_seed025,campaign_v3_S10_M2_LONG_LINK_A_L1_F4_H3_seed025_25_20260603_091328,S10,5000,200,6,M2_LONG_LINK,25,A,L1,F4,H3,V3,map_S10_M2_LONG_LINK_seed025,e17387606cacbf25bbbf3856adf89dfe4395b7323d696ad0df909a4fe44048f6,99.721,352.218,198.269,409.914,25,765,3.2095,0.295,60.0,41.24,101.24,161.24,170.0,110.0,4.713,3.0,1.0,0.026,0.467,0.078,5615.424597,0.876915,0.0,1978,1406696,1406696,1.0,1796,1796,1.0,119504,0,1,S10|M2_LONG_LINK|25|A|L1|F4,true,false,false,/home/cyfer/FYP/WSN_simulation_V3/runs/S10_5000/outputs_production_50seed_part21_25/run_campaign_v3_S10_M2_LONG_LINK_A_L1_F4_H3_seed025_25_20260603_091328
campaign_v3_S10_M2_LONG_LINK_A_L1_F4_H4_seed021,campaign_v3_S10_M2_LONG_LINK_A_L1_F4_H4_seed021_21_20260603_090334,S10,5000,200,6,M2_LONG_LINK,21,A,L1,F4,H4,V3,map_S10_M2_LONG_LINK_seed021,764bccd97a22d342e8f1f357e86ccda2c6af6bc98fc22f021fe875bf4c6dd3b4,98.168,339.61,197.676,400.964,25,634,2.7605,0.297,60.0,45.08,105.08,165.08,170.0,110.0,4.6,3.0,1.0,0.027,0.387,0.119,5589.761112,0.882048,0.0,1970,1406443,1406443,1.0,1796,1796,1.0,119383,0,1,S10|M2_LONG_LINK|21|A|L1|F4,true,false,false,/home/cyfer/FYP/WSN_simulation_V3/runs/S10_5000/outputs_production_50seed_part21_25/run_campaign_v3_S10_M2_LONG_LINK_A_L1_F4_H4_seed021_21_20260603_090334
campaign_v3_S10_M2_LONG_LINK_A_L1_F4_H4_seed022,campaign_v3_S10_M2_LONG_LINK_A_L1_F4_H4_seed022_22_20260603_090600,S10,5000,200,6,M2_LONG_LINK,22,A,L1,F4,H4,V3,map_S10_M2_LONG_LINK_seed022,021d5399b7444352e994ae352a371c9d3190578d4b67337901650d29a9bd2a77,101.676,351.575,201.407,405.682,25,786,2.9947,0.3022,60.0,44.782,104.782,164.782,170.0,110.0,4.2,3.0,1.0,0.01,0.197,0.193,5703.775997,0.859245,0.0,2102,1408562,1408562,1.0,1796,1796,1.0,119633,0,1,S10|M2_LONG_LINK|22|A|L1|F4,true,false,false,/home/cyfer/FYP/WSN_simulation_V3/runs/S10_5000/outputs_production_50seed_part21_25/run_campaign_v3_S10_M2_LONG_LINK_A_L1_F4_H4_seed022_22_20260603_090600
campaign_v3_S10_M2_LONG_LINK_A_L1_F4_H4_seed023,campaign_v3_S10_M2_LONG_LINK_A_L1_F4_H4_seed023_23_20260603_090832,S10,5000,200,6,M2_LONG_LINK,23,A,L1,F4,H4,V3,map_S10_M2_LONG_LINK_seed023,c8d1fd65f423f1fd36c525165ad6bcf5e44c3c517e00bd1a91b2e4ca8fc75264,97.616,350.336,199.111,386.975,25,750,2.9308,0.2908,60.0,44.783,104.783,164.783,170.0,110.0,4.743,3.0,1.0,0.021,0.389,0.171,5596.165641,0.880767,0.0,1986,1405502,1405502,1.0,1796,1796,1.0,119183,0,1,S10|M2_LONG_LINK|23|A|L1|F4,true,false,false,/home/cyfer/FYP/WSN_simulation_V3/runs/S10_5000/outputs_production_50seed_part21_25/run_campaign_v3_S10_M2_LONG_LINK_A_L1_F4_H4_seed023_23_20260603_090832
campaign_v3_S10_M2_LONG_LINK_A_L1_F4_H4_seed024,campaign_v3_S10_M2_LONG_LINK_A_L1_F4_H4_seed024_24_20260603_091058,S10,5000,200,6,M2_LONG_LINK,24,A,L1,F4,H4,V3,map_S10_M2_LONG_LINK_seed024,d78969f103ba1079eb50d1239cb46c9b8cddd76468546d03e22c5f1c9e3b8b33,101.468,345.133,199.827,407.077,25,775,2.9359,0.3056,60.0,45.251,105.251,165.251,170.0,110.0,4.257,3.0,1.0,0.019,0.345,0.055,5652.238313,0.869552,0.0,2087,1406756,1406756,1.0,1787,1787,1.0,119408,0,1,S10|M2_LONG_LINK|24|A|L1|F4,true,false,false,/home/cyfer/FYP/WSN_simulation_V3/runs/S10_5000/outputs_production_50seed_part21_25/run_campaign_v3_S10_M2_LONG_LINK_A_L1_F4_H4_seed024_24_20260603_091058
campaign_v3_S10_M2_LONG_LINK_A_L1_F4_H4_seed025,campaign_v3_S10_M2_LONG_LINK_A_L1_F4_H4_seed025_25_20260603_091329,S10,5000,200,6,M2_LONG_LINK,25,A,L1,F4,H4,V3,map_S10_M2_LONG_LINK_seed025,e17387606cacbf25bbbf3856adf89dfe4395b7323d696ad0df909a4fe44048f6,99.721,352.218,198.269,409.914,25,765,3.2095,0.295,60.0,44.934,104.934,164.934,170.0,110.0,4.713,3.0,1.0,0.026,0.467,0.078,5613.042412,0.877392,0.0,1978,1405142,1405142,1.0,1796,1796,1.0,119183,0,1,S10|M2_LONG_LINK|25|A|L1|F4,true,false,false,/home/cyfer/FYP/WSN_simulation_V3/runs/S10_5000/outputs_production_50seed_part21_25/run_campaign_v3_S10_M2_LONG_LINK_A_L1_F4_H4_seed025_25_20260603_091329
campaign_v3_S10_M2_LONG_LINK_A_L2_F0_H0_seed021,campaign_v3_S10_M2_LONG_LINK_A_L2_F0_H0_seed021_21_20260603_090336,S10,5000,200,6,M2_LONG_LINK,21,A,L2,F0,H0,V1,map_S10_M2_LONG_LINK_seed021,764bccd97a22d342e8f1f357e86ccda2c6af6bc98fc22f021fe875bf4c6dd3b4,98.168,339.61,197.676,400.964,25,634,2.7605,0.297,0.0,-1.0,-1.0,-1.0,-1.0,-1.0,0.0,0.0,0.0,0.0,0.0,0.0,6603.703886,0.679259,0.0,2353,1411200,1411200,1.0,1800,1800,1.0,120000,0,0,S10|M2_LONG_LINK|21|A|L2|F0,false,true,false,/home/cyfer/FYP/WSN_simulation_V3/runs/S10_5000/outputs_production_50seed_part21_25/run_campaign_v3_S10_M2_LONG_LINK_A_L2_F0_H0_seed021_21_20260603_090336
campaign_v3_S10_M2_LONG_LINK_A_L2_F0_H0_seed022,campaign_v3_S10_M2_LONG_LINK_A_L2_F0_H0_seed022_22_20260603_090601,S10,5000,200,6,M2_LONG_LINK,22,A,L2,F0,H0,V1,map_S10_M2_LONG_LINK_seed022,021d5399b7444352e994ae352a371c9d3190578d4b67337901650d29a9bd2a77,101.676,351.575,201.407,405.682,25,786,2.9947,0.3022,0.0,-1.0,-1.0,-1.0,-1.0,-1.0,0.0,0.0,0.0,0.0,0.0,0.0,6653.842029,0.669232,0.0,2384,1411200,1411200,1.0,1800,1800,1.0,120000,0,0,S10|M2_LONG_LINK|22|A|L2|F0,false,true,false,/home/cyfer/FYP/WSN_simulation_V3/runs/S10_5000/outputs_production_50seed_part21_25/run_campaign_v3_S10_M2_LONG_LINK_A_L2_F0_H0_seed022_22_20260603_090601
campaign_v3_S10_M2_LONG_LINK_A_L2_F0_H0_seed023,campaign_v3_S10_M2_LONG_LINK_A_L2_F0_H0_seed023_23_20260603_090833,S10,5000,200,6,M2_LONG_LINK,23,A,L2,F0,H0,V1,map_S10_M2_LONG_LINK_seed023,c8d1fd65f423f1fd36c525165ad6bcf5e44c3c517e00bd1a91b2e4ca8fc75264,97.616,350.336,199.111,386.975,25,750,2.9308,0.2908,0.0,-1.0,-1.0,-1.0,-1.0,-1.0,0.0,0.0,0.0,0.0,0.0,0.0,6617.279759,0.676544,0.0,2363,1411200,1411200,1.0,1800,1800,1.0,120000,0,0,S10|M2_LONG_LINK|23|A|L2|F0,false,true,false,/home/cyfer/FYP/WSN_simulation_V3/runs/S10_5000/outputs_production_50seed_part21_25/run_campaign_v3_S10_M2_LONG_LINK_A_L2_F0_H0_seed023_23_20260603_090833
campaign_v3_S10_M2_LONG_LINK_A_L2_F0_H0_seed024,campaign_v3_S10_M2_LONG_LINK_A_L2_F0_H0_seed024_24_20260603_091059,S10,5000,200,6,M2_LONG_LINK,24,A,L2,F0,H0,V1,map_S10_M2_LONG_LINK_seed024,d78969f103ba1079eb50d1239cb46c9b8cddd76468546d03e22c5f1c9e3b8b33,101.468,345.133,199.827,407.077,25,775,2.9359,0.3056,0.0,-1.0,-1.0,-1.0,-1.0,-1.0,0.0,0.0,0.0,0.0,0.0,0.0,6586.804516,0.682639,0.0,2347,1411200,1411200,1.0,1791,1791,1.0,120000,0,0,S10|M2_LONG_LINK|24|A|L2|F0,false,true,false,/home/cyfer/FYP/WSN_simulation_V3/runs/S10_5000/outputs_production_50seed_part21_25/run_campaign_v3_S10_M2_LONG_LINK_A_L2_F0_H0_seed024_24_20260603_091059
campaign_v3_S10_M2_LONG_LINK_A_L2_F0_H0_seed025,campaign_v3_S10_M2_LONG_LINK_A_L2_F0_H0_seed025_25_20260603_091330,S10,5000,200,6,M2_LONG_LINK,25,A,L2,F0,H0,V1,map_S10_M2_LONG_LINK_seed025,e17387606cacbf25bbbf3856adf89dfe4395b7323d696ad0df909a4fe44048f6,99.721,352.218,198.269,409.914,25,765,3.2095,0.295,0.0,-1.0,-1.0,-1.0,-1.0,-1.0,0.0,0.0,0.0,0.0,0.0,0.0,6630.078409,0.673984,0.0,2367,1411200,1411200,1.0,1800,1800,1.0,120000,0,0,S10|M2_LONG_LINK|25|A|L2|F0,false,true,false,/home/cyfer/FYP/WSN_simulation_V3/runs/S10_5000/outputs_production_50seed_part21_25/run_campaign_v3_S10_M2_LONG_LINK_A_L2_F0_H0_seed025_25_20260603_091330
campaign_v3_S10_M2_LONG_LINK_A_L2_F1_H0_seed021,campaign_v3_S10_M2_LONG_LINK_A_L2_F1_H0_seed021_21_20260603_090337,S10,5000,200,6,M2_LONG_LINK,21,A,L2,F1,H0,V2,map_S10_M2_LONG_LINK_seed021,764bccd97a22d342e8f1f357e86ccda2c6af6bc98fc22f021fe875bf4c6dd3b4,98.168,339.61,197.676,400.964,25,634,2.7605,0.297,60.0,-1.0,-1.0,-1.0,-1.0,-1.0,0.0,0.0,0.0,0.0,0.0,0.0,6593.360907,0.681083,0.0,2353,1407205,1407205,1.0,1792,1792,1.0,120085,1,0,S10|M2_LONG_LINK|21|A|L2|F1,false,false,true,/home/cyfer/FYP/WSN_simulation_V3/runs/S10_5000/outputs_production_50seed_part21_25/run_campaign_v3_S10_M2_LONG_LINK_A_L2_F1_H0_seed021_21_20260603_090337
campaign_v3_S10_M2_LONG_LINK_A_L2_F1_H0_seed022,campaign_v3_S10_M2_LONG_LINK_A_L2_F1_H0_seed022_22_20260603_090603,S10,5000,200,6,M2_LONG_LINK,22,A,L2,F1,H0,V2,map_S10_M2_LONG_LINK_seed022,021d5399b7444352e994ae352a371c9d3190578d4b67337901650d29a9bd2a77,101.676,351.575,201.407,405.682,25,786,2.9947,0.3022,60.0,-1.0,-1.0,-1.0,-1.0,-1.0,0.0,0.0,0.0,0.0,0.0,0.0,6647.336516,0.670211,0.0,2384,1409320,1409320,1.0,1792,1792,1.0,120040,1,0,S10|M2_LONG_LINK|22|A|L2|F1,false,false,true,/home/cyfer/FYP/WSN_simulation_V3/runs/S10_5000/outputs_production_50seed_part21_25/run_campaign_v3_S10_M2_LONG_LINK_A_L2_F1_H0_seed022_22_20260603_090603
campaign_v3_S10_M2_LONG_LINK_A_L2_F1_H0_seed023,campaign_v3_S10_M2_LONG_LINK_A_L2_F1_H0_seed023_23_20260603_090835,S10,5000,200,6,M2_LONG_LINK,23,A,L2,F1,H0,V2,map_S10_M2_LONG_LINK_seed023,c8d1fd65f423f1fd36c525165ad6bcf5e44c3c517e00bd1a91b2e4ca8fc75264,97.616,350.336,199.111,386.975,25,750,2.9308,0.2908,60.0,-1.0,-1.0,-1.0,-1.0,-1.0,0.0,0.0,0.0,0.0,0.0,0.0,6606.091082,0.678537,0.0,2363,1407440,1407440,1.0,1792,1792,1.0,120080,1,0,S10|M2_LONG_LINK|23|A|L2|F1,false,false,true,/home/cyfer/FYP/WSN_simulation_V3/runs/S10_5000/outputs_production_50seed_part21_25/run_campaign_v3_S10_M2_LONG_LINK_A_L2_F1_H0_seed023_23_20260603_090835
campaign_v3_S10_M2_LONG_LINK_A_L2_F1_H0_seed024,campaign_v3_S10_M2_LONG_LINK_A_L2_F1_H0_seed024_24_20260603_091101,S10,5000,200,6,M2_LONG_LINK,24,A,L2,F1,H0,V2,map_S10_M2_LONG_LINK_seed024,d78969f103ba1079eb50d1239cb46c9b8cddd76468546d03e22c5f1c9e3b8b33,101.468,345.133,199.827,407.077,25,775,2.9359,0.3056,60.0,-1.0,-1.0,-1.0,-1.0,-1.0,0.0,0.0,0.0,0.0,0.0,0.0,6577.294165,0.684279,0.0,2347,1407675,1407675,1.0,1783,1783,1.0,120075,1,0,S10|M2_LONG_LINK|24|A|L2|F1,false,false,true,/home/cyfer/FYP/WSN_simulation_V3/runs/S10_5000/outputs_production_50seed_part21_25/run_campaign_v3_S10_M2_LONG_LINK_A_L2_F1_H0_seed024_24_20260603_091101
campaign_v3_S10_M2_LONG_LINK_A_L2_F1_H0_seed025,campaign_v3_S10_M2_LONG_LINK_A_L2_F1_H0_seed025_25_20260603_091332,S10,5000,200,6,M2_LONG_LINK,25,A,L2,F1,H0,V2,map_S10_M2_LONG_LINK_seed025,e17387606cacbf25bbbf3856adf89dfe4395b7323d696ad0df909a4fe44048f6,99.721,352.218,198.269,409.914,25,765,3.2095,0.295,60.0,-1.0,-1.0,-1.0,-1.0,-1.0,0.0,0.0,0.0,0.0,0.0,0.0,6617.615304,0.676264,0.0,2367,1406500,1406500,1.0,1792,1792,1.0,120100,1,0,S10|M2_LONG_LINK|25|A|L2|F1,false,false,true,/home/cyfer/FYP/WSN_simulation_V3/runs/S10_5000/outputs_production_50seed_part21_25/run_campaign_v3_S10_M2_LONG_LINK_A_L2_F1_H0_seed025_25_20260603_091332
campaign_v3_S10_M2_LONG_LINK_A_L2_F1_H1_seed021,campaign_v3_S10_M2_LONG_LINK_A_L2_F1_H1_seed021_21_20260603_090347,S10,5000,200,6,M2_LONG_LINK,21,A,L2,F1,H1,V3,map_S10_M2_LONG_LINK_seed021,764bccd97a22d342e8f1f357e86ccda2c6af6bc98fc22f021fe875bf4c6dd3b4,98.168,339.61,197.676,400.964,25,634,2.7605,0.297,60.0,18.959,78.959,138.959,140.0,80.0,6.438,3.0,1.0,0.027,1.0,0.119,6601.136333,0.679528,0.0,2354,1409857,1409857,1.0,1797,1797,1.0,120000,0,1,S10|M2_LONG_LINK|21|A|L2|F1,true,false,false,/home/cyfer/FYP/WSN_simulation_V3/runs/S10_5000/outputs_production_50seed_part21_25/run_campaign_v3_S10_M2_LONG_LINK_A_L2_F1_H1_seed021_21_20260603_090347
campaign_v3_S10_M2_LONG_LINK_A_L2_F1_H1_seed022,campaign_v3_S10_M2_LONG_LINK_A_L2_F1_H1_seed022_22_20260603_090612,S10,5000,200,6,M2_LONG_LINK,22,A,L2,F1,H1,V3,map_S10_M2_LONG_LINK_seed022,021d5399b7444352e994ae352a371c9d3190578d4b67337901650d29a9bd2a77,101.676,351.575,201.407,405.682,25,786,2.9947,0.3022,60.0,19.552,79.552,139.552,140.0,80.0,6.61,3.0,1.0,0.01,1.0,0.193,6651.482015,0.669382,0.0,2384,1410560,1410560,1.0,1797,1797,1.0,120000,0,1,S10|M2_LONG_LINK|22|A|L2|F1,true,false,false,/home/cyfer/FYP/WSN_simulation_V3/runs/S10_5000/outputs_production_50seed_part21_25/run_campaign_v3_S10_M2_LONG_LINK_A_L2_F1_H1_seed022_22_20260603_090612
campaign_v3_S10_M2_LONG_LINK_A_L2_F1_H1_seed023,campaign_v3_S10_M2_LONG_LINK_A_L2_F1_H1_seed023_23_20260603_090844,S10,5000,200,6,M2_LONG_LINK,23,A,L2,F1,H1,V3,map_S10_M2_LONG_LINK_seed023,c8d1fd65f423f1fd36c525165ad6bcf5e44c3c517e00bd1a91b2e4ca8fc75264,97.616,350.336,199.111,386.975,25,750,2.9308,0.2908,60.0,19.001,79.001,139.001,140.0,80.0,6.576,3.0,1.0,0.021,1.0,0.171,6614.103242,0.676935,0.0,2364,1409920,1409920,1.0,1797,1797,1.0,120000,0,1,S10|M2_LONG_LINK|23|A|L2|F1,true,false,false,/home/cyfer/FYP/WSN_simulation_V3/runs/S10_5000/outputs_production_50seed_part21_25/run_campaign_v3_S10_M2_LONG_LINK_A_L2_F1_H1_seed023_23_20260603_090844
campaign_v3_S10_M2_LONG_LINK_A_L2_F1_H1_seed024,campaign_v3_S10_M2_LONG_LINK_A_L2_F1_H1_seed024_24_20260603_091112,S10,5000,200,6,M2_LONG_LINK,24,A,L2,F1,H1,V3,map_S10_M2_LONG_LINK_seed024,d78969f103ba1079eb50d1239cb46c9b8cddd76468546d03e22c5f1c9e3b8b33,101.468,345.133,199.827,407.077,25,775,2.9359,0.3056,60.0,18.803,78.803,138.803,140.0,80.0,6.223,3.0,1.0,0.019,1.0,0.055,6584.496978,0.682838,0.0,2348,1410015,1410015,1.0,1788,1788,1.0,120000,0,1,S10|M2_LONG_LINK|24|A|L2|F1,true,false,false,/home/cyfer/FYP/WSN_simulation_V3/runs/S10_5000/outputs_production_50seed_part21_25/run_campaign_v3_S10_M2_LONG_LINK_A_L2_F1_H1_seed024_24_20260603_091112
campaign_v3_S10_M2_LONG_LINK_A_L2_F1_H1_seed025,campaign_v3_S10_M2_LONG_LINK_A_L2_F1_H1_seed025_25_20260603_091341,S10,5000,200,6,M2_LONG_LINK,25,A,L2,F1,H1,V3,map_S10_M2_LONG_LINK_seed025,e17387606cacbf25bbbf3856adf89dfe4395b7323d696ad0df909a4fe44048f6,99.721,352.218,198.269,409.914,25,765,3.2095,0.295,60.0,18.995,78.995,138.995,140.0,80.0,6.313,3.0,1.0,0.026,1.0,0.078,6626.956951,0.674395,0.0,2368,1409620,1409620,1.0,1797,1797,1.0,120000,0,1,S10|M2_LONG_LINK|25|A|L2|F1,true,false,false,/home/cyfer/FYP/WSN_simulation_V3/runs/S10_5000/outputs_production_50seed_part21_25/run_campaign_v3_S10_M2_LONG_LINK_A_L2_F1_H1_seed025_25_20260603_091341
campaign_v3_S10_M2_LONG_LINK_A_L2_F1_H3_seed021,campaign_v3_S10_M2_LONG_LINK_A_L2_F1_H3_seed021_21_20260603_090351,S10,5000,200,6,M2_LONG_LINK,21,A,L2,F1,H3,V3,map_S10_M2_LONG_LINK_seed021,764bccd97a22d342e8f1f357e86ccda2c6af6bc98fc22f021fe875bf4c6dd3b4,98.168,339.61,197.676,400.964,25,634,2.7605,0.297,60.0,24.665,84.665,144.665,150.0,90.0,6.438,3.0,1.0,0.027,1.0,0.119,6597.491171,0.680257,0.0,2353,1408555,1408555,1.0,1797,1797,1.0,119800,0,1,S10|M2_LONG_LINK|21|A|L2|F1,true,false,false,/home/cyfer/FYP/WSN_simulation_V3/runs/S10_5000/outputs_production_50seed_part21_25/run_campaign_v3_S10_M2_LONG_LINK_A_L2_F1_H3_seed021_21_20260603_090351
campaign_v3_S10_M2_LONG_LINK_A_L2_F1_H3_seed022,campaign_v3_S10_M2_LONG_LINK_A_L2_F1_H3_seed022_22_20260603_090616,S10,5000,200,6,M2_LONG_LINK,22,A,L2,F1,H3,V3,map_S10_M2_LONG_LINK_seed022,021d5399b7444352e994ae352a371c9d3190578d4b67337901650d29a9bd2a77,101.676,351.575,201.407,405.682,25,786,2.9947,0.3022,60.0,25.172,85.172,145.172,150.0,90.0,6.61,3.0,1.0,0.01,1.0,0.193,6649.42501,0.669794,0.0,2384,1409916,1409916,1.0,1797,1797,1.0,119900,0,1,S10|M2_LONG_LINK|22|A|L2|F1,true,false,false,/home/cyfer/FYP/WSN_simulation_V3/runs/S10_5000/outputs_production_50seed_part21_25/run_campaign_v3_S10_M2_LONG_LINK_A_L2_F1_H3_seed022_22_20260603_090616
campaign_v3_S10_M2_LONG_LINK_A_L2_F1_H3_seed023,campaign_v3_S10_M2_LONG_LINK_A_L2_F1_H3_seed023_23_20260603_090848,S10,5000,200,6,M2_LONG_LINK,23,A,L2,F1,H3,V3,map_S10_M2_LONG_LINK_seed023,c8d1fd65f423f1fd36c525165ad6bcf5e44c3c517e00bd1a91b2e4ca8fc75264,97.616,350.336,199.111,386.975,25,750,2.9308,0.2908,60.0,25.077,85.077,145.077,150.0,90.0,6.576,3.0,1.0,0.021,1.0,0.171,6610.574585,0.677641,0.0,2363,1408632,1408632,1.0,1797,1797,1.0,119800,0,1,S10|M2_LONG_LINK|23|A|L2|F1,true,false,false,/home/cyfer/FYP/WSN_simulation_V3/runs/S10_5000/outputs_production_50seed_part21_25/run_campaign_v3_S10_M2_LONG_LINK_A_L2_F1_H3_seed023_23_20260603_090848
campaign_v3_S10_M2_LONG_LINK_A_L2_F1_H3_seed024,campaign_v3_S10_M2_LONG_LINK_A_L2_F1_H3_seed024_24_20260603_091116,S10,5000,200,6,M2_LONG_LINK,24,A,L2,F1,H3,V3,map_S10_M2_LONG_LINK_seed024,d78969f103ba1079eb50d1239cb46c9b8cddd76468546d03e22c5f1c9e3b8b33,101.468,345.133,199.827,407.077,25,775,2.9359,0.3056,60.0,24.943,84.943,144.943,150.0,90.0,6.223,3.0,1.0,0.019,1.0,0.055,6581.029277,0.683532,0.0,2347,1408875,1408875,1.0,1788,1788,1.0,119825,0,1,S10|M2_LONG_LINK|24|A|L2|F1,true,false,false,/home/cyfer/FYP/WSN_simulation_V3/runs/S10_5000/outputs_production_50seed_part21_25/run_campaign_v3_S10_M2_LONG_LINK_A_L2_F1_H3_seed024_24_20260603_091116
campaign_v3_S10_M2_LONG_LINK_A_L2_F1_H3_seed025,campaign_v3_S10_M2_LONG_LINK_A_L2_F1_H3_seed025_25_20260603_091345,S10,5000,200,6,M2_LONG_LINK,25,A,L2,F1,H3,V3,map_S10_M2_LONG_LINK_seed025,e17387606cacbf25bbbf3856adf89dfe4395b7323d696ad0df909a4fe44048f6,99.721,352.218,198.269,409.914,25,765,3.2095,0.295,60.0,25.18,85.18,145.18,150.0,90.0,6.313,3.0,1.0,0.026,1.0,0.078,6622.758938,0.675235,0.0,2368,1407990,1407990,1.0,1797,1797,1.0,119750,0,1,S10|M2_LONG_LINK|25|A|L2|F1,true,false,false,/home/cyfer/FYP/WSN_simulation_V3/runs/S10_5000/outputs_production_50seed_part21_25/run_campaign_v3_S10_M2_LONG_LINK_A_L2_F1_H3_seed025_25_20260603_091345
campaign_v3_S10_M2_LONG_LINK_A_L2_F1_H4_seed021,campaign_v3_S10_M2_LONG_LINK_A_L2_F1_H4_seed021_21_20260603_090355,S10,5000,200,6,M2_LONG_LINK,21,A,L2,F1,H4,V3,map_S10_M2_LONG_LINK_seed021,764bccd97a22d342e8f1f357e86ccda2c6af6bc98fc22f021fe875bf4c6dd3b4,98.168,339.61,197.676,400.964,25,634,2.7605,0.297,60.0,29.122,89.122,149.122,150.0,90.0,6.438,3.0,1.0,0.027,1.0,0.119,6597.342788,0.680286,0.0,2353,1408530,1408530,1.0,1797,1797,1.0,119804,0,1,S10|M2_LONG_LINK|21|A|L2|F1,true,false,false,/home/cyfer/FYP/WSN_simulation_V3/runs/S10_5000/outputs_production_50seed_part21_25/run_campaign_v3_S10_M2_LONG_LINK_A_L2_F1_H4_seed021_21_20260603_090355
campaign_v3_S10_M2_LONG_LINK_A_L2_F1_H4_seed022,campaign_v3_S10_M2_LONG_LINK_A_L2_F1_H4_seed022_22_20260603_090621,S10,5000,200,6,M2_LONG_LINK,22,A,L2,F1,H4,V3,map_S10_M2_LONG_LINK_seed022,021d5399b7444352e994ae352a371c9d3190578d4b67337901650d29a9bd2a77,101.676,351.575,201.407,405.682,25,786,2.9947,0.3022,60.0,29.452,89.452,149.452,150.0,90.0,6.61,3.0,1.0,0.01,1.0,0.193,6648.193521,0.67004,0.0,2383,1409485,1409485,1.0,1797,1797,1.0,119829,0,1,S10|M2_LONG_LINK|22|A|L2|F1,true,false,false,/home/cyfer/FYP/WSN_simulation_V3/runs/S10_5000/outputs_production_50seed_part21_25/run_campaign_v3_S10_M2_LONG_LINK_A_L2_F1_H4_seed022_22_20260603_090621
campaign_v3_S10_M2_LONG_LINK_A_L2_F1_H4_seed023,campaign_v3_S10_M2_LONG_LINK_A_L2_F1_H4_seed023_23_20260603_090853,S10,5000,200,6,M2_LONG_LINK,23,A,L2,F1,H4,V3,map_S10_M2_LONG_LINK_seed023,c8d1fd65f423f1fd36c525165ad6bcf5e44c3c517e00bd1a91b2e4ca8fc75264,97.616,350.336,199.111,386.975,25,750,2.9308,0.2908,60.0,28.577,88.577,148.577,150.0,90.0,6.576,3.0,1.0,0.021,1.0,0.171,6607.687642,0.678218,0.0,2364,1407314,1407314,1.0,1797,1797,1.0,119579,0,1,S10|M2_LONG_LINK|23|A|L2|F1,true,false,false,/home/cyfer/FYP/WSN_simulation_V3/runs/S10_5000/outputs_production_50seed_part21_25/run_campaign_v3_S10_M2_LONG_LINK_A_L2_F1_H4_seed023_23_20260603_090853
campaign_v3_S10_M2_LONG_LINK_A_L2_F1_H4_seed024,campaign_v3_S10_M2_LONG_LINK_A_L2_F1_H4_seed024_24_20260603_091120,S10,5000,200,6,M2_LONG_LINK,24,A,L2,F1,H4,V3,map_S10_M2_LONG_LINK_seed024,d78969f103ba1079eb50d1239cb46c9b8cddd76468546d03e22c5f1c9e3b8b33,101.468,345.133,199.827,407.077,25,775,2.9359,0.3056,60.0,28.616,88.616,148.616,150.0,90.0,6.223,3.0,1.0,0.019,1.0,0.055,6580.665598,0.683605,0.0,2347,1408571,1408571,1.0,1788,1788,1.0,119779,0,1,S10|M2_LONG_LINK|24|A|L2|F1,true,false,false,/home/cyfer/FYP/WSN_simulation_V3/runs/S10_5000/outputs_production_50seed_part21_25/run_campaign_v3_S10_M2_LONG_LINK_A_L2_F1_H4_seed024_24_20260603_091120
campaign_v3_S10_M2_LONG_LINK_A_L2_F1_H4_seed025,campaign_v3_S10_M2_LONG_LINK_A_L2_F1_H4_seed025_25_20260603_091350,S10,5000,200,6,M2_LONG_LINK,25,A,L2,F1,H4,V3,map_S10_M2_LONG_LINK_seed025,e17387606cacbf25bbbf3856adf89dfe4395b7323d696ad0df909a4fe44048f6,99.721,352.218,198.269,409.914,25,765,3.2095,0.295,60.0,28.316,88.316,148.316,150.0,90.0,6.313,3.0,1.0,0.026,1.0,0.078,6621.547805,0.675477,0.0,2368,1407542,1407542,1.0,1797,1797,1.0,119679,0,1,S10|M2_LONG_LINK|25|A|L2|F1,true,false,false,/home/cyfer/FYP/WSN_simulation_V3/runs/S10_5000/outputs_production_50seed_part21_25/run_campaign_v3_S10_M2_LONG_LINK_A_L2_F1_H4_seed025_25_20260603_091350
campaign_v3_S10_M2_LONG_LINK_A_L2_F2_H0_seed021,campaign_v3_S10_M2_LONG_LINK_A_L2_F2_H0_seed021_21_20260603_090342,S10,5000,200,6,M2_LONG_LINK,21,A,L2,F2,H0,V2,map_S10_M2_LONG_LINK_seed021,764bccd97a22d342e8f1f357e86ccda2c6af6bc98fc22f021fe875bf4c6dd3b4,98.168,339.61,197.676,400.964,25,634,2.7605,0.297,60.0,-1.0,-1.0,-1.0,-1.0,-1.0,0.0,0.0,0.0,0.0,0.0,0.0,6597.987274,0.680403,0.0,2352,1409320,1409320,1.0,1792,1792,1.0,120040,1,0,S10|M2_LONG_LINK|21|A|L2|F2,false,false,true,/home/cyfer/FYP/WSN_simulation_V3/runs/S10_5000/outputs_production_50seed_part21_25/run_campaign_v3_S10_M2_LONG_LINK_A_L2_F2_H0_seed021_21_20260603_090342
campaign_v3_S10_M2_LONG_LINK_A_L2_F2_H0_seed022,campaign_v3_S10_M2_LONG_LINK_A_L2_F2_H0_seed022_22_20260603_090607,S10,5000,200,6,M2_LONG_LINK,22,A,L2,F2,H0,V2,map_S10_M2_LONG_LINK_seed022,021d5399b7444352e994ae352a371c9d3190578d4b67337901650d29a9bd2a77,101.676,351.575,201.407,405.682,25,786,2.9947,0.3022,60.0,-1.0,-1.0,-1.0,-1.0,-1.0,0.0,0.0,0.0,0.0,0.0,0.0,6648.711749,0.670258,0.0,2383,1409555,1409555,1.0,1792,1792,1.0,120035,1,0,S10|M2_LONG_LINK|22|A|L2|F2,false,false,true,/home/cyfer/FYP/WSN_simulation_V3/runs/S10_5000/outputs_production_50seed_part21_25/run_campaign_v3_S10_M2_LONG_LINK_A_L2_F2_H0_seed022_22_20260603_090607
campaign_v3_S10_M2_LONG_LINK_A_L2_F2_H0_seed023,campaign_v3_S10_M2_LONG_LINK_A_L2_F2_H0_seed023_23_20260603_090839,S10,5000,200,6,M2_LONG_LINK,23,A,L2,F2,H0,V2,map_S10_M2_LONG_LINK_seed023,c8d1fd65f423f1fd36c525165ad6bcf5e44c3c517e00bd1a91b2e4ca8fc75264,97.616,350.336,199.111,386.975,25,750,2.9308,0.2908,60.0,-1.0,-1.0,-1.0,-1.0,-1.0,0.0,0.0,0.0,0.0,0.0,0.0,6606.240266,0.678752,0.0,2362,1407205,1407205,1.0,1792,1792,1.0,120085,1,0,S10|M2_LONG_LINK|23|A|L2|F2,false,false,true,/home/cyfer/FYP/WSN_simulation_V3/runs/S10_5000/outputs_production_50seed_part21_25/run_campaign_v3_S10_M2_LONG_LINK_A_L2_F2_H0_seed023_23_20260603_090839
campaign_v3_S10_M2_LONG_LINK_A_L2_F2_H0_seed024,campaign_v3_S10_M2_LONG_LINK_A_L2_F2_H0_seed024_24_20260603_091107,S10,5000,200,6,M2_LONG_LINK,24,A,L2,F2,H0,V2,map_S10_M2_LONG_LINK_seed024,d78969f103ba1079eb50d1239cb46c9b8cddd76468546d03e22c5f1c9e3b8b33,101.468,345.133,199.827,407.077,25,775,2.9359,0.3056,60.0,-1.0,-1.0,-1.0,-1.0,-1.0,0.0,0.0,0.0,0.0,0.0,0.0,6580.760778,0.683848,0.0,2346,1409085,1409085,1.0,1783,1783,1.0,120045,1,0,S10|M2_LONG_LINK|24|A|L2|F2,false,false,true,/home/cyfer/FYP/WSN_simulation_V3/runs/S10_5000/outputs_production_50seed_part21_25/run_campaign_v3_S10_M2_LONG_LINK_A_L2_F2_H0_seed024_24_20260603_091107
campaign_v3_S10_M2_LONG_LINK_A_L2_F2_H0_seed025,campaign_v3_S10_M2_LONG_LINK_A_L2_F2_H0_seed025_25_20260603_091336,S10,5000,200,6,M2_LONG_LINK,25,A,L2,F2,H0,V2,map_S10_M2_LONG_LINK_seed025,e17387606cacbf25bbbf3856adf89dfe4395b7323d696ad0df909a4fe44048f6,99.721,352.218,198.269,409.914,25,765,3.2095,0.295,60.0,-1.0,-1.0,-1.0,-1.0,-1.0,0.0,0.0,0.0,0.0,0.0,0.0,6620.94864,0.67581,0.0,2366,1408145,1408145,1.0,1792,1792,1.0,120065,1,0,S10|M2_LONG_LINK|25|A|L2|F2,false,false,true,/home/cyfer/FYP/WSN_simulation_V3/runs/S10_5000/outputs_production_50seed_part21_25/run_campaign_v3_S10_M2_LONG_LINK_A_L2_F2_H0_seed025_25_20260603_091336
campaign_v3_S10_M2_LONG_LINK_A_L2_F2_H1_seed021,campaign_v3_S10_M2_LONG_LINK_A_L2_F2_H1_seed021_21_20260603_090400,S10,5000,200,6,M2_LONG_LINK,21,A,L2,F2,H1,V3,map_S10_M2_LONG_LINK_seed021,764bccd97a22d342e8f1f357e86ccda2c6af6bc98fc22f021fe875bf4c6dd3b4,98.168,339.61,197.676,400.964,25,634,2.7605,0.297,60.0,24.777,84.777,144.777,150.0,90.0,3.859,3.0,1.0,0.013,0.181,0.092,6601.744662,0.679651,0.0,2352,1410520,1410520,1.0,1797,1797,1.0,120000,0,1,S10|M2_LONG_LINK|21|A|L2|F2,true,false,false,/home/cyfer/FYP/WSN_simulation_V3/runs/S10_5000/outputs_production_50seed_part21_25/run_campaign_v3_S10_M2_LONG_LINK_A_L2_F2_H1_seed021_21_20260603_090400
campaign_v3_S10_M2_LONG_LINK_A_L2_F2_H1_seed022,campaign_v3_S10_M2_LONG_LINK_A_L2_F2_H1_seed022_22_20260603_090625,S10,5000,200,6,M2_LONG_LINK,22,A,L2,F2,H1,V3,map_S10_M2_LONG_LINK_seed022,021d5399b7444352e994ae352a371c9d3190578d4b67337901650d29a9bd2a77,101.676,351.575,201.407,405.682,25,786,2.9947,0.3022,60.0,24.11,84.11,144.11,150.0,90.0,3.823,3.0,1.0,0.009,0.161,0.104,6652.065135,0.669587,0.0,2383,1410605,1410605,1.0,1797,1797,1.0,120000,0,1,S10|M2_LONG_LINK|22|A|L2|F2,true,false,false,/home/cyfer/FYP/WSN_simulation_V3/runs/S10_5000/outputs_production_50seed_part21_25/run_campaign_v3_S10_M2_LONG_LINK_A_L2_F2_H1_seed022_22_20260603_090625
campaign_v3_S10_M2_LONG_LINK_A_L2_F2_H1_seed023,campaign_v3_S10_M2_LONG_LINK_A_L2_F2_H1_seed023_23_20260603_090857,S10,5000,200,6,M2_LONG_LINK,23,A,L2,F2,H1,V3,map_S10_M2_LONG_LINK_seed023,c8d1fd65f423f1fd36c525165ad6bcf5e44c3c517e00bd1a91b2e4ca8fc75264,97.616,350.336,199.111,386.975,25,750,2.9308,0.2908,60.0,24.677,84.677,144.677,150.0,90.0,4.499,3.0,1.0,0.023,0.402,0.075,6614.505999,0.677099,0.0,2363,1409755,1409755,1.0,1797,1797,1.0,120000,0,1,S10|M2_LONG_LINK|23|A|L2|F2,true,false,false,/home/cyfer/FYP/WSN_simulation_V3/runs/S10_5000/outputs_production_50seed_part21_25/run_campaign_v3_S10_M2_LONG_LINK_A_L2_F2_H1_seed023_23_20260603_090857
campaign_v3_S10_M2_LONG_LINK_A_L2_F2_H1_seed024,campaign_v3_S10_M2_LONG_LINK_A_L2_F2_H1_seed024_24_20260603_091125,S10,5000,200,6,M2_LONG_LINK,24,A,L2,F2,H1,V3,map_S10_M2_LONG_LINK_seed024,d78969f103ba1079eb50d1239cb46c9b8cddd76468546d03e22c5f1c9e3b8b33,101.468,345.133,199.827,407.077,25,775,2.9359,0.3056,60.0,24.121,84.121,144.121,150.0,90.0,4.05,3.0,1.0,0.012,0.203,0.136,6584.875008,0.683025,0.0,2346,1410435,1410435,1.0,1788,1788,1.0,120000,0,1,S10|M2_LONG_LINK|24|A|L2|F2,true,false,false,/home/cyfer/FYP/WSN_simulation_V3/runs/S10_5000/outputs_production_50seed_part21_25/run_campaign_v3_S10_M2_LONG_LINK_A_L2_F2_H1_seed024_24_20260603_091125
campaign_v3_S10_M2_LONG_LINK_A_L2_F2_H1_seed025,campaign_v3_S10_M2_LONG_LINK_A_L2_F2_H1_seed025_25_20260603_091354,S10,5000,200,6,M2_LONG_LINK,25,A,L2,F2,H1,V3,map_S10_M2_LONG_LINK_seed025,e17387606cacbf25bbbf3856adf89dfe4395b7323d696ad0df909a4fe44048f6,99.721,352.218,198.269,409.914,25,765,3.2095,0.295,60.0,25.123,85.123,145.123,150.0,90.0,4.416,3.0,1.0,0.017,0.312,0.143,6627.338776,0.674532,0.0,2367,1410082,1410082,1.0,1797,1797,1.0,120000,0,1,S10|M2_LONG_LINK|25|A|L2|F2,true,false,false,/home/cyfer/FYP/WSN_simulation_V3/runs/S10_5000/outputs_production_50seed_part21_25/run_campaign_v3_S10_M2_LONG_LINK_A_L2_F2_H1_seed025_25_20260603_091354
campaign_v3_S10_M2_LONG_LINK_A_L2_F2_H3_seed021,campaign_v3_S10_M2_LONG_LINK_A_L2_F2_H3_seed021_21_20260603_090402,S10,5000,200,6,M2_LONG_LINK,21,A,L2,F2,H3,V3,map_S10_M2_LONG_LINK_seed021,764bccd97a22d342e8f1f357e86ccda2c6af6bc98fc22f021fe875bf4c6dd3b4,98.168,339.61,197.676,400.964,25,634,2.7605,0.297,60.0,30.423,90.423,150.423,160.0,100.0,3.859,3.0,1.0,0.013,0.181,0.092,6599.666037,0.680067,0.0,2352,1409896,1409896,1.0,1796,1796,1.0,119900,0,1,S10|M2_LONG_LINK|21|A|L2|F2,true,false,false,/home/cyfer/FYP/WSN_simulation_V3/runs/S10_5000/outputs_production_50seed_part21_25/run_campaign_v3_S10_M2_LONG_LINK_A_L2_F2_H3_seed021_21_20260603_090402
campaign_v3_S10_M2_LONG_LINK_A_L2_F2_H3_seed022,campaign_v3_S10_M2_LONG_LINK_A_L2_F2_H3_seed022_22_20260603_090627,S10,5000,200,6,M2_LONG_LINK,22,A,L2,F2,H3,V3,map_S10_M2_LONG_LINK_seed022,021d5399b7444352e994ae352a371c9d3190578d4b67337901650d29a9bd2a77,101.676,351.575,201.407,405.682,25,786,2.9947,0.3022,60.0,30.291,90.291,150.291,160.0,100.0,3.823,3.0,1.0,0.009,0.161,0.104,6650.581508,0.669884,0.0,2383,1410131,1410131,1.0,1796,1796,1.0,119925,0,1,S10|M2_LONG_LINK|22|A|L2|F2,true,false,false,/home/cyfer/FYP/WSN_simulation_V3/runs/S10_5000/outputs_production_50seed_part21_25/run_campaign_v3_S10_M2_LONG_LINK_A_L2_F2_H3_seed022_22_20260603_090627
campaign_v3_S10_M2_LONG_LINK_A_L2_F2_H3_seed023,campaign_v3_S10_M2_LONG_LINK_A_L2_F2_H3_seed023_23_20260603_090859,S10,5000,200,6,M2_LONG_LINK,23,A,L2,F2,H3,V3,map_S10_M2_LONG_LINK_seed023,c8d1fd65f423f1fd36c525165ad6bcf5e44c3c517e00bd1a91b2e4ca8fc75264,97.616,350.336,199.111,386.975,25,750,2.9308,0.2908,60.0,31.325,91.325,151.325,160.0,100.0,4.499,3.0,1.0,0.023,0.402,0.075,6610.608967,0.677878,0.0,2362,1408492,1408492,1.0,1796,1796,1.0,119800,0,1,S10|M2_LONG_LINK|23|A|L2|F2,true,false,false,/home/cyfer/FYP/WSN_simulation_V3/runs/S10_5000/outputs_production_50seed_part21_25/run_campaign_v3_S10_M2_LONG_LINK_A_L2_F2_H3_seed023_23_20260603_090859
campaign_v3_S10_M2_LONG_LINK_A_L2_F2_H3_seed024,campaign_v3_S10_M2_LONG_LINK_A_L2_F2_H3_seed024_24_20260603_091126,S10,5000,200,6,M2_LONG_LINK,24,A,L2,F2,H3,V3,map_S10_M2_LONG_LINK_seed024,d78969f103ba1079eb50d1239cb46c9b8cddd76468546d03e22c5f1c9e3b8b33,101.468,345.133,199.827,407.077,25,775,2.9359,0.3056,60.0,30.462,90.462,150.462,160.0,100.0,4.05,3.0,1.0,0.012,0.203,0.136,6582.872851,0.683425,0.0,2346,1409805,1409805,1.0,1787,1787,1.0,119900,0,1,S10|M2_LONG_LINK|24|A|L2|F2,true,false,false,/home/cyfer/FYP/WSN_simulation_V3/runs/S10_5000/outputs_production_50seed_part21_25/run_campaign_v3_S10_M2_LONG_LINK_A_L2_F2_H3_seed024_24_20260603_091126
campaign_v3_S10_M2_LONG_LINK_A_L2_F2_H3_seed025,campaign_v3_S10_M2_LONG_LINK_A_L2_F2_H3_seed025_25_20260603_091356,S10,5000,200,6,M2_LONG_LINK,25,A,L2,F2,H3,V3,map_S10_M2_LONG_LINK_seed025,e17387606cacbf25bbbf3856adf89dfe4395b7323d696ad0df909a4fe44048f6,99.721,352.218,198.269,409.914,25,765,3.2095,0.295,60.0,31.14,91.14,151.14,160.0,100.0,4.416,3.0,1.0,0.017,0.312,0.143,6624.39483,0.675121,0.0,2366,1409146,1409146,1.0,1796,1796,1.0,119850,0,1,S10|M2_LONG_LINK|25|A|L2|F2,true,false,false,/home/cyfer/FYP/WSN_simulation_V3/runs/S10_5000/outputs_production_50seed_part21_25/run_campaign_v3_S10_M2_LONG_LINK_A_L2_F2_H3_seed025_25_20260603_091356
campaign_v3_S10_M2_LONG_LINK_A_L2_F2_H4_seed021,campaign_v3_S10_M2_LONG_LINK_A_L2_F2_H4_seed021_21_20260603_090403,S10,5000,200,6,M2_LONG_LINK,21,A,L2,F2,H4,V3,map_S10_M2_LONG_LINK_seed021,764bccd97a22d342e8f1f357e86ccda2c6af6bc98fc22f021fe875bf4c6dd3b4,98.168,339.61,197.676,400.964,25,634,2.7605,0.297,60.0,33.943,93.943,153.943,160.0,100.0,3.859,3.0,1.0,0.013,0.181,0.092,6601.514295,0.679697,0.0,2352,1410448,1410448,1.0,1796,1796,1.0,120000,0,1,S10|M2_LONG_LINK|21|A|L2|F2,true,false,false,/home/cyfer/FYP/WSN_simulation_V3/runs/S10_5000/outputs_production_50seed_part21_25/run_campaign_v3_S10_M2_LONG_LINK_A_L2_F2_H4_seed021_21_20260603_090403
campaign_v3_S10_M2_LONG_LINK_A_L2_F2_H4_seed022,campaign_v3_S10_M2_LONG_LINK_A_L2_F2_H4_seed022_22_20260603_090629,S10,5000,200,6,M2_LONG_LINK,22,A,L2,F2,H4,V3,map_S10_M2_LONG_LINK_seed022,021d5399b7444352e994ae352a371c9d3190578d4b67337901650d29a9bd2a77,101.676,351.575,201.407,405.682,25,786,2.9947,0.3022,60.0,34.464,94.464,154.464,160.0,100.0,3.823,3.0,1.0,0.009,0.161,0.104,6651.836475,0.669633,0.0,2383,1410535,1410535,1.0,1796,1796,1.0,120000,0,1,S10|M2_LONG_LINK|22|A|L2|F2,true,false,false,/home/cyfer/FYP/WSN_simulation_V3/runs/S10_5000/outputs_production_50seed_part21_25/run_campaign_v3_S10_M2_LONG_LINK_A_L2_F2_H4_seed022_22_20260603_090629
campaign_v3_S10_M2_LONG_LINK_A_L2_F2_H4_seed023,campaign_v3_S10_M2_LONG_LINK_A_L2_F2_H4_seed023_23_20260603_090900,S10,5000,200,6,M2_LONG_LINK,23,A,L2,F2,H4,V3,map_S10_M2_LONG_LINK_seed023,c8d1fd65f423f1fd36c525165ad6bcf5e44c3c517e00bd1a91b2e4ca8fc75264,97.616,350.336,199.111,386.975,25,750,2.9308,0.2908,60.0,34.819,94.819,154.819,160.0,100.0,4.499,3.0,1.0,0.023,0.402,0.075,6614.082244,0.677184,0.0,2363,1409585,1409585,1.0,1796,1796,1.0,120000,0,1,S10|M2_LONG_LINK|23|A|L2|F2,true,false,false,/home/cyfer/FYP/WSN_simulation_V3/runs/S10_5000/outputs_production_50seed_part21_25/run_campaign_v3_S10_M2_LONG_LINK_A_L2_F2_H4_seed023_23_20260603_090900
campaign_v3_S10_M2_LONG_LINK_A_L2_F2_H4_seed024,campaign_v3_S10_M2_LONG_LINK_A_L2_F2_H4_seed024_24_20260603_091128,S10,5000,200,6,M2_LONG_LINK,24,A,L2,F2,H4,V3,map_S10_M2_LONG_LINK_seed024,d78969f103ba1079eb50d1239cb46c9b8cddd76468546d03e22c5f1c9e3b8b33,101.468,345.133,199.827,407.077,25,775,2.9359,0.3056,60.0,34.335,94.335,154.335,160.0,100.0,4.05,3.0,1.0,0.012,0.203,0.136,6584.594953,0.683081,0.0,2346,1410345,1410345,1.0,1787,1787,1.0,120000,0,1,S10|M2_LONG_LINK|24|A|L2|F2,true,false,false,/home/cyfer/FYP/WSN_simulation_V3/runs/S10_5000/outputs_production_50seed_part21_25/run_campaign_v3_S10_M2_LONG_LINK_A_L2_F2_H4_seed024_24_20260603_091128
campaign_v3_S10_M2_LONG_LINK_A_L2_F2_H4_seed025,campaign_v3_S10_M2_LONG_LINK_A_L2_F2_H4_seed025_25_20260603_091357,S10,5000,200,6,M2_LONG_LINK,25,A,L2,F2,H4,V3,map_S10_M2_LONG_LINK_seed025,e17387606cacbf25bbbf3856adf89dfe4395b7323d696ad0df909a4fe44048f6,99.721,352.218,198.269,409.914,25,765,3.2095,0.295,60.0,35.1,95.1,155.1,160.0,100.0,4.416,3.0,1.0,0.017,0.312,0.143,6626.957466,0.674609,0.0,2367,1409952,1409952,1.0,1796,1796,1.0,120000,0,1,S10|M2_LONG_LINK|25|A|L2|F2,true,false,false,/home/cyfer/FYP/WSN_simulation_V3/runs/S10_5000/outputs_production_50seed_part21_25/run_campaign_v3_S10_M2_LONG_LINK_A_L2_F2_H4_seed025_25_20260603_091357
campaign_v3_S10_M2_LONG_LINK_A_L2_F3_H0_seed021,campaign_v3_S10_M2_LONG_LINK_A_L2_F3_H0_seed021_21_20260603_090344,S10,5000,200,6,M2_LONG_LINK,21,A,L2,F3,H0,V2,map_S10_M2_LONG_LINK_seed021,764bccd97a22d342e8f1f357e86ccda2c6af6bc98fc22f021fe875bf4c6dd3b4,98.168,339.61,197.676,400.964,25,634,2.7605,0.297,60.0,-1.0,-1.0,-1.0,-1.0,-1.0,0.0,0.0,0.0,0.0,0.0,0.0,6592.08725,0.681583,0.0,2352,1406970,1406970,1.0,1792,1792,1.0,120090,1,0,S10|M2_LONG_LINK|21|A|L2|F3,false,false,true,/home/cyfer/FYP/WSN_simulation_V3/runs/S10_5000/outputs_production_50seed_part21_25/run_campaign_v3_S10_M2_LONG_LINK_A_L2_F3_H0_seed021_21_20260603_090344
campaign_v3_S10_M2_LONG_LINK_A_L2_F3_H0_seed022,campaign_v3_S10_M2_LONG_LINK_A_L2_F3_H0_seed022_22_20260603_090609,S10,5000,200,6,M2_LONG_LINK,22,A,L2,F3,H0,V2,map_S10_M2_LONG_LINK_seed022,021d5399b7444352e994ae352a371c9d3190578d4b67337901650d29a9bd2a77,101.676,351.575,201.407,405.682,25,786,2.9947,0.3022,60.0,-1.0,-1.0,-1.0,-1.0,-1.0,0.0,0.0,0.0,0.0,0.0,0.0,6645.63366,0.670873,0.0,2383,1408380,1408380,1.0,1792,1792,1.0,120060,1,0,S10|M2_LONG_LINK|22|A|L2|F3,false,false,true,/home/cyfer/FYP/WSN_simulation_V3/runs/S10_5000/outputs_production_50seed_part21_25/run_campaign_v3_S10_M2_LONG_LINK_A_L2_F3_H0_seed022_22_20260603_090609
campaign_v3_S10_M2_LONG_LINK_A_L2_F3_H0_seed023,campaign_v3_S10_M2_LONG_LINK_A_L2_F3_H0_seed023_23_20260603_090841,S10,5000,200,6,M2_LONG_LINK,23,A,L2,F3,H0,V2,map_S10_M2_LONG_LINK_seed023,c8d1fd65f423f1fd36c525165ad6bcf5e44c3c517e00bd1a91b2e4ca8fc75264,97.616,350.336,199.111,386.975,25,750,2.9308,0.2908,60.0,-1.0,-1.0,-1.0,-1.0,-1.0,0.0,0.0,0.0,0.0,0.0,0.0,6609.758757,0.678048,0.0,2362,1408380,1408380,1.0,1792,1792,1.0,120060,1,0,S10|M2_LONG_LINK|23|A|L2|F3,false,false,true,/home/cyfer/FYP/WSN_simulation_V3/runs/S10_5000/outputs_production_50seed_part21_25/run_campaign_v3_S10_M2_LONG_LINK_A_L2_F3_H0_seed023_23_20260603_090841
campaign_v3_S10_M2_LONG_LINK_A_L2_F3_H0_seed024,campaign_v3_S10_M2_LONG_LINK_A_L2_F3_H0_seed024_24_20260603_091108,S10,5000,200,6,M2_LONG_LINK,24,A,L2,F3,H0,V2,map_S10_M2_LONG_LINK_seed024,d78969f103ba1079eb50d1239cb46c9b8cddd76468546d03e22c5f1c9e3b8b33,101.468,345.133,199.827,407.077,25,775,2.9359,0.3056,60.0,-1.0,-1.0,-1.0,-1.0,-1.0,0.0,0.0,0.0,0.0,0.0,0.0,6575.282596,0.684943,0.0,2346,1406735,1406735,1.0,1783,1783,1.0,120095,1,0,S10|M2_LONG_LINK|24|A|L2|F3,false,false,true,/home/cyfer/FYP/WSN_simulation_V3/runs/S10_5000/outputs_production_50seed_part21_25/run_campaign_v3_S10_M2_LONG_LINK_A_L2_F3_H0_seed024_24_20260603_091108
campaign_v3_S10_M2_LONG_LINK_A_L2_F3_H0_seed025,campaign_v3_S10_M2_LONG_LINK_A_L2_F3_H0_seed025_25_20260603_091338,S10,5000,200,6,M2_LONG_LINK,25,A,L2,F3,H0,V2,map_S10_M2_LONG_LINK_seed025,e17387606cacbf25bbbf3856adf89dfe4395b7323d696ad0df909a4fe44048f6,99.721,352.218,198.269,409.914,25,765,3.2095,0.295,60.0,-1.0,-1.0,-1.0,-1.0,-1.0,0.0,0.0,0.0,0.0,0.0,0.0,6621.010352,0.675798,0.0,2366,1408380,1408380,1.0,1792,1792,1.0,120060,1,0,S10|M2_LONG_LINK|25|A|L2|F3,false,false,true,/home/cyfer/FYP/WSN_simulation_V3/runs/S10_5000/outputs_production_50seed_part21_25/run_campaign_v3_S10_M2_LONG_LINK_A_L2_F3_H0_seed025_25_20260603_091338
campaign_v3_S10_M2_LONG_LINK_A_L2_F3_H1_seed021,campaign_v3_S10_M2_LONG_LINK_A_L2_F3_H1_seed021_21_20260603_090405,S10,5000,200,6,M2_LONG_LINK,21,A,L2,F3,H1,V3,map_S10_M2_LONG_LINK_seed021,764bccd97a22d342e8f1f357e86ccda2c6af6bc98fc22f021fe875bf4c6dd3b4,98.168,339.61,197.676,400.964,25,634,2.7605,0.297,60.0,28.973,88.973,148.973,150.0,90.0,4.744,3.0,1.0,0.028,0.425,0.128,6592.285211,0.681543,0.0,2352,1406990,1406990,1.0,1797,1797,1.0,119554,0,1,S10|M2_LONG_LINK|21|A|L2|F3,true,false,false,/home/cyfer/FYP/WSN_simulation_V3/runs/S10_5000/outputs_production_50seed_part21_25/run_campaign_v3_S10_M2_LONG_LINK_A_L2_F3_H1_seed021_21_20260603_090405
campaign_v3_S10_M2_LONG_LINK_A_L2_F3_H1_seed022,campaign_v3_S10_M2_LONG_LINK_A_L2_F3_H1_seed022_22_20260603_090630,S10,5000,200,6,M2_LONG_LINK,22,A,L2,F3,H1,V3,map_S10_M2_LONG_LINK_seed022,021d5399b7444352e994ae352a371c9d3190578d4b67337901650d29a9bd2a77,101.676,351.575,201.407,405.682,25,786,2.9947,0.3022,60.0,28.797,88.797,148.797,150.0,90.0,4.141,3.0,1.0,0.015,0.281,0.084,6645.798315,0.67084,0.0,2383,1408400,1408400,1.0,1797,1797,1.0,119704,0,1,S10|M2_LONG_LINK|22|A|L2|F3,true,false,false,/home/cyfer/FYP/WSN_simulation_V3/runs/S10_5000/outputs_production_50seed_part21_25/run_campaign_v3_S10_M2_LONG_LINK_A_L2_F3_H1_seed022_22_20260603_090630
campaign_v3_S10_M2_LONG_LINK_A_L2_F3_H1_seed023,campaign_v3_S10_M2_LONG_LINK_A_L2_F3_H1_seed023_23_20260603_090902,S10,5000,200,6,M2_LONG_LINK,23,A,L2,F3,H1,V3,map_S10_M2_LONG_LINK_seed023,c8d1fd65f423f1fd36c525165ad6bcf5e44c3c517e00bd1a91b2e4ca8fc75264,97.616,350.336,199.111,386.975,25,750,2.9308,0.2908,60.0,28.529,88.529,148.529,150.0,90.0,3.983,3.0,1.0,0.016,0.268,0.044,6609.903203,0.678019,0.0,2362,1408400,1408400,1.0,1797,1797,1.0,119704,0,1,S10|M2_LONG_LINK|23|A|L2|F3,true,false,false,/home/cyfer/FYP/WSN_simulation_V3/runs/S10_5000/outputs_production_50seed_part21_25/run_campaign_v3_S10_M2_LONG_LINK_A_L2_F3_H1_seed023_23_20260603_090902
campaign_v3_S10_M2_LONG_LINK_A_L2_F3_H1_seed024,campaign_v3_S10_M2_LONG_LINK_A_L2_F3_H1_seed024_24_20260603_091130,S10,5000,200,6,M2_LONG_LINK,24,A,L2,F3,H1,V3,map_S10_M2_LONG_LINK_seed024,d78969f103ba1079eb50d1239cb46c9b8cddd76468546d03e22c5f1c9e3b8b33,101.468,345.133,199.827,407.077,25,775,2.9359,0.3056,60.0,29.185,89.185,149.185,150.0,90.0,4.418,3.0,1.0,0.025,0.436,0.012,6575.481743,0.684904,0.0,2346,1406755,1406755,1.0,1788,1788,1.0,119529,0,1,S10|M2_LONG_LINK|24|A|L2|F3,true,false,false,/home/cyfer/FYP/WSN_simulation_V3/runs/S10_5000/outputs_production_50seed_part21_25/run_campaign_v3_S10_M2_LONG_LINK_A_L2_F3_H1_seed024_24_20260603_091130
campaign_v3_S10_M2_LONG_LINK_A_L2_F3_H1_seed025,campaign_v3_S10_M2_LONG_LINK_A_L2_F3_H1_seed025_25_20260603_091359,S10,5000,200,6,M2_LONG_LINK,25,A,L2,F3,H1,V3,map_S10_M2_LONG_LINK_seed025,e17387606cacbf25bbbf3856adf89dfe4395b7323d696ad0df909a4fe44048f6,99.721,352.218,198.269,409.914,25,765,3.2095,0.295,60.0,28.859,88.859,148.859,150.0,90.0,4.448,3.0,1.0,0.016,0.298,0.169,6621.193298,0.675761,0.0,2366,1408400,1408400,1.0,1797,1797,1.0,119704,0,1,S10|M2_LONG_LINK|25|A|L2|F3,true,false,false,/home/cyfer/FYP/WSN_simulation_V3/runs/S10_5000/outputs_production_50seed_part21_25/run_campaign_v3_S10_M2_LONG_LINK_A_L2_F3_H1_seed025_25_20260603_091359
campaign_v3_S10_M2_LONG_LINK_A_L2_F3_H3_seed021,campaign_v3_S10_M2_LONG_LINK_A_L2_F3_H3_seed021_21_20260603_090407,S10,5000,200,6,M2_LONG_LINK,21,A,L2,F3,H3,V3,map_S10_M2_LONG_LINK_seed021,764bccd97a22d342e8f1f357e86ccda2c6af6bc98fc22f021fe875bf4c6dd3b4,98.168,339.61,197.676,400.964,25,634,2.7605,0.297,60.0,35.639,95.639,155.639,160.0,100.0,4.744,3.0,1.0,0.028,0.425,0.128,6592.26742,0.681547,0.0,2352,1406986,1406986,1.0,1796,1796,1.0,119554,0,1,S10|M2_LONG_LINK|21|A|L2|F3,true,false,false,/home/cyfer/FYP/WSN_simulation_V3/runs/S10_5000/outputs_production_50seed_part21_25/run_campaign_v3_S10_M2_LONG_LINK_A_L2_F3_H3_seed021_21_20260603_090407
campaign_v3_S10_M2_LONG_LINK_A_L2_F3_H3_seed022,campaign_v3_S10_M2_LONG_LINK_A_L2_F3_H3_seed022_22_20260603_090632,S10,5000,200,6,M2_LONG_LINK,22,A,L2,F3,H3,V3,map_S10_M2_LONG_LINK_seed022,021d5399b7444352e994ae352a371c9d3190578d4b67337901650d29a9bd2a77,101.676,351.575,201.407,405.682,25,786,2.9947,0.3022,60.0,35.078,95.078,155.078,160.0,100.0,4.141,3.0,1.0,0.015,0.281,0.084,6645.77918,0.670844,0.0,2383,1408396,1408396,1.0,1796,1796,1.0,119704,0,1,S10|M2_LONG_LINK|22|A|L2|F3,true,false,false,/home/cyfer/FYP/WSN_simulation_V3/runs/S10_5000/outputs_production_50seed_part21_25/run_campaign_v3_S10_M2_LONG_LINK_A_L2_F3_H3_seed022_22_20260603_090632
campaign_v3_S10_M2_LONG_LINK_A_L2_F3_H3_seed023,campaign_v3_S10_M2_LONG_LINK_A_L2_F3_H3_seed023_23_20260603_090904,S10,5000,200,6,M2_LONG_LINK,23,A,L2,F3,H3,V3,map_S10_M2_LONG_LINK_seed023,c8d1fd65f423f1fd36c525165ad6bcf5e44c3c517e00bd1a91b2e4ca8fc75264,97.616,350.336,199.111,386.975,25,750,2.9308,0.2908,60.0,34.435,94.435,154.435,160.0,100.0,3.983,3.0,1.0,0.016,0.268,0.044,6609.891424,0.678022,0.0,2362,1408396,1408396,1.0,1796,1796,1.0,119704,0,1,S10|M2_LONG_LINK|23|A|L2|F3,true,false,false,/home/cyfer/FYP/WSN_simulation_V3/runs/S10_5000/outputs_production_50seed_part21_25/run_campaign_v3_S10_M2_LONG_LINK_A_L2_F3_H3_seed023_23_20260603_090904
campaign_v3_S10_M2_LONG_LINK_A_L2_F3_H3_seed024,campaign_v3_S10_M2_LONG_LINK_A_L2_F3_H3_seed024_24_20260603_091132,S10,5000,200,6,M2_LONG_LINK,24,A,L2,F3,H3,V3,map_S10_M2_LONG_LINK_seed024,d78969f103ba1079eb50d1239cb46c9b8cddd76468546d03e22c5f1c9e3b8b33,101.468,345.133,199.827,407.077,25,775,2.9359,0.3056,60.0,35.373,95.373,155.373,160.0,100.0,4.418,3.0,1.0,0.025,0.436,0.012,6575.46275,0.684907,0.0,2346,1406751,1406751,1.0,1787,1787,1.0,119529,0,1,S10|M2_LONG_LINK|24|A|L2|F3,true,false,false,/home/cyfer/FYP/WSN_simulation_V3/runs/S10_5000/outputs_production_50seed_part21_25/run_campaign_v3_S10_M2_LONG_LINK_A_L2_F3_H3_seed024_24_20260603_091132
campaign_v3_S10_M2_LONG_LINK_A_L2_F3_H3_seed025,campaign_v3_S10_M2_LONG_LINK_A_L2_F3_H3_seed025_25_20260603_091401,S10,5000,200,6,M2_LONG_LINK,25,A,L2,F3,H3,V3,map_S10_M2_LONG_LINK_seed025,e17387606cacbf25bbbf3856adf89dfe4395b7323d696ad0df909a4fe44048f6,99.721,352.218,198.269,409.914,25,765,3.2095,0.295,60.0,35.158,95.158,155.158,160.0,100.0,4.448,3.0,1.0,0.016,0.298,0.169,6621.1677,0.675766,0.0,2366,1408396,1408396,1.0,1796,1796,1.0,119704,0,1,S10|M2_LONG_LINK|25|A|L2|F3,true,false,false,/home/cyfer/FYP/WSN_simulation_V3/runs/S10_5000/outputs_production_50seed_part21_25/run_campaign_v3_S10_M2_LONG_LINK_A_L2_F3_H3_seed025_25_20260603_091401
campaign_v3_S10_M2_LONG_LINK_A_L2_F3_H4_seed021,campaign_v3_S10_M2_LONG_LINK_A_L2_F3_H4_seed021_21_20260603_090408,S10,5000,200,6,M2_LONG_LINK,21,A,L2,F3,H4,V3,map_S10_M2_LONG_LINK_seed021,764bccd97a22d342e8f1f357e86ccda2c6af6bc98fc22f021fe875bf4c6dd3b4,98.168,339.61,197.676,400.964,25,634,2.7605,0.297,60.0,39.087,99.087,159.087,160.0,100.0,4.744,3.0,1.0,0.028,0.425,0.128,6592.267059,0.681547,0.0,2352,1406986,1406986,1.0,1796,1796,1.0,119554,0,1,S10|M2_LONG_LINK|21|A|L2|F3,true,false,false,/home/cyfer/FYP/WSN_simulation_V3/runs/S10_5000/outputs_production_50seed_part21_25/run_campaign_v3_S10_M2_LONG_LINK_A_L2_F3_H4_seed021_21_20260603_090408
campaign_v3_S10_M2_LONG_LINK_A_L2_F3_H4_seed022,campaign_v3_S10_M2_LONG_LINK_A_L2_F3_H4_seed022_22_20260603_090634,S10,5000,200,6,M2_LONG_LINK,22,A,L2,F3,H4,V3,map_S10_M2_LONG_LINK_seed022,021d5399b7444352e994ae352a371c9d3190578d4b67337901650d29a9bd2a77,101.676,351.575,201.407,405.682,25,786,2.9947,0.3022,60.0,38.361,98.361,158.361,160.0,100.0,4.141,3.0,1.0,0.015,0.281,0.084,6645.779624,0.670844,0.0,2383,1408396,1408396,1.0,1796,1796,1.0,119704,0,1,S10|M2_LONG_LINK|22|A|L2|F3,true,false,false,/home/cyfer/FYP/WSN_simulation_V3/runs/S10_5000/outputs_production_50seed_part21_25/run_campaign_v3_S10_M2_LONG_LINK_A_L2_F3_H4_seed022_22_20260603_090634
campaign_v3_S10_M2_LONG_LINK_A_L2_F3_H4_seed023,campaign_v3_S10_M2_LONG_LINK_A_L2_F3_H4_seed023_23_20260603_090906,S10,5000,200,6,M2_LONG_LINK,23,A,L2,F3,H4,V3,map_S10_M2_LONG_LINK_seed023,c8d1fd65f423f1fd36c525165ad6bcf5e44c3c517e00bd1a91b2e4ca8fc75264,97.616,350.336,199.111,386.975,25,750,2.9308,0.2908,60.0,38.033,98.033,158.033,160.0,100.0,3.983,3.0,1.0,0.016,0.268,0.044,6609.888554,0.678022,0.0,2362,1408396,1408396,1.0,1796,1796,1.0,119704,0,1,S10|M2_LONG_LINK|23|A|L2|F3,true,false,false,/home/cyfer/FYP/WSN_simulation_V3/runs/S10_5000/outputs_production_50seed_part21_25/run_campaign_v3_S10_M2_LONG_LINK_A_L2_F3_H4_seed023_23_20260603_090906
campaign_v3_S10_M2_LONG_LINK_A_L2_F3_H4_seed024,campaign_v3_S10_M2_LONG_LINK_A_L2_F3_H4_seed024_24_20260603_091133,S10,5000,200,6,M2_LONG_LINK,24,A,L2,F3,H4,V3,map_S10_M2_LONG_LINK_seed024,d78969f103ba1079eb50d1239cb46c9b8cddd76468546d03e22c5f1c9e3b8b33,101.468,345.133,199.827,407.077,25,775,2.9359,0.3056,60.0,38.632,98.632,158.632,160.0,100.0,4.418,3.0,1.0,0.025,0.436,0.012,6575.464554,0.684907,0.0,2346,1406751,1406751,1.0,1787,1787,1.0,119529,0,1,S10|M2_LONG_LINK|24|A|L2|F3,true,false,false,/home/cyfer/FYP/WSN_simulation_V3/runs/S10_5000/outputs_production_50seed_part21_25/run_campaign_v3_S10_M2_LONG_LINK_A_L2_F3_H4_seed024_24_20260603_091133
campaign_v3_S10_M2_LONG_LINK_A_L2_F3_H4_seed025,campaign_v3_S10_M2_LONG_LINK_A_L2_F3_H4_seed025_25_20260603_091402,S10,5000,200,6,M2_LONG_LINK,25,A,L2,F3,H4,V3,map_S10_M2_LONG_LINK_seed025,e17387606cacbf25bbbf3856adf89dfe4395b7323d696ad0df909a4fe44048f6,99.721,352.218,198.269,409.914,25,765,3.2095,0.295,60.0,39.095,99.095,159.095,160.0,100.0,4.448,3.0,1.0,0.016,0.298,0.169,6621.170949,0.675766,0.0,2366,1408396,1408396,1.0,1796,1796,1.0,119704,0,1,S10|M2_LONG_LINK|25|A|L2|F3,true,false,false,/home/cyfer/FYP/WSN_simulation_V3/runs/S10_5000/outputs_production_50seed_part21_25/run_campaign_v3_S10_M2_LONG_LINK_A_L2_F3_H4_seed025_25_20260603_091402
campaign_v3_S10_M2_LONG_LINK_A_L2_F4_H0_seed021,campaign_v3_S10_M2_LONG_LINK_A_L2_F4_H0_seed021_21_20260603_090345,S10,5000,200,6,M2_LONG_LINK,21,A,L2,F4,H0,V2,map_S10_M2_LONG_LINK_seed021,764bccd97a22d342e8f1f357e86ccda2c6af6bc98fc22f021fe875bf4c6dd3b4,98.168,339.61,197.676,400.964,25,634,2.7605,0.297,60.0,-1.0,-1.0,-1.0,-1.0,-1.0,0.0,0.0,0.0,0.0,0.0,0.0,6593.360907,0.681328,0.0,2352,1407205,1407205,1.0,1792,1792,1.0,120085,1,0,S10|M2_LONG_LINK|21|A|L2|F4,false,false,true,/home/cyfer/FYP/WSN_simulation_V3/runs/S10_5000/outputs_production_50seed_part21_25/run_campaign_v3_S10_M2_LONG_LINK_A_L2_F4_H0_seed021_21_20260603_090345
campaign_v3_S10_M2_LONG_LINK_A_L2_F4_H0_seed022,campaign_v3_S10_M2_LONG_LINK_A_L2_F4_H0_seed022_22_20260603_090610,S10,5000,200,6,M2_LONG_LINK,22,A,L2,F4,H0,V2,map_S10_M2_LONG_LINK_seed022,021d5399b7444352e994ae352a371c9d3190578d4b67337901650d29a9bd2a77,101.676,351.575,201.407,405.682,25,786,2.9947,0.3022,60.0,-1.0,-1.0,-1.0,-1.0,-1.0,0.0,0.0,0.0,0.0,0.0,0.0,6647.336516,0.670533,0.0,2383,1409320,1409320,1.0,1792,1792,1.0,120040,1,0,S10|M2_LONG_LINK|22|A|L2|F4,false,false,true,/home/cyfer/FYP/WSN_simulation_V3/runs/S10_5000/outputs_production_50seed_part21_25/run_campaign_v3_S10_M2_LONG_LINK_A_L2_F4_H0_seed022_22_20260603_090610
campaign_v3_S10_M2_LONG_LINK_A_L2_F4_H0_seed023,campaign_v3_S10_M2_LONG_LINK_A_L2_F4_H0_seed023_23_20260603_090842,S10,5000,200,6,M2_LONG_LINK,23,A,L2,F4,H0,V2,map_S10_M2_LONG_LINK_seed023,c8d1fd65f423f1fd36c525165ad6bcf5e44c3c517e00bd1a91b2e4ca8fc75264,97.616,350.336,199.111,386.975,25,750,2.9308,0.2908,60.0,-1.0,-1.0,-1.0,-1.0,-1.0,0.0,0.0,0.0,0.0,0.0,0.0,6606.091082,0.678782,0.0,2362,1407440,1407440,1.0,1792,1792,1.0,120080,1,0,S10|M2_LONG_LINK|23|A|L2|F4,false,false,true,/home/cyfer/FYP/WSN_simulation_V3/runs/S10_5000/outputs_production_50seed_part21_25/run_campaign_v3_S10_M2_LONG_LINK_A_L2_F4_H0_seed023_23_20260603_090842
campaign_v3_S10_M2_LONG_LINK_A_L2_F4_H0_seed024,campaign_v3_S10_M2_LONG_LINK_A_L2_F4_H0_seed024_24_20260603_091110,S10,5000,200,6,M2_LONG_LINK,24,A,L2,F4,H0,V2,map_S10_M2_LONG_LINK_seed024,d78969f103ba1079eb50d1239cb46c9b8cddd76468546d03e22c5f1c9e3b8b33,101.468,345.133,199.827,407.077,25,775,2.9359,0.3056,60.0,-1.0,-1.0,-1.0,-1.0,-1.0,0.0,0.0,0.0,0.0,0.0,0.0,6577.294165,0.684541,0.0,2346,1407675,1407675,1.0,1783,1783,1.0,120075,1,0,S10|M2_LONG_LINK|24|A|L2|F4,false,false,true,/home/cyfer/FYP/WSN_simulation_V3/runs/S10_5000/outputs_production_50seed_part21_25/run_campaign_v3_S10_M2_LONG_LINK_A_L2_F4_H0_seed024_24_20260603_091110
campaign_v3_S10_M2_LONG_LINK_A_L2_F4_H0_seed025,campaign_v3_S10_M2_LONG_LINK_A_L2_F4_H0_seed025_25_20260603_091339,S10,5000,200,6,M2_LONG_LINK,25,A,L2,F4,H0,V2,map_S10_M2_LONG_LINK_seed025,e17387606cacbf25bbbf3856adf89dfe4395b7323d696ad0df909a4fe44048f6,99.721,352.218,198.269,409.914,25,765,3.2095,0.295,60.0,-1.0,-1.0,-1.0,-1.0,-1.0,0.0,0.0,0.0,0.0,0.0,0.0,6617.615304,0.676477,0.0,2366,1406500,1406500,1.0,1792,1792,1.0,120100,1,0,S10|M2_LONG_LINK|25|A|L2|F4,false,false,true,/home/cyfer/FYP/WSN_simulation_V3/runs/S10_5000/outputs_production_50seed_part21_25/run_campaign_v3_S10_M2_LONG_LINK_A_L2_F4_H0_seed025_25_20260603_091339
campaign_v3_S10_M2_LONG_LINK_A_L2_F4_H1_seed021,campaign_v3_S10_M2_LONG_LINK_A_L2_F4_H1_seed021_21_20260603_090410,S10,5000,200,6,M2_LONG_LINK,21,A,L2,F4,H1,V3,map_S10_M2_LONG_LINK_seed021,764bccd97a22d342e8f1f357e86ccda2c6af6bc98fc22f021fe875bf4c6dd3b4,98.168,339.61,197.676,400.964,25,634,2.7605,0.297,60.0,35.59,95.59,155.59,160.0,100.0,4.6,3.0,1.0,0.027,0.387,0.119,6594.823524,0.681035,0.0,2352,1407629,1407629,1.0,1796,1796,1.0,119579,0,1,S10|M2_LONG_LINK|21|A|L2|F4,true,false,false,/home/cyfer/FYP/WSN_simulation_V3/runs/S10_5000/outputs_production_50seed_part21_25/run_campaign_v3_S10_M2_LONG_LINK_A_L2_F4_H1_seed021_21_20260603_090410
campaign_v3_S10_M2_LONG_LINK_A_L2_F4_H1_seed022,campaign_v3_S10_M2_LONG_LINK_A_L2_F4_H1_seed022_22_20260603_090635,S10,5000,200,6,M2_LONG_LINK,22,A,L2,F4,H1,V3,map_S10_M2_LONG_LINK_seed022,021d5399b7444352e994ae352a371c9d3190578d4b67337901650d29a9bd2a77,101.676,351.575,201.407,405.682,25,786,2.9947,0.3022,60.0,34.55,94.55,154.55,160.0,100.0,4.2,3.0,1.0,0.01,0.197,0.193,6648.136611,0.670373,0.0,2383,1409536,1409536,1.0,1796,1796,1.0,119804,0,1,S10|M2_LONG_LINK|22|A|L2|F4,true,false,false,/home/cyfer/FYP/WSN_simulation_V3/runs/S10_5000/outputs_production_50seed_part21_25/run_campaign_v3_S10_M2_LONG_LINK_A_L2_F4_H1_seed022_22_20260603_090635
campaign_v3_S10_M2_LONG_LINK_A_L2_F4_H1_seed023,campaign_v3_S10_M2_LONG_LINK_A_L2_F4_H1_seed023_23_20260603_090907,S10,5000,200,6,M2_LONG_LINK,23,A,L2,F4,H1,V3,map_S10_M2_LONG_LINK_seed023,c8d1fd65f423f1fd36c525165ad6bcf5e44c3c517e00bd1a91b2e4ca8fc75264,97.616,350.336,199.111,386.975,25,750,2.9308,0.2908,60.0,35.487,95.487,155.487,160.0,100.0,4.743,3.0,1.0,0.021,0.389,0.171,6607.601241,0.67848,0.0,2362,1407840,1407840,1.0,1796,1796,1.0,119604,0,1,S10|M2_LONG_LINK|23|A|L2|F4,true,false,false,/home/cyfer/FYP/WSN_simulation_V3/runs/S10_5000/outputs_production_50seed_part21_25/run_campaign_v3_S10_M2_LONG_LINK_A_L2_F4_H1_seed023_23_20260603_090907
campaign_v3_S10_M2_LONG_LINK_A_L2_F4_H1_seed024,campaign_v3_S10_M2_LONG_LINK_A_L2_F4_H1_seed024_24_20260603_091135,S10,5000,200,6,M2_LONG_LINK,24,A,L2,F4,H1,V3,map_S10_M2_LONG_LINK_seed024,d78969f103ba1079eb50d1239cb46c9b8cddd76468546d03e22c5f1c9e3b8b33,101.468,345.133,199.827,407.077,25,775,2.9359,0.3056,60.0,34.729,94.729,154.729,160.0,100.0,4.257,3.0,1.0,0.019,0.345,0.055,6578.662207,0.684268,0.0,2346,1408066,1408066,1.0,1787,1787,1.0,119629,0,1,S10|M2_LONG_LINK|24|A|L2|F4,true,false,false,/home/cyfer/FYP/WSN_simulation_V3/runs/S10_5000/outputs_production_50seed_part21_25/run_campaign_v3_S10_M2_LONG_LINK_A_L2_F4_H1_seed024_24_20260603_091135
campaign_v3_S10_M2_LONG_LINK_A_L2_F4_H1_seed025,campaign_v3_S10_M2_LONG_LINK_A_L2_F4_H1_seed025_25_20260603_091404,S10,5000,200,6,M2_LONG_LINK,25,A,L2,F4,H1,V3,map_S10_M2_LONG_LINK_seed025,e17387606cacbf25bbbf3856adf89dfe4395b7323d696ad0df909a4fe44048f6,99.721,352.218,198.269,409.914,25,765,3.2095,0.295,60.0,35.346,95.346,155.346,160.0,100.0,4.713,3.0,1.0,0.026,0.467,0.078,6619.407851,0.676118,0.0,2366,1406996,1406996,1.0,1796,1796,1.0,119504,0,1,S10|M2_LONG_LINK|25|A|L2|F4,true,false,false,/home/cyfer/FYP/WSN_simulation_V3/runs/S10_5000/outputs_production_50seed_part21_25/run_campaign_v3_S10_M2_LONG_LINK_A_L2_F4_H1_seed025_25_20260603_091404
campaign_v3_S10_M2_LONG_LINK_A_L2_F4_H3_seed021,campaign_v3_S10_M2_LONG_LINK_A_L2_F4_H3_seed021_21_20260603_090412,S10,5000,200,6,M2_LONG_LINK,21,A,L2,F4,H3,V3,map_S10_M2_LONG_LINK_seed021,764bccd97a22d342e8f1f357e86ccda2c6af6bc98fc22f021fe875bf4c6dd3b4,98.168,339.61,197.676,400.964,25,634,2.7605,0.297,60.0,40.829,100.829,160.829,170.0,110.0,4.6,3.0,1.0,0.027,0.387,0.119,6594.040555,0.681192,0.0,2352,1407392,1407392,1.0,1796,1796,1.0,119579,0,1,S10|M2_LONG_LINK|21|A|L2|F4,true,false,false,/home/cyfer/FYP/WSN_simulation_V3/runs/S10_5000/outputs_production_50seed_part21_25/run_campaign_v3_S10_M2_LONG_LINK_A_L2_F4_H3_seed021_21_20260603_090412
campaign_v3_S10_M2_LONG_LINK_A_L2_F4_H3_seed022,campaign_v3_S10_M2_LONG_LINK_A_L2_F4_H3_seed022_22_20260603_090637,S10,5000,200,6,M2_LONG_LINK,22,A,L2,F4,H3,V3,map_S10_M2_LONG_LINK_seed022,021d5399b7444352e994ae352a371c9d3190578d4b67337901650d29a9bd2a77,101.676,351.575,201.407,405.682,25,786,2.9947,0.3022,60.0,41.028,101.028,161.028,170.0,110.0,4.2,3.0,1.0,0.01,0.197,0.193,6647.722026,0.670456,0.0,2383,1409408,1409408,1.0,1796,1796,1.0,119804,0,1,S10|M2_LONG_LINK|22|A|L2|F4,true,false,false,/home/cyfer/FYP/WSN_simulation_V3/runs/S10_5000/outputs_production_50seed_part21_25/run_campaign_v3_S10_M2_LONG_LINK_A_L2_F4_H3_seed022_22_20260603_090637
campaign_v3_S10_M2_LONG_LINK_A_L2_F4_H3_seed023,campaign_v3_S10_M2_LONG_LINK_A_L2_F4_H3_seed023_23_20260603_090909,S10,5000,200,6,M2_LONG_LINK,23,A,L2,F4,H3,V3,map_S10_M2_LONG_LINK_seed023,c8d1fd65f423f1fd36c525165ad6bcf5e44c3c517e00bd1a91b2e4ca8fc75264,97.616,350.336,199.111,386.975,25,750,2.9308,0.2908,60.0,41.182,101.182,161.182,170.0,110.0,4.743,3.0,1.0,0.021,0.389,0.171,6606.813286,0.678637,0.0,2362,1407600,1407600,1.0,1796,1796,1.0,119604,0,1,S10|M2_LONG_LINK|23|A|L2|F4,true,false,false,/home/cyfer/FYP/WSN_simulation_V3/runs/S10_5000/outputs_production_50seed_part21_25/run_campaign_v3_S10_M2_LONG_LINK_A_L2_F4_H3_seed023_23_20260603_090909
campaign_v3_S10_M2_LONG_LINK_A_L2_F4_H3_seed024,campaign_v3_S10_M2_LONG_LINK_A_L2_F4_H3_seed024_24_20260603_091137,S10,5000,200,6,M2_LONG_LINK,24,A,L2,F4,H3,V3,map_S10_M2_LONG_LINK_seed024,d78969f103ba1079eb50d1239cb46c9b8cddd76468546d03e22c5f1c9e3b8b33,101.468,345.133,199.827,407.077,25,775,2.9359,0.3056,60.0,40.717,100.717,160.717,170.0,110.0,4.257,3.0,1.0,0.019,0.345,0.055,6577.910108,0.684418,0.0,2346,1407843,1407843,1.0,1787,1787,1.0,119629,0,1,S10|M2_LONG_LINK|24|A|L2|F4,true,false,false,/home/cyfer/FYP/WSN_simulation_V3/runs/S10_5000/outputs_production_50seed_part21_25/run_campaign_v3_S10_M2_LONG_LINK_A_L2_F4_H3_seed024_24_20260603_091137
campaign_v3_S10_M2_LONG_LINK_A_L2_F4_H3_seed025,campaign_v3_S10_M2_LONG_LINK_A_L2_F4_H3_seed025_25_20260603_091406,S10,5000,200,6,M2_LONG_LINK,25,A,L2,F4,H3,V3,map_S10_M2_LONG_LINK_seed025,e17387606cacbf25bbbf3856adf89dfe4395b7323d696ad0df909a4fe44048f6,99.721,352.218,198.269,409.914,25,765,3.2095,0.295,60.0,41.24,101.24,161.24,170.0,110.0,4.713,3.0,1.0,0.026,0.467,0.078,6618.429801,0.676314,0.0,2366,1406696,1406696,1.0,1796,1796,1.0,119504,0,1,S10|M2_LONG_LINK|25|A|L2|F4,true,false,false,/home/cyfer/FYP/WSN_simulation_V3/runs/S10_5000/outputs_production_50seed_part21_25/run_campaign_v3_S10_M2_LONG_LINK_A_L2_F4_H3_seed025_25_20260603_091406
campaign_v3_S10_M2_LONG_LINK_A_L2_F4_H4_seed021,campaign_v3_S10_M2_LONG_LINK_A_L2_F4_H4_seed021_21_20260603_090413,S10,5000,200,6,M2_LONG_LINK,21,A,L2,F4,H4,V3,map_S10_M2_LONG_LINK_seed021,764bccd97a22d342e8f1f357e86ccda2c6af6bc98fc22f021fe875bf4c6dd3b4,98.168,339.61,197.676,400.964,25,634,2.7605,0.297,60.0,45.08,105.08,165.08,170.0,110.0,4.6,3.0,1.0,0.027,0.387,0.119,6591.275796,0.681745,0.0,2351,1406443,1406443,1.0,1796,1796,1.0,119383,0,1,S10|M2_LONG_LINK|21|A|L2|F4,true,false,false,/home/cyfer/FYP/WSN_simulation_V3/runs/S10_5000/outputs_production_50seed_part21_25/run_campaign_v3_S10_M2_LONG_LINK_A_L2_F4_H4_seed021_21_20260603_090413
campaign_v3_S10_M2_LONG_LINK_A_L2_F4_H4_seed022,campaign_v3_S10_M2_LONG_LINK_A_L2_F4_H4_seed022_22_20260603_090639,S10,5000,200,6,M2_LONG_LINK,22,A,L2,F4,H4,V3,map_S10_M2_LONG_LINK_seed022,021d5399b7444352e994ae352a371c9d3190578d4b67337901650d29a9bd2a77,101.676,351.575,201.407,405.682,25,786,2.9947,0.3022,60.0,44.782,104.782,164.782,170.0,110.0,4.2,3.0,1.0,0.01,0.197,0.193,6645.15869,0.670968,0.0,2382,1408562,1408562,1.0,1796,1796,1.0,119633,0,1,S10|M2_LONG_LINK|22|A|L2|F4,true,false,false,/home/cyfer/FYP/WSN_simulation_V3/runs/S10_5000/outputs_production_50seed_part21_25/run_campaign_v3_S10_M2_LONG_LINK_A_L2_F4_H4_seed022_22_20260603_090639
campaign_v3_S10_M2_LONG_LINK_A_L2_F4_H4_seed023,campaign_v3_S10_M2_LONG_LINK_A_L2_F4_H4_seed023_23_20260603_090911,S10,5000,200,6,M2_LONG_LINK,23,A,L2,F4,H4,V3,map_S10_M2_LONG_LINK_seed023,c8d1fd65f423f1fd36c525165ad6bcf5e44c3c517e00bd1a91b2e4ca8fc75264,97.616,350.336,199.111,386.975,25,750,2.9308,0.2908,60.0,44.783,104.783,164.783,170.0,110.0,4.743,3.0,1.0,0.021,0.389,0.171,6601.703899,0.679659,0.0,2362,1405502,1405502,1.0,1796,1796,1.0,119183,0,1,S10|M2_LONG_LINK|23|A|L2|F4,true,false,false,/home/cyfer/FYP/WSN_simulation_V3/runs/S10_5000/outputs_production_50seed_part21_25/run_campaign_v3_S10_M2_LONG_LINK_A_L2_F4_H4_seed023_23_20260603_090911
campaign_v3_S10_M2_LONG_LINK_A_L2_F4_H4_seed024,campaign_v3_S10_M2_LONG_LINK_A_L2_F4_H4_seed024_24_20260603_091139,S10,5000,200,6,M2_LONG_LINK,24,A,L2,F4,H4,V3,map_S10_M2_LONG_LINK_seed024,d78969f103ba1079eb50d1239cb46c9b8cddd76468546d03e22c5f1c9e3b8b33,101.468,345.133,199.827,407.077,25,775,2.9359,0.3056,60.0,45.251,105.251,165.251,170.0,110.0,4.257,3.0,1.0,0.019,0.345,0.055,6575.069835,0.684986,0.0,2345,1406756,1406756,1.0,1787,1787,1.0,119408,0,1,S10|M2_LONG_LINK|24|A|L2|F4,true,false,false,/home/cyfer/FYP/WSN_simulation_V3/runs/S10_5000/outputs_production_50seed_part21_25/run_campaign_v3_S10_M2_LONG_LINK_A_L2_F4_H4_seed024_24_20260603_091139
campaign_v3_S10_M2_LONG_LINK_A_L2_F4_H4_seed025,campaign_v3_S10_M2_LONG_LINK_A_L2_F4_H4_seed025_25_20260603_091407,S10,5000,200,6,M2_LONG_LINK,25,A,L2,F4,H4,V3,map_S10_M2_LONG_LINK_seed025,e17387606cacbf25bbbf3856adf89dfe4395b7323d696ad0df909a4fe44048f6,99.721,352.218,198.269,409.914,25,765,3.2095,0.295,60.0,44.934,104.934,164.934,170.0,110.0,4.713,3.0,1.0,0.026,0.467,0.078,6614.555596,0.677089,0.0,2366,1405142,1405142,1.0,1796,1796,1.0,119183,0,1,S10|M2_LONG_LINK|25|A|L2|F4,true,false,false,/home/cyfer/FYP/WSN_simulation_V3/runs/S10_5000/outputs_production_50seed_part21_25/run_campaign_v3_S10_M2_LONG_LINK_A_L2_F4_H4_seed025_25_20260603_091407
campaign_v3_S10_M2_LONG_LINK_B_L1_F0_H0_seed021,campaign_v3_S10_M2_LONG_LINK_B_L1_F0_H0_seed021_21_20260603_090415,S10,5000,200,6,M2_LONG_LINK,21,B,L1,F0,H0,V1,map_S10_M2_LONG_LINK_seed021,764bccd97a22d342e8f1f357e86ccda2c6af6bc98fc22f021fe875bf4c6dd3b4,98.168,339.61,197.676,400.964,25,634,2.7605,0.297,0.0,-1.0,-1.0,-1.0,-1.0,-1.0,0.0,0.0,0.0,0.0,0.0,0.0,5598.159472,0.880368,0.0,1972,1411200,1411200,1.0,1800,1800,1.0,120000,0,0,S10|M2_LONG_LINK|21|B|L1|F0,false,true,false,/home/cyfer/FYP/WSN_simulation_V3/runs/S10_5000/outputs_production_50seed_part21_25/run_campaign_v3_S10_M2_LONG_LINK_B_L1_F0_H0_seed021_21_20260603_090415
campaign_v3_S10_M2_LONG_LINK_B_L1_F0_H0_seed022,campaign_v3_S10_M2_LONG_LINK_B_L1_F0_H0_seed022_22_20260603_090641,S10,5000,200,6,M2_LONG_LINK,22,B,L1,F0,H0,V1,map_S10_M2_LONG_LINK_seed022,021d5399b7444352e994ae352a371c9d3190578d4b67337901650d29a9bd2a77,101.676,351.575,201.407,405.682,25,786,2.9947,0.3022,0.0,-1.0,-1.0,-1.0,-1.0,-1.0,0.0,0.0,0.0,0.0,0.0,0.0,5710.008053,0.857998,0.0,2104,1411200,1411200,1.0,1800,1800,1.0,120000,0,0,S10|M2_LONG_LINK|22|B|L1|F0,false,true,false,/home/cyfer/FYP/WSN_simulation_V3/runs/S10_5000/outputs_production_50seed_part21_25/run_campaign_v3_S10_M2_LONG_LINK_B_L1_F0_H0_seed022_22_20260603_090641
campaign_v3_S10_M2_LONG_LINK_B_L1_F0_H0_seed023,campaign_v3_S10_M2_LONG_LINK_B_L1_F0_H0_seed023_23_20260603_090913,S10,5000,200,6,M2_LONG_LINK,23,B,L1,F0,H0,V1,map_S10_M2_LONG_LINK_seed023,c8d1fd65f423f1fd36c525165ad6bcf5e44c3c517e00bd1a91b2e4ca8fc75264,97.616,350.336,199.111,386.975,25,750,2.9308,0.2908,0.0,-1.0,-1.0,-1.0,-1.0,-1.0,0.0,0.0,0.0,0.0,0.0,0.0,5606.222271,0.878756,0.0,1987,1411200,1411200,1.0,1800,1800,1.0,120000,0,0,S10|M2_LONG_LINK|23|B|L1|F0,false,true,false,/home/cyfer/FYP/WSN_simulation_V3/runs/S10_5000/outputs_production_50seed_part21_25/run_campaign_v3_S10_M2_LONG_LINK_B_L1_F0_H0_seed023_23_20260603_090913
campaign_v3_S10_M2_LONG_LINK_B_L1_F0_H0_seed024,campaign_v3_S10_M2_LONG_LINK_B_L1_F0_H0_seed024_24_20260603_091140,S10,5000,200,6,M2_LONG_LINK,24,B,L1,F0,H0,V1,map_S10_M2_LONG_LINK_seed024,d78969f103ba1079eb50d1239cb46c9b8cddd76468546d03e22c5f1c9e3b8b33,101.468,345.133,199.827,407.077,25,775,2.9359,0.3056,0.0,-1.0,-1.0,-1.0,-1.0,-1.0,0.0,0.0,0.0,0.0,0.0,0.0,5660.195876,0.867961,0.0,2089,1411200,1411200,1.0,1791,1791,1.0,120000,0,0,S10|M2_LONG_LINK|24|B|L1|F0,false,true,false,/home/cyfer/FYP/WSN_simulation_V3/runs/S10_5000/outputs_production_50seed_part21_25/run_campaign_v3_S10_M2_LONG_LINK_B_L1_F0_H0_seed024_24_20260603_091140
campaign_v3_S10_M2_LONG_LINK_B_L1_F0_H0_seed025,campaign_v3_S10_M2_LONG_LINK_B_L1_F0_H0_seed025_25_20260603_091409,S10,5000,200,6,M2_LONG_LINK,25,B,L1,F0,H0,V1,map_S10_M2_LONG_LINK_seed025,e17387606cacbf25bbbf3856adf89dfe4395b7323d696ad0df909a4fe44048f6,99.721,352.218,198.269,409.914,25,765,3.2095,0.295,0.0,-1.0,-1.0,-1.0,-1.0,-1.0,0.0,0.0,0.0,0.0,0.0,0.0,5622.986143,0.875403,0.0,1979,1411200,1411200,1.0,1800,1800,1.0,120000,0,0,S10|M2_LONG_LINK|25|B|L1|F0,false,true,false,/home/cyfer/FYP/WSN_simulation_V3/runs/S10_5000/outputs_production_50seed_part21_25/run_campaign_v3_S10_M2_LONG_LINK_B_L1_F0_H0_seed025_25_20260603_091409
campaign_v3_S10_M2_LONG_LINK_B_L1_F1_H0_seed021,campaign_v3_S10_M2_LONG_LINK_B_L1_F1_H0_seed021_21_20260603_090416,S10,5000,200,6,M2_LONG_LINK,21,B,L1,F1,H0,V2,map_S10_M2_LONG_LINK_seed021,764bccd97a22d342e8f1f357e86ccda2c6af6bc98fc22f021fe875bf4c6dd3b4,98.168,339.61,197.676,400.964,25,634,2.7605,0.297,60.0,-1.0,-1.0,-1.0,-1.0,-1.0,0.0,0.0,0.0,0.0,0.0,0.0,5591.23568,0.881508,0.0,1972,1407205,1407205,1.0,1792,1792,1.0,120085,1,0,S10|M2_LONG_LINK|21|B|L1|F1,false,false,true,/home/cyfer/FYP/WSN_simulation_V3/runs/S10_5000/outputs_production_50seed_part21_25/run_campaign_v3_S10_M2_LONG_LINK_B_L1_F1_H0_seed021_21_20260603_090416
campaign_v3_S10_M2_LONG_LINK_B_L1_F1_H0_seed022,campaign_v3_S10_M2_LONG_LINK_B_L1_F1_H0_seed022_22_20260603_090642,S10,5000,200,6,M2_LONG_LINK,22,B,L1,F1,H0,V2,map_S10_M2_LONG_LINK_seed022,021d5399b7444352e994ae352a371c9d3190578d4b67337901650d29a9bd2a77,101.676,351.575,201.407,405.682,25,786,2.9947,0.3022,60.0,-1.0,-1.0,-1.0,-1.0,-1.0,0.0,0.0,0.0,0.0,0.0,0.0,5705.334336,0.858612,0.0,2104,1409320,1409320,1.0,1792,1792,1.0,120040,1,0,S10|M2_LONG_LINK|22|B|L1|F1,false,false,true,/home/cyfer/FYP/WSN_simulation_V3/runs/S10_5000/outputs_production_50seed_part21_25/run_campaign_v3_S10_M2_LONG_LINK_B_L1_F1_H0_seed022_22_20260603_090642
campaign_v3_S10_M2_LONG_LINK_B_L1_F1_H0_seed023,campaign_v3_S10_M2_LONG_LINK_B_L1_F1_H0_seed023_23_20260603_090914,S10,5000,200,6,M2_LONG_LINK,23,B,L1,F1,H0,V2,map_S10_M2_LONG_LINK_seed023,c8d1fd65f423f1fd36c525165ad6bcf5e44c3c517e00bd1a91b2e4ca8fc75264,97.616,350.336,199.111,386.975,25,750,2.9308,0.2908,60.0,-1.0,-1.0,-1.0,-1.0,-1.0,0.0,0.0,0.0,0.0,0.0,0.0,5598.771216,0.880001,0.0,1987,1407440,1407440,1.0,1792,1792,1.0,120080,1,0,S10|M2_LONG_LINK|23|B|L1|F1,false,false,true,/home/cyfer/FYP/WSN_simulation_V3/runs/S10_5000/outputs_production_50seed_part21_25/run_campaign_v3_S10_M2_LONG_LINK_B_L1_F1_H0_seed023_23_20260603_090914
campaign_v3_S10_M2_LONG_LINK_B_L1_F1_H0_seed024,campaign_v3_S10_M2_LONG_LINK_B_L1_F1_H0_seed024_24_20260603_091142,S10,5000,200,6,M2_LONG_LINK,24,B,L1,F1,H0,V2,map_S10_M2_LONG_LINK_seed024,d78969f103ba1079eb50d1239cb46c9b8cddd76468546d03e22c5f1c9e3b8b33,101.468,345.133,199.827,407.077,25,775,2.9359,0.3056,60.0,-1.0,-1.0,-1.0,-1.0,-1.0,0.0,0.0,0.0,0.0,0.0,0.0,5653.760409,0.868986,0.0,2089,1407675,1407675,1.0,1783,1783,1.0,120075,1,0,S10|M2_LONG_LINK|24|B|L1|F1,false,false,true,/home/cyfer/FYP/WSN_simulation_V3/runs/S10_5000/outputs_production_50seed_part21_25/run_campaign_v3_S10_M2_LONG_LINK_B_L1_F1_H0_seed024_24_20260603_091142
campaign_v3_S10_M2_LONG_LINK_B_L1_F1_H0_seed025,campaign_v3_S10_M2_LONG_LINK_B_L1_F1_H0_seed025_25_20260603_091411,S10,5000,200,6,M2_LONG_LINK,25,B,L1,F1,H0,V2,map_S10_M2_LONG_LINK_seed025,e17387606cacbf25bbbf3856adf89dfe4395b7323d696ad0df909a4fe44048f6,99.721,352.218,198.269,409.914,25,765,3.2095,0.295,60.0,-1.0,-1.0,-1.0,-1.0,-1.0,0.0,0.0,0.0,0.0,0.0,0.0,5614.796907,0.876827,0.0,1979,1406500,1406500,1.0,1792,1792,1.0,120100,1,0,S10|M2_LONG_LINK|25|B|L1|F1,false,false,true,/home/cyfer/FYP/WSN_simulation_V3/runs/S10_5000/outputs_production_50seed_part21_25/run_campaign_v3_S10_M2_LONG_LINK_B_L1_F1_H0_seed025_25_20260603_091411
campaign_v3_S10_M2_LONG_LINK_B_L1_F1_H1_seed021,campaign_v3_S10_M2_LONG_LINK_B_L1_F1_H1_seed021_21_20260603_090424,S10,5000,200,6,M2_LONG_LINK,21,B,L1,F1,H1,V3,map_S10_M2_LONG_LINK_seed021,764bccd97a22d342e8f1f357e86ccda2c6af6bc98fc22f021fe875bf4c6dd3b4,98.168,339.61,197.676,400.964,25,634,2.7605,0.297,60.0,18.959,78.959,138.959,140.0,80.0,6.438,3.0,1.0,0.027,1.0,0.119,5596.845321,0.880386,0.0,1973,1409857,1409857,1.0,1797,1797,1.0,120000,0,1,S10|M2_LONG_LINK|21|B|L1|F1,true,false,false,/home/cyfer/FYP/WSN_simulation_V3/runs/S10_5000/outputs_production_50seed_part21_25/run_campaign_v3_S10_M2_LONG_LINK_B_L1_F1_H1_seed021_21_20260603_090424
campaign_v3_S10_M2_LONG_LINK_B_L1_F1_H1_seed022,campaign_v3_S10_M2_LONG_LINK_B_L1_F1_H1_seed022_22_20260603_090650,S10,5000,200,6,M2_LONG_LINK,22,B,L1,F1,H1,V3,map_S10_M2_LONG_LINK_seed022,021d5399b7444352e994ae352a371c9d3190578d4b67337901650d29a9bd2a77,101.676,351.575,201.407,405.682,25,786,2.9947,0.3022,60.0,19.552,79.552,139.552,140.0,80.0,6.61,3.0,1.0,0.01,1.0,0.193,5708.361747,0.858006,0.0,2104,1410560,1410560,1.0,1797,1797,1.0,120000,0,1,S10|M2_LONG_LINK|22|B|L1|F1,true,false,false,/home/cyfer/FYP/WSN_simulation_V3/runs/S10_5000/outputs_production_50seed_part21_25/run_campaign_v3_S10_M2_LONG_LINK_B_L1_F1_H1_seed022_22_20260603_090650
campaign_v3_S10_M2_LONG_LINK_B_L1_F1_H1_seed023,campaign_v3_S10_M2_LONG_LINK_B_L1_F1_H1_seed023_23_20260603_090922,S10,5000,200,6,M2_LONG_LINK,23,B,L1,F1,H1,V3,map_S10_M2_LONG_LINK_seed023,c8d1fd65f423f1fd36c525165ad6bcf5e44c3c517e00bd1a91b2e4ca8fc75264,97.616,350.336,199.111,386.975,25,750,2.9308,0.2908,60.0,19.001,79.001,139.001,140.0,80.0,6.576,3.0,1.0,0.021,1.0,0.171,5604.528817,0.87885,0.0,1988,1409920,1409920,1.0,1797,1797,1.0,120000,0,1,S10|M2_LONG_LINK|23|B|L1|F1,true,false,false,/home/cyfer/FYP/WSN_simulation_V3/runs/S10_5000/outputs_production_50seed_part21_25/run_campaign_v3_S10_M2_LONG_LINK_B_L1_F1_H1_seed023_23_20260603_090922
campaign_v3_S10_M2_LONG_LINK_B_L1_F1_H1_seed024,campaign_v3_S10_M2_LONG_LINK_B_L1_F1_H1_seed024_24_20260603_091151,S10,5000,200,6,M2_LONG_LINK,24,B,L1,F1,H1,V3,map_S10_M2_LONG_LINK_seed024,d78969f103ba1079eb50d1239cb46c9b8cddd76468546d03e22c5f1c9e3b8b33,101.468,345.133,199.827,407.077,25,775,2.9359,0.3056,60.0,18.803,78.803,138.803,140.0,80.0,6.223,3.0,1.0,0.019,1.0,0.055,5659.012167,0.867935,0.0,2090,1410015,1410015,1.0,1788,1788,1.0,120000,0,1,S10|M2_LONG_LINK|24|B|L1|F1,true,false,false,/home/cyfer/FYP/WSN_simulation_V3/runs/S10_5000/outputs_production_50seed_part21_25/run_campaign_v3_S10_M2_LONG_LINK_B_L1_F1_H1_seed024_24_20260603_091151
campaign_v3_S10_M2_LONG_LINK_B_L1_F1_H1_seed025,campaign_v3_S10_M2_LONG_LINK_B_L1_F1_H1_seed025_25_20260603_091419,S10,5000,200,6,M2_LONG_LINK,25,B,L1,F1,H1,V3,map_S10_M2_LONG_LINK_seed025,e17387606cacbf25bbbf3856adf89dfe4395b7323d696ad0df909a4fe44048f6,99.721,352.218,198.269,409.914,25,765,3.2095,0.295,60.0,18.995,78.995,138.995,140.0,80.0,6.313,3.0,1.0,0.026,1.0,0.078,5621.385436,0.87551,0.0,1980,1409620,1409620,1.0,1797,1797,1.0,120000,0,1,S10|M2_LONG_LINK|25|B|L1|F1,true,false,false,/home/cyfer/FYP/WSN_simulation_V3/runs/S10_5000/outputs_production_50seed_part21_25/run_campaign_v3_S10_M2_LONG_LINK_B_L1_F1_H1_seed025_25_20260603_091419
campaign_v3_S10_M2_LONG_LINK_B_L1_F1_H3_seed021,campaign_v3_S10_M2_LONG_LINK_B_L1_F1_H3_seed021_21_20260603_090428,S10,5000,200,6,M2_LONG_LINK,21,B,L1,F1,H3,V3,map_S10_M2_LONG_LINK_seed021,764bccd97a22d342e8f1f357e86ccda2c6af6bc98fc22f021fe875bf4c6dd3b4,98.168,339.61,197.676,400.964,25,634,2.7605,0.297,60.0,24.665,84.665,144.665,150.0,90.0,6.438,3.0,1.0,0.027,1.0,0.119,5594.279433,0.880899,0.0,1972,1408555,1408555,1.0,1797,1797,1.0,119800,0,1,S10|M2_LONG_LINK|21|B|L1|F1,true,false,false,/home/cyfer/FYP/WSN_simulation_V3/runs/S10_5000/outputs_production_50seed_part21_25/run_campaign_v3_S10_M2_LONG_LINK_B_L1_F1_H3_seed021_21_20260603_090428
campaign_v3_S10_M2_LONG_LINK_B_L1_F1_H3_seed022,campaign_v3_S10_M2_LONG_LINK_B_L1_F1_H3_seed022_22_20260603_090654,S10,5000,200,6,M2_LONG_LINK,22,B,L1,F1,H3,V3,map_S10_M2_LONG_LINK_seed022,021d5399b7444352e994ae352a371c9d3190578d4b67337901650d29a9bd2a77,101.676,351.575,201.407,405.682,25,786,2.9947,0.3022,60.0,25.172,85.172,145.172,150.0,90.0,6.61,3.0,1.0,0.01,1.0,0.193,5706.873166,0.858304,0.0,2104,1409916,1409916,1.0,1797,1797,1.0,119900,0,1,S10|M2_LONG_LINK|22|B|L1|F1,true,false,false,/home/cyfer/FYP/WSN_simulation_V3/runs/S10_5000/outputs_production_50seed_part21_25/run_campaign_v3_S10_M2_LONG_LINK_B_L1_F1_H3_seed022_22_20260603_090654
campaign_v3_S10_M2_LONG_LINK_B_L1_F1_H3_seed023,campaign_v3_S10_M2_LONG_LINK_B_L1_F1_H3_seed023_23_20260603_090926,S10,5000,200,6,M2_LONG_LINK,23,B,L1,F1,H3,V3,map_S10_M2_LONG_LINK_seed023,c8d1fd65f423f1fd36c525165ad6bcf5e44c3c517e00bd1a91b2e4ca8fc75264,97.616,350.336,199.111,386.975,25,750,2.9308,0.2908,60.0,25.077,85.077,145.077,150.0,90.0,6.576,3.0,1.0,0.021,1.0,0.171,5602.025634,0.879351,0.0,1987,1408632,1408632,1.0,1797,1797,1.0,119800,0,1,S10|M2_LONG_LINK|23|B|L1|F1,true,false,false,/home/cyfer/FYP/WSN_simulation_V3/runs/S10_5000/outputs_production_50seed_part21_25/run_campaign_v3_S10_M2_LONG_LINK_B_L1_F1_H3_seed023_23_20260603_090926
campaign_v3_S10_M2_LONG_LINK_B_L1_F1_H3_seed024,campaign_v3_S10_M2_LONG_LINK_B_L1_F1_H3_seed024_24_20260603_091155,S10,5000,200,6,M2_LONG_LINK,24,B,L1,F1,H3,V3,map_S10_M2_LONG_LINK_seed024,d78969f103ba1079eb50d1239cb46c9b8cddd76468546d03e22c5f1c9e3b8b33,101.468,345.133,199.827,407.077,25,775,2.9359,0.3056,60.0,24.943,84.943,144.943,150.0,90.0,6.223,3.0,1.0,0.019,1.0,0.055,5656.505504,0.868437,0.0,2089,1408875,1408875,1.0,1788,1788,1.0,119825,0,1,S10|M2_LONG_LINK|24|B|L1|F1,true,false,false,/home/cyfer/FYP/WSN_simulation_V3/runs/S10_5000/outputs_production_50seed_part21_25/run_campaign_v3_S10_M2_LONG_LINK_B_L1_F1_H3_seed024_24_20260603_091155
campaign_v3_S10_M2_LONG_LINK_B_L1_F1_H3_seed025,campaign_v3_S10_M2_LONG_LINK_B_L1_F1_H3_seed025_25_20260603_091423,S10,5000,200,6,M2_LONG_LINK,25,B,L1,F1,H3,V3,map_S10_M2_LONG_LINK_seed025,e17387606cacbf25bbbf3856adf89dfe4395b7323d696ad0df909a4fe44048f6,99.721,352.218,198.269,409.914,25,765,3.2095,0.295,60.0,25.18,85.18,145.18,150.0,90.0,6.313,3.0,1.0,0.026,1.0,0.078,5618.548023,0.876077,0.0,1979,1407990,1407990,1.0,1797,1797,1.0,119750,0,1,S10|M2_LONG_LINK|25|B|L1|F1,true,false,false,/home/cyfer/FYP/WSN_simulation_V3/runs/S10_5000/outputs_production_50seed_part21_25/run_campaign_v3_S10_M2_LONG_LINK_B_L1_F1_H3_seed025_25_20260603_091423
campaign_v3_S10_M2_LONG_LINK_B_L1_F1_H4_seed021,campaign_v3_S10_M2_LONG_LINK_B_L1_F1_H4_seed021_21_20260603_090432,S10,5000,200,6,M2_LONG_LINK,21,B,L1,F1,H4,V3,map_S10_M2_LONG_LINK_seed021,764bccd97a22d342e8f1f357e86ccda2c6af6bc98fc22f021fe875bf4c6dd3b4,98.168,339.61,197.676,400.964,25,634,2.7605,0.297,60.0,29.122,89.122,149.122,150.0,90.0,6.438,3.0,1.0,0.027,1.0,0.119,5594.135217,0.880928,0.0,1972,1408530,1408530,1.0,1797,1797,1.0,119804,0,1,S10|M2_LONG_LINK|21|B|L1|F1,true,false,false,/home/cyfer/FYP/WSN_simulation_V3/runs/S10_5000/outputs_production_50seed_part21_25/run_campaign_v3_S10_M2_LONG_LINK_B_L1_F1_H4_seed021_21_20260603_090432
campaign_v3_S10_M2_LONG_LINK_B_L1_F1_H4_seed022,campaign_v3_S10_M2_LONG_LINK_B_L1_F1_H4_seed022_22_20260603_090658,S10,5000,200,6,M2_LONG_LINK,22,B,L1,F1,H4,V3,map_S10_M2_LONG_LINK_seed022,021d5399b7444352e994ae352a371c9d3190578d4b67337901650d29a9bd2a77,101.676,351.575,201.407,405.682,25,786,2.9947,0.3022,60.0,29.452,89.452,149.452,150.0,90.0,6.61,3.0,1.0,0.01,1.0,0.193,5705.971198,0.858484,0.0,2103,1409485,1409485,1.0,1797,1797,1.0,119829,0,1,S10|M2_LONG_LINK|22|B|L1|F1,true,false,false,/home/cyfer/FYP/WSN_simulation_V3/runs/S10_5000/outputs_production_50seed_part21_25/run_campaign_v3_S10_M2_LONG_LINK_B_L1_F1_H4_seed022_22_20260603_090658
campaign_v3_S10_M2_LONG_LINK_B_L1_F1_H4_seed023,campaign_v3_S10_M2_LONG_LINK_B_L1_F1_H4_seed023_23_20260603_090930,S10,5000,200,6,M2_LONG_LINK,23,B,L1,F1,H4,V3,map_S10_M2_LONG_LINK_seed023,c8d1fd65f423f1fd36c525165ad6bcf5e44c3c517e00bd1a91b2e4ca8fc75264,97.616,350.336,199.111,386.975,25,750,2.9308,0.2908,60.0,28.577,88.577,148.577,150.0,90.0,6.576,3.0,1.0,0.021,1.0,0.171,5600.519067,0.879652,0.0,1988,1407314,1407314,1.0,1797,1797,1.0,119579,0,1,S10|M2_LONG_LINK|23|B|L1|F1,true,false,false,/home/cyfer/FYP/WSN_simulation_V3/runs/S10_5000/outputs_production_50seed_part21_25/run_campaign_v3_S10_M2_LONG_LINK_B_L1_F1_H4_seed023_23_20260603_090930
campaign_v3_S10_M2_LONG_LINK_B_L1_F1_H4_seed024,campaign_v3_S10_M2_LONG_LINK_B_L1_F1_H4_seed024_24_20260603_091159,S10,5000,200,6,M2_LONG_LINK,24,B,L1,F1,H4,V3,map_S10_M2_LONG_LINK_seed024,d78969f103ba1079eb50d1239cb46c9b8cddd76468546d03e22c5f1c9e3b8b33,101.468,345.133,199.827,407.077,25,775,2.9359,0.3056,60.0,28.616,88.616,148.616,150.0,90.0,6.223,3.0,1.0,0.019,1.0,0.055,5656.327249,0.868472,0.0,2089,1408571,1408571,1.0,1788,1788,1.0,119779,0,1,S10|M2_LONG_LINK|24|B|L1|F1,true,false,false,/home/cyfer/FYP/WSN_simulation_V3/runs/S10_5000/outputs_production_50seed_part21_25/run_campaign_v3_S10_M2_LONG_LINK_B_L1_F1_H4_seed024_24_20260603_091159
campaign_v3_S10_M2_LONG_LINK_B_L1_F1_H4_seed025,campaign_v3_S10_M2_LONG_LINK_B_L1_F1_H4_seed025_25_20260603_091427,S10,5000,200,6,M2_LONG_LINK,25,B,L1,F1,H4,V3,map_S10_M2_LONG_LINK_seed025,e17387606cacbf25bbbf3856adf89dfe4395b7323d696ad0df909a4fe44048f6,99.721,352.218,198.269,409.914,25,765,3.2095,0.295,60.0,28.316,88.316,148.316,150.0,90.0,6.313,3.0,1.0,0.026,1.0,0.078,5617.943784,0.876198,0.0,1980,1407542,1407542,1.0,1797,1797,1.0,119679,0,1,S10|M2_LONG_LINK|25|B|L1|F1,true,false,false,/home/cyfer/FYP/WSN_simulation_V3/runs/S10_5000/outputs_production_50seed_part21_25/run_campaign_v3_S10_M2_LONG_LINK_B_L1_F1_H4_seed025_25_20260603_091427
campaign_v3_S10_M2_LONG_LINK_B_L1_F2_H0_seed021,campaign_v3_S10_M2_LONG_LINK_B_L1_F2_H0_seed021_21_20260603_090420,S10,5000,200,6,M2_LONG_LINK,21,B,L1,F2,H0,V2,map_S10_M2_LONG_LINK_seed021,764bccd97a22d342e8f1f357e86ccda2c6af6bc98fc22f021fe875bf4c6dd3b4,98.168,339.61,197.676,400.964,25,634,2.7605,0.297,60.0,-1.0,-1.0,-1.0,-1.0,-1.0,0.0,0.0,0.0,0.0,0.0,0.0,5593.972512,0.881205,0.0,1971,1409320,1409320,1.0,1792,1792,1.0,120040,1,0,S10|M2_LONG_LINK|21|B|L1|F2,false,false,true,/home/cyfer/FYP/WSN_simulation_V3/runs/S10_5000/outputs_production_50seed_part21_25/run_campaign_v3_S10_M2_LONG_LINK_B_L1_F2_H0_seed021_21_20260603_090420
campaign_v3_S10_M2_LONG_LINK_B_L1_F2_H0_seed022,campaign_v3_S10_M2_LONG_LINK_B_L1_F2_H0_seed022_22_20260603_090646,S10,5000,200,6,M2_LONG_LINK,22,B,L1,F2,H0,V2,map_S10_M2_LONG_LINK_seed022,021d5399b7444352e994ae352a371c9d3190578d4b67337901650d29a9bd2a77,101.676,351.575,201.407,405.682,25,786,2.9947,0.3022,60.0,-1.0,-1.0,-1.0,-1.0,-1.0,0.0,0.0,0.0,0.0,0.0,0.0,5706.243069,0.858751,0.0,2103,1409555,1409555,1.0,1792,1792,1.0,120035,1,0,S10|M2_LONG_LINK|22|B|L1|F2,false,false,true,/home/cyfer/FYP/WSN_simulation_V3/runs/S10_5000/outputs_production_50seed_part21_25/run_campaign_v3_S10_M2_LONG_LINK_B_L1_F2_H0_seed022_22_20260603_090646
campaign_v3_S10_M2_LONG_LINK_B_L1_F2_H0_seed023,campaign_v3_S10_M2_LONG_LINK_B_L1_F2_H0_seed023_23_20260603_090918,S10,5000,200,6,M2_LONG_LINK,23,B,L1,F2,H0,V2,map_S10_M2_LONG_LINK_seed023,c8d1fd65f423f1fd36c525165ad6bcf5e44c3c517e00bd1a91b2e4ca8fc75264,97.616,350.336,199.111,386.975,25,750,2.9308,0.2908,60.0,-1.0,-1.0,-1.0,-1.0,-1.0,0.0,0.0,0.0,0.0,0.0,0.0,5598.873844,0.880225,0.0,1986,1407205,1407205,1.0,1792,1792,1.0,120085,1,0,S10|M2_LONG_LINK|23|B|L1|F2,false,false,true,/home/cyfer/FYP/WSN_simulation_V3/runs/S10_5000/outputs_production_50seed_part21_25/run_campaign_v3_S10_M2_LONG_LINK_B_L1_F2_H0_seed023_23_20260603_090918
campaign_v3_S10_M2_LONG_LINK_B_L1_F2_H0_seed024,campaign_v3_S10_M2_LONG_LINK_B_L1_F2_H0_seed024_24_20260603_091146,S10,5000,200,6,M2_LONG_LINK,24,B,L1,F2,H0,V2,map_S10_M2_LONG_LINK_seed024,d78969f103ba1079eb50d1239cb46c9b8cddd76468546d03e22c5f1c9e3b8b33,101.468,345.133,199.827,407.077,25,775,2.9359,0.3056,60.0,-1.0,-1.0,-1.0,-1.0,-1.0,0.0,0.0,0.0,0.0,0.0,0.0,5655.820518,0.868836,0.0,2088,1409085,1409085,1.0,1783,1783,1.0,120045,1,0,S10|M2_LONG_LINK|24|B|L1|F2,false,false,true,/home/cyfer/FYP/WSN_simulation_V3/runs/S10_5000/outputs_production_50seed_part21_25/run_campaign_v3_S10_M2_LONG_LINK_B_L1_F2_H0_seed024_24_20260603_091146
campaign_v3_S10_M2_LONG_LINK_B_L1_F2_H0_seed025,campaign_v3_S10_M2_LONG_LINK_B_L1_F2_H0_seed025_25_20260603_091415,S10,5000,200,6,M2_LONG_LINK,25,B,L1,F2,H0,V2,map_S10_M2_LONG_LINK_seed025,e17387606cacbf25bbbf3856adf89dfe4395b7323d696ad0df909a4fe44048f6,99.721,352.218,198.269,409.914,25,765,3.2095,0.295,60.0,-1.0,-1.0,-1.0,-1.0,-1.0,0.0,0.0,0.0,0.0,0.0,0.0,5616.764122,0.876647,0.0,1978,1408145,1408145,1.0,1792,1792,1.0,120065,1,0,S10|M2_LONG_LINK|25|B|L1|F2,false,false,true,/home/cyfer/FYP/WSN_simulation_V3/runs/S10_5000/outputs_production_50seed_part21_25/run_campaign_v3_S10_M2_LONG_LINK_B_L1_F2_H0_seed025_25_20260603_091415
campaign_v3_S10_M2_LONG_LINK_B_L1_F2_H1_seed021,campaign_v3_S10_M2_LONG_LINK_B_L1_F2_H1_seed021_21_20260603_090436,S10,5000,200,6,M2_LONG_LINK,21,B,L1,F2,H1,V3,map_S10_M2_LONG_LINK_seed021,764bccd97a22d342e8f1f357e86ccda2c6af6bc98fc22f021fe875bf4c6dd3b4,98.168,339.61,197.676,400.964,25,634,2.7605,0.297,60.0,24.777,84.777,144.777,150.0,90.0,3.859,3.0,1.0,0.013,0.181,0.092,5596.72468,0.880655,0.0,1971,1410520,1410520,1.0,1797,1797,1.0,120000,0,1,S10|M2_LONG_LINK|21|B|L1|F2,true,false,false,/home/cyfer/FYP/WSN_simulation_V3/runs/S10_5000/outputs_production_50seed_part21_25/run_campaign_v3_S10_M2_LONG_LINK_B_L1_F2_H1_seed021_21_20260603_090436
campaign_v3_S10_M2_LONG_LINK_B_L1_F2_H1_seed022,campaign_v3_S10_M2_LONG_LINK_B_L1_F2_H1_seed022_22_20260603_090702,S10,5000,200,6,M2_LONG_LINK,22,B,L1,F2,H1,V3,map_S10_M2_LONG_LINK_seed022,021d5399b7444352e994ae352a371c9d3190578d4b67337901650d29a9bd2a77,101.676,351.575,201.407,405.682,25,786,2.9947,0.3022,60.0,24.11,84.11,144.11,150.0,90.0,3.823,3.0,1.0,0.009,0.161,0.104,5708.699268,0.85826,0.0,2103,1410605,1410605,1.0,1797,1797,1.0,120000,0,1,S10|M2_LONG_LINK|22|B|L1|F2,true,false,false,/home/cyfer/FYP/WSN_simulation_V3/runs/S10_5000/outputs_production_50seed_part21_25/run_campaign_v3_S10_M2_LONG_LINK_B_L1_F2_H1_seed022_22_20260603_090702
campaign_v3_S10_M2_LONG_LINK_B_L1_F2_H1_seed023,campaign_v3_S10_M2_LONG_LINK_B_L1_F2_H1_seed023_23_20260603_090934,S10,5000,200,6,M2_LONG_LINK,23,B,L1,F2,H1,V3,map_S10_M2_LONG_LINK_seed023,c8d1fd65f423f1fd36c525165ad6bcf5e44c3c517e00bd1a91b2e4ca8fc75264,97.616,350.336,199.111,386.975,25,750,2.9308,0.2908,60.0,24.677,84.677,144.677,150.0,90.0,4.499,3.0,1.0,0.023,0.402,0.075,5604.789927,0.879042,0.0,1987,1409755,1409755,1.0,1797,1797,1.0,120000,0,1,S10|M2_LONG_LINK|23|B|L1|F2,true,false,false,/home/cyfer/FYP/WSN_simulation_V3/runs/S10_5000/outputs_production_50seed_part21_25/run_campaign_v3_S10_M2_LONG_LINK_B_L1_F2_H1_seed023_23_20260603_090934
campaign_v3_S10_M2_LONG_LINK_B_L1_F2_H1_seed024,campaign_v3_S10_M2_LONG_LINK_B_L1_F2_H1_seed024_24_20260603_091203,S10,5000,200,6,M2_LONG_LINK,24,B,L1,F2,H1,V3,map_S10_M2_LONG_LINK_seed024,d78969f103ba1079eb50d1239cb46c9b8cddd76468546d03e22c5f1c9e3b8b33,101.468,345.133,199.827,407.077,25,775,2.9359,0.3056,60.0,24.121,84.121,144.121,150.0,90.0,4.05,3.0,1.0,0.012,0.203,0.136,5658.843692,0.868231,0.0,2088,1410435,1410435,1.0,1788,1788,1.0,120000,0,1,S10|M2_LONG_LINK|24|B|L1|F2,true,false,false,/home/cyfer/FYP/WSN_simulation_V3/runs/S10_5000/outputs_production_50seed_part21_25/run_campaign_v3_S10_M2_LONG_LINK_B_L1_F2_H1_seed024_24_20260603_091203
campaign_v3_S10_M2_LONG_LINK_B_L1_F2_H1_seed025,campaign_v3_S10_M2_LONG_LINK_B_L1_F2_H1_seed025_25_20260603_091431,S10,5000,200,6,M2_LONG_LINK,25,B,L1,F2,H1,V3,map_S10_M2_LONG_LINK_seed025,e17387606cacbf25bbbf3856adf89dfe4395b7323d696ad0df909a4fe44048f6,99.721,352.218,198.269,409.914,25,765,3.2095,0.295,60.0,25.123,85.123,145.123,150.0,90.0,4.416,3.0,1.0,0.017,0.312,0.143,5621.460364,0.875708,0.0,1979,1410082,1410082,1.0,1797,1797,1.0,120000,0,1,S10|M2_LONG_LINK|25|B|L1|F2,true,false,false,/home/cyfer/FYP/WSN_simulation_V3/runs/S10_5000/outputs_production_50seed_part21_25/run_campaign_v3_S10_M2_LONG_LINK_B_L1_F2_H1_seed025_25_20260603_091431
campaign_v3_S10_M2_LONG_LINK_B_L1_F2_H3_seed021,campaign_v3_S10_M2_LONG_LINK_B_L1_F2_H3_seed021_21_20260603_090438,S10,5000,200,6,M2_LONG_LINK,21,B,L1,F2,H3,V3,map_S10_M2_LONG_LINK_seed021,764bccd97a22d342e8f1f357e86ccda2c6af6bc98fc22f021fe875bf4c6dd3b4,98.168,339.61,197.676,400.964,25,634,2.7605,0.297,60.0,30.423,90.423,150.423,160.0,100.0,3.859,3.0,1.0,0.013,0.181,0.092,5595.221641,0.880956,0.0,1971,1409896,1409896,1.0,1796,1796,1.0,119900,0,1,S10|M2_LONG_LINK|21|B|L1|F2,true,false,false,/home/cyfer/FYP/WSN_simulation_V3/runs/S10_5000/outputs_production_50seed_part21_25/run_campaign_v3_S10_M2_LONG_LINK_B_L1_F2_H3_seed021_21_20260603_090438
campaign_v3_S10_M2_LONG_LINK_B_L1_F2_H3_seed022,campaign_v3_S10_M2_LONG_LINK_B_L1_F2_H3_seed022_22_20260603_090703,S10,5000,200,6,M2_LONG_LINK,22,B,L1,F2,H3,V3,map_S10_M2_LONG_LINK_seed022,021d5399b7444352e994ae352a371c9d3190578d4b67337901650d29a9bd2a77,101.676,351.575,201.407,405.682,25,786,2.9947,0.3022,60.0,30.291,90.291,150.291,160.0,100.0,3.823,3.0,1.0,0.009,0.161,0.104,5707.619402,0.858476,0.0,2103,1410131,1410131,1.0,1796,1796,1.0,119925,0,1,S10|M2_LONG_LINK|22|B|L1|F2,true,false,false,/home/cyfer/FYP/WSN_simulation_V3/runs/S10_5000/outputs_production_50seed_part21_25/run_campaign_v3_S10_M2_LONG_LINK_B_L1_F2_H3_seed022_22_20260603_090703
campaign_v3_S10_M2_LONG_LINK_B_L1_F2_H3_seed023,campaign_v3_S10_M2_LONG_LINK_B_L1_F2_H3_seed023_23_20260603_090935,S10,5000,200,6,M2_LONG_LINK,23,B,L1,F2,H3,V3,map_S10_M2_LONG_LINK_seed023,c8d1fd65f423f1fd36c525165ad6bcf5e44c3c517e00bd1a91b2e4ca8fc75264,97.616,350.336,199.111,386.975,25,750,2.9308,0.2908,60.0,31.325,91.325,151.325,160.0,100.0,4.499,3.0,1.0,0.023,0.402,0.075,5602.06488,0.879587,0.0,1986,1408492,1408492,1.0,1796,1796,1.0,119800,0,1,S10|M2_LONG_LINK|23|B|L1|F2,true,false,false,/home/cyfer/FYP/WSN_simulation_V3/runs/S10_5000/outputs_production_50seed_part21_25/run_campaign_v3_S10_M2_LONG_LINK_B_L1_F2_H3_seed023_23_20260603_090935
campaign_v3_S10_M2_LONG_LINK_B_L1_F2_H3_seed024,campaign_v3_S10_M2_LONG_LINK_B_L1_F2_H3_seed024_24_20260603_091204,S10,5000,200,6,M2_LONG_LINK,24,B,L1,F2,H3,V3,map_S10_M2_LONG_LINK_seed024,d78969f103ba1079eb50d1239cb46c9b8cddd76468546d03e22c5f1c9e3b8b33,101.468,345.133,199.827,407.077,25,775,2.9359,0.3056,60.0,30.462,90.462,150.462,160.0,100.0,4.05,3.0,1.0,0.012,0.203,0.136,5657.388935,0.868522,0.0,2088,1409805,1409805,1.0,1787,1787,1.0,119900,0,1,S10|M2_LONG_LINK|24|B|L1|F2,true,false,false,/home/cyfer/FYP/WSN_simulation_V3/runs/S10_5000/outputs_production_50seed_part21_25/run_campaign_v3_S10_M2_LONG_LINK_B_L1_F2_H3_seed024_24_20260603_091204
campaign_v3_S10_M2_LONG_LINK_B_L1_F2_H3_seed025,campaign_v3_S10_M2_LONG_LINK_B_L1_F2_H3_seed025_25_20260603_091432,S10,5000,200,6,M2_LONG_LINK,25,B,L1,F2,H3,V3,map_S10_M2_LONG_LINK_seed025,e17387606cacbf25bbbf3856adf89dfe4395b7323d696ad0df909a4fe44048f6,99.721,352.218,198.269,409.914,25,765,3.2095,0.295,60.0,31.14,91.14,151.14,160.0,100.0,4.416,3.0,1.0,0.017,0.312,0.143,5619.28402,0.876143,0.0,1978,1409146,1409146,1.0,1796,1796,1.0,119850,0,1,S10|M2_LONG_LINK|25|B|L1|F2,true,false,false,/home/cyfer/FYP/WSN_simulation_V3/runs/S10_5000/outputs_production_50seed_part21_25/run_campaign_v3_S10_M2_LONG_LINK_B_L1_F2_H3_seed025_25_20260603_091432
campaign_v3_S10_M2_LONG_LINK_B_L1_F2_H4_seed021,campaign_v3_S10_M2_LONG_LINK_B_L1_F2_H4_seed021_21_20260603_090439,S10,5000,200,6,M2_LONG_LINK,21,B,L1,F2,H4,V3,map_S10_M2_LONG_LINK_seed021,764bccd97a22d342e8f1f357e86ccda2c6af6bc98fc22f021fe875bf4c6dd3b4,98.168,339.61,197.676,400.964,25,634,2.7605,0.297,60.0,33.943,93.943,153.943,160.0,100.0,3.859,3.0,1.0,0.013,0.181,0.092,5596.554626,0.880689,0.0,1971,1410448,1410448,1.0,1796,1796,1.0,120000,0,1,S10|M2_LONG_LINK|21|B|L1|F2,true,false,false,/home/cyfer/FYP/WSN_simulation_V3/runs/S10_5000/outputs_production_50seed_part21_25/run_campaign_v3_S10_M2_LONG_LINK_B_L1_F2_H4_seed021_21_20260603_090439
campaign_v3_S10_M2_LONG_LINK_B_L1_F2_H4_seed022,campaign_v3_S10_M2_LONG_LINK_B_L1_F2_H4_seed022_22_20260603_090705,S10,5000,200,6,M2_LONG_LINK,22,B,L1,F2,H4,V3,map_S10_M2_LONG_LINK_seed022,021d5399b7444352e994ae352a371c9d3190578d4b67337901650d29a9bd2a77,101.676,351.575,201.407,405.682,25,786,2.9947,0.3022,60.0,34.464,94.464,154.464,160.0,100.0,3.823,3.0,1.0,0.009,0.161,0.104,5708.530421,0.858294,0.0,2103,1410535,1410535,1.0,1796,1796,1.0,120000,0,1,S10|M2_LONG_LINK|22|B|L1|F2,true,false,false,/home/cyfer/FYP/WSN_simulation_V3/runs/S10_5000/outputs_production_50seed_part21_25/run_campaign_v3_S10_M2_LONG_LINK_B_L1_F2_H4_seed022_22_20260603_090705
campaign_v3_S10_M2_LONG_LINK_B_L1_F2_H4_seed023,campaign_v3_S10_M2_LONG_LINK_B_L1_F2_H4_seed023_23_20260603_090936,S10,5000,200,6,M2_LONG_LINK,23,B,L1,F2,H4,V3,map_S10_M2_LONG_LINK_seed023,c8d1fd65f423f1fd36c525165ad6bcf5e44c3c517e00bd1a91b2e4ca8fc75264,97.616,350.336,199.111,386.975,25,750,2.9308,0.2908,60.0,34.819,94.819,154.819,160.0,100.0,4.499,3.0,1.0,0.023,0.402,0.075,5604.52508,0.879095,0.0,1987,1409585,1409585,1.0,1796,1796,1.0,120000,0,1,S10|M2_LONG_LINK|23|B|L1|F2,true,false,false,/home/cyfer/FYP/WSN_simulation_V3/runs/S10_5000/outputs_production_50seed_part21_25/run_campaign_v3_S10_M2_LONG_LINK_B_L1_F2_H4_seed023_23_20260603_090936
campaign_v3_S10_M2_LONG_LINK_B_L1_F2_H4_seed024,campaign_v3_S10_M2_LONG_LINK_B_L1_F2_H4_seed024_24_20260603_091205,S10,5000,200,6,M2_LONG_LINK,24,B,L1,F2,H4,V3,map_S10_M2_LONG_LINK_seed024,d78969f103ba1079eb50d1239cb46c9b8cddd76468546d03e22c5f1c9e3b8b33,101.468,345.133,199.827,407.077,25,775,2.9359,0.3056,60.0,34.335,94.335,154.335,160.0,100.0,4.05,3.0,1.0,0.012,0.203,0.136,5658.636375,0.868273,0.0,2088,1410345,1410345,1.0,1787,1787,1.0,120000,0,1,S10|M2_LONG_LINK|24|B|L1|F2,true,false,false,/home/cyfer/FYP/WSN_simulation_V3/runs/S10_5000/outputs_production_50seed_part21_25/run_campaign_v3_S10_M2_LONG_LINK_B_L1_F2_H4_seed024_24_20260603_091205
campaign_v3_S10_M2_LONG_LINK_B_L1_F2_H4_seed025,campaign_v3_S10_M2_LONG_LINK_B_L1_F2_H4_seed025_25_20260603_091434,S10,5000,200,6,M2_LONG_LINK,25,B,L1,F2,H4,V3,map_S10_M2_LONG_LINK_seed025,e17387606cacbf25bbbf3856adf89dfe4395b7323d696ad0df909a4fe44048f6,99.721,352.218,198.269,409.914,25,765,3.2095,0.295,60.0,35.1,95.1,155.1,160.0,100.0,4.416,3.0,1.0,0.017,0.312,0.143,5621.139448,0.875772,0.0,1979,1409952,1409952,1.0,1796,1796,1.0,120000,0,1,S10|M2_LONG_LINK|25|B|L1|F2,true,false,false,/home/cyfer/FYP/WSN_simulation_V3/runs/S10_5000/outputs_production_50seed_part21_25/run_campaign_v3_S10_M2_LONG_LINK_B_L1_F2_H4_seed025_25_20260603_091434
campaign_v3_S10_M2_LONG_LINK_B_L1_F3_H0_seed021,campaign_v3_S10_M2_LONG_LINK_B_L1_F3_H0_seed021_21_20260603_090422,S10,5000,200,6,M2_LONG_LINK,21,B,L1,F3,H0,V2,map_S10_M2_LONG_LINK_seed021,764bccd97a22d342e8f1f357e86ccda2c6af6bc98fc22f021fe875bf4c6dd3b4,98.168,339.61,197.676,400.964,25,634,2.7605,0.297,60.0,-1.0,-1.0,-1.0,-1.0,-1.0,0.0,0.0,0.0,0.0,0.0,0.0,5590.467545,0.881906,0.0,1971,1406970,1406970,1.0,1792,1792,1.0,120090,1,0,S10|M2_LONG_LINK|21|B|L1|F3,false,false,true,/home/cyfer/FYP/WSN_simulation_V3/runs/S10_5000/outputs_production_50seed_part21_25/run_campaign_v3_S10_M2_LONG_LINK_B_L1_F3_H0_seed021_21_20260603_090422
campaign_v3_S10_M2_LONG_LINK_B_L1_F3_H0_seed022,campaign_v3_S10_M2_LONG_LINK_B_L1_F3_H0_seed022_22_20260603_090647,S10,5000,200,6,M2_LONG_LINK,22,B,L1,F3,H0,V2,map_S10_M2_LONG_LINK_seed022,021d5399b7444352e994ae352a371c9d3190578d4b67337901650d29a9bd2a77,101.676,351.575,201.407,405.682,25,786,2.9947,0.3022,60.0,-1.0,-1.0,-1.0,-1.0,-1.0,0.0,0.0,0.0,0.0,0.0,0.0,5704.338456,0.859132,0.0,2103,1408380,1408380,1.0,1792,1792,1.0,120060,1,0,S10|M2_LONG_LINK|22|B|L1|F3,false,false,true,/home/cyfer/FYP/WSN_simulation_V3/runs/S10_5000/outputs_production_50seed_part21_25/run_campaign_v3_S10_M2_LONG_LINK_B_L1_F3_H0_seed022_22_20260603_090647
campaign_v3_S10_M2_LONG_LINK_B_L1_F3_H0_seed023,campaign_v3_S10_M2_LONG_LINK_B_L1_F3_H0_seed023_23_20260603_090919,S10,5000,200,6,M2_LONG_LINK,23,B,L1,F3,H0,V2,map_S10_M2_LONG_LINK_seed023,c8d1fd65f423f1fd36c525165ad6bcf5e44c3c517e00bd1a91b2e4ca8fc75264,97.616,350.336,199.111,386.975,25,750,2.9308,0.2908,60.0,-1.0,-1.0,-1.0,-1.0,-1.0,0.0,0.0,0.0,0.0,0.0,0.0,5600.972439,0.879806,0.0,1986,1408380,1408380,1.0,1792,1792,1.0,120060,1,0,S10|M2_LONG_LINK|23|B|L1|F3,false,false,true,/home/cyfer/FYP/WSN_simulation_V3/runs/S10_5000/outputs_production_50seed_part21_25/run_campaign_v3_S10_M2_LONG_LINK_B_L1_F3_H0_seed023_23_20260603_090919
campaign_v3_S10_M2_LONG_LINK_B_L1_F3_H0_seed024,campaign_v3_S10_M2_LONG_LINK_B_L1_F3_H0_seed024_24_20260603_091147,S10,5000,200,6,M2_LONG_LINK,24,B,L1,F3,H0,V2,map_S10_M2_LONG_LINK_seed024,d78969f103ba1079eb50d1239cb46c9b8cddd76468546d03e22c5f1c9e3b8b33,101.468,345.133,199.827,407.077,25,775,2.9359,0.3056,60.0,-1.0,-1.0,-1.0,-1.0,-1.0,0.0,0.0,0.0,0.0,0.0,0.0,5652.5716,0.869486,0.0,2088,1406735,1406735,1.0,1783,1783,1.0,120095,1,0,S10|M2_LONG_LINK|24|B|L1|F3,false,false,true,/home/cyfer/FYP/WSN_simulation_V3/runs/S10_5000/outputs_production_50seed_part21_25/run_campaign_v3_S10_M2_LONG_LINK_B_L1_F3_H0_seed024_24_20260603_091147
campaign_v3_S10_M2_LONG_LINK_B_L1_F3_H0_seed025,campaign_v3_S10_M2_LONG_LINK_B_L1_F3_H0_seed025_25_20260603_091416,S10,5000,200,6,M2_LONG_LINK,25,B,L1,F3,H0,V2,map_S10_M2_LONG_LINK_seed025,e17387606cacbf25bbbf3856adf89dfe4395b7323d696ad0df909a4fe44048f6,99.721,352.218,198.269,409.914,25,765,3.2095,0.295,60.0,-1.0,-1.0,-1.0,-1.0,-1.0,0.0,0.0,0.0,0.0,0.0,0.0,5616.791973,0.876642,0.0,1978,1408380,1408380,1.0,1792,1792,1.0,120060,1,0,S10|M2_LONG_LINK|25|B|L1|F3,false,false,true,/home/cyfer/FYP/WSN_simulation_V3/runs/S10_5000/outputs_production_50seed_part21_25/run_campaign_v3_S10_M2_LONG_LINK_B_L1_F3_H0_seed025_25_20260603_091416
campaign_v3_S10_M2_LONG_LINK_B_L1_F3_H1_seed021,campaign_v3_S10_M2_LONG_LINK_B_L1_F3_H1_seed021_21_20260603_090440,S10,5000,200,6,M2_LONG_LINK,21,B,L1,F3,H1,V3,map_S10_M2_LONG_LINK_seed021,764bccd97a22d342e8f1f357e86ccda2c6af6bc98fc22f021fe875bf4c6dd3b4,98.168,339.61,197.676,400.964,25,634,2.7605,0.297,60.0,28.973,88.973,148.973,150.0,90.0,4.744,3.0,1.0,0.028,0.425,0.128,5590.651445,0.88187,0.0,1971,1406990,1406990,1.0,1797,1797,1.0,119554,0,1,S10|M2_LONG_LINK|21|B|L1|F3,true,false,false,/home/cyfer/FYP/WSN_simulation_V3/runs/S10_5000/outputs_production_50seed_part21_25/run_campaign_v3_S10_M2_LONG_LINK_B_L1_F3_H1_seed021_21_20260603_090440
campaign_v3_S10_M2_LONG_LINK_B_L1_F3_H1_seed022,campaign_v3_S10_M2_LONG_LINK_B_L1_F3_H1_seed022_22_20260603_090706,S10,5000,200,6,M2_LONG_LINK,22,B,L1,F3,H1,V3,map_S10_M2_LONG_LINK_seed022,021d5399b7444352e994ae352a371c9d3190578d4b67337901650d29a9bd2a77,101.676,351.575,201.407,405.682,25,786,2.9947,0.3022,60.0,28.797,88.797,148.797,150.0,90.0,4.141,3.0,1.0,0.015,0.281,0.084,5704.485447,0.859103,0.0,2103,1408400,1408400,1.0,1797,1797,1.0,119704,0,1,S10|M2_LONG_LINK|22|B|L1|F3,true,false,false,/home/cyfer/FYP/WSN_simulation_V3/runs/S10_5000/outputs_production_50seed_part21_25/run_campaign_v3_S10_M2_LONG_LINK_B_L1_F3_H1_seed022_22_20260603_090706
campaign_v3_S10_M2_LONG_LINK_B_L1_F3_H1_seed023,campaign_v3_S10_M2_LONG_LINK_B_L1_F3_H1_seed023_23_20260603_090938,S10,5000,200,6,M2_LONG_LINK,23,B,L1,F3,H1,V3,map_S10_M2_LONG_LINK_seed023,c8d1fd65f423f1fd36c525165ad6bcf5e44c3c517e00bd1a91b2e4ca8fc75264,97.616,350.336,199.111,386.975,25,750,2.9308,0.2908,60.0,28.529,88.529,148.529,150.0,90.0,3.983,3.0,1.0,0.016,0.268,0.044,5601.101924,0.87978,0.0,1986,1408400,1408400,1.0,1797,1797,1.0,119704,0,1,S10|M2_LONG_LINK|23|B|L1|F3,true,false,false,/home/cyfer/FYP/WSN_simulation_V3/runs/S10_5000/outputs_production_50seed_part21_25/run_campaign_v3_S10_M2_LONG_LINK_B_L1_F3_H1_seed023_23_20260603_090938
campaign_v3_S10_M2_LONG_LINK_B_L1_F3_H1_seed024,campaign_v3_S10_M2_LONG_LINK_B_L1_F3_H1_seed024_24_20260603_091207,S10,5000,200,6,M2_LONG_LINK,24,B,L1,F3,H1,V3,map_S10_M2_LONG_LINK_seed024,d78969f103ba1079eb50d1239cb46c9b8cddd76468546d03e22c5f1c9e3b8b33,101.468,345.133,199.827,407.077,25,775,2.9359,0.3056,60.0,29.185,89.185,149.185,150.0,90.0,4.418,3.0,1.0,0.025,0.436,0.012,5652.749416,0.86945,0.0,2088,1406755,1406755,1.0,1788,1788,1.0,119529,0,1,S10|M2_LONG_LINK|24|B|L1|F3,true,false,false,/home/cyfer/FYP/WSN_simulation_V3/runs/S10_5000/outputs_production_50seed_part21_25/run_campaign_v3_S10_M2_LONG_LINK_B_L1_F3_H1_seed024_24_20260603_091207
campaign_v3_S10_M2_LONG_LINK_B_L1_F3_H1_seed025,campaign_v3_S10_M2_LONG_LINK_B_L1_F3_H1_seed025_25_20260603_091435,S10,5000,200,6,M2_LONG_LINK,25,B,L1,F3,H1,V3,map_S10_M2_LONG_LINK_seed025,e17387606cacbf25bbbf3856adf89dfe4395b7323d696ad0df909a4fe44048f6,99.721,352.218,198.269,409.914,25,765,3.2095,0.295,60.0,28.859,88.859,148.859,150.0,90.0,4.448,3.0,1.0,0.016,0.298,0.169,5616.956792,0.876609,0.0,1978,1408400,1408400,1.0,1797,1797,1.0,119704,0,1,S10|M2_LONG_LINK|25|B|L1|F3,true,false,false,/home/cyfer/FYP/WSN_simulation_V3/runs/S10_5000/outputs_production_50seed_part21_25/run_campaign_v3_S10_M2_LONG_LINK_B_L1_F3_H1_seed025_25_20260603_091435
campaign_v3_S10_M2_LONG_LINK_B_L1_F3_H3_seed021,campaign_v3_S10_M2_LONG_LINK_B_L1_F3_H3_seed021_21_20260603_090441,S10,5000,200,6,M2_LONG_LINK,21,B,L1,F3,H3,V3,map_S10_M2_LONG_LINK_seed021,764bccd97a22d342e8f1f357e86ccda2c6af6bc98fc22f021fe875bf4c6dd3b4,98.168,339.61,197.676,400.964,25,634,2.7605,0.297,60.0,35.639,95.639,155.639,160.0,100.0,4.744,3.0,1.0,0.028,0.425,0.128,5590.636361,0.881873,0.0,1971,1406986,1406986,1.0,1796,1796,1.0,119554,0,1,S10|M2_LONG_LINK|21|B|L1|F3,true,false,false,/home/cyfer/FYP/WSN_simulation_V3/runs/S10_5000/outputs_production_50seed_part21_25/run_campaign_v3_S10_M2_LONG_LINK_B_L1_F3_H3_seed021_21_20260603_090441
campaign_v3_S10_M2_LONG_LINK_B_L1_F3_H3_seed022,campaign_v3_S10_M2_LONG_LINK_B_L1_F3_H3_seed022_22_20260603_090707,S10,5000,200,6,M2_LONG_LINK,22,B,L1,F3,H3,V3,map_S10_M2_LONG_LINK_seed022,021d5399b7444352e994ae352a371c9d3190578d4b67337901650d29a9bd2a77,101.676,351.575,201.407,405.682,25,786,2.9947,0.3022,60.0,35.078,95.078,155.078,160.0,100.0,4.141,3.0,1.0,0.015,0.281,0.084,5704.46994,0.859106,0.0,2103,1408396,1408396,1.0,1796,1796,1.0,119704,0,1,S10|M2_LONG_LINK|22|B|L1|F3,true,false,false,/home/cyfer/FYP/WSN_simulation_V3/runs/S10_5000/outputs_production_50seed_part21_25/run_campaign_v3_S10_M2_LONG_LINK_B_L1_F3_H3_seed022_22_20260603_090707
campaign_v3_S10_M2_LONG_LINK_B_L1_F3_H3_seed023,campaign_v3_S10_M2_LONG_LINK_B_L1_F3_H3_seed023_23_20260603_090939,S10,5000,200,6,M2_LONG_LINK,23,B,L1,F3,H3,V3,map_S10_M2_LONG_LINK_seed023,c8d1fd65f423f1fd36c525165ad6bcf5e44c3c517e00bd1a91b2e4ca8fc75264,97.616,350.336,199.111,386.975,25,750,2.9308,0.2908,60.0,34.435,94.435,154.435,160.0,100.0,3.983,3.0,1.0,0.016,0.268,0.044,5601.092226,0.879782,0.0,1986,1408396,1408396,1.0,1796,1796,1.0,119704,0,1,S10|M2_LONG_LINK|23|B|L1|F3,true,false,false,/home/cyfer/FYP/WSN_simulation_V3/runs/S10_5000/outputs_production_50seed_part21_25/run_campaign_v3_S10_M2_LONG_LINK_B_L1_F3_H3_seed023_23_20260603_090939
campaign_v3_S10_M2_LONG_LINK_B_L1_F3_H3_seed024,campaign_v3_S10_M2_LONG_LINK_B_L1_F3_H3_seed024_24_20260603_091208,S10,5000,200,6,M2_LONG_LINK,24,B,L1,F3,H3,V3,map_S10_M2_LONG_LINK_seed024,d78969f103ba1079eb50d1239cb46c9b8cddd76468546d03e22c5f1c9e3b8b33,101.468,345.133,199.827,407.077,25,775,2.9359,0.3056,60.0,35.373,95.373,155.373,160.0,100.0,4.418,3.0,1.0,0.025,0.436,0.012,5652.735284,0.869453,0.0,2088,1406751,1406751,1.0,1787,1787,1.0,119529,0,1,S10|M2_LONG_LINK|24|B|L1|F3,true,false,false,/home/cyfer/FYP/WSN_simulation_V3/runs/S10_5000/outputs_production_50seed_part21_25/run_campaign_v3_S10_M2_LONG_LINK_B_L1_F3_H3_seed024_24_20260603_091208
campaign_v3_S10_M2_LONG_LINK_B_L1_F3_H3_seed025,campaign_v3_S10_M2_LONG_LINK_B_L1_F3_H3_seed025_25_20260603_091436,S10,5000,200,6,M2_LONG_LINK,25,B,L1,F3,H3,V3,map_S10_M2_LONG_LINK_seed025,e17387606cacbf25bbbf3856adf89dfe4395b7323d696ad0df909a4fe44048f6,99.721,352.218,198.269,409.914,25,765,3.2095,0.295,60.0,35.158,95.158,155.158,160.0,100.0,4.448,3.0,1.0,0.016,0.298,0.169,5616.935849,0.876613,0.0,1978,1408396,1408396,1.0,1796,1796,1.0,119704,0,1,S10|M2_LONG_LINK|25|B|L1|F3,true,false,false,/home/cyfer/FYP/WSN_simulation_V3/runs/S10_5000/outputs_production_50seed_part21_25/run_campaign_v3_S10_M2_LONG_LINK_B_L1_F3_H3_seed025_25_20260603_091436
campaign_v3_S10_M2_LONG_LINK_B_L1_F3_H4_seed021,campaign_v3_S10_M2_LONG_LINK_B_L1_F3_H4_seed021_21_20260603_090443,S10,5000,200,6,M2_LONG_LINK,21,B,L1,F3,H4,V3,map_S10_M2_LONG_LINK_seed021,764bccd97a22d342e8f1f357e86ccda2c6af6bc98fc22f021fe875bf4c6dd3b4,98.168,339.61,197.676,400.964,25,634,2.7605,0.297,60.0,39.087,99.087,159.087,160.0,100.0,4.744,3.0,1.0,0.028,0.425,0.128,5590.636105,0.881873,0.0,1971,1406986,1406986,1.0,1796,1796,1.0,119554,0,1,S10|M2_LONG_LINK|21|B|L1|F3,true,false,false,/home/cyfer/FYP/WSN_simulation_V3/runs/S10_5000/outputs_production_50seed_part21_25/run_campaign_v3_S10_M2_LONG_LINK_B_L1_F3_H4_seed021_21_20260603_090443
campaign_v3_S10_M2_LONG_LINK_B_L1_F3_H4_seed022,campaign_v3_S10_M2_LONG_LINK_B_L1_F3_H4_seed022_22_20260603_090709,S10,5000,200,6,M2_LONG_LINK,22,B,L1,F3,H4,V3,map_S10_M2_LONG_LINK_seed022,021d5399b7444352e994ae352a371c9d3190578d4b67337901650d29a9bd2a77,101.676,351.575,201.407,405.682,25,786,2.9947,0.3022,60.0,38.361,98.361,158.361,160.0,100.0,4.141,3.0,1.0,0.015,0.281,0.084,5704.470289,0.859106,0.0,2103,1408396,1408396,1.0,1796,1796,1.0,119704,0,1,S10|M2_LONG_LINK|22|B|L1|F3,true,false,false,/home/cyfer/FYP/WSN_simulation_V3/runs/S10_5000/outputs_production_50seed_part21_25/run_campaign_v3_S10_M2_LONG_LINK_B_L1_F3_H4_seed022_22_20260603_090709
campaign_v3_S10_M2_LONG_LINK_B_L1_F3_H4_seed023,campaign_v3_S10_M2_LONG_LINK_B_L1_F3_H4_seed023_23_20260603_090940,S10,5000,200,6,M2_LONG_LINK,23,B,L1,F3,H4,V3,map_S10_M2_LONG_LINK_seed023,c8d1fd65f423f1fd36c525165ad6bcf5e44c3c517e00bd1a91b2e4ca8fc75264,97.616,350.336,199.111,386.975,25,750,2.9308,0.2908,60.0,38.033,98.033,158.033,160.0,100.0,3.983,3.0,1.0,0.016,0.268,0.044,5601.090267,0.879782,0.0,1986,1408396,1408396,1.0,1796,1796,1.0,119704,0,1,S10|M2_LONG_LINK|23|B|L1|F3,true,false,false,/home/cyfer/FYP/WSN_simulation_V3/runs/S10_5000/outputs_production_50seed_part21_25/run_campaign_v3_S10_M2_LONG_LINK_B_L1_F3_H4_seed023_23_20260603_090940
campaign_v3_S10_M2_LONG_LINK_B_L1_F3_H4_seed024,campaign_v3_S10_M2_LONG_LINK_B_L1_F3_H4_seed024_24_20260603_091210,S10,5000,200,6,M2_LONG_LINK,24,B,L1,F3,H4,V3,map_S10_M2_LONG_LINK_seed024,d78969f103ba1079eb50d1239cb46c9b8cddd76468546d03e22c5f1c9e3b8b33,101.468,345.133,199.827,407.077,25,775,2.9359,0.3056,60.0,38.632,98.632,158.632,160.0,100.0,4.418,3.0,1.0,0.025,0.436,0.012,5652.736493,0.869453,0.0,2088,1406751,1406751,1.0,1787,1787,1.0,119529,0,1,S10|M2_LONG_LINK|24|B|L1|F3,true,false,false,/home/cyfer/FYP/WSN_simulation_V3/runs/S10_5000/outputs_production_50seed_part21_25/run_campaign_v3_S10_M2_LONG_LINK_B_L1_F3_H4_seed024_24_20260603_091210
campaign_v3_S10_M2_LONG_LINK_B_L1_F3_H4_seed025,campaign_v3_S10_M2_LONG_LINK_B_L1_F3_H4_seed025_25_20260603_091437,S10,5000,200,6,M2_LONG_LINK,25,B,L1,F3,H4,V3,map_S10_M2_LONG_LINK_seed025,e17387606cacbf25bbbf3856adf89dfe4395b7323d696ad0df909a4fe44048f6,99.721,352.218,198.269,409.914,25,765,3.2095,0.295,60.0,39.095,99.095,159.095,160.0,100.0,4.448,3.0,1.0,0.016,0.298,0.169,5616.938068,0.876612,0.0,1978,1408396,1408396,1.0,1796,1796,1.0,119704,0,1,S10|M2_LONG_LINK|25|B|L1|F3,true,false,false,/home/cyfer/FYP/WSN_simulation_V3/runs/S10_5000/outputs_production_50seed_part21_25/run_campaign_v3_S10_M2_LONG_LINK_B_L1_F3_H4_seed025_25_20260603_091437
campaign_v3_S10_M2_LONG_LINK_B_L1_F4_H0_seed021,campaign_v3_S10_M2_LONG_LINK_B_L1_F4_H0_seed021_21_20260603_090423,S10,5000,200,6,M2_LONG_LINK,21,B,L1,F4,H0,V2,map_S10_M2_LONG_LINK_seed021,764bccd97a22d342e8f1f357e86ccda2c6af6bc98fc22f021fe875bf4c6dd3b4,98.168,339.61,197.676,400.964,25,634,2.7605,0.297,60.0,-1.0,-1.0,-1.0,-1.0,-1.0,0.0,0.0,0.0,0.0,0.0,0.0,5591.23568,0.881753,0.0,1971,1407205,1407205,1.0,1792,1792,1.0,120085,1,0,S10|M2_LONG_LINK|21|B|L1|F4,false,false,true,/home/cyfer/FYP/WSN_simulation_V3/runs/S10_5000/outputs_production_50seed_part21_25/run_campaign_v3_S10_M2_LONG_LINK_B_L1_F4_H0_seed021_21_20260603_090423
campaign_v3_S10_M2_LONG_LINK_B_L1_F4_H0_seed022,campaign_v3_S10_M2_LONG_LINK_B_L1_F4_H0_seed022_22_20260603_090649,S10,5000,200,6,M2_LONG_LINK,22,B,L1,F4,H0,V2,map_S10_M2_LONG_LINK_seed022,021d5399b7444352e994ae352a371c9d3190578d4b67337901650d29a9bd2a77,101.676,351.575,201.407,405.682,25,786,2.9947,0.3022,60.0,-1.0,-1.0,-1.0,-1.0,-1.0,0.0,0.0,0.0,0.0,0.0,0.0,5705.334336,0.858933,0.0,2103,1409320,1409320,1.0,1792,1792,1.0,120040,1,0,S10|M2_LONG_LINK|22|B|L1|F4,false,false,true,/home/cyfer/FYP/WSN_simulation_V3/runs/S10_5000/outputs_production_50seed_part21_25/run_campaign_v3_S10_M2_LONG_LINK_B_L1_F4_H0_seed022_22_20260603_090649
campaign_v3_S10_M2_LONG_LINK_B_L1_F4_H0_seed023,campaign_v3_S10_M2_LONG_LINK_B_L1_F4_H0_seed023_23_20260603_090921,S10,5000,200,6,M2_LONG_LINK,23,B,L1,F4,H0,V2,map_S10_M2_LONG_LINK_seed023,c8d1fd65f423f1fd36c525165ad6bcf5e44c3c517e00bd1a91b2e4ca8fc75264,97.616,350.336,199.111,386.975,25,750,2.9308,0.2908,60.0,-1.0,-1.0,-1.0,-1.0,-1.0,0.0,0.0,0.0,0.0,0.0,0.0,5598.771216,0.880246,0.0,1986,1407440,1407440,1.0,1792,1792,1.0,120080,1,0,S10|M2_LONG_LINK|23|B|L1|F4,false,false,true,/home/cyfer/FYP/WSN_simulation_V3/runs/S10_5000/outputs_production_50seed_part21_25/run_campaign_v3_S10_M2_LONG_LINK_B_L1_F4_H0_seed023_23_20260603_090921
campaign_v3_S10_M2_LONG_LINK_B_L1_F4_H0_seed024,campaign_v3_S10_M2_LONG_LINK_B_L1_F4_H0_seed024_24_20260603_091149,S10,5000,200,6,M2_LONG_LINK,24,B,L1,F4,H0,V2,map_S10_M2_LONG_LINK_seed024,d78969f103ba1079eb50d1239cb46c9b8cddd76468546d03e22c5f1c9e3b8b33,101.468,345.133,199.827,407.077,25,775,2.9359,0.3056,60.0,-1.0,-1.0,-1.0,-1.0,-1.0,0.0,0.0,0.0,0.0,0.0,0.0,5653.760409,0.869248,0.0,2088,1407675,1407675,1.0,1783,1783,1.0,120075,1,0,S10|M2_LONG_LINK|24|B|L1|F4,false,false,true,/home/cyfer/FYP/WSN_simulation_V3/runs/S10_5000/outputs_production_50seed_part21_25/run_campaign_v3_S10_M2_LONG_LINK_B_L1_F4_H0_seed024_24_20260603_091149
campaign_v3_S10_M2_LONG_LINK_B_L1_F4_H0_seed025,campaign_v3_S10_M2_LONG_LINK_B_L1_F4_H0_seed025_25_20260603_091417,S10,5000,200,6,M2_LONG_LINK,25,B,L1,F4,H0,V2,map_S10_M2_LONG_LINK_seed025,e17387606cacbf25bbbf3856adf89dfe4395b7323d696ad0df909a4fe44048f6,99.721,352.218,198.269,409.914,25,765,3.2095,0.295,60.0,-1.0,-1.0,-1.0,-1.0,-1.0,0.0,0.0,0.0,0.0,0.0,0.0,5614.796907,0.877041,0.0,1978,1406500,1406500,1.0,1792,1792,1.0,120100,1,0,S10|M2_LONG_LINK|25|B|L1|F4,false,false,true,/home/cyfer/FYP/WSN_simulation_V3/runs/S10_5000/outputs_production_50seed_part21_25/run_campaign_v3_S10_M2_LONG_LINK_B_L1_F4_H0_seed025_25_20260603_091417
campaign_v3_S10_M2_LONG_LINK_B_L1_F4_H1_seed021,campaign_v3_S10_M2_LONG_LINK_B_L1_F4_H1_seed021_21_20260603_090444,S10,5000,200,6,M2_LONG_LINK,21,B,L1,F4,H1,V3,map_S10_M2_LONG_LINK_seed021,764bccd97a22d342e8f1f357e86ccda2c6af6bc98fc22f021fe875bf4c6dd3b4,98.168,339.61,197.676,400.964,25,634,2.7605,0.297,60.0,35.59,95.59,155.59,160.0,100.0,4.6,3.0,1.0,0.027,0.387,0.119,5592.335771,0.881533,0.0,1971,1407629,1407629,1.0,1796,1796,1.0,119579,0,1,S10|M2_LONG_LINK|21|B|L1|F4,true,false,false,/home/cyfer/FYP/WSN_simulation_V3/runs/S10_5000/outputs_production_50seed_part21_25/run_campaign_v3_S10_M2_LONG_LINK_B_L1_F4_H1_seed021_21_20260603_090444
campaign_v3_S10_M2_LONG_LINK_B_L1_F4_H1_seed022,campaign_v3_S10_M2_LONG_LINK_B_L1_F4_H1_seed022_22_20260603_090710,S10,5000,200,6,M2_LONG_LINK,22,B,L1,F4,H1,V3,map_S10_M2_LONG_LINK_seed022,021d5399b7444352e994ae352a371c9d3190578d4b67337901650d29a9bd2a77,101.676,351.575,201.407,405.682,25,786,2.9947,0.3022,60.0,34.55,94.55,154.55,160.0,100.0,4.2,3.0,1.0,0.01,0.197,0.193,5705.939799,0.858812,0.0,2103,1409536,1409536,1.0,1796,1796,1.0,119804,0,1,S10|M2_LONG_LINK|22|B|L1|F4,true,false,false,/home/cyfer/FYP/WSN_simulation_V3/runs/S10_5000/outputs_production_50seed_part21_25/run_campaign_v3_S10_M2_LONG_LINK_B_L1_F4_H1_seed022_22_20260603_090710
campaign_v3_S10_M2_LONG_LINK_B_L1_F4_H1_seed023,campaign_v3_S10_M2_LONG_LINK_B_L1_F4_H1_seed023_23_20260603_090942,S10,5000,200,6,M2_LONG_LINK,23,B,L1,F4,H1,V3,map_S10_M2_LONG_LINK_seed023,c8d1fd65f423f1fd36c525165ad6bcf5e44c3c517e00bd1a91b2e4ca8fc75264,97.616,350.336,199.111,386.975,25,750,2.9308,0.2908,60.0,35.487,95.487,155.487,160.0,100.0,4.743,3.0,1.0,0.021,0.389,0.171,5599.900111,0.88002,0.0,1986,1407840,1407840,1.0,1796,1796,1.0,119604,0,1,S10|M2_LONG_LINK|23|B|L1|F4,true,false,false,/home/cyfer/FYP/WSN_simulation_V3/runs/S10_5000/outputs_production_50seed_part21_25/run_campaign_v3_S10_M2_LONG_LINK_B_L1_F4_H1_seed023_23_20260603_090942
campaign_v3_S10_M2_LONG_LINK_B_L1_F4_H1_seed024,campaign_v3_S10_M2_LONG_LINK_B_L1_F4_H1_seed024_24_20260603_091211,S10,5000,200,6,M2_LONG_LINK,24,B,L1,F4,H1,V3,map_S10_M2_LONG_LINK_seed024,d78969f103ba1079eb50d1239cb46c9b8cddd76468546d03e22c5f1c9e3b8b33,101.468,345.133,199.827,407.077,25,775,2.9359,0.3056,60.0,34.729,94.729,154.729,160.0,100.0,4.257,3.0,1.0,0.019,0.345,0.055,5654.783474,0.869043,0.0,2088,1408066,1408066,1.0,1787,1787,1.0,119629,0,1,S10|M2_LONG_LINK|24|B|L1|F4,true,false,false,/home/cyfer/FYP/WSN_simulation_V3/runs/S10_5000/outputs_production_50seed_part21_25/run_campaign_v3_S10_M2_LONG_LINK_B_L1_F4_H1_seed024_24_20260603_091211
campaign_v3_S10_M2_LONG_LINK_B_L1_F4_H1_seed025,campaign_v3_S10_M2_LONG_LINK_B_L1_F4_H1_seed025_25_20260603_091439,S10,5000,200,6,M2_LONG_LINK,25,B,L1,F4,H1,V3,map_S10_M2_LONG_LINK_seed025,e17387606cacbf25bbbf3856adf89dfe4395b7323d696ad0df909a4fe44048f6,99.721,352.218,198.269,409.914,25,765,3.2095,0.295,60.0,35.346,95.346,155.346,160.0,100.0,4.713,3.0,1.0,0.026,0.467,0.078,5616.135187,0.876773,0.0,1978,1406996,1406996,1.0,1796,1796,1.0,119504,0,1,S10|M2_LONG_LINK|25|B|L1|F4,true,false,false,/home/cyfer/FYP/WSN_simulation_V3/runs/S10_5000/outputs_production_50seed_part21_25/run_campaign_v3_S10_M2_LONG_LINK_B_L1_F4_H1_seed025_25_20260603_091439
campaign_v3_S10_M2_LONG_LINK_B_L1_F4_H3_seed021,campaign_v3_S10_M2_LONG_LINK_B_L1_F4_H3_seed021_21_20260603_090445,S10,5000,200,6,M2_LONG_LINK,21,B,L1,F4,H3,V3,map_S10_M2_LONG_LINK_seed021,764bccd97a22d342e8f1f357e86ccda2c6af6bc98fc22f021fe875bf4c6dd3b4,98.168,339.61,197.676,400.964,25,634,2.7605,0.297,60.0,40.829,100.829,160.829,170.0,110.0,4.6,3.0,1.0,0.027,0.387,0.119,5591.767643,0.881646,0.0,1971,1407392,1407392,1.0,1796,1796,1.0,119579,0,1,S10|M2_LONG_LINK|21|B|L1|F4,true,false,false,/home/cyfer/FYP/WSN_simulation_V3/runs/S10_5000/outputs_production_50seed_part21_25/run_campaign_v3_S10_M2_LONG_LINK_B_L1_F4_H3_seed021_21_20260603_090445
campaign_v3_S10_M2_LONG_LINK_B_L1_F4_H3_seed022,campaign_v3_S10_M2_LONG_LINK_B_L1_F4_H3_seed022_22_20260603_090712,S10,5000,200,6,M2_LONG_LINK,22,B,L1,F4,H3,V3,map_S10_M2_LONG_LINK_seed022,021d5399b7444352e994ae352a371c9d3190578d4b67337901650d29a9bd2a77,101.676,351.575,201.407,405.682,25,786,2.9947,0.3022,60.0,41.028,101.028,161.028,170.0,110.0,4.2,3.0,1.0,0.01,0.197,0.193,5705.638687,0.858872,0.0,2103,1409408,1409408,1.0,1796,1796,1.0,119804,0,1,S10|M2_LONG_LINK|22|B|L1|F4,true,false,false,/home/cyfer/FYP/WSN_simulation_V3/runs/S10_5000/outputs_production_50seed_part21_25/run_campaign_v3_S10_M2_LONG_LINK_B_L1_F4_H3_seed022_22_20260603_090712
campaign_v3_S10_M2_LONG_LINK_B_L1_F4_H3_seed023,campaign_v3_S10_M2_LONG_LINK_B_L1_F4_H3_seed023_23_20260603_090943,S10,5000,200,6,M2_LONG_LINK,23,B,L1,F4,H3,V3,map_S10_M2_LONG_LINK_seed023,c8d1fd65f423f1fd36c525165ad6bcf5e44c3c517e00bd1a91b2e4ca8fc75264,97.616,350.336,199.111,386.975,25,750,2.9308,0.2908,60.0,41.182,101.182,161.182,170.0,110.0,4.743,3.0,1.0,0.021,0.389,0.171,5599.328037,0.880134,0.0,1986,1407600,1407600,1.0,1796,1796,1.0,119604,0,1,S10|M2_LONG_LINK|23|B|L1|F4,true,false,false,/home/cyfer/FYP/WSN_simulation_V3/runs/S10_5000/outputs_production_50seed_part21_25/run_campaign_v3_S10_M2_LONG_LINK_B_L1_F4_H3_seed023_23_20260603_090943
campaign_v3_S10_M2_LONG_LINK_B_L1_F4_H3_seed024,campaign_v3_S10_M2_LONG_LINK_B_L1_F4_H3_seed024_24_20260603_091213,S10,5000,200,6,M2_LONG_LINK,24,B,L1,F4,H3,V3,map_S10_M2_LONG_LINK_seed024,d78969f103ba1079eb50d1239cb46c9b8cddd76468546d03e22c5f1c9e3b8b33,101.468,345.133,199.827,407.077,25,775,2.9359,0.3056,60.0,40.717,100.717,160.717,170.0,110.0,4.257,3.0,1.0,0.019,0.345,0.055,5654.238524,0.869152,0.0,2088,1407843,1407843,1.0,1787,1787,1.0,119629,0,1,S10|M2_LONG_LINK|24|B|L1|F4,true,false,false,/home/cyfer/FYP/WSN_simulation_V3/runs/S10_5000/outputs_production_50seed_part21_25/run_campaign_v3_S10_M2_LONG_LINK_B_L1_F4_H3_seed024_24_20260603_091213
campaign_v3_S10_M2_LONG_LINK_B_L1_F4_H3_seed025,campaign_v3_S10_M2_LONG_LINK_B_L1_F4_H3_seed025_25_20260603_091440,S10,5000,200,6,M2_LONG_LINK,25,B,L1,F4,H3,V3,map_S10_M2_LONG_LINK_seed025,e17387606cacbf25bbbf3856adf89dfe4395b7323d696ad0df909a4fe44048f6,99.721,352.218,198.269,409.914,25,765,3.2095,0.295,60.0,41.24,101.24,161.24,170.0,110.0,4.713,3.0,1.0,0.026,0.467,0.078,5615.424597,0.876915,0.0,1978,1406696,1406696,1.0,1796,1796,1.0,119504,0,1,S10|M2_LONG_LINK|25|B|L1|F4,true,false,false,/home/cyfer/FYP/WSN_simulation_V3/runs/S10_5000/outputs_production_50seed_part21_25/run_campaign_v3_S10_M2_LONG_LINK_B_L1_F4_H3_seed025_25_20260603_091440
campaign_v3_S10_M2_LONG_LINK_B_L1_F4_H4_seed021,campaign_v3_S10_M2_LONG_LINK_B_L1_F4_H4_seed021_21_20260603_090447,S10,5000,200,6,M2_LONG_LINK,21,B,L1,F4,H4,V3,map_S10_M2_LONG_LINK_seed021,764bccd97a22d342e8f1f357e86ccda2c6af6bc98fc22f021fe875bf4c6dd3b4,98.168,339.61,197.676,400.964,25,634,2.7605,0.297,60.0,45.08,105.08,165.08,170.0,110.0,4.6,3.0,1.0,0.027,0.387,0.119,5589.761112,0.882048,0.0,1970,1406443,1406443,1.0,1796,1796,1.0,119383,0,1,S10|M2_LONG_LINK|21|B|L1|F4,true,false,false,/home/cyfer/FYP/WSN_simulation_V3/runs/S10_5000/outputs_production_50seed_part21_25/run_campaign_v3_S10_M2_LONG_LINK_B_L1_F4_H4_seed021_21_20260603_090447
campaign_v3_S10_M2_LONG_LINK_B_L1_F4_H4_seed022,campaign_v3_S10_M2_LONG_LINK_B_L1_F4_H4_seed022_22_20260603_090713,S10,5000,200,6,M2_LONG_LINK,22,B,L1,F4,H4,V3,map_S10_M2_LONG_LINK_seed022,021d5399b7444352e994ae352a371c9d3190578d4b67337901650d29a9bd2a77,101.676,351.575,201.407,405.682,25,786,2.9947,0.3022,60.0,44.782,104.782,164.782,170.0,110.0,4.2,3.0,1.0,0.01,0.197,0.193,5703.775997,0.859245,0.0,2102,1408562,1408562,1.0,1796,1796,1.0,119633,0,1,S10|M2_LONG_LINK|22|B|L1|F4,true,false,false,/home/cyfer/FYP/WSN_simulation_V3/runs/S10_5000/outputs_production_50seed_part21_25/run_campaign_v3_S10_M2_LONG_LINK_B_L1_F4_H4_seed022_22_20260603_090713
campaign_v3_S10_M2_LONG_LINK_B_L1_F4_H4_seed023,campaign_v3_S10_M2_LONG_LINK_B_L1_F4_H4_seed023_23_20260603_090944,S10,5000,200,6,M2_LONG_LINK,23,B,L1,F4,H4,V3,map_S10_M2_LONG_LINK_seed023,c8d1fd65f423f1fd36c525165ad6bcf5e44c3c517e00bd1a91b2e4ca8fc75264,97.616,350.336,199.111,386.975,25,750,2.9308,0.2908,60.0,44.783,104.783,164.783,170.0,110.0,4.743,3.0,1.0,0.021,0.389,0.171,5596.165641,0.880767,0.0,1986,1405502,1405502,1.0,1796,1796,1.0,119183,0,1,S10|M2_LONG_LINK|23|B|L1|F4,true,false,false,/home/cyfer/FYP/WSN_simulation_V3/runs/S10_5000/outputs_production_50seed_part21_25/run_campaign_v3_S10_M2_LONG_LINK_B_L1_F4_H4_seed023_23_20260603_090944
campaign_v3_S10_M2_LONG_LINK_B_L1_F4_H4_seed024,campaign_v3_S10_M2_LONG_LINK_B_L1_F4_H4_seed024_24_20260603_091214,S10,5000,200,6,M2_LONG_LINK,24,B,L1,F4,H4,V3,map_S10_M2_LONG_LINK_seed024,d78969f103ba1079eb50d1239cb46c9b8cddd76468546d03e22c5f1c9e3b8b33,101.468,345.133,199.827,407.077,25,775,2.9359,0.3056,60.0,45.251,105.251,165.251,170.0,110.0,4.257,3.0,1.0,0.019,0.345,0.055,5652.238313,0.869552,0.0,2087,1406756,1406756,1.0,1787,1787,1.0,119408,0,1,S10|M2_LONG_LINK|24|B|L1|F4,true,false,false,/home/cyfer/FYP/WSN_simulation_V3/runs/S10_5000/outputs_production_50seed_part21_25/run_campaign_v3_S10_M2_LONG_LINK_B_L1_F4_H4_seed024_24_20260603_091214
campaign_v3_S10_M2_LONG_LINK_B_L1_F4_H4_seed025,campaign_v3_S10_M2_LONG_LINK_B_L1_F4_H4_seed025_25_20260603_091441,S10,5000,200,6,M2_LONG_LINK,25,B,L1,F4,H4,V3,map_S10_M2_LONG_LINK_seed025,e17387606cacbf25bbbf3856adf89dfe4395b7323d696ad0df909a4fe44048f6,99.721,352.218,198.269,409.914,25,765,3.2095,0.295,60.0,44.934,104.934,164.934,170.0,110.0,4.713,3.0,1.0,0.026,0.467,0.078,5613.042412,0.877392,0.0,1978,1405142,1405142,1.0,1796,1796,1.0,119183,0,1,S10|M2_LONG_LINK|25|B|L1|F4,true,false,false,/home/cyfer/FYP/WSN_simulation_V3/runs/S10_5000/outputs_production_50seed_part21_25/run_campaign_v3_S10_M2_LONG_LINK_B_L1_F4_H4_seed025_25_20260603_091441
campaign_v3_S10_M2_LONG_LINK_B_L2_F0_H0_seed021,campaign_v3_S10_M2_LONG_LINK_B_L2_F0_H0_seed021_21_20260603_090448,S10,5000,200,6,M2_LONG_LINK,21,B,L2,F0,H0,V1,map_S10_M2_LONG_LINK_seed021,764bccd97a22d342e8f1f357e86ccda2c6af6bc98fc22f021fe875bf4c6dd3b4,98.168,339.61,197.676,400.964,25,634,2.7605,0.297,0.0,-1.0,-1.0,-1.0,-1.0,-1.0,0.0,0.0,0.0,0.0,0.0,0.0,6603.703886,0.679259,0.0,2353,1411200,1411200,1.0,1800,1800,1.0,120000,0,0,S10|M2_LONG_LINK|21|B|L2|F0,false,true,false,/home/cyfer/FYP/WSN_simulation_V3/runs/S10_5000/outputs_production_50seed_part21_25/run_campaign_v3_S10_M2_LONG_LINK_B_L2_F0_H0_seed021_21_20260603_090448
campaign_v3_S10_M2_LONG_LINK_B_L2_F0_H0_seed022,campaign_v3_S10_M2_LONG_LINK_B_L2_F0_H0_seed022_22_20260603_090714,S10,5000,200,6,M2_LONG_LINK,22,B,L2,F0,H0,V1,map_S10_M2_LONG_LINK_seed022,021d5399b7444352e994ae352a371c9d3190578d4b67337901650d29a9bd2a77,101.676,351.575,201.407,405.682,25,786,2.9947,0.3022,0.0,-1.0,-1.0,-1.0,-1.0,-1.0,0.0,0.0,0.0,0.0,0.0,0.0,6653.842029,0.669232,0.0,2384,1411200,1411200,1.0,1800,1800,1.0,120000,0,0,S10|M2_LONG_LINK|22|B|L2|F0,false,true,false,/home/cyfer/FYP/WSN_simulation_V3/runs/S10_5000/outputs_production_50seed_part21_25/run_campaign_v3_S10_M2_LONG_LINK_B_L2_F0_H0_seed022_22_20260603_090714
campaign_v3_S10_M2_LONG_LINK_B_L2_F0_H0_seed023,campaign_v3_S10_M2_LONG_LINK_B_L2_F0_H0_seed023_23_20260603_090946,S10,5000,200,6,M2_LONG_LINK,23,B,L2,F0,H0,V1,map_S10_M2_LONG_LINK_seed023,c8d1fd65f423f1fd36c525165ad6bcf5e44c3c517e00bd1a91b2e4ca8fc75264,97.616,350.336,199.111,386.975,25,750,2.9308,0.2908,0.0,-1.0,-1.0,-1.0,-1.0,-1.0,0.0,0.0,0.0,0.0,0.0,0.0,6617.279759,0.676544,0.0,2363,1411200,1411200,1.0,1800,1800,1.0,120000,0,0,S10|M2_LONG_LINK|23|B|L2|F0,false,true,false,/home/cyfer/FYP/WSN_simulation_V3/runs/S10_5000/outputs_production_50seed_part21_25/run_campaign_v3_S10_M2_LONG_LINK_B_L2_F0_H0_seed023_23_20260603_090946
campaign_v3_S10_M2_LONG_LINK_B_L2_F0_H0_seed024,campaign_v3_S10_M2_LONG_LINK_B_L2_F0_H0_seed024_24_20260603_091216,S10,5000,200,6,M2_LONG_LINK,24,B,L2,F0,H0,V1,map_S10_M2_LONG_LINK_seed024,d78969f103ba1079eb50d1239cb46c9b8cddd76468546d03e22c5f1c9e3b8b33,101.468,345.133,199.827,407.077,25,775,2.9359,0.3056,0.0,-1.0,-1.0,-1.0,-1.0,-1.0,0.0,0.0,0.0,0.0,0.0,0.0,6586.804516,0.682639,0.0,2347,1411200,1411200,1.0,1791,1791,1.0,120000,0,0,S10|M2_LONG_LINK|24|B|L2|F0,false,true,false,/home/cyfer/FYP/WSN_simulation_V3/runs/S10_5000/outputs_production_50seed_part21_25/run_campaign_v3_S10_M2_LONG_LINK_B_L2_F0_H0_seed024_24_20260603_091216
campaign_v3_S10_M2_LONG_LINK_B_L2_F0_H0_seed025,campaign_v3_S10_M2_LONG_LINK_B_L2_F0_H0_seed025_25_20260603_091443,S10,5000,200,6,M2_LONG_LINK,25,B,L2,F0,H0,V1,map_S10_M2_LONG_LINK_seed025,e17387606cacbf25bbbf3856adf89dfe4395b7323d696ad0df909a4fe44048f6,99.721,352.218,198.269,409.914,25,765,3.2095,0.295,0.0,-1.0,-1.0,-1.0,-1.0,-1.0,0.0,0.0,0.0,0.0,0.0,0.0,6630.078409,0.673984,0.0,2367,1411200,1411200,1.0,1800,1800,1.0,120000,0,0,S10|M2_LONG_LINK|25|B|L2|F0,false,true,false,/home/cyfer/FYP/WSN_simulation_V3/runs/S10_5000/outputs_production_50seed_part21_25/run_campaign_v3_S10_M2_LONG_LINK_B_L2_F0_H0_seed025_25_20260603_091443
campaign_v3_S10_M2_LONG_LINK_B_L2_F1_H0_seed021,campaign_v3_S10_M2_LONG_LINK_B_L2_F1_H0_seed021_21_20260603_090450,S10,5000,200,6,M2_LONG_LINK,21,B,L2,F1,H0,V2,map_S10_M2_LONG_LINK_seed021,764bccd97a22d342e8f1f357e86ccda2c6af6bc98fc22f021fe875bf4c6dd3b4,98.168,339.61,197.676,400.964,25,634,2.7605,0.297,60.0,-1.0,-1.0,-1.0,-1.0,-1.0,0.0,0.0,0.0,0.0,0.0,0.0,6593.360907,0.681083,0.0,2353,1407205,1407205,1.0,1792,1792,1.0,120085,1,0,S10|M2_LONG_LINK|21|B|L2|F1,false,false,true,/home/cyfer/FYP/WSN_simulation_V3/runs/S10_5000/outputs_production_50seed_part21_25/run_campaign_v3_S10_M2_LONG_LINK_B_L2_F1_H0_seed021_21_20260603_090450
campaign_v3_S10_M2_LONG_LINK_B_L2_F1_H0_seed022,campaign_v3_S10_M2_LONG_LINK_B_L2_F1_H0_seed022_22_20260603_090716,S10,5000,200,6,M2_LONG_LINK,22,B,L2,F1,H0,V2,map_S10_M2_LONG_LINK_seed022,021d5399b7444352e994ae352a371c9d3190578d4b67337901650d29a9bd2a77,101.676,351.575,201.407,405.682,25,786,2.9947,0.3022,60.0,-1.0,-1.0,-1.0,-1.0,-1.0,0.0,0.0,0.0,0.0,0.0,0.0,6647.336516,0.670211,0.0,2384,1409320,1409320,1.0,1792,1792,1.0,120040,1,0,S10|M2_LONG_LINK|22|B|L2|F1,false,false,true,/home/cyfer/FYP/WSN_simulation_V3/runs/S10_5000/outputs_production_50seed_part21_25/run_campaign_v3_S10_M2_LONG_LINK_B_L2_F1_H0_seed022_22_20260603_090716
campaign_v3_S10_M2_LONG_LINK_B_L2_F1_H0_seed023,campaign_v3_S10_M2_LONG_LINK_B_L2_F1_H0_seed023_23_20260603_090947,S10,5000,200,6,M2_LONG_LINK,23,B,L2,F1,H0,V2,map_S10_M2_LONG_LINK_seed023,c8d1fd65f423f1fd36c525165ad6bcf5e44c3c517e00bd1a91b2e4ca8fc75264,97.616,350.336,199.111,386.975,25,750,2.9308,0.2908,60.0,-1.0,-1.0,-1.0,-1.0,-1.0,0.0,0.0,0.0,0.0,0.0,0.0,6606.091082,0.678537,0.0,2363,1407440,1407440,1.0,1792,1792,1.0,120080,1,0,S10|M2_LONG_LINK|23|B|L2|F1,false,false,true,/home/cyfer/FYP/WSN_simulation_V3/runs/S10_5000/outputs_production_50seed_part21_25/run_campaign_v3_S10_M2_LONG_LINK_B_L2_F1_H0_seed023_23_20260603_090947
campaign_v3_S10_M2_LONG_LINK_B_L2_F1_H0_seed024,campaign_v3_S10_M2_LONG_LINK_B_L2_F1_H0_seed024_24_20260603_091218,S10,5000,200,6,M2_LONG_LINK,24,B,L2,F1,H0,V2,map_S10_M2_LONG_LINK_seed024,d78969f103ba1079eb50d1239cb46c9b8cddd76468546d03e22c5f1c9e3b8b33,101.468,345.133,199.827,407.077,25,775,2.9359,0.3056,60.0,-1.0,-1.0,-1.0,-1.0,-1.0,0.0,0.0,0.0,0.0,0.0,0.0,6577.294165,0.684279,0.0,2347,1407675,1407675,1.0,1783,1783,1.0,120075,1,0,S10|M2_LONG_LINK|24|B|L2|F1,false,false,true,/home/cyfer/FYP/WSN_simulation_V3/runs/S10_5000/outputs_production_50seed_part21_25/run_campaign_v3_S10_M2_LONG_LINK_B_L2_F1_H0_seed024_24_20260603_091218
campaign_v3_S10_M2_LONG_LINK_B_L2_F1_H0_seed025,campaign_v3_S10_M2_LONG_LINK_B_L2_F1_H0_seed025_25_20260603_091444,S10,5000,200,6,M2_LONG_LINK,25,B,L2,F1,H0,V2,map_S10_M2_LONG_LINK_seed025,e17387606cacbf25bbbf3856adf89dfe4395b7323d696ad0df909a4fe44048f6,99.721,352.218,198.269,409.914,25,765,3.2095,0.295,60.0,-1.0,-1.0,-1.0,-1.0,-1.0,0.0,0.0,0.0,0.0,0.0,0.0,6617.615304,0.676264,0.0,2367,1406500,1406500,1.0,1792,1792,1.0,120100,1,0,S10|M2_LONG_LINK|25|B|L2|F1,false,false,true,/home/cyfer/FYP/WSN_simulation_V3/runs/S10_5000/outputs_production_50seed_part21_25/run_campaign_v3_S10_M2_LONG_LINK_B_L2_F1_H0_seed025_25_20260603_091444
campaign_v3_S10_M2_LONG_LINK_B_L2_F1_H1_seed021,campaign_v3_S10_M2_LONG_LINK_B_L2_F1_H1_seed021_21_20260603_090459,S10,5000,200,6,M2_LONG_LINK,21,B,L2,F1,H1,V3,map_S10_M2_LONG_LINK_seed021,764bccd97a22d342e8f1f357e86ccda2c6af6bc98fc22f021fe875bf4c6dd3b4,98.168,339.61,197.676,400.964,25,634,2.7605,0.297,60.0,18.959,78.959,138.959,140.0,80.0,6.438,3.0,1.0,0.027,1.0,0.119,6601.136333,0.679528,0.0,2354,1409857,1409857,1.0,1797,1797,1.0,120000,0,1,S10|M2_LONG_LINK|21|B|L2|F1,true,false,false,/home/cyfer/FYP/WSN_simulation_V3/runs/S10_5000/outputs_production_50seed_part21_25/run_campaign_v3_S10_M2_LONG_LINK_B_L2_F1_H1_seed021_21_20260603_090459
campaign_v3_S10_M2_LONG_LINK_B_L2_F1_H1_seed022,campaign_v3_S10_M2_LONG_LINK_B_L2_F1_H1_seed022_22_20260603_090726,S10,5000,200,6,M2_LONG_LINK,22,B,L2,F1,H1,V3,map_S10_M2_LONG_LINK_seed022,021d5399b7444352e994ae352a371c9d3190578d4b67337901650d29a9bd2a77,101.676,351.575,201.407,405.682,25,786,2.9947,0.3022,60.0,19.552,79.552,139.552,140.0,80.0,6.61,3.0,1.0,0.01,1.0,0.193,6651.482015,0.669382,0.0,2384,1410560,1410560,1.0,1797,1797,1.0,120000,0,1,S10|M2_LONG_LINK|22|B|L2|F1,true,false,false,/home/cyfer/FYP/WSN_simulation_V3/runs/S10_5000/outputs_production_50seed_part21_25/run_campaign_v3_S10_M2_LONG_LINK_B_L2_F1_H1_seed022_22_20260603_090726
campaign_v3_S10_M2_LONG_LINK_B_L2_F1_H1_seed023,campaign_v3_S10_M2_LONG_LINK_B_L2_F1_H1_seed023_23_20260603_090956,S10,5000,200,6,M2_LONG_LINK,23,B,L2,F1,H1,V3,map_S10_M2_LONG_LINK_seed023,c8d1fd65f423f1fd36c525165ad6bcf5e44c3c517e00bd1a91b2e4ca8fc75264,97.616,350.336,199.111,386.975,25,750,2.9308,0.2908,60.0,19.001,79.001,139.001,140.0,80.0,6.576,3.0,1.0,0.021,1.0,0.171,6614.103242,0.676935,0.0,2364,1409920,1409920,1.0,1797,1797,1.0,120000,0,1,S10|M2_LONG_LINK|23|B|L2|F1,true,false,false,/home/cyfer/FYP/WSN_simulation_V3/runs/S10_5000/outputs_production_50seed_part21_25/run_campaign_v3_S10_M2_LONG_LINK_B_L2_F1_H1_seed023_23_20260603_090956
campaign_v3_S10_M2_LONG_LINK_B_L2_F1_H1_seed024,campaign_v3_S10_M2_LONG_LINK_B_L2_F1_H1_seed024_24_20260603_091228,S10,5000,200,6,M2_LONG_LINK,24,B,L2,F1,H1,V3,map_S10_M2_LONG_LINK_seed024,d78969f103ba1079eb50d1239cb46c9b8cddd76468546d03e22c5f1c9e3b8b33,101.468,345.133,199.827,407.077,25,775,2.9359,0.3056,60.0,18.803,78.803,138.803,140.0,80.0,6.223,3.0,1.0,0.019,1.0,0.055,6584.496978,0.682838,0.0,2348,1410015,1410015,1.0,1788,1788,1.0,120000,0,1,S10|M2_LONG_LINK|24|B|L2|F1,true,false,false,/home/cyfer/FYP/WSN_simulation_V3/runs/S10_5000/outputs_production_50seed_part21_25/run_campaign_v3_S10_M2_LONG_LINK_B_L2_F1_H1_seed024_24_20260603_091228
campaign_v3_S10_M2_LONG_LINK_B_L2_F1_H1_seed025,campaign_v3_S10_M2_LONG_LINK_B_L2_F1_H1_seed025_25_20260603_091453,S10,5000,200,6,M2_LONG_LINK,25,B,L2,F1,H1,V3,map_S10_M2_LONG_LINK_seed025,e17387606cacbf25bbbf3856adf89dfe4395b7323d696ad0df909a4fe44048f6,99.721,352.218,198.269,409.914,25,765,3.2095,0.295,60.0,18.995,78.995,138.995,140.0,80.0,6.313,3.0,1.0,0.026,1.0,0.078,6626.956951,0.674395,0.0,2368,1409620,1409620,1.0,1797,1797,1.0,120000,0,1,S10|M2_LONG_LINK|25|B|L2|F1,true,false,false,/home/cyfer/FYP/WSN_simulation_V3/runs/S10_5000/outputs_production_50seed_part21_25/run_campaign_v3_S10_M2_LONG_LINK_B_L2_F1_H1_seed025_25_20260603_091453
campaign_v3_S10_M2_LONG_LINK_B_L2_F1_H3_seed021,campaign_v3_S10_M2_LONG_LINK_B_L2_F1_H3_seed021_21_20260603_090504,S10,5000,200,6,M2_LONG_LINK,21,B,L2,F1,H3,V3,map_S10_M2_LONG_LINK_seed021,764bccd97a22d342e8f1f357e86ccda2c6af6bc98fc22f021fe875bf4c6dd3b4,98.168,339.61,197.676,400.964,25,634,2.7605,0.297,60.0,24.665,84.665,144.665,150.0,90.0,6.438,3.0,1.0,0.027,1.0,0.119,6597.491171,0.680257,0.0,2353,1408555,1408555,1.0,1797,1797,1.0,119800,0,1,S10|M2_LONG_LINK|21|B|L2|F1,true,false,false,/home/cyfer/FYP/WSN_simulation_V3/runs/S10_5000/outputs_production_50seed_part21_25/run_campaign_v3_S10_M2_LONG_LINK_B_L2_F1_H3_seed021_21_20260603_090504
campaign_v3_S10_M2_LONG_LINK_B_L2_F1_H3_seed022,campaign_v3_S10_M2_LONG_LINK_B_L2_F1_H3_seed022_22_20260603_090734,S10,5000,200,6,M2_LONG_LINK,22,B,L2,F1,H3,V3,map_S10_M2_LONG_LINK_seed022,021d5399b7444352e994ae352a371c9d3190578d4b67337901650d29a9bd2a77,101.676,351.575,201.407,405.682,25,786,2.9947,0.3022,60.0,25.172,85.172,145.172,150.0,90.0,6.61,3.0,1.0,0.01,1.0,0.193,6649.42501,0.669794,0.0,2384,1409916,1409916,1.0,1797,1797,1.0,119900,0,1,S10|M2_LONG_LINK|22|B|L2|F1,true,false,false,/home/cyfer/FYP/WSN_simulation_V3/runs/S10_5000/outputs_production_50seed_part21_25/run_campaign_v3_S10_M2_LONG_LINK_B_L2_F1_H3_seed022_22_20260603_090734
campaign_v3_S10_M2_LONG_LINK_B_L2_F1_H3_seed023,campaign_v3_S10_M2_LONG_LINK_B_L2_F1_H3_seed023_23_20260603_091001,S10,5000,200,6,M2_LONG_LINK,23,B,L2,F1,H3,V3,map_S10_M2_LONG_LINK_seed023,c8d1fd65f423f1fd36c525165ad6bcf5e44c3c517e00bd1a91b2e4ca8fc75264,97.616,350.336,199.111,386.975,25,750,2.9308,0.2908,60.0,25.077,85.077,145.077,150.0,90.0,6.576,3.0,1.0,0.021,1.0,0.171,6610.574585,0.677641,0.0,2363,1408632,1408632,1.0,1797,1797,1.0,119800,0,1,S10|M2_LONG_LINK|23|B|L2|F1,true,false,false,/home/cyfer/FYP/WSN_simulation_V3/runs/S10_5000/outputs_production_50seed_part21_25/run_campaign_v3_S10_M2_LONG_LINK_B_L2_F1_H3_seed023_23_20260603_091001
campaign_v3_S10_M2_LONG_LINK_B_L2_F1_H3_seed024,campaign_v3_S10_M2_LONG_LINK_B_L2_F1_H3_seed024_24_20260603_091232,S10,5000,200,6,M2_LONG_LINK,24,B,L2,F1,H3,V3,map_S10_M2_LONG_LINK_seed024,d78969f103ba1079eb50d1239cb46c9b8cddd76468546d03e22c5f1c9e3b8b33,101.468,345.133,199.827,407.077,25,775,2.9359,0.3056,60.0,24.943,84.943,144.943,150.0,90.0,6.223,3.0,1.0,0.019,1.0,0.055,6581.029277,0.683532,0.0,2347,1408875,1408875,1.0,1788,1788,1.0,119825,0,1,S10|M2_LONG_LINK|24|B|L2|F1,true,false,false,/home/cyfer/FYP/WSN_simulation_V3/runs/S10_5000/outputs_production_50seed_part21_25/run_campaign_v3_S10_M2_LONG_LINK_B_L2_F1_H3_seed024_24_20260603_091232
campaign_v3_S10_M2_LONG_LINK_B_L2_F1_H3_seed025,campaign_v3_S10_M2_LONG_LINK_B_L2_F1_H3_seed025_25_20260603_091458,S10,5000,200,6,M2_LONG_LINK,25,B,L2,F1,H3,V3,map_S10_M2_LONG_LINK_seed025,e17387606cacbf25bbbf3856adf89dfe4395b7323d696ad0df909a4fe44048f6,99.721,352.218,198.269,409.914,25,765,3.2095,0.295,60.0,25.18,85.18,145.18,150.0,90.0,6.313,3.0,1.0,0.026,1.0,0.078,6622.758938,0.675235,0.0,2368,1407990,1407990,1.0,1797,1797,1.0,119750,0,1,S10|M2_LONG_LINK|25|B|L2|F1,true,false,false,/home/cyfer/FYP/WSN_simulation_V3/runs/S10_5000/outputs_production_50seed_part21_25/run_campaign_v3_S10_M2_LONG_LINK_B_L2_F1_H3_seed025_25_20260603_091458
campaign_v3_S10_M2_LONG_LINK_B_L2_F1_H4_seed021,campaign_v3_S10_M2_LONG_LINK_B_L2_F1_H4_seed021_21_20260603_090508,S10,5000,200,6,M2_LONG_LINK,21,B,L2,F1,H4,V3,map_S10_M2_LONG_LINK_seed021,764bccd97a22d342e8f1f357e86ccda2c6af6bc98fc22f021fe875bf4c6dd3b4,98.168,339.61,197.676,400.964,25,634,2.7605,0.297,60.0,29.122,89.122,149.122,150.0,90.0,6.438,3.0,1.0,0.027,1.0,0.119,6597.342788,0.680286,0.0,2353,1408530,1408530,1.0,1797,1797,1.0,119804,0,1,S10|M2_LONG_LINK|21|B|L2|F1,true,false,false,/home/cyfer/FYP/WSN_simulation_V3/runs/S10_5000/outputs_production_50seed_part21_25/run_campaign_v3_S10_M2_LONG_LINK_B_L2_F1_H4_seed021_21_20260603_090508
campaign_v3_S10_M2_LONG_LINK_B_L2_F1_H4_seed022,campaign_v3_S10_M2_LONG_LINK_B_L2_F1_H4_seed022_22_20260603_090740,S10,5000,200,6,M2_LONG_LINK,22,B,L2,F1,H4,V3,map_S10_M2_LONG_LINK_seed022,021d5399b7444352e994ae352a371c9d3190578d4b67337901650d29a9bd2a77,101.676,351.575,201.407,405.682,25,786,2.9947,0.3022,60.0,29.452,89.452,149.452,150.0,90.0,6.61,3.0,1.0,0.01,1.0,0.193,6648.193521,0.67004,0.0,2383,1409485,1409485,1.0,1797,1797,1.0,119829,0,1,S10|M2_LONG_LINK|22|B|L2|F1,true,false,false,/home/cyfer/FYP/WSN_simulation_V3/runs/S10_5000/outputs_production_50seed_part21_25/run_campaign_v3_S10_M2_LONG_LINK_B_L2_F1_H4_seed022_22_20260603_090740
campaign_v3_S10_M2_LONG_LINK_B_L2_F1_H4_seed023,campaign_v3_S10_M2_LONG_LINK_B_L2_F1_H4_seed023_23_20260603_091005,S10,5000,200,6,M2_LONG_LINK,23,B,L2,F1,H4,V3,map_S10_M2_LONG_LINK_seed023,c8d1fd65f423f1fd36c525165ad6bcf5e44c3c517e00bd1a91b2e4ca8fc75264,97.616,350.336,199.111,386.975,25,750,2.9308,0.2908,60.0,28.577,88.577,148.577,150.0,90.0,6.576,3.0,1.0,0.021,1.0,0.171,6607.687642,0.678218,0.0,2364,1407314,1407314,1.0,1797,1797,1.0,119579,0,1,S10|M2_LONG_LINK|23|B|L2|F1,true,false,false,/home/cyfer/FYP/WSN_simulation_V3/runs/S10_5000/outputs_production_50seed_part21_25/run_campaign_v3_S10_M2_LONG_LINK_B_L2_F1_H4_seed023_23_20260603_091005
campaign_v3_S10_M2_LONG_LINK_B_L2_F1_H4_seed024,campaign_v3_S10_M2_LONG_LINK_B_L2_F1_H4_seed024_24_20260603_091237,S10,5000,200,6,M2_LONG_LINK,24,B,L2,F1,H4,V3,map_S10_M2_LONG_LINK_seed024,d78969f103ba1079eb50d1239cb46c9b8cddd76468546d03e22c5f1c9e3b8b33,101.468,345.133,199.827,407.077,25,775,2.9359,0.3056,60.0,28.616,88.616,148.616,150.0,90.0,6.223,3.0,1.0,0.019,1.0,0.055,6580.665598,0.683605,0.0,2347,1408571,1408571,1.0,1788,1788,1.0,119779,0,1,S10|M2_LONG_LINK|24|B|L2|F1,true,false,false,/home/cyfer/FYP/WSN_simulation_V3/runs/S10_5000/outputs_production_50seed_part21_25/run_campaign_v3_S10_M2_LONG_LINK_B_L2_F1_H4_seed024_24_20260603_091237
campaign_v3_S10_M2_LONG_LINK_B_L2_F1_H4_seed025,campaign_v3_S10_M2_LONG_LINK_B_L2_F1_H4_seed025_25_20260603_091502,S10,5000,200,6,M2_LONG_LINK,25,B,L2,F1,H4,V3,map_S10_M2_LONG_LINK_seed025,e17387606cacbf25bbbf3856adf89dfe4395b7323d696ad0df909a4fe44048f6,99.721,352.218,198.269,409.914,25,765,3.2095,0.295,60.0,28.316,88.316,148.316,150.0,90.0,6.313,3.0,1.0,0.026,1.0,0.078,6621.547805,0.675477,0.0,2368,1407542,1407542,1.0,1797,1797,1.0,119679,0,1,S10|M2_LONG_LINK|25|B|L2|F1,true,false,false,/home/cyfer/FYP/WSN_simulation_V3/runs/S10_5000/outputs_production_50seed_part21_25/run_campaign_v3_S10_M2_LONG_LINK_B_L2_F1_H4_seed025_25_20260603_091502
campaign_v3_S10_M2_LONG_LINK_B_L2_F2_H0_seed021,campaign_v3_S10_M2_LONG_LINK_B_L2_F2_H0_seed021_21_20260603_090454,S10,5000,200,6,M2_LONG_LINK,21,B,L2,F2,H0,V2,map_S10_M2_LONG_LINK_seed021,764bccd97a22d342e8f1f357e86ccda2c6af6bc98fc22f021fe875bf4c6dd3b4,98.168,339.61,197.676,400.964,25,634,2.7605,0.297,60.0,-1.0,-1.0,-1.0,-1.0,-1.0,0.0,0.0,0.0,0.0,0.0,0.0,6597.987274,0.680403,0.0,2352,1409320,1409320,1.0,1792,1792,1.0,120040,1,0,S10|M2_LONG_LINK|21|B|L2|F2,false,false,true,/home/cyfer/FYP/WSN_simulation_V3/runs/S10_5000/outputs_production_50seed_part21_25/run_campaign_v3_S10_M2_LONG_LINK_B_L2_F2_H0_seed021_21_20260603_090454
campaign_v3_S10_M2_LONG_LINK_B_L2_F2_H0_seed022,campaign_v3_S10_M2_LONG_LINK_B_L2_F2_H0_seed022_22_20260603_090720,S10,5000,200,6,M2_LONG_LINK,22,B,L2,F2,H0,V2,map_S10_M2_LONG_LINK_seed022,021d5399b7444352e994ae352a371c9d3190578d4b67337901650d29a9bd2a77,101.676,351.575,201.407,405.682,25,786,2.9947,0.3022,60.0,-1.0,-1.0,-1.0,-1.0,-1.0,0.0,0.0,0.0,0.0,0.0,0.0,6648.711749,0.670258,0.0,2383,1409555,1409555,1.0,1792,1792,1.0,120035,1,0,S10|M2_LONG_LINK|22|B|L2|F2,false,false,true,/home/cyfer/FYP/WSN_simulation_V3/runs/S10_5000/outputs_production_50seed_part21_25/run_campaign_v3_S10_M2_LONG_LINK_B_L2_F2_H0_seed022_22_20260603_090720
campaign_v3_S10_M2_LONG_LINK_B_L2_F2_H0_seed023,campaign_v3_S10_M2_LONG_LINK_B_L2_F2_H0_seed023_23_20260603_090951,S10,5000,200,6,M2_LONG_LINK,23,B,L2,F2,H0,V2,map_S10_M2_LONG_LINK_seed023,c8d1fd65f423f1fd36c525165ad6bcf5e44c3c517e00bd1a91b2e4ca8fc75264,97.616,350.336,199.111,386.975,25,750,2.9308,0.2908,60.0,-1.0,-1.0,-1.0,-1.0,-1.0,0.0,0.0,0.0,0.0,0.0,0.0,6606.240266,0.678752,0.0,2362,1407205,1407205,1.0,1792,1792,1.0,120085,1,0,S10|M2_LONG_LINK|23|B|L2|F2,false,false,true,/home/cyfer/FYP/WSN_simulation_V3/runs/S10_5000/outputs_production_50seed_part21_25/run_campaign_v3_S10_M2_LONG_LINK_B_L2_F2_H0_seed023_23_20260603_090951
campaign_v3_S10_M2_LONG_LINK_B_L2_F2_H0_seed024,campaign_v3_S10_M2_LONG_LINK_B_L2_F2_H0_seed024_24_20260603_091222,S10,5000,200,6,M2_LONG_LINK,24,B,L2,F2,H0,V2,map_S10_M2_LONG_LINK_seed024,d78969f103ba1079eb50d1239cb46c9b8cddd76468546d03e22c5f1c9e3b8b33,101.468,345.133,199.827,407.077,25,775,2.9359,0.3056,60.0,-1.0,-1.0,-1.0,-1.0,-1.0,0.0,0.0,0.0,0.0,0.0,0.0,6580.760778,0.683848,0.0,2346,1409085,1409085,1.0,1783,1783,1.0,120045,1,0,S10|M2_LONG_LINK|24|B|L2|F2,false,false,true,/home/cyfer/FYP/WSN_simulation_V3/runs/S10_5000/outputs_production_50seed_part21_25/run_campaign_v3_S10_M2_LONG_LINK_B_L2_F2_H0_seed024_24_20260603_091222
campaign_v3_S10_M2_LONG_LINK_B_L2_F2_H0_seed025,campaign_v3_S10_M2_LONG_LINK_B_L2_F2_H0_seed025_25_20260603_091449,S10,5000,200,6,M2_LONG_LINK,25,B,L2,F2,H0,V2,map_S10_M2_LONG_LINK_seed025,e17387606cacbf25bbbf3856adf89dfe4395b7323d696ad0df909a4fe44048f6,99.721,352.218,198.269,409.914,25,765,3.2095,0.295,60.0,-1.0,-1.0,-1.0,-1.0,-1.0,0.0,0.0,0.0,0.0,0.0,0.0,6620.94864,0.67581,0.0,2366,1408145,1408145,1.0,1792,1792,1.0,120065,1,0,S10|M2_LONG_LINK|25|B|L2|F2,false,false,true,/home/cyfer/FYP/WSN_simulation_V3/runs/S10_5000/outputs_production_50seed_part21_25/run_campaign_v3_S10_M2_LONG_LINK_B_L2_F2_H0_seed025_25_20260603_091449
campaign_v3_S10_M2_LONG_LINK_B_L2_F2_H1_seed021,campaign_v3_S10_M2_LONG_LINK_B_L2_F2_H1_seed021_21_20260603_090512,S10,5000,200,6,M2_LONG_LINK,21,B,L2,F2,H1,V3,map_S10_M2_LONG_LINK_seed021,764bccd97a22d342e8f1f357e86ccda2c6af6bc98fc22f021fe875bf4c6dd3b4,98.168,339.61,197.676,400.964,25,634,2.7605,0.297,60.0,24.777,84.777,144.777,150.0,90.0,3.859,3.0,1.0,0.013,0.181,0.092,6601.744662,0.679651,0.0,2352,1410520,1410520,1.0,1797,1797,1.0,120000,0,1,S10|M2_LONG_LINK|21|B|L2|F2,true,false,false,/home/cyfer/FYP/WSN_simulation_V3/runs/S10_5000/outputs_production_50seed_part21_25/run_campaign_v3_S10_M2_LONG_LINK_B_L2_F2_H1_seed021_21_20260603_090512
campaign_v3_S10_M2_LONG_LINK_B_L2_F2_H1_seed022,campaign_v3_S10_M2_LONG_LINK_B_L2_F2_H1_seed022_22_20260603_090745,S10,5000,200,6,M2_LONG_LINK,22,B,L2,F2,H1,V3,map_S10_M2_LONG_LINK_seed022,021d5399b7444352e994ae352a371c9d3190578d4b67337901650d29a9bd2a77,101.676,351.575,201.407,405.682,25,786,2.9947,0.3022,60.0,24.11,84.11,144.11,150.0,90.0,3.823,3.0,1.0,0.009,0.161,0.104,6652.065135,0.669587,0.0,2383,1410605,1410605,1.0,1797,1797,1.0,120000,0,1,S10|M2_LONG_LINK|22|B|L2|F2,true,false,false,/home/cyfer/FYP/WSN_simulation_V3/runs/S10_5000/outputs_production_50seed_part21_25/run_campaign_v3_S10_M2_LONG_LINK_B_L2_F2_H1_seed022_22_20260603_090745
campaign_v3_S10_M2_LONG_LINK_B_L2_F2_H1_seed023,campaign_v3_S10_M2_LONG_LINK_B_L2_F2_H1_seed023_23_20260603_091009,S10,5000,200,6,M2_LONG_LINK,23,B,L2,F2,H1,V3,map_S10_M2_LONG_LINK_seed023,c8d1fd65f423f1fd36c525165ad6bcf5e44c3c517e00bd1a91b2e4ca8fc75264,97.616,350.336,199.111,386.975,25,750,2.9308,0.2908,60.0,24.677,84.677,144.677,150.0,90.0,4.499,3.0,1.0,0.023,0.402,0.075,6614.505999,0.677099,0.0,2363,1409755,1409755,1.0,1797,1797,1.0,120000,0,1,S10|M2_LONG_LINK|23|B|L2|F2,true,false,false,/home/cyfer/FYP/WSN_simulation_V3/runs/S10_5000/outputs_production_50seed_part21_25/run_campaign_v3_S10_M2_LONG_LINK_B_L2_F2_H1_seed023_23_20260603_091009
campaign_v3_S10_M2_LONG_LINK_B_L2_F2_H1_seed024,campaign_v3_S10_M2_LONG_LINK_B_L2_F2_H1_seed024_24_20260603_091241,S10,5000,200,6,M2_LONG_LINK,24,B,L2,F2,H1,V3,map_S10_M2_LONG_LINK_seed024,d78969f103ba1079eb50d1239cb46c9b8cddd76468546d03e22c5f1c9e3b8b33,101.468,345.133,199.827,407.077,25,775,2.9359,0.3056,60.0,24.121,84.121,144.121,150.0,90.0,4.05,3.0,1.0,0.012,0.203,0.136,6584.875008,0.683025,0.0,2346,1410435,1410435,1.0,1788,1788,1.0,120000,0,1,S10|M2_LONG_LINK|24|B|L2|F2,true,false,false,/home/cyfer/FYP/WSN_simulation_V3/runs/S10_5000/outputs_production_50seed_part21_25/run_campaign_v3_S10_M2_LONG_LINK_B_L2_F2_H1_seed024_24_20260603_091241
campaign_v3_S10_M2_LONG_LINK_B_L2_F2_H1_seed025,campaign_v3_S10_M2_LONG_LINK_B_L2_F2_H1_seed025_25_20260603_091507,S10,5000,200,6,M2_LONG_LINK,25,B,L2,F2,H1,V3,map_S10_M2_LONG_LINK_seed025,e17387606cacbf25bbbf3856adf89dfe4395b7323d696ad0df909a4fe44048f6,99.721,352.218,198.269,409.914,25,765,3.2095,0.295,60.0,25.123,85.123,145.123,150.0,90.0,4.416,3.0,1.0,0.017,0.312,0.143,6627.338776,0.674532,0.0,2367,1410082,1410082,1.0,1797,1797,1.0,120000,0,1,S10|M2_LONG_LINK|25|B|L2|F2,true,false,false,/home/cyfer/FYP/WSN_simulation_V3/runs/S10_5000/outputs_production_50seed_part21_25/run_campaign_v3_S10_M2_LONG_LINK_B_L2_F2_H1_seed025_25_20260603_091507
campaign_v3_S10_M2_LONG_LINK_B_L2_F2_H3_seed021,campaign_v3_S10_M2_LONG_LINK_B_L2_F2_H3_seed021_21_20260603_090514,S10,5000,200,6,M2_LONG_LINK,21,B,L2,F2,H3,V3,map_S10_M2_LONG_LINK_seed021,764bccd97a22d342e8f1f357e86ccda2c6af6bc98fc22f021fe875bf4c6dd3b4,98.168,339.61,197.676,400.964,25,634,2.7605,0.297,60.0,30.423,90.423,150.423,160.0,100.0,3.859,3.0,1.0,0.013,0.181,0.092,6599.666037,0.680067,0.0,2352,1409896,1409896,1.0,1796,1796,1.0,119900,0,1,S10|M2_LONG_LINK|21|B|L2|F2,true,false,false,/home/cyfer/FYP/WSN_simulation_V3/runs/S10_5000/outputs_production_50seed_part21_25/run_campaign_v3_S10_M2_LONG_LINK_B_L2_F2_H3_seed021_21_20260603_090514
campaign_v3_S10_M2_LONG_LINK_B_L2_F2_H3_seed022,campaign_v3_S10_M2_LONG_LINK_B_L2_F2_H3_seed022_22_20260603_090746,S10,5000,200,6,M2_LONG_LINK,22,B,L2,F2,H3,V3,map_S10_M2_LONG_LINK_seed022,021d5399b7444352e994ae352a371c9d3190578d4b67337901650d29a9bd2a77,101.676,351.575,201.407,405.682,25,786,2.9947,0.3022,60.0,30.291,90.291,150.291,160.0,100.0,3.823,3.0,1.0,0.009,0.161,0.104,6650.581508,0.669884,0.0,2383,1410131,1410131,1.0,1796,1796,1.0,119925,0,1,S10|M2_LONG_LINK|22|B|L2|F2,true,false,false,/home/cyfer/FYP/WSN_simulation_V3/runs/S10_5000/outputs_production_50seed_part21_25/run_campaign_v3_S10_M2_LONG_LINK_B_L2_F2_H3_seed022_22_20260603_090746
campaign_v3_S10_M2_LONG_LINK_B_L2_F2_H3_seed023,campaign_v3_S10_M2_LONG_LINK_B_L2_F2_H3_seed023_23_20260603_091011,S10,5000,200,6,M2_LONG_LINK,23,B,L2,F2,H3,V3,map_S10_M2_LONG_LINK_seed023,c8d1fd65f423f1fd36c525165ad6bcf5e44c3c517e00bd1a91b2e4ca8fc75264,97.616,350.336,199.111,386.975,25,750,2.9308,0.2908,60.0,31.325,91.325,151.325,160.0,100.0,4.499,3.0,1.0,0.023,0.402,0.075,6610.608967,0.677878,0.0,2362,1408492,1408492,1.0,1796,1796,1.0,119800,0,1,S10|M2_LONG_LINK|23|B|L2|F2,true,false,false,/home/cyfer/FYP/WSN_simulation_V3/runs/S10_5000/outputs_production_50seed_part21_25/run_campaign_v3_S10_M2_LONG_LINK_B_L2_F2_H3_seed023_23_20260603_091011
campaign_v3_S10_M2_LONG_LINK_B_L2_F2_H3_seed024,campaign_v3_S10_M2_LONG_LINK_B_L2_F2_H3_seed024_24_20260603_091243,S10,5000,200,6,M2_LONG_LINK,24,B,L2,F2,H3,V3,map_S10_M2_LONG_LINK_seed024,d78969f103ba1079eb50d1239cb46c9b8cddd76468546d03e22c5f1c9e3b8b33,101.468,345.133,199.827,407.077,25,775,2.9359,0.3056,60.0,30.462,90.462,150.462,160.0,100.0,4.05,3.0,1.0,0.012,0.203,0.136,6582.872851,0.683425,0.0,2346,1409805,1409805,1.0,1787,1787,1.0,119900,0,1,S10|M2_LONG_LINK|24|B|L2|F2,true,false,false,/home/cyfer/FYP/WSN_simulation_V3/runs/S10_5000/outputs_production_50seed_part21_25/run_campaign_v3_S10_M2_LONG_LINK_B_L2_F2_H3_seed024_24_20260603_091243
campaign_v3_S10_M2_LONG_LINK_B_L2_F2_H3_seed025,campaign_v3_S10_M2_LONG_LINK_B_L2_F2_H3_seed025_25_20260603_091508,S10,5000,200,6,M2_LONG_LINK,25,B,L2,F2,H3,V3,map_S10_M2_LONG_LINK_seed025,e17387606cacbf25bbbf3856adf89dfe4395b7323d696ad0df909a4fe44048f6,99.721,352.218,198.269,409.914,25,765,3.2095,0.295,60.0,31.14,91.14,151.14,160.0,100.0,4.416,3.0,1.0,0.017,0.312,0.143,6624.39483,0.675121,0.0,2366,1409146,1409146,1.0,1796,1796,1.0,119850,0,1,S10|M2_LONG_LINK|25|B|L2|F2,true,false,false,/home/cyfer/FYP/WSN_simulation_V3/runs/S10_5000/outputs_production_50seed_part21_25/run_campaign_v3_S10_M2_LONG_LINK_B_L2_F2_H3_seed025_25_20260603_091508
campaign_v3_S10_M2_LONG_LINK_B_L2_F2_H4_seed021,campaign_v3_S10_M2_LONG_LINK_B_L2_F2_H4_seed021_21_20260603_090516,S10,5000,200,6,M2_LONG_LINK,21,B,L2,F2,H4,V3,map_S10_M2_LONG_LINK_seed021,764bccd97a22d342e8f1f357e86ccda2c6af6bc98fc22f021fe875bf4c6dd3b4,98.168,339.61,197.676,400.964,25,634,2.7605,0.297,60.0,33.943,93.943,153.943,160.0,100.0,3.859,3.0,1.0,0.013,0.181,0.092,6601.514295,0.679697,0.0,2352,1410448,1410448,1.0,1796,1796,1.0,120000,0,1,S10|M2_LONG_LINK|21|B|L2|F2,true,false,false,/home/cyfer/FYP/WSN_simulation_V3/runs/S10_5000/outputs_production_50seed_part21_25/run_campaign_v3_S10_M2_LONG_LINK_B_L2_F2_H4_seed021_21_20260603_090516
campaign_v3_S10_M2_LONG_LINK_B_L2_F2_H4_seed022,campaign_v3_S10_M2_LONG_LINK_B_L2_F2_H4_seed022_22_20260603_090748,S10,5000,200,6,M2_LONG_LINK,22,B,L2,F2,H4,V3,map_S10_M2_LONG_LINK_seed022,021d5399b7444352e994ae352a371c9d3190578d4b67337901650d29a9bd2a77,101.676,351.575,201.407,405.682,25,786,2.9947,0.3022,60.0,34.464,94.464,154.464,160.0,100.0,3.823,3.0,1.0,0.009,0.161,0.104,6651.836475,0.669633,0.0,2383,1410535,1410535,1.0,1796,1796,1.0,120000,0,1,S10|M2_LONG_LINK|22|B|L2|F2,true,false,false,/home/cyfer/FYP/WSN_simulation_V3/runs/S10_5000/outputs_production_50seed_part21_25/run_campaign_v3_S10_M2_LONG_LINK_B_L2_F2_H4_seed022_22_20260603_090748
campaign_v3_S10_M2_LONG_LINK_B_L2_F2_H4_seed023,campaign_v3_S10_M2_LONG_LINK_B_L2_F2_H4_seed023_23_20260603_091013,S10,5000,200,6,M2_LONG_LINK,23,B,L2,F2,H4,V3,map_S10_M2_LONG_LINK_seed023,c8d1fd65f423f1fd36c525165ad6bcf5e44c3c517e00bd1a91b2e4ca8fc75264,97.616,350.336,199.111,386.975,25,750,2.9308,0.2908,60.0,34.819,94.819,154.819,160.0,100.0,4.499,3.0,1.0,0.023,0.402,0.075,6614.082244,0.677184,0.0,2363,1409585,1409585,1.0,1796,1796,1.0,120000,0,1,S10|M2_LONG_LINK|23|B|L2|F2,true,false,false,/home/cyfer/FYP/WSN_simulation_V3/runs/S10_5000/outputs_production_50seed_part21_25/run_campaign_v3_S10_M2_LONG_LINK_B_L2_F2_H4_seed023_23_20260603_091013
campaign_v3_S10_M2_LONG_LINK_B_L2_F2_H4_seed024,campaign_v3_S10_M2_LONG_LINK_B_L2_F2_H4_seed024_24_20260603_091245,S10,5000,200,6,M2_LONG_LINK,24,B,L2,F2,H4,V3,map_S10_M2_LONG_LINK_seed024,d78969f103ba1079eb50d1239cb46c9b8cddd76468546d03e22c5f1c9e3b8b33,101.468,345.133,199.827,407.077,25,775,2.9359,0.3056,60.0,34.335,94.335,154.335,160.0,100.0,4.05,3.0,1.0,0.012,0.203,0.136,6584.594953,0.683081,0.0,2346,1410345,1410345,1.0,1787,1787,1.0,120000,0,1,S10|M2_LONG_LINK|24|B|L2|F2,true,false,false,/home/cyfer/FYP/WSN_simulation_V3/runs/S10_5000/outputs_production_50seed_part21_25/run_campaign_v3_S10_M2_LONG_LINK_B_L2_F2_H4_seed024_24_20260603_091245
campaign_v3_S10_M2_LONG_LINK_B_L2_F2_H4_seed025,campaign_v3_S10_M2_LONG_LINK_B_L2_F2_H4_seed025_25_20260603_091510,S10,5000,200,6,M2_LONG_LINK,25,B,L2,F2,H4,V3,map_S10_M2_LONG_LINK_seed025,e17387606cacbf25bbbf3856adf89dfe4395b7323d696ad0df909a4fe44048f6,99.721,352.218,198.269,409.914,25,765,3.2095,0.295,60.0,35.1,95.1,155.1,160.0,100.0,4.416,3.0,1.0,0.017,0.312,0.143,6626.957466,0.674609,0.0,2367,1409952,1409952,1.0,1796,1796,1.0,120000,0,1,S10|M2_LONG_LINK|25|B|L2|F2,true,false,false,/home/cyfer/FYP/WSN_simulation_V3/runs/S10_5000/outputs_production_50seed_part21_25/run_campaign_v3_S10_M2_LONG_LINK_B_L2_F2_H4_seed025_25_20260603_091510
campaign_v3_S10_M2_LONG_LINK_B_L2_F3_H0_seed021,campaign_v3_S10_M2_LONG_LINK_B_L2_F3_H0_seed021_21_20260603_090456,S10,5000,200,6,M2_LONG_LINK,21,B,L2,F3,H0,V2,map_S10_M2_LONG_LINK_seed021,764bccd97a22d342e8f1f357e86ccda2c6af6bc98fc22f021fe875bf4c6dd3b4,98.168,339.61,197.676,400.964,25,634,2.7605,0.297,60.0,-1.0,-1.0,-1.0,-1.0,-1.0,0.0,0.0,0.0,0.0,0.0,0.0,6592.08725,0.681583,0.0,2352,1406970,1406970,1.0,1792,1792,1.0,120090,1,0,S10|M2_LONG_LINK|21|B|L2|F3,false,false,true,/home/cyfer/FYP/WSN_simulation_V3/runs/S10_5000/outputs_production_50seed_part21_25/run_campaign_v3_S10_M2_LONG_LINK_B_L2_F3_H0_seed021_21_20260603_090456
campaign_v3_S10_M2_LONG_LINK_B_L2_F3_H0_seed022,campaign_v3_S10_M2_LONG_LINK_B_L2_F3_H0_seed022_22_20260603_090722,S10,5000,200,6,M2_LONG_LINK,22,B,L2,F3,H0,V2,map_S10_M2_LONG_LINK_seed022,021d5399b7444352e994ae352a371c9d3190578d4b67337901650d29a9bd2a77,101.676,351.575,201.407,405.682,25,786,2.9947,0.3022,60.0,-1.0,-1.0,-1.0,-1.0,-1.0,0.0,0.0,0.0,0.0,0.0,0.0,6645.63366,0.670873,0.0,2383,1408380,1408380,1.0,1792,1792,1.0,120060,1,0,S10|M2_LONG_LINK|22|B|L2|F3,false,false,true,/home/cyfer/FYP/WSN_simulation_V3/runs/S10_5000/outputs_production_50seed_part21_25/run_campaign_v3_S10_M2_LONG_LINK_B_L2_F3_H0_seed022_22_20260603_090722
campaign_v3_S10_M2_LONG_LINK_B_L2_F3_H0_seed023,campaign_v3_S10_M2_LONG_LINK_B_L2_F3_H0_seed023_23_20260603_090953,S10,5000,200,6,M2_LONG_LINK,23,B,L2,F3,H0,V2,map_S10_M2_LONG_LINK_seed023,c8d1fd65f423f1fd36c525165ad6bcf5e44c3c517e00bd1a91b2e4ca8fc75264,97.616,350.336,199.111,386.975,25,750,2.9308,0.2908,60.0,-1.0,-1.0,-1.0,-1.0,-1.0,0.0,0.0,0.0,0.0,0.0,0.0,6609.758757,0.678048,0.0,2362,1408380,1408380,1.0,1792,1792,1.0,120060,1,0,S10|M2_LONG_LINK|23|B|L2|F3,false,false,true,/home/cyfer/FYP/WSN_simulation_V3/runs/S10_5000/outputs_production_50seed_part21_25/run_campaign_v3_S10_M2_LONG_LINK_B_L2_F3_H0_seed023_23_20260603_090953
campaign_v3_S10_M2_LONG_LINK_B_L2_F3_H0_seed024,campaign_v3_S10_M2_LONG_LINK_B_L2_F3_H0_seed024_24_20260603_091224,S10,5000,200,6,M2_LONG_LINK,24,B,L2,F3,H0,V2,map_S10_M2_LONG_LINK_seed024,d78969f103ba1079eb50d1239cb46c9b8cddd76468546d03e22c5f1c9e3b8b33,101.468,345.133,199.827,407.077,25,775,2.9359,0.3056,60.0,-1.0,-1.0,-1.0,-1.0,-1.0,0.0,0.0,0.0,0.0,0.0,0.0,6575.282596,0.684943,0.0,2346,1406735,1406735,1.0,1783,1783,1.0,120095,1,0,S10|M2_LONG_LINK|24|B|L2|F3,false,false,true,/home/cyfer/FYP/WSN_simulation_V3/runs/S10_5000/outputs_production_50seed_part21_25/run_campaign_v3_S10_M2_LONG_LINK_B_L2_F3_H0_seed024_24_20260603_091224
campaign_v3_S10_M2_LONG_LINK_B_L2_F3_H0_seed025,campaign_v3_S10_M2_LONG_LINK_B_L2_F3_H0_seed025_25_20260603_091450,S10,5000,200,6,M2_LONG_LINK,25,B,L2,F3,H0,V2,map_S10_M2_LONG_LINK_seed025,e17387606cacbf25bbbf3856adf89dfe4395b7323d696ad0df909a4fe44048f6,99.721,352.218,198.269,409.914,25,765,3.2095,0.295,60.0,-1.0,-1.0,-1.0,-1.0,-1.0,0.0,0.0,0.0,0.0,0.0,0.0,6621.010352,0.675798,0.0,2366,1408380,1408380,1.0,1792,1792,1.0,120060,1,0,S10|M2_LONG_LINK|25|B|L2|F3,false,false,true,/home/cyfer/FYP/WSN_simulation_V3/runs/S10_5000/outputs_production_50seed_part21_25/run_campaign_v3_S10_M2_LONG_LINK_B_L2_F3_H0_seed025_25_20260603_091450
campaign_v3_S10_M2_LONG_LINK_B_L2_F3_H1_seed021,campaign_v3_S10_M2_LONG_LINK_B_L2_F3_H1_seed021_21_20260603_090517,S10,5000,200,6,M2_LONG_LINK,21,B,L2,F3,H1,V3,map_S10_M2_LONG_LINK_seed021,764bccd97a22d342e8f1f357e86ccda2c6af6bc98fc22f021fe875bf4c6dd3b4,98.168,339.61,197.676,400.964,25,634,2.7605,0.297,60.0,28.973,88.973,148.973,150.0,90.0,4.744,3.0,1.0,0.028,0.425,0.128,6592.285211,0.681543,0.0,2352,1406990,1406990,1.0,1797,1797,1.0,119554,0,1,S10|M2_LONG_LINK|21|B|L2|F3,true,false,false,/home/cyfer/FYP/WSN_simulation_V3/runs/S10_5000/outputs_production_50seed_part21_25/run_campaign_v3_S10_M2_LONG_LINK_B_L2_F3_H1_seed021_21_20260603_090517
campaign_v3_S10_M2_LONG_LINK_B_L2_F3_H1_seed022,campaign_v3_S10_M2_LONG_LINK_B_L2_F3_H1_seed022_22_20260603_090750,S10,5000,200,6,M2_LONG_LINK,22,B,L2,F3,H1,V3,map_S10_M2_LONG_LINK_seed022,021d5399b7444352e994ae352a371c9d3190578d4b67337901650d29a9bd2a77,101.676,351.575,201.407,405.682,25,786,2.9947,0.3022,60.0,28.797,88.797,148.797,150.0,90.0,4.141,3.0,1.0,0.015,0.281,0.084,6645.798315,0.67084,0.0,2383,1408400,1408400,1.0,1797,1797,1.0,119704,0,1,S10|M2_LONG_LINK|22|B|L2|F3,true,false,false,/home/cyfer/FYP/WSN_simulation_V3/runs/S10_5000/outputs_production_50seed_part21_25/run_campaign_v3_S10_M2_LONG_LINK_B_L2_F3_H1_seed022_22_20260603_090750
campaign_v3_S10_M2_LONG_LINK_B_L2_F3_H1_seed023,campaign_v3_S10_M2_LONG_LINK_B_L2_F3_H1_seed023_23_20260603_091014,S10,5000,200,6,M2_LONG_LINK,23,B,L2,F3,H1,V3,map_S10_M2_LONG_LINK_seed023,c8d1fd65f423f1fd36c525165ad6bcf5e44c3c517e00bd1a91b2e4ca8fc75264,97.616,350.336,199.111,386.975,25,750,2.9308,0.2908,60.0,28.529,88.529,148.529,150.0,90.0,3.983,3.0,1.0,0.016,0.268,0.044,6609.903203,0.678019,0.0,2362,1408400,1408400,1.0,1797,1797,1.0,119704,0,1,S10|M2_LONG_LINK|23|B|L2|F3,true,false,false,/home/cyfer/FYP/WSN_simulation_V3/runs/S10_5000/outputs_production_50seed_part21_25/run_campaign_v3_S10_M2_LONG_LINK_B_L2_F3_H1_seed023_23_20260603_091014
campaign_v3_S10_M2_LONG_LINK_B_L2_F3_H1_seed024,campaign_v3_S10_M2_LONG_LINK_B_L2_F3_H1_seed024_24_20260603_091246,S10,5000,200,6,M2_LONG_LINK,24,B,L2,F3,H1,V3,map_S10_M2_LONG_LINK_seed024,d78969f103ba1079eb50d1239cb46c9b8cddd76468546d03e22c5f1c9e3b8b33,101.468,345.133,199.827,407.077,25,775,2.9359,0.3056,60.0,29.185,89.185,149.185,150.0,90.0,4.418,3.0,1.0,0.025,0.436,0.012,6575.481743,0.684904,0.0,2346,1406755,1406755,1.0,1788,1788,1.0,119529,0,1,S10|M2_LONG_LINK|24|B|L2|F3,true,false,false,/home/cyfer/FYP/WSN_simulation_V3/runs/S10_5000/outputs_production_50seed_part21_25/run_campaign_v3_S10_M2_LONG_LINK_B_L2_F3_H1_seed024_24_20260603_091246
campaign_v3_S10_M2_LONG_LINK_B_L2_F3_H1_seed025,campaign_v3_S10_M2_LONG_LINK_B_L2_F3_H1_seed025_25_20260603_091512,S10,5000,200,6,M2_LONG_LINK,25,B,L2,F3,H1,V3,map_S10_M2_LONG_LINK_seed025,e17387606cacbf25bbbf3856adf89dfe4395b7323d696ad0df909a4fe44048f6,99.721,352.218,198.269,409.914,25,765,3.2095,0.295,60.0,28.859,88.859,148.859,150.0,90.0,4.448,3.0,1.0,0.016,0.298,0.169,6621.193298,0.675761,0.0,2366,1408400,1408400,1.0,1797,1797,1.0,119704,0,1,S10|M2_LONG_LINK|25|B|L2|F3,true,false,false,/home/cyfer/FYP/WSN_simulation_V3/runs/S10_5000/outputs_production_50seed_part21_25/run_campaign_v3_S10_M2_LONG_LINK_B_L2_F3_H1_seed025_25_20260603_091512
campaign_v3_S10_M2_LONG_LINK_B_L2_F3_H3_seed021,campaign_v3_S10_M2_LONG_LINK_B_L2_F3_H3_seed021_21_20260603_090519,S10,5000,200,6,M2_LONG_LINK,21,B,L2,F3,H3,V3,map_S10_M2_LONG_LINK_seed021,764bccd97a22d342e8f1f357e86ccda2c6af6bc98fc22f021fe875bf4c6dd3b4,98.168,339.61,197.676,400.964,25,634,2.7605,0.297,60.0,35.639,95.639,155.639,160.0,100.0,4.744,3.0,1.0,0.028,0.425,0.128,6592.26742,0.681547,0.0,2352,1406986,1406986,1.0,1796,1796,1.0,119554,0,1,S10|M2_LONG_LINK|21|B|L2|F3,true,false,false,/home/cyfer/FYP/WSN_simulation_V3/runs/S10_5000/outputs_production_50seed_part21_25/run_campaign_v3_S10_M2_LONG_LINK_B_L2_F3_H3_seed021_21_20260603_090519
campaign_v3_S10_M2_LONG_LINK_B_L2_F3_H3_seed022,campaign_v3_S10_M2_LONG_LINK_B_L2_F3_H3_seed022_22_20260603_090752,S10,5000,200,6,M2_LONG_LINK,22,B,L2,F3,H3,V3,map_S10_M2_LONG_LINK_seed022,021d5399b7444352e994ae352a371c9d3190578d4b67337901650d29a9bd2a77,101.676,351.575,201.407,405.682,25,786,2.9947,0.3022,60.0,35.078,95.078,155.078,160.0,100.0,4.141,3.0,1.0,0.015,0.281,0.084,6645.77918,0.670844,0.0,2383,1408396,1408396,1.0,1796,1796,1.0,119704,0,1,S10|M2_LONG_LINK|22|B|L2|F3,true,false,false,/home/cyfer/FYP/WSN_simulation_V3/runs/S10_5000/outputs_production_50seed_part21_25/run_campaign_v3_S10_M2_LONG_LINK_B_L2_F3_H3_seed022_22_20260603_090752
campaign_v3_S10_M2_LONG_LINK_B_L2_F3_H3_seed023,campaign_v3_S10_M2_LONG_LINK_B_L2_F3_H3_seed023_23_20260603_091016,S10,5000,200,6,M2_LONG_LINK,23,B,L2,F3,H3,V3,map_S10_M2_LONG_LINK_seed023,c8d1fd65f423f1fd36c525165ad6bcf5e44c3c517e00bd1a91b2e4ca8fc75264,97.616,350.336,199.111,386.975,25,750,2.9308,0.2908,60.0,34.435,94.435,154.435,160.0,100.0,3.983,3.0,1.0,0.016,0.268,0.044,6609.891424,0.678022,0.0,2362,1408396,1408396,1.0,1796,1796,1.0,119704,0,1,S10|M2_LONG_LINK|23|B|L2|F3,true,false,false,/home/cyfer/FYP/WSN_simulation_V3/runs/S10_5000/outputs_production_50seed_part21_25/run_campaign_v3_S10_M2_LONG_LINK_B_L2_F3_H3_seed023_23_20260603_091016
campaign_v3_S10_M2_LONG_LINK_B_L2_F3_H3_seed024,campaign_v3_S10_M2_LONG_LINK_B_L2_F3_H3_seed024_24_20260603_091248,S10,5000,200,6,M2_LONG_LINK,24,B,L2,F3,H3,V3,map_S10_M2_LONG_LINK_seed024,d78969f103ba1079eb50d1239cb46c9b8cddd76468546d03e22c5f1c9e3b8b33,101.468,345.133,199.827,407.077,25,775,2.9359,0.3056,60.0,35.373,95.373,155.373,160.0,100.0,4.418,3.0,1.0,0.025,0.436,0.012,6575.46275,0.684907,0.0,2346,1406751,1406751,1.0,1787,1787,1.0,119529,0,1,S10|M2_LONG_LINK|24|B|L2|F3,true,false,false,/home/cyfer/FYP/WSN_simulation_V3/runs/S10_5000/outputs_production_50seed_part21_25/run_campaign_v3_S10_M2_LONG_LINK_B_L2_F3_H3_seed024_24_20260603_091248
campaign_v3_S10_M2_LONG_LINK_B_L2_F3_H3_seed025,campaign_v3_S10_M2_LONG_LINK_B_L2_F3_H3_seed025_25_20260603_091513,S10,5000,200,6,M2_LONG_LINK,25,B,L2,F3,H3,V3,map_S10_M2_LONG_LINK_seed025,e17387606cacbf25bbbf3856adf89dfe4395b7323d696ad0df909a4fe44048f6,99.721,352.218,198.269,409.914,25,765,3.2095,0.295,60.0,35.158,95.158,155.158,160.0,100.0,4.448,3.0,1.0,0.016,0.298,0.169,6621.1677,0.675766,0.0,2366,1408396,1408396,1.0,1796,1796,1.0,119704,0,1,S10|M2_LONG_LINK|25|B|L2|F3,true,false,false,/home/cyfer/FYP/WSN_simulation_V3/runs/S10_5000/outputs_production_50seed_part21_25/run_campaign_v3_S10_M2_LONG_LINK_B_L2_F3_H3_seed025_25_20260603_091513
campaign_v3_S10_M2_LONG_LINK_B_L2_F3_H4_seed021,campaign_v3_S10_M2_LONG_LINK_B_L2_F3_H4_seed021_21_20260603_090521,S10,5000,200,6,M2_LONG_LINK,21,B,L2,F3,H4,V3,map_S10_M2_LONG_LINK_seed021,764bccd97a22d342e8f1f357e86ccda2c6af6bc98fc22f021fe875bf4c6dd3b4,98.168,339.61,197.676,400.964,25,634,2.7605,0.297,60.0,39.087,99.087,159.087,160.0,100.0,4.744,3.0,1.0,0.028,0.425,0.128,6592.267059,0.681547,0.0,2352,1406986,1406986,1.0,1796,1796,1.0,119554,0,1,S10|M2_LONG_LINK|21|B|L2|F3,true,false,false,/home/cyfer/FYP/WSN_simulation_V3/runs/S10_5000/outputs_production_50seed_part21_25/run_campaign_v3_S10_M2_LONG_LINK_B_L2_F3_H4_seed021_21_20260603_090521
campaign_v3_S10_M2_LONG_LINK_B_L2_F3_H4_seed022,campaign_v3_S10_M2_LONG_LINK_B_L2_F3_H4_seed022_22_20260603_090753,S10,5000,200,6,M2_LONG_LINK,22,B,L2,F3,H4,V3,map_S10_M2_LONG_LINK_seed022,021d5399b7444352e994ae352a371c9d3190578d4b67337901650d29a9bd2a77,101.676,351.575,201.407,405.682,25,786,2.9947,0.3022,60.0,38.361,98.361,158.361,160.0,100.0,4.141,3.0,1.0,0.015,0.281,0.084,6645.779624,0.670844,0.0,2383,1408396,1408396,1.0,1796,1796,1.0,119704,0,1,S10|M2_LONG_LINK|22|B|L2|F3,true,false,false,/home/cyfer/FYP/WSN_simulation_V3/runs/S10_5000/outputs_production_50seed_part21_25/run_campaign_v3_S10_M2_LONG_LINK_B_L2_F3_H4_seed022_22_20260603_090753
campaign_v3_S10_M2_LONG_LINK_B_L2_F3_H4_seed023,campaign_v3_S10_M2_LONG_LINK_B_L2_F3_H4_seed023_23_20260603_091017,S10,5000,200,6,M2_LONG_LINK,23,B,L2,F3,H4,V3,map_S10_M2_LONG_LINK_seed023,c8d1fd65f423f1fd36c525165ad6bcf5e44c3c517e00bd1a91b2e4ca8fc75264,97.616,350.336,199.111,386.975,25,750,2.9308,0.2908,60.0,38.033,98.033,158.033,160.0,100.0,3.983,3.0,1.0,0.016,0.268,0.044,6609.888554,0.678022,0.0,2362,1408396,1408396,1.0,1796,1796,1.0,119704,0,1,S10|M2_LONG_LINK|23|B|L2|F3,true,false,false,/home/cyfer/FYP/WSN_simulation_V3/runs/S10_5000/outputs_production_50seed_part21_25/run_campaign_v3_S10_M2_LONG_LINK_B_L2_F3_H4_seed023_23_20260603_091017
campaign_v3_S10_M2_LONG_LINK_B_L2_F3_H4_seed024,campaign_v3_S10_M2_LONG_LINK_B_L2_F3_H4_seed024_24_20260603_091250,S10,5000,200,6,M2_LONG_LINK,24,B,L2,F3,H4,V3,map_S10_M2_LONG_LINK_seed024,d78969f103ba1079eb50d1239cb46c9b8cddd76468546d03e22c5f1c9e3b8b33,101.468,345.133,199.827,407.077,25,775,2.9359,0.3056,60.0,38.632,98.632,158.632,160.0,100.0,4.418,3.0,1.0,0.025,0.436,0.012,6575.464554,0.684907,0.0,2346,1406751,1406751,1.0,1787,1787,1.0,119529,0,1,S10|M2_LONG_LINK|24|B|L2|F3,true,false,false,/home/cyfer/FYP/WSN_simulation_V3/runs/S10_5000/outputs_production_50seed_part21_25/run_campaign_v3_S10_M2_LONG_LINK_B_L2_F3_H4_seed024_24_20260603_091250
campaign_v3_S10_M2_LONG_LINK_B_L2_F3_H4_seed025,campaign_v3_S10_M2_LONG_LINK_B_L2_F3_H4_seed025_25_20260603_091515,S10,5000,200,6,M2_LONG_LINK,25,B,L2,F3,H4,V3,map_S10_M2_LONG_LINK_seed025,e17387606cacbf25bbbf3856adf89dfe4395b7323d696ad0df909a4fe44048f6,99.721,352.218,198.269,409.914,25,765,3.2095,0.295,60.0,39.095,99.095,159.095,160.0,100.0,4.448,3.0,1.0,0.016,0.298,0.169,6621.170949,0.675766,0.0,2366,1408396,1408396,1.0,1796,1796,1.0,119704,0,1,S10|M2_LONG_LINK|25|B|L2|F3,true,false,false,/home/cyfer/FYP/WSN_simulation_V3/runs/S10_5000/outputs_production_50seed_part21_25/run_campaign_v3_S10_M2_LONG_LINK_B_L2_F3_H4_seed025_25_20260603_091515
campaign_v3_S10_M2_LONG_LINK_B_L2_F4_H0_seed021,campaign_v3_S10_M2_LONG_LINK_B_L2_F4_H0_seed021_21_20260603_090458,S10,5000,200,6,M2_LONG_LINK,21,B,L2,F4,H0,V2,map_S10_M2_LONG_LINK_seed021,764bccd97a22d342e8f1f357e86ccda2c6af6bc98fc22f021fe875bf4c6dd3b4,98.168,339.61,197.676,400.964,25,634,2.7605,0.297,60.0,-1.0,-1.0,-1.0,-1.0,-1.0,0.0,0.0,0.0,0.0,0.0,0.0,6593.360907,0.681328,0.0,2352,1407205,1407205,1.0,1792,1792,1.0,120085,1,0,S10|M2_LONG_LINK|21|B|L2|F4,false,false,true,/home/cyfer/FYP/WSN_simulation_V3/runs/S10_5000/outputs_production_50seed_part21_25/run_campaign_v3_S10_M2_LONG_LINK_B_L2_F4_H0_seed021_21_20260603_090458
campaign_v3_S10_M2_LONG_LINK_B_L2_F4_H0_seed022,campaign_v3_S10_M2_LONG_LINK_B_L2_F4_H0_seed022_22_20260603_090724,S10,5000,200,6,M2_LONG_LINK,22,B,L2,F4,H0,V2,map_S10_M2_LONG_LINK_seed022,021d5399b7444352e994ae352a371c9d3190578d4b67337901650d29a9bd2a77,101.676,351.575,201.407,405.682,25,786,2.9947,0.3022,60.0,-1.0,-1.0,-1.0,-1.0,-1.0,0.0,0.0,0.0,0.0,0.0,0.0,6647.336516,0.670533,0.0,2383,1409320,1409320,1.0,1792,1792,1.0,120040,1,0,S10|M2_LONG_LINK|22|B|L2|F4,false,false,true,/home/cyfer/FYP/WSN_simulation_V3/runs/S10_5000/outputs_production_50seed_part21_25/run_campaign_v3_S10_M2_LONG_LINK_B_L2_F4_H0_seed022_22_20260603_090724
campaign_v3_S10_M2_LONG_LINK_B_L2_F4_H0_seed023,campaign_v3_S10_M2_LONG_LINK_B_L2_F4_H0_seed023_23_20260603_090955,S10,5000,200,6,M2_LONG_LINK,23,B,L2,F4,H0,V2,map_S10_M2_LONG_LINK_seed023,c8d1fd65f423f1fd36c525165ad6bcf5e44c3c517e00bd1a91b2e4ca8fc75264,97.616,350.336,199.111,386.975,25,750,2.9308,0.2908,60.0,-1.0,-1.0,-1.0,-1.0,-1.0,0.0,0.0,0.0,0.0,0.0,0.0,6606.091082,0.678782,0.0,2362,1407440,1407440,1.0,1792,1792,1.0,120080,1,0,S10|M2_LONG_LINK|23|B|L2|F4,false,false,true,/home/cyfer/FYP/WSN_simulation_V3/runs/S10_5000/outputs_production_50seed_part21_25/run_campaign_v3_S10_M2_LONG_LINK_B_L2_F4_H0_seed023_23_20260603_090955
campaign_v3_S10_M2_LONG_LINK_B_L2_F4_H0_seed024,campaign_v3_S10_M2_LONG_LINK_B_L2_F4_H0_seed024_24_20260603_091226,S10,5000,200,6,M2_LONG_LINK,24,B,L2,F4,H0,V2,map_S10_M2_LONG_LINK_seed024,d78969f103ba1079eb50d1239cb46c9b8cddd76468546d03e22c5f1c9e3b8b33,101.468,345.133,199.827,407.077,25,775,2.9359,0.3056,60.0,-1.0,-1.0,-1.0,-1.0,-1.0,0.0,0.0,0.0,0.0,0.0,0.0,6577.294165,0.684541,0.0,2346,1407675,1407675,1.0,1783,1783,1.0,120075,1,0,S10|M2_LONG_LINK|24|B|L2|F4,false,false,true,/home/cyfer/FYP/WSN_simulation_V3/runs/S10_5000/outputs_production_50seed_part21_25/run_campaign_v3_S10_M2_LONG_LINK_B_L2_F4_H0_seed024_24_20260603_091226
campaign_v3_S10_M2_LONG_LINK_B_L2_F4_H0_seed025,campaign_v3_S10_M2_LONG_LINK_B_L2_F4_H0_seed025_25_20260603_091452,S10,5000,200,6,M2_LONG_LINK,25,B,L2,F4,H0,V2,map_S10_M2_LONG_LINK_seed025,e17387606cacbf25bbbf3856adf89dfe4395b7323d696ad0df909a4fe44048f6,99.721,352.218,198.269,409.914,25,765,3.2095,0.295,60.0,-1.0,-1.0,-1.0,-1.0,-1.0,0.0,0.0,0.0,0.0,0.0,0.0,6617.615304,0.676477,0.0,2366,1406500,1406500,1.0,1792,1792,1.0,120100,1,0,S10|M2_LONG_LINK|25|B|L2|F4,false,false,true,/home/cyfer/FYP/WSN_simulation_V3/runs/S10_5000/outputs_production_50seed_part21_25/run_campaign_v3_S10_M2_LONG_LINK_B_L2_F4_H0_seed025_25_20260603_091452
campaign_v3_S10_M2_LONG_LINK_B_L2_F4_H1_seed021,campaign_v3_S10_M2_LONG_LINK_B_L2_F4_H1_seed021_21_20260603_090522,S10,5000,200,6,M2_LONG_LINK,21,B,L2,F4,H1,V3,map_S10_M2_LONG_LINK_seed021,764bccd97a22d342e8f1f357e86ccda2c6af6bc98fc22f021fe875bf4c6dd3b4,98.168,339.61,197.676,400.964,25,634,2.7605,0.297,60.0,35.59,95.59,155.59,160.0,100.0,4.6,3.0,1.0,0.027,0.387,0.119,6594.823524,0.681035,0.0,2352,1407629,1407629,1.0,1796,1796,1.0,119579,0,1,S10|M2_LONG_LINK|21|B|L2|F4,true,false,false,/home/cyfer/FYP/WSN_simulation_V3/runs/S10_5000/outputs_production_50seed_part21_25/run_campaign_v3_S10_M2_LONG_LINK_B_L2_F4_H1_seed021_21_20260603_090522
campaign_v3_S10_M2_LONG_LINK_B_L2_F4_H1_seed022,campaign_v3_S10_M2_LONG_LINK_B_L2_F4_H1_seed022_22_20260603_090755,S10,5000,200,6,M2_LONG_LINK,22,B,L2,F4,H1,V3,map_S10_M2_LONG_LINK_seed022,021d5399b7444352e994ae352a371c9d3190578d4b67337901650d29a9bd2a77,101.676,351.575,201.407,405.682,25,786,2.9947,0.3022,60.0,34.55,94.55,154.55,160.0,100.0,4.2,3.0,1.0,0.01,0.197,0.193,6648.136611,0.670373,0.0,2383,1409536,1409536,1.0,1796,1796,1.0,119804,0,1,S10|M2_LONG_LINK|22|B|L2|F4,true,false,false,/home/cyfer/FYP/WSN_simulation_V3/runs/S10_5000/outputs_production_50seed_part21_25/run_campaign_v3_S10_M2_LONG_LINK_B_L2_F4_H1_seed022_22_20260603_090755
campaign_v3_S10_M2_LONG_LINK_B_L2_F4_H1_seed023,campaign_v3_S10_M2_LONG_LINK_B_L2_F4_H1_seed023_23_20260603_091019,S10,5000,200,6,M2_LONG_LINK,23,B,L2,F4,H1,V3,map_S10_M2_LONG_LINK_seed023,c8d1fd65f423f1fd36c525165ad6bcf5e44c3c517e00bd1a91b2e4ca8fc75264,97.616,350.336,199.111,386.975,25,750,2.9308,0.2908,60.0,35.487,95.487,155.487,160.0,100.0,4.743,3.0,1.0,0.021,0.389,0.171,6607.601241,0.67848,0.0,2362,1407840,1407840,1.0,1796,1796,1.0,119604,0,1,S10|M2_LONG_LINK|23|B|L2|F4,true,false,false,/home/cyfer/FYP/WSN_simulation_V3/runs/S10_5000/outputs_production_50seed_part21_25/run_campaign_v3_S10_M2_LONG_LINK_B_L2_F4_H1_seed023_23_20260603_091019
campaign_v3_S10_M2_LONG_LINK_B_L2_F4_H1_seed024,campaign_v3_S10_M2_LONG_LINK_B_L2_F4_H1_seed024_24_20260603_091252,S10,5000,200,6,M2_LONG_LINK,24,B,L2,F4,H1,V3,map_S10_M2_LONG_LINK_seed024,d78969f103ba1079eb50d1239cb46c9b8cddd76468546d03e22c5f1c9e3b8b33,101.468,345.133,199.827,407.077,25,775,2.9359,0.3056,60.0,34.729,94.729,154.729,160.0,100.0,4.257,3.0,1.0,0.019,0.345,0.055,6578.662207,0.684268,0.0,2346,1408066,1408066,1.0,1787,1787,1.0,119629,0,1,S10|M2_LONG_LINK|24|B|L2|F4,true,false,false,/home/cyfer/FYP/WSN_simulation_V3/runs/S10_5000/outputs_production_50seed_part21_25/run_campaign_v3_S10_M2_LONG_LINK_B_L2_F4_H1_seed024_24_20260603_091252
campaign_v3_S10_M2_LONG_LINK_B_L2_F4_H1_seed025,campaign_v3_S10_M2_LONG_LINK_B_L2_F4_H1_seed025_25_20260603_091517,S10,5000,200,6,M2_LONG_LINK,25,B,L2,F4,H1,V3,map_S10_M2_LONG_LINK_seed025,e17387606cacbf25bbbf3856adf89dfe4395b7323d696ad0df909a4fe44048f6,99.721,352.218,198.269,409.914,25,765,3.2095,0.295,60.0,35.346,95.346,155.346,160.0,100.0,4.713,3.0,1.0,0.026,0.467,0.078,6619.407851,0.676118,0.0,2366,1406996,1406996,1.0,1796,1796,1.0,119504,0,1,S10|M2_LONG_LINK|25|B|L2|F4,true,false,false,/home/cyfer/FYP/WSN_simulation_V3/runs/S10_5000/outputs_production_50seed_part21_25/run_campaign_v3_S10_M2_LONG_LINK_B_L2_F4_H1_seed025_25_20260603_091517
campaign_v3_S10_M2_LONG_LINK_B_L2_F4_H3_seed021,campaign_v3_S10_M2_LONG_LINK_B_L2_F4_H3_seed021_21_20260603_090524,S10,5000,200,6,M2_LONG_LINK,21,B,L2,F4,H3,V3,map_S10_M2_LONG_LINK_seed021,764bccd97a22d342e8f1f357e86ccda2c6af6bc98fc22f021fe875bf4c6dd3b4,98.168,339.61,197.676,400.964,25,634,2.7605,0.297,60.0,40.829,100.829,160.829,170.0,110.0,4.6,3.0,1.0,0.027,0.387,0.119,6594.040555,0.681192,0.0,2352,1407392,1407392,1.0,1796,1796,1.0,119579,0,1,S10|M2_LONG_LINK|21|B|L2|F4,true,false,false,/home/cyfer/FYP/WSN_simulation_V3/runs/S10_5000/outputs_production_50seed_part21_25/run_campaign_v3_S10_M2_LONG_LINK_B_L2_F4_H3_seed021_21_20260603_090524
campaign_v3_S10_M2_LONG_LINK_B_L2_F4_H3_seed022,campaign_v3_S10_M2_LONG_LINK_B_L2_F4_H3_seed022_22_20260603_090757,S10,5000,200,6,M2_LONG_LINK,22,B,L2,F4,H3,V3,map_S10_M2_LONG_LINK_seed022,021d5399b7444352e994ae352a371c9d3190578d4b67337901650d29a9bd2a77,101.676,351.575,201.407,405.682,25,786,2.9947,0.3022,60.0,41.028,101.028,161.028,170.0,110.0,4.2,3.0,1.0,0.01,0.197,0.193,6647.722026,0.670456,0.0,2383,1409408,1409408,1.0,1796,1796,1.0,119804,0,1,S10|M2_LONG_LINK|22|B|L2|F4,true,false,false,/home/cyfer/FYP/WSN_simulation_V3/runs/S10_5000/outputs_production_50seed_part21_25/run_campaign_v3_S10_M2_LONG_LINK_B_L2_F4_H3_seed022_22_20260603_090757
campaign_v3_S10_M2_LONG_LINK_B_L2_F4_H3_seed023,campaign_v3_S10_M2_LONG_LINK_B_L2_F4_H3_seed023_23_20260603_091021,S10,5000,200,6,M2_LONG_LINK,23,B,L2,F4,H3,V3,map_S10_M2_LONG_LINK_seed023,c8d1fd65f423f1fd36c525165ad6bcf5e44c3c517e00bd1a91b2e4ca8fc75264,97.616,350.336,199.111,386.975,25,750,2.9308,0.2908,60.0,41.182,101.182,161.182,170.0,110.0,4.743,3.0,1.0,0.021,0.389,0.171,6606.813286,0.678637,0.0,2362,1407600,1407600,1.0,1796,1796,1.0,119604,0,1,S10|M2_LONG_LINK|23|B|L2|F4,true,false,false,/home/cyfer/FYP/WSN_simulation_V3/runs/S10_5000/outputs_production_50seed_part21_25/run_campaign_v3_S10_M2_LONG_LINK_B_L2_F4_H3_seed023_23_20260603_091021
campaign_v3_S10_M2_LONG_LINK_B_L2_F4_H3_seed024,campaign_v3_S10_M2_LONG_LINK_B_L2_F4_H3_seed024_24_20260603_091253,S10,5000,200,6,M2_LONG_LINK,24,B,L2,F4,H3,V3,map_S10_M2_LONG_LINK_seed024,d78969f103ba1079eb50d1239cb46c9b8cddd76468546d03e22c5f1c9e3b8b33,101.468,345.133,199.827,407.077,25,775,2.9359,0.3056,60.0,40.717,100.717,160.717,170.0,110.0,4.257,3.0,1.0,0.019,0.345,0.055,6577.910108,0.684418,0.0,2346,1407843,1407843,1.0,1787,1787,1.0,119629,0,1,S10|M2_LONG_LINK|24|B|L2|F4,true,false,false,/home/cyfer/FYP/WSN_simulation_V3/runs/S10_5000/outputs_production_50seed_part21_25/run_campaign_v3_S10_M2_LONG_LINK_B_L2_F4_H3_seed024_24_20260603_091253
campaign_v3_S10_M2_LONG_LINK_B_L2_F4_H3_seed025,campaign_v3_S10_M2_LONG_LINK_B_L2_F4_H3_seed025_25_20260603_091518,S10,5000,200,6,M2_LONG_LINK,25,B,L2,F4,H3,V3,map_S10_M2_LONG_LINK_seed025,e17387606cacbf25bbbf3856adf89dfe4395b7323d696ad0df909a4fe44048f6,99.721,352.218,198.269,409.914,25,765,3.2095,0.295,60.0,41.24,101.24,161.24,170.0,110.0,4.713,3.0,1.0,0.026,0.467,0.078,6618.429801,0.676314,0.0,2366,1406696,1406696,1.0,1796,1796,1.0,119504,0,1,S10|M2_LONG_LINK|25|B|L2|F4,true,false,false,/home/cyfer/FYP/WSN_simulation_V3/runs/S10_5000/outputs_production_50seed_part21_25/run_campaign_v3_S10_M2_LONG_LINK_B_L2_F4_H3_seed025_25_20260603_091518
campaign_v3_S10_M2_LONG_LINK_B_L2_F4_H4_seed021,campaign_v3_S10_M2_LONG_LINK_B_L2_F4_H4_seed021_21_20260603_090526,S10,5000,200,6,M2_LONG_LINK,21,B,L2,F4,H4,V3,map_S10_M2_LONG_LINK_seed021,764bccd97a22d342e8f1f357e86ccda2c6af6bc98fc22f021fe875bf4c6dd3b4,98.168,339.61,197.676,400.964,25,634,2.7605,0.297,60.0,45.08,105.08,165.08,170.0,110.0,4.6,3.0,1.0,0.027,0.387,0.119,6591.275796,0.681745,0.0,2351,1406443,1406443,1.0,1796,1796,1.0,119383,0,1,S10|M2_LONG_LINK|21|B|L2|F4,true,false,false,/home/cyfer/FYP/WSN_simulation_V3/runs/S10_5000/outputs_production_50seed_part21_25/run_campaign_v3_S10_M2_LONG_LINK_B_L2_F4_H4_seed021_21_20260603_090526
campaign_v3_S10_M2_LONG_LINK_B_L2_F4_H4_seed022,campaign_v3_S10_M2_LONG_LINK_B_L2_F4_H4_seed022_22_20260603_090758,S10,5000,200,6,M2_LONG_LINK,22,B,L2,F4,H4,V3,map_S10_M2_LONG_LINK_seed022,021d5399b7444352e994ae352a371c9d3190578d4b67337901650d29a9bd2a77,101.676,351.575,201.407,405.682,25,786,2.9947,0.3022,60.0,44.782,104.782,164.782,170.0,110.0,4.2,3.0,1.0,0.01,0.197,0.193,6645.15869,0.670968,0.0,2382,1408562,1408562,1.0,1796,1796,1.0,119633,0,1,S10|M2_LONG_LINK|22|B|L2|F4,true,false,false,/home/cyfer/FYP/WSN_simulation_V3/runs/S10_5000/outputs_production_50seed_part21_25/run_campaign_v3_S10_M2_LONG_LINK_B_L2_F4_H4_seed022_22_20260603_090758
campaign_v3_S10_M2_LONG_LINK_B_L2_F4_H4_seed023,campaign_v3_S10_M2_LONG_LINK_B_L2_F4_H4_seed023_23_20260603_091022,S10,5000,200,6,M2_LONG_LINK,23,B,L2,F4,H4,V3,map_S10_M2_LONG_LINK_seed023,c8d1fd65f423f1fd36c525165ad6bcf5e44c3c517e00bd1a91b2e4ca8fc75264,97.616,350.336,199.111,386.975,25,750,2.9308,0.2908,60.0,44.783,104.783,164.783,170.0,110.0,4.743,3.0,1.0,0.021,0.389,0.171,6601.703899,0.679659,0.0,2362,1405502,1405502,1.0,1796,1796,1.0,119183,0,1,S10|M2_LONG_LINK|23|B|L2|F4,true,false,false,/home/cyfer/FYP/WSN_simulation_V3/runs/S10_5000/outputs_production_50seed_part21_25/run_campaign_v3_S10_M2_LONG_LINK_B_L2_F4_H4_seed023_23_20260603_091022
campaign_v3_S10_M2_LONG_LINK_B_L2_F4_H4_seed024,campaign_v3_S10_M2_LONG_LINK_B_L2_F4_H4_seed024_24_20260603_091255,S10,5000,200,6,M2_LONG_LINK,24,B,L2,F4,H4,V3,map_S10_M2_LONG_LINK_seed024,d78969f103ba1079eb50d1239cb46c9b8cddd76468546d03e22c5f1c9e3b8b33,101.468,345.133,199.827,407.077,25,775,2.9359,0.3056,60.0,45.251,105.251,165.251,170.0,110.0,4.257,3.0,1.0,0.019,0.345,0.055,6575.069835,0.684986,0.0,2345,1406756,1406756,1.0,1787,1787,1.0,119408,0,1,S10|M2_LONG_LINK|24|B|L2|F4,true,false,false,/home/cyfer/FYP/WSN_simulation_V3/runs/S10_5000/outputs_production_50seed_part21_25/run_campaign_v3_S10_M2_LONG_LINK_B_L2_F4_H4_seed024_24_20260603_091255
campaign_v3_S10_M2_LONG_LINK_B_L2_F4_H4_seed025,campaign_v3_S10_M2_LONG_LINK_B_L2_F4_H4_seed025_25_20260603_091520,S10,5000,200,6,M2_LONG_LINK,25,B,L2,F4,H4,V3,map_S10_M2_LONG_LINK_seed025,e17387606cacbf25bbbf3856adf89dfe4395b7323d696ad0df909a4fe44048f6,99.721,352.218,198.269,409.914,25,765,3.2095,0.295,60.0,44.934,104.934,164.934,170.0,110.0,4.713,3.0,1.0,0.026,0.467,0.078,6614.555596,0.677089,0.0,2366,1405142,1405142,1.0,1796,1796,1.0,119183,0,1,S10|M2_LONG_LINK|25|B|L2|F4,true,false,false,/home/cyfer/FYP/WSN_simulation_V3/runs/S10_5000/outputs_production_50seed_part21_25/run_campaign_v3_S10_M2_LONG_LINK_B_L2_F4_H4_seed025_25_20260603_091520
campaign_v3_S10_M3_IMBALANCED_A_L1_F0_H0_seed021,campaign_v3_S10_M3_IMBALANCED_A_L1_F0_H0_seed021_21_20260603_091522,S10,5000,200,6,M3_IMBALANCED,21,A,L1,F0,H0,V1,map_S10_M3_IMBALANCED_seed021,10dd9692d055e1a6cf35bb5f2b17a5aab85811368735dcd5afb6cc2cbd4c5885,269.564,492.137,193.318,380.096,25,1495,6.1095,0.0928,0.0,-1.0,-1.0,-1.0,-1.0,-1.0,0.0,0.0,0.0,0.0,0.0,0.0,8470.210384,0.305958,0.0,3968,1411200,1411200,1.0,1719,1719,1.0,120000,0,0,S10|M3_IMBALANCED|21|A|L1|F0,false,true,false,/home/cyfer/FYP/WSN_simulation_V3/runs/S10_5000/outputs_production_50seed_part21_25/run_campaign_v3_S10_M3_IMBALANCED_A_L1_F0_H0_seed021_21_20260603_091522
campaign_v3_S10_M3_IMBALANCED_A_L1_F0_H0_seed022,campaign_v3_S10_M3_IMBALANCED_A_L1_F0_H0_seed022_22_20260603_091913,S10,5000,200,6,M3_IMBALANCED,22,A,L1,F0,H0,V1,map_S10_M3_IMBALANCED_seed022,c545d218ebbb7863435993b90917ac4b14ce4d68866c53b228f947d94af8525c,266.827,463.648,194.198,405.634,25,1898,6.8223,0.0924,0.0,-1.0,-1.0,-1.0,-1.0,-1.0,0.0,0.0,0.0,0.0,0.0,0.0,8470.420416,0.305916,0.0,3969,1411200,1411200,1.0,1728,1728,1.0,120000,0,0,S10|M3_IMBALANCED|22|A|L1|F0,false,true,false,/home/cyfer/FYP/WSN_simulation_V3/runs/S10_5000/outputs_production_50seed_part21_25/run_campaign_v3_S10_M3_IMBALANCED_A_L1_F0_H0_seed022_22_20260603_091913
campaign_v3_S10_M3_IMBALANCED_A_L1_F0_H0_seed023,campaign_v3_S10_M3_IMBALANCED_A_L1_F0_H0_seed023_23_20260603_092312,S10,5000,200,6,M3_IMBALANCED,23,A,L1,F0,H0,V1,map_S10_M3_IMBALANCED_seed023,e367f313da26a5133984d38d221a33f416b25690ef772f23b25f5d5b25833be6,271.56,531.637,191.76,397.589,25,1958,6.9645,0.0852,0.0,-1.0,-1.0,-1.0,-1.0,-1.0,0.0,0.0,0.0,0.0,0.0,0.0,8476.191746,0.304762,0.0,3963,1411200,1411200,1.0,1755,1755,1.0,120000,0,0,S10|M3_IMBALANCED|23|A|L1|F0,false,true,false,/home/cyfer/FYP/WSN_simulation_V3/runs/S10_5000/outputs_production_50seed_part21_25/run_campaign_v3_S10_M3_IMBALANCED_A_L1_F0_H0_seed023_23_20260603_092312
campaign_v3_S10_M3_IMBALANCED_A_L1_F0_H0_seed024,campaign_v3_S10_M3_IMBALANCED_A_L1_F0_H0_seed024_24_20260603_092641,S10,5000,200,6,M3_IMBALANCED,24,A,L1,F0,H0,V1,map_S10_M3_IMBALANCED_seed024,d4fcdbab3e21c8a33f88ff2b287a8e6949bdd1852caa2d67aadf3217ab93b930,265.519,487.791,195.253,396.766,25,1557,5.5926,0.088,0.0,-1.0,-1.0,-1.0,-1.0,-1.0,0.0,0.0,0.0,0.0,0.0,0.0,8436.334301,0.312733,0.0,3938,1411200,1411200,1.0,1728,1728,1.0,120000,0,0,S10|M3_IMBALANCED|24|A|L1|F0,false,true,false,/home/cyfer/FYP/WSN_simulation_V3/runs/S10_5000/outputs_production_50seed_part21_25/run_campaign_v3_S10_M3_IMBALANCED_A_L1_F0_H0_seed024_24_20260603_092641
campaign_v3_S10_M3_IMBALANCED_A_L1_F0_H0_seed025,campaign_v3_S10_M3_IMBALANCED_A_L1_F0_H0_seed025_25_20260603_093010,S10,5000,200,6,M3_IMBALANCED,25,A,L1,F0,H0,V1,map_S10_M3_IMBALANCED_seed025,687923e270312d4744e89dd4ec6d8f22cc8c5d37a4fc890b6003193970c00975,272.924,515.084,190.641,392.381,25,1275,5.6059,0.0952,0.0,-1.0,-1.0,-1.0,-1.0,-1.0,0.0,0.0,0.0,0.0,0.0,0.0,8442.924939,0.311415,0.0,3952,1411200,1411200,1.0,1701,1701,1.0,120000,0,0,S10|M3_IMBALANCED|25|A|L1|F0,false,true,false,/home/cyfer/FYP/WSN_simulation_V3/runs/S10_5000/outputs_production_50seed_part21_25/run_campaign_v3_S10_M3_IMBALANCED_A_L1_F0_H0_seed025_25_20260603_093010
campaign_v3_S10_M3_IMBALANCED_A_L1_F1_H0_seed021,campaign_v3_S10_M3_IMBALANCED_A_L1_F1_H0_seed021_21_20260603_091525,S10,5000,200,6,M3_IMBALANCED,21,A,L1,F1,H0,V2,map_S10_M3_IMBALANCED_seed021,10dd9692d055e1a6cf35bb5f2b17a5aab85811368735dcd5afb6cc2cbd4c5885,269.564,492.137,193.318,380.096,25,1495,6.1095,0.0928,60.0,-1.0,-1.0,-1.0,-1.0,-1.0,0.0,0.0,0.0,0.0,0.0,0.0,8464.770008,0.306755,0.0,3968,1408380,1408380,1.0,1711,1711,1.0,120060,1,0,S10|M3_IMBALANCED|21|A|L1|F1,false,false,true,/home/cyfer/FYP/WSN_simulation_V3/runs/S10_5000/outputs_production_50seed_part21_25/run_campaign_v3_S10_M3_IMBALANCED_A_L1_F1_H0_seed021_21_20260603_091525
campaign_v3_S10_M3_IMBALANCED_A_L1_F1_H0_seed022,campaign_v3_S10_M3_IMBALANCED_A_L1_F1_H0_seed022_22_20260603_091915,S10,5000,200,6,M3_IMBALANCED,22,A,L1,F1,H0,V2,map_S10_M3_IMBALANCED_seed022,c545d218ebbb7863435993b90917ac4b14ce4d68866c53b228f947d94af8525c,266.827,463.648,194.198,405.634,25,1898,6.8223,0.0924,60.0,-1.0,-1.0,-1.0,-1.0,-1.0,0.0,0.0,0.0,0.0,0.0,0.0,8468.719376,0.305885,0.0,3970,1410495,1410495,1.0,1720,1720,1.0,120015,1,0,S10|M3_IMBALANCED|22|A|L1|F1,false,false,true,/home/cyfer/FYP/WSN_simulation_V3/runs/S10_5000/outputs_production_50seed_part21_25/run_campaign_v3_S10_M3_IMBALANCED_A_L1_F1_H0_seed022_22_20260603_091915
campaign_v3_S10_M3_IMBALANCED_A_L1_F1_H0_seed023,campaign_v3_S10_M3_IMBALANCED_A_L1_F1_H0_seed023_23_20260603_092314,S10,5000,200,6,M3_IMBALANCED,23,A,L1,F1,H0,V2,map_S10_M3_IMBALANCED_seed023,e367f313da26a5133984d38d221a33f416b25690ef772f23b25f5d5b25833be6,271.56,531.637,191.76,397.589,25,1958,6.9645,0.0852,60.0,-1.0,-1.0,-1.0,-1.0,-1.0,0.0,0.0,0.0,0.0,0.0,0.0,8473.31452,0.304985,0.0,3964,1410025,1410025,1.0,1747,1747,1.0,120025,1,0,S10|M3_IMBALANCED|23|A|L1|F1,false,false,true,/home/cyfer/FYP/WSN_simulation_V3/runs/S10_5000/outputs_production_50seed_part21_25/run_campaign_v3_S10_M3_IMBALANCED_A_L1_F1_H0_seed023_23_20260603_092314
campaign_v3_S10_M3_IMBALANCED_A_L1_F1_H0_seed024,campaign_v3_S10_M3_IMBALANCED_A_L1_F1_H0_seed024_24_20260603_092643,S10,5000,200,6,M3_IMBALANCED,24,A,L1,F1,H0,V2,map_S10_M3_IMBALANCED_seed024,d4fcdbab3e21c8a33f88ff2b287a8e6949bdd1852caa2d67aadf3217ab93b930,265.519,487.791,195.253,396.766,25,1557,5.5926,0.088,60.0,-1.0,-1.0,-1.0,-1.0,-1.0,0.0,0.0,0.0,0.0,0.0,0.0,8433.537154,0.31294,0.0,3939,1410025,1410025,1.0,1720,1720,1.0,120025,1,0,S10|M3_IMBALANCED|24|A|L1|F1,false,false,true,/home/cyfer/FYP/WSN_simulation_V3/runs/S10_5000/outputs_production_50seed_part21_25/run_campaign_v3_S10_M3_IMBALANCED_A_L1_F1_H0_seed024_24_20260603_092643
campaign_v3_S10_M3_IMBALANCED_A_L1_F1_H0_seed025,campaign_v3_S10_M3_IMBALANCED_A_L1_F1_H0_seed025_25_20260603_093012,S10,5000,200,6,M3_IMBALANCED,25,A,L1,F1,H0,V2,map_S10_M3_IMBALANCED_seed025,687923e270312d4744e89dd4ec6d8f22cc8c5d37a4fc890b6003193970c00975,272.924,515.084,190.641,392.381,25,1275,5.6059,0.0952,60.0,-1.0,-1.0,-1.0,-1.0,-1.0,0.0,0.0,0.0,0.0,0.0,0.0,8439.654087,0.311725,0.0,3953,1409790,1409790,1.0,1693,1693,1.0,120030,1,0,S10|M3_IMBALANCED|25|A|L1|F1,false,false,true,/home/cyfer/FYP/WSN_simulation_V3/runs/S10_5000/outputs_production_50seed_part21_25/run_campaign_v3_S10_M3_IMBALANCED_A_L1_F1_H0_seed025_25_20260603_093012
campaign_v3_S10_M3_IMBALANCED_A_L1_F1_H1_seed021,campaign_v3_S10_M3_IMBALANCED_A_L1_F1_H1_seed021_21_20260603_091539,S10,5000,200,6,M3_IMBALANCED,21,A,L1,F1,H1,V3,map_S10_M3_IMBALANCED_seed021,10dd9692d055e1a6cf35bb5f2b17a5aab85811368735dcd5afb6cc2cbd4c5885,269.564,492.137,193.318,380.096,25,1495,6.1095,0.0928,60.0,22.137,82.137,142.137,150.0,90.0,6.214,6.0,1.0,0.008,1.0,0.063,8468.985776,0.305912,0.0,3969,1410204,1410204,1.0,1716,1716,1.0,120000,0,1,S10|M3_IMBALANCED|21|A|L1|F1,true,false,false,/home/cyfer/FYP/WSN_simulation_V3/runs/S10_5000/outputs_production_50seed_part21_25/run_campaign_v3_S10_M3_IMBALANCED_A_L1_F1_H1_seed021_21_20260603_091539
campaign_v3_S10_M3_IMBALANCED_A_L1_F1_H1_seed022,campaign_v3_S10_M3_IMBALANCED_A_L1_F1_H1_seed022_22_20260603_091928,S10,5000,200,6,M3_IMBALANCED,22,A,L1,F1,H1,V3,map_S10_M3_IMBALANCED_seed022,c545d218ebbb7863435993b90917ac4b14ce4d68866c53b228f947d94af8525c,266.827,463.648,194.198,405.634,25,1898,6.8223,0.0924,60.0,21.76,81.76,141.76,150.0,90.0,6.503,6.0,1.0,0.002,1.0,0.166,8469.822454,0.305665,0.0,3970,1410954,1410954,1.0,1725,1725,1.0,120000,0,1,S10|M3_IMBALANCED|22|A|L1|F1,true,false,false,/home/cyfer/FYP/WSN_simulation_V3/runs/S10_5000/outputs_production_50seed_part21_25/run_campaign_v3_S10_M3_IMBALANCED_A_L1_F1_H1_seed022_22_20260603_091928
campaign_v3_S10_M3_IMBALANCED_A_L1_F1_H1_seed023,campaign_v3_S10_M3_IMBALANCED_A_L1_F1_H1_seed023_23_20260603_092326,S10,5000,200,6,M3_IMBALANCED,23,A,L1,F1,H1,V3,map_S10_M3_IMBALANCED_seed023,e367f313da26a5133984d38d221a33f416b25690ef772f23b25f5d5b25833be6,271.56,531.637,191.76,397.589,25,1958,6.9645,0.0852,60.0,21.404,81.404,141.404,150.0,90.0,6.396,6.0,1.0,0.003,1.0,0.129,8475.196164,0.304609,0.0,3964,1410790,1410790,1.0,1752,1752,1.0,120000,0,1,S10|M3_IMBALANCED|23|A|L1|F1,true,false,false,/home/cyfer/FYP/WSN_simulation_V3/runs/S10_5000/outputs_production_50seed_part21_25/run_campaign_v3_S10_M3_IMBALANCED_A_L1_F1_H1_seed023_23_20260603_092326
campaign_v3_S10_M3_IMBALANCED_A_L1_F1_H1_seed024,campaign_v3_S10_M3_IMBALANCED_A_L1_F1_H1_seed024_24_20260603_092656,S10,5000,200,6,M3_IMBALANCED,24,A,L1,F1,H1,V3,map_S10_M3_IMBALANCED_seed024,d4fcdbab3e21c8a33f88ff2b287a8e6949bdd1852caa2d67aadf3217ab93b930,265.519,487.791,195.253,396.766,25,1557,5.5926,0.088,60.0,22.229,82.229,142.229,150.0,90.0,6.335,6.0,1.0,0.003,1.0,0.109,8435.236987,0.3126,0.0,3939,1410785,1410785,1.0,1725,1725,1.0,120000,0,1,S10|M3_IMBALANCED|24|A|L1|F1,true,false,false,/home/cyfer/FYP/WSN_simulation_V3/runs/S10_5000/outputs_production_50seed_part21_25/run_campaign_v3_S10_M3_IMBALANCED_A_L1_F1_H1_seed024_24_20260603_092656
campaign_v3_S10_M3_IMBALANCED_A_L1_F1_H1_seed025,campaign_v3_S10_M3_IMBALANCED_A_L1_F1_H1_seed025_25_20260603_093025,S10,5000,200,6,M3_IMBALANCED,25,A,L1,F1,H1,V3,map_S10_M3_IMBALANCED_seed025,687923e270312d4744e89dd4ec6d8f22cc8c5d37a4fc890b6003193970c00975,272.924,515.084,190.641,392.381,25,1275,5.6059,0.0952,60.0,22.329,82.329,142.329,150.0,90.0,6.432,6.0,1.0,0.005,1.0,0.139,8441.715302,0.311313,0.0,3953,1410702,1410702,1.0,1698,1698,1.0,120000,0,1,S10|M3_IMBALANCED|25|A|L1|F1,true,false,false,/home/cyfer/FYP/WSN_simulation_V3/runs/S10_5000/outputs_production_50seed_part21_25/run_campaign_v3_S10_M3_IMBALANCED_A_L1_F1_H1_seed025_25_20260603_093025
campaign_v3_S10_M3_IMBALANCED_A_L1_F1_H3_seed021,campaign_v3_S10_M3_IMBALANCED_A_L1_F1_H3_seed021_21_20260603_091545,S10,5000,200,6,M3_IMBALANCED,21,A,L1,F1,H3,V3,map_S10_M3_IMBALANCED_seed021,10dd9692d055e1a6cf35bb5f2b17a5aab85811368735dcd5afb6cc2cbd4c5885,269.564,492.137,193.318,380.096,25,1495,6.1095,0.0928,60.0,27.441,87.441,147.441,150.0,90.0,6.214,6.0,1.0,0.008,1.0,0.063,8467.026538,0.306304,0.0,3968,1409262,1409262,1.0,1716,1716,1.0,119850,0,1,S10|M3_IMBALANCED|21|A|L1|F1,true,false,false,/home/cyfer/FYP/WSN_simulation_V3/runs/S10_5000/outputs_production_50seed_part21_25/run_campaign_v3_S10_M3_IMBALANCED_A_L1_F1_H3_seed021_21_20260603_091545
campaign_v3_S10_M3_IMBALANCED_A_L1_F1_H3_seed022,campaign_v3_S10_M3_IMBALANCED_A_L1_F1_H3_seed022_22_20260603_091933,S10,5000,200,6,M3_IMBALANCED,22,A,L1,F1,H3,V3,map_S10_M3_IMBALANCED_seed022,c545d218ebbb7863435993b90917ac4b14ce4d68866c53b228f947d94af8525c,266.827,463.648,194.198,405.634,25,1898,6.8223,0.0924,60.0,27.632,87.632,147.632,150.0,90.0,6.503,6.0,1.0,0.002,1.0,0.166,8469.440962,0.305741,0.0,3970,1410789,1410789,1.0,1725,1725,1.0,119975,0,1,S10|M3_IMBALANCED|22|A|L1|F1,true,false,false,/home/cyfer/FYP/WSN_simulation_V3/runs/S10_5000/outputs_production_50seed_part21_25/run_campaign_v3_S10_M3_IMBALANCED_A_L1_F1_H3_seed022_22_20260603_091933
campaign_v3_S10_M3_IMBALANCED_A_L1_F1_H3_seed023,campaign_v3_S10_M3_IMBALANCED_A_L1_F1_H3_seed023_23_20260603_092331,S10,5000,200,6,M3_IMBALANCED,23,A,L1,F1,H3,V3,map_S10_M3_IMBALANCED_seed023,e367f313da26a5133984d38d221a33f416b25690ef772f23b25f5d5b25833be6,271.56,531.637,191.76,397.589,25,1958,6.9645,0.0852,60.0,27.523,87.523,147.523,150.0,90.0,6.396,6.0,1.0,0.003,1.0,0.129,8474.395162,0.304769,0.0,3964,1410466,1410466,1.0,1752,1752,1.0,119950,0,1,S10|M3_IMBALANCED|23|A|L1|F1,true,false,false,/home/cyfer/FYP/WSN_simulation_V3/runs/S10_5000/outputs_production_50seed_part21_25/run_campaign_v3_S10_M3_IMBALANCED_A_L1_F1_H3_seed023_23_20260603_092331
campaign_v3_S10_M3_IMBALANCED_A_L1_F1_H3_seed024,campaign_v3_S10_M3_IMBALANCED_A_L1_F1_H3_seed024_24_20260603_092701,S10,5000,200,6,M3_IMBALANCED,24,A,L1,F1,H3,V3,map_S10_M3_IMBALANCED_seed024,d4fcdbab3e21c8a33f88ff2b287a8e6949bdd1852caa2d67aadf3217ab93b930,265.519,487.791,195.253,396.766,25,1557,5.5926,0.088,60.0,27.833,87.833,147.833,150.0,90.0,6.335,6.0,1.0,0.003,1.0,0.109,8434.633716,0.31272,0.0,3939,1410466,1410466,1.0,1725,1725,1.0,119950,0,1,S10|M3_IMBALANCED|24|A|L1|F1,true,false,false,/home/cyfer/FYP/WSN_simulation_V3/runs/S10_5000/outputs_production_50seed_part21_25/run_campaign_v3_S10_M3_IMBALANCED_A_L1_F1_H3_seed024_24_20260603_092701
campaign_v3_S10_M3_IMBALANCED_A_L1_F1_H3_seed025,campaign_v3_S10_M3_IMBALANCED_A_L1_F1_H3_seed025_25_20260603_093030,S10,5000,200,6,M3_IMBALANCED,25,A,L1,F1,H3,V3,map_S10_M3_IMBALANCED_seed025,687923e270312d4744e89dd4ec6d8f22cc8c5d37a4fc890b6003193970c00975,272.924,515.084,190.641,392.381,25,1275,5.6059,0.0952,60.0,27.751,87.751,147.751,150.0,90.0,6.432,6.0,1.0,0.005,1.0,0.139,8440.488492,0.311558,0.0,3953,1410231,1410231,1.0,1698,1698,1.0,119925,0,1,S10|M3_IMBALANCED|25|A|L1|F1,true,false,false,/home/cyfer/FYP/WSN_simulation_V3/runs/S10_5000/outputs_production_50seed_part21_25/run_campaign_v3_S10_M3_IMBALANCED_A_L1_F1_H3_seed025_25_20260603_093030
campaign_v3_S10_M3_IMBALANCED_A_L1_F1_H4_seed021,campaign_v3_S10_M3_IMBALANCED_A_L1_F1_H4_seed021_21_20260603_091551,S10,5000,200,6,M3_IMBALANCED,21,A,L1,F1,H4,V3,map_S10_M3_IMBALANCED_seed021,10dd9692d055e1a6cf35bb5f2b17a5aab85811368735dcd5afb6cc2cbd4c5885,269.564,492.137,193.318,380.096,25,1495,6.1095,0.0928,60.0,31.618,91.618,151.618,160.0,100.0,6.214,6.0,1.0,0.008,1.0,0.063,8467.174634,0.306274,0.0,3969,1409397,1409397,1.0,1715,1715,1.0,119879,0,1,S10|M3_IMBALANCED|21|A|L1|F1,true,false,false,/home/cyfer/FYP/WSN_simulation_V3/runs/S10_5000/outputs_production_50seed_part21_25/run_campaign_v3_S10_M3_IMBALANCED_A_L1_F1_H4_seed021_21_20260603_091551
campaign_v3_S10_M3_IMBALANCED_A_L1_F1_H4_seed022,campaign_v3_S10_M3_IMBALANCED_A_L1_F1_H4_seed022_22_20260603_091938,S10,5000,200,6,M3_IMBALANCED,22,A,L1,F1,H4,V3,map_S10_M3_IMBALANCED_seed022,c545d218ebbb7863435993b90917ac4b14ce4d68866c53b228f947d94af8525c,266.827,463.648,194.198,405.634,25,1898,6.8223,0.0924,60.0,31.615,91.615,151.615,160.0,100.0,6.503,6.0,1.0,0.002,1.0,0.166,8469.206365,0.305788,0.0,3970,1410654,1410654,1.0,1724,1724,1.0,119954,0,1,S10|M3_IMBALANCED|22|A|L1|F1,true,false,false,/home/cyfer/FYP/WSN_simulation_V3/runs/S10_5000/outputs_production_50seed_part21_25/run_campaign_v3_S10_M3_IMBALANCED_A_L1_F1_H4_seed022_22_20260603_091938
campaign_v3_S10_M3_IMBALANCED_A_L1_F1_H4_seed023,campaign_v3_S10_M3_IMBALANCED_A_L1_F1_H4_seed023_23_20260603_092335,S10,5000,200,6,M3_IMBALANCED,23,A,L1,F1,H4,V3,map_S10_M3_IMBALANCED_seed023,e367f313da26a5133984d38d221a33f416b25690ef772f23b25f5d5b25833be6,271.56,531.637,191.76,397.589,25,1958,6.9645,0.0852,60.0,31.975,91.975,151.975,160.0,100.0,6.396,6.0,1.0,0.003,1.0,0.129,8473.649676,0.304918,0.0,3964,1410041,1410041,1.0,1751,1751,1.0,119879,0,1,S10|M3_IMBALANCED|23|A|L1|F1,true,false,false,/home/cyfer/FYP/WSN_simulation_V3/runs/S10_5000/outputs_production_50seed_part21_25/run_campaign_v3_S10_M3_IMBALANCED_A_L1_F1_H4_seed023_23_20260603_092335
campaign_v3_S10_M3_IMBALANCED_A_L1_F1_H4_seed024,campaign_v3_S10_M3_IMBALANCED_A_L1_F1_H4_seed024_24_20260603_092707,S10,5000,200,6,M3_IMBALANCED,24,A,L1,F1,H4,V3,map_S10_M3_IMBALANCED_seed024,d4fcdbab3e21c8a33f88ff2b287a8e6949bdd1852caa2d67aadf3217ab93b930,265.519,487.791,195.253,396.766,25,1557,5.5926,0.088,60.0,32.237,92.237,152.237,160.0,100.0,6.335,6.0,1.0,0.003,1.0,0.109,8433.366613,0.312974,0.0,3939,1409899,1409899,1.0,1724,1724,1.0,119854,0,1,S10|M3_IMBALANCED|24|A|L1|F1,true,false,false,/home/cyfer/FYP/WSN_simulation_V3/runs/S10_5000/outputs_production_50seed_part21_25/run_campaign_v3_S10_M3_IMBALANCED_A_L1_F1_H4_seed024_24_20260603_092707
campaign_v3_S10_M3_IMBALANCED_A_L1_F1_H4_seed025,campaign_v3_S10_M3_IMBALANCED_A_L1_F1_H4_seed025_25_20260603_093035,S10,5000,200,6,M3_IMBALANCED,25,A,L1,F1,H4,V3,map_S10_M3_IMBALANCED_seed025,687923e270312d4744e89dd4ec6d8f22cc8c5d37a4fc890b6003193970c00975,272.924,515.084,190.641,392.381,25,1275,5.6059,0.0952,60.0,31.978,91.978,151.978,160.0,100.0,6.432,6.0,1.0,0.005,1.0,0.139,8441.001499,0.311455,0.0,3953,1410378,1410378,1.0,1697,1697,1.0,119954,0,1,S10|M3_IMBALANCED|25|A|L1|F1,true,false,false,/home/cyfer/FYP/WSN_simulation_V3/runs/S10_5000/outputs_production_50seed_part21_25/run_campaign_v3_S10_M3_IMBALANCED_A_L1_F1_H4_seed025_25_20260603_093035
campaign_v3_S10_M3_IMBALANCED_A_L1_F2_H0_seed021,campaign_v3_S10_M3_IMBALANCED_A_L1_F2_H0_seed021_21_20260603_091531,S10,5000,200,6,M3_IMBALANCED,21,A,L1,F2,H0,V2,map_S10_M3_IMBALANCED_seed021,10dd9692d055e1a6cf35bb5f2b17a5aab85811368735dcd5afb6cc2cbd4c5885,269.564,492.137,193.318,380.096,25,1495,6.1095,0.0928,60.0,-1.0,-1.0,-1.0,-1.0,-1.0,0.0,0.0,0.0,0.0,0.0,0.0,8467.500593,0.3065,0.0,3968,1410025,1410025,1.0,1711,1711,1.0,120025,1,0,S10|M3_IMBALANCED|21|A|L1|F2,false,false,true,/home/cyfer/FYP/WSN_simulation_V3/runs/S10_5000/outputs_production_50seed_part21_25/run_campaign_v3_S10_M3_IMBALANCED_A_L1_F2_H0_seed021_21_20260603_091531
campaign_v3_S10_M3_IMBALANCED_A_L1_F2_H0_seed022,campaign_v3_S10_M3_IMBALANCED_A_L1_F2_H0_seed022_22_20260603_091920,S10,5000,200,6,M3_IMBALANCED,22,A,L1,F2,H0,V2,map_S10_M3_IMBALANCED_seed022,c545d218ebbb7863435993b90917ac4b14ce4d68866c53b228f947d94af8525c,266.827,463.648,194.198,405.634,25,1898,6.8223,0.0924,60.0,-1.0,-1.0,-1.0,-1.0,-1.0,0.0,0.0,0.0,0.0,0.0,0.0,8469.438803,0.306112,0.0,3969,1410730,1410730,1.0,1720,1720,1.0,120010,1,0,S10|M3_IMBALANCED|22|A|L1|F2,false,false,true,/home/cyfer/FYP/WSN_simulation_V3/runs/S10_5000/outputs_production_50seed_part21_25/run_campaign_v3_S10_M3_IMBALANCED_A_L1_F2_H0_seed022_22_20260603_091920
campaign_v3_S10_M3_IMBALANCED_A_L1_F2_H0_seed023,campaign_v3_S10_M3_IMBALANCED_A_L1_F2_H0_seed023_23_20260603_092319,S10,5000,200,6,M3_IMBALANCED,23,A,L1,F2,H0,V2,map_S10_M3_IMBALANCED_seed023,e367f313da26a5133984d38d221a33f416b25690ef772f23b25f5d5b25833be6,271.56,531.637,191.76,397.589,25,1958,6.9645,0.0852,60.0,-1.0,-1.0,-1.0,-1.0,-1.0,0.0,0.0,0.0,0.0,0.0,0.0,8473.718976,0.305256,0.0,3963,1410025,1410025,1.0,1747,1747,1.0,120025,1,0,S10|M3_IMBALANCED|23|A|L1|F2,false,false,true,/home/cyfer/FYP/WSN_simulation_V3/runs/S10_5000/outputs_production_50seed_part21_25/run_campaign_v3_S10_M3_IMBALANCED_A_L1_F2_H0_seed023_23_20260603_092319
campaign_v3_S10_M3_IMBALANCED_A_L1_F2_H0_seed024,campaign_v3_S10_M3_IMBALANCED_A_L1_F2_H0_seed024_24_20260603_092648,S10,5000,200,6,M3_IMBALANCED,24,A,L1,F2,H0,V2,map_S10_M3_IMBALANCED_seed024,d4fcdbab3e21c8a33f88ff2b287a8e6949bdd1852caa2d67aadf3217ab93b930,265.519,487.791,195.253,396.766,25,1557,5.5926,0.088,60.0,-1.0,-1.0,-1.0,-1.0,-1.0,0.0,0.0,0.0,0.0,0.0,0.0,8433.261931,0.313348,0.0,3938,1409790,1409790,1.0,1720,1720,1.0,120030,1,0,S10|M3_IMBALANCED|24|A|L1|F2,false,false,true,/home/cyfer/FYP/WSN_simulation_V3/runs/S10_5000/outputs_production_50seed_part21_25/run_campaign_v3_S10_M3_IMBALANCED_A_L1_F2_H0_seed024_24_20260603_092648
campaign_v3_S10_M3_IMBALANCED_A_L1_F2_H0_seed025,campaign_v3_S10_M3_IMBALANCED_A_L1_F2_H0_seed025_25_20260603_093017,S10,5000,200,6,M3_IMBALANCED,25,A,L1,F2,H0,V2,map_S10_M3_IMBALANCED_seed025,687923e270312d4744e89dd4ec6d8f22cc8c5d37a4fc890b6003193970c00975,272.924,515.084,190.641,392.381,25,1275,5.6059,0.0952,60.0,-1.0,-1.0,-1.0,-1.0,-1.0,0.0,0.0,0.0,0.0,0.0,0.0,8441.840032,0.311632,0.0,3952,1410730,1410730,1.0,1693,1693,1.0,120010,1,0,S10|M3_IMBALANCED|25|A|L1|F2,false,false,true,/home/cyfer/FYP/WSN_simulation_V3/runs/S10_5000/outputs_production_50seed_part21_25/run_campaign_v3_S10_M3_IMBALANCED_A_L1_F2_H0_seed025_25_20260603_093017
campaign_v3_S10_M3_IMBALANCED_A_L1_F2_H1_seed021,campaign_v3_S10_M3_IMBALANCED_A_L1_F2_H1_seed021_21_20260603_091557,S10,5000,200,6,M3_IMBALANCED,21,A,L1,F2,H1,V3,map_S10_M3_IMBALANCED_seed021,10dd9692d055e1a6cf35bb5f2b17a5aab85811368735dcd5afb6cc2cbd4c5885,269.564,492.137,193.318,380.096,25,1495,6.1095,0.0928,60.0,27.155,87.155,147.155,150.0,90.0,3.539,6.0,1.0,0.003,0.115,0.061,8469.194933,0.306161,0.0,3968,1410760,1410760,1.0,1716,1716,1.0,120000,0,1,S10|M3_IMBALANCED|21|A|L1|F2,true,false,false,/home/cyfer/FYP/WSN_simulation_V3/runs/S10_5000/outputs_production_50seed_part21_25/run_campaign_v3_S10_M3_IMBALANCED_A_L1_F2_H1_seed021_21_20260603_091557
campaign_v3_S10_M3_IMBALANCED_A_L1_F2_H1_seed022,campaign_v3_S10_M3_IMBALANCED_A_L1_F2_H1_seed022_22_20260603_091943,S10,5000,200,6,M3_IMBALANCED,22,A,L1,F2,H1,V3,map_S10_M3_IMBALANCED_seed022,c545d218ebbb7863435993b90917ac4b14ce4d68866c53b228f947d94af8525c,266.827,463.648,194.198,405.634,25,1898,6.8223,0.0924,60.0,27.002,87.002,147.002,150.0,90.0,3.18,6.0,1.0,0.001,0.044,0.015,8470.069609,0.305986,0.0,3969,1411024,1411024,1.0,1725,1725,1.0,120000,0,1,S10|M3_IMBALANCED|22|A|L1|F2,true,false,false,/home/cyfer/FYP/WSN_simulation_V3/runs/S10_5000/outputs_production_50seed_part21_25/run_campaign_v3_S10_M3_IMBALANCED_A_L1_F2_H1_seed022_22_20260603_091943
campaign_v3_S10_M3_IMBALANCED_A_L1_F2_H1_seed023,campaign_v3_S10_M3_IMBALANCED_A_L1_F2_H1_seed023_23_20260603_092340,S10,5000,200,6,M3_IMBALANCED,23,A,L1,F2,H1,V3,map_S10_M3_IMBALANCED_seed023,e367f313da26a5133984d38d221a33f416b25690ef772f23b25f5d5b25833be6,271.56,531.637,191.76,397.589,25,1958,6.9645,0.0852,60.0,27.032,87.032,147.032,150.0,90.0,3.501,6.0,1.0,0.003,0.109,0.055,8475.247021,0.304951,0.0,3963,1410760,1410760,1.0,1752,1752,1.0,120000,0,1,S10|M3_IMBALANCED|23|A|L1|F2,true,false,false,/home/cyfer/FYP/WSN_simulation_V3/runs/S10_5000/outputs_production_50seed_part21_25/run_campaign_v3_S10_M3_IMBALANCED_A_L1_F2_H1_seed023_23_20260603_092340
campaign_v3_S10_M3_IMBALANCED_A_L1_F2_H1_seed024,campaign_v3_S10_M3_IMBALANCED_A_L1_F2_H1_seed024_24_20260603_092712,S10,5000,200,6,M3_IMBALANCED,24,A,L1,F2,H1,V3,map_S10_M3_IMBALANCED_seed024,d4fcdbab3e21c8a33f88ff2b287a8e6949bdd1852caa2d67aadf3217ab93b930,265.519,487.791,195.253,396.766,25,1557,5.5926,0.088,60.0,27.504,87.504,147.504,150.0,90.0,3.703,6.0,1.0,0.004,0.135,0.096,8435.090721,0.312982,0.0,3938,1410672,1410672,1.0,1725,1725,1.0,120000,0,1,S10|M3_IMBALANCED|24|A|L1|F2,true,false,false,/home/cyfer/FYP/WSN_simulation_V3/runs/S10_5000/outputs_production_50seed_part21_25/run_campaign_v3_S10_M3_IMBALANCED_A_L1_F2_H1_seed024_24_20260603_092712
campaign_v3_S10_M3_IMBALANCED_A_L1_F2_H1_seed025,campaign_v3_S10_M3_IMBALANCED_A_L1_F2_H1_seed025_25_20260603_093040,S10,5000,200,6,M3_IMBALANCED,25,A,L1,F2,H1,V3,map_S10_M3_IMBALANCED_seed025,687923e270312d4744e89dd4ec6d8f22cc8c5d37a4fc890b6003193970c00975,272.924,515.084,190.641,392.381,25,1275,5.6059,0.0952,60.0,26.377,86.377,146.377,150.0,90.0,3.336,6.0,1.0,0.002,0.047,0.063,8442.446657,0.311511,0.0,3952,1411026,1411026,1.0,1698,1698,1.0,120000,0,1,S10|M3_IMBALANCED|25|A|L1|F2,true,false,false,/home/cyfer/FYP/WSN_simulation_V3/runs/S10_5000/outputs_production_50seed_part21_25/run_campaign_v3_S10_M3_IMBALANCED_A_L1_F2_H1_seed025_25_20260603_093040
campaign_v3_S10_M3_IMBALANCED_A_L1_F2_H3_seed021,campaign_v3_S10_M3_IMBALANCED_A_L1_F2_H3_seed021_21_20260603_091600,S10,5000,200,6,M3_IMBALANCED,21,A,L1,F2,H3,V3,map_S10_M3_IMBALANCED_seed021,10dd9692d055e1a6cf35bb5f2b17a5aab85811368735dcd5afb6cc2cbd4c5885,269.564,492.137,193.318,380.096,25,1495,6.1095,0.0928,60.0,32.805,92.805,152.805,160.0,100.0,3.539,6.0,1.0,0.003,0.115,0.061,8468.589721,0.306282,0.0,3968,1410451,1410451,1.0,1715,1715,1.0,119950,0,1,S10|M3_IMBALANCED|21|A|L1|F2,true,false,false,/home/cyfer/FYP/WSN_simulation_V3/runs/S10_5000/outputs_production_50seed_part21_25/run_campaign_v3_S10_M3_IMBALANCED_A_L1_F2_H3_seed021_21_20260603_091600
campaign_v3_S10_M3_IMBALANCED_A_L1_F2_H3_seed022,campaign_v3_S10_M3_IMBALANCED_A_L1_F2_H3_seed022_22_20260603_091945,S10,5000,200,6,M3_IMBALANCED,22,A,L1,F2,H3,V3,map_S10_M3_IMBALANCED_seed022,c545d218ebbb7863435993b90917ac4b14ce4d68866c53b228f947d94af8525c,266.827,463.648,194.198,405.634,25,1898,6.8223,0.0924,60.0,32.891,92.891,152.891,160.0,100.0,3.18,6.0,1.0,0.001,0.044,0.015,8469.673552,0.306065,0.0,3969,1410872,1410872,1.0,1724,1724,1.0,119975,0,1,S10|M3_IMBALANCED|22|A|L1|F2,true,false,false,/home/cyfer/FYP/WSN_simulation_V3/runs/S10_5000/outputs_production_50seed_part21_25/run_campaign_v3_S10_M3_IMBALANCED_A_L1_F2_H3_seed022_22_20260603_091945
campaign_v3_S10_M3_IMBALANCED_A_L1_F2_H3_seed023,campaign_v3_S10_M3_IMBALANCED_A_L1_F2_H3_seed023_23_20260603_092342,S10,5000,200,6,M3_IMBALANCED,23,A,L1,F2,H3,V3,map_S10_M3_IMBALANCED_seed023,e367f313da26a5133984d38d221a33f416b25690ef772f23b25f5d5b25833be6,271.56,531.637,191.76,397.589,25,1958,6.9645,0.0852,60.0,32.525,92.525,152.525,160.0,100.0,3.501,6.0,1.0,0.003,0.109,0.055,8474.539468,0.305092,0.0,3963,1410451,1410451,1.0,1751,1751,1.0,119950,0,1,S10|M3_IMBALANCED|23|A|L1|F2,true,false,false,/home/cyfer/FYP/WSN_simulation_V3/runs/S10_5000/outputs_production_50seed_part21_25/run_campaign_v3_S10_M3_IMBALANCED_A_L1_F2_H3_seed023_23_20260603_092342
campaign_v3_S10_M3_IMBALANCED_A_L1_F2_H3_seed024,campaign_v3_S10_M3_IMBALANCED_A_L1_F2_H3_seed024_24_20260603_092714,S10,5000,200,6,M3_IMBALANCED,24,A,L1,F2,H3,V3,map_S10_M3_IMBALANCED_seed024,d4fcdbab3e21c8a33f88ff2b287a8e6949bdd1852caa2d67aadf3217ab93b930,265.519,487.791,195.253,396.766,25,1557,5.5926,0.088,60.0,32.76,92.76,152.76,160.0,100.0,3.703,6.0,1.0,0.004,0.135,0.096,8434.176614,0.313165,0.0,3938,1410216,1410216,1.0,1724,1724,1.0,119925,0,1,S10|M3_IMBALANCED|24|A|L1|F2,true,false,false,/home/cyfer/FYP/WSN_simulation_V3/runs/S10_5000/outputs_production_50seed_part21_25/run_campaign_v3_S10_M3_IMBALANCED_A_L1_F2_H3_seed024_24_20260603_092714
campaign_v3_S10_M3_IMBALANCED_A_L1_F2_H3_seed025,campaign_v3_S10_M3_IMBALANCED_A_L1_F2_H3_seed025_25_20260603_093042,S10,5000,200,6,M3_IMBALANCED,25,A,L1,F2,H3,V3,map_S10_M3_IMBALANCED_seed025,687923e270312d4744e89dd4ec6d8f22cc8c5d37a4fc890b6003193970c00975,272.924,515.084,190.641,392.381,25,1275,5.6059,0.0952,60.0,33.214,93.214,153.214,160.0,100.0,3.336,6.0,1.0,0.002,0.047,0.063,8442.207385,0.311559,0.0,3952,1410871,1410871,1.0,1697,1697,1.0,119975,0,1,S10|M3_IMBALANCED|25|A|L1|F2,true,false,false,/home/cyfer/FYP/WSN_simulation_V3/runs/S10_5000/outputs_production_50seed_part21_25/run_campaign_v3_S10_M3_IMBALANCED_A_L1_F2_H3_seed025_25_20260603_093042
campaign_v3_S10_M3_IMBALANCED_A_L1_F2_H4_seed021,campaign_v3_S10_M3_IMBALANCED_A_L1_F2_H4_seed021_21_20260603_091603,S10,5000,200,6,M3_IMBALANCED,21,A,L1,F2,H4,V3,map_S10_M3_IMBALANCED_seed021,10dd9692d055e1a6cf35bb5f2b17a5aab85811368735dcd5afb6cc2cbd4c5885,269.564,492.137,193.318,380.096,25,1495,6.1095,0.0928,60.0,36.752,96.752,156.752,160.0,100.0,3.539,6.0,1.0,0.003,0.115,0.061,8469.087118,0.306183,0.0,3968,1410715,1410715,1.0,1715,1715,1.0,120000,0,1,S10|M3_IMBALANCED|21|A|L1|F2,true,false,false,/home/cyfer/FYP/WSN_simulation_V3/runs/S10_5000/outputs_production_50seed_part21_25/run_campaign_v3_S10_M3_IMBALANCED_A_L1_F2_H4_seed021_21_20260603_091603
campaign_v3_S10_M3_IMBALANCED_A_L1_F2_H4_seed022,campaign_v3_S10_M3_IMBALANCED_A_L1_F2_H4_seed022_22_20260603_091947,S10,5000,200,6,M3_IMBALANCED,22,A,L1,F2,H4,V3,map_S10_M3_IMBALANCED_seed022,c545d218ebbb7863435993b90917ac4b14ce4d68866c53b228f947d94af8525c,266.827,463.648,194.198,405.634,25,1898,6.8223,0.0924,60.0,36.705,96.705,156.705,160.0,100.0,3.18,6.0,1.0,0.001,0.044,0.015,8470.028552,0.305994,0.0,3969,1411006,1411006,1.0,1724,1724,1.0,120000,0,1,S10|M3_IMBALANCED|22|A|L1|F2,true,false,false,/home/cyfer/FYP/WSN_simulation_V3/runs/S10_5000/outputs_production_50seed_part21_25/run_campaign_v3_S10_M3_IMBALANCED_A_L1_F2_H4_seed022_22_20260603_091947
campaign_v3_S10_M3_IMBALANCED_A_L1_F2_H4_seed023,campaign_v3_S10_M3_IMBALANCED_A_L1_F2_H4_seed023_23_20260603_092345,S10,5000,200,6,M3_IMBALANCED,23,A,L1,F2,H4,V3,map_S10_M3_IMBALANCED_seed023,e367f313da26a5133984d38d221a33f416b25690ef772f23b25f5d5b25833be6,271.56,531.637,191.76,397.589,25,1958,6.9645,0.0852,60.0,36.57,96.57,156.57,160.0,100.0,3.501,6.0,1.0,0.003,0.109,0.055,8475.149774,0.30497,0.0,3963,1410715,1410715,1.0,1751,1751,1.0,120000,0,1,S10|M3_IMBALANCED|23|A|L1|F2,true,false,false,/home/cyfer/FYP/WSN_simulation_V3/runs/S10_5000/outputs_production_50seed_part21_25/run_campaign_v3_S10_M3_IMBALANCED_A_L1_F2_H4_seed023_23_20260603_092345
campaign_v3_S10_M3_IMBALANCED_A_L1_F2_H4_seed024,campaign_v3_S10_M3_IMBALANCED_A_L1_F2_H4_seed024_24_20260603_092716,S10,5000,200,6,M3_IMBALANCED,24,A,L1,F2,H4,V3,map_S10_M3_IMBALANCED_seed024,d4fcdbab3e21c8a33f88ff2b287a8e6949bdd1852caa2d67aadf3217ab93b930,265.519,487.791,195.253,396.766,25,1557,5.5926,0.088,60.0,37.137,97.137,157.137,160.0,100.0,3.703,6.0,1.0,0.004,0.135,0.096,8434.961905,0.313008,0.0,3938,1410612,1410612,1.0,1724,1724,1.0,120000,0,1,S10|M3_IMBALANCED|24|A|L1|F2,true,false,false,/home/cyfer/FYP/WSN_simulation_V3/runs/S10_5000/outputs_production_50seed_part21_25/run_campaign_v3_S10_M3_IMBALANCED_A_L1_F2_H4_seed024_24_20260603_092716
campaign_v3_S10_M3_IMBALANCED_A_L1_F2_H4_seed025,campaign_v3_S10_M3_IMBALANCED_A_L1_F2_H4_seed025_25_20260603_093045,S10,5000,200,6,M3_IMBALANCED,25,A,L1,F2,H4,V3,map_S10_M3_IMBALANCED_seed025,687923e270312d4744e89dd4ec6d8f22cc8c5d37a4fc890b6003193970c00975,272.924,515.084,190.641,392.381,25,1275,5.6059,0.0952,60.0,36.805,96.805,156.805,160.0,100.0,3.336,6.0,1.0,0.002,0.047,0.063,8442.402183,0.31152,0.0,3952,1411006,1411006,1.0,1697,1697,1.0,120000,0,1,S10|M3_IMBALANCED|25|A|L1|F2,true,false,false,/home/cyfer/FYP/WSN_simulation_V3/runs/S10_5000/outputs_production_50seed_part21_25/run_campaign_v3_S10_M3_IMBALANCED_A_L1_F2_H4_seed025_25_20260603_093045
campaign_v3_S10_M3_IMBALANCED_A_L1_F3_H0_seed021,campaign_v3_S10_M3_IMBALANCED_A_L1_F3_H0_seed021_21_20260603_091534,S10,5000,200,6,M3_IMBALANCED,21,A,L1,F3,H0,V2,map_S10_M3_IMBALANCED_seed021,10dd9692d055e1a6cf35bb5f2b17a5aab85811368735dcd5afb6cc2cbd4c5885,269.564,492.137,193.318,380.096,25,1495,6.1095,0.0928,60.0,-1.0,-1.0,-1.0,-1.0,-1.0,0.0,0.0,0.0,0.0,0.0,0.0,8467.272978,0.306545,0.0,3968,1410025,1410025,1.0,1711,1711,1.0,120025,1,0,S10|M3_IMBALANCED|21|A|L1|F3,false,false,true,/home/cyfer/FYP/WSN_simulation_V3/runs/S10_5000/outputs_production_50seed_part21_25/run_campaign_v3_S10_M3_IMBALANCED_A_L1_F3_H0_seed021_21_20260603_091534
campaign_v3_S10_M3_IMBALANCED_A_L1_F3_H0_seed022,campaign_v3_S10_M3_IMBALANCED_A_L1_F3_H0_seed022_22_20260603_091923,S10,5000,200,6,M3_IMBALANCED,22,A,L1,F3,H0,V2,map_S10_M3_IMBALANCED_seed022,c545d218ebbb7863435993b90917ac4b14ce4d68866c53b228f947d94af8525c,266.827,463.648,194.198,405.634,25,1898,6.8223,0.0924,60.0,-1.0,-1.0,-1.0,-1.0,-1.0,0.0,0.0,0.0,0.0,0.0,0.0,8467.839068,0.306432,0.0,3969,1410025,1410025,1.0,1720,1720,1.0,120025,1,0,S10|M3_IMBALANCED|22|A|L1|F3,false,false,true,/home/cyfer/FYP/WSN_simulation_V3/runs/S10_5000/outputs_production_50seed_part21_25/run_campaign_v3_S10_M3_IMBALANCED_A_L1_F3_H0_seed022_22_20260603_091923
campaign_v3_S10_M3_IMBALANCED_A_L1_F3_H0_seed023,campaign_v3_S10_M3_IMBALANCED_A_L1_F3_H0_seed023_23_20260603_092321,S10,5000,200,6,M3_IMBALANCED,23,A,L1,F3,H0,V2,map_S10_M3_IMBALANCED_seed023,e367f313da26a5133984d38d221a33f416b25690ef772f23b25f5d5b25833be6,271.56,531.637,191.76,397.589,25,1958,6.9645,0.0852,60.0,-1.0,-1.0,-1.0,-1.0,-1.0,0.0,0.0,0.0,0.0,0.0,0.0,8472.5966,0.305481,0.0,3962,1409555,1409555,1.0,1747,1747,1.0,120035,1,0,S10|M3_IMBALANCED|23|A|L1|F3,false,false,true,/home/cyfer/FYP/WSN_simulation_V3/runs/S10_5000/outputs_production_50seed_part21_25/run_campaign_v3_S10_M3_IMBALANCED_A_L1_F3_H0_seed023_23_20260603_092321
campaign_v3_S10_M3_IMBALANCED_A_L1_F3_H0_seed024,campaign_v3_S10_M3_IMBALANCED_A_L1_F3_H0_seed024_24_20260603_092651,S10,5000,200,6,M3_IMBALANCED,24,A,L1,F3,H0,V2,map_S10_M3_IMBALANCED_seed024,d4fcdbab3e21c8a33f88ff2b287a8e6949bdd1852caa2d67aadf3217ab93b930,265.519,487.791,195.253,396.766,25,1557,5.5926,0.088,60.0,-1.0,-1.0,-1.0,-1.0,-1.0,0.0,0.0,0.0,0.0,0.0,0.0,8434.937374,0.313013,0.0,3938,1410495,1410495,1.0,1720,1720,1.0,120015,1,0,S10|M3_IMBALANCED|24|A|L1|F3,false,false,true,/home/cyfer/FYP/WSN_simulation_V3/runs/S10_5000/outputs_production_50seed_part21_25/run_campaign_v3_S10_M3_IMBALANCED_A_L1_F3_H0_seed024_24_20260603_092651
campaign_v3_S10_M3_IMBALANCED_A_L1_F3_H0_seed025,campaign_v3_S10_M3_IMBALANCED_A_L1_F3_H0_seed025_25_20260603_093020,S10,5000,200,6,M3_IMBALANCED,25,A,L1,F3,H0,V2,map_S10_M3_IMBALANCED_seed025,687923e270312d4744e89dd4ec6d8f22cc8c5d37a4fc890b6003193970c00975,272.924,515.084,190.641,392.381,25,1275,5.6059,0.0952,60.0,-1.0,-1.0,-1.0,-1.0,-1.0,0.0,0.0,0.0,0.0,0.0,0.0,8440.269402,0.311946,0.0,3952,1410025,1410025,1.0,1693,1693,1.0,120025,1,0,S10|M3_IMBALANCED|25|A|L1|F3,false,false,true,/home/cyfer/FYP/WSN_simulation_V3/runs/S10_5000/outputs_production_50seed_part21_25/run_campaign_v3_S10_M3_IMBALANCED_A_L1_F3_H0_seed025_25_20260603_093020
campaign_v3_S10_M3_IMBALANCED_A_L1_F3_H1_seed021,campaign_v3_S10_M3_IMBALANCED_A_L1_F3_H1_seed021_21_20260603_091606,S10,5000,200,6,M3_IMBALANCED,21,A,L1,F3,H1,V3,map_S10_M3_IMBALANCED_seed021,10dd9692d055e1a6cf35bb5f2b17a5aab85811368735dcd5afb6cc2cbd4c5885,269.564,492.137,193.318,380.096,25,1495,6.1095,0.0928,60.0,31.273,91.273,151.273,160.0,100.0,3.834,6.0,1.0,0.003,0.121,0.153,8467.375448,0.306525,0.0,3968,1410041,1410041,1.0,1715,1715,1.0,119879,0,1,S10|M3_IMBALANCED|21|A|L1|F3,true,false,false,/home/cyfer/FYP/WSN_simulation_V3/runs/S10_5000/outputs_production_50seed_part21_25/run_campaign_v3_S10_M3_IMBALANCED_A_L1_F3_H1_seed021_21_20260603_091606
campaign_v3_S10_M3_IMBALANCED_A_L1_F3_H1_seed022,campaign_v3_S10_M3_IMBALANCED_A_L1_F3_H1_seed022_22_20260603_091949,S10,5000,200,6,M3_IMBALANCED,22,A,L1,F3,H1,V3,map_S10_M3_IMBALANCED_seed022,c545d218ebbb7863435993b90917ac4b14ce4d68866c53b228f947d94af8525c,266.827,463.648,194.198,405.634,25,1898,6.8223,0.0924,60.0,31.34,91.34,151.34,160.0,100.0,3.845,6.0,1.0,0.003,0.114,0.165,8467.935463,0.306413,0.0,3969,1410041,1410041,1.0,1724,1724,1.0,119879,0,1,S10|M3_IMBALANCED|22|A|L1|F3,true,false,false,/home/cyfer/FYP/WSN_simulation_V3/runs/S10_5000/outputs_production_50seed_part21_25/run_campaign_v3_S10_M3_IMBALANCED_A_L1_F3_H1_seed022_22_20260603_091949
campaign_v3_S10_M3_IMBALANCED_A_L1_F3_H1_seed023,campaign_v3_S10_M3_IMBALANCED_A_L1_F3_H1_seed023_23_20260603_092347,S10,5000,200,6,M3_IMBALANCED,23,A,L1,F3,H1,V3,map_S10_M3_IMBALANCED_seed023,e367f313da26a5133984d38d221a33f416b25690ef772f23b25f5d5b25833be6,271.56,531.637,191.76,397.589,25,1958,6.9645,0.0852,60.0,31.706,91.706,151.706,160.0,100.0,4.056,6.0,1.0,0.004,0.158,0.191,8472.717733,0.305456,0.0,3962,1409571,1409571,1.0,1751,1751,1.0,119829,0,1,S10|M3_IMBALANCED|23|A|L1|F3,true,false,false,/home/cyfer/FYP/WSN_simulation_V3/runs/S10_5000/outputs_production_50seed_part21_25/run_campaign_v3_S10_M3_IMBALANCED_A_L1_F3_H1_seed023_23_20260603_092347
campaign_v3_S10_M3_IMBALANCED_A_L1_F3_H1_seed024,campaign_v3_S10_M3_IMBALANCED_A_L1_F3_H1_seed024_24_20260603_092719,S10,5000,200,6,M3_IMBALANCED,24,A,L1,F3,H1,V3,map_S10_M3_IMBALANCED_seed024,d4fcdbab3e21c8a33f88ff2b287a8e6949bdd1852caa2d67aadf3217ab93b930,265.519,487.791,195.253,396.766,25,1557,5.5926,0.088,60.0,30.713,90.713,150.713,160.0,100.0,3.621,6.0,1.0,0.002,0.065,0.14,8435.018233,0.312996,0.0,3938,1410511,1410511,1.0,1724,1724,1.0,119929,0,1,S10|M3_IMBALANCED|24|A|L1|F3,true,false,false,/home/cyfer/FYP/WSN_simulation_V3/runs/S10_5000/outputs_production_50seed_part21_25/run_campaign_v3_S10_M3_IMBALANCED_A_L1_F3_H1_seed024_24_20260603_092719
campaign_v3_S10_M3_IMBALANCED_A_L1_F3_H1_seed025,campaign_v3_S10_M3_IMBALANCED_A_L1_F3_H1_seed025_25_20260603_093047,S10,5000,200,6,M3_IMBALANCED,25,A,L1,F3,H1,V3,map_S10_M3_IMBALANCED_seed025,687923e270312d4744e89dd4ec6d8f22cc8c5d37a4fc890b6003193970c00975,272.924,515.084,190.641,392.381,25,1275,5.6059,0.0952,60.0,31.157,91.157,151.157,160.0,100.0,3.47,6.0,1.0,0.004,0.114,0.039,8440.347721,0.31193,0.0,3952,1410041,1410041,1.0,1697,1697,1.0,119879,0,1,S10|M3_IMBALANCED|25|A|L1|F3,true,false,false,/home/cyfer/FYP/WSN_simulation_V3/runs/S10_5000/outputs_production_50seed_part21_25/run_campaign_v3_S10_M3_IMBALANCED_A_L1_F3_H1_seed025_25_20260603_093047
campaign_v3_S10_M3_IMBALANCED_A_L1_F3_H3_seed021,campaign_v3_S10_M3_IMBALANCED_A_L1_F3_H3_seed021_21_20260603_091609,S10,5000,200,6,M3_IMBALANCED,21,A,L1,F3,H3,V3,map_S10_M3_IMBALANCED_seed021,10dd9692d055e1a6cf35bb5f2b17a5aab85811368735dcd5afb6cc2cbd4c5885,269.564,492.137,193.318,380.096,25,1495,6.1095,0.0928,60.0,37.689,97.689,157.689,160.0,100.0,3.834,6.0,1.0,0.003,0.121,0.153,8467.376933,0.306525,0.0,3968,1410041,1410041,1.0,1715,1715,1.0,119879,0,1,S10|M3_IMBALANCED|21|A|L1|F3,true,false,false,/home/cyfer/FYP/WSN_simulation_V3/runs/S10_5000/outputs_production_50seed_part21_25/run_campaign_v3_S10_M3_IMBALANCED_A_L1_F3_H3_seed021_21_20260603_091609
campaign_v3_S10_M3_IMBALANCED_A_L1_F3_H3_seed022,campaign_v3_S10_M3_IMBALANCED_A_L1_F3_H3_seed022_22_20260603_091952,S10,5000,200,6,M3_IMBALANCED,22,A,L1,F3,H3,V3,map_S10_M3_IMBALANCED_seed022,c545d218ebbb7863435993b90917ac4b14ce4d68866c53b228f947d94af8525c,266.827,463.648,194.198,405.634,25,1898,6.8223,0.0924,60.0,37.414,97.414,157.414,160.0,100.0,3.845,6.0,1.0,0.003,0.114,0.165,8467.937061,0.306413,0.0,3969,1410041,1410041,1.0,1724,1724,1.0,119879,0,1,S10|M3_IMBALANCED|22|A|L1|F3,true,false,false,/home/cyfer/FYP/WSN_simulation_V3/runs/S10_5000/outputs_production_50seed_part21_25/run_campaign_v3_S10_M3_IMBALANCED_A_L1_F3_H3_seed022_22_20260603_091952
campaign_v3_S10_M3_IMBALANCED_A_L1_F3_H3_seed023,campaign_v3_S10_M3_IMBALANCED_A_L1_F3_H3_seed023_23_20260603_092349,S10,5000,200,6,M3_IMBALANCED,23,A,L1,F3,H3,V3,map_S10_M3_IMBALANCED_seed023,e367f313da26a5133984d38d221a33f416b25690ef772f23b25f5d5b25833be6,271.56,531.637,191.76,397.589,25,1958,6.9645,0.0852,60.0,37.565,97.565,157.565,160.0,100.0,4.056,6.0,1.0,0.004,0.158,0.191,8472.720513,0.305456,0.0,3962,1409571,1409571,1.0,1751,1751,1.0,119829,0,1,S10|M3_IMBALANCED|23|A|L1|F3,true,false,false,/home/cyfer/FYP/WSN_simulation_V3/runs/S10_5000/outputs_production_50seed_part21_25/run_campaign_v3_S10_M3_IMBALANCED_A_L1_F3_H3_seed023_23_20260603_092349
campaign_v3_S10_M3_IMBALANCED_A_L1_F3_H3_seed024,campaign_v3_S10_M3_IMBALANCED_A_L1_F3_H3_seed024_24_20260603_092721,S10,5000,200,6,M3_IMBALANCED,24,A,L1,F3,H3,V3,map_S10_M3_IMBALANCED_seed024,d4fcdbab3e21c8a33f88ff2b287a8e6949bdd1852caa2d67aadf3217ab93b930,265.519,487.791,195.253,396.766,25,1557,5.5926,0.088,60.0,36.658,96.658,156.658,160.0,100.0,3.621,6.0,1.0,0.002,0.065,0.14,8435.018566,0.312996,0.0,3938,1410511,1410511,1.0,1724,1724,1.0,119929,0,1,S10|M3_IMBALANCED|24|A|L1|F3,true,false,false,/home/cyfer/FYP/WSN_simulation_V3/runs/S10_5000/outputs_production_50seed_part21_25/run_campaign_v3_S10_M3_IMBALANCED_A_L1_F3_H3_seed024_24_20260603_092721
campaign_v3_S10_M3_IMBALANCED_A_L1_F3_H3_seed025,campaign_v3_S10_M3_IMBALANCED_A_L1_F3_H3_seed025_25_20260603_093049,S10,5000,200,6,M3_IMBALANCED,25,A,L1,F3,H3,V3,map_S10_M3_IMBALANCED_seed025,687923e270312d4744e89dd4ec6d8f22cc8c5d37a4fc890b6003193970c00975,272.924,515.084,190.641,392.381,25,1275,5.6059,0.0952,60.0,36.476,96.476,156.476,160.0,100.0,3.47,6.0,1.0,0.004,0.114,0.039,8440.352463,0.31193,0.0,3952,1410041,1410041,1.0,1697,1697,1.0,119879,0,1,S10|M3_IMBALANCED|25|A|L1|F3,true,false,false,/home/cyfer/FYP/WSN_simulation_V3/runs/S10_5000/outputs_production_50seed_part21_25/run_campaign_v3_S10_M3_IMBALANCED_A_L1_F3_H3_seed025_25_20260603_093049
campaign_v3_S10_M3_IMBALANCED_A_L1_F3_H4_seed021,campaign_v3_S10_M3_IMBALANCED_A_L1_F3_H4_seed021_21_20260603_091612,S10,5000,200,6,M3_IMBALANCED,21,A,L1,F3,H4,V3,map_S10_M3_IMBALANCED_seed021,10dd9692d055e1a6cf35bb5f2b17a5aab85811368735dcd5afb6cc2cbd4c5885,269.564,492.137,193.318,380.096,25,1495,6.1095,0.0928,60.0,40.849,100.849,160.849,170.0,110.0,3.834,6.0,1.0,0.003,0.121,0.153,8467.375448,0.306525,0.0,3968,1410041,1410041,1.0,1715,1715,1.0,119879,0,1,S10|M3_IMBALANCED|21|A|L1|F3,true,false,false,/home/cyfer/FYP/WSN_simulation_V3/runs/S10_5000/outputs_production_50seed_part21_25/run_campaign_v3_S10_M3_IMBALANCED_A_L1_F3_H4_seed021_21_20260603_091612
campaign_v3_S10_M3_IMBALANCED_A_L1_F3_H4_seed022,campaign_v3_S10_M3_IMBALANCED_A_L1_F3_H4_seed022_22_20260603_091954,S10,5000,200,6,M3_IMBALANCED,22,A,L1,F3,H4,V3,map_S10_M3_IMBALANCED_seed022,c545d218ebbb7863435993b90917ac4b14ce4d68866c53b228f947d94af8525c,266.827,463.648,194.198,405.634,25,1898,6.8223,0.0924,60.0,41.327,101.327,161.327,170.0,110.0,3.845,6.0,1.0,0.003,0.114,0.165,8467.935463,0.306413,0.0,3969,1410041,1410041,1.0,1724,1724,1.0,119879,0,1,S10|M3_IMBALANCED|22|A|L1|F3,true,false,false,/home/cyfer/FYP/WSN_simulation_V3/runs/S10_5000/outputs_production_50seed_part21_25/run_campaign_v3_S10_M3_IMBALANCED_A_L1_F3_H4_seed022_22_20260603_091954
campaign_v3_S10_M3_IMBALANCED_A_L1_F3_H4_seed023,campaign_v3_S10_M3_IMBALANCED_A_L1_F3_H4_seed023_23_20260603_092352,S10,5000,200,6,M3_IMBALANCED,23,A,L1,F3,H4,V3,map_S10_M3_IMBALANCED_seed023,e367f313da26a5133984d38d221a33f416b25690ef772f23b25f5d5b25833be6,271.56,531.637,191.76,397.589,25,1958,6.9645,0.0852,60.0,41.69,101.69,161.69,170.0,110.0,4.056,6.0,1.0,0.004,0.158,0.191,8472.717733,0.305456,0.0,3962,1409571,1409571,1.0,1751,1751,1.0,119829,0,1,S10|M3_IMBALANCED|23|A|L1|F3,true,false,false,/home/cyfer/FYP/WSN_simulation_V3/runs/S10_5000/outputs_production_50seed_part21_25/run_campaign_v3_S10_M3_IMBALANCED_A_L1_F3_H4_seed023_23_20260603_092352
campaign_v3_S10_M3_IMBALANCED_A_L1_F3_H4_seed024,campaign_v3_S10_M3_IMBALANCED_A_L1_F3_H4_seed024_24_20260603_092724,S10,5000,200,6,M3_IMBALANCED,24,A,L1,F3,H4,V3,map_S10_M3_IMBALANCED_seed024,d4fcdbab3e21c8a33f88ff2b287a8e6949bdd1852caa2d67aadf3217ab93b930,265.519,487.791,195.253,396.766,25,1557,5.5926,0.088,60.0,41.049,101.049,161.049,170.0,110.0,3.621,6.0,1.0,0.002,0.065,0.14,8435.018233,0.312996,0.0,3938,1410511,1410511,1.0,1724,1724,1.0,119929,0,1,S10|M3_IMBALANCED|24|A|L1|F3,true,false,false,/home/cyfer/FYP/WSN_simulation_V3/runs/S10_5000/outputs_production_50seed_part21_25/run_campaign_v3_S10_M3_IMBALANCED_A_L1_F3_H4_seed024_24_20260603_092724
campaign_v3_S10_M3_IMBALANCED_A_L1_F3_H4_seed025,campaign_v3_S10_M3_IMBALANCED_A_L1_F3_H4_seed025_25_20260603_093052,S10,5000,200,6,M3_IMBALANCED,25,A,L1,F3,H4,V3,map_S10_M3_IMBALANCED_seed025,687923e270312d4744e89dd4ec6d8f22cc8c5d37a4fc890b6003193970c00975,272.924,515.084,190.641,392.381,25,1275,5.6059,0.0952,60.0,40.592,100.592,160.592,170.0,110.0,3.47,6.0,1.0,0.004,0.114,0.039,8440.347721,0.31193,0.0,3952,1410041,1410041,1.0,1697,1697,1.0,119879,0,1,S10|M3_IMBALANCED|25|A|L1|F3,true,false,false,/home/cyfer/FYP/WSN_simulation_V3/runs/S10_5000/outputs_production_50seed_part21_25/run_campaign_v3_S10_M3_IMBALANCED_A_L1_F3_H4_seed025_25_20260603_093052
campaign_v3_S10_M3_IMBALANCED_A_L1_F4_H0_seed021,campaign_v3_S10_M3_IMBALANCED_A_L1_F4_H0_seed021_21_20260603_091536,S10,5000,200,6,M3_IMBALANCED,21,A,L1,F4,H0,V2,map_S10_M3_IMBALANCED_seed021,10dd9692d055e1a6cf35bb5f2b17a5aab85811368735dcd5afb6cc2cbd4c5885,269.564,492.137,193.318,380.096,25,1495,6.1095,0.0928,60.0,-1.0,-1.0,-1.0,-1.0,-1.0,0.0,0.0,0.0,0.0,0.0,0.0,8464.770008,0.307046,0.0,3967,1408380,1408380,1.0,1711,1711,1.0,120060,1,0,S10|M3_IMBALANCED|21|A|L1|F4,false,false,true,/home/cyfer/FYP/WSN_simulation_V3/runs/S10_5000/outputs_production_50seed_part21_25/run_campaign_v3_S10_M3_IMBALANCED_A_L1_F4_H0_seed021_21_20260603_091536
campaign_v3_S10_M3_IMBALANCED_A_L1_F4_H0_seed022,campaign_v3_S10_M3_IMBALANCED_A_L1_F4_H0_seed022_22_20260603_091926,S10,5000,200,6,M3_IMBALANCED,22,A,L1,F4,H0,V2,map_S10_M3_IMBALANCED_seed022,c545d218ebbb7863435993b90917ac4b14ce4d68866c53b228f947d94af8525c,266.827,463.648,194.198,405.634,25,1898,6.8223,0.0924,60.0,-1.0,-1.0,-1.0,-1.0,-1.0,0.0,0.0,0.0,0.0,0.0,0.0,8468.719376,0.306256,0.0,3969,1410495,1410495,1.0,1720,1720,1.0,120015,1,0,S10|M3_IMBALANCED|22|A|L1|F4,false,false,true,/home/cyfer/FYP/WSN_simulation_V3/runs/S10_5000/outputs_production_50seed_part21_25/run_campaign_v3_S10_M3_IMBALANCED_A_L1_F4_H0_seed022_22_20260603_091926
campaign_v3_S10_M3_IMBALANCED_A_L1_F4_H0_seed023,campaign_v3_S10_M3_IMBALANCED_A_L1_F4_H0_seed023_23_20260603_092324,S10,5000,200,6,M3_IMBALANCED,23,A,L1,F4,H0,V2,map_S10_M3_IMBALANCED_seed023,e367f313da26a5133984d38d221a33f416b25690ef772f23b25f5d5b25833be6,271.56,531.637,191.76,397.589,25,1958,6.9645,0.0852,60.0,-1.0,-1.0,-1.0,-1.0,-1.0,0.0,0.0,0.0,0.0,0.0,0.0,8473.31452,0.305337,0.0,3963,1410025,1410025,1.0,1747,1747,1.0,120025,1,0,S10|M3_IMBALANCED|23|A|L1|F4,false,false,true,/home/cyfer/FYP/WSN_simulation_V3/runs/S10_5000/outputs_production_50seed_part21_25/run_campaign_v3_S10_M3_IMBALANCED_A_L1_F4_H0_seed023_23_20260603_092324
campaign_v3_S10_M3_IMBALANCED_A_L1_F4_H0_seed024,campaign_v3_S10_M3_IMBALANCED_A_L1_F4_H0_seed024_24_20260603_092653,S10,5000,200,6,M3_IMBALANCED,24,A,L1,F4,H0,V2,map_S10_M3_IMBALANCED_seed024,d4fcdbab3e21c8a33f88ff2b287a8e6949bdd1852caa2d67aadf3217ab93b930,265.519,487.791,195.253,396.766,25,1557,5.5926,0.088,60.0,-1.0,-1.0,-1.0,-1.0,-1.0,0.0,0.0,0.0,0.0,0.0,0.0,8433.537154,0.313293,0.0,3938,1410025,1410025,1.0,1720,1720,1.0,120025,1,0,S10|M3_IMBALANCED|24|A|L1|F4,false,false,true,/home/cyfer/FYP/WSN_simulation_V3/runs/S10_5000/outputs_production_50seed_part21_25/run_campaign_v3_S10_M3_IMBALANCED_A_L1_F4_H0_seed024_24_20260603_092653
campaign_v3_S10_M3_IMBALANCED_A_L1_F4_H0_seed025,campaign_v3_S10_M3_IMBALANCED_A_L1_F4_H0_seed025_25_20260603_093022,S10,5000,200,6,M3_IMBALANCED,25,A,L1,F4,H0,V2,map_S10_M3_IMBALANCED_seed025,687923e270312d4744e89dd4ec6d8f22cc8c5d37a4fc890b6003193970c00975,272.924,515.084,190.641,392.381,25,1275,5.6059,0.0952,60.0,-1.0,-1.0,-1.0,-1.0,-1.0,0.0,0.0,0.0,0.0,0.0,0.0,8439.654087,0.312069,0.0,3952,1409790,1409790,1.0,1693,1693,1.0,120030,1,0,S10|M3_IMBALANCED|25|A|L1|F4,false,false,true,/home/cyfer/FYP/WSN_simulation_V3/runs/S10_5000/outputs_production_50seed_part21_25/run_campaign_v3_S10_M3_IMBALANCED_A_L1_F4_H0_seed025_25_20260603_093022
campaign_v3_S10_M3_IMBALANCED_A_L1_F4_H1_seed021,campaign_v3_S10_M3_IMBALANCED_A_L1_F4_H1_seed021_21_20260603_091614,S10,5000,200,6,M3_IMBALANCED,21,A,L1,F4,H1,V3,map_S10_M3_IMBALANCED_seed021,10dd9692d055e1a6cf35bb5f2b17a5aab85811368735dcd5afb6cc2cbd4c5885,269.564,492.137,193.318,380.096,25,1495,6.1095,0.0928,60.0,37.878,97.878,157.878,160.0,100.0,4.034,6.0,1.0,0.008,0.273,0.063,8465.497789,0.3069,0.0,3967,1408660,1408660,1.0,1715,1715,1.0,119704,0,1,S10|M3_IMBALANCED|21|A|L1|F4,true,false,false,/home/cyfer/FYP/WSN_simulation_V3/runs/S10_5000/outputs_production_50seed_part21_25/run_campaign_v3_S10_M3_IMBALANCED_A_L1_F4_H1_seed021_21_20260603_091614
campaign_v3_S10_M3_IMBALANCED_A_L1_F4_H1_seed022,campaign_v3_S10_M3_IMBALANCED_A_L1_F4_H1_seed022_22_20260603_092008,S10,5000,200,6,M3_IMBALANCED,22,A,L1,F4,H1,V3,map_S10_M3_IMBALANCED_seed022,c545d218ebbb7863435993b90917ac4b14ce4d68866c53b228f947d94af8525c,266.827,463.648,194.198,405.634,25,1898,6.8223,0.0924,60.0,37.454,97.454,157.454,160.0,100.0,3.721,6.0,1.0,0.002,0.073,0.166,8468.966021,0.306207,0.0,3969,1410577,1410577,1.0,1724,1724,1.0,119929,0,1,S10|M3_IMBALANCED|22|A|L1|F4,true,false,false,/home/cyfer/FYP/WSN_simulation_V3/runs/S10_5000/outputs_production_50seed_part21_25/run_campaign_v3_S10_M3_IMBALANCED_A_L1_F4_H1_seed022_22_20260603_092008
campaign_v3_S10_M3_IMBALANCED_A_L1_F4_H1_seed023,campaign_v3_S10_M3_IMBALANCED_A_L1_F4_H1_seed023_23_20260603_092354,S10,5000,200,6,M3_IMBALANCED,23,A,L1,F4,H1,V3,map_S10_M3_IMBALANCED_seed023,e367f313da26a5133984d38d221a33f416b25690ef772f23b25f5d5b25833be6,271.56,531.637,191.76,397.589,25,1958,6.9645,0.0852,60.0,37.455,97.455,157.455,160.0,100.0,3.755,6.0,1.0,0.003,0.12,0.129,8473.679421,0.305264,0.0,3963,1410151,1410151,1.0,1751,1751,1.0,119879,0,1,S10|M3_IMBALANCED|23|A|L1|F4,true,false,false,/home/cyfer/FYP/WSN_simulation_V3/runs/S10_5000/outputs_production_50seed_part21_25/run_campaign_v3_S10_M3_IMBALANCED_A_L1_F4_H1_seed023_23_20260603_092354
campaign_v3_S10_M3_IMBALANCED_A_L1_F4_H1_seed024,campaign_v3_S10_M3_IMBALANCED_A_L1_F4_H1_seed024_24_20260603_092726,S10,5000,200,6,M3_IMBALANCED,24,A,L1,F4,H1,V3,map_S10_M3_IMBALANCED_seed024,d4fcdbab3e21c8a33f88ff2b287a8e6949bdd1852caa2d67aadf3217ab93b930,265.519,487.791,195.253,396.766,25,1557,5.5926,0.088,60.0,37.195,97.195,157.195,160.0,100.0,3.688,6.0,1.0,0.003,0.117,0.109,8433.866372,0.313227,0.0,3938,1410151,1410151,1.0,1724,1724,1.0,119879,0,1,S10|M3_IMBALANCED|24|A|L1|F4,true,false,false,/home/cyfer/FYP/WSN_simulation_V3/runs/S10_5000/outputs_production_50seed_part21_25/run_campaign_v3_S10_M3_IMBALANCED_A_L1_F4_H1_seed024_24_20260603_092726
campaign_v3_S10_M3_IMBALANCED_A_L1_F4_H1_seed025,campaign_v3_S10_M3_IMBALANCED_A_L1_F4_H1_seed025_25_20260603_093054,S10,5000,200,6,M3_IMBALANCED,25,A,L1,F4,H1,V3,map_S10_M3_IMBALANCED_seed025,687923e270312d4744e89dd4ec6d8f22cc8c5d37a4fc890b6003193970c00975,272.924,515.084,190.641,392.381,25,1275,5.6059,0.0952,60.0,37.387,97.387,157.387,160.0,100.0,3.85,6.0,1.0,0.005,0.139,0.139,8440.04684,0.311991,0.0,3952,1409938,1409938,1.0,1697,1697,1.0,119854,0,1,S10|M3_IMBALANCED|25|A|L1|F4,true,false,false,/home/cyfer/FYP/WSN_simulation_V3/runs/S10_5000/outputs_production_50seed_part21_25/run_campaign_v3_S10_M3_IMBALANCED_A_L1_F4_H1_seed025_25_20260603_093054
campaign_v3_S10_M3_IMBALANCED_A_L1_F4_H3_seed021,campaign_v3_S10_M3_IMBALANCED_A_L1_F4_H3_seed021_21_20260603_091617,S10,5000,200,6,M3_IMBALANCED,21,A,L1,F4,H3,V3,map_S10_M3_IMBALANCED_seed021,10dd9692d055e1a6cf35bb5f2b17a5aab85811368735dcd5afb6cc2cbd4c5885,269.564,492.137,193.318,380.096,25,1495,6.1095,0.0928,60.0,43.984,103.984,163.984,170.0,110.0,4.034,6.0,1.0,0.008,0.273,0.063,8465.136523,0.306973,0.0,3967,1408492,1408492,1.0,1715,1715,1.0,119704,0,1,S10|M3_IMBALANCED|21|A|L1|F4,true,false,false,/home/cyfer/FYP/WSN_simulation_V3/runs/S10_5000/outputs_production_50seed_part21_25/run_campaign_v3_S10_M3_IMBALANCED_A_L1_F4_H3_seed021_21_20260603_091617
campaign_v3_S10_M3_IMBALANCED_A_L1_F4_H3_seed022,campaign_v3_S10_M3_IMBALANCED_A_L1_F4_H3_seed022_22_20260603_092011,S10,5000,200,6,M3_IMBALANCED,22,A,L1,F4,H3,V3,map_S10_M3_IMBALANCED_seed022,c545d218ebbb7863435993b90917ac4b14ce4d68866c53b228f947d94af8525c,266.827,463.648,194.198,405.634,25,1898,6.8223,0.0924,60.0,43.268,103.268,163.268,170.0,110.0,3.721,6.0,1.0,0.002,0.073,0.166,8468.884104,0.306223,0.0,3969,1410543,1410543,1.0,1724,1724,1.0,119929,0,1,S10|M3_IMBALANCED|22|A|L1|F4,true,false,false,/home/cyfer/FYP/WSN_simulation_V3/runs/S10_5000/outputs_production_50seed_part21_25/run_campaign_v3_S10_M3_IMBALANCED_A_L1_F4_H3_seed022_22_20260603_092011
campaign_v3_S10_M3_IMBALANCED_A_L1_F4_H3_seed023,campaign_v3_S10_M3_IMBALANCED_A_L1_F4_H3_seed023_23_20260603_092357,S10,5000,200,6,M3_IMBALANCED,23,A,L1,F4,H3,V3,map_S10_M3_IMBALANCED_seed023,e367f313da26a5133984d38d221a33f416b25690ef772f23b25f5d5b25833be6,271.56,531.637,191.76,397.589,25,1958,6.9645,0.0852,60.0,43.316,103.316,163.316,170.0,110.0,3.755,6.0,1.0,0.003,0.12,0.129,8473.521895,0.305296,0.0,3963,1410089,1410089,1.0,1751,1751,1.0,119879,0,1,S10|M3_IMBALANCED|23|A|L1|F4,true,false,false,/home/cyfer/FYP/WSN_simulation_V3/runs/S10_5000/outputs_production_50seed_part21_25/run_campaign_v3_S10_M3_IMBALANCED_A_L1_F4_H3_seed023_23_20260603_092357
campaign_v3_S10_M3_IMBALANCED_A_L1_F4_H3_seed024,campaign_v3_S10_M3_IMBALANCED_A_L1_F4_H3_seed024_24_20260603_092728,S10,5000,200,6,M3_IMBALANCED,24,A,L1,F4,H3,V3,map_S10_M3_IMBALANCED_seed024,d4fcdbab3e21c8a33f88ff2b287a8e6949bdd1852caa2d67aadf3217ab93b930,265.519,487.791,195.253,396.766,25,1557,5.5926,0.088,60.0,42.994,102.994,162.994,170.0,110.0,3.688,6.0,1.0,0.003,0.117,0.109,8433.752594,0.313249,0.0,3938,1410092,1410092,1.0,1724,1724,1.0,119879,0,1,S10|M3_IMBALANCED|24|A|L1|F4,true,false,false,/home/cyfer/FYP/WSN_simulation_V3/runs/S10_5000/outputs_production_50seed_part21_25/run_campaign_v3_S10_M3_IMBALANCED_A_L1_F4_H3_seed024_24_20260603_092728
campaign_v3_S10_M3_IMBALANCED_A_L1_F4_H3_seed025,campaign_v3_S10_M3_IMBALANCED_A_L1_F4_H3_seed025_25_20260603_093057,S10,5000,200,6,M3_IMBALANCED,25,A,L1,F4,H3,V3,map_S10_M3_IMBALANCED_seed025,687923e270312d4744e89dd4ec6d8f22cc8c5d37a4fc890b6003193970c00975,272.924,515.084,190.641,392.381,25,1275,5.6059,0.0952,60.0,43.021,103.021,163.021,170.0,110.0,3.85,6.0,1.0,0.005,0.139,0.139,8439.834139,0.312033,0.0,3952,1409854,1409854,1.0,1697,1697,1.0,119854,0,1,S10|M3_IMBALANCED|25|A|L1|F4,true,false,false,/home/cyfer/FYP/WSN_simulation_V3/runs/S10_5000/outputs_production_50seed_part21_25/run_campaign_v3_S10_M3_IMBALANCED_A_L1_F4_H3_seed025_25_20260603_093057
campaign_v3_S10_M3_IMBALANCED_A_L1_F4_H4_seed021,campaign_v3_S10_M3_IMBALANCED_A_L1_F4_H4_seed021_21_20260603_091620,S10,5000,200,6,M3_IMBALANCED,21,A,L1,F4,H4,V3,map_S10_M3_IMBALANCED_seed021,10dd9692d055e1a6cf35bb5f2b17a5aab85811368735dcd5afb6cc2cbd4c5885,269.564,492.137,193.318,380.096,25,1495,6.1095,0.0928,60.0,47.043,107.043,167.043,170.0,110.0,4.034,6.0,1.0,0.008,0.273,0.063,8463.845881,0.307231,0.0,3967,1407921,1407921,1.0,1715,1715,1.0,119583,0,1,S10|M3_IMBALANCED|21|A|L1|F4,true,false,false,/home/cyfer/FYP/WSN_simulation_V3/runs/S10_5000/outputs_production_50seed_part21_25/run_campaign_v3_S10_M3_IMBALANCED_A_L1_F4_H4_seed021_21_20260603_091620
campaign_v3_S10_M3_IMBALANCED_A_L1_F4_H4_seed022,campaign_v3_S10_M3_IMBALANCED_A_L1_F4_H4_seed022_22_20260603_092013,S10,5000,200,6,M3_IMBALANCED,22,A,L1,F4,H4,V3,map_S10_M3_IMBALANCED_seed022,c545d218ebbb7863435993b90917ac4b14ce4d68866c53b228f947d94af8525c,266.827,463.648,194.198,405.634,25,1898,6.8223,0.0924,60.0,47.116,107.116,167.116,170.0,110.0,3.721,6.0,1.0,0.002,0.073,0.166,8468.426047,0.306315,0.0,3969,1410309,1410309,1.0,1724,1724,1.0,119883,0,1,S10|M3_IMBALANCED|22|A|L1|F4,true,false,false,/home/cyfer/FYP/WSN_simulation_V3/runs/S10_5000/outputs_production_50seed_part21_25/run_campaign_v3_S10_M3_IMBALANCED_A_L1_F4_H4_seed022_22_20260603_092013
campaign_v3_S10_M3_IMBALANCED_A_L1_F4_H4_seed023,campaign_v3_S10_M3_IMBALANCED_A_L1_F4_H4_seed023_23_20260603_092359,S10,5000,200,6,M3_IMBALANCED,23,A,L1,F4,H4,V3,map_S10_M3_IMBALANCED_seed023,e367f313da26a5133984d38d221a33f416b25690ef772f23b25f5d5b25833be6,271.56,531.637,191.76,397.589,25,1958,6.9645,0.0852,60.0,46.894,106.894,166.894,170.0,110.0,3.755,6.0,1.0,0.003,0.12,0.129,8472.309308,0.305538,0.0,3963,1409482,1409482,1.0,1751,1751,1.0,119758,0,1,S10|M3_IMBALANCED|23|A|L1|F4,true,false,false,/home/cyfer/FYP/WSN_simulation_V3/runs/S10_5000/outputs_production_50seed_part21_25/run_campaign_v3_S10_M3_IMBALANCED_A_L1_F4_H4_seed023_23_20260603_092359
campaign_v3_S10_M3_IMBALANCED_A_L1_F4_H4_seed024,campaign_v3_S10_M3_IMBALANCED_A_L1_F4_H4_seed024_24_20260603_092730,S10,5000,200,6,M3_IMBALANCED,24,A,L1,F4,H4,V3,map_S10_M3_IMBALANCED_seed024,d4fcdbab3e21c8a33f88ff2b287a8e6949bdd1852caa2d67aadf3217ab93b930,265.519,487.791,195.253,396.766,25,1557,5.5926,0.088,60.0,47.244,107.244,167.244,170.0,110.0,3.688,6.0,1.0,0.003,0.117,0.109,8432.195858,0.313561,0.0,3938,1409355,1409355,1.0,1724,1724,1.0,119733,0,1,S10|M3_IMBALANCED|24|A|L1|F4,true,false,false,/home/cyfer/FYP/WSN_simulation_V3/runs/S10_5000/outputs_production_50seed_part21_25/run_campaign_v3_S10_M3_IMBALANCED_A_L1_F4_H4_seed024_24_20260603_092730
campaign_v3_S10_M3_IMBALANCED_A_L1_F4_H4_seed025,campaign_v3_S10_M3_IMBALANCED_A_L1_F4_H4_seed025_25_20260603_093059,S10,5000,200,6,M3_IMBALANCED,25,A,L1,F4,H4,V3,map_S10_M3_IMBALANCED_seed025,687923e270312d4744e89dd4ec6d8f22cc8c5d37a4fc890b6003193970c00975,272.924,515.084,190.641,392.381,25,1275,5.6059,0.0952,60.0,47.038,107.038,167.038,170.0,110.0,3.85,6.0,1.0,0.005,0.139,0.139,8439.400387,0.31212,0.0,3952,1409640,1409640,1.0,1697,1697,1.0,119808,0,1,S10|M3_IMBALANCED|25|A|L1|F4,true,false,false,/home/cyfer/FYP/WSN_simulation_V3/runs/S10_5000/outputs_production_50seed_part21_25/run_campaign_v3_S10_M3_IMBALANCED_A_L1_F4_H4_seed025_25_20260603_093059
campaign_v3_S10_M3_IMBALANCED_A_L2_F0_H0_seed021,campaign_v3_S10_M3_IMBALANCED_A_L2_F0_H0_seed021_21_20260603_091623,S10,5000,200,6,M3_IMBALANCED,21,A,L2,F0,H0,V1,map_S10_M3_IMBALANCED_seed021,10dd9692d055e1a6cf35bb5f2b17a5aab85811368735dcd5afb6cc2cbd4c5885,269.564,492.137,193.318,380.096,25,1495,6.1095,0.0928,0.0,-1.0,-1.0,-1.0,-1.0,-1.0,0.0,0.0,0.0,0.0,0.0,0.0,8715.063391,0.256987,0.0,4001,1411200,1411200,1.0,1719,1719,1.0,120000,0,0,S10|M3_IMBALANCED|21|A|L2|F0,false,true,false,/home/cyfer/FYP/WSN_simulation_V3/runs/S10_5000/outputs_production_50seed_part21_25/run_campaign_v3_S10_M3_IMBALANCED_A_L2_F0_H0_seed021_21_20260603_091623
campaign_v3_S10_M3_IMBALANCED_A_L2_F0_H0_seed022,campaign_v3_S10_M3_IMBALANCED_A_L2_F0_H0_seed022_22_20260603_092015,S10,5000,200,6,M3_IMBALANCED,22,A,L2,F0,H0,V1,map_S10_M3_IMBALANCED_seed022,c545d218ebbb7863435993b90917ac4b14ce4d68866c53b228f947d94af8525c,266.827,463.648,194.198,405.634,25,1898,6.8223,0.0924,0.0,-1.0,-1.0,-1.0,-1.0,-1.0,0.0,0.0,0.0,0.0,0.0,0.0,8714.287275,0.257143,0.0,3997,1411200,1411200,1.0,1728,1728,1.0,120000,0,0,S10|M3_IMBALANCED|22|A|L2|F0,false,true,false,/home/cyfer/FYP/WSN_simulation_V3/runs/S10_5000/outputs_production_50seed_part21_25/run_campaign_v3_S10_M3_IMBALANCED_A_L2_F0_H0_seed022_22_20260603_092015
campaign_v3_S10_M3_IMBALANCED_A_L2_F0_H0_seed023,campaign_v3_S10_M3_IMBALANCED_A_L2_F0_H0_seed023_23_20260603_092402,S10,5000,200,6,M3_IMBALANCED,23,A,L2,F0,H0,V1,map_S10_M3_IMBALANCED_seed023,e367f313da26a5133984d38d221a33f416b25690ef772f23b25f5d5b25833be6,271.56,531.637,191.76,397.589,25,1958,6.9645,0.0852,0.0,-1.0,-1.0,-1.0,-1.0,-1.0,0.0,0.0,0.0,0.0,0.0,0.0,8725.722559,0.254855,0.0,4003,1411200,1411200,1.0,1755,1755,1.0,120000,0,0,S10|M3_IMBALANCED|23|A|L2|F0,false,true,false,/home/cyfer/FYP/WSN_simulation_V3/runs/S10_5000/outputs_production_50seed_part21_25/run_campaign_v3_S10_M3_IMBALANCED_A_L2_F0_H0_seed023_23_20260603_092402
campaign_v3_S10_M3_IMBALANCED_A_L2_F0_H0_seed024,campaign_v3_S10_M3_IMBALANCED_A_L2_F0_H0_seed024_24_20260603_092733,S10,5000,200,6,M3_IMBALANCED,24,A,L2,F0,H0,V1,map_S10_M3_IMBALANCED_seed024,d4fcdbab3e21c8a33f88ff2b287a8e6949bdd1852caa2d67aadf3217ab93b930,265.519,487.791,195.253,396.766,25,1557,5.5926,0.088,0.0,-1.0,-1.0,-1.0,-1.0,-1.0,0.0,0.0,0.0,0.0,0.0,0.0,8693.254858,0.261349,0.0,3977,1411200,1411200,1.0,1728,1728,1.0,120000,0,0,S10|M3_IMBALANCED|24|A|L2|F0,false,true,false,/home/cyfer/FYP/WSN_simulation_V3/runs/S10_5000/outputs_production_50seed_part21_25/run_campaign_v3_S10_M3_IMBALANCED_A_L2_F0_H0_seed024_24_20260603_092733
campaign_v3_S10_M3_IMBALANCED_A_L2_F0_H0_seed025,campaign_v3_S10_M3_IMBALANCED_A_L2_F0_H0_seed025_25_20260603_093101,S10,5000,200,6,M3_IMBALANCED,25,A,L2,F0,H0,V1,map_S10_M3_IMBALANCED_seed025,687923e270312d4744e89dd4ec6d8f22cc8c5d37a4fc890b6003193970c00975,272.924,515.084,190.641,392.381,25,1275,5.6059,0.0952,0.0,-1.0,-1.0,-1.0,-1.0,-1.0,0.0,0.0,0.0,0.0,0.0,0.0,8692.735766,0.261453,0.0,3976,1411200,1411200,1.0,1701,1701,1.0,120000,0,0,S10|M3_IMBALANCED|25|A|L2|F0,false,true,false,/home/cyfer/FYP/WSN_simulation_V3/runs/S10_5000/outputs_production_50seed_part21_25/run_campaign_v3_S10_M3_IMBALANCED_A_L2_F0_H0_seed025_25_20260603_093101
campaign_v3_S10_M3_IMBALANCED_A_L2_F1_H0_seed021,campaign_v3_S10_M3_IMBALANCED_A_L2_F1_H0_seed021_21_20260603_091626,S10,5000,200,6,M3_IMBALANCED,21,A,L2,F1,H0,V2,map_S10_M3_IMBALANCED_seed021,10dd9692d055e1a6cf35bb5f2b17a5aab85811368735dcd5afb6cc2cbd4c5885,269.564,492.137,193.318,380.096,25,1495,6.1095,0.0928,60.0,-1.0,-1.0,-1.0,-1.0,-1.0,0.0,0.0,0.0,0.0,0.0,0.0,8707.239287,0.258262,0.0,4001,1408380,1408380,1.0,1711,1711,1.0,120060,1,0,S10|M3_IMBALANCED|21|A|L2|F1,false,false,true,/home/cyfer/FYP/WSN_simulation_V3/runs/S10_5000/outputs_production_50seed_part21_25/run_campaign_v3_S10_M3_IMBALANCED_A_L2_F1_H0_seed021_21_20260603_091626
campaign_v3_S10_M3_IMBALANCED_A_L2_F1_H0_seed022,campaign_v3_S10_M3_IMBALANCED_A_L2_F1_H0_seed022_22_20260603_092017,S10,5000,200,6,M3_IMBALANCED,22,A,L2,F1,H0,V2,map_S10_M3_IMBALANCED_seed022,c545d218ebbb7863435993b90917ac4b14ce4d68866c53b228f947d94af8525c,266.827,463.648,194.198,405.634,25,1898,6.8223,0.0924,60.0,-1.0,-1.0,-1.0,-1.0,-1.0,0.0,0.0,0.0,0.0,0.0,0.0,8711.988707,0.257231,0.0,3998,1410495,1410495,1.0,1720,1720,1.0,120015,1,0,S10|M3_IMBALANCED|22|A|L2|F1,false,false,true,/home/cyfer/FYP/WSN_simulation_V3/runs/S10_5000/outputs_production_50seed_part21_25/run_campaign_v3_S10_M3_IMBALANCED_A_L2_F1_H0_seed022_22_20260603_092017
campaign_v3_S10_M3_IMBALANCED_A_L2_F1_H0_seed023,campaign_v3_S10_M3_IMBALANCED_A_L2_F1_H0_seed023_23_20260603_092404,S10,5000,200,6,M3_IMBALANCED,23,A,L2,F1,H0,V2,map_S10_M3_IMBALANCED_seed023,e367f313da26a5133984d38d221a33f416b25690ef772f23b25f5d5b25833be6,271.56,531.637,191.76,397.589,25,1958,6.9645,0.0852,60.0,-1.0,-1.0,-1.0,-1.0,-1.0,0.0,0.0,0.0,0.0,0.0,0.0,8721.79322,0.255289,0.0,4004,1410025,1410025,1.0,1747,1747,1.0,120025,1,0,S10|M3_IMBALANCED|23|A|L2|F1,false,false,true,/home/cyfer/FYP/WSN_simulation_V3/runs/S10_5000/outputs_production_50seed_part21_25/run_campaign_v3_S10_M3_IMBALANCED_A_L2_F1_H0_seed023_23_20260603_092404
campaign_v3_S10_M3_IMBALANCED_A_L2_F1_H0_seed024,campaign_v3_S10_M3_IMBALANCED_A_L2_F1_H0_seed024_24_20260603_092735,S10,5000,200,6,M3_IMBALANCED,24,A,L2,F1,H0,V2,map_S10_M3_IMBALANCED_seed024,d4fcdbab3e21c8a33f88ff2b287a8e6949bdd1852caa2d67aadf3217ab93b930,265.519,487.791,195.253,396.766,25,1557,5.5926,0.088,60.0,-1.0,-1.0,-1.0,-1.0,-1.0,0.0,0.0,0.0,0.0,0.0,0.0,8689.439306,0.261759,0.0,3978,1410025,1410025,1.0,1720,1720,1.0,120025,1,0,S10|M3_IMBALANCED|24|A|L2|F1,false,false,true,/home/cyfer/FYP/WSN_simulation_V3/runs/S10_5000/outputs_production_50seed_part21_25/run_campaign_v3_S10_M3_IMBALANCED_A_L2_F1_H0_seed024_24_20260603_092735
campaign_v3_S10_M3_IMBALANCED_A_L2_F1_H0_seed025,campaign_v3_S10_M3_IMBALANCED_A_L2_F1_H0_seed025_25_20260603_093104,S10,5000,200,6,M3_IMBALANCED,25,A,L2,F1,H0,V2,map_S10_M3_IMBALANCED_seed025,687923e270312d4744e89dd4ec6d8f22cc8c5d37a4fc890b6003193970c00975,272.924,515.084,190.641,392.381,25,1275,5.6059,0.0952,60.0,-1.0,-1.0,-1.0,-1.0,-1.0,0.0,0.0,0.0,0.0,0.0,0.0,8688.285753,0.261999,0.0,3977,1409790,1409790,1.0,1693,1693,1.0,120030,1,0,S10|M3_IMBALANCED|25|A|L2|F1,false,false,true,/home/cyfer/FYP/WSN_simulation_V3/runs/S10_5000/outputs_production_50seed_part21_25/run_campaign_v3_S10_M3_IMBALANCED_A_L2_F1_H0_seed025_25_20260603_093104
campaign_v3_S10_M3_IMBALANCED_A_L2_F1_H1_seed021,campaign_v3_S10_M3_IMBALANCED_A_L2_F1_H1_seed021_21_20260603_091641,S10,5000,200,6,M3_IMBALANCED,21,A,L2,F1,H1,V3,map_S10_M3_IMBALANCED_seed021,10dd9692d055e1a6cf35bb5f2b17a5aab85811368735dcd5afb6cc2cbd4c5885,269.564,492.137,193.318,380.096,25,1495,6.1095,0.0928,60.0,22.137,82.137,142.137,150.0,90.0,6.214,6.0,1.0,0.008,1.0,0.063,8713.010317,0.257107,0.0,4002,1410204,1410204,1.0,1716,1716,1.0,120000,0,1,S10|M3_IMBALANCED|21|A|L2|F1,true,false,false,/home/cyfer/FYP/WSN_simulation_V3/runs/S10_5000/outputs_production_50seed_part21_25/run_campaign_v3_S10_M3_IMBALANCED_A_L2_F1_H1_seed021_21_20260603_091641
campaign_v3_S10_M3_IMBALANCED_A_L2_F1_H1_seed022,campaign_v3_S10_M3_IMBALANCED_A_L2_F1_H1_seed022_22_20260603_092033,S10,5000,200,6,M3_IMBALANCED,22,A,L2,F1,H1,V3,map_S10_M3_IMBALANCED_seed022,c545d218ebbb7863435993b90917ac4b14ce4d68866c53b228f947d94af8525c,266.827,463.648,194.198,405.634,25,1898,6.8223,0.0924,60.0,21.76,81.76,141.76,150.0,90.0,6.503,6.0,1.0,0.002,1.0,0.166,8713.481387,0.256933,0.0,3998,1410954,1410954,1.0,1725,1725,1.0,120000,0,1,S10|M3_IMBALANCED|22|A|L2|F1,true,false,false,/home/cyfer/FYP/WSN_simulation_V3/runs/S10_5000/outputs_production_50seed_part21_25/run_campaign_v3_S10_M3_IMBALANCED_A_L2_F1_H1_seed022_22_20260603_092033
campaign_v3_S10_M3_IMBALANCED_A_L2_F1_H1_seed023,campaign_v3_S10_M3_IMBALANCED_A_L2_F1_H1_seed023_23_20260603_092417,S10,5000,200,6,M3_IMBALANCED,23,A,L2,F1,H1,V3,map_S10_M3_IMBALANCED_seed023,e367f313da26a5133984d38d221a33f416b25690ef772f23b25f5d5b25833be6,271.56,531.637,191.76,397.589,25,1958,6.9645,0.0852,60.0,21.404,81.404,141.404,150.0,90.0,6.396,6.0,1.0,0.003,1.0,0.129,8724.366887,0.254775,0.0,4004,1410790,1410790,1.0,1752,1752,1.0,120000,0,1,S10|M3_IMBALANCED|23|A|L2|F1,true,false,false,/home/cyfer/FYP/WSN_simulation_V3/runs/S10_5000/outputs_production_50seed_part21_25/run_campaign_v3_S10_M3_IMBALANCED_A_L2_F1_H1_seed023_23_20260603_092417
campaign_v3_S10_M3_IMBALANCED_A_L2_F1_H1_seed024,campaign_v3_S10_M3_IMBALANCED_A_L2_F1_H1_seed024_24_20260603_092748,S10,5000,200,6,M3_IMBALANCED,24,A,L2,F1,H1,V3,map_S10_M3_IMBALANCED_seed024,d4fcdbab3e21c8a33f88ff2b287a8e6949bdd1852caa2d67aadf3217ab93b930,265.519,487.791,195.253,396.766,25,1557,5.5926,0.088,60.0,22.229,82.229,142.229,150.0,90.0,6.335,6.0,1.0,0.003,1.0,0.109,8691.746374,0.261298,0.0,3978,1410785,1410785,1.0,1725,1725,1.0,120000,0,1,S10|M3_IMBALANCED|24|A|L2|F1,true,false,false,/home/cyfer/FYP/WSN_simulation_V3/runs/S10_5000/outputs_production_50seed_part21_25/run_campaign_v3_S10_M3_IMBALANCED_A_L2_F1_H1_seed024_24_20260603_092748
campaign_v3_S10_M3_IMBALANCED_A_L2_F1_H1_seed025,campaign_v3_S10_M3_IMBALANCED_A_L2_F1_H1_seed025_25_20260603_093117,S10,5000,200,6,M3_IMBALANCED,25,A,L2,F1,H1,V3,map_S10_M3_IMBALANCED_seed025,687923e270312d4744e89dd4ec6d8f22cc8c5d37a4fc890b6003193970c00975,272.924,515.084,190.641,392.381,25,1275,5.6059,0.0952,60.0,22.329,82.329,142.329,150.0,90.0,6.432,6.0,1.0,0.005,1.0,0.139,8691.087847,0.261438,0.0,3977,1410702,1410702,1.0,1698,1698,1.0,120000,0,1,S10|M3_IMBALANCED|25|A|L2|F1,true,false,false,/home/cyfer/FYP/WSN_simulation_V3/runs/S10_5000/outputs_production_50seed_part21_25/run_campaign_v3_S10_M3_IMBALANCED_A_L2_F1_H1_seed025_25_20260603_093117
campaign_v3_S10_M3_IMBALANCED_A_L2_F1_H3_seed021,campaign_v3_S10_M3_IMBALANCED_A_L2_F1_H3_seed021_21_20260603_091647,S10,5000,200,6,M3_IMBALANCED,21,A,L2,F1,H3,V3,map_S10_M3_IMBALANCED_seed021,10dd9692d055e1a6cf35bb5f2b17a5aab85811368735dcd5afb6cc2cbd4c5885,269.564,492.137,193.318,380.096,25,1495,6.1095,0.0928,60.0,27.441,87.441,147.441,150.0,90.0,6.214,6.0,1.0,0.008,1.0,0.063,8710.329414,0.257643,0.0,4001,1409262,1409262,1.0,1716,1716,1.0,119850,0,1,S10|M3_IMBALANCED|21|A|L2|F1,true,false,false,/home/cyfer/FYP/WSN_simulation_V3/runs/S10_5000/outputs_production_50seed_part21_25/run_campaign_v3_S10_M3_IMBALANCED_A_L2_F1_H3_seed021_21_20260603_091647
campaign_v3_S10_M3_IMBALANCED_A_L2_F1_H3_seed022,campaign_v3_S10_M3_IMBALANCED_A_L2_F1_H3_seed022_22_20260603_092038,S10,5000,200,6,M3_IMBALANCED,22,A,L2,F1,H3,V3,map_S10_M3_IMBALANCED_seed022,c545d218ebbb7863435993b90917ac4b14ce4d68866c53b228f947d94af8525c,266.827,463.648,194.198,405.634,25,1898,6.8223,0.0924,60.0,27.632,87.632,147.632,150.0,90.0,6.503,6.0,1.0,0.002,1.0,0.166,8712.955278,0.257038,0.0,3998,1410789,1410789,1.0,1725,1725,1.0,119975,0,1,S10|M3_IMBALANCED|22|A|L2|F1,true,false,false,/home/cyfer/FYP/WSN_simulation_V3/runs/S10_5000/outputs_production_50seed_part21_25/run_campaign_v3_S10_M3_IMBALANCED_A_L2_F1_H3_seed022_22_20260603_092038
campaign_v3_S10_M3_IMBALANCED_A_L2_F1_H3_seed023,campaign_v3_S10_M3_IMBALANCED_A_L2_F1_H3_seed023_23_20260603_092422,S10,5000,200,6,M3_IMBALANCED,23,A,L2,F1,H3,V3,map_S10_M3_IMBALANCED_seed023,e367f313da26a5133984d38d221a33f416b25690ef772f23b25f5d5b25833be6,271.56,531.637,191.76,397.589,25,1958,6.9645,0.0852,60.0,27.523,87.523,147.523,150.0,90.0,6.396,6.0,1.0,0.003,1.0,0.129,8723.256161,0.254997,0.0,4004,1410466,1410466,1.0,1752,1752,1.0,119950,0,1,S10|M3_IMBALANCED|23|A|L2|F1,true,false,false,/home/cyfer/FYP/WSN_simulation_V3/runs/S10_5000/outputs_production_50seed_part21_25/run_campaign_v3_S10_M3_IMBALANCED_A_L2_F1_H3_seed023_23_20260603_092422
campaign_v3_S10_M3_IMBALANCED_A_L2_F1_H3_seed024,campaign_v3_S10_M3_IMBALANCED_A_L2_F1_H3_seed024_24_20260603_092753,S10,5000,200,6,M3_IMBALANCED,24,A,L2,F1,H3,V3,map_S10_M3_IMBALANCED_seed024,d4fcdbab3e21c8a33f88ff2b287a8e6949bdd1852caa2d67aadf3217ab93b930,265.519,487.791,195.253,396.766,25,1557,5.5926,0.088,60.0,27.833,87.833,147.833,150.0,90.0,6.335,6.0,1.0,0.003,1.0,0.109,8690.92678,0.261462,0.0,3978,1410466,1410466,1.0,1725,1725,1.0,119950,0,1,S10|M3_IMBALANCED|24|A|L2|F1,true,false,false,/home/cyfer/FYP/WSN_simulation_V3/runs/S10_5000/outputs_production_50seed_part21_25/run_campaign_v3_S10_M3_IMBALANCED_A_L2_F1_H3_seed024_24_20260603_092753
campaign_v3_S10_M3_IMBALANCED_A_L2_F1_H3_seed025,campaign_v3_S10_M3_IMBALANCED_A_L2_F1_H3_seed025_25_20260603_093122,S10,5000,200,6,M3_IMBALANCED,25,A,L2,F1,H3,V3,map_S10_M3_IMBALANCED_seed025,687923e270312d4744e89dd4ec6d8f22cc8c5d37a4fc890b6003193970c00975,272.924,515.084,190.641,392.381,25,1275,5.6059,0.0952,60.0,27.751,87.751,147.751,150.0,90.0,6.432,6.0,1.0,0.005,1.0,0.139,8689.377955,0.26178,0.0,3977,1410231,1410231,1.0,1698,1698,1.0,119925,0,1,S10|M3_IMBALANCED|25|A|L2|F1,true,false,false,/home/cyfer/FYP/WSN_simulation_V3/runs/S10_5000/outputs_production_50seed_part21_25/run_campaign_v3_S10_M3_IMBALANCED_A_L2_F1_H3_seed025_25_20260603_093122
campaign_v3_S10_M3_IMBALANCED_A_L2_F1_H4_seed021,campaign_v3_S10_M3_IMBALANCED_A_L2_F1_H4_seed021_21_20260603_091655,S10,5000,200,6,M3_IMBALANCED,21,A,L2,F1,H4,V3,map_S10_M3_IMBALANCED_seed021,10dd9692d055e1a6cf35bb5f2b17a5aab85811368735dcd5afb6cc2cbd4c5885,269.564,492.137,193.318,380.096,25,1495,6.1095,0.0928,60.0,31.618,91.618,151.618,160.0,100.0,6.214,6.0,1.0,0.008,1.0,0.063,8710.519954,0.257605,0.0,4002,1409397,1409397,1.0,1715,1715,1.0,119879,0,1,S10|M3_IMBALANCED|21|A|L2|F1,true,false,false,/home/cyfer/FYP/WSN_simulation_V3/runs/S10_5000/outputs_production_50seed_part21_25/run_campaign_v3_S10_M3_IMBALANCED_A_L2_F1_H4_seed021_21_20260603_091655
campaign_v3_S10_M3_IMBALANCED_A_L2_F1_H4_seed022,campaign_v3_S10_M3_IMBALANCED_A_L2_F1_H4_seed022_22_20260603_092043,S10,5000,200,6,M3_IMBALANCED,22,A,L2,F1,H4,V3,map_S10_M3_IMBALANCED_seed022,c545d218ebbb7863435993b90917ac4b14ce4d68866c53b228f947d94af8525c,266.827,463.648,194.198,405.634,25,1898,6.8223,0.0924,60.0,31.615,91.615,151.615,160.0,100.0,6.503,6.0,1.0,0.002,1.0,0.166,8712.645238,0.2571,0.0,3998,1410654,1410654,1.0,1724,1724,1.0,119954,0,1,S10|M3_IMBALANCED|22|A|L2|F1,true,false,false,/home/cyfer/FYP/WSN_simulation_V3/runs/S10_5000/outputs_production_50seed_part21_25/run_campaign_v3_S10_M3_IMBALANCED_A_L2_F1_H4_seed022_22_20260603_092043
campaign_v3_S10_M3_IMBALANCED_A_L2_F1_H4_seed023,campaign_v3_S10_M3_IMBALANCED_A_L2_F1_H4_seed023_23_20260603_092427,S10,5000,200,6,M3_IMBALANCED,23,A,L2,F1,H4,V3,map_S10_M3_IMBALANCED_seed023,e367f313da26a5133984d38d221a33f416b25690ef772f23b25f5d5b25833be6,271.56,531.637,191.76,397.589,25,1958,6.9645,0.0852,60.0,31.975,91.975,151.975,160.0,100.0,6.396,6.0,1.0,0.003,1.0,0.129,8722.255847,0.255197,0.0,4004,1410041,1410041,1.0,1751,1751,1.0,119879,0,1,S10|M3_IMBALANCED|23|A|L2|F1,true,false,false,/home/cyfer/FYP/WSN_simulation_V3/runs/S10_5000/outputs_production_50seed_part21_25/run_campaign_v3_S10_M3_IMBALANCED_A_L2_F1_H4_seed023_23_20260603_092427
campaign_v3_S10_M3_IMBALANCED_A_L2_F1_H4_seed024,campaign_v3_S10_M3_IMBALANCED_A_L2_F1_H4_seed024_24_20260603_092758,S10,5000,200,6,M3_IMBALANCED,24,A,L2,F1,H4,V3,map_S10_M3_IMBALANCED_seed024,d4fcdbab3e21c8a33f88ff2b287a8e6949bdd1852caa2d67aadf3217ab93b930,265.519,487.791,195.253,396.766,25,1557,5.5926,0.088,60.0,32.237,92.237,152.237,160.0,100.0,6.335,6.0,1.0,0.003,1.0,0.109,8689.18844,0.261809,0.0,3978,1409899,1409899,1.0,1724,1724,1.0,119854,0,1,S10|M3_IMBALANCED|24|A|L2|F1,true,false,false,/home/cyfer/FYP/WSN_simulation_V3/runs/S10_5000/outputs_production_50seed_part21_25/run_campaign_v3_S10_M3_IMBALANCED_A_L2_F1_H4_seed024_24_20260603_092758
campaign_v3_S10_M3_IMBALANCED_A_L2_F1_H4_seed025,campaign_v3_S10_M3_IMBALANCED_A_L2_F1_H4_seed025_25_20260603_093127,S10,5000,200,6,M3_IMBALANCED,25,A,L2,F1,H4,V3,map_S10_M3_IMBALANCED_seed025,687923e270312d4744e89dd4ec6d8f22cc8c5d37a4fc890b6003193970c00975,272.924,515.084,190.641,392.381,25,1275,5.6059,0.0952,60.0,31.978,91.978,151.978,160.0,100.0,6.432,6.0,1.0,0.005,1.0,0.139,8690.112202,0.261633,0.0,3977,1410378,1410378,1.0,1697,1697,1.0,119954,0,1,S10|M3_IMBALANCED|25|A|L2|F1,true,false,false,/home/cyfer/FYP/WSN_simulation_V3/runs/S10_5000/outputs_production_50seed_part21_25/run_campaign_v3_S10_M3_IMBALANCED_A_L2_F1_H4_seed025_25_20260603_093127
campaign_v3_S10_M3_IMBALANCED_A_L2_F2_H0_seed021,campaign_v3_S10_M3_IMBALANCED_A_L2_F2_H0_seed021_21_20260603_091632,S10,5000,200,6,M3_IMBALANCED,21,A,L2,F2,H0,V2,map_S10_M3_IMBALANCED_seed021,10dd9692d055e1a6cf35bb5f2b17a5aab85811368735dcd5afb6cc2cbd4c5885,269.564,492.137,193.318,380.096,25,1495,6.1095,0.0928,60.0,-1.0,-1.0,-1.0,-1.0,-1.0,0.0,0.0,0.0,0.0,0.0,0.0,8711.368066,0.257726,0.0,4001,1410025,1410025,1.0,1711,1711,1.0,120025,1,0,S10|M3_IMBALANCED|21|A|L2|F2,false,false,true,/home/cyfer/FYP/WSN_simulation_V3/runs/S10_5000/outputs_production_50seed_part21_25/run_campaign_v3_S10_M3_IMBALANCED_A_L2_F2_H0_seed021_21_20260603_091632
campaign_v3_S10_M3_IMBALANCED_A_L2_F2_H0_seed022,campaign_v3_S10_M3_IMBALANCED_A_L2_F2_H0_seed022_22_20260603_092023,S10,5000,200,6,M3_IMBALANCED,22,A,L2,F2,H0,V2,map_S10_M3_IMBALANCED_seed022,c545d218ebbb7863435993b90917ac4b14ce4d68866c53b228f947d94af8525c,266.827,463.648,194.198,405.634,25,1898,6.8223,0.0924,60.0,-1.0,-1.0,-1.0,-1.0,-1.0,0.0,0.0,0.0,0.0,0.0,0.0,8712.966921,0.257407,0.0,3997,1410730,1410730,1.0,1720,1720,1.0,120010,1,0,S10|M3_IMBALANCED|22|A|L2|F2,false,false,true,/home/cyfer/FYP/WSN_simulation_V3/runs/S10_5000/outputs_production_50seed_part21_25/run_campaign_v3_S10_M3_IMBALANCED_A_L2_F2_H0_seed022_22_20260603_092023
campaign_v3_S10_M3_IMBALANCED_A_L2_F2_H0_seed023,campaign_v3_S10_M3_IMBALANCED_A_L2_F2_H0_seed023_23_20260603_092410,S10,5000,200,6,M3_IMBALANCED,23,A,L2,F2,H0,V2,map_S10_M3_IMBALANCED_seed023,e367f313da26a5133984d38d221a33f416b25690ef772f23b25f5d5b25833be6,271.56,531.637,191.76,397.589,25,1958,6.9645,0.0852,60.0,-1.0,-1.0,-1.0,-1.0,-1.0,0.0,0.0,0.0,0.0,0.0,0.0,8722.377146,0.255525,0.0,4003,1410025,1410025,1.0,1747,1747,1.0,120025,1,0,S10|M3_IMBALANCED|23|A|L2|F2,false,false,true,/home/cyfer/FYP/WSN_simulation_V3/runs/S10_5000/outputs_production_50seed_part21_25/run_campaign_v3_S10_M3_IMBALANCED_A_L2_F2_H0_seed023_23_20260603_092410
campaign_v3_S10_M3_IMBALANCED_A_L2_F2_H0_seed024,campaign_v3_S10_M3_IMBALANCED_A_L2_F2_H0_seed024_24_20260603_092740,S10,5000,200,6,M3_IMBALANCED,24,A,L2,F2,H0,V2,map_S10_M3_IMBALANCED_seed024,d4fcdbab3e21c8a33f88ff2b287a8e6949bdd1852caa2d67aadf3217ab93b930,265.519,487.791,195.253,396.766,25,1557,5.5926,0.088,60.0,-1.0,-1.0,-1.0,-1.0,-1.0,0.0,0.0,0.0,0.0,0.0,0.0,8689.091049,0.262182,0.0,3977,1409790,1409790,1.0,1720,1720,1.0,120030,1,0,S10|M3_IMBALANCED|24|A|L2|F2,false,false,true,/home/cyfer/FYP/WSN_simulation_V3/runs/S10_5000/outputs_production_50seed_part21_25/run_campaign_v3_S10_M3_IMBALANCED_A_L2_F2_H0_seed024_24_20260603_092740
campaign_v3_S10_M3_IMBALANCED_A_L2_F2_H0_seed025,campaign_v3_S10_M3_IMBALANCED_A_L2_F2_H0_seed025_25_20260603_093109,S10,5000,200,6,M3_IMBALANCED,25,A,L2,F2,H0,V2,map_S10_M3_IMBALANCED_seed025,687923e270312d4744e89dd4ec6d8f22cc8c5d37a4fc890b6003193970c00975,272.924,515.084,190.641,392.381,25,1275,5.6059,0.0952,60.0,-1.0,-1.0,-1.0,-1.0,-1.0,0.0,0.0,0.0,0.0,0.0,0.0,8691.271423,0.261746,0.0,3976,1410730,1410730,1.0,1693,1693,1.0,120010,1,0,S10|M3_IMBALANCED|25|A|L2|F2,false,false,true,/home/cyfer/FYP/WSN_simulation_V3/runs/S10_5000/outputs_production_50seed_part21_25/run_campaign_v3_S10_M3_IMBALANCED_A_L2_F2_H0_seed025_25_20260603_093109
campaign_v3_S10_M3_IMBALANCED_A_L2_F2_H1_seed021,campaign_v3_S10_M3_IMBALANCED_A_L2_F2_H1_seed021_21_20260603_091701,S10,5000,200,6,M3_IMBALANCED,21,A,L2,F2,H1,V3,map_S10_M3_IMBALANCED_seed021,10dd9692d055e1a6cf35bb5f2b17a5aab85811368735dcd5afb6cc2cbd4c5885,269.564,492.137,193.318,380.096,25,1495,6.1095,0.0928,60.0,27.155,87.155,147.155,150.0,90.0,3.539,6.0,1.0,0.003,0.115,0.061,8713.677715,0.257264,0.0,4001,1410760,1410760,1.0,1716,1716,1.0,120000,0,1,S10|M3_IMBALANCED|21|A|L2|F2,true,false,false,/home/cyfer/FYP/WSN_simulation_V3/runs/S10_5000/outputs_production_50seed_part21_25/run_campaign_v3_S10_M3_IMBALANCED_A_L2_F2_H1_seed021_21_20260603_091701
campaign_v3_S10_M3_IMBALANCED_A_L2_F2_H1_seed022,campaign_v3_S10_M3_IMBALANCED_A_L2_F2_H1_seed022_22_20260603_092049,S10,5000,200,6,M3_IMBALANCED,22,A,L2,F2,H1,V3,map_S10_M3_IMBALANCED_seed022,c545d218ebbb7863435993b90917ac4b14ce4d68866c53b228f947d94af8525c,266.827,463.648,194.198,405.634,25,1898,6.8223,0.0924,60.0,27.002,87.002,147.002,150.0,90.0,3.18,6.0,1.0,0.001,0.044,0.015,8713.819551,0.257236,0.0,3997,1411024,1411024,1.0,1725,1725,1.0,120000,0,1,S10|M3_IMBALANCED|22|A|L2|F2,true,false,false,/home/cyfer/FYP/WSN_simulation_V3/runs/S10_5000/outputs_production_50seed_part21_25/run_campaign_v3_S10_M3_IMBALANCED_A_L2_F2_H1_seed022_22_20260603_092049
campaign_v3_S10_M3_IMBALANCED_A_L2_F2_H1_seed023,campaign_v3_S10_M3_IMBALANCED_A_L2_F2_H1_seed023_23_20260603_092432,S10,5000,200,6,M3_IMBALANCED,23,A,L2,F2,H1,V3,map_S10_M3_IMBALANCED_seed023,e367f313da26a5133984d38d221a33f416b25690ef772f23b25f5d5b25833be6,271.56,531.637,191.76,397.589,25,1958,6.9645,0.0852,60.0,27.032,87.032,147.032,150.0,90.0,3.501,6.0,1.0,0.003,0.109,0.055,8724.441593,0.255112,0.0,4003,1410760,1410760,1.0,1752,1752,1.0,120000,0,1,S10|M3_IMBALANCED|23|A|L2|F2,true,false,false,/home/cyfer/FYP/WSN_simulation_V3/runs/S10_5000/outputs_production_50seed_part21_25/run_campaign_v3_S10_M3_IMBALANCED_A_L2_F2_H1_seed023_23_20260603_092432
campaign_v3_S10_M3_IMBALANCED_A_L2_F2_H1_seed024,campaign_v3_S10_M3_IMBALANCED_A_L2_F2_H1_seed024_24_20260603_092803,S10,5000,200,6,M3_IMBALANCED,24,A,L2,F2,H1,V3,map_S10_M3_IMBALANCED_seed024,d4fcdbab3e21c8a33f88ff2b287a8e6949bdd1852caa2d67aadf3217ab93b930,265.519,487.791,195.253,396.766,25,1557,5.5926,0.088,60.0,27.504,87.504,147.504,150.0,90.0,3.703,6.0,1.0,0.004,0.135,0.096,8691.559477,0.261688,0.0,3977,1410672,1410672,1.0,1725,1725,1.0,120000,0,1,S10|M3_IMBALANCED|24|A|L2|F2,true,false,false,/home/cyfer/FYP/WSN_simulation_V3/runs/S10_5000/outputs_production_50seed_part21_25/run_campaign_v3_S10_M3_IMBALANCED_A_L2_F2_H1_seed024_24_20260603_092803
campaign_v3_S10_M3_IMBALANCED_A_L2_F2_H1_seed025,campaign_v3_S10_M3_IMBALANCED_A_L2_F2_H1_seed025_25_20260603_093132,S10,5000,200,6,M3_IMBALANCED,25,A,L2,F2,H1,V3,map_S10_M3_IMBALANCED_seed025,687923e270312d4744e89dd4ec6d8f22cc8c5d37a4fc890b6003193970c00975,272.924,515.084,190.641,392.381,25,1275,5.6059,0.0952,60.0,26.377,86.377,146.377,150.0,90.0,3.336,6.0,1.0,0.002,0.047,0.063,8692.082911,0.261583,0.0,3976,1411026,1411026,1.0,1698,1698,1.0,120000,0,1,S10|M3_IMBALANCED|25|A|L2|F2,true,false,false,/home/cyfer/FYP/WSN_simulation_V3/runs/S10_5000/outputs_production_50seed_part21_25/run_campaign_v3_S10_M3_IMBALANCED_A_L2_F2_H1_seed025_25_20260603_093132
campaign_v3_S10_M3_IMBALANCED_A_L2_F2_H3_seed021,campaign_v3_S10_M3_IMBALANCED_A_L2_F2_H3_seed021_21_20260603_091704,S10,5000,200,6,M3_IMBALANCED,21,A,L2,F2,H3,V3,map_S10_M3_IMBALANCED_seed021,10dd9692d055e1a6cf35bb5f2b17a5aab85811368735dcd5afb6cc2cbd4c5885,269.564,492.137,193.318,380.096,25,1495,6.1095,0.0928,60.0,32.805,92.805,152.805,160.0,100.0,3.539,6.0,1.0,0.003,0.115,0.061,8712.855693,0.257429,0.0,4001,1410451,1410451,1.0,1715,1715,1.0,119950,0,1,S10|M3_IMBALANCED|21|A|L2|F2,true,false,false,/home/cyfer/FYP/WSN_simulation_V3/runs/S10_5000/outputs_production_50seed_part21_25/run_campaign_v3_S10_M3_IMBALANCED_A_L2_F2_H3_seed021_21_20260603_091704
campaign_v3_S10_M3_IMBALANCED_A_L2_F2_H3_seed022,campaign_v3_S10_M3_IMBALANCED_A_L2_F2_H3_seed022_22_20260603_092052,S10,5000,200,6,M3_IMBALANCED,22,A,L2,F2,H3,V3,map_S10_M3_IMBALANCED_seed022,c545d218ebbb7863435993b90917ac4b14ce4d68866c53b228f947d94af8525c,266.827,463.648,194.198,405.634,25,1898,6.8223,0.0924,60.0,32.891,92.891,152.891,160.0,100.0,3.18,6.0,1.0,0.001,0.044,0.015,8713.26983,0.257346,0.0,3997,1410872,1410872,1.0,1724,1724,1.0,119975,0,1,S10|M3_IMBALANCED|22|A|L2|F2,true,false,false,/home/cyfer/FYP/WSN_simulation_V3/runs/S10_5000/outputs_production_50seed_part21_25/run_campaign_v3_S10_M3_IMBALANCED_A_L2_F2_H3_seed022_22_20260603_092052
campaign_v3_S10_M3_IMBALANCED_A_L2_F2_H3_seed023,campaign_v3_S10_M3_IMBALANCED_A_L2_F2_H3_seed023_23_20260603_092434,S10,5000,200,6,M3_IMBALANCED,23,A,L2,F2,H3,V3,map_S10_M3_IMBALANCED_seed023,e367f313da26a5133984d38d221a33f416b25690ef772f23b25f5d5b25833be6,271.56,531.637,191.76,397.589,25,1958,6.9645,0.0852,60.0,32.525,92.525,152.525,160.0,100.0,3.501,6.0,1.0,0.003,0.109,0.055,8723.468372,0.255306,0.0,4003,1410451,1410451,1.0,1751,1751,1.0,119950,0,1,S10|M3_IMBALANCED|23|A|L2|F2,true,false,false,/home/cyfer/FYP/WSN_simulation_V3/runs/S10_5000/outputs_production_50seed_part21_25/run_campaign_v3_S10_M3_IMBALANCED_A_L2_F2_H3_seed023_23_20260603_092434
campaign_v3_S10_M3_IMBALANCED_A_L2_F2_H3_seed024,campaign_v3_S10_M3_IMBALANCED_A_L2_F2_H3_seed024_24_20260603_092806,S10,5000,200,6,M3_IMBALANCED,24,A,L2,F2,H3,V3,map_S10_M3_IMBALANCED_seed024,d4fcdbab3e21c8a33f88ff2b287a8e6949bdd1852caa2d67aadf3217ab93b930,265.519,487.791,195.253,396.766,25,1557,5.5926,0.088,60.0,32.76,92.76,152.76,160.0,100.0,3.703,6.0,1.0,0.004,0.135,0.096,8690.31511,0.261937,0.0,3977,1410216,1410216,1.0,1724,1724,1.0,119925,0,1,S10|M3_IMBALANCED|24|A|L2|F2,true,false,false,/home/cyfer/FYP/WSN_simulation_V3/runs/S10_5000/outputs_production_50seed_part21_25/run_campaign_v3_S10_M3_IMBALANCED_A_L2_F2_H3_seed024_24_20260603_092806
campaign_v3_S10_M3_IMBALANCED_A_L2_F2_H3_seed025,campaign_v3_S10_M3_IMBALANCED_A_L2_F2_H3_seed025_25_20260603_093135,S10,5000,200,6,M3_IMBALANCED,25,A,L2,F2,H3,V3,map_S10_M3_IMBALANCED_seed025,687923e270312d4744e89dd4ec6d8f22cc8c5d37a4fc890b6003193970c00975,272.924,515.084,190.641,392.381,25,1275,5.6059,0.0952,60.0,33.214,93.214,153.214,160.0,100.0,3.336,6.0,1.0,0.002,0.047,0.063,8691.766269,0.261647,0.0,3976,1410871,1410871,1.0,1697,1697,1.0,119975,0,1,S10|M3_IMBALANCED|25|A|L2|F2,true,false,false,/home/cyfer/FYP/WSN_simulation_V3/runs/S10_5000/outputs_production_50seed_part21_25/run_campaign_v3_S10_M3_IMBALANCED_A_L2_F2_H3_seed025_25_20260603_093135
campaign_v3_S10_M3_IMBALANCED_A_L2_F2_H4_seed021,campaign_v3_S10_M3_IMBALANCED_A_L2_F2_H4_seed021_21_20260603_091707,S10,5000,200,6,M3_IMBALANCED,21,A,L2,F2,H4,V3,map_S10_M3_IMBALANCED_seed021,10dd9692d055e1a6cf35bb5f2b17a5aab85811368735dcd5afb6cc2cbd4c5885,269.564,492.137,193.318,380.096,25,1495,6.1095,0.0928,60.0,36.752,96.752,156.752,160.0,100.0,3.539,6.0,1.0,0.003,0.115,0.061,8713.532228,0.257294,0.0,4001,1410715,1410715,1.0,1715,1715,1.0,120000,0,1,S10|M3_IMBALANCED|21|A|L2|F2,true,false,false,/home/cyfer/FYP/WSN_simulation_V3/runs/S10_5000/outputs_production_50seed_part21_25/run_campaign_v3_S10_M3_IMBALANCED_A_L2_F2_H4_seed021_21_20260603_091707
campaign_v3_S10_M3_IMBALANCED_A_L2_F2_H4_seed022,campaign_v3_S10_M3_IMBALANCED_A_L2_F2_H4_seed022_22_20260603_092054,S10,5000,200,6,M3_IMBALANCED,22,A,L2,F2,H4,V3,map_S10_M3_IMBALANCED_seed022,c545d218ebbb7863435993b90917ac4b14ce4d68866c53b228f947d94af8525c,266.827,463.648,194.198,405.634,25,1898,6.8223,0.0924,60.0,36.705,96.705,156.705,160.0,100.0,3.18,6.0,1.0,0.001,0.044,0.015,8713.764913,0.257247,0.0,3997,1411006,1411006,1.0,1724,1724,1.0,120000,0,1,S10|M3_IMBALANCED|22|A|L2|F2,true,false,false,/home/cyfer/FYP/WSN_simulation_V3/runs/S10_5000/outputs_production_50seed_part21_25/run_campaign_v3_S10_M3_IMBALANCED_A_L2_F2_H4_seed022_22_20260603_092054
campaign_v3_S10_M3_IMBALANCED_A_L2_F2_H4_seed023,campaign_v3_S10_M3_IMBALANCED_A_L2_F2_H4_seed023_23_20260603_092437,S10,5000,200,6,M3_IMBALANCED,23,A,L2,F2,H4,V3,map_S10_M3_IMBALANCED_seed023,e367f313da26a5133984d38d221a33f416b25690ef772f23b25f5d5b25833be6,271.56,531.637,191.76,397.589,25,1958,6.9645,0.0852,60.0,36.57,96.57,156.57,160.0,100.0,3.501,6.0,1.0,0.003,0.109,0.055,8724.311506,0.255138,0.0,4003,1410715,1410715,1.0,1751,1751,1.0,120000,0,1,S10|M3_IMBALANCED|23|A|L2|F2,true,false,false,/home/cyfer/FYP/WSN_simulation_V3/runs/S10_5000/outputs_production_50seed_part21_25/run_campaign_v3_S10_M3_IMBALANCED_A_L2_F2_H4_seed023_23_20260603_092437
campaign_v3_S10_M3_IMBALANCED_A_L2_F2_H4_seed024,campaign_v3_S10_M3_IMBALANCED_A_L2_F2_H4_seed024_24_20260603_092808,S10,5000,200,6,M3_IMBALANCED,24,A,L2,F2,H4,V3,map_S10_M3_IMBALANCED_seed024,d4fcdbab3e21c8a33f88ff2b287a8e6949bdd1852caa2d67aadf3217ab93b930,265.519,487.791,195.253,396.766,25,1557,5.5926,0.088,60.0,37.137,97.137,157.137,160.0,100.0,3.703,6.0,1.0,0.004,0.135,0.096,8691.387148,0.261723,0.0,3977,1410612,1410612,1.0,1724,1724,1.0,120000,0,1,S10|M3_IMBALANCED|24|A|L2|F2,true,false,false,/home/cyfer/FYP/WSN_simulation_V3/runs/S10_5000/outputs_production_50seed_part21_25/run_campaign_v3_S10_M3_IMBALANCED_A_L2_F2_H4_seed024_24_20260603_092808
campaign_v3_S10_M3_IMBALANCED_A_L2_F2_H4_seed025,campaign_v3_S10_M3_IMBALANCED_A_L2_F2_H4_seed025_25_20260603_093137,S10,5000,200,6,M3_IMBALANCED,25,A,L2,F2,H4,V3,map_S10_M3_IMBALANCED_seed025,687923e270312d4744e89dd4ec6d8f22cc8c5d37a4fc890b6003193970c00975,272.924,515.084,190.641,392.381,25,1275,5.6059,0.0952,60.0,36.805,96.805,156.805,160.0,100.0,3.336,6.0,1.0,0.002,0.047,0.063,8692.024595,0.261595,0.0,3976,1411006,1411006,1.0,1697,1697,1.0,120000,0,1,S10|M3_IMBALANCED|25|A|L2|F2,true,false,false,/home/cyfer/FYP/WSN_simulation_V3/runs/S10_5000/outputs_production_50seed_part21_25/run_campaign_v3_S10_M3_IMBALANCED_A_L2_F2_H4_seed025_25_20260603_093137
campaign_v3_S10_M3_IMBALANCED_A_L2_F3_H0_seed021,campaign_v3_S10_M3_IMBALANCED_A_L2_F3_H0_seed021_21_20260603_091635,S10,5000,200,6,M3_IMBALANCED,21,A,L2,F3,H0,V2,map_S10_M3_IMBALANCED_seed021,10dd9692d055e1a6cf35bb5f2b17a5aab85811368735dcd5afb6cc2cbd4c5885,269.564,492.137,193.318,380.096,25,1495,6.1095,0.0928,60.0,-1.0,-1.0,-1.0,-1.0,-1.0,0.0,0.0,0.0,0.0,0.0,0.0,8711.039244,0.257792,0.0,4001,1410025,1410025,1.0,1711,1711,1.0,120025,1,0,S10|M3_IMBALANCED|21|A|L2|F3,false,false,true,/home/cyfer/FYP/WSN_simulation_V3/runs/S10_5000/outputs_production_50seed_part21_25/run_campaign_v3_S10_M3_IMBALANCED_A_L2_F3_H0_seed021_21_20260603_091635
campaign_v3_S10_M3_IMBALANCED_A_L2_F3_H0_seed022,campaign_v3_S10_M3_IMBALANCED_A_L2_F3_H0_seed022_22_20260603_092026,S10,5000,200,6,M3_IMBALANCED,22,A,L2,F3,H0,V2,map_S10_M3_IMBALANCED_seed022,c545d218ebbb7863435993b90917ac4b14ce4d68866c53b228f947d94af8525c,266.827,463.648,194.198,405.634,25,1898,6.8223,0.0924,60.0,-1.0,-1.0,-1.0,-1.0,-1.0,0.0,0.0,0.0,0.0,0.0,0.0,8710.797272,0.257841,0.0,3997,1410025,1410025,1.0,1720,1720,1.0,120025,1,0,S10|M3_IMBALANCED|22|A|L2|F3,false,false,true,/home/cyfer/FYP/WSN_simulation_V3/runs/S10_5000/outputs_production_50seed_part21_25/run_campaign_v3_S10_M3_IMBALANCED_A_L2_F3_H0_seed022_22_20260603_092026
campaign_v3_S10_M3_IMBALANCED_A_L2_F3_H0_seed023,campaign_v3_S10_M3_IMBALANCED_A_L2_F3_H0_seed023_23_20260603_092412,S10,5000,200,6,M3_IMBALANCED,23,A,L2,F3,H0,V2,map_S10_M3_IMBALANCED_seed023,e367f313da26a5133984d38d221a33f416b25690ef772f23b25f5d5b25833be6,271.56,531.637,191.76,397.589,25,1958,6.9645,0.0852,60.0,-1.0,-1.0,-1.0,-1.0,-1.0,0.0,0.0,0.0,0.0,0.0,0.0,8720.853673,0.255829,0.0,4002,1409555,1409555,1.0,1747,1747,1.0,120035,1,0,S10|M3_IMBALANCED|23|A|L2|F3,false,false,true,/home/cyfer/FYP/WSN_simulation_V3/runs/S10_5000/outputs_production_50seed_part21_25/run_campaign_v3_S10_M3_IMBALANCED_A_L2_F3_H0_seed023_23_20260603_092412
campaign_v3_S10_M3_IMBALANCED_A_L2_F3_H0_seed024,campaign_v3_S10_M3_IMBALANCED_A_L2_F3_H0_seed024_24_20260603_092743,S10,5000,200,6,M3_IMBALANCED,24,A,L2,F3,H0,V2,map_S10_M3_IMBALANCED_seed024,d4fcdbab3e21c8a33f88ff2b287a8e6949bdd1852caa2d67aadf3217ab93b930,265.519,487.791,195.253,396.766,25,1557,5.5926,0.088,60.0,-1.0,-1.0,-1.0,-1.0,-1.0,0.0,0.0,0.0,0.0,0.0,0.0,8691.394413,0.261721,0.0,3977,1410495,1410495,1.0,1720,1720,1.0,120015,1,0,S10|M3_IMBALANCED|24|A|L2|F3,false,false,true,/home/cyfer/FYP/WSN_simulation_V3/runs/S10_5000/outputs_production_50seed_part21_25/run_campaign_v3_S10_M3_IMBALANCED_A_L2_F3_H0_seed024_24_20260603_092743
campaign_v3_S10_M3_IMBALANCED_A_L2_F3_H0_seed025,campaign_v3_S10_M3_IMBALANCED_A_L2_F3_H0_seed025_25_20260603_093112,S10,5000,200,6,M3_IMBALANCED,25,A,L2,F3,H0,V2,map_S10_M3_IMBALANCED_seed025,687923e270312d4744e89dd4ec6d8f22cc8c5d37a4fc890b6003193970c00975,272.924,515.084,190.641,392.381,25,1275,5.6059,0.0952,60.0,-1.0,-1.0,-1.0,-1.0,-1.0,0.0,0.0,0.0,0.0,0.0,0.0,8689.111703,0.262178,0.0,3976,1410025,1410025,1.0,1693,1693,1.0,120025,1,0,S10|M3_IMBALANCED|25|A|L2|F3,false,false,true,/home/cyfer/FYP/WSN_simulation_V3/runs/S10_5000/outputs_production_50seed_part21_25/run_campaign_v3_S10_M3_IMBALANCED_A_L2_F3_H0_seed025_25_20260603_093112
campaign_v3_S10_M3_IMBALANCED_A_L2_F3_H1_seed021,campaign_v3_S10_M3_IMBALANCED_A_L2_F3_H1_seed021_21_20260603_091710,S10,5000,200,6,M3_IMBALANCED,21,A,L2,F3,H1,V3,map_S10_M3_IMBALANCED_seed021,10dd9692d055e1a6cf35bb5f2b17a5aab85811368735dcd5afb6cc2cbd4c5885,269.564,492.137,193.318,380.096,25,1495,6.1095,0.0928,60.0,31.273,91.273,151.273,160.0,100.0,3.834,6.0,1.0,0.003,0.121,0.153,8711.155955,0.257769,0.0,4001,1410041,1410041,1.0,1715,1715,1.0,119879,0,1,S10|M3_IMBALANCED|21|A|L2|F3,true,false,false,/home/cyfer/FYP/WSN_simulation_V3/runs/S10_5000/outputs_production_50seed_part21_25/run_campaign_v3_S10_M3_IMBALANCED_A_L2_F3_H1_seed021_21_20260603_091710
campaign_v3_S10_M3_IMBALANCED_A_L2_F3_H1_seed022,campaign_v3_S10_M3_IMBALANCED_A_L2_F3_H1_seed022_22_20260603_092057,S10,5000,200,6,M3_IMBALANCED,22,A,L2,F3,H1,V3,map_S10_M3_IMBALANCED_seed022,c545d218ebbb7863435993b90917ac4b14ce4d68866c53b228f947d94af8525c,266.827,463.648,194.198,405.634,25,1898,6.8223,0.0924,60.0,31.34,91.34,151.34,160.0,100.0,3.845,6.0,1.0,0.003,0.114,0.165,8710.904893,0.257819,0.0,3997,1410041,1410041,1.0,1724,1724,1.0,119879,0,1,S10|M3_IMBALANCED|22|A|L2|F3,true,false,false,/home/cyfer/FYP/WSN_simulation_V3/runs/S10_5000/outputs_production_50seed_part21_25/run_campaign_v3_S10_M3_IMBALANCED_A_L2_F3_H1_seed022_22_20260603_092057
campaign_v3_S10_M3_IMBALANCED_A_L2_F3_H1_seed023,campaign_v3_S10_M3_IMBALANCED_A_L2_F3_H1_seed023_23_20260603_092440,S10,5000,200,6,M3_IMBALANCED,23,A,L2,F3,H1,V3,map_S10_M3_IMBALANCED_seed023,e367f313da26a5133984d38d221a33f416b25690ef772f23b25f5d5b25833be6,271.56,531.637,191.76,397.589,25,1958,6.9645,0.0852,60.0,31.706,91.706,151.706,160.0,100.0,4.056,6.0,1.0,0.004,0.158,0.191,8720.988485,0.255802,0.0,4002,1409571,1409571,1.0,1751,1751,1.0,119829,0,1,S10|M3_IMBALANCED|23|A|L2|F3,true,false,false,/home/cyfer/FYP/WSN_simulation_V3/runs/S10_5000/outputs_production_50seed_part21_25/run_campaign_v3_S10_M3_IMBALANCED_A_L2_F3_H1_seed023_23_20260603_092440
campaign_v3_S10_M3_IMBALANCED_A_L2_F3_H1_seed024,campaign_v3_S10_M3_IMBALANCED_A_L2_F3_H1_seed024_24_20260603_092810,S10,5000,200,6,M3_IMBALANCED,24,A,L2,F3,H1,V3,map_S10_M3_IMBALANCED_seed024,d4fcdbab3e21c8a33f88ff2b287a8e6949bdd1852caa2d67aadf3217ab93b930,265.519,487.791,195.253,396.766,25,1557,5.5926,0.088,60.0,30.713,90.713,150.713,160.0,100.0,3.621,6.0,1.0,0.002,0.065,0.14,8691.486863,0.261703,0.0,3977,1410511,1410511,1.0,1724,1724,1.0,119929,0,1,S10|M3_IMBALANCED|24|A|L2|F3,true,false,false,/home/cyfer/FYP/WSN_simulation_V3/runs/S10_5000/outputs_production_50seed_part21_25/run_campaign_v3_S10_M3_IMBALANCED_A_L2_F3_H1_seed024_24_20260603_092810
campaign_v3_S10_M3_IMBALANCED_A_L2_F3_H1_seed025,campaign_v3_S10_M3_IMBALANCED_A_L2_F3_H1_seed025_25_20260603_093140,S10,5000,200,6,M3_IMBALANCED,25,A,L2,F3,H1,V3,map_S10_M3_IMBALANCED_seed025,687923e270312d4744e89dd4ec6d8f22cc8c5d37a4fc890b6003193970c00975,272.924,515.084,190.641,392.381,25,1275,5.6059,0.0952,60.0,31.157,91.157,151.157,160.0,100.0,3.47,6.0,1.0,0.004,0.114,0.039,8689.20286,0.262159,0.0,3976,1410041,1410041,1.0,1697,1697,1.0,119879,0,1,S10|M3_IMBALANCED|25|A|L2|F3,true,false,false,/home/cyfer/FYP/WSN_simulation_V3/runs/S10_5000/outputs_production_50seed_part21_25/run_campaign_v3_S10_M3_IMBALANCED_A_L2_F3_H1_seed025_25_20260603_093140
campaign_v3_S10_M3_IMBALANCED_A_L2_F3_H3_seed021,campaign_v3_S10_M3_IMBALANCED_A_L2_F3_H3_seed021_21_20260603_091713,S10,5000,200,6,M3_IMBALANCED,21,A,L2,F3,H3,V3,map_S10_M3_IMBALANCED_seed021,10dd9692d055e1a6cf35bb5f2b17a5aab85811368735dcd5afb6cc2cbd4c5885,269.564,492.137,193.318,380.096,25,1495,6.1095,0.0928,60.0,37.689,97.689,157.689,160.0,100.0,3.834,6.0,1.0,0.003,0.121,0.153,8711.158081,0.257768,0.0,4001,1410041,1410041,1.0,1715,1715,1.0,119879,0,1,S10|M3_IMBALANCED|21|A|L2|F3,true,false,false,/home/cyfer/FYP/WSN_simulation_V3/runs/S10_5000/outputs_production_50seed_part21_25/run_campaign_v3_S10_M3_IMBALANCED_A_L2_F3_H3_seed021_21_20260603_091713
campaign_v3_S10_M3_IMBALANCED_A_L2_F3_H3_seed022,campaign_v3_S10_M3_IMBALANCED_A_L2_F3_H3_seed022_22_20260603_092103,S10,5000,200,6,M3_IMBALANCED,22,A,L2,F3,H3,V3,map_S10_M3_IMBALANCED_seed022,c545d218ebbb7863435993b90917ac4b14ce4d68866c53b228f947d94af8525c,266.827,463.648,194.198,405.634,25,1898,6.8223,0.0924,60.0,37.414,97.414,157.414,160.0,100.0,3.845,6.0,1.0,0.003,0.114,0.165,8710.907231,0.257819,0.0,3997,1410041,1410041,1.0,1724,1724,1.0,119879,0,1,S10|M3_IMBALANCED|22|A|L2|F3,true,false,false,/home/cyfer/FYP/WSN_simulation_V3/runs/S10_5000/outputs_production_50seed_part21_25/run_campaign_v3_S10_M3_IMBALANCED_A_L2_F3_H3_seed022_22_20260603_092103
campaign_v3_S10_M3_IMBALANCED_A_L2_F3_H3_seed023,campaign_v3_S10_M3_IMBALANCED_A_L2_F3_H3_seed023_23_20260603_092442,S10,5000,200,6,M3_IMBALANCED,23,A,L2,F3,H3,V3,map_S10_M3_IMBALANCED_seed023,e367f313da26a5133984d38d221a33f416b25690ef772f23b25f5d5b25833be6,271.56,531.637,191.76,397.589,25,1958,6.9645,0.0852,60.0,37.565,97.565,157.565,160.0,100.0,4.056,6.0,1.0,0.004,0.158,0.191,8720.992599,0.255801,0.0,4002,1409571,1409571,1.0,1751,1751,1.0,119829,0,1,S10|M3_IMBALANCED|23|A|L2|F3,true,false,false,/home/cyfer/FYP/WSN_simulation_V3/runs/S10_5000/outputs_production_50seed_part21_25/run_campaign_v3_S10_M3_IMBALANCED_A_L2_F3_H3_seed023_23_20260603_092442
campaign_v3_S10_M3_IMBALANCED_A_L2_F3_H3_seed024,campaign_v3_S10_M3_IMBALANCED_A_L2_F3_H3_seed024_24_20260603_092813,S10,5000,200,6,M3_IMBALANCED,24,A,L2,F3,H3,V3,map_S10_M3_IMBALANCED_seed024,d4fcdbab3e21c8a33f88ff2b287a8e6949bdd1852caa2d67aadf3217ab93b930,265.519,487.791,195.253,396.766,25,1557,5.5926,0.088,60.0,36.658,96.658,156.658,160.0,100.0,3.621,6.0,1.0,0.002,0.065,0.14,8691.487344,0.261703,0.0,3977,1410511,1410511,1.0,1724,1724,1.0,119929,0,1,S10|M3_IMBALANCED|24|A|L2|F3,true,false,false,/home/cyfer/FYP/WSN_simulation_V3/runs/S10_5000/outputs_production_50seed_part21_25/run_campaign_v3_S10_M3_IMBALANCED_A_L2_F3_H3_seed024_24_20260603_092813
campaign_v3_S10_M3_IMBALANCED_A_L2_F3_H3_seed025,campaign_v3_S10_M3_IMBALANCED_A_L2_F3_H3_seed025_25_20260603_093142,S10,5000,200,6,M3_IMBALANCED,25,A,L2,F3,H3,V3,map_S10_M3_IMBALANCED_seed025,687923e270312d4744e89dd4ec6d8f22cc8c5d37a4fc890b6003193970c00975,272.924,515.084,190.641,392.381,25,1275,5.6059,0.0952,60.0,36.476,96.476,156.476,160.0,100.0,3.47,6.0,1.0,0.004,0.114,0.039,8689.209862,0.262158,0.0,3976,1410041,1410041,1.0,1697,1697,1.0,119879,0,1,S10|M3_IMBALANCED|25|A|L2|F3,true,false,false,/home/cyfer/FYP/WSN_simulation_V3/runs/S10_5000/outputs_production_50seed_part21_25/run_campaign_v3_S10_M3_IMBALANCED_A_L2_F3_H3_seed025_25_20260603_093142
campaign_v3_S10_M3_IMBALANCED_A_L2_F3_H4_seed021,campaign_v3_S10_M3_IMBALANCED_A_L2_F3_H4_seed021_21_20260603_091716,S10,5000,200,6,M3_IMBALANCED,21,A,L2,F3,H4,V3,map_S10_M3_IMBALANCED_seed021,10dd9692d055e1a6cf35bb5f2b17a5aab85811368735dcd5afb6cc2cbd4c5885,269.564,492.137,193.318,380.096,25,1495,6.1095,0.0928,60.0,40.849,100.849,160.849,170.0,110.0,3.834,6.0,1.0,0.003,0.121,0.153,8711.155955,0.257769,0.0,4001,1410041,1410041,1.0,1715,1715,1.0,119879,0,1,S10|M3_IMBALANCED|21|A|L2|F3,true,false,false,/home/cyfer/FYP/WSN_simulation_V3/runs/S10_5000/outputs_production_50seed_part21_25/run_campaign_v3_S10_M3_IMBALANCED_A_L2_F3_H4_seed021_21_20260603_091716
campaign_v3_S10_M3_IMBALANCED_A_L2_F3_H4_seed022,campaign_v3_S10_M3_IMBALANCED_A_L2_F3_H4_seed022_22_20260603_092106,S10,5000,200,6,M3_IMBALANCED,22,A,L2,F3,H4,V3,map_S10_M3_IMBALANCED_seed022,c545d218ebbb7863435993b90917ac4b14ce4d68866c53b228f947d94af8525c,266.827,463.648,194.198,405.634,25,1898,6.8223,0.0924,60.0,41.327,101.327,161.327,170.0,110.0,3.845,6.0,1.0,0.003,0.114,0.165,8710.904893,0.257819,0.0,3997,1410041,1410041,1.0,1724,1724,1.0,119879,0,1,S10|M3_IMBALANCED|22|A|L2|F3,true,false,false,/home/cyfer/FYP/WSN_simulation_V3/runs/S10_5000/outputs_production_50seed_part21_25/run_campaign_v3_S10_M3_IMBALANCED_A_L2_F3_H4_seed022_22_20260603_092106
campaign_v3_S10_M3_IMBALANCED_A_L2_F3_H4_seed023,campaign_v3_S10_M3_IMBALANCED_A_L2_F3_H4_seed023_23_20260603_092444,S10,5000,200,6,M3_IMBALANCED,23,A,L2,F3,H4,V3,map_S10_M3_IMBALANCED_seed023,e367f313da26a5133984d38d221a33f416b25690ef772f23b25f5d5b25833be6,271.56,531.637,191.76,397.589,25,1958,6.9645,0.0852,60.0,41.69,101.69,161.69,170.0,110.0,4.056,6.0,1.0,0.004,0.158,0.191,8720.988485,0.255802,0.0,4002,1409571,1409571,1.0,1751,1751,1.0,119829,0,1,S10|M3_IMBALANCED|23|A|L2|F3,true,false,false,/home/cyfer/FYP/WSN_simulation_V3/runs/S10_5000/outputs_production_50seed_part21_25/run_campaign_v3_S10_M3_IMBALANCED_A_L2_F3_H4_seed023_23_20260603_092444
campaign_v3_S10_M3_IMBALANCED_A_L2_F3_H4_seed024,campaign_v3_S10_M3_IMBALANCED_A_L2_F3_H4_seed024_24_20260603_092815,S10,5000,200,6,M3_IMBALANCED,24,A,L2,F3,H4,V3,map_S10_M3_IMBALANCED_seed024,d4fcdbab3e21c8a33f88ff2b287a8e6949bdd1852caa2d67aadf3217ab93b930,265.519,487.791,195.253,396.766,25,1557,5.5926,0.088,60.0,41.049,101.049,161.049,170.0,110.0,3.621,6.0,1.0,0.002,0.065,0.14,8691.486863,0.261703,0.0,3977,1410511,1410511,1.0,1724,1724,1.0,119929,0,1,S10|M3_IMBALANCED|24|A|L2|F3,true,false,false,/home/cyfer/FYP/WSN_simulation_V3/runs/S10_5000/outputs_production_50seed_part21_25/run_campaign_v3_S10_M3_IMBALANCED_A_L2_F3_H4_seed024_24_20260603_092815
campaign_v3_S10_M3_IMBALANCED_A_L2_F3_H4_seed025,campaign_v3_S10_M3_IMBALANCED_A_L2_F3_H4_seed025_25_20260603_093145,S10,5000,200,6,M3_IMBALANCED,25,A,L2,F3,H4,V3,map_S10_M3_IMBALANCED_seed025,687923e270312d4744e89dd4ec6d8f22cc8c5d37a4fc890b6003193970c00975,272.924,515.084,190.641,392.381,25,1275,5.6059,0.0952,60.0,40.592,100.592,160.592,170.0,110.0,3.47,6.0,1.0,0.004,0.114,0.039,8689.20286,0.262159,0.0,3976,1410041,1410041,1.0,1697,1697,1.0,119879,0,1,S10|M3_IMBALANCED|25|A|L2|F3,true,false,false,/home/cyfer/FYP/WSN_simulation_V3/runs/S10_5000/outputs_production_50seed_part21_25/run_campaign_v3_S10_M3_IMBALANCED_A_L2_F3_H4_seed025_25_20260603_093145
campaign_v3_S10_M3_IMBALANCED_A_L2_F4_H0_seed021,campaign_v3_S10_M3_IMBALANCED_A_L2_F4_H0_seed021_21_20260603_091638,S10,5000,200,6,M3_IMBALANCED,21,A,L2,F4,H0,V2,map_S10_M3_IMBALANCED_seed021,10dd9692d055e1a6cf35bb5f2b17a5aab85811368735dcd5afb6cc2cbd4c5885,269.564,492.137,193.318,380.096,25,1495,6.1095,0.0928,60.0,-1.0,-1.0,-1.0,-1.0,-1.0,0.0,0.0,0.0,0.0,0.0,0.0,8707.239287,0.258552,0.0,4000,1408380,1408380,1.0,1711,1711,1.0,120060,1,0,S10|M3_IMBALANCED|21|A|L2|F4,false,false,true,/home/cyfer/FYP/WSN_simulation_V3/runs/S10_5000/outputs_production_50seed_part21_25/run_campaign_v3_S10_M3_IMBALANCED_A_L2_F4_H0_seed021_21_20260603_091638
campaign_v3_S10_M3_IMBALANCED_A_L2_F4_H0_seed022,campaign_v3_S10_M3_IMBALANCED_A_L2_F4_H0_seed022_22_20260603_092029,S10,5000,200,6,M3_IMBALANCED,22,A,L2,F4,H0,V2,map_S10_M3_IMBALANCED_seed022,c545d218ebbb7863435993b90917ac4b14ce4d68866c53b228f947d94af8525c,266.827,463.648,194.198,405.634,25,1898,6.8223,0.0924,60.0,-1.0,-1.0,-1.0,-1.0,-1.0,0.0,0.0,0.0,0.0,0.0,0.0,8711.988707,0.257602,0.0,3997,1410495,1410495,1.0,1720,1720,1.0,120015,1,0,S10|M3_IMBALANCED|22|A|L2|F4,false,false,true,/home/cyfer/FYP/WSN_simulation_V3/runs/S10_5000/outputs_production_50seed_part21_25/run_campaign_v3_S10_M3_IMBALANCED_A_L2_F4_H0_seed022_22_20260603_092029
campaign_v3_S10_M3_IMBALANCED_A_L2_F4_H0_seed023,campaign_v3_S10_M3_IMBALANCED_A_L2_F4_H0_seed023_23_20260603_092415,S10,5000,200,6,M3_IMBALANCED,23,A,L2,F4,H0,V2,map_S10_M3_IMBALANCED_seed023,e367f313da26a5133984d38d221a33f416b25690ef772f23b25f5d5b25833be6,271.56,531.637,191.76,397.589,25,1958,6.9645,0.0852,60.0,-1.0,-1.0,-1.0,-1.0,-1.0,0.0,0.0,0.0,0.0,0.0,0.0,8721.79322,0.255641,0.0,4003,1410025,1410025,1.0,1747,1747,1.0,120025,1,0,S10|M3_IMBALANCED|23|A|L2|F4,false,false,true,/home/cyfer/FYP/WSN_simulation_V3/runs/S10_5000/outputs_production_50seed_part21_25/run_campaign_v3_S10_M3_IMBALANCED_A_L2_F4_H0_seed023_23_20260603_092415
campaign_v3_S10_M3_IMBALANCED_A_L2_F4_H0_seed024,campaign_v3_S10_M3_IMBALANCED_A_L2_F4_H0_seed024_24_20260603_092745,S10,5000,200,6,M3_IMBALANCED,24,A,L2,F4,H0,V2,map_S10_M3_IMBALANCED_seed024,d4fcdbab3e21c8a33f88ff2b287a8e6949bdd1852caa2d67aadf3217ab93b930,265.519,487.791,195.253,396.766,25,1557,5.5926,0.088,60.0,-1.0,-1.0,-1.0,-1.0,-1.0,0.0,0.0,0.0,0.0,0.0,0.0,8689.439306,0.262112,0.0,3977,1410025,1410025,1.0,1720,1720,1.0,120025,1,0,S10|M3_IMBALANCED|24|A|L2|F4,false,false,true,/home/cyfer/FYP/WSN_simulation_V3/runs/S10_5000/outputs_production_50seed_part21_25/run_campaign_v3_S10_M3_IMBALANCED_A_L2_F4_H0_seed024_24_20260603_092745
campaign_v3_S10_M3_IMBALANCED_A_L2_F4_H0_seed025,campaign_v3_S10_M3_IMBALANCED_A_L2_F4_H0_seed025_25_20260603_093114,S10,5000,200,6,M3_IMBALANCED,25,A,L2,F4,H0,V2,map_S10_M3_IMBALANCED_seed025,687923e270312d4744e89dd4ec6d8f22cc8c5d37a4fc890b6003193970c00975,272.924,515.084,190.641,392.381,25,1275,5.6059,0.0952,60.0,-1.0,-1.0,-1.0,-1.0,-1.0,0.0,0.0,0.0,0.0,0.0,0.0,8688.285753,0.262343,0.0,3976,1409790,1409790,1.0,1693,1693,1.0,120030,1,0,S10|M3_IMBALANCED|25|A|L2|F4,false,false,true,/home/cyfer/FYP/WSN_simulation_V3/runs/S10_5000/outputs_production_50seed_part21_25/run_campaign_v3_S10_M3_IMBALANCED_A_L2_F4_H0_seed025_25_20260603_093114
campaign_v3_S10_M3_IMBALANCED_A_L2_F4_H1_seed021,campaign_v3_S10_M3_IMBALANCED_A_L2_F4_H1_seed021_21_20260603_091719,S10,5000,200,6,M3_IMBALANCED,21,A,L2,F4,H1,V3,map_S10_M3_IMBALANCED_seed021,10dd9692d055e1a6cf35bb5f2b17a5aab85811368735dcd5afb6cc2cbd4c5885,269.564,492.137,193.318,380.096,25,1495,6.1095,0.0928,60.0,37.878,97.878,157.878,160.0,100.0,4.034,6.0,1.0,0.008,0.273,0.063,8708.204769,0.258359,0.0,4000,1408660,1408660,1.0,1715,1715,1.0,119704,0,1,S10|M3_IMBALANCED|21|A|L2|F4,true,false,false,/home/cyfer/FYP/WSN_simulation_V3/runs/S10_5000/outputs_production_50seed_part21_25/run_campaign_v3_S10_M3_IMBALANCED_A_L2_F4_H1_seed021_21_20260603_091719
campaign_v3_S10_M3_IMBALANCED_A_L2_F4_H1_seed022,campaign_v3_S10_M3_IMBALANCED_A_L2_F4_H1_seed022_22_20260603_092108,S10,5000,200,6,M3_IMBALANCED,22,A,L2,F4,H1,V3,map_S10_M3_IMBALANCED_seed022,c545d218ebbb7863435993b90917ac4b14ce4d68866c53b228f947d94af8525c,266.827,463.648,194.198,405.634,25,1898,6.8223,0.0924,60.0,37.454,97.454,157.454,160.0,100.0,3.721,6.0,1.0,0.002,0.073,0.166,8712.306305,0.257539,0.0,3997,1410577,1410577,1.0,1724,1724,1.0,119929,0,1,S10|M3_IMBALANCED|22|A|L2|F4,true,false,false,/home/cyfer/FYP/WSN_simulation_V3/runs/S10_5000/outputs_production_50seed_part21_25/run_campaign_v3_S10_M3_IMBALANCED_A_L2_F4_H1_seed022_22_20260603_092108
campaign_v3_S10_M3_IMBALANCED_A_L2_F4_H1_seed023,campaign_v3_S10_M3_IMBALANCED_A_L2_F4_H1_seed023_23_20260603_092447,S10,5000,200,6,M3_IMBALANCED,23,A,L2,F4,H1,V3,map_S10_M3_IMBALANCED_seed023,e367f313da26a5133984d38d221a33f416b25690ef772f23b25f5d5b25833be6,271.56,531.637,191.76,397.589,25,1958,6.9645,0.0852,60.0,37.455,97.455,157.455,160.0,100.0,3.755,6.0,1.0,0.003,0.12,0.129,8722.272527,0.255545,0.0,4003,1410151,1410151,1.0,1751,1751,1.0,119879,0,1,S10|M3_IMBALANCED|23|A|L2|F4,true,false,false,/home/cyfer/FYP/WSN_simulation_V3/runs/S10_5000/outputs_production_50seed_part21_25/run_campaign_v3_S10_M3_IMBALANCED_A_L2_F4_H1_seed023_23_20260603_092447
campaign_v3_S10_M3_IMBALANCED_A_L2_F4_H1_seed024,campaign_v3_S10_M3_IMBALANCED_A_L2_F4_H1_seed024_24_20260603_092818,S10,5000,200,6,M3_IMBALANCED,24,A,L2,F4,H1,V3,map_S10_M3_IMBALANCED_seed024,d4fcdbab3e21c8a33f88ff2b287a8e6949bdd1852caa2d67aadf3217ab93b930,265.519,487.791,195.253,396.766,25,1557,5.5926,0.088,60.0,37.195,97.195,157.195,160.0,100.0,3.688,6.0,1.0,0.003,0.117,0.109,8689.868669,0.262026,0.0,3977,1410151,1410151,1.0,1724,1724,1.0,119879,0,1,S10|M3_IMBALANCED|24|A|L2|F4,true,false,false,/home/cyfer/FYP/WSN_simulation_V3/runs/S10_5000/outputs_production_50seed_part21_25/run_campaign_v3_S10_M3_IMBALANCED_A_L2_F4_H1_seed024_24_20260603_092818
campaign_v3_S10_M3_IMBALANCED_A_L2_F4_H1_seed025,campaign_v3_S10_M3_IMBALANCED_A_L2_F4_H1_seed025_25_20260603_093147,S10,5000,200,6,M3_IMBALANCED,25,A,L2,F4,H1,V3,map_S10_M3_IMBALANCED_seed025,687923e270312d4744e89dd4ec6d8f22cc8c5d37a4fc890b6003193970c00975,272.924,515.084,190.641,392.381,25,1275,5.6059,0.0952,60.0,37.387,97.387,157.387,160.0,100.0,3.85,6.0,1.0,0.005,0.139,0.139,8688.797353,0.262241,0.0,3976,1409938,1409938,1.0,1697,1697,1.0,119854,0,1,S10|M3_IMBALANCED|25|A|L2|F4,true,false,false,/home/cyfer/FYP/WSN_simulation_V3/runs/S10_5000/outputs_production_50seed_part21_25/run_campaign_v3_S10_M3_IMBALANCED_A_L2_F4_H1_seed025_25_20260603_093147
campaign_v3_S10_M3_IMBALANCED_A_L2_F4_H3_seed021,campaign_v3_S10_M3_IMBALANCED_A_L2_F4_H3_seed021_21_20260603_091722,S10,5000,200,6,M3_IMBALANCED,21,A,L2,F4,H3,V3,map_S10_M3_IMBALANCED_seed021,10dd9692d055e1a6cf35bb5f2b17a5aab85811368735dcd5afb6cc2cbd4c5885,269.564,492.137,193.318,380.096,25,1495,6.1095,0.0928,60.0,43.984,103.984,163.984,170.0,110.0,4.034,6.0,1.0,0.008,0.273,0.063,8707.711671,0.258458,0.0,4000,1408492,1408492,1.0,1715,1715,1.0,119704,0,1,S10|M3_IMBALANCED|21|A|L2|F4,true,false,false,/home/cyfer/FYP/WSN_simulation_V3/runs/S10_5000/outputs_production_50seed_part21_25/run_campaign_v3_S10_M3_IMBALANCED_A_L2_F4_H3_seed021_21_20260603_091722
campaign_v3_S10_M3_IMBALANCED_A_L2_F4_H3_seed022,campaign_v3_S10_M3_IMBALANCED_A_L2_F4_H3_seed022_22_20260603_092111,S10,5000,200,6,M3_IMBALANCED,22,A,L2,F4,H3,V3,map_S10_M3_IMBALANCED_seed022,c545d218ebbb7863435993b90917ac4b14ce4d68866c53b228f947d94af8525c,266.827,463.648,194.198,405.634,25,1898,6.8223,0.0924,60.0,43.268,103.268,163.268,170.0,110.0,3.721,6.0,1.0,0.002,0.073,0.166,8712.193433,0.257561,0.0,3997,1410543,1410543,1.0,1724,1724,1.0,119929,0,1,S10|M3_IMBALANCED|22|A|L2|F4,true,false,false,/home/cyfer/FYP/WSN_simulation_V3/runs/S10_5000/outputs_production_50seed_part21_25/run_campaign_v3_S10_M3_IMBALANCED_A_L2_F4_H3_seed022_22_20260603_092111
campaign_v3_S10_M3_IMBALANCED_A_L2_F4_H3_seed023,campaign_v3_S10_M3_IMBALANCED_A_L2_F4_H3_seed023_23_20260603_092450,S10,5000,200,6,M3_IMBALANCED,23,A,L2,F4,H3,V3,map_S10_M3_IMBALANCED_seed023,e367f313da26a5133984d38d221a33f416b25690ef772f23b25f5d5b25833be6,271.56,531.637,191.76,397.589,25,1958,6.9645,0.0852,60.0,43.316,103.316,163.316,170.0,110.0,3.755,6.0,1.0,0.003,0.12,0.129,8722.054528,0.255589,0.0,4003,1410089,1410089,1.0,1751,1751,1.0,119879,0,1,S10|M3_IMBALANCED|23|A|L2|F4,true,false,false,/home/cyfer/FYP/WSN_simulation_V3/runs/S10_5000/outputs_production_50seed_part21_25/run_campaign_v3_S10_M3_IMBALANCED_A_L2_F4_H3_seed023_23_20260603_092450
campaign_v3_S10_M3_IMBALANCED_A_L2_F4_H3_seed024,campaign_v3_S10_M3_IMBALANCED_A_L2_F4_H3_seed024_24_20260603_092820,S10,5000,200,6,M3_IMBALANCED,24,A,L2,F4,H3,V3,map_S10_M3_IMBALANCED_seed024,d4fcdbab3e21c8a33f88ff2b287a8e6949bdd1852caa2d67aadf3217ab93b930,265.519,487.791,195.253,396.766,25,1557,5.5926,0.088,60.0,42.994,102.994,162.994,170.0,110.0,3.688,6.0,1.0,0.003,0.117,0.109,8689.714734,0.262057,0.0,3977,1410092,1410092,1.0,1724,1724,1.0,119879,0,1,S10|M3_IMBALANCED|24|A|L2|F4,true,false,false,/home/cyfer/FYP/WSN_simulation_V3/runs/S10_5000/outputs_production_50seed_part21_25/run_campaign_v3_S10_M3_IMBALANCED_A_L2_F4_H3_seed024_24_20260603_092820
campaign_v3_S10_M3_IMBALANCED_A_L2_F4_H3_seed025,campaign_v3_S10_M3_IMBALANCED_A_L2_F4_H3_seed025_25_20260603_093150,S10,5000,200,6,M3_IMBALANCED,25,A,L2,F4,H3,V3,map_S10_M3_IMBALANCED_seed025,687923e270312d4744e89dd4ec6d8f22cc8c5d37a4fc890b6003193970c00975,272.924,515.084,190.641,392.381,25,1275,5.6059,0.0952,60.0,43.021,103.021,163.021,170.0,110.0,3.85,6.0,1.0,0.005,0.139,0.139,8688.502799,0.262299,0.0,3976,1409854,1409854,1.0,1697,1697,1.0,119854,0,1,S10|M3_IMBALANCED|25|A|L2|F4,true,false,false,/home/cyfer/FYP/WSN_simulation_V3/runs/S10_5000/outputs_production_50seed_part21_25/run_campaign_v3_S10_M3_IMBALANCED_A_L2_F4_H3_seed025_25_20260603_093150
campaign_v3_S10_M3_IMBALANCED_A_L2_F4_H4_seed021,campaign_v3_S10_M3_IMBALANCED_A_L2_F4_H4_seed021_21_20260603_091725,S10,5000,200,6,M3_IMBALANCED,21,A,L2,F4,H4,V3,map_S10_M3_IMBALANCED_seed021,10dd9692d055e1a6cf35bb5f2b17a5aab85811368735dcd5afb6cc2cbd4c5885,269.564,492.137,193.318,380.096,25,1495,6.1095,0.0928,60.0,47.043,107.043,167.043,170.0,110.0,4.034,6.0,1.0,0.008,0.273,0.063,8705.930508,0.258814,0.0,4000,1407921,1407921,1.0,1715,1715,1.0,119583,0,1,S10|M3_IMBALANCED|21|A|L2|F4,true,false,false,/home/cyfer/FYP/WSN_simulation_V3/runs/S10_5000/outputs_production_50seed_part21_25/run_campaign_v3_S10_M3_IMBALANCED_A_L2_F4_H4_seed021_21_20260603_091725
campaign_v3_S10_M3_IMBALANCED_A_L2_F4_H4_seed022,campaign_v3_S10_M3_IMBALANCED_A_L2_F4_H4_seed022_22_20260603_092113,S10,5000,200,6,M3_IMBALANCED,22,A,L2,F4,H4,V3,map_S10_M3_IMBALANCED_seed022,c545d218ebbb7863435993b90917ac4b14ce4d68866c53b228f947d94af8525c,266.827,463.648,194.198,405.634,25,1898,6.8223,0.0924,60.0,47.116,107.116,167.116,170.0,110.0,3.721,6.0,1.0,0.002,0.073,0.166,8711.569334,0.257686,0.0,3997,1410309,1410309,1.0,1724,1724,1.0,119883,0,1,S10|M3_IMBALANCED|22|A|L2|F4,true,false,false,/home/cyfer/FYP/WSN_simulation_V3/runs/S10_5000/outputs_production_50seed_part21_25/run_campaign_v3_S10_M3_IMBALANCED_A_L2_F4_H4_seed022_22_20260603_092113
campaign_v3_S10_M3_IMBALANCED_A_L2_F4_H4_seed023,campaign_v3_S10_M3_IMBALANCED_A_L2_F4_H4_seed023_23_20260603_092452,S10,5000,200,6,M3_IMBALANCED,23,A,L2,F4,H4,V3,map_S10_M3_IMBALANCED_seed023,e367f313da26a5133984d38d221a33f416b25690ef772f23b25f5d5b25833be6,271.56,531.637,191.76,397.589,25,1958,6.9645,0.0852,60.0,46.894,106.894,166.894,170.0,110.0,3.755,6.0,1.0,0.003,0.12,0.129,8720.398088,0.25592,0.0,4003,1409482,1409482,1.0,1751,1751,1.0,119758,0,1,S10|M3_IMBALANCED|23|A|L2|F4,true,false,false,/home/cyfer/FYP/WSN_simulation_V3/runs/S10_5000/outputs_production_50seed_part21_25/run_campaign_v3_S10_M3_IMBALANCED_A_L2_F4_H4_seed023_23_20260603_092452
campaign_v3_S10_M3_IMBALANCED_A_L2_F4_H4_seed024,campaign_v3_S10_M3_IMBALANCED_A_L2_F4_H4_seed024_24_20260603_092823,S10,5000,200,6,M3_IMBALANCED,24,A,L2,F4,H4,V3,map_S10_M3_IMBALANCED_seed024,d4fcdbab3e21c8a33f88ff2b287a8e6949bdd1852caa2d67aadf3217ab93b930,265.519,487.791,195.253,396.766,25,1557,5.5926,0.088,60.0,47.244,107.244,167.244,170.0,110.0,3.688,6.0,1.0,0.003,0.117,0.109,8687.580262,0.262484,0.0,3977,1409355,1409355,1.0,1724,1724,1.0,119733,0,1,S10|M3_IMBALANCED|24|A|L2|F4,true,false,false,/home/cyfer/FYP/WSN_simulation_V3/runs/S10_5000/outputs_production_50seed_part21_25/run_campaign_v3_S10_M3_IMBALANCED_A_L2_F4_H4_seed024_24_20260603_092823
campaign_v3_S10_M3_IMBALANCED_A_L2_F4_H4_seed025,campaign_v3_S10_M3_IMBALANCED_A_L2_F4_H4_seed025_25_20260603_093152,S10,5000,200,6,M3_IMBALANCED,25,A,L2,F4,H4,V3,map_S10_M3_IMBALANCED_seed025,687923e270312d4744e89dd4ec6d8f22cc8c5d37a4fc890b6003193970c00975,272.924,515.084,190.641,392.381,25,1275,5.6059,0.0952,60.0,47.038,107.038,167.038,170.0,110.0,3.85,6.0,1.0,0.005,0.139,0.139,8687.910018,0.262418,0.0,3976,1409640,1409640,1.0,1697,1697,1.0,119808,0,1,S10|M3_IMBALANCED|25|A|L2|F4,true,false,false,/home/cyfer/FYP/WSN_simulation_V3/runs/S10_5000/outputs_production_50seed_part21_25/run_campaign_v3_S10_M3_IMBALANCED_A_L2_F4_H4_seed025_25_20260603_093152
campaign_v3_S10_M3_IMBALANCED_B_L1_F0_H0_seed021,campaign_v3_S10_M3_IMBALANCED_B_L1_F0_H0_seed021_21_20260603_091728,S10,5000,200,6,M3_IMBALANCED,21,B,L1,F0,H0,V1,map_S10_M3_IMBALANCED_seed021,10dd9692d055e1a6cf35bb5f2b17a5aab85811368735dcd5afb6cc2cbd4c5885,269.564,492.137,193.318,380.096,25,1495,6.1095,0.0928,0.0,-1.0,-1.0,-1.0,-1.0,-1.0,0.0,0.0,0.0,0.0,0.0,0.0,8470.210384,0.305958,0.0,3968,1411200,1411200,1.0,1719,1719,1.0,120000,0,0,S10|M3_IMBALANCED|21|B|L1|F0,false,true,false,/home/cyfer/FYP/WSN_simulation_V3/runs/S10_5000/outputs_production_50seed_part21_25/run_campaign_v3_S10_M3_IMBALANCED_B_L1_F0_H0_seed021_21_20260603_091728
campaign_v3_S10_M3_IMBALANCED_B_L1_F0_H0_seed022,campaign_v3_S10_M3_IMBALANCED_B_L1_F0_H0_seed022_22_20260603_092116,S10,5000,200,6,M3_IMBALANCED,22,B,L1,F0,H0,V1,map_S10_M3_IMBALANCED_seed022,c545d218ebbb7863435993b90917ac4b14ce4d68866c53b228f947d94af8525c,266.827,463.648,194.198,405.634,25,1898,6.8223,0.0924,0.0,-1.0,-1.0,-1.0,-1.0,-1.0,0.0,0.0,0.0,0.0,0.0,0.0,8470.420416,0.305916,0.0,3969,1411200,1411200,1.0,1728,1728,1.0,120000,0,0,S10|M3_IMBALANCED|22|B|L1|F0,false,true,false,/home/cyfer/FYP/WSN_simulation_V3/runs/S10_5000/outputs_production_50seed_part21_25/run_campaign_v3_S10_M3_IMBALANCED_B_L1_F0_H0_seed022_22_20260603_092116
campaign_v3_S10_M3_IMBALANCED_B_L1_F0_H0_seed023,campaign_v3_S10_M3_IMBALANCED_B_L1_F0_H0_seed023_23_20260603_092455,S10,5000,200,6,M3_IMBALANCED,23,B,L1,F0,H0,V1,map_S10_M3_IMBALANCED_seed023,e367f313da26a5133984d38d221a33f416b25690ef772f23b25f5d5b25833be6,271.56,531.637,191.76,397.589,25,1958,6.9645,0.0852,0.0,-1.0,-1.0,-1.0,-1.0,-1.0,0.0,0.0,0.0,0.0,0.0,0.0,8476.191746,0.304762,0.0,3963,1411200,1411200,1.0,1755,1755,1.0,120000,0,0,S10|M3_IMBALANCED|23|B|L1|F0,false,true,false,/home/cyfer/FYP/WSN_simulation_V3/runs/S10_5000/outputs_production_50seed_part21_25/run_campaign_v3_S10_M3_IMBALANCED_B_L1_F0_H0_seed023_23_20260603_092455
campaign_v3_S10_M3_IMBALANCED_B_L1_F0_H0_seed024,campaign_v3_S10_M3_IMBALANCED_B_L1_F0_H0_seed024_24_20260603_092826,S10,5000,200,6,M3_IMBALANCED,24,B,L1,F0,H0,V1,map_S10_M3_IMBALANCED_seed024,d4fcdbab3e21c8a33f88ff2b287a8e6949bdd1852caa2d67aadf3217ab93b930,265.519,487.791,195.253,396.766,25,1557,5.5926,0.088,0.0,-1.0,-1.0,-1.0,-1.0,-1.0,0.0,0.0,0.0,0.0,0.0,0.0,8436.334301,0.312733,0.0,3938,1411200,1411200,1.0,1728,1728,1.0,120000,0,0,S10|M3_IMBALANCED|24|B|L1|F0,false,true,false,/home/cyfer/FYP/WSN_simulation_V3/runs/S10_5000/outputs_production_50seed_part21_25/run_campaign_v3_S10_M3_IMBALANCED_B_L1_F0_H0_seed024_24_20260603_092826
campaign_v3_S10_M3_IMBALANCED_B_L1_F0_H0_seed025,campaign_v3_S10_M3_IMBALANCED_B_L1_F0_H0_seed025_25_20260603_093155,S10,5000,200,6,M3_IMBALANCED,25,B,L1,F0,H0,V1,map_S10_M3_IMBALANCED_seed025,687923e270312d4744e89dd4ec6d8f22cc8c5d37a4fc890b6003193970c00975,272.924,515.084,190.641,392.381,25,1275,5.6059,0.0952,0.0,-1.0,-1.0,-1.0,-1.0,-1.0,0.0,0.0,0.0,0.0,0.0,0.0,8442.924939,0.311415,0.0,3952,1411200,1411200,1.0,1701,1701,1.0,120000,0,0,S10|M3_IMBALANCED|25|B|L1|F0,false,true,false,/home/cyfer/FYP/WSN_simulation_V3/runs/S10_5000/outputs_production_50seed_part21_25/run_campaign_v3_S10_M3_IMBALANCED_B_L1_F0_H0_seed025_25_20260603_093155
campaign_v3_S10_M3_IMBALANCED_B_L1_F1_H0_seed021,campaign_v3_S10_M3_IMBALANCED_B_L1_F1_H0_seed021_21_20260603_091731,S10,5000,200,6,M3_IMBALANCED,21,B,L1,F1,H0,V2,map_S10_M3_IMBALANCED_seed021,10dd9692d055e1a6cf35bb5f2b17a5aab85811368735dcd5afb6cc2cbd4c5885,269.564,492.137,193.318,380.096,25,1495,6.1095,0.0928,60.0,-1.0,-1.0,-1.0,-1.0,-1.0,0.0,0.0,0.0,0.0,0.0,0.0,8464.770008,0.306755,0.0,3968,1408380,1408380,1.0,1711,1711,1.0,120060,1,0,S10|M3_IMBALANCED|21|B|L1|F1,false,false,true,/home/cyfer/FYP/WSN_simulation_V3/runs/S10_5000/outputs_production_50seed_part21_25/run_campaign_v3_S10_M3_IMBALANCED_B_L1_F1_H0_seed021_21_20260603_091731
campaign_v3_S10_M3_IMBALANCED_B_L1_F1_H0_seed022,campaign_v3_S10_M3_IMBALANCED_B_L1_F1_H0_seed022_22_20260603_092118,S10,5000,200,6,M3_IMBALANCED,22,B,L1,F1,H0,V2,map_S10_M3_IMBALANCED_seed022,c545d218ebbb7863435993b90917ac4b14ce4d68866c53b228f947d94af8525c,266.827,463.648,194.198,405.634,25,1898,6.8223,0.0924,60.0,-1.0,-1.0,-1.0,-1.0,-1.0,0.0,0.0,0.0,0.0,0.0,0.0,8468.719376,0.305885,0.0,3970,1410495,1410495,1.0,1720,1720,1.0,120015,1,0,S10|M3_IMBALANCED|22|B|L1|F1,false,false,true,/home/cyfer/FYP/WSN_simulation_V3/runs/S10_5000/outputs_production_50seed_part21_25/run_campaign_v3_S10_M3_IMBALANCED_B_L1_F1_H0_seed022_22_20260603_092118
campaign_v3_S10_M3_IMBALANCED_B_L1_F1_H0_seed023,campaign_v3_S10_M3_IMBALANCED_B_L1_F1_H0_seed023_23_20260603_092457,S10,5000,200,6,M3_IMBALANCED,23,B,L1,F1,H0,V2,map_S10_M3_IMBALANCED_seed023,e367f313da26a5133984d38d221a33f416b25690ef772f23b25f5d5b25833be6,271.56,531.637,191.76,397.589,25,1958,6.9645,0.0852,60.0,-1.0,-1.0,-1.0,-1.0,-1.0,0.0,0.0,0.0,0.0,0.0,0.0,8473.31452,0.304985,0.0,3964,1410025,1410025,1.0,1747,1747,1.0,120025,1,0,S10|M3_IMBALANCED|23|B|L1|F1,false,false,true,/home/cyfer/FYP/WSN_simulation_V3/runs/S10_5000/outputs_production_50seed_part21_25/run_campaign_v3_S10_M3_IMBALANCED_B_L1_F1_H0_seed023_23_20260603_092457
campaign_v3_S10_M3_IMBALANCED_B_L1_F1_H0_seed024,campaign_v3_S10_M3_IMBALANCED_B_L1_F1_H0_seed024_24_20260603_092828,S10,5000,200,6,M3_IMBALANCED,24,B,L1,F1,H0,V2,map_S10_M3_IMBALANCED_seed024,d4fcdbab3e21c8a33f88ff2b287a8e6949bdd1852caa2d67aadf3217ab93b930,265.519,487.791,195.253,396.766,25,1557,5.5926,0.088,60.0,-1.0,-1.0,-1.0,-1.0,-1.0,0.0,0.0,0.0,0.0,0.0,0.0,8433.537154,0.31294,0.0,3939,1410025,1410025,1.0,1720,1720,1.0,120025,1,0,S10|M3_IMBALANCED|24|B|L1|F1,false,false,true,/home/cyfer/FYP/WSN_simulation_V3/runs/S10_5000/outputs_production_50seed_part21_25/run_campaign_v3_S10_M3_IMBALANCED_B_L1_F1_H0_seed024_24_20260603_092828
campaign_v3_S10_M3_IMBALANCED_B_L1_F1_H0_seed025,campaign_v3_S10_M3_IMBALANCED_B_L1_F1_H0_seed025_25_20260603_093157,S10,5000,200,6,M3_IMBALANCED,25,B,L1,F1,H0,V2,map_S10_M3_IMBALANCED_seed025,687923e270312d4744e89dd4ec6d8f22cc8c5d37a4fc890b6003193970c00975,272.924,515.084,190.641,392.381,25,1275,5.6059,0.0952,60.0,-1.0,-1.0,-1.0,-1.0,-1.0,0.0,0.0,0.0,0.0,0.0,0.0,8439.654087,0.311725,0.0,3953,1409790,1409790,1.0,1693,1693,1.0,120030,1,0,S10|M3_IMBALANCED|25|B|L1|F1,false,false,true,/home/cyfer/FYP/WSN_simulation_V3/runs/S10_5000/outputs_production_50seed_part21_25/run_campaign_v3_S10_M3_IMBALANCED_B_L1_F1_H0_seed025_25_20260603_093157
campaign_v3_S10_M3_IMBALANCED_B_L1_F1_H1_seed021,campaign_v3_S10_M3_IMBALANCED_B_L1_F1_H1_seed021_21_20260603_091746,S10,5000,200,6,M3_IMBALANCED,21,B,L1,F1,H1,V3,map_S10_M3_IMBALANCED_seed021,10dd9692d055e1a6cf35bb5f2b17a5aab85811368735dcd5afb6cc2cbd4c5885,269.564,492.137,193.318,380.096,25,1495,6.1095,0.0928,60.0,22.137,82.137,142.137,150.0,90.0,6.214,6.0,1.0,0.008,1.0,0.063,8468.985776,0.305912,0.0,3969,1410204,1410204,1.0,1716,1716,1.0,120000,0,1,S10|M3_IMBALANCED|21|B|L1|F1,true,false,false,/home/cyfer/FYP/WSN_simulation_V3/runs/S10_5000/outputs_production_50seed_part21_25/run_campaign_v3_S10_M3_IMBALANCED_B_L1_F1_H1_seed021_21_20260603_091746
campaign_v3_S10_M3_IMBALANCED_B_L1_F1_H1_seed022,campaign_v3_S10_M3_IMBALANCED_B_L1_F1_H1_seed022_22_20260603_092130,S10,5000,200,6,M3_IMBALANCED,22,B,L1,F1,H1,V3,map_S10_M3_IMBALANCED_seed022,c545d218ebbb7863435993b90917ac4b14ce4d68866c53b228f947d94af8525c,266.827,463.648,194.198,405.634,25,1898,6.8223,0.0924,60.0,21.76,81.76,141.76,150.0,90.0,6.503,6.0,1.0,0.002,1.0,0.166,8469.822454,0.305665,0.0,3970,1410954,1410954,1.0,1725,1725,1.0,120000,0,1,S10|M3_IMBALANCED|22|B|L1|F1,true,false,false,/home/cyfer/FYP/WSN_simulation_V3/runs/S10_5000/outputs_production_50seed_part21_25/run_campaign_v3_S10_M3_IMBALANCED_B_L1_F1_H1_seed022_22_20260603_092130
campaign_v3_S10_M3_IMBALANCED_B_L1_F1_H1_seed023,campaign_v3_S10_M3_IMBALANCED_B_L1_F1_H1_seed023_23_20260603_092509,S10,5000,200,6,M3_IMBALANCED,23,B,L1,F1,H1,V3,map_S10_M3_IMBALANCED_seed023,e367f313da26a5133984d38d221a33f416b25690ef772f23b25f5d5b25833be6,271.56,531.637,191.76,397.589,25,1958,6.9645,0.0852,60.0,21.404,81.404,141.404,150.0,90.0,6.396,6.0,1.0,0.003,1.0,0.129,8475.196164,0.304609,0.0,3964,1410790,1410790,1.0,1752,1752,1.0,120000,0,1,S10|M3_IMBALANCED|23|B|L1|F1,true,false,false,/home/cyfer/FYP/WSN_simulation_V3/runs/S10_5000/outputs_production_50seed_part21_25/run_campaign_v3_S10_M3_IMBALANCED_B_L1_F1_H1_seed023_23_20260603_092509
campaign_v3_S10_M3_IMBALANCED_B_L1_F1_H1_seed024,campaign_v3_S10_M3_IMBALANCED_B_L1_F1_H1_seed024_24_20260603_092840,S10,5000,200,6,M3_IMBALANCED,24,B,L1,F1,H1,V3,map_S10_M3_IMBALANCED_seed024,d4fcdbab3e21c8a33f88ff2b287a8e6949bdd1852caa2d67aadf3217ab93b930,265.519,487.791,195.253,396.766,25,1557,5.5926,0.088,60.0,22.229,82.229,142.229,150.0,90.0,6.335,6.0,1.0,0.003,1.0,0.109,8435.236987,0.3126,0.0,3939,1410785,1410785,1.0,1725,1725,1.0,120000,0,1,S10|M3_IMBALANCED|24|B|L1|F1,true,false,false,/home/cyfer/FYP/WSN_simulation_V3/runs/S10_5000/outputs_production_50seed_part21_25/run_campaign_v3_S10_M3_IMBALANCED_B_L1_F1_H1_seed024_24_20260603_092840
campaign_v3_S10_M3_IMBALANCED_B_L1_F1_H1_seed025,campaign_v3_S10_M3_IMBALANCED_B_L1_F1_H1_seed025_25_20260603_093210,S10,5000,200,6,M3_IMBALANCED,25,B,L1,F1,H1,V3,map_S10_M3_IMBALANCED_seed025,687923e270312d4744e89dd4ec6d8f22cc8c5d37a4fc890b6003193970c00975,272.924,515.084,190.641,392.381,25,1275,5.6059,0.0952,60.0,22.329,82.329,142.329,150.0,90.0,6.432,6.0,1.0,0.005,1.0,0.139,8441.715302,0.311313,0.0,3953,1410702,1410702,1.0,1698,1698,1.0,120000,0,1,S10|M3_IMBALANCED|25|B|L1|F1,true,false,false,/home/cyfer/FYP/WSN_simulation_V3/runs/S10_5000/outputs_production_50seed_part21_25/run_campaign_v3_S10_M3_IMBALANCED_B_L1_F1_H1_seed025_25_20260603_093210
campaign_v3_S10_M3_IMBALANCED_B_L1_F1_H3_seed021,campaign_v3_S10_M3_IMBALANCED_B_L1_F1_H3_seed021_21_20260603_091751,S10,5000,200,6,M3_IMBALANCED,21,B,L1,F1,H3,V3,map_S10_M3_IMBALANCED_seed021,10dd9692d055e1a6cf35bb5f2b17a5aab85811368735dcd5afb6cc2cbd4c5885,269.564,492.137,193.318,380.096,25,1495,6.1095,0.0928,60.0,27.441,87.441,147.441,150.0,90.0,6.214,6.0,1.0,0.008,1.0,0.063,8467.026538,0.306304,0.0,3968,1409262,1409262,1.0,1716,1716,1.0,119850,0,1,S10|M3_IMBALANCED|21|B|L1|F1,true,false,false,/home/cyfer/FYP/WSN_simulation_V3/runs/S10_5000/outputs_production_50seed_part21_25/run_campaign_v3_S10_M3_IMBALANCED_B_L1_F1_H3_seed021_21_20260603_091751
campaign_v3_S10_M3_IMBALANCED_B_L1_F1_H3_seed022,campaign_v3_S10_M3_IMBALANCED_B_L1_F1_H3_seed022_22_20260603_092135,S10,5000,200,6,M3_IMBALANCED,22,B,L1,F1,H3,V3,map_S10_M3_IMBALANCED_seed022,c545d218ebbb7863435993b90917ac4b14ce4d68866c53b228f947d94af8525c,266.827,463.648,194.198,405.634,25,1898,6.8223,0.0924,60.0,27.632,87.632,147.632,150.0,90.0,6.503,6.0,1.0,0.002,1.0,0.166,8469.440962,0.305741,0.0,3970,1410789,1410789,1.0,1725,1725,1.0,119975,0,1,S10|M3_IMBALANCED|22|B|L1|F1,true,false,false,/home/cyfer/FYP/WSN_simulation_V3/runs/S10_5000/outputs_production_50seed_part21_25/run_campaign_v3_S10_M3_IMBALANCED_B_L1_F1_H3_seed022_22_20260603_092135
campaign_v3_S10_M3_IMBALANCED_B_L1_F1_H3_seed023,campaign_v3_S10_M3_IMBALANCED_B_L1_F1_H3_seed023_23_20260603_092513,S10,5000,200,6,M3_IMBALANCED,23,B,L1,F1,H3,V3,map_S10_M3_IMBALANCED_seed023,e367f313da26a5133984d38d221a33f416b25690ef772f23b25f5d5b25833be6,271.56,531.637,191.76,397.589,25,1958,6.9645,0.0852,60.0,27.523,87.523,147.523,150.0,90.0,6.396,6.0,1.0,0.003,1.0,0.129,8474.395162,0.304769,0.0,3964,1410466,1410466,1.0,1752,1752,1.0,119950,0,1,S10|M3_IMBALANCED|23|B|L1|F1,true,false,false,/home/cyfer/FYP/WSN_simulation_V3/runs/S10_5000/outputs_production_50seed_part21_25/run_campaign_v3_S10_M3_IMBALANCED_B_L1_F1_H3_seed023_23_20260603_092513
campaign_v3_S10_M3_IMBALANCED_B_L1_F1_H3_seed024,campaign_v3_S10_M3_IMBALANCED_B_L1_F1_H3_seed024_24_20260603_092844,S10,5000,200,6,M3_IMBALANCED,24,B,L1,F1,H3,V3,map_S10_M3_IMBALANCED_seed024,d4fcdbab3e21c8a33f88ff2b287a8e6949bdd1852caa2d67aadf3217ab93b930,265.519,487.791,195.253,396.766,25,1557,5.5926,0.088,60.0,27.833,87.833,147.833,150.0,90.0,6.335,6.0,1.0,0.003,1.0,0.109,8434.633716,0.31272,0.0,3939,1410466,1410466,1.0,1725,1725,1.0,119950,0,1,S10|M3_IMBALANCED|24|B|L1|F1,true,false,false,/home/cyfer/FYP/WSN_simulation_V3/runs/S10_5000/outputs_production_50seed_part21_25/run_campaign_v3_S10_M3_IMBALANCED_B_L1_F1_H3_seed024_24_20260603_092844
campaign_v3_S10_M3_IMBALANCED_B_L1_F1_H3_seed025,campaign_v3_S10_M3_IMBALANCED_B_L1_F1_H3_seed025_25_20260603_093214,S10,5000,200,6,M3_IMBALANCED,25,B,L1,F1,H3,V3,map_S10_M3_IMBALANCED_seed025,687923e270312d4744e89dd4ec6d8f22cc8c5d37a4fc890b6003193970c00975,272.924,515.084,190.641,392.381,25,1275,5.6059,0.0952,60.0,27.751,87.751,147.751,150.0,90.0,6.432,6.0,1.0,0.005,1.0,0.139,8440.488492,0.311558,0.0,3953,1410231,1410231,1.0,1698,1698,1.0,119925,0,1,S10|M3_IMBALANCED|25|B|L1|F1,true,false,false,/home/cyfer/FYP/WSN_simulation_V3/runs/S10_5000/outputs_production_50seed_part21_25/run_campaign_v3_S10_M3_IMBALANCED_B_L1_F1_H3_seed025_25_20260603_093214
campaign_v3_S10_M3_IMBALANCED_B_L1_F1_H4_seed021,campaign_v3_S10_M3_IMBALANCED_B_L1_F1_H4_seed021_21_20260603_091755,S10,5000,200,6,M3_IMBALANCED,21,B,L1,F1,H4,V3,map_S10_M3_IMBALANCED_seed021,10dd9692d055e1a6cf35bb5f2b17a5aab85811368735dcd5afb6cc2cbd4c5885,269.564,492.137,193.318,380.096,25,1495,6.1095,0.0928,60.0,31.618,91.618,151.618,160.0,100.0,6.214,6.0,1.0,0.008,1.0,0.063,8467.174634,0.306274,0.0,3969,1409397,1409397,1.0,1715,1715,1.0,119879,0,1,S10|M3_IMBALANCED|21|B|L1|F1,true,false,false,/home/cyfer/FYP/WSN_simulation_V3/runs/S10_5000/outputs_production_50seed_part21_25/run_campaign_v3_S10_M3_IMBALANCED_B_L1_F1_H4_seed021_21_20260603_091755
campaign_v3_S10_M3_IMBALANCED_B_L1_F1_H4_seed022,campaign_v3_S10_M3_IMBALANCED_B_L1_F1_H4_seed022_22_20260603_092140,S10,5000,200,6,M3_IMBALANCED,22,B,L1,F1,H4,V3,map_S10_M3_IMBALANCED_seed022,c545d218ebbb7863435993b90917ac4b14ce4d68866c53b228f947d94af8525c,266.827,463.648,194.198,405.634,25,1898,6.8223,0.0924,60.0,31.615,91.615,151.615,160.0,100.0,6.503,6.0,1.0,0.002,1.0,0.166,8469.206365,0.305788,0.0,3970,1410654,1410654,1.0,1724,1724,1.0,119954,0,1,S10|M3_IMBALANCED|22|B|L1|F1,true,false,false,/home/cyfer/FYP/WSN_simulation_V3/runs/S10_5000/outputs_production_50seed_part21_25/run_campaign_v3_S10_M3_IMBALANCED_B_L1_F1_H4_seed022_22_20260603_092140
campaign_v3_S10_M3_IMBALANCED_B_L1_F1_H4_seed023,campaign_v3_S10_M3_IMBALANCED_B_L1_F1_H4_seed023_23_20260603_092518,S10,5000,200,6,M3_IMBALANCED,23,B,L1,F1,H4,V3,map_S10_M3_IMBALANCED_seed023,e367f313da26a5133984d38d221a33f416b25690ef772f23b25f5d5b25833be6,271.56,531.637,191.76,397.589,25,1958,6.9645,0.0852,60.0,31.975,91.975,151.975,160.0,100.0,6.396,6.0,1.0,0.003,1.0,0.129,8473.649676,0.304918,0.0,3964,1410041,1410041,1.0,1751,1751,1.0,119879,0,1,S10|M3_IMBALANCED|23|B|L1|F1,true,false,false,/home/cyfer/FYP/WSN_simulation_V3/runs/S10_5000/outputs_production_50seed_part21_25/run_campaign_v3_S10_M3_IMBALANCED_B_L1_F1_H4_seed023_23_20260603_092518
campaign_v3_S10_M3_IMBALANCED_B_L1_F1_H4_seed024,campaign_v3_S10_M3_IMBALANCED_B_L1_F1_H4_seed024_24_20260603_092849,S10,5000,200,6,M3_IMBALANCED,24,B,L1,F1,H4,V3,map_S10_M3_IMBALANCED_seed024,d4fcdbab3e21c8a33f88ff2b287a8e6949bdd1852caa2d67aadf3217ab93b930,265.519,487.791,195.253,396.766,25,1557,5.5926,0.088,60.0,32.237,92.237,152.237,160.0,100.0,6.335,6.0,1.0,0.003,1.0,0.109,8433.366613,0.312974,0.0,3939,1409899,1409899,1.0,1724,1724,1.0,119854,0,1,S10|M3_IMBALANCED|24|B|L1|F1,true,false,false,/home/cyfer/FYP/WSN_simulation_V3/runs/S10_5000/outputs_production_50seed_part21_25/run_campaign_v3_S10_M3_IMBALANCED_B_L1_F1_H4_seed024_24_20260603_092849
campaign_v3_S10_M3_IMBALANCED_B_L1_F1_H4_seed025,campaign_v3_S10_M3_IMBALANCED_B_L1_F1_H4_seed025_25_20260603_093219,S10,5000,200,6,M3_IMBALANCED,25,B,L1,F1,H4,V3,map_S10_M3_IMBALANCED_seed025,687923e270312d4744e89dd4ec6d8f22cc8c5d37a4fc890b6003193970c00975,272.924,515.084,190.641,392.381,25,1275,5.6059,0.0952,60.0,31.978,91.978,151.978,160.0,100.0,6.432,6.0,1.0,0.005,1.0,0.139,8441.001499,0.311455,0.0,3953,1410378,1410378,1.0,1697,1697,1.0,119954,0,1,S10|M3_IMBALANCED|25|B|L1|F1,true,false,false,/home/cyfer/FYP/WSN_simulation_V3/runs/S10_5000/outputs_production_50seed_part21_25/run_campaign_v3_S10_M3_IMBALANCED_B_L1_F1_H4_seed025_25_20260603_093219
campaign_v3_S10_M3_IMBALANCED_B_L1_F2_H0_seed021,campaign_v3_S10_M3_IMBALANCED_B_L1_F2_H0_seed021_21_20260603_091737,S10,5000,200,6,M3_IMBALANCED,21,B,L1,F2,H0,V2,map_S10_M3_IMBALANCED_seed021,10dd9692d055e1a6cf35bb5f2b17a5aab85811368735dcd5afb6cc2cbd4c5885,269.564,492.137,193.318,380.096,25,1495,6.1095,0.0928,60.0,-1.0,-1.0,-1.0,-1.0,-1.0,0.0,0.0,0.0,0.0,0.0,0.0,8467.500593,0.3065,0.0,3968,1410025,1410025,1.0,1711,1711,1.0,120025,1,0,S10|M3_IMBALANCED|21|B|L1|F2,false,false,true,/home/cyfer/FYP/WSN_simulation_V3/runs/S10_5000/outputs_production_50seed_part21_25/run_campaign_v3_S10_M3_IMBALANCED_B_L1_F2_H0_seed021_21_20260603_091737
campaign_v3_S10_M3_IMBALANCED_B_L1_F2_H0_seed022,campaign_v3_S10_M3_IMBALANCED_B_L1_F2_H0_seed022_22_20260603_092123,S10,5000,200,6,M3_IMBALANCED,22,B,L1,F2,H0,V2,map_S10_M3_IMBALANCED_seed022,c545d218ebbb7863435993b90917ac4b14ce4d68866c53b228f947d94af8525c,266.827,463.648,194.198,405.634,25,1898,6.8223,0.0924,60.0,-1.0,-1.0,-1.0,-1.0,-1.0,0.0,0.0,0.0,0.0,0.0,0.0,8469.438803,0.306112,0.0,3969,1410730,1410730,1.0,1720,1720,1.0,120010,1,0,S10|M3_IMBALANCED|22|B|L1|F2,false,false,true,/home/cyfer/FYP/WSN_simulation_V3/runs/S10_5000/outputs_production_50seed_part21_25/run_campaign_v3_S10_M3_IMBALANCED_B_L1_F2_H0_seed022_22_20260603_092123
campaign_v3_S10_M3_IMBALANCED_B_L1_F2_H0_seed023,campaign_v3_S10_M3_IMBALANCED_B_L1_F2_H0_seed023_23_20260603_092502,S10,5000,200,6,M3_IMBALANCED,23,B,L1,F2,H0,V2,map_S10_M3_IMBALANCED_seed023,e367f313da26a5133984d38d221a33f416b25690ef772f23b25f5d5b25833be6,271.56,531.637,191.76,397.589,25,1958,6.9645,0.0852,60.0,-1.0,-1.0,-1.0,-1.0,-1.0,0.0,0.0,0.0,0.0,0.0,0.0,8473.718976,0.305256,0.0,3963,1410025,1410025,1.0,1747,1747,1.0,120025,1,0,S10|M3_IMBALANCED|23|B|L1|F2,false,false,true,/home/cyfer/FYP/WSN_simulation_V3/runs/S10_5000/outputs_production_50seed_part21_25/run_campaign_v3_S10_M3_IMBALANCED_B_L1_F2_H0_seed023_23_20260603_092502
campaign_v3_S10_M3_IMBALANCED_B_L1_F2_H0_seed024,campaign_v3_S10_M3_IMBALANCED_B_L1_F2_H0_seed024_24_20260603_092833,S10,5000,200,6,M3_IMBALANCED,24,B,L1,F2,H0,V2,map_S10_M3_IMBALANCED_seed024,d4fcdbab3e21c8a33f88ff2b287a8e6949bdd1852caa2d67aadf3217ab93b930,265.519,487.791,195.253,396.766,25,1557,5.5926,0.088,60.0,-1.0,-1.0,-1.0,-1.0,-1.0,0.0,0.0,0.0,0.0,0.0,0.0,8433.261931,0.313348,0.0,3938,1409790,1409790,1.0,1720,1720,1.0,120030,1,0,S10|M3_IMBALANCED|24|B|L1|F2,false,false,true,/home/cyfer/FYP/WSN_simulation_V3/runs/S10_5000/outputs_production_50seed_part21_25/run_campaign_v3_S10_M3_IMBALANCED_B_L1_F2_H0_seed024_24_20260603_092833
campaign_v3_S10_M3_IMBALANCED_B_L1_F2_H0_seed025,campaign_v3_S10_M3_IMBALANCED_B_L1_F2_H0_seed025_25_20260603_093203,S10,5000,200,6,M3_IMBALANCED,25,B,L1,F2,H0,V2,map_S10_M3_IMBALANCED_seed025,687923e270312d4744e89dd4ec6d8f22cc8c5d37a4fc890b6003193970c00975,272.924,515.084,190.641,392.381,25,1275,5.6059,0.0952,60.0,-1.0,-1.0,-1.0,-1.0,-1.0,0.0,0.0,0.0,0.0,0.0,0.0,8441.840032,0.311632,0.0,3952,1410730,1410730,1.0,1693,1693,1.0,120010,1,0,S10|M3_IMBALANCED|25|B|L1|F2,false,false,true,/home/cyfer/FYP/WSN_simulation_V3/runs/S10_5000/outputs_production_50seed_part21_25/run_campaign_v3_S10_M3_IMBALANCED_B_L1_F2_H0_seed025_25_20260603_093203
campaign_v3_S10_M3_IMBALANCED_B_L1_F2_H1_seed021,campaign_v3_S10_M3_IMBALANCED_B_L1_F2_H1_seed021_21_20260603_091801,S10,5000,200,6,M3_IMBALANCED,21,B,L1,F2,H1,V3,map_S10_M3_IMBALANCED_seed021,10dd9692d055e1a6cf35bb5f2b17a5aab85811368735dcd5afb6cc2cbd4c5885,269.564,492.137,193.318,380.096,25,1495,6.1095,0.0928,60.0,27.155,87.155,147.155,150.0,90.0,3.539,6.0,1.0,0.003,0.115,0.061,8469.194933,0.306161,0.0,3968,1410760,1410760,1.0,1716,1716,1.0,120000,0,1,S10|M3_IMBALANCED|21|B|L1|F2,true,false,false,/home/cyfer/FYP/WSN_simulation_V3/runs/S10_5000/outputs_production_50seed_part21_25/run_campaign_v3_S10_M3_IMBALANCED_B_L1_F2_H1_seed021_21_20260603_091801
campaign_v3_S10_M3_IMBALANCED_B_L1_F2_H1_seed022,campaign_v3_S10_M3_IMBALANCED_B_L1_F2_H1_seed022_22_20260603_092145,S10,5000,200,6,M3_IMBALANCED,22,B,L1,F2,H1,V3,map_S10_M3_IMBALANCED_seed022,c545d218ebbb7863435993b90917ac4b14ce4d68866c53b228f947d94af8525c,266.827,463.648,194.198,405.634,25,1898,6.8223,0.0924,60.0,27.002,87.002,147.002,150.0,90.0,3.18,6.0,1.0,0.001,0.044,0.015,8470.069609,0.305986,0.0,3969,1411024,1411024,1.0,1725,1725,1.0,120000,0,1,S10|M3_IMBALANCED|22|B|L1|F2,true,false,false,/home/cyfer/FYP/WSN_simulation_V3/runs/S10_5000/outputs_production_50seed_part21_25/run_campaign_v3_S10_M3_IMBALANCED_B_L1_F2_H1_seed022_22_20260603_092145
campaign_v3_S10_M3_IMBALANCED_B_L1_F2_H1_seed023,campaign_v3_S10_M3_IMBALANCED_B_L1_F2_H1_seed023_23_20260603_092523,S10,5000,200,6,M3_IMBALANCED,23,B,L1,F2,H1,V3,map_S10_M3_IMBALANCED_seed023,e367f313da26a5133984d38d221a33f416b25690ef772f23b25f5d5b25833be6,271.56,531.637,191.76,397.589,25,1958,6.9645,0.0852,60.0,27.032,87.032,147.032,150.0,90.0,3.501,6.0,1.0,0.003,0.109,0.055,8475.247021,0.304951,0.0,3963,1410760,1410760,1.0,1752,1752,1.0,120000,0,1,S10|M3_IMBALANCED|23|B|L1|F2,true,false,false,/home/cyfer/FYP/WSN_simulation_V3/runs/S10_5000/outputs_production_50seed_part21_25/run_campaign_v3_S10_M3_IMBALANCED_B_L1_F2_H1_seed023_23_20260603_092523
campaign_v3_S10_M3_IMBALANCED_B_L1_F2_H1_seed024,campaign_v3_S10_M3_IMBALANCED_B_L1_F2_H1_seed024_24_20260603_092855,S10,5000,200,6,M3_IMBALANCED,24,B,L1,F2,H1,V3,map_S10_M3_IMBALANCED_seed024,d4fcdbab3e21c8a33f88ff2b287a8e6949bdd1852caa2d67aadf3217ab93b930,265.519,487.791,195.253,396.766,25,1557,5.5926,0.088,60.0,27.504,87.504,147.504,150.0,90.0,3.703,6.0,1.0,0.004,0.135,0.096,8435.090721,0.312982,0.0,3938,1410672,1410672,1.0,1725,1725,1.0,120000,0,1,S10|M3_IMBALANCED|24|B|L1|F2,true,false,false,/home/cyfer/FYP/WSN_simulation_V3/runs/S10_5000/outputs_production_50seed_part21_25/run_campaign_v3_S10_M3_IMBALANCED_B_L1_F2_H1_seed024_24_20260603_092855
campaign_v3_S10_M3_IMBALANCED_B_L1_F2_H1_seed025,campaign_v3_S10_M3_IMBALANCED_B_L1_F2_H1_seed025_25_20260603_093224,S10,5000,200,6,M3_IMBALANCED,25,B,L1,F2,H1,V3,map_S10_M3_IMBALANCED_seed025,687923e270312d4744e89dd4ec6d8f22cc8c5d37a4fc890b6003193970c00975,272.924,515.084,190.641,392.381,25,1275,5.6059,0.0952,60.0,26.377,86.377,146.377,150.0,90.0,3.336,6.0,1.0,0.002,0.047,0.063,8442.446657,0.311511,0.0,3952,1411026,1411026,1.0,1698,1698,1.0,120000,0,1,S10|M3_IMBALANCED|25|B|L1|F2,true,false,false,/home/cyfer/FYP/WSN_simulation_V3/runs/S10_5000/outputs_production_50seed_part21_25/run_campaign_v3_S10_M3_IMBALANCED_B_L1_F2_H1_seed025_25_20260603_093224
campaign_v3_S10_M3_IMBALANCED_B_L1_F2_H3_seed021,campaign_v3_S10_M3_IMBALANCED_B_L1_F2_H3_seed021_21_20260603_091803,S10,5000,200,6,M3_IMBALANCED,21,B,L1,F2,H3,V3,map_S10_M3_IMBALANCED_seed021,10dd9692d055e1a6cf35bb5f2b17a5aab85811368735dcd5afb6cc2cbd4c5885,269.564,492.137,193.318,380.096,25,1495,6.1095,0.0928,60.0,32.805,92.805,152.805,160.0,100.0,3.539,6.0,1.0,0.003,0.115,0.061,8468.589721,0.306282,0.0,3968,1410451,1410451,1.0,1715,1715,1.0,119950,0,1,S10|M3_IMBALANCED|21|B|L1|F2,true,false,false,/home/cyfer/FYP/WSN_simulation_V3/runs/S10_5000/outputs_production_50seed_part21_25/run_campaign_v3_S10_M3_IMBALANCED_B_L1_F2_H3_seed021_21_20260603_091803
campaign_v3_S10_M3_IMBALANCED_B_L1_F2_H3_seed022,campaign_v3_S10_M3_IMBALANCED_B_L1_F2_H3_seed022_22_20260603_092148,S10,5000,200,6,M3_IMBALANCED,22,B,L1,F2,H3,V3,map_S10_M3_IMBALANCED_seed022,c545d218ebbb7863435993b90917ac4b14ce4d68866c53b228f947d94af8525c,266.827,463.648,194.198,405.634,25,1898,6.8223,0.0924,60.0,32.891,92.891,152.891,160.0,100.0,3.18,6.0,1.0,0.001,0.044,0.015,8469.673552,0.306065,0.0,3969,1410872,1410872,1.0,1724,1724,1.0,119975,0,1,S10|M3_IMBALANCED|22|B|L1|F2,true,false,false,/home/cyfer/FYP/WSN_simulation_V3/runs/S10_5000/outputs_production_50seed_part21_25/run_campaign_v3_S10_M3_IMBALANCED_B_L1_F2_H3_seed022_22_20260603_092148
campaign_v3_S10_M3_IMBALANCED_B_L1_F2_H3_seed023,campaign_v3_S10_M3_IMBALANCED_B_L1_F2_H3_seed023_23_20260603_092526,S10,5000,200,6,M3_IMBALANCED,23,B,L1,F2,H3,V3,map_S10_M3_IMBALANCED_seed023,e367f313da26a5133984d38d221a33f416b25690ef772f23b25f5d5b25833be6,271.56,531.637,191.76,397.589,25,1958,6.9645,0.0852,60.0,32.525,92.525,152.525,160.0,100.0,3.501,6.0,1.0,0.003,0.109,0.055,8474.539468,0.305092,0.0,3963,1410451,1410451,1.0,1751,1751,1.0,119950,0,1,S10|M3_IMBALANCED|23|B|L1|F2,true,false,false,/home/cyfer/FYP/WSN_simulation_V3/runs/S10_5000/outputs_production_50seed_part21_25/run_campaign_v3_S10_M3_IMBALANCED_B_L1_F2_H3_seed023_23_20260603_092526
campaign_v3_S10_M3_IMBALANCED_B_L1_F2_H3_seed024,campaign_v3_S10_M3_IMBALANCED_B_L1_F2_H3_seed024_24_20260603_092857,S10,5000,200,6,M3_IMBALANCED,24,B,L1,F2,H3,V3,map_S10_M3_IMBALANCED_seed024,d4fcdbab3e21c8a33f88ff2b287a8e6949bdd1852caa2d67aadf3217ab93b930,265.519,487.791,195.253,396.766,25,1557,5.5926,0.088,60.0,32.76,92.76,152.76,160.0,100.0,3.703,6.0,1.0,0.004,0.135,0.096,8434.176614,0.313165,0.0,3938,1410216,1410216,1.0,1724,1724,1.0,119925,0,1,S10|M3_IMBALANCED|24|B|L1|F2,true,false,false,/home/cyfer/FYP/WSN_simulation_V3/runs/S10_5000/outputs_production_50seed_part21_25/run_campaign_v3_S10_M3_IMBALANCED_B_L1_F2_H3_seed024_24_20260603_092857
campaign_v3_S10_M3_IMBALANCED_B_L1_F2_H3_seed025,campaign_v3_S10_M3_IMBALANCED_B_L1_F2_H3_seed025_25_20260603_093227,S10,5000,200,6,M3_IMBALANCED,25,B,L1,F2,H3,V3,map_S10_M3_IMBALANCED_seed025,687923e270312d4744e89dd4ec6d8f22cc8c5d37a4fc890b6003193970c00975,272.924,515.084,190.641,392.381,25,1275,5.6059,0.0952,60.0,33.214,93.214,153.214,160.0,100.0,3.336,6.0,1.0,0.002,0.047,0.063,8442.207385,0.311559,0.0,3952,1410871,1410871,1.0,1697,1697,1.0,119975,0,1,S10|M3_IMBALANCED|25|B|L1|F2,true,false,false,/home/cyfer/FYP/WSN_simulation_V3/runs/S10_5000/outputs_production_50seed_part21_25/run_campaign_v3_S10_M3_IMBALANCED_B_L1_F2_H3_seed025_25_20260603_093227
campaign_v3_S10_M3_IMBALANCED_B_L1_F2_H4_seed021,campaign_v3_S10_M3_IMBALANCED_B_L1_F2_H4_seed021_21_20260603_091805,S10,5000,200,6,M3_IMBALANCED,21,B,L1,F2,H4,V3,map_S10_M3_IMBALANCED_seed021,10dd9692d055e1a6cf35bb5f2b17a5aab85811368735dcd5afb6cc2cbd4c5885,269.564,492.137,193.318,380.096,25,1495,6.1095,0.0928,60.0,36.752,96.752,156.752,160.0,100.0,3.539,6.0,1.0,0.003,0.115,0.061,8469.087118,0.306183,0.0,3968,1410715,1410715,1.0,1715,1715,1.0,120000,0,1,S10|M3_IMBALANCED|21|B|L1|F2,true,false,false,/home/cyfer/FYP/WSN_simulation_V3/runs/S10_5000/outputs_production_50seed_part21_25/run_campaign_v3_S10_M3_IMBALANCED_B_L1_F2_H4_seed021_21_20260603_091805
campaign_v3_S10_M3_IMBALANCED_B_L1_F2_H4_seed022,campaign_v3_S10_M3_IMBALANCED_B_L1_F2_H4_seed022_22_20260603_092151,S10,5000,200,6,M3_IMBALANCED,22,B,L1,F2,H4,V3,map_S10_M3_IMBALANCED_seed022,c545d218ebbb7863435993b90917ac4b14ce4d68866c53b228f947d94af8525c,266.827,463.648,194.198,405.634,25,1898,6.8223,0.0924,60.0,36.705,96.705,156.705,160.0,100.0,3.18,6.0,1.0,0.001,0.044,0.015,8470.028552,0.305994,0.0,3969,1411006,1411006,1.0,1724,1724,1.0,120000,0,1,S10|M3_IMBALANCED|22|B|L1|F2,true,false,false,/home/cyfer/FYP/WSN_simulation_V3/runs/S10_5000/outputs_production_50seed_part21_25/run_campaign_v3_S10_M3_IMBALANCED_B_L1_F2_H4_seed022_22_20260603_092151
campaign_v3_S10_M3_IMBALANCED_B_L1_F2_H4_seed023,campaign_v3_S10_M3_IMBALANCED_B_L1_F2_H4_seed023_23_20260603_092528,S10,5000,200,6,M3_IMBALANCED,23,B,L1,F2,H4,V3,map_S10_M3_IMBALANCED_seed023,e367f313da26a5133984d38d221a33f416b25690ef772f23b25f5d5b25833be6,271.56,531.637,191.76,397.589,25,1958,6.9645,0.0852,60.0,36.57,96.57,156.57,160.0,100.0,3.501,6.0,1.0,0.003,0.109,0.055,8475.149774,0.30497,0.0,3963,1410715,1410715,1.0,1751,1751,1.0,120000,0,1,S10|M3_IMBALANCED|23|B|L1|F2,true,false,false,/home/cyfer/FYP/WSN_simulation_V3/runs/S10_5000/outputs_production_50seed_part21_25/run_campaign_v3_S10_M3_IMBALANCED_B_L1_F2_H4_seed023_23_20260603_092528
campaign_v3_S10_M3_IMBALANCED_B_L1_F2_H4_seed024,campaign_v3_S10_M3_IMBALANCED_B_L1_F2_H4_seed024_24_20260603_092859,S10,5000,200,6,M3_IMBALANCED,24,B,L1,F2,H4,V3,map_S10_M3_IMBALANCED_seed024,d4fcdbab3e21c8a33f88ff2b287a8e6949bdd1852caa2d67aadf3217ab93b930,265.519,487.791,195.253,396.766,25,1557,5.5926,0.088,60.0,37.137,97.137,157.137,160.0,100.0,3.703,6.0,1.0,0.004,0.135,0.096,8434.961905,0.313008,0.0,3938,1410612,1410612,1.0,1724,1724,1.0,120000,0,1,S10|M3_IMBALANCED|24|B|L1|F2,true,false,false,/home/cyfer/FYP/WSN_simulation_V3/runs/S10_5000/outputs_production_50seed_part21_25/run_campaign_v3_S10_M3_IMBALANCED_B_L1_F2_H4_seed024_24_20260603_092859
campaign_v3_S10_M3_IMBALANCED_B_L1_F2_H4_seed025,campaign_v3_S10_M3_IMBALANCED_B_L1_F2_H4_seed025_25_20260603_093229,S10,5000,200,6,M3_IMBALANCED,25,B,L1,F2,H4,V3,map_S10_M3_IMBALANCED_seed025,687923e270312d4744e89dd4ec6d8f22cc8c5d37a4fc890b6003193970c00975,272.924,515.084,190.641,392.381,25,1275,5.6059,0.0952,60.0,36.805,96.805,156.805,160.0,100.0,3.336,6.0,1.0,0.002,0.047,0.063,8442.402183,0.31152,0.0,3952,1411006,1411006,1.0,1697,1697,1.0,120000,0,1,S10|M3_IMBALANCED|25|B|L1|F2,true,false,false,/home/cyfer/FYP/WSN_simulation_V3/runs/S10_5000/outputs_production_50seed_part21_25/run_campaign_v3_S10_M3_IMBALANCED_B_L1_F2_H4_seed025_25_20260603_093229
campaign_v3_S10_M3_IMBALANCED_B_L1_F3_H0_seed021,campaign_v3_S10_M3_IMBALANCED_B_L1_F3_H0_seed021_21_20260603_091740,S10,5000,200,6,M3_IMBALANCED,21,B,L1,F3,H0,V2,map_S10_M3_IMBALANCED_seed021,10dd9692d055e1a6cf35bb5f2b17a5aab85811368735dcd5afb6cc2cbd4c5885,269.564,492.137,193.318,380.096,25,1495,6.1095,0.0928,60.0,-1.0,-1.0,-1.0,-1.0,-1.0,0.0,0.0,0.0,0.0,0.0,0.0,8467.272978,0.306545,0.0,3968,1410025,1410025,1.0,1711,1711,1.0,120025,1,0,S10|M3_IMBALANCED|21|B|L1|F3,false,false,true,/home/cyfer/FYP/WSN_simulation_V3/runs/S10_5000/outputs_production_50seed_part21_25/run_campaign_v3_S10_M3_IMBALANCED_B_L1_F3_H0_seed021_21_20260603_091740
campaign_v3_S10_M3_IMBALANCED_B_L1_F3_H0_seed022,campaign_v3_S10_M3_IMBALANCED_B_L1_F3_H0_seed022_22_20260603_092125,S10,5000,200,6,M3_IMBALANCED,22,B,L1,F3,H0,V2,map_S10_M3_IMBALANCED_seed022,c545d218ebbb7863435993b90917ac4b14ce4d68866c53b228f947d94af8525c,266.827,463.648,194.198,405.634,25,1898,6.8223,0.0924,60.0,-1.0,-1.0,-1.0,-1.0,-1.0,0.0,0.0,0.0,0.0,0.0,0.0,8467.839068,0.306432,0.0,3969,1410025,1410025,1.0,1720,1720,1.0,120025,1,0,S10|M3_IMBALANCED|22|B|L1|F3,false,false,true,/home/cyfer/FYP/WSN_simulation_V3/runs/S10_5000/outputs_production_50seed_part21_25/run_campaign_v3_S10_M3_IMBALANCED_B_L1_F3_H0_seed022_22_20260603_092125
campaign_v3_S10_M3_IMBALANCED_B_L1_F3_H0_seed023,campaign_v3_S10_M3_IMBALANCED_B_L1_F3_H0_seed023_23_20260603_092504,S10,5000,200,6,M3_IMBALANCED,23,B,L1,F3,H0,V2,map_S10_M3_IMBALANCED_seed023,e367f313da26a5133984d38d221a33f416b25690ef772f23b25f5d5b25833be6,271.56,531.637,191.76,397.589,25,1958,6.9645,0.0852,60.0,-1.0,-1.0,-1.0,-1.0,-1.0,0.0,0.0,0.0,0.0,0.0,0.0,8472.5966,0.305481,0.0,3962,1409555,1409555,1.0,1747,1747,1.0,120035,1,0,S10|M3_IMBALANCED|23|B|L1|F3,false,false,true,/home/cyfer/FYP/WSN_simulation_V3/runs/S10_5000/outputs_production_50seed_part21_25/run_campaign_v3_S10_M3_IMBALANCED_B_L1_F3_H0_seed023_23_20260603_092504
campaign_v3_S10_M3_IMBALANCED_B_L1_F3_H0_seed024,campaign_v3_S10_M3_IMBALANCED_B_L1_F3_H0_seed024_24_20260603_092835,S10,5000,200,6,M3_IMBALANCED,24,B,L1,F3,H0,V2,map_S10_M3_IMBALANCED_seed024,d4fcdbab3e21c8a33f88ff2b287a8e6949bdd1852caa2d67aadf3217ab93b930,265.519,487.791,195.253,396.766,25,1557,5.5926,0.088,60.0,-1.0,-1.0,-1.0,-1.0,-1.0,0.0,0.0,0.0,0.0,0.0,0.0,8434.937374,0.313013,0.0,3938,1410495,1410495,1.0,1720,1720,1.0,120015,1,0,S10|M3_IMBALANCED|24|B|L1|F3,false,false,true,/home/cyfer/FYP/WSN_simulation_V3/runs/S10_5000/outputs_production_50seed_part21_25/run_campaign_v3_S10_M3_IMBALANCED_B_L1_F3_H0_seed024_24_20260603_092835
campaign_v3_S10_M3_IMBALANCED_B_L1_F3_H0_seed025,campaign_v3_S10_M3_IMBALANCED_B_L1_F3_H0_seed025_25_20260603_093205,S10,5000,200,6,M3_IMBALANCED,25,B,L1,F3,H0,V2,map_S10_M3_IMBALANCED_seed025,687923e270312d4744e89dd4ec6d8f22cc8c5d37a4fc890b6003193970c00975,272.924,515.084,190.641,392.381,25,1275,5.6059,0.0952,60.0,-1.0,-1.0,-1.0,-1.0,-1.0,0.0,0.0,0.0,0.0,0.0,0.0,8440.269402,0.311946,0.0,3952,1410025,1410025,1.0,1693,1693,1.0,120025,1,0,S10|M3_IMBALANCED|25|B|L1|F3,false,false,true,/home/cyfer/FYP/WSN_simulation_V3/runs/S10_5000/outputs_production_50seed_part21_25/run_campaign_v3_S10_M3_IMBALANCED_B_L1_F3_H0_seed025_25_20260603_093205
campaign_v3_S10_M3_IMBALANCED_B_L1_F3_H1_seed021,campaign_v3_S10_M3_IMBALANCED_B_L1_F3_H1_seed021_21_20260603_091807,S10,5000,200,6,M3_IMBALANCED,21,B,L1,F3,H1,V3,map_S10_M3_IMBALANCED_seed021,10dd9692d055e1a6cf35bb5f2b17a5aab85811368735dcd5afb6cc2cbd4c5885,269.564,492.137,193.318,380.096,25,1495,6.1095,0.0928,60.0,31.273,91.273,151.273,160.0,100.0,3.834,6.0,1.0,0.003,0.121,0.153,8467.375448,0.306525,0.0,3968,1410041,1410041,1.0,1715,1715,1.0,119879,0,1,S10|M3_IMBALANCED|21|B|L1|F3,true,false,false,/home/cyfer/FYP/WSN_simulation_V3/runs/S10_5000/outputs_production_50seed_part21_25/run_campaign_v3_S10_M3_IMBALANCED_B_L1_F3_H1_seed021_21_20260603_091807
campaign_v3_S10_M3_IMBALANCED_B_L1_F3_H1_seed022,campaign_v3_S10_M3_IMBALANCED_B_L1_F3_H1_seed022_22_20260603_092153,S10,5000,200,6,M3_IMBALANCED,22,B,L1,F3,H1,V3,map_S10_M3_IMBALANCED_seed022,c545d218ebbb7863435993b90917ac4b14ce4d68866c53b228f947d94af8525c,266.827,463.648,194.198,405.634,25,1898,6.8223,0.0924,60.0,31.34,91.34,151.34,160.0,100.0,3.845,6.0,1.0,0.003,0.114,0.165,8467.935463,0.306413,0.0,3969,1410041,1410041,1.0,1724,1724,1.0,119879,0,1,S10|M3_IMBALANCED|22|B|L1|F3,true,false,false,/home/cyfer/FYP/WSN_simulation_V3/runs/S10_5000/outputs_production_50seed_part21_25/run_campaign_v3_S10_M3_IMBALANCED_B_L1_F3_H1_seed022_22_20260603_092153
campaign_v3_S10_M3_IMBALANCED_B_L1_F3_H1_seed023,campaign_v3_S10_M3_IMBALANCED_B_L1_F3_H1_seed023_23_20260603_092530,S10,5000,200,6,M3_IMBALANCED,23,B,L1,F3,H1,V3,map_S10_M3_IMBALANCED_seed023,e367f313da26a5133984d38d221a33f416b25690ef772f23b25f5d5b25833be6,271.56,531.637,191.76,397.589,25,1958,6.9645,0.0852,60.0,31.706,91.706,151.706,160.0,100.0,4.056,6.0,1.0,0.004,0.158,0.191,8472.717733,0.305456,0.0,3962,1409571,1409571,1.0,1751,1751,1.0,119829,0,1,S10|M3_IMBALANCED|23|B|L1|F3,true,false,false,/home/cyfer/FYP/WSN_simulation_V3/runs/S10_5000/outputs_production_50seed_part21_25/run_campaign_v3_S10_M3_IMBALANCED_B_L1_F3_H1_seed023_23_20260603_092530
campaign_v3_S10_M3_IMBALANCED_B_L1_F3_H1_seed024,campaign_v3_S10_M3_IMBALANCED_B_L1_F3_H1_seed024_24_20260603_092902,S10,5000,200,6,M3_IMBALANCED,24,B,L1,F3,H1,V3,map_S10_M3_IMBALANCED_seed024,d4fcdbab3e21c8a33f88ff2b287a8e6949bdd1852caa2d67aadf3217ab93b930,265.519,487.791,195.253,396.766,25,1557,5.5926,0.088,60.0,30.713,90.713,150.713,160.0,100.0,3.621,6.0,1.0,0.002,0.065,0.14,8435.018233,0.312996,0.0,3938,1410511,1410511,1.0,1724,1724,1.0,119929,0,1,S10|M3_IMBALANCED|24|B|L1|F3,true,false,false,/home/cyfer/FYP/WSN_simulation_V3/runs/S10_5000/outputs_production_50seed_part21_25/run_campaign_v3_S10_M3_IMBALANCED_B_L1_F3_H1_seed024_24_20260603_092902
campaign_v3_S10_M3_IMBALANCED_B_L1_F3_H1_seed025,campaign_v3_S10_M3_IMBALANCED_B_L1_F3_H1_seed025_25_20260603_093231,S10,5000,200,6,M3_IMBALANCED,25,B,L1,F3,H1,V3,map_S10_M3_IMBALANCED_seed025,687923e270312d4744e89dd4ec6d8f22cc8c5d37a4fc890b6003193970c00975,272.924,515.084,190.641,392.381,25,1275,5.6059,0.0952,60.0,31.157,91.157,151.157,160.0,100.0,3.47,6.0,1.0,0.004,0.114,0.039,8440.347721,0.31193,0.0,3952,1410041,1410041,1.0,1697,1697,1.0,119879,0,1,S10|M3_IMBALANCED|25|B|L1|F3,true,false,false,/home/cyfer/FYP/WSN_simulation_V3/runs/S10_5000/outputs_production_50seed_part21_25/run_campaign_v3_S10_M3_IMBALANCED_B_L1_F3_H1_seed025_25_20260603_093231
campaign_v3_S10_M3_IMBALANCED_B_L1_F3_H3_seed021,campaign_v3_S10_M3_IMBALANCED_B_L1_F3_H3_seed021_21_20260603_091809,S10,5000,200,6,M3_IMBALANCED,21,B,L1,F3,H3,V3,map_S10_M3_IMBALANCED_seed021,10dd9692d055e1a6cf35bb5f2b17a5aab85811368735dcd5afb6cc2cbd4c5885,269.564,492.137,193.318,380.096,25,1495,6.1095,0.0928,60.0,37.689,97.689,157.689,160.0,100.0,3.834,6.0,1.0,0.003,0.121,0.153,8467.376933,0.306525,0.0,3968,1410041,1410041,1.0,1715,1715,1.0,119879,0,1,S10|M3_IMBALANCED|21|B|L1|F3,true,false,false,/home/cyfer/FYP/WSN_simulation_V3/runs/S10_5000/outputs_production_50seed_part21_25/run_campaign_v3_S10_M3_IMBALANCED_B_L1_F3_H3_seed021_21_20260603_091809
campaign_v3_S10_M3_IMBALANCED_B_L1_F3_H3_seed022,campaign_v3_S10_M3_IMBALANCED_B_L1_F3_H3_seed022_22_20260603_092155,S10,5000,200,6,M3_IMBALANCED,22,B,L1,F3,H3,V3,map_S10_M3_IMBALANCED_seed022,c545d218ebbb7863435993b90917ac4b14ce4d68866c53b228f947d94af8525c,266.827,463.648,194.198,405.634,25,1898,6.8223,0.0924,60.0,37.414,97.414,157.414,160.0,100.0,3.845,6.0,1.0,0.003,0.114,0.165,8467.937061,0.306413,0.0,3969,1410041,1410041,1.0,1724,1724,1.0,119879,0,1,S10|M3_IMBALANCED|22|B|L1|F3,true,false,false,/home/cyfer/FYP/WSN_simulation_V3/runs/S10_5000/outputs_production_50seed_part21_25/run_campaign_v3_S10_M3_IMBALANCED_B_L1_F3_H3_seed022_22_20260603_092155
campaign_v3_S10_M3_IMBALANCED_B_L1_F3_H3_seed023,campaign_v3_S10_M3_IMBALANCED_B_L1_F3_H3_seed023_23_20260603_092533,S10,5000,200,6,M3_IMBALANCED,23,B,L1,F3,H3,V3,map_S10_M3_IMBALANCED_seed023,e367f313da26a5133984d38d221a33f416b25690ef772f23b25f5d5b25833be6,271.56,531.637,191.76,397.589,25,1958,6.9645,0.0852,60.0,37.565,97.565,157.565,160.0,100.0,4.056,6.0,1.0,0.004,0.158,0.191,8472.720513,0.305456,0.0,3962,1409571,1409571,1.0,1751,1751,1.0,119829,0,1,S10|M3_IMBALANCED|23|B|L1|F3,true,false,false,/home/cyfer/FYP/WSN_simulation_V3/runs/S10_5000/outputs_production_50seed_part21_25/run_campaign_v3_S10_M3_IMBALANCED_B_L1_F3_H3_seed023_23_20260603_092533
campaign_v3_S10_M3_IMBALANCED_B_L1_F3_H3_seed024,campaign_v3_S10_M3_IMBALANCED_B_L1_F3_H3_seed024_24_20260603_092904,S10,5000,200,6,M3_IMBALANCED,24,B,L1,F3,H3,V3,map_S10_M3_IMBALANCED_seed024,d4fcdbab3e21c8a33f88ff2b287a8e6949bdd1852caa2d67aadf3217ab93b930,265.519,487.791,195.253,396.766,25,1557,5.5926,0.088,60.0,36.658,96.658,156.658,160.0,100.0,3.621,6.0,1.0,0.002,0.065,0.14,8435.018566,0.312996,0.0,3938,1410511,1410511,1.0,1724,1724,1.0,119929,0,1,S10|M3_IMBALANCED|24|B|L1|F3,true,false,false,/home/cyfer/FYP/WSN_simulation_V3/runs/S10_5000/outputs_production_50seed_part21_25/run_campaign_v3_S10_M3_IMBALANCED_B_L1_F3_H3_seed024_24_20260603_092904
campaign_v3_S10_M3_IMBALANCED_B_L1_F3_H3_seed025,campaign_v3_S10_M3_IMBALANCED_B_L1_F3_H3_seed025_25_20260603_093234,S10,5000,200,6,M3_IMBALANCED,25,B,L1,F3,H3,V3,map_S10_M3_IMBALANCED_seed025,687923e270312d4744e89dd4ec6d8f22cc8c5d37a4fc890b6003193970c00975,272.924,515.084,190.641,392.381,25,1275,5.6059,0.0952,60.0,36.476,96.476,156.476,160.0,100.0,3.47,6.0,1.0,0.004,0.114,0.039,8440.352463,0.31193,0.0,3952,1410041,1410041,1.0,1697,1697,1.0,119879,0,1,S10|M3_IMBALANCED|25|B|L1|F3,true,false,false,/home/cyfer/FYP/WSN_simulation_V3/runs/S10_5000/outputs_production_50seed_part21_25/run_campaign_v3_S10_M3_IMBALANCED_B_L1_F3_H3_seed025_25_20260603_093234
campaign_v3_S10_M3_IMBALANCED_B_L1_F3_H4_seed021,campaign_v3_S10_M3_IMBALANCED_B_L1_F3_H4_seed021_21_20260603_091812,S10,5000,200,6,M3_IMBALANCED,21,B,L1,F3,H4,V3,map_S10_M3_IMBALANCED_seed021,10dd9692d055e1a6cf35bb5f2b17a5aab85811368735dcd5afb6cc2cbd4c5885,269.564,492.137,193.318,380.096,25,1495,6.1095,0.0928,60.0,40.849,100.849,160.849,170.0,110.0,3.834,6.0,1.0,0.003,0.121,0.153,8467.375448,0.306525,0.0,3968,1410041,1410041,1.0,1715,1715,1.0,119879,0,1,S10|M3_IMBALANCED|21|B|L1|F3,true,false,false,/home/cyfer/FYP/WSN_simulation_V3/runs/S10_5000/outputs_production_50seed_part21_25/run_campaign_v3_S10_M3_IMBALANCED_B_L1_F3_H4_seed021_21_20260603_091812
campaign_v3_S10_M3_IMBALANCED_B_L1_F3_H4_seed022,campaign_v3_S10_M3_IMBALANCED_B_L1_F3_H4_seed022_22_20260603_092158,S10,5000,200,6,M3_IMBALANCED,22,B,L1,F3,H4,V3,map_S10_M3_IMBALANCED_seed022,c545d218ebbb7863435993b90917ac4b14ce4d68866c53b228f947d94af8525c,266.827,463.648,194.198,405.634,25,1898,6.8223,0.0924,60.0,41.327,101.327,161.327,170.0,110.0,3.845,6.0,1.0,0.003,0.114,0.165,8467.935463,0.306413,0.0,3969,1410041,1410041,1.0,1724,1724,1.0,119879,0,1,S10|M3_IMBALANCED|22|B|L1|F3,true,false,false,/home/cyfer/FYP/WSN_simulation_V3/runs/S10_5000/outputs_production_50seed_part21_25/run_campaign_v3_S10_M3_IMBALANCED_B_L1_F3_H4_seed022_22_20260603_092158
campaign_v3_S10_M3_IMBALANCED_B_L1_F3_H4_seed023,campaign_v3_S10_M3_IMBALANCED_B_L1_F3_H4_seed023_23_20260603_092535,S10,5000,200,6,M3_IMBALANCED,23,B,L1,F3,H4,V3,map_S10_M3_IMBALANCED_seed023,e367f313da26a5133984d38d221a33f416b25690ef772f23b25f5d5b25833be6,271.56,531.637,191.76,397.589,25,1958,6.9645,0.0852,60.0,41.69,101.69,161.69,170.0,110.0,4.056,6.0,1.0,0.004,0.158,0.191,8472.717733,0.305456,0.0,3962,1409571,1409571,1.0,1751,1751,1.0,119829,0,1,S10|M3_IMBALANCED|23|B|L1|F3,true,false,false,/home/cyfer/FYP/WSN_simulation_V3/runs/S10_5000/outputs_production_50seed_part21_25/run_campaign_v3_S10_M3_IMBALANCED_B_L1_F3_H4_seed023_23_20260603_092535
campaign_v3_S10_M3_IMBALANCED_B_L1_F3_H4_seed024,campaign_v3_S10_M3_IMBALANCED_B_L1_F3_H4_seed024_24_20260603_092906,S10,5000,200,6,M3_IMBALANCED,24,B,L1,F3,H4,V3,map_S10_M3_IMBALANCED_seed024,d4fcdbab3e21c8a33f88ff2b287a8e6949bdd1852caa2d67aadf3217ab93b930,265.519,487.791,195.253,396.766,25,1557,5.5926,0.088,60.0,41.049,101.049,161.049,170.0,110.0,3.621,6.0,1.0,0.002,0.065,0.14,8435.018233,0.312996,0.0,3938,1410511,1410511,1.0,1724,1724,1.0,119929,0,1,S10|M3_IMBALANCED|24|B|L1|F3,true,false,false,/home/cyfer/FYP/WSN_simulation_V3/runs/S10_5000/outputs_production_50seed_part21_25/run_campaign_v3_S10_M3_IMBALANCED_B_L1_F3_H4_seed024_24_20260603_092906
campaign_v3_S10_M3_IMBALANCED_B_L1_F3_H4_seed025,campaign_v3_S10_M3_IMBALANCED_B_L1_F3_H4_seed025_25_20260603_093236,S10,5000,200,6,M3_IMBALANCED,25,B,L1,F3,H4,V3,map_S10_M3_IMBALANCED_seed025,687923e270312d4744e89dd4ec6d8f22cc8c5d37a4fc890b6003193970c00975,272.924,515.084,190.641,392.381,25,1275,5.6059,0.0952,60.0,40.592,100.592,160.592,170.0,110.0,3.47,6.0,1.0,0.004,0.114,0.039,8440.347721,0.31193,0.0,3952,1410041,1410041,1.0,1697,1697,1.0,119879,0,1,S10|M3_IMBALANCED|25|B|L1|F3,true,false,false,/home/cyfer/FYP/WSN_simulation_V3/runs/S10_5000/outputs_production_50seed_part21_25/run_campaign_v3_S10_M3_IMBALANCED_B_L1_F3_H4_seed025_25_20260603_093236
campaign_v3_S10_M3_IMBALANCED_B_L1_F4_H0_seed021,campaign_v3_S10_M3_IMBALANCED_B_L1_F4_H0_seed021_21_20260603_091743,S10,5000,200,6,M3_IMBALANCED,21,B,L1,F4,H0,V2,map_S10_M3_IMBALANCED_seed021,10dd9692d055e1a6cf35bb5f2b17a5aab85811368735dcd5afb6cc2cbd4c5885,269.564,492.137,193.318,380.096,25,1495,6.1095,0.0928,60.0,-1.0,-1.0,-1.0,-1.0,-1.0,0.0,0.0,0.0,0.0,0.0,0.0,8464.770008,0.307046,0.0,3967,1408380,1408380,1.0,1711,1711,1.0,120060,1,0,S10|M3_IMBALANCED|21|B|L1|F4,false,false,true,/home/cyfer/FYP/WSN_simulation_V3/runs/S10_5000/outputs_production_50seed_part21_25/run_campaign_v3_S10_M3_IMBALANCED_B_L1_F4_H0_seed021_21_20260603_091743
campaign_v3_S10_M3_IMBALANCED_B_L1_F4_H0_seed022,campaign_v3_S10_M3_IMBALANCED_B_L1_F4_H0_seed022_22_20260603_092128,S10,5000,200,6,M3_IMBALANCED,22,B,L1,F4,H0,V2,map_S10_M3_IMBALANCED_seed022,c545d218ebbb7863435993b90917ac4b14ce4d68866c53b228f947d94af8525c,266.827,463.648,194.198,405.634,25,1898,6.8223,0.0924,60.0,-1.0,-1.0,-1.0,-1.0,-1.0,0.0,0.0,0.0,0.0,0.0,0.0,8468.719376,0.306256,0.0,3969,1410495,1410495,1.0,1720,1720,1.0,120015,1,0,S10|M3_IMBALANCED|22|B|L1|F4,false,false,true,/home/cyfer/FYP/WSN_simulation_V3/runs/S10_5000/outputs_production_50seed_part21_25/run_campaign_v3_S10_M3_IMBALANCED_B_L1_F4_H0_seed022_22_20260603_092128
campaign_v3_S10_M3_IMBALANCED_B_L1_F4_H0_seed023,campaign_v3_S10_M3_IMBALANCED_B_L1_F4_H0_seed023_23_20260603_092506,S10,5000,200,6,M3_IMBALANCED,23,B,L1,F4,H0,V2,map_S10_M3_IMBALANCED_seed023,e367f313da26a5133984d38d221a33f416b25690ef772f23b25f5d5b25833be6,271.56,531.637,191.76,397.589,25,1958,6.9645,0.0852,60.0,-1.0,-1.0,-1.0,-1.0,-1.0,0.0,0.0,0.0,0.0,0.0,0.0,8473.31452,0.305337,0.0,3963,1410025,1410025,1.0,1747,1747,1.0,120025,1,0,S10|M3_IMBALANCED|23|B|L1|F4,false,false,true,/home/cyfer/FYP/WSN_simulation_V3/runs/S10_5000/outputs_production_50seed_part21_25/run_campaign_v3_S10_M3_IMBALANCED_B_L1_F4_H0_seed023_23_20260603_092506
campaign_v3_S10_M3_IMBALANCED_B_L1_F4_H0_seed024,campaign_v3_S10_M3_IMBALANCED_B_L1_F4_H0_seed024_24_20260603_092837,S10,5000,200,6,M3_IMBALANCED,24,B,L1,F4,H0,V2,map_S10_M3_IMBALANCED_seed024,d4fcdbab3e21c8a33f88ff2b287a8e6949bdd1852caa2d67aadf3217ab93b930,265.519,487.791,195.253,396.766,25,1557,5.5926,0.088,60.0,-1.0,-1.0,-1.0,-1.0,-1.0,0.0,0.0,0.0,0.0,0.0,0.0,8433.537154,0.313293,0.0,3938,1410025,1410025,1.0,1720,1720,1.0,120025,1,0,S10|M3_IMBALANCED|24|B|L1|F4,false,false,true,/home/cyfer/FYP/WSN_simulation_V3/runs/S10_5000/outputs_production_50seed_part21_25/run_campaign_v3_S10_M3_IMBALANCED_B_L1_F4_H0_seed024_24_20260603_092837
campaign_v3_S10_M3_IMBALANCED_B_L1_F4_H0_seed025,campaign_v3_S10_M3_IMBALANCED_B_L1_F4_H0_seed025_25_20260603_093207,S10,5000,200,6,M3_IMBALANCED,25,B,L1,F4,H0,V2,map_S10_M3_IMBALANCED_seed025,687923e270312d4744e89dd4ec6d8f22cc8c5d37a4fc890b6003193970c00975,272.924,515.084,190.641,392.381,25,1275,5.6059,0.0952,60.0,-1.0,-1.0,-1.0,-1.0,-1.0,0.0,0.0,0.0,0.0,0.0,0.0,8439.654087,0.312069,0.0,3952,1409790,1409790,1.0,1693,1693,1.0,120030,1,0,S10|M3_IMBALANCED|25|B|L1|F4,false,false,true,/home/cyfer/FYP/WSN_simulation_V3/runs/S10_5000/outputs_production_50seed_part21_25/run_campaign_v3_S10_M3_IMBALANCED_B_L1_F4_H0_seed025_25_20260603_093207
campaign_v3_S10_M3_IMBALANCED_B_L1_F4_H1_seed021,campaign_v3_S10_M3_IMBALANCED_B_L1_F4_H1_seed021_21_20260603_091814,S10,5000,200,6,M3_IMBALANCED,21,B,L1,F4,H1,V3,map_S10_M3_IMBALANCED_seed021,10dd9692d055e1a6cf35bb5f2b17a5aab85811368735dcd5afb6cc2cbd4c5885,269.564,492.137,193.318,380.096,25,1495,6.1095,0.0928,60.0,37.878,97.878,157.878,160.0,100.0,4.034,6.0,1.0,0.008,0.273,0.063,8465.497789,0.3069,0.0,3967,1408660,1408660,1.0,1715,1715,1.0,119704,0,1,S10|M3_IMBALANCED|21|B|L1|F4,true,false,false,/home/cyfer/FYP/WSN_simulation_V3/runs/S10_5000/outputs_production_50seed_part21_25/run_campaign_v3_S10_M3_IMBALANCED_B_L1_F4_H1_seed021_21_20260603_091814
campaign_v3_S10_M3_IMBALANCED_B_L1_F4_H1_seed022,campaign_v3_S10_M3_IMBALANCED_B_L1_F4_H1_seed022_22_20260603_092201,S10,5000,200,6,M3_IMBALANCED,22,B,L1,F4,H1,V3,map_S10_M3_IMBALANCED_seed022,c545d218ebbb7863435993b90917ac4b14ce4d68866c53b228f947d94af8525c,266.827,463.648,194.198,405.634,25,1898,6.8223,0.0924,60.0,37.454,97.454,157.454,160.0,100.0,3.721,6.0,1.0,0.002,0.073,0.166,8468.966021,0.306207,0.0,3969,1410577,1410577,1.0,1724,1724,1.0,119929,0,1,S10|M3_IMBALANCED|22|B|L1|F4,true,false,false,/home/cyfer/FYP/WSN_simulation_V3/runs/S10_5000/outputs_production_50seed_part21_25/run_campaign_v3_S10_M3_IMBALANCED_B_L1_F4_H1_seed022_22_20260603_092201
campaign_v3_S10_M3_IMBALANCED_B_L1_F4_H1_seed023,campaign_v3_S10_M3_IMBALANCED_B_L1_F4_H1_seed023_23_20260603_092538,S10,5000,200,6,M3_IMBALANCED,23,B,L1,F4,H1,V3,map_S10_M3_IMBALANCED_seed023,e367f313da26a5133984d38d221a33f416b25690ef772f23b25f5d5b25833be6,271.56,531.637,191.76,397.589,25,1958,6.9645,0.0852,60.0,37.455,97.455,157.455,160.0,100.0,3.755,6.0,1.0,0.003,0.12,0.129,8473.679421,0.305264,0.0,3963,1410151,1410151,1.0,1751,1751,1.0,119879,0,1,S10|M3_IMBALANCED|23|B|L1|F4,true,false,false,/home/cyfer/FYP/WSN_simulation_V3/runs/S10_5000/outputs_production_50seed_part21_25/run_campaign_v3_S10_M3_IMBALANCED_B_L1_F4_H1_seed023_23_20260603_092538
campaign_v3_S10_M3_IMBALANCED_B_L1_F4_H1_seed024,campaign_v3_S10_M3_IMBALANCED_B_L1_F4_H1_seed024_24_20260603_092909,S10,5000,200,6,M3_IMBALANCED,24,B,L1,F4,H1,V3,map_S10_M3_IMBALANCED_seed024,d4fcdbab3e21c8a33f88ff2b287a8e6949bdd1852caa2d67aadf3217ab93b930,265.519,487.791,195.253,396.766,25,1557,5.5926,0.088,60.0,37.195,97.195,157.195,160.0,100.0,3.688,6.0,1.0,0.003,0.117,0.109,8433.866372,0.313227,0.0,3938,1410151,1410151,1.0,1724,1724,1.0,119879,0,1,S10|M3_IMBALANCED|24|B|L1|F4,true,false,false,/home/cyfer/FYP/WSN_simulation_V3/runs/S10_5000/outputs_production_50seed_part21_25/run_campaign_v3_S10_M3_IMBALANCED_B_L1_F4_H1_seed024_24_20260603_092909
campaign_v3_S10_M3_IMBALANCED_B_L1_F4_H1_seed025,campaign_v3_S10_M3_IMBALANCED_B_L1_F4_H1_seed025_25_20260603_093238,S10,5000,200,6,M3_IMBALANCED,25,B,L1,F4,H1,V3,map_S10_M3_IMBALANCED_seed025,687923e270312d4744e89dd4ec6d8f22cc8c5d37a4fc890b6003193970c00975,272.924,515.084,190.641,392.381,25,1275,5.6059,0.0952,60.0,37.387,97.387,157.387,160.0,100.0,3.85,6.0,1.0,0.005,0.139,0.139,8440.04684,0.311991,0.0,3952,1409938,1409938,1.0,1697,1697,1.0,119854,0,1,S10|M3_IMBALANCED|25|B|L1|F4,true,false,false,/home/cyfer/FYP/WSN_simulation_V3/runs/S10_5000/outputs_production_50seed_part21_25/run_campaign_v3_S10_M3_IMBALANCED_B_L1_F4_H1_seed025_25_20260603_093238
campaign_v3_S10_M3_IMBALANCED_B_L1_F4_H3_seed021,campaign_v3_S10_M3_IMBALANCED_B_L1_F4_H3_seed021_21_20260603_091816,S10,5000,200,6,M3_IMBALANCED,21,B,L1,F4,H3,V3,map_S10_M3_IMBALANCED_seed021,10dd9692d055e1a6cf35bb5f2b17a5aab85811368735dcd5afb6cc2cbd4c5885,269.564,492.137,193.318,380.096,25,1495,6.1095,0.0928,60.0,43.984,103.984,163.984,170.0,110.0,4.034,6.0,1.0,0.008,0.273,0.063,8465.136523,0.306973,0.0,3967,1408492,1408492,1.0,1715,1715,1.0,119704,0,1,S10|M3_IMBALANCED|21|B|L1|F4,true,false,false,/home/cyfer/FYP/WSN_simulation_V3/runs/S10_5000/outputs_production_50seed_part21_25/run_campaign_v3_S10_M3_IMBALANCED_B_L1_F4_H3_seed021_21_20260603_091816
campaign_v3_S10_M3_IMBALANCED_B_L1_F4_H3_seed022,campaign_v3_S10_M3_IMBALANCED_B_L1_F4_H3_seed022_22_20260603_092203,S10,5000,200,6,M3_IMBALANCED,22,B,L1,F4,H3,V3,map_S10_M3_IMBALANCED_seed022,c545d218ebbb7863435993b90917ac4b14ce4d68866c53b228f947d94af8525c,266.827,463.648,194.198,405.634,25,1898,6.8223,0.0924,60.0,43.268,103.268,163.268,170.0,110.0,3.721,6.0,1.0,0.002,0.073,0.166,8468.884104,0.306223,0.0,3969,1410543,1410543,1.0,1724,1724,1.0,119929,0,1,S10|M3_IMBALANCED|22|B|L1|F4,true,false,false,/home/cyfer/FYP/WSN_simulation_V3/runs/S10_5000/outputs_production_50seed_part21_25/run_campaign_v3_S10_M3_IMBALANCED_B_L1_F4_H3_seed022_22_20260603_092203
campaign_v3_S10_M3_IMBALANCED_B_L1_F4_H3_seed023,campaign_v3_S10_M3_IMBALANCED_B_L1_F4_H3_seed023_23_20260603_092540,S10,5000,200,6,M3_IMBALANCED,23,B,L1,F4,H3,V3,map_S10_M3_IMBALANCED_seed023,e367f313da26a5133984d38d221a33f416b25690ef772f23b25f5d5b25833be6,271.56,531.637,191.76,397.589,25,1958,6.9645,0.0852,60.0,43.316,103.316,163.316,170.0,110.0,3.755,6.0,1.0,0.003,0.12,0.129,8473.521895,0.305296,0.0,3963,1410089,1410089,1.0,1751,1751,1.0,119879,0,1,S10|M3_IMBALANCED|23|B|L1|F4,true,false,false,/home/cyfer/FYP/WSN_simulation_V3/runs/S10_5000/outputs_production_50seed_part21_25/run_campaign_v3_S10_M3_IMBALANCED_B_L1_F4_H3_seed023_23_20260603_092540
campaign_v3_S10_M3_IMBALANCED_B_L1_F4_H3_seed024,campaign_v3_S10_M3_IMBALANCED_B_L1_F4_H3_seed024_24_20260603_092911,S10,5000,200,6,M3_IMBALANCED,24,B,L1,F4,H3,V3,map_S10_M3_IMBALANCED_seed024,d4fcdbab3e21c8a33f88ff2b287a8e6949bdd1852caa2d67aadf3217ab93b930,265.519,487.791,195.253,396.766,25,1557,5.5926,0.088,60.0,42.994,102.994,162.994,170.0,110.0,3.688,6.0,1.0,0.003,0.117,0.109,8433.752594,0.313249,0.0,3938,1410092,1410092,1.0,1724,1724,1.0,119879,0,1,S10|M3_IMBALANCED|24|B|L1|F4,true,false,false,/home/cyfer/FYP/WSN_simulation_V3/runs/S10_5000/outputs_production_50seed_part21_25/run_campaign_v3_S10_M3_IMBALANCED_B_L1_F4_H3_seed024_24_20260603_092911
campaign_v3_S10_M3_IMBALANCED_B_L1_F4_H3_seed025,campaign_v3_S10_M3_IMBALANCED_B_L1_F4_H3_seed025_25_20260603_093241,S10,5000,200,6,M3_IMBALANCED,25,B,L1,F4,H3,V3,map_S10_M3_IMBALANCED_seed025,687923e270312d4744e89dd4ec6d8f22cc8c5d37a4fc890b6003193970c00975,272.924,515.084,190.641,392.381,25,1275,5.6059,0.0952,60.0,43.021,103.021,163.021,170.0,110.0,3.85,6.0,1.0,0.005,0.139,0.139,8439.834139,0.312033,0.0,3952,1409854,1409854,1.0,1697,1697,1.0,119854,0,1,S10|M3_IMBALANCED|25|B|L1|F4,true,false,false,/home/cyfer/FYP/WSN_simulation_V3/runs/S10_5000/outputs_production_50seed_part21_25/run_campaign_v3_S10_M3_IMBALANCED_B_L1_F4_H3_seed025_25_20260603_093241
campaign_v3_S10_M3_IMBALANCED_B_L1_F4_H4_seed021,campaign_v3_S10_M3_IMBALANCED_B_L1_F4_H4_seed021_21_20260603_091818,S10,5000,200,6,M3_IMBALANCED,21,B,L1,F4,H4,V3,map_S10_M3_IMBALANCED_seed021,10dd9692d055e1a6cf35bb5f2b17a5aab85811368735dcd5afb6cc2cbd4c5885,269.564,492.137,193.318,380.096,25,1495,6.1095,0.0928,60.0,47.043,107.043,167.043,170.0,110.0,4.034,6.0,1.0,0.008,0.273,0.063,8463.845881,0.307231,0.0,3967,1407921,1407921,1.0,1715,1715,1.0,119583,0,1,S10|M3_IMBALANCED|21|B|L1|F4,true,false,false,/home/cyfer/FYP/WSN_simulation_V3/runs/S10_5000/outputs_production_50seed_part21_25/run_campaign_v3_S10_M3_IMBALANCED_B_L1_F4_H4_seed021_21_20260603_091818
campaign_v3_S10_M3_IMBALANCED_B_L1_F4_H4_seed022,campaign_v3_S10_M3_IMBALANCED_B_L1_F4_H4_seed022_22_20260603_092205,S10,5000,200,6,M3_IMBALANCED,22,B,L1,F4,H4,V3,map_S10_M3_IMBALANCED_seed022,c545d218ebbb7863435993b90917ac4b14ce4d68866c53b228f947d94af8525c,266.827,463.648,194.198,405.634,25,1898,6.8223,0.0924,60.0,47.116,107.116,167.116,170.0,110.0,3.721,6.0,1.0,0.002,0.073,0.166,8468.426047,0.306315,0.0,3969,1410309,1410309,1.0,1724,1724,1.0,119883,0,1,S10|M3_IMBALANCED|22|B|L1|F4,true,false,false,/home/cyfer/FYP/WSN_simulation_V3/runs/S10_5000/outputs_production_50seed_part21_25/run_campaign_v3_S10_M3_IMBALANCED_B_L1_F4_H4_seed022_22_20260603_092205
campaign_v3_S10_M3_IMBALANCED_B_L1_F4_H4_seed023,campaign_v3_S10_M3_IMBALANCED_B_L1_F4_H4_seed023_23_20260603_092542,S10,5000,200,6,M3_IMBALANCED,23,B,L1,F4,H4,V3,map_S10_M3_IMBALANCED_seed023,e367f313da26a5133984d38d221a33f416b25690ef772f23b25f5d5b25833be6,271.56,531.637,191.76,397.589,25,1958,6.9645,0.0852,60.0,46.894,106.894,166.894,170.0,110.0,3.755,6.0,1.0,0.003,0.12,0.129,8472.309308,0.305538,0.0,3963,1409482,1409482,1.0,1751,1751,1.0,119758,0,1,S10|M3_IMBALANCED|23|B|L1|F4,true,false,false,/home/cyfer/FYP/WSN_simulation_V3/runs/S10_5000/outputs_production_50seed_part21_25/run_campaign_v3_S10_M3_IMBALANCED_B_L1_F4_H4_seed023_23_20260603_092542
campaign_v3_S10_M3_IMBALANCED_B_L1_F4_H4_seed024,campaign_v3_S10_M3_IMBALANCED_B_L1_F4_H4_seed024_24_20260603_092913,S10,5000,200,6,M3_IMBALANCED,24,B,L1,F4,H4,V3,map_S10_M3_IMBALANCED_seed024,d4fcdbab3e21c8a33f88ff2b287a8e6949bdd1852caa2d67aadf3217ab93b930,265.519,487.791,195.253,396.766,25,1557,5.5926,0.088,60.0,47.244,107.244,167.244,170.0,110.0,3.688,6.0,1.0,0.003,0.117,0.109,8432.195858,0.313561,0.0,3938,1409355,1409355,1.0,1724,1724,1.0,119733,0,1,S10|M3_IMBALANCED|24|B|L1|F4,true,false,false,/home/cyfer/FYP/WSN_simulation_V3/runs/S10_5000/outputs_production_50seed_part21_25/run_campaign_v3_S10_M3_IMBALANCED_B_L1_F4_H4_seed024_24_20260603_092913
campaign_v3_S10_M3_IMBALANCED_B_L1_F4_H4_seed025,campaign_v3_S10_M3_IMBALANCED_B_L1_F4_H4_seed025_25_20260603_093243,S10,5000,200,6,M3_IMBALANCED,25,B,L1,F4,H4,V3,map_S10_M3_IMBALANCED_seed025,687923e270312d4744e89dd4ec6d8f22cc8c5d37a4fc890b6003193970c00975,272.924,515.084,190.641,392.381,25,1275,5.6059,0.0952,60.0,47.038,107.038,167.038,170.0,110.0,3.85,6.0,1.0,0.005,0.139,0.139,8439.400387,0.31212,0.0,3952,1409640,1409640,1.0,1697,1697,1.0,119808,0,1,S10|M3_IMBALANCED|25|B|L1|F4,true,false,false,/home/cyfer/FYP/WSN_simulation_V3/runs/S10_5000/outputs_production_50seed_part21_25/run_campaign_v3_S10_M3_IMBALANCED_B_L1_F4_H4_seed025_25_20260603_093243
campaign_v3_S10_M3_IMBALANCED_B_L2_F0_H0_seed021,campaign_v3_S10_M3_IMBALANCED_B_L2_F0_H0_seed021_21_20260603_091821,S10,5000,200,6,M3_IMBALANCED,21,B,L2,F0,H0,V1,map_S10_M3_IMBALANCED_seed021,10dd9692d055e1a6cf35bb5f2b17a5aab85811368735dcd5afb6cc2cbd4c5885,269.564,492.137,193.318,380.096,25,1495,6.1095,0.0928,0.0,-1.0,-1.0,-1.0,-1.0,-1.0,0.0,0.0,0.0,0.0,0.0,0.0,8715.063391,0.256987,0.0,4001,1411200,1411200,1.0,1719,1719,1.0,120000,0,0,S10|M3_IMBALANCED|21|B|L2|F0,false,true,false,/home/cyfer/FYP/WSN_simulation_V3/runs/S10_5000/outputs_production_50seed_part21_25/run_campaign_v3_S10_M3_IMBALANCED_B_L2_F0_H0_seed021_21_20260603_091821
campaign_v3_S10_M3_IMBALANCED_B_L2_F0_H0_seed022,campaign_v3_S10_M3_IMBALANCED_B_L2_F0_H0_seed022_22_20260603_092207,S10,5000,200,6,M3_IMBALANCED,22,B,L2,F0,H0,V1,map_S10_M3_IMBALANCED_seed022,c545d218ebbb7863435993b90917ac4b14ce4d68866c53b228f947d94af8525c,266.827,463.648,194.198,405.634,25,1898,6.8223,0.0924,0.0,-1.0,-1.0,-1.0,-1.0,-1.0,0.0,0.0,0.0,0.0,0.0,0.0,8714.287275,0.257143,0.0,3997,1411200,1411200,1.0,1728,1728,1.0,120000,0,0,S10|M3_IMBALANCED|22|B|L2|F0,false,true,false,/home/cyfer/FYP/WSN_simulation_V3/runs/S10_5000/outputs_production_50seed_part21_25/run_campaign_v3_S10_M3_IMBALANCED_B_L2_F0_H0_seed022_22_20260603_092207
campaign_v3_S10_M3_IMBALANCED_B_L2_F0_H0_seed023,campaign_v3_S10_M3_IMBALANCED_B_L2_F0_H0_seed023_23_20260603_092546,S10,5000,200,6,M3_IMBALANCED,23,B,L2,F0,H0,V1,map_S10_M3_IMBALANCED_seed023,e367f313da26a5133984d38d221a33f416b25690ef772f23b25f5d5b25833be6,271.56,531.637,191.76,397.589,25,1958,6.9645,0.0852,0.0,-1.0,-1.0,-1.0,-1.0,-1.0,0.0,0.0,0.0,0.0,0.0,0.0,8725.722559,0.254855,0.0,4003,1411200,1411200,1.0,1755,1755,1.0,120000,0,0,S10|M3_IMBALANCED|23|B|L2|F0,false,true,false,/home/cyfer/FYP/WSN_simulation_V3/runs/S10_5000/outputs_production_50seed_part21_25/run_campaign_v3_S10_M3_IMBALANCED_B_L2_F0_H0_seed023_23_20260603_092546
campaign_v3_S10_M3_IMBALANCED_B_L2_F0_H0_seed024,campaign_v3_S10_M3_IMBALANCED_B_L2_F0_H0_seed024_24_20260603_092916,S10,5000,200,6,M3_IMBALANCED,24,B,L2,F0,H0,V1,map_S10_M3_IMBALANCED_seed024,d4fcdbab3e21c8a33f88ff2b287a8e6949bdd1852caa2d67aadf3217ab93b930,265.519,487.791,195.253,396.766,25,1557,5.5926,0.088,0.0,-1.0,-1.0,-1.0,-1.0,-1.0,0.0,0.0,0.0,0.0,0.0,0.0,8693.254858,0.261349,0.0,3977,1411200,1411200,1.0,1728,1728,1.0,120000,0,0,S10|M3_IMBALANCED|24|B|L2|F0,false,true,false,/home/cyfer/FYP/WSN_simulation_V3/runs/S10_5000/outputs_production_50seed_part21_25/run_campaign_v3_S10_M3_IMBALANCED_B_L2_F0_H0_seed024_24_20260603_092916
campaign_v3_S10_M3_IMBALANCED_B_L2_F0_H0_seed025,campaign_v3_S10_M3_IMBALANCED_B_L2_F0_H0_seed025_25_20260603_093246,S10,5000,200,6,M3_IMBALANCED,25,B,L2,F0,H0,V1,map_S10_M3_IMBALANCED_seed025,687923e270312d4744e89dd4ec6d8f22cc8c5d37a4fc890b6003193970c00975,272.924,515.084,190.641,392.381,25,1275,5.6059,0.0952,0.0,-1.0,-1.0,-1.0,-1.0,-1.0,0.0,0.0,0.0,0.0,0.0,0.0,8692.735766,0.261453,0.0,3976,1411200,1411200,1.0,1701,1701,1.0,120000,0,0,S10|M3_IMBALANCED|25|B|L2|F0,false,true,false,/home/cyfer/FYP/WSN_simulation_V3/runs/S10_5000/outputs_production_50seed_part21_25/run_campaign_v3_S10_M3_IMBALANCED_B_L2_F0_H0_seed025_25_20260603_093246
campaign_v3_S10_M3_IMBALANCED_B_L2_F1_H0_seed021,campaign_v3_S10_M3_IMBALANCED_B_L2_F1_H0_seed021_21_20260603_091823,S10,5000,200,6,M3_IMBALANCED,21,B,L2,F1,H0,V2,map_S10_M3_IMBALANCED_seed021,10dd9692d055e1a6cf35bb5f2b17a5aab85811368735dcd5afb6cc2cbd4c5885,269.564,492.137,193.318,380.096,25,1495,6.1095,0.0928,60.0,-1.0,-1.0,-1.0,-1.0,-1.0,0.0,0.0,0.0,0.0,0.0,0.0,8707.239287,0.258262,0.0,4001,1408380,1408380,1.0,1711,1711,1.0,120060,1,0,S10|M3_IMBALANCED|21|B|L2|F1,false,false,true,/home/cyfer/FYP/WSN_simulation_V3/runs/S10_5000/outputs_production_50seed_part21_25/run_campaign_v3_S10_M3_IMBALANCED_B_L2_F1_H0_seed021_21_20260603_091823
campaign_v3_S10_M3_IMBALANCED_B_L2_F1_H0_seed022,campaign_v3_S10_M3_IMBALANCED_B_L2_F1_H0_seed022_22_20260603_092210,S10,5000,200,6,M3_IMBALANCED,22,B,L2,F1,H0,V2,map_S10_M3_IMBALANCED_seed022,c545d218ebbb7863435993b90917ac4b14ce4d68866c53b228f947d94af8525c,266.827,463.648,194.198,405.634,25,1898,6.8223,0.0924,60.0,-1.0,-1.0,-1.0,-1.0,-1.0,0.0,0.0,0.0,0.0,0.0,0.0,8711.988707,0.257231,0.0,3998,1410495,1410495,1.0,1720,1720,1.0,120015,1,0,S10|M3_IMBALANCED|22|B|L2|F1,false,false,true,/home/cyfer/FYP/WSN_simulation_V3/runs/S10_5000/outputs_production_50seed_part21_25/run_campaign_v3_S10_M3_IMBALANCED_B_L2_F1_H0_seed022_22_20260603_092210
campaign_v3_S10_M3_IMBALANCED_B_L2_F1_H0_seed023,campaign_v3_S10_M3_IMBALANCED_B_L2_F1_H0_seed023_23_20260603_092548,S10,5000,200,6,M3_IMBALANCED,23,B,L2,F1,H0,V2,map_S10_M3_IMBALANCED_seed023,e367f313da26a5133984d38d221a33f416b25690ef772f23b25f5d5b25833be6,271.56,531.637,191.76,397.589,25,1958,6.9645,0.0852,60.0,-1.0,-1.0,-1.0,-1.0,-1.0,0.0,0.0,0.0,0.0,0.0,0.0,8721.79322,0.255289,0.0,4004,1410025,1410025,1.0,1747,1747,1.0,120025,1,0,S10|M3_IMBALANCED|23|B|L2|F1,false,false,true,/home/cyfer/FYP/WSN_simulation_V3/runs/S10_5000/outputs_production_50seed_part21_25/run_campaign_v3_S10_M3_IMBALANCED_B_L2_F1_H0_seed023_23_20260603_092548
campaign_v3_S10_M3_IMBALANCED_B_L2_F1_H0_seed024,campaign_v3_S10_M3_IMBALANCED_B_L2_F1_H0_seed024_24_20260603_092918,S10,5000,200,6,M3_IMBALANCED,24,B,L2,F1,H0,V2,map_S10_M3_IMBALANCED_seed024,d4fcdbab3e21c8a33f88ff2b287a8e6949bdd1852caa2d67aadf3217ab93b930,265.519,487.791,195.253,396.766,25,1557,5.5926,0.088,60.0,-1.0,-1.0,-1.0,-1.0,-1.0,0.0,0.0,0.0,0.0,0.0,0.0,8689.439306,0.261759,0.0,3978,1410025,1410025,1.0,1720,1720,1.0,120025,1,0,S10|M3_IMBALANCED|24|B|L2|F1,false,false,true,/home/cyfer/FYP/WSN_simulation_V3/runs/S10_5000/outputs_production_50seed_part21_25/run_campaign_v3_S10_M3_IMBALANCED_B_L2_F1_H0_seed024_24_20260603_092918
campaign_v3_S10_M3_IMBALANCED_B_L2_F1_H0_seed025,campaign_v3_S10_M3_IMBALANCED_B_L2_F1_H0_seed025_25_20260603_093248,S10,5000,200,6,M3_IMBALANCED,25,B,L2,F1,H0,V2,map_S10_M3_IMBALANCED_seed025,687923e270312d4744e89dd4ec6d8f22cc8c5d37a4fc890b6003193970c00975,272.924,515.084,190.641,392.381,25,1275,5.6059,0.0952,60.0,-1.0,-1.0,-1.0,-1.0,-1.0,0.0,0.0,0.0,0.0,0.0,0.0,8688.285753,0.261999,0.0,3977,1409790,1409790,1.0,1693,1693,1.0,120030,1,0,S10|M3_IMBALANCED|25|B|L2|F1,false,false,true,/home/cyfer/FYP/WSN_simulation_V3/runs/S10_5000/outputs_production_50seed_part21_25/run_campaign_v3_S10_M3_IMBALANCED_B_L2_F1_H0_seed025_25_20260603_093248
campaign_v3_S10_M3_IMBALANCED_B_L2_F1_H1_seed021,campaign_v3_S10_M3_IMBALANCED_B_L2_F1_H1_seed021_21_20260603_091835,S10,5000,200,6,M3_IMBALANCED,21,B,L2,F1,H1,V3,map_S10_M3_IMBALANCED_seed021,10dd9692d055e1a6cf35bb5f2b17a5aab85811368735dcd5afb6cc2cbd4c5885,269.564,492.137,193.318,380.096,25,1495,6.1095,0.0928,60.0,22.137,82.137,142.137,150.0,90.0,6.214,6.0,1.0,0.008,1.0,0.063,8713.010317,0.257107,0.0,4002,1410204,1410204,1.0,1716,1716,1.0,120000,0,1,S10|M3_IMBALANCED|21|B|L2|F1,true,false,false,/home/cyfer/FYP/WSN_simulation_V3/runs/S10_5000/outputs_production_50seed_part21_25/run_campaign_v3_S10_M3_IMBALANCED_B_L2_F1_H1_seed021_21_20260603_091835
campaign_v3_S10_M3_IMBALANCED_B_L2_F1_H1_seed022,campaign_v3_S10_M3_IMBALANCED_B_L2_F1_H1_seed022_22_20260603_092228,S10,5000,200,6,M3_IMBALANCED,22,B,L2,F1,H1,V3,map_S10_M3_IMBALANCED_seed022,c545d218ebbb7863435993b90917ac4b14ce4d68866c53b228f947d94af8525c,266.827,463.648,194.198,405.634,25,1898,6.8223,0.0924,60.0,21.76,81.76,141.76,150.0,90.0,6.503,6.0,1.0,0.002,1.0,0.166,8713.481387,0.256933,0.0,3998,1410954,1410954,1.0,1725,1725,1.0,120000,0,1,S10|M3_IMBALANCED|22|B|L2|F1,true,false,false,/home/cyfer/FYP/WSN_simulation_V3/runs/S10_5000/outputs_production_50seed_part21_25/run_campaign_v3_S10_M3_IMBALANCED_B_L2_F1_H1_seed022_22_20260603_092228
campaign_v3_S10_M3_IMBALANCED_B_L2_F1_H1_seed023,campaign_v3_S10_M3_IMBALANCED_B_L2_F1_H1_seed023_23_20260603_092602,S10,5000,200,6,M3_IMBALANCED,23,B,L2,F1,H1,V3,map_S10_M3_IMBALANCED_seed023,e367f313da26a5133984d38d221a33f416b25690ef772f23b25f5d5b25833be6,271.56,531.637,191.76,397.589,25,1958,6.9645,0.0852,60.0,21.404,81.404,141.404,150.0,90.0,6.396,6.0,1.0,0.003,1.0,0.129,8724.366887,0.254775,0.0,4004,1410790,1410790,1.0,1752,1752,1.0,120000,0,1,S10|M3_IMBALANCED|23|B|L2|F1,true,false,false,/home/cyfer/FYP/WSN_simulation_V3/runs/S10_5000/outputs_production_50seed_part21_25/run_campaign_v3_S10_M3_IMBALANCED_B_L2_F1_H1_seed023_23_20260603_092602
campaign_v3_S10_M3_IMBALANCED_B_L2_F1_H1_seed024,campaign_v3_S10_M3_IMBALANCED_B_L2_F1_H1_seed024_24_20260603_092931,S10,5000,200,6,M3_IMBALANCED,24,B,L2,F1,H1,V3,map_S10_M3_IMBALANCED_seed024,d4fcdbab3e21c8a33f88ff2b287a8e6949bdd1852caa2d67aadf3217ab93b930,265.519,487.791,195.253,396.766,25,1557,5.5926,0.088,60.0,22.229,82.229,142.229,150.0,90.0,6.335,6.0,1.0,0.003,1.0,0.109,8691.746374,0.261298,0.0,3978,1410785,1410785,1.0,1725,1725,1.0,120000,0,1,S10|M3_IMBALANCED|24|B|L2|F1,true,false,false,/home/cyfer/FYP/WSN_simulation_V3/runs/S10_5000/outputs_production_50seed_part21_25/run_campaign_v3_S10_M3_IMBALANCED_B_L2_F1_H1_seed024_24_20260603_092931
campaign_v3_S10_M3_IMBALANCED_B_L2_F1_H1_seed025,campaign_v3_S10_M3_IMBALANCED_B_L2_F1_H1_seed025_25_20260603_093301,S10,5000,200,6,M3_IMBALANCED,25,B,L2,F1,H1,V3,map_S10_M3_IMBALANCED_seed025,687923e270312d4744e89dd4ec6d8f22cc8c5d37a4fc890b6003193970c00975,272.924,515.084,190.641,392.381,25,1275,5.6059,0.0952,60.0,22.329,82.329,142.329,150.0,90.0,6.432,6.0,1.0,0.005,1.0,0.139,8691.087847,0.261438,0.0,3977,1410702,1410702,1.0,1698,1698,1.0,120000,0,1,S10|M3_IMBALANCED|25|B|L2|F1,true,false,false,/home/cyfer/FYP/WSN_simulation_V3/runs/S10_5000/outputs_production_50seed_part21_25/run_campaign_v3_S10_M3_IMBALANCED_B_L2_F1_H1_seed025_25_20260603_093301
campaign_v3_S10_M3_IMBALANCED_B_L2_F1_H3_seed021,campaign_v3_S10_M3_IMBALANCED_B_L2_F1_H3_seed021_21_20260603_091840,S10,5000,200,6,M3_IMBALANCED,21,B,L2,F1,H3,V3,map_S10_M3_IMBALANCED_seed021,10dd9692d055e1a6cf35bb5f2b17a5aab85811368735dcd5afb6cc2cbd4c5885,269.564,492.137,193.318,380.096,25,1495,6.1095,0.0928,60.0,27.441,87.441,147.441,150.0,90.0,6.214,6.0,1.0,0.008,1.0,0.063,8710.329414,0.257643,0.0,4001,1409262,1409262,1.0,1716,1716,1.0,119850,0,1,S10|M3_IMBALANCED|21|B|L2|F1,true,false,false,/home/cyfer/FYP/WSN_simulation_V3/runs/S10_5000/outputs_production_50seed_part21_25/run_campaign_v3_S10_M3_IMBALANCED_B_L2_F1_H3_seed021_21_20260603_091840
campaign_v3_S10_M3_IMBALANCED_B_L2_F1_H3_seed022,campaign_v3_S10_M3_IMBALANCED_B_L2_F1_H3_seed022_22_20260603_092233,S10,5000,200,6,M3_IMBALANCED,22,B,L2,F1,H3,V3,map_S10_M3_IMBALANCED_seed022,c545d218ebbb7863435993b90917ac4b14ce4d68866c53b228f947d94af8525c,266.827,463.648,194.198,405.634,25,1898,6.8223,0.0924,60.0,27.632,87.632,147.632,150.0,90.0,6.503,6.0,1.0,0.002,1.0,0.166,8712.955278,0.257038,0.0,3998,1410789,1410789,1.0,1725,1725,1.0,119975,0,1,S10|M3_IMBALANCED|22|B|L2|F1,true,false,false,/home/cyfer/FYP/WSN_simulation_V3/runs/S10_5000/outputs_production_50seed_part21_25/run_campaign_v3_S10_M3_IMBALANCED_B_L2_F1_H3_seed022_22_20260603_092233
campaign_v3_S10_M3_IMBALANCED_B_L2_F1_H3_seed023,campaign_v3_S10_M3_IMBALANCED_B_L2_F1_H3_seed023_23_20260603_092607,S10,5000,200,6,M3_IMBALANCED,23,B,L2,F1,H3,V3,map_S10_M3_IMBALANCED_seed023,e367f313da26a5133984d38d221a33f416b25690ef772f23b25f5d5b25833be6,271.56,531.637,191.76,397.589,25,1958,6.9645,0.0852,60.0,27.523,87.523,147.523,150.0,90.0,6.396,6.0,1.0,0.003,1.0,0.129,8723.256161,0.254997,0.0,4004,1410466,1410466,1.0,1752,1752,1.0,119950,0,1,S10|M3_IMBALANCED|23|B|L2|F1,true,false,false,/home/cyfer/FYP/WSN_simulation_V3/runs/S10_5000/outputs_production_50seed_part21_25/run_campaign_v3_S10_M3_IMBALANCED_B_L2_F1_H3_seed023_23_20260603_092607
campaign_v3_S10_M3_IMBALANCED_B_L2_F1_H3_seed024,campaign_v3_S10_M3_IMBALANCED_B_L2_F1_H3_seed024_24_20260603_092936,S10,5000,200,6,M3_IMBALANCED,24,B,L2,F1,H3,V3,map_S10_M3_IMBALANCED_seed024,d4fcdbab3e21c8a33f88ff2b287a8e6949bdd1852caa2d67aadf3217ab93b930,265.519,487.791,195.253,396.766,25,1557,5.5926,0.088,60.0,27.833,87.833,147.833,150.0,90.0,6.335,6.0,1.0,0.003,1.0,0.109,8690.92678,0.261462,0.0,3978,1410466,1410466,1.0,1725,1725,1.0,119950,0,1,S10|M3_IMBALANCED|24|B|L2|F1,true,false,false,/home/cyfer/FYP/WSN_simulation_V3/runs/S10_5000/outputs_production_50seed_part21_25/run_campaign_v3_S10_M3_IMBALANCED_B_L2_F1_H3_seed024_24_20260603_092936
campaign_v3_S10_M3_IMBALANCED_B_L2_F1_H3_seed025,campaign_v3_S10_M3_IMBALANCED_B_L2_F1_H3_seed025_25_20260603_093306,S10,5000,200,6,M3_IMBALANCED,25,B,L2,F1,H3,V3,map_S10_M3_IMBALANCED_seed025,687923e270312d4744e89dd4ec6d8f22cc8c5d37a4fc890b6003193970c00975,272.924,515.084,190.641,392.381,25,1275,5.6059,0.0952,60.0,27.751,87.751,147.751,150.0,90.0,6.432,6.0,1.0,0.005,1.0,0.139,8689.377955,0.26178,0.0,3977,1410231,1410231,1.0,1698,1698,1.0,119925,0,1,S10|M3_IMBALANCED|25|B|L2|F1,true,false,false,/home/cyfer/FYP/WSN_simulation_V3/runs/S10_5000/outputs_production_50seed_part21_25/run_campaign_v3_S10_M3_IMBALANCED_B_L2_F1_H3_seed025_25_20260603_093306
campaign_v3_S10_M3_IMBALANCED_B_L2_F1_H4_seed021,campaign_v3_S10_M3_IMBALANCED_B_L2_F1_H4_seed021_21_20260603_091845,S10,5000,200,6,M3_IMBALANCED,21,B,L2,F1,H4,V3,map_S10_M3_IMBALANCED_seed021,10dd9692d055e1a6cf35bb5f2b17a5aab85811368735dcd5afb6cc2cbd4c5885,269.564,492.137,193.318,380.096,25,1495,6.1095,0.0928,60.0,31.618,91.618,151.618,160.0,100.0,6.214,6.0,1.0,0.008,1.0,0.063,8710.519954,0.257605,0.0,4002,1409397,1409397,1.0,1715,1715,1.0,119879,0,1,S10|M3_IMBALANCED|21|B|L2|F1,true,false,false,/home/cyfer/FYP/WSN_simulation_V3/runs/S10_5000/outputs_production_50seed_part21_25/run_campaign_v3_S10_M3_IMBALANCED_B_L2_F1_H4_seed021_21_20260603_091845
campaign_v3_S10_M3_IMBALANCED_B_L2_F1_H4_seed022,campaign_v3_S10_M3_IMBALANCED_B_L2_F1_H4_seed022_22_20260603_092238,S10,5000,200,6,M3_IMBALANCED,22,B,L2,F1,H4,V3,map_S10_M3_IMBALANCED_seed022,c545d218ebbb7863435993b90917ac4b14ce4d68866c53b228f947d94af8525c,266.827,463.648,194.198,405.634,25,1898,6.8223,0.0924,60.0,31.615,91.615,151.615,160.0,100.0,6.503,6.0,1.0,0.002,1.0,0.166,8712.645238,0.2571,0.0,3998,1410654,1410654,1.0,1724,1724,1.0,119954,0,1,S10|M3_IMBALANCED|22|B|L2|F1,true,false,false,/home/cyfer/FYP/WSN_simulation_V3/runs/S10_5000/outputs_production_50seed_part21_25/run_campaign_v3_S10_M3_IMBALANCED_B_L2_F1_H4_seed022_22_20260603_092238
campaign_v3_S10_M3_IMBALANCED_B_L2_F1_H4_seed023,campaign_v3_S10_M3_IMBALANCED_B_L2_F1_H4_seed023_23_20260603_092612,S10,5000,200,6,M3_IMBALANCED,23,B,L2,F1,H4,V3,map_S10_M3_IMBALANCED_seed023,e367f313da26a5133984d38d221a33f416b25690ef772f23b25f5d5b25833be6,271.56,531.637,191.76,397.589,25,1958,6.9645,0.0852,60.0,31.975,91.975,151.975,160.0,100.0,6.396,6.0,1.0,0.003,1.0,0.129,8722.255847,0.255197,0.0,4004,1410041,1410041,1.0,1751,1751,1.0,119879,0,1,S10|M3_IMBALANCED|23|B|L2|F1,true,false,false,/home/cyfer/FYP/WSN_simulation_V3/runs/S10_5000/outputs_production_50seed_part21_25/run_campaign_v3_S10_M3_IMBALANCED_B_L2_F1_H4_seed023_23_20260603_092612
campaign_v3_S10_M3_IMBALANCED_B_L2_F1_H4_seed024,campaign_v3_S10_M3_IMBALANCED_B_L2_F1_H4_seed024_24_20260603_092942,S10,5000,200,6,M3_IMBALANCED,24,B,L2,F1,H4,V3,map_S10_M3_IMBALANCED_seed024,d4fcdbab3e21c8a33f88ff2b287a8e6949bdd1852caa2d67aadf3217ab93b930,265.519,487.791,195.253,396.766,25,1557,5.5926,0.088,60.0,32.237,92.237,152.237,160.0,100.0,6.335,6.0,1.0,0.003,1.0,0.109,8689.18844,0.261809,0.0,3978,1409899,1409899,1.0,1724,1724,1.0,119854,0,1,S10|M3_IMBALANCED|24|B|L2|F1,true,false,false,/home/cyfer/FYP/WSN_simulation_V3/runs/S10_5000/outputs_production_50seed_part21_25/run_campaign_v3_S10_M3_IMBALANCED_B_L2_F1_H4_seed024_24_20260603_092942
campaign_v3_S10_M3_IMBALANCED_B_L2_F1_H4_seed025,campaign_v3_S10_M3_IMBALANCED_B_L2_F1_H4_seed025_25_20260603_093311,S10,5000,200,6,M3_IMBALANCED,25,B,L2,F1,H4,V3,map_S10_M3_IMBALANCED_seed025,687923e270312d4744e89dd4ec6d8f22cc8c5d37a4fc890b6003193970c00975,272.924,515.084,190.641,392.381,25,1275,5.6059,0.0952,60.0,31.978,91.978,151.978,160.0,100.0,6.432,6.0,1.0,0.005,1.0,0.139,8690.112202,0.261633,0.0,3977,1410378,1410378,1.0,1697,1697,1.0,119954,0,1,S10|M3_IMBALANCED|25|B|L2|F1,true,false,false,/home/cyfer/FYP/WSN_simulation_V3/runs/S10_5000/outputs_production_50seed_part21_25/run_campaign_v3_S10_M3_IMBALANCED_B_L2_F1_H4_seed025_25_20260603_093311
campaign_v3_S10_M3_IMBALANCED_B_L2_F2_H0_seed021,campaign_v3_S10_M3_IMBALANCED_B_L2_F2_H0_seed021_21_20260603_091828,S10,5000,200,6,M3_IMBALANCED,21,B,L2,F2,H0,V2,map_S10_M3_IMBALANCED_seed021,10dd9692d055e1a6cf35bb5f2b17a5aab85811368735dcd5afb6cc2cbd4c5885,269.564,492.137,193.318,380.096,25,1495,6.1095,0.0928,60.0,-1.0,-1.0,-1.0,-1.0,-1.0,0.0,0.0,0.0,0.0,0.0,0.0,8711.368066,0.257726,0.0,4001,1410025,1410025,1.0,1711,1711,1.0,120025,1,0,S10|M3_IMBALANCED|21|B|L2|F2,false,false,true,/home/cyfer/FYP/WSN_simulation_V3/runs/S10_5000/outputs_production_50seed_part21_25/run_campaign_v3_S10_M3_IMBALANCED_B_L2_F2_H0_seed021_21_20260603_091828
campaign_v3_S10_M3_IMBALANCED_B_L2_F2_H0_seed022,campaign_v3_S10_M3_IMBALANCED_B_L2_F2_H0_seed022_22_20260603_092220,S10,5000,200,6,M3_IMBALANCED,22,B,L2,F2,H0,V2,map_S10_M3_IMBALANCED_seed022,c545d218ebbb7863435993b90917ac4b14ce4d68866c53b228f947d94af8525c,266.827,463.648,194.198,405.634,25,1898,6.8223,0.0924,60.0,-1.0,-1.0,-1.0,-1.0,-1.0,0.0,0.0,0.0,0.0,0.0,0.0,8712.966921,0.257407,0.0,3997,1410730,1410730,1.0,1720,1720,1.0,120010,1,0,S10|M3_IMBALANCED|22|B|L2|F2,false,false,true,/home/cyfer/FYP/WSN_simulation_V3/runs/S10_5000/outputs_production_50seed_part21_25/run_campaign_v3_S10_M3_IMBALANCED_B_L2_F2_H0_seed022_22_20260603_092220
campaign_v3_S10_M3_IMBALANCED_B_L2_F2_H0_seed023,campaign_v3_S10_M3_IMBALANCED_B_L2_F2_H0_seed023_23_20260603_092554,S10,5000,200,6,M3_IMBALANCED,23,B,L2,F2,H0,V2,map_S10_M3_IMBALANCED_seed023,e367f313da26a5133984d38d221a33f416b25690ef772f23b25f5d5b25833be6,271.56,531.637,191.76,397.589,25,1958,6.9645,0.0852,60.0,-1.0,-1.0,-1.0,-1.0,-1.0,0.0,0.0,0.0,0.0,0.0,0.0,8722.377146,0.255525,0.0,4003,1410025,1410025,1.0,1747,1747,1.0,120025,1,0,S10|M3_IMBALANCED|23|B|L2|F2,false,false,true,/home/cyfer/FYP/WSN_simulation_V3/runs/S10_5000/outputs_production_50seed_part21_25/run_campaign_v3_S10_M3_IMBALANCED_B_L2_F2_H0_seed023_23_20260603_092554
campaign_v3_S10_M3_IMBALANCED_B_L2_F2_H0_seed024,campaign_v3_S10_M3_IMBALANCED_B_L2_F2_H0_seed024_24_20260603_092924,S10,5000,200,6,M3_IMBALANCED,24,B,L2,F2,H0,V2,map_S10_M3_IMBALANCED_seed024,d4fcdbab3e21c8a33f88ff2b287a8e6949bdd1852caa2d67aadf3217ab93b930,265.519,487.791,195.253,396.766,25,1557,5.5926,0.088,60.0,-1.0,-1.0,-1.0,-1.0,-1.0,0.0,0.0,0.0,0.0,0.0,0.0,8689.091049,0.262182,0.0,3977,1409790,1409790,1.0,1720,1720,1.0,120030,1,0,S10|M3_IMBALANCED|24|B|L2|F2,false,false,true,/home/cyfer/FYP/WSN_simulation_V3/runs/S10_5000/outputs_production_50seed_part21_25/run_campaign_v3_S10_M3_IMBALANCED_B_L2_F2_H0_seed024_24_20260603_092924
campaign_v3_S10_M3_IMBALANCED_B_L2_F2_H0_seed025,campaign_v3_S10_M3_IMBALANCED_B_L2_F2_H0_seed025_25_20260603_093253,S10,5000,200,6,M3_IMBALANCED,25,B,L2,F2,H0,V2,map_S10_M3_IMBALANCED_seed025,687923e270312d4744e89dd4ec6d8f22cc8c5d37a4fc890b6003193970c00975,272.924,515.084,190.641,392.381,25,1275,5.6059,0.0952,60.0,-1.0,-1.0,-1.0,-1.0,-1.0,0.0,0.0,0.0,0.0,0.0,0.0,8691.271423,0.261746,0.0,3976,1410730,1410730,1.0,1693,1693,1.0,120010,1,0,S10|M3_IMBALANCED|25|B|L2|F2,false,false,true,/home/cyfer/FYP/WSN_simulation_V3/runs/S10_5000/outputs_production_50seed_part21_25/run_campaign_v3_S10_M3_IMBALANCED_B_L2_F2_H0_seed025_25_20260603_093253
campaign_v3_S10_M3_IMBALANCED_B_L2_F2_H1_seed021,campaign_v3_S10_M3_IMBALANCED_B_L2_F2_H1_seed021_21_20260603_091851,S10,5000,200,6,M3_IMBALANCED,21,B,L2,F2,H1,V3,map_S10_M3_IMBALANCED_seed021,10dd9692d055e1a6cf35bb5f2b17a5aab85811368735dcd5afb6cc2cbd4c5885,269.564,492.137,193.318,380.096,25,1495,6.1095,0.0928,60.0,27.155,87.155,147.155,150.0,90.0,3.539,6.0,1.0,0.003,0.115,0.061,8713.677715,0.257264,0.0,4001,1410760,1410760,1.0,1716,1716,1.0,120000,0,1,S10|M3_IMBALANCED|21|B|L2|F2,true,false,false,/home/cyfer/FYP/WSN_simulation_V3/runs/S10_5000/outputs_production_50seed_part21_25/run_campaign_v3_S10_M3_IMBALANCED_B_L2_F2_H1_seed021_21_20260603_091851
campaign_v3_S10_M3_IMBALANCED_B_L2_F2_H1_seed022,campaign_v3_S10_M3_IMBALANCED_B_L2_F2_H1_seed022_22_20260603_092249,S10,5000,200,6,M3_IMBALANCED,22,B,L2,F2,H1,V3,map_S10_M3_IMBALANCED_seed022,c545d218ebbb7863435993b90917ac4b14ce4d68866c53b228f947d94af8525c,266.827,463.648,194.198,405.634,25,1898,6.8223,0.0924,60.0,27.002,87.002,147.002,150.0,90.0,3.18,6.0,1.0,0.001,0.044,0.015,8713.819551,0.257236,0.0,3997,1411024,1411024,1.0,1725,1725,1.0,120000,0,1,S10|M3_IMBALANCED|22|B|L2|F2,true,false,false,/home/cyfer/FYP/WSN_simulation_V3/runs/S10_5000/outputs_production_50seed_part21_25/run_campaign_v3_S10_M3_IMBALANCED_B_L2_F2_H1_seed022_22_20260603_092249
campaign_v3_S10_M3_IMBALANCED_B_L2_F2_H1_seed023,campaign_v3_S10_M3_IMBALANCED_B_L2_F2_H1_seed023_23_20260603_092617,S10,5000,200,6,M3_IMBALANCED,23,B,L2,F2,H1,V3,map_S10_M3_IMBALANCED_seed023,e367f313da26a5133984d38d221a33f416b25690ef772f23b25f5d5b25833be6,271.56,531.637,191.76,397.589,25,1958,6.9645,0.0852,60.0,27.032,87.032,147.032,150.0,90.0,3.501,6.0,1.0,0.003,0.109,0.055,8724.441593,0.255112,0.0,4003,1410760,1410760,1.0,1752,1752,1.0,120000,0,1,S10|M3_IMBALANCED|23|B|L2|F2,true,false,false,/home/cyfer/FYP/WSN_simulation_V3/runs/S10_5000/outputs_production_50seed_part21_25/run_campaign_v3_S10_M3_IMBALANCED_B_L2_F2_H1_seed023_23_20260603_092617
campaign_v3_S10_M3_IMBALANCED_B_L2_F2_H1_seed024,campaign_v3_S10_M3_IMBALANCED_B_L2_F2_H1_seed024_24_20260603_092947,S10,5000,200,6,M3_IMBALANCED,24,B,L2,F2,H1,V3,map_S10_M3_IMBALANCED_seed024,d4fcdbab3e21c8a33f88ff2b287a8e6949bdd1852caa2d67aadf3217ab93b930,265.519,487.791,195.253,396.766,25,1557,5.5926,0.088,60.0,27.504,87.504,147.504,150.0,90.0,3.703,6.0,1.0,0.004,0.135,0.096,8691.559477,0.261688,0.0,3977,1410672,1410672,1.0,1725,1725,1.0,120000,0,1,S10|M3_IMBALANCED|24|B|L2|F2,true,false,false,/home/cyfer/FYP/WSN_simulation_V3/runs/S10_5000/outputs_production_50seed_part21_25/run_campaign_v3_S10_M3_IMBALANCED_B_L2_F2_H1_seed024_24_20260603_092947
campaign_v3_S10_M3_IMBALANCED_B_L2_F2_H1_seed025,campaign_v3_S10_M3_IMBALANCED_B_L2_F2_H1_seed025_25_20260603_093316,S10,5000,200,6,M3_IMBALANCED,25,B,L2,F2,H1,V3,map_S10_M3_IMBALANCED_seed025,687923e270312d4744e89dd4ec6d8f22cc8c5d37a4fc890b6003193970c00975,272.924,515.084,190.641,392.381,25,1275,5.6059,0.0952,60.0,26.377,86.377,146.377,150.0,90.0,3.336,6.0,1.0,0.002,0.047,0.063,8692.082911,0.261583,0.0,3976,1411026,1411026,1.0,1698,1698,1.0,120000,0,1,S10|M3_IMBALANCED|25|B|L2|F2,true,false,false,/home/cyfer/FYP/WSN_simulation_V3/runs/S10_5000/outputs_production_50seed_part21_25/run_campaign_v3_S10_M3_IMBALANCED_B_L2_F2_H1_seed025_25_20260603_093316
campaign_v3_S10_M3_IMBALANCED_B_L2_F2_H3_seed021,campaign_v3_S10_M3_IMBALANCED_B_L2_F2_H3_seed021_21_20260603_091853,S10,5000,200,6,M3_IMBALANCED,21,B,L2,F2,H3,V3,map_S10_M3_IMBALANCED_seed021,10dd9692d055e1a6cf35bb5f2b17a5aab85811368735dcd5afb6cc2cbd4c5885,269.564,492.137,193.318,380.096,25,1495,6.1095,0.0928,60.0,32.805,92.805,152.805,160.0,100.0,3.539,6.0,1.0,0.003,0.115,0.061,8712.855693,0.257429,0.0,4001,1410451,1410451,1.0,1715,1715,1.0,119950,0,1,S10|M3_IMBALANCED|21|B|L2|F2,true,false,false,/home/cyfer/FYP/WSN_simulation_V3/runs/S10_5000/outputs_production_50seed_part21_25/run_campaign_v3_S10_M3_IMBALANCED_B_L2_F2_H3_seed021_21_20260603_091853
campaign_v3_S10_M3_IMBALANCED_B_L2_F2_H3_seed022,campaign_v3_S10_M3_IMBALANCED_B_L2_F2_H3_seed022_22_20260603_092251,S10,5000,200,6,M3_IMBALANCED,22,B,L2,F2,H3,V3,map_S10_M3_IMBALANCED_seed022,c545d218ebbb7863435993b90917ac4b14ce4d68866c53b228f947d94af8525c,266.827,463.648,194.198,405.634,25,1898,6.8223,0.0924,60.0,32.891,92.891,152.891,160.0,100.0,3.18,6.0,1.0,0.001,0.044,0.015,8713.26983,0.257346,0.0,3997,1410872,1410872,1.0,1724,1724,1.0,119975,0,1,S10|M3_IMBALANCED|22|B|L2|F2,true,false,false,/home/cyfer/FYP/WSN_simulation_V3/runs/S10_5000/outputs_production_50seed_part21_25/run_campaign_v3_S10_M3_IMBALANCED_B_L2_F2_H3_seed022_22_20260603_092251
campaign_v3_S10_M3_IMBALANCED_B_L2_F2_H3_seed023,campaign_v3_S10_M3_IMBALANCED_B_L2_F2_H3_seed023_23_20260603_092620,S10,5000,200,6,M3_IMBALANCED,23,B,L2,F2,H3,V3,map_S10_M3_IMBALANCED_seed023,e367f313da26a5133984d38d221a33f416b25690ef772f23b25f5d5b25833be6,271.56,531.637,191.76,397.589,25,1958,6.9645,0.0852,60.0,32.525,92.525,152.525,160.0,100.0,3.501,6.0,1.0,0.003,0.109,0.055,8723.468372,0.255306,0.0,4003,1410451,1410451,1.0,1751,1751,1.0,119950,0,1,S10|M3_IMBALANCED|23|B|L2|F2,true,false,false,/home/cyfer/FYP/WSN_simulation_V3/runs/S10_5000/outputs_production_50seed_part21_25/run_campaign_v3_S10_M3_IMBALANCED_B_L2_F2_H3_seed023_23_20260603_092620
campaign_v3_S10_M3_IMBALANCED_B_L2_F2_H3_seed024,campaign_v3_S10_M3_IMBALANCED_B_L2_F2_H3_seed024_24_20260603_092949,S10,5000,200,6,M3_IMBALANCED,24,B,L2,F2,H3,V3,map_S10_M3_IMBALANCED_seed024,d4fcdbab3e21c8a33f88ff2b287a8e6949bdd1852caa2d67aadf3217ab93b930,265.519,487.791,195.253,396.766,25,1557,5.5926,0.088,60.0,32.76,92.76,152.76,160.0,100.0,3.703,6.0,1.0,0.004,0.135,0.096,8690.31511,0.261937,0.0,3977,1410216,1410216,1.0,1724,1724,1.0,119925,0,1,S10|M3_IMBALANCED|24|B|L2|F2,true,false,false,/home/cyfer/FYP/WSN_simulation_V3/runs/S10_5000/outputs_production_50seed_part21_25/run_campaign_v3_S10_M3_IMBALANCED_B_L2_F2_H3_seed024_24_20260603_092949
campaign_v3_S10_M3_IMBALANCED_B_L2_F2_H3_seed025,campaign_v3_S10_M3_IMBALANCED_B_L2_F2_H3_seed025_25_20260603_093319,S10,5000,200,6,M3_IMBALANCED,25,B,L2,F2,H3,V3,map_S10_M3_IMBALANCED_seed025,687923e270312d4744e89dd4ec6d8f22cc8c5d37a4fc890b6003193970c00975,272.924,515.084,190.641,392.381,25,1275,5.6059,0.0952,60.0,33.214,93.214,153.214,160.0,100.0,3.336,6.0,1.0,0.002,0.047,0.063,8691.766269,0.261647,0.0,3976,1410871,1410871,1.0,1697,1697,1.0,119975,0,1,S10|M3_IMBALANCED|25|B|L2|F2,true,false,false,/home/cyfer/FYP/WSN_simulation_V3/runs/S10_5000/outputs_production_50seed_part21_25/run_campaign_v3_S10_M3_IMBALANCED_B_L2_F2_H3_seed025_25_20260603_093319
campaign_v3_S10_M3_IMBALANCED_B_L2_F2_H4_seed021,campaign_v3_S10_M3_IMBALANCED_B_L2_F2_H4_seed021_21_20260603_091856,S10,5000,200,6,M3_IMBALANCED,21,B,L2,F2,H4,V3,map_S10_M3_IMBALANCED_seed021,10dd9692d055e1a6cf35bb5f2b17a5aab85811368735dcd5afb6cc2cbd4c5885,269.564,492.137,193.318,380.096,25,1495,6.1095,0.0928,60.0,36.752,96.752,156.752,160.0,100.0,3.539,6.0,1.0,0.003,0.115,0.061,8713.532228,0.257294,0.0,4001,1410715,1410715,1.0,1715,1715,1.0,120000,0,1,S10|M3_IMBALANCED|21|B|L2|F2,true,false,false,/home/cyfer/FYP/WSN_simulation_V3/runs/S10_5000/outputs_production_50seed_part21_25/run_campaign_v3_S10_M3_IMBALANCED_B_L2_F2_H4_seed021_21_20260603_091856
campaign_v3_S10_M3_IMBALANCED_B_L2_F2_H4_seed022,campaign_v3_S10_M3_IMBALANCED_B_L2_F2_H4_seed022_22_20260603_092254,S10,5000,200,6,M3_IMBALANCED,22,B,L2,F2,H4,V3,map_S10_M3_IMBALANCED_seed022,c545d218ebbb7863435993b90917ac4b14ce4d68866c53b228f947d94af8525c,266.827,463.648,194.198,405.634,25,1898,6.8223,0.0924,60.0,36.705,96.705,156.705,160.0,100.0,3.18,6.0,1.0,0.001,0.044,0.015,8713.764913,0.257247,0.0,3997,1411006,1411006,1.0,1724,1724,1.0,120000,0,1,S10|M3_IMBALANCED|22|B|L2|F2,true,false,false,/home/cyfer/FYP/WSN_simulation_V3/runs/S10_5000/outputs_production_50seed_part21_25/run_campaign_v3_S10_M3_IMBALANCED_B_L2_F2_H4_seed022_22_20260603_092254
campaign_v3_S10_M3_IMBALANCED_B_L2_F2_H4_seed023,campaign_v3_S10_M3_IMBALANCED_B_L2_F2_H4_seed023_23_20260603_092622,S10,5000,200,6,M3_IMBALANCED,23,B,L2,F2,H4,V3,map_S10_M3_IMBALANCED_seed023,e367f313da26a5133984d38d221a33f416b25690ef772f23b25f5d5b25833be6,271.56,531.637,191.76,397.589,25,1958,6.9645,0.0852,60.0,36.57,96.57,156.57,160.0,100.0,3.501,6.0,1.0,0.003,0.109,0.055,8724.311506,0.255138,0.0,4003,1410715,1410715,1.0,1751,1751,1.0,120000,0,1,S10|M3_IMBALANCED|23|B|L2|F2,true,false,false,/home/cyfer/FYP/WSN_simulation_V3/runs/S10_5000/outputs_production_50seed_part21_25/run_campaign_v3_S10_M3_IMBALANCED_B_L2_F2_H4_seed023_23_20260603_092622
campaign_v3_S10_M3_IMBALANCED_B_L2_F2_H4_seed024,campaign_v3_S10_M3_IMBALANCED_B_L2_F2_H4_seed024_24_20260603_092952,S10,5000,200,6,M3_IMBALANCED,24,B,L2,F2,H4,V3,map_S10_M3_IMBALANCED_seed024,d4fcdbab3e21c8a33f88ff2b287a8e6949bdd1852caa2d67aadf3217ab93b930,265.519,487.791,195.253,396.766,25,1557,5.5926,0.088,60.0,37.137,97.137,157.137,160.0,100.0,3.703,6.0,1.0,0.004,0.135,0.096,8691.387148,0.261723,0.0,3977,1410612,1410612,1.0,1724,1724,1.0,120000,0,1,S10|M3_IMBALANCED|24|B|L2|F2,true,false,false,/home/cyfer/FYP/WSN_simulation_V3/runs/S10_5000/outputs_production_50seed_part21_25/run_campaign_v3_S10_M3_IMBALANCED_B_L2_F2_H4_seed024_24_20260603_092952
campaign_v3_S10_M3_IMBALANCED_B_L2_F2_H4_seed025,campaign_v3_S10_M3_IMBALANCED_B_L2_F2_H4_seed025_25_20260603_093321,S10,5000,200,6,M3_IMBALANCED,25,B,L2,F2,H4,V3,map_S10_M3_IMBALANCED_seed025,687923e270312d4744e89dd4ec6d8f22cc8c5d37a4fc890b6003193970c00975,272.924,515.084,190.641,392.381,25,1275,5.6059,0.0952,60.0,36.805,96.805,156.805,160.0,100.0,3.336,6.0,1.0,0.002,0.047,0.063,8692.024595,0.261595,0.0,3976,1411006,1411006,1.0,1697,1697,1.0,120000,0,1,S10|M3_IMBALANCED|25|B|L2|F2,true,false,false,/home/cyfer/FYP/WSN_simulation_V3/runs/S10_5000/outputs_production_50seed_part21_25/run_campaign_v3_S10_M3_IMBALANCED_B_L2_F2_H4_seed025_25_20260603_093321
campaign_v3_S10_M3_IMBALANCED_B_L2_F3_H0_seed021,campaign_v3_S10_M3_IMBALANCED_B_L2_F3_H0_seed021_21_20260603_091830,S10,5000,200,6,M3_IMBALANCED,21,B,L2,F3,H0,V2,map_S10_M3_IMBALANCED_seed021,10dd9692d055e1a6cf35bb5f2b17a5aab85811368735dcd5afb6cc2cbd4c5885,269.564,492.137,193.318,380.096,25,1495,6.1095,0.0928,60.0,-1.0,-1.0,-1.0,-1.0,-1.0,0.0,0.0,0.0,0.0,0.0,0.0,8711.039244,0.257792,0.0,4001,1410025,1410025,1.0,1711,1711,1.0,120025,1,0,S10|M3_IMBALANCED|21|B|L2|F3,false,false,true,/home/cyfer/FYP/WSN_simulation_V3/runs/S10_5000/outputs_production_50seed_part21_25/run_campaign_v3_S10_M3_IMBALANCED_B_L2_F3_H0_seed021_21_20260603_091830
campaign_v3_S10_M3_IMBALANCED_B_L2_F3_H0_seed022,campaign_v3_S10_M3_IMBALANCED_B_L2_F3_H0_seed022_22_20260603_092223,S10,5000,200,6,M3_IMBALANCED,22,B,L2,F3,H0,V2,map_S10_M3_IMBALANCED_seed022,c545d218ebbb7863435993b90917ac4b14ce4d68866c53b228f947d94af8525c,266.827,463.648,194.198,405.634,25,1898,6.8223,0.0924,60.0,-1.0,-1.0,-1.0,-1.0,-1.0,0.0,0.0,0.0,0.0,0.0,0.0,8710.797272,0.257841,0.0,3997,1410025,1410025,1.0,1720,1720,1.0,120025,1,0,S10|M3_IMBALANCED|22|B|L2|F3,false,false,true,/home/cyfer/FYP/WSN_simulation_V3/runs/S10_5000/outputs_production_50seed_part21_25/run_campaign_v3_S10_M3_IMBALANCED_B_L2_F3_H0_seed022_22_20260603_092223
campaign_v3_S10_M3_IMBALANCED_B_L2_F3_H0_seed023,campaign_v3_S10_M3_IMBALANCED_B_L2_F3_H0_seed023_23_20260603_092557,S10,5000,200,6,M3_IMBALANCED,23,B,L2,F3,H0,V2,map_S10_M3_IMBALANCED_seed023,e367f313da26a5133984d38d221a33f416b25690ef772f23b25f5d5b25833be6,271.56,531.637,191.76,397.589,25,1958,6.9645,0.0852,60.0,-1.0,-1.0,-1.0,-1.0,-1.0,0.0,0.0,0.0,0.0,0.0,0.0,8720.853673,0.255829,0.0,4002,1409555,1409555,1.0,1747,1747,1.0,120035,1,0,S10|M3_IMBALANCED|23|B|L2|F3,false,false,true,/home/cyfer/FYP/WSN_simulation_V3/runs/S10_5000/outputs_production_50seed_part21_25/run_campaign_v3_S10_M3_IMBALANCED_B_L2_F3_H0_seed023_23_20260603_092557
campaign_v3_S10_M3_IMBALANCED_B_L2_F3_H0_seed024,campaign_v3_S10_M3_IMBALANCED_B_L2_F3_H0_seed024_24_20260603_092926,S10,5000,200,6,M3_IMBALANCED,24,B,L2,F3,H0,V2,map_S10_M3_IMBALANCED_seed024,d4fcdbab3e21c8a33f88ff2b287a8e6949bdd1852caa2d67aadf3217ab93b930,265.519,487.791,195.253,396.766,25,1557,5.5926,0.088,60.0,-1.0,-1.0,-1.0,-1.0,-1.0,0.0,0.0,0.0,0.0,0.0,0.0,8691.394413,0.261721,0.0,3977,1410495,1410495,1.0,1720,1720,1.0,120015,1,0,S10|M3_IMBALANCED|24|B|L2|F3,false,false,true,/home/cyfer/FYP/WSN_simulation_V3/runs/S10_5000/outputs_production_50seed_part21_25/run_campaign_v3_S10_M3_IMBALANCED_B_L2_F3_H0_seed024_24_20260603_092926
campaign_v3_S10_M3_IMBALANCED_B_L2_F3_H0_seed025,campaign_v3_S10_M3_IMBALANCED_B_L2_F3_H0_seed025_25_20260603_093256,S10,5000,200,6,M3_IMBALANCED,25,B,L2,F3,H0,V2,map_S10_M3_IMBALANCED_seed025,687923e270312d4744e89dd4ec6d8f22cc8c5d37a4fc890b6003193970c00975,272.924,515.084,190.641,392.381,25,1275,5.6059,0.0952,60.0,-1.0,-1.0,-1.0,-1.0,-1.0,0.0,0.0,0.0,0.0,0.0,0.0,8689.111703,0.262178,0.0,3976,1410025,1410025,1.0,1693,1693,1.0,120025,1,0,S10|M3_IMBALANCED|25|B|L2|F3,false,false,true,/home/cyfer/FYP/WSN_simulation_V3/runs/S10_5000/outputs_production_50seed_part21_25/run_campaign_v3_S10_M3_IMBALANCED_B_L2_F3_H0_seed025_25_20260603_093256
campaign_v3_S10_M3_IMBALANCED_B_L2_F3_H1_seed021,campaign_v3_S10_M3_IMBALANCED_B_L2_F3_H1_seed021_21_20260603_091858,S10,5000,200,6,M3_IMBALANCED,21,B,L2,F3,H1,V3,map_S10_M3_IMBALANCED_seed021,10dd9692d055e1a6cf35bb5f2b17a5aab85811368735dcd5afb6cc2cbd4c5885,269.564,492.137,193.318,380.096,25,1495,6.1095,0.0928,60.0,31.273,91.273,151.273,160.0,100.0,3.834,6.0,1.0,0.003,0.121,0.153,8711.155955,0.257769,0.0,4001,1410041,1410041,1.0,1715,1715,1.0,119879,0,1,S10|M3_IMBALANCED|21|B|L2|F3,true,false,false,/home/cyfer/FYP/WSN_simulation_V3/runs/S10_5000/outputs_production_50seed_part21_25/run_campaign_v3_S10_M3_IMBALANCED_B_L2_F3_H1_seed021_21_20260603_091858
campaign_v3_S10_M3_IMBALANCED_B_L2_F3_H1_seed022,campaign_v3_S10_M3_IMBALANCED_B_L2_F3_H1_seed022_22_20260603_092256,S10,5000,200,6,M3_IMBALANCED,22,B,L2,F3,H1,V3,map_S10_M3_IMBALANCED_seed022,c545d218ebbb7863435993b90917ac4b14ce4d68866c53b228f947d94af8525c,266.827,463.648,194.198,405.634,25,1898,6.8223,0.0924,60.0,31.34,91.34,151.34,160.0,100.0,3.845,6.0,1.0,0.003,0.114,0.165,8710.904893,0.257819,0.0,3997,1410041,1410041,1.0,1724,1724,1.0,119879,0,1,S10|M3_IMBALANCED|22|B|L2|F3,true,false,false,/home/cyfer/FYP/WSN_simulation_V3/runs/S10_5000/outputs_production_50seed_part21_25/run_campaign_v3_S10_M3_IMBALANCED_B_L2_F3_H1_seed022_22_20260603_092256
campaign_v3_S10_M3_IMBALANCED_B_L2_F3_H1_seed023,campaign_v3_S10_M3_IMBALANCED_B_L2_F3_H1_seed023_23_20260603_092625,S10,5000,200,6,M3_IMBALANCED,23,B,L2,F3,H1,V3,map_S10_M3_IMBALANCED_seed023,e367f313da26a5133984d38d221a33f416b25690ef772f23b25f5d5b25833be6,271.56,531.637,191.76,397.589,25,1958,6.9645,0.0852,60.0,31.706,91.706,151.706,160.0,100.0,4.056,6.0,1.0,0.004,0.158,0.191,8720.988485,0.255802,0.0,4002,1409571,1409571,1.0,1751,1751,1.0,119829,0,1,S10|M3_IMBALANCED|23|B|L2|F3,true,false,false,/home/cyfer/FYP/WSN_simulation_V3/runs/S10_5000/outputs_production_50seed_part21_25/run_campaign_v3_S10_M3_IMBALANCED_B_L2_F3_H1_seed023_23_20260603_092625
campaign_v3_S10_M3_IMBALANCED_B_L2_F3_H1_seed024,campaign_v3_S10_M3_IMBALANCED_B_L2_F3_H1_seed024_24_20260603_092954,S10,5000,200,6,M3_IMBALANCED,24,B,L2,F3,H1,V3,map_S10_M3_IMBALANCED_seed024,d4fcdbab3e21c8a33f88ff2b287a8e6949bdd1852caa2d67aadf3217ab93b930,265.519,487.791,195.253,396.766,25,1557,5.5926,0.088,60.0,30.713,90.713,150.713,160.0,100.0,3.621,6.0,1.0,0.002,0.065,0.14,8691.486863,0.261703,0.0,3977,1410511,1410511,1.0,1724,1724,1.0,119929,0,1,S10|M3_IMBALANCED|24|B|L2|F3,true,false,false,/home/cyfer/FYP/WSN_simulation_V3/runs/S10_5000/outputs_production_50seed_part21_25/run_campaign_v3_S10_M3_IMBALANCED_B_L2_F3_H1_seed024_24_20260603_092954
campaign_v3_S10_M3_IMBALANCED_B_L2_F3_H1_seed025,campaign_v3_S10_M3_IMBALANCED_B_L2_F3_H1_seed025_25_20260603_093324,S10,5000,200,6,M3_IMBALANCED,25,B,L2,F3,H1,V3,map_S10_M3_IMBALANCED_seed025,687923e270312d4744e89dd4ec6d8f22cc8c5d37a4fc890b6003193970c00975,272.924,515.084,190.641,392.381,25,1275,5.6059,0.0952,60.0,31.157,91.157,151.157,160.0,100.0,3.47,6.0,1.0,0.004,0.114,0.039,8689.20286,0.262159,0.0,3976,1410041,1410041,1.0,1697,1697,1.0,119879,0,1,S10|M3_IMBALANCED|25|B|L2|F3,true,false,false,/home/cyfer/FYP/WSN_simulation_V3/runs/S10_5000/outputs_production_50seed_part21_25/run_campaign_v3_S10_M3_IMBALANCED_B_L2_F3_H1_seed025_25_20260603_093324
campaign_v3_S10_M3_IMBALANCED_B_L2_F3_H3_seed021,campaign_v3_S10_M3_IMBALANCED_B_L2_F3_H3_seed021_21_20260603_091901,S10,5000,200,6,M3_IMBALANCED,21,B,L2,F3,H3,V3,map_S10_M3_IMBALANCED_seed021,10dd9692d055e1a6cf35bb5f2b17a5aab85811368735dcd5afb6cc2cbd4c5885,269.564,492.137,193.318,380.096,25,1495,6.1095,0.0928,60.0,37.689,97.689,157.689,160.0,100.0,3.834,6.0,1.0,0.003,0.121,0.153,8711.158081,0.257768,0.0,4001,1410041,1410041,1.0,1715,1715,1.0,119879,0,1,S10|M3_IMBALANCED|21|B|L2|F3,true,false,false,/home/cyfer/FYP/WSN_simulation_V3/runs/S10_5000/outputs_production_50seed_part21_25/run_campaign_v3_S10_M3_IMBALANCED_B_L2_F3_H3_seed021_21_20260603_091901
campaign_v3_S10_M3_IMBALANCED_B_L2_F3_H3_seed022,campaign_v3_S10_M3_IMBALANCED_B_L2_F3_H3_seed022_22_20260603_092259,S10,5000,200,6,M3_IMBALANCED,22,B,L2,F3,H3,V3,map_S10_M3_IMBALANCED_seed022,c545d218ebbb7863435993b90917ac4b14ce4d68866c53b228f947d94af8525c,266.827,463.648,194.198,405.634,25,1898,6.8223,0.0924,60.0,37.414,97.414,157.414,160.0,100.0,3.845,6.0,1.0,0.003,0.114,0.165,8710.907231,0.257819,0.0,3997,1410041,1410041,1.0,1724,1724,1.0,119879,0,1,S10|M3_IMBALANCED|22|B|L2|F3,true,false,false,/home/cyfer/FYP/WSN_simulation_V3/runs/S10_5000/outputs_production_50seed_part21_25/run_campaign_v3_S10_M3_IMBALANCED_B_L2_F3_H3_seed022_22_20260603_092259
campaign_v3_S10_M3_IMBALANCED_B_L2_F3_H3_seed023,campaign_v3_S10_M3_IMBALANCED_B_L2_F3_H3_seed023_23_20260603_092628,S10,5000,200,6,M3_IMBALANCED,23,B,L2,F3,H3,V3,map_S10_M3_IMBALANCED_seed023,e367f313da26a5133984d38d221a33f416b25690ef772f23b25f5d5b25833be6,271.56,531.637,191.76,397.589,25,1958,6.9645,0.0852,60.0,37.565,97.565,157.565,160.0,100.0,4.056,6.0,1.0,0.004,0.158,0.191,8720.992599,0.255801,0.0,4002,1409571,1409571,1.0,1751,1751,1.0,119829,0,1,S10|M3_IMBALANCED|23|B|L2|F3,true,false,false,/home/cyfer/FYP/WSN_simulation_V3/runs/S10_5000/outputs_production_50seed_part21_25/run_campaign_v3_S10_M3_IMBALANCED_B_L2_F3_H3_seed023_23_20260603_092628
campaign_v3_S10_M3_IMBALANCED_B_L2_F3_H3_seed024,campaign_v3_S10_M3_IMBALANCED_B_L2_F3_H3_seed024_24_20260603_092957,S10,5000,200,6,M3_IMBALANCED,24,B,L2,F3,H3,V3,map_S10_M3_IMBALANCED_seed024,d4fcdbab3e21c8a33f88ff2b287a8e6949bdd1852caa2d67aadf3217ab93b930,265.519,487.791,195.253,396.766,25,1557,5.5926,0.088,60.0,36.658,96.658,156.658,160.0,100.0,3.621,6.0,1.0,0.002,0.065,0.14,8691.487344,0.261703,0.0,3977,1410511,1410511,1.0,1724,1724,1.0,119929,0,1,S10|M3_IMBALANCED|24|B|L2|F3,true,false,false,/home/cyfer/FYP/WSN_simulation_V3/runs/S10_5000/outputs_production_50seed_part21_25/run_campaign_v3_S10_M3_IMBALANCED_B_L2_F3_H3_seed024_24_20260603_092957
campaign_v3_S10_M3_IMBALANCED_B_L2_F3_H3_seed025,campaign_v3_S10_M3_IMBALANCED_B_L2_F3_H3_seed025_25_20260603_093326,S10,5000,200,6,M3_IMBALANCED,25,B,L2,F3,H3,V3,map_S10_M3_IMBALANCED_seed025,687923e270312d4744e89dd4ec6d8f22cc8c5d37a4fc890b6003193970c00975,272.924,515.084,190.641,392.381,25,1275,5.6059,0.0952,60.0,36.476,96.476,156.476,160.0,100.0,3.47,6.0,1.0,0.004,0.114,0.039,8689.209862,0.262158,0.0,3976,1410041,1410041,1.0,1697,1697,1.0,119879,0,1,S10|M3_IMBALANCED|25|B|L2|F3,true,false,false,/home/cyfer/FYP/WSN_simulation_V3/runs/S10_5000/outputs_production_50seed_part21_25/run_campaign_v3_S10_M3_IMBALANCED_B_L2_F3_H3_seed025_25_20260603_093326
campaign_v3_S10_M3_IMBALANCED_B_L2_F3_H4_seed021,campaign_v3_S10_M3_IMBALANCED_B_L2_F3_H4_seed021_21_20260603_091903,S10,5000,200,6,M3_IMBALANCED,21,B,L2,F3,H4,V3,map_S10_M3_IMBALANCED_seed021,10dd9692d055e1a6cf35bb5f2b17a5aab85811368735dcd5afb6cc2cbd4c5885,269.564,492.137,193.318,380.096,25,1495,6.1095,0.0928,60.0,40.849,100.849,160.849,170.0,110.0,3.834,6.0,1.0,0.003,0.121,0.153,8711.155955,0.257769,0.0,4001,1410041,1410041,1.0,1715,1715,1.0,119879,0,1,S10|M3_IMBALANCED|21|B|L2|F3,true,false,false,/home/cyfer/FYP/WSN_simulation_V3/runs/S10_5000/outputs_production_50seed_part21_25/run_campaign_v3_S10_M3_IMBALANCED_B_L2_F3_H4_seed021_21_20260603_091903
campaign_v3_S10_M3_IMBALANCED_B_L2_F3_H4_seed022,campaign_v3_S10_M3_IMBALANCED_B_L2_F3_H4_seed022_22_20260603_092302,S10,5000,200,6,M3_IMBALANCED,22,B,L2,F3,H4,V3,map_S10_M3_IMBALANCED_seed022,c545d218ebbb7863435993b90917ac4b14ce4d68866c53b228f947d94af8525c,266.827,463.648,194.198,405.634,25,1898,6.8223,0.0924,60.0,41.327,101.327,161.327,170.0,110.0,3.845,6.0,1.0,0.003,0.114,0.165,8710.904893,0.257819,0.0,3997,1410041,1410041,1.0,1724,1724,1.0,119879,0,1,S10|M3_IMBALANCED|22|B|L2|F3,true,false,false,/home/cyfer/FYP/WSN_simulation_V3/runs/S10_5000/outputs_production_50seed_part21_25/run_campaign_v3_S10_M3_IMBALANCED_B_L2_F3_H4_seed022_22_20260603_092302
campaign_v3_S10_M3_IMBALANCED_B_L2_F3_H4_seed023,campaign_v3_S10_M3_IMBALANCED_B_L2_F3_H4_seed023_23_20260603_092631,S10,5000,200,6,M3_IMBALANCED,23,B,L2,F3,H4,V3,map_S10_M3_IMBALANCED_seed023,e367f313da26a5133984d38d221a33f416b25690ef772f23b25f5d5b25833be6,271.56,531.637,191.76,397.589,25,1958,6.9645,0.0852,60.0,41.69,101.69,161.69,170.0,110.0,4.056,6.0,1.0,0.004,0.158,0.191,8720.988485,0.255802,0.0,4002,1409571,1409571,1.0,1751,1751,1.0,119829,0,1,S10|M3_IMBALANCED|23|B|L2|F3,true,false,false,/home/cyfer/FYP/WSN_simulation_V3/runs/S10_5000/outputs_production_50seed_part21_25/run_campaign_v3_S10_M3_IMBALANCED_B_L2_F3_H4_seed023_23_20260603_092631
campaign_v3_S10_M3_IMBALANCED_B_L2_F3_H4_seed024,campaign_v3_S10_M3_IMBALANCED_B_L2_F3_H4_seed024_24_20260603_092959,S10,5000,200,6,M3_IMBALANCED,24,B,L2,F3,H4,V3,map_S10_M3_IMBALANCED_seed024,d4fcdbab3e21c8a33f88ff2b287a8e6949bdd1852caa2d67aadf3217ab93b930,265.519,487.791,195.253,396.766,25,1557,5.5926,0.088,60.0,41.049,101.049,161.049,170.0,110.0,3.621,6.0,1.0,0.002,0.065,0.14,8691.486863,0.261703,0.0,3977,1410511,1410511,1.0,1724,1724,1.0,119929,0,1,S10|M3_IMBALANCED|24|B|L2|F3,true,false,false,/home/cyfer/FYP/WSN_simulation_V3/runs/S10_5000/outputs_production_50seed_part21_25/run_campaign_v3_S10_M3_IMBALANCED_B_L2_F3_H4_seed024_24_20260603_092959
campaign_v3_S10_M3_IMBALANCED_B_L2_F3_H4_seed025,campaign_v3_S10_M3_IMBALANCED_B_L2_F3_H4_seed025_25_20260603_093329,S10,5000,200,6,M3_IMBALANCED,25,B,L2,F3,H4,V3,map_S10_M3_IMBALANCED_seed025,687923e270312d4744e89dd4ec6d8f22cc8c5d37a4fc890b6003193970c00975,272.924,515.084,190.641,392.381,25,1275,5.6059,0.0952,60.0,40.592,100.592,160.592,170.0,110.0,3.47,6.0,1.0,0.004,0.114,0.039,8689.20286,0.262159,0.0,3976,1410041,1410041,1.0,1697,1697,1.0,119879,0,1,S10|M3_IMBALANCED|25|B|L2|F3,true,false,false,/home/cyfer/FYP/WSN_simulation_V3/runs/S10_5000/outputs_production_50seed_part21_25/run_campaign_v3_S10_M3_IMBALANCED_B_L2_F3_H4_seed025_25_20260603_093329
campaign_v3_S10_M3_IMBALANCED_B_L2_F4_H0_seed021,campaign_v3_S10_M3_IMBALANCED_B_L2_F4_H0_seed021_21_20260603_091833,S10,5000,200,6,M3_IMBALANCED,21,B,L2,F4,H0,V2,map_S10_M3_IMBALANCED_seed021,10dd9692d055e1a6cf35bb5f2b17a5aab85811368735dcd5afb6cc2cbd4c5885,269.564,492.137,193.318,380.096,25,1495,6.1095,0.0928,60.0,-1.0,-1.0,-1.0,-1.0,-1.0,0.0,0.0,0.0,0.0,0.0,0.0,8707.239287,0.258552,0.0,4000,1408380,1408380,1.0,1711,1711,1.0,120060,1,0,S10|M3_IMBALANCED|21|B|L2|F4,false,false,true,/home/cyfer/FYP/WSN_simulation_V3/runs/S10_5000/outputs_production_50seed_part21_25/run_campaign_v3_S10_M3_IMBALANCED_B_L2_F4_H0_seed021_21_20260603_091833
campaign_v3_S10_M3_IMBALANCED_B_L2_F4_H0_seed022,campaign_v3_S10_M3_IMBALANCED_B_L2_F4_H0_seed022_22_20260603_092225,S10,5000,200,6,M3_IMBALANCED,22,B,L2,F4,H0,V2,map_S10_M3_IMBALANCED_seed022,c545d218ebbb7863435993b90917ac4b14ce4d68866c53b228f947d94af8525c,266.827,463.648,194.198,405.634,25,1898,6.8223,0.0924,60.0,-1.0,-1.0,-1.0,-1.0,-1.0,0.0,0.0,0.0,0.0,0.0,0.0,8711.988707,0.257602,0.0,3997,1410495,1410495,1.0,1720,1720,1.0,120015,1,0,S10|M3_IMBALANCED|22|B|L2|F4,false,false,true,/home/cyfer/FYP/WSN_simulation_V3/runs/S10_5000/outputs_production_50seed_part21_25/run_campaign_v3_S10_M3_IMBALANCED_B_L2_F4_H0_seed022_22_20260603_092225
campaign_v3_S10_M3_IMBALANCED_B_L2_F4_H0_seed023,campaign_v3_S10_M3_IMBALANCED_B_L2_F4_H0_seed023_23_20260603_092559,S10,5000,200,6,M3_IMBALANCED,23,B,L2,F4,H0,V2,map_S10_M3_IMBALANCED_seed023,e367f313da26a5133984d38d221a33f416b25690ef772f23b25f5d5b25833be6,271.56,531.637,191.76,397.589,25,1958,6.9645,0.0852,60.0,-1.0,-1.0,-1.0,-1.0,-1.0,0.0,0.0,0.0,0.0,0.0,0.0,8721.79322,0.255641,0.0,4003,1410025,1410025,1.0,1747,1747,1.0,120025,1,0,S10|M3_IMBALANCED|23|B|L2|F4,false,false,true,/home/cyfer/FYP/WSN_simulation_V3/runs/S10_5000/outputs_production_50seed_part21_25/run_campaign_v3_S10_M3_IMBALANCED_B_L2_F4_H0_seed023_23_20260603_092559
campaign_v3_S10_M3_IMBALANCED_B_L2_F4_H0_seed024,campaign_v3_S10_M3_IMBALANCED_B_L2_F4_H0_seed024_24_20260603_092929,S10,5000,200,6,M3_IMBALANCED,24,B,L2,F4,H0,V2,map_S10_M3_IMBALANCED_seed024,d4fcdbab3e21c8a33f88ff2b287a8e6949bdd1852caa2d67aadf3217ab93b930,265.519,487.791,195.253,396.766,25,1557,5.5926,0.088,60.0,-1.0,-1.0,-1.0,-1.0,-1.0,0.0,0.0,0.0,0.0,0.0,0.0,8689.439306,0.262112,0.0,3977,1410025,1410025,1.0,1720,1720,1.0,120025,1,0,S10|M3_IMBALANCED|24|B|L2|F4,false,false,true,/home/cyfer/FYP/WSN_simulation_V3/runs/S10_5000/outputs_production_50seed_part21_25/run_campaign_v3_S10_M3_IMBALANCED_B_L2_F4_H0_seed024_24_20260603_092929
campaign_v3_S10_M3_IMBALANCED_B_L2_F4_H0_seed025,campaign_v3_S10_M3_IMBALANCED_B_L2_F4_H0_seed025_25_20260603_093258,S10,5000,200,6,M3_IMBALANCED,25,B,L2,F4,H0,V2,map_S10_M3_IMBALANCED_seed025,687923e270312d4744e89dd4ec6d8f22cc8c5d37a4fc890b6003193970c00975,272.924,515.084,190.641,392.381,25,1275,5.6059,0.0952,60.0,-1.0,-1.0,-1.0,-1.0,-1.0,0.0,0.0,0.0,0.0,0.0,0.0,8688.285753,0.262343,0.0,3976,1409790,1409790,1.0,1693,1693,1.0,120030,1,0,S10|M3_IMBALANCED|25|B|L2|F4,false,false,true,/home/cyfer/FYP/WSN_simulation_V3/runs/S10_5000/outputs_production_50seed_part21_25/run_campaign_v3_S10_M3_IMBALANCED_B_L2_F4_H0_seed025_25_20260603_093258
campaign_v3_S10_M3_IMBALANCED_B_L2_F4_H1_seed021,campaign_v3_S10_M3_IMBALANCED_B_L2_F4_H1_seed021_21_20260603_091905,S10,5000,200,6,M3_IMBALANCED,21,B,L2,F4,H1,V3,map_S10_M3_IMBALANCED_seed021,10dd9692d055e1a6cf35bb5f2b17a5aab85811368735dcd5afb6cc2cbd4c5885,269.564,492.137,193.318,380.096,25,1495,6.1095,0.0928,60.0,37.878,97.878,157.878,160.0,100.0,4.034,6.0,1.0,0.008,0.273,0.063,8708.204769,0.258359,0.0,4000,1408660,1408660,1.0,1715,1715,1.0,119704,0,1,S10|M3_IMBALANCED|21|B|L2|F4,true,false,false,/home/cyfer/FYP/WSN_simulation_V3/runs/S10_5000/outputs_production_50seed_part21_25/run_campaign_v3_S10_M3_IMBALANCED_B_L2_F4_H1_seed021_21_20260603_091905
campaign_v3_S10_M3_IMBALANCED_B_L2_F4_H1_seed022,campaign_v3_S10_M3_IMBALANCED_B_L2_F4_H1_seed022_22_20260603_092304,S10,5000,200,6,M3_IMBALANCED,22,B,L2,F4,H1,V3,map_S10_M3_IMBALANCED_seed022,c545d218ebbb7863435993b90917ac4b14ce4d68866c53b228f947d94af8525c,266.827,463.648,194.198,405.634,25,1898,6.8223,0.0924,60.0,37.454,97.454,157.454,160.0,100.0,3.721,6.0,1.0,0.002,0.073,0.166,8712.306305,0.257539,0.0,3997,1410577,1410577,1.0,1724,1724,1.0,119929,0,1,S10|M3_IMBALANCED|22|B|L2|F4,true,false,false,/home/cyfer/FYP/WSN_simulation_V3/runs/S10_5000/outputs_production_50seed_part21_25/run_campaign_v3_S10_M3_IMBALANCED_B_L2_F4_H1_seed022_22_20260603_092304
campaign_v3_S10_M3_IMBALANCED_B_L2_F4_H1_seed023,campaign_v3_S10_M3_IMBALANCED_B_L2_F4_H1_seed023_23_20260603_092633,S10,5000,200,6,M3_IMBALANCED,23,B,L2,F4,H1,V3,map_S10_M3_IMBALANCED_seed023,e367f313da26a5133984d38d221a33f416b25690ef772f23b25f5d5b25833be6,271.56,531.637,191.76,397.589,25,1958,6.9645,0.0852,60.0,37.455,97.455,157.455,160.0,100.0,3.755,6.0,1.0,0.003,0.12,0.129,8722.272527,0.255545,0.0,4003,1410151,1410151,1.0,1751,1751,1.0,119879,0,1,S10|M3_IMBALANCED|23|B|L2|F4,true,false,false,/home/cyfer/FYP/WSN_simulation_V3/runs/S10_5000/outputs_production_50seed_part21_25/run_campaign_v3_S10_M3_IMBALANCED_B_L2_F4_H1_seed023_23_20260603_092633
campaign_v3_S10_M3_IMBALANCED_B_L2_F4_H1_seed024,campaign_v3_S10_M3_IMBALANCED_B_L2_F4_H1_seed024_24_20260603_093002,S10,5000,200,6,M3_IMBALANCED,24,B,L2,F4,H1,V3,map_S10_M3_IMBALANCED_seed024,d4fcdbab3e21c8a33f88ff2b287a8e6949bdd1852caa2d67aadf3217ab93b930,265.519,487.791,195.253,396.766,25,1557,5.5926,0.088,60.0,37.195,97.195,157.195,160.0,100.0,3.688,6.0,1.0,0.003,0.117,0.109,8689.868669,0.262026,0.0,3977,1410151,1410151,1.0,1724,1724,1.0,119879,0,1,S10|M3_IMBALANCED|24|B|L2|F4,true,false,false,/home/cyfer/FYP/WSN_simulation_V3/runs/S10_5000/outputs_production_50seed_part21_25/run_campaign_v3_S10_M3_IMBALANCED_B_L2_F4_H1_seed024_24_20260603_093002
campaign_v3_S10_M3_IMBALANCED_B_L2_F4_H1_seed025,campaign_v3_S10_M3_IMBALANCED_B_L2_F4_H1_seed025_25_20260603_093331,S10,5000,200,6,M3_IMBALANCED,25,B,L2,F4,H1,V3,map_S10_M3_IMBALANCED_seed025,687923e270312d4744e89dd4ec6d8f22cc8c5d37a4fc890b6003193970c00975,272.924,515.084,190.641,392.381,25,1275,5.6059,0.0952,60.0,37.387,97.387,157.387,160.0,100.0,3.85,6.0,1.0,0.005,0.139,0.139,8688.797353,0.262241,0.0,3976,1409938,1409938,1.0,1697,1697,1.0,119854,0,1,S10|M3_IMBALANCED|25|B|L2|F4,true,false,false,/home/cyfer/FYP/WSN_simulation_V3/runs/S10_5000/outputs_production_50seed_part21_25/run_campaign_v3_S10_M3_IMBALANCED_B_L2_F4_H1_seed025_25_20260603_093331
campaign_v3_S10_M3_IMBALANCED_B_L2_F4_H3_seed021,campaign_v3_S10_M3_IMBALANCED_B_L2_F4_H3_seed021_21_20260603_091908,S10,5000,200,6,M3_IMBALANCED,21,B,L2,F4,H3,V3,map_S10_M3_IMBALANCED_seed021,10dd9692d055e1a6cf35bb5f2b17a5aab85811368735dcd5afb6cc2cbd4c5885,269.564,492.137,193.318,380.096,25,1495,6.1095,0.0928,60.0,43.984,103.984,163.984,170.0,110.0,4.034,6.0,1.0,0.008,0.273,0.063,8707.711671,0.258458,0.0,4000,1408492,1408492,1.0,1715,1715,1.0,119704,0,1,S10|M3_IMBALANCED|21|B|L2|F4,true,false,false,/home/cyfer/FYP/WSN_simulation_V3/runs/S10_5000/outputs_production_50seed_part21_25/run_campaign_v3_S10_M3_IMBALANCED_B_L2_F4_H3_seed021_21_20260603_091908
campaign_v3_S10_M3_IMBALANCED_B_L2_F4_H3_seed022,campaign_v3_S10_M3_IMBALANCED_B_L2_F4_H3_seed022_22_20260603_092307,S10,5000,200,6,M3_IMBALANCED,22,B,L2,F4,H3,V3,map_S10_M3_IMBALANCED_seed022,c545d218ebbb7863435993b90917ac4b14ce4d68866c53b228f947d94af8525c,266.827,463.648,194.198,405.634,25,1898,6.8223,0.0924,60.0,43.268,103.268,163.268,170.0,110.0,3.721,6.0,1.0,0.002,0.073,0.166,8712.193433,0.257561,0.0,3997,1410543,1410543,1.0,1724,1724,1.0,119929,0,1,S10|M3_IMBALANCED|22|B|L2|F4,true,false,false,/home/cyfer/FYP/WSN_simulation_V3/runs/S10_5000/outputs_production_50seed_part21_25/run_campaign_v3_S10_M3_IMBALANCED_B_L2_F4_H3_seed022_22_20260603_092307
campaign_v3_S10_M3_IMBALANCED_B_L2_F4_H3_seed023,campaign_v3_S10_M3_IMBALANCED_B_L2_F4_H3_seed023_23_20260603_092636,S10,5000,200,6,M3_IMBALANCED,23,B,L2,F4,H3,V3,map_S10_M3_IMBALANCED_seed023,e367f313da26a5133984d38d221a33f416b25690ef772f23b25f5d5b25833be6,271.56,531.637,191.76,397.589,25,1958,6.9645,0.0852,60.0,43.316,103.316,163.316,170.0,110.0,3.755,6.0,1.0,0.003,0.12,0.129,8722.054528,0.255589,0.0,4003,1410089,1410089,1.0,1751,1751,1.0,119879,0,1,S10|M3_IMBALANCED|23|B|L2|F4,true,false,false,/home/cyfer/FYP/WSN_simulation_V3/runs/S10_5000/outputs_production_50seed_part21_25/run_campaign_v3_S10_M3_IMBALANCED_B_L2_F4_H3_seed023_23_20260603_092636
campaign_v3_S10_M3_IMBALANCED_B_L2_F4_H3_seed024,campaign_v3_S10_M3_IMBALANCED_B_L2_F4_H3_seed024_24_20260603_093005,S10,5000,200,6,M3_IMBALANCED,24,B,L2,F4,H3,V3,map_S10_M3_IMBALANCED_seed024,d4fcdbab3e21c8a33f88ff2b287a8e6949bdd1852caa2d67aadf3217ab93b930,265.519,487.791,195.253,396.766,25,1557,5.5926,0.088,60.0,42.994,102.994,162.994,170.0,110.0,3.688,6.0,1.0,0.003,0.117,0.109,8689.714734,0.262057,0.0,3977,1410092,1410092,1.0,1724,1724,1.0,119879,0,1,S10|M3_IMBALANCED|24|B|L2|F4,true,false,false,/home/cyfer/FYP/WSN_simulation_V3/runs/S10_5000/outputs_production_50seed_part21_25/run_campaign_v3_S10_M3_IMBALANCED_B_L2_F4_H3_seed024_24_20260603_093005
campaign_v3_S10_M3_IMBALANCED_B_L2_F4_H3_seed025,campaign_v3_S10_M3_IMBALANCED_B_L2_F4_H3_seed025_25_20260603_093334,S10,5000,200,6,M3_IMBALANCED,25,B,L2,F4,H3,V3,map_S10_M3_IMBALANCED_seed025,687923e270312d4744e89dd4ec6d8f22cc8c5d37a4fc890b6003193970c00975,272.924,515.084,190.641,392.381,25,1275,5.6059,0.0952,60.0,43.021,103.021,163.021,170.0,110.0,3.85,6.0,1.0,0.005,0.139,0.139,8688.502799,0.262299,0.0,3976,1409854,1409854,1.0,1697,1697,1.0,119854,0,1,S10|M3_IMBALANCED|25|B|L2|F4,true,false,false,/home/cyfer/FYP/WSN_simulation_V3/runs/S10_5000/outputs_production_50seed_part21_25/run_campaign_v3_S10_M3_IMBALANCED_B_L2_F4_H3_seed025_25_20260603_093334
campaign_v3_S10_M3_IMBALANCED_B_L2_F4_H4_seed021,campaign_v3_S10_M3_IMBALANCED_B_L2_F4_H4_seed021_21_20260603_091910,S10,5000,200,6,M3_IMBALANCED,21,B,L2,F4,H4,V3,map_S10_M3_IMBALANCED_seed021,10dd9692d055e1a6cf35bb5f2b17a5aab85811368735dcd5afb6cc2cbd4c5885,269.564,492.137,193.318,380.096,25,1495,6.1095,0.0928,60.0,47.043,107.043,167.043,170.0,110.0,4.034,6.0,1.0,0.008,0.273,0.063,8705.930508,0.258814,0.0,4000,1407921,1407921,1.0,1715,1715,1.0,119583,0,1,S10|M3_IMBALANCED|21|B|L2|F4,true,false,false,/home/cyfer/FYP/WSN_simulation_V3/runs/S10_5000/outputs_production_50seed_part21_25/run_campaign_v3_S10_M3_IMBALANCED_B_L2_F4_H4_seed021_21_20260603_091910
campaign_v3_S10_M3_IMBALANCED_B_L2_F4_H4_seed022,campaign_v3_S10_M3_IMBALANCED_B_L2_F4_H4_seed022_22_20260603_092309,S10,5000,200,6,M3_IMBALANCED,22,B,L2,F4,H4,V3,map_S10_M3_IMBALANCED_seed022,c545d218ebbb7863435993b90917ac4b14ce4d68866c53b228f947d94af8525c,266.827,463.648,194.198,405.634,25,1898,6.8223,0.0924,60.0,47.116,107.116,167.116,170.0,110.0,3.721,6.0,1.0,0.002,0.073,0.166,8711.569334,0.257686,0.0,3997,1410309,1410309,1.0,1724,1724,1.0,119883,0,1,S10|M3_IMBALANCED|22|B|L2|F4,true,false,false,/home/cyfer/FYP/WSN_simulation_V3/runs/S10_5000/outputs_production_50seed_part21_25/run_campaign_v3_S10_M3_IMBALANCED_B_L2_F4_H4_seed022_22_20260603_092309
campaign_v3_S10_M3_IMBALANCED_B_L2_F4_H4_seed023,campaign_v3_S10_M3_IMBALANCED_B_L2_F4_H4_seed023_23_20260603_092638,S10,5000,200,6,M3_IMBALANCED,23,B,L2,F4,H4,V3,map_S10_M3_IMBALANCED_seed023,e367f313da26a5133984d38d221a33f416b25690ef772f23b25f5d5b25833be6,271.56,531.637,191.76,397.589,25,1958,6.9645,0.0852,60.0,46.894,106.894,166.894,170.0,110.0,3.755,6.0,1.0,0.003,0.12,0.129,8720.398088,0.25592,0.0,4003,1409482,1409482,1.0,1751,1751,1.0,119758,0,1,S10|M3_IMBALANCED|23|B|L2|F4,true,false,false,/home/cyfer/FYP/WSN_simulation_V3/runs/S10_5000/outputs_production_50seed_part21_25/run_campaign_v3_S10_M3_IMBALANCED_B_L2_F4_H4_seed023_23_20260603_092638
campaign_v3_S10_M3_IMBALANCED_B_L2_F4_H4_seed024,campaign_v3_S10_M3_IMBALANCED_B_L2_F4_H4_seed024_24_20260603_093007,S10,5000,200,6,M3_IMBALANCED,24,B,L2,F4,H4,V3,map_S10_M3_IMBALANCED_seed024,d4fcdbab3e21c8a33f88ff2b287a8e6949bdd1852caa2d67aadf3217ab93b930,265.519,487.791,195.253,396.766,25,1557,5.5926,0.088,60.0,47.244,107.244,167.244,170.0,110.0,3.688,6.0,1.0,0.003,0.117,0.109,8687.580262,0.262484,0.0,3977,1409355,1409355,1.0,1724,1724,1.0,119733,0,1,S10|M3_IMBALANCED|24|B|L2|F4,true,false,false,/home/cyfer/FYP/WSN_simulation_V3/runs/S10_5000/outputs_production_50seed_part21_25/run_campaign_v3_S10_M3_IMBALANCED_B_L2_F4_H4_seed024_24_20260603_093007
campaign_v3_S10_M3_IMBALANCED_B_L2_F4_H4_seed025,campaign_v3_S10_M3_IMBALANCED_B_L2_F4_H4_seed025_25_20260603_093337,S10,5000,200,6,M3_IMBALANCED,25,B,L2,F4,H4,V3,map_S10_M3_IMBALANCED_seed025,687923e270312d4744e89dd4ec6d8f22cc8c5d37a4fc890b6003193970c00975,272.924,515.084,190.641,392.381,25,1275,5.6059,0.0952,60.0,47.038,107.038,167.038,170.0,110.0,3.85,6.0,1.0,0.005,0.139,0.139,8687.910018,0.262418,0.0,3976,1409640,1409640,1.0,1697,1697,1.0,119808,0,1,S10|M3_IMBALANCED|25|B|L2|F4,true,false,false,/home/cyfer/FYP/WSN_simulation_V3/runs/S10_5000/outputs_production_50seed_part21_25/run_campaign_v3_S10_M3_IMBALANCED_B_L2_F4_H4_seed025_25_20260603_093337
