node_id,x_m,y_m
0,1016.117,1062.026
1,1064.269,932.793
2,899.726,991.063
3,965.786,1100.397
4,1070.339,1047.966
5,1037.106,1062.992
6,933.471,1007.454
7,937.729,1124.399
8,911.765,1102.524
9,915.727,1069.423
10,981.587,998.558
11,1108.443,901.67
12,912.257,1126.673
13,1024.74,919.835
14,1144.771,1134.625
15,925.244,1003.225
16,930.902,975.448
17,1052.984,938.045
18,1071.905,909.89
19,939.975,1101.74
20,997.53,1002.129
21,1046.589,1016.669
22,993.53,904.654
23,1079.308,1139.832
24,1142.052,1063.563
25,986.443,988.145
26,1070.219,1066.117
27,925.572,955.978
28,988.194,1025.349
29,1100.337,1022.503
30,904.064,1103.464
31,1004.969,1027.268
32,952.764,1004.238
33,994.45,1090.752
34,922.756,1035.043
35,941.69,1071.67
36,906.248,966.413
37,983.389,1056.869
38,910.067,1012.275
39,949.407,967.756
40,1016.542,1137.646
41,1017.737,1136.929
42,939.058,1128.987
43,988.412,944.497
44,1084.88,1125.923
45,898.675,964.332
46,1090.439,982.789
47,957.638,899.166
48,907.046,1052.388
49,1143.938,1147.622
50,1023.403,903.001
51,977.937,1094.638
52,1105.821,1057.492
53,954.608,1029.337
54,1016.825,1054.378
55,962.932,1134.616
56,1121.474,937.699
57,970.122,1116.166
58,966.855,1133.92
59,1026.308,1071.689
60,1073.879,950.731
61,968.54,960.99
62,1068.507,1071.22
63,930.065,1119.496
64,1002.501,957.549
65,1006.255,1142.849
66,1037.543,1053.809
67,1127.903,1138.459
68,1087.869,1001.832
69,1044.697,1123.141
70,1095.097,1042.621
71,984.217,989.486
72,1081.695,1038.395
73,901.295,1075.243
74,1123.855,1097.231
75,1122.267,1125.538
76,1031.268,1095.068
77,992.247,921.672
78,985.645,975.34
79,1131.44,1069.967
80,1032.945,1053.149
81,928.305,1031.098
82,1072.855,995.933
83,958.686,999.127
84,978.222,1069.005
85,932.594,919.725
86,975.432,1071.639
87,1087.666,1062.508
88,1131.611,988.767
89,904.465,1019.444
90,1008.366,942.022
91,1064.517,982.658
92,956.824,979.19
93,1133.893,898.939
94,987.438,967.203
95,947.535,1005.546
96,952.315,1127.634
97,1022.76,1072.222
98,937.749,1013.622
99,1049.239,1108.562
100,959.719,1012.368
101,1111.56,1105.749
102,954.104,1032.036
103,1088.086,996.218
104,1066.021,1063.482
105,1141.081,1036.024
106,1067.877,984.908
107,1080.796,977.888
108,1022.475,987.571
109,974.106,931.114
110,953.644,1033.619
111,960.214,908.524
112,1098.706,968.693
113,1131.97,1047.296
114,994.659,1116.148
115,1122.203,977.563
116,928.586,1057.877
117,1108.515,1049.734
118,1093.868,1000.518
119,1052.069,963.063
120,999.133,992.302
121,993.547,997.287
122,1099.603,939.627
123,948.477,960.923
124,1140.731,1028.211
125,910.284,1106.684
126,1116.257,1103.108
127,987.057,1081.397
128,973.679,931.456
129,1114.185,1106.092
130,950.013,1117.832
131,903.172,974.412
132,900.252,939.932
133,937.978,1076.673
134,971.443,944.703
135,943.199,975.302
136,1113.405,1049.323
137,922.684,1068.933
138,1031.598,1009.562
139,1029.42,1060.526
140,1097.978,1023.826
141,1056.523,1014.29
142,1056.151,994.508
143,1001.132,1026.681
144,1076.468,966.906
145,1129.14,1020.378
146,1111.733,1070.29
147,1137.038,1068.295
148,1004.135,998.872
149,1049.528,1086.222
150,1107.601,929.457
151,912.659,924.144
152,918.145,911.164
153,899.109,959.631
154,925.407,1068.996
155,1051.569,1139.38
156,1138.09,1084.428
157,1135.353,904.045
158,954.213,1129.464
159,1016.339,948.854
160,1086.958,1003.311
161,1033.316,976.298
162,957.672,918.881
163,1049.32,1136.139
164,1144.668,1089.072
165,1131.285,987.919
166,971.842,1128.8
167,1047.63,1064.945
168,900.148,954.361
169,1018.088,1080.481
170,1104.277,1087.082
171,982.264,992.788
172,1113.451,1145.381
173,1018.733,945.887
174,1053.734,1031.517
175,987.778,954.858
176,993.722,1050.712
177,928.836,1032.774
178,1136.027,1083.981
179,960.285,1002.038
180,922.686,1082.0
181,1055.598,940.379
182,1034.565,1046.56
183,1041.872,991.977
184,974.769,986.066
185,1147.388,979.919
186,1023.12,1012.44
187,940.426,997.34
188,948.445,977.906
189,989.151,984.824
190,1132.423,971.514
191,980.428,1062.045
192,996.71,1026.45
193,1059.533,915.491
194,1065.563,922.393
195,959.807,1100.253
196,1145.377,1066.106
197,940.071,1007.004
198,967.943,1108.134
199,955.537,946.259
200,1057.159,1056.933
201,1045.027,1017.19
202,1137.726,1012.07
203,1132.192,995.327
204,1013.804,987.211
205,1076.495,1085.625
206,957.037,1029.029
207,1079.351,1022.892
208,1063.259,1051.663
209,1076.298,986.175
210,973.949,903.189
211,1120.475,1095.259
212,994.96,1139.767
213,1123.514,935.028
214,1107.006,1002.634
215,975.88,962.044
216,1000.868,910.002
217,909.659,926.334
218,974.133,936.783
219,927.58,1105.807
220,992.295,1020.06
221,1047.914,1131.178
222,933.673,954.247
223,1112.951,1125.322
224,1130.881,1029.625
225,989.129,944.352
226,1125.567,1089.099
227,1035.467,1095.64
228,962.441,1030.966
229,1124.541,924.254
230,1051.959,943.524
231,1107.28,1107.654
232,1058.663,1006.425
233,902.398,1021.006
234,987.156,997.436
235,916.503,1127.991
236,1028.026,1037.982
237,1108.42,1121.98
238,1034.97,1033.544
239,1109.612,990.509
240,1122.999,903.112
241,1096.826,1029.465
242,1053.221,1145.595
243,952.187,999.251
244,1097.703,1084.425
245,1028.581,1092.036
246,1066.992,1115.161
247,1060.194,988.185
248,968.984,917.597
249,927.953,907.672
250,1141.883,932.319
251,1048.308,930.661
252,1139.514,1030.721
253,941.439,1104.482
254,1112.888,1142.454
255,953.065,998.04
256,1062.855,967.909
257,1039.897,1072.978
258,1085.638,1103.813
259,1085.48,968.638
260,1086.641,1005.855
261,939.524,902.199
262,1053.191,986.846
263,920.597,1020.005
264,1001.138,978.639
265,1039.128,1032.237
266,1029.979,1144.802
267,1124.095,971.971
268,1115.869,976.1
269,1132.188,911.455
270,976.828,1130.901
271,1063.02,1074.327
272,948.313,927.539
273,1137.88,913.548
274,941.029,1005.136
275,1102.622,1067.488
276,1147.603,1092.596
277,1006.751,1125.772
278,976.475,909.926
279,1137.81,1118.178
280,1062.731,1017.485
281,948.147,952.049
282,913.93,920.58
283,1017.252,1121.963
284,1130.995,1026.104
285,1066.053,1014.443
286,1091.823,1074.281
287,1144.199,1109.257
288,1067.16,1045.18
289,939.337,1015.367
290,1009.36,935.729
291,947.619,1000.243
292,941.129,1053.668
293,979.334,1144.959
294,1068.71,1026.672
295,1005.909,995.301
296,947.299,1138.679
297,1126.316,1060.171
298,1060.175,933.169
299,1032.917,938.912
300,978.401,1044.357
301,939.718,955.521
302,1080.342,1018.672
303,1120.31,936.964
304,919.217,1132.535
305,1049.804,1071.061
306,1036.633,934.305
307,1142.42,1021.372
308,1125.2,933.714
309,966.085,1034.82
310,959.142,1112.773
311,962.439,916.843
312,937.91,965.232
313,1134.891,1117.466
314,1065.08,1004.054
315,907.401,1105.714
316,928.616,947.214
317,1006.206,1113.484
318,942.899,912.678
319,1124.724,899.084
320,1081.294,932.313
321,972.038,949.112
322,1007.163,1128.289
323,1107.834,1031.52
324,919.01,941.098
325,971.139,1096.289
326,1126.898,903.394
327,980.904,1137.99
328,934.885,917.049
329,963.726,1120.183
330,963.046,1078.017
331,926.838,1062.156
332,939.435,1046.351
333,1083.367,1117.542
334,1006.451,1144.197
335,998.977,1135.34
336,1126.401,1147.648
337,923.571,965.641
338,1071.725,1119.247
339,961.445,1089.837
340,1016.717,898.011
341,918.355,898.827
342,954.367,1131.116
343,1067.529,1113.643
344,1126.98,995.583
345,1071.75,1061.281
346,1070.676,920.245
347,1120.008,936.405
348,1008.79,1069.586
349,1083.903,1104.406
350,975.388,971.803
351,1079.629,908.807
352,1116.254,976.143
353,995.504,975.534
354,1076.118,940.65
355,930.989,913.611
356,929.862,1053.405
357,1145.239,898.478
358,1013.029,986.223
359,974.803,983.263
360,924.112,1003.376
361,963.84,911.975
362,930.849,1129.927
363,1077.282,1143.734
364,1101.287,1082.347
365,953.919,924.315
366,1144.023,1068.813
367,1078.465,933.031
368,1095.727,1031.375
369,919.061,949.8
370,1139.88,1053.296
371,919.806,917.325
372,1085.353,985.4
373,1016.974,931.399
374,941.725,1021.815
375,1004.277,943.672
376,934.793,1008.651
377,925.465,912.563
378,1015.861,909.852
379,1081.289,1089.72
380,1074.054,1135.81
381,938.594,1002.875
382,1001.124,915.156
383,1112.798,907.22
384,1143.745,1066.601
385,1144.166,912.073
386,1121.271,1138.902
387,1092.325,1042.583
388,1059.721,1017.931
389,1111.152,1042.168
390,1034.42,998.663
391,1054.677,1044.233
392,1132.992,1090.998
393,979.798,1077.739
394,955.656,1017.867
395,1029.031,1079.461
396,915.194,933.796
397,942.855,1052.569
398,939.793,1037.471
399,1118.301,1004.301
400,953.104,1046.886
401,1000.255,1006.652
402,941.738,1068.333
403,983.588,1144.272
404,1021.624,1068.237
405,1129.051,1143.964
406,902.343,1129.851
407,922.964,1135.155
408,1094.989,961.377
409,1076.543,1038.305
410,1010.527,1054.355
411,1011.599,1061.978
412,1071.47,898.409
413,1057.442,1073.939
414,1114.513,1031.535
415,1032.879,933.388
416,946.146,1121.77
417,912.612,1123.091
418,928.026,993.407
419,1053.208,904.488
420,1009.197,1097.391
421,993.44,941.141
422,911.967,1134.999
423,923.213,1065.039
424,1057.064,967.251
425,1037.009,1069.195
426,949.199,958.406
427,1128.931,949.139
428,1019.645,1011.143
429,1092.23,1112.129
430,1088.701,1054.212
431,1032.707,920.005
432,1041.093,1005.697
433,1086.707,991.399
434,927.65,993.227
435,1105.635,1021.63
436,1064.786,911.188
437,952.597,963.754
438,1018.573,926.873
439,1134.307,980.143
440,897.235,957.192
441,1022.909,1051.569
442,1101.462,918.739
443,1140.626,1111.749
444,1026.146,1059.423
445,973.996,934.343
446,899.556,1138.276
447,1120.465,1009.002
448,1048.065,1016.646
449,1069.825,921.963
450,1086.279,940.966
451,1045.361,1053.286
452,1109.823,1051.278
453,941.746,1101.659
454,990.895,1038.377
455,1097.896,1142.318
456,923.142,1011.136
457,975.905,1109.569
458,996.831,1125.511
459,1096.202,1002.216
460,1088.578,1067.514
461,926.405,971.495
462,931.066,1105.922
463,996.276,972.473
464,1077.026,1144.589
465,932.434,1070.558
466,954.351,1095.581
467,1084.26,1089.89
468,1043.364,927.785
469,1110.803,924.758
470,1042.601,1137.75
471,964.366,1017.62
472,1066.649,1059.186
473,978.215,1001.508
474,1121.907,1076.725
475,940.618,1067.623
476,1110.861,1047.99
477,1121.506,963.491
478,969.67,1114.309
479,961.431,928.797
480,934.207,1118.432
481,1103.523,946.715
482,1083.181,946.54
483,1052.983,899.641
484,1041.776,1085.37
485,1023.731,1054.605
486,926.539,1011.892
487,1093.665,990.66
488,1083.695,1047.334
489,1099.791,1082.468
490,973.545,1102.597
491,1102.029,1004.209
492,1077.396,1000.974
493,1041.598,978.49
494,1012.916,974.384
495,1121.503,1050.885
496,1051.045,1028.22
497,1013.541,940.766
498,1059.36,1008.963
499,983.329,1025.693
500,929.786,1059.73
501,1093.502,988.987
502,937.527,1140.028
503,1052.549,976.96
504,919.647,1040.904
505,952.021,1122.529
506,1076.875,966.465
507,999.181,918.767
508,953.354,1037.13
509,1118.542,1004.104
510,1138.61,961.274
511,922.937,1107.686
512,991.779,967.34
513,1008.528,1050.57
514,952.205,923.709
515,1046.916,1062.072
516,1037.667,937.119
517,1113.037,1004.904
518,1033.052,1119.211
519,930.56,1021.489
520,1003.364,1057.251
521,953.585,957.45
522,953.969,1037.171
523,972.382,1129.761
524,1115.617,1079.499
525,999.053,1103.982
526,1041.079,1093.446
527,1136.665,927.44
528,1088.112,1123.871
529,998.672,982.778
530,904.917,1121.88
531,948.911,899.143
532,919.363,1026.336
533,1068.378,1124.326
534,1063.678,922.501
535,1130.434,1115.738
536,1099.597,1122.93
537,1106.709,1068.613
538,1089.554,902.723
539,1145.485,898.102
540,1003.802,1039.948
541,1025.099,982.108
542,1024.538,976.276
543,1063.084,904.549
544,983.525,1060.493
545,1011.65,901.964
546,1012.269,1129.885
547,1028.108,1080.382
548,993.104,1143.063
549,1028.831,1100.47
550,1054.127,1101.185
551,995.497,1130.021
552,1145.018,1122.418
553,1124.812,988.457
554,981.994,1121.007
555,1104.259,1045.335
556,1037.511,899.962
557,1037.351,911.651
558,1029.12,953.093
559,1049.487,936.607
560,979.205,1090.294
561,1042.444,930.411
562,1144.174,902.439
563,1000.599,1076.162
564,1042.859,1060.742
565,1123.694,921.096
566,1024.565,960.178
567,1047.442,1013.599
568,1054.93,1097.927
569,1022.94,1003.196
570,1036.659,939.182
571,1126.121,994.924
572,1022.185,1107.935
573,1106.179,1147.334
574,1074.799,1030.43
575,1004.858,1092.273
576,1052.794,899.617
577,1038.326,1064.908
578,987.054,1105.316
579,1083.113,1119.344
580,970.327,1063.11
581,1037.848,982.56
582,971.702,919.12
583,1106.859,966.235
584,983.962,960.88
585,1036.727,1021.104
586,1114.47,916.964
587,983.111,1106.693
588,1096.238,913.049
589,1009.056,1146.245
590,1142.846,976.843
591,1083.774,980.055
592,913.219,1122.175
593,928.461,1146.041
594,1010.344,1111.031
595,1016.586,1123.045
596,1084.347,940.303
597,903.055,939.748
598,1049.191,924.636
599,915.445,992.886
600,910.445,974.115
601,1055.228,953.985
602,1095.48,962.434
603,988.548,998.453
604,1110.171,909.014
605,1100.615,920.736
606,1140.651,1036.446
607,1085.258,1026.204
608,1065.252,1069.386
609,933.643,945.612
610,1125.2,952.05
611,957.999,910.027
612,1076.052,1094.764
613,906.363,1113.295
614,925.793,1021.497
615,1026.017,960.419
616,978.292,1020.298
617,1093.598,960.85
618,955.387,1142.132
619,963.537,922.965
620,1130.808,1129.357
621,950.79,1029.842
622,1116.17,977.606
623,982.59,898.068
624,929.495,1049.398
625,1021.648,1113.481
626,1008.796,965.105
627,995.747,932.072
628,1017.5,1070.68
629,943.289,1043.521
630,1147.442,1071.873
631,976.749,1058.903
632,924.59,924.379
633,1099.977,1074.529
634,1053.743,1037.898
635,985.01,1107.117
636,1026.275,1104.108
637,1081.338,980.913
638,1101.642,984.817
639,1051.638,1108.546
640,1136.137,1053.057
641,947.174,937.403
642,1105.422,974.255
643,933.658,1042.179
644,1001.805,1082.64
645,942.108,1025.388
646,1136.934,940.214
647,994.57,995.852
648,929.635,933.17
649,975.842,1034.823
650,931.407,1056.263
651,990.928,972.377
652,1110.511,1083.208
653,1008.762,962.211
654,1024.936,1059.756
655,1087.856,1063.189
656,897.267,936.81
657,1147.016,1034.168
658,1025.922,925.721
659,1094.425,1104.42
660,974.894,965.07
661,915.323,973.839
662,1025.688,1009.144
663,899.16,921.575
664,956.17,1105.52
665,1139.124,1113.336
666,1020.833,987.964
667,1121.751,1086.664
668,1059.223,1072.82
669,1132.369,1029.043
670,961.121,1081.212
671,1130.572,953.828
672,993.54,1088.391
673,1097.931,909.99
674,1099.494,957.974
675,928.803,909.196
676,1012.809,1010.747
677,943.705,1075.912
678,943.589,1130.055
679,1147.634,980.578
680,902.648,914.554
681,1031.253,985.965
682,1092.459,999.635
683,961.559,937.432
684,1145.956,1088.821
685,1067.829,952.483
686,1008.242,1086.753
687,1059.335,966.767
688,984.925,1100.593
689,910.6,1059.392
690,1074.23,1026.623
691,1035.763,1129.014
692,978.4,1085.731
693,1078.434,1082.429
694,913.871,1070.997
695,991.268,929.549
696,1124.869,963.641
697,1013.882,974.146
698,925.124,970.071
699,1050.788,1057.346
700,1084.637,935.21
701,965.732,1105.522
702,1028.672,1082.463
703,1012.855,1002.433
704,905.293,1108.177
705,1124.136,1076.521
706,951.253,1055.086
707,1067.707,967.723
708,991.525,1120.272
709,962.96,1050.365
710,908.798,902.713
711,907.829,973.493
712,1130.268,1042.007
713,1018.492,933.988
714,1036.922,929.535
715,913.769,980.748
716,961.628,1093.396
717,1038.585,1057.751
718,966.888,995.483
719,925.595,969.115
720,1146.244,1065.074
721,981.492,1054.954
722,1125.631,1100.683
723,1028.807,936.199
724,910.041,914.731
725,1102.924,1093.033
726,1072.793,1078.42
727,932.134,1042.561
728,899.314,904.984
729,1052.538,898.848
730,1000.639,985.527
731,1115.283,985.118
732,948.547,1067.685
733,935.718,1142.824
734,1128.517,1145.822
735,1052.229,942.427
736,947.453,1076.434
737,1007.216,1073.935
738,949.503,1039.826
739,1111.566,968.997
740,1106.341,933.099
741,1064.041,907.457
742,958.203,915.062
743,946.468,1029.973
744,1100.777,1101.146
745,1126.324,959.04
746,1132.292,1003.92
747,1064.246,1078.311
748,965.306,967.501
749,1006.442,982.688
750,1079.915,1114.409
751,1062.957,909.291
752,1097.185,1089.788
753,1143.936,944.231
754,1131.217,996.496
755,1036.341,947.831
756,960.13,1002.88
757,1038.437,961.186
758,1035.869,1003.947
759,951.991,1059.389
760,977.114,906.117
761,957.588,1002.716
762,1051.919,914.19
763,1120.115,916.808
764,1134.561,904.141
765,974.272,981.267
766,1066.156,919.418
767,949.059,1103.715
768,1127.512,911.076
769,921.733,982.419
770,987.753,1067.227
771,1133.462,1056.311
772,980.362,952.517
773,912.946,914.002
774,1113.558,1114.12
775,989.752,952.405
776,1113.571,954.798
777,998.699,1119.887
778,903.169,985.726
779,947.0,1009.373
780,1131.704,1137.556
781,1086.099,1109.686
782,991.543,1082.493
783,1080.239,1123.973
784,988.504,1110.076
785,944.658,1043.619
786,1134.92,1083.737
787,1087.045,942.278
788,990.452,1037.854
789,1099.07,956.708
790,1032.538,1084.037
791,1069.844,961.27
792,921.888,987.336
793,945.564,1037.868
794,1029.057,908.8
795,1132.037,1126.581
796,945.634,965.455
797,1137.412,904.891
798,937.205,988.785
799,1108.716,911.446
800,1029.649,1087.15
801,1054.336,1007.886
802,1060.328,1075.627
803,1018.477,964.602
804,1055.613,1099.225
805,921.414,1058.349
806,1002.178,937.632
807,979.274,914.39
808,1103.608,1037.456
809,1006.304,1114.762
810,1104.883,996.377
811,905.345,1044.466
812,955.428,1049.193
813,921.944,1097.549
814,1110.858,942.593
815,1102.551,920.634
816,933.026,1038.303
817,956.905,995.647
818,989.858,1087.89
819,1091.618,1119.1
820,956.853,962.306
821,1105.758,997.964
822,925.839,1023.508
823,956.858,1055.995
824,998.55,937.527
825,1085.583,1120.724
826,935.273,950.391
827,1022.46,938.0
828,1138.439,1006.498
829,915.469,947.183
830,951.661,959.952
831,1049.657,1117.728
832,996.436,1034.984
833,1137.216,1021.06
834,992.32,1115.748
835,1067.187,1001.467
836,1101.506,959.174
837,922.178,955.728
838,980.407,1111.746
839,960.714,915.394
840,924.304,1097.857
841,1022.976,1135.685
842,980.879,932.963
843,942.695,1085.756
844,1023.462,1108.671
845,1135.087,1019.284
846,919.818,1110.326
847,1118.477,1041.195
848,1030.466,1093.312
849,986.849,902.144
850,1137.127,1014.377
851,982.039,1118.571
852,1124.398,1007.358
853,1083.29,1147.855
854,1026.786,1024.314
855,1132.67,930.454
856,1073.358,948.158
857,978.371,1093.384
858,916.267,1126.974
859,1077.294,1129.626
860,1109.466,1046.343
861,997.849,921.163
862,1126.011,1092.433
863,977.24,969.55
864,1139.361,979.77
865,940.053,954.764
866,1074.706,1100.511
867,964.216,1067.507
868,1047.306,1064.239
869,937.853,1092.897
870,922.871,923.448
871,1048.086,1123.565
872,1070.112,1111.466
873,1111.7,1064.873
874,1128.881,1140.708
875,1107.129,933.988
876,969.229,1009.73
877,1034.172,1013.854
878,1120.594,1058.157
879,1128.591,1145.292
880,907.805,969.069
881,1143.951,922.729
882,992.567,940.429
883,1064.019,1011.992
884,1114.78,1139.594
885,1118.867,974.995
886,1057.438,1146.451
887,1003.037,1006.638
888,1145.545,1040.329
889,899.824,1037.353
890,929.76,906.284
891,1117.411,1086.497
892,997.951,1131.741
893,952.04,909.383
894,911.355,1019.575
895,961.661,1063.55
896,1140.374,1016.544
897,1106.217,925.781
898,1078.337,949.551
899,1111.948,1033.47
900,987.391,994.982
901,954.717,1078.668
902,1018.96,932.498
903,966.946,992.286
904,967.127,937.354
905,1035.13,1076.221
906,897.971,1069.652
907,946.779,1022.348
908,1100.066,970.597
909,1107.98,919.4
910,973.9,897.467
911,935.985,1071.007
912,1129.321,1090.394
913,951.847,1048.835
914,1055.946,965.947
915,913.213,1113.444
916,1130.568,982.387
917,923.408,1096.823
918,945.396,909.513
919,1145.685,947.399
920,956.958,1061.86
921,1077.861,1059.404
922,938.787,1122.495
923,989.145,948.558
924,1095.095,954.246
925,1003.345,962.978
926,1016.133,1087.457
927,928.468,1147.865
928,1023.248,1110.207
929,1010.403,990.73
930,1038.818,914.782
931,947.07,927.202
932,941.451,963.689
933,939.994,1127.804
934,908.698,961.471
935,913.527,1045.217
936,1119.117,1035.244
937,994.608,1093.333
938,1047.082,1076.469
939,1078.922,962.292
940,914.807,972.411
941,949.368,1083.404
942,1108.875,913.177
943,1042.074,1032.159
944,1008.958,957.05
945,1146.603,1097.739
946,1090.075,1104.054
947,1129.14,1120.129
948,1093.338,1064.806
949,904.346,977.842
950,980.581,1092.209
951,904.895,1079.838
952,1002.78,922.688
953,991.438,965.3
954,1065.468,961.855
955,958.315,1100.735
956,996.736,1090.706
957,931.247,991.179
958,941.016,959.093
959,1023.787,1115.424
960,1023.465,1116.35
961,981.644,913.019
962,1107.047,969.958
963,970.594,1067.691
964,1147.347,1030.922
965,1025.922,955.279
966,913.495,986.514
967,950.282,1032.954
968,929.874,961.404
969,965.939,903.339
970,1097.081,986.607
971,1074.548,1080.202
972,1077.56,1027.812
973,946.333,1049.893
974,981.683,963.982
975,1105.913,1118.82
976,1110.407,1124.386
977,1049.81,1106.873
978,1054.295,1122.194
979,946.13,943.188
980,920.36,995.988
981,1143.887,1039.738
982,968.454,1057.571
983,977.482,1048.434
984,1080.182,1076.605
985,1044.288,999.7
986,941.741,919.269
987,922.193,986.312
988,1109.287,1114.727
989,946.052,1079.973
990,989.636,990.959
991,1123.013,1044.083
992,1036.273,1127.23
993,969.524,971.423
994,925.399,970.043
995,1075.66,912.986
996,1023.08,936.354
997,1024.661,909.875
998,1062.041,1016.012
999,1113.822,956.877
1000,934.079,1042.308
1001,975.903,1135.348
1002,1059.187,1112.556
1003,1048.566,1071.551
1004,960.006,1027.027
1005,950.135,1063.74
1006,1009.311,1128.115
1007,1046.85,1079.713
1008,923.644,1144.167
1009,1090.534,960.489
1010,1068.754,1070.569
1011,982.525,969.571
1012,917.65,929.291
1013,983.499,965.879
1014,947.832,1117.445
1015,948.262,994.512
1016,924.738,1000.644
1017,913.53,946.002
1018,1112.203,1044.978
1019,1054.25,1029.489
1020,1047.74,936.831
1021,907.388,1038.021
1022,954.103,900.957
1023,1111.744,1051.158
1024,1087.157,969.933
1025,945.202,1090.179
1026,943.674,970.052
1027,1135.026,1063.848
1028,1094.108,1103.54
1029,924.149,925.307
1030,960.418,1125.701
1031,1122.246,924.445
1032,1029.893,910.65
1033,1015.205,1102.931
1034,1009.335,962.693
1035,944.16,1092.531
1036,1026.621,904.014
1037,950.012,919.312
1038,1010.646,933.473
1039,997.632,933.463
1040,1147.618,1082.859
1041,907.409,1075.075
1042,923.827,1094.422
1043,1040.064,1087.525
1044,1009.712,1081.061
1045,991.379,1063.077
1046,964.846,931.952
1047,1069.624,1131.898
1048,1051.11,953.823
1049,949.922,950.274
1050,1009.413,993.334
1051,975.187,1047.342
1052,1009.206,948.536
1053,918.445,1055.419
1054,934.126,1054.709
1055,924.938,995.456
1056,976.741,1111.684
1057,935.693,1119.212
1058,977.501,950.38
1059,1020.435,1119.111
1060,1040.917,942.064
1061,1132.124,946.724
1062,1098.898,1085.394
1063,1135.228,1136.688
1064,1058.97,1065.979
1065,1103.096,1119.943
1066,977.739,1101.663
1067,1040.123,1051.857
1068,989.8,1048.521
1069,1006.104,955.868
1070,1050.651,955.992
1071,1009.748,1110.504
1072,1074.986,920.18
1073,1137.472,920.04
1074,953.562,905.318
1075,1112.099,973.07
1076,916.208,981.665
1077,1057.341,977.364
1078,902.638,986.819
1079,1057.109,1090.32
1080,1129.621,1131.636
1081,1031.744,958.645
1082,981.174,1119.838
1083,1055.483,1039.076
1084,1095.782,993.917
1085,997.162,1041.474
1086,936.418,1098.743
1087,1088.643,970.546
1088,1065.017,985.192
1089,938.12,903.325
1090,977.774,982.608
1091,1105.166,1041.47
1092,1131.26,1080.776
1093,967.716,1005.174
1094,1116.122,956.67
1095,939.637,946.368
1096,1072.025,1141.718
1097,1117.126,1114.585
1098,964.248,1131.125
1099,984.651,981.026
1100,978.952,1126.177
1101,979.222,1099.122
1102,958.42,1083.932
1103,1130.065,1015.61
1104,1069.621,1104.591
1105,955.674,1055.831
1106,972.6,914.273
1107,916.864,1034.319
1108,924.921,1003.845
1109,1058.937,991.87
1110,1087.943,948.309
1111,1090.016,1070.96
1112,948.713,1009.642
1113,898.936,1059.688
1114,947.628,1137.272
1115,909.153,1050.344
1116,999.808,999.527
1117,1101.741,1004.613
1118,1071.2,1112.099
1119,1113.104,1085.102
1120,1143.435,1127.074
1121,1010.004,929.433
1122,927.327,934.141
1123,1064.237,1029.382
1124,1019.785,936.883
1125,997.343,965.541
1126,911.615,1018.899
1127,948.162,980.966
1128,1006.015,998.598
1129,950.977,1084.689
1130,1136.742,1050.098
1131,1128.703,1121.267
1132,904.04,1076.182
1133,1144.358,965.043
1134,1080.164,1039.143
1135,1141.77,1024.688
1136,1116.842,1011.902
1137,910.998,1027.95
1138,994.59,913.285
1139,973.616,944.757
1140,1123.367,1120.929
1141,1032.181,1124.53
1142,997.514,1061.825
1143,1068.254,1141.034
1144,1072.36,967.496
1145,1030.09,1097.3
1146,1094.098,959.114
1147,1135.335,1030.519
1148,1101.628,1135.465
1149,1105.55,938.432
1150,1010.143,923.262
1151,951.319,923.046
1152,958.545,921.718
1153,1078.213,1138.348
1154,1077.608,1110.302
1155,1055.778,1020.769
1156,1008.424,905.025
1157,1085.798,930.938
1158,1120.314,962.779
1159,1014.492,1053.973
1160,1009.666,1006.674
1161,1147.345,1099.927
1162,937.341,1063.326
1163,1082.546,970.454
1164,925.201,1032.961
1165,993.917,1005.355
1166,1062.03,919.364
1167,1043.471,1108.893
1168,1097.595,1075.979
1169,940.825,975.881
1170,979.352,1144.063
1171,1111.029,1036.99
1172,954.632,1073.01
1173,1129.578,1139.255
1174,1124.356,959.164
1175,1143.48,1073.514
1176,1097.84,934.265
1177,1131.404,1123.047
1178,1067.682,1067.847
1179,1039.144,982.786
1180,1100.807,1078.831
1181,1073.055,1044.386
1182,1101.002,1008.468
1183,1090.558,1074.44
1184,1126.937,1001.682
1185,1135.88,951.617
1186,1027.019,1023.736
1187,1135.188,1063.875
1188,977.743,938.928
1189,1019.371,991.535
1190,980.748,992.946
1191,1052.999,1068.154
1192,923.454,924.479
1193,1082.062,1010.883
1194,1102.066,940.21
1195,1114.812,1078.773
1196,1053.799,1130.969
1197,939.006,1043.896
1198,1145.274,932.756
1199,959.79,1082.587
1200,960.928,1083.447
1201,897.325,924.637
1202,1051.781,971.805
1203,1084.895,1063.233
1204,1037.796,907.741
1205,999.979,924.021
1206,1006.427,973.808
1207,949.311,966.456
1208,1134.273,959.767
1209,1105.466,924.237
1210,1058.725,1000.779
1211,998.107,938.93
1212,1070.055,969.76
1213,997.886,980.123
1214,1026.502,949.811
1215,941.307,1099.613
1216,1054.884,1092.851
1217,1080.378,969.886
1218,1135.541,1035.767
1219,897.391,1051.669
1220,1087.288,907.978
1221,1068.46,992.009
1222,942.676,1020.831
1223,1081.702,1102.469
1224,1130.752,1011.281
1225,926.654,1076.203
1226,997.509,1054.069
1227,1037.696,1016.741
1228,1055.152,1074.433
1229,1133.642,1039.389
1230,991.298,1046.34
1231,1142.954,982.012
1232,900.357,914.453
1233,1103.345,1138.643
1234,1011.274,930.842
1235,965.276,1019.932
1236,1086.311,1049.724
1237,1107.102,1144.611
1238,977.385,986.692
1239,914.224,1141.28
1240,1129.607,994.391
1241,1133.189,1096.666
1242,1089.404,1083.66
1243,1070.749,1035.669
1244,961.186,1001.187
1245,979.028,1053.446
1246,959.327,1112.354
1247,990.828,924.454
1248,1014.617,1143.784
1249,1056.416,981.927
1250,914.16,911.44
1251,925.148,1114.629
1252,1046.285,1051.906
1253,903.429,1000.631
1254,960.419,1094.148
1255,996.412,956.94
1256,1145.193,906.66
1257,920.911,1067.416
1258,1121.166,978.651
1259,974.064,940.042
1260,1012.52,1059.958
1261,1006.355,899.28
1262,975.098,1057.418
1263,971.873,1070.259
1264,1138.406,1006.201
1265,1144.288,902.789
1266,964.303,914.356
1267,1099.19,987.621
1268,969.962,950.816
1269,1082.677,899.033
1270,1073.052,918.003
1271,1130.747,1052.258
1272,1015.538,907.076
1273,900.18,1000.408
1274,1080.469,1065.878
1275,1034.271,962.098
1276,1088.376,1053.843
1277,1093.696,1114.438
1278,1122.867,944.336
1279,1070.416,1096.671
1280,1058.173,1016.569
1281,1032.397,916.987
1282,1069.044,1098.368
1283,1115.006,984.869
1284,1122.929,1002.967
1285,1103.729,1102.0
1286,1003.694,1060.274
1287,1038.021,1115.023
1288,900.098,932.509
1289,1147.49,1108.6
1290,1147.678,1062.96
1291,1146.553,1084.843
1292,940.981,1076.596
1293,1129.554,1134.552
1294,1052.784,1126.149
1295,1109.884,904.758
1296,948.85,1133.095
1297,1142.575,982.69
1298,910.732,1092.025
1299,1009.113,1144.962
1300,1107.49,924.953
1301,1031.846,1024.089
1302,899.438,1125.927
1303,1002.959,998.411
1304,995.567,1089.211
1305,1137.267,947.16
1306,1108.623,1038.502
1307,1029.87,907.629
1308,956.956,1117.824
1309,1106.298,1024.61
1310,1078.222,952.614
1311,1097.253,1090.117
1312,1125.966,1019.527
1313,936.7,1077.645
1314,1111.882,1079.887
1315,1074.633,1096.873
1316,1052.576,926.62
1317,899.335,1007.044
1318,1106.642,972.792
1319,1033.397,987.431
1320,1046.69,987.856
1321,974.025,1031.041
1322,965.25,1133.01
1323,1132.772,990.767
1324,952.056,1087.561
1325,1002.697,1101.375
1326,903.35,1092.837
1327,1053.535,1114.823
1328,908.507,921.829
1329,1110.591,1097.11
1330,956.512,1050.438
1331,1106.732,1011.276
1332,1065.255,918.239
1333,924.084,1141.327
1334,1036.905,911.107
1335,944.702,918.386
1336,1072.828,918.249
1337,990.463,991.261
1338,1141.341,973.361
1339,963.258,1020.282
1340,1089.381,1142.342
1341,1042.473,913.083
1342,1106.481,916.887
1343,1006.22,979.99
1344,1103.665,998.438
1345,1010.103,897.837
1346,963.434,1146.506
1347,906.365,911.183
1348,1054.903,1037.969
1349,948.342,935.65
1350,1049.312,947.557
1351,981.588,947.987
1352,1109.525,1097.553
1353,1110.121,1006.779
1354,995.653,1020.495
1355,944.67,1138.97
1356,954.301,1100.041
1357,1066.1,933.114
1358,1114.147,1061.206
1359,951.511,962.826
1360,1015.581,1082.091
1361,1099.777,1125.081
1362,1001.714,990.411
1363,1061.744,1014.154
1364,992.346,1134.771
1365,1116.722,919.955
1366,969.463,904.775
1367,970.467,909.743
1368,1125.781,1007.77
1369,942.46,979.959
1370,1055.428,964.701
1371,913.316,934.894
1372,1026.015,963.397
1373,988.632,1006.377
1374,1111.154,953.123
1375,947.538,1016.611
1376,1071.322,1065.233
1377,962.227,1103.137
1378,897.11,1066.603
1379,946.921,948.139
1380,926.433,1139.522
1381,997.301,1135.699
1382,1128.554,982.948
1383,1095.323,941.392
1384,1028.537,1134.409
1385,1078.945,1085.775
1386,1087.643,903.739
1387,1107.001,922.491
1388,1007.68,1073.544
1389,1065.84,1072.478
1390,1140.728,978.0
1391,910.773,1086.397
1392,1003.792,1142.99
1393,1033.406,963.34
1394,1073.702,979.796
1395,1123.02,965.307
1396,1035.575,949.196
1397,1113.01,971.519
1398,939.348,910.878
1399,1135.22,1121.615
1400,996.798,923.644
1401,951.689,1035.199
1402,912.358,938.864
1403,908.819,1043.487
1404,933.063,968.133
1405,1123.945,1036.1
1406,957.429,1083.874
1407,1100.816,1094.189
1408,1133.041,969.672
1409,1049.416,999.903
1410,1100.367,931.377
1411,1139.816,1123.33
1412,964.893,1021.172
1413,1037.871,1025.92
1414,1007.194,927.089
1415,1129.485,1056.256
1416,1128.618,1092.79
1417,952.555,951.599
1418,939.392,969.752
1419,956.775,1040.468
1420,942.085,1013.771
1421,1074.673,1099.597
1422,1006.444,1131.216
1423,984.398,1091.46
1424,1096.459,1127.63
1425,1032.164,1101.927
1426,1097.932,967.707
1427,1083.255,1087.015
1428,992.533,1003.713
1429,1013.861,1019.884
1430,1033.608,1143.79
1431,1083.233,1097.37
1432,1041.751,1138.626
1433,957.313,943.72
1434,1117.765,1084.945
1435,908.616,1088.708
1436,1071.948,1015.385
1437,978.943,966.684
1438,1139.304,903.015
1439,1101.392,901.838
1440,985.479,901.433
1441,1068.892,1077.543
1442,1016.109,1052.323
1443,902.091,1115.124
1444,942.489,1034.885
1445,1000.407,1055.045
1446,1132.317,1026.407
1447,944.311,958.302
1448,965.899,1007.601
1449,1126.026,1144.286
1450,1066.968,1098.064
1451,1145.072,945.509
1452,939.727,1131.383
1453,1103.475,1121.06
1454,986.872,980.723
1455,1139.986,926.939
1456,1045.426,979.33
1457,904.734,1112.412
1458,1045.923,1063.678
1459,1050.736,922.683
1460,987.706,919.045
1461,957.352,1058.383
1462,1077.794,937.073
1463,1053.739,901.776
1464,1073.708,1088.034
1465,978.203,1112.912
1466,974.876,1041.366
1467,949.176,1055.764
1468,1064.766,958.425
1469,1059.578,970.219
1470,971.229,1092.935
1471,1141.083,1135.952
1472,1144.073,904.769
1473,931.615,930.521
1474,944.07,1054.813
1475,1112.701,1021.565
1476,1109.906,1016.951
1477,905.558,1022.911
1478,1129.594,980.651
1479,1034.986,1098.509
1480,1096.424,1006.54
1481,954.798,1031.915
1482,991.765,980.891
1483,1097.151,922.962
1484,965.732,915.86
1485,1040.847,943.915
1486,1066.108,1121.398
1487,1125.536,1095.056
1488,1143.156,981.193
1489,1143.764,993.175
1490,934.578,1136.145
1491,960.2,917.45
1492,1034.776,901.614
1493,937.668,971.761
1494,916.775,1047.01
1495,1099.587,1061.257
1496,1079.738,995.05
1497,1014.992,944.037
1498,1087.739,933.603
1499,1097.309,1033.678
1500,1034.348,1103.366
1501,987.216,944.463
1502,1110.781,900.722
1503,968.574,993.724
1504,1011.835,1038.176
1505,1002.177,909.626
1506,943.431,1082.518
1507,899.572,980.168
1508,1054.661,959.973
1509,901.835,1056.901
1510,1052.594,1144.523
1511,1066.955,1103.671
1512,986.534,989.659
1513,1063.222,1056.715
1514,1013.645,1104.677
1515,1087.086,1021.419
1516,916.493,945.088
1517,913.355,989.327
1518,952.317,964.931
1519,1081.936,1111.958
1520,1006.669,947.44
1521,1123.499,1106.584
1522,1098.74,1142.73
1523,955.34,1082.509
1524,1024.868,897.106
1525,942.103,1032.07
1526,1126.046,960.137
1527,952.28,1108.791
1528,1087.225,916.335
1529,969.794,1039.289
1530,1113.081,1021.541
1531,1018.293,992.504
1532,1090.905,1123.819
1533,965.904,1132.11
1534,984.097,932.712
1535,1117.959,906.352
1536,1059.038,1083.957
1537,903.182,925.024
1538,992.196,937.284
1539,1070.995,1127.284
1540,1018.736,1040.716
1541,921.982,926.797
1542,1023.983,1113.786
1543,955.567,911.824
1544,1024.218,916.645
1545,1132.208,1081.494
1546,963.691,1115.94
1547,1003.133,971.218
1548,1124.356,1064.659
1549,1134.252,1143.286
1550,928.331,1087.031
1551,954.921,1070.608
1552,933.728,957.138
1553,1020.034,925.376
1554,1087.166,1081.365
1555,1106.027,943.796
1556,959.369,918.797
1557,930.029,965.889
1558,902.711,1115.997
1559,1021.911,1125.713
1560,965.803,951.026
1561,1121.752,956.78
1562,998.268,1056.214
1563,1043.826,1003.958
1564,1085.749,1034.317
1565,994.561,906.013
1566,1123.061,955.785
1567,1054.437,1074.485
1568,1096.756,1073.072
1569,1069.184,952.436
1570,1019.834,1106.705
1571,983.228,1086.66
1572,1042.073,1037.81
1573,1060.406,1070.542
1574,1024.008,898.577
1575,915.648,1002.22
1576,917.922,1083.816
1577,994.535,1070.416
1578,1047.163,1080.407
1579,1045.35,1077.131
1580,1058.827,1002.363
1581,1081.547,1041.336
1582,1030.502,993.751
1583,1138.9,1000.198
1584,1147.792,944.455
1585,902.393,984.903
1586,961.437,1073.612
1587,1075.89,982.85
1588,995.389,928.341
1589,1035.137,1070.187
1590,997.229,1132.416
1591,900.56,1058.525
1592,1120.083,1134.944
1593,1032.218,961.152
1594,1029.268,974.922
1595,907.399,965.997
1596,1128.922,946.359
1597,1075.847,955.802
1598,1037.794,1074.809
1599,1138.855,1016.246
1600,1058.049,904.205
1601,986.721,1004.093
1602,1090.09,1106.385
1603,1059.902,1035.934
1604,1124.63,1060.884
1605,1007.462,1123.088
1606,1026.912,1070.722
1607,915.364,1082.804
1608,1067.977,1092.944
1609,1107.077,948.2
1610,929.158,1017.162
1611,952.07,992.773
1612,1062.004,935.715
1613,928.564,1053.011
1614,959.22,1021.482
1615,1094.625,922.451
1616,1076.086,950.755
1617,1104.982,1041.456
1618,1038.967,1026.165
1619,1108.123,1064.832
1620,960.709,1083.714
1621,1099.351,1044.791
1622,1086.741,958.352
1623,899.052,998.93
1624,994.517,1100.725
1625,1093.226,1104.768
1626,897.521,1127.029
1627,1026.351,948.294
1628,1019.951,903.825
1629,1108.182,1104.178
1630,911.577,1033.25
1631,1028.603,1055.434
1632,989.153,1132.838
1633,1108.104,935.418
1634,1045.589,1015.037
1635,979.88,1113.992
1636,1024.81,1001.517
1637,989.524,994.465
1638,947.239,1000.808
1639,1136.326,1046.52
1640,905.652,1000.6
1641,1101.495,921.779
1642,1096.793,922.705
1643,1058.811,917.766
1644,1112.745,1006.962
1645,1120.75,1028.164
1646,1133.859,1145.439
1647,1116.838,1139.249
1648,1046.399,1125.356
1649,1093.536,1002.56
1650,1032.452,910.817
1651,1031.236,1004.018
1652,1039.754,1142.748
1653,994.112,1077.143
1654,1006.491,1099.033
1655,1108.804,970.729
1656,1084.555,1132.428
1657,1080.33,976.477
1658,1019.32,1022.831
1659,903.7,1027.262
1660,961.909,1014.793
1661,902.759,1036.835
1662,1146.287,1133.992
1663,950.255,1126.148
1664,902.851,998.631
1665,1104.666,944.351
1666,1126.588,1084.148
1667,990.195,966.508
1668,906.602,1107.801
1669,990.023,966.745
1670,944.308,933.098
1671,1045.053,1047.693
1672,1017.992,994.025
1673,974.057,903.818
1674,1024.574,974.579
1675,1012.183,982.898
1676,908.895,976.249
1677,1060.544,998.114
1678,1146.205,1040.907
1679,985.107,1057.708
1680,1102.864,1086.877
1681,909.363,1031.485
1682,1142.405,1107.214
1683,976.093,1021.771
1684,1030.939,1088.3
1685,1074.974,1046.326
1686,1145.938,1088.644
1687,1138.615,902.605
1688,985.946,897.549
1689,1126.404,1020.671
1690,900.232,996.66
1691,941.445,972.429
1692,933.076,1113.599
1693,1145.056,897.121
1694,940.357,974.152
1695,1060.175,1101.042
1696,998.472,1055.625
1697,1048.156,1019.735
1698,1056.225,1139.34
1699,909.137,970.137
1700,912.574,1074.135
1701,1078.544,970.15
1702,951.056,1098.76
1703,1011.259,1075.964
1704,929.76,1142.585
1705,1096.896,992.212
1706,1113.18,921.485
1707,930.113,1067.329
1708,1104.814,976.577
1709,919.423,944.977
1710,901.771,1095.11
1711,1059.971,944.159
1712,1081.482,1109.928
1713,1000.427,1007.084
1714,906.785,1129.163
1715,912.966,1061.983
1716,1135.432,933.74
1717,1129.579,965.882
1718,1119.307,1091.405
1719,1086.594,1098.156
1720,1022.241,1126.193
1721,1138.723,1059.496
1722,1029.875,996.991
1723,1060.017,1078.611
1724,917.85,945.871
1725,1000.779,1119.612
1726,1024.914,975.848
1727,983.92,908.299
1728,1020.741,1094.391
1729,1143.139,1115.333
1730,1103.129,916.535
1731,984.885,973.6
1732,1075.257,1131.196
1733,1016.916,1060.004
1734,1114.905,1026.759
1735,1033.422,1028.302
1736,915.009,1002.686
1737,919.375,909.294
1738,1069.643,1070.434
1739,1127.506,1054.811
1740,1019.367,927.074
1741,1050.808,1124.758
1742,1042.235,1094.972
1743,1085.517,1040.56
1744,1018.614,952.877
1745,1006.269,1025.786
1746,1124.048,934.882
1747,1135.92,1126.976
1748,935.028,914.542
1749,900.207,1113.257
1750,970.236,1105.03
1751,1051.896,1031.484
1752,1070.907,1027.415
1753,916.35,967.423
1754,1009.258,985.644
1755,1009.94,1006.167
1756,908.873,1070.507
1757,927.927,1010.269
1758,1130.933,1127.647
1759,943.618,1146.589
1760,1026.102,943.687
1761,1062.311,936.963
1762,954.784,1078.52
1763,1131.404,1044.818
1764,937.59,996.715
1765,1014.07,1133.246
1766,1033.819,1013.643
1767,1143.269,1094.593
1768,998.475,1101.916
1769,980.24,1095.328
1770,926.134,994.584
1771,1145.908,1092.553
1772,1035.297,1124.805
1773,1078.617,969.16
1774,958.259,1124.972
1775,995.822,1118.765
1776,1017.886,956.693
1777,966.917,906.731
1778,901.459,981.17
1779,1089.035,975.619
1780,1012.47,1008.208
1781,919.576,982.497
1782,1099.937,1094.384
1783,1029.344,915.971
1784,997.956,1013.161
1785,970.819,897.06
1786,1045.823,1092.894
1787,1017.46,1146.29
1788,1072.372,952.035
1789,1036.971,932.918
1790,1119.538,1122.186
1791,1108.901,1032.098
1792,977.599,949.446
1793,1075.692,943.91
1794,1056.827,1130.955
1795,1108.362,1004.771
1796,1009.562,1053.706
1797,958.721,908.901
1798,1064.281,1125.087
1799,942.882,1058.707
1800,975.004,962.163
1801,1026.605,996.38
1802,1016.156,928.226
1803,907.721,1040.544
1804,1114.372,954.77
1805,1018.502,915.907
1806,977.737,1039.229
1807,1009.553,1032.07
1808,1086.949,1099.374
1809,946.197,1127.073
1810,1128.311,1093.111
1811,1090.642,912.428
1812,1124.814,937.821
1813,1029.961,935.925
1814,1120.209,1071.511
1815,1026.902,899.647
1816,1140.554,929.7
1817,932.087,917.834
1818,1125.836,1103.457
1819,950.507,1061.895
1820,908.021,1138.48
1821,1087.204,1115.568
1822,960.454,907.12
1823,1060.909,1104.588
1824,1139.029,919.46
1825,965.648,1013.557
1826,1055.412,1028.809
1827,1144.955,993.499
1828,1099.165,1076.556
1829,1131.876,1085.187
1830,1021.775,1018.465
1831,1079.44,1100.426
1832,987.365,948.778
1833,990.193,943.94
1834,1023.113,1073.718
1835,1084.611,1049.901
1836,946.345,1022.382
1837,1088.716,992.053
1838,944.184,924.977
1839,989.504,1125.838
1840,909.13,936.049
1841,1093.227,1045.911
1842,917.953,1005.438
1843,1040.447,1077.704
1844,1128.272,1101.637
1845,915.196,976.591
1846,1128.151,1129.492
1847,1084.228,936.345
1848,1037.81,898.101
1849,992.001,931.458
1850,911.293,904.357
1851,985.107,958.032
1852,943.406,1136.357
1853,955.483,1020.312
1854,1103.328,949.176
1855,993.447,975.058
1856,903.557,964.355
1857,972.507,1048.159
1858,917.385,1127.908
1859,1042.108,1044.94
1860,1002.54,1044.394
1861,1006.647,937.801
1862,981.706,951.289
1863,1036.512,1051.599
1864,934.348,1128.78
1865,1042.805,1100.613
1866,1026.663,1115.413
1867,970.975,995.187
1868,1017.533,1016.249
1869,1079.119,1108.449
1870,1031.958,1111.074
1871,1048.739,899.595
1872,947.475,1086.359
1873,1135.069,1083.923
1874,1099.509,1072.678
1875,1025.825,1065.298
1876,1016.136,929.087
1877,1144.876,943.032
1878,915.168,1078.025
1879,898.974,1067.532
1880,941.723,956.297
1881,1112.925,1104.026
1882,1062.877,922.45
1883,900.868,949.706
1884,1143.915,1011.463
1885,967.002,1091.598
1886,1057.56,994.704
1887,907.306,1001.152
1888,989.355,929.446
1889,976.362,1112.47
1890,1069.536,1069.733
1891,1100.287,1138.539
1892,1051.542,1011.371
1893,963.557,990.84
1894,940.156,1053.532
1895,1058.29,1028.258
1896,1054.189,1077.24
1897,1009.122,1003.424
1898,991.066,1137.116
1899,1099.446,1034.17
1900,897.996,970.134
1901,1138.71,977.932
1902,1006.649,950.254
1903,1074.313,1131.55
1904,976.117,902.076
1905,1018.214,1129.869
1906,1011.837,965.521
1907,1126.99,963.526
1908,1066.624,1105.474
1909,1014.42,1116.753
1910,1110.42,1034.53
1911,907.638,1140.705
1912,975.904,980.04
1913,1092.684,957.211
1914,1107.281,1049.032
1915,1129.506,941.705
1916,930.915,1093.011
1917,1098.771,1073.544
1918,1001.653,1028.625
1919,1124.488,929.855
1920,898.14,1084.996
1921,1121.341,1031.538
1922,1096.232,1131.481
1923,1128.703,1005.777
1924,998.891,903.188
1925,1041.269,1090.716
1926,961.351,938.108
1927,911.003,917.821
1928,1045.349,924.493
1929,898.099,947.221
1930,904.904,1132.448
1931,1010.045,1030.642
1932,972.617,1035.773
1933,946.711,991.086
1934,986.025,1146.933
1935,1080.203,1010.916
1936,1034.817,965.176
1937,1118.815,1034.287
1938,939.563,963.722
1939,1004.405,1055.851
1940,930.363,1072.811
1941,957.035,976.961
1942,1010.054,1140.66
1943,1009.52,979.097
1944,1084.251,1146.508
1945,1025.558,1042.326
1946,1110.515,1073.071
1947,1060.921,909.865
1948,1010.502,907.007
1949,1087.779,925.867
1950,898.886,946.268
1951,1013.425,1003.878
1952,1010.668,1138.248
1953,1043.568,899.973
1954,1003.31,976.954
1955,1056.694,948.783
1956,1031.608,1004.5
1957,952.653,988.762
1958,1061.117,912.448
1959,1093.966,954.769
1960,964.976,1081.638
1961,916.997,916.914
1962,1133.992,918.625
1963,977.886,983.759
1964,923.751,1101.371
1965,1072.991,953.259
1966,917.742,1107.5
1967,903.969,1139.061
1968,1077.722,986.827
1969,1095.633,1093.544
1970,1082.452,1101.263
1971,922.984,1135.749
1972,1005.052,1141.56
1973,986.307,986.66
1974,1123.376,1064.926
1975,1052.532,1025.322
1976,945.803,946.138
1977,1025.723,942.059
1978,1055.486,1087.901
1979,1020.216,1106.809
1980,1049.859,998.725
1981,924.677,948.752
1982,965.487,975.606
1983,1112.054,898.249
1984,899.032,1103.584
1985,967.791,1027.609
1986,948.899,1035.638
1987,956.226,903.74
1988,1114.646,1045.149
1989,962.463,999.166
1990,966.35,1119.615
1991,1108.284,1000.397
1992,1008.611,983.174
1993,1087.644,924.593
1994,922.44,946.44
1995,1088.169,1052.337
1996,1004.574,1001.146
1997,1142.817,900.264
1998,1098.487,1011.047
1999,953.268,1122.314
2000,561.295,220.306
2001,786.701,448.244
2002,147.133,1062.331
2003,585.542,1008.626
2004,784.812,190.727
2005,623.302,881.417
2006,310.409,142.542
2007,884.542,661.38
2008,580.09,962.897
2009,133.349,18.466
2010,1140.648,347.406
2011,7.339,1127.802
2012,1080.821,192.355
2013,773.289,50.779
2014,907.229,236.886
2015,130.775,624.874
2016,271.047,1032.591
2017,386.286,269.597
2018,598.78,1103.446
2019,382.105,163.707
2020,27.923,404.255
2021,755.504,1041.229
2022,1117.214,972.563
2023,598.942,1130.585
2024,846.465,231.886
2025,414.357,951.376
2026,455.862,376.671
2027,876.135,280.639
2028,406.882,238.753
2029,535.869,387.732
2030,994.002,442.172
2031,1067.215,518.286
2032,346.451,657.48
2033,108.081,946.589
2034,1143.747,360.991
2035,526.74,26.114
2036,1133.869,264.018
2037,851.596,6.553
2038,595.249,1108.843
2039,866.364,760.406
2040,208.04,391.723
2041,823.443,1062.272
2042,747.631,151.9
2043,345.208,472.513
2044,419.627,641.77
2045,242.075,845.659
2046,249.7,799.915
2047,1143.263,83.506
2048,506.406,1128.225
2049,377.524,335.063
2050,1055.231,968.548
2051,486.019,603.552
2052,709.185,386.805
2053,144.805,753.041
2054,758.698,578.497
2055,499.985,372.744
2056,402.493,391.212
2057,712.147,811.501
2058,20.962,1033.428
2059,210.664,43.877
2060,688.124,448.223
2061,785.323,370.358
2062,608.799,1124.66
2063,514.643,682.23
2064,169.09,1129.701
2065,289.403,1078.433
2066,733.631,642.046
2067,129.033,905.324
2068,999.361,968.064
2069,853.1,925.848
2070,158.36,253.712
2071,990.771,50.492
2072,666.284,973.947
2073,24.088,884.05
2074,327.802,859.517
2075,608.806,872.759
2076,842.041,134.042
2077,625.531,964.992
2078,1070.058,788.66
2079,176.514,720.215
2080,76.233,702.128
2081,504.121,932.883
2082,516.71,1081.17
2083,855.71,1143.582
2084,261.514,983.426
2085,592.489,414.414
2086,629.053,76.182
2087,259.462,186.352
2088,279.478,927.694
2089,1009.854,706.809
2090,268.629,964.019
2091,757.972,394.257
2092,864.534,672.728
2093,436.037,1040.6
2094,631.841,149.258
2095,996.198,159.295
2096,1118.465,232.216
2097,16.753,508.866
2098,914.702,418.404
2099,722.264,838.172
2100,731.367,640.698
2101,828.81,7.925
2102,1032.967,963.99
2103,1132.231,182.192
2104,920.935,236.108
2105,1035.363,86.196
2106,701.502,102.691
2107,41.112,613.867
2108,132.79,776.99
2109,734.288,1116.285
2110,1094.689,919.282
2111,903.466,572.293
2112,825.453,895.411
2113,131.29,111.689
2114,74.971,58.737
2115,351.558,332.537
2116,403.919,171.155
2117,372.993,397.338
2118,675.035,862.062
2119,904.809,463.235
2120,536.294,129.186
2121,162.546,293.889
2122,198.891,968.058
2123,577.376,161.988
2124,568.073,238.604
2125,850.461,51.643
2126,7.092,238.601
2127,141.912,164.758
2128,336.402,1063.366
2129,714.907,565.495
2130,1134.789,729.648
2131,84.957,816.915
2132,550.629,1115.957
2133,398.858,1076.348
2134,545.32,594.01
2135,888.217,111.241
2136,274.776,1116.211
2137,610.116,148.832
2138,713.946,183.42
2139,529.787,888.04
2140,612.993,845.402
2141,390.761,822.785
2142,737.818,815.533
2143,1004.587,390.586
2144,886.201,499.203
2145,259.701,922.823
2146,857.632,705.701
2147,524.696,922.434
2148,409.723,335.08
2149,42.523,611.591
2150,1048.434,1136.989
2151,567.172,160.426
2152,1094.662,89.703
2153,156.277,963.682
2154,1037.18,348.627
2155,1111.569,421.602
2156,377.336,805.401
2157,191.001,590.677
2158,140.056,838.756
2159,1033.121,260.129
2160,1022.655,398.357
2161,1105.04,442.565
2162,390.957,365.727
2163,595.228,334.858
2164,283.127,246.897
2165,183.91,1089.809
2166,287.929,624.555
2167,805.577,311.296
2168,1086.551,762.865
2169,200.119,1014.274
2170,754.545,763.218
2171,210.904,411.897
2172,500.977,577.756
2173,74.107,904.234
2174,171.961,824.159
2175,674.161,806.493
2176,693.483,979.989
2177,1116.273,1129.046
2178,643.467,92.943
2179,514.068,1052.944
2180,952.45,197.014
2181,562.927,741.135
2182,826.551,212.391
2183,1045.366,760.358
2184,977.847,534.796
2185,956.06,303.25
2186,898.45,887.359
2187,214.714,789.72
2188,510.241,860.478
2189,1107.457,658.189
2190,587.186,227.429
2191,775.078,255.729
2192,219.607,808.651
2193,566.196,429.271
2194,523.877,1003.043
2195,1106.386,469.776
2196,599.121,932.354
2197,1002.205,553.858
2198,444.405,895.097
2199,773.511,756.033
2200,584.735,306.843
2201,407.829,110.815
2202,558.661,712.039
2203,649.227,166.818
2204,1024.144,80.423
2205,316.467,533.512
2206,594.494,589.223
2207,119.707,626.103
2208,1138.756,525.135
2209,991.483,1118.367
2210,848.113,353.339
2211,412.347,1007.42
2212,659.948,362.686
2213,791.876,527.754
2214,759.989,206.403
2215,105.574,96.585
2216,328.705,81.266
2217,442.474,351.027
2218,541.946,295.841
2219,563.757,71.692
2220,412.918,452.423
2221,452.609,860.839
2222,597.502,341.741
2223,1146.663,363.903
2224,684.923,764.65
2225,689.505,437.729
2226,427.348,47.866
2227,274.313,402.721
2228,870.886,1079.378
2229,1145.849,314.333
2230,168.992,545.288
2231,510.377,756.513
2232,579.303,977.671
2233,946.718,853.278
2234,542.352,675.736
2235,232.815,1126.344
2236,982.705,199.354
2237,69.869,1060.994
2238,705.89,65.474
2239,1035.69,459.844
2240,587.129,370.729
2241,267.783,1066.029
2242,775.41,917.433
2243,799.696,583.206
2244,528.264,618.142
2245,703.551,299.591
2246,1053.582,11.522
2247,216.02,680.23
2248,44.555,503.525
2249,245.786,26.121
2250,1092.96,1029.004
2251,864.252,451.382
2252,652.456,869.711
2253,151.993,983.586
2254,316.689,168.808
2255,854.275,946.783
2256,816.92,286.579
2257,1046.13,669.216
2258,662.808,539.117
2259,252.153,68.985
2260,1057.689,345.319
2261,819.771,177.813
2262,978.935,228.085
2263,762.848,238.908
2264,942.741,960.314
2265,982.903,1102.353
2266,320.745,1000.7
2267,664.022,54.761
2268,416.618,341.454
2269,3.2,812.344
2270,593.812,375.839
2271,326.138,585.123
2272,409.798,620.568
2273,820.545,1008.914
2274,926.086,356.089
2275,244.998,493.841
2276,651.103,134.823
2277,140.837,94.267
2278,495.678,646.081
2279,367.695,763.045
2280,792.717,1132.257
2281,614.365,737.045
2282,74.262,677.243
2283,922.576,430.839
2284,1098.864,499.724
2285,318.942,793.723
2286,581.956,844.37
2287,444.032,64.633
2288,567.246,500.519
2289,10.999,707.099
2290,225.993,934.258
2291,583.369,1028.597
2292,665.17,367.075
2293,661.951,47.952
2294,653.912,126.303
2295,148.398,240.94
2296,38.359,866.796
2297,437.876,927.776
2298,29.486,811.4
2299,909.613,490.176
2300,855.339,1130.682
2301,435.632,606.522
2302,845.039,401.601
2303,1075.61,809.052
2304,478.203,706.46
2305,587.042,196.379
2306,475.924,856.06
2307,886.744,881.28
2308,597.695,870.651
2309,60.03,395.445
2310,1110.325,474.238
2311,1144.484,532.086
2312,703.876,966.033
2313,889.469,319.633
2314,860.795,869.676
2315,1062.374,428.484
2316,905.783,378.332
2317,53.065,347.375
2318,383.858,62.615
2319,767.062,790.765
2320,1094.872,276.422
2321,163.658,769.113
2322,577.546,567.817
2323,433.513,1068.388
2324,457.976,267.212
2325,483.312,328.304
2326,290.444,469.998
2327,1023.02,788.31
2328,104.069,162.869
2329,481.076,853.083
2330,118.345,982.301
2331,798.014,270.543
2332,370.411,130.383
2333,485.53,315.574
2334,818.843,767.277
2335,1041.944,916.011
2336,894.6,479.121
2337,474.512,421.52
2338,613.898,522.654
2339,279.314,956.41
2340,397.229,885.912
2341,133.137,65.911
2342,689.368,92.199
2343,867.994,36.923
2344,633.187,315.703
2345,420.765,410.868
2346,119.793,946.535
2347,442.307,852.029
2348,768.727,1086.995
2349,558.776,802.778
2350,916.602,521.783
2351,133.091,639.482
2352,507.732,101.46
2353,670.499,480.904
2354,1009.862,81.067
2355,432.233,843.229
2356,82.02,852.904
2357,923.374,932.796
2358,930.829,733.279
2359,155.682,457.703
2360,891.441,787.315
2361,243.806,413.161
2362,904.466,56.576
2363,1023.778,776.056
2364,381.96,741.672
2365,241.964,1083.544
2366,535.019,668.954
2367,455.203,670.286
2368,436.823,1066.319
2369,685.36,1036.735
2370,473.246,517.205
2371,1141.646,353.415
2372,1107.756,853.832
2373,552.493,244.865
2374,406.718,514.499
2375,354.493,673.273
2376,767.048,900.447
2377,565.015,284.801
2378,948.566,77.077
2379,863.363,150.227
2380,643.23,581.068
2381,671.014,19.255
2382,527.751,1030.705
2383,1073.577,285.351
2384,642.45,55.853
2385,580.663,623.538
2386,834.514,1068.033
2387,258.689,969.855
2388,43.293,593.139
2389,523.196,733.763
2390,1037.873,380.915
2391,820.905,583.934
2392,941.915,1112.746
2393,422.414,404.987
2394,906.54,1082.794
2395,335.428,667.639
2396,431.39,623.372
2397,259.439,909.568
2398,526.849,714.902
2399,430.598,822.807
2400,31.646,360.256
2401,960.562,580.667
2402,1068.908,883.319
2403,437.656,766.198
2404,890.237,1109.973
2405,139.398,433.114
2406,636.562,1057.754
2407,896.953,292.932
2408,747.588,1091.825
2409,793.672,355.566
2410,872.713,552.953
2411,776.189,339.654
2412,807.326,709.997
2413,688.836,630.962
2414,459.469,661.262
2415,498.404,948.942
2416,679.191,963.84
2417,826.598,760.433
2418,653.436,235.627
2419,15.414,1119.851
2420,663.979,774.969
2421,815.496,567.553
2422,93.295,300.294
2423,330.486,947.371
2424,441.504,4.249
2425,569.772,63.764
2426,277.421,608.446
2427,123.05,187.765
2428,1059.358,656.705
2429,617.721,407.386
2430,381.357,732.781
2431,246.719,1079.587
2432,353.624,474.077
2433,202.455,250.773
2434,863.137,541.043
2435,58.636,400.721
2436,279.478,912.025
2437,1141.733,625.53
2438,135.196,704.874
2439,176.262,216.978
2440,644.761,802.634
2441,13.418,779.86
2442,486.08,941.827
2443,560.513,1020.214
2444,478.465,402.263
2445,9.179,1125.883
2446,901.422,516.145
2447,966.903,1079.886
2448,350.066,897.351
2449,754.467,471.433
2450,27.68,970.918
2451,373.019,1084.992
2452,447.246,879.668
2453,1017.724,741.293
2454,240.944,236.406
2455,1139.625,6.892
2456,438.845,970.56
2457,635.884,246.875
2458,239.585,774.603
2459,1088.223,631.986
2460,177.051,699.305
2461,750.544,651.71
2462,840.574,886.791
2463,839.376,868.97
2464,99.151,351.58
2465,270.251,867.677
2466,612.696,300.942
2467,424.354,310.921
2468,312.355,747.948
2469,405.021,606.465
2470,248.522,1024.293
2471,875.172,698.128
2472,106.423,250.521
2473,660.474,530.765
2474,84.557,530.504
2475,177.805,918.032
2476,1067.549,822.31
2477,1117.548,231.89
2478,485.095,1098.278
2479,270.05,1125.942
2480,832.323,792.848
2481,701.558,104.825
2482,313.82,718.348
2483,716.951,291.515
2484,422.942,723.871
2485,638.924,708.297
2486,659.103,199.485
2487,115.163,576.976
2488,389.723,897.342
2489,883.025,236.416
2490,656.8,872.833
2491,230.444,982.044
2492,940.924,682.375
2493,1138.909,408.372
2494,633.748,814.51
2495,258.709,104.218
2496,984.656,195.475
2497,744.524,822.371
2498,1047.949,27.131
2499,53.742,412.306
2500,716.458,323.193
2501,883.396,1040.12
2502,97.551,991.549
2503,340.949,595.44
2504,803.278,694.804
2505,133.156,73.534
2506,294.284,138.453
2507,798.313,566.839
2508,1056.614,832.833
2509,465.42,950.488
2510,310.05,320.531
2511,574.091,742.113
2512,365.552,1052.224
2513,609.648,275.939
2514,344.366,689.679
2515,909.837,822.653
2516,571.089,729.921
2517,732.022,708.564
2518,508.659,1107.775
2519,565.313,501.04
2520,945.157,780.92
2521,609.361,804.83
2522,27.509,1099.7
2523,587.866,780.303
2524,69.461,108.051
2525,487.053,967.709
2526,909.011,583.904
2527,695.353,149.472
2528,37.398,691.851
2529,202.2,1116.841
2530,701.689,97.654
2531,261.198,879.054
2532,590.74,169.932
2533,359.175,802.965
2534,477.198,644.313
2535,711.322,77.179
2536,481.595,839.239
2537,99.251,935.997
2538,969.229,1054.789
2539,127.951,119.751
2540,496.602,160.393
2541,531.036,580.446
2542,821.584,388.667
2543,465.418,702.61
2544,666.2,792.264
2545,137.148,309.358
2546,332.103,522.052
2547,213.874,367.36
2548,557.948,531.753
2549,543.766,42.656
2550,856.599,679.072
2551,955.199,686.473
2552,451.845,1040.821
2553,490.145,394.604
2554,912.981,642.345
2555,37.982,1036.69
2556,182.769,1074.887
2557,684.862,314.823
2558,233.661,497.657
2559,499.02,212.416
2560,944.978,1024.238
2561,418.734,812.523
2562,274.291,604.136
2563,350.166,353.061
2564,676.877,947.452
2565,1017.173,464.134
2566,746.74,122.913
2567,281.702,4.778
2568,849.526,921.721
2569,813.688,458.512
2570,637.862,547.73
2571,135.998,343.185
2572,992.92,47.427
2573,475.032,852.124
2574,157.197,895.251
2575,147.936,987.791
2576,861.233,351.978
2577,1136.893,772.749
2578,813.424,771.023
2579,741.916,534.609
2580,383.707,721.826
2581,789.454,1031.918
2582,830.487,712.676
2583,852.938,417.205
2584,39.579,647.495
2585,1141.583,200.26
2586,192.011,307.533
2587,310.352,637.118
2588,1064.4,654.021
2589,1141.333,901.17
2590,582.806,106.112
2591,1107.386,977.876
2592,553.76,319.56
2593,939.602,150.974
2594,947.146,467.435
2595,242.477,500.737
2596,588.834,456.462
2597,878.252,710.503
2598,1027.434,796.647
2599,1033.632,827.928
2600,316.937,707.771
2601,266.754,292.641
2602,990.937,566.025
2603,327.562,850.813
2604,429.923,38.297
2605,354.223,1003.8
2606,99.767,1124.093
2607,376.563,218.066
2608,265.353,818.18
2609,448.905,883.263
2610,980.203,278.444
2611,334.638,826.236
2612,3.784,607.003
2613,306.92,416.345
2614,1146.578,1059.159
2615,236.236,719.539
2616,947.541,33.561
2617,961.677,35.715
2618,1124.892,900.714
2619,450.458,1061.094
2620,187.507,536.028
2621,180.424,992.147
2622,206.384,615.416
2623,309.635,1138.189
2624,956.331,60.873
2625,481.186,766.788
2626,88.985,989.57
2627,1017.315,960.102
2628,72.866,673.22
2629,909.266,918.764
2630,635.126,176.235
2631,1136.881,282.359
2632,1034.244,895.612
2633,839.696,572.945
2634,1034.222,380.166
2635,650.07,309.395
2636,99.448,546.244
2637,764.048,303.873
2638,166.023,888.696
2639,586.977,297.663
2640,164.48,226.044
2641,641.549,75.305
2642,590.333,772.806
2643,346.504,152.298
2644,249.273,715.31
2645,1135.668,217.388
2646,166.501,193.902
2647,250.161,638.451
2648,1049.747,276.966
2649,646.628,510.433
2650,763.92,698.407
2651,648.973,151.106
2652,1100.762,495.819
2653,550.392,303.253
2654,664.756,238.397
2655,440.04,461.706
2656,1103.295,861.254
2657,32.022,299.58
2658,837.257,1010.751
2659,112.424,225.262
2660,212.093,537.254
2661,862.832,959.56
2662,24.491,749.005
2663,800.046,1091.067
2664,651.52,833.408
2665,543.516,364.604
2666,1062.49,827.653
2667,1137.195,558.875
2668,226.651,830.728
2669,340.976,433.921
2670,664.237,660.315
2671,56.542,654.299
2672,85.367,1143.459
2673,342.962,266.028
2674,688.268,1125.193
2675,280.854,698.602
2676,799.864,248.37
2677,536.555,1041.704
2678,164.796,622.843
2679,637.87,771.846
2680,149.23,539.549
2681,417.027,502.919
2682,638.868,114.386
2683,1131.297,245.599
2684,740.737,575.754
2685,47.388,152.723
2686,957.353,394.133
2687,152.373,78.081
2688,1016.507,979.965
2689,41.341,127.341
2690,898.596,887.598
2691,1011.102,212.721
2692,395.689,1113.75
2693,518.939,876.924
2694,774.391,48.872
2695,958.932,763.881
2696,204.175,523.095
2697,613.728,718.427
2698,106.206,743.345
2699,254.481,314.801
2700,430.43,708.876
2701,735.122,478.354
2702,557.438,931.897
2703,241.568,1058.718
2704,365.12,172.801
2705,127.662,145.581
2706,620.104,577.0
2707,292.661,905.581
2708,804.884,772.467
2709,298.962,717.014
2710,500.946,409.555
2711,529.15,497.343
2712,1051.109,420.123
2713,795.378,961.251
2714,717.171,875.091
2715,19.156,724.83
2716,123.028,691.691
2717,258.969,792.223
2718,645.612,384.729
2719,656.014,675.428
2720,444.819,549.436
2721,348.113,196.487
2722,157.701,398.671
2723,281.246,325.333
2724,757.01,814.299
2725,295.489,1080.287
2726,916.253,86.522
2727,921.083,1131.781
2728,380.707,292.529
2729,1088.016,1072.591
2730,875.305,1102.847
2731,963.11,328.683
2732,868.418,998.253
2733,950.315,1030.606
2734,420.914,269.499
2735,245.143,74.901
2736,650.521,489.131
2737,341.141,1140.417
2738,549.885,1126.824
2739,1067.559,701.684
2740,695.144,195.509
2741,27.762,1044.339
2742,1007.205,952.236
2743,749.193,1112.873
2744,228.05,730.647
2745,312.84,684.174
2746,15.023,1136.897
2747,526.871,226.082
2748,1070.812,231.886
2749,1010.026,387.783
2750,692.308,590.607
2751,1068.081,949.935
2752,988.413,553.014
2753,1017.047,558.849
2754,176.195,401.152
2755,151.826,390.213
2756,729.224,1082.046
2757,895.086,248.686
2758,580.902,818.577
2759,889.161,209.254
2760,340.878,908.032
2761,663.537,2.921
2762,577.725,371.535
2763,950.474,597.272
2764,675.352,1048.64
2765,982.375,660.76
2766,1081.501,684.012
2767,206.59,612.01
2768,770.194,1088.504
2769,155.365,259.095
2770,867.487,314.812
2771,776.7,628.881
2772,788.356,4.272
2773,568.397,640.464
2774,643.863,1068.621
2775,452.08,956.127
2776,297.317,47.35
2777,961.937,566.098
2778,727.888,868.988
2779,1124.306,959.266
2780,411.2,556.984
2781,228.049,1068.001
2782,51.203,579.187
2783,132.567,796.144
2784,49.568,240.668
2785,531.362,339.669
2786,1014.097,653.499
2787,362.404,38.898
2788,719.517,134.502
2789,875.805,133.244
2790,558.413,901.398
2791,346.675,528.219
2792,904.36,274.611
2793,1076.098,971.591
2794,643.511,97.256
2795,219.532,861.897
2796,942.925,459.716
2797,191.599,443.61
2798,192.934,149.023
2799,860.12,918.49
2800,385.754,49.738
2801,203.984,687.329
2802,776.239,889.095
2803,793.923,275.643
2804,248.515,333.435
2805,681.883,85.878
2806,629.355,23.286
2807,678.948,168.713
2808,619.317,193.392
2809,743.718,996.748
2810,954.434,1059.217
2811,291.909,626.48
2812,736.527,880.94
2813,412.92,171.138
2814,256.672,220.49
2815,478.329,1112.224
2816,563.083,705.748
2817,1004.464,192.374
2818,704.186,1015.849
2819,619.687,333.836
2820,394.325,847.146
2821,898.889,821.654
2822,767.848,1019.935
2823,140.241,492.019
2824,928.429,706.268
2825,90.996,1079.995
2826,560.692,361.104
2827,583.322,644.252
2828,716.757,978.307
2829,87.399,872.719
2830,211.317,367.092
2831,366.686,97.621
2832,402.529,335.133
2833,47.457,86.731
2834,104.003,715.367
2835,310.786,443.627
2836,753.77,818.521
2837,861.472,539.851
2838,279.807,562.983
2839,1026.16,551.341
2840,94.361,374.221
2841,113.815,340.782
2842,952.747,1131.073
2843,890.968,968.154
2844,300.656,1137.635
2845,357.988,980.717
2846,116.313,939.66
2847,314.321,998.104
2848,1018.804,1047.884
2849,797.383,1006.166
2850,538.952,207.47
2851,40.883,43.863
2852,469.69,990.742
2853,633.932,66.377
2854,655.65,200.821
2855,643.823,702.433
2856,256.775,854.587
2857,1143.139,199.172
2858,1139.84,343.975
2859,164.648,767.763
2860,515.214,114.816
2861,767.37,983.803
2862,878.732,9.892
2863,1086.586,650.852
2864,458.69,586.978
2865,948.823,468.512
2866,1019.527,23.77
2867,166.028,1122.386
2868,641.562,248.595
2869,186.718,154.256
2870,979.685,727.667
2871,355.641,10.267
2872,391.863,900.105
2873,401.856,1014.621
2874,475.672,538.776
2875,111.771,113.481
2876,277.284,1144.273
2877,1042.167,87.491
2878,346.357,787.989
2879,1046.646,330.014
2880,7.873,946.529
2881,913.911,839.401
2882,122.174,318.308
2883,1084.647,473.945
2884,1033.549,407.504
2885,854.053,11.049
2886,816.29,662.31
2887,521.321,508.975
2888,639.942,36.595
2889,154.507,183.638
2890,965.684,718.674
2891,45.454,375.377
2892,442.303,446.607
2893,192.248,497.16
2894,289.829,901.649
2895,342.279,498.148
2896,822.389,65.536
2897,154.085,630.82
2898,697.693,1025.719
2899,1025.826,649.047
2900,1055.53,982.062
2901,523.562,149.964
2902,966.306,789.761
2903,605.467,451.518
2904,1027.084,1136.104
2905,935.751,601.395
2906,416.574,265.611
2907,242.456,951.433
2908,257.167,886.987
2909,1062.455,643.564
2910,591.807,785.532
2911,268.423,407.728
2912,352.994,423.429
2913,909.941,377.422
2914,752.637,338.026
2915,894.364,1003.434
2916,178.843,1045.336
2917,539.147,563.842
2918,52.826,926.814
2919,410.253,66.654
2920,189.175,620.765
2921,903.535,323.014
2922,828.263,442.799
2923,619.927,707.514
2924,563.388,65.623
2925,433.455,362.403
2926,762.424,53.838
2927,217.742,17.41
2928,224.386,452.953
2929,723.61,691.08
2930,639.905,128.353
2931,1104.426,741.604
2932,696.757,369.964
2933,307.281,676.084
2934,1005.183,440.924
2935,1004.972,74.773
2936,1119.888,855.266
2937,958.766,397.478
2938,721.677,941.321
2939,572.524,1145.82
2940,675.707,148.444
2941,64.55,744.353
2942,190.147,309.206
2943,287.478,1027.791
2944,198.17,374.707
2945,117.058,1074.785
2946,705.493,186.763
2947,599.288,44.392
2948,226.861,21.838
2949,434.709,1002.188
2950,462.011,754.991
2951,674.411,950.705
2952,1093.625,182.557
2953,1017.724,664.026
2954,346.24,302.665
2955,625.221,174.737
2956,913.509,593.012
2957,297.003,673.669
2958,495.325,1079.452
2959,666.752,42.656
2960,132.367,711.262
2961,390.524,519.549
2962,432.852,87.625
2963,720.659,1079.839
2964,1111.304,195.571
2965,963.907,259.951
2966,532.991,1110.679
2967,676.915,543.747
2968,427.681,326.53
2969,814.033,1031.673
2970,688.181,344.611
2971,758.312,639.321
2972,694.103,701.467
2973,861.063,366.877
2974,899.591,238.014
2975,40.641,795.261
2976,11.822,1092.341
2977,761.384,1106.318
2978,713.79,120.687
2979,185.005,126.931
2980,1064.569,384.309
2981,287.102,811.16
2982,978.545,82.398
2983,814.612,1002.595
2984,856.326,464.44
2985,88.933,922.173
2986,1135.786,368.458
2987,1049.742,220.309
2988,195.764,22.773
2989,427.69,666.037
2990,865.336,817.527
2991,442.982,314.919
2992,693.323,515.206
2993,756.841,699.779
2994,239.094,502.295
2995,965.336,888.766
2996,557.606,397.823
2997,524.095,819.684
2998,1111.872,89.049
2999,223.059,166.329
3000,935.509,25.703
3001,551.961,635.565
3002,1072.026,1080.498
3003,597.228,877.296
3004,268.663,387.447
3005,834.952,716.352
3006,807.636,281.056
3007,279.263,733.187
3008,166.952,9.812
3009,82.903,553.058
3010,1026.504,402.494
3011,8.327,646.328
3012,27.857,347.719
3013,589.352,809.233
3014,196.955,586.044
3015,527.17,411.02
3016,562.401,635.251
3017,1137.637,150.231
3018,180.57,874.83
3019,575.071,1026.974
3020,1087.684,182.285
3021,347.986,1016.012
3022,124.246,1146.305
3023,449.571,88.1
3024,517.119,927.261
3025,433.157,748.839
3026,92.602,329.704
3027,197.132,399.651
3028,811.88,139.937
3029,197.535,798.399
3030,286.792,882.054
3031,346.262,870.753
3032,179.785,1029.45
3033,487.17,712.091
3034,623.485,131.194
3035,409.625,523.311
3036,411.483,632.756
3037,1069.699,335.726
3038,955.783,796.697
3039,139.841,666.967
3040,39.913,55.71
3041,661.895,55.658
3042,1016.584,1049.637
3043,130.809,515.242
3044,334.808,711.503
3045,1020.591,152.644
3046,785.176,462.241
3047,261.128,291.023
3048,372.753,1044.889
3049,878.119,1121.18
3050,574.125,730.782
3051,578.528,109.095
3052,344.927,130.433
3053,1053.344,876.732
3054,787.818,928.104
3055,519.254,1136.24
3056,1019.6,133.127
3057,376.983,667.935
3058,176.96,127.622
3059,669.108,81.584
3060,118.687,982.443
3061,329.099,278.035
3062,734.014,335.576
3063,874.772,289.803
3064,640.473,33.96
3065,365.721,819.021
3066,603.653,999.992
3067,705.782,171.241
3068,81.181,971.714
3069,173.47,1009.307
3070,394.222,477.589
3071,533.477,1069.075
3072,298.823,50.847
3073,257.038,599.259
3074,549.028,48.287
3075,612.533,1018.719
3076,254.375,112.776
3077,1012.288,275.71
3078,99.54,497.487
3079,232.688,987.905
3080,49.117,519.442
3081,982.312,635.349
3082,870.056,789.458
3083,693.571,31.732
3084,504.472,1138.532
3085,400.372,537.144
3086,67.434,526.459
3087,434.003,665.493
3088,965.521,419.585
3089,497.732,1022.346
3090,632.353,1080.457
3091,65.823,873.631
3092,475.142,1020.588
3093,1107.921,1138.832
3094,1020.688,413.772
3095,623.845,1112.995
3096,595.339,791.507
3097,200.716,246.952
3098,131.583,871.627
3099,927.152,359.555
3100,444.56,193.951
3101,73.352,365.305
3102,178.995,749.277
3103,1120.332,1074.828
3104,367.841,874.846
3105,407.507,805.896
3106,909.938,80.749
3107,965.742,709.32
3108,954.657,387.637
3109,321.583,426.993
3110,637.602,460.675
3111,543.555,501.564
3112,375.705,15.923
3113,92.034,802.612
3114,8.163,16.296
3115,170.13,458.717
3116,527.443,916.542
3117,690.83,1113.822
3118,1142.02,837.92
3119,708.407,525.059
3120,173.78,431.751
3121,427.441,1060.979
3122,712.423,925.362
3123,362.028,165.506
3124,761.873,946.156
3125,554.825,529.54
3126,658.324,512.578
3127,108.34,1048.186
3128,849.921,611.978
3129,869.886,640.663
3130,666.551,176.336
3131,792.591,23.993
3132,876.146,1057.822
3133,1130.067,1026.442
3134,653.613,167.377
3135,521.264,1115.159
3136,373.604,393.692
3137,126.634,1144.61
3138,814.543,629.377
3139,849.4,208.671
3140,438.591,208.339
3141,930.791,819.844
3142,784.0,606.625
3143,112.722,569.206
3144,490.52,1008.006
3145,352.895,393.463
3146,574.408,964.839
3147,759.326,20.293
3148,344.145,143.296
3149,1136.627,699.98
3150,699.211,584.096
3151,224.226,1035.047
3152,181.987,189.704
3153,1033.983,881.347
3154,343.371,275.398
3155,808.025,761.736
3156,449.697,800.991
3157,1015.573,27.189
3158,24.066,422.066
3159,969.218,1096.318
3160,715.727,365.904
3161,538.907,1031.748
3162,976.985,904.823
3163,378.348,135.512
3164,23.307,181.541
3165,713.104,255.831
3166,945.986,909.957
3167,318.964,324.753
3168,780.803,256.636
3169,916.96,816.737
3170,1121.233,287.95
3171,563.454,892.89
3172,525.143,324.993
3173,87.766,693.039
3174,157.414,898.646
3175,241.228,934.723
3176,877.681,754.067
3177,948.229,204.291
3178,1010.389,247.367
3179,939.613,586.896
3180,109.765,362.845
3181,193.03,268.498
3182,32.677,820.172
3183,435.807,255.754
3184,776.952,1084.18
3185,1079.615,317.959
3186,57.16,1092.803
3187,194.343,149.591
3188,1117.236,72.973
3189,38.027,884.243
3190,108.317,666.061
3191,78.396,364.634
3192,1145.911,473.024
3193,559.443,983.195
3194,1128.67,1140.407
3195,137.643,763.269
3196,99.672,188.491
3197,150.54,879.082
3198,84.757,386.329
3199,175.749,465.569
3200,998.467,80.656
3201,937.829,382.958
3202,985.474,201.048
3203,1133.732,275.573
3204,579.197,965.678
3205,629.65,871.597
3206,382.688,925.803
3207,324.213,192.474
3208,883.504,666.413
3209,336.213,172.352
3210,273.949,229.443
3211,623.169,640.189
3212,1027.703,1022.183
3213,970.222,149.057
3214,898.302,1002.391
3215,495.22,284.763
3216,1093.699,139.484
3217,774.865,1115.609
3218,1057.142,257.973
3219,259.033,237.489
3220,297.4,642.418
3221,521.74,499.278
3222,976.881,68.843
3223,466.958,365.392
3224,724.237,482.397
3225,1079.182,875.008
3226,495.155,362.657
3227,956.416,587.219
3228,321.754,311.997
3229,638.484,313.776
3230,839.728,809.133
3231,164.993,1105.654
3232,183.797,576.048
3233,855.048,754.533
3234,1121.95,401.59
3235,370.138,794.726
3236,192.423,653.655
3237,395.577,384.005
3238,129.339,750.622
3239,192.486,641.37
3240,94.228,535.787
3241,364.874,928.905
3242,587.652,673.586
3243,1100.666,1044.192
3244,318.469,832.605
3245,703.579,794.241
3246,679.044,717.15
3247,163.086,536.76
3248,359.332,208.002
3249,121.328,177.617
3250,829.85,402.187
3251,417.937,1045.52
3252,825.238,807.502
3253,106.731,868.704
3254,723.382,1028.593
3255,884.528,490.774
3256,668.958,845.056
3257,152.511,754.706
3258,505.848,915.307
3259,236.235,161.377
3260,695.508,842.777
3261,198.094,1054.525
3262,433.782,107.906
3263,879.768,987.018
3264,544.374,444.918
3265,734.002,724.647
3266,129.25,134.932
3267,1116.928,818.354
3268,895.128,681.548
3269,490.94,1142.602
3270,180.549,754.992
3271,1001.771,426.087
3272,661.446,563.155
3273,696.339,421.42
3274,1106.598,832.518
3275,870.291,347.763
3276,130.508,16.488
3277,891.0,745.074
3278,51.82,5.993
3279,1052.35,219.666
3280,145.845,729.904
3281,460.171,934.842
3282,793.657,23.871
3283,806.179,347.839
3284,376.278,596.467
3285,278.811,706.086
3286,14.451,894.754
3287,471.58,186.73
3288,870.719,491.967
3289,878.287,1045.126
3290,558.408,607.12
3291,658.458,271.746
3292,1006.076,375.446
3293,824.464,807.246
3294,955.889,939.864
3295,655.55,796.859
3296,1061.307,100.599
3297,36.533,157.358
3298,272.961,659.157
3299,794.406,501.349
3300,214.491,857.935
3301,215.3,471.564
3302,610.927,294.321
3303,608.989,661.539
3304,175.073,1032.97
3305,559.169,608.293
3306,1123.464,727.11
3307,318.555,222.112
3308,44.563,1038.436
3309,327.524,279.34
3310,9.585,1072.082
3311,286.511,533.991
3312,1098.534,658.617
3313,28.321,773.134
3314,833.473,1092.066
3315,931.633,426.289
3316,373.252,365.613
3317,134.992,225.537
3318,509.971,772.197
3319,766.609,330.072
3320,799.471,768.18
3321,243.81,654.25
3322,940.574,90.245
3323,61.647,942.148
3324,232.641,930.432
3325,357.674,486.784
3326,819.541,859.258
3327,786.035,314.718
3328,155.945,414.948
3329,454.372,988.291
3330,907.721,214.129
3331,430.372,907.605
3332,340.951,1041.781
3333,296.492,16.331
3334,768.449,1083.723
3335,382.632,434.266
3336,1091.476,1118.292
3337,626.555,92.059
3338,885.739,878.038
3339,813.547,158.884
3340,434.941,770.716
3341,690.077,429.025
3342,1013.607,180.242
3343,611.212,648.987
3344,826.513,142.576
3345,818.633,214.62
3346,591.633,471.486
3347,429.023,524.413
3348,184.611,187.659
3349,117.315,303.938
3350,190.945,278.298
3351,710.066,411.905
3352,1096.288,173.191
3353,69.641,449.871
3354,108.336,333.817
3355,247.169,900.805
3356,1135.08,419.04
3357,128.338,261.494
3358,978.947,455.193
3359,937.933,199.175
3360,571.624,1112.428
3361,646.674,446.627
3362,655.045,132.449
3363,939.595,612.709
3364,876.97,606.896
3365,900.576,541.574
3366,473.211,420.588
3367,648.338,691.088
3368,473.849,1005.938
3369,38.442,452.695
3370,641.431,499.53
3371,1021.411,858.141
3372,1100.398,801.573
3373,759.652,471.865
3374,407.587,496.187
3375,459.432,62.082
3376,732.907,904.194
3377,648.877,610.176
3378,581.49,137.915
3379,1055.208,809.755
3380,760.68,1119.417
3381,627.021,1046.034
3382,831.523,684.736
3383,1038.427,611.225
3384,650.182,378.52
3385,161.594,816.669
3386,1072.457,600.977
3387,801.937,292.337
3388,566.208,1022.812
3389,582.228,898.864
3390,537.598,532.667
3391,606.735,555.499
3392,883.188,1003.718
3393,736.69,734.748
3394,359.422,22.0
3395,665.763,81.695
3396,53.045,246.803
3397,6.747,295.214
3398,358.47,763.658
3399,305.748,142.84
3400,981.081,588.526
3401,1124.457,253.587
3402,89.636,339.362
3403,40.772,765.149
3404,76.962,1095.753
3405,719.085,1081.373
3406,1113.178,347.485
3407,188.354,299.475
3408,82.552,377.13
3409,218.909,391.862
3410,123.825,284.659
3411,920.488,141.738
3412,1001.484,871.721
3413,1136.435,974.065
3414,809.953,800.554
3415,320.081,961.074
3416,30.688,791.289
3417,544.691,673.667
3418,705.761,419.299
3419,71.194,223.022
3420,931.599,953.706
3421,333.167,532.771
3422,1066.372,601.828
3423,299.559,308.036
3424,799.787,734.23
3425,426.627,129.675
3426,666.965,363.413
3427,1106.701,368.504
3428,635.944,725.924
3429,972.737,152.931
3430,938.189,1047.078
3431,556.641,64.564
3432,634.299,297.889
3433,1015.968,863.211
3434,338.424,639.728
3435,282.286,516.131
3436,195.658,1094.694
3437,558.311,95.082
3438,732.317,111.992
3439,1013.313,767.767
3440,890.217,653.183
3441,185.685,212.173
3442,417.783,948.572
3443,63.859,851.865
3444,308.705,996.475
3445,577.991,609.96
3446,1145.669,377.412
3447,198.387,341.618
3448,56.007,569.909
3449,162.912,960.714
3450,611.917,187.554
3451,1126.605,1068.772
3452,24.998,582.36
3453,1144.178,832.765
3454,1082.625,79.297
3455,329.336,444.327
3456,313.917,183.691
3457,510.776,479.057
3458,1015.264,183.926
3459,980.053,237.514
3460,608.867,1072.407
3461,507.703,273.456
3462,872.728,497.656
3463,58.389,38.456
3464,623.734,79.39
3465,223.739,106.635
3466,442.469,514.458
3467,142.031,778.375
3468,1032.678,943.585
3469,816.62,571.962
3470,910.989,265.432
3471,1145.941,911.115
3472,196.424,73.576
3473,1035.623,433.131
3474,279.1,889.603
3475,473.797,859.145
3476,1125.613,530.03
3477,996.886,932.714
3478,934.49,658.029
3479,403.819,1109.082
3480,1071.64,93.282
3481,59.575,266.466
3482,1074.304,531.986
3483,425.464,848.303
3484,94.716,97.482
3485,43.873,406.858
3486,749.458,331.197
3487,1063.264,675.763
3488,1027.837,904.387
3489,412.558,584.324
3490,985.57,952.942
3491,127.378,772.754
3492,1109.571,770.58
3493,751.939,103.397
3494,581.152,658.199
3495,1064.081,145.507
3496,736.951,76.154
3497,542.283,742.004
3498,950.145,88.526
3499,1102.232,811.621
3500,948.279,799.936
3501,181.776,693.098
3502,292.977,93.522
3503,80.461,626.019
3504,999.786,339.944
3505,770.372,541.181
3506,1018.75,467.509
3507,1006.895,208.28
3508,165.5,525.652
3509,1023.472,349.155
3510,971.7,829.745
3511,317.224,229.481
3512,979.608,1071.372
3513,459.283,889.742
3514,819.462,510.97
3515,657.762,88.644
3516,300.425,882.087
3517,199.395,673.397
3518,551.771,1121.497
3519,604.179,1031.878
3520,1042.467,1113.919
3521,389.923,1092.82
3522,821.026,23.751
3523,1000.474,688.65
3524,495.447,448.4
3525,782.135,213.631
3526,314.922,1094.343
3527,948.898,377.169
3528,1017.09,503.734
3529,1046.096,446.291
3530,935.558,57.523
3531,1013.682,208.242
3532,350.604,496.181
3533,443.648,286.328
3534,332.212,1137.433
3535,655.45,146.606
3536,1092.864,429.945
3537,432.188,705.917
3538,1002.105,1031.238
3539,439.906,735.781
3540,999.807,229.947
3541,787.27,500.776
3542,615.617,880.501
3543,848.426,399.997
3544,297.017,523.692
3545,824.867,112.855
3546,6.266,298.123
3547,358.533,288.371
3548,712.03,655.829
3549,927.038,161.849
3550,784.609,105.084
3551,558.121,708.719
3552,444.4,380.457
3553,1071.497,348.239
3554,244.019,230.87
3555,447.84,688.869
3556,776.991,248.451
3557,1084.198,180.596
3558,822.199,450.115
3559,218.441,41.461
3560,60.037,362.029
3561,594.938,1051.882
3562,283.422,1034.694
3563,388.59,565.143
3564,37.828,960.247
3565,28.859,789.431
3566,1092.4,910.861
3567,965.443,1131.539
3568,126.958,414.972
3569,401.147,985.912
3570,318.8,10.257
3571,446.042,552.621
3572,390.397,244.264
3573,242.795,826.783
3574,1119.795,466.36
3575,375.082,229.655
3576,689.424,16.935
3577,217.472,703.212
3578,744.152,215.237
3579,111.999,121.134
3580,896.17,464.957
3581,106.888,632.402
3582,290.281,884.286
3583,555.704,222.296
3584,315.762,465.255
3585,671.27,419.199
3586,1072.615,26.273
3587,1136.11,269.096
3588,1046.537,40.308
3589,764.26,519.781
3590,929.802,720.311
3591,1118.279,339.1
3592,937.019,461.044
3593,722.892,54.665
3594,46.631,1039.29
3595,685.727,106.588
3596,278.753,460.252
3597,446.224,1073.735
3598,415.167,361.549
3599,182.222,224.053
3600,905.564,1042.651
3601,646.287,72.657
3602,237.807,137.898
3603,117.122,140.283
3604,727.247,852.39
3605,945.474,482.62
3606,185.458,1018.191
3607,913.054,725.097
3608,848.805,721.013
3609,166.486,1110.849
3610,237.315,649.283
3611,193.964,299.04
3612,1059.991,577.043
3613,51.716,233.705
3614,256.09,261.212
3615,1068.748,915.419
3616,1005.351,334.993
3617,738.336,577.896
3618,707.862,67.595
3619,855.028,811.923
3620,839.967,31.581
3621,484.458,66.843
3622,909.518,194.69
3623,293.606,377.896
3624,650.846,436.422
3625,183.085,199.958
3626,895.178,664.116
3627,563.723,885.454
3628,906.839,1051.319
3629,624.215,501.24
3630,636.476,561.036
3631,396.673,1033.402
3632,111.151,410.545
3633,797.921,76.383
3634,1031.556,568.665
3635,668.558,826.694
3636,705.644,636.133
3637,892.899,725.266
3638,354.456,141.68
3639,938.582,151.729
3640,692.41,143.665
3641,421.062,497.728
3642,947.242,867.133
3643,790.291,467.159
3644,1133.355,210.373
3645,741.963,658.182
3646,98.405,312.595
3647,460.31,807.225
3648,619.152,240.155
3649,273.944,858.591
3650,1005.543,101.79
3651,1054.036,700.629
3652,1007.387,978.549
3653,704.755,310.438
3654,1055.211,1098.194
3655,925.523,14.699
3656,7.555,304.702
3657,8.19,546.838
3658,677.177,785.05
3659,698.435,123.887
3660,65.417,913.571
3661,1039.72,316.417
3662,775.601,831.423
3663,88.05,339.112
3664,350.222,718.398
3665,283.014,1125.73
3666,704.757,1056.555
3667,259.291,209.45
3668,707.372,154.699
3669,462.764,82.82
3670,486.755,644.641
3671,150.824,1058.974
3672,140.208,843.634
3673,281.454,141.701
3674,227.024,1028.539
3675,359.259,812.931
3676,213.592,10.118
3677,428.922,128.317
3678,1138.461,1075.368
3679,582.78,206.136
3680,1122.066,1067.63
3681,855.429,431.288
3682,786.941,259.14
3683,586.905,1020.271
3684,668.57,83.381
3685,491.562,424.867
3686,103.955,4.76
3687,167.216,42.987
3688,782.302,562.137
3689,293.915,977.408
3690,329.938,222.25
3691,1062.215,853.385
3692,329.228,1139.02
3693,707.198,1049.473
3694,986.016,1135.816
3695,119.973,373.565
3696,113.959,699.344
3697,816.222,904.425
3698,673.876,527.25
3699,336.382,1008.22
3700,392.43,427.011
3701,49.152,1010.72
3702,631.998,906.28
3703,310.066,865.238
3704,439.323,1141.399
3705,940.039,445.586
3706,1028.44,529.947
3707,421.938,133.797
3708,912.713,1084.211
3709,1141.351,852.437
3710,1115.483,260.145
3711,409.012,276.359
3712,1132.896,413.734
3713,518.184,558.145
3714,875.749,961.492
3715,938.329,387.144
3716,500.722,788.903
3717,1001.829,130.229
3718,278.873,299.082
3719,470.354,154.802
3720,694.56,541.244
3721,182.724,522.86
3722,433.463,800.316
3723,113.019,347.944
3724,212.611,978.997
3725,436.193,47.045
3726,912.954,603.788
3727,498.247,407.264
3728,462.759,350.394
3729,788.388,1055.426
3730,5.736,1090.092
3731,907.607,970.145
3732,135.415,106.965
3733,1002.071,329.408
3734,934.694,41.859
3735,127.151,115.163
3736,892.838,611.83
3737,716.68,624.281
3738,856.23,142.093
3739,867.867,295.836
3740,62.995,1048.256
3741,1071.817,28.254
3742,1070.767,422.303
3743,350.736,357.159
3744,373.38,803.493
3745,550.254,854.965
3746,707.129,633.326
3747,835.105,72.309
3748,49.587,819.421
3749,46.541,893.071
3750,411.175,587.708
3751,1121.449,1033.983
3752,1110.066,524.222
3753,487.559,70.209
3754,362.126,1117.032
3755,974.133,646.442
3756,184.201,722.523
3757,1097.207,102.507
3758,1081.317,353.582
3759,172.013,76.039
3760,708.964,706.706
3761,683.44,807.981
3762,510.244,1081.188
3763,377.949,719.527
3764,489.886,83.933
3765,544.36,302.083
3766,356.887,981.21
3767,750.682,908.711
3768,61.216,73.426
3769,139.037,448.064
3770,725.116,197.771
3771,249.629,593.292
3772,542.851,258.932
3773,269.103,1110.909
3774,26.141,232.754
3775,1006.301,879.923
3776,879.148,946.046
3777,146.162,509.104
3778,947.622,335.534
3779,760.572,776.5
3780,782.545,380.217
3781,528.343,1002.437
3782,61.081,193.452
3783,761.297,332.117
3784,1081.967,476.923
3785,583.376,662.093
3786,306.846,655.257
3787,394.15,871.006
3788,1107.203,722.461
3789,506.893,217.773
3790,463.512,766.366
3791,578.752,788.452
3792,52.991,330.737
3793,33.183,539.895
3794,2.035,818.906
3795,692.268,948.266
3796,143.31,213.291
3797,813.167,914.721
3798,943.974,330.551
3799,680.262,998.035
3800,146.11,1054.286
3801,87.958,991.989
3802,183.413,417.317
3803,929.521,210.67
3804,594.183,208.563
3805,390.322,1009.963
3806,1130.064,644.208
3807,1033.029,714.927
3808,388.085,1061.499
3809,68.305,345.852
3810,723.038,381.335
3811,239.629,910.947
3812,46.169,712.286
3813,246.724,29.781
3814,588.53,875.431
3815,156.847,696.751
3816,105.94,409.117
3817,980.6,246.011
3818,774.009,234.512
3819,511.828,762.508
3820,357.343,374.124
3821,32.495,1079.204
3822,449.082,354.571
3823,650.302,129.514
3824,710.974,649.631
3825,980.791,1023.828
3826,142.626,26.642
3827,801.344,951.751
3828,769.947,849.96
3829,384.913,594.027
3830,1142.814,275.381
3831,595.816,44.599
3832,126.549,646.617
3833,47.391,1100.324
3834,631.497,680.96
3835,1025.331,448.407
3836,512.537,310.03
3837,220.38,119.598
3838,395.686,108.654
3839,29.268,57.585
3840,548.142,681.687
3841,808.97,199.268
3842,1072.81,642.997
3843,620.35,405.558
3844,738.978,634.309
3845,744.203,1134.838
3846,290.344,599.912
3847,690.631,627.445
3848,560.482,838.261
3849,338.577,1130.39
3850,825.65,868.844
3851,167.178,1008.804
3852,680.444,945.994
3853,929.989,786.013
3854,654.146,90.227
3855,890.96,726.741
3856,140.55,706.979
3857,1107.428,365.559
3858,600.878,979.392
3859,477.364,1010.333
3860,973.599,577.377
3861,326.798,462.019
3862,251.293,989.829
3863,888.386,69.605
3864,755.428,905.817
3865,19.532,868.594
3866,193.049,574.603
3867,281.214,1009.878
3868,967.003,937.691
3869,434.533,707.889
3870,1039.642,1104.807
3871,923.112,364.57
3872,482.872,452.881
3873,904.813,436.387
3874,440.187,1004.68
3875,340.743,419.237
3876,494.649,760.97
3877,298.49,626.121
3878,1009.79,525.602
3879,1032.692,339.678
3880,920.691,76.29
3881,733.904,1076.974
3882,11.219,388.014
3883,599.601,1127.638
3884,270.205,622.969
3885,780.113,741.529
3886,213.413,532.887
3887,176.629,120.567
3888,1122.075,651.226
3889,649.744,282.294
3890,1056.885,756.389
3891,173.847,70.928
3892,1124.944,347.099
3893,1144.806,137.705
3894,844.351,967.426
3895,1005.169,1038.586
3896,854.71,863.99
3897,1131.155,924.704
3898,253.58,1067.855
3899,1115.309,563.675
3900,87.672,917.962
3901,15.521,717.631
3902,806.18,650.993
3903,187.854,887.654
3904,707.148,1130.593
3905,1133.091,76.262
3906,68.02,135.278
3907,745.579,231.183
3908,538.798,499.496
3909,594.523,768.949
3910,468.63,259.241
3911,459.433,429.296
3912,256.03,150.321
3913,457.484,909.51
3914,905.565,1147.451
3915,646.32,273.748
3916,294.189,129.985
3917,464.164,500.624
3918,476.923,335.678
3919,868.559,850.572
3920,543.755,936.625
3921,87.743,617.836
3922,310.241,1061.605
3923,848.726,191.426
3924,367.295,135.255
3925,461.466,175.933
3926,1003.035,369.048
3927,307.825,871.34
3928,990.451,674.869
3929,5.529,993.227
3930,1013.887,884.348
3931,1085.63,458.005
3932,408.357,25.96
3933,414.619,143.786
3934,674.892,365.286
3935,249.006,398.346
3936,91.594,497.067
3937,879.735,988.886
3938,988.452,935.548
3939,1075.791,923.8
3940,401.147,441.859
3941,378.529,658.298
3942,727.479,487.472
3943,345.646,646.782
3944,765.023,402.663
3945,260.184,510.005
3946,1146.591,878.817
3947,1059.933,728.997
3948,5.411,575.422
3949,927.458,673.745
3950,1113.046,190.91
3951,45.58,299.971
3952,701.115,1107.034
3953,440.351,865.831
3954,621.039,756.892
3955,875.791,238.03
3956,930.909,368.637
3957,715.595,155.51
3958,848.531,189.55
3959,768.036,239.822
3960,887.51,830.258
3961,878.799,521.933
3962,103.048,323.197
3963,224.427,375.912
3964,451.92,831.097
3965,582.47,494.504
3966,550.884,705.956
3967,513.94,513.624
3968,50.276,799.283
3969,892.047,96.16
3970,275.684,761.205
3971,395.102,709.06
3972,259.761,737.238
3973,663.347,359.291
3974,932.788,501.951
3975,385.319,543.804
3976,724.977,650.387
3977,605.188,594.38
3978,345.298,573.039
3979,1026.774,106.571
3980,572.51,545.476
3981,520.286,373.107
3982,894.59,1052.85
3983,650.115,429.413
3984,983.429,377.057
3985,209.22,836.656
3986,733.395,768.658
3987,860.398,741.487
3988,938.384,241.877
3989,556.995,222.652
3990,1122.187,929.262
3991,637.568,176.397
3992,280.437,903.452
3993,366.246,491.305
3994,214.544,1046.208
3995,415.637,730.805
3996,1118.377,13.286
3997,653.454,992.692
3998,303.285,359.795
3999,737.143,189.559
4000,379.954,479.093
4001,920.151,293.78
4002,729.839,658.089
4003,425.083,82.973
4004,173.261,1135.084
4005,609.746,313.21
4006,715.7,657.071
4007,1067.855,249.113
4008,324.698,559.222
4009,1038.04,97.87
4010,1133.502,63.439
4011,936.905,130.619
4012,1027.311,150.294
4013,169.125,1105.103
4014,77.675,106.681
4015,75.973,850.39
4016,1065.174,712.149
4017,1097.708,523.551
4018,1129.21,227.881
4019,109.199,418.78
4020,629.044,729.068
4021,731.78,649.315
4022,534.164,385.278
4023,738.359,51.44
4024,824.77,207.029
4025,614.31,526.431
4026,988.963,441.0
4027,242.268,621.661
4028,1125.469,401.651
4029,169.457,103.048
4030,387.689,284.995
4031,962.333,904.984
4032,675.202,691.135
4033,1020.1,710.738
4034,937.372,468.037
4035,465.886,1143.272
4036,490.945,1039.584
4037,441.858,1017.58
4038,322.038,348.434
4039,175.77,1130.924
4040,827.044,784.746
4041,986.089,100.48
4042,537.466,235.493
4043,574.705,1052.185
4044,482.156,1127.311
4045,701.626,296.618
4046,267.245,1026.876
4047,450.749,116.428
4048,371.957,563.688
4049,345.239,1126.287
4050,233.693,1056.485
4051,166.746,1051.653
4052,193.033,459.641
4053,413.868,249.535
4054,1029.534,90.961
4055,754.007,947.237
4056,1042.505,235.904
4057,622.226,842.371
4058,409.58,1084.934
4059,459.145,1013.107
4060,838.499,1111.291
4061,10.987,506.825
4062,993.819,61.349
4063,855.512,712.307
4064,601.288,681.706
4065,771.48,581.527
4066,706.243,691.895
4067,464.037,474.054
4068,628.445,179.514
4069,453.533,202.748
4070,167.163,648.871
4071,556.93,794.048
4072,898.52,416.431
4073,259.53,724.276
4074,325.83,1034.33
4075,899.647,747.549
4076,55.11,413.436
4077,1018.897,1028.473
4078,97.732,755.895
4079,1131.426,63.841
4080,253.399,744.445
4081,594.503,323.441
4082,868.484,534.232
4083,540.707,798.455
4084,1009.085,646.629
4085,1094.273,415.872
4086,1035.666,123.284
4087,119.377,1099.696
4088,472.741,235.292
4089,244.447,103.305
4090,40.057,1129.517
4091,621.966,240.24
4092,727.491,140.863
4093,557.775,124.43
4094,1146.872,1131.861
4095,107.259,187.818
4096,296.061,751.944
4097,1105.728,611.717
4098,77.72,737.694
4099,922.352,763.085
4100,413.217,600.918
4101,1097.273,254.511
4102,104.015,481.432
4103,760.253,255.332
4104,471.186,448.082
4105,133.433,861.611
4106,838.807,67.107
4107,350.283,841.784
4108,921.656,412.653
4109,779.607,124.778
4110,1015.608,198.288
4111,467.761,35.997
4112,519.781,951.474
4113,495.789,524.009
4114,677.63,917.221
4115,681.729,1054.202
4116,432.779,289.988
4117,476.381,386.262
4118,414.835,252.897
4119,967.482,344.486
4120,423.678,1006.501
4121,67.739,588.418
4122,371.544,1072.008
4123,747.537,729.828
4124,673.045,1130.527
4125,831.276,1090.015
4126,1125.948,862.308
4127,30.574,1073.562
4128,1082.769,812.923
4129,481.347,1003.869
4130,757.913,1089.139
4131,866.498,245.333
4132,206.271,136.555
4133,25.898,5.802
4134,534.414,343.299
4135,111.368,62.259
4136,20.432,557.811
4137,302.036,913.316
4138,748.936,974.821
4139,144.115,1072.654
4140,1006.583,224.937
4141,715.161,132.636
4142,540.114,347.089
4143,334.945,290.277
4144,871.281,189.956
4145,196.737,749.841
4146,468.403,804.26
4147,942.543,914.524
4148,496.628,209.615
4149,761.673,682.881
4150,637.648,763.562
4151,479.4,537.695
4152,1129.234,544.757
4153,49.504,345.541
4154,264.835,2.235
4155,591.179,1083.254
4156,653.558,545.857
4157,1094.115,817.21
4158,664.426,896.482
4159,244.758,236.518
4160,1100.132,130.419
4161,576.194,785.004
4162,1038.598,374.256
4163,423.293,1037.295
4164,470.955,129.997
4165,780.375,267.352
4166,389.093,790.234
4167,1072.108,393.891
4168,901.816,801.32
4169,175.687,719.115
4170,210.158,109.131
4171,869.829,867.623
4172,1089.293,606.812
4173,777.444,820.028
4174,276.695,382.151
4175,441.951,203.922
4176,698.92,13.687
4177,992.151,626.289
4178,936.691,104.409
4179,940.471,677.117
4180,392.217,233.823
4181,140.72,949.341
4182,206.971,620.409
4183,166.75,965.39
4184,1090.739,527.0
4185,100.783,192.796
4186,2.757,242.602
4187,268.573,1075.894
4188,449.768,1111.923
4189,414.131,658.114
4190,42.182,779.427
4191,77.134,968.48
4192,136.966,1103.885
4193,851.621,447.951
4194,264.063,2.446
4195,349.137,402.743
4196,376.48,1086.416
4197,702.848,346.525
4198,114.105,713.691
4199,316.481,410.547
4200,744.749,1005.983
4201,438.545,442.491
4202,207.301,255.194
4203,408.718,917.948
4204,909.593,178.206
4205,118.995,775.658
4206,1089.599,480.347
4207,922.191,764.779
4208,302.773,475.454
4209,1141.86,917.898
4210,492.255,341.853
4211,404.345,189.363
4212,756.493,609.7
4213,999.955,795.311
4214,737.984,397.662
4215,540.939,327.441
4216,938.016,485.301
4217,189.251,191.742
4218,138.258,251.386
4219,634.555,1072.974
4220,883.52,866.473
4221,274.602,937.949
4222,367.187,736.673
4223,732.541,303.391
4224,142.655,1105.645
4225,301.118,867.794
4226,286.569,392.914
4227,9.946,84.392
4228,49.481,109.079
4229,224.879,151.06
4230,426.805,781.311
4231,682.002,964.435
4232,887.661,586.791
4233,355.353,798.944
4234,177.552,475.943
4235,137.859,546.319
4236,1005.285,345.82
4237,923.397,816.424
4238,297.141,1133.745
4239,909.582,1100.655
4240,103.864,123.391
4241,262.037,325.003
4242,254.887,507.272
4243,224.94,937.71
4244,812.125,111.714
4245,470.932,986.883
4246,912.086,812.429
4247,961.951,400.238
4248,215.893,956.42
4249,625.24,461.874
4250,1055.321,209.272
4251,190.911,315.138
4252,876.498,700.823
4253,626.722,597.916
4254,821.544,597.334
4255,782.197,1089.681
4256,708.462,555.78
4257,650.399,583.306
4258,177.406,1048.893
4259,816.506,18.982
4260,836.387,864.183
4261,968.525,313.098
4262,199.399,342.758
4263,694.628,154.385
4264,891.047,946.664
4265,1077.764,868.586
4266,130.934,69.08
4267,1064.147,1031.863
4268,876.62,1089.013
4269,1017.607,910.767
4270,345.601,1082.642
4271,645.434,150.099
4272,793.245,412.191
4273,812.57,996.767
4274,519.911,111.214
4275,131.496,1028.719
4276,773.116,534.257
4277,274.128,801.871
4278,648.52,306.647
4279,704.759,454.009
4280,284.014,920.48
4281,552.985,1059.943
4282,210.258,1056.724
4283,732.173,870.253
4284,69.223,12.98
4285,574.708,686.883
4286,977.28,266.399
4287,986.771,398.745
4288,1060.536,204.438
4289,1091.133,247.62
4290,877.786,634.699
4291,999.631,955.872
4292,212.501,990.867
4293,506.771,344.811
4294,885.33,559.709
4295,843.844,1003.09
4296,769.977,415.791
4297,1047.23,772.939
4298,928.758,12.294
4299,197.426,488.594
4300,191.555,192.708
4301,619.674,615.925
4302,270.171,782.47
4303,241.644,623.883
4304,583.817,1030.518
4305,207.381,88.437
4306,131.426,269.514
4307,1122.145,32.996
4308,86.946,367.193
4309,258.977,572.501
4310,368.309,333.738
4311,827.494,283.531
4312,211.528,462.718
4313,484.464,1088.987
4314,355.96,661.787
4315,995.613,110.755
4316,722.779,960.134
4317,567.549,93.857
4318,313.654,35.587
4319,1013.451,647.17
4320,588.724,1070.636
4321,241.864,1002.999
4322,916.977,84.795
4323,1081.433,401.442
4324,1017.894,185.445
4325,990.93,784.391
4326,1074.08,309.675
4327,789.647,595.434
4328,718.539,409.723
4329,95.768,510.186
4330,63.59,952.765
4331,417.949,894.729
4332,438.695,892.397
4333,1053.403,888.186
4334,1085.181,230.372
4335,723.196,167.277
4336,1075.671,638.399
4337,730.045,103.247
4338,631.003,693.042
4339,158.895,475.09
4340,1033.045,297.452
4341,907.738,834.416
4342,698.116,192.03
4343,142.268,328.263
4344,88.911,274.722
4345,934.616,1110.455
4346,162.592,330.875
4347,508.383,535.955
4348,1011.219,308.978
4349,702.589,1121.967
4350,231.777,633.421
4351,67.077,74.569
4352,275.722,589.134
4353,215.165,624.461
4354,981.849,291.794
4355,440.961,533.342
4356,338.685,56.264
4357,708.591,388.917
4358,434.701,859.017
4359,349.496,412.826
4360,320.272,849.261
4361,362.704,975.558
4362,10.965,342.951
4363,1135.077,533.097
4364,426.126,498.815
4365,397.511,830.621
4366,960.817,666.297
4367,427.52,658.496
4368,171.135,1053.031
4369,595.222,50.559
4370,199.668,669.02
4371,910.09,598.985
4372,439.914,19.298
4373,392.56,165.774
4374,555.432,733.199
4375,993.572,957.329
4376,490.498,708.779
4377,880.097,206.306
4378,1038.037,406.794
4379,927.909,611.485
4380,1003.219,610.406
4381,392.002,294.001
4382,817.664,58.283
4383,709.127,847.574
4384,414.962,8.589
4385,746.81,374.388
4386,85.506,344.068
4387,481.088,595.613
4388,853.684,615.64
4389,397.339,813.714
4390,192.349,705.33
4391,750.974,289.01
4392,776.581,1105.025
4393,665.468,375.849
4394,709.584,15.214
4395,534.14,759.957
4396,281.764,602.512
4397,874.746,547.426
4398,237.48,428.519
4399,382.372,945.987
4400,507.69,1049.733
4401,259.993,56.756
4402,200.361,944.513
4403,641.023,124.746
4404,14.484,781.088
4405,716.826,921.884
4406,669.677,870.655
4407,140.859,1032.692
4408,779.958,86.146
4409,596.564,308.958
4410,703.532,954.996
4411,380.202,921.523
4412,494.806,903.83
4413,472.623,829.917
4414,253.505,275.283
4415,713.57,260.454
4416,161.82,637.608
4417,433.986,410.216
4418,531.948,475.538
4419,266.838,759.157
4420,787.161,648.055
4421,620.875,396.37
4422,809.134,755.625
4423,703.582,647.917
4424,549.06,1099.007
4425,702.347,737.779
4426,9.959,953.148
4427,353.153,88.146
4428,199.421,131.485
4429,656.61,562.443
4430,788.802,646.54
4431,392.239,118.997
4432,327.363,208.118
4433,592.83,703.41
4434,732.691,960.663
4435,189.685,477.823
4436,290.79,438.402
4437,148.574,557.782
4438,297.694,41.342
4439,207.153,232.336
4440,546.99,268.046
4441,577.64,744.797
4442,125.782,718.806
4443,225.157,234.271
4444,736.858,421.846
4445,834.922,303.962
4446,791.14,140.581
4447,356.256,347.319
4448,734.273,938.074
4449,479.846,316.214
4450,107.608,438.101
4451,871.71,131.054
4452,1085.681,953.549
4453,173.649,327.006
4454,618.826,104.078
4455,378.241,453.362
4456,528.483,349.146
4457,927.397,175.395
4458,915.04,706.62
4459,723.14,910.158
4460,649.708,97.953
4461,213.991,706.693
4462,260.4,47.257
4463,140.165,497.566
4464,637.405,612.186
4465,432.662,287.206
4466,1015.977,294.121
4467,177.98,130.842
4468,435.163,975.818
4469,365.299,251.128
4470,354.511,711.572
4471,790.412,1028.063
4472,173.792,999.719
4473,51.636,1142.946
4474,569.031,43.048
4475,1065.914,696.694
4476,1101.501,447.938
4477,796.926,572.046
4478,134.876,428.953
4479,800.521,480.737
4480,829.743,433.681
4481,561.67,301.667
4482,853.356,176.739
4483,414.141,302.719
4484,154.384,970.684
4485,1062.125,614.472
4486,442.261,691.787
4487,996.349,114.654
4488,512.847,381.758
4489,138.917,967.985
4490,779.947,602.534
4491,253.989,986.831
4492,776.869,249.022
4493,1045.782,35.647
4494,652.341,1116.624
4495,723.84,804.435
4496,925.403,517.38
4497,619.519,34.73
4498,589.09,1019.115
4499,561.073,19.271
4500,1018.246,43.586
4501,185.131,1112.313
4502,386.423,1025.137
4503,208.002,301.129
4504,59.912,256.145
4505,122.701,401.256
4506,175.141,183.928
4507,1133.339,1043.159
4508,590.909,773.179
4509,882.891,1106.692
4510,1001.821,548.89
4511,381.406,68.463
4512,520.204,474.042
4513,1128.295,81.171
4514,366.399,1000.926
4515,268.684,136.871
4516,1131.427,516.486
4517,122.767,507.234
4518,786.398,761.361
4519,488.361,980.577
4520,33.292,318.32
4521,285.284,742.942
4522,649.444,989.919
4523,665.872,1025.765
4524,552.364,705.559
4525,35.038,235.885
4526,763.542,428.72
4527,766.285,1116.283
4528,61.278,124.158
4529,1045.123,539.998
4530,180.973,383.351
4531,345.223,500.489
4532,318.652,725.004
4533,384.586,1053.134
4534,368.013,876.363
4535,435.232,1051.054
4536,472.789,1085.911
4537,573.102,525.727
4538,702.526,811.891
4539,288.08,138.893
4540,286.327,1063.711
4541,350.559,625.781
4542,434.776,515.523
4543,1058.803,547.041
4544,464.421,332.676
4545,1022.188,385.432
4546,717.661,1108.728
4547,176.732,500.413
4548,298.176,279.017
4549,966.751,506.246
4550,1034.621,529.052
4551,292.596,260.458
4552,446.718,173.696
4553,597.335,241.353
4554,651.798,1002.363
4555,682.072,290.82
4556,120.886,986.627
4557,1120.471,137.199
4558,68.882,930.73
4559,689.243,139.755
4560,991.697,442.865
4561,6.036,162.314
4562,368.678,931.465
4563,343.494,785.026
4564,359.979,2.804
4565,823.573,89.544
4566,858.501,1082.098
4567,639.382,591.034
4568,275.895,753.213
4569,822.2,348.736
4570,813.024,564.035
4571,40.815,542.039
4572,870.217,809.996
4573,704.055,598.729
4574,964.55,210.676
4575,122.599,501.526
4576,391.663,465.101
4577,1039.714,203.756
4578,831.309,893.097
4579,144.832,611.659
4580,1131.365,113.633
4581,270.136,585.252
4582,98.834,322.87
4583,301.183,743.94
4584,1048.047,1042.753
4585,346.202,423.917
4586,770.402,939.528
4587,524.528,427.56
4588,897.838,1126.155
4589,87.622,207.962
4590,923.884,336.271
4591,478.246,83.729
4592,612.186,665.009
4593,1010.171,83.767
4594,1026.408,376.534
4595,468.752,806.546
4596,157.218,867.97
4597,698.633,896.866
4598,740.133,211.598
4599,287.821,603.209
4600,907.076,858.276
4601,993.991,310.226
4602,770.998,100.494
4603,627.463,774.566
4604,1069.512,326.983
4605,1117.715,521.338
4606,748.816,917.411
4607,370.37,1073.638
4608,214.97,770.657
4609,173.072,27.129
4610,1051.705,211.3
4611,885.341,403.938
4612,438.02,100.946
4613,821.051,39.606
4614,486.02,725.692
4615,443.432,433.183
4616,278.445,922.466
4617,30.363,983.713
4618,921.913,651.523
4619,445.23,934.365
4620,508.409,234.756
4621,883.244,335.477
4622,385.666,572.449
4623,205.22,884.234
4624,133.463,346.883
4625,670.645,127.757
4626,627.948,1026.269
4627,46.093,374.607
4628,922.212,190.691
4629,736.109,10.224
4630,35.216,1147.027
4631,928.261,212.948
4632,331.362,533.306
4633,1074.062,297.931
4634,65.542,499.32
4635,862.234,576.103
4636,21.149,388.309
4637,460.898,281.888
4638,941.997,1035.415
4639,513.983,898.002
4640,1090.395,473.098
4641,956.296,890.066
4642,893.806,227.945
4643,966.642,361.924
4644,336.886,598.043
4645,453.156,144.122
4646,636.644,930.821
4647,26.843,384.058
4648,779.455,1114.475
4649,1048.294,857.593
4650,797.198,323.512
4651,1113.229,1123.612
4652,734.517,668.232
4653,128.069,814.3
4654,290.789,558.106
4655,222.113,41.008
4656,938.775,216.168
4657,103.977,39.696
4658,1016.133,337.184
4659,1087.546,225.768
4660,461.824,246.651
4661,106.575,696.483
4662,515.625,787.58
4663,1021.674,287.465
4664,306.895,1015.803
4665,4.941,957.725
4666,519.515,853.975
4667,662.294,350.041
4668,397.539,725.645
4669,934.877,908.94
4670,1089.633,610.348
4671,652.339,879.597
4672,984.157,1110.446
4673,80.265,945.106
4674,79.743,983.725
4675,1127.965,789.063
4676,925.687,602.728
4677,599.289,581.85
4678,202.144,866.634
4679,636.885,690.274
4680,275.284,582.564
4681,363.206,606.033
4682,653.353,402.815
4683,741.283,971.84
4684,880.486,142.515
4685,1048.73,240.008
4686,311.66,1145.513
4687,226.567,990.935
4688,729.151,161.566
4689,35.859,1036.506
4690,150.26,419.824
4691,1125.983,982.412
4692,720.746,704.984
4693,841.339,816.213
4694,29.905,215.791
4695,648.137,282.12
4696,719.641,201.511
4697,618.307,759.754
4698,756.798,169.995
4699,1129.771,931.214
4700,528.137,773.298
4701,762.673,1144.299
4702,1030.491,958.293
4703,780.636,500.875
4704,463.708,907.411
4705,364.227,261.884
4706,1029.72,1074.999
4707,262.959,757.405
4708,668.664,682.2
4709,283.992,69.194
4710,814.433,950.703
4711,329.348,925.332
4712,464.136,1145.773
4713,982.335,323.898
4714,1058.118,831.669
4715,180.275,114.69
4716,638.427,254.706
4717,366.368,1121.062
4718,941.63,123.895
4719,477.754,38.773
4720,21.713,566.602
4721,429.603,604.312
4722,877.27,686.388
4723,755.89,316.942
4724,15.265,956.844
4725,119.488,47.035
4726,300.966,331.598
4727,460.424,886.036
4728,1034.032,880.71
4729,594.47,136.224
4730,730.848,781.815
4731,845.118,281.939
4732,125.337,369.788
4733,646.679,927.964
4734,100.017,1094.258
4735,707.452,652.921
4736,761.888,297.29
4737,246.136,384.758
4738,137.996,194.624
4739,654.091,484.502
4740,8.899,202.165
4741,1030.043,470.285
4742,942.551,933.527
4743,1005.678,576.698
4744,2.244,576.083
4745,166.045,1066.408
4746,2.613,224.578
4747,999.628,299.207
4748,706.663,810.407
4749,687.926,471.416
4750,3.729,699.939
4751,465.353,836.306
4752,261.383,290.695
4753,1016.735,796.839
4754,1125.133,540.439
4755,1143.058,17.349
4756,928.148,775.08
4757,224.309,1017.296
4758,167.89,617.443
4759,293.615,598.597
4760,50.013,615.933
4761,987.436,630.465
4762,25.106,309.886
4763,699.929,857.107
4764,1006.324,34.192
4765,1095.838,182.536
4766,1109.111,944.806
4767,963.515,34.215
4768,145.262,1002.851
4769,609.586,1010.392
4770,915.619,853.376
4771,99.852,1085.529
4772,26.342,460.418
4773,241.301,1061.174
4774,1014.453,986.309
4775,119.379,1039.392
4776,338.713,741.652
4777,1002.461,705.674
4778,785.112,852.13
4779,784.341,152.742
4780,1097.288,829.389
4781,455.217,570.445
4782,175.608,1136.525
4783,1060.886,312.028
4784,232.737,639.122
4785,831.429,361.389
4786,749.388,1066.822
4787,1132.857,289.26
4788,90.547,933.065
4789,991.322,115.547
4790,667.127,572.988
4791,520.098,276.433
4792,677.766,321.248
4793,706.565,135.051
4794,242.197,587.755
4795,797.773,712.7
4796,566.119,292.181
4797,940.73,624.553
4798,177.061,750.825
4799,587.971,795.413
4800,725.529,697.946
4801,375.216,192.268
4802,282.318,961.881
4803,97.081,1107.418
4804,418.476,430.273
4805,91.984,1110.048
4806,1133.436,135.331
4807,276.992,731.626
4808,570.434,611.011
4809,496.614,1056.137
4810,681.118,43.75
4811,336.208,119.11
4812,484.185,92.126
4813,336.314,257.089
4814,854.516,781.777
4815,14.634,1039.644
4816,598.575,842.001
4817,1072.448,580.997
4818,73.514,385.261
4819,625.266,341.842
4820,492.187,884.217
4821,205.227,578.496
4822,119.876,1095.643
4823,512.88,474.617
4824,117.991,839.197
4825,454.103,1003.33
4826,204.22,325.701
4827,1022.823,810.201
4828,473.164,409.545
4829,387.563,916.258
4830,28.741,189.162
4831,378.071,278.202
4832,1114.337,217.024
4833,43.043,312.072
4834,1146.259,645.165
4835,130.957,832.619
4836,807.051,572.805
4837,970.461,794.421
4838,943.442,962.747
4839,522.536,1025.654
4840,921.049,90.948
4841,685.692,527.835
4842,794.475,516.196
4843,342.813,386.165
4844,291.252,461.415
4845,256.329,1082.442
4846,614.067,18.116
4847,802.479,609.676
4848,630.791,530.677
4849,432.194,903.857
4850,1029.39,502.877
4851,59.953,469.654
4852,178.269,1101.141
4853,15.725,26.61
4854,674.526,49.592
4855,794.269,820.163
4856,1025.426,1061.036
4857,419.203,638.12
4858,1003.412,497.362
4859,1032.349,918.3
4860,118.38,707.583
4861,717.785,85.447
4862,433.076,930.303
4863,773.132,777.164
4864,383.314,1145.095
4865,443.288,7.199
4866,255.128,1032.325
4867,1007.675,837.126
4868,781.062,105.698
4869,731.825,922.165
4870,904.486,696.753
4871,351.057,670.314
4872,12.033,1012.283
4873,913.012,678.142
4874,465.803,251.567
4875,437.526,601.988
4876,486.414,970.461
4877,1112.115,945.657
4878,1020.03,598.834
4879,1010.614,454.905
4880,413.748,1023.033
4881,371.749,474.979
4882,719.864,1110.919
4883,561.064,738.508
4884,411.037,1092.422
4885,54.581,1112.177
4886,210.82,977.469
4887,406.587,559.125
4888,633.071,519.566
4889,297.568,540.388
4890,891.532,1098.388
4891,1081.496,597.495
4892,299.087,908.293
4893,1009.843,217.566
4894,579.665,504.999
4895,874.67,96.868
4896,920.697,742.737
4897,645.99,853.232
4898,404.691,477.387
4899,1087.19,736.488
4900,712.739,772.321
4901,204.249,781.298
4902,251.194,606.956
4903,76.492,984.165
4904,557.893,88.796
4905,353.495,88.371
4906,332.401,1058.379
4907,589.514,389.586
4908,308.379,65.705
4909,534.592,839.491
4910,393.708,797.244
4911,402.057,944.183
4912,939.615,137.164
4913,843.073,969.153
4914,267.207,1016.358
4915,248.276,908.013
4916,888.373,550.145
4917,248.646,613.509
4918,6.844,627.804
4919,1143.024,445.622
4920,321.741,545.119
4921,138.125,273.549
4922,453.629,811.379
4923,121.665,384.864
4924,1071.333,179.468
4925,61.534,1069.368
4926,667.164,210.608
4927,64.24,880.881
4928,511.881,480.53
4929,46.171,929.169
4930,1064.815,469.966
4931,545.044,649.329
4932,480.77,526.4
4933,595.64,965.423
4934,877.264,538.839
4935,211.119,106.296
4936,48.358,588.349
4937,1015.456,991.939
4938,360.773,13.697
4939,583.368,704.398
4940,1104.987,720.918
4941,516.304,1036.978
4942,148.205,1088.141
4943,1120.847,219.589
4944,126.725,1059.851
4945,615.053,1109.042
4946,230.06,516.687
4947,704.19,734.043
4948,803.105,299.741
4949,1079.825,92.94
4950,424.792,116.906
4951,438.003,778.752
4952,952.327,213.827
4953,270.585,1134.827
4954,1118.842,953.483
4955,5.308,1099.349
4956,1045.231,883.468
4957,1072.527,958.258
4958,785.155,1128.235
4959,1028.699,1058.102
4960,62.207,78.18
4961,792.933,546.466
4962,465.837,1000.05
4963,1057.371,249.141
4964,543.135,1046.693
4965,300.805,163.787
4966,921.955,362.02
4967,171.89,963.295
4968,464.916,867.006
4969,371.952,994.575
4970,828.469,948.546
4971,1111.373,645.598
4972,534.301,1106.23
4973,238.416,1059.281
4974,464.524,992.191
4975,867.643,367.621
4976,858.248,990.863
4977,509.924,980.807
4978,596.761,238.477
4979,993.513,525.17
4980,244.647,392.049
4981,725.907,328.609
4982,660.838,553.069
4983,649.74,975.092
4984,285.882,85.552
4985,921.368,1144.116
4986,917.273,330.835
4987,244.653,50.277
4988,1123.434,419.946
4989,61.873,784.403
4990,873.954,1136.503
4991,543.511,966.643
4992,763.818,1048.861
4993,328.169,625.91
4994,893.943,266.44
4995,618.131,51.445
4996,828.132,460.399
4997,799.946,569.197
4998,803.521,771.59
4999,412.912,113.333
