node_id,x_m,y_m
0,1057.508,1004.684
1,1078.799,913.624
2,1072.164,991.108
3,1049.617,939.693
4,983.486,964.008
5,979.699,1079.376
6,1015.736,1138.661
7,1043.293,953.047
8,1050.812,1029.54
9,932.348,1029.238
10,899.932,990.976
11,1031.633,1069.242
12,1137.813,1051.28
13,903.169,1016.359
14,959.8,1084.569
15,1121.301,918.782
16,1090.679,970.598
17,942.89,1010.837
18,1002.108,969.169
19,963.23,1005.808
20,1070.058,938.146
21,990.579,957.039
22,1079.875,959.26
23,1082.659,904.222
24,1111.792,1004.359
25,1131.476,1096.798
26,1108.484,904.57
27,1084.861,1028.868
28,1119.442,1039.238
29,984.168,1123.974
30,1146.681,952.449
31,933.596,1007.859
32,1062.05,937.515
33,1044.012,1033.276
34,1097.56,933.485
35,932.267,1027.134
36,1085.822,1044.319
37,1083.511,963.189
38,905.232,1070.013
39,1059.445,903.856
40,918.555,1072.309
41,1064.323,949.291
42,962.622,1001.994
43,902.192,972.317
44,957.214,907.537
45,1028.689,1133.252
46,916.52,1070.875
47,1051.149,968.592
48,1058.513,1091.07
49,962.267,999.727
50,1054.4,1007.479
51,943.602,998.209
52,1075.392,1044.026
53,978.319,967.484
54,939.436,1064.353
55,1092.461,957.846
56,1052.98,914.23
57,941.243,1045.806
58,989.121,1003.703
59,910.828,1024.013
60,1015.838,954.524
61,1054.237,953.366
62,985.7,923.78
63,1114.405,1037.102
64,1123.348,983.122
65,1091.772,1064.671
66,908.494,1128.282
67,1024.186,979.333
68,990.33,966.666
69,1088.549,1006.639
70,1001.77,1008.293
71,1069.506,1043.942
72,955.96,1042.329
73,1139.871,987.795
74,1111.74,1107.108
75,1011.969,1141.708
76,959.836,954.546
77,999.02,926.269
78,916.114,984.988
79,1019.054,1046.166
80,1117.158,1039.061
81,1029.941,897.616
82,898.196,1024.032
83,963.093,1147.302
84,1104.419,932.83
85,907.753,1104.764
86,1140.475,1082.545
87,913.894,1122.696
88,1069.523,1119.93
89,1061.236,1069.046
90,1121.807,1001.227
91,941.055,939.945
92,990.601,1098.795
93,1107.52,1002.385
94,949.905,927.778
95,970.77,1111.752
96,911.496,1054.73
97,1137.037,1032.146
98,1076.753,906.038
99,1011.78,1072.681
100,932.715,967.238
101,1020.722,1106.032
102,1043.0,1052.629
103,1029.351,964.161
104,1137.424,1085.497
105,910.331,1146.097
106,1091.952,918.322
107,1088.894,1142.054
108,992.627,1049.986
109,926.854,970.904
110,947.707,943.107
111,968.711,957.754
112,1045.43,1069.68
113,1146.068,1146.437
114,901.521,1110.827
115,967.578,994.055
116,1137.419,937.511
117,1132.999,969.81
118,1138.549,974.258
119,1025.573,904.74
120,1100.338,1097.447
121,966.733,1088.1
122,1100.036,1091.256
123,922.806,1133.286
124,982.503,933.605
125,911.212,1130.362
126,987.984,932.18
127,1116.977,935.082
128,948.35,1044.8
129,931.403,1127.743
130,908.464,1022.678
131,903.3,1037.004
132,1108.339,908.078
133,1109.969,1107.833
134,1111.822,1015.998
135,1109.781,956.774
136,1108.046,1010.615
137,1147.174,925.548
138,1140.125,1089.396
139,933.181,1062.725
140,981.942,901.585
141,1031.619,1128.348
142,906.902,1070.151
143,900.722,1147.445
144,1052.41,1142.897
145,976.502,1110.833
146,1015.686,1110.971
147,1067.486,1020.123
148,1128.289,954.895
149,1001.817,1039.292
150,1090.783,1075.016
151,958.7,1025.466
152,1085.455,1135.287
153,1024.969,1027.887
154,907.666,979.479
155,1095.59,1008.525
156,910.954,1119.911
157,929.432,942.227
158,1134.515,1103.33
159,988.845,906.731
160,982.63,971.697
161,981.535,1078.589
162,1076.103,998.987
163,897.984,1079.099
164,1081.597,1090.188
165,963.778,1130.744
166,918.453,1017.095
167,969.699,980.477
168,947.59,1026.268
169,1127.505,1147.578
170,1143.473,1118.562
171,989.513,1115.177
172,1057.03,1130.467
173,1141.564,931.983
174,945.641,938.77
175,1109.866,922.139
176,925.506,972.049
177,1122.276,948.388
178,991.848,955.06
179,1094.217,1064.247
180,1113.105,1076.343
181,1103.299,997.919
182,1125.411,908.384
183,900.394,1141.31
184,1084.41,907.069
185,1071.058,998.948
186,920.725,984.462
187,1096.517,988.72
188,1067.143,941.59
189,1083.474,1128.799
190,1006.862,1114.165
191,1108.65,1033.413
192,1103.803,997.623
193,1027.465,1025.224
194,1105.116,943.443
195,1063.024,1082.527
196,989.916,988.594
197,950.493,1081.931
198,906.773,1064.155
199,994.659,960.209
200,1021.311,901.449
201,1064.752,1006.424
202,1086.404,927.523
203,1109.631,1107.135
204,1116.112,1071.555
205,994.232,1012.395
206,1048.728,1096.692
207,1130.787,1056.828
208,959.166,1023.696
209,1066.563,906.556
210,1103.764,944.472
211,975.958,1028.936
212,973.63,936.57
213,1003.854,1036.181
214,1048.351,1036.541
215,1017.796,1026.679
216,945.56,1143.54
217,1021.507,1059.768
218,968.998,945.416
219,1099.642,917.259
220,1027.182,1030.085
221,1117.567,1117.283
222,993.261,1064.434
223,1039.825,996.267
224,996.133,1091.419
225,989.232,1108.26
226,901.611,1025.448
227,1106.586,1141.713
228,1092.755,1086.597
229,1114.072,985.323
230,1135.207,1084.434
231,1043.886,1114.903
232,905.962,909.655
233,904.801,972.185
234,1126.941,1136.153
235,1023.512,1089.331
236,908.049,908.92
237,929.66,1128.594
238,1125.276,1086.757
239,1049.186,1057.652
240,946.033,1060.108
241,1001.564,990.31
242,907.086,1147.878
243,997.558,974.644
244,925.359,971.933
245,905.386,989.824
246,929.43,999.298
247,950.616,940.443
248,959.649,1088.925
249,943.394,1140.594
250,951.49,1082.566
251,919.334,925.382
252,972.953,1099.228
253,1069.929,902.047
254,1126.93,977.185
255,1145.793,976.291
256,1139.455,957.083
257,1063.678,968.232
258,1079.445,1080.161
259,998.049,1002.006
260,1104.054,1086.284
261,1113.254,1144.509
262,949.191,1064.231
263,1091.568,1135.92
264,1115.86,944.383
265,972.918,897.903
266,1129.017,1137.361
267,1005.304,1020.725
268,981.774,914.157
269,1034.357,1004.335
270,1066.344,1008.928
271,1012.413,1016.151
272,1098.469,924.289
273,959.945,1034.439
274,934.331,913.446
275,906.097,1112.669
276,1139.605,961.891
277,1020.219,956.053
278,1136.231,930.352
279,1093.874,1104.969
280,1040.401,1074.833
281,1091.876,921.673
282,1090.103,917.549
283,914.275,901.553
284,949.1,1109.139
285,1139.646,1070.09
286,936.656,1075.113
287,1065.663,1101.273
288,921.785,1140.461
289,1050.794,1007.604
290,1002.828,932.898
291,1135.068,1130.512
292,1027.847,940.178
293,1078.25,1074.918
294,1126.322,1128.61
295,1100.95,1067.856
296,1118.851,993.389
297,902.738,973.283
298,1107.157,1116.455
299,1069.572,1078.778
300,911.258,925.38
301,1053.067,1121.976
302,1024.455,1053.893
303,1057.862,992.441
304,1076.317,983.398
305,1113.065,1084.86
306,1097.942,1099.693
307,1110.019,1084.17
308,1015.829,1002.295
309,958.529,1085.313
310,1055.129,1080.912
311,1147.697,1106.651
312,1061.058,977.402
313,1098.254,998.039
314,1067.226,920.043
315,900.781,1049.164
316,973.973,1082.793
317,1098.718,1110.389
318,903.213,1069.569
319,1000.545,955.219
320,1079.38,1033.907
321,970.899,1088.066
322,967.581,1033.112
323,979.467,1012.283
324,955.059,1116.901
325,1070.794,990.515
326,910.768,1111.882
327,1032.99,1127.007
328,915.267,997.232
329,1081.111,1055.42
330,1143.168,1033.978
331,1034.898,1089.196
332,1014.656,1127.572
333,986.967,963.527
334,1003.341,1082.139
335,1144.408,1039.684
336,1013.109,974.375
337,1123.08,905.725
338,1112.786,1049.385
339,1070.781,1113.683
340,1000.506,976.957
341,1024.162,1000.207
342,1051.021,1033.504
343,1034.896,1061.375
344,944.81,1070.449
345,946.675,964.135
346,1070.31,1115.737
347,1067.997,1125.942
348,1115.023,927.774
349,1141.7,1087.052
350,1147.258,1116.283
351,1107.207,988.759
352,1023.185,947.494
353,953.214,1021.721
354,1086.276,1013.515
355,1008.135,1008.438
356,1120.789,1147.751
357,1016.645,1092.097
358,1021.739,984.884
359,1020.341,1016.817
360,1101.824,944.604
361,942.579,1103.203
362,1035.45,998.06
363,1026.753,1129.333
364,1010.974,910.309
365,1017.053,1038.086
366,971.247,1021.311
367,1048.274,1134.869
368,1122.036,1131.716
369,982.154,958.606
370,917.008,1109.99
371,1089.627,1136.917
372,1121.546,1122.997
373,1128.79,1126.775
374,938.519,967.468
375,969.516,974.154
376,977.979,984.429
377,1012.672,1111.845
378,967.915,1127.689
379,1082.904,945.846
380,1037.149,907.763
381,976.975,1030.267
382,1036.925,941.742
383,950.953,1090.248
384,1091.521,1046.394
385,966.067,931.443
386,928.654,1105.899
387,1013.973,981.064
388,1077.825,898.766
389,1019.167,897.666
390,926.366,1057.336
391,1139.822,1077.868
392,1048.72,1026.289
393,898.411,1076.918
394,1082.379,1099.312
395,973.806,959.958
396,1129.721,1055.941
397,1143.953,981.392
398,922.373,1015.782
399,1101.134,1029.839
400,972.311,935.514
401,1073.487,989.718
402,1119.706,926.223
403,1072.584,1005.741
404,1014.144,1077.747
405,1145.535,1116.329
406,1062.851,977.911
407,1138.801,1074.773
408,909.024,1018.493
409,996.978,1054.09
410,932.58,1107.612
411,1128.476,1103.888
412,964.297,1078.047
413,983.002,1073.718
414,1022.914,902.376
415,967.861,1041.138
416,969.636,1081.366
417,1078.353,1039.832
418,1059.904,1057.935
419,1117.481,1030.208
420,1019.5,1068.728
421,1118.695,1143.737
422,1089.45,982.126
423,973.809,1057.12
424,978.45,1126.469
425,1112.699,1040.507
426,1145.178,1059.846
427,989.833,1058.348
428,908.775,1010.745
429,915.687,1114.151
430,911.558,917.015
431,1037.006,913.498
432,1058.941,932.939
433,972.135,1056.293
434,909.773,982.43
435,907.032,1121.228
436,1106.432,1046.409
437,1107.935,980.878
438,1147.187,1071.099
439,1098.313,924.452
440,1042.714,940.894
441,934.728,989.49
442,900.061,1074.92
443,1117.306,961.984
444,1001.162,1075.157
445,1127.12,931.158
446,1037.302,1077.257
447,977.554,1009.81
448,995.508,1070.285
449,993.83,1002.569
450,921.308,1042.633
451,1030.948,1041.31
452,922.303,974.621
453,917.811,987.293
454,927.816,941.179
455,952.024,914.778
456,967.426,1037.094
457,1012.006,1126.476
458,1016.831,1010.925
459,906.668,1021.817
460,938.797,1146.006
461,1037.708,986.078
462,975.457,1123.45
463,1009.592,1098.201
464,1072.513,1069.554
465,983.865,1089.779
466,984.034,975.136
467,1104.945,925.261
468,1057.449,1117.529
469,1042.789,953.228
470,1109.758,1095.445
471,916.482,962.599
472,974.025,967.348
473,910.36,897.431
474,951.031,923.925
475,1058.36,935.818
476,953.646,921.427
477,1142.536,978.249
478,905.224,1055.858
479,1118.053,1060.103
480,926.059,1026.825
481,1134.031,916.083
482,1125.179,1034.034
483,903.401,1055.431
484,903.694,1018.921
485,1145.739,1147.186
486,1097.743,1030.306
487,1108.541,1117.373
488,922.18,917.221
489,956.081,1075.374
490,1019.659,1021.644
491,942.869,1140.954
492,906.049,928.193
493,1106.605,1006.578
494,1101.7,1050.749
495,901.136,955.853
496,1046.575,1122.985
497,1079.832,939.891
498,1042.611,1016.549
499,905.451,1076.86
500,1113.451,1127.662
501,1124.701,989.234
502,1018.908,943.693
503,937.766,1087.104
504,1044.519,1049.947
505,1082.656,1011.605
506,991.105,974.521
507,1121.391,1042.489
508,1094.401,1090.341
509,905.06,1105.355
510,966.644,1078.305
511,1007.045,993.376
512,1049.769,1011.98
513,950.977,912.213
514,1009.771,1047.35
515,1033.857,1048.104
516,928.324,900.358
517,899.365,908.822
518,952.347,1103.729
519,1088.31,1015.508
520,1113.184,1052.149
521,955.258,987.019
522,1002.368,1098.509
523,954.242,1023.908
524,1060.491,929.073
525,982.921,1090.079
526,1050.566,1054.868
527,1069.376,1102.756
528,942.923,1019.922
529,1061.714,1137.831
530,959.759,1040.429
531,1048.094,1022.453
532,1133.436,973.784
533,968.904,1065.81
534,1068.058,1022.602
535,904.944,1058.396
536,907.694,1093.177
537,950.704,1102.351
538,1043.773,1108.066
539,1130.562,1084.108
540,941.371,1024.16
541,909.665,967.247
542,1138.269,1031.558
543,936.793,910.603
544,944.023,1005.27
545,957.2,1106.06
546,932.251,1052.777
547,912.118,1063.466
548,1137.966,1038.108
549,956.676,1023.394
550,976.157,1010.666
551,1067.12,919.213
552,975.934,921.32
553,979.515,974.475
554,928.103,1020.876
555,1023.146,920.555
556,1082.072,1113.224
557,993.023,1116.972
558,1109.721,1128.891
559,1050.385,1146.905
560,976.364,969.239
561,1140.139,942.293
562,1050.777,934.886
563,1072.833,971.165
564,1131.311,1128.03
565,1050.806,1060.756
566,978.853,994.725
567,897.136,1123.619
568,931.456,945.378
569,950.737,908.482
570,968.289,923.741
571,999.074,985.064
572,1062.232,1067.552
573,1047.608,1052.639
574,1091.575,1054.7
575,990.435,1146.027
576,991.119,1060.966
577,940.619,956.963
578,984.667,972.144
579,1036.692,1008.969
580,947.622,1094.103
581,980.706,1026.489
582,975.086,1092.758
583,1057.761,1136.654
584,1069.93,1013.429
585,915.288,1070.076
586,1010.931,900.75
587,1024.429,1114.609
588,928.537,974.212
589,932.589,968.54
590,1061.799,1114.094
591,1015.165,1104.584
592,925.0,972.391
593,1127.558,1144.009
594,1124.004,897.507
595,1036.725,982.501
596,975.094,1014.629
597,1071.683,1102.054
598,1125.849,1083.832
599,1096.821,1099.038
600,992.113,1025.104
601,1130.495,1042.728
602,1064.767,1013.433
603,1062.12,903.892
604,1051.051,946.168
605,1118.683,923.38
606,1041.969,1101.099
607,971.845,970.453
608,996.402,1022.968
609,1049.734,914.248
610,1047.068,1003.292
611,1026.0,964.081
612,972.39,918.09
613,1056.466,914.616
614,1096.136,1053.99
615,1064.7,1028.463
616,1144.074,956.292
617,1042.099,1099.36
618,1080.593,1012.108
619,998.475,900.371
620,1071.722,1073.977
621,940.353,951.013
622,1020.502,986.887
623,1053.595,1123.331
624,1029.953,1050.854
625,1066.791,1013.601
626,996.538,1064.76
627,994.674,1072.315
628,1006.119,1010.761
629,1027.167,992.384
630,1083.708,1057.988
631,973.68,1139.517
632,941.884,1101.391
633,969.292,1030.707
634,1022.797,997.572
635,1037.927,1031.49
636,1035.353,919.086
637,981.871,982.731
638,964.015,1069.617
639,1121.237,1125.96
640,1131.737,1034.72
641,964.93,923.127
642,1075.461,1004.17
643,1062.917,1136.947
644,1102.349,1008.776
645,909.848,1114.221
646,897.439,1129.063
647,1052.953,1061.693
648,1133.28,928.455
649,1032.819,957.795
650,1029.612,1026.869
651,1138.316,930.759
652,1131.888,1000.022
653,1115.081,1014.634
654,993.282,1141.383
655,1037.453,937.676
656,928.587,911.51
657,1010.983,1140.032
658,1126.48,1071.203
659,935.507,1006.136
660,1056.885,1006.854
661,1008.839,1042.31
662,1141.682,1015.484
663,1002.849,1116.286
664,1075.537,1063.619
665,1092.206,1113.417
666,1135.291,920.819
667,1111.086,948.457
668,1067.605,945.509
669,905.336,907.169
670,1095.705,1122.75
671,1105.739,1068.154
672,1007.818,1116.545
673,1090.63,959.426
674,1102.803,1099.841
675,957.821,1036.359
676,1113.912,909.864
677,1115.034,1019.87
678,1026.467,1007.444
679,1085.019,949.358
680,1032.681,1009.157
681,924.746,945.17
682,1101.303,1058.048
683,974.014,1023.944
684,1072.289,990.784
685,897.075,914.918
686,950.07,934.164
687,953.956,913.269
688,976.384,1122.775
689,1069.311,963.938
690,1112.074,937.255
691,1039.2,1013.528
692,1141.306,1135.014
693,973.153,1029.414
694,962.208,1034.461
695,1045.292,916.586
696,1135.301,980.286
697,1099.363,910.717
698,963.979,976.238
699,1054.531,1123.539
700,1063.454,1125.319
701,1002.221,966.181
702,1112.859,1056.425
703,997.606,902.771
704,1030.385,1075.046
705,1070.184,1050.632
706,978.937,974.369
707,1025.054,1128.409
708,1079.123,944.839
709,926.718,1141.151
710,1094.288,1016.082
711,1071.043,1134.01
712,912.847,929.862
713,1139.318,1037.21
714,991.252,1076.321
715,1091.49,1006.382
716,1125.576,1057.477
717,1084.146,974.394
718,1106.334,931.859
719,945.662,904.862
720,1088.993,972.498
721,900.097,952.207
722,1122.242,941.608
723,936.983,1135.453
724,1051.742,956.739
725,1126.068,1101.891
726,900.445,985.723
727,1096.172,1075.016
728,946.291,1136.365
729,911.227,929.451
730,917.214,936.572
731,950.132,1113.81
732,960.599,933.67
733,1136.136,920.709
734,1146.151,1096.613
735,1096.221,952.858
736,1126.264,1060.863
737,1116.165,1051.732
738,1007.924,1050.198
739,1012.419,1052.501
740,1093.617,1139.855
741,995.326,1010.453
742,968.902,1015.095
743,1003.214,1144.768
744,965.677,996.424
745,1115.143,901.256
746,902.586,1041.14
747,1000.105,1069.699
748,950.401,1030.688
749,1091.6,1001.724
750,978.702,928.209
751,978.594,901.761
752,926.579,981.857
753,1100.342,1139.665
754,1075.026,948.221
755,1139.127,905.961
756,1025.972,995.644
757,983.052,1080.644
758,955.495,1100.64
759,973.196,1014.725
760,1111.21,1030.112
761,933.792,1110.034
762,1013.375,919.534
763,1094.359,1106.719
764,1094.722,990.644
765,1131.783,1072.647
766,1020.331,931.976
767,1129.29,1132.545
768,1046.938,993.827
769,1098.012,1061.377
770,997.269,1006.82
771,1135.867,951.43
772,1104.118,898.001
773,1102.852,1027.853
774,1091.593,897.153
775,965.844,973.473
776,972.916,1132.067
777,1019.198,1139.163
778,1005.664,1014.912
779,936.692,1024.203
780,1050.661,1136.889
781,1127.242,1085.979
782,906.318,1097.771
783,934.061,1136.337
784,1015.329,951.078
785,938.875,907.437
786,1112.002,1136.034
787,961.612,960.196
788,1039.994,1009.266
789,1122.692,953.356
790,1139.615,1112.085
791,1107.261,1133.46
792,977.299,1025.717
793,1089.922,1034.14
794,928.913,928.459
795,1000.948,1104.093
796,966.454,989.764
797,1136.011,1122.905
798,981.927,947.484
799,898.455,1057.066
800,1111.591,1032.848
801,1024.253,1056.132
802,969.102,925.102
803,980.077,939.487
804,921.304,971.37
805,968.675,1000.118
806,1040.546,1073.837
807,1025.157,1007.216
808,1053.442,1124.822
809,898.013,905.444
810,1089.812,1026.733
811,959.29,901.164
812,1089.437,1043.152
813,982.83,953.937
814,1043.941,1063.216
815,1129.363,1122.462
816,986.996,939.609
817,936.505,957.199
818,1112.605,1093.887
819,985.572,1019.588
820,1065.299,981.018
821,1018.862,910.174
822,978.1,897.882
823,971.857,1095.501
824,969.192,1056.3
825,1099.759,1072.733
826,1021.751,1036.06
827,974.221,1083.105
828,1081.887,1097.533
829,934.11,1072.548
830,904.368,908.461
831,1138.216,919.812
832,1053.923,951.003
833,1076.657,1073.4
834,1068.025,956.602
835,986.517,934.429
836,994.901,1046.083
837,1094.08,1090.454
838,975.059,1039.932
839,1017.975,1075.393
840,1093.588,1019.411
841,1057.39,1068.204
842,974.417,1012.184
843,936.014,1027.931
844,1011.597,1127.823
845,1080.433,922.073
846,954.103,1126.883
847,990.496,996.455
848,1088.495,1032.953
849,1145.138,1105.967
850,1037.656,928.768
851,1083.921,1067.004
852,1047.801,1140.287
853,1097.123,1019.056
854,1072.337,1063.969
855,1034.299,913.855
856,1102.648,1030.213
857,903.256,1118.328
858,1025.701,1103.933
859,947.282,921.735
860,1067.098,1086.001
861,935.031,1127.427
862,1055.049,965.02
863,917.826,1143.489
864,1028.393,1103.859
865,966.609,928.582
866,1141.064,1051.548
867,981.564,998.263
868,1013.049,1093.174
869,1130.343,972.863
870,1015.129,1103.685
871,911.906,1048.363
872,989.162,1096.811
873,1082.456,1145.772
874,940.671,1051.351
875,1029.343,990.261
876,1127.402,1091.004
877,915.352,993.698
878,1094.533,1069.98
879,1124.199,1092.153
880,1122.705,1107.347
881,956.947,1050.328
882,974.288,1003.593
883,898.109,1067.53
884,1050.835,958.469
885,993.583,1121.867
886,1047.056,1003.636
887,1061.375,1000.207
888,1089.627,963.216
889,1106.077,905.138
890,994.125,1032.976
891,999.911,952.286
892,1014.021,1112.303
893,989.935,1041.797
894,1147.108,978.566
895,1099.299,1064.257
896,1038.326,955.035
897,1105.034,932.599
898,960.368,1117.489
899,1109.082,928.899
900,1127.135,943.118
901,1123.216,952.494
902,991.255,983.747
903,1125.314,1099.102
904,1031.023,927.843
905,1092.931,1044.016
906,927.597,979.766
907,1142.197,927.216
908,1127.648,961.236
909,919.496,1036.676
910,1062.713,1000.633
911,1124.369,900.11
912,927.93,1147.223
913,1101.574,969.081
914,902.81,948.561
915,985.609,928.283
916,946.199,1062.308
917,925.501,1123.184
918,954.212,914.804
919,901.287,899.178
920,1092.805,1005.513
921,901.453,952.903
922,934.33,992.726
923,1105.607,974.421
924,1135.816,898.005
925,1019.713,1124.229
926,1003.957,897.805
927,947.882,1069.708
928,942.657,963.928
929,1133.255,1022.089
930,1083.671,1024.59
931,1110.409,975.946
932,967.788,949.323
933,1015.611,1100.683
934,1096.038,922.621
935,1069.734,954.887
936,1075.856,1003.545
937,1050.363,1079.234
938,1056.696,1108.436
939,1121.206,918.763
940,925.615,1026.419
941,1106.079,1092.461
942,1031.424,960.317
943,1117.546,1126.364
944,1016.924,1102.077
945,971.491,1010.514
946,1002.983,1041.069
947,1066.983,1079.548
948,973.489,1011.468
949,1057.729,1083.784
950,989.152,1063.764
951,1136.917,1000.334
952,1056.018,947.817
953,954.78,1089.05
954,1009.382,999.809
955,1136.338,910.328
956,1043.144,1082.5
957,909.695,1100.652
958,1075.379,1095.293
959,912.93,946.239
960,911.487,1091.182
961,1104.966,1062.528
962,1037.1,974.869
963,1000.707,939.937
964,1097.562,930.426
965,1007.461,1058.782
966,1068.298,1037.444
967,1144.36,1023.633
968,1029.467,994.943
969,1021.511,1069.422
970,917.258,997.222
971,966.041,1066.627
972,905.232,1055.195
973,935.521,1053.632
974,1084.663,920.795
975,994.394,1004.219
976,985.149,926.932
977,1061.466,1063.338
978,962.936,1061.676
979,1127.762,934.061
980,1116.771,1046.449
981,913.823,1061.722
982,929.941,1123.298
983,1081.36,975.886
984,1108.848,1064.281
985,902.082,917.849
986,919.993,912.068
987,1017.087,1070.365
988,986.871,993.33
989,1106.765,1054.278
990,909.13,1039.828
991,1068.08,1105.243
992,1133.0,1105.935
993,901.157,1008.631
994,1067.284,905.518
995,1115.067,899.663
996,970.41,924.446
997,1139.878,1121.287
998,1105.32,1091.319
999,1094.729,1002.772
1000,1119.213,1054.093
1001,899.196,1142.978
1002,974.84,985.499
1003,966.877,942.35
1004,1097.342,1040.775
1005,1124.066,1008.498
1006,1091.044,981.041
1007,1033.486,1079.872
1008,1120.423,1128.343
1009,929.744,924.175
1010,1088.207,924.261
1011,1075.191,980.524
1012,1033.457,1139.796
1013,980.485,1088.464
1014,1013.558,1118.593
1015,1050.402,1057.949
1016,1099.36,1055.712
1017,1104.606,1029.404
1018,1124.118,1119.166
1019,921.378,1013.995
1020,1139.905,1065.497
1021,918.442,972.685
1022,1133.659,955.821
1023,1085.438,1145.674
1024,1084.92,1069.471
1025,1019.033,1020.392
1026,1011.567,997.626
1027,1134.669,1130.894
1028,1074.763,955.022
1029,1125.726,899.24
1030,899.28,979.476
1031,989.553,1074.525
1032,1021.109,1122.699
1033,1042.66,1037.181
1034,1083.036,994.543
1035,1052.986,942.843
1036,948.423,1077.66
1037,1064.036,1146.569
1038,904.502,1036.0
1039,1124.186,987.496
1040,1093.907,1122.147
1041,1035.254,1039.67
1042,1054.843,1040.075
1043,1023.365,931.785
1044,1016.431,904.935
1045,1068.662,1009.719
1046,916.32,1131.77
1047,1140.908,1087.246
1048,985.828,955.7
1049,922.632,979.569
1050,1061.769,1042.775
1051,1141.732,1041.047
1052,1036.627,997.354
1053,899.224,999.029
1054,997.509,1142.066
1055,994.805,926.599
1056,928.897,1093.228
1057,920.156,1058.782
1058,943.635,1061.222
1059,940.933,1077.143
1060,1099.596,1032.544
1061,1055.405,926.462
1062,976.907,903.129
1063,1076.041,950.455
1064,919.079,998.967
1065,1048.968,1118.43
1066,1094.318,1024.02
1067,1023.991,1031.465
1068,913.659,1038.505
1069,1019.231,962.064
1070,1050.655,966.501
1071,1143.521,1017.565
1072,1003.323,997.638
1073,1107.388,1051.902
1074,911.784,1128.774
1075,1110.34,921.188
1076,972.65,1074.119
1077,908.744,953.097
1078,1049.545,1014.035
1079,965.256,906.135
1080,1079.617,989.412
1081,1120.27,911.542
1082,981.176,958.448
1083,1109.428,942.089
1084,983.436,988.884
1085,1047.994,1052.419
1086,916.84,1075.476
1087,1141.316,1136.702
1088,949.704,938.263
1089,1083.302,946.554
1090,1139.479,930.235
1091,1118.568,902.879
1092,1129.436,1140.011
1093,947.04,1100.904
1094,933.868,1109.813
1095,1017.071,1127.637
1096,1087.673,1102.44
1097,926.66,954.433
1098,1137.914,1036.588
1099,1055.224,1090.608
1100,1047.884,1133.251
1101,998.754,1015.097
1102,990.769,1146.827
1103,1055.047,1081.695
1104,996.207,907.846
1105,1045.072,1106.614
1106,1132.255,939.748
1107,1040.76,1008.018
1108,1057.788,971.145
1109,1062.677,1107.071
1110,914.747,1139.897
1111,1042.7,988.826
1112,1090.023,1105.709
1113,1093.282,1034.455
1114,1082.464,1094.125
1115,969.288,978.446
1116,1059.744,1125.777
1117,1062.929,928.77
1118,1075.169,1026.245
1119,1098.463,906.763
1120,1084.947,910.725
1121,986.406,1021.062
1122,1028.767,994.296
1123,944.734,976.201
1124,1145.975,1127.057
1125,921.955,975.072
1126,925.451,1143.033
1127,1121.358,1002.63
1128,1078.038,1137.666
1129,1080.375,1100.858
1130,984.773,1145.186
1131,972.061,983.312
1132,1047.283,1069.217
1133,968.335,979.426
1134,1141.373,943.246
1135,957.495,1140.548
1136,917.557,1085.704
1137,977.803,986.688
1138,1031.351,1008.309
1139,1058.158,943.653
1140,1113.177,1113.822
1141,996.89,1122.684
1142,1054.438,1133.295
1143,1124.577,1143.285
1144,1034.352,913.087
1145,1029.558,958.658
1146,900.248,1103.284
1147,1052.932,930.074
1148,1056.176,1035.211
1149,1091.238,1008.841
1150,963.159,1134.839
1151,1016.249,1085.511
1152,1114.983,933.913
1153,962.738,1004.951
1154,1118.414,951.439
1155,1065.616,1016.471
1156,1047.194,1109.158
1157,1080.38,1004.68
1158,986.281,1067.579
1159,1062.05,908.793
1160,1120.847,997.254
1161,1135.144,1007.218
1162,993.274,898.969
1163,1035.432,961.294
1164,957.555,947.182
1165,982.998,940.354
1166,1093.184,1010.64
1167,1020.34,1015.13
1168,975.978,1034.616
1169,1033.061,954.79
1170,1014.034,913.35
1171,909.327,1062.256
1172,935.915,995.441
1173,999.186,1102.32
1174,1140.265,933.768
1175,924.671,1004.889
1176,1038.484,1105.096
1177,1122.365,978.471
1178,1051.326,1130.323
1179,1012.954,1137.681
1180,1030.466,904.58
1181,995.532,1004.555
1182,1030.993,902.745
1183,1034.157,919.724
1184,1083.775,1019.543
1185,1135.859,983.296
1186,1057.323,1111.652
1187,953.193,1071.62
1188,901.492,947.911
1189,1047.087,1067.142
1190,1142.282,995.16
1191,1102.207,1120.009
1192,1005.134,1026.965
1193,925.062,1129.645
1194,969.391,1026.032
1195,1105.068,1074.216
1196,926.036,964.828
1197,1025.552,996.839
1198,1126.194,1068.077
1199,1118.379,1117.673
1200,1022.638,961.434
1201,1143.524,929.339
1202,1025.728,1045.793
1203,911.252,1142.02
1204,1050.302,1040.972
1205,910.524,1129.267
1206,1049.382,939.97
1207,902.966,1094.232
1208,962.502,962.623
1209,962.44,898.31
1210,1102.27,1010.193
1211,1062.956,941.805
1212,1146.435,1012.921
1213,964.9,1081.417
1214,1027.236,1116.517
1215,1012.244,980.91
1216,1143.115,1102.133
1217,1108.545,1094.29
1218,952.757,1075.52
1219,1044.498,1031.006
1220,1095.667,939.832
1221,924.505,1068.781
1222,995.607,1087.902
1223,1063.158,904.871
1224,1014.856,920.531
1225,1038.408,1139.494
1226,1146.106,1064.233
1227,1064.04,978.518
1228,1050.632,985.571
1229,1136.762,1085.63
1230,938.867,944.017
1231,1106.75,1136.062
1232,990.015,1067.94
1233,1054.462,1080.112
1234,905.266,1145.549
1235,1061.856,1035.744
1236,1066.266,993.427
1237,989.818,1134.173
1238,976.619,1134.492
1239,1027.654,1093.694
1240,1121.131,1092.113
1241,1072.13,920.593
1242,992.449,918.152
1243,944.92,917.661
1244,1142.428,1042.651
1245,1025.643,1056.897
1246,1126.239,1128.586
1247,942.95,897.6
1248,956.308,946.776
1249,1060.745,1105.227
1250,912.47,1017.772
1251,1086.995,1118.16
1252,1125.88,1036.005
1253,1010.872,946.201
1254,1135.332,915.75
1255,910.978,954.788
1256,1058.947,1075.994
1257,968.582,962.558
1258,906.926,1031.396
1259,948.776,1133.687
1260,1044.648,1144.903
1261,964.699,1045.241
1262,1030.322,1076.348
1263,909.854,1146.279
1264,907.536,942.012
1265,947.159,905.125
1266,1102.225,1087.891
1267,936.895,961.306
1268,944.392,995.81
1269,1046.148,1127.993
1270,1023.93,1077.55
1271,1125.631,947.327
1272,1136.61,965.533
1273,1026.719,968.933
1274,983.068,950.159
1275,1014.672,1004.667
1276,1046.667,939.663
1277,913.095,1062.42
1278,1003.6,956.911
1279,1122.529,933.927
1280,900.521,1097.951
1281,981.264,1096.978
1282,975.747,1131.992
1283,1036.392,952.895
1284,951.954,899.166
1285,950.792,914.813
1286,933.932,942.354
1287,1120.137,923.471
1288,1072.782,1136.33
1289,1099.189,960.042
1290,922.982,963.584
1291,919.809,1013.189
1292,1069.596,1034.387
1293,1051.021,1083.906
1294,1014.983,914.181
1295,1079.935,1138.52
1296,1033.396,1090.885
1297,1097.983,932.434
1298,965.404,983.603
1299,1038.597,1047.368
1300,1082.87,948.277
1301,1065.355,965.454
1302,1108.197,1132.874
1303,902.336,1114.028
1304,1033.323,1113.056
1305,1052.884,1030.581
1306,937.3,935.243
1307,945.241,1140.087
1308,1014.696,959.795
1309,1022.333,1022.102
1310,977.071,1046.912
1311,1090.299,909.98
1312,1018.866,1094.265
1313,989.155,1099.073
1314,1143.513,1121.607
1315,1016.194,1050.777
1316,1106.986,1008.552
1317,899.09,931.701
1318,991.01,957.708
1319,989.481,1054.248
1320,1075.886,1101.43
1321,1136.1,1098.193
1322,1047.864,1012.459
1323,1133.255,1072.961
1324,1029.857,987.21
1325,1025.444,991.161
1326,941.336,986.059
1327,945.262,954.982
1328,988.888,1018.406
1329,1004.405,1084.717
1330,967.277,965.267
1331,1088.062,998.226
1332,950.107,1075.469
1333,957.688,1133.497
1334,931.971,1023.445
1335,932.874,1143.459
1336,1072.799,1083.084
1337,954.566,1142.404
1338,963.428,1043.237
1339,1021.118,1056.393
1340,987.965,981.639
1341,1088.47,1107.487
1342,1120.206,978.511
1343,944.517,1097.641
1344,1006.601,1143.824
1345,1064.055,1119.288
1346,944.27,1050.101
1347,985.348,916.392
1348,933.699,984.09
1349,917.758,993.549
1350,926.213,1032.285
1351,1087.965,986.107
1352,1143.686,1073.531
1353,935.15,1104.167
1354,1127.133,1022.834
1355,1064.949,1075.124
1356,1096.321,1041.063
1357,962.612,1005.209
1358,922.512,1037.817
1359,1090.003,913.5
1360,968.828,1046.359
1361,1045.135,969.595
1362,901.8,903.813
1363,926.374,1099.491
1364,1001.017,902.208
1365,1072.873,1043.165
1366,967.286,1143.591
1367,1026.455,1137.95
1368,1003.427,1004.143
1369,986.875,971.043
1370,921.194,1114.751
1371,999.154,1009.283
1372,933.33,1114.939
1373,1070.591,1029.821
1374,986.577,1033.911
1375,952.616,1085.331
1376,989.785,979.145
1377,1000.453,994.189
1378,919.762,996.805
1379,1024.215,1023.456
1380,1073.353,990.55
1381,969.701,1013.885
1382,1107.955,1063.208
1383,1032.113,1077.752
1384,1091.509,1144.846
1385,920.943,1047.12
1386,1146.548,956.559
1387,1138.349,927.092
1388,912.307,1114.83
1389,999.805,1036.109
1390,978.916,953.453
1391,965.68,1063.439
1392,1128.511,1057.505
1393,1110.237,1039.12
1394,1086.958,1006.239
1395,1133.87,974.376
1396,911.996,1049.102
1397,1128.402,1009.574
1398,1091.058,1010.173
1399,897.832,1086.818
1400,1117.651,994.243
1401,973.535,1095.671
1402,1143.945,933.861
1403,962.12,910.518
1404,1141.528,1144.211
1405,964.204,1060.318
1406,985.682,1091.123
1407,1129.239,1075.833
1408,1024.367,1027.708
1409,1022.868,1096.209
1410,937.694,987.329
1411,1103.655,1078.211
1412,986.349,929.473
1413,936.255,925.54
1414,1015.065,981.509
1415,1013.332,1032.812
1416,1046.526,1141.025
1417,1085.642,973.551
1418,1010.831,922.731
1419,988.245,926.058
1420,1016.979,958.274
1421,915.035,1059.827
1422,1063.958,1120.335
1423,990.144,961.747
1424,978.093,1033.016
1425,1117.159,1002.254
1426,1080.71,967.482
1427,1109.132,1139.229
1428,1123.005,1004.892
1429,919.512,897.832
1430,987.926,1108.67
1431,1118.133,968.643
1432,1118.055,1006.858
1433,898.443,901.737
1434,1116.27,968.082
1435,986.039,903.37
1436,1074.049,1121.981
1437,1007.666,1109.946
1438,937.512,1078.192
1439,1007.143,1145.358
1440,1047.804,1097.567
1441,962.275,1099.701
1442,899.182,987.217
1443,1142.57,1095.155
1444,1110.753,951.395
1445,1114.686,1001.344
1446,940.772,1103.166
1447,1019.277,996.901
1448,972.404,1082.491
1449,1033.382,940.956
1450,1051.874,1015.398
1451,950.075,1076.463
1452,935.871,998.456
1453,968.791,924.788
1454,1060.642,901.484
1455,1054.184,1129.332
1456,1041.634,1102.736
1457,978.267,1053.538
1458,1075.257,948.175
1459,926.376,1043.741
1460,949.059,957.656
1461,1082.84,934.562
1462,976.401,945.228
1463,1029.205,1062.144
1464,1122.451,1102.799
1465,1058.181,979.448
1466,982.648,910.011
1467,1094.003,1146.864
1468,1074.075,1062.162
1469,1064.325,1058.848
1470,999.247,1099.272
1471,1078.492,945.099
1472,1094.956,1136.625
1473,1026.718,999.081
1474,938.124,1142.171
1475,1046.418,1099.629
1476,930.723,968.795
1477,1036.575,1129.826
1478,1083.833,1089.889
1479,1013.362,919.836
1480,1013.527,935.503
1481,979.095,1024.642
1482,957.679,1003.02
1483,1084.973,1052.513
1484,1077.269,923.628
1485,1141.233,932.533
1486,1117.281,909.103
1487,1144.292,984.869
1488,1021.773,968.097
1489,925.603,958.781
1490,974.949,897.747
1491,908.945,1020.19
1492,1142.669,1101.57
1493,936.561,943.382
1494,1147.938,997.822
1495,1125.336,977.958
1496,944.119,914.296
1497,943.281,1053.939
1498,947.198,909.476
1499,898.662,906.568
1500,901.638,1042.517
1501,1048.635,940.29
1502,1008.792,936.696
1503,1084.875,972.396
1504,1119.867,1014.425
1505,981.237,1145.053
1506,920.104,1121.671
1507,1021.485,1041.105
1508,1101.375,962.808
1509,1009.897,1044.473
1510,921.221,1058.707
1511,990.948,1047.845
1512,1136.005,1049.528
1513,921.861,925.166
1514,899.711,1000.825
1515,945.413,1105.735
1516,920.474,1113.315
1517,1008.548,1133.506
1518,918.215,1079.108
1519,910.99,1129.953
1520,1007.042,1078.716
1521,1035.446,1007.308
1522,1056.409,973.999
1523,1046.978,1035.441
1524,908.748,961.718
1525,936.389,1090.354
1526,922.874,944.838
1527,1131.179,1047.818
1528,960.107,1103.553
1529,922.06,1108.092
1530,1102.684,963.691
1531,970.124,1098.668
1532,1090.15,1026.645
1533,1020.893,1062.969
1534,946.315,1067.023
1535,973.773,1017.081
1536,1120.224,1042.739
1537,900.616,1128.264
1538,1147.914,901.008
1539,1021.71,1064.289
1540,995.188,1035.99
1541,902.806,1141.43
1542,1137.618,994.621
1543,1016.695,1048.933
1544,1089.745,957.565
1545,1034.171,1136.552
1546,930.776,955.655
1547,1051.185,959.203
1548,968.257,912.185
1549,1098.072,932.413
1550,1035.441,973.889
1551,1094.643,989.783
1552,1091.586,944.098
1553,915.227,1104.155
1554,1126.744,940.382
1555,1132.27,1138.838
1556,977.997,966.755
1557,982.532,1047.485
1558,1104.519,1013.601
1559,1064.092,1003.077
1560,928.685,1145.437
1561,1078.695,933.985
1562,981.452,1104.063
1563,983.409,962.916
1564,944.429,1035.376
1565,1006.897,975.791
1566,961.669,1005.662
1567,1038.746,1037.089
1568,1027.527,958.409
1569,1048.823,1002.96
1570,1027.137,963.499
1571,1062.936,1061.144
1572,934.067,1021.983
1573,981.737,1116.064
1574,1055.921,1095.084
1575,948.836,1081.819
1576,1058.193,949.37
1577,929.592,1074.313
1578,909.32,977.583
1579,901.508,916.037
1580,929.524,1120.014
1581,936.506,1063.112
1582,1018.362,1143.826
1583,975.314,1051.787
1584,1139.739,966.03
1585,1045.103,1143.629
1586,917.449,1082.691
1587,1094.449,948.035
1588,995.955,939.551
1589,1013.609,1090.987
1590,1110.067,1091.571
1591,1107.866,1119.557
1592,1070.288,940.981
1593,1043.949,1054.471
1594,1108.92,1115.914
1595,1119.444,1127.89
1596,948.444,1004.055
1597,941.351,1019.646
1598,985.105,1073.432
1599,912.595,961.574
1600,1075.532,941.817
1601,1050.905,977.462
1602,1106.688,1098.167
1603,953.688,990.233
1604,1120.235,1135.252
1605,1001.26,929.21
1606,908.011,1075.542
1607,952.468,1042.56
1608,1001.84,1002.44
1609,976.441,1128.975
1610,1108.569,923.222
1611,1120.637,1042.112
1612,1020.343,1136.162
1613,1038.985,1019.847
1614,915.82,983.256
1615,952.644,902.801
1616,905.673,1043.15
1617,1013.509,929.939
1618,1134.219,1115.669
1619,1140.158,923.688
1620,901.946,1100.595
1621,961.271,1009.955
1622,1027.858,1108.199
1623,954.704,1115.905
1624,1042.895,1053.849
1625,1115.226,1040.483
1626,962.31,1139.278
1627,969.277,963.967
1628,954.832,978.402
1629,1083.325,1089.86
1630,1099.86,1001.411
1631,1068.188,1124.327
1632,1128.749,1025.967
1633,1075.949,1018.483
1634,902.744,918.437
1635,960.181,1118.667
1636,961.66,1135.889
1637,964.488,919.122
1638,1048.113,945.457
1639,966.539,910.776
1640,1034.425,1121.382
1641,907.909,1070.636
1642,1020.406,1099.752
1643,1059.228,1063.601
1644,922.389,1102.893
1645,971.578,1013.219
1646,967.046,1066.173
1647,1070.462,914.233
1648,995.307,900.229
1649,980.205,919.312
1650,1087.623,1101.438
1651,972.3,921.907
1652,1025.014,986.555
1653,991.127,942.238
1654,1116.964,992.412
1655,998.925,960.929
1656,1057.205,987.597
1657,1089.157,977.203
1658,982.732,984.046
1659,943.996,1066.104
1660,936.122,985.905
1661,1071.975,1088.868
1662,1105.979,937.416
1663,1128.156,963.299
1664,1001.909,1115.945
1665,1016.039,1071.793
1666,1096.505,1036.799
1667,1075.878,1112.784
1668,1052.834,1065.709
1669,1139.648,1070.628
1670,996.041,1135.228
1671,949.124,1059.177
1672,906.387,908.186
1673,942.089,1133.628
1674,1094.343,1114.783
1675,1004.527,1004.622
1676,960.278,1092.272
1677,936.377,935.464
1678,1090.06,1018.602
1679,1052.628,982.189
1680,1127.306,983.41
1681,1082.591,1133.345
1682,904.344,1066.758
1683,1010.192,938.993
1684,959.038,1049.346
1685,1127.618,1098.066
1686,923.458,957.676
1687,1143.272,954.495
1688,983.249,1097.011
1689,1031.882,1092.135
1690,926.932,906.741
1691,938.712,974.595
1692,937.948,1043.201
1693,915.847,1022.889
1694,1060.541,975.678
1695,950.708,1046.548
1696,947.224,1093.807
1697,897.376,1088.355
1698,1080.109,1045.883
1699,1094.248,1105.416
1700,968.854,990.498
1701,939.972,940.352
1702,934.879,1143.954
1703,1047.622,898.971
1704,988.791,1057.882
1705,1034.159,1095.832
1706,1082.677,981.039
1707,906.357,1074.214
1708,979.806,1115.967
1709,1128.907,1066.377
1710,1057.68,906.507
1711,1061.941,1123.702
1712,1026.444,955.269
1713,1096.198,1040.187
1714,1128.653,953.929
1715,981.045,1143.678
1716,953.962,1092.294
1717,1028.475,1120.46
1718,1060.597,1040.09
1719,980.832,1038.697
1720,1106.797,944.096
1721,1122.714,1042.116
1722,1012.676,1081.937
1723,993.176,1021.122
1724,1023.061,908.023
1725,934.661,1038.363
1726,989.858,1068.034
1727,1009.249,996.752
1728,936.699,1056.764
1729,1065.26,905.729
1730,1031.414,1062.872
1731,1050.745,986.796
1732,1056.824,1093.145
1733,987.604,1022.591
1734,897.53,1098.479
1735,1094.452,1022.607
1736,992.392,913.626
1737,922.365,969.614
1738,1060.654,929.152
1739,1130.938,1045.471
1740,1116.894,1054.626
1741,1030.021,914.288
1742,1061.922,1025.1
1743,1119.556,897.022
1744,1010.433,1047.746
1745,907.444,905.816
1746,987.898,1118.843
1747,1054.309,1028.059
1748,1005.561,1025.865
1749,1025.666,955.693
1750,936.215,966.885
1751,1084.34,901.539
1752,1118.888,921.615
1753,1106.938,1113.104
1754,928.841,1130.196
1755,984.176,1014.304
1756,1028.881,1054.731
1757,1121.199,1100.186
1758,1000.857,1034.388
1759,909.783,1137.072
1760,1014.989,927.97
1761,974.044,1070.835
1762,915.088,936.124
1763,1005.614,1004.992
1764,970.944,1066.314
1765,1022.933,1092.391
1766,1009.267,1053.157
1767,939.962,990.77
1768,1059.728,1077.539
1769,1081.232,993.416
1770,1035.935,1089.906
1771,970.358,910.196
1772,1090.923,1063.411
1773,998.06,1098.717
1774,1133.46,1002.914
1775,1098.322,1035.397
1776,1009.047,926.735
1777,945.724,1030.91
1778,1132.428,1145.465
1779,974.103,1093.095
1780,1121.494,1047.074
1781,922.624,924.821
1782,899.453,1009.049
1783,936.451,951.301
1784,1000.644,1100.401
1785,1113.358,1078.2
1786,1013.608,1013.465
1787,934.257,1053.596
1788,1050.56,994.528
1789,1023.612,1107.254
1790,1083.48,1131.681
1791,917.059,954.366
1792,957.37,1065.882
1793,993.213,933.076
1794,900.846,1011.478
1795,1085.206,1059.303
1796,928.301,931.482
1797,936.637,1051.532
1798,1099.866,975.509
1799,1136.413,999.606
1800,980.676,935.483
1801,982.828,1000.564
1802,955.666,960.778
1803,1133.987,981.857
1804,1001.106,1013.809
1805,948.497,1049.693
1806,911.039,946.907
1807,941.107,1130.619
1808,1055.408,1007.622
1809,959.127,904.639
1810,1118.019,964.432
1811,997.767,968.614
1812,1053.646,1135.72
1813,905.293,974.7
1814,1123.444,1114.722
1815,929.859,1129.766
1816,897.448,928.764
1817,1018.961,982.436
1818,1056.5,976.218
1819,1008.728,1073.482
1820,934.61,1039.563
1821,1069.337,990.328
1822,1125.982,936.346
1823,1147.639,1146.907
1824,1004.841,1137.864
1825,906.099,1012.095
1826,908.706,1145.029
1827,1117.412,1136.42
1828,1050.074,1023.877
1829,978.329,1043.497
1830,919.031,1047.649
1831,932.627,925.761
1832,923.076,903.999
1833,1075.029,1100.305
1834,962.224,1070.388
1835,948.772,1083.586
1836,1100.772,1086.267
1837,1111.808,1133.399
1838,920.152,1048.623
1839,955.285,911.403
1840,1114.045,1008.009
1841,996.499,1044.571
1842,1122.584,1028.038
1843,1129.424,979.522
1844,994.525,912.418
1845,927.772,934.949
1846,1009.651,1047.165
1847,1077.624,1091.855
1848,1092.741,915.827
1849,978.169,1064.72
1850,1077.701,1003.563
1851,1145.638,1143.871
1852,977.918,1139.332
1853,1037.612,1058.646
1854,944.792,948.679
1855,908.986,1061.362
1856,904.703,963.299
1857,1146.431,914.072
1858,1096.535,1055.801
1859,1134.971,1081.76
1860,1091.191,1084.025
1861,934.23,1124.958
1862,904.956,907.222
1863,952.243,1014.388
1864,945.988,935.496
1865,1021.465,1014.361
1866,1094.828,1082.553
1867,1069.406,1091.576
1868,901.926,1037.267
1869,1134.164,975.384
1870,1115.252,948.345
1871,959.305,928.872
1872,1040.156,1039.955
1873,1025.131,1058.195
1874,905.279,977.29
1875,1105.48,1021.337
1876,979.368,935.887
1877,991.609,1003.51
1878,970.137,1069.243
1879,1043.873,1114.489
1880,1066.341,1052.856
1881,988.024,1039.523
1882,924.872,1066.33
1883,1026.458,997.003
1884,912.155,904.253
1885,1143.29,1024.46
1886,1093.534,953.607
1887,1081.37,986.104
1888,899.954,966.828
1889,972.077,1068.653
1890,973.437,986.48
1891,1027.902,1000.189
1892,913.694,977.654
1893,1097.721,1089.909
1894,937.814,1075.3
1895,948.351,1039.007
1896,1024.635,1043.094
1897,982.292,916.367
1898,990.435,996.221
1899,1072.069,948.791
1900,1113.821,989.022
1901,1112.448,1117.895
1902,1102.633,973.83
1903,949.713,917.222
1904,1051.951,1067.603
1905,1069.971,938.776
1906,958.967,967.048
1907,965.998,946.486
1908,1126.461,914.764
1909,1041.588,1125.226
1910,1102.267,1145.485
1911,914.65,1068.287
1912,1076.221,975.958
1913,1083.837,1083.84
1914,1090.724,901.971
1915,1109.794,1082.722
1916,919.014,1089.063
1917,1019.589,979.556
1918,922.256,975.541
1919,1004.207,1074.544
1920,1101.261,1078.332
1921,926.966,922.779
1922,1016.66,1118.41
1923,921.734,1123.799
1924,912.077,1072.392
1925,1091.555,1065.912
1926,908.28,1060.697
1927,960.379,1097.919
1928,930.201,1080.157
1929,992.628,1000.397
1930,1074.644,985.362
1931,910.58,1082.626
1932,1021.518,963.742
1933,957.376,904.098
1934,1002.957,981.723
1935,1032.32,1078.688
1936,1111.847,1135.442
1937,989.803,1088.712
1938,1121.863,913.273
1939,1006.198,1104.467
1940,1143.08,993.028
1941,1147.293,990.389
1942,1002.057,1029.008
1943,970.547,967.002
1944,929.791,1121.166
1945,1092.202,1085.092
1946,1071.812,1118.783
1947,1007.164,1044.493
1948,920.653,1030.953
1949,1044.789,1134.541
1950,1129.136,1132.274
1951,1085.601,1031.617
1952,911.652,1128.216
1953,992.588,1144.958
1954,986.482,996.905
1955,1031.475,1036.363
1956,1078.222,1060.702
1957,925.244,923.515
1958,937.738,1081.559
1959,1142.761,899.448
1960,1130.523,1125.673
1961,984.075,1015.727
1962,936.397,1088.93
1963,1130.271,932.537
1964,1017.982,932.409
1965,979.734,935.921
1966,953.157,1094.79
1967,1031.489,996.522
1968,1007.251,1131.536
1969,1004.924,989.044
1970,976.03,1035.1
1971,950.01,1083.873
1972,938.18,1126.049
1973,1116.348,943.921
1974,982.919,1039.588
1975,907.657,1044.292
1976,986.895,1119.544
1977,1112.765,938.073
1978,1043.395,1005.376
1979,964.763,1120.506
1980,1110.782,957.573
1981,927.884,1035.782
1982,1054.997,1103.86
1983,945.286,1006.68
1984,911.994,982.915
1985,1025.06,1145.522
1986,909.236,1133.378
1987,1146.423,979.486
1988,1050.797,1109.787
1989,1119.437,1036.103
1990,1019.575,1013.389
1991,1073.442,1006.228
1992,1131.258,1061.34
1993,1036.719,1130.783
1994,1059.498,1022.621
1995,1131.191,923.714
1996,1080.326,1137.303
1997,940.551,1050.069
1998,1050.124,1053.798
1999,1003.488,1126.871
2000,834.972,501.748
2001,123.651,1047.822
2002,378.462,625.974
2003,809.067,827.606
2004,207.427,904.435
2005,272.681,1061.918
2006,616.717,911.367
2007,794.51,322.327
2008,702.735,905.944
2009,294.523,526.08
2010,375.447,991.891
2011,359.0,939.654
2012,1092.984,170.313
2013,265.898,732.919
2014,997.681,639.742
2015,434.595,319.051
2016,645.782,535.363
2017,49.155,19.022
2018,636.038,303.296
2019,89.063,567.542
2020,200.305,761.801
2021,810.02,700.315
2022,261.827,804.625
2023,734.595,158.007
2024,23.462,627.02
2025,5.361,2.377
2026,934.062,848.343
2027,1031.295,123.718
2028,651.489,84.133
2029,262.121,524.117
2030,792.119,262.221
2031,789.544,748.881
2032,312.563,1000.294
2033,904.229,128.356
2034,318.068,583.911
2035,918.344,717.751
2036,144.728,965.386
2037,903.01,821.111
2038,83.494,361.531
2039,1039.679,409.741
2040,318.214,649.822
2041,579.308,497.911
2042,9.984,836.26
2043,995.729,669.306
2044,597.406,335.895
2045,224.282,112.593
2046,103.653,934.977
2047,472.617,424.174
2048,57.854,1005.288
2049,316.827,1060.131
2050,1138.291,18.826
2051,674.72,503.54
2052,563.778,116.994
2053,978.681,202.987
2054,1085.325,479.773
2055,515.276,951.605
2056,1014.524,721.398
2057,891.26,95.376
2058,1056.428,173.795
2059,1013.247,677.178
2060,79.658,685.36
2061,728.735,826.38
2062,693.41,215.553
2063,997.93,643.232
2064,857.513,391.799
2065,132.39,57.963
2066,1075.406,1111.003
2067,811.319,217.941
2068,759.672,1058.243
2069,1089.59,899.71
2070,664.818,243.098
2071,1059.362,496.466
2072,437.011,320.855
2073,319.895,684.153
2074,365.666,658.547
2075,706.07,266.878
2076,99.732,696.452
2077,529.429,194.816
2078,1102.615,616.04
2079,289.977,774.598
2080,581.084,195.499
2081,1095.34,584.98
2082,140.04,74.32
2083,521.834,234.191
2084,870.281,248.816
2085,891.292,158.813
2086,39.527,371.478
2087,96.62,932.757
2088,901.576,913.621
2089,409.451,4.352
2090,623.551,170.057
2091,1096.976,214.865
2092,397.132,382.241
2093,1092.593,548.334
2094,586.765,371.297
2095,89.305,152.93
2096,72.11,126.389
2097,1096.92,1077.514
2098,692.114,265.55
2099,498.702,912.965
2100,896.952,117.273
2101,1066.071,721.026
2102,1083.923,583.939
2103,1133.682,64.658
2104,409.91,904.334
2105,517.641,252.817
2106,915.747,498.681
2107,119.565,720.792
2108,343.166,416.288
2109,240.986,599.828
2110,847.742,204.954
2111,538.41,1000.438
2112,516.414,1118.34
2113,189.116,981.415
2114,164.599,773.505
2115,785.173,401.418
2116,691.922,707.73
2117,758.179,676.676
2118,230.751,691.096
2119,12.306,752.732
2120,625.885,424.191
2121,679.169,571.941
2122,256.726,347.617
2123,76.307,981.69
2124,453.055,1136.101
2125,1120.647,391.159
2126,492.997,951.952
2127,28.095,958.166
2128,873.244,846.102
2129,307.345,338.641
2130,637.567,1008.257
2131,22.549,793.895
2132,188.091,845.193
2133,1125.036,67.437
2134,888.828,732.01
2135,303.02,307.171
2136,140.873,1134.977
2137,674.057,1076.605
2138,29.151,565.074
2139,144.483,812.068
2140,1125.099,952.983
2141,1001.792,393.622
2142,485.133,18.629
2143,1145.636,642.583
2144,1043.381,458.254
2145,186.744,211.605
2146,473.661,990.201
2147,681.295,526.191
2148,151.76,1076.589
2149,414.354,1068.101
2150,180.275,969.371
2151,1140.903,135.977
2152,251.742,420.664
2153,1014.375,3.45
2154,835.441,1137.683
2155,1051.827,822.059
2156,89.325,450.491
2157,577.306,522.853
2158,269.91,763.122
2159,967.352,1115.806
2160,37.274,72.062
2161,805.721,186.69
2162,158.126,875.522
2163,200.648,560.329
2164,805.275,254.212
2165,949.851,485.474
2166,91.841,85.314
2167,274.286,276.31
2168,687.973,1118.595
2169,723.468,686.749
2170,441.466,410.657
2171,1133.881,724.739
2172,729.745,484.952
2173,854.686,143.27
2174,1128.492,35.772
2175,415.965,929.786
2176,81.253,410.196
2177,75.091,444.832
2178,469.048,955.615
2179,842.162,688.642
2180,622.01,1091.908
2181,87.04,230.719
2182,1031.947,691.168
2183,66.757,754.676
2184,202.021,243.413
2185,20.777,194.815
2186,250.758,897.603
2187,855.071,310.604
2188,39.092,1124.461
2189,73.712,1128.058
2190,772.364,276.768
2191,955.765,1061.222
2192,243.63,895.395
2193,177.402,224.562
2194,567.748,768.716
2195,475.885,980.973
2196,1086.7,908.922
2197,12.947,87.412
2198,26.42,771.598
2199,217.077,508.938
2200,1018.238,162.635
2201,860.133,324.029
2202,310.67,521.575
2203,78.413,263.721
2204,517.507,402.263
2205,1098.591,340.425
2206,13.978,51.005
2207,632.243,643.57
2208,752.186,331.388
2209,312.533,236.447
2210,44.454,628.63
2211,891.697,844.393
2212,73.365,662.304
2213,489.009,762.851
2214,751.736,176.311
2215,74.571,371.561
2216,1136.768,913.266
2217,786.587,375.026
2218,971.645,700.742
2219,154.99,807.654
2220,282.214,873.128
2221,840.702,1004.564
2222,828.431,821.221
2223,171.47,1078.804
2224,448.567,405.809
2225,465.936,816.879
2226,647.814,745.599
2227,273.944,1022.484
2228,902.68,473.169
2229,738.408,382.002
2230,46.261,592.019
2231,319.278,477.343
2232,306.995,1075.198
2233,480.134,260.014
2234,239.903,260.363
2235,528.299,376.754
2236,353.053,752.363
2237,102.662,864.517
2238,735.904,51.854
2239,1044.789,901.077
2240,422.06,434.741
2241,487.429,1134.914
2242,563.473,998.659
2243,495.218,601.125
2244,1077.588,926.918
2245,436.389,1144.14
2246,504.744,243.203
2247,576.547,397.109
2248,953.411,512.798
2249,641.452,143.918
2250,727.994,427.298
2251,673.15,166.062
2252,557.559,615.29
2253,265.723,655.763
2254,598.689,95.562
2255,428.643,499.413
2256,565.309,949.353
2257,30.409,1055.977
2258,151.775,145.089
2259,321.02,103.363
2260,646.675,92.422
2261,300.377,775.778
2262,410.761,1122.232
2263,663.393,421.946
2264,140.786,821.855
2265,1131.622,276.148
2266,202.716,1076.163
2267,639.608,489.692
2268,1078.046,140.466
2269,29.71,210.841
2270,923.304,474.473
2271,733.227,1050.298
2272,331.437,78.279
2273,976.754,325.064
2274,811.6,569.415
2275,942.832,243.569
2276,799.725,475.011
2277,937.02,111.661
2278,263.757,468.378
2279,925.016,532.149
2280,749.149,872.456
2281,1063.192,197.737
2282,267.423,1006.15
2283,931.107,980.814
2284,393.246,632.364
2285,648.883,1103.681
2286,32.756,246.112
2287,315.151,294.539
2288,695.434,420.542
2289,179.535,140.491
2290,202.048,171.876
2291,483.383,860.881
2292,1061.389,815.344
2293,377.874,879.466
2294,693.773,436.931
2295,614.699,316.929
2296,606.906,580.703
2297,444.774,235.164
2298,822.723,918.474
2299,43.853,269.723
2300,82.074,706.16
2301,979.657,116.142
2302,839.785,293.284
2303,7.08,922.094
2304,1085.561,289.898
2305,807.117,288.616
2306,606.632,887.639
2307,433.823,371.891
2308,24.038,534.534
2309,850.264,442.533
2310,45.955,954.979
2311,56.622,315.027
2312,503.267,557.526
2313,500.361,1128.886
2314,1128.286,134.776
2315,1087.428,1088.346
2316,495.008,98.395
2317,717.923,749.133
2318,1029.139,53.841
2319,92.151,328.161
2320,891.738,887.175
2321,456.208,879.208
2322,468.68,642.268
2323,670.05,32.762
2324,298.918,944.006
2325,384.215,148.77
2326,234.28,1098.913
2327,341.654,59.713
2328,1078.184,942.624
2329,574.422,405.747
2330,956.794,606.31
2331,172.247,926.581
2332,248.73,876.498
2333,1078.543,446.232
2334,784.678,322.634
2335,27.558,554.114
2336,282.329,421.803
2337,502.557,184.299
2338,51.504,936.802
2339,87.262,157.701
2340,750.5,405.66
2341,102.169,917.132
2342,152.086,1131.447
2343,637.807,85.777
2344,290.847,178.928
2345,920.903,265.913
2346,713.057,362.351
2347,178.791,195.371
2348,547.446,504.996
2349,731.169,52.974
2350,335.653,850.595
2351,109.947,284.643
2352,98.037,234.791
2353,132.99,668.519
2354,10.846,599.323
2355,930.742,319.815
2356,1039.25,941.712
2357,264.709,406.559
2358,779.609,754.315
2359,473.937,926.321
2360,935.884,842.03
2361,576.392,225.095
2362,581.682,88.999
2363,733.816,741.51
2364,436.707,310.367
2365,1066.346,479.51
2366,207.134,1015.563
2367,123.843,9.259
2368,583.722,908.67
2369,254.831,94.156
2370,682.429,65.021
2371,496.617,222.376
2372,428.209,865.218
2373,134.232,963.356
2374,172.908,915.55
2375,248.352,176.256
2376,251.101,675.116
2377,957.553,405.915
2378,195.689,208.103
2379,390.678,118.97
2380,430.688,743.663
2381,61.718,800.294
2382,267.727,308.805
2383,260.351,440.347
2384,998.259,979.78
2385,456.254,403.196
2386,177.828,858.063
2387,1144.939,722.087
2388,472.244,154.605
2389,43.954,512.486
2390,351.947,27.593
2391,111.281,1084.952
2392,545.203,219.436
2393,771.251,122.595
2394,725.314,648.396
2395,633.829,1015.378
2396,1063.46,456.795
2397,273.85,1106.708
2398,743.999,148.165
2399,1100.749,833.732
2400,540.67,52.426
2401,781.506,774.897
2402,452.915,34.196
2403,1068.903,1120.519
2404,399.494,804.669
2405,776.533,120.193
2406,816.164,282.609
2407,566.721,520.112
2408,937.16,238.52
2409,428.148,194.405
2410,318.689,915.269
2411,880.924,367.397
2412,668.128,186.117
2413,546.982,901.796
2414,1109.234,136.776
2415,495.967,150.135
2416,182.95,468.753
2417,662.42,96.788
2418,1113.446,472.261
2419,320.201,557.235
2420,660.338,73.428
2421,1139.017,667.738
2422,1075.09,950.433
2423,681.432,39.191
2424,1060.758,447.415
2425,231.987,1053.494
2426,670.656,987.677
2427,560.185,180.19
2428,720.399,370.419
2429,466.58,45.41
2430,731.259,301.674
2431,1090.846,217.923
2432,662.456,949.978
2433,526.861,531.714
2434,54.286,930.338
2435,928.795,129.204
2436,465.344,1005.929
2437,303.526,1028.813
2438,67.388,987.899
2439,1143.912,795.167
2440,48.152,819.742
2441,967.15,770.792
2442,820.893,224.314
2443,828.156,912.987
2444,424.872,980.317
2445,324.985,799.692
2446,1062.772,137.01
2447,1120.152,512.399
2448,669.687,342.826
2449,10.225,520.253
2450,485.446,845.697
2451,980.849,774.159
2452,652.573,428.742
2453,526.995,274.478
2454,1105.342,733.14
2455,203.575,174.128
2456,284.929,1128.344
2457,481.439,845.897
2458,1146.631,1033.059
2459,162.88,654.784
2460,19.059,385.114
2461,949.876,773.772
2462,1108.825,1058.054
2463,725.478,4.798
2464,179.556,240.934
2465,281.336,979.383
2466,225.227,549.76
2467,170.794,908.652
2468,757.989,880.08
2469,479.837,827.175
2470,193.972,736.455
2471,23.168,139.543
2472,889.952,2.097
2473,941.35,615.137
2474,24.213,275.664
2475,247.229,863.876
2476,493.542,512.704
2477,538.69,1014.79
2478,359.294,22.766
2479,173.383,875.195
2480,637.125,139.13
2481,190.851,271.469
2482,415.148,1064.673
2483,18.933,964.064
2484,31.622,420.197
2485,661.626,194.612
2486,458.506,487.969
2487,60.631,849.589
2488,227.604,60.019
2489,445.556,1027.422
2490,303.516,584.634
2491,564.27,416.199
2492,854.097,1056.953
2493,242.205,1082.555
2494,934.949,486.545
2495,683.405,1121.858
2496,262.469,943.911
2497,987.665,1128.409
2498,79.776,1076.111
2499,331.544,62.938
2500,907.487,447.688
2501,176.165,566.402
2502,540.627,1083.111
2503,596.223,309.477
2504,357.026,403.65
2505,853.669,900.347
2506,46.114,888.322
2507,943.881,503.6
2508,541.719,700.971
2509,747.895,727.862
2510,277.147,863.155
2511,546.141,301.861
2512,799.87,801.854
2513,860.418,530.237
2514,1094.32,45.771
2515,609.196,661.749
2516,509.27,507.196
2517,1022.315,430.888
2518,561.997,1023.04
2519,787.762,333.638
2520,366.189,755.933
2521,107.426,1062.163
2522,875.389,775.118
2523,654.414,756.46
2524,682.201,343.128
2525,105.187,716.092
2526,419.31,170.506
2527,324.968,624.132
2528,401.273,679.386
2529,794.332,578.915
2530,791.418,1044.588
2531,662.044,712.035
2532,308.007,845.068
2533,465.281,595.369
2534,908.708,278.056
2535,518.679,516.608
2536,593.937,597.277
2537,254.865,153.423
2538,37.413,919.737
2539,1064.392,398.412
2540,236.082,77.83
2541,157.637,883.318
2542,702.316,572.684
2543,1028.193,644.313
2544,72.337,389.892
2545,108.382,470.501
2546,988.78,59.528
2547,658.296,233.079
2548,250.507,86.991
2549,424.035,643.999
2550,552.424,93.348
2551,646.723,189.835
2552,49.068,891.706
2553,26.566,644.839
2554,276.666,711.447
2555,1066.218,221.836
2556,1043.659,512.363
2557,1108.541,647.632
2558,797.769,880.864
2559,1127.441,344.233
2560,86.209,587.177
2561,137.324,1026.47
2562,961.989,780.411
2563,757.57,1048.023
2564,378.835,94.469
2565,552.579,624.501
2566,726.82,771.811
2567,1044.072,151.485
2568,1135.38,464.516
2569,317.265,657.598
2570,362.375,1037.442
2571,790.391,7.163
2572,454.128,1130.672
2573,404.852,876.132
2574,663.504,733.639
2575,793.19,19.337
2576,855.877,615.037
2577,566.649,458.344
2578,1038.009,917.716
2579,950.405,938.174
2580,207.25,322.419
2581,450.24,328.844
2582,526.701,1098.648
2583,932.643,286.303
2584,756.572,31.989
2585,575.096,1016.192
2586,418.451,809.181
2587,992.565,1068.501
2588,887.44,1138.987
2589,163.253,1078.068
2590,724.092,98.384
2591,952.783,278.701
2592,72.899,254.476
2593,185.701,695.734
2594,301.516,1080.075
2595,542.878,270.801
2596,888.09,902.182
2597,869.141,663.948
2598,800.102,703.969
2599,1147.466,672.78
2600,190.254,17.599
2601,654.567,883.292
2602,89.758,559.152
2603,375.859,422.096
2604,490.686,408.622
2605,252.612,365.783
2606,845.614,1098.809
2607,792.836,418.709
2608,266.034,59.155
2609,92.109,6.507
2610,286.151,945.845
2611,718.799,1094.242
2612,1000.817,403.126
2613,253.217,78.114
2614,594.61,770.755
2615,954.41,363.832
2616,991.606,710.917
2617,1068.297,844.853
2618,44.504,57.283
2619,860.66,17.253
2620,829.893,51.249
2621,619.876,716.551
2622,69.226,215.944
2623,457.683,310.258
2624,136.1,1002.975
2625,1091.655,26.863
2626,441.873,790.45
2627,675.633,618.36
2628,503.044,687.754
2629,457.948,738.632
2630,293.513,796.837
2631,692.555,448.737
2632,1006.223,232.104
2633,294.365,1002.448
2634,143.252,609.858
2635,223.821,570.174
2636,827.777,1030.932
2637,398.052,742.529
2638,995.843,612.896
2639,717.28,86.929
2640,175.743,694.175
2641,661.235,865.477
2642,898.058,54.887
2643,790.938,26.312
2644,1133.556,291.908
2645,293.872,651.277
2646,649.645,509.428
2647,445.492,99.393
2648,1094.133,217.376
2649,476.307,1043.493
2650,879.72,232.176
2651,56.732,240.919
2652,139.117,99.952
2653,203.461,634.349
2654,676.449,278.817
2655,700.621,739.165
2656,1104.691,663.273
2657,424.177,1033.371
2658,954.505,894.261
2659,549.086,473.151
2660,456.767,58.481
2661,964.218,550.275
2662,671.869,585.561
2663,1147.975,71.193
2664,110.618,483.174
2665,1099.992,193.054
2666,846.637,1020.825
2667,77.216,714.429
2668,830.024,749.341
2669,778.142,355.895
2670,608.885,221.25
2671,637.313,532.114
2672,110.467,179.311
2673,627.718,691.274
2674,771.54,891.149
2675,511.216,553.115
2676,722.687,878.532
2677,715.774,418.934
2678,691.018,881.876
2679,882.625,163.988
2680,8.903,664.655
2681,837.879,222.887
2682,557.145,752.159
2683,270.513,628.69
2684,563.123,1040.316
2685,471.213,506.852
2686,4.681,787.158
2687,452.972,126.274
2688,894.857,816.078
2689,744.514,1112.164
2690,162.439,171.304
2691,1045.75,829.595
2692,401.935,544.325
2693,162.448,87.353
2694,527.225,425.213
2695,418.732,435.523
2696,1012.321,110.383
2697,969.166,261.64
2698,360.137,274.631
2699,110.76,782.573
2700,317.685,186.721
2701,525.091,866.085
2702,869.421,561.375
2703,578.819,278.442
2704,126.983,274.054
2705,761.513,676.805
2706,201.9,115.189
2707,253.349,54.749
2708,350.975,616.076
2709,979.334,474.228
2710,87.578,981.021
2711,497.12,366.212
2712,7.4,819.099
2713,899.522,838.41
2714,401.242,462.836
2715,961.25,911.445
2716,437.807,750.053
2717,37.299,519.093
2718,1058.495,563.205
2719,62.626,990.597
2720,978.517,847.826
2721,597.72,25.538
2722,1003.799,627.391
2723,775.782,155.546
2724,652.495,679.317
2725,84.62,1030.985
2726,1065.004,864.038
2727,916.357,536.205
2728,773.669,588.053
2729,762.658,143.839
2730,354.187,206.607
2731,1122.148,425.002
2732,471.319,795.552
2733,413.067,621.114
2734,222.752,1075.452
2735,868.315,1052.045
2736,1086.016,987.515
2737,855.653,938.959
2738,710.267,709.336
2739,215.451,649.413
2740,259.8,887.255
2741,30.455,51.212
2742,426.587,425.911
2743,1088.09,216.55
2744,74.926,1004.029
2745,1120.234,636.268
2746,572.527,409.864
2747,206.552,344.785
2748,423.611,127.836
2749,583.66,336.534
2750,614.399,1089.71
2751,932.182,1106.491
2752,271.966,767.194
2753,469.189,461.167
2754,992.521,176.472
2755,1005.478,122.532
2756,512.468,335.766
2757,250.935,82.633
2758,48.785,214.968
2759,840.378,138.936
2760,894.884,1041.728
2761,850.915,499.993
2762,269.464,384.232
2763,176.055,702.03
2764,231.037,320.231
2765,1083.305,1086.038
2766,605.748,680.38
2767,218.577,398.92
2768,83.045,95.042
2769,223.918,904.424
2770,862.894,192.231
2771,1096.564,715.951
2772,92.019,143.859
2773,411.187,2.644
2774,168.553,851.328
2775,651.244,918.268
2776,456.423,1129.749
2777,463.16,564.76
2778,55.735,335.02
2779,617.715,433.102
2780,830.338,867.574
2781,851.339,394.749
2782,663.643,231.276
2783,503.88,445.12
2784,189.65,536.911
2785,780.745,899.493
2786,292.102,157.176
2787,88.205,357.242
2788,983.228,946.51
2789,230.29,256.7
2790,770.634,137.507
2791,357.546,89.654
2792,985.45,125.601
2793,1037.016,812.282
2794,1047.354,250.565
2795,817.272,1135.724
2796,75.743,588.5
2797,584.331,257.27
2798,785.229,428.364
2799,431.22,527.448
2800,297.986,765.008
2801,574.404,665.576
2802,943.574,416.052
2803,815.564,778.021
2804,820.762,1111.21
2805,831.543,972.795
2806,926.297,1100.434
2807,164.285,90.07
2808,951.584,795.484
2809,363.665,214.661
2810,500.729,252.838
2811,97.815,209.409
2812,646.362,420.892
2813,203.608,1140.867
2814,432.478,982.513
2815,477.489,218.233
2816,671.259,1082.787
2817,544.292,830.243
2818,1094.727,740.03
2819,790.541,339.384
2820,5.145,1100.086
2821,675.881,607.747
2822,101.944,627.078
2823,798.911,974.904
2824,256.712,85.692
2825,1082.762,1064.383
2826,79.839,818.676
2827,27.942,235.398
2828,66.649,104.22
2829,232.878,655.278
2830,1124.485,621.49
2831,124.285,1129.568
2832,1079.551,1080.679
2833,1085.077,280.275
2834,386.726,781.544
2835,519.351,251.418
2836,762.376,99.051
2837,1118.855,215.641
2838,955.465,598.974
2839,151.32,1084.81
2840,904.648,264.903
2841,642.891,1000.672
2842,621.613,479.486
2843,373.859,214.118
2844,343.378,860.44
2845,147.564,203.208
2846,423.439,451.256
2847,920.656,772.166
2848,777.014,186.215
2849,672.212,124.286
2850,712.199,526.824
2851,308.836,321.302
2852,774.425,114.794
2853,754.164,1051.59
2854,225.777,903.199
2855,482.065,541.25
2856,388.678,410.73
2857,448.677,463.148
2858,859.597,498.026
2859,509.747,544.417
2860,759.983,1137.656
2861,195.005,773.552
2862,1131.578,332.053
2863,743.359,562.257
2864,1006.811,118.964
2865,635.058,1071.081
2866,878.838,848.295
2867,1117.677,927.453
2868,566.045,925.491
2869,25.435,1018.559
2870,943.644,482.462
2871,74.961,1143.433
2872,357.619,426.313
2873,98.162,999.163
2874,803.962,898.878
2875,495.74,185.985
2876,200.447,231.945
2877,355.81,414.64
2878,332.531,690.939
2879,721.025,132.791
2880,1042.331,607.569
2881,816.716,353.507
2882,566.264,955.567
2883,424.774,834.205
2884,520.123,996.32
2885,176.079,597.698
2886,1040.713,492.615
2887,646.638,1105.635
2888,1012.636,711.22
2889,972.033,600.061
2890,5.673,888.978
2891,494.842,326.424
2892,511.749,299.715
2893,564.133,599.741
2894,1119.225,520.964
2895,1104.492,304.041
2896,278.058,1018.055
2897,868.405,1042.315
2898,762.84,983.854
2899,714.985,741.255
2900,955.311,390.897
2901,17.564,246.351
2902,11.835,410.7
2903,54.342,917.994
2904,565.316,1076.598
2905,706.735,821.776
2906,1096.893,244.522
2907,164.666,932.777
2908,430.427,70.516
2909,667.719,933.275
2910,325.8,257.575
2911,394.585,887.68
2912,613.038,848.702
2913,944.544,141.409
2914,69.821,39.291
2915,104.794,304.804
2916,280.456,186.401
2917,27.792,792.558
2918,467.419,899.96
2919,361.353,108.751
2920,326.723,724.02
2921,652.285,1048.349
2922,867.207,68.102
2923,812.269,476.125
2924,749.35,949.88
2925,431.818,454.754
2926,309.532,907.424
2927,109.676,831.164
2928,271.75,255.629
2929,1016.436,1000.169
2930,212.81,550.839
2931,538.495,674.112
2932,446.743,664.681
2933,731.319,1115.658
2934,757.04,778.261
2935,171.336,628.206
2936,644.624,787.676
2937,791.097,1082.237
2938,239.922,232.126
2939,290.751,192.518
2940,395.412,589.525
2941,414.621,488.761
2942,250.07,653.75
2943,1073.045,672.19
2944,285.551,1012.125
2945,690.947,986.877
2946,101.444,731.4
2947,159.457,72.315
2948,1085.548,785.43
2949,73.562,569.28
2950,863.881,287.207
2951,465.895,62.858
2952,791.443,789.02
2953,368.191,1008.633
2954,152.765,479.626
2955,997.385,65.223
2956,42.537,864.081
2957,314.789,675.125
2958,522.988,1043.629
2959,61.867,43.825
2960,483.584,650.273
2961,701.855,1103.124
2962,663.45,797.692
2963,1137.633,1020.225
2964,416.245,776.152
2965,619.842,1062.453
2966,192.936,128.508
2967,1029.111,1068.847
2968,27.396,657.297
2969,1085.305,748.655
2970,732.701,1144.915
2971,248.639,148.909
2972,549.46,573.771
2973,698.449,450.352
2974,78.188,1030.837
2975,872.353,458.876
2976,725.825,554.758
2977,552.477,100.104
2978,709.065,337.754
2979,113.822,461.977
2980,200.036,969.025
2981,318.823,798.945
2982,199.281,167.068
2983,481.491,1010.153
2984,1088.035,1107.324
2985,991.759,1069.752
2986,295.078,160.519
2987,352.044,288.843
2988,90.012,877.559
2989,150.423,934.342
2990,366.145,89.279
2991,264.757,866.59
2992,1047.311,504.107
2993,889.906,862.825
2994,714.579,1078.871
2995,532.378,389.849
2996,1104.886,319.687
2997,245.633,254.578
2998,475.107,534.075
2999,936.452,971.869
3000,899.009,661.538
3001,209.156,30.261
3002,66.297,5.17
3003,399.851,607.807
3004,662.628,865.297
3005,637.443,295.238
3006,779.775,380.534
3007,141.436,575.372
3008,1111.64,758.468
3009,1071.766,127.529
3010,65.177,483.731
3011,216.995,569.315
3012,758.01,947.309
3013,423.916,1120.813
3014,983.813,1024.658
3015,873.404,133.193
3016,313.223,845.521
3017,534.368,726.538
3018,76.557,261.506
3019,140.141,378.989
3020,305.3,276.875
3021,881.092,479.054
3022,1132.491,788.065
3023,853.077,31.735
3024,807.013,599.39
3025,560.945,403.035
3026,30.114,97.747
3027,568.356,1007.562
3028,280.843,534.995
3029,701.082,74.49
3030,423.066,36.186
3031,968.769,625.554
3032,48.467,588.628
3033,820.053,850.017
3034,113.898,38.077
3035,455.546,858.671
3036,1096.44,1008.174
3037,511.926,193.705
3038,962.179,677.455
3039,694.987,656.943
3040,853.669,450.489
3041,186.401,126.488
3042,695.849,1109.086
3043,1114.781,711.65
3044,554.977,772.157
3045,1129.965,1122.72
3046,351.403,594.24
3047,465.379,247.707
3048,182.85,24.425
3049,120.646,479.876
3050,522.388,876.523
3051,410.272,288.137
3052,31.261,639.195
3053,655.302,786.277
3054,371.855,146.965
3055,918.11,140.179
3056,993.209,719.459
3057,1072.086,920.422
3058,315.934,1111.656
3059,196.362,813.765
3060,373.822,572.735
3061,677.451,856.88
3062,227.185,131.016
3063,369.557,829.677
3064,859.94,866.468
3065,255.553,999.943
3066,179.387,380.742
3067,198.03,766.612
3068,310.98,441.003
3069,862.274,42.867
3070,100.688,57.175
3071,773.143,956.194
3072,459.777,56.972
3073,347.307,200.922
3074,337.972,999.951
3075,1049.138,310.733
3076,705.087,65.534
3077,856.807,373.993
3078,512.885,1122.055
3079,599.018,909.787
3080,1003.672,1106.763
3081,737.438,636.436
3082,732.552,893.601
3083,229.956,917.567
3084,74.524,112.855
3085,971.892,1113.79
3086,733.875,558.117
3087,589.076,423.038
3088,854.121,860.545
3089,464.528,1024.322
3090,296.919,62.933
3091,303.481,717.381
3092,270.702,1056.794
3093,415.913,555.263
3094,572.092,235.126
3095,107.146,963.294
3096,922.286,527.321
3097,954.722,836.966
3098,586.137,656.197
3099,784.53,637.162
3100,646.063,190.264
3101,1122.242,1126.247
3102,479.488,390.463
3103,476.846,432.682
3104,667.164,141.564
3105,939.688,276.469
3106,761.946,599.097
3107,920.382,476.073
3108,425.467,629.869
3109,1036.395,520.18
3110,1114.076,800.066
3111,518.134,754.339
3112,848.593,1127.113
3113,757.005,157.36
3114,292.402,241.667
3115,1107.236,155.189
3116,1124.471,708.869
3117,155.244,24.779
3118,775.27,425.747
3119,7.242,1129.425
3120,539.219,1033.646
3121,480.336,475.075
3122,1027.514,275.488
3123,585.888,490.973
3124,602.664,873.655
3125,677.918,36.412
3126,577.408,65.503
3127,1093.737,564.883
3128,160.4,987.095
3129,355.519,1131.229
3130,410.45,1117.281
3131,973.529,799.103
3132,704.965,459.363
3133,934.045,8.753
3134,529.416,534.685
3135,240.048,1030.185
3136,454.883,550.464
3137,776.057,1123.992
3138,185.909,656.325
3139,834.804,584.084
3140,621.203,357.757
3141,346.995,116.998
3142,383.972,208.64
3143,660.683,238.275
3144,27.146,1052.084
3145,476.99,1044.145
3146,314.534,791.237
3147,736.359,775.972
3148,1142.114,425.945
3149,283.723,400.523
3150,565.222,515.666
3151,1145.343,533.588
3152,277.485,981.96
3153,856.772,1125.264
3154,928.727,493.632
3155,404.625,202.069
3156,1102.52,246.86
3157,1118.721,55.168
3158,464.401,111.046
3159,352.972,1065.671
3160,459.1,767.899
3161,871.246,606.308
3162,37.778,947.598
3163,194.165,912.175
3164,413.557,121.248
3165,1014.985,674.396
3166,1000.01,1038.512
3167,270.133,113.969
3168,799.476,471.257
3169,642.885,374.179
3170,50.778,27.366
3171,1063.829,47.403
3172,767.114,245.416
3173,985.708,387.461
3174,525.222,201.799
3175,436.218,253.5
3176,227.19,711.682
3177,1137.17,62.575
3178,947.855,378.755
3179,802.717,889.439
3180,803.721,1102.534
3181,667.959,573.631
3182,665.754,1050.453
3183,825.357,1067.16
3184,75.004,692.631
3185,854.624,622.7
3186,141.382,1024.379
3187,1037.287,729.074
3188,1026.109,584.327
3189,852.245,516.766
3190,1108.983,652.088
3191,477.657,360.227
3192,246.564,770.086
3193,80.839,625.779
3194,480.191,1071.684
3195,905.173,788.141
3196,134.549,15.274
3197,351.992,354.823
3198,1071.255,1063.654
3199,1084.729,681.357
3200,680.42,737.427
3201,1112.244,404.126
3202,182.44,279.948
3203,182.974,5.883
3204,434.073,389.442
3205,1010.634,623.552
3206,712.652,732.175
3207,604.151,518.319
3208,633.606,24.698
3209,922.307,560.629
3210,37.045,601.755
3211,413.016,214.687
3212,378.179,1135.704
3213,503.581,51.211
3214,774.251,1130.998
3215,277.91,986.206
3216,556.672,775.615
3217,303.671,343.804
3218,325.925,49.348
3219,1027.866,164.234
3220,1029.998,742.087
3221,156.905,347.559
3222,724.621,873.756
3223,686.667,91.892
3224,531.234,780.917
3225,100.469,484.07
3226,197.68,1006.308
3227,952.004,843.935
3228,292.969,450.838
3229,412.073,912.033
3230,192.86,820.445
3231,433.237,367.034
3232,1119.95,1070.006
3233,406.158,550.427
3234,213.584,767.566
3235,512.474,66.322
3236,10.433,627.15
3237,75.828,851.968
3238,1001.501,130.926
3239,719.911,909.164
3240,111.594,755.909
3241,803.407,816.48
3242,175.167,986.436
3243,901.379,1064.302
3244,567.75,817.439
3245,731.067,272.049
3246,490.779,867.313
3247,202.261,172.6
3248,737.489,359.134
3249,59.669,27.57
3250,134.013,548.276
3251,580.732,473.133
3252,1080.853,354.069
3253,75.236,531.911
3254,56.027,390.253
3255,871.232,1012.074
3256,552.502,1075.003
3257,1114.966,360.442
3258,191.895,112.91
3259,1005.635,304.862
3260,1009.688,911.208
3261,385.559,44.68
3262,582.597,550.832
3263,336.798,886.993
3264,359.953,350.825
3265,515.167,575.203
3266,260.806,245.553
3267,547.098,408.444
3268,759.527,291.474
3269,701.442,15.504
3270,114.42,582.837
3271,245.941,381.904
3272,182.138,584.361
3273,361.771,540.963
3274,685.94,683.75
3275,412.532,31.574
3276,172.145,276.981
3277,533.966,251.643
3278,1042.947,284.634
3279,304.939,1135.436
3280,200.536,1024.552
3281,745.319,938.036
3282,149.613,801.311
3283,479.958,628.61
3284,192.912,562.608
3285,753.52,183.314
3286,784.409,752.094
3287,812.424,1132.366
3288,15.579,641.36
3289,653.183,933.76
3290,994.684,901.615
3291,295.27,336.663
3292,652.871,661.633
3293,1083.2,901.101
3294,876.093,546.118
3295,787.759,276.892
3296,128.533,149.367
3297,715.085,202.239
3298,418.108,113.181
3299,501.213,910.229
3300,333.645,336.648
3301,933.175,31.926
3302,269.484,258.162
3303,630.589,1069.713
3304,848.91,751.015
3305,1097.162,637.632
3306,800.413,393.23
3307,818.623,778.729
3308,860.836,793.926
3309,739.249,365.704
3310,167.79,136.895
3311,533.254,339.325
3312,371.702,28.531
3313,669.27,207.323
3314,603.113,381.129
3315,1115.953,41.342
3316,237.591,1022.516
3317,998.857,278.459
3318,872.243,746.781
3319,603.666,648.727
3320,92.709,500.293
3321,650.971,311.048
3322,256.992,432.102
3323,295.416,828.292
3324,425.17,1022.37
3325,1054.318,665.728
3326,902.884,99.455
3327,609.94,706.598
3328,680.513,827.097
3329,443.857,1008.986
3330,320.889,629.257
3331,594.045,370.898
3332,1143.126,913.491
3333,2.192,100.392
3334,551.996,858.495
3335,982.727,794.751
3336,645.167,345.725
3337,964.985,61.964
3338,16.575,729.022
3339,463.561,209.724
3340,306.545,857.687
3341,8.381,245.143
3342,367.008,286.02
3343,977.419,507.784
3344,247.609,437.916
3345,1022.415,850.084
3346,290.391,134.899
3347,472.329,98.339
3348,716.975,202.915
3349,33.677,651.246
3350,381.314,516.081
3351,421.63,274.476
3352,83.189,639.654
3353,198.973,992.226
3354,1009.837,637.18
3355,744.459,186.21
3356,444.169,537.654
3357,422.149,45.189
3358,45.414,295.431
3359,496.755,858.069
3360,1093.953,491.439
3361,754.554,45.835
3362,1086.817,868.17
3363,308.358,1137.855
3364,689.211,894.76
3365,850.023,663.031
3366,390.004,230.734
3367,442.378,1036.339
3368,297.715,418.377
3369,360.016,646.839
3370,367.938,962.077
3371,462.09,686.023
3372,850.051,760.394
3373,448.511,573.611
3374,476.997,636.851
3375,122.732,1030.639
3376,877.895,585.133
3377,663.16,265.208
3378,1077.427,213.585
3379,956.543,375.431
3380,993.617,42.46
3381,510.46,1109.475
3382,168.299,844.229
3383,739.647,109.36
3384,965.118,898.531
3385,335.225,480.201
3386,647.086,234.286
3387,92.402,522.705
3388,1140.229,56.494
3389,1115.173,257.801
3390,154.291,584.313
3391,1097.817,351.864
3392,976.601,261.715
3393,651.276,196.319
3394,422.674,11.807
3395,1085.302,16.924
3396,380.923,1040.566
3397,1060.719,753.074
3398,170.859,742.998
3399,925.851,986.83
3400,997.679,676.616
3401,481.863,166.76
3402,163.968,716.142
3403,1114.405,842.934
3404,270.186,100.17
3405,345.45,336.875
3406,323.974,1015.023
3407,870.705,683.987
3408,617.898,648.223
3409,705.802,488.381
3410,492.58,20.044
3411,374.161,1080.954
3412,280.755,222.474
3413,853.956,1042.261
3414,375.046,223.398
3415,883.721,968.221
3416,27.253,607.292
3417,178.499,1136.388
3418,226.257,705.687
3419,613.791,772.158
3420,1133.428,625.58
3421,587.452,250.443
3422,904.679,705.893
3423,176.249,589.888
3424,178.288,684.187
3425,355.735,142.631
3426,97.543,952.995
3427,426.327,783.798
3428,932.835,1141.944
3429,848.74,397.774
3430,638.824,234.689
3431,862.21,486.597
3432,142.893,69.392
3433,1097.902,344.487
3434,607.012,407.859
3435,671.556,1127.779
3436,621.698,824.233
3437,236.069,898.443
3438,924.467,1077.795
3439,96.551,323.739
3440,527.017,1106.083
3441,733.372,342.318
3442,509.874,195.269
3443,100.696,787.747
3444,597.798,886.773
3445,116.622,679.133
3446,811.538,728.747
3447,684.971,485.167
3448,1146.468,626.698
3449,40.969,163.923
3450,1012.996,685.09
3451,362.26,703.468
3452,378.151,242.397
3453,724.916,344.323
3454,597.591,284.536
3455,1016.047,623.472
3456,112.358,432.89
3457,605.294,985.415
3458,187.476,312.789
3459,542.784,539.296
3460,1124.904,1030.338
3461,570.884,246.437
3462,177.873,97.364
3463,300.8,601.442
3464,750.438,170.347
3465,689.28,482.987
3466,965.911,456.222
3467,183.946,831.414
3468,718.455,265.9
3469,1098.718,802.086
3470,797.317,195.42
3471,146.959,1053.474
3472,736.693,1115.065
3473,314.86,686.769
3474,248.828,1057.454
3475,358.087,25.956
3476,739.824,285.86
3477,453.044,909.301
3478,915.877,875.115
3479,937.77,427.304
3480,375.375,388.017
3481,483.736,158.722
3482,253.827,599.919
3483,844.081,375.414
3484,1064.995,294.254
3485,1028.751,567.928
3486,470.839,560.237
3487,102.454,991.343
3488,84.264,949.109
3489,322.261,585.768
3490,771.311,439.228
3491,474.296,937.122
3492,7.139,639.353
3493,493.935,384.69
3494,1131.152,423.906
3495,92.074,311.03
3496,998.842,418.532
3497,657.799,471.996
3498,102.786,768.713
3499,526.225,880.042
3500,443.709,251.135
3501,692.503,314.272
3502,771.447,196.085
3503,985.247,111.26
3504,62.406,618.998
3505,161.323,287.543
3506,760.713,533.28
3507,19.414,565.893
3508,135.738,505.973
3509,546.101,71.061
3510,1125.959,982.149
3511,169.439,900.691
3512,585.918,828.273
3513,208.797,1128.953
3514,634.256,592.639
3515,408.617,460.622
3516,629.926,119.654
3517,739.617,600.564
3518,487.855,312.06
3519,620.216,109.953
3520,798.546,655.822
3521,542.054,642.0
3522,534.498,492.672
3523,873.856,870.057
3524,145.545,1086.997
3525,214.46,1128.905
3526,309.078,170.901
3527,234.68,786.89
3528,1034.636,363.887
3529,403.956,66.073
3530,81.444,441.176
3531,40.977,1013.215
3532,200.914,717.462
3533,1100.941,856.012
3534,454.535,970.996
3535,991.569,640.282
3536,596.6,458.075
3537,679.674,467.468
3538,118.863,422.238
3539,530.403,274.64
3540,431.953,1142.011
3541,684.121,622.441
3542,364.669,623.556
3543,236.33,1135.639
3544,906.222,1104.412
3545,1129.35,434.937
3546,854.004,647.718
3547,100.766,313.219
3548,1003.883,201.857
3549,715.054,523.454
3550,551.789,117.838
3551,985.878,28.98
3552,788.713,979.457
3553,655.098,721.974
3554,982.123,756.655
3555,126.003,379.223
3556,637.411,166.43
3557,412.609,12.869
3558,1075.774,283.006
3559,505.516,732.376
3560,749.451,455.334
3561,405.643,1144.717
3562,12.29,1113.857
3563,121.222,237.784
3564,572.156,508.903
3565,1013.123,433.134
3566,894.392,419.019
3567,1124.211,353.053
3568,487.217,469.973
3569,915.594,1107.339
3570,760.037,231.287
3571,1031.551,94.418
3572,10.626,14.746
3573,839.168,621.29
3574,1118.88,1020.581
3575,1083.405,1142.329
3576,471.424,1017.338
3577,314.282,899.347
3578,680.404,1101.732
3579,337.108,716.86
3580,840.496,931.594
3581,96.852,124.869
3582,296.61,1092.799
3583,1002.662,213.602
3584,10.665,176.73
3585,621.894,1086.218
3586,88.496,392.084
3587,887.807,3.982
3588,401.87,837.325
3589,534.962,286.114
3590,883.354,1103.852
3591,1004.833,157.04
3592,1090.671,52.479
3593,48.516,333.83
3594,333.219,65.91
3595,987.18,718.956
3596,576.283,1006.933
3597,1050.65,250.738
3598,201.789,23.515
3599,603.714,373.043
3600,6.646,212.504
3601,953.799,140.584
3602,841.43,377.662
3603,474.682,967.831
3604,913.947,136.263
3605,374.888,775.623
3606,429.907,469.644
3607,881.88,643.742
3608,1069.272,863.68
3609,869.785,1020.79
3610,692.534,948.357
3611,720.694,1003.63
3612,21.93,586.649
3613,996.772,565.113
3614,1140.819,801.894
3615,457.313,562.646
3616,45.269,336.044
3617,756.344,883.771
3618,789.771,900.647
3619,117.208,627.176
3620,69.311,962.533
3621,664.682,1146.682
3622,947.633,743.104
3623,326.717,1135.528
3624,871.696,672.585
3625,942.823,72.206
3626,303.262,455.747
3627,536.61,323.665
3628,853.478,600.331
3629,976.024,109.573
3630,292.474,318.88
3631,784.9,1014.661
3632,707.139,139.982
3633,920.199,955.415
3634,729.33,882.086
3635,807.554,932.797
3636,596.092,528.473
3637,661.359,320.166
3638,544.273,387.246
3639,591.799,1099.855
3640,71.736,963.981
3641,724.27,54.503
3642,77.967,1044.667
3643,926.221,494.932
3644,427.929,558.603
3645,952.346,562.023
3646,993.584,473.2
3647,53.291,99.198
3648,11.638,16.513
3649,1017.788,552.722
3650,200.218,364.322
3651,684.081,265.319
3652,1060.655,1003.025
3653,113.276,1022.134
3654,338.725,853.734
3655,734.959,465.638
3656,574.534,1024.521
3657,233.022,535.997
3658,968.514,984.607
3659,770.914,843.364
3660,1126.14,937.569
3661,440.153,600.527
3662,682.118,582.256
3663,499.938,917.942
3664,9.063,984.326
3665,636.87,98.163
3666,1114.365,635.616
3667,970.047,31.476
3668,289.952,83.753
3669,94.998,586.295
3670,159.715,156.873
3671,530.718,465.209
3672,582.492,570.947
3673,1068.881,513.0
3674,551.887,1026.963
3675,1023.245,719.978
3676,520.759,962.917
3677,98.515,971.533
3678,1147.408,95.677
3679,443.92,996.483
3680,80.805,192.289
3681,950.379,1029.365
3682,478.395,482.723
3683,800.177,783.831
3684,457.052,982.351
3685,674.535,982.385
3686,56.372,653.264
3687,340.774,571.598
3688,714.071,830.801
3689,687.015,33.652
3690,728.702,1114.809
3691,123.374,181.924
3692,10.583,774.329
3693,234.144,871.701
3694,1084.956,914.521
3695,1079.215,959.01
3696,875.573,662.775
3697,632.553,278.731
3698,1127.53,161.017
3699,174.37,503.424
3700,998.341,446.74
3701,372.603,416.359
3702,969.352,721.942
3703,485.371,1062.72
3704,308.516,1104.618
3705,960.323,475.524
3706,927.759,914.503
3707,10.815,42.6
3708,45.058,476.087
3709,67.104,737.269
3710,161.742,3.503
3711,179.197,816.687
3712,580.045,298.56
3713,156.746,163.539
3714,396.6,253.69
3715,595.697,383.755
3716,517.431,810.639
3717,1036.114,742.944
3718,169.86,354.259
3719,451.933,79.798
3720,5.476,320.4
3721,768.176,919.695
3722,446.259,602.705
3723,1124.874,1075.176
3724,157.852,541.011
3725,863.658,31.066
3726,242.703,57.387
3727,241.266,106.639
3728,67.318,1044.373
3729,899.15,907.23
3730,641.461,453.331
3731,1120.95,400.683
3732,846.126,708.126
3733,949.439,108.096
3734,932.161,682.276
3735,647.947,1019.346
3736,752.437,702.615
3737,765.744,556.902
3738,706.99,537.532
3739,608.841,707.497
3740,1070.142,148.512
3741,972.431,940.037
3742,1065.339,865.464
3743,926.149,83.72
3744,409.782,131.76
3745,351.439,727.741
3746,206.582,994.083
3747,594.062,290.103
3748,927.994,860.375
3749,901.841,671.203
3750,909.521,959.046
3751,146.162,322.161
3752,96.852,1112.887
3753,1024.226,106.445
3754,164.1,937.41
3755,320.175,558.88
3756,184.115,382.004
3757,502.719,662.859
3758,1129.013,882.283
3759,94.816,947.218
3760,583.262,591.347
3761,410.39,156.793
3762,1007.45,550.674
3763,668.757,1145.342
3764,29.542,444.393
3765,74.877,145.357
3766,620.57,645.6
3767,826.15,435.294
3768,468.117,375.218
3769,736.635,892.851
3770,857.378,490.912
3771,623.865,660.97
3772,136.62,909.51
3773,229.02,437.752
3774,492.962,598.006
3775,405.514,753.813
3776,1124.877,55.666
3777,379.446,478.366
3778,778.397,502.299
3779,513.632,1046.423
3780,1108.302,613.712
3781,1119.302,585.672
3782,1042.3,379.434
3783,284.059,528.12
3784,876.817,173.718
3785,202.971,13.472
3786,327.143,860.236
3787,457.527,42.98
3788,699.706,3.456
3789,534.975,1036.279
3790,214.001,923.917
3791,811.708,664.598
3792,489.134,1114.822
3793,672.429,315.407
3794,188.573,635.814
3795,1111.942,1141.189
3796,651.0,875.954
3797,264.171,233.526
3798,670.007,306.832
3799,727.646,529.669
3800,530.616,140.994
3801,644.901,753.785
3802,948.505,1142.904
3803,752.245,384.479
3804,1037.894,917.476
3805,627.348,1052.009
3806,859.933,573.441
3807,30.568,708.055
3808,232.729,592.5
3809,617.202,285.101
3810,521.51,1024.098
3811,528.741,357.068
3812,206.448,804.039
3813,268.788,195.888
3814,568.022,171.68
3815,83.638,1076.449
3816,379.517,912.093
3817,612.636,331.984
3818,242.512,567.359
3819,126.561,636.241
3820,576.633,496.605
3821,488.591,241.862
3822,1046.948,249.908
3823,619.449,560.355
3824,733.559,1115.421
3825,67.38,1085.452
3826,9.095,127.584
3827,199.882,380.726
3828,494.759,531.472
3829,1042.768,1021.917
3830,1087.146,766.278
3831,871.046,658.035
3832,972.16,720.958
3833,153.912,164.562
3834,442.228,504.264
3835,212.736,909.347
3836,591.49,1103.711
3837,705.015,726.94
3838,600.973,722.381
3839,429.918,157.938
3840,1088.777,108.745
3841,946.395,835.662
3842,1129.202,1136.326
3843,741.479,432.716
3844,462.286,360.52
3845,272.121,1078.457
3846,101.643,612.963
3847,1080.172,10.166
3848,957.91,314.928
3849,371.669,493.81
3850,552.818,501.825
3851,1034.288,656.63
3852,207.008,829.492
3853,63.848,990.147
3854,479.024,61.219
3855,514.461,78.076
3856,917.67,270.68
3857,143.787,1134.094
3858,1144.363,1103.596
3859,798.117,1092.124
3860,906.405,482.425
3861,646.617,870.198
3862,890.806,1078.566
3863,333.402,693.298
3864,729.144,621.562
3865,561.654,678.935
3866,714.889,191.884
3867,138.057,39.101
3868,20.037,412.3
3869,323.482,301.514
3870,486.14,777.137
3871,222.383,90.585
3872,884.363,1129.554
3873,114.585,876.552
3874,579.228,318.856
3875,1110.043,1099.439
3876,1109.71,311.555
3877,936.682,938.878
3878,1107.013,1003.733
3879,972.611,626.233
3880,1103.414,979.962
3881,881.38,551.516
3882,333.698,898.776
3883,568.118,723.444
3884,572.143,1114.799
3885,1114.082,302.399
3886,275.77,27.339
3887,477.023,385.552
3888,112.248,459.067
3889,182.22,775.755
3890,1015.79,932.255
3891,636.104,928.616
3892,408.969,221.575
3893,1018.718,559.198
3894,465.918,780.191
3895,1099.185,126.317
3896,661.966,429.104
3897,284.691,234.289
3898,816.466,733.317
3899,411.152,500.198
3900,58.716,754.049
3901,43.17,799.027
3902,1062.199,780.94
3903,746.124,369.935
3904,738.496,994.429
3905,795.708,410.938
3906,767.341,919.01
3907,1094.619,602.161
3908,1032.514,1061.763
3909,36.646,887.92
3910,600.063,285.049
3911,763.111,129.634
3912,282.9,1101.963
3913,1140.365,299.719
3914,886.62,246.948
3915,814.342,753.596
3916,231.426,826.869
3917,501.102,483.624
3918,575.072,144.623
3919,918.293,1031.886
3920,587.212,884.106
3921,927.669,494.304
3922,444.625,534.788
3923,565.787,638.133
3924,340.188,963.928
3925,538.913,448.235
3926,727.483,179.131
3927,633.703,75.534
3928,393.203,773.409
3929,1014.403,1026.049
3930,173.689,832.513
3931,686.782,74.15
3932,401.096,434.73
3933,571.038,579.202
3934,512.793,393.782
3935,247.197,680.483
3936,997.257,405.093
3937,530.966,990.554
3938,909.814,160.218
3939,182.711,975.999
3940,296.074,1088.765
3941,924.89,475.892
3942,79.87,630.533
3943,266.104,213.294
3944,335.456,196.101
3945,885.097,196.268
3946,682.253,591.637
3947,742.841,833.15
3948,525.449,828.298
3949,974.439,385.052
3950,1086.797,865.231
3951,727.965,1087.809
3952,172.782,458.898
3953,310.7,489.284
3954,672.407,57.054
3955,947.398,507.79
3956,1103.849,1080.584
3957,70.598,877.667
3958,439.812,266.446
3959,519.576,657.404
3960,479.855,742.903
3961,898.915,458.034
3962,106.1,169.195
3963,884.215,1146.113
3964,896.152,1071.437
3965,309.35,416.291
3966,726.967,958.781
3967,274.221,686.849
3968,398.385,983.226
3969,139.431,977.91
3970,1078.371,707.029
3971,630.262,232.919
3972,1117.446,903.974
3973,176.704,119.597
3974,143.979,856.085
3975,1147.648,1042.112
3976,1121.921,806.473
3977,581.081,30.951
3978,174.113,699.867
3979,337.374,1140.561
3980,256.12,206.254
3981,885.945,1146.991
3982,927.428,1007.81
3983,799.698,1138.666
3984,798.912,600.753
3985,177.672,651.227
3986,135.123,874.423
3987,838.498,536.455
3988,351.522,1039.553
3989,1068.908,452.174
3990,550.723,331.59
3991,1058.295,521.789
3992,270.423,51.701
3993,1127.394,265.175
3994,762.695,528.26
3995,912.735,447.874
3996,556.854,383.775
3997,831.647,575.053
3998,391.094,594.481
3999,935.021,118.962
4000,129.693,328.726
4001,794.066,694.533
4002,132.323,445.094
4003,187.938,325.005
4004,364.635,949.383
4005,13.433,891.287
4006,720.561,1036.134
4007,315.496,177.749
4008,617.318,179.289
4009,657.532,895.044
4010,45.937,176.663
4011,634.525,298.009
4012,62.972,20.417
4013,11.306,184.019
4014,549.02,207.055
4015,7.964,345.441
4016,963.047,741.106
4017,759.443,170.072
4018,1051.72,1131.005
4019,270.496,95.522
4020,1081.832,455.163
4021,858.668,801.302
4022,699.675,140.591
4023,917.465,713.434
4024,836.136,445.277
4025,142.965,564.296
4026,170.525,882.531
4027,581.267,1061.203
4028,255.207,627.885
4029,1107.511,204.682
4030,703.181,1089.689
4031,638.177,73.648
4032,1143.38,353.921
4033,276.676,264.772
4034,1077.563,437.526
4035,16.334,1004.409
4036,623.128,810.078
4037,941.563,1128.261
4038,983.881,491.952
4039,226.484,30.444
4040,100.519,497.193
4041,483.759,688.949
4042,645.632,884.221
4043,1021.017,958.341
4044,498.601,1011.662
4045,404.445,699.468
4046,429.272,305.336
4047,97.859,899.97
4048,283.356,460.71
4049,215.614,938.887
4050,316.557,272.187
4051,425.482,791.698
4052,105.757,312.228
4053,231.109,1132.718
4054,522.025,821.718
4055,629.237,901.645
4056,106.006,911.059
4057,41.988,185.121
4058,19.999,755.036
4059,685.415,302.278
4060,368.723,623.173
4061,115.232,405.263
4062,386.079,516.704
4063,663.292,452.988
4064,990.171,200.176
4065,478.58,1001.024
4066,1144.186,657.593
4067,851.043,708.786
4068,146.316,665.356
4069,815.586,1094.263
4070,861.851,16.638
4071,1109.162,19.567
4072,1012.817,1018.685
4073,298.363,230.055
4074,115.838,669.262
4075,791.241,456.936
4076,511.464,650.285
4077,1058.687,89.65
4078,632.723,117.549
4079,20.493,677.551
4080,625.439,59.027
4081,316.496,289.776
4082,905.826,401.332
4083,549.363,824.984
4084,346.124,969.117
4085,469.237,461.981
4086,196.678,529.291
4087,661.33,1010.857
4088,898.684,684.164
4089,786.674,968.031
4090,387.795,854.578
4091,662.524,534.35
4092,209.171,15.029
4093,752.953,739.599
4094,894.795,1049.808
4095,880.632,143.938
4096,685.497,720.662
4097,688.766,691.73
4098,35.485,696.176
4099,729.127,832.687
4100,1142.908,45.925
4101,600.028,814.226
4102,876.064,88.557
4103,103.942,1081.868
4104,28.415,700.71
4105,804.722,860.597
4106,1144.564,286.104
4107,690.738,429.618
4108,934.486,681.818
4109,709.214,634.798
4110,1032.957,114.031
4111,197.956,825.959
4112,309.638,782.035
4113,131.134,378.025
4114,970.204,201.785
4115,546.924,104.926
4116,552.846,408.385
4117,845.247,244.261
4118,628.878,225.321
4119,934.854,831.967
4120,758.456,629.177
4121,257.243,658.749
4122,325.202,489.56
4123,98.801,347.896
4124,820.605,493.771
4125,674.78,1144.897
4126,231.68,707.241
4127,453.197,551.44
4128,630.665,563.813
4129,259.713,131.408
4130,511.334,899.531
4131,201.188,320.105
4132,164.828,515.416
4133,821.515,867.827
4134,18.401,459.218
4135,556.636,215.918
4136,653.149,917.494
4137,782.511,665.23
4138,711.92,1073.739
4139,460.419,483.824
4140,961.148,549.535
4141,731.406,966.439
4142,871.965,326.753
4143,715.076,500.618
4144,342.597,653.72
4145,460.036,243.712
4146,1007.375,392.905
4147,1101.2,1122.055
4148,729.929,601.711
4149,601.302,1123.577
4150,172.453,327.455
4151,758.08,1072.72
4152,526.518,106.231
4153,431.941,771.552
4154,229.084,1134.825
4155,727.056,293.004
4156,251.434,907.535
4157,658.202,528.449
4158,602.518,293.038
4159,488.991,244.438
4160,993.466,564.746
4161,399.356,331.037
4162,8.948,371.597
4163,120.505,244.613
4164,993.778,252.262
4165,722.896,249.812
4166,651.38,25.958
4167,935.415,264.78
4168,1000.019,864.45
4169,737.703,278.922
4170,844.743,148.158
4171,816.854,1096.192
4172,336.665,298.937
4173,99.726,559.718
4174,902.859,653.126
4175,102.959,478.754
4176,863.501,770.785
4177,879.701,81.64
4178,856.433,811.808
4179,1134.134,1076.848
4180,252.901,68.818
4181,302.33,142.962
4182,527.785,659.513
4183,463.604,278.462
4184,794.089,538.555
4185,1080.526,1003.989
4186,571.344,446.334
4187,1033.558,830.684
4188,797.757,103.853
4189,510.868,288.024
4190,651.661,509.345
4191,228.379,269.216
4192,543.254,229.788
4193,550.989,371.219
4194,99.055,800.917
4195,535.209,298.264
4196,235.225,624.601
4197,84.638,1015.273
4198,677.166,538.008
4199,1077.025,908.935
4200,169.763,575.406
4201,338.722,410.413
4202,929.452,140.263
4203,148.727,901.678
4204,914.145,533.372
4205,131.274,123.324
4206,514.507,915.997
4207,361.502,178.806
4208,380.394,477.735
4209,352.894,87.29
4210,980.9,447.934
4211,221.078,304.726
4212,1090.135,686.761
4213,193.451,76.208
4214,404.322,184.192
4215,244.63,491.871
4216,476.037,538.356
4217,58.218,1061.874
4218,202.84,700.302
4219,879.353,1042.493
4220,90.948,37.397
4221,1092.455,60.032
4222,870.732,40.267
4223,872.159,1129.556
4224,978.872,604.784
4225,668.788,322.938
4226,537.267,1099.707
4227,623.102,606.592
4228,224.804,45.204
4229,586.338,1139.248
4230,930.487,1033.528
4231,444.302,989.126
4232,947.883,651.94
4233,256.34,530.166
4234,172.063,877.296
4235,34.253,247.296
4236,417.828,1133.767
4237,700.64,453.04
4238,303.388,129.446
4239,331.725,638.594
4240,351.129,627.302
4241,1108.752,84.919
4242,786.306,149.279
4243,1090.304,420.494
4244,728.627,105.926
4245,946.814,513.122
4246,25.89,257.663
4247,1053.205,668.6
4248,988.982,732.861
4249,1128.082,945.29
4250,2.774,33.301
4251,973.301,647.194
4252,902.314,706.784
4253,1086.478,665.342
4254,940.388,235.607
4255,548.669,113.984
4256,460.383,902.61
4257,474.119,948.387
4258,39.581,749.817
4259,810.81,201.08
4260,527.704,885.593
4261,111.968,969.284
4262,592.163,92.4
4263,921.308,741.99
4264,760.814,498.37
4265,961.132,537.198
4266,1059.931,519.259
4267,36.191,1056.657
4268,327.094,883.659
4269,353.177,801.201
4270,411.366,546.806
4271,555.091,610.539
4272,359.206,607.201
4273,66.453,1000.267
4274,553.441,323.69
4275,967.289,232.092
4276,148.068,234.233
4277,71.612,214.96
4278,1008.306,613.705
4279,11.974,325.797
4280,96.358,182.689
4281,1084.234,864.606
4282,948.377,28.197
4283,368.854,1061.791
4284,483.585,41.403
4285,740.711,687.659
4286,828.879,609.377
4287,517.796,1019.108
4288,396.937,67.468
4289,752.939,186.44
4290,815.623,966.44
4291,79.666,785.648
4292,59.833,47.33
4293,207.834,315.651
4294,1062.24,875.497
4295,355.695,19.995
4296,790.044,487.545
4297,1107.992,1132.005
4298,475.642,307.331
4299,413.388,1057.945
4300,23.685,453.305
4301,817.631,431.284
4302,184.297,673.991
4303,500.98,115.956
4304,170.941,646.455
4305,507.047,824.284
4306,814.96,1129.214
4307,868.395,692.679
4308,627.148,726.236
4309,920.616,1003.116
4310,565.859,228.994
4311,192.968,275.881
4312,232.335,57.623
4313,863.246,532.918
4314,315.412,270.276
4315,997.889,840.876
4316,613.612,983.41
4317,773.56,1122.566
4318,322.282,142.72
4319,428.414,152.32
4320,369.155,80.024
4321,204.812,340.296
4322,514.171,975.717
4323,402.037,304.102
4324,42.368,702.284
4325,1089.963,616.381
4326,731.082,615.29
4327,76.33,727.467
4328,1011.309,133.824
4329,636.328,675.788
4330,752.556,318.414
4331,1060.408,716.665
4332,50.241,59.043
4333,517.576,1131.806
4334,527.452,198.053
4335,476.503,20.997
4336,107.417,987.811
4337,736.779,469.896
4338,1128.88,54.85
4339,577.9,101.226
4340,748.791,294.468
4341,331.261,378.718
4342,438.717,572.183
4343,1028.709,326.856
4344,339.921,1127.425
4345,117.768,1107.638
4346,411.685,318.963
4347,876.501,722.546
4348,1090.645,1032.6
4349,236.458,779.93
4350,78.041,708.813
4351,209.554,1049.217
4352,431.398,477.372
4353,183.748,485.789
4354,788.764,164.402
4355,1111.148,378.935
4356,746.174,1019.1
4357,1109.457,794.319
4358,737.83,506.239
4359,348.852,489.829
4360,886.963,302.914
4361,690.661,479.827
4362,516.75,681.849
4363,534.151,484.676
4364,1003.188,230.196
4365,222.325,865.884
4366,179.177,57.241
4367,677.409,760.304
4368,36.383,1040.024
4369,691.817,676.416
4370,1088.394,423.097
4371,839.561,217.366
4372,1073.863,623.568
4373,203.778,30.05
4374,550.959,1048.904
4375,755.302,553.373
4376,55.057,532.465
4377,608.281,447.638
4378,715.631,847.709
4379,1089.809,28.183
4380,243.323,40.743
4381,862.001,981.666
4382,811.553,98.767
4383,302.724,830.806
4384,207.456,975.758
4385,948.512,628.916
4386,230.823,1001.174
4387,95.357,842.826
4388,448.44,65.27
4389,660.816,237.037
4390,726.232,270.177
4391,904.478,539.498
4392,983.15,582.081
4393,638.12,1081.732
4394,454.366,1082.491
4395,258.243,890.648
4396,1070.482,1072.22
4397,1011.219,204.099
4398,39.904,137.21
4399,569.325,567.096
4400,428.169,152.665
4401,55.901,556.943
4402,118.49,29.724
4403,816.465,1121.735
4404,80.266,683.887
4405,887.266,1060.808
4406,195.356,319.437
4407,234.581,66.17
4408,692.554,1120.229
4409,540.635,632.607
4410,401.315,561.434
4411,1125.5,984.409
4412,278.99,1132.38
4413,405.849,309.521
4414,57.061,603.467
4415,391.112,967.909
4416,884.413,725.462
4417,41.219,361.419
4418,710.04,47.414
4419,317.291,838.714
4420,92.491,1102.729
4421,68.037,318.836
4422,782.448,479.017
4423,1091.024,244.467
4424,1142.236,391.823
4425,595.091,455.005
4426,316.014,322.034
4427,978.146,854.273
4428,1015.895,781.572
4429,42.131,539.793
4430,1108.26,204.912
4431,270.692,526.842
4432,711.224,609.856
4433,59.217,1018.971
4434,1095.312,898.146
4435,619.662,1113.57
4436,725.63,901.682
4437,815.057,318.754
4438,1120.033,405.035
4439,1108.652,1118.056
4440,258.098,286.797
4441,848.027,619.548
4442,171.177,73.283
4443,944.932,642.204
4444,644.429,1067.42
4445,134.781,376.754
4446,113.598,514.958
4447,328.033,876.631
4448,675.571,881.558
4449,252.461,25.029
4450,788.364,130.739
4451,508.014,477.539
4452,1003.474,508.943
4453,723.458,696.528
4454,1049.145,738.696
4455,604.601,729.719
4456,366.373,1043.279
4457,381.25,454.52
4458,224.64,935.65
4459,576.714,775.231
4460,91.779,798.213
4461,1021.054,787.588
4462,504.356,576.279
4463,378.866,25.718
4464,136.482,158.597
4465,79.964,735.113
4466,330.482,1057.556
4467,991.099,935.061
4468,146.642,638.771
4469,1023.958,1098.648
4470,647.688,580.444
4471,480.797,292.74
4472,925.956,1038.444
4473,813.395,1014.078
4474,544.833,822.006
4475,1117.314,126.338
4476,333.778,809.355
4477,416.215,85.75
4478,226.743,80.258
4479,116.13,544.909
4480,1135.669,30.517
4481,286.704,290.735
4482,1029.23,701.726
4483,662.035,114.232
4484,655.594,5.504
4485,503.485,477.983
4486,1093.306,794.999
4487,841.416,403.407
4488,1097.413,588.855
4489,191.157,246.912
4490,808.008,1118.49
4491,13.044,507.398
4492,1036.974,508.042
4493,747.907,771.059
4494,759.377,56.588
4495,942.552,1138.964
4496,683.893,380.103
4497,742.131,750.36
4498,335.464,228.416
4499,158.258,105.526
4500,480.918,188.737
4501,812.738,551.15
4502,1116.529,381.933
4503,941.93,139.745
4504,913.27,519.357
4505,5.492,767.137
4506,607.101,1071.915
4507,343.961,742.595
4508,1096.973,795.553
4509,886.071,285.784
4510,863.6,538.703
4511,889.904,1118.439
4512,629.069,870.603
4513,507.496,208.802
4514,588.072,534.223
4515,178.288,37.761
4516,565.975,330.085
4517,127.55,156.623
4518,180.759,796.709
4519,905.503,1008.931
4520,729.798,167.916
4521,415.516,554.92
4522,808.57,927.803
4523,391.532,314.755
4524,812.337,323.538
4525,242.764,616.668
4526,1026.628,175.42
4527,1048.381,1062.819
4528,331.982,240.485
4529,325.077,692.791
4530,1019.178,167.523
4531,382.858,1036.403
4532,616.425,867.986
4533,668.89,913.652
4534,866.607,871.497
4535,678.383,740.152
4536,911.328,805.232
4537,224.846,676.265
4538,535.851,319.039
4539,258.527,957.634
4540,228.045,58.14
4541,795.605,1071.393
4542,268.162,454.042
4543,249.275,630.622
4544,647.429,548.527
4545,216.846,1079.421
4546,444.212,89.678
4547,1143.103,625.997
4548,346.522,939.283
4549,933.748,15.599
4550,290.276,1138.447
4551,546.993,457.843
4552,278.646,229.361
4553,889.472,600.529
4554,109.391,555.443
4555,373.738,630.404
4556,616.562,907.754
4557,193.668,555.0
4558,1135.744,1118.321
4559,454.454,1128.058
4560,94.034,272.424
4561,318.796,717.29
4562,7.457,641.839
4563,708.073,453.523
4564,333.54,1066.348
4565,930.825,1111.888
4566,534.208,858.332
4567,240.743,678.149
4568,666.624,232.081
4569,1085.364,946.566
4570,842.026,990.632
4571,520.975,611.891
4572,759.729,656.92
4573,693.611,555.971
4574,664.951,1106.275
4575,76.837,935.561
4576,415.009,864.93
4577,999.157,380.466
4578,110.34,817.901
4579,356.818,991.464
4580,568.856,478.047
4581,434.377,797.975
4582,231.325,347.339
4583,835.767,71.032
4584,1109.129,1142.297
4585,995.486,558.509
4586,147.547,979.402
4587,99.52,147.03
4588,1116.202,825.041
4589,315.006,418.976
4590,877.139,356.432
4591,974.112,777.624
4592,638.151,210.181
4593,816.606,721.048
4594,949.321,110.514
4595,712.636,1096.12
4596,891.136,884.544
4597,67.865,398.386
4598,303.859,884.425
4599,763.821,878.376
4600,858.055,106.109
4601,282.821,1146.641
4602,806.44,364.46
4603,333.79,90.68
4604,156.801,510.814
4605,680.774,450.397
4606,1122.784,91.831
4607,614.26,510.229
4608,521.099,1058.846
4609,1021.428,1128.988
4610,1045.777,760.489
4611,170.407,598.529
4612,408.019,6.351
4613,309.84,616.517
4614,576.8,672.998
4615,997.039,161.463
4616,428.398,849.581
4617,954.956,433.198
4618,1057.081,771.21
4619,372.864,159.359
4620,766.878,652.026
4621,777.089,711.971
4622,682.659,340.449
4623,86.739,571.44
4624,889.096,347.294
4625,136.107,41.728
4626,25.241,511.849
4627,7.332,626.875
4628,514.11,411.277
4629,1129.278,537.637
4630,1126.975,680.145
4631,875.21,1106.654
4632,795.68,24.264
4633,736.822,998.375
4634,336.073,75.467
4635,562.208,315.598
4636,57.636,667.862
4637,922.565,1038.866
4638,913.721,1094.939
4639,953.519,160.28
4640,409.38,161.187
4641,158.816,23.162
4642,1031.093,1128.252
4643,463.366,331.167
4644,383.386,740.132
4645,40.026,533.268
4646,507.322,897.803
4647,14.237,217.451
4648,712.373,1023.226
4649,930.581,397.929
4650,99.428,249.355
4651,1131.914,213.527
4652,944.091,1126.26
4653,947.422,502.677
4654,228.229,891.081
4655,569.089,480.382
4656,318.272,487.805
4657,306.07,509.8
4658,19.938,133.917
4659,3.648,1121.373
4660,374.699,976.127
4661,466.605,748.52
4662,489.911,451.775
4663,1112.003,657.467
4664,1031.973,1126.187
4665,629.066,14.974
4666,487.831,39.476
4667,1134.144,325.169
4668,1078.26,869.818
4669,645.276,167.909
4670,824.532,914.615
4671,163.224,795.427
4672,990.533,22.993
4673,1092.109,447.845
4674,460.716,38.51
4675,423.094,309.107
4676,546.752,276.914
4677,66.939,907.311
4678,339.996,320.004
4679,416.727,567.545
4680,235.033,81.825
4681,978.411,603.564
4682,434.225,525.197
4683,190.594,499.965
4684,46.548,92.05
4685,1094.875,359.957
4686,426.347,1016.253
4687,837.7,567.258
4688,39.57,1060.21
4689,90.151,33.736
4690,231.333,403.1
4691,1100.009,439.553
4692,50.035,237.931
4693,710.012,705.812
4694,946.131,494.01
4695,933.536,5.922
4696,126.392,396.653
4697,121.752,914.964
4698,620.051,167.593
4699,131.368,958.639
4700,295.282,781.451
4701,50.83,271.66
4702,1125.912,245.447
4703,449.178,632.752
4704,464.493,17.614
4705,527.477,698.191
4706,236.461,248.935
4707,291.96,597.542
4708,1068.736,169.115
4709,282.966,591.768
4710,756.683,880.926
4711,889.181,760.728
4712,426.696,984.846
4713,88.623,451.023
4714,635.841,963.258
4715,468.298,858.836
4716,741.567,554.836
4717,796.539,777.957
4718,1091.506,787.84
4719,834.038,803.942
4720,155.324,808.958
4721,986.101,224.682
4722,266.943,139.088
4723,536.74,294.354
4724,26.862,73.967
4725,700.861,192.198
4726,1043.493,809.538
4727,700.347,864.301
4728,932.687,62.518
4729,913.564,155.153
4730,202.672,1051.508
4731,683.977,1068.971
4732,972.934,240.371
4733,1057.669,1113.518
4734,45.053,90.605
4735,773.693,337.665
4736,722.978,395.43
4737,961.435,442.98
4738,524.576,586.343
4739,306.927,915.096
4740,675.512,506.008
4741,737.594,216.016
4742,886.185,611.493
4743,871.934,19.755
4744,161.404,199.688
4745,614.744,597.313
4746,855.999,519.15
4747,482.111,75.501
4748,458.193,850.831
4749,841.259,989.541
4750,15.89,964.101
4751,924.06,1082.697
4752,1120.597,821.13
4753,1066.545,680.295
4754,106.358,210.589
4755,413.869,11.15
4756,233.001,131.802
4757,845.282,370.545
4758,632.299,295.427
4759,1058.317,998.372
4760,1094.554,756.828
4761,571.495,810.249
4762,228.288,426.455
4763,893.289,710.249
4764,663.837,914.082
4765,1086.347,674.624
4766,895.85,692.04
4767,512.62,214.398
4768,355.369,1092.5
4769,1036.059,680.133
4770,917.018,113.08
4771,478.755,701.216
4772,376.327,222.003
4773,543.087,153.013
4774,923.396,515.367
4775,999.466,318.262
4776,205.451,796.381
4777,193.966,203.656
4778,307.663,990.643
4779,557.507,197.656
4780,987.783,794.046
4781,816.558,1072.915
4782,195.271,1051.765
4783,101.819,292.716
4784,377.868,131.292
4785,66.707,648.284
4786,793.494,112.807
4787,984.748,205.808
4788,37.447,677.988
4789,410.743,630.43
4790,1139.765,915.862
4791,51.359,518.656
4792,856.287,979.993
4793,307.802,138.065
4794,240.231,80.923
4795,561.555,590.897
4796,610.201,52.878
4797,235.802,93.141
4798,125.42,682.415
4799,11.74,1085.896
4800,657.106,137.246
4801,750.203,514.092
4802,12.849,15.81
4803,342.663,682.863
4804,45.305,525.164
4805,418.815,280.187
4806,1101.84,1031.506
4807,448.928,102.425
4808,943.089,333.196
4809,54.831,322.431
4810,461.108,894.576
4811,938.986,296.308
4812,1146.136,808.994
4813,45.965,821.652
4814,869.502,490.212
4815,1005.472,79.348
4816,838.009,724.479
4817,264.848,1013.094
4818,552.439,294.199
4819,957.307,134.098
4820,386.33,632.494
4821,646.104,618.139
4822,109.03,1049.719
4823,359.918,192.007
4824,414.097,207.55
4825,333.988,413.608
4826,1020.039,97.156
4827,110.358,662.737
4828,1146.933,212.078
4829,919.525,593.042
4830,241.991,659.356
4831,173.211,1110.865
4832,24.997,827.924
4833,583.115,1116.755
4834,924.521,73.405
4835,528.401,466.555
4836,1040.198,409.738
4837,1096.609,596.001
4838,994.58,1088.052
4839,1030.451,132.984
4840,913.552,686.994
4841,8.239,333.616
4842,291.875,168.542
4843,64.394,96.222
4844,386.463,990.508
4845,245.656,480.148
4846,108.106,720.669
4847,481.278,640.975
4848,315.295,861.342
4849,973.375,762.073
4850,57.333,311.454
4851,4.515,697.948
4852,271.093,811.257
4853,712.356,343.686
4854,254.762,118.883
4855,208.527,282.824
4856,79.402,359.391
4857,378.714,1083.3
4858,598.472,1070.105
4859,849.318,951.979
4860,909.406,563.955
4861,726.202,1047.779
4862,234.052,529.646
4863,205.349,663.482
4864,83.637,697.528
4865,558.559,261.777
4866,73.698,495.019
4867,305.853,341.984
4868,774.206,741.87
4869,880.501,346.418
4870,1006.856,318.791
4871,424.246,204.098
4872,642.856,45.634
4873,1032.952,756.022
4874,796.104,1129.532
4875,18.212,793.904
4876,1016.446,1123.597
4877,144.921,405.183
4878,125.205,80.612
4879,460.37,894.558
4880,1053.839,1096.08
4881,1133.186,1036.382
4882,505.02,485.989
4883,620.549,534.31
4884,594.097,449.497
4885,48.453,649.713
4886,474.335,977.304
4887,754.213,75.357
4888,208.842,1030.163
4889,486.539,361.255
4890,551.84,836.352
4891,999.769,577.121
4892,489.567,158.459
4893,987.099,812.231
4894,1129.869,261.541
4895,435.775,980.456
4896,576.723,473.452
4897,677.498,1131.669
4898,55.982,18.25
4899,974.361,52.495
4900,856.342,712.905
4901,335.688,526.458
4902,1025.06,186.322
4903,150.913,670.517
4904,184.926,145.343
4905,593.372,375.407
4906,930.629,322.108
4907,686.209,928.799
4908,615.706,199.283
4909,697.53,517.862
4910,816.739,485.763
4911,196.779,1008.53
4912,198.994,863.175
4913,666.153,252.344
4914,743.121,454.195
4915,907.918,795.982
4916,1065.119,392.783
4917,389.623,698.412
4918,502.962,577.5
4919,912.417,601.019
4920,1088.771,328.626
4921,1043.464,9.331
4922,64.326,781.339
4923,696.456,161.124
4924,1003.956,309.34
4925,818.255,1124.805
4926,1130.496,291.003
4927,137.383,47.618
4928,38.855,589.091
4929,39.135,786.851
4930,390.836,161.716
4931,981.211,132.008
4932,1010.602,284.139
4933,689.191,1065.408
4934,96.124,939.766
4935,621.732,176.751
4936,444.481,847.236
4937,854.516,275.249
4938,109.745,314.546
4939,630.88,68.262
4940,229.84,553.455
4941,330.792,1132.303
4942,708.343,113.792
4943,333.353,296.013
4944,252.858,991.739
4945,667.742,791.746
4946,1116.559,966.752
4947,534.525,392.836
4948,117.783,458.975
4949,613.319,346.569
4950,110.679,463.85
4951,307.205,866.7
4952,767.263,182.577
4953,126.465,840.14
4954,283.972,817.194
4955,440.166,1139.043
4956,522.613,437.983
4957,844.159,664.455
4958,521.551,870.046
4959,528.619,805.881
4960,1043.07,1056.774
4961,1115.371,500.812
4962,942.585,820.523
4963,231.075,404.694
4964,474.991,295.385
4965,809.263,816.529
4966,953.53,212.931
4967,1112.351,213.493
4968,704.378,109.593
4969,756.93,896.412
4970,477.997,834.508
4971,234.689,1025.329
4972,783.591,605.27
4973,827.733,840.954
4974,40.02,768.705
4975,130.575,171.045
4976,580.097,376.718
4977,212.38,476.429
4978,581.96,877.505
4979,638.452,620.358
4980,199.591,557.408
4981,719.815,605.655
4982,843.96,164.419
4983,1021.865,850.55
4984,1016.737,1084.574
4985,237.026,674.717
4986,245.565,990.18
4987,740.296,703.371
4988,357.432,985.819
4989,305.479,324.928
4990,292.818,1086.35
4991,1019.031,910.589
4992,210.501,1003.6
4993,20.575,1094.639
4994,996.932,632.156
4995,651.705,785.413
4996,7.301,419.979
4997,321.686,1049.931
4998,166.008,523.708
4999,919.059,209.755
