node_id,x_m,y_m
0,121.761,249.718
1,245.033,237.032
2,211.927,228.576
3,57.579,180.076
4,105.914,200.302
5,142.032,166.997
6,163.613,170.14
7,219.245,249.392
8,125.055,215.093
9,231.351,134.15
10,81.636,154.739
11,206.99,159.98
12,93.563,195.419
13,120.946,230.76
14,90.441,173.604
15,132.859,250.057
16,84.6,229.562
17,139.148,130.204
18,98.196,154.193
19,239.191,252.868
20,241.188,177.0
21,103.656,156.664
22,184.523,115.361
23,250.441,74.023
24,103.409,97.229
25,90.253,69.951
26,104.347,130.584
27,241.129,164.037
28,179.65,125.554
29,90.763,167.703
30,199.844,74.132
31,184.447,98.54
32,192.393,126.969
33,86.35,84.913
34,212.371,163.122
35,74.223,234.506
36,111.584,112.236
37,58.011,116.173
38,166.947,233.028
39,115.927,154.798
40,73.133,191.779
41,116.154,130.934
42,110.441,217.482
43,249.156,84.474
44,145.704,78.397
45,204.203,234.862
46,82.161,190.957
47,116.922,145.5
48,169.384,132.613
49,184.834,121.378
50,154.478,127.258
51,140.324,85.327
52,127.449,79.17
53,178.928,139.015
54,139.303,232.942
55,88.06,160.957
56,176.727,180.915
57,206.189,126.945
58,238.365,188.033
59,72.136,175.883
60,158.57,240.341
61,199.358,189.232
62,190.098,196.051
63,144.891,153.606
64,161.324,61.422
65,157.296,140.183
66,141.075,167.726
67,184.931,133.792
68,169.826,103.486
69,248.298,187.268
70,194.321,201.838
71,62.693,91.929
72,131.508,143.397
73,135.27,158.805
74,180.19,203.458
75,192.961,136.952
76,223.426,216.112
77,245.332,60.14
78,170.411,91.527
79,225.927,242.166
80,188.156,120.558
81,228.111,157.561
82,193.507,94.631
83,78.448,220.827
84,225.409,131.587
85,73.794,115.697
86,235.529,100.479
87,204.024,118.804
88,241.995,124.099
89,243.015,156.482
90,59.144,134.608
91,140.652,87.136
92,74.246,166.87
93,199.512,200.644
94,121.247,92.595
95,147.011,198.288
96,99.072,230.818
97,248.662,123.811
98,85.994,165.515
99,87.583,232.582
100,172.865,138.54
101,224.778,208.918
102,202.733,76.941
103,130.872,124.556
104,225.73,108.093
105,78.828,144.909
106,117.262,186.25
107,129.973,81.577
108,188.135,239.982
109,193.071,168.527
110,71.592,96.568
111,187.487,242.241
112,150.489,247.376
113,78.642,112.535
114,114.501,191.429
115,128.906,185.54
116,68.328,189.106
117,198.199,93.891
118,89.61,137.883
119,149.115,150.106
120,243.36,84.167
121,180.713,157.729
122,179.255,113.704
123,206.06,218.134
124,61.661,125.399
125,58.245,173.255
126,204.117,136.569
127,247.564,209.08
128,186.972,79.142
129,115.623,216.559
130,150.525,102.079
131,57.672,202.12
132,109.777,78.133
133,155.294,196.928
134,170.498,58.882
135,237.531,133.898
136,176.403,111.139
137,124.564,80.296
138,210.107,88.114
139,171.694,203.041
140,249.328,61.781
141,196.34,119.746
142,60.207,166.723
143,137.216,145.901
144,92.394,85.946
145,81.746,154.506
146,63.516,234.413
147,187.896,240.317
148,199.423,218.093
149,228.352,206.918
150,201.586,145.387
151,221.759,226.145
152,189.535,241.408
153,214.821,97.949
154,249.625,100.341
155,94.264,191.443
156,248.752,199.448
157,90.452,123.721
158,127.653,204.405
159,81.372,205.09
160,102.338,63.172
161,239.574,220.055
162,210.983,221.349
163,159.711,232.881
164,177.972,148.818
165,205.705,210.39
166,184.342,126.416
167,160.124,88.719
168,137.434,190.428
169,202.556,158.777
170,152.106,225.623
171,165.624,163.137
172,82.246,210.915
173,226.069,250.238
174,206.593,66.675
175,132.874,100.981
176,183.485,92.277
177,164.215,243.019
178,197.59,127.582
179,216.899,136.648
180,204.334,100.642
181,232.613,144.769
182,65.988,109.499
183,140.48,101.495
184,178.806,102.333
185,155.329,207.864
186,160.16,105.912
187,194.8,176.269
188,179.037,143.243
189,140.206,223.73
190,130.251,138.279
191,249.231,211.526
192,81.994,215.42
193,152.407,196.226
194,158.834,121.901
195,116.998,158.314
196,240.243,95.764
197,91.113,216.718
198,149.103,134.936
199,170.995,142.861
200,69.422,166.295
201,142.21,200.39
202,103.169,82.613
203,182.887,251.327
204,191.456,184.378
205,228.132,72.279
206,231.897,240.281
207,101.869,78.617
208,224.983,236.372
209,170.851,128.751
210,238.73,223.299
211,76.032,97.387
212,212.097,115.059
213,244.184,149.192
214,225.04,82.339
215,65.112,140.918
216,227.926,192.907
217,68.288,237.046
218,238.629,84.058
219,189.027,245.43
220,104.391,197.521
221,126.94,63.93
222,95.14,185.331
223,93.738,202.49
224,128.257,81.796
225,184.771,184.633
226,120.813,252.861
227,193.835,115.521
228,139.216,181.319
229,102.583,249.34
230,171.739,128.344
231,241.977,107.194
232,211.288,187.756
233,138.818,121.499
234,217.681,209.504
235,169.719,212.812
236,207.528,200.767
237,104.676,77.15
238,201.235,224.615
239,195.064,125.706
240,76.578,98.895
241,175.35,63.015
242,235.905,90.11
243,202.771,163.558
244,96.417,80.043
245,179.443,73.334
246,188.485,136.984
247,133.264,246.498
248,185.283,217.476
249,233.731,115.834
250,205.32,162.326
251,157.265,198.203
252,173.283,201.728
253,197.165,82.849
254,234.663,150.277
255,116.098,171.931
256,165.493,110.399
257,117.142,179.755
258,218.51,167.833
259,202.817,125.205
260,216.17,252.929
261,175.999,135.217
262,191.378,174.249
263,247.555,248.781
264,74.535,94.821
265,80.909,151.431
266,233.804,73.148
267,150.06,114.511
268,249.491,125.791
269,226.678,223.119
270,97.961,177.673
271,234.885,131.116
272,178.921,216.103
273,119.303,103.653
274,234.558,204.978
275,191.406,125.086
276,117.857,145.36
277,118.046,118.969
278,236.422,175.676
279,249.322,207.454
280,111.631,64.657
281,176.171,138.772
282,147.315,237.131
283,79.84,245.193
284,132.923,116.67
285,127.974,251.709
286,168.1,58.805
287,187.411,72.05
288,83.565,190.727
289,165.229,224.707
290,73.411,250.835
291,94.508,236.725
292,162.034,239.105
293,174.215,71.168
294,164.664,245.751
295,171.257,88.335
296,246.196,200.572
297,213.801,235.721
298,197.392,213.573
299,151.44,151.63
300,235.575,103.98
301,247.093,162.757
302,69.847,194.94
303,147.68,140.553
304,107.293,57.711
305,110.588,149.978
306,220.51,202.814
307,252.314,165.109
308,74.016,166.841
309,128.243,73.078
310,242.81,110.162
311,174.766,130.285
312,68.617,130.399
313,95.531,156.786
314,212.162,76.235
315,118.54,163.899
316,233.688,158.821
317,232.938,235.476
318,155.013,85.176
319,174.69,235.345
320,131.697,148.541
321,230.405,248.557
322,114.014,67.389
323,143.844,178.465
324,199.304,175.707
325,149.079,233.978
326,71.86,159.209
327,98.22,130.116
328,251.895,159.246
329,70.486,182.109
330,100.382,210.857
331,98.028,132.731
332,196.871,70.172
333,177.894,114.375
334,197.133,177.292
335,165.416,153.099
336,162.51,251.019
337,88.101,219.331
338,118.896,95.197
339,162.703,179.903
340,65.777,90.178
341,162.564,110.401
342,202.841,66.812
343,178.641,243.284
344,223.697,225.769
345,166.205,95.172
346,235.785,188.726
347,61.784,71.263
348,141.171,60.243
349,112.884,101.702
350,65.726,123.047
351,234.972,84.048
352,239.175,198.371
353,177.704,110.703
354,83.149,150.004
355,58.958,212.274
356,77.439,82.349
357,182.674,65.387
358,205.386,123.548
359,69.586,77.359
360,194.003,238.365
361,134.584,170.469
362,75.623,214.647
363,133.723,87.239
364,66.601,201.424
365,84.968,169.698
366,154.018,252.364
367,238.117,131.666
368,186.218,228.697
369,182.138,112.204
370,105.436,206.835
371,219.382,62.558
372,182.382,166.213
373,165.517,179.095
374,134.767,79.725
375,104.597,76.053
376,60.629,163.823
377,117.477,97.838
378,243.906,176.598
379,122.751,184.617
380,100.113,229.125
381,234.938,192.881
382,113.897,225.643
383,181.303,176.141
384,251.586,239.402
385,146.483,181.214
386,96.375,76.416
387,116.83,156.372
388,137.114,85.914
389,110.382,159.709
390,97.744,121.806
391,219.895,87.516
392,73.947,111.011
393,230.831,61.006
394,240.69,210.033
395,164.913,156.585
396,153.372,60.075
397,219.626,247.79
398,130.264,108.596
399,232.167,60.961
400,243.537,84.372
401,142.811,137.38
402,204.6,83.447
403,222.326,95.486
404,232.34,184.77
405,58.925,104.98
406,90.864,63.937
407,81.876,166.355
408,65.076,99.133
409,213.975,197.085
410,213.727,141.957
411,150.98,80.077
412,244.958,80.532
413,229.772,62.222
414,177.674,62.692
415,231.338,201.356
416,195.685,243.325
417,171.218,74.645
418,61.279,108.095
419,252.885,171.141
420,154.172,202.807
421,142.105,153.423
422,243.008,234.143
423,225.604,97.959
424,222.073,234.963
425,176.547,63.839
426,89.984,92.237
427,166.728,76.214
428,126.211,59.341
429,227.455,88.895
430,138.302,212.108
431,204.087,154.418
432,239.321,156.57
433,128.91,171.04
434,157.817,227.401
435,212.837,67.184
436,198.957,133.178
437,157.888,139.855
438,139.193,170.802
439,113.662,215.406
440,80.694,218.803
441,167.58,235.314
442,229.646,89.254
443,72.547,232.838
444,71.828,58.249
445,128.525,200.492
446,224.112,206.911
447,108.828,101.156
448,138.984,105.443
449,84.384,94.517
450,167.425,247.048
451,100.061,122.102
452,235.188,60.937
453,78.009,63.556
454,186.601,224.313
455,232.373,70.915
456,58.139,112.452
457,232.367,191.462
458,238.017,252.343
459,241.751,179.024
460,94.856,187.655
461,219.878,104.211
462,239.808,208.481
463,131.093,132.443
464,165.815,139.428
465,164.646,188.461
466,213.04,127.28
467,145.659,122.135
468,158.311,177.31
469,125.781,82.74
470,62.87,96.175
471,90.315,163.467
472,95.295,151.822
473,151.061,107.584
474,133.714,216.076
475,183.217,96.327
476,202.937,252.79
477,139.633,111.193
478,112.123,186.223
479,164.134,97.41
480,161.084,115.705
481,196.655,119.008
482,148.384,69.464
483,190.94,167.894
484,208.743,202.524
485,205.472,152.091
486,161.281,173.886
487,89.861,58.911
488,177.214,205.251
489,58.386,114.457
490,162.175,233.98
491,247.161,105.162
492,147.127,195.171
493,181.893,194.722
494,84.282,230.721
495,148.275,109.254
496,145.63,213.694
497,224.357,80.423
498,157.305,120.779
499,89.877,128.294
500,167.972,167.619
501,99.877,170.678
502,84.999,170.728
503,251.032,175.55
504,73.699,131.666
505,229.989,79.599
506,75.053,213.779
507,221.973,142.825
508,79.149,136.446
509,206.002,127.449
510,183.248,228.345
511,249.076,72.674
512,86.918,107.047
513,204.977,86.441
514,213.913,159.825
515,116.728,238.271
516,170.258,88.648
517,233.88,212.395
518,239.276,216.647
519,235.004,216.942
520,61.607,145.603
521,208.403,135.591
522,205.75,252.758
523,191.633,205.656
524,80.687,125.061
525,140.109,232.95
526,95.303,180.237
527,183.121,241.1
528,106.199,172.567
529,140.294,87.484
530,123.124,154.3
531,77.804,177.944
532,155.987,141.653
533,243.469,225.172
534,163.139,220.68
535,122.464,214.61
536,230.024,164.109
537,248.682,102.921
538,119.212,171.609
539,80.449,93.194
540,136.031,245.314
541,183.835,233.819
542,71.767,151.517
543,91.44,176.735
544,234.641,163.387
545,233.032,194.308
546,160.55,65.059
547,244.506,77.369
548,183.758,185.54
549,238.055,200.507
550,69.28,60.769
551,101.409,108.583
552,102.51,122.113
553,101.343,240.41
554,100.316,85.079
555,78.475,106.424
556,81.522,107.705
557,126.723,219.378
558,219.242,81.044
559,152.106,237.218
560,175.473,194.705
561,61.394,243.298
562,157.798,184.447
563,206.242,96.479
564,220.909,81.552
565,64.73,120.715
566,228.821,130.413
567,180.97,64.685
568,124.181,61.286
569,89.857,166.732
570,163.874,225.847
571,97.389,60.926
572,146.582,160.438
573,203.831,192.658
574,168.319,61.56
575,252.673,215.917
576,172.253,200.636
577,247.969,201.551
578,88.836,87.971
579,121.476,104.349
580,232.78,231.325
581,144.507,220.241
582,145.099,199.804
583,181.691,248.985
584,148.232,95.151
585,160.509,72.587
586,181.55,202.474
587,177.993,153.87
588,222.984,167.556
589,174.278,183.677
590,245.689,102.428
591,247.933,59.43
592,103.139,98.514
593,113.352,159.983
594,156.825,167.727
595,156.19,156.376
596,132.492,83.854
597,249.119,146.03
598,193.506,102.473
599,130.02,59.391
600,58.201,98.144
601,168.326,156.661
602,135.614,203.862
603,219.839,90.427
604,252.324,69.845
605,250.33,177.427
606,158.544,110.104
607,206.794,75.289
608,174.999,126.941
609,208.417,219.359
610,72.665,78.704
611,70.388,245.386
612,69.143,151.294
613,62.595,201.897
614,202.004,106.34
615,218.447,110.807
616,172.754,252.55
617,102.084,70.952
618,137.289,64.737
619,62.692,85.836
620,157.876,87.625
621,237.983,193.312
622,218.005,179.532
623,60.406,68.666
624,57.604,236.873
625,177.31,226.459
626,241.166,98.229
627,79.326,214.086
628,143.403,90.71
629,203.85,231.901
630,169.801,239.101
631,120.006,192.306
632,222.31,238.2
633,210.948,148.396
634,244.752,175.573
635,85.419,238.881
636,144.422,224.614
637,86.702,242.025
638,200.859,230.323
639,100.26,247.201
640,68.99,213.623
641,215.884,174.507
642,74.497,78.568
643,118.449,165.607
644,94.69,99.414
645,244.548,93.103
646,200.173,228.871
647,241.953,127.945
648,213.992,108.319
649,199.05,97.039
650,204.975,207.02
651,186.213,225.662
652,199.367,86.008
653,86.843,111.753
654,136.27,142.04
655,210.009,87.009
656,114.584,67.018
657,230.972,173.761
658,219.902,222.783
659,94.837,96.777
660,175.604,218.284
661,131.999,100.125
662,250.284,202.574
663,112.334,131.226
664,213.005,149.286
665,162.752,191.269
666,74.617,88.271
667,146.275,228.232
668,136.752,157.729
669,234.465,152.382
670,221.198,95.829
671,251.681,94.916
672,102.85,210.517
673,120.801,102.519
674,85.853,210.806
675,88.915,80.634
676,200.305,233.596
677,243.578,160.237
678,171.356,154.724
679,94.234,220.261
680,239.553,229.951
681,243.602,84.048
682,58.313,196.9
683,100.787,234.766
684,69.527,224.401
685,195.117,65.149
686,124.56,116.622
687,203.369,69.459
688,251.022,68.153
689,103.551,84.297
690,75.729,112.891
691,160.142,174.497
692,122.384,165.943
693,187.144,219.982
694,148.844,195.02
695,207.612,207.702
696,224.267,101.561
697,70.858,184.067
698,242.98,189.284
699,248.895,239.815
700,86.977,113.266
701,172.348,109.494
702,69.072,113.729
703,152.098,144.289
704,110.999,117.206
705,99.628,124.522
706,117.356,180.524
707,180.438,121.657
708,252.361,146.361
709,59.41,63.584
710,163.07,236.074
711,212.896,138.815
712,100.341,194.558
713,57.7,76.564
714,175.676,249.602
715,252.416,148.141
716,242.629,125.484
717,234.352,220.442
718,103.301,92.926
719,189.458,68.767
720,127.223,96.305
721,184.535,199.144
722,122.058,120.891
723,198.728,134.825
724,183.574,73.999
725,153.974,95.905
726,113.905,74.068
727,154.126,136.239
728,218.632,71.087
729,223.655,107.634
730,109.036,132.552
731,208.594,81.783
732,62.148,77.933
733,240.984,106.278
734,245.081,142.328
735,223.213,139.117
736,167.507,92.511
737,190.54,191.644
738,234.032,110.18
739,73.947,213.949
740,168.126,153.803
741,99.448,238.385
742,172.568,250.1
743,154.739,102.864
744,64.703,87.271
745,189.703,209.655
746,159.37,161.46
747,214.398,172.65
748,188.225,206.631
749,57.517,129.838
750,149.223,167.127
751,143.323,153.583
752,214.494,124.733
753,103.317,238.846
754,183.835,96.911
755,223.027,72.203
756,163.799,135.835
757,242.608,236.697
758,132.955,89.348
759,225.731,204.792
760,135.079,89.491
761,72.92,237.465
762,87.618,127.027
763,110.598,180.551
764,163.891,165.087
765,234.833,191.038
766,226.663,150.523
767,69.717,60.854
768,197.651,93.745
769,169.469,125.7
770,228.402,107.987
771,230.966,237.272
772,69.236,142.337
773,239.739,196.617
774,119.283,179.78
775,69.231,207.565
776,185.013,201.697
777,167.621,123.653
778,167.586,195.246
779,143.483,251.141
780,233.02,80.418
781,98.543,227.307
782,58.837,79.701
783,208.342,131.144
784,105.498,104.367
785,230.924,69.846
786,74.726,64.315
787,212.281,96.811
788,134.108,241.673
789,105.83,153.305
790,192.801,62.016
791,91.682,245.243
792,223.832,237.586
793,221.6,74.494
794,82.126,216.841
795,99.801,125.892
796,108.464,149.938
797,143.298,61.339
798,134.897,219.978
799,207.042,83.791
800,114.616,163.213
801,159.446,117.184
802,88.733,187.675
803,125.139,68.245
804,166.289,252.366
805,112.248,239.904
806,208.231,143.548
807,149.307,179.893
808,236.043,232.453
809,60.842,145.194
810,93.927,83.764
811,234.655,230.411
812,147.372,225.932
813,104.919,66.943
814,201.279,250.815
815,231.479,187.619
816,190.927,73.04
817,154.537,141.103
818,125.108,243.177
819,165.849,192.475
820,230.132,89.983
821,165.064,243.785
822,226.891,77.261
823,175.776,114.022
824,238.773,195.951
825,60.523,204.006
826,194.545,218.828
827,107.321,133.43
828,194.885,141.447
829,73.915,176.483
830,102.384,204.797
831,225.26,91.941
832,203.823,81.601
833,225.845,172.416
834,205.85,61.939
835,78.948,109.643
836,95.503,175.953
837,189.447,93.449
838,206.932,183.219
839,232.936,76.725
840,71.408,73.556
841,108.499,145.105
842,238.425,218.295
843,175.469,145.771
844,194.286,156.623
845,181.007,158.397
846,156.663,94.259
847,163.646,98.614
848,240.26,184.545
849,216.908,210.145
850,246.512,61.054
851,234.405,166.62
852,188.528,141.543
853,239.648,200.147
854,251.3,120.503
855,148.893,230.935
856,184.974,117.875
857,84.745,174.452
858,104.98,226.022
859,117.548,220.227
860,224.255,59.872
861,96.505,115.201
862,193.386,153.639
863,175.273,89.107
864,245.609,118.237
865,83.559,139.138
866,80.473,141.695
867,135.325,66.95
868,214.15,187.159
869,60.399,130.705
870,179.963,230.238
871,224.837,94.833
872,87.078,97.292
873,245.121,252.437
874,177.484,158.0
875,109.85,126.434
876,152.117,111.857
877,233.456,95.95
878,148.172,140.21
879,196.435,73.248
880,221.477,188.42
881,251.824,138.052
882,117.705,71.84
883,122.469,65.793
884,214.055,173.095
885,96.668,74.315
886,178.792,189.873
887,194.028,117.887
888,96.741,75.157
889,98.45,57.525
890,61.962,101.062
891,224.423,211.101
892,155.656,112.861
893,71.94,140.442
894,191.507,116.48
895,175.705,71.41
896,108.46,210.315
897,204.083,72.452
898,206.656,100.275
899,109.999,212.697
900,91.148,61.19
901,137.17,157.644
902,120.772,118.89
903,129.144,140.846
904,233.991,81.69
905,163.007,229.894
906,233.471,96.953
907,65.952,204.996
908,176.203,89.14
909,206.808,69.206
910,196.7,241.418
911,207.109,128.725
912,239.846,120.003
913,167.448,82.423
914,63.153,86.884
915,82.901,106.164
916,219.635,217.194
917,112.636,88.598
918,124.91,249.0
919,97.508,131.294
920,78.299,189.186
921,170.448,141.809
922,103.642,140.7
923,147.341,64.085
924,68.707,82.011
925,138.383,220.515
926,199.9,135.432
927,65.005,243.728
928,103.98,180.373
929,107.78,189.836
930,122.881,230.864
931,125.69,130.364
932,129.485,169.779
933,230.499,219.252
934,193.791,60.691
935,209.304,238.022
936,138.427,91.028
937,88.002,234.772
938,133.258,241.043
939,228.564,61.805
940,82.883,136.073
941,63.635,155.444
942,195.172,239.078
943,182.682,211.59
944,247.796,162.031
945,106.929,116.405
946,78.315,232.455
947,250.762,175.881
948,212.895,95.773
949,169.832,111.901
950,198.234,63.979
951,156.253,164.403
952,190.386,223.44
953,98.151,162.897
954,139.685,194.707
955,203.496,231.628
956,224.976,178.202
957,204.338,242.141
958,232.542,77.119
959,173.892,84.689
960,201.813,162.514
961,198.295,227.755
962,112.778,88.899
963,194.879,122.218
964,76.614,97.845
965,206.764,151.853
966,229.921,163.969
967,107.279,70.444
968,170.862,151.633
969,136.047,160.339
970,223.32,89.896
971,58.2,145.373
972,83.464,236.448
973,86.049,218.043
974,195.183,78.527
975,173.424,85.68
976,216.736,187.131
977,96.357,203.027
978,77.237,143.612
979,85.138,94.697
980,133.424,82.686
981,247.224,153.947
982,233.379,155.69
983,144.513,146.309
984,227.816,141.205
985,123.336,163.52
986,142.117,81.655
987,99.673,109.674
988,190.249,68.995
989,215.029,231.098
990,95.381,155.167
991,95.951,174.142
992,109.185,135.581
993,187.124,105.084
994,193.446,207.053
995,100.242,176.305
996,227.371,192.202
997,174.709,205.813
998,185.808,127.136
999,236.943,156.482
1000,229.564,228.109
1001,112.385,161.886
1002,149.914,123.549
1003,119.966,234.674
1004,180.504,70.649
1005,144.236,114.034
1006,85.444,103.012
1007,177.65,204.359
1008,158.162,201.855
1009,140.146,71.751
1010,224.381,243.225
1011,212.516,179.27
1012,134.432,69.06
1013,195.366,69.876
1014,216.276,214.166
1015,161.869,95.773
1016,106.955,242.846
1017,63.567,228.63
1018,99.311,90.429
1019,247.691,107.291
1020,186.471,187.378
1021,95.994,181.467
1022,69.6,157.579
1023,94.406,132.136
1024,106.146,179.549
1025,238.6,201.68
1026,78.008,208.303
1027,110.062,198.698
1028,223.932,195.696
1029,115.622,222.553
1030,218.964,83.23
1031,73.634,163.675
1032,136.653,198.331
1033,111.528,79.162
1034,125.546,163.679
1035,122.24,73.104
1036,225.02,95.264
1037,94.33,156.931
1038,79.204,105.103
1039,94.272,82.803
1040,91.264,182.744
1041,186.876,139.939
1042,143.395,187.259
1043,205.527,230.183
1044,236.187,223.481
1045,237.588,78.385
1046,241.238,199.233
1047,109.786,117.085
1048,209.148,160.573
1049,228.886,179.42
1050,79.759,225.264
1051,167.827,175.716
1052,153.53,138.278
1053,221.974,86.996
1054,180.136,82.328
1055,178.847,100.921
1056,75.654,176.174
1057,231.19,148.534
1058,72.445,178.105
1059,64.88,237.204
1060,177.972,195.083
1061,145.849,161.856
1062,166.737,78.022
1063,230.188,80.513
1064,232.715,63.777
1065,183.315,75.069
1066,123.474,248.437
1067,234.181,94.05
1068,202.616,168.048
1069,173.358,99.165
1070,170.909,191.688
1071,80.573,81.164
1072,215.4,144.725
1073,251.64,219.256
1074,206.943,147.907
1075,228.007,116.793
1076,154.836,126.073
1077,194.699,172.404
1078,67.289,163.76
1079,108.44,67.738
1080,236.546,133.689
1081,59.687,189.651
1082,68.862,169.798
1083,154.403,173.892
1084,244.804,211.873
1085,130.612,120.838
1086,222.59,138.734
1087,252.905,127.386
1088,129.659,75.072
1089,230.799,85.982
1090,222.592,89.12
1091,158.974,133.384
1092,219.517,121.654
1093,174.288,166.375
1094,234.365,111.225
1095,81.157,218.631
1096,196.489,64.65
1097,148.598,193.905
1098,212.126,228.493
1099,174.637,187.757
1100,238.56,241.462
1101,214.308,216.789
1102,233.503,200.27
1103,167.759,175.599
1104,190.374,66.324
1105,164.981,141.812
1106,124.373,237.957
1107,186.852,133.783
1108,132.756,71.292
1109,128.313,245.998
1110,141.175,86.944
1111,200.289,230.551
1112,147.79,227.755
1113,188.207,72.295
1114,228.449,186.113
1115,251.636,69.369
1116,182.771,60.88
1117,236.935,161.68
1118,70.991,102.812
1119,164.785,83.416
1120,178.356,144.887
1121,196.581,226.461
1122,114.083,99.55
1123,104.605,105.312
1124,178.565,72.563
1125,157.301,194.589
1126,112.946,93.152
1127,229.534,104.803
1128,195.405,62.027
1129,245.965,175.773
1130,127.543,224.958
1131,246.433,91.016
1132,115.55,247.016
1133,197.097,113.463
1134,130.423,81.046
1135,203.299,106.836
1136,197.787,177.231
1137,164.405,219.748
1138,98.111,196.573
1139,193.724,118.96
1140,146.981,178.658
1141,99.573,188.267
1142,161.748,250.866
1143,214.011,179.329
1144,213.969,209.98
1145,115.584,226.355
1146,118.118,153.453
1147,245.373,93.892
1148,220.689,197.415
1149,61.28,228.333
1150,188.919,66.151
1151,221.357,78.992
1152,211.062,170.265
1153,176.462,63.18
1154,144.39,77.745
1155,151.573,135.824
1156,76.632,176.237
1157,168.506,187.282
1158,175.902,74.232
1159,165.762,252.095
1160,77.268,240.948
1161,172.522,154.745
1162,193.508,200.253
1163,182.242,206.079
1164,91.852,140.693
1165,194.487,65.658
1166,243.829,164.846
1167,176.684,199.827
1168,95.247,98.952
1169,187.47,143.285
1170,246.278,229.002
1171,165.569,93.331
1172,144.704,173.915
1173,237.041,68.064
1174,113.921,92.172
1175,149.409,140.348
1176,171.484,204.062
1177,151.226,206.457
1178,79.271,83.002
1179,207.503,120.825
1180,237.501,188.403
1181,231.83,241.473
1182,104.204,189.472
1183,201.87,243.916
1184,203.951,148.347
1185,135.374,220.135
1186,164.747,153.024
1187,237.861,159.585
1188,173.671,243.391
1189,83.181,224.405
1190,65.486,121.895
1191,225.522,242.714
1192,74.019,130.785
1193,105.986,71.155
1194,59.91,118.65
1195,207.725,200.902
1196,191.927,106.08
1197,139.706,180.77
1198,147.651,242.499
1199,243.74,147.367
1200,213.192,234.121
1201,150.478,246.826
1202,234.791,181.512
1203,69.227,131.378
1204,225.135,224.411
1205,164.221,182.124
1206,220.866,90.339
1207,230.768,146.907
1208,166.08,84.114
1209,191.738,77.721
1210,208.008,90.046
1211,186.28,94.711
1212,233.787,58.088
1213,178.533,110.705
1214,100.206,184.596
1215,109.061,63.145
1216,103.094,173.917
1217,143.065,220.056
1218,186.077,205.578
1219,104.378,57.74
1220,231.178,132.134
1221,139.373,131.625
1222,74.258,103.191
1223,233.226,89.78
1224,188.545,168.739
1225,144.213,142.847
1226,167.313,97.124
1227,164.76,180.554
1228,137.125,102.242
1229,130.924,251.532
1230,228.727,243.916
1231,66.274,119.071
1232,116.622,218.189
1233,247.398,70.214
1234,232.82,226.348
1235,198.451,171.196
1236,151.796,200.772
1237,210.158,199.047
1238,249.243,179.816
1239,202.506,227.528
1240,134.471,230.479
1241,193.027,78.546
1242,178.638,161.17
1243,252.979,196.984
1244,225.917,251.095
1245,250.179,111.17
1246,59.777,93.296
1247,92.116,145.384
1248,209.723,231.252
1249,102.14,233.744
1250,95.691,212.178
1251,193.036,226.691
1252,176.872,96.17
1253,116.303,75.795
1254,192.694,213.816
1255,115.631,170.951
1256,106.977,208.356
1257,233.81,211.127
1258,210.106,169.329
1259,167.969,150.289
1260,213.377,162.404
1261,133.378,217.523
1262,142.11,78.129
1263,239.916,212.062
1264,125.338,251.071
1265,108.246,196.964
1266,65.258,235.806
1267,64.537,219.112
1268,134.036,97.768
1269,60.916,145.345
1270,233.28,98.406
1271,136.791,218.67
1272,92.976,95.347
1273,183.236,63.282
1274,85.517,163.451
1275,163.643,102.311
1276,176.345,109.2
1277,87.339,124.673
1278,83.481,143.556
1279,93.203,210.229
1280,129.391,116.803
1281,164.37,228.432
1282,171.336,129.144
1283,175.36,222.616
1284,182.672,150.248
1285,219.362,160.625
1286,235.327,209.707
1287,97.642,138.943
1288,168.144,90.262
1289,116.423,205.756
1290,87.601,107.206
1291,77.667,124.637
1292,219.199,206.381
1293,142.079,103.714
1294,177.4,70.829
1295,228.806,99.863
1296,190.54,193.313
1297,171.267,81.242
1298,110.918,115.711
1299,85.246,158.827
1300,121.481,149.757
1301,155.503,199.355
1302,247.677,203.586
1303,235.847,76.263
1304,165.444,250.486
1305,197.876,215.212
1306,76.019,237.456
1307,79.33,163.899
1308,114.772,213.604
1309,125.392,163.758
1310,157.48,171.207
1311,78.587,196.827
1312,91.585,219.751
1313,121.747,231.597
1314,218.293,153.351
1315,121.915,170.376
1316,144.293,196.449
1317,250.816,86.739
1318,152.911,210.884
1319,115.768,139.467
1320,139.856,179.837
1321,59.199,230.933
1322,110.877,204.065
1323,176.302,170.554
1324,58.844,195.748
1325,154.779,82.093
1326,155.469,148.026
1327,214.858,227.889
1328,81.11,176.705
1329,195.813,223.821
1330,150.68,187.732
1331,252.735,243.817
1332,128.166,159.671
1333,190.64,152.256
1334,240.928,162.708
1335,60.373,192.322
1336,106.388,58.196
1337,72.611,188.427
1338,119.873,135.117
1339,187.776,139.153
1340,60.618,153.014
1341,181.644,150.784
1342,132.398,155.38
1343,74.979,190.656
1344,92.533,175.486
1345,128.795,243.917
1346,208.73,250.466
1347,174.981,124.607
1348,251.767,222.973
1349,123.861,78.085
1350,164.908,216.606
1351,162.437,237.381
1352,62.353,200.267
1353,203.54,159.786
1354,193.293,70.173
1355,206.063,128.881
1356,168.257,159.801
1357,227.956,104.654
1358,152.672,105.556
1359,63.773,146.264
1360,133.691,182.621
1361,146.517,98.521
1362,80.218,58.654
1363,111.542,131.086
1364,223.666,108.444
1365,213.827,185.673
1366,143.783,107.206
1367,129.55,62.113
1368,65.319,82.57
1369,204.371,80.109
1370,251.938,70.283
1371,249.368,185.486
1372,113.538,163.272
1373,74.366,118.277
1374,118.357,68.936
1375,185.865,189.497
1376,150.207,146.332
1377,225.232,99.726
1378,217.293,125.143
1379,142.837,227.879
1380,123.209,162.481
1381,232.716,238.626
1382,166.379,131.573
1383,187.768,155.96
1384,68.761,165.324
1385,121.311,82.894
1386,123.446,64.27
1387,204.963,83.326
1388,86.929,126.261
1389,239.477,65.321
1390,122.688,163.971
1391,198.246,87.626
1392,212.283,184.325
1393,218.486,132.043
1394,247.486,96.707
1395,64.164,233.659
1396,163.145,246.149
1397,167.448,129.838
1398,78.896,204.164
1399,202.481,133.704
1400,79.142,116.197
1401,166.595,202.882
1402,165.15,170.035
1403,159.213,160.722
1404,88.179,178.384
1405,181.641,232.112
1406,93.531,213.495
1407,150.113,173.326
1408,202.731,69.841
1409,230.572,87.574
1410,174.056,223.32
1411,141.073,84.243
1412,117.577,154.806
1413,111.347,66.952
1414,82.813,142.663
1415,185.198,247.259
1416,237.653,93.024
1417,219.864,225.489
1418,250.522,135.331
1419,128.104,124.119
1420,205.704,71.466
1421,118.878,195.818
1422,240.881,237.601
1423,123.78,147.788
1424,81.799,164.552
1425,175.151,209.173
1426,128.228,231.96
1427,194.926,86.799
1428,161.585,65.854
1429,65.196,150.841
1430,133.507,103.715
1431,236.72,170.229
1432,152.403,184.955
1433,92.116,135.132
1434,248.393,180.198
1435,239.971,217.056
1436,126.33,162.496
1437,166.91,82.728
1438,214.834,146.776
1439,131.716,66.595
1440,171.408,68.74
1441,178.52,109.134
1442,218.546,83.784
1443,103.586,207.613
1444,241.958,169.958
1445,163.473,127.887
1446,78.759,72.475
1447,186.238,168.086
1448,81.588,117.447
1449,145.631,243.994
1450,122.466,73.319
1451,91.072,80.998
1452,171.799,119.903
1453,187.792,191.98
1454,60.449,204.241
1455,239.077,72.731
1456,132.196,232.777
1457,106.955,249.255
1458,244.405,90.733
1459,189.789,171.81
1460,175.169,61.228
1461,119.433,85.406
1462,230.713,214.974
1463,183.061,64.123
1464,194.67,132.992
1465,123.621,131.399
1466,159.201,245.985
1467,62.099,237.64
1468,183.76,72.616
1469,59.087,197.107
1470,158.292,170.266
1471,89.314,126.97
1472,116.353,245.299
1473,224.447,232.351
1474,115.135,100.443
1475,120.867,127.381
1476,79.08,112.6
1477,113.087,109.68
1478,235.555,112.932
1479,192.988,115.015
1480,229.929,177.99
1481,128.852,249.387
1482,141.788,132.888
1483,152.594,153.193
1484,206.857,125.376
1485,67.544,222.786
1486,110.492,141.175
1487,175.033,158.72
1488,200.063,97.105
1489,189.703,69.654
1490,215.855,124.815
1491,242.791,225.411
1492,93.903,104.203
1493,156.011,170.79
1494,174.349,222.54
1495,86.349,75.048
1496,107.943,58.911
1497,59.241,130.43
1498,189.827,114.803
1499,181.042,176.448
1500,224.981,87.035
1501,155.795,228.879
1502,94.697,161.492
1503,148.439,200.803
1504,163.674,79.045
1505,187.371,110.561
1506,226.191,77.53
1507,133.583,158.903
1508,84.708,206.413
1509,226.494,140.396
1510,162.521,153.07
1511,162.249,70.732
1512,243.798,183.661
1513,96.534,166.424
1514,244.18,227.565
1515,153.66,71.359
1516,225.041,157.114
1517,175.505,211.391
1518,214.122,79.014
1519,59.574,91.982
1520,223.649,159.552
1521,162.681,215.044
1522,229.871,195.243
1523,100.5,190.653
1524,75.729,177.88
1525,180.266,79.74
1526,99.738,147.16
1527,104.669,232.463
1528,59.691,160.713
1529,195.727,147.235
1530,251.187,148.951
1531,107.247,96.273
1532,111.496,134.425
1533,112.127,63.591
1534,192.822,131.486
1535,120.344,175.903
1536,119.371,140.976
1537,88.675,100.807
1538,99.063,61.275
1539,237.301,176.659
1540,243.555,207.183
1541,178.039,81.898
1542,138.653,86.428
1543,147.722,111.541
1544,139.035,68.162
1545,171.154,93.271
1546,220.007,216.88
1547,69.837,115.374
1548,114.025,164.41
1549,73.694,252.575
1550,153.934,114.73
1551,93.285,221.701
1552,105.136,144.744
1553,82.122,180.19
1554,215.189,73.789
1555,81.947,133.797
1556,133.29,197.699
1557,212.345,121.78
1558,180.825,240.892
1559,73.558,151.028
1560,126.861,121.437
1561,205.142,130.495
1562,205.215,68.695
1563,224.121,152.815
1564,113.994,229.917
1565,155.808,97.569
1566,97.655,162.105
1567,138.084,219.558
1568,110.711,230.222
1569,233.788,249.652
1570,67.787,160.537
1571,231.888,147.682
1572,118.766,180.148
1573,223.564,125.773
1574,67.9,209.412
1575,121.094,219.561
1576,127.602,183.059
1577,203.828,73.985
1578,121.502,182.898
1579,159.967,57.679
1580,67.401,140.347
1581,149.869,103.77
1582,148.24,194.421
1583,153.682,84.274
1584,247.205,185.957
1585,200.3,93.299
1586,130.597,229.082
1587,135.402,181.925
1588,221.243,57.507
1589,153.92,233.086
1590,153.676,194.608
1591,212.439,155.401
1592,215.483,109.165
1593,188.273,234.489
1594,110.662,111.795
1595,129.68,243.74
1596,176.778,108.274
1597,121.331,157.186
1598,195.807,222.214
1599,71.959,89.638
1600,93.031,62.807
1601,223.457,109.461
1602,72.857,79.907
1603,146.731,207.89
1604,91.773,99.932
1605,234.471,251.871
1606,112.527,119.691
1607,232.319,236.176
1608,75.836,228.351
1609,91.221,58.65
1610,98.794,139.628
1611,115.818,160.302
1612,184.851,224.799
1613,247.236,66.155
1614,194.917,163.909
1615,217.324,158.379
1616,102.799,176.598
1617,99.467,140.872
1618,100.251,134.89
1619,95.079,152.684
1620,170.271,174.229
1621,250.706,155.02
1622,130.553,166.615
1623,69.738,202.113
1624,191.751,94.911
1625,236.003,192.089
1626,185.845,198.822
1627,58.156,71.379
1628,83.531,145.166
1629,190.197,92.486
1630,172.619,99.742
1631,73.923,88.659
1632,122.731,74.672
1633,188.278,70.989
1634,117.572,62.383
1635,109.118,63.32
1636,213.438,244.237
1637,229.322,123.897
1638,251.175,122.838
1639,108.667,180.483
1640,239.23,61.906
1641,217.076,190.16
1642,97.574,167.818
1643,161.324,112.093
1644,173.506,200.913
1645,145.766,126.205
1646,208.773,222.288
1647,58.305,150.407
1648,243.486,133.246
1649,160.14,134.355
1650,121.311,185.69
1651,84.78,197.539
1652,169.679,170.121
1653,226.324,231.769
1654,66.521,98.202
1655,83.358,131.5
1656,63.053,222.811
1657,144.252,200.528
1658,94.886,161.758
1659,125.936,210.639
1660,100.395,207.573
1661,221.49,98.426
1662,211.353,216.778
1663,231.903,151.378
1664,189.936,84.391
1665,87.601,188.723
1666,219.639,128.09
1667,234.213,219.72
1668,176.072,105.572
1669,76.544,115.912
1670,252.309,211.292
1671,239.492,245.488
1672,79.848,180.805
1673,217.176,99.228
1674,232.356,66.884
1675,189.806,166.96
1676,231.52,144.251
1677,109.536,176.568
1678,155.578,249.0
1679,165.129,72.296
1680,106.924,214.932
1681,191.442,226.787
1682,167.448,90.604
1683,89.886,112.009
1684,251.903,118.947
1685,227.843,191.557
1686,225.127,230.36
1687,86.249,203.649
1688,131.739,66.817
1689,220.09,186.303
1690,226.898,137.214
1691,61.675,142.421
1692,89.21,126.351
1693,75.278,222.903
1694,187.237,120.668
1695,238.867,96.622
1696,236.535,138.433
1697,122.295,193.611
1698,81.744,157.274
1699,83.766,179.433
1700,141.672,142.39
1701,176.493,152.288
1702,148.883,75.585
1703,180.435,138.326
1704,217.253,168.707
1705,80.765,113.186
1706,171.177,251.656
1707,216.196,62.073
1708,236.347,172.032
1709,113.565,182.938
1710,204.383,209.883
1711,230.072,204.774
1712,101.652,201.163
1713,245.925,67.437
1714,155.4,198.26
1715,124.168,87.016
1716,88.59,164.09
1717,144.712,90.674
1718,76.43,143.355
1719,231.018,130.935
1720,183.833,105.639
1721,180.406,236.604
1722,204.719,92.677
1723,232.273,155.978
1724,187.228,164.596
1725,213.321,204.041
1726,219.579,204.955
1727,250.267,105.502
1728,155.894,202.849
1729,150.81,78.6
1730,57.649,214.535
1731,82.791,68.123
1732,198.893,159.314
1733,137.295,110.557
1734,106.429,58.179
1735,208.665,149.947
1736,223.514,154.077
1737,188.838,237.831
1738,77.13,176.1
1739,190.62,158.152
1740,124.9,242.964
1741,92.366,208.721
1742,235.291,221.885
1743,95.124,204.82
1744,149.055,213.402
1745,59.928,170.597
1746,185.155,121.448
1747,209.105,232.052
1748,85.991,229.133
1749,151.673,85.708
1750,213.005,231.163
1751,162.524,251.049
1752,70.508,219.063
1753,231.275,109.942
1754,88.431,223.019
1755,196.241,190.818
1756,86.512,136.24
1757,178.195,223.204
1758,61.491,78.379
1759,194.616,103.54
1760,107.938,211.396
1761,181.24,208.042
1762,165.636,224.082
1763,103.286,171.325
1764,179.745,108.12
1765,118.739,59.82
1766,129.684,154.996
1767,88.83,112.807
1768,195.694,252.078
1769,178.865,215.816
1770,183.58,245.193
1771,100.562,150.707
1772,132.976,145.057
1773,239.333,169.414
1774,245.188,90.141
1775,70.462,107.871
1776,58.595,65.729
1777,79.803,202.732
1778,243.569,76.667
1779,222.047,149.703
1780,77.663,61.321
1781,165.959,128.356
1782,125.166,119.577
1783,240.996,189.302
1784,134.163,198.233
1785,230.553,134.788
1786,62.876,243.041
1787,143.532,213.618
1788,197.216,90.915
1789,82.903,232.612
1790,195.399,237.548
1791,148.642,241.315
1792,168.019,170.707
1793,252.197,234.731
1794,170.066,177.479
1795,109.267,101.486
1796,156.892,69.993
1797,142.743,213.266
1798,107.081,124.838
1799,142.759,130.574
1800,191.115,113.962
1801,202.421,131.817
1802,189.67,97.113
1803,209.622,175.821
1804,248.021,175.975
1805,202.878,182.607
1806,108.632,134.619
1807,78.649,204.94
1808,230.911,140.897
1809,244.393,250.047
1810,204.125,246.145
1811,204.585,62.59
1812,182.799,198.379
1813,79.891,239.676
1814,155.499,104.568
1815,57.84,173.294
1816,226.342,219.138
1817,147.543,100.261
1818,66.581,117.392
1819,167.644,199.227
1820,100.815,194.76
1821,148.299,79.927
1822,107.839,89.201
1823,90.484,197.573
1824,112.79,139.777
1825,117.652,181.752
1826,201.442,74.5
1827,140.196,226.755
1828,110.811,206.83
1829,72.336,240.584
1830,146.955,208.569
1831,231.115,66.298
1832,245.402,176.376
1833,133.139,189.537
1834,133.529,246.726
1835,196.897,104.247
1836,60.204,182.093
1837,212.47,216.154
1838,162.264,137.494
1839,159.0,99.645
1840,57.959,118.798
1841,107.215,129.251
1842,115.858,196.855
1843,217.427,70.004
1844,169.093,218.305
1845,150.883,119.835
1846,194.116,188.937
1847,216.5,234.555
1848,93.798,172.078
1849,163.417,198.571
1850,212.876,165.084
1851,90.465,93.981
1852,174.556,103.507
1853,232.388,72.247
1854,114.755,203.702
1855,233.476,164.289
1856,203.729,145.251
1857,102.189,62.319
1858,232.83,203.636
1859,225.606,239.81
1860,111.601,236.918
1861,194.032,200.237
1862,157.313,125.014
1863,98.166,142.151
1864,166.433,111.722
1865,244.274,210.407
1866,118.564,194.194
1867,75.619,190.925
1868,164.419,238.353
1869,212.977,177.565
1870,231.076,151.942
1871,67.164,92.633
1872,163.159,119.01
1873,232.147,104.266
1874,186.38,129.723
1875,199.675,174.306
1876,213.356,66.932
1877,249.946,241.478
1878,233.09,160.159
1879,198.924,243.74
1880,240.289,104.82
1881,167.326,210.258
1882,183.094,63.662
1883,223.594,181.012
1884,202.993,194.938
1885,180.977,192.279
1886,143.645,108.9
1887,176.041,212.806
1888,123.263,76.561
1889,111.987,187.286
1890,249.847,146.481
1891,128.559,63.544
1892,196.484,90.049
1893,183.649,78.015
1894,220.924,110.033
1895,152.817,176.453
1896,249.578,106.109
1897,77.478,108.998
1898,79.525,92.034
1899,186.343,234.411
1900,234.536,71.224
1901,117.79,59.602
1902,223.27,137.671
1903,133.619,97.955
1904,165.224,64.277
1905,131.983,116.686
1906,77.572,237.121
1907,171.37,217.205
1908,191.424,190.546
1909,156.786,74.268
1910,206.095,132.092
1911,166.075,67.907
1912,240.132,205.998
1913,230.097,182.205
1914,190.888,192.224
1915,246.317,73.429
1916,170.455,179.187
1917,217.883,160.419
1918,170.613,190.02
1919,145.047,175.514
1920,163.112,174.169
1921,77.569,160.924
1922,97.459,62.271
1923,176.956,91.307
1924,149.667,98.267
1925,250.222,179.678
1926,175.487,140.056
1927,206.482,128.987
1928,68.985,202.869
1929,151.542,74.283
1930,174.26,66.59
1931,64.447,62.328
1932,61.854,123.488
1933,123.239,227.574
1934,76.974,161.528
1935,102.183,246.366
1936,177.004,70.06
1937,247.288,147.139
1938,142.313,155.907
1939,149.437,101.617
1940,165.189,208.834
1941,132.951,89.153
1942,239.925,174.117
1943,186.188,225.78
1944,118.67,82.061
1945,116.138,251.148
1946,220.91,83.476
1947,109.955,176.505
1948,213.978,185.588
1949,191.403,227.609
1950,153.422,162.984
1951,234.506,71.638
1952,168.654,162.187
1953,59.255,96.549
1954,105.483,212.739
1955,107.249,99.5
1956,59.908,195.149
1957,126.15,179.175
1958,66.128,109.691
1959,204.757,249.758
1960,116.535,105.439
1961,91.352,110.168
1962,78.257,213.421
1963,84.21,135.504
1964,62.539,130.19
1965,248.129,113.766
1966,232.952,136.794
1967,125.513,214.414
1968,229.546,206.015
1969,190.89,172.703
1970,159.26,157.123
1971,98.091,57.643
1972,97.79,219.828
1973,205.893,165.866
1974,138.519,142.654
1975,194.135,228.587
1976,96.492,182.145
1977,156.57,176.372
1978,116.869,84.178
1979,90.705,71.255
1980,130.415,191.653
1981,157.196,86.27
1982,213.666,198.972
1983,148.528,140.598
1984,109.954,143.983
1985,235.622,192.753
1986,95.902,160.444
1987,74.022,226.646
1988,67.148,134.24
1989,160.033,241.683
1990,224.005,63.508
1991,101.268,112.757
1992,152.469,181.645
1993,82.116,175.352
1994,110.534,197.044
1995,57.676,92.201
1996,65.757,103.221
1997,239.247,227.825
1998,171.133,134.674
1999,84.467,111.331
2000,166.755,195.27
2001,74.066,150.195
2002,80.731,248.844
2003,67.338,165.576
2004,179.728,212.813
2005,75.171,78.403
2006,180.563,215.342
2007,125.498,200.259
2008,99.952,70.904
2009,234.619,152.72
2010,240.04,252.795
2011,150.741,222.345
2012,61.38,175.078
2013,82.882,222.616
2014,111.868,62.623
2015,240.141,141.66
2016,188.75,174.113
2017,154.119,151.835
2018,140.751,91.916
2019,107.328,173.485
2020,91.441,126.829
2021,89.103,76.648
2022,246.261,88.666
2023,125.281,222.985
2024,179.614,217.976
2025,81.388,197.043
2026,69.388,156.059
2027,184.364,142.073
2028,88.137,211.757
2029,106.682,101.562
2030,171.35,189.811
2031,205.428,120.067
2032,183.063,240.243
2033,202.31,202.814
2034,203.803,165.036
2035,130.136,70.501
2036,235.823,61.03
2037,83.031,166.6
2038,95.515,238.504
2039,107.13,197.551
2040,196.943,173.114
2041,248.968,85.741
2042,68.646,108.764
2043,165.592,169.973
2044,178.737,230.633
2045,105.93,66.292
2046,183.255,234.991
2047,215.903,63.491
2048,208.299,113.316
2049,175.758,220.671
2050,142.476,203.35
2051,133.027,176.746
2052,171.798,251.374
2053,70.951,228.428
2054,149.984,116.616
2055,164.275,94.058
2056,99.539,161.845
2057,128.596,159.182
2058,240.778,103.363
2059,195.615,148.759
2060,110.477,241.078
2061,207.24,169.658
2062,217.246,144.795
2063,236.096,216.361
2064,77.388,62.034
2065,65.377,93.219
2066,82.44,219.454
2067,98.326,109.139
2068,133.022,193.645
2069,165.656,123.093
2070,132.042,209.124
2071,173.464,76.724
2072,92.821,230.401
2073,232.822,184.627
2074,231.605,185.104
2075,235.061,207.502
2076,250.071,168.326
2077,96.771,231.413
2078,157.46,191.067
2079,119.164,211.473
2080,252.892,176.168
2081,129.173,240.83
2082,188.741,100.795
2083,189.116,136.803
2084,110.412,170.108
2085,66.851,182.601
2086,154.253,158.473
2087,90.628,127.147
2088,200.626,93.838
2089,172.778,232.245
2090,231.792,168.001
2091,95.207,70.196
2092,212.044,248.002
2093,209.797,208.728
2094,252.927,243.514
2095,166.551,248.526
2096,146.286,80.786
2097,96.976,166.484
2098,140.817,189.426
2099,119.025,70.725
2100,164.146,200.698
2101,216.186,190.54
2102,91.732,202.644
2103,123.541,154.993
2104,218.985,111.494
2105,188.304,134.849
2106,150.592,177.88
2107,138.583,113.1
2108,250.041,106.068
2109,197.094,211.743
2110,208.332,137.225
2111,108.452,198.916
2112,137.575,133.185
2113,174.61,163.473
2114,243.798,58.438
2115,150.588,134.096
2116,239.271,167.769
2117,148.598,83.955
2118,184.756,120.248
2119,214.717,124.215
2120,58.043,125.93
2121,120.5,244.663
2122,156.85,241.015
2123,232.661,72.032
2124,250.839,57.899
2125,59.796,131.188
2126,110.064,201.587
2127,67.385,222.332
2128,87.277,111.479
2129,172.595,221.623
2130,150.818,69.262
2131,74.06,214.611
2132,60.454,230.602
2133,156.696,116.466
2134,114.463,89.946
2135,202.891,59.906
2136,244.722,164.345
2137,175.805,125.152
2138,140.23,145.74
2139,153.344,110.106
2140,214.96,140.482
2141,144.461,75.606
2142,144.505,191.07
2143,60.094,84.362
2144,242.272,225.861
2145,125.2,181.188
2146,218.071,75.723
2147,138.045,112.212
2148,159.157,107.451
2149,94.929,69.778
2150,163.453,108.704
2151,192.359,188.723
2152,185.797,162.632
2153,60.667,153.256
2154,159.923,180.494
2155,57.743,207.096
2156,118.17,248.961
2157,165.23,90.107
2158,58.494,243.81
2159,90.71,204.88
2160,104.86,159.543
2161,67.79,117.471
2162,79.734,143.89
2163,203.269,224.408
2164,87.153,191.064
2165,200.628,138.823
2166,170.201,70.217
2167,166.662,247.098
2168,74.028,65.149
2169,252.032,138.261
2170,148.796,82.435
2171,116.689,243.586
2172,86.462,247.445
2173,252.55,114.047
2174,198.281,205.099
2175,209.303,64.444
2176,156.226,105.355
2177,109.737,138.779
2178,248.972,102.458
2179,195.008,97.537
2180,152.554,194.828
2181,60.64,79.214
2182,207.244,223.144
2183,157.921,80.836
2184,94.154,153.896
2185,90.017,118.704
2186,225.181,88.682
2187,181.18,67.748
2188,111.522,75.985
2189,58.031,112.828
2190,184.456,175.893
2191,104.552,142.462
2192,158.789,96.733
2193,149.298,193.609
2194,125.891,115.683
2195,195.061,71.599
2196,184.225,102.014
2197,201.511,124.813
2198,125.306,187.472
2199,181.277,201.067
2200,158.952,57.948
2201,113.771,238.194
2202,238.122,122.755
2203,190.407,66.903
2204,174.504,129.107
2205,153.126,137.464
2206,100.637,190.309
2207,74.494,105.225
2208,117.246,82.654
2209,139.602,122.986
2210,125.782,183.448
2211,230.343,120.569
2212,61.3,198.034
2213,135.075,250.373
2214,186.238,187.403
2215,140.978,181.822
2216,139.831,176.895
2217,198.606,114.877
2218,67.486,156.656
2219,68.953,100.113
2220,152.149,120.841
2221,89.197,137.73
2222,213.43,232.618
2223,201.512,77.196
2224,158.364,214.12
2225,217.399,82.277
2226,109.464,186.222
2227,208.958,204.071
2228,252.857,66.49
2229,232.773,172.967
2230,85.618,92.003
2231,165.073,199.227
2232,208.631,93.942
2233,157.501,177.868
2234,178.801,163.312
2235,216.242,119.197
2236,214.444,208.174
2237,219.413,85.087
2238,100.583,125.518
2239,182.813,115.68
2240,212.987,62.162
2241,183.389,215.125
2242,130.947,249.877
2243,243.113,81.241
2244,225.15,138.239
2245,94.568,158.546
2246,187.412,209.088
2247,187.432,251.729
2248,164.017,84.559
2249,62.055,92.668
2250,176.372,117.404
2251,177.424,221.03
2252,178.714,187.682
2253,137.813,211.505
2254,150.501,146.378
2255,213.217,210.872
2256,75.767,126.473
2257,157.92,71.206
2258,175.787,170.035
2259,114.333,186.427
2260,147.63,129.033
2261,69.105,144.888
2262,60.273,129.478
2263,198.613,159.494
2264,178.056,141.418
2265,111.505,73.743
2266,221.017,116.87
2267,252.217,89.6
2268,84.973,104.468
2269,223.778,84.166
2270,237.131,114.085
2271,191.083,202.266
2272,132.674,87.337
2273,176.093,122.658
2274,252.753,252.841
2275,113.226,131.331
2276,227.934,138.052
2277,209.254,116.829
2278,65.325,66.133
2279,235.232,139.496
2280,57.999,244.392
2281,74.361,87.686
2282,232.068,247.769
2283,244.75,207.043
2284,180.969,178.668
2285,128.877,252.34
2286,122.669,82.617
2287,189.415,60.161
2288,138.48,128.857
2289,172.75,115.51
2290,126.69,208.585
2291,59.114,245.005
2292,153.165,172.538
2293,93.058,87.314
2294,84.267,245.112
2295,71.287,226.958
2296,86.046,100.116
2297,117.126,78.344
2298,149.506,85.124
2299,118.612,86.073
2300,175.328,92.285
2301,76.571,187.352
2302,177.924,132.845
2303,207.022,105.951
2304,203.156,187.438
2305,148.243,124.238
2306,204.908,153.02
2307,92.872,222.97
2308,128.944,215.304
2309,107.97,81.779
2310,224.726,61.794
2311,201.498,122.275
2312,233.885,112.611
2313,101.36,115.491
2314,92.425,139.616
2315,124.556,142.833
2316,170.784,134.871
2317,73.642,108.348
2318,60.329,204.703
2319,173.367,103.438
2320,132.019,161.321
2321,98.33,153.441
2322,125.454,99.712
2323,157.289,198.535
2324,96.59,62.598
2325,189.354,64.966
2326,123.147,93.856
2327,232.7,80.908
2328,185.733,169.209
2329,221.551,117.993
2330,249.977,240.966
2331,141.316,115.453
2332,172.038,251.293
2333,231.338,60.742
2334,67.859,243.644
2335,153.454,221.005
2336,179.912,87.691
2337,176.341,106.319
2338,209.406,177.323
2339,152.67,180.612
2340,86.0,100.974
2341,92.043,197.819
2342,108.883,222.922
2343,103.519,181.357
2344,157.265,231.766
2345,152.112,196.366
2346,117.506,198.145
2347,244.242,187.994
2348,80.331,61.311
2349,126.311,97.907
2350,160.195,142.737
2351,175.259,193.659
2352,168.748,113.408
2353,181.407,128.208
2354,131.745,132.711
2355,182.701,90.87
2356,90.037,124.093
2357,80.554,65.325
2358,182.148,159.67
2359,184.432,198.65
2360,159.532,191.748
2361,201.149,214.662
2362,182.62,224.808
2363,145.769,136.304
2364,250.843,169.815
2365,188.735,92.058
2366,193.729,99.404
2367,77.225,113.981
2368,128.761,57.782
2369,229.074,119.727
2370,161.332,190.731
2371,146.764,151.379
2372,83.751,205.636
2373,169.026,65.605
2374,240.82,70.924
2375,128.016,157.354
2376,223.907,59.503
2377,121.898,125.564
2378,180.421,60.961
2379,168.14,133.501
2380,199.578,77.05
2381,207.734,167.081
2382,140.648,127.522
2383,78.369,82.6
2384,102.843,195.368
2385,132.045,139.501
2386,176.519,147.056
2387,80.805,178.118
2388,67.446,204.563
2389,236.991,175.244
2390,67.083,97.37
2391,214.313,111.813
2392,82.207,112.927
2393,107.196,133.28
2394,132.071,219.508
2395,108.464,221.834
2396,106.287,70.263
2397,70.126,112.773
2398,232.835,188.568
2399,99.688,203.431
2400,213.136,196.587
2401,173.495,177.487
2402,108.596,225.321
2403,68.378,179.572
2404,86.253,181.196
2405,69.019,149.688
2406,190.701,190.77
2407,63.613,70.636
2408,155.294,148.625
2409,114.321,219.088
2410,76.544,160.529
2411,150.223,233.364
2412,113.351,218.448
2413,169.047,69.614
2414,76.582,123.177
2415,79.064,206.344
2416,106.045,248.335
2417,172.807,140.69
2418,209.525,102.33
2419,89.653,89.959
2420,218.523,105.047
2421,122.288,230.167
2422,135.627,230.636
2423,167.574,199.672
2424,207.675,202.526
2425,77.745,244.149
2426,102.949,248.404
2427,163.726,208.852
2428,232.378,135.07
2429,121.049,147.053
2430,142.846,118.713
2431,211.784,214.958
2432,60.411,102.468
2433,206.808,196.487
2434,122.819,114.73
2435,234.436,65.662
2436,215.85,129.635
2437,139.946,92.894
2438,144.345,93.131
2439,111.52,209.405
2440,169.104,103.41
2441,174.346,69.551
2442,165.039,150.395
2443,167.873,98.349
2444,215.533,124.093
2445,123.171,89.867
2446,251.657,174.824
2447,165.695,242.671
2448,152.987,141.8
2449,183.377,251.014
2450,111.146,167.539
2451,61.586,180.581
2452,174.814,97.357
2453,252.273,122.416
2454,225.029,210.291
2455,111.74,131.256
2456,106.385,247.293
2457,247.507,134.643
2458,84.991,157.775
2459,124.923,219.911
2460,64.516,58.453
2461,168.707,142.875
2462,150.789,104.562
2463,132.58,58.586
2464,152.272,122.819
2465,208.406,228.873
2466,135.349,126.011
2467,146.864,100.482
2468,241.169,72.171
2469,130.647,76.302
2470,189.786,68.505
2471,67.328,135.425
2472,247.058,166.922
2473,219.993,60.341
2474,65.576,133.83
2475,131.443,214.894
2476,153.474,62.853
2477,216.673,58.536
2478,86.128,126.023
2479,151.318,103.595
2480,178.295,116.112
2481,112.626,118.515
2482,162.858,202.945
2483,225.005,252.991
2484,70.064,232.929
2485,232.268,139.597
2486,226.844,168.163
2487,102.623,83.384
2488,82.721,109.258
2489,160.846,105.116
2490,239.904,225.585
2491,213.372,58.958
2492,212.812,77.603
2493,98.941,213.907
2494,103.304,127.667
2495,166.502,134.07
2496,119.802,186.676
2497,144.552,151.738
2498,245.353,114.202
2499,180.14,239.5
2500,207.567,202.339
2501,216.113,61.648
2502,161.557,86.246
2503,199.428,114.784
2504,123.103,135.372
2505,98.108,176.296
2506,153.212,171.229
2507,187.54,133.477
2508,122.875,91.188
2509,133.536,117.189
2510,208.261,145.313
2511,158.409,238.126
2512,205.615,160.361
2513,76.891,147.811
2514,72.695,144.649
2515,79.505,87.115
2516,223.16,124.375
2517,106.189,176.929
2518,237.797,116.066
2519,61.472,135.2
2520,94.451,65.477
2521,111.578,213.273
2522,199.878,130.694
2523,139.889,62.265
2524,153.091,129.365
2525,220.524,113.028
2526,105.626,83.29
2527,199.066,240.51
2528,223.007,223.641
2529,148.693,222.622
2530,177.515,82.008
2531,104.138,184.212
2532,234.213,219.86
2533,192.495,180.129
2534,120.917,77.815
2535,62.134,245.672
2536,211.316,230.794
2537,94.872,109.243
2538,243.374,128.93
2539,104.883,118.913
2540,181.04,105.848
2541,81.389,84.432
2542,196.616,91.981
2543,227.239,166.422
2544,126.431,184.047
2545,89.992,187.684
2546,115.649,114.087
2547,199.183,117.341
2548,190.85,139.545
2549,185.517,157.331
2550,142.157,117.781
2551,72.501,199.564
2552,74.678,144.305
2553,139.872,59.671
2554,201.848,155.918
2555,191.162,176.531
2556,96.945,129.505
2557,89.013,227.824
2558,143.506,153.242
2559,146.22,81.17
2560,146.676,163.463
2561,220.495,134.789
2562,101.742,109.217
2563,90.269,110.54
2564,182.876,61.517
2565,104.37,88.245
2566,216.448,140.181
2567,188.932,171.008
2568,231.046,188.737
2569,158.456,132.189
2570,67.078,228.479
2571,108.459,123.846
2572,113.323,198.001
2573,183.37,155.005
2574,82.984,90.584
2575,95.962,211.764
2576,153.239,119.735
2577,61.46,147.553
2578,199.16,179.686
2579,179.781,109.434
2580,238.803,58.093
2581,76.393,94.407
2582,62.14,183.353
2583,90.858,69.875
2584,72.243,109.562
2585,238.098,160.377
2586,190.085,171.103
2587,144.696,105.864
2588,235.425,124.213
2589,184.271,132.02
2590,187.201,65.938
2591,145.513,73.722
2592,209.238,101.37
2593,121.124,219.625
2594,251.452,250.852
2595,241.313,169.161
2596,86.729,199.037
2597,150.961,189.657
2598,191.224,173.729
2599,198.212,243.266
2600,124.036,207.226
2601,59.887,74.248
2602,77.323,240.608
2603,122.878,181.097
2604,94.827,171.925
2605,74.01,157.83
2606,216.965,239.115
2607,192.954,73.798
2608,123.005,197.543
2609,66.947,199.629
2610,130.83,213.616
2611,244.239,130.447
2612,230.662,103.989
2613,116.112,114.48
2614,117.036,101.758
2615,228.802,66.451
2616,63.469,95.561
2617,167.829,99.731
2618,225.49,91.038
2619,219.298,126.203
2620,115.888,142.965
2621,226.296,65.044
2622,99.057,68.468
2623,85.823,136.889
2624,127.606,194.48
2625,234.962,99.71
2626,111.462,75.157
2627,208.209,233.276
2628,132.275,241.945
2629,162.936,87.375
2630,186.95,169.054
2631,115.591,216.776
2632,80.871,145.073
2633,177.861,127.642
2634,157.61,135.657
2635,88.161,147.671
2636,136.83,84.936
2637,187.839,245.357
2638,144.835,98.491
2639,129.541,154.447
2640,164.601,252.076
2641,61.849,151.739
2642,207.848,209.736
2643,196.397,179.258
2644,66.939,220.037
2645,132.451,212.967
2646,174.418,226.177
2647,156.361,145.78
2648,211.311,234.962
2649,226.95,73.522
2650,88.976,173.152
2651,183.948,72.858
2652,154.764,61.327
2653,109.889,93.087
2654,107.205,132.56
2655,145.11,213.719
2656,191.096,205.084
2657,223.214,228.623
2658,113.965,130.937
2659,184.814,91.119
2660,91.081,243.608
2661,119.504,70.106
2662,180.101,196.213
2663,227.006,248.48
2664,190.017,131.261
2665,80.069,125.65
2666,165.664,131.552
2667,164.567,204.923
2668,86.657,61.85
2669,228.556,93.047
2670,88.185,144.752
2671,169.097,121.726
2672,130.255,64.383
2673,227.39,78.536
2674,208.785,149.451
2675,177.839,205.697
2676,166.057,108.773
2677,221.546,179.597
2678,176.851,242.252
2679,68.513,135.303
2680,222.325,79.21
2681,140.428,65.76
2682,135.664,135.125
2683,162.322,177.924
2684,121.321,190.985
2685,81.155,89.607
2686,72.755,236.994
2687,132.681,163.209
2688,135.817,85.366
2689,222.469,92.737
2690,243.53,96.737
2691,141.724,243.241
2692,115.305,193.973
2693,137.08,95.041
2694,193.668,223.293
2695,226.073,202.485
2696,123.836,158.054
2697,132.471,165.17
2698,202.032,94.252
2699,234.692,166.386
2700,211.735,132.32
2701,195.566,146.885
2702,241.197,113.503
2703,152.007,67.751
2704,202.527,248.498
2705,134.674,159.182
2706,66.255,150.309
2707,140.328,68.387
2708,162.366,196.865
2709,211.107,127.606
2710,167.227,139.743
2711,186.17,114.544
2712,229.012,171.839
2713,215.255,84.551
2714,149.23,210.95
2715,195.547,148.732
2716,168.453,215.889
2717,206.615,117.758
2718,181.728,125.776
2719,136.069,243.821
2720,184.74,140.014
2721,216.397,69.727
2722,65.095,89.481
2723,246.565,154.855
2724,163.754,65.317
2725,104.865,225.058
2726,230.162,141.069
2727,156.122,75.605
2728,127.788,146.813
2729,130.99,115.667
2730,220.934,98.357
2731,161.742,141.687
2732,237.235,114.147
2733,82.197,181.942
2734,206.535,116.324
2735,174.415,221.798
2736,220.887,131.632
2737,207.024,233.531
2738,112.408,75.223
2739,223.556,68.671
2740,223.956,103.062
2741,120.404,62.617
2742,142.331,103.968
2743,239.578,77.179
2744,85.959,232.138
2745,95.253,160.216
2746,150.381,99.577
2747,166.513,215.414
2748,110.172,222.393
2749,131.022,163.943
2750,185.096,59.877
2751,150.492,70.072
2752,252.05,233.823
2753,59.641,145.738
2754,92.596,248.641
2755,170.177,200.962
2756,66.219,189.305
2757,87.781,220.437
2758,192.46,71.16
2759,97.864,124.201
2760,235.784,246.062
2761,164.85,142.302
2762,220.607,233.428
2763,210.41,102.229
2764,108.384,60.374
2765,217.677,64.94
2766,210.412,177.976
2767,104.591,214.552
2768,76.027,160.641
2769,145.981,169.746
2770,153.339,243.471
2771,109.607,126.948
2772,115.592,245.84
2773,76.756,126.643
2774,103.66,108.672
2775,130.945,128.37
2776,203.891,157.463
2777,207.94,252.489
2778,58.74,127.639
2779,96.819,183.522
2780,249.78,173.86
2781,250.794,221.757
2782,197.053,193.632
2783,250.969,149.595
2784,122.726,94.842
2785,99.188,152.526
2786,58.851,192.288
2787,243.338,186.343
2788,95.291,174.128
2789,188.086,134.836
2790,93.088,190.228
2791,180.771,160.459
2792,205.975,222.943
2793,229.441,209.345
2794,77.157,92.395
2795,115.955,143.884
2796,224.763,138.828
2797,184.048,154.508
2798,70.632,214.477
2799,220.842,197.178
2800,236.909,174.084
2801,80.958,160.114
2802,196.745,230.546
2803,103.615,180.599
2804,130.591,195.95
2805,131.651,242.272
2806,70.629,118.791
2807,114.519,131.048
2808,77.168,106.652
2809,245.817,204.105
2810,222.521,115.829
2811,141.615,148.349
2812,144.801,111.03
2813,197.19,102.923
2814,145.08,57.76
2815,214.293,184.305
2816,186.974,241.561
2817,177.494,198.852
2818,109.953,81.791
2819,213.611,241.832
2820,182.687,208.185
2821,62.081,178.32
2822,97.5,87.07
2823,155.772,60.164
2824,61.641,196.31
2825,145.205,91.523
2826,195.56,86.151
2827,234.372,199.528
2828,148.393,134.998
2829,150.973,62.555
2830,101.919,153.211
2831,150.159,232.654
2832,225.607,251.341
2833,111.786,181.7
2834,150.957,66.242
2835,209.021,63.998
2836,142.675,233.705
2837,238.765,237.217
2838,115.204,69.206
2839,159.483,91.115
2840,248.55,90.552
2841,77.875,107.677
2842,220.104,61.347
2843,172.74,85.424
2844,87.761,120.832
2845,157.023,111.849
2846,192.093,229.42
2847,215.153,99.885
2848,157.58,144.047
2849,152.258,237.719
2850,133.067,119.638
2851,203.639,110.823
2852,228.671,123.56
2853,162.958,211.115
2854,148.952,119.793
2855,199.566,103.489
2856,191.072,60.852
2857,162.981,185.345
2858,202.842,125.968
2859,93.827,94.441
2860,168.904,119.709
2861,73.205,193.547
2862,102.726,164.124
2863,221.612,134.135
2864,205.665,247.815
2865,61.086,69.601
2866,114.393,210.627
2867,74.347,152.6
2868,190.022,147.779
2869,70.604,239.125
2870,121.124,109.042
2871,226.853,101.269
2872,183.62,123.997
2873,198.836,237.952
2874,216.143,186.508
2875,135.191,68.271
2876,121.226,60.063
2877,127.221,142.127
2878,181.371,152.67
2879,218.748,192.369
2880,238.064,194.355
2881,201.429,228.034
2882,242.046,220.519
2883,193.199,224.138
2884,107.983,181.702
2885,78.425,245.038
2886,87.968,245.138
2887,138.278,169.729
2888,133.681,223.081
2889,108.805,194.56
2890,201.226,123.961
2891,116.966,219.984
2892,194.013,161.332
2893,88.722,250.267
2894,184.448,127.193
2895,127.319,186.774
2896,129.263,153.667
2897,214.006,206.582
2898,61.454,60.941
2899,70.047,111.01
2900,243.226,202.948
2901,117.391,98.022
2902,103.945,67.913
2903,71.263,68.36
2904,76.653,217.155
2905,183.782,68.039
2906,183.698,112.874
2907,93.112,242.385
2908,139.125,214.779
2909,96.264,178.232
2910,147.751,190.643
2911,58.57,148.269
2912,195.108,88.866
2913,94.852,195.026
2914,198.587,141.112
2915,167.232,63.077
2916,88.172,158.948
2917,132.777,128.196
2918,65.154,111.657
2919,98.917,176.665
2920,171.171,148.839
2921,60.731,157.267
2922,170.769,87.394
2923,166.693,234.672
2924,63.892,153.452
2925,116.629,138.18
2926,242.82,94.308
2927,162.763,185.652
2928,96.183,209.58
2929,67.47,156.733
2930,165.108,85.747
2931,233.442,172.371
2932,189.878,152.975
2933,232.606,94.215
2934,113.838,130.801
2935,159.501,150.437
2936,107.178,116.239
2937,116.646,236.755
2938,197.866,164.243
2939,171.676,91.416
2940,59.293,73.993
2941,164.34,122.584
2942,144.724,148.851
2943,124.276,249.799
2944,120.86,168.149
2945,105.902,224.788
2946,107.305,100.025
2947,241.133,163.922
2948,127.603,195.106
2949,71.47,186.824
2950,136.468,169.712
2951,81.864,92.916
2952,247.286,190.85
2953,66.658,178.197
2954,188.611,205.889
2955,178.951,249.518
2956,248.584,249.009
2957,79.385,100.017
2958,111.568,139.136
2959,116.791,105.056
2960,130.702,66.077
2961,130.401,112.62
2962,218.047,215.008
2963,178.827,126.505
2964,182.451,134.928
2965,170.642,133.985
2966,242.107,169.556
2967,124.023,184.159
2968,222.053,244.782
2969,77.662,114.314
2970,241.734,172.779
2971,227.432,155.793
2972,91.285,250.571
2973,119.538,213.216
2974,193.282,148.736
2975,136.492,70.864
2976,225.254,102.611
2977,78.914,71.85
2978,140.671,168.571
2979,77.029,88.043
2980,246.496,214.694
2981,73.553,126.582
2982,199.537,159.955
2983,175.065,231.776
2984,206.57,76.031
2985,65.584,179.686
2986,61.159,226.333
2987,208.223,198.657
2988,140.786,238.152
2989,72.496,182.699
2990,91.575,206.486
2991,210.106,89.59
2992,178.733,168.288
2993,203.48,123.419
2994,78.266,164.781
2995,124.689,211.261
2996,76.085,179.632
2997,100.473,139.714
2998,156.571,85.594
2999,121.341,159.232
3000,213.447,180.035
3001,100.626,201.206
3002,151.376,108.433
3003,81.903,112.036
3004,75.249,125.286
3005,216.284,185.386
3006,125.951,128.169
3007,126.198,133.839
3008,191.845,98.265
3009,139.912,95.963
3010,63.659,86.381
3011,161.064,167.461
3012,92.003,246.179
3013,237.203,230.697
3014,234.588,226.068
3015,91.924,209.755
3016,202.592,137.129
3017,164.117,207.689
3018,223.637,192.111
3019,145.953,251.268
3020,173.832,133.466
3021,75.346,110.648
3022,72.199,130.173
3023,71.554,195.502
3024,197.062,138.437
3025,216.846,73.923
3026,90.33,96.31
3027,201.165,243.862
3028,148.105,215.463
3029,144.402,72.795
3030,213.8,197.864
3031,99.743,249.719
3032,237.262,245.82
3033,96.595,209.621
3034,103.487,93.825
3035,164.552,131.671
3036,159.178,208.513
3037,202.54,84.77
3038,161.181,156.741
3039,212.849,245.282
3040,88.098,81.029
3041,222.108,191.13
3042,211.234,59.755
3043,150.461,175.551
3044,144.264,141.83
3045,57.971,216.641
3046,98.603,205.768
3047,249.8,119.794
3048,208.983,104.38
3049,117.752,241.457
3050,248.244,113.127
3051,146.098,103.943
3052,69.919,231.716
3053,133.648,143.066
3054,138.918,176.59
3055,227.513,113.297
3056,84.143,108.427
3057,103.429,127.155
3058,61.405,146.134
3059,171.832,174.931
3060,199.524,74.239
3061,197.545,240.016
3062,108.345,154.513
3063,111.818,243.724
3064,122.97,95.07
3065,168.531,209.213
3066,238.227,189.297
3067,178.592,225.252
3068,127.881,207.3
3069,144.41,110.66
3070,63.605,217.229
3071,217.885,177.333
3072,121.207,250.446
3073,76.749,100.802
3074,245.452,100.414
3075,67.416,119.702
3076,140.874,174.319
3077,160.512,168.408
3078,182.282,58.725
3079,208.929,74.159
3080,210.106,84.459
3081,226.864,89.667
3082,132.272,236.519
3083,92.768,129.611
3084,73.964,144.722
3085,64.116,224.68
3086,142.074,101.121
3087,151.165,72.581
3088,167.716,107.799
3089,200.845,97.774
3090,78.692,250.415
3091,89.413,243.584
3092,198.994,222.03
3093,81.396,166.4
3094,172.141,106.746
3095,186.703,210.972
3096,156.835,128.056
3097,115.328,195.422
3098,147.741,227.453
3099,134.039,100.164
3100,131.332,190.551
3101,191.343,250.032
3102,81.433,107.784
3103,207.451,229.755
3104,112.995,91.572
3105,80.913,250.118
3106,133.586,120.092
3107,109.339,115.022
3108,244.482,88.69
3109,206.205,131.499
3110,129.416,211.6
3111,119.838,151.526
3112,229.74,139.437
3113,137.417,80.829
3114,154.175,60.614
3115,132.832,159.815
3116,210.393,251.972
3117,106.644,195.983
3118,162.064,223.125
3119,173.492,60.444
3120,71.524,109.238
3121,133.523,91.895
3122,64.623,104.92
3123,251.811,139.255
3124,219.586,227.752
3125,131.566,169.969
3126,84.771,156.72
3127,162.743,123.258
3128,123.354,194.589
3129,153.616,161.71
3130,88.284,174.121
3131,149.562,168.184
3132,252.033,147.898
3133,219.717,133.103
3134,205.401,105.901
3135,104.216,190.511
3136,120.523,188.581
3137,137.47,170.972
3138,240.349,68.863
3139,115.745,163.021
3140,99.616,249.949
3141,217.727,92.57
3142,232.279,77.204
3143,113.822,95.945
3144,100.058,229.575
3145,163.364,150.277
3146,213.195,106.282
3147,161.952,167.747
3148,172.974,135.71
3149,143.909,138.313
3150,182.13,240.941
3151,147.273,76.597
3152,199.694,85.136
3153,122.042,239.878
3154,244.406,172.634
3155,170.402,154.667
3156,63.6,150.06
3157,152.472,247.069
3158,232.579,183.269
3159,82.393,117.283
3160,99.076,183.894
3161,124.526,75.101
3162,89.904,154.939
3163,246.063,215.825
3164,203.699,61.355
3165,117.981,174.343
3166,113.529,246.033
3167,118.406,248.37
3168,201.538,107.962
3169,82.781,81.307
3170,247.742,251.718
3171,76.341,222.554
3172,58.414,214.062
3173,58.481,124.205
3174,115.503,72.616
3175,69.964,115.176
3176,116.839,184.315
3177,79.172,162.429
3178,114.522,61.53
3179,196.171,229.557
3180,230.524,58.388
3181,85.6,120.19
3182,126.698,176.727
3183,196.589,139.391
3184,241.355,182.721
3185,191.588,85.481
3186,159.936,208.476
3187,154.639,116.973
3188,134.828,75.492
3189,188.824,87.105
3190,106.114,137.009
3191,220.285,167.72
3192,156.9,58.443
3193,76.038,81.538
3194,196.527,95.348
3195,189.11,245.181
3196,189.4,182.998
3197,198.842,216.796
3198,62.001,113.301
3199,111.788,165.662
3200,146.195,151.056
3201,156.221,145.544
3202,141.999,179.259
3203,240.427,112.779
3204,195.164,161.809
3205,168.31,237.531
3206,235.653,243.072
3207,242.379,193.103
3208,154.465,89.986
3209,168.15,245.701
3210,89.989,166.014
3211,160.3,181.842
3212,127.436,205.45
3213,180.78,236.017
3214,163.811,211.778
3215,153.898,148.664
3216,185.119,77.214
3217,213.381,159.941
3218,93.261,229.246
3219,197.519,193.512
3220,137.595,71.301
3221,235.507,119.65
3222,234.63,72.861
3223,125.704,60.017
3224,117.991,111.983
3225,169.185,193.879
3226,72.311,216.621
3227,249.228,136.69
3228,121.448,72.661
3229,235.862,161.802
3230,163.501,171.215
3231,161.969,104.387
3232,105.856,244.131
3233,245.804,63.193
3234,225.379,77.915
3235,176.896,142.35
3236,130.079,131.882
3237,110.109,130.931
3238,75.501,78.312
3239,88.181,170.272
3240,76.572,120.393
3241,174.277,57.844
3242,242.767,197.222
3243,62.116,94.565
3244,157.329,171.956
3245,193.87,140.425
3246,79.654,189.023
3247,81.145,77.901
3248,145.212,252.526
3249,199.912,109.216
3250,137.795,62.013
3251,242.054,131.846
3252,240.948,170.612
3253,232.92,84.278
3254,105.116,108.981
3255,188.732,224.278
3256,143.298,201.804
3257,229.407,108.742
3258,68.667,241.866
3259,243.673,114.536
3260,174.718,63.216
3261,251.143,186.366
3262,197.197,92.798
3263,182.791,140.536
3264,237.788,157.367
3265,99.875,86.122
3266,77.568,84.56
3267,192.166,211.755
3268,93.721,186.505
3269,225.415,237.559
3270,178.256,170.047
3271,227.539,222.722
3272,149.941,180.415
3273,200.501,135.831
3274,111.532,92.422
3275,148.476,219.314
3276,74.185,88.671
3277,57.934,240.435
3278,244.987,94.379
3279,175.946,147.423
3280,68.88,73.332
3281,207.541,116.809
3282,229.585,101.819
3283,96.245,187.711
3284,232.663,111.338
3285,218.319,181.912
3286,162.982,67.338
3287,157.611,219.136
3288,81.764,179.592
3289,121.155,107.517
3290,76.009,89.986
3291,216.859,117.885
3292,169.797,145.112
3293,75.645,167.799
3294,183.817,67.328
3295,246.148,252.017
3296,246.138,169.985
3297,168.061,58.592
3298,201.94,72.01
3299,149.023,215.701
3300,219.343,175.356
3301,149.189,162.344
3302,99.333,148.994
3303,134.409,108.543
3304,196.058,223.536
3305,113.155,91.547
3306,89.135,82.964
3307,110.961,103.687
3308,73.871,194.821
3309,163.655,237.108
3310,252.878,233.856
3311,167.006,91.929
3312,168.858,223.969
3313,172.727,243.806
3314,242.756,194.436
3315,226.236,80.511
3316,77.323,61.582
3317,214.034,86.356
3318,65.289,58.444
3319,73.146,224.259
3320,230.482,121.024
3321,175.264,80.304
3322,92.514,247.557
3323,108.079,100.195
3324,103.711,213.089
3325,75.261,190.807
3326,233.695,114.533
3327,147.976,183.198
3328,91.958,229.847
3329,108.382,250.911
3330,245.03,108.344
3331,96.888,103.122
3332,139.901,75.505
3333,228.643,152.291
3334,80.126,71.769
3335,237.573,98.749
3336,217.991,220.033
3337,68.821,246.759
3338,62.777,80.402
3339,239.431,94.503
3340,120.202,140.605
3341,118.444,202.425
3342,92.242,167.048
3343,132.985,124.559
3344,184.458,212.868
3345,143.765,58.338
3346,130.556,182.436
3347,237.248,130.402
3348,237.135,154.4
3349,138.769,179.225
3350,224.917,104.547
3351,141.631,176.713
3352,165.473,150.783
3353,194.268,121.378
3354,183.014,226.91
3355,141.713,185.356
3356,167.163,204.988
3357,169.896,211.63
3358,118.211,203.722
3359,235.964,249.484
3360,69.476,159.553
3361,198.244,104.149
3362,223.609,77.674
3363,183.263,210.853
3364,217.773,123.648
3365,64.831,243.004
3366,61.126,193.493
3367,193.674,148.756
3368,114.86,97.014
3369,113.356,249.215
3370,85.808,159.886
3371,168.105,252.167
3372,74.797,69.46
3373,114.77,247.169
3374,251.81,210.057
3375,141.916,89.471
3376,148.164,242.681
3377,231.533,214.542
3378,245.423,116.922
3379,236.043,199.003
3380,67.193,95.875
3381,232.619,75.832
3382,197.443,156.841
3383,117.952,243.25
3384,216.284,74.962
3385,75.404,122.519
3386,233.913,159.531
3387,109.788,191.058
3388,130.118,216.441
3389,204.536,184.852
3390,213.258,212.644
3391,104.129,163.151
3392,147.698,222.001
3393,109.515,217.986
3394,202.473,150.337
3395,68.229,121.36
3396,163.225,93.911
3397,99.174,188.564
3398,139.184,95.14
3399,217.146,215.671
3400,59.859,80.269
3401,117.068,202.74
3402,159.399,90.295
3403,215.833,184.229
3404,191.165,217.968
3405,243.455,153.229
3406,158.495,195.598
3407,101.377,174.311
3408,79.541,109.737
3409,79.853,185.392
3410,136.275,141.915
3411,239.171,233.736
3412,234.356,202.198
3413,228.059,236.194
3414,201.518,82.334
3415,194.689,75.355
3416,236.313,68.009
3417,110.006,234.814
3418,73.804,105.061
3419,80.841,127.239
3420,193.857,90.681
3421,232.158,185.064
3422,172.784,220.328
3423,63.656,240.966
3424,141.511,206.249
3425,214.589,196.98
3426,135.778,107.586
3427,136.961,76.794
3428,129.139,86.339
3429,105.976,252.873
3430,227.425,235.113
3431,248.214,156.33
3432,130.993,93.455
3433,89.78,113.411
3434,222.559,175.304
3435,237.291,185.452
3436,169.959,252.861
3437,118.371,230.772
3438,184.668,236.857
3439,162.813,220.05
3440,162.873,227.383
3441,158.955,247.86
3442,75.557,226.0
3443,143.849,125.714
3444,88.233,173.897
3445,229.898,146.366
3446,133.117,169.217
3447,132.549,97.276
3448,162.999,167.676
3449,175.193,79.491
3450,235.476,223.865
3451,66.385,224.114
3452,193.976,221.038
3453,106.167,66.932
3454,163.911,245.172
3455,142.434,131.476
3456,145.486,244.084
3457,109.205,229.004
3458,171.436,82.944
3459,177.794,64.704
3460,59.896,180.832
3461,168.504,148.919
3462,241.182,236.834
3463,176.081,111.238
3464,228.22,124.284
3465,166.423,127.921
3466,216.515,89.111
3467,80.264,179.023
3468,153.96,164.297
3469,221.21,135.374
3470,218.508,94.341
3471,136.975,162.062
3472,74.775,68.543
3473,193.996,77.033
3474,145.949,152.074
3475,188.84,149.411
3476,118.162,112.92
3477,219.778,177.876
3478,167.576,70.146
3479,166.166,176.72
3480,103.076,141.659
3481,211.001,174.366
3482,108.992,116.145
3483,206.67,84.21
3484,186.465,134.12
3485,206.681,223.117
3486,97.295,149.302
3487,98.185,190.647
3488,86.669,185.104
3489,250.475,151.733
3490,102.399,134.235
3491,68.381,82.07
3492,141.808,190.174
3493,152.815,103.603
3494,160.796,226.308
3495,224.639,89.241
3496,204.16,131.716
3497,95.022,70.94
3498,233.969,120.034
3499,250.954,124.673
3500,251.701,125.37
3501,130.196,162.32
3502,192.085,237.903
3503,172.833,175.356
3504,235.827,184.608
3505,115.692,92.108
3506,176.255,134.278
3507,159.028,118.775
3508,167.623,95.063
3509,214.572,60.297
3510,80.63,192.249
3511,70.693,199.171
3512,108.238,134.481
3513,85.145,178.596
3514,151.016,138.246
3515,110.288,125.604
3516,192.136,96.017
3517,195.644,92.999
3518,155.195,203.672
3519,154.7,223.462
3520,128.78,133.205
3521,251.023,83.039
3522,142.161,234.34
3523,92.978,248.412
3524,91.016,87.804
3525,183.682,175.235
3526,103.5,112.902
3527,160.572,127.224
3528,237.883,70.128
3529,65.678,104.134
3530,220.928,123.708
3531,248.322,201.811
3532,102.03,58.712
3533,101.107,122.563
3534,228.873,182.347
3535,140.046,154.72
3536,128.078,81.188
3537,201.047,227.264
3538,81.984,209.441
3539,96.704,200.97
3540,203.756,250.676
3541,72.549,238.694
3542,196.514,171.521
3543,152.704,245.563
3544,251.283,63.608
3545,72.506,227.232
3546,179.167,107.779
3547,210.913,103.044
3548,214.22,240.15
3549,246.895,102.358
3550,128.951,82.749
3551,232.877,140.538
3552,126.966,240.832
3553,103.042,237.84
3554,172.973,174.56
3555,168.636,192.333
3556,148.466,234.93
3557,251.592,120.706
3558,198.748,163.66
3559,226.695,83.325
3560,93.038,91.106
3561,128.259,130.409
3562,85.411,225.065
3563,76.191,95.891
3564,213.073,168.166
3565,140.352,198.277
3566,182.96,65.522
3567,72.606,194.569
3568,159.488,180.823
3569,220.228,218.794
3570,94.545,88.298
3571,175.603,242.094
3572,80.926,203.028
3573,90.715,75.039
3574,162.199,83.568
3575,178.327,60.735
3576,101.756,74.118
3577,65.788,132.701
3578,149.798,193.271
3579,241.548,90.601
3580,242.143,121.521
3581,245.557,179.605
3582,138.535,143.499
3583,63.742,103.207
3584,65.1,143.95
3585,243.363,180.066
3586,182.609,120.817
3587,164.576,103.261
3588,82.579,101.878
3589,83.272,98.004
3590,252.754,225.535
3591,81.171,83.671
3592,126.0,125.309
3593,169.286,218.87
3594,207.448,104.819
3595,179.472,197.711
3596,92.727,239.646
3597,171.139,122.086
3598,96.636,117.304
3599,171.106,154.317
3600,168.637,180.964
3601,157.959,239.064
3602,128.709,211.73
3603,169.452,165.577
3604,172.53,119.3
3605,136.543,130.765
3606,68.553,62.011
3607,190.297,183.846
3608,84.294,201.504
3609,167.958,226.964
3610,248.304,244.182
3611,195.328,204.849
3612,156.118,151.454
3613,192.543,85.21
3614,93.207,170.904
3615,219.082,206.334
3616,75.922,147.239
3617,152.222,126.028
3618,86.935,70.02
3619,64.104,172.109
3620,80.253,86.571
3621,194.614,206.993
3622,207.26,162.991
3623,111.145,88.854
3624,130.882,163.143
3625,66.545,112.032
3626,215.514,203.586
3627,75.292,166.688
3628,94.021,139.249
3629,185.731,178.908
3630,146.595,108.789
3631,209.012,202.594
3632,203.677,167.84
3633,251.715,203.313
3634,74.285,159.638
3635,215.758,245.142
3636,202.901,87.12
3637,81.198,69.732
3638,229.75,248.875
3639,131.205,87.377
3640,70.43,195.868
3641,182.743,189.747
3642,251.523,190.705
3643,238.418,212.169
3644,185.604,84.035
3645,124.01,87.458
3646,123.08,86.229
3647,132.182,108.129
3648,121.032,70.513
3649,246.346,220.636
3650,160.589,214.735
3651,213.743,95.14
3652,213.663,170.384
3653,236.883,206.622
3654,196.421,239.996
3655,108.37,79.745
3656,108.008,167.48
3657,226.337,165.474
3658,168.047,199.569
3659,139.404,168.768
3660,96.192,193.057
3661,73.681,141.38
3662,98.375,103.954
3663,219.446,173.953
3664,145.433,162.71
3665,212.036,213.791
3666,60.7,89.925
3667,176.822,189.62
3668,130.161,104.827
3669,74.329,173.718
3670,201.677,124.882
3671,120.483,211.356
3672,191.835,223.377
3673,106.166,120.08
3674,126.137,237.119
3675,159.203,198.646
3676,220.326,68.263
3677,176.577,77.819
3678,151.723,194.823
3679,241.73,72.807
3680,129.659,78.494
3681,213.728,165.095
3682,66.301,154.051
3683,126.767,227.879
3684,100.098,231.02
3685,68.451,229.936
3686,71.936,104.087
3687,208.259,193.229
3688,151.356,187.808
3689,211.426,143.507
3690,164.399,156.738
3691,110.407,69.578
3692,228.399,198.634
3693,98.289,165.119
3694,136.918,84.361
3695,215.671,113.336
3696,92.077,131.385
3697,201.641,134.428
3698,173.174,128.903
3699,212.125,188.89
3700,89.737,117.033
3701,224.935,120.759
3702,244.99,248.1
3703,245.776,127.063
3704,59.105,117.983
3705,130.401,233.516
3706,95.157,77.415
3707,223.771,96.921
3708,182.543,148.744
3709,91.341,229.254
3710,232.11,162.948
3711,159.918,233.963
3712,137.704,112.037
3713,96.001,60.365
3714,88.752,234.726
3715,245.001,127.792
3716,245.655,234.425
3717,116.568,143.64
3718,151.829,196.573
3719,67.968,143.139
3720,249.265,107.901
3721,66.086,155.12
3722,221.876,62.749
3723,179.071,237.961
3724,178.789,123.893
3725,233.241,102.204
3726,72.787,134.476
3727,221.045,122.701
3728,122.876,75.02
3729,87.063,214.504
3730,106.118,129.104
3731,167.593,129.211
3732,83.837,124.647
3733,192.302,184.161
3734,136.819,65.414
3735,161.489,126.95
3736,213.611,243.164
3737,193.168,96.548
3738,170.437,177.237
3739,159.547,158.852
3740,98.868,74.847
3741,122.883,84.832
3742,108.105,185.788
3743,141.599,126.338
3744,76.06,89.786
3745,199.147,177.92
3746,102.877,184.518
3747,128.222,156.102
3748,229.915,123.583
3749,217.988,160.89
3750,571.721,539.287
3751,362.946,653.978
3752,168.22,404.726
3753,188.683,691.907
3754,888.138,1126.225
3755,88.538,986.924
3756,1034.904,633.725
3757,1004.659,122.765
3758,593.795,176.862
3759,833.827,456.357
3760,916.547,364.205
3761,168.387,486.868
3762,789.604,23.345
3763,469.36,1129.28
3764,631.152,1125.277
3765,862.649,276.638
3766,84.522,500.995
3767,979.281,78.637
3768,578.669,205.281
3769,102.731,283.449
3770,1109.908,142.395
3771,680.73,91.141
3772,328.153,889.884
3773,960.18,189.132
3774,322.356,321.464
3775,896.758,1006.495
3776,1067.144,395.573
3777,803.444,487.548
3778,251.179,743.44
3779,1079.529,828.404
3780,626.847,572.119
3781,66.782,1023.595
3782,844.897,136.0
3783,988.694,517.296
3784,310.987,881.208
3785,674.08,1074.567
3786,905.196,782.16
3787,886.289,833.623
3788,783.588,207.732
3789,288.654,971.452
3790,814.069,810.874
3791,1056.603,200.543
3792,297.635,746.168
3793,233.881,612.36
3794,48.725,333.792
3795,1049.442,94.546
3796,618.01,1029.512
3797,660.642,857.14
3798,827.116,663.193
3799,495.675,524.043
3800,1129.477,64.352
3801,802.828,682.741
3802,665.327,1048.599
3803,137.856,872.446
3804,1118.223,392.516
3805,252.767,1038.781
3806,766.407,161.623
3807,808.611,357.502
3808,1056.926,284.585
3809,1109.568,1108.424
3810,1127.544,305.739
3811,647.62,634.039
3812,76.569,1132.156
3813,863.707,976.915
3814,736.681,807.832
3815,267.494,116.358
3816,255.164,107.379
3817,569.465,429.638
3818,777.053,1100.094
3819,643.89,632.607
3820,897.033,411.374
3821,323.713,1112.24
3822,10.008,2.107
3823,240.844,461.571
3824,722.006,911.673
3825,195.732,478.107
3826,814.873,970.586
3827,567.539,195.542
3828,1102.465,583.813
3829,625.088,383.574
3830,678.422,791.895
3831,64.671,328.914
3832,592.472,570.713
3833,84.628,660.9
3834,537.101,19.308
3835,48.635,826.658
3836,16.053,843.12
3837,726.491,305.219
3838,935.867,175.129
3839,607.828,40.275
3840,1069.387,85.42
3841,440.114,672.923
3842,490.219,441.998
3843,427.354,64.455
3844,827.532,218.53
3845,342.876,614.023
3846,9.822,316.984
3847,650.743,296.641
3848,917.752,1000.088
3849,40.924,497.758
3850,273.559,315.137
3851,347.531,820.501
3852,402.945,372.457
3853,390.62,619.437
3854,596.768,1059.542
3855,58.187,587.834
3856,985.923,651.274
3857,1019.7,338.501
3858,499.465,801.257
3859,664.642,1057.972
3860,497.74,460.039
3861,105.752,377.474
3862,1007.943,255.614
3863,606.213,838.619
3864,716.551,864.842
3865,988.544,567.562
3866,212.85,295.286
3867,89.073,948.473
3868,807.874,465.895
3869,619.893,737.538
3870,237.185,919.538
3871,532.979,858.597
3872,925.301,153.695
3873,858.862,270.478
3874,60.147,855.271
3875,758.196,419.411
3876,981.746,981.565
3877,197.307,657.903
3878,859.869,920.597
3879,813.757,1035.205
3880,412.17,900.801
3881,932.767,278.719
3882,221.954,115.391
3883,492.89,1037.042
3884,165.912,1067.17
3885,408.599,966.332
3886,797.203,149.739
3887,908.172,265.332
3888,27.074,627.435
3889,400.692,393.082
3890,1032.102,248.632
3891,866.843,893.91
3892,128.199,580.232
3893,1047.078,74.681
3894,358.661,706.847
3895,1013.801,498.58
3896,974.281,238.197
3897,775.704,628.944
3898,11.516,609.291
3899,207.639,141.06
3900,900.579,407.376
3901,863.204,936.994
3902,722.763,114.467
3903,325.824,507.502
3904,695.877,911.185
3905,408.176,169.465
3906,1051.104,429.955
3907,237.876,626.673
3908,297.799,801.145
3909,171.712,209.612
3910,330.452,911.241
3911,162.676,156.606
3912,45.059,993.827
3913,16.579,484.099
3914,51.494,260.936
3915,407.472,1059.57
3916,168.564,928.363
3917,432.647,193.361
3918,13.106,340.455
3919,665.826,236.041
3920,437.698,939.291
3921,567.83,635.88
3922,696.159,1083.544
3923,178.951,1099.819
3924,327.088,319.451
3925,847.751,633.887
3926,687.867,344.093
3927,118.606,210.281
3928,351.987,803.566
3929,998.221,293.098
3930,275.502,493.553
3931,1027.438,894.492
3932,1082.267,952.866
3933,214.967,469.348
3934,588.036,367.354
3935,846.815,174.325
3936,343.753,940.216
3937,749.192,451.861
3938,758.232,914.718
3939,57.25,443.737
3940,1135.249,803.626
3941,253.245,203.974
3942,1110.873,1059.547
3943,888.464,701.369
3944,450.53,300.071
3945,808.975,530.509
3946,606.134,210.375
3947,1097.354,1029.72
3948,1031.821,1103.678
3949,1031.059,990.855
3950,993.404,1138.386
3951,669.251,43.48
3952,1047.297,720.166
3953,1036.666,587.753
3954,146.724,1063.843
3955,654.456,731.292
3956,301.926,625.38
3957,130.944,528.485
3958,75.512,735.669
3959,508.684,690.988
3960,257.872,774.916
3961,629.319,495.897
3962,806.774,1004.655
3963,25.304,144.268
3964,365.049,958.52
3965,1072.729,1063.034
3966,628.215,1111.072
3967,209.789,1032.657
3968,17.221,664.284
3969,723.019,1123.016
3970,847.174,771.373
3971,498.9,154.787
3972,894.35,12.238
3973,452.703,369.384
3974,523.19,756.237
3975,876.791,343.189
3976,28.261,490.063
3977,49.198,338.092
3978,605.43,614.188
3979,1047.852,241.035
3980,448.45,5.824
3981,810.619,134.843
3982,288.629,468.886
3983,692.828,777.766
3984,874.076,967.865
3985,118.911,209.703
3986,563.855,116.395
3987,848.806,161.569
3988,530.914,813.769
3989,413.71,279.125
3990,487.368,1004.663
3991,269.9,427.318
3992,909.911,347.368
3993,218.755,836.336
3994,229.839,814.311
3995,354.291,1108.186
3996,508.876,1025.875
3997,700.32,54.683
3998,332.733,364.736
3999,1118.594,614.912
4000,828.049,759.103
4001,158.047,447.853
4002,616.862,752.174
4003,246.948,1038.178
4004,953.855,471.479
4005,689.948,175.954
4006,692.009,590.694
4007,914.301,912.244
4008,33.723,516.654
4009,13.382,1074.511
4010,585.826,17.888
4011,211.275,495.762
4012,745.877,131.421
4013,1113.688,315.788
4014,633.564,680.64
4015,275.109,489.901
4016,393.849,558.204
4017,1130.224,796.641
4018,901.127,66.85
4019,190.854,384.101
4020,105.977,811.319
4021,773.018,721.314
4022,691.735,1034.089
4023,867.762,158.966
4024,744.608,369.034
4025,1060.582,392.552
4026,684.581,443.479
4027,1011.137,444.634
4028,10.717,1070.083
4029,347.416,239.312
4030,438.5,986.896
4031,1067.635,1127.208
4032,610.283,741.976
4033,687.705,428.043
4034,1103.499,834.214
4035,477.085,503.221
4036,250.953,504.883
4037,1022.71,1020.029
4038,288.017,1124.622
4039,1113.882,462.14
4040,937.935,398.719
4041,1105.806,28.537
4042,533.095,236.418
4043,530.833,507.775
4044,194.112,915.517
4045,396.491,783.659
4046,1020.674,353.871
4047,949.237,750.893
4048,523.665,804.945
4049,570.988,850.654
4050,1089.774,348.326
4051,378.996,574.787
4052,924.941,421.453
4053,965.39,882.006
4054,173.887,707.788
4055,44.3,730.405
4056,1059.156,1009.681
4057,1014.336,153.232
4058,929.127,128.8
4059,422.69,613.571
4060,136.512,375.3
4061,396.624,657.238
4062,1010.992,217.631
4063,350.12,1000.842
4064,898.176,375.609
4065,291.604,120.178
4066,770.337,57.352
4067,312.86,396.323
4068,709.192,457.96
4069,338.584,1125.678
4070,1051.052,66.781
4071,780.712,237.292
4072,427.794,493.964
4073,33.608,492.566
4074,118.396,267.526
4075,794.303,1140.462
4076,980.175,1031.403
4077,1050.578,101.398
4078,74.026,522.386
4079,1078.914,888.802
4080,844.177,538.432
4081,23.85,988.168
4082,663.851,724.321
4083,36.102,144.19
4084,70.177,103.201
4085,390.331,905.904
4086,867.336,554.203
4087,406.88,771.011
4088,274.994,245.883
4089,997.624,620.85
4090,590.685,998.956
4091,91.908,547.016
4092,1125.483,572.823
4093,307.308,316.691
4094,635.61,299.78
4095,531.928,409.667
4096,15.171,88.878
4097,1002.296,372.636
4098,109.511,767.798
4099,508.025,975.583
4100,475.953,875.449
4101,90.006,256.193
4102,353.934,751.718
4103,414.796,135.787
4104,164.696,630.628
4105,1065.961,847.401
4106,751.738,916.414
4107,724.185,816.756
4108,247.727,580.838
4109,548.038,1059.514
4110,404.5,845.546
4111,699.755,600.864
4112,324.764,973.903
4113,106.422,1107.488
4114,378.281,381.862
4115,721.93,619.265
4116,187.424,387.621
4117,700.309,1101.478
4118,1047.361,812.33
4119,793.015,788.686
4120,805.311,217.512
4121,405.164,676.533
4122,1135.946,208.464
4123,1081.087,766.26
4124,969.624,955.009
4125,305.044,184.084
4126,376.44,571.859
4127,220.629,504.246
4128,10.739,846.826
4129,943.771,733.133
4130,955.871,1089.212
4131,844.515,71.24
4132,969.882,280.689
4133,959.453,315.335
4134,895.079,770.326
4135,830.258,98.643
4136,244.32,377.939
4137,801.718,284.043
4138,1027.545,87.944
4139,802.417,609.619
4140,1041.322,459.735
4141,96.637,1136.893
4142,40.806,90.399
4143,257.09,615.755
4144,272.629,292.361
4145,143.402,629.511
4146,282.814,124.698
4147,333.567,349.793
4148,970.006,921.142
4149,178.39,581.542
4150,388.697,1090.943
4151,637.492,58.502
4152,618.803,583.074
4153,1109.086,827.116
4154,1068.789,915.387
4155,362.551,60.327
4156,85.401,689.54
4157,75.211,689.738
4158,5.604,50.591
4159,876.787,390.058
4160,152.661,828.005
4161,1099.264,69.366
4162,9.081,1004.96
4163,725.948,736.693
4164,33.429,402.26
4165,116.442,1007.975
4166,1117.862,356.804
4167,243.104,619.085
4168,902.976,509.415
4169,447.374,502.041
4170,180.515,124.941
4171,365.574,421.684
4172,48.453,631.405
4173,923.555,308.862
4174,397.893,126.379
4175,121.027,472.383
4176,260.909,540.868
4177,1070.043,1061.422
4178,541.579,274.092
4179,187.412,11.073
4180,342.958,391.983
4181,931.13,740.026
4182,559.595,184.452
4183,1130.961,396.484
4184,288.086,784.293
4185,180.386,490.367
4186,1104.546,864.769
4187,905.666,1142.42
4188,455.882,976.536
4189,990.006,708.074
4190,964.327,826.946
4191,650.648,668.227
4192,1120.18,256.323
4193,1128.712,1013.236
4194,1143.575,440.455
4195,62.393,179.07
4196,412.474,1089.797
4197,677.221,281.253
4198,240.036,1109.709
4199,427.115,590.784
4200,884.084,563.742
4201,891.048,943.522
4202,404.776,398.812
4203,849.063,383.319
4204,113.234,904.465
4205,664.078,969.818
4206,1101.471,379.345
4207,1028.551,608.574
4208,645.61,260.183
4209,101.797,44.727
4210,19.007,769.959
4211,690.194,94.229
4212,627.472,143.929
4213,656.357,540.414
4214,936.351,118.335
4215,1114.395,722.267
4216,868.016,4.274
4217,1087.8,1007.177
4218,1011.425,303.783
4219,296.908,710.498
4220,277.637,471.978
4221,196.849,1028.99
4222,555.875,348.056
4223,519.978,893.134
4224,428.54,96.141
4225,1105.991,1075.796
4226,1020.179,438.227
4227,516.511,220.615
4228,113.441,215.521
4229,213.466,108.306
4230,450.294,745.742
4231,650.775,276.082
4232,758.851,953.501
4233,873.456,781.614
4234,1078.35,599.279
4235,179.158,965.982
4236,170.707,183.924
4237,805.663,408.384
4238,257.551,596.607
4239,585.724,243.938
4240,293.023,822.321
4241,225.826,713.521
4242,1122.846,248.599
4243,637.268,27.781
4244,1016.408,338.527
4245,1032.004,870.567
4246,1085.747,665.962
4247,262.034,269.423
4248,441.683,872.241
4249,1066.614,829.112
4250,984.181,504.66
4251,655.287,1100.474
4252,576.152,814.976
4253,649.987,809.491
4254,357.002,774.587
4255,906.322,626.444
4256,963.645,1032.512
4257,142.079,937.248
4258,543.441,706.698
4259,571.605,1050.126
4260,908.829,993.065
4261,740.853,48.298
4262,1056.412,333.132
4263,112.799,908.754
4264,1071.518,944.774
4265,260.257,79.786
4266,1043.005,118.778
4267,301.796,546.702
4268,1037.015,15.033
4269,820.12,580.136
4270,1090.751,591.804
4271,1017.446,16.327
4272,591.05,579.118
4273,459.113,773.104
4274,592.11,372.732
4275,437.215,898.452
4276,1147.958,113.334
4277,276.112,9.376
4278,757.222,235.629
4279,767.327,1113.971
4280,539.454,701.296
4281,792.499,1065.087
4282,141.325,604.905
4283,617.088,161.671
4284,241.135,792.251
4285,12.545,1066.772
4286,540.989,660.727
4287,394.862,716.074
4288,550.858,236.165
4289,570.908,36.137
4290,631.768,1121.377
4291,270.387,451.928
4292,1042.888,128.425
4293,104.493,78.978
4294,417.575,888.237
4295,848.043,30.859
4296,1114.667,1142.356
4297,648.22,418.226
4298,998.113,492.018
4299,512.106,731.994
4300,793.498,626.833
4301,770.261,852.824
4302,26.143,686.949
4303,65.63,359.761
4304,750.057,537.323
4305,785.764,304.801
4306,464.299,67.234
4307,637.272,957.768
4308,602.058,929.578
4309,66.082,642.065
4310,340.152,12.87
4311,387.309,959.15
4312,978.793,69.979
4313,247.624,707.505
4314,466.378,326.877
4315,1010.029,360.033
4316,820.292,726.842
4317,106.585,958.449
4318,461.008,1032.911
4319,638.672,264.644
4320,77.961,1030.431
4321,502.786,901.84
4322,1071.587,924.816
4323,365.826,926.022
4324,492.384,821.087
4325,1054.593,430.509
4326,883.588,436.654
4327,797.769,443.475
4328,815.006,836.389
4329,15.18,877.529
4330,171.02,1082.472
4331,748.583,355.318
4332,884.889,159.549
4333,137.92,1027.913
4334,954.857,274.512
4335,552.108,921.601
4336,51.45,635.266
4337,386.922,983.135
4338,319.051,812.432
4339,80.115,1030.351
4340,681.45,30.249
4341,259.264,698.649
4342,1049.255,374.04
4343,587.456,89.006
4344,711.759,745.688
4345,340.315,244.774
4346,214.759,919.277
4347,297.597,882.362
4348,3.968,509.706
4349,28.882,447.379
4350,564.219,84.74
4351,70.066,81.714
4352,1083.481,420.194
4353,23.964,685.356
4354,677.017,130.618
4355,26.924,306.501
4356,28.145,972.882
4357,938.56,638.745
4358,703.335,214.115
4359,374.046,392.135
4360,538.664,473.797
4361,717.959,324.686
4362,1142.945,71.827
4363,565.418,417.914
4364,1095.677,1050.536
4365,307.782,572.86
4366,743.239,541.313
4367,351.424,973.228
4368,121.459,592.607
4369,191.766,265.028
4370,173.099,1061.376
4371,26.18,1039.499
4372,964.805,1134.954
4373,133.0,573.34
4374,321.622,97.71
4375,230.868,1134.757
4376,1002.458,817.674
4377,55.902,1146.213
4378,73.238,885.754
4379,706.852,97.557
4380,143.105,721.459
4381,335.484,888.396
4382,734.177,255.61
4383,20.306,124.707
4384,372.732,143.275
4385,952.269,1087.886
4386,173.012,412.043
4387,90.594,685.442
4388,432.55,782.528
4389,621.465,896.83
4390,802.587,332.821
4391,798.338,439.909
4392,1097.756,812.502
4393,56.546,144.711
4394,107.025,1074.238
4395,120.944,785.254
4396,898.902,486.818
4397,370.853,1010.604
4398,1075.349,568.423
4399,738.885,444.181
4400,1143.707,1058.867
4401,381.27,473.554
4402,284.993,779.172
4403,236.261,386.505
4404,905.632,1048.379
4405,1088.359,448.48
4406,143.331,796.374
4407,968.237,833.314
4408,1054.241,568.595
4409,116.275,227.965
4410,519.441,171.019
4411,2.208,1057.242
4412,1034.422,715.506
4413,50.007,928.948
4414,117.992,871.603
4415,776.658,540.939
4416,429.585,74.471
4417,767.959,1035.004
4418,126.943,459.654
4419,293.465,939.645
4420,1119.385,991.089
4421,705.44,135.46
4422,535.602,1124.367
4423,507.38,1019.243
4424,1018.77,332.735
4425,134.937,87.765
4426,408.346,70.65
4427,660.79,193.665
4428,357.203,585.707
4429,495.052,1063.527
4430,198.644,1086.505
4431,378.495,95.995
4432,258.415,243.314
4433,637.141,829.423
4434,1063.973,472.053
4435,401.856,514.934
4436,174.713,672.08
4437,371.348,230.837
4438,483.047,669.239
4439,19.821,526.594
4440,652.845,443.067
4441,1111.759,870.397
4442,248.88,413.577
4443,564.931,400.221
4444,952.818,796.186
4445,85.195,981.336
4446,1101.824,899.205
4447,923.371,748.18
4448,496.721,312.586
4449,640.797,139.973
4450,942.691,862.109
4451,495.05,1139.018
4452,496.184,782.26
4453,565.816,506.351
4454,192.791,1120.797
4455,447.589,751.799
4456,1086.278,295.96
4457,625.097,704.64
4458,943.355,327.058
4459,52.941,1144.097
4460,763.796,593.904
4461,283.415,58.607
4462,755.408,421.494
4463,48.454,631.944
4464,1093.637,558.239
4465,1120.101,814.599
4466,1064.692,191.067
4467,44.199,852.44
4468,721.876,460.091
4469,770.847,313.483
4470,245.768,956.365
4471,301.466,200.945
4472,820.89,580.596
4473,269.401,595.286
4474,85.954,652.439
4475,693.172,655.612
4476,976.544,921.191
4477,291.348,274.556
4478,1029.469,939.239
4479,936.945,663.7
4480,153.429,77.128
4481,42.871,533.13
4482,65.055,1047.352
4483,640.054,732.662
4484,513.818,489.196
4485,317.753,997.642
4486,1065.508,785.436
4487,603.241,309.186
4488,982.64,119.074
4489,721.122,992.663
4490,1003.406,1055.572
4491,986.082,806.412
4492,293.673,606.919
4493,110.894,702.471
4494,910.033,825.02
4495,1105.6,285.343
4496,1115.3,514.251
4497,903.836,649.613
4498,206.299,63.891
4499,598.536,1029.382
4500,441.83,251.162
4501,338.494,1039.658
4502,1019.053,374.023
4503,1081.691,721.186
4504,879.508,749.937
4505,880.153,467.444
4506,183.399,392.941
4507,817.404,123.997
4508,272.238,22.741
4509,196.176,873.185
4510,454.968,299.37
4511,319.535,104.134
4512,1128.211,89.111
4513,40.978,437.205
4514,188.764,598.012
4515,964.124,212.397
4516,885.018,503.751
4517,113.75,279.109
4518,72.406,413.942
4519,1034.821,756.852
4520,319.887,349.577
4521,328.084,874.283
4522,1019.812,279.777
4523,1042.312,575.849
4524,275.628,264.964
4525,958.28,112.07
4526,171.517,711.232
4527,828.17,332.357
4528,514.128,1000.049
4529,831.799,716.417
4530,984.269,666.848
4531,589.218,894.109
4532,121.659,332.549
4533,242.138,467.5
4534,128.927,373.087
4535,380.893,350.101
4536,697.961,988.799
4537,247.136,519.491
4538,283.384,695.519
4539,199.695,219.645
4540,745.664,331.747
4541,166.175,622.634
4542,1014.715,403.912
4543,595.389,385.977
4544,157.703,1036.563
4545,458.167,245.092
4546,726.768,897.666
4547,129.417,845.835
4548,294.375,239.093
4549,751.196,233.693
4550,937.778,161.054
4551,570.826,916.308
4552,855.501,168.941
4553,214.562,648.025
4554,796.914,848.009
4555,300.014,791.499
4556,730.177,818.662
4557,477.451,301.687
4558,182.504,95.569
4559,552.454,294.978
4560,320.732,179.733
4561,576.49,698.2
4562,699.835,914.497
4563,910.354,152.592
4564,1030.986,293.504
4565,498.563,609.486
4566,513.538,382.111
4567,238.897,849.506
4568,502.126,74.38
4569,37.666,428.309
4570,1038.553,411.166
4571,849.837,385.974
4572,486.404,783.464
4573,496.774,445.194
4574,886.975,378.866
4575,238.526,338.634
4576,846.209,401.917
4577,271.111,145.49
4578,829.29,944.684
4579,72.731,809.022
4580,214.526,218.769
4581,1087.627,746.042
4582,283.486,761.955
4583,249.197,1018.094
4584,73.124,1074.833
4585,767.717,678.056
4586,585.634,456.335
4587,674.294,775.466
4588,657.985,14.958
4589,875.705,772.555
4590,555.418,826.296
4591,21.678,231.418
4592,1127.995,377.122
4593,603.081,118.031
4594,1028.505,65.956
4595,1112.34,705.08
4596,352.287,1100.364
4597,461.127,566.019
4598,595.745,936.11
4599,1074.788,121.228
4600,161.548,823.978
4601,828.036,367.147
4602,974.862,1147.035
4603,433.578,329.355
4604,531.935,962.292
4605,102.531,517.055
4606,1032.173,677.746
4607,64.642,790.274
4608,3.897,932.413
4609,1027.683,803.545
4610,936.368,121.297
4611,574.538,856.237
4612,285.14,853.701
4613,799.33,747.027
4614,66.684,711.756
4615,632.011,1146.103
4616,357.683,104.301
4617,943.462,1030.444
4618,303.002,660.081
4619,220.191,1095.328
4620,553.809,328.686
4621,642.166,661.761
4622,793.822,708.231
4623,569.061,768.423
4624,71.706,975.766
4625,904.699,226.11
4626,32.527,746.159
4627,199.167,165.91
4628,259.009,1028.812
4629,486.35,476.002
4630,736.869,952.232
4631,933.789,359.535
4632,886.884,35.697
4633,1086.035,287.992
4634,702.832,365.864
4635,571.868,646.363
4636,982.321,54.393
4637,682.246,987.366
4638,632.866,618.075
4639,452.199,258.035
4640,956.159,546.466
4641,460.667,795.195
4642,772.704,687.011
4643,403.496,195.075
4644,910.989,661.187
4645,1045.273,513.562
4646,24.699,922.759
4647,847.645,1062.168
4648,671.403,1147.87
4649,764.404,336.991
4650,460.491,16.715
4651,710.304,160.404
4652,652.209,263.233
4653,707.122,971.73
4654,990.283,1019.902
4655,420.599,633.318
4656,196.006,767.22
4657,985.298,805.48
4658,1043.466,32.854
4659,242.191,868.853
4660,87.035,586.331
4661,890.835,525.551
4662,751.187,847.074
4663,198.376,355.285
4664,395.541,260.479
4665,1123.701,107.682
4666,175.678,310.501
4667,1051.225,309.688
4668,1146.15,1105.913
4669,144.832,343.237
4670,72.595,93.826
4671,632.766,319.07
4672,664.854,781.907
4673,266.388,1014.304
4674,103.18,141.204
4675,604.965,531.627
4676,688.736,940.307
4677,171.994,289.129
4678,860.875,228.412
4679,60.839,918.329
4680,372.492,835.457
4681,463.974,17.968
4682,874.117,208.143
4683,338.406,1093.245
4684,268.89,635.6
4685,337.924,97.819
4686,572.589,101.308
4687,1134.073,499.659
4688,218.983,151.929
4689,355.801,656.144
4690,114.766,619.007
4691,1010.594,1081.939
4692,249.995,165.29
4693,656.95,230.738
4694,522.691,245.118
4695,206.969,1091.337
4696,571.711,1102.957
4697,831.246,401.442
4698,863.634,384.089
4699,788.49,996.068
4700,10.999,697.848
4701,804.815,783.778
4702,1122.615,1095.853
4703,213.812,1115.844
4704,701.842,288.418
4705,130.356,101.386
4706,272.498,1012.194
4707,266.52,86.191
4708,1028.923,879.696
4709,165.523,109.369
4710,1136.532,357.025
4711,1129.108,192.442
4712,763.249,98.138
4713,665.129,120.228
4714,523.616,268.335
4715,336.269,2.201
4716,847.998,984.311
4717,645.376,1069.532
4718,872.518,610.939
4719,837.56,395.883
4720,454.914,1015.101
4721,272.145,443.348
4722,115.752,787.897
4723,509.853,941.69
4724,129.612,683.739
4725,599.101,958.367
4726,572.459,84.297
4727,839.164,700.125
4728,795.272,1023.717
4729,397.073,213.406
4730,1039.065,337.138
4731,115.131,259.773
4732,334.903,167.045
4733,771.078,205.987
4734,793.002,906.108
4735,324.973,688.156
4736,905.779,92.027
4737,870.602,294.737
4738,304.491,24.192
4739,455.432,613.229
4740,922.066,1071.665
4741,558.592,276.09
4742,787.836,807.829
4743,60.298,1047.933
4744,33.138,186.447
4745,941.881,14.256
4746,706.553,753.039
4747,862.135,924.529
4748,149.92,832.499
4749,483.802,808.652
4750,1036.695,203.007
4751,682.236,634.552
4752,428.956,461.607
4753,867.363,1119.51
4754,707.232,21.098
4755,440.684,268.508
4756,387.104,1043.825
4757,995.935,408.563
4758,775.159,301.733
4759,158.433,499.966
4760,511.149,345.287
4761,1014.342,367.554
4762,49.307,1082.238
4763,829.152,493.424
4764,628.814,688.269
4765,271.426,740.898
4766,963.13,766.193
4767,663.916,976.088
4768,622.422,700.528
4769,56.929,1059.566
4770,1120.906,268.059
4771,240.532,324.606
4772,474.837,500.279
4773,945.452,329.211
4774,525.34,964.673
4775,774.413,345.361
4776,541.881,436.152
4777,174.436,847.59
4778,976.404,928.434
4779,653.967,126.369
4780,419.039,973.36
4781,960.915,107.739
4782,781.713,473.258
4783,742.637,990.737
4784,640.246,732.288
4785,799.769,727.675
4786,326.547,867.952
4787,49.984,197.942
4788,887.455,367.859
4789,412.867,172.768
4790,395.355,536.725
4791,254.129,324.98
4792,244.117,1032.055
4793,350.617,428.713
4794,454.365,1114.544
4795,345.93,450.452
4796,495.325,1024.084
4797,856.994,846.969
4798,1049.376,675.073
4799,771.7,82.053
4800,634.799,336.998
4801,89.196,898.111
4802,229.967,550.095
4803,305.759,256.531
4804,549.178,194.419
4805,606.272,57.373
4806,43.901,437.088
4807,1111.304,675.305
4808,531.192,137.419
4809,725.38,83.744
4810,521.006,775.067
4811,491.886,887.473
4812,821.223,1049.825
4813,986.767,913.06
4814,403.113,937.879
4815,498.266,293.065
4816,115.45,331.018
4817,14.032,96.321
4818,840.732,812.299
4819,594.915,604.877
4820,672.945,857.171
4821,65.213,426.86
4822,938.697,608.675
4823,205.285,582.736
4824,731.118,646.099
4825,742.449,154.394
4826,541.651,71.267
4827,51.8,215.149
4828,564.077,1034.196
4829,46.472,24.516
4830,590.97,234.581
4831,490.726,377.451
4832,430.759,291.021
4833,636.652,986.503
4834,928.909,128.008
4835,1006.757,224.366
4836,966.907,513.274
4837,621.325,414.892
4838,847.153,964.416
4839,1128.916,741.449
4840,349.341,980.129
4841,798.276,617.073
4842,26.606,213.534
4843,266.03,1091.673
4844,928.466,748.722
4845,813.72,536.58
4846,676.603,968.264
4847,487.566,250.281
4848,916.258,823.039
4849,540.853,222.047
4850,69.272,415.231
4851,74.096,665.238
4852,876.603,1078.408
4853,988.21,945.067
4854,1073.309,958.952
4855,479.158,407.057
4856,1054.104,111.623
4857,39.339,601.454
4858,205.075,995.439
4859,324.643,577.521
4860,197.97,760.232
4861,1112.211,896.345
4862,366.963,318.746
4863,779.908,8.632
4864,1088.169,713.036
4865,1143.739,567.04
4866,439.886,699.61
4867,775.755,586.392
4868,817.731,435.209
4869,424.701,873.652
4870,132.372,354.506
4871,207.319,146.06
4872,850.241,683.694
4873,727.806,225.079
4874,781.484,830.549
4875,782.623,666.06
4876,1061.101,422.196
4877,1143.8,933.832
4878,627.134,577.866
4879,557.93,383.722
4880,13.381,195.298
4881,784.614,445.049
4882,9.618,302.514
4883,128.366,739.846
4884,664.797,998.772
4885,236.943,871.226
4886,462.887,702.179
4887,845.255,1136.482
4888,1085.36,918.33
4889,436.538,249.831
4890,778.299,933.139
4891,1109.463,711.982
4892,351.195,1071.492
4893,435.866,595.752
4894,809.756,517.596
4895,763.46,105.247
4896,140.097,444.709
4897,533.796,48.755
4898,608.35,1104.175
4899,348.847,525.403
4900,35.511,1017.798
4901,381.086,70.332
4902,883.329,430.347
4903,79.052,858.098
4904,127.971,892.376
4905,296.63,537.563
4906,244.762,341.946
4907,837.819,611.81
4908,167.181,1132.593
4909,517.756,3.695
4910,927.19,426.332
4911,588.754,386.967
4912,625.21,308.539
4913,388.734,408.168
4914,952.692,645.435
4915,298.985,1063.708
4916,233.953,115.259
4917,357.425,1109.825
4918,406.871,321.338
4919,691.431,867.815
4920,892.713,371.305
4921,373.442,1100.264
4922,915.967,410.83
4923,999.886,16.028
4924,25.908,342.106
4925,506.624,17.201
4926,341.95,170.041
4927,867.833,742.511
4928,170.116,21.766
4929,552.735,37.328
4930,1106.046,1082.768
4931,267.608,775.982
4932,431.805,1017.45
4933,242.774,770.968
4934,1113.979,992.069
4935,1038.349,547.806
4936,624.231,228.026
4937,701.938,85.27
4938,512.919,497.31
4939,175.282,234.932
4940,507.282,424.501
4941,292.892,118.754
4942,762.068,248.097
4943,688.325,674.411
4944,549.911,88.331
4945,459.776,1100.182
4946,554.487,490.332
4947,257.726,127.35
4948,966.613,1031.567
4949,909.994,878.332
4950,491.215,473.737
4951,856.538,1023.751
4952,564.177,931.713
4953,41.364,335.662
4954,671.274,74.807
4955,837.303,1038.211
4956,977.574,858.939
4957,60.332,641.515
4958,329.903,316.489
4959,591.683,995.353
4960,782.947,1012.354
4961,728.246,805.884
4962,724.086,845.815
4963,233.962,74.579
4964,1101.62,1040.627
4965,311.498,218.378
4966,989.598,999.818
4967,1084.464,435.958
4968,907.047,733.054
4969,468.93,820.2
4970,862.822,681.827
4971,1079.328,525.264
4972,616.42,679.808
4973,589.168,890.281
4974,502.814,169.476
4975,476.32,384.38
4976,1056.421,714.055
4977,637.813,1041.309
4978,458.232,1037.839
4979,971.535,622.422
4980,1108.765,117.209
4981,928.489,1104.179
4982,923.432,669.397
4983,751.137,342.167
4984,474.442,417.858
4985,8.638,675.323
4986,955.266,431.881
4987,245.975,164.057
4988,342.164,74.451
4989,46.424,996.488
4990,851.605,409.446
4991,803.967,820.592
4992,517.749,1119.262
4993,627.998,5.447
4994,167.829,73.825
4995,66.266,1099.427
4996,882.876,975.934
4997,1055.16,609.42
4998,248.724,1133.397
4999,845.448,95.481
