node_id,x_m,y_m
0,182.517,141.374
1,199.1,70.448
2,193.932,130.799
3,176.371,90.753
4,124.863,109.691
5,121.913,199.55
6,149.981,245.726
7,171.445,101.154
8,177.302,160.734
9,85.032,160.498
10,59.784,130.697
11,162.364,191.657
12,245.065,177.667
13,62.305,150.467
14,106.414,203.594
15,232.205,74.465
16,208.354,114.825
17,93.243,146.166
18,139.367,113.712
19,109.085,142.249
20,192.292,89.548
21,130.387,104.263
22,199.938,105.993
23,202.107,63.125
24,224.798,141.121
25,240.13,213.119
26,222.221,63.396
27,203.822,160.21
28,230.757,168.287
29,125.394,234.286
30,251.973,100.689
31,86.004,143.847
32,186.055,89.056
33,172.005,163.644
34,213.713,85.917
35,84.969,158.859
36,204.571,172.244
37,202.77,109.054
38,63.912,192.257
39,184.026,62.84
40,74.289,194.046
41,187.825,98.228
42,108.612,139.278
43,61.544,116.163
44,104.4,65.707
45,160.071,241.513
46,72.704,192.929
47,177.565,113.262
48,183.3,208.658
49,108.335,137.513
50,180.096,143.55
51,93.798,136.33
52,196.447,172.016
53,120.838,112.399
54,90.553,187.848
55,209.742,104.892
56,178.99,70.92
57,91.96,173.402
58,129.252,140.609
59,68.271,156.429
60,150.061,102.305
61,179.97,101.402
62,126.587,78.359
63,226.833,166.623
64,233.799,124.579
65,209.205,188.096
66,66.452,237.642
67,156.563,121.628
68,130.193,111.762
69,206.695,142.896
70,139.104,144.185
71,191.862,171.951
72,103.423,170.694
73,246.669,128.219
74,224.758,221.15
75,147.048,248.099
76,106.442,102.321
77,136.961,80.297
78,72.388,126.033
79,152.566,173.683
80,228.977,168.149
81,161.046,57.98
82,58.431,156.443
83,108.979,252.456
84,219.055,85.407
85,65.875,219.324
86,247.139,202.018
87,70.659,233.291
88,191.876,231.137
89,185.421,191.504
90,232.599,138.681
91,91.814,90.949
92,130.405,214.675
93,221.471,139.583
94,98.707,81.473
95,114.958,224.767
96,68.79,180.353
97,244.461,162.763
98,197.507,64.54
99,146.9,194.335
100,85.318,112.207
101,153.865,220.312
102,171.217,178.717
103,160.586,109.811
104,244.762,204.318
105,67.883,251.518
106,209.345,74.107
107,206.963,248.369
108,131.983,176.658
109,80.752,115.063
110,96.995,93.412
111,113.355,104.82
112,173.11,191.998
113,251.495,251.783
114,61.021,224.047
115,112.472,133.095
116,244.758,89.053
117,241.316,114.21
118,245.638,117.675
119,157.643,63.529
120,215.877,213.625
121,111.814,206.345
122,215.642,208.803
123,77.6,241.539
124,124.097,86.011
125,68.569,239.262
126,128.366,84.901
127,228.836,87.162
128,97.496,172.619
129,84.296,237.222
130,66.429,155.388
131,62.407,166.547
132,222.109,66.128
133,223.378,221.714
134,224.821,150.186
135,223.232,104.057
136,221.88,145.993
137,252.357,79.735
138,246.867,207.355
139,85.681,186.581
140,123.66,61.071
141,162.353,237.693
142,65.213,192.365
143,60.399,252.568
144,178.546,249.025
145,119.423,224.051
146,149.943,224.159
147,190.289,153.398
148,237.647,102.593
149,139.14,168.329
150,208.435,196.154
151,105.557,157.561
152,204.284,243.098
153,157.173,159.445
154,65.807,121.742
155,212.179,144.365
156,68.369,231.122
157,82.761,92.727
158,242.496,218.207
159,129.037,65.079
160,124.196,115.681
161,123.343,198.937
162,197.0,136.936
163,58.267,199.334
164,201.28,207.971
165,109.512,239.56
166,74.209,151.04
167,114.124,122.519
168,96.903,158.185
169,237.036,252.671
170,249.474,230.071
171,129.557,227.435
172,182.145,239.344
173,247.987,84.747
174,95.386,90.034
175,223.298,77.08
176,79.703,115.954
177,232.964,97.526
178,131.375,102.722
179,211.109,187.766
180,225.821,197.187
181,218.183,136.104
182,235.406,66.367
183,60.143,247.789
184,203.471,65.342
185,193.071,136.906
186,75.979,125.623
187,212.901,128.939
188,190.022,92.23
189,202.742,238.045
190,143.07,226.646
191,222.351,163.75
192,218.575,135.874
193,159.117,157.372
194,219.598,93.674
195,186.814,202.004
196,129.871,128.841
197,99.165,201.54
198,65.112,187.694
199,133.565,106.733
200,154.324,60.965
201,188.16,142.729
202,205.024,81.274
203,223.115,221.171
204,228.163,193.458
205,133.233,147.379
206,175.679,213.037
207,239.593,181.988
208,105.92,156.182
209,189.57,64.943
210,218.546,94.475
211,118.999,160.263
212,117.186,88.321
213,140.727,165.906
214,175.385,166.186
215,151.586,158.505
216,95.322,249.526
217,154.477,184.278
218,113.578,95.21
219,215.335,73.28
220,158.897,161.158
221,229.296,229.075
222,132.477,187.912
223,168.744,134.818
224,134.713,208.93
225,129.338,222.047
226,61.092,157.546
227,220.743,248.103
228,209.971,205.174
229,226.574,126.293
230,243.036,203.49
231,171.907,227.221
232,64.48,67.357
233,63.576,116.06
234,236.598,243.772
235,156.038,207.304
236,66.106,66.784
237,82.938,237.885
238,235.301,205.299
239,176.035,182.629
240,95.691,184.542
241,138.943,130.178
242,65.356,252.905
243,135.823,117.976
244,79.589,115.864
245,64.032,129.8
246,82.759,137.178
247,99.26,91.337
248,106.296,206.988
249,93.636,247.232
250,99.941,202.034
251,74.895,79.607
252,116.659,215.012
253,192.192,61.431
254,236.589,119.955
255,251.281,119.259
256,246.345,104.298
257,187.323,112.981
258,199.604,200.161
259,136.205,139.287
260,218.771,204.93
261,225.937,250.281
262,98.151,187.753
263,209.046,243.591
264,227.967,94.406
265,116.631,58.203
266,238.214,244.714
267,141.856,153.867
268,123.53,70.863
269,164.485,141.101
270,189.399,144.679
271,147.393,150.305
272,214.421,78.755
273,106.527,164.549
274,86.576,70.31
275,64.585,225.481
276,246.461,108.042
277,153.473,103.495
278,243.833,83.477
279,210.842,219.484
280,169.193,196.011
281,209.286,76.718
282,207.905,73.505
283,70.955,61.046
284,98.08,222.732
285,246.493,192.317
286,88.388,196.23
287,188.869,216.605
288,76.805,247.128
289,177.288,143.648
290,139.927,85.461
291,242.928,239.378
292,159.414,91.13
293,198.673,196.077
294,236.115,237.898
295,216.353,190.577
296,230.296,132.576
297,61.969,116.916
298,221.188,228.43
299,191.914,199.084
300,68.605,79.605
301,179.058,232.73
302,156.772,179.702
303,182.793,131.838
304,197.167,124.794
305,225.79,203.821
306,214.011,215.374
307,223.417,203.284
308,150.054,139.513
309,105.424,204.174
310,180.664,200.746
311,252.764,220.794
312,185.282,120.124
313,214.253,136.198
314,190.087,75.448
315,60.445,176.018
316,117.453,202.211
317,214.615,223.706
318,62.339,191.911
319,138.15,102.846
320,199.553,164.134
321,115.059,206.318
322,112.474,163.516
323,121.732,147.292
324,102.722,228.777
325,192.865,130.337
326,68.224,224.868
327,163.42,236.649
328,71.728,135.569
329,200.901,180.891
330,249.236,164.19
331,164.906,207.199
332,149.141,237.089
333,127.574,109.317
334,140.328,201.702
335,250.202,168.634
336,147.935,117.766
337,233.59,64.296
338,225.572,176.19
339,192.856,226.271
340,138.119,119.777
341,156.545,137.886
342,177.464,163.821
343,164.905,185.529
344,94.738,192.597
345,96.191,109.79
346,192.489,227.871
347,190.687,235.819
348,227.315,81.469
349,248.093,205.529
350,252.422,228.296
351,221.227,128.969
352,155.783,96.829
353,101.285,154.643
354,204.924,148.251
355,144.061,144.297
356,231.806,252.806
357,150.69,209.458
358,154.657,125.951
359,153.569,150.823
360,217.034,94.578
361,93.001,218.108
362,165.336,136.214
363,158.563,238.461
364,146.272,67.866
365,151.007,167.39
366,115.33,154.324
367,175.325,242.772
368,232.777,240.317
369,123.825,105.484
370,73.084,223.394
371,207.534,244.368
372,232.395,233.526
373,238.038,236.468
374,89.838,112.386
375,113.982,117.594
376,120.573,125.597
377,147.595,224.839
378,112.734,237.18
379,202.298,95.546
380,166.66,65.883
381,119.791,161.299
382,166.485,92.349
383,99.523,208.018
384,209.009,173.86
385,111.295,84.327
386,82.155,220.208
387,148.608,122.976
388,198.342,58.875
389,152.654,58.019
390,80.372,182.383
391,246.63,198.375
392,175.672,158.201
393,58.599,197.635
394,201.889,215.078
395,117.323,106.537
396,238.763,181.296
397,249.848,123.231
398,77.263,150.017
399,216.497,160.966
400,116.159,87.498
401,194.963,129.717
402,230.962,80.261
403,194.26,142.197
404,148.742,198.281
405,251.08,228.332
406,186.679,120.521
407,245.835,195.964
408,66.865,152.129
409,135.371,179.855
410,85.213,221.542
411,237.793,218.642
412,109.917,198.515
413,124.485,195.143
414,155.572,61.687
415,112.693,169.767
416,114.075,201.1
417,198.753,168.75
418,184.383,182.85
419,229.229,161.254
420,152.913,191.256
421,230.175,249.679
422,207.397,123.803
423,117.325,182.215
424,120.94,236.23
425,225.505,169.276
426,250.802,184.338
427,129.806,183.172
428,66.671,146.094
429,72.055,226.636
430,68.839,73.089
431,166.548,70.35
432,183.633,85.492
433,116.021,181.571
434,67.448,124.04
435,65.313,232.147
436,220.623,173.872
437,221.794,122.831
438,252.367,193.103
439,214.3,78.882
440,170.994,91.688
441,86.886,129.539
442,59.884,196.079
443,229.093,108.115
444,138.63,196.264
445,236.737,84.105
446,166.779,197.899
447,120.242,145.366
448,134.226,192.469
449,132.919,139.726
450,76.433,170.931
451,161.83,169.901
452,77.208,117.958
453,73.709,127.828
454,81.502,91.911
455,100.358,71.347
456,112.354,166.617
457,147.076,236.235
458,150.835,146.235
459,65.03,154.718
460,90.055,251.447
461,167.095,126.882
462,118.609,233.878
463,145.196,214.212
464,194.204,191.899
465,125.158,207.652
466,125.29,118.359
467,219.465,79.512
468,182.471,229.267
469,171.053,101.295
470,223.214,212.065
471,72.674,108.594
472,117.494,112.293
473,67.906,57.835
474,99.584,78.472
475,183.181,87.734
476,101.621,76.526
477,248.744,120.784
478,63.905,181.232
479,229.675,184.538
480,80.134,158.619
481,242.12,72.364
482,235.225,164.234
483,62.486,180.899
484,62.714,152.462
485,251.239,252.366
486,213.856,161.33
487,222.266,229.145
488,77.113,73.25
489,103.517,196.432
490,153.037,154.583
491,93.226,247.512
492,64.548,81.796
493,220.758,142.848
494,216.938,177.253
495,60.721,103.34
496,174.002,233.516
497,199.905,90.907
498,170.914,150.615
499,64.083,197.59
500,226.09,237.159
501,234.852,129.339
502,152.453,93.868
503,89.252,205.569
504,172.4,176.628
505,202.105,146.764
506,130.797,117.88
507,232.275,170.819
508,211.253,208.09
509,63.778,219.785
510,111.745,198.716
511,143.212,132.566
512,176.489,147.056
513,99.542,69.35
514,145.336,174.605
515,164.096,175.193
516,81.898,60.116
517,59.342,66.708
518,100.609,218.518
519,206.509,149.804
520,225.882,178.343
521,102.876,127.614
522,139.57,214.452
523,102.085,156.347
524,184.84,82.481
525,124.422,207.887
526,177.111,180.461
527,191.761,217.76
528,93.269,153.242
529,185.793,245.079
530,106.382,169.214
531,175.185,155.213
532,241.657,117.306
533,113.505,188.983
534,190.734,155.33
535,63.687,183.209
536,65.829,210.299
537,99.329,217.445
538,171.819,221.896
539,239.418,203.236
540,92.06,156.543
541,67.364,112.214
542,245.421,162.305
543,88.494,68.095
544,94.126,141.83
545,104.389,220.333
546,84.957,178.832
547,69.276,187.158
548,245.185,167.406
549,103.98,155.946
550,119.154,146.033
551,190.004,74.801
552,118.981,76.443
553,121.77,117.844
554,81.725,153.985
555,155.753,75.847
556,201.65,225.914
557,132.291,228.833
558,223.185,238.116
559,176.969,252.147
560,119.315,113.766
561,246.877,92.778
562,177.274,87.009
563,194.453,115.266
564,240.001,237.445
565,177.297,185.047
566,121.254,133.616
567,57.606,234.01
568,84.338,95.181
569,99.355,66.443
570,113.026,78.328
571,137.004,126.091
572,186.197,190.34
573,174.806,178.725
574,209.051,180.33
575,130.275,251.463
576,130.808,185.211
577,91.474,104.205
578,125.783,116.029
579,166.304,144.711
580,96.928,211.02
581,122.697,158.357
582,118.32,209.973
583,182.714,244.163
584,192.192,148.185
585,71.744,192.306
586,146.239,60.421
587,156.752,226.992
588,82.064,117.639
589,85.219,113.221
590,185.86,226.591
591,149.537,219.184
592,79.309,116.221
593,237.078,249.892
594,234.31,57.895
595,166.33,124.095
596,118.326,149.12
597,193.558,217.213
598,235.747,203.021
599,213.137,214.865
600,131.582,157.278
601,239.365,171.005
602,188.171,148.188
603,186.109,62.868
604,177.488,95.796
605,230.165,78.047
606,170.414,216.47
607,115.796,114.712
608,134.923,155.614
609,176.462,70.934
610,174.385,140.289
611,157.976,109.748
612,116.22,73.927
613,181.706,71.221
614,212.604,179.777
615,188.119,159.895
616,249.942,103.682
617,170.516,215.115
618,200.497,147.156
619,136.537,60.125
620,193.589,195.344
621,91.267,99.57
622,153.694,127.511
623,179.469,233.786
624,161.055,177.334
625,189.748,148.319
626,135.029,188.165
627,133.577,194.05
628,142.491,146.107
629,158.885,131.793
630,202.924,182.891
631,117.225,246.393
632,92.459,216.697
633,113.807,161.642
634,155.481,135.834
635,167.266,162.252
636,165.261,74.703
637,123.604,124.275
638,109.697,191.948
639,232.155,235.834
640,240.333,164.768
641,110.41,77.85
642,196.501,140.973
643,186.73,244.391
644,217.443,144.56
645,67.507,226.69
646,57.842,238.25
647,178.97,185.777
648,241.535,82.0
649,163.288,104.852
650,160.789,158.653
651,245.457,83.795
652,240.451,137.742
653,227.36,149.123
654,132.492,247.846
655,166.896,89.182
656,82.103,68.802
657,146.28,246.794
658,236.238,193.184
659,87.493,142.504
660,182.032,143.063
661,144.61,170.679
662,248.079,149.785
663,139.944,228.299
664,196.56,187.277
665,209.543,226.064
666,243.101,76.052
667,224.248,97.579
668,190.382,95.283
669,63.993,65.421
670,212.268,233.333
671,220.083,190.809
672,143.814,228.5
673,208.315,106.122
674,217.797,215.49
675,104.872,166.045
676,226.449,67.52
677,227.324,153.202
678,158.34,143.523
679,203.945,98.281
680,163.18,144.857
681,79.111,95.019
682,216.628,182.938
683,117.485,156.375
684,194.03,130.547
685,57.559,71.456
686,98.835,86.447
687,101.862,70.172
688,119.331,233.353
689,191.711,109.637
690,225.018,88.854
691,168.258,148.262
692,247.786,242.886
693,116.814,160.635
694,108.29,164.566
695,173.002,72.755
696,243.109,122.37
697,215.117,68.184
698,109.669,119.217
699,180.198,233.948
700,187.149,235.334
701,139.455,111.384
702,225.629,181.673
703,135.86,61.995
704,161.391,196.178
705,192.391,177.161
706,121.319,117.762
707,157.239,237.741
708,199.352,94.761
709,80.647,247.665
710,211.164,150.251
711,193.059,242.104
712,69.843,83.095
713,246.237,166.708
714,130.911,197.17
715,208.986,142.696
716,235.534,182.493
717,203.265,117.781
718,220.547,84.651
719,95.402,63.623
720,207.04,116.304
721,59.913,100.5
722,232.937,92.244
723,88.642,243.228
724,178.026,104.03
725,235.917,217.087
726,60.183,126.605
727,212.632,196.154
728,95.892,243.937
729,68.581,82.775
730,73.244,88.322
731,98.884,226.37
732,107.036,86.062
733,243.759,75.967
734,251.56,212.975
735,212.67,101.007
736,236.07,185.13
737,228.204,178.018
738,143.897,176.824
739,147.398,178.618
740,210.642,246.656
741,134.085,145.867
742,113.504,149.482
743,140.228,250.483
744,110.991,134.94
745,227.408,60.815
746,61.851,169.769
747,137.807,192.012
748,99.094,161.627
749,209.071,139.068
750,121.137,81.808
751,121.052,61.208
752,80.539,123.593
753,215.88,246.508
754,196.161,97.396
755,246.089,64.479
756,157.955,134.332
757,124.525,200.538
758,103.061,216.112
759,116.848,149.194
760,224.344,161.179
761,86.157,223.429
762,148.142,75.051
763,211.22,220.847
764,211.503,130.438
765,240.369,194.309
766,153.56,84.742
767,238.427,240.962
768,174.284,132.917
769,214.065,185.531
770,135.598,143.037
771,243.55,99.895
772,218.821,58.28
773,217.835,159.419
774,209.066,57.619
775,111.122,117.063
776,116.63,240.59
777,152.678,246.117
778,142.137,149.339
779,88.415,156.576
780,177.184,244.346
781,236.832,204.693
782,64.758,213.877
783,86.366,243.916
784,149.664,99.62
785,90.116,65.629
786,224.961,243.68
787,107.825,106.722
788,168.876,144.942
789,233.288,101.395
790,246.469,225.026
791,221.269,241.675
792,120.044,157.756
793,207.764,164.317
794,82.356,82.003
795,138.463,218.802
796,111.596,129.752
797,243.662,233.454
798,123.648,96.821
799,58.634,182.173
800,224.642,163.31
801,156.615,181.445
802,113.659,79.388
803,122.207,90.592
804,76.43,115.425
805,113.327,137.817
806,169.306,195.236
807,157.32,143.346
808,179.35,234.947
809,58.289,64.077
810,207.678,158.547
811,106.017,60.744
812,207.386,171.335
813,124.351,101.847
814,171.95,186.963
815,238.484,233.109
816,127.596,90.688
817,88.27,104.388
818,225.431,210.853
819,126.487,152.982
820,188.586,122.94
821,152.417,67.761
822,120.667,58.187
823,115.805,212.109
824,113.729,181.577
825,215.426,194.375
826,154.667,165.812
827,117.646,202.455
828,201.506,213.692
829,86.404,194.232
830,63.239,66.427
831,245.38,75.268
832,179.725,99.562
833,197.432,194.895
834,190.708,103.923
835,127.224,86.653
836,133.754,173.618
837,211.003,208.179
838,118.299,168.827
839,151.726,196.447
840,210.62,152.844
841,182.426,190.848
842,117.799,147.215
843,87.887,159.48
844,146.758,237.284
845,200.373,77.029
846,101.977,236.552
847,130.323,134.964
848,206.653,163.391
849,250.771,220.261
850,167.055,82.243
851,203.09,189.913
852,174.956,246.992
853,213.373,152.568
854,194.067,187.549
855,164.44,70.628
856,217.676,161.258
857,62.372,229.889
858,157.743,218.677
859,96.664,76.766
860,189.987,204.71
861,87.122,236.976
862,180.602,110.48
863,73.721,249.487
864,159.84,218.62
865,111.718,82.099
866,247.598,177.875
867,123.366,136.372
868,147.888,210.297
869,239.247,116.589
870,149.509,218.484
871,69.11,175.394
872,129.283,213.13
873,201.949,251.265
874,91.515,177.721
875,160.58,130.14
876,236.956,208.606
877,71.794,132.816
878,211.356,192.232
879,234.462,209.501
880,233.298,221.336
881,104.192,176.925
882,117.698,140.524
883,58.364,190.323
884,177.32,105.378
885,132.727,232.646
886,174.377,140.557
887,185.529,137.886
888,207.535,109.075
889,220.347,63.839
890,133.149,163.41
891,137.656,100.562
892,148.646,225.196
893,129.886,170.28
894,252.305,121.03
895,215.067,187.774
896,167.576,102.703
897,219.534,85.227
898,106.856,229.235
899,222.688,82.346
900,236.749,93.421
901,233.696,100.724
902,130.914,125.066
903,235.33,214.914
904,161.889,81.523
905,210.108,172.008
906,81.332,121.965
907,248.48,81.035
908,237.148,107.533
909,75.022,166.291
910,186.571,138.218
911,234.594,59.922
912,81.591,252.394
913,216.839,113.643
914,62.025,97.66
915,126.516,81.866
916,95.82,186.256
917,79.699,233.671
918,102.061,71.367
919,60.839,59.197
920,210.01,142.019
921,60.969,101.042
922,86.576,132.06
923,219.981,117.802
924,243.51,58.283
925,153.079,234.485
926,140.807,58.127
927,97.131,192.02
928,93.062,109.629
929,241.516,154.93
930,202.895,156.878
931,223.721,118.99
932,112.636,98.254
933,149.884,216.145
934,212.528,77.456
935,192.04,102.588
936,196.808,140.486
937,176.952,199.44
938,181.885,222.184
939,232.13,74.451
940,79.788,158.302
941,220.348,209.742
942,162.201,106.816
943,229.28,236.148
944,150.907,217.231
945,115.52,145.914
946,140.049,169.713
947,189.897,199.683
948,117.076,146.658
949,182.689,202.983
950,129.276,187.39
951,244.368,137.985
952,181.356,97.081
953,102.504,207.084
954,145.033,137.577
955,243.917,67.881
956,171.329,201.983
957,67.388,216.122
958,196.437,211.947
959,69.908,95.851
960,68.784,208.745
961,219.481,186.427
962,166.622,118.151
963,138.276,90.943
964,213.715,83.535
965,143.536,183.509
966,190.922,166.889
967,250.164,156.132
968,160.676,133.786
969,154.48,191.797
970,73.279,135.562
971,111.275,189.62
972,63.912,180.716
973,87.503,179.498
974,203.668,76.034
975,133.359,141.011
976,126.158,80.814
977,185.6,187.058
978,108.856,185.763
979,237.237,86.366
980,228.676,173.904
981,70.604,185.8
982,83.158,233.76
983,201.095,118.943
984,222.505,187.792
985,61.458,73.739
986,75.409,69.236
987,151.034,192.531
988,127.499,132.53
989,220.883,180.001
990,66.948,168.746
991,190.751,219.697
992,241.317,220.237
993,60.738,144.448
994,190.132,64.134
995,227.349,59.574
996,114.678,78.877
997,246.674,232.194
998,219.757,208.852
999,211.508,139.884
1000,230.579,179.858
1001,59.211,249.089
1002,118.128,126.43
1003,111.926,92.822
1004,213.544,169.484
1005,234.358,144.344
1006,208.638,122.958
1007,163.807,199.936
1008,231.521,237.69
1009,83.004,78.666
1010,206.428,78.733
1011,196.29,122.556
1012,163.785,246.61
1013,122.525,206.628
1014,148.285,230.095
1015,176.982,182.861
1016,215.115,181.118
1017,219.201,160.627
1018,234.399,230.542
1019,76.487,148.625
1020,246.695,188.74
1021,74.201,116.45
1022,241.83,103.315
1023,204.272,251.188
1024,203.868,191.835
1025,152.55,153.608
1026,146.734,135.876
1027,242.617,239.677
1028,195.957,102.692
1029,235.651,59.245
1030,59.276,121.739
1031,129.588,195.772
1032,154.167,233.293
1033,170.953,166.685
1034,202.4,133.475
1035,178.995,93.206
1036,97.552,198.213
1037,187.602,251.885
1038,63.343,165.765
1039,234.452,127.986
1040,210.868,232.863
1041,165.184,168.624
1042,180.441,168.939
1043,155.923,84.594
1044,150.523,63.681
1045,191.205,145.295
1046,72.548,240.358
1047,247.476,205.68
1048,126.687,103.22
1049,77.465,121.812
1050,185.836,171.042
1051,248.118,169.696
1052,166.253,135.664
1053,59.233,136.968
1054,135.785,248.378
1055,133.679,80.554
1056,82.344,210.339
1057,75.536,183.509
1058,93.823,185.41
1059,91.719,197.811
1060,215.299,163.073
1061,180.879,80.447
1062,119.738,62.273
1063,196.952,99.135
1064,74.697,136.92
1065,175.865,229.968
1066,211.188,156.434
1067,156.412,162.233
1068,70.475,167.716
1069,152.704,108.177
1070,177.179,111.633
1071,249.511,151.406
1072,140.313,135.885
1073,221.368,178.151
1074,69.015,238.025
1075,223.667,76.339
1076,116.423,195.455
1077,66.647,101.193
1078,176.315,148.657
1079,110.663,64.615
1080,199.737,129.479
1081,231.402,68.827
1082,123.063,105.361
1083,222.957,92.619
1084,124.823,129.067
1085,175.107,178.553
1086,72.953,196.512
1087,247.794,244.201
1088,98.55,89.639
1089,202.608,96.097
1090,246.363,83.386
1091,230.076,62.079
1092,238.541,246.777
1093,96.475,216.318
1094,86.216,223.256
1095,151.021,237.14
1096,206.012,217.514
1097,80.602,102.233
1098,245.144,166.223
1099,180.738,208.298
1100,175.021,241.512
1101,136.754,149.484
1102,130.535,252.087
1103,180.601,201.356
1104,134.771,65.948
1105,172.831,220.765
1106,240.737,90.795
1107,169.472,143.97
1108,182.735,115.251
1109,186.543,221.121
1110,71.323,246.689
1111,170.983,129.022
1112,207.842,220.06
1113,210.381,164.562
1114,201.955,211.038
1115,113.804,120.937
1116,184.259,235.691
1117,186.739,82.245
1118,196.273,158.167
1119,214.416,65.104
1120,203.889,68.19
1121,127.137,154.13
1122,160.132,133.283
1123,94.679,119.189
1124,251.423,236.688
1125,76.937,118.309
1126,79.66,249.131
1127,232.249,139.773
1128,198.507,244.951
1129,200.328,216.282
1130,125.865,250.808
1131,115.964,124.727
1132,174.553,191.637
1133,113.062,121.7
1134,247.839,93.521
1135,104.619,247.196
1136,73.511,204.478
1137,120.436,127.357
1138,162.144,144.197
1139,183.023,93.837
1140,225.877,226.379
1141,135.302,233.282
1142,180.126,241.547
1143,234.756,249.327
1144,164.481,70.03
1145,160.747,105.525
1146,60.03,218.171
1147,178.953,83.261
1148,181.48,165.151
1149,208.789,144.611
1150,109.031,242.749
1151,150.381,204.328
1152,227.283,86.251
1153,108.702,141.582
1154,229.956,99.902
1155,188.833,150.554
1156,174.483,222.746
1157,200.332,141.371
1158,127.039,190.361
1159,186.055,66.685
1160,231.851,135.586
1161,242.987,143.347
1162,132.486,59.033
1163,165.323,107.578
1164,104.665,96.586
1165,124.482,91.268
1166,210.305,146.013
1167,153.568,149.51
1168,119.015,164.687
1169,163.476,102.512
1170,148.656,70.235
1171,67.101,186.215
1172,87.81,134.174
1173,137.091,217.421
1174,246.976,86.138
1175,79.053,141.533
1176,167.7,219.583
1177,233.033,120.956
1178,177.702,239.232
1179,147.814,244.963
1180,161.454,63.404
1181,134.245,141.273
1182,161.865,61.974
1183,164.329,75.2
1184,202.976,152.947
1185,243.544,124.715
1186,182.373,224.689
1187,101.268,193.509
1188,60.999,97.154
1189,174.401,190.021
1190,248.546,133.955
1191,217.333,231.198
1192,141.724,158.727
1193,79.357,238.704
1194,113.884,158.001
1195,219.561,195.531
1196,80.116,110.33
1197,157.627,135.263
1198,236.016,190.749
1199,229.928,229.379
1200,155.357,107.687
1201,249.514,82.689
1202,157.764,173.392
1203,68.6,248.342
1204,176.905,169.638
1205,68.034,238.409
1206,176.188,90.969
1207,62.147,211.121
1208,108.519,108.613
1209,108.47,58.52
1210,217.382,145.664
1211,186.76,92.398
1212,251.781,147.789
1213,110.386,201.139
1214,158.939,228.478
1215,147.262,122.856
1216,249.195,217.275
1217,222.269,211.166
1218,100.928,196.547
1219,172.384,161.875
1220,212.239,90.861
1221,78.923,191.298
1222,134.303,206.191
1223,186.918,63.63
1224,149.297,75.828
1225,167.641,246.375
1226,251.525,187.756
1227,187.605,120.993
1228,177.161,126.487
1229,244.247,204.421
1230,90.11,94.12
1231,220.871,243.702
1232,129.948,190.642
1233,180.145,200.123
1234,63.938,251.091
1235,185.904,165.566
1236,189.339,132.606
1237,129.794,242.23
1238,119.514,242.479
1239,159.264,210.702
1240,232.072,209.471
1241,193.906,75.876
1242,131.844,73.975
1243,94.824,73.593
1244,248.66,170.945
1245,157.698,182.041
1246,236.05,237.879
1247,93.29,57.967
1248,103.694,96.27
1249,185.038,219.685
1250,69.549,151.567
1251,205.484,229.758
1252,235.771,165.769
1253,146.193,95.822
1254,243.133,72.104
1255,68.387,102.51
1256,183.638,196.916
1257,113.254,108.562
1258,65.231,162.179
1259,97.828,241.852
1260,172.501,250.588
1261,110.23,172.963
1262,161.342,197.192
1263,67.512,251.659
1264,65.706,92.559
1265,96.568,63.829
1266,217.346,206.182
1267,88.573,107.587
1268,94.413,134.462
1269,173.669,237.417
1270,156.364,198.127
1271,235.577,96.699
1272,244.128,110.88
1273,158.536,113.527
1274,124.537,98.905
1275,149.153,141.36
1276,174.073,90.73
1277,70.036,186.343
1278,140.529,104.164
1279,233.161,86.262
1280,60.243,214.018
1281,123.132,213.26
1282,118.835,240.532
1283,166.07,101.036
1284,100.303,59.187
1285,99.398,71.374
1286,86.266,92.825
1287,231.298,78.118
1288,194.414,243.91
1289,214.982,106.602
1290,77.737,109.361
1291,75.266,147.998
1292,191.933,164.509
1293,177.464,203.078
1294,149.395,70.882
1295,199.985,245.616
1296,163.737,208.514
1297,214.042,85.099
1298,110.778,124.954
1299,167.788,174.62
1300,202.271,97.439
1301,188.629,110.818
1302,221.998,241.218
1303,61.656,226.54
1304,163.68,225.782
1305,178.916,161.544
1306,88.889,87.287
1307,95.074,246.837
1308,149.171,106.41
1309,155.12,154.94
1310,119.866,174.264
1311,208.058,67.61
1312,152.419,211.147
1313,129.278,214.891
1314,249.505,232.443
1315,150.339,177.274
1316,221.055,144.386
1317,59.128,84.528
1318,130.723,104.785
1319,129.532,179.978
1320,196.831,216.728
1321,243.731,214.206
1322,175.006,147.429
1323,241.516,194.553
1324,160.98,127.763
1325,157.543,130.84
1326,92.033,126.867
1327,95.091,102.662
1328,129.07,152.061
1329,141.156,203.71
1330,112.237,110.672
1331,206.315,136.343
1332,98.865,196.507
1333,104.769,241.704
1334,84.738,155.986
1335,85.441,249.463
1336,194.427,202.438
1337,102.337,248.641
1338,109.24,171.402
1339,154.173,181.649
1340,128.351,123.424
1341,206.633,221.445
1342,231.352,120.988
1343,94.51,213.776
1344,142.867,249.747
1345,187.616,230.637
1346,94.318,176.748
1347,126.313,72.604
1348,86.084,125.333
1349,73.668,132.701
1350,80.254,162.871
1351,206.24,126.904
1352,249.64,194.997
1353,87.215,218.859
1354,236.747,155.51
1355,188.313,196.238
1356,212.748,169.708
1357,108.604,141.782
1358,77.371,167.18
1359,207.827,70.352
1360,113.446,173.833
1361,172.88,114.043
1362,61.238,62.807
1363,80.379,215.217
1364,138.517,61.556
1365,194.485,171.346
1366,112.245,249.566
1367,158.331,245.172
1368,140.394,140.952
1369,127.502,115.171
1370,76.344,227.103
1371,137.066,144.956
1372,85.797,227.249
1373,192.707,160.952
1374,127.27,164.138
1375,100.818,204.188
1376,129.769,121.481
1377,138.078,133.199
1378,75.229,135.236
1379,156.586,155.995
1380,194.858,130.365
1381,114.126,148.54
1382,221.81,186.957
1383,162.738,198.285
1384,209.0,250.543
1385,76.149,174.426
1386,251.869,103.89
1387,245.483,80.938
1388,69.422,227.165
1389,137.574,165.85
1390,121.303,101.47
1391,110.994,187.137
1392,237.82,182.514
1393,223.587,168.195
1394,205.456,142.584
1395,241.994,117.767
1396,69.18,175.97
1397,237.735,145.182
1398,208.649,145.649
1399,58.148,205.346
1400,229.362,133.241
1401,117.112,212.241
1402,249.842,86.211
1403,108.221,68.029
1404,247.959,250.049
1405,109.844,184.706
1406,126.573,208.699
1407,238.388,196.79
1408,156.704,159.307
1409,155.537,212.661
1410,89.196,127.856
1411,218.46,198.643
1412,127.092,82.793
1413,88.075,79.73
1414,149.459,123.323
1415,148.109,163.282
1416,173.963,247.567
1417,204.431,117.124
1418,146.161,77.541
1419,128.569,80.133
1420,150.949,105.226
1421,71.547,184.323
1422,187.541,231.452
1423,130.049,107.931
1424,120.662,163.44
1425,228.978,139.48
1426,200.589,112.397
1427,222.726,246.168
1428,233.532,141.535
1429,75.035,58.148
1430,128.321,222.366
1431,229.737,113.301
1432,229.677,143.066
1433,58.624,61.189
1434,228.286,112.864
1435,126.851,62.461
1436,195.401,232.734
1437,143.696,223.36
1438,89.054,198.628
1439,143.289,250.942
1440,174.959,213.719
1441,108.342,215.38
1442,59.199,127.769
1443,248.77,211.84
1444,223.989,99.867
1445,227.052,138.772
1446,91.594,218.079
1447,152.74,135.311
1448,116.231,201.976
1449,163.726,91.736
1450,178.129,149.718
1451,98.839,197.281
1452,87.776,136.522
1453,113.417,79.144
1454,184.958,60.992
1455,179.928,238.46
1456,170.153,217.745
1457,120.798,179.425
1458,196.341,97.359
1459,80.381,171.794
1460,98.048,104.744
1461,202.248,86.757
1462,119.345,95.064
1463,160.473,186.128
1464,233.1,217.793
1465,183.042,121.717
1466,124.21,67.634
1467,210.942,252.115
1468,195.421,186.142
1469,187.827,183.561
1470,137.139,215.046
1471,198.861,94.963
1472,211.685,244.14
1473,158.536,137.009
1474,89.531,248.46
1475,173.879,215.325
1476,83.767,113.42
1477,166.213,238.844
1478,203.021,207.738
1479,148.133,75.286
1480,148.261,87.489
1481,121.443,156.918
1482,104.762,140.077
1483,203.909,178.627
1484,197.909,78.24
1485,247.729,85.176
1486,229.073,66.927
1487,250.112,125.94
1488,154.684,112.876
1489,79.779,105.62
1490,118.213,58.082
1491,66.804,153.45
1492,248.848,216.836
1493,88.313,93.626
1494,252.952,136.029
1495,235.347,120.557
1496,94.2,70.972
1497,93.548,179.737
1498,96.599,67.217
1499,58.795,64.952
1500,61.113,170.841
1501,175.606,91.218
1502,144.573,88.418
1503,203.833,116.225
1504,231.088,148.961
1505,123.111,250.704
1506,75.496,232.492
1507,154.46,169.741
1508,216.684,108.757
1509,145.434,172.364
1510,76.365,183.451
1511,130.675,174.991
1512,243.658,176.302
1513,76.864,79.438
1514,59.612,138.368
1515,95.208,220.08
1516,75.783,225.984
1517,144.383,241.711
1518,74.024,199.341
1519,68.396,238.943
1520,143.21,199.036
1521,165.333,143.417
1522,181.662,117.473
1523,174.316,165.33
1524,66.65,107.908
1525,88.18,208.1
1526,77.652,94.761
1527,239.898,174.97
1528,106.653,218.381
1529,77.019,221.916
1530,217.704,109.445
1531,114.455,214.576
1532,207.942,158.479
1533,153.999,186.771
1534,95.91,189.928
1535,117.297,151.029
1536,231.366,171.014
1537,60.317,237.628
1538,252.933,60.621
1539,154.635,187.799
1540,133.977,165.757
1541,62.022,247.883
1542,244.913,133.536
1543,150.729,175.839
1544,207.626,104.673
1545,164.34,244.083
1546,83.807,103.186
1547,177.592,105.949
1548,113.001,69.327
1549,214.112,85.083
1550,165.329,117.388
1551,211.441,129.767
1552,209.06,94.184
1553,71.697,218.85
1554,236.444,91.29
1555,240.748,245.864
1556,120.588,111.831
1557,124.12,174.711
1558,219.134,148.318
1559,187.646,140.122
1560,82.179,251.004
1561,199.019,86.307
1562,123.278,218.778
1563,124.803,108.841
1564,94.442,165.279
1565,143.097,118.869
1566,107.87,142.135
1567,167.904,166.613
1568,159.165,105.33
1569,175.753,140.031
1570,158.861,109.295
1571,186.745,185.349
1572,86.371,154.847
1573,123.5,228.126
1574,181.281,211.785
1575,97.875,201.453
1576,183.051,98.29
1577,82.886,195.607
1578,67.096,120.265
1579,61.011,72.327
1580,82.832,231.203
1581,88.271,186.882
1582,152.027,249.749
1583,118.497,178.061
1584,246.566,111.267
1585,172.855,249.596
1586,73.427,202.131
1587,211.29,97.251
1588,134.575,90.642
1589,148.325,208.593
1590,223.455,209.049
1591,221.741,230.846
1592,192.471,91.756
1593,171.956,180.152
1594,222.561,228.009
1595,230.758,237.337
1596,97.569,140.883
1597,92.044,153.027
1598,126.123,194.92
1599,69.647,107.796
1600,196.555,92.407
1601,177.374,120.171
1602,220.823,214.186
1603,101.653,130.118
1604,231.374,243.07
1605,138.706,82.588
1606,66.077,196.564
1607,100.703,170.875
1608,139.158,139.625
1609,119.375,238.181
1610,222.288,77.924
1611,231.687,170.525
1612,153.57,243.779
1613,168.09,153.184
1614,72.159,124.683
1615,100.84,62.018
1616,64.255,171.334
1617,148.247,83.156
1618,242.266,227.818
1619,246.892,78.287
1620,61.353,216.077
1621,107.56,145.479
1622,159.423,222.0
1623,102.445,228.001
1624,171.135,179.667
1625,227.473,169.257
1626,108.369,246.206
1627,113.795,109.66
1628,102.544,120.903
1629,202.626,207.715
1630,215.505,138.824
1631,190.836,234.561
1632,238.006,157.95
1633,196.881,152.121
1634,61.974,74.197
1635,106.711,230.153
1636,107.863,243.567
1637,110.065,74.73
1638,175.2,95.242
1639,111.663,68.23
1640,164.538,232.268
1641,65.997,192.742
1642,153.619,215.421
1643,183.857,187.263
1644,77.275,217.867
1645,115.588,148.021
1646,112.058,189.266
1647,192.607,70.923
1648,134.07,60.015
1649,122.307,74.878
1650,205.973,216.733
1651,116.15,76.9
1652,157.208,127.253
1653,130.814,92.736
1654,228.827,131.815
1655,136.888,107.294
1656,182.281,128.064
1657,207.168,119.969
1658,124.276,125.299
1659,94.104,189.212
1660,87.971,126.747
1661,193.785,206.943
1662,220.27,88.98
1663,237.544,109.14
1664,139.212,228.033
1665,150.218,193.643
1666,212.892,166.387
1667,196.825,225.571
1668,178.877,188.905
1669,246.494,192.736
1670,134.642,243.052
1671,98.099,183.817
1672,64.812,66.213
1673,92.619,241.806
1674,211.207,227.127
1675,141.251,141.325
1676,106.786,209.594
1677,88.17,87.459
1678,207.872,152.214
1679,178.717,123.852
1680,236.882,124.803
1681,202.054,241.585
1682,63.22,189.722
1683,145.664,90.207
1684,105.821,176.16
1685,237.125,214.107
1686,78.108,104.76
1687,249.318,102.282
1688,124.678,213.286
1689,162.558,209.487
1690,80.814,65.087
1691,89.989,117.938
1692,89.393,171.373
1693,72.179,155.553
1694,184.88,118.781
1695,99.332,173.981
1696,96.619,210.79
1697,57.793,206.543
1698,200.121,173.463
1699,211.134,219.832
1700,113.466,130.324
1701,90.97,91.266
1702,87.003,249.849
1703,174.817,59.035
1704,128.994,182.809
1705,164.331,212.368
1706,202.121,122.957
1707,64.788,195.529
1708,121.996,228.05
1709,238.129,189.425
1710,182.651,64.905
1711,185.97,234.075
1712,158.322,102.885
1713,212.652,169.026
1714,237.931,101.841
1715,122.961,249.633
1716,101.867,209.611
1717,159.903,231.55
1718,184.923,168.95
1719,122.796,167.866
1720,220.907,94.182
1721,233.305,170.529
1722,147.598,201.544
1723,132.41,154.176
1724,155.687,66.086
1725,86.834,167.605
1726,129.826,190.716
1727,144.929,135.196
1728,88.421,181.937
1729,188.555,64.299
1730,162.193,186.695
1731,177.25,127.441
1732,181.985,210.274
1733,128.07,155.321
1734,57.913,214.429
1735,211.292,155.333
1736,131.799,70.45
1737,77.257,114.058
1738,184.967,82.542
1739,239.71,173.142
1740,228.772,180.272
1741,161.108,70.965
1742,185.955,157.275
1743,230.845,57.517
1744,145.851,174.914
1745,65.635,64.367
1746,128.299,230.29
1747,180.025,159.58
1748,142.056,157.871
1749,157.716,103.215
1750,88.044,111.933
1751,203.416,61.035
1752,230.325,76.672
1753,221.018,225.82
1754,82.301,239.133
1755,125.4,148.866
1756,160.22,180.354
1757,232.125,215.759
1758,138.393,164.51
1759,67.457,244.488
1760,149.4,81.622
1761,117.509,192.897
1762,71.589,87.973
1763,142.098,141.613
1764,115.094,189.376
1765,155.587,209.687
1766,144.943,179.128
1767,90.962,130.536
1768,184.246,198.119
1769,200.996,132.597
1770,165.714,207.751
1771,114.638,67.778
1772,208.544,187.115
1773,136.214,214.614
1774,241.675,139.995
1775,214.307,165.295
1776,144.771,80.66
1777,95.451,161.8
1778,240.871,251.025
1779,117.555,210.235
1780,232.355,174.39
1781,77.458,79.169
1782,59.411,144.773
1783,88.228,99.794
1784,138.227,215.926
1785,226.018,198.634
1786,148.324,148.213
1787,86.519,179.47
1788,177.106,133.463
1789,156.116,221.264
1790,202.746,240.289
1791,73.124,102.182
1792,104.521,189.04
1793,132.438,85.599
1794,60.496,146.665
1795,204.09,183.916
1796,81.88,84.357
1797,88.373,177.862
1798,215.509,118.65
1799,243.975,137.418
1800,122.674,87.474
1801,124.35,138.165
1802,103.194,107.176
1803,242.086,123.594
1804,138.587,148.481
1805,97.61,176.43
1806,68.434,96.371
1807,91.855,239.462
1808,180.881,143.661
1809,105.89,63.45
1810,229.648,110.022
1811,135.986,113.279
1812,179.509,243.436
1813,63.96,118.019
1814,233.874,227.08
1815,83.094,238.797
1816,57.849,82.24
1817,152.493,124.045
1818,181.732,119.202
1819,144.523,194.959
1820,86.794,168.54
1821,191.731,130.192
1822,235.851,88.146
1823,252.718,252.148
1824,141.495,245.105
1825,64.587,147.146
1826,66.617,250.686
1827,229.175,243.981
1828,176.727,156.322
1829,120.846,171.604
1830,74.66,174.838
1831,85.249,79.901
1832,77.81,62.952
1833,196.164,215.851
1834,108.302,192.549
1835,97.825,202.829
1836,216.215,204.917
1837,224.811,241.628
1838,75.533,175.597
1839,102.897,68.719
1840,226.553,143.963
1841,134.998,172.441
1842,233.204,159.564
1843,238.532,121.775
1844,133.46,69.509
1845,81.467,87.058
1846,145.242,174.461
1847,198.185,209.269
1848,209.96,72.164
1849,120.721,188.135
1850,198.245,140.5
1851,251.161,249.784
1852,120.525,246.248
1853,167.02,183.404
1854,94.725,97.752
1855,66.836,185.519
1856,63.5,109.139
1857,251.778,70.797
1858,212.915,181.188
1859,242.852,201.407
1860,208.752,203.17
1861,86.498,235.053
1862,63.697,65.462
1863,100.528,148.932
1864,95.656,87.484
1865,154.444,148.911
1866,211.585,202.024
1867,191.785,209.052
1868,61.337,166.752
1869,242.223,118.552
1870,227.493,97.492
1871,106.028,82.325
1872,169.002,168.846
1873,157.299,183.052
1874,63.949,120.036
1875,219.881,154.344
1876,121.655,87.788
1877,131.19,140.459
1878,114.466,191.658
1879,171.897,226.899
1880,189.397,178.894
1881,128.398,168.509
1882,79.209,189.389
1883,158.333,135.391
1884,69.304,63.149
1885,249.332,156.777
1886,210.577,101.59
1887,201.103,126.901
1888,59.8,111.888
1889,115.976,191.198
1890,117.035,127.195
1891,159.457,137.873
1892,70.503,120.32
1893,213.838,207.754
1894,89.29,196.375
1895,97.497,168.107
1896,156.913,171.29
1897,123.932,72.585
1898,130.275,134.782
1899,193.859,97.84
1900,226.378,129.175
1901,225.309,229.551
1902,217.664,117.341
1903,98.557,73.251
1904,178.189,190.38
1905,192.225,90.039
1906,105.765,112.059
1907,111.241,96.044
1908,236.223,71.336
1909,170.117,235.262
1910,217.379,251.041
1911,71.248,190.913
1912,197.092,118.999
1913,203.024,203.027
1914,208.388,61.372
1915,223.242,202.156
1916,74.646,207.095
1917,152.983,121.802
1918,77.172,118.674
1919,141.002,195.786
1920,216.596,198.737
1921,80.84,77.579
1922,150.702,229.953
1923,76.765,234.15
1924,69.243,194.11
1925,209.036,189.063
1926,66.286,185.001
1927,106.865,213.993
1928,83.36,200.158
1929,131.983,138.034
1930,195.864,126.324
1931,68.077,202.081
1932,154.485,109.484
1933,104.526,63.028
1934,140.028,123.49
1935,162.899,199.014
1936,224.841,243.218
1937,129.783,206.821
1938,232.642,70.175
1939,142.553,219.093
1940,249.168,132.294
1941,252.449,130.24
1942,139.327,160.319
1943,114.784,112.023
1944,83.04,232.099
1945,209.54,204.002
1946,193.658,230.243
1947,143.305,172.38
1948,75.923,161.834
1949,172.611,242.517
1950,238.307,240.751
1951,204.398,162.351
1952,68.912,237.59
1953,131.952,250.631
1954,127.196,135.314
1955,162.24,166.048
1956,198.651,185.005
1957,79.499,78.152
1958,89.23,201.25
1959,248.92,59.407
1960,239.387,235.61
1961,125.321,149.974
1962,88.185,206.991
1963,239.191,85.179
1964,151.731,85.079
1965,121.94,87.815
1966,101.24,211.555
1967,162.251,135.016
1968,143.373,240.177
1969,141.561,129.191
1970,119.055,165.064
1971,98.789,203.052
1972,89.575,235.902
1973,228.347,94.046
1974,124.421,168.56
1975,65.8,172.223
1976,127.518,230.836
1977,225.556,89.491
1978,171.525,141.912
1979,110.279,231.585
1980,224.011,104.679
1981,81.555,165.595
1982,180.561,218.62
1983,95.109,142.928
1984,69.178,124.418
1985,157.244,251.07
1986,67.03,241.611
1987,251.772,121.747
1988,177.29,223.236
1989,230.753,165.845
1990,152.972,148.153
1991,194.928,142.576
1992,239.96,185.502
1993,166.325,239.59
1994,184.067,155.344
1995,239.908,78.307
1996,200.29,244.668
1997,91.421,176.723
1998,176.766,179.628
1999,140.442,236.543
2000,199.6,142.754
2001,78.253,235.91
2002,121.722,163.946
2003,195.18,198.343
2004,92.545,211.449
2005,103.676,238.315
2006,162.367,212.632
2007,192.697,112.146
2008,177.041,211.707
2009,107.402,146.905
2010,121.208,226.369
2011,118.402,217.458
2012,243.615,86.213
2013,102.519,182.19
2014,227.357,166.295
2015,131.298,111.587
2016,167.325,148.488
2017,65.544,60.404
2018,165.663,108.899
2019,72.352,153.978
2020,91.33,187.117
2021,195.343,176.628
2022,101.825,194.423
2023,182.476,84.114
2024,61.161,164.124
2025,58.073,57.564
2026,216.504,201.88
2027,233.091,78.264
2028,168.299,71.511
2029,101.875,146.57
2030,192.289,101.892
2031,191.85,184.913
2032,110.48,227.802
2033,211.414,79.056
2034,111.419,156.77
2035,213.822,179.602
2036,81.849,221.847
2037,211.206,197.235
2038,71.402,118.834
2039,234.521,127.058
2040,111.444,168.014
2041,155.985,142.099
2042,58.862,199.819
2043,227.024,171.338
2044,159.072,114.46
2045,95.42,76.366
2046,74.841,216.66
2047,137.784,129.52
2048,67.028,228.654
2049,111.207,238.01
2050,251.344,60.37
2051,172.262,143.059
2052,153.336,77.117
2053,224.115,91.787
2054,242.308,139.005
2055,145.061,219.496
2056,230.23,180.224
2057,209.202,73.429
2058,237.378,86.807
2059,230.012,172.681
2060,70.748,174.077
2061,181.476,198.134
2062,175.45,93.931
2063,227.399,166.89
2064,203.445,123.997
2065,79.744,67.047
2066,240.616,246.689
2067,195.564,94.338
2068,186.754,237.688
2069,243.036,210.643
2070,170.572,98.63
2071,237.879,141.853
2072,131.71,111.895
2073,111.731,173.871
2074,119.539,169.503
2075,177.61,102.686
2076,74.172,175.969
2077,147.476,90.393
2078,245.258,162.251
2079,106.627,189.3
2080,156.288,90.51
2081,244.017,156.953
2082,81.049,69.837
2083,146.18,97.11
2084,205.623,99.605
2085,209.207,84.251
2086,63.902,120.53
2087,73.642,216.281
2088,210.962,213.017
2089,127.008,57.901
2090,163.533,86.169
2091,244.296,93.813
2092,124.907,122.367
2093,243.548,150.701
2094,157.257,120.5
2095,72.394,83.248
2096,69.46,78.72
2097,244.286,240.976
2098,175.229,102.46
2099,142.234,212.905
2100,210.173,77.165
2101,239.023,180.161
2102,242.069,156.775
2103,250.557,68.189
2104,127.087,211.432
2105,145.465,100.288
2106,213.379,142.231
2107,77.556,180.121
2108,115.701,128.175
2109,98.269,159.485
2110,201.778,92.123
2111,149.008,227.827
2112,145.256,247.94
2113,89.421,224.582
2114,85.238,189.114
2115,191.104,125.638
2116,175.196,177.893
2117,186.499,172.595
2118,96.523,175.055
2119,59.258,185.57
2120,163.931,129.523
2121,173.02,154.728
2122,100.955,116.46
2123,70.176,224.629
2124,134.447,250.97
2125,248.334,123.888
2126,141.261,219.556
2127,61.952,220.616
2128,206.128,201.498
2129,109.59,114.929
2130,165.924,229.161
2131,61.006,192.592
2132,89.246,201.343
2133,249.083,68.663
2134,208.787,182.035
2135,108.852,109.56
2136,81.191,250.778
2137,172.148,240.82
2138,62.132,153.557
2139,81.807,195.692
2140,249.093,219.731
2141,228.058,124.308
2142,139.919,60.337
2143,252.597,166.779
2144,235.153,135.334
2145,89.016,93.257
2146,137.962,226.081
2147,173.383,146.924
2148,83.048,240.818
2149,127.845,239.37
2150,87.912,222.527
2151,251.789,80.356
2152,100.104,128.921
2153,230.204,57.747
2154,199.679,251.24
2155,236.594,197.397
2156,72.397,134.01
2157,155.643,146.354
2158,103.204,187.342
2159,222.183,247.508
2160,63.518,69.452
2161,194.609,89.007
2162,84.134,206.517
2163,91.388,152.747
2164,194.533,100.526
2165,219.197,139.977
2166,72.826,71.713
2167,103.95,104.295
2168,174.522,247.984
2169,180.578,174.314
2170,132.47,127.214
2171,250.591,180.794
2172,181.648,139.888
2173,202.963,81.6
2174,249.672,63.261
2175,128.12,215.774
2176,71.02,127.136
2177,69.969,133.044
2178,137.175,220.18
2179,200.826,174.636
2180,163.27,243.431
2181,72.007,96.518
2182,233.202,175.068
2183,68.547,185.902
2184,91.622,98.683
2185,60.703,90.393
2186,99.936,210.284
2187,203.028,110.146
2188,63.828,248.984
2189,69.734,249.598
2190,188.919,104.374
2191,220.206,238.196
2192,98.721,209.907
2193,87.422,95.468
2194,154.013,188.297
2195,138.342,224.506
2196,242.543,212.215
2197,59.367,72.071
2198,61.666,188.788
2199,94.191,143.98
2200,230.863,84.903
2201,203.892,112.436
2202,110.157,146.136
2203,70.536,102.148
2204,145.442,125.782
2205,244.571,115.233
2206,59.543,65.86
2207,165.015,166.948
2208,185.477,113.691
2209,110.475,97.495
2210,64.742,164.399
2211,209.276,201.207
2212,69.674,170.144
2213,140.581,187.296
2214,185.4,87.236
2215,69.88,120.545
2216,251.084,212.956
2217,191.345,121.136
2218,222.915,176.701
2219,83.599,194.939
2220,105.303,206.109
2221,200.577,228.531
2222,198.484,197.254
2223,86.41,241.196
2224,133.681,126.387
2225,136.644,196.513
2226,167.672,184.353
2227,103.892,231.588
2228,211.15,137.878
2229,183.126,122.326
2230,65.051,158.153
2231,111.625,138.59
2232,109.53,240.581
2233,139.066,101.516
2234,98.085,101.575
2235,147.283,121.431
2236,117.387,185.507
2237,74.672,204.64
2238,182.699,66.005
2239,235.393,210.877
2240,129.159,131.323
2241,140.311,250.768
2242,153.284,227.523
2243,141.64,159.707
2244,240.988,215.285
2245,131.604,252.342
2246,143.265,98.648
2247,155.514,124.903
2248,219.804,144.639
2249,166.586,81.71
2250,181.35,130.053
2251,171.994,85.488
2252,152.275,162.123
2253,102.489,169.028
2254,159.291,73.461
2255,130.283,142.355
2256,153.597,219.112
2257,62.346,237.301
2258,83.051,81.91
2259,111.923,74.792
2260,167.477,72.925
2261,108.401,189.501
2262,127.232,248.604
2263,170.329,129.14
2264,81.176,197.362
2265,250.206,104.268
2266,91.741,240.745
2267,166.272,140.697
2268,241.066,81.121
2269,62.227,93.127
2270,214.668,138.101
2271,182.243,236.333
2272,113.7,70.513
2273,223.787,112.613
2274,195.612,154.297
2275,218.0,98.71
2276,193.587,138.193
2277,217.008,76.207
2278,102.154,137.061
2279,214.96,147.94
2280,184.959,205.994
2281,238.532,90.891
2282,102.779,228.801
2283,216.0,224.479
2284,124.244,165.036
2285,167.854,245.439
2286,62.747,99.144
2287,110.921,107.405
2288,175.795,128.9
2289,87.786,81.126
2290,91.627,86.48
2291,139.621,204.019
2292,238.225,196.251
2293,121.622,207.19
2294,175.512,131.696
2295,162.022,111.225
2296,160.693,156.223
2297,133.034,97.276
2298,197.51,213.844
2299,64.64,103.172
2300,71.16,177.625
2301,224.282,76.972
2302,200.421,107.191
2303,58.367,214.462
2304,242.348,106.614
2305,194.848,106.395
2306,160.646,208.584
2307,131.166,120.601
2308,61.26,148.347
2309,202.208,132.652
2310,64.998,220.072
2311,66.818,110.9
2312,143.013,152.269
2313,142.517,249.739
2314,249.637,80.151
2315,242.667,242.823
2316,141.604,73.944
2317,179.632,184.956
2318,232.723,66.344
2319,72.879,113.141
2320,209.283,208.505
2321,134.985,207.146
2322,137.112,166.725
2323,171.465,62.748
2324,108.152,218.2
2325,122.703,82.538
2326,97.125,244.626
2327,115.443,67.345
2328,241.09,217.964
2329,155.151,126.377
2330,220.381,160.591
2331,86.543,215.227
2332,99.59,206.684
2333,241.151,133.283
2334,191.02,112.198
2335,61.86,151.687
2336,105.322,129.116
2337,142.892,88.599
2338,65.945,216.971
2339,72.045,84.062
2340,185.189,126.362
2341,74.588,213.616
2342,83.104,250.176
2343,165.965,71.792
2344,106.775,87.683
2345,214.259,102.522
2346,178.802,118.973
2347,87.659,90.488
2348,150.549,143.308
2349,181.891,66.196
2350,114.419,202.265
2351,75.915,105.717
2352,73.883,97.213
2353,79.846,171.204
2354,59.009,159.399
2355,215.937,111.717
2356,234.448,217.809
2357,102.316,126.515
2358,190.155,185.84
2359,138.009,215.183
2360,216.814,200.804
2361,155.487,95.559
2362,156.39,72.341
2363,182.343,183.655
2364,131.658,110.105
2365,239.07,138.96
2366,92.494,230.407
2367,78.286,58.738
2368,156.738,212.172
2369,100.631,73.221
2370,173.577,68.251
2371,141.878,95.095
2372,130.208,204.759
2373,80.058,221.501
2374,86.656,213.346
2375,99.526,87.227
2376,99.995,172.329
2377,220.511,126.405
2378,90.542,92.66
2379,123.806,77.454
2380,130.631,184.023
2381,67.687,193.684
2382,102.831,109.839
2383,101.573,132.279
2384,227.455,224.303
2385,134.993,125.941
2386,87.495,203.539
2387,252.478,180.342
2388,137.721,83.533
2389,64.657,144.586
2390,117.199,61.866
2391,76.143,242.245
2392,150.167,94.593
2393,188.729,78.073
2394,180.892,167.771
2395,165.286,230.376
2396,238.578,135.085
2397,103.876,245.956
2398,184.08,82.435
2399,244.939,199.388
2400,149.393,66.102
2401,190.479,189.351
2402,134.423,62.992
2403,239.507,248.312
2404,125.31,194.43
2405,189.63,77.663
2406,196.391,105.37
2407,153.838,145.886
2408,217.032,97.849
2409,130.198,90.323
2410,111.525,213.298
2411,207.439,119.834
2412,171.137,88.909
2413,150.47,210.999
2414,246.387,80.492
2415,141.768,82.771
2416,88.369,137.125
2417,170.163,73.67
2418,247.105,137.723
2419,111.783,152.219
2420,169.808,69.685
2421,251.468,171.071
2422,240.562,219.296
2423,173.407,63.845
2424,238.117,133.485
2425,96.734,236.878
2426,171.568,225.65
2427,152.723,87.898
2428,180.054,120.35
2429,136.754,64.905
2430,181.907,108.622
2431,243.25,94.335
2432,170.169,219.219
2433,147.038,147.866
2434,66.42,215.868
2435,215.605,79.2
2436,136.543,228.764
2437,108.938,232.667
2438,68.655,225.688
2439,252.303,192.809
2440,65.373,197.001
2441,222.148,188.651
2442,197.198,95.425
2443,198.437,212.908
2444,129.639,224.394
2445,112.599,193.581
2446,238.461,80.532
2447,248.249,144.571
2448,171.403,115.643
2449,58.903,145.91
2450,139.973,201.429
2451,224.485,189.225
2452,168.483,130.299
2453,147.061,103.983
2454,245.723,182.228
2455,91.887,86.864
2456,105.766,249.647
2457,139.289,201.463
2458,252.766,233.392
2459,84.945,168.861
2460,60.41,122.857
2461,219.201,189.159
2462,246.317,237.656
2463,180.921,57.977
2464,87.79,98.261
2465,105.153,224.235
2466,95.581,150.944
2467,86.295,212.169
2468,186.467,207.295
2469,139.016,198.269
2470,90.249,182.793
2471,61.111,80.964
2472,208.979,57.517
2473,217.747,162.097
2474,61.289,104.185
2475,99.335,204.53
2476,141.354,144.623
2477,149.056,230.275
2478,118.452,61.043
2479,86.737,206.461
2480,165.848,80.893
2481,89.717,103.47
2482,127.98,238.785
2483,60.389,221.622
2484,62.553,128.842
2485,170.028,90.358
2486,135.377,140.403
2487,67.502,202.093
2488,95.987,67.398
2489,133.168,232.43
2490,108.937,156.894
2491,153.42,128.16
2492,202.862,237.468
2493,98.477,241.836
2494,216.655,140.16
2495,173.743,248.54
2496,101.934,218.184
2497,225.648,249.658
2498,70.768,240.736
2499,113.718,67.896
2500,211.97,133.531
2501,87.211,153.783
2502,149.386,241.93
2503,158.871,109.953
2504,118.065,126.019
2505,202.789,210.752
2506,65.026,208.701
2507,218.179,143.07
2508,149.572,176.74
2509,184.745,181.327
2510,104.438,204.407
2511,150.327,108.654
2512,193.611,193.95
2513,203.94,147.614
2514,243.843,64.967
2515,161.084,170.049
2516,144.037,143.683
2517,231.559,130.665
2518,153.032,231.683
2519,191.546,114.075
2520,119.628,186.116
2521,75.485,238.357
2522,206.494,189.389
2523,168.798,186.206
2524,173.538,115.694
2525,75.103,179.319
2526,128.69,86.246
2527,112.596,163.632
2528,125.613,173.058
2529,192.667,155.918
2530,192.17,235.359
2531,170.099,178.627
2532,109.703,201.322
2533,136.533,158.725
2534,212.178,104.593
2535,145.642,145.289
2536,158.48,159.05
2537,100.637,83.332
2538,63.541,214.06
2539,238.737,125.125
2540,97.433,70.436
2541,84.051,207.847
2542,176.969,154.855
2543,232.562,167.074
2544,69.499,123.672
2545,75.648,137.423
2546,225.838,67.314
2547,169.46,96.921
2548,99.894,71.999
2549,129.496,167.021
2550,151.399,73.083
2551,167.485,89.543
2552,65.529,209.278
2553,61.691,167.164
2554,104.356,178.527
2555,239.049,95.003
2556,235.2,144.565
2557,246.269,167.641
2558,193.253,207.428
2559,249.493,115.883
2560,71.865,157.327
2561,80.585,232.268
2562,221.268,190.292
2563,186.395,235.945
2564,121.786,73.275
2565,151.425,163.695
2566,181.15,188.825
2567,235.27,83.001
2568,250.847,136.402
2569,111.282,169.341
2570,118.978,234.14
2571,191.994,58.381
2572,134.63,250.044
2573,126.224,206.621
2574,170.348,182.313
2575,192.472,60.458
2576,203.166,162.08
2577,153.825,135.349
2578,234.236,213.715
2579,219.292,217.205
2580,92.514,112.161
2581,133.967,113.257
2582,147.011,244.581
2583,216.261,106.0
2584,186.225,62.616
2585,155.266,230.514
2586,128.544,195.2
2587,226.484,239.438
2588,208.55,251.462
2589,85.009,241.07
2590,180.684,73.942
2591,219.697,104.703
2592,69.595,100.571
2593,88.838,175.846
2594,108.595,241.412
2595,149.77,103.356
2596,208.661,211.065
2597,205.429,170.424
2598,193.651,177.251
2599,252.909,171.931
2600,89.615,60.161
2601,168.824,207.843
2602,72.471,152.546
2603,121.278,129.166
2604,140.867,126.867
2605,100.253,119.559
2606,201.415,244.608
2607,192.411,128.588
2608,102.543,67.25
2609,72.872,58.269
2610,105.974,218.514
2611,179.781,243.829
2612,227.892,125.929
2613,100.356,70.485
2614,158.595,188.645
2615,219.975,119.226
2616,226.32,178.436
2617,239.403,201.285
2618,64.751,66.931
2619,203.982,60.102
2620,198.733,65.902
2621,162.906,179.398
2622,68.968,93.997
2623,135.237,110.087
2624,80.377,228.26
2625,243.388,61.742
2626,132.539,192.004
2627,172.417,162.647
2628,142.975,174.485
2629,135.282,183.165
2630,107.23,193.094
2631,175.304,133.71
2632,228.814,96.754
2633,107.375,228.17
2634,81.597,161.197
2635,95.341,154.427
2636,198.372,233.029
2637,125.064,183.829
2638,227.043,161.715
2639,179.522,71.988
2640,87.139,175.58
2641,169.961,204.803
2642,210.361,66.522
2643,192.088,61.647
2644,250.536,106.956
2645,107.291,168.262
2646,167.984,144.064
2647,133.157,74.115
2648,243.811,94.242
2649,138.414,235.172
2650,207.233,96.766
2651,66.837,98.258
2652,80.891,74.21
2653,91.868,165.375
2654,172.556,104.723
2655,176.68,183.255
2656,245.612,170.309
2657,129.521,233.445
2658,219.991,209.714
2659,150.829,137.875
2660,135.08,67.135
2661,221.648,151.032
2662,171.775,157.052
2663,252.996,69.304
2664,76.03,139.585
2665,244.81,90.093
2666,201.589,231.305
2667,70.331,179.036
2668,198.755,184.991
2669,189.905,117.872
2670,161.03,94.903
2671,165.88,147.934
2672,76.004,87.748
2673,164.243,175.086
2674,188.778,209.183
2675,144.369,151.517
2676,180.444,207.031
2677,179.265,128.626
2678,175.042,207.601
2679,207.729,85.134
2680,58.678,170.545
2681,200.095,95.182
2682,152.204,185.472
2683,103.307,164.409
2684,153.224,234.63
2685,137.545,143.624
2686,57.957,191.443
2687,134.433,78.7
2688,209.816,196.376
2689,184.168,246.887
2690,84.87,86.382
2691,235.557,198.682
2692,125.726,150.017
2693,84.871,72.061
2694,147.1,129.697
2695,128.592,131.456
2696,229.854,75.989
2697,222.492,101.793
2698,118.596,104.009
2699,76.054,190.661
2700,111.354,89.012
2701,146.736,204.907
2702,205.476,152.926
2703,155.901,104.659
2704,78.821,103.911
2705,187.068,172.617
2706,91.602,76.809
2707,100.378,66.499
2708,117.033,162.257
2709,224.227,138.059
2710,72.099,224.515
2711,141.964,119.632
2712,58.421,196.892
2713,210.611,200.186
2714,125.608,136.116
2715,221.142,212.645
2716,131.846,185.113
2717,63.522,145.713
2718,237.731,153.238
2719,67.842,226.148
2720,224.087,201.792
2721,159.126,61.515
2722,228.4,164.188
2723,189.502,83.694
2724,168.47,173.046
2725,71.594,233.038
2726,238.841,204.558
2727,213.483,148.632
2728,189.142,157.477
2729,187.263,81.697
2730,117.581,92.405
2731,248.59,129.661
2732,137.563,192.875
2733,127.625,163.117
2734,95.159,240.624
2735,205.288,236.631
2736,242.426,225.622
2737,203.128,217.339
2738,178.326,178.167
2739,93.913,167.944
2740,101.479,208.519
2741,62.354,65.895
2742,129.932,129.816
2743,242.78,94.101
2744,69.941,228.439
2745,248.263,165.702
2746,154.828,127.079
2747,92.395,115.977
2748,129.424,78.967
2749,156.727,114.569
2750,161.971,243.056
2751,216.183,245.919
2752,103.554,188.037
2753,137.199,135.831
2754,226.476,87.264
2755,228.687,78.062
2756,144.582,114.438
2757,99.967,71.255
2758,65.481,93.831
2759,200.522,80.86
2760,209.82,234.871
2761,202.319,142.454
2762,103.128,122.706
2763,87.193,176.92
2764,96.572,111.788
2765,241.963,242.43
2766,160.495,173.227
2767,94.447,125.212
2768,71.326,73.372
2769,95.358,211.447
2770,204.363,89.952
2771,244.225,179.295
2772,72.857,81.7
2773,127.305,57.61
2774,85.913,202.39
2775,168.257,213.809
2776,135.022,249.887
2777,136.171,153.503
2778,66.667,114.311
2779,162.537,131.043
2780,198.809,205.161
2781,202.392,124.5
2782,170.372,96.613
2783,143.117,133.093
2784,89.512,148.752
2785,190.349,210.606
2786,106.989,83.972
2787,72.206,118.102
2788,224.891,218.627
2789,96.445,100.95
2790,188.624,80.617
2791,118.154,72.453
2792,225.27,78.585
2793,234.067,195.729
2794,235.83,99.904
2795,196.58,250.906
2796,70.08,157.553
2797,156.842,101.047
2798,191.114,130.235
2799,130.722,147.138
2800,107.993,187.664
2801,155.148,170.702
2802,218.126,128.135
2803,196.289,189.884
2804,197.175,246.724
2805,199.015,223.111
2806,215.179,244.886
2807,85.185,72.524
2808,219.493,192.863
2809,119.198,93.779
2810,142.58,100.291
2811,73.845,92.883
2812,167.424,128.96
2813,91.893,251.783
2814,130.937,224.769
2815,138.615,94.388
2816,171.671,241.875
2817,150.011,198.793
2818,243.912,183.403
2819,192.02,115.056
2820,58.037,244.826
2821,172.46,160.836
2822,74.55,164.134
2823,193.448,223.471
2824,100.952,71.777
2825,241.871,238.735
2826,70.779,196.819
2827,61.926,97.316
2828,68.529,74.938
2829,96.886,168.945
2830,248.989,163.181
2831,78.361,249.856
2832,241.323,241.515
2833,242.266,104.972
2834,123.132,190.485
2835,145.757,100.049
2836,187.215,74.056
2837,248.028,93.946
2838,220.155,159.34
2839,82.973,242.22
2840,211.486,102.349
2841,166.832,227.867
2842,163.202,138.956
2843,120.937,93.686
2844,115.737,203.944
2845,82.332,91.825
2846,129.395,134.14
2847,214.217,188.885
2848,189.712,88.926
2849,171.834,78.361
2850,178.655,147.032
2851,109.844,111.971
2852,189.271,76.742
2853,185.814,236.553
2854,95.675,211.239
2855,139.396,149.492
2856,123.465,127.227
2857,133.7,136.169
2858,203.8,142.119
2859,144.118,150.033
2860,186.807,251.235
2861,90.425,189.122
2862,250.199,113.805
2863,183.971,153.076
2864,228.914,77.453
2865,165.495,239.878
2866,207.083,201.872
2867,247.827,215.376
2868,153.722,215.041
2869,61.498,230.918
2870,218.138,139.464
2871,69.947,252.221
2872,118.166,129.885
2873,73.905,227.609
2874,194.309,210.501
2875,141.729,88.887
2876,91.354,96.727
2877,117.858,127.894
2878,113.886,175.028
2879,180.161,79.812
2880,234.974,160.806
2881,196.485,117.465
2882,153.76,220.172
2883,129.623,199.469
2884,145.888,227.124
2885,87.197,159.122
2886,234.698,141.196
2887,167.471,245.773
2888,229.908,178.488
2889,222.981,159.525
2890,58.127,208.813
2891,141.576,112.845
2892,144.46,108.288
2893,153.396,159.471
2894,248.091,146.032
2895,245.578,109.026
2896,104.594,230.832
2897,205.303,234.971
2898,187.294,224.998
2899,179.131,183.612
2900,220.129,123.843
2901,60.155,99.185
2902,59.178,127.222
2903,66.429,213.763
2904,153.598,240.819
2905,177.723,197.348
2906,244.281,98.873
2907,85.25,216.284
2908,130.587,69.188
2909,171.067,216.369
2910,112.738,101.099
2911,124.472,208.591
2912,161.739,201.942
2913,218.292,81.282
2914,69.07,63.862
2915,75.036,109.156
2916,105.003,88.958
2917,61.9,192.364
2918,136.897,210.686
2919,118.803,75.711
2920,112.896,180.672
2921,168.434,236.0
2922,205.099,68.777
2923,195.727,138.383
2924,184.993,219.202
2925,130.824,134.737
2926,109.963,211.959
2927,75.869,198.95
2928,103.518,100.767
2929,230.556,227.781
2930,93.463,151.128
2931,149.023,172.158
2932,133.37,170.549
2933,181.917,247.483
2934,186.305,189.925
2935,86.388,164.327
2936,167.127,191.531
2937,192.115,241.781
2938,98.088,96.758
2939,106.759,90.001
2940,124.613,157.728
2941,127.89,140.538
2942,99.819,168.684
2943,240.213,171.83
2944,105.872,229.821
2945,175.03,225.514
2946,74.464,181.931
2947,84.361,69.495
2948,242.346,191.148
2949,69.708,154.274
2950,204.531,106.154
2951,136.637,67.882
2952,192.174,191.76
2953,119.97,229.225
2954,83.22,138.98
2955,227.306,68.285
2956,64.415,204.565
2957,110.86,172.331
2958,146.377,235.195
2959,67.713,64.635
2960,139.655,168.091
2961,176.891,245.344
2962,170.339,193.24
2963,251.231,231.202
2964,128.167,189.565
2965,162.9,238.406
2966,90.072,79.081
2967,232.718,239.497
2968,61.832,169.289
2969,242.305,184.874
2970,182.153,252.474
2971,99.575,82.562
2972,150.893,155.04
2973,176.31,133.986
2974,70.497,233.013
2975,205.976,135.44
2976,180.98,151.797
2977,151.408,74.236
2978,178.121,114.777
2979,76.576,135.969
2980,91.284,222.468
2981,111.548,193.454
2982,91.155,85.66
2983,139.298,229.484
2984,242.77,246.061
2985,226.346,239.651
2986,107.497,84.542
2987,117.215,106.434
2988,72.514,206.865
2989,82.82,216.551
2990,119.621,72.389
2991,102.325,204.993
2992,235.823,143.156
2993,208.971,204.351
2994,179.061,241.207
2995,147.979,123.664
2996,245.645,111.695
2997,99.062,100.588
2998,138.209,148.268
2999,216.911,222.953
3000,210.524,170.013
3001,92.839,62.321
3002,68.469,58.041
3003,125.371,160.847
3004,170.199,204.773
3005,165.902,107.524
3006,190.183,122.075
3007,81.287,155.314
3008,246.797,186.549
3009,239.995,78.914
3010,68.278,139.68
3011,94.177,154.28
3012,186.47,218.763
3013,129.476,248.362
3014,224.991,231.959
3015,206.156,79.881
3016,110.593,201.399
3017,148.318,181.101
3018,70.219,101.77
3019,81.066,121.812
3020,109.241,104.392
3021,207.467,138.882
3022,250.354,191.598
3023,202.688,62.573
3024,194.83,159.411
3025,152.852,125.914
3026,62.296,73.834
3027,154.117,229.042
3028,105.069,148.425
3029,176.759,69.866
3030,129.331,63.332
3031,222.424,163.874
3032,65.427,157.575
3033,197.054,202.166
3034,76.589,63.654
3035,134.872,203.642
3036,244.204,229.147
3037,144.49,90.204
3038,221.3,172.728
3039,175.719,169.229
3040,202.789,134.009
3041,88.958,78.737
3042,175.866,246.362
3043,247.333,178.562
3044,151.834,188.884
3045,249.923,248.687
3046,117.106,158.532
3047,136.549,99.416
3048,88.352,61.325
3049,77.74,139.022
3050,146.275,206.688
3051,127.149,106.313
3052,62.492,166.201
3053,168.949,191.292
3054,120.595,82.23
3055,213.782,81.072
3056,226.594,179.894
3057,240.05,214.177
3058,111.055,246.8
3059,90.657,195.982
3060,120.93,154.864
3061,172.728,203.337
3062,95.915,79.509
3063,120.203,198.696
3064,203.859,204.973
3065,100.754,227.742
3066,87.761,122.111
3067,90.941,187.938
3068,110.21,132.391
3069,204.257,64.472
3070,74.335,66.913
3071,189.052,220.279
3072,135.594,66.878
3073,116.407,91.435
3074,114.815,227.744
3075,236.135,110.168
3076,177.442,68.338
3077,203.324,120.96
3078,144.654,248.574
3079,159.347,212.362
3080,228.379,245.965
3081,182.961,165.731
3082,182.127,209.601
3083,96.388,213.69
3084,69.872,76.411
3085,222.957,247.164
3086,182.353,152.37
3087,157.651,129.326
3088,202.866,203.962
3089,136.404,231.901
3090,107.811,67.895
3091,108.931,179.539
3092,103.339,237.441
3093,128.111,151.883
3094,154.754,97.27
3095,75.437,221.49
3096,214.495,147.116
3097,220.028,199.94
3098,157.15,169.102
3099,190.994,165.854
3100,167.373,89.617
3101,248.606,249.289
3102,138.956,123.769
3103,138.506,130.972
3104,170.973,81.309
3105,217.463,104.323
3106,187.142,159.361
3107,214.17,138.374
3108,129.741,164.61
3109,233.961,145.898
3110,247.213,193.645
3111,145.549,185.844
3112,201.923,249.437
3113,186.299,84.003
3114,107.041,98.386
3115,246.046,83.633
3116,248.986,178.087
3117,83.642,61.386
3118,189.415,129.789
3119,58.394,249.831
3120,149.146,233.492
3121,139.101,138.204
3122,232.446,104.155
3123,157.107,140.916
3124,159.969,206.199
3125,172.807,63.37
3126,155.661,68.333
3127,243.743,153.524
3128,84.522,225.551
3129,117.808,250.139
3130,127.179,247.76
3131,223.236,193.48
3132,177.421,135.523
3133,216.501,58.652
3134,147.474,148.373
3135,98.109,232.902
3136,134.759,151.064
3137,189.549,248.904
3138,88.874,169.123
3139,199.571,156.8
3140,163.132,118.19
3141,116.354,77.118
3142,122.662,92.751
3143,169.867,97.807
3144,61.79,236.637
3145,138.53,235.283
3146,110.816,192.139
3147,182.777,189.534
3148,251.996,129.822
3149,105.56,125.485
3150,153.582,145.128
3151,252.547,148.185
3152,104.496,224.675
3153,203.318,249.121
3154,215.594,141.369
3155,126.185,91.63
3156,245.241,99.271
3157,248.005,66.57
3158,136.383,76.103
3159,117.374,238.955
3160,135.478,188.157
3161,205.788,160.591
3162,63.603,218.813
3163,90.282,212.77
3164,127.709,77.843
3165,230.309,172.206
3166,227.754,234.322
3167,103.242,76.601
3168,193.544,137.552
3169,166.831,120.991
3170,65.821,61.827
3171,238.641,65.246
3172,188.023,99.025
3173,225.314,123.257
3174,146.758,91.584
3175,131.575,100.404
3176,95.916,178.567
3177,251.153,67.834
3178,218.857,121.772
3179,194.097,208.891
3180,194.268,245.244
3181,171.108,155.016
3182,170.732,236.359
3183,197.959,239.209
3184,69.954,175.317
3185,202.952,163.387
3186,81.278,231.911
3187,234.113,181.534
3188,232.206,156.841
3189,202.546,145.316
3190,246.344,168.401
3191,138.644,118.611
3192,99.221,188.53
3193,70.949,163.913
3194,139.076,239.981
3195,211.575,191.61
3196,80.112,59.765
3197,117.206,117.689
3198,239.908,238.611
3199,242.206,173.394
3200,173.234,182.959
3201,246.9,126.1
3202,88.282,104.916
3203,88.373,58.162
3204,131.209,123.595
3205,229.566,163.533
3206,178.732,182.063
3207,160.223,145.581
3208,165.248,61.372
3209,214.498,152.798
3210,63.478,159.814
3211,127.617,93.783
3212,121.674,250.902
3213,143.066,65.895
3214,189.241,250.1
3215,104.568,225.399
3216,152.123,189.474
3217,108.963,115.81
3218,112.759,65.577
3219,232.506,85.176
3220,232.87,183.754
3221,83.926,116.45
3222,180.774,206.216
3223,174.3,72.835
3224,147.784,190.378
3225,74.298,139.738
3226,90.882,228.828
3227,219.564,201.129
3228,107.137,134.069
3229,127.456,212.746
3230,90.059,197.121
3231,131.066,119.772
3232,248.215,239.695
3233,126.447,151.058
3234,93.595,188.101
3235,144.583,68.473
3236,58.939,164.146
3237,70.095,202.499
3238,228.008,79.494
3239,179.971,212.256
3240,76.196,186.112
3241,194.215,196.445
3242,87.041,225.438
3243,210.928,238.722
3244,154.013,196.609
3245,181.874,103.569
3246,140.882,205.117
3247,91.663,86.603
3248,182.97,118.425
3249,67.338,61.862
3250,80.021,150.691
3251,156.228,137.872
3252,241.545,117.561
3253,69.994,147.899
3254,66.717,123.733
3255,205.785,229.812
3256,151.412,240.547
3257,247.365,118.648
3258,89.895,76.42
3259,228.714,109.166
3260,229.405,212.605
3261,122.933,64.781
3262,156.546,151.127
3263,114.614,208.474
3264,118.564,117.007
3265,145.043,155.285
3266,101.651,99.048
3267,150.49,126.837
3268,186.729,106.882
3269,176.82,59.804
3270,76.678,156.587
3271,99.115,122.309
3272,88.23,156.847
3273,118.875,149.443
3274,174.176,173.802
3275,127.534,62.545
3276,86.526,104.41
3277,148.25,100.087
3278,235.079,105.716
3279,109.179,250.857
3280,91.369,231.941
3281,184.305,217.182
3282,82.682,193.857
3283,139.037,164.395
3284,90.068,153.136
3285,185.704,88.431
3286,190.974,185.461
3287,195.753,250.333
3288,59.816,166.571
3289,168.588,216.452
3290,226.845,210.968
3291,107.53,114.591
3292,168.534,170.029
3293,241.946,210.881
3294,206.614,150.323
3295,191.545,104.395
3296,79.086,82.64
3297,179.148,91.66
3298,128.485,76.467
3299,142.662,212.438
3300,114.076,114.589
3301,216.352,62.605
3302,103.131,101.2
3303,164.733,239.645
3304,201.977,185.277
3305,244.327,165.935
3306,193.704,124.241
3307,196.81,190.005
3308,204.012,192.597
3309,183.27,119.546
3310,85.783,80.512
3311,148.128,115.045
3312,120.569,62.026
3313,171.332,92.527
3314,160.046,122.177
3315,247.533,64.212
3316,97.69,231.593
3317,227.557,104.662
3318,205.958,184.555
3319,160.14,167.827
3320,72.974,142.505
3321,168.21,110.221
3322,101.0,130.873
3323,107.555,198.46
3324,129.69,231.568
3325,237.018,170.728
3326,211.185,74.125
3327,161.211,177.7
3328,173.25,198.256
3329,132.878,229.285
3330,111.9,164.506
3331,158.499,120.432
3332,252.169,212.994
3333,57.533,74.285
3334,151.326,203.612
3335,224.805,192.738
3336,167.22,116.137
3337,221.779,67.729
3338,59.986,181.525
3339,136.239,92.936
3340,109.453,203.475
3341,58.588,98.979
3342,119.768,105.952
3343,223.9,143.783
3344,99.399,131.864
3345,231.576,202.177
3346,106.698,80.172
3347,137.735,73.935
3348,179.47,91.775
3349,62.904,168.257
3350,122.208,145.199
3351,129.086,103.983
3352,71.35,166.279
3353,91.102,226.426
3354,229.43,165.857
3355,184.159,88.925
3356,132.931,148.879
3357,129.175,64.868
3358,64.906,107.557
3359,141.902,203.54
3360,243.78,140.995
3361,185.881,64.978
3362,242.563,205.263
3363,109.763,251.269
3364,174.734,209.799
3365,202.167,170.268
3366,123.691,96.521
3367,132.626,233.951
3368,107.947,128.531
3369,118.575,167.505
3370,119.927,221.283
3371,135.988,174.19
3372,202.172,186.877
3373,133.672,155.013
3374,138.531,165.801
3375,78.096,232.979
3376,206.922,156.979
3377,170.289,102.402
3378,240.961,93.595
3379,220.339,121.205
3380,226.663,64.402
3381,144.24,246.428
3382,85.87,201.179
3383,183.338,75.815
3384,221.802,210.442
3385,114.346,139.078
3386,167.547,97.126
3387,72.922,146.329
3388,251.674,66.796
3389,247.4,101.138
3390,83.48,156.839
3391,244.439,117.184
3392,223.76,101.806
3393,168.262,90.65
3394,129.264,59.173
3395,242.304,60.046
3396,122.142,234.673
3397,238.11,185.628
3398,86.306,183.909
3399,215.103,225.505
3400,227.356,172.585
3401,139.361,85.607
3402,85.131,179.328
3403,247.269,200.958
3404,103.251,74.247
3405,116.09,114.627
3406,112.427,230.315
3407,205.695,173.842
3408,162.568,167.741
3409,177.564,140.473
3410,141.19,60.578
3411,120.988,241.562
3412,105.054,95.111
3413,202.838,234.962
3414,121.139,95.269
3415,207.916,222.331
3416,61.808,160.759
3417,87.61,251.019
3418,95.757,177.544
3419,161.867,188.884
3420,250.514,163.879
3421,157.374,99.883
3422,211.491,177.579
3423,87.226,157.79
3424,87.574,173.877
3425,117.845,81.491
3426,73.799,219.733
3427,129.887,190.869
3428,216.294,251.967
3429,201.948,125.016
3430,166.138,97.195
3431,204.246,140.169
3432,81.535,68.997
3433,244.454,115.926
3434,160.711,126.737
3435,171.722,249.55
3436,163.216,197.768
3437,97.431,210.427
3438,214.867,241.023
3439,73.63,112.387
3440,147.064,245.849
3441,182.267,115.556
3442,144.14,90.47
3443,74.337,191.543
3444,159.139,208.436
3445,77.054,173.014
3446,195.602,181.478
3447,174.01,139.925
3448,252.739,164.069
3449,64.148,85.123
3450,229.969,174.031
3451,118.958,177.166
3452,121.669,98.51
3453,180.825,115.898
3454,159.104,105.699
3455,230.49,163.519
3456,76.326,131.007
3457,160.418,225.264
3458,89.141,110.519
3459,149.754,149.159
3460,249.06,232.928
3461,154.548,99.199
3462,87.503,73.768
3463,108.473,159.761
3464,185.179,86.219
3465,174.745,139.553
3466,221.937,134.987
3467,88.539,198.993
3468,179.722,102.52
3469,244.593,193.989
3470,193.176,90.496
3471,82.229,236.874
3472,182.834,247.382
3473,110.872,174.317
3474,99.607,237.553
3475,118.246,61.587
3476,183.368,105.925
3477,134.445,212.279
3478,213.401,206.448
3479,217.136,130.054
3480,121.195,123.352
3481,139.681,84.236
3482,100.46,159.501
3483,201.153,121.202
3484,238.84,107.357
3485,232.657,154.044
3486,137.481,152.732
3487,74.637,226.275
3488,71.534,219.07
3489,112.134,157.087
3490,188.739,132.088
3491,138.07,217.026
3492,58.377,166.228
3493,141.421,122.784
3494,250.126,129.474
3495,72.866,110.219
3496,227.555,128.558
3497,169.375,137.678
3498,74.693,188.296
3499,146.929,207.288
3500,132.853,100.001
3501,175.295,110.771
3502,188.763,90.61
3503,225.235,76.139
3504,67.805,162.756
3505,84.68,106.212
3506,186.931,148.133
3507,60.471,153.696
3508,80.315,143.474
3509,150.32,69.281
3510,249.24,224.707
3511,86.064,210.811
3512,157.113,198.457
3513,92.778,249.751
3514,165.359,158.259
3515,126.866,135.738
3516,164.62,77.571
3517,183.332,159.611
3518,140.384,110.394
3519,162.964,75.916
3520,193.386,169.038
3521,149.63,166.68
3522,148.341,141.205
3523,206.233,205.585
3524,81.988,242.593
3525,93.744,249.742
3526,109.886,86.313
3527,97.194,191.397
3528,233.661,119.236
3529,126.071,68.43
3530,71.053,132.421
3531,64.149,230.007
3532,91.433,179.553
3533,244.972,203.189
3534,134.699,222.804
3535,226.314,166.387
3536,158.935,135.303
3537,173.107,136.906
3538,77.436,129.19
3539,147.642,104.011
3540,130.847,251.978
3541,173.865,163.343
3542,119.369,163.533
3543,97.475,250.891
3544,211.754,245.564
3545,249.818,131.356
3546,202.846,167.655
3547,74.349,110.592
3548,228.415,91.594
3549,179.142,146.457
3550,151.29,77.261
3551,225.343,62.103
3552,191.708,224.248
3553,168.914,180.323
3554,224.702,186.239
3555,78.654,121.852
3556,165.897,85.551
3557,127.547,59.354
3558,240.679,105.438
3559,143.396,182.097
3560,185.01,134.836
3561,126.359,252.44
3562,59.255,247.175
3563,77.839,97.723
3564,154.765,143.974
3565,229.991,131.049
3566,209.736,128.641
3567,248.942,117.387
3568,140.275,137.333
3569,213.353,246.064
3570,186.816,96.615
3571,233.135,73.266
3572,58.971,59.674
3573,200.315,163.147
3574,248.032,231.263
3575,241.981,252.033
3576,137.581,230.71
3577,110.773,210.581
3578,173.231,245.107
3579,114.667,179.45
3580,200.542,216.083
3581,73.681,78.461
3582,107.758,243.583
3583,228.206,93.598
3584,58.978,87.308
3585,163.25,242.46
3586,72.256,124.046
3587,208.613,57.838
3588,125.715,200.001
3589,148.42,105.968
3590,207.853,245.469
3591,228.577,83.949
3592,243.22,66.111
3593,65.435,114.108
3594,114.004,68.403
3595,225.565,179.808
3596,155.469,228.935
3597,236.393,99.933
3598,91.583,61.17
3599,160.148,120.797
3600,58.293,93.411
3601,219.871,81.141
3602,200.701,121.585
3603,138.136,222.264
3604,213.072,80.404
3605,121.112,189.475
3606,130.498,137.277
3607,207.602,166.977
3608,239.57,204.497
3609,205.538,231.299
3610,175.301,218.942
3611,180.104,228.372
3612,60.9,157.237
3613,227.201,153.563
3614,251.775,193.957
3615,135.173,153.142
3616,64.881,114.486
3617,186.186,207.924
3618,191.888,210.803
3619,77.154,164.151
3620,68.983,221.361
3621,170.549,252.775
3622,218.819,183.927
3623,112.895,250.872
3624,205.864,171.897
3625,217.998,69.477
3626,108.893,134.906
3627,148.701,112.374
3628,202.756,159.571
3629,223.662,75.851
3630,107.053,111.558
3631,191.058,230.253
3632,177.792,81.039
3633,214.139,220.146
3634,181.578,207.637
3635,194.922,216.288
3636,158.848,147.313
3637,169.982,111.777
3638,150.008,123.22
3639,158.116,244.787
3640,69.397,221.608
3641,180.715,66.457
3642,70.459,235.372
3643,215.166,141.591
3644,130.161,152.453
3645,219.623,153.036
3646,226.658,137.884
3647,66.25,74.081
3648,59.144,59.976
3649,230.787,151.45
3650,91.315,119.31
3651,173.859,102.42
3652,238.1,228.268
3653,76.483,231.528
3654,114.943,202.8
3655,182.538,136.593
3656,155.17,231.935
3657,96.911,148.596
3658,222.381,225.126
3659,188.672,201.031
3660,249.271,217.102
3661,132.246,159.605
3662,173.524,156.488
3663,142.445,213.754
3664,58.705,225.078
3665,165.805,73.905
3666,247.262,165.591
3667,222.642,62.528
3668,106.623,71.447
3669,73.365,157.177
3670,84.405,83.92
3671,147.696,136.52
3672,156.528,154.559
3673,239.503,144.673
3674,151.307,232.352
3675,231.718,179.982
3676,145.997,221.426
3677,73.965,222.896
3678,252.899,73.481
3679,132.889,227.152
3680,70.944,89.962
3681,219.287,232.762
3682,138.77,139.508
3683,193.664,190.875
3684,135.129,224.741
3685,172.23,224.747
3686,66.776,168.601
3687,115.293,154.67
3688,178.975,198.888
3689,174.359,62.9
3690,181.471,247.338
3691,78.206,88.194
3692,58.964,189.254
3693,97.102,205.865
3694,242.245,213.17
3695,241.266,220.76
3696,206.526,170.224
3697,165.068,104.708
3698,249.508,84.627
3699,86.905,143.04
3700,227.469,133.37
3701,120.722,128.187
3702,222.524,180.317
3703,139.96,238.452
3704,109.79,245.599
3705,220.983,138.28
3706,215.428,213.167
3707,59.004,64.426
3708,64.845,138.376
3709,68.606,182.932
3710,84.751,57.756
3711,87.729,196.48
3712,156.111,108.091
3713,83.899,85.057
3714,124.816,100.437
3715,158.781,122.625
3716,145.429,195.448
3717,233.913,183.9
3718,86.136,117.593
3719,134.256,70.772
3720,58.093,111.817
3721,188.205,214.053
3722,133.288,159.976
3723,249.055,240.577
3724,84.087,149.452
3725,204.493,62.458
3726,98.562,66.949
3727,98.317,75.351
3728,68.643,235.322
3729,210.548,211.926
3730,166.588,134.494
3731,248.386,125.513
3732,201.502,177.96
3733,219.127,75.599
3734,216.179,173.551
3735,167.694,231.052
3736,185.519,177.02
3737,187.79,152.163
3738,177.767,148.858
3739,161.023,177.853
3740,239.718,82.494
3741,223.049,217.523
3742,238.899,204.801
3743,215.154,71.441
3744,127.065,79.636
3745,117.112,181.307
3746,92.4,226.743
3747,158.502,106.649
3748,215.468,203.933
3749,211.007,171.662
3750,909.521,959.046
3751,146.162,322.161
3752,96.852,1112.887
3753,1024.226,106.445
3754,164.1,937.41
3755,320.175,558.88
3756,184.115,382.004
3757,502.719,662.859
3758,1129.013,882.283
3759,94.816,947.218
3760,583.262,591.347
3761,410.39,156.793
3762,1007.45,550.674
3763,668.757,1145.342
3764,29.542,444.393
3765,74.877,145.357
3766,620.57,645.6
3767,826.15,435.294
3768,468.117,375.218
3769,736.635,892.851
3770,857.378,490.912
3771,623.865,660.97
3772,136.62,909.51
3773,229.02,437.752
3774,492.962,598.006
3775,405.514,753.813
3776,1124.877,55.666
3777,379.446,478.366
3778,778.397,502.299
3779,513.632,1046.423
3780,1108.302,613.712
3781,1119.302,585.672
3782,1042.3,379.434
3783,284.059,528.12
3784,876.817,173.718
3785,202.971,13.472
3786,327.143,860.236
3787,457.527,42.98
3788,699.706,3.456
3789,534.975,1036.279
3790,214.001,923.917
3791,811.708,664.598
3792,489.134,1114.822
3793,672.429,315.407
3794,188.573,635.814
3795,1111.942,1141.189
3796,651.0,875.954
3797,264.171,233.526
3798,670.007,306.832
3799,727.646,529.669
3800,530.616,140.994
3801,644.901,753.785
3802,948.505,1142.904
3803,752.245,384.479
3804,1037.894,917.476
3805,627.348,1052.009
3806,859.933,573.441
3807,30.568,708.055
3808,232.729,592.5
3809,617.202,285.101
3810,521.51,1024.098
3811,528.741,357.068
3812,206.448,804.039
3813,268.788,195.888
3814,568.022,171.68
3815,83.638,1076.449
3816,379.517,912.093
3817,612.636,331.984
3818,242.512,567.359
3819,126.561,636.241
3820,576.633,496.605
3821,488.591,241.862
3822,1046.948,249.908
3823,619.449,560.355
3824,733.559,1115.421
3825,67.38,1085.452
3826,9.095,127.584
3827,199.882,380.726
3828,494.759,531.472
3829,1042.768,1021.917
3830,1087.146,766.278
3831,871.046,658.035
3832,972.16,720.958
3833,153.912,164.562
3834,442.228,504.264
3835,212.736,909.347
3836,591.49,1103.711
3837,705.015,726.94
3838,600.973,722.381
3839,429.918,157.938
3840,1088.777,108.745
3841,946.395,835.662
3842,1129.202,1136.326
3843,741.479,432.716
3844,462.286,360.52
3845,272.121,1078.457
3846,101.643,612.963
3847,1080.172,10.166
3848,957.91,314.928
3849,371.669,493.81
3850,552.818,501.825
3851,1034.288,656.63
3852,207.008,829.492
3853,63.848,990.147
3854,479.024,61.219
3855,514.461,78.076
3856,917.67,270.68
3857,143.787,1134.094
3858,1144.363,1103.596
3859,798.117,1092.124
3860,906.405,482.425
3861,646.617,870.198
3862,890.806,1078.566
3863,333.402,693.298
3864,729.144,621.562
3865,561.654,678.935
3866,714.889,191.884
3867,138.057,39.101
3868,20.037,412.3
3869,323.482,301.514
3870,486.14,777.137
3871,222.383,90.585
3872,884.363,1129.554
3873,114.585,876.552
3874,579.228,318.856
3875,1110.043,1099.439
3876,1109.71,311.555
3877,936.682,938.878
3878,1107.013,1003.733
3879,972.611,626.233
3880,1103.414,979.962
3881,881.38,551.516
3882,333.698,898.776
3883,568.118,723.444
3884,572.143,1114.799
3885,1114.082,302.399
3886,275.77,27.339
3887,477.023,385.552
3888,112.248,459.067
3889,182.22,775.755
3890,1015.79,932.255
3891,636.104,928.616
3892,408.969,221.575
3893,1018.718,559.198
3894,465.918,780.191
3895,1099.185,126.317
3896,661.966,429.104
3897,284.691,234.289
3898,816.466,733.317
3899,411.152,500.198
3900,58.716,754.049
3901,43.17,799.027
3902,1062.199,780.94
3903,746.124,369.935
3904,738.496,994.429
3905,795.708,410.938
3906,767.341,919.01
3907,1094.619,602.161
3908,1032.514,1061.763
3909,36.646,887.92
3910,600.063,285.049
3911,763.111,129.634
3912,282.9,1101.963
3913,1140.365,299.719
3914,886.62,246.948
3915,814.342,753.596
3916,231.426,826.869
3917,501.102,483.624
3918,575.072,144.623
3919,918.293,1031.886
3920,587.212,884.106
3921,927.669,494.304
3922,444.625,534.788
3923,565.787,638.133
3924,340.188,963.928
3925,538.913,448.235
3926,727.483,179.131
3927,633.703,75.534
3928,393.203,773.409
3929,1014.403,1026.049
3930,173.689,832.513
3931,686.782,74.15
3932,401.096,434.73
3933,571.038,579.202
3934,512.793,393.782
3935,247.197,680.483
3936,997.257,405.093
3937,530.966,990.554
3938,909.814,160.218
3939,182.711,975.999
3940,296.074,1088.765
3941,924.89,475.892
3942,79.87,630.533
3943,266.104,213.294
3944,335.456,196.101
3945,885.097,196.268
3946,682.253,591.637
3947,742.841,833.15
3948,525.449,828.298
3949,974.439,385.052
3950,1086.797,865.231
3951,727.965,1087.809
3952,172.782,458.898
3953,310.7,489.284
3954,672.407,57.054
3955,947.398,507.79
3956,1103.849,1080.584
3957,70.598,877.667
3958,439.812,266.446
3959,519.576,657.404
3960,479.855,742.903
3961,898.915,458.034
3962,106.1,169.195
3963,884.215,1146.113
3964,896.152,1071.437
3965,309.35,416.291
3966,726.967,958.781
3967,274.221,686.849
3968,398.385,983.226
3969,139.431,977.91
3970,1078.371,707.029
3971,630.262,232.919
3972,1117.446,903.974
3973,176.704,119.597
3974,143.979,856.085
3975,1147.648,1042.112
3976,1121.921,806.473
3977,581.081,30.951
3978,174.113,699.867
3979,337.374,1140.561
3980,256.12,206.254
3981,885.945,1146.991
3982,927.428,1007.81
3983,799.698,1138.666
3984,798.912,600.753
3985,177.672,651.227
3986,135.123,874.423
3987,838.498,536.455
3988,351.522,1039.553
3989,1068.908,452.174
3990,550.723,331.59
3991,1058.295,521.789
3992,270.423,51.701
3993,1127.394,265.175
3994,762.695,528.26
3995,912.735,447.874
3996,556.854,383.775
3997,831.647,575.053
3998,391.094,594.481
3999,935.021,118.962
4000,129.693,328.726
4001,794.066,694.533
4002,132.323,445.094
4003,187.938,325.005
4004,364.635,949.383
4005,13.433,891.287
4006,720.561,1036.134
4007,315.496,177.749
4008,617.318,179.289
4009,657.532,895.044
4010,45.937,176.663
4011,634.525,298.009
4012,62.972,20.417
4013,11.306,184.019
4014,549.02,207.055
4015,7.964,345.441
4016,963.047,741.106
4017,759.443,170.072
4018,1051.72,1131.005
4019,270.496,95.522
4020,1081.832,455.163
4021,858.668,801.302
4022,699.675,140.591
4023,917.465,713.434
4024,836.136,445.277
4025,142.965,564.296
4026,170.525,882.531
4027,581.267,1061.203
4028,255.207,627.885
4029,1107.511,204.682
4030,703.181,1089.689
4031,638.177,73.648
4032,1143.38,353.921
4033,276.676,264.772
4034,1077.563,437.526
4035,16.334,1004.409
4036,623.128,810.078
4037,941.563,1128.261
4038,983.881,491.952
4039,226.484,30.444
4040,100.519,497.193
4041,483.759,688.949
4042,645.632,884.221
4043,1021.017,958.341
4044,498.601,1011.662
4045,404.445,699.468
4046,429.272,305.336
4047,97.859,899.97
4048,283.356,460.71
4049,215.614,938.887
4050,316.557,272.187
4051,425.482,791.698
4052,105.757,312.228
4053,231.109,1132.718
4054,522.025,821.718
4055,629.237,901.645
4056,106.006,911.059
4057,41.988,185.121
4058,19.999,755.036
4059,685.415,302.278
4060,368.723,623.173
4061,115.232,405.263
4062,386.079,516.704
4063,663.292,452.988
4064,990.171,200.176
4065,478.58,1001.024
4066,1144.186,657.593
4067,851.043,708.786
4068,146.316,665.356
4069,815.586,1094.263
4070,861.851,16.638
4071,1109.162,19.567
4072,1012.817,1018.685
4073,298.363,230.055
4074,115.838,669.262
4075,791.241,456.936
4076,511.464,650.285
4077,1058.687,89.65
4078,632.723,117.549
4079,20.493,677.551
4080,625.439,59.027
4081,316.496,289.776
4082,905.826,401.332
4083,549.363,824.984
4084,346.124,969.117
4085,469.237,461.981
4086,196.678,529.291
4087,661.33,1010.857
4088,898.684,684.164
4089,786.674,968.031
4090,387.795,854.578
4091,662.524,534.35
4092,209.171,15.029
4093,752.953,739.599
4094,894.795,1049.808
4095,880.632,143.938
4096,685.497,720.662
4097,688.766,691.73
4098,35.485,696.176
4099,729.127,832.687
4100,1142.908,45.925
4101,600.028,814.226
4102,876.064,88.557
4103,103.942,1081.868
4104,28.415,700.71
4105,804.722,860.597
4106,1144.564,286.104
4107,690.738,429.618
4108,934.486,681.818
4109,709.214,634.798
4110,1032.957,114.031
4111,197.956,825.959
4112,309.638,782.035
4113,131.134,378.025
4114,970.204,201.785
4115,546.924,104.926
4116,552.846,408.385
4117,845.247,244.261
4118,628.878,225.321
4119,934.854,831.967
4120,758.456,629.177
4121,257.243,658.749
4122,325.202,489.56
4123,98.801,347.896
4124,820.605,493.771
4125,674.78,1144.897
4126,231.68,707.241
4127,453.197,551.44
4128,630.665,563.813
4129,259.713,131.408
4130,511.334,899.531
4131,201.188,320.105
4132,164.828,515.416
4133,821.515,867.827
4134,18.401,459.218
4135,556.636,215.918
4136,653.149,917.494
4137,782.511,665.23
4138,711.92,1073.739
4139,460.419,483.824
4140,961.148,549.535
4141,731.406,966.439
4142,871.965,326.753
4143,715.076,500.618
4144,342.597,653.72
4145,460.036,243.712
4146,1007.375,392.905
4147,1101.2,1122.055
4148,729.929,601.711
4149,601.302,1123.577
4150,172.453,327.455
4151,758.08,1072.72
4152,526.518,106.231
4153,431.941,771.552
4154,229.084,1134.825
4155,727.056,293.004
4156,251.434,907.535
4157,658.202,528.449
4158,602.518,293.038
4159,488.991,244.438
4160,993.466,564.746
4161,399.356,331.037
4162,8.948,371.597
4163,120.505,244.613
4164,993.778,252.262
4165,722.896,249.812
4166,651.38,25.958
4167,935.415,264.78
4168,1000.019,864.45
4169,737.703,278.922
4170,844.743,148.158
4171,816.854,1096.192
4172,336.665,298.937
4173,99.726,559.718
4174,902.859,653.126
4175,102.959,478.754
4176,863.501,770.785
4177,879.701,81.64
4178,856.433,811.808
4179,1134.134,1076.848
4180,252.901,68.818
4181,302.33,142.962
4182,527.785,659.513
4183,463.604,278.462
4184,794.089,538.555
4185,1080.526,1003.989
4186,571.344,446.334
4187,1033.558,830.684
4188,797.757,103.853
4189,510.868,288.024
4190,651.661,509.345
4191,228.379,269.216
4192,543.254,229.788
4193,550.989,371.219
4194,99.055,800.917
4195,535.209,298.264
4196,235.225,624.601
4197,84.638,1015.273
4198,677.166,538.008
4199,1077.025,908.935
4200,169.763,575.406
4201,338.722,410.413
4202,929.452,140.263
4203,148.727,901.678
4204,914.145,533.372
4205,131.274,123.324
4206,514.507,915.997
4207,361.502,178.806
4208,380.394,477.735
4209,352.894,87.29
4210,980.9,447.934
4211,221.078,304.726
4212,1090.135,686.761
4213,193.451,76.208
4214,404.322,184.192
4215,244.63,491.871
4216,476.037,538.356
4217,58.218,1061.874
4218,202.84,700.302
4219,879.353,1042.493
4220,90.948,37.397
4221,1092.455,60.032
4222,870.732,40.267
4223,872.159,1129.556
4224,978.872,604.784
4225,668.788,322.938
4226,537.267,1099.707
4227,623.102,606.592
4228,224.804,45.204
4229,586.338,1139.248
4230,930.487,1033.528
4231,444.302,989.126
4232,947.883,651.94
4233,256.34,530.166
4234,172.063,877.296
4235,34.253,247.296
4236,417.828,1133.767
4237,700.64,453.04
4238,303.388,129.446
4239,331.725,638.594
4240,351.129,627.302
4241,1108.752,84.919
4242,786.306,149.279
4243,1090.304,420.494
4244,728.627,105.926
4245,946.814,513.122
4246,25.89,257.663
4247,1053.205,668.6
4248,988.982,732.861
4249,1128.082,945.29
4250,2.774,33.301
4251,973.301,647.194
4252,902.314,706.784
4253,1086.478,665.342
4254,940.388,235.607
4255,548.669,113.984
4256,460.383,902.61
4257,474.119,948.387
4258,39.581,749.817
4259,810.81,201.08
4260,527.704,885.593
4261,111.968,969.284
4262,592.163,92.4
4263,921.308,741.99
4264,760.814,498.37
4265,961.132,537.198
4266,1059.931,519.259
4267,36.191,1056.657
4268,327.094,883.659
4269,353.177,801.201
4270,411.366,546.806
4271,555.091,610.539
4272,359.206,607.201
4273,66.453,1000.267
4274,553.441,323.69
4275,967.289,232.092
4276,148.068,234.233
4277,71.612,214.96
4278,1008.306,613.705
4279,11.974,325.797
4280,96.358,182.689
4281,1084.234,864.606
4282,948.377,28.197
4283,368.854,1061.791
4284,483.585,41.403
4285,740.711,687.659
4286,828.879,609.377
4287,517.796,1019.108
4288,396.937,67.468
4289,752.939,186.44
4290,815.623,966.44
4291,79.666,785.648
4292,59.833,47.33
4293,207.834,315.651
4294,1062.24,875.497
4295,355.695,19.995
4296,790.044,487.545
4297,1107.992,1132.005
4298,475.642,307.331
4299,413.388,1057.945
4300,23.685,453.305
4301,817.631,431.284
4302,184.297,673.991
4303,500.98,115.956
4304,170.941,646.455
4305,507.047,824.284
4306,814.96,1129.214
4307,868.395,692.679
4308,627.148,726.236
4309,920.616,1003.116
4310,565.859,228.994
4311,192.968,275.881
4312,232.335,57.623
4313,863.246,532.918
4314,315.412,270.276
4315,997.889,840.876
4316,613.612,983.41
4317,773.56,1122.566
4318,322.282,142.72
4319,428.414,152.32
4320,369.155,80.024
4321,204.812,340.296
4322,514.171,975.717
4323,402.037,304.102
4324,42.368,702.284
4325,1089.963,616.381
4326,731.082,615.29
4327,76.33,727.467
4328,1011.309,133.824
4329,636.328,675.788
4330,752.556,318.414
4331,1060.408,716.665
4332,50.241,59.043
4333,517.576,1131.806
4334,527.452,198.053
4335,476.503,20.997
4336,107.417,987.811
4337,736.779,469.896
4338,1128.88,54.85
4339,577.9,101.226
4340,748.791,294.468
4341,331.261,378.718
4342,438.717,572.183
4343,1028.709,326.856
4344,339.921,1127.425
4345,117.768,1107.638
4346,411.685,318.963
4347,876.501,722.546
4348,1090.645,1032.6
4349,236.458,779.93
4350,78.041,708.813
4351,209.554,1049.217
4352,431.398,477.372
4353,183.748,485.789
4354,788.764,164.402
4355,1111.148,378.935
4356,746.174,1019.1
4357,1109.457,794.319
4358,737.83,506.239
4359,348.852,489.829
4360,886.963,302.914
4361,690.661,479.827
4362,516.75,681.849
4363,534.151,484.676
4364,1003.188,230.196
4365,222.325,865.884
4366,179.177,57.241
4367,677.409,760.304
4368,36.383,1040.024
4369,691.817,676.416
4370,1088.394,423.097
4371,839.561,217.366
4372,1073.863,623.568
4373,203.778,30.05
4374,550.959,1048.904
4375,755.302,553.373
4376,55.057,532.465
4377,608.281,447.638
4378,715.631,847.709
4379,1089.809,28.183
4380,243.323,40.743
4381,862.001,981.666
4382,811.553,98.767
4383,302.724,830.806
4384,207.456,975.758
4385,948.512,628.916
4386,230.823,1001.174
4387,95.357,842.826
4388,448.44,65.27
4389,660.816,237.037
4390,726.232,270.177
4391,904.478,539.498
4392,983.15,582.081
4393,638.12,1081.732
4394,454.366,1082.491
4395,258.243,890.648
4396,1070.482,1072.22
4397,1011.219,204.099
4398,39.904,137.21
4399,569.325,567.096
4400,428.169,152.665
4401,55.901,556.943
4402,118.49,29.724
4403,816.465,1121.735
4404,80.266,683.887
4405,887.266,1060.808
4406,195.356,319.437
4407,234.581,66.17
4408,692.554,1120.229
4409,540.635,632.607
4410,401.315,561.434
4411,1125.5,984.409
4412,278.99,1132.38
4413,405.849,309.521
4414,57.061,603.467
4415,391.112,967.909
4416,884.413,725.462
4417,41.219,361.419
4418,710.04,47.414
4419,317.291,838.714
4420,92.491,1102.729
4421,68.037,318.836
4422,782.448,479.017
4423,1091.024,244.467
4424,1142.236,391.823
4425,595.091,455.005
4426,316.014,322.034
4427,978.146,854.273
4428,1015.895,781.572
4429,42.131,539.793
4430,1108.26,204.912
4431,270.692,526.842
4432,711.224,609.856
4433,59.217,1018.971
4434,1095.312,898.146
4435,619.662,1113.57
4436,725.63,901.682
4437,815.057,318.754
4438,1120.033,405.035
4439,1108.652,1118.056
4440,258.098,286.797
4441,848.027,619.548
4442,171.177,73.283
4443,944.932,642.204
4444,644.429,1067.42
4445,134.781,376.754
4446,113.598,514.958
4447,328.033,876.631
4448,675.571,881.558
4449,252.461,25.029
4450,788.364,130.739
4451,508.014,477.539
4452,1003.474,508.943
4453,723.458,696.528
4454,1049.145,738.696
4455,604.601,729.719
4456,366.373,1043.279
4457,381.25,454.52
4458,224.64,935.65
4459,576.714,775.231
4460,91.779,798.213
4461,1021.054,787.588
4462,504.356,576.279
4463,378.866,25.718
4464,136.482,158.597
4465,79.964,735.113
4466,330.482,1057.556
4467,991.099,935.061
4468,146.642,638.771
4469,1023.958,1098.648
4470,647.688,580.444
4471,480.797,292.74
4472,925.956,1038.444
4473,813.395,1014.078
4474,544.833,822.006
4475,1117.314,126.338
4476,333.778,809.355
4477,416.215,85.75
4478,226.743,80.258
4479,116.13,544.909
4480,1135.669,30.517
4481,286.704,290.735
4482,1029.23,701.726
4483,662.035,114.232
4484,655.594,5.504
4485,503.485,477.983
4486,1093.306,794.999
4487,841.416,403.407
4488,1097.413,588.855
4489,191.157,246.912
4490,808.008,1118.49
4491,13.044,507.398
4492,1036.974,508.042
4493,747.907,771.059
4494,759.377,56.588
4495,942.552,1138.964
4496,683.893,380.103
4497,742.131,750.36
4498,335.464,228.416
4499,158.258,105.526
4500,480.918,188.737
4501,812.738,551.15
4502,1116.529,381.933
4503,941.93,139.745
4504,913.27,519.357
4505,5.492,767.137
4506,607.101,1071.915
4507,343.961,742.595
4508,1096.973,795.553
4509,886.071,285.784
4510,863.6,538.703
4511,889.904,1118.439
4512,629.069,870.603
4513,507.496,208.802
4514,588.072,534.223
4515,178.288,37.761
4516,565.975,330.085
4517,127.55,156.623
4518,180.759,796.709
4519,905.503,1008.931
4520,729.798,167.916
4521,415.516,554.92
4522,808.57,927.803
4523,391.532,314.755
4524,812.337,323.538
4525,242.764,616.668
4526,1026.628,175.42
4527,1048.381,1062.819
4528,331.982,240.485
4529,325.077,692.791
4530,1019.178,167.523
4531,382.858,1036.403
4532,616.425,867.986
4533,668.89,913.652
4534,866.607,871.497
4535,678.383,740.152
4536,911.328,805.232
4537,224.846,676.265
4538,535.851,319.039
4539,258.527,957.634
4540,228.045,58.14
4541,795.605,1071.393
4542,268.162,454.042
4543,249.275,630.622
4544,647.429,548.527
4545,216.846,1079.421
4546,444.212,89.678
4547,1143.103,625.997
4548,346.522,939.283
4549,933.748,15.599
4550,290.276,1138.447
4551,546.993,457.843
4552,278.646,229.361
4553,889.472,600.529
4554,109.391,555.443
4555,373.738,630.404
4556,616.562,907.754
4557,193.668,555.0
4558,1135.744,1118.321
4559,454.454,1128.058
4560,94.034,272.424
4561,318.796,717.29
4562,7.457,641.839
4563,708.073,453.523
4564,333.54,1066.348
4565,930.825,1111.888
4566,534.208,858.332
4567,240.743,678.149
4568,666.624,232.081
4569,1085.364,946.566
4570,842.026,990.632
4571,520.975,611.891
4572,759.729,656.92
4573,693.611,555.971
4574,664.951,1106.275
4575,76.837,935.561
4576,415.009,864.93
4577,999.157,380.466
4578,110.34,817.901
4579,356.818,991.464
4580,568.856,478.047
4581,434.377,797.975
4582,231.325,347.339
4583,835.767,71.032
4584,1109.129,1142.297
4585,995.486,558.509
4586,147.547,979.402
4587,99.52,147.03
4588,1116.202,825.041
4589,315.006,418.976
4590,877.139,356.432
4591,974.112,777.624
4592,638.151,210.181
4593,816.606,721.048
4594,949.321,110.514
4595,712.636,1096.12
4596,891.136,884.544
4597,67.865,398.386
4598,303.859,884.425
4599,763.821,878.376
4600,858.055,106.109
4601,282.821,1146.641
4602,806.44,364.46
4603,333.79,90.68
4604,156.801,510.814
4605,680.774,450.397
4606,1122.784,91.831
4607,614.26,510.229
4608,521.099,1058.846
4609,1021.428,1128.988
4610,1045.777,760.489
4611,170.407,598.529
4612,408.019,6.351
4613,309.84,616.517
4614,576.8,672.998
4615,997.039,161.463
4616,428.398,849.581
4617,954.956,433.198
4618,1057.081,771.21
4619,372.864,159.359
4620,766.878,652.026
4621,777.089,711.971
4622,682.659,340.449
4623,86.739,571.44
4624,889.096,347.294
4625,136.107,41.728
4626,25.241,511.849
4627,7.332,626.875
4628,514.11,411.277
4629,1129.278,537.637
4630,1126.975,680.145
4631,875.21,1106.654
4632,795.68,24.264
4633,736.822,998.375
4634,336.073,75.467
4635,562.208,315.598
4636,57.636,667.862
4637,922.565,1038.866
4638,913.721,1094.939
4639,953.519,160.28
4640,409.38,161.187
4641,158.816,23.162
4642,1031.093,1128.252
4643,463.366,331.167
4644,383.386,740.132
4645,40.026,533.268
4646,507.322,897.803
4647,14.237,217.451
4648,712.373,1023.226
4649,930.581,397.929
4650,99.428,249.355
4651,1131.914,213.527
4652,944.091,1126.26
4653,947.422,502.677
4654,228.229,891.081
4655,569.089,480.382
4656,318.272,487.805
4657,306.07,509.8
4658,19.938,133.917
4659,3.648,1121.373
4660,374.699,976.127
4661,466.605,748.52
4662,489.911,451.775
4663,1112.003,657.467
4664,1031.973,1126.187
4665,629.066,14.974
4666,487.831,39.476
4667,1134.144,325.169
4668,1078.26,869.818
4669,645.276,167.909
4670,824.532,914.615
4671,163.224,795.427
4672,990.533,22.993
4673,1092.109,447.845
4674,460.716,38.51
4675,423.094,309.107
4676,546.752,276.914
4677,66.939,907.311
4678,339.996,320.004
4679,416.727,567.545
4680,235.033,81.825
4681,978.411,603.564
4682,434.225,525.197
4683,190.594,499.965
4684,46.548,92.05
4685,1094.875,359.957
4686,426.347,1016.253
4687,837.7,567.258
4688,39.57,1060.21
4689,90.151,33.736
4690,231.333,403.1
4691,1100.009,439.553
4692,50.035,237.931
4693,710.012,705.812
4694,946.131,494.01
4695,933.536,5.922
4696,126.392,396.653
4697,121.752,914.964
4698,620.051,167.593
4699,131.368,958.639
4700,295.282,781.451
4701,50.83,271.66
4702,1125.912,245.447
4703,449.178,632.752
4704,464.493,17.614
4705,527.477,698.191
4706,236.461,248.935
4707,291.96,597.542
4708,1068.736,169.115
4709,282.966,591.768
4710,756.683,880.926
4711,889.181,760.728
4712,426.696,984.846
4713,88.623,451.023
4714,635.841,963.258
4715,468.298,858.836
4716,741.567,554.836
4717,796.539,777.957
4718,1091.506,787.84
4719,834.038,803.942
4720,155.324,808.958
4721,986.101,224.682
4722,266.943,139.088
4723,536.74,294.354
4724,26.862,73.967
4725,700.861,192.198
4726,1043.493,809.538
4727,700.347,864.301
4728,932.687,62.518
4729,913.564,155.153
4730,202.672,1051.508
4731,683.977,1068.971
4732,972.934,240.371
4733,1057.669,1113.518
4734,45.053,90.605
4735,773.693,337.665
4736,722.978,395.43
4737,961.435,442.98
4738,524.576,586.343
4739,306.927,915.096
4740,675.512,506.008
4741,737.594,216.016
4742,886.185,611.493
4743,871.934,19.755
4744,161.404,199.688
4745,614.744,597.313
4746,855.999,519.15
4747,482.111,75.501
4748,458.193,850.831
4749,841.259,989.541
4750,15.89,964.101
4751,924.06,1082.697
4752,1120.597,821.13
4753,1066.545,680.295
4754,106.358,210.589
4755,413.869,11.15
4756,233.001,131.802
4757,845.282,370.545
4758,632.299,295.427
4759,1058.317,998.372
4760,1094.554,756.828
4761,571.495,810.249
4762,228.288,426.455
4763,893.289,710.249
4764,663.837,914.082
4765,1086.347,674.624
4766,895.85,692.04
4767,512.62,214.398
4768,355.369,1092.5
4769,1036.059,680.133
4770,917.018,113.08
4771,478.755,701.216
4772,376.327,222.003
4773,543.087,153.013
4774,923.396,515.367
4775,999.466,318.262
4776,205.451,796.381
4777,193.966,203.656
4778,307.663,990.643
4779,557.507,197.656
4780,987.783,794.046
4781,816.558,1072.915
4782,195.271,1051.765
4783,101.819,292.716
4784,377.868,131.292
4785,66.707,648.284
4786,793.494,112.807
4787,984.748,205.808
4788,37.447,677.988
4789,410.743,630.43
4790,1139.765,915.862
4791,51.359,518.656
4792,856.287,979.993
4793,307.802,138.065
4794,240.231,80.923
4795,561.555,590.897
4796,610.201,52.878
4797,235.802,93.141
4798,125.42,682.415
4799,11.74,1085.896
4800,657.106,137.246
4801,750.203,514.092
4802,12.849,15.81
4803,342.663,682.863
4804,45.305,525.164
4805,418.815,280.187
4806,1101.84,1031.506
4807,448.928,102.425
4808,943.089,333.196
4809,54.831,322.431
4810,461.108,894.576
4811,938.986,296.308
4812,1146.136,808.994
4813,45.965,821.652
4814,869.502,490.212
4815,1005.472,79.348
4816,838.009,724.479
4817,264.848,1013.094
4818,552.439,294.199
4819,957.307,134.098
4820,386.33,632.494
4821,646.104,618.139
4822,109.03,1049.719
4823,359.918,192.007
4824,414.097,207.55
4825,333.988,413.608
4826,1020.039,97.156
4827,110.358,662.737
4828,1146.933,212.078
4829,919.525,593.042
4830,241.991,659.356
4831,173.211,1110.865
4832,24.997,827.924
4833,583.115,1116.755
4834,924.521,73.405
4835,528.401,466.555
4836,1040.198,409.738
4837,1096.609,596.001
4838,994.58,1088.052
4839,1030.451,132.984
4840,913.552,686.994
4841,8.239,333.616
4842,291.875,168.542
4843,64.394,96.222
4844,386.463,990.508
4845,245.656,480.148
4846,108.106,720.669
4847,481.278,640.975
4848,315.295,861.342
4849,973.375,762.073
4850,57.333,311.454
4851,4.515,697.948
4852,271.093,811.257
4853,712.356,343.686
4854,254.762,118.883
4855,208.527,282.824
4856,79.402,359.391
4857,378.714,1083.3
4858,598.472,1070.105
4859,849.318,951.979
4860,909.406,563.955
4861,726.202,1047.779
4862,234.052,529.646
4863,205.349,663.482
4864,83.637,697.528
4865,558.559,261.777
4866,73.698,495.019
4867,305.853,341.984
4868,774.206,741.87
4869,880.501,346.418
4870,1006.856,318.791
4871,424.246,204.098
4872,642.856,45.634
4873,1032.952,756.022
4874,796.104,1129.532
4875,18.212,793.904
4876,1016.446,1123.597
4877,144.921,405.183
4878,125.205,80.612
4879,460.37,894.558
4880,1053.839,1096.08
4881,1133.186,1036.382
4882,505.02,485.989
4883,620.549,534.31
4884,594.097,449.497
4885,48.453,649.713
4886,474.335,977.304
4887,754.213,75.357
4888,208.842,1030.163
4889,486.539,361.255
4890,551.84,836.352
4891,999.769,577.121
4892,489.567,158.459
4893,987.099,812.231
4894,1129.869,261.541
4895,435.775,980.456
4896,576.723,473.452
4897,677.498,1131.669
4898,55.982,18.25
4899,974.361,52.495
4900,856.342,712.905
4901,335.688,526.458
4902,1025.06,186.322
4903,150.913,670.517
4904,184.926,145.343
4905,593.372,375.407
4906,930.629,322.108
4907,686.209,928.799
4908,615.706,199.283
4909,697.53,517.862
4910,816.739,485.763
4911,196.779,1008.53
4912,198.994,863.175
4913,666.153,252.344
4914,743.121,454.195
4915,907.918,795.982
4916,1065.119,392.783
4917,389.623,698.412
4918,502.962,577.5
4919,912.417,601.019
4920,1088.771,328.626
4921,1043.464,9.331
4922,64.326,781.339
4923,696.456,161.124
4924,1003.956,309.34
4925,818.255,1124.805
4926,1130.496,291.003
4927,137.383,47.618
4928,38.855,589.091
4929,39.135,786.851
4930,390.836,161.716
4931,981.211,132.008
4932,1010.602,284.139
4933,689.191,1065.408
4934,96.124,939.766
4935,621.732,176.751
4936,444.481,847.236
4937,854.516,275.249
4938,109.745,314.546
4939,630.88,68.262
4940,229.84,553.455
4941,330.792,1132.303
4942,708.343,113.792
4943,333.353,296.013
4944,252.858,991.739
4945,667.742,791.746
4946,1116.559,966.752
4947,534.525,392.836
4948,117.783,458.975
4949,613.319,346.569
4950,110.679,463.85
4951,307.205,866.7
4952,767.263,182.577
4953,126.465,840.14
4954,283.972,817.194
4955,440.166,1139.043
4956,522.613,437.983
4957,844.159,664.455
4958,521.551,870.046
4959,528.619,805.881
4960,1043.07,1056.774
4961,1115.371,500.812
4962,942.585,820.523
4963,231.075,404.694
4964,474.991,295.385
4965,809.263,816.529
4966,953.53,212.931
4967,1112.351,213.493
4968,704.378,109.593
4969,756.93,896.412
4970,477.997,834.508
4971,234.689,1025.329
4972,783.591,605.27
4973,827.733,840.954
4974,40.02,768.705
4975,130.575,171.045
4976,580.097,376.718
4977,212.38,476.429
4978,581.96,877.505
4979,638.452,620.358
4980,199.591,557.408
4981,719.815,605.655
4982,843.96,164.419
4983,1021.865,850.55
4984,1016.737,1084.574
4985,237.026,674.717
4986,245.565,990.18
4987,740.296,703.371
4988,357.432,985.819
4989,305.479,324.928
4990,292.818,1086.35
4991,1019.031,910.589
4992,210.501,1003.6
4993,20.575,1094.639
4994,996.932,632.156
4995,651.705,785.413
4996,7.301,419.979
4997,321.686,1049.931
4998,166.008,523.708
4999,919.059,209.755
