node_id,x_m,y_m
0,78.385,194.855
1,184.974,241.339
2,110.503,107.504
3,201.009,186.227
4,116.734,191.268
5,135.05,209.504
6,80.647,101.149
7,233.736,127.495
8,108.409,214.737
9,180.99,86.767
10,165.286,187.312
11,89.747,184.907
12,81.552,123.396
13,73.767,97.464
14,248.699,136.419
15,251.13,143.256
16,176.272,228.092
17,191.786,79.304
18,172.666,181.394
19,92.924,76.008
20,228.522,157.944
21,95.395,145.983
22,100.156,213.556
23,155.344,77.525
24,217.444,75.004
25,112.371,62.973
26,202.237,79.762
27,160.287,75.678
28,151.426,191.49
29,162.063,146.485
30,152.292,142.942
31,173.91,76.044
32,150.268,103.689
33,226.696,241.078
34,70.491,85.515
35,195.029,169.218
36,61.235,195.307
37,242.039,140.218
38,125.434,168.818
39,241.101,109.022
40,116.597,94.393
41,180.356,149.24
42,107.562,133.333
43,64.299,118.584
44,249.658,172.072
45,112.745,240.513
46,127.543,106.675
47,64.37,86.082
48,96.412,102.472
49,228.168,109.219
50,106.101,175.568
51,236.801,114.464
52,206.39,129.588
53,167.198,173.986
54,241.722,205.544
55,156.843,221.993
56,129.145,132.594
57,245.175,164.232
58,208.708,118.975
59,236.439,177.289
60,105.849,240.026
61,149.175,123.859
62,108.868,77.685
63,96.726,192.833
64,84.995,108.079
65,144.963,163.987
66,131.889,210.986
67,107.701,129.561
68,140.589,82.694
69,100.962,86.138
70,199.315,86.152
71,188.108,100.908
72,183.979,185.852
73,126.605,239.92
74,185.902,166.451
75,66.55,136.977
76,109.516,149.357
77,239.966,226.404
78,69.602,190.465
79,240.136,163.547
80,76.415,226.956
81,140.849,249.197
82,228.458,219.545
83,239.556,70.818
84,212.683,117.163
85,83.928,131.622
86,172.631,58.453
87,145.407,210.823
88,154.33,160.753
89,115.426,247.414
90,106.018,190.665
91,183.761,57.613
92,252.315,103.533
93,250.818,238.983
94,233.639,224.703
95,135.26,144.578
96,125.094,240.488
97,63.22,84.256
98,244.478,215.163
99,195.531,246.723
100,159.869,220.794
101,144.08,233.586
102,71.117,143.192
103,170.306,212.793
104,140.1,190.556
105,246.705,139.384
106,96.511,63.42
107,225.983,150.565
108,133.353,159.095
109,81.055,100.912
110,103.595,107.373
111,225.55,105.714
112,75.188,226.943
113,166.64,62.974
114,189.498,191.66
115,184.497,208.932
116,140.378,101.465
117,203.004,179.7
118,195.085,93.403
119,130.362,192.617
120,132.683,175.281
121,149.966,205.017
122,125.608,154.838
123,219.471,118.227
124,91.856,181.957
125,83.525,225.046
126,111.256,234.26
127,161.853,87.637
128,159.36,190.932
129,152.54,181.671
130,129.64,245.022
131,91.605,213.457
132,62.14,156.65
133,70.498,83.257
134,172.551,234.297
135,117.963,136.242
136,150.563,175.789
137,125.985,126.203
138,224.352,166.125
139,126.407,217.434
140,252.808,141.997
141,60.474,117.188
142,233.079,91.096
143,96.348,212.403
144,79.85,223.567
145,101.732,133.335
146,173.701,79.419
147,209.01,143.218
148,208.088,206.871
149,72.512,218.304
150,217.973,104.758
151,173.1,97.68
152,162.78,204.485
153,131.174,161.697
154,83.192,226.242
155,179.958,219.842
156,73.278,203.216
157,75.181,166.294
158,102.612,233.752
159,78.268,149.97
160,149.554,132.945
161,70.122,187.722
162,247.528,128.068
163,233.215,123.731
164,110.907,146.402
165,247.684,209.879
166,181.167,65.25
167,145.741,60.407
168,69.625,131.08
169,105.204,77.837
170,157.533,210.456
171,238.476,236.587
172,140.8,92.375
173,245.893,140.257
174,124.557,218.623
175,166.605,243.696
176,194.582,242.43
177,87.443,241.908
178,163.384,193.685
179,116.334,105.227
180,115.502,90.732
181,245.307,80.837
182,104.948,181.35
183,97.499,99.274
184,106.957,103.268
185,59.5,202.171
186,186.374,118.136
187,233.296,166.853
188,100.512,246.166
189,102.406,215.771
190,217.134,58.069
191,223.101,139.742
192,155.682,242.414
193,145.791,104.743
194,67.177,230.611
195,146.434,196.533
196,182.796,249.08
197,240.528,240.451
198,156.129,235.463
199,117.437,81.783
200,182.504,63.076
201,247.589,121.018
202,140.422,114.356
203,120.634,162.579
204,214.107,60.313
205,124.583,105.707
206,244.895,143.31
207,144.356,240.734
208,133.161,132.672
209,135.556,103.775
210,195.12,113.592
211,157.092,169.248
212,207.386,202.173
213,151.579,243.194
214,242.386,240.842
215,197.123,146.321
216,127.86,225.685
217,150.094,203.757
218,133.272,128.933
219,61.016,200.247
220,114.16,154.086
221,199.382,220.143
222,242.192,187.216
223,103.028,239.091
224,68.132,138.148
225,238.343,222.773
226,173.751,227.271
227,92.118,65.187
228,115.515,239.375
229,65.276,121.117
230,156.835,97.755
231,227.837,78.364
232,74.204,252.505
233,59.88,101.02
234,137.334,229.598
235,123.119,168.989
236,214.787,178.376
237,219.949,60.693
238,163.355,61.587
239,224.176,62.46
240,75.996,141.39
241,178.888,60.224
242,182.6,77.6
243,120.738,65.703
244,199.631,220.009
245,208.006,120.501
246,106.341,245.659
247,217.159,246.859
248,138.62,229.488
249,189.951,211.111
250,157.628,210.798
251,154.989,110.847
252,150.877,65.521
253,189.195,122.957
254,92.807,212.488
255,160.311,119.315
256,237.94,240.816
257,140.596,164.402
258,57.542,127.225
259,250.574,157.265
260,251.787,63.122
261,60.874,69.536
262,72.222,205.118
263,250.683,206.335
264,175.777,132.04
265,132.143,83.009
266,135.125,81.286
267,215.812,162.742
268,131.316,224.03
269,116.174,228.012
270,197.783,180.255
271,173.765,181.225
272,233.98,252.118
273,166.724,245.299
274,105.388,238.628
275,230.193,181.963
276,79.023,231.052
277,131.551,122.633
278,243.499,74.64
279,183.582,101.765
280,227.465,99.779
281,78.287,152.685
282,146.909,204.539
283,112.403,114.566
284,114.941,165.096
285,83.268,167.186
286,217.887,191.939
287,107.558,151.398
288,75.9,149.681
289,206.161,57.643
290,183.987,237.61
291,112.154,119.781
292,190.666,87.918
293,110.141,178.203
294,158.811,90.245
295,96.272,153.496
296,227.076,96.724
297,191.368,161.383
298,111.848,138.297
299,218.105,77.532
300,164.429,151.098
301,79.054,138.508
302,90.794,136.433
303,63.387,168.373
304,214.774,228.331
305,239.878,106.723
306,213.934,127.549
307,197.27,149.616
308,202.777,135.716
309,245.06,148.601
310,213.692,92.699
311,199.799,98.66
312,137.379,131.719
313,187.603,170.41
314,111.271,239.913
315,65.371,150.732
316,82.974,78.703
317,100.314,242.22
318,61.777,198.203
319,170.491,220.951
320,223.741,81.459
321,238.137,85.237
322,80.988,103.942
323,194.077,169.93
324,192.308,99.644
325,150.347,121.266
326,245.624,168.603
327,194.177,145.121
328,80.133,76.377
329,101.562,201.482
330,97.169,151.376
331,124.221,83.345
332,129.871,153.406
333,236.829,209.924
334,142.433,114.813
335,104.181,126.349
336,161.31,247.227
337,72.072,94.76
338,135.032,168.004
339,70.635,61.687
340,165.719,60.841
341,218.432,188.665
342,148.995,252.463
343,151.997,242.254
344,100.339,72.751
345,139.04,161.248
346,187.561,82.141
347,196.112,114.594
348,242.338,213.292
349,208.73,66.279
350,68.997,63.862
351,143.993,64.237
352,85.474,68.817
353,251.816,148.6
354,108.552,86.828
355,112.179,78.479
356,213.273,238.082
357,216.878,72.312
358,176.121,224.474
359,134.669,209.903
360,59.954,158.873
361,202.801,141.42
362,77.108,247.311
363,216.169,113.066
364,200.167,90.257
365,177.893,196.619
366,174.636,143.231
367,218.804,138.05
368,71.318,87.461
369,86.759,209.842
370,70.043,246.248
371,170.249,71.201
372,242.225,251.032
373,103.197,167.407
374,102.886,83.923
375,72.325,230.633
376,100.896,97.268
377,91.84,113.117
378,242.389,98.446
379,93.383,68.698
380,195.761,77.906
381,217.711,241.351
382,111.601,148.925
383,214.431,152.848
384,119.469,236.467
385,252.833,103.949
386,222.401,64.859
387,218.881,124.883
388,250.484,62.548
389,98.343,136.596
390,156.09,208.847
391,83.373,68.919
392,104.679,77.027
393,242.564,158.24
394,96.99,120.494
395,109.115,145.894
396,120.443,179.952
397,99.592,191.609
398,236.216,204.822
399,73.43,151.461
400,217.792,71.248
401,241.055,79.006
402,78.352,59.097
403,225.49,62.824
404,149.468,172.816
405,152.1,251.935
406,174.37,58.352
407,134.917,88.416
408,231.84,102.059
409,187.161,144.091
410,142.971,162.587
411,107.255,183.716
412,174.752,216.078
413,217.005,76.593
414,217.748,120.352
415,247.723,169.457
416,95.918,159.084
417,164.036,157.243
418,132.846,171.868
419,163.169,213.199
420,124.55,146.581
421,59.497,203.4
422,68.845,228.385
423,158.653,169.048
424,133.328,165.457
425,76.93,88.153
426,162.009,116.036
427,155.98,154.15
428,248.828,184.474
429,61.208,187.117
430,119.78,93.171
431,128.737,232.48
432,212.3,147.079
433,225.791,158.396
434,86.572,195.818
435,226.274,190.436
436,114.973,150.741
437,82.949,105.61
438,70.361,246.157
439,198.369,152.219
440,191.191,193.469
441,149.479,106.741
442,153.824,163.082
443,131.759,101.445
444,171.563,184.537
445,102.643,82.593
446,205.136,250.125
447,200.185,218.125
448,199.286,133.561
449,171.059,147.541
450,248.5,79.202
451,251.917,82.886
452,117.231,169.176
453,241.729,229.409
454,206.212,183.068
455,204.761,117.443
456,66.323,172.678
457,99.96,146.47
458,207.655,248.813
459,82.608,237.76
460,102.996,158.63
461,214.085,190.273
462,131.872,232.134
463,90.842,218.608
464,250.385,222.237
465,80.011,133.466
466,76.761,125.116
467,135.588,88.572
468,147.686,220.527
469,187.002,116.251
470,80.918,79.561
471,216.61,108.079
472,166.413,95.25
473,194.198,74.126
474,149.845,143.35
475,157.5,98.437
476,191.143,244.983
477,98.605,71.808
478,111.872,123.849
479,226.437,63.942
480,65.904,161.732
481,148.898,99.082
482,191.54,134.862
483,246.721,100.046
484,160.084,82.401
485,77.516,244.073
486,230.715,203.239
487,155.757,188.725
488,101.668,93.423
489,100.109,109.919
490,135.233,155.772
491,110.173,126.264
492,213.826,213.69
493,106.819,167.725
494,78.445,180.227
495,178.882,92.642
496,222.21,176.998
497,246.481,109.903
498,87.302,209.509
499,204.139,102.602
500,144.01,91.76
501,148.107,249.168
502,109.04,127.695
503,226.822,250.453
504,158.095,165.39
505,156.35,195.039
506,235.537,236.756
507,168.11,147.621
508,224.262,189.486
509,251.26,77.545
510,201.501,213.895
511,126.279,59.348
512,123.277,247.521
513,206.003,123.705
514,223.692,74.202
515,201.764,165.565
516,250.183,115.145
517,125.441,126.489
518,143.293,147.835
519,95.101,144.854
520,67.961,179.841
521,220.88,120.852
522,145.452,246.688
523,221.068,191.971
524,170.42,246.371
525,150.221,178.505
526,230.289,127.519
527,141.29,186.665
528,197.098,194.469
529,137.1,112.096
530,207.867,198.407
531,159.184,107.723
532,71.431,158.648
533,235.075,227.132
534,203.278,140.255
535,227.3,229.633
536,117.502,162.277
537,128.739,95.333
538,153.234,101.267
539,242.758,248.692
540,107.844,90.071
541,96.148,236.963
542,121.89,218.625
543,252.214,124.887
544,222.45,77.967
545,66.031,189.27
546,118.121,102.72
547,156.467,212.558
548,143.964,165.208
549,205.76,75.591
550,156.876,64.855
551,97.247,81.694
552,92.56,237.63
553,61.106,152.299
554,72.312,59.543
555,238.619,155.851
556,225.232,180.521
557,169.826,207.603
558,58.482,98.302
559,190.345,251.642
560,95.091,134.891
561,190.515,169.368
562,200.714,66.655
563,105.035,189.548
564,202.62,187.147
565,214.826,214.369
566,57.687,117.017
567,71.494,81.636
568,199.27,133.13
569,229.829,62.811
570,146.348,248.278
571,128.98,191.101
572,227.361,214.602
573,120.865,144.78
574,208.347,161.194
575,140.722,242.418
576,107.478,193.552
577,126.787,179.873
578,205.341,231.338
579,214.637,155.621
580,170.882,191.882
581,204.788,237.908
582,60.695,61.913
583,245.213,182.759
584,76.169,116.418
585,84.943,118.643
586,85.069,199.493
587,86.955,146.352
588,68.615,134.758
589,108.276,162.924
590,109.173,99.829
591,126.283,242.112
592,251.189,88.51
593,202.115,68.555
594,118.723,210.048
595,199.767,193.396
596,153.795,144.435
597,67.532,186.396
598,182.686,130.314
599,86.124,108.156
600,214.862,74.981
601,174.52,207.712
602,204.006,130.137
603,191.708,98.888
604,110.636,182.433
605,79.269,157.676
606,191.515,65.186
607,66.265,216.293
608,213.072,246.78
609,79.216,222.108
610,168.294,165.76
611,92.633,128.608
612,94.619,61.336
613,194.868,76.61
614,74.639,210.593
615,219.347,77.285
616,144.051,87.238
617,124.481,147.024
618,112.888,124.168
619,147.178,197.757
620,96.919,90.222
621,147.864,114.961
622,103.516,87.641
623,217.294,214.744
624,80.291,185.289
625,143.813,70.138
626,72.256,252.934
627,78.207,158.677
628,194.827,204.16
629,195.962,72.389
630,132.007,79.128
631,198.197,212.446
632,102.932,171.904
633,106.022,129.374
634,94.172,121.654
635,87.081,60.242
636,134.869,219.296
637,180.416,186.833
638,148.53,90.7
639,107.492,76.491
640,175.752,89.044
641,187.872,62.941
642,199.817,105.852
643,89.178,146.956
644,100.738,211.202
645,185.702,146.767
646,161.884,207.222
647,185.11,141.039
648,166.137,143.063
649,181.295,215.62
650,208.075,243.813
651,62.114,71.152
652,79.773,243.06
653,130.435,154.12
654,145.364,148.762
655,188.724,179.477
656,98.228,152.911
657,223.389,146.702
658,147.456,114.096
659,137.351,133.301
660,94.171,175.146
661,70.837,105.636
662,60.642,215.503
663,141.348,131.93
664,226.859,204.584
665,105.881,181.081
666,111.137,128.359
667,76.889,157.367
668,182.728,107.693
669,127.845,106.006
670,191.055,238.19
671,224.813,206.447
672,213.931,136.219
673,118.045,231.603
674,248.669,197.809
675,106.832,69.683
676,182.344,72.798
677,224.074,92.771
678,112.026,78.926
679,209.604,92.361
680,90.695,127.552
681,81.553,71.202
682,236.704,137.939
683,106.091,91.629
684,201.748,63.633
685,157.486,142.821
686,162.807,126.447
687,236.533,68.098
688,205.618,87.07
689,68.083,77.317
690,110.849,151.762
691,103.841,91.263
692,83.372,215.782
693,233.248,113.726
694,206.405,187.942
695,223.9,236.674
696,170.03,103.843
697,136.158,158.606
698,70.459,115.335
699,77.782,198.561
700,103.727,87.967
701,112.748,177.89
702,194.204,129.346
703,131.723,64.294
704,150.151,181.188
705,165.402,181.423
706,164.876,218.575
707,226.562,155.04
708,224.473,89.645
709,92.974,233.012
710,121.24,130.977
711,80.6,170.244
712,198.552,72.492
713,114.31,67.353
714,140.625,102.606
715,172.432,190.487
716,140.528,153.753
717,247.809,189.266
718,77.386,209.475
719,147.504,230.642
720,85.562,150.601
721,248.29,212.18
722,221.116,235.957
723,226.305,188.124
724,68.788,201.47
725,154.166,73.017
726,84.153,239.563
727,58.344,101.09
728,215.174,246.072
729,103.444,247.429
730,176.939,145.596
731,153.865,146.933
732,167.557,81.732
733,218.24,135.558
734,128.582,94.334
735,95.525,172.472
736,236.889,91.71
737,204.005,226.832
738,164.901,229.732
739,233.305,182.585
740,209.094,145.73
741,80.969,140.69
742,147.703,104.237
743,98.834,139.83
744,245.642,251.56
745,90.085,222.136
746,114.99,136.961
747,230.164,189.675
748,227.61,77.985
749,151.963,100.319
750,202.008,64.052
751,141.921,195.644
752,185.486,170.556
753,252.983,92.449
754,164.251,94.071
755,111.833,182.474
756,172.968,140.762
757,75.252,149.967
758,166.213,184.158
759,179.463,111.558
760,170.968,187.918
761,115.624,222.089
762,87.105,251.439
763,244.892,252.589
764,59.656,137.237
765,75.607,198.697
766,171.803,198.813
767,198.143,59.891
768,224.238,243.44
769,177.495,110.921
770,243.168,163.119
771,234.067,177.709
772,249.552,162.52
773,105.732,60.616
774,79.353,106.399
775,116.591,236.285
776,83.814,111.693
777,169.108,149.813
778,144.916,63.204
779,83.203,114.831
780,225.542,181.903
781,210.402,88.091
782,246.876,219.722
783,142.676,245.426
784,150.773,121.075
785,199.426,87.467
786,194.435,92.56
787,238.577,182.166
788,227.378,231.466
789,188.349,171.336
790,101.576,207.294
791,216.061,145.236
792,62.705,113.094
793,173.395,185.219
794,224.674,59.658
795,185.614,111.012
796,114.31,202.891
797,140.002,146.889
798,186.514,223.175
799,246.499,121.856
800,148.988,83.782
801,113.075,174.139
802,148.847,119.488
803,184.785,223.431
804,118.04,136.319
805,168.525,242.532
806,178.037,95.799
807,139.579,109.045
808,133.861,166.316
809,136.86,115.612
810,94.422,99.685
811,155.814,80.781
812,101.225,226.331
813,91.695,225.238
814,166.48,118.811
815,131.774,85.09
816,210.861,110.0
817,158.115,219.934
818,172.843,132.425
819,191.274,225.299
820,156.966,145.172
821,169.139,86.456
822,210.319,172.949
823,88.09,87.843
824,214.795,240.453
825,135.127,59.793
826,247.155,65.508
827,248.038,156.768
828,231.047,97.652
829,161.935,165.953
830,228.967,250.362
831,83.032,198.496
832,75.415,234.885
833,246.997,147.565
834,153.884,128.801
835,165.707,117.738
836,119.119,84.634
837,202.359,66.54
838,79.274,71.013
839,171.685,72.257
840,88.139,172.739
841,214.998,213.26
842,211.884,212.826
843,227.179,164.609
844,179.607,87.193
845,64.313,218.078
846,150.992,191.659
847,208.627,112.545
848,202.132,90.042
849,246.849,208.446
850,79.531,84.206
851,182.234,123.326
852,213.773,189.414
853,240.845,98.659
854,71.363,229.98
855,179.351,110.05
856,115.607,81.134
857,177.955,135.289
858,112.281,164.173
859,185.819,148.892
860,127.686,228.195
861,177.579,206.103
862,197.73,68.619
863,223.501,106.301
864,160.862,184.936
865,251.599,203.845
866,175.182,96.064
867,113.086,175.999
868,178.721,225.749
869,221.446,242.116
870,194.802,238.84
871,214.833,133.247
872,175.831,185.469
873,199.052,171.505
874,93.434,169.153
875,113.282,88.094
876,213.129,128.203
877,240.554,230.241
878,195.993,86.871
879,99.596,60.521
880,247.906,183.428
881,119.962,176.005
882,215.292,211.312
883,197.368,200.02
884,77.835,69.095
885,82.717,151.607
886,96.821,171.481
887,206.614,99.527
888,144.915,222.422
889,84.21,137.879
890,209.383,66.561
891,148.445,69.796
892,167.373,66.821
893,146.916,64.195
894,173.516,209.046
895,109.25,112.354
896,155.027,137.963
897,96.442,80.673
898,129.431,245.031
899,120.413,145.546
900,88.699,184.484
901,206.213,239.601
902,93.598,94.114
903,100.738,72.768
904,190.477,152.47
905,245.689,85.943
906,121.15,89.589
907,139.57,72.993
908,129.446,148.5
909,64.627,132.175
910,100.941,74.518
911,121.089,108.389
912,230.677,165.413
913,240.378,101.436
914,62.377,154.085
915,167.311,113.731
916,88.745,59.25
917,186.4,204.836
918,67.141,192.958
919,230.126,119.756
920,246.76,241.301
921,220.809,103.139
922,70.308,132.107
923,77.891,237.992
924,160.871,138.618
925,147.639,64.672
926,215.475,198.602
927,72.947,112.818
928,225.041,242.719
929,233.041,191.514
930,138.648,246.661
931,135.606,142.657
932,76.083,228.42
933,138.912,229.164
934,220.528,120.07
935,166.104,168.275
936,87.758,146.373
937,116.728,215.819
938,120.208,92.022
939,235.198,245.342
940,222.611,91.931
941,107.208,72.665
942,119.921,230.421
943,205.167,121.522
944,225.515,235.258
945,72.747,70.703
946,243.139,207.951
947,244.542,96.819
948,214.043,211.517
949,160.724,195.431
950,66.609,99.842
951,169.198,226.679
952,89.095,91.239
953,202.79,122.843
954,218.588,219.766
955,102.78,138.688
956,73.709,88.164
957,105.58,190.901
958,57.885,200.265
959,89.982,217.381
960,172.643,233.766
961,248.885,218.595
962,180.323,224.279
963,140.812,131.138
964,158.348,218.9
965,124.149,164.123
966,142.383,61.546
967,187.984,88.941
968,202.39,75.631
969,205.013,59.492
970,81.809,86.766
971,195.576,155.663
972,95.965,210.461
973,93.327,126.258
974,180.981,132.687
975,172.549,182.673
976,227.938,84.197
977,142.715,142.56
978,238.235,131.439
979,57.955,93.227
980,86.689,230.259
981,222.391,216.289
982,122.652,128.482
983,114.148,218.299
984,135.27,243.127
985,76.07,141.729
986,213.754,159.201
987,137.164,59.427
988,160.964,193.216
989,144.021,129.396
990,156.343,245.284
991,80.374,250.194
992,96.912,244.017
993,125.703,141.891
994,243.447,178.288
995,78.648,208.688
996,90.096,68.286
997,118.674,108.72
998,224.391,196.827
999,252.763,145.089
1000,238.977,172.955
1001,66.638,79.554
1002,223.683,232.216
1003,58.685,79.462
1004,210.901,151.682
1005,108.056,65.665
1006,172.868,156.549
1007,172.369,99.128
1008,249.264,198.609
1009,65.432,106.077
1010,99.602,62.071
1011,164.334,204.881
1012,136.581,135.235
1013,133.677,241.14
1014,121.849,163.069
1015,189.473,142.236
1016,230.351,135.115
1017,196.601,89.597
1018,117.134,202.749
1019,240.648,216.295
1020,65.788,180.428
1021,129.599,83.123
1022,174.461,207.033
1023,152.951,123.656
1024,171.966,99.446
1025,113.035,201.111
1026,215.753,121.844
1027,202.976,128.083
1028,107.806,120.714
1029,141.573,236.487
1030,155.471,139.576
1031,60.156,96.964
1032,69.541,189.733
1033,238.956,144.07
1034,217.477,165.313
1035,150.718,198.461
1036,136.869,103.823
1037,178.496,66.367
1038,153.561,221.129
1039,65.128,175.166
1040,114.825,98.491
1041,228.08,114.97
1042,180.699,148.96
1043,182.721,164.652
1044,86.412,61.821
1045,228.989,94.259
1046,179.859,157.243
1047,230.03,96.836
1048,210.826,239.868
1049,234.044,142.491
1050,173.56,192.011
1051,80.539,61.401
1052,75.856,230.488
1053,181.924,107.329
1054,115.167,154.161
1055,197.857,234.42
1056,89.026,100.216
1057,247.982,111.971
1058,75.917,157.481
1059,136.23,160.667
1060,119.689,103.356
1061,202.557,242.769
1062,154.706,91.624
1063,186.25,225.21
1064,246.572,156.682
1065,205.401,185.247
1066,59.837,162.827
1067,73.199,142.111
1068,141.484,109.213
1069,191.271,217.653
1070,116.769,244.519
1071,151.167,125.457
1072,190.774,194.0
1073,153.258,102.582
1074,109.446,229.099
1075,188.07,214.481
1076,211.378,189.402
1077,101.448,84.712
1078,161.735,246.581
1079,159.011,160.835
1080,206.01,122.626
1081,117.379,138.741
1082,92.852,118.405
1083,166.641,90.472
1084,124.84,130.976
1085,168.073,155.433
1086,184.802,233.01
1087,123.123,132.573
1088,242.648,144.675
1089,60.543,184.654
1090,162.32,67.529
1091,162.829,59.843
1092,224.921,193.986
1093,177.837,125.457
1094,66.983,120.666
1095,160.056,198.453
1096,181.224,188.256
1097,59.763,215.287
1098,118.922,159.34
1099,122.034,153.243
1100,127.893,130.171
1101,164.982,215.762
1102,136.419,77.922
1103,145.915,138.688
1104,69.764,70.494
1105,115.938,88.926
1106,116.234,86.457
1107,127.858,200.132
1108,203.701,171.564
1109,158.329,103.202
1110,246.631,126.964
1111,174.459,218.187
1112,196.409,95.705
1113,104.755,183.801
1114,191.697,61.126
1115,202.834,127.74
1116,70.244,61.137
1117,110.409,79.321
1118,93.599,247.616
1119,61.926,184.218
1120,169.662,229.777
1121,217.814,152.239
1122,233.843,107.96
1123,142.837,243.896
1124,165.47,103.304
1125,134.219,175.656
1126,232.401,87.077
1127,230.799,174.244
1128,62.114,86.46
1129,151.679,135.838
1130,179.123,238.155
1131,177.915,232.307
1132,213.038,179.787
1133,232.882,224.221
1134,120.402,209.772
1135,211.871,103.162
1136,162.548,194.469
1137,247.724,161.393
1138,91.757,226.699
1139,252.345,172.768
1140,251.672,167.271
1141,236.601,61.234
1142,217.077,130.756
1143,61.51,231.067
1144,153.757,127.807
1145,215.802,111.371
1146,207.135,178.239
1147,131.462,112.162
1148,204.711,83.333
1149,136.354,141.099
1150,88.275,231.849
1151,68.191,235.489
1152,99.636,193.082
1153,202.389,91.472
1154,160.046,98.494
1155,245.059,93.915
1156,117.564,81.397
1157,241.786,156.24
1158,110.278,237.917
1159,125.429,77.602
1160,217.776,177.41
1161,218.94,80.348
1162,156.02,222.674
1163,77.948,202.025
1164,87.338,81.335
1165,186.356,61.471
1166,210.903,170.735
1167,130.87,182.066
1168,132.928,214.11
1169,122.027,66.515
1170,184.942,92.891
1171,185.363,167.435
1172,111.54,66.709
1173,232.245,112.345
1174,129.883,156.917
1175,78.305,177.509
1176,112.837,65.658
1177,243.733,154.05
1178,68.082,188.447
1179,161.605,125.897
1180,186.949,140.604
1181,223.583,240.246
1182,102.036,184.423
1183,115.44,74.907
1184,178.004,209.995
1185,196.056,172.055
1186,191.814,173.895
1187,181.433,89.446
1188,194.723,200.142
1189,111.439,235.758
1190,148.831,243.487
1191,134.448,235.158
1192,154.086,112.547
1193,107.043,179.624
1194,216.219,165.066
1195,82.064,112.702
1196,231.298,210.075
1197,83.504,212.864
1198,92.364,95.329
1199,219.116,202.091
1200,107.671,86.326
1201,117.164,146.926
1202,252.412,230.293
1203,142.708,129.979
1204,132.01,241.292
1205,237.454,237.592
1206,134.979,230.299
1207,236.83,111.177
1208,161.981,150.517
1209,98.952,113.221
1210,158.962,248.938
1211,149.735,119.41
1212,223.938,202.299
1213,190.572,161.798
1214,160.314,129.219
1215,250.206,126.13
1216,113.922,247.683
1217,227.139,225.96
1218,157.979,103.942
1219,93.684,150.982
1220,170.888,144.929
1221,116.969,247.092
1222,71.151,125.235
1223,214.22,174.464
1224,221.518,238.362
1225,186.127,126.287
1226,193.038,203.761
1227,206.812,219.182
1228,230.185,179.696
1229,180.281,133.383
1230,129.0,222.776
1231,168.749,224.721
1232,133.735,147.428
1233,100.498,141.803
1234,197.54,178.51
1235,155.267,212.674
1236,211.741,146.36
1237,119.601,64.022
1238,82.701,78.978
1239,147.845,211.816
1240,233.927,156.757
1241,109.508,232.659
1242,212.058,133.449
1243,155.648,93.149
1244,139.408,227.495
1245,240.963,115.273
1246,227.475,246.428
1247,251.854,166.037
1248,198.799,251.012
1249,218.399,252.249
1250,172.449,120.396
1251,151.499,84.332
1252,246.419,136.903
1253,114.618,251.87
1254,220.153,63.622
1255,115.341,182.255
1256,137.96,95.318
1257,92.408,85.493
1258,197.012,169.978
1259,220.72,236.438
1260,84.611,123.167
1261,247.271,202.762
1262,156.495,179.683
1263,147.557,141.965
1264,125.469,82.504
1265,204.819,232.419
1266,215.369,179.768
1267,207.74,82.351
1268,156.108,127.179
1269,152.175,196.663
1270,240.771,110.132
1271,192.779,111.01
1272,117.276,195.115
1273,206.523,63.64
1274,220.353,201.851
1275,154.73,148.093
1276,96.342,138.641
1277,183.187,131.226
1278,73.65,129.418
1279,128.296,130.944
1280,83.202,187.646
1281,176.485,230.091
1282,252.549,72.414
1283,91.605,72.556
1284,218.768,166.331
1285,149.962,111.88
1286,223.654,181.957
1287,167.447,61.793
1288,70.55,108.912
1289,192.865,124.606
1290,177.267,235.376
1291,118.601,187.267
1292,190.761,180.858
1293,87.69,128.262
1294,134.181,180.645
1295,67.37,202.315
1296,176.532,76.972
1297,214.734,137.349
1298,184.973,207.736
1299,59.129,166.269
1300,108.874,153.948
1301,82.064,131.841
1302,171.411,183.071
1303,125.366,144.974
1304,241.922,202.686
1305,89.077,173.257
1306,202.186,202.995
1307,74.477,232.83
1308,156.02,175.09
1309,114.601,145.291
1310,179.447,84.858
1311,201.972,182.308
1312,215.555,197.768
1313,123.318,148.151
1314,152.065,111.423
1315,91.896,86.537
1316,120.075,65.689
1317,178.398,218.809
1318,226.033,141.44
1319,170.032,72.968
1320,175.247,176.41
1321,160.578,145.128
1322,249.989,185.433
1323,175.347,206.081
1324,225.757,97.712
1325,225.889,138.597
1326,178.884,100.331
1327,166.551,151.064
1328,60.68,92.162
1329,230.848,178.014
1330,233.286,116.575
1331,108.222,150.714
1332,182.507,70.852
1333,223.752,91.312
1334,109.12,181.563
1335,141.711,129.288
1336,82.203,162.463
1337,96.655,200.2
1338,176.6,124.241
1339,223.183,118.216
1340,91.221,127.106
1341,202.68,252.527
1342,206.868,232.675
1343,144.674,226.278
1344,117.43,210.447
1345,65.824,145.309
1346,93.834,231.244
1347,99.055,150.779
1348,127.016,248.674
1349,159.278,220.153
1350,133.574,145.978
1351,202.25,241.143
1352,76.737,192.418
1353,112.115,142.662
1354,143.647,189.495
1355,237.667,219.052
1356,144.897,212.363
1357,249.921,247.819
1358,62.031,130.481
1359,121.387,224.718
1360,244.839,199.162
1361,120.784,241.712
1362,77.8,142.217
1363,169.735,125.717
1364,144.564,202.033
1365,113.489,107.745
1366,125.038,154.065
1367,171.218,137.583
1368,244.339,147.987
1369,164.143,69.316
1370,187.693,106.556
1371,121.756,227.573
1372,97.36,126.664
1373,119.37,63.375
1374,212.869,95.101
1375,133.329,192.176
1376,110.504,186.9
1377,233.112,75.688
1378,239.581,84.719
1379,72.368,188.197
1380,197.716,116.364
1381,155.943,194.819
1382,250.522,65.715
1383,157.825,207.327
1384,123.523,230.948
1385,62.977,106.091
1386,190.459,186.689
1387,217.769,106.286
1388,150.177,199.935
1389,70.935,126.933
1390,212.861,201.964
1391,228.594,228.231
1392,186.288,139.294
1393,167.916,158.194
1394,130.627,94.401
1395,85.24,237.273
1396,98.694,238.982
1397,153.452,71.697
1398,125.744,80.773
1399,166.289,96.332
1400,107.425,147.928
1401,86.753,176.742
1402,199.665,70.589
1403,62.063,221.607
1404,169.98,71.671
1405,230.651,65.044
1406,84.94,151.033
1407,208.521,246.989
1408,210.839,164.518
1409,67.927,74.982
1410,225.4,62.818
1411,226.919,213.732
1412,71.618,227.401
1413,92.162,106.214
1414,113.845,164.63
1415,101.593,202.18
1416,189.026,71.916
1417,96.709,102.962
1418,99.977,195.835
1419,237.111,180.149
1420,72.295,119.541
1421,116.861,148.043
1422,204.606,166.229
1423,85.263,140.82
1424,198.074,223.557
1425,200.692,219.462
1426,82.168,224.474
1427,125.891,118.999
1428,212.943,181.201
1429,213.338,116.872
1430,149.466,217.66
1431,197.098,121.108
1432,87.683,104.513
1433,187.448,87.78
1434,71.761,61.516
1435,218.734,227.246
1436,131.261,102.856
1437,134.177,234.088
1438,124.819,208.184
1439,158.047,153.696
1440,192.722,166.182
1441,231.267,187.592
1442,220.578,165.374
1443,192.808,221.621
1444,165.023,117.302
1445,169.536,131.377
1446,210.918,103.665
1447,102.541,245.441
1448,191.876,248.001
1449,197.62,119.189
1450,229.727,206.007
1451,126.582,205.987
1452,91.176,222.942
1453,159.898,213.688
1454,238.225,232.864
1455,122.837,140.42
1456,240.779,68.089
1457,108.635,176.805
1458,170.315,242.246
1459,168.775,129.924
1460,163.301,212.083
1461,135.61,90.77
1462,197.029,232.382
1463,208.922,193.656
1464,121.652,170.556
1465,194.114,183.826
1466,110.463,241.137
1467,138.44,161.216
1468,193.538,84.426
1469,200.166,134.683
1470,218.942,178.713
1471,64.827,168.468
1472,77.138,196.315
1473,243.303,73.879
1474,77.015,207.839
1475,221.445,231.102
1476,72.09,137.84
1477,230.51,213.479
1478,175.976,182.249
1479,147.79,190.104
1480,94.373,200.183
1481,156.053,235.671
1482,138.257,156.133
1483,244.329,210.765
1484,250.327,88.443
1485,71.271,216.166
1486,169.105,238.392
1487,242.591,146.128
1488,153.076,123.82
1489,174.87,65.709
1490,239.297,103.649
1491,142.478,201.604
1492,69.351,58.897
1493,228.945,143.24
1494,60.731,78.783
1495,167.007,139.054
1496,245.723,210.299
1497,201.2,133.808
1498,225.739,211.776
1499,101.884,210.733
1500,133.221,108.559
1501,213.08,103.527
1502,167.335,236.167
1503,143.538,229.296
1504,197.521,232.394
1505,174.693,198.325
1506,236.763,210.892
1507,160.69,219.317
1508,203.273,84.07
1509,208.582,62.212
1510,223.949,180.907
1511,118.618,89.929
1512,145.007,167.161
1513,127.338,120.076
1514,137.215,139.908
1515,176.744,96.374
1516,246.998,121.883
1517,225.222,154.82
1518,85.733,224.324
1519,157.062,126.323
1520,229.414,73.801
1521,82.769,246.795
1522,250.125,82.837
1523,229.071,238.463
1524,189.483,221.291
1525,206.722,160.781
1526,184.982,73.733
1527,218.919,143.652
1528,167.423,243.859
1529,170.945,75.005
1530,208.511,121.669
1531,228.268,132.135
1532,149.173,141.268
1533,71.539,180.629
1534,173.769,79.708
1535,129.965,83.948
1536,74.718,114.83
1537,200.642,140.298
1538,220.787,145.87
1539,164.651,141.918
1540,100.914,238.279
1541,197.135,245.331
1542,188.384,86.164
1543,87.608,223.113
1544,225.654,67.061
1545,203.107,186.48
1546,64.006,73.909
1547,192.199,247.743
1548,166.46,207.126
1549,109.612,153.394
1550,184.529,235.65
1551,193.701,217.033
1552,79.95,120.809
1553,207.737,62.437
1554,126.159,225.873
1555,251.516,239.952
1556,178.857,195.203
1557,247.056,235.95
1558,186.707,189.765
1559,175.318,139.206
1560,172.9,182.209
1561,102.713,188.922
1562,58.86,246.985
1563,102.22,98.532
1564,58.764,124.889
1565,235.692,165.43
1566,73.423,105.345
1567,100.523,78.375
1568,127.693,109.424
1569,231.707,191.357
1570,202.009,220.788
1571,128.339,226.158
1572,143.015,232.611
1573,98.122,184.16
1574,203.94,125.499
1575,150.714,107.124
1576,156.091,247.162
1577,156.959,59.823
1578,218.913,96.856
1579,252.56,79.681
1580,236.684,176.085
1581,171.633,246.093
1582,174.305,224.078
1583,154.589,240.552
1584,80.55,68.856
1585,159.838,92.213
1586,148.638,219.928
1587,236.153,211.455
1588,236.649,147.206
1589,166.22,99.195
1590,156.527,130.81
1591,239.183,154.062
1592,203.13,191.47
1593,135.71,161.946
1594,119.364,106.009
1595,111.11,236.06
1596,95.141,178.683
1597,233.758,68.613
1598,141.212,63.878
1599,136.339,235.214
1600,243.497,65.202
1601,241.36,61.108
1602,70.426,205.404
1603,141.236,188.053
1604,155.662,175.96
1605,180.559,208.145
1606,105.315,87.768
1607,208.894,135.83
1608,146.473,133.658
1609,64.162,92.777
1610,208.644,109.604
1611,180.086,209.748
1612,190.089,197.629
1613,205.12,137.487
1614,73.961,249.043
1615,218.842,235.541
1616,128.331,134.304
1617,180.233,244.238
1618,65.176,92.114
1619,151.991,168.938
1620,212.606,202.424
1621,218.819,226.124
1622,237.543,196.319
1623,144.054,159.268
1624,64.159,76.008
1625,212.838,111.753
1626,68.846,227.073
1627,92.723,86.319
1628,74.947,222.255
1629,141.966,157.729
1630,163.863,86.295
1631,198.788,98.72
1632,209.294,92.155
1633,79.388,242.736
1634,186.81,178.457
1635,183.669,65.862
1636,201.46,94.741
1637,129.692,115.887
1638,231.561,90.133
1639,214.434,218.74
1640,124.605,195.459
1641,216.679,120.673
1642,182.118,128.692
1643,236.978,143.435
1644,84.652,208.997
1645,251.562,202.068
1646,219.358,223.228
1647,109.691,219.805
1648,203.318,113.416
1649,158.869,94.485
1650,196.107,90.87
1651,164.996,94.867
1652,91.24,239.9
1653,174.408,233.764
1654,59.216,201.034
1655,145.467,59.954
1656,240.992,139.78
1657,91.224,151.269
1658,201.149,114.184
1659,58.775,68.995
1660,170.189,96.105
1661,193.637,219.429
1662,132.614,98.471
1663,238.717,102.766
1664,158.717,248.516
1665,75.537,100.602
1666,135.947,162.68
1667,77.114,131.433
1668,137.101,144.863
1669,63.049,241.907
1670,115.101,185.359
1671,179.156,241.888
1672,130.268,154.902
1673,72.168,114.627
1674,231.674,80.385
1675,149.288,80.225
1676,105.26,108.852
1677,121.823,117.791
1678,61.676,97.338
1679,159.786,251.552
1680,82.843,94.93
1681,84.151,99.131
1682,246.397,208.385
1683,73.601,82.013
1684,117.679,61.795
1685,154.848,182.558
1686,163.314,139.014
1687,142.446,67.751
1688,103.283,88.483
1689,184.243,207.784
1690,159.529,95.374
1691,125.199,95.983
1692,124.363,182.634
1693,182.955,207.29
1694,138.277,180.8
1695,159.239,150.351
1696,230.798,120.284
1697,233.406,161.624
1698,147.32,240.098
1699,237.274,160.518
1700,73.92,88.584
1701,234.405,187.406
1702,66.268,79.571
1703,69.969,240.846
1704,123.651,205.515
1705,80.862,196.716
1706,190.552,159.31
1707,80.973,247.487
1708,218.73,146.092
1709,79.345,179.084
1710,224.771,142.361
1711,113.992,149.993
1712,219.934,124.448
1713,240.193,64.505
1714,155.11,112.294
1715,124.094,184.383
1716,193.744,189.494
1717,99.348,206.118
1718,96.445,79.122
1719,75.152,171.104
1720,100.731,173.551
1721,189.538,176.337
1722,152.894,163.737
1723,125.534,212.216
1724,84.294,114.051
1725,158.922,190.664
1726,97.376,115.655
1727,110.932,60.997
1728,203.237,227.94
1729,208.256,134.675
1730,199.136,201.98
1731,175.685,65.924
1732,191.6,245.215
1733,187.802,62.125
1734,83.828,116.264
1735,137.002,131.304
1736,249.441,145.713
1737,103.109,68.885
1738,71.16,166.911
1739,66.341,216.569
1740,209.581,248.126
1741,130.357,79.725
1742,164.244,120.209
1743,159.041,206.921
1744,192.78,181.05
1745,196.682,231.904
1746,106.032,243.906
1747,200.488,88.441
1748,102.443,134.365
1749,137.791,81.992
1750,75.758,232.544
1751,119.695,91.216
1752,167.789,73.821
1753,223.735,211.499
1754,214.961,149.489
1755,182.534,177.861
1756,189.799,133.092
1757,201.016,227.69
1758,65.559,64.595
1759,193.763,152.95
1760,99.123,200.191
1761,143.449,61.401
1762,128.108,104.318
1763,170.186,190.23
1764,68.95,131.658
1765,191.898,167.249
1766,239.743,140.521
1767,242.741,213.643
1768,104.814,104.701
1769,69.094,107.937
1770,234.676,249.794
1771,72.183,116.644
1772,175.851,81.392
1773,241.17,91.587
1774,193.225,218.483
1775,97.592,247.396
1776,188.053,86.733
1777,96.493,152.646
1778,197.465,127.947
1779,156.34,239.782
1780,252.165,223.881
1781,109.863,172.352
1782,85.863,234.114
1783,110.151,245.07
1784,141.826,186.332
1785,85.328,103.332
1786,121.031,151.149
1787,119.88,166.931
1788,236.87,188.993
1789,168.395,82.941
1790,162.675,180.305
1791,204.047,108.703
1792,77.279,224.6
1793,170.86,99.488
1794,104.838,249.009
1795,219.699,113.792
1796,223.003,166.132
1797,118.407,88.841
1798,138.132,166.275
1799,177.892,165.035
1800,252.775,111.85
1801,99.56,192.857
1802,113.39,90.62
1803,85.062,209.642
1804,147.015,212.617
1805,124.301,249.147
1806,242.589,218.109
1807,110.53,93.852
1808,127.981,181.983
1809,184.147,159.842
1810,105.717,132.367
1811,168.18,224.042
1812,138.717,161.584
1813,187.077,160.984
1814,223.52,153.27
1815,176.061,122.174
1816,151.812,113.473
1817,207.508,115.894
1818,231.38,143.646
1819,78.968,58.25
1820,184.761,231.074
1821,232.744,75.742
1822,166.327,129.062
1823,232.735,158.224
1824,191.234,110.811
1825,93.386,58.781
1826,84.303,243.379
1827,242.626,215.503
1828,210.301,96.124
1829,102.697,175.999
1830,249.334,114.463
1831,108.254,96.554
1832,95.795,155.369
1833,230.261,75.798
1834,247.608,240.078
1835,217.644,158.881
1836,206.742,87.984
1837,238.744,116.479
1838,143.485,203.155
1839,127.693,87.538
1840,99.352,154.108
1841,163.497,93.83
1842,193.583,72.59
1843,249.092,183.285
1844,210.445,77.853
1845,61.143,219.631
1846,140.067,74.739
1847,70.283,147.602
1848,162.477,66.024
1849,201.87,187.291
1850,62.132,101.283
1851,138.613,226.495
1852,194.91,217.184
1853,168.496,196.347
1854,226.674,122.353
1855,225.206,120.107
1856,208.777,239.598
1857,191.985,110.888
1858,73.29,250.558
1859,81.118,190.683
1860,215.119,98.688
1861,221.439,161.321
1862,217.158,130.841
1863,178.66,139.858
1864,225.06,128.724
1865,110.652,98.016
1866,180.028,155.296
1867,232.111,81.647
1868,99.11,174.815
1869,108.332,188.894
1870,109.955,60.999
1871,252.448,159.923
1872,201.537,161.143
1873,69.451,129.817
1874,95.167,172.487
1875,220.289,85.109
1876,85.449,218.598
1877,59.674,251.521
1878,170.174,103.253
1879,82.163,202.352
1880,169.787,161.613
1881,74.479,207.051
1882,117.771,245.714
1883,240.802,182.945
1884,236.821,163.168
1885,215.202,172.807
1886,97.941,181.785
1887,75.406,251.319
1888,126.719,168.765
1889,132.232,226.731
1890,72.952,86.215
1891,67.987,213.416
1892,118.272,209.392
1893,97.754,190.615
1894,106.371,194.615
1895,121.64,217.517
1896,216.14,146.549
1897,68.077,156.334
1898,98.575,219.406
1899,231.415,218.195
1900,118.607,76.641
1901,69.594,250.169
1902,84.112,62.947
1903,126.396,214.56
1904,183.364,185.871
1905,63.039,176.16
1906,115.434,237.095
1907,181.794,250.333
1908,135.38,236.977
1909,252.895,128.62
1910,119.534,154.927
1911,172.936,157.112
1912,137.242,159.071
1913,84.71,74.907
1914,244.923,206.263
1915,187.946,179.064
1916,92.533,85.007
1917,142.206,185.35
1918,132.803,87.92
1919,216.064,238.572
1920,200.307,161.787
1921,68.113,100.946
1922,249.814,122.358
1923,144.7,201.139
1924,184.267,66.176
1925,76.884,209.503
1926,188.27,155.611
1927,84.195,233.769
1928,180.018,186.345
1929,171.311,64.241
1930,94.926,194.954
1931,59.06,96.6
1932,90.821,144.097
1933,89.324,110.079
1934,74.263,149.805
1935,179.074,94.695
1936,167.043,217.853
1937,136.745,231.353
1938,93.857,113.953
1939,130.669,109.491
1940,83.103,212.629
1941,135.658,195.249
1942,182.853,171.69
1943,108.412,137.01
1944,208.595,93.997
1945,63.738,225.241
1946,63.754,219.538
1947,127.191,128.236
1948,103.545,243.444
1949,230.799,129.601
1950,182.146,213.845
1951,66.621,95.57
1952,84.981,64.992
1953,172.236,247.886
1954,72.194,226.708
1955,246.299,219.132
1956,69.601,176.401
1957,126.892,218.44
1958,137.634,148.217
1959,94.201,112.874
1960,252.158,107.287
1961,135.144,158.013
1962,146.287,190.52
1963,162.743,176.404
1964,166.344,217.047
1965,168.806,109.742
1966,135.507,209.609
1967,168.223,153.332
1968,243.149,135.751
1969,229.997,189.388
1970,137.106,95.475
1971,99.889,156.401
1972,94.144,210.98
1973,130.266,134.004
1974,126.057,141.706
1975,128.71,95.957
1976,108.065,174.254
1977,72.066,99.037
1978,82.604,68.888
1979,238.327,207.775
1980,110.746,132.665
1981,175.493,143.877
1982,168.707,139.911
1983,181.247,62.871
1984,170.27,182.547
1985,111.217,209.834
1986,64.132,223.776
1987,242.322,166.967
1988,141.999,116.012
1989,248.018,181.932
1990,117.809,177.876
1991,63.926,76.538
1992,166.792,140.743
1993,234.41,150.498
1994,151.384,118.316
1995,234.515,215.605
1996,123.906,124.116
1997,217.671,123.572
1998,104.8,58.744
1999,86.13,75.56
2000,183.45,128.972
2001,122.851,198.725
2002,178.518,224.941
2003,106.519,102.467
2004,85.114,195.315
2005,247.88,154.496
2006,87.16,236.412
2007,249.452,63.185
2008,231.091,206.725
2009,171.765,62.628
2010,179.083,58.058
2011,160.609,236.288
2012,242.169,145.916
2013,114.11,75.918
2014,212.681,240.369
2015,120.614,202.902
2016,241.647,203.058
2017,244.05,98.191
2018,213.09,183.412
2019,196.406,103.771
2020,116.581,166.192
2021,108.093,188.586
2022,233.089,195.187
2023,147.732,80.991
2024,125.044,187.045
2025,203.085,132.081
2026,160.154,126.881
2027,62.724,225.915
2028,146.811,228.19
2029,232.054,148.155
2030,81.426,111.111
2031,242.334,130.62
2032,191.259,174.503
2033,82.065,237.043
2034,220.241,162.074
2035,92.276,237.545
2036,112.033,84.177
2037,117.942,227.869
2038,69.222,150.32
2039,84.656,204.972
2040,155.603,121.733
2041,144.101,95.293
2042,175.609,227.7
2043,70.889,157.817
2044,70.795,170.967
2045,75.861,205.105
2046,239.333,76.457
2047,218.963,199.148
2048,134.885,102.885
2049,99.585,81.252
2050,152.508,63.524
2051,244.251,238.071
2052,116.47,232.436
2053,123.543,187.565
2054,85.83,223.637
2055,76.001,242.184
2056,209.166,182.25
2057,139.409,184.187
2058,62.28,241.396
2059,79.073,126.146
2060,188.03,251.058
2061,231.091,102.299
2062,208.741,197.863
2063,98.872,148.077
2064,98.203,141.1
2065,140.46,88.276
2066,81.155,187.588
2067,208.197,198.078
2068,160.277,246.606
2069,148.096,156.113
2070,239.236,115.452
2071,112.747,160.219
2072,244.474,115.554
2073,144.8,75.696
2074,124.774,57.918
2075,141.466,69.601
2076,152.756,181.243
2077,186.353,218.927
2078,58.802,236.691
2079,217.526,247.857
2080,183.687,148.999
2081,204.509,139.107
2082,234.324,224.063
2083,137.376,89.158
2084,67.847,245.447
2085,87.756,243.053
2086,163.719,116.168
2087,225.548,134.087
2088,165.134,96.896
2089,204.124,174.901
2090,167.279,182.344
2091,182.346,90.577
2092,196.583,182.717
2093,138.703,227.949
2094,96.133,158.859
2095,133.504,110.216
2096,90.608,172.306
2097,241.905,184.749
2098,66.948,240.692
2099,137.81,70.623
2100,72.265,85.884
2101,59.502,179.127
2102,178.203,196.007
2103,150.132,92.914
2104,93.786,131.838
2105,135.889,228.131
2106,225.126,126.51
2107,151.929,120.718
2108,79.788,76.487
2109,216.578,66.533
2110,81.389,171.746
2111,179.279,120.22
2112,166.491,75.749
2113,168.682,69.391
2114,97.741,165.08
2115,248.719,90.348
2116,246.66,219.378
2117,149.802,63.313
2118,68.803,130.054
2119,184.984,80.332
2120,84.042,235.092
2121,74.932,81.403
2122,233.992,73.453
2123,149.255,163.969
2124,122.985,168.301
2125,187.948,162.167
2126,69.881,105.751
2127,121.879,161.073
2128,252.209,251.074
2129,125.785,193.037
2130,206.191,212.671
2131,248.39,140.489
2132,226.785,98.817
2133,94.861,92.397
2134,96.477,189.771
2135,177.216,79.204
2136,217.997,187.156
2137,107.605,62.43
2138,209.193,87.801
2139,96.276,96.391
2140,84.609,239.6
2141,131.478,147.71
2142,107.009,123.802
2143,250.685,220.308
2144,238.876,65.627
2145,65.307,160.428
2146,176.662,182.759
2147,122.036,82.383
2148,184.403,62.771
2149,234.673,82.576
2150,155.78,58.886
2151,64.605,218.808
2152,63.229,205.222
2153,63.696,200.578
2154,110.259,182.707
2155,126.592,188.989
2156,123.498,132.765
2157,233.217,90.379
2158,185.314,92.94
2159,167.211,72.906
2160,224.256,224.207
2161,84.4,161.564
2162,75.756,194.815
2163,179.562,88.397
2164,134.931,162.267
2165,121.74,101.78
2166,99.291,161.26
2167,220.645,224.078
2168,227.892,100.661
2169,126.617,143.28
2170,226.062,198.308
2171,205.553,202.104
2172,220.21,160.728
2173,166.723,187.236
2174,159.059,120.834
2175,193.176,218.577
2176,239.503,129.566
2177,118.725,75.693
2178,155.658,232.415
2179,233.047,58.218
2180,170.537,73.237
2181,112.977,230.355
2182,166.987,136.967
2183,105.395,227.165
2184,245.516,240.193
2185,80.977,206.421
2186,209.635,121.342
2187,125.612,121.326
2188,130.391,237.885
2189,220.142,81.621
2190,177.221,218.129
2191,90.539,75.348
2192,146.438,129.725
2193,98.736,96.431
2194,80.366,236.991
2195,226.023,198.688
2196,215.285,59.801
2197,220.096,105.985
2198,102.836,75.331
2199,80.18,106.159
2200,73.287,225.754
2201,174.491,216.21
2202,248.311,79.994
2203,245.395,72.371
2204,242.972,217.433
2205,180.795,201.603
2206,149.065,243.009
2207,117.15,162.423
2208,229.529,135.968
2209,242.829,170.959
2210,114.996,126.283
2211,59.441,187.307
2212,184.833,205.054
2213,198.636,172.821
2214,182.371,190.386
2215,102.39,118.694
2216,115.303,194.291
2217,205.655,190.89
2218,231.27,127.699
2219,185.649,116.707
2220,187.274,179.453
2221,197.753,224.095
2222,215.009,143.267
2223,206.267,66.266
2224,155.906,140.553
2225,237.397,242.177
2226,86.069,216.385
2227,188.332,117.311
2228,215.963,234.206
2229,109.83,132.367
2230,149.329,139.271
2231,105.99,227.121
2232,156.363,191.33
2233,141.117,150.287
2234,252.829,242.826
2235,179.716,241.471
2236,120.72,109.985
2237,228.2,90.301
2238,251.703,154.119
2239,171.235,77.724
2240,212.321,134.664
2241,152.49,58.792
2242,58.036,242.863
2243,87.39,247.638
2244,161.583,204.774
2245,77.855,176.771
2246,102.141,85.225
2247,151.284,131.318
2248,159.948,80.182
2249,68.915,201.457
2250,103.938,92.085
2251,152.593,101.708
2252,239.82,131.628
2253,198.237,128.601
2254,147.528,242.015
2255,138.368,235.569
2256,227.667,135.138
2257,225.714,203.009
2258,95.291,212.421
2259,81.527,201.035
2260,189.367,156.946
2261,150.582,158.481
2262,208.17,159.698
2263,236.922,104.807
2264,76.033,132.308
2265,58.672,187.895
2266,229.238,147.672
2267,136.582,211.13
2268,194.841,185.613
2269,88.642,65.33
2270,205.165,88.764
2271,171.745,90.985
2272,172.4,86.55
2273,80.278,161.158
2274,222.918,66.669
2275,180.8,231.27
2276,202.843,189.475
2277,247.349,216.879
2278,130.41,158.754
2279,182.708,155.365
2280,252.872,120.856
2281,206.544,192.054
2282,239.589,161.611
2283,141.056,138.098
2284,236.598,142.296
2285,206.209,162.243
2286,156.272,138.482
2287,250.797,165.128
2288,226.902,147.736
2289,243.16,60.707
2290,228.241,68.207
2291,76.213,113.809
2292,196.544,212.364
2293,184.026,79.426
2294,75.091,91.284
2295,194.637,119.978
2296,156.691,60.3
2297,202.8,163.393
2298,142.237,225.345
2299,148.12,120.033
2300,175.601,190.117
2301,223.173,75.752
2302,121.676,118.345
2303,87.127,215.317
2304,162.363,74.513
2305,244.919,76.562
2306,158.334,112.244
2307,205.897,150.664
2308,172.405,68.426
2309,202.25,212.539
2310,118.561,236.685
2311,242.256,230.736
2312,118.528,59.996
2313,125.947,69.684
2314,217.876,125.157
2315,251.975,58.717
2316,162.154,131.738
2317,221.509,194.31
2318,225.456,222.073
2319,223.199,116.219
2320,134.291,72.63
2321,168.794,109.052
2322,119.191,131.706
2323,162.024,93.847
2324,197.398,151.031
2325,123.958,103.706
2326,64.173,187.549
2327,206.67,107.675
2328,225.659,236.915
2329,245.155,80.312
2330,67.003,127.394
2331,229.83,62.966
2332,203.273,147.46
2333,220.58,82.043
2334,239.45,127.699
2335,82.392,116.879
2336,92.09,158.96
2337,171.152,100.398
2338,194.063,146.419
2339,174.542,142.581
2340,93.368,131.741
2341,78.055,122.18
2342,136.683,135.174
2343,179.294,250.331
2344,220.067,96.42
2345,72.832,109.012
2346,233.469,237.654
2347,223.277,130.643
2348,245.892,226.911
2349,176.709,202.384
2350,129.647,144.2
2351,87.961,123.242
2352,84.988,118.063
2353,250.52,111.627
2354,212.523,98.799
2355,121.629,251.293
2356,165.673,184.78
2357,183.827,235.625
2358,112.347,130.638
2359,144.866,205.935
2360,210.634,243.961
2361,101.279,156.266
2362,157.739,94.319
2363,69.1,221.297
2364,160.796,239.928
2365,116.466,91.403
2366,149.835,128.069
2367,73.916,91.82
2368,184.858,171.291
2369,131.708,84.839
2370,97.374,164.544
2371,62.15,110.239
2372,166.241,124.397
2373,138.564,98.322
2374,75.294,146.58
2375,214.292,173.963
2376,157.939,133.079
2377,112.086,150.5
2378,229.241,159.191
2379,177.13,214.997
2380,111.175,100.748
2381,83.08,79.169
2382,106.986,126.918
2383,210.436,163.222
2384,98.767,108.134
2385,201.547,145.393
2386,191.71,153.457
2387,127.3,133.923
2388,194.874,119.401
2389,63.17,156.797
2390,203.677,174.516
2391,87.893,114.525
2392,148.4,249.796
2393,225.343,240.635
2394,175.819,150.394
2395,178.147,106.859
2396,204.766,103.316
2397,121.693,112.801
2398,196.296,87.527
2399,63.696,97.653
2400,138.123,101.508
2401,185.202,226.621
2402,252.563,235.398
2403,114.647,207.931
2404,112.726,158.233
2405,111.075,248.857
2406,161.163,84.857
2407,138.904,80.509
2408,244.526,248.868
2409,136.521,106.989
2410,148.073,117.055
2411,74.767,178.443
2412,154.467,133.429
2413,134.279,212.851
2414,197.098,96.233
2415,160.685,83.924
2416,153.71,141.603
2417,143.316,246.421
2418,59.074,90.362
2419,222.899,136.868
2420,210.607,233.386
2421,172.472,182.451
2422,69.665,210.022
2423,132.962,242.794
2424,227.821,57.79
2425,216.413,250.415
2426,136.853,89.16
2427,90.249,120.474
2428,249.919,250.698
2429,85.919,237.769
2430,141.701,131.443
2431,120.896,134.76
2432,238.603,114.939
2433,174.349,231.117
2434,192.516,120.916
2435,133.019,128.776
2436,187.492,248.162
2437,85.77,249.468
2438,191.473,106.404
2439,208.769,133.17
2440,62.864,59.484
2441,251.352,241.013
2442,115.991,175.74
2443,141.035,86.451
2444,81.243,211.096
2445,249.664,231.059
2446,144.061,86.834
2447,155.741,214.638
2448,132.559,92.557
2449,202.312,57.59
2450,177.665,230.604
2451,60.784,180.59
2452,169.172,186.245
2453,74.612,151.994
2454,227.64,207.11
2455,155.794,213.897
2456,60.152,140.704
2457,243.416,252.701
2458,245.379,70.247
2459,112.954,59.46
2460,59.965,222.233
2461,218.574,75.304
2462,192.406,220.18
2463,242.534,91.566
2464,134.267,224.416
2465,118.183,115.295
2466,84.721,91.985
2467,180.314,96.773
2468,206.074,81.919
2469,79.036,137.656
2470,159.832,153.01
2471,125.526,175.429
2472,211.023,71.872
2473,88.733,168.865
2474,117.104,248.128
2475,139.738,216.583
2476,81.846,241.571
2477,230.401,251.233
2478,81.174,104.174
2479,217.771,87.256
2480,172.942,93.322
2481,146.548,80.214
2482,248.74,69.821
2483,103.241,136.947
2484,84.124,250.73
2485,110.471,71.589
2486,126.634,225.963
2487,133.645,87.052
2488,154.366,229.56
2489,248.081,243.577
2490,242.708,214.968
2491,236.216,165.841
2492,170.756,221.585
2493,242.105,203.507
2494,117.804,62.788
2495,206.142,249.004
2496,188.143,117.112
2497,208.905,163.802
2498,159.463,213.001
2499,238.785,79.15
2500,197.072,226.218
2501,165.279,73.841
2502,141.1,128.471
2503,67.977,244.717
2504,246.053,122.115
2505,226.265,128.311
2506,83.982,200.434
2507,130.498,223.716
2508,161.752,115.903
2509,145.49,118.003
2510,192.047,86.252
2511,109.665,107.866
2512,123.242,59.804
2513,178.552,90.764
2514,227.804,217.984
2515,215.769,239.98
2516,95.4,64.21
2517,196.994,230.921
2518,93.108,173.951
2519,149.898,140.731
2520,103.764,130.653
2521,110.44,104.455
2522,110.869,170.884
2523,59.39,114.475
2524,184.204,65.572
2525,246.511,170.995
2526,111.522,81.186
2527,123.261,82.616
2528,203.054,86.871
2529,244.352,123.325
2530,207.825,153.879
2531,69.745,130.956
2532,252.334,159.976
2533,244.625,243.305
2534,120.547,136.395
2535,172.99,227.822
2536,62.278,81.264
2537,185.896,151.593
2538,125.829,158.061
2539,204.633,58.882
2540,227.322,250.255
2541,246.033,217.924
2542,111.022,218.75
2543,223.349,203.18
2544,183.51,208.28
2545,228.914,136.737
2546,228.831,112.659
2547,212.013,100.547
2548,68.158,197.357
2549,206.77,165.755
2550,88.292,237.041
2551,191.961,83.816
2552,159.805,123.275
2553,115.553,241.761
2554,79.546,90.758
2555,165.56,152.821
2556,216.051,100.223
2557,175.091,107.777
2558,120.8,124.069
2559,180.128,229.408
2560,163.33,136.188
2561,183.329,141.24
2562,156.69,95.595
2563,85.488,218.986
2564,132.319,225.172
2565,189.116,72.695
2566,117.457,100.222
2567,99.295,167.735
2568,181.561,83.624
2569,226.458,164.86
2570,150.948,210.927
2571,131.081,221.364
2572,235.195,155.173
2573,222.842,79.4
2574,63.309,179.237
2575,232.902,248.509
2576,146.063,177.192
2577,248.433,77.778
2578,68.409,170.22
2579,211.673,63.593
2580,138.819,118.785
2581,232.81,211.655
2582,117.944,169.025
2583,213.773,145.09
2584,82.106,197.924
2585,101.635,154.418
2586,191.844,218.649
2587,95.519,208.748
2588,167.836,103.8
2589,181.291,206.104
2590,134.568,153.068
2591,224.665,191.222
2592,229.938,196.178
2593,133.805,107.671
2594,200.311,153.225
2595,195.808,72.72
2596,114.228,234.878
2597,135.743,235.652
2598,200.863,115.044
2599,249.566,177.987
2600,127.038,173.328
2601,66.956,217.318
2602,177.002,124.573
2603,207.402,243.24
2604,208.651,178.42
2605,164.657,182.685
2606,135.017,139.88
2607,62.209,138.444
2608,78.659,187.147
2609,161.145,178.015
2610,178.564,58.804
2611,71.641,80.876
2612,116.988,76.25
2613,142.799,59.07
2614,184.526,115.522
2615,99.445,126.678
2616,137.621,92.454
2617,164.201,116.736
2618,198.619,215.733
2619,143.115,198.163
2620,145.57,223.262
2621,252.145,179.353
2622,227.998,155.458
2623,219.87,237.9
2624,202.305,199.527
2625,189.083,74.773
2626,243.201,139.785
2627,183.173,130.546
2628,69.171,231.446
2629,86.953,233.18
2630,140.476,58.783
2631,126.714,228.138
2632,107.071,77.981
2633,141.0,183.441
2634,236.248,143.488
2635,218.81,113.868
2636,196.235,206.961
2637,234.553,212.314
2638,226.298,235.132
2639,215.432,102.007
2640,116.862,177.541
2641,209.782,107.082
2642,151.835,193.42
2643,185.594,227.607
2644,187.81,194.34
2645,91.257,98.401
2646,143.747,148.338
2647,102.147,106.64
2648,133.872,120.473
2649,107.727,99.948
2650,180.242,116.985
2651,112.185,214.838
2652,206.983,168.171
2653,220.589,196.027
2654,136.738,185.736
2655,199.25,129.139
2656,228.514,166.816
2657,206.279,146.849
2658,130.139,133.357
2659,185.514,64.931
2660,181.141,104.541
2661,76.525,140.526
2662,225.36,247.049
2663,236.113,230.91
2664,72.719,171.956
2665,86.961,149.042
2666,179.252,116.974
2667,245.834,171.704
2668,227.663,137.113
2669,166.45,241.641
2670,170.213,71.896
2671,147.0,190.048
2672,165.029,59.812
2673,138.375,117.032
2674,74.838,189.024
2675,238.205,94.756
2676,74.663,78.588
2677,58.567,135.914
2678,226.584,94.136
2679,90.819,157.663
2680,107.5,183.899
2681,127.812,182.388
2682,76.998,172.551
2683,212.229,250.515
2684,241.321,134.484
2685,119.596,245.709
2686,182.186,171.057
2687,206.1,175.119
2688,230.297,174.416
2689,59.185,211.856
2690,131.134,71.882
2691,218.892,211.403
2692,184.956,87.286
2693,155.169,153.202
2694,197.669,231.141
2695,103.465,167.789
2696,175.345,230.116
2697,111.343,227.664
2698,245.603,184.723
2699,145.46,110.514
2700,105.888,67.315
2701,90.222,118.305
2702,121.628,77.159
2703,179.955,104.578
2704,236.549,117.755
2705,149.827,77.521
2706,91.069,97.604
2707,179.503,194.536
2708,86.89,193.232
2709,90.337,233.663
2710,145.653,218.054
2711,194.397,171.081
2712,173.712,125.521
2713,172.88,63.145
2714,124.291,84.986
2715,232.809,131.405
2716,173.178,67.04
2717,123.979,122.173
2718,194.451,185.316
2719,107.741,83.064
2720,114.407,213.887
2721,191.888,75.418
2722,181.665,155.792
2723,184.452,222.091
2724,86.155,209.263
2725,87.137,242.914
2726,183.255,179.177
2727,239.668,73.647
2728,93.977,213.595
2729,192.179,84.497
2730,122.732,110.62
2731,125.201,207.334
2732,79.691,242.112
2733,251.875,164.731
2734,134.61,81.039
2735,151.4,149.833
2736,234.405,141.709
2737,181.571,154.3
2738,65.931,247.459
2739,121.043,183.295
2740,239.007,86.261
2741,167.762,85.382
2742,119.815,151.76
2743,154.895,217.522
2744,58.785,165.396
2745,145.958,59.408
2746,111.863,182.816
2747,240.804,102.779
2748,167.606,90.218
2749,224.805,251.802
2750,138.193,183.684
2751,179.526,226.11
2752,96.925,225.867
2753,233.638,205.968
2754,179.267,215.506
2755,58.727,243.043
2756,127.776,102.921
2757,206.794,76.283
2758,123.805,137.196
2759,72.248,167.328
2760,175.451,149.749
2761,222.864,206.642
2762,144.962,92.612
2763,241.55,167.197
2764,200.176,119.315
2765,103.593,117.393
2766,222.799,194.399
2767,185.624,208.923
2768,131.652,209.356
2769,151.711,156.117
2770,76.116,207.555
2771,98.728,208.252
2772,138.936,181.159
2773,167.882,109.204
2774,168.24,250.035
2775,130.745,198.086
2776,63.061,161.378
2777,100.256,86.665
2778,65.543,214.615
2779,172.644,103.905
2780,146.65,173.582
2781,234.564,201.233
2782,133.282,198.804
2783,165.438,229.024
2784,167.846,236.37
2785,200.164,61.88
2786,137.058,193.72
2787,156.602,161.156
2788,217.067,66.368
2789,200.322,63.223
2790,130.863,245.949
2791,81.286,79.471
2792,65.453,232.892
2793,65.763,205.861
2794,146.87,219.656
2795,82.404,227.564
2796,119.886,243.101
2797,156.908,128.81
2798,185.982,212.362
2799,177.369,132.037
2800,110.142,136.482
2801,133.605,142.555
2802,136.394,214.517
2803,127.262,192.493
2804,246.094,186.465
2805,172.829,80.207
2806,72.787,203.018
2807,60.734,72.848
2808,161.629,192.513
2809,83.198,221.608
2810,85.007,140.305
2811,143.804,204.138
2812,145.185,110.024
2813,155.675,107.409
2814,169.121,173.512
2815,94.345,155.053
2816,233.632,195.223
2817,231.112,172.693
2818,248.111,79.841
2819,199.725,204.99
2820,199.409,181.812
2821,173.531,150.541
2822,81.545,244.528
2823,128.864,178.992
2824,116.597,237.781
2825,239.731,168.191
2826,118.787,189.808
2827,114.702,224.932
2828,76.702,174.846
2829,241.038,126.788
2830,227.283,155.623
2831,62.996,218.194
2832,97.207,154.842
2833,204.702,216.19
2834,61.959,175.556
2835,84.579,99.999
2836,158.277,210.146
2837,192.715,97.02
2838,104.383,160.411
2839,113.258,224.489
2840,89.421,81.364
2841,87.952,249.087
2842,191.589,81.686
2843,85.579,187.271
2844,229.241,244.795
2845,252.671,232.832
2846,114.637,189.812
2847,207.737,88.554
2848,234.195,145.129
2849,237.049,216.935
2850,235.073,96.442
2851,233.79,61.201
2852,66.195,185.145
2853,192.433,132.104
2854,158.247,80.078
2855,65.373,57.527
2856,250.343,179.377
2857,110.457,252.556
2858,156.574,221.488
2859,242.811,118.305
2860,210.601,96.37
2861,198.435,124.014
2862,137.153,120.671
2863,144.956,241.53
2864,200.234,81.093
2865,90.505,121.396
2866,151.848,75.575
2867,94.819,90.885
2868,60.385,245.717
2869,251.677,112.173
2870,156.523,110.693
2871,115.454,112.449
2872,127.49,130.569
2873,64.134,245.47
2874,67.998,139.839
2875,115.328,172.197
2876,241.736,186.481
2877,232.278,215.535
2878,153.893,245.797
2879,87.658,129.892
2880,101.82,218.259
2881,132.255,141.553
2882,76.311,245.621
2883,103.083,245.652
2884,66.94,181.283
2885,205.664,232.186
2886,156.434,184.415
2887,216.538,77.975
2888,230.377,104.542
2889,123.467,186.174
2890,92.346,82.201
2891,84.037,84.562
2892,88.317,142.48
2893,167.009,93.704
2894,210.736,166.532
2895,100.591,107.631
2896,147.347,58.511
2897,216.768,96.841
2898,60.786,65.633
2899,146.229,216.588
2900,135.258,86.867
2901,187.811,229.441
2902,252.524,148.619
2903,149.713,224.519
2904,180.927,185.262
2905,225.93,87.223
2906,219.272,121.829
2907,199.33,140.328
2908,184.366,177.731
2909,161.746,125.627
2910,94.375,202.22
2911,169.455,116.446
2912,103.144,198.262
2913,196.352,122.623
2914,61.167,79.341
2915,96.876,83.399
2916,143.937,222.643
2917,123.894,211.83
2918,216.995,251.28
2919,222.669,98.671
2920,232.308,64.484
2921,76.118,211.067
2922,198.49,113.501
2923,227.297,125.621
2924,235.65,252.665
2925,240.586,252.982
2926,179.647,59.27
2927,125.104,101.998
2928,114.045,227.928
2929,158.136,201.487
2930,147.611,189.497
2931,164.768,233.578
2932,247.284,107.859
2933,124.613,166.978
2934,69.702,167.412
2935,79.09,140.876
2936,100.47,136.798
2937,217.527,208.812
2938,154.301,177.88
2939,216.895,194.409
2940,205.98,169.294
2941,184.341,201.726
2942,247.969,240.732
2943,115.115,251.166
2944,229.676,177.445
2945,75.33,102.938
2946,102.466,183.639
2947,230.626,199.511
2948,114.452,163.143
2949,189.614,125.668
2950,192.548,174.791
2951,62.232,78.914
2952,112.558,68.964
2953,103.329,140.707
2954,243.709,133.294
2955,89.418,116.903
2956,176.116,171.062
2957,225.556,98.421
2958,172.037,175.018
2959,244.087,185.1
2960,161.776,76.89
2961,168.65,168.474
2962,118.161,186.906
2963,125.521,146.342
2964,76.15,186.31
2965,210.492,157.393
2966,235.828,193.441
2967,178.472,171.992
2968,238.485,200.99
2969,168.416,232.168
2970,151.554,252.211
2971,168.507,144.973
2972,121.202,71.07
2973,231.296,201.798
2974,187.237,242.422
2975,212.869,216.412
2976,141.8,81.784
2977,61.234,153.747
2978,165.315,125.086
2979,127.753,78.828
2980,231.494,99.852
2981,62.907,218.581
2982,101.42,125.722
2983,133.311,232.805
2984,229.153,62.291
2985,132.698,126.723
2986,73.476,191.418
2987,220.413,191.04
2988,214.509,162.306
2989,120.238,230.668
2990,179.685,219.124
2991,188.147,63.274
2992,218.925,64.88
2993,88.518,88.158
2994,166.314,109.05
2995,140.303,70.586
2996,69.702,98.079
2997,195.054,107.996
2998,184.937,208.16
2999,141.339,148.843
3000,87.07,237.03
3001,207.715,209.147
3002,85.313,228.265
3003,250.891,114.094
3004,244.714,252.873
3005,206.099,109.708
3006,250.097,187.971
3007,61.384,127.607
3008,133.327,106.553
3009,85.205,126.46
3010,235.893,245.744
3011,68.936,214.554
3012,170.766,102.329
3013,83.177,99.017
3014,145.857,182.854
3015,193.332,220.09
3016,184.552,96.782
3017,177.488,157.56
3018,161.251,59.382
3019,249.031,139.092
3020,225.379,217.368
3021,249.77,251.997
3022,161.71,188.079
3023,129.637,234.931
3024,240.223,251.012
3025,163.809,121.623
3026,124.903,130.047
3027,214.919,220.278
3028,69.584,169.994
3029,214.335,217.743
3030,245.513,207.815
3031,148.345,86.979
3032,175.474,241.765
3033,231.621,127.284
3034,218.157,94.959
3035,182.27,60.431
3036,141.367,195.6
3037,184.808,227.981
3038,177.331,236.897
3039,228.46,227.352
3040,176.956,170.051
3041,111.346,235.922
3042,205.243,174.613
3043,90.727,248.935
3044,193.311,203.65
3045,72.471,197.651
3046,93.983,103.72
3047,200.792,124.499
3048,203.438,91.457
3049,106.704,206.757
3050,142.713,180.573
3051,103.708,195.198
3052,122.922,108.62
3053,174.189,229.087
3054,198.6,80.568
3055,128.042,190.386
3056,240.028,229.096
3057,115.227,199.398
3058,110.468,233.816
3059,99.557,60.453
3060,156.64,243.707
3061,205.542,251.421
3062,167.31,216.851
3063,248.361,120.699
3064,221.226,155.862
3065,245.512,125.635
3066,224.397,153.628
3067,187.06,96.026
3068,122.895,164.821
3069,109.482,73.063
3070,148.607,244.43
3071,230.432,155.339
3072,182.023,222.323
3073,209.829,63.335
3074,232.608,86.305
3075,65.072,252.229
3076,172.535,113.474
3077,193.038,158.656
3078,141.466,168.8
3079,212.324,177.642
3080,251.915,163.36
3081,63.527,213.817
3082,245.627,132.832
3083,144.362,237.598
3084,241.912,162.729
3085,230.108,111.766
3086,187.243,154.775
3087,186.094,69.531
3088,154.842,147.986
3089,225.565,152.498
3090,147.971,104.177
3091,73.381,246.721
3092,85.258,145.586
3093,117.229,105.477
3094,151.715,93.435
3095,163.22,100.223
3096,243.989,62.056
3097,139.169,169.929
3098,209.932,86.193
3099,230.259,239.686
3100,136.011,246.246
3101,223.402,145.963
3102,252.446,207.092
3103,100.794,114.751
3104,161.328,90.782
3105,67.424,152.79
3106,226.683,238.303
3107,188.413,202.575
3108,246.102,73.152
3109,85.036,92.751
3110,153.805,70.366
3111,99.897,76.145
3112,228.62,219.311
3113,193.843,107.616
3114,247.8,239.087
3115,216.018,232.635
3116,111.512,67.992
3117,148.209,133.87
3118,149.027,76.69
3119,170.792,138.334
3120,69.277,196.895
3121,97.385,149.557
3122,205.478,91.487
3123,158.095,58.229
3124,171.34,148.891
3125,88.04,244.096
3126,250.866,224.613
3127,74.306,189.959
3128,77.372,69.032
3129,248.016,132.65
3130,125.124,65.437
3131,95.509,113.214
3132,178.407,109.488
3133,67.661,240.484
3134,174.04,148.08
3135,191.645,95.719
3136,173.477,66.211
3137,126.497,74.459
3138,166.4,91.186
3139,71.121,180.909
3140,180.96,125.917
3141,252.982,247.451
3142,83.571,84.276
3143,77.683,162.947
3144,244.132,166.654
3145,179.844,200.37
3146,241.653,205.702
3147,218.677,212.441
3148,118.704,219.767
3149,87.385,139.042
3150,148.935,75.599
3151,80.207,78.585
3152,231.953,224.685
3153,78.681,139.554
3154,163.632,139.928
3155,219.13,128.04
3156,113.947,167.474
3157,110.892,209.34
3158,223.789,74.074
3159,238.608,162.571
3160,220.754,68.371
3161,74.164,204.779
3162,190.135,136.144
3163,137.507,167.992
3164,126.164,95.017
3165,185.298,144.874
3166,154.501,234.26
3167,241.361,73.856
3168,214.874,113.628
3169,190.275,153.661
3170,91.514,124.81
3171,89.104,172.601
3172,118.683,90.598
3173,61.274,184.791
3174,140.379,144.864
3175,204.728,175.772
3176,79.919,204.145
3177,197.27,224.658
3178,234.222,204.998
3179,216.82,182.801
3180,112.938,226.65
3181,155.528,167.598
3182,167.31,149.815
3183,106.516,206.541
3184,164.509,117.753
3185,199.882,79.707
3186,183.526,113.446
3187,94.463,110.367
3188,104.135,154.353
3189,201.624,134.873
3190,183.063,105.589
3191,226.848,96.824
3192,166.71,91.521
3193,177.302,226.516
3194,237.471,129.777
3195,90.169,222.974
3196,120.861,121.042
3197,223.713,61.59
3198,213.915,139.098
3199,81.639,137.394
3200,120.141,215.81
3201,111.157,209.905
3202,194.205,205.268
3203,190.159,204.134
3204,81.656,64.556
3205,139.69,223.251
3206,143.955,121.988
3207,224.632,236.018
3208,239.362,58.512
3209,211.438,132.912
3210,137.625,160.37
3211,66.797,100.51
3212,181.63,145.614
3213,102.848,169.741
3214,107.765,140.577
3215,141.034,88.119
3216,185.755,97.796
3217,223.35,133.86
3218,165.732,75.14
3219,150.18,218.756
3220,225.721,109.33
3221,160.903,108.706
3222,126.516,252.397
3223,252.348,96.826
3224,219.251,104.587
3225,163.971,59.078
3226,126.213,89.9
3227,248.846,123.25
3228,200.155,183.621
3229,132.13,242.679
3230,131.84,192.682
3231,232.159,225.779
3232,185.47,213.973
3233,199.524,194.149
3234,114.091,232.814
3235,105.651,209.52
3236,230.706,240.816
3237,64.165,154.049
3238,179.105,112.249
3239,88.503,57.904
3240,230.782,67.878
3241,92.936,229.631
3242,220.234,113.216
3243,106.089,156.778
3244,216.886,60.272
3245,92.914,215.079
3246,201.851,75.225
3247,166.536,63.845
3248,132.061,232.436
3249,176.417,161.011
3250,92.766,151.978
3251,144.486,130.831
3252,116.639,60.005
3253,125.624,171.812
3254,77.872,132.742
3255,234.255,240.239
3256,222.115,127.024
3257,146.919,143.758
3258,126.41,183.145
3259,240.426,244.335
3260,187.261,70.163
3261,139.519,211.675
3262,119.926,111.094
3263,97.662,148.852
3264,154.032,133.466
3265,136.509,247.741
3266,180.571,141.244
3267,111.543,184.461
3268,126.251,169.902
3269,224.182,156.159
3270,114.093,145.606
3271,97.792,239.349
3272,123.266,119.321
3273,84.636,84.707
3274,240.853,61.37
3275,165.824,244.763
3276,139.197,176.291
3277,232.319,137.844
3278,64.477,232.748
3279,75.743,59.814
3280,236.647,236.541
3281,73.14,102.671
3282,69.993,134.657
3283,140.026,205.257
3284,155.911,89.839
3285,127.244,78.959
3286,149.633,89.22
3287,72.802,102.917
3288,134.477,122.057
3289,121.549,80.562
3290,242.704,188.07
3291,115.257,129.191
3292,172.887,73.704
3293,180.04,134.974
3294,244.902,109.077
3295,117.07,162.363
3296,227.267,60.265
3297,154.838,235.897
3298,112.58,157.833
3299,201.166,212.316
3300,163.402,62.207
3301,216.55,212.681
3302,102.557,103.144
3303,65.355,159.668
3304,239.903,182.189
3305,194.21,121.262
3306,139.058,175.759
3307,81.128,142.462
3308,164.284,240.369
3309,134.626,192.767
3310,221.494,210.515
3311,111.172,123.244
3312,229.684,127.932
3313,128.676,183.307
3314,100.394,106.105
3315,81.383,79.397
3316,73.649,234.947
3317,232.417,201.229
3318,173.472,59.025
3319,124.38,177.292
3320,150.68,78.152
3321,137.701,204.351
3322,189.709,106.328
3323,221.755,203.484
3324,220.287,165.515
3325,175.607,251.983
3326,219.583,147.261
3327,142.364,143.523
3328,132.356,155.71
3329,60.471,143.113
3330,215.826,60.274
3331,84.26,108.772
3332,110.814,75.34
3333,240.144,206.12
3334,121.465,86.539
3335,250.943,219.65
3336,67.728,248.534
3337,111.987,69.395
3338,177.897,214.457
3339,61.955,168.548
3340,192.067,166.623
3341,225.256,174.809
3342,181.981,216.371
3343,175.48,226.015
3344,121.453,57.695
3345,234.849,120.648
3346,78.875,72.192
3347,75.45,109.672
3348,219.254,189.685
3349,113.843,242.048
3350,226.013,93.255
3351,163.465,190.276
3352,88.44,150.054
3353,139.632,62.571
3354,164.981,180.009
3355,91.118,71.456
3356,93.112,148.088
3357,92.661,138.435
3358,63.467,58.261
3359,84.633,240.483
3360,200.653,135.284
3361,195.974,127.702
3362,241.553,215.803
3363,154.875,175.404
3364,119.39,168.809
3365,71.132,119.894
3366,96.83,124.979
3367,189.802,165.338
3368,188.395,67.538
3369,129.085,238.935
3370,72.875,135.328
3371,162.721,60.972
3372,127.481,238.808
3373,131.282,155.9
3374,150.014,162.01
3375,85.816,123.262
3376,60.006,126.032
3377,181.019,191.66
3378,245.491,251.836
3379,190.668,92.791
3380,72.454,214.394
3381,90.021,122.906
3382,152.226,139.935
3383,116.997,215.033
3384,108.444,164.214
3385,182.074,112.204
3386,239.715,189.099
3387,100.066,205.26
3388,98.636,167.089
3389,246.987,195.009
3390,86.791,198.162
3391,225.969,91.924
3392,211.316,215.363
3393,191.327,210.092
3394,112.681,162.593
3395,210.307,58.47
3396,139.963,230.428
3397,248.525,220.646
3398,102.599,193.871
3399,108.322,122.047
3400,138.524,85.668
3401,81.659,181.587
3402,146.45,77.861
3403,190.015,171.529
3404,75.872,108.534
3405,73.104,138.631
3406,224.046,221.266
3407,106.357,78.162
3408,84.151,230.13
3409,63.356,156.003
3410,128.311,211.109
3411,238.787,240.235
3412,119.82,245.643
3413,184.535,229.365
3414,75.364,82.295
3415,168.641,173.028
3416,146.205,225.073
3417,233.223,138.307
3418,79.024,221.851
3419,117.028,208.459
3420,63.546,140.483
3421,230.781,244.957
3422,81.139,179.007
3423,205.465,138.503
3424,185.646,127.092
3425,210.268,86.053
3426,229.027,110.112
3427,133.518,154.139
3428,119.127,121.86
3429,73.962,239.004
3430,189.677,93.837
3431,108.461,219.649
3432,134.154,140.982
3433,186.984,80.236
3434,219.73,124.469
3435,241.113,198.204
3436,202.736,123.978
3437,106.055,197.326
3438,145.359,69.876
3439,59.147,67.734
3440,118.558,174.02
3441,89.423,189.97
3442,248.719,240.446
3443,117.36,99.224
3444,150.525,108.517
3445,156.355,150.903
3446,83.105,243.781
3447,209.672,252.324
3448,166.028,71.411
3449,96.783,198.975
3450,83.031,162.127
3451,187.938,135.51
3452,100.221,157.097
3453,88.46,185.511
3454,110.028,59.309
3455,90.227,165.884
3456,195.278,188.108
3457,70.229,151.995
3458,113.33,171.099
3459,201.455,243.011
3460,84.474,116.526
3461,163.041,199.084
3462,251.367,127.326
3463,208.847,238.287
3464,157.84,226.693
3465,92.937,220.157
3466,193.529,71.51
3467,96.461,168.068
3468,227.699,131.539
3469,232.698,116.916
3470,224.21,251.82
3471,71.456,101.238
3472,160.653,223.754
3473,236.005,136.238
3474,219.724,228.455
3475,151.352,223.09
3476,167.339,209.49
3477,136.354,201.301
3478,153.371,126.662
3479,143.678,175.385
3480,123.379,237.184
3481,237.651,104.913
3482,75.622,237.262
3483,138.925,114.731
3484,137.113,251.972
3485,62.918,192.973
3486,164.124,213.026
3487,169.936,184.445
3488,145.173,149.585
3489,98.155,101.624
3490,164.957,105.636
3491,219.413,147.55
3492,72.137,147.23
3493,175.178,75.124
3494,151.266,154.767
3495,115.692,220.805
3496,82.226,176.429
3497,214.957,148.894
3498,240.068,237.201
3499,69.231,97.756
3500,201.762,71.557
3501,216.961,72.979
3502,92.616,197.033
3503,195.161,112.581
3504,139.787,78.592
3505,199.506,163.062
3506,176.109,150.289
3507,73.879,102.974
3508,163.614,158.888
3509,84.162,145.551
3510,215.282,139.99
3511,211.233,80.04
3512,230.807,182.467
3513,81.972,166.844
3514,231.464,116.755
3515,249.311,186.672
3516,226.103,248.669
3517,114.904,69.952
3518,183.475,116.868
3519,190.867,125.678
3520,189.063,120.9
3521,221.154,179.85
3522,174.042,57.999
3523,226.914,112.376
3524,112.308,235.207
3525,238.616,219.002
3526,142.061,166.661
3527,140.882,142.39
3528,163.935,173.723
3529,102.28,152.264
3530,105.519,106.57
3531,72.876,133.849
3532,207.902,130.12
3533,211.272,183.642
3534,84.143,99.97
3535,96.674,186.73
3536,223.235,61.744
3537,69.85,75.553
3538,132.34,201.532
3539,59.446,58.466
3540,208.29,160.469
3541,251.717,175.764
3542,137.41,135.177
3543,168.397,94.515
3544,141.746,217.707
3545,130.774,165.707
3546,181.844,100.203
3547,107.883,185.478
3548,215.356,57.515
3549,226.667,232.851
3550,160.808,237.099
3551,205.927,220.122
3552,142.561,175.981
3553,88.222,223.111
3554,65.895,244.911
3555,218.285,200.245
3556,250.639,115.698
3557,198.566,139.226
3558,149.888,170.227
3559,224.779,222.479
3560,171.059,122.134
3561,141.658,183.941
3562,93.541,205.561
3563,120.917,106.178
3564,89.024,76.901
3565,222.61,175.53
3566,146.455,112.565
3567,157.442,203.933
3568,69.184,134.137
3569,103.186,220.393
3570,70.894,87.047
3571,249.661,70.061
3572,133.199,204.109
3573,99.061,87.555
3574,221.459,243.352
3575,249.367,133.071
3576,90.877,176.066
3577,162.645,222.962
3578,169.993,243.6
3579,108.043,218.728
3580,59.291,217.872
3581,252.49,134.839
3582,149.481,82.79
3583,224.704,145.947
3584,243.204,179.637
3585,252.805,168.077
3586,211.851,196.4
3587,137.77,85.815
3588,225.486,197.672
3589,68.217,106.396
3590,203.848,245.399
3591,212.338,131.997
3592,236.037,161.122
3593,165.669,133.043
3594,196.249,83.48
3595,201.812,136.897
3596,156.598,235.013
3597,99.829,211.568
3598,186.727,132.044
3599,179.035,206.011
3600,199.486,133.763
3601,213.198,250.846
3602,58.249,191.168
3603,228.036,129.35
3604,205.991,192.55
3605,127.0,235.249
3606,87.533,229.259
3607,219.86,74.106
3608,209.49,129.31
3609,78.879,114.749
3610,64.146,191.673
3611,242.136,118.194
3612,239.456,130.914
3613,99.59,217.032
3614,222.85,88.118
3615,141.374,225.238
3616,188.545,201.078
3617,154.207,234.51
3618,115.152,91.547
3619,162.919,204.518
3620,188.158,189.966
3621,104.839,158.215
3622,94.138,120.41
3623,170.559,212.076
3624,210.654,167.819
3625,146.97,201.79
3626,140.77,139.949
3627,149.732,144.564
3628,84.219,238.957
3629,215.437,167.373
3630,216.47,237.84
3631,77.248,247.83
3632,62.501,74.783
3633,145.375,60.883
3634,230.047,239.211
3635,232.217,145.151
3636,126.759,249.922
3637,181.151,161.306
3638,132.994,71.652
3639,140.789,244.104
3640,207.006,88.004
3641,152.926,84.734
3642,226.839,133.718
3643,206.16,143.584
3644,134.671,222.778
3645,104.867,64.683
3646,149.825,66.016
3647,158.129,200.455
3648,84.808,153.703
3649,234.124,142.599
3650,123.03,185.533
3651,198.745,92.266
3652,146.306,177.199
3653,183.445,117.251
3654,100.876,154.005
3655,223.873,171.667
3656,57.746,196.887
3657,145.974,94.841
3658,197.163,227.85
3659,102.074,72.17
3660,76.158,176.201
3661,252.965,248.857
3662,164.899,80.535
3663,118.812,71.393
3664,159.116,62.371
3665,127.285,80.355
3666,187.316,183.94
3667,146.703,69.446
3668,160.01,60.619
3669,128.036,109.221
3670,207.675,191.733
3671,219.495,151.72
3672,221.791,59.125
3673,199.772,74.612
3674,225.475,213.959
3675,187.357,107.645
3676,98.275,217.421
3677,133.401,170.74
3678,207.244,79.404
3679,231.615,81.347
3680,185.87,246.758
3681,82.411,67.363
3682,138.689,216.76
3683,172.919,89.908
3684,170.342,188.374
3685,239.069,207.463
3686,220.759,173.348
3687,239.859,173.175
3688,175.999,192.349
3689,151.428,187.047
3690,209.012,171.329
3691,67.985,176.132
3692,221.072,147.38
3693,146.732,75.753
3694,100.972,68.087
3695,231.932,165.842
3696,244.491,160.491
3697,79.078,229.483
3698,170.727,179.344
3699,125.515,138.868
3700,194.527,161.383
3701,240.19,208.318
3702,129.329,188.21
3703,138.265,60.712
3704,96.74,89.721
3705,117.035,182.532
3706,191.063,215.688
3707,190.82,216.093
3708,152.517,104.89
3709,104.661,170.413
3710,177.135,78.652
3711,129.726,106.036
3712,121.481,186.111
3713,217.237,150.36
3714,244.789,86.342
3715,90.538,205.263
3716,81.026,111.967
3717,78.814,144.175
3718,125.697,70.426
3719,241.116,166.982
3720,198.804,87.523
3721,88.945,74.312
3722,167.906,243.447
3723,211.892,107.825
3724,180.72,84.88
3725,105.62,182.34
3726,198.595,94.408
3727,228.567,173.232
3728,199.915,151.175
3729,212.223,218.738
3730,97.942,202.06
3731,241.073,171.228
3732,151.15,249.916
3733,178.298,238.562
3734,237.816,168.047
3735,222.217,226.392
3736,149.22,148.609
3737,220.358,68.941
3738,185.598,57.681
3739,146.084,134.223
3740,124.973,127.207
3741,99.882,131.483
3742,140.363,185.141
3743,143.856,151.47
3744,223.082,184.836
3745,105.489,199.923
3746,157.076,229.807
3747,111.582,182.976
3748,140.043,183.404
3749,79.673,133.177
3750,1137.925,278.736
3751,783.665,167.945
3752,406.345,725.481
3753,758.263,886.473
3754,549.088,289.673
3755,450.595,226.149
3756,791.199,60.491
3757,359.336,539.847
3758,710.885,66.36
3759,896.344,912.579
3760,412.844,865.307
3761,129.851,932.823
3762,281.652,495.25
3763,599.831,978.485
3764,1142.237,790.25
3765,557.002,670.79
3766,405.743,1007.44
3767,805.001,393.87
3768,574.666,913.358
3769,6.136,893.2
3770,71.745,613.517
3771,134.717,507.711
3772,742.525,905.442
3773,553.535,259.159
3774,233.62,661.861
3775,16.357,597.771
3776,531.161,409.643
3777,93.625,1140.891
3778,1098.375,870.033
3779,912.601,417.146
3780,825.145,931.612
3781,204.225,647.178
3782,779.71,512.592
3783,178.878,65.569
3784,198.481,367.71
3785,649.984,335.351
3786,750.328,1104.407
3787,505.673,211.241
3788,429.709,423.884
3789,409.518,947.093
3790,428.375,902.007
3791,482.653,722.01
3792,829.401,1023.346
3793,304.511,689.063
3794,946.19,326.501
3795,379.63,220.02
3796,84.665,807.97
3797,358.485,479.862
3798,943.406,370.183
3799,896.757,720.97
3800,495.876,698.393
3801,71.759,221.155
3802,157.642,1119.436
3803,877.802,96.211
3804,833.081,471.448
3805,863.423,312.276
3806,271.527,274.108
3807,636.408,129.439
3808,447.437,643.108
3809,881.473,71.123
3810,561.468,353.423
3811,635.253,172.486
3812,155.139,244.34
3813,192.951,470.478
3814,288.68,749.967
3815,978.648,571.041
3816,49.11,309.868
3817,1008.638,283.895
3818,1014.143,545.298
3819,735.134,604.498
3820,602.318,211.876
3821,1134.421,308.928
3822,825.339,362.236
3823,276.812,735.207
3824,1127.306,250.884
3825,612.516,452.911
3826,292.34,1041.137
3827,1006.904,702.123
3828,433.88,67.579
3829,180.44,1146.227
3830,1146.969,768.332
3831,187.257,399.591
3832,5.372,64.359
3833,361.004,897.915
3834,205.154,240.91
3835,596.296,15.346
3836,31.784,202.106
3837,902.692,2.172
3838,753.336,437.02
3839,13.377,1063.122
3840,1097.927,384.708
3841,926.548,1079.541
3842,237.568,116.516
3843,636.189,953.626
3844,707.283,672.031
3845,688.853,1116.648
3846,285.913,291.374
3847,406.76,329.852
3848,322.145,530.194
3849,519.421,183.434
3850,890.92,355.955
3851,943.949,587.85
3852,449.523,428.16
3853,975.154,496.139
3854,459.182,1074.811
3855,572.359,612.831
3856,365.803,804.208
3857,999.288,531.662
3858,782.43,546.823
3859,403.235,247.327
3860,294.86,720.262
3861,432.183,282.878
3862,1099.37,845.548
3863,832.555,565.158
3864,290.973,597.908
3865,68.116,745.278
3866,904.406,379.979
3867,909.486,1115.606
3868,420.918,144.475
3869,1014.891,784.524
3870,1067.722,930.722
3871,443.337,1018.458
3872,1110.41,608.985
3873,552.569,212.813
3874,590.596,9.691
3875,172.84,655.996
3876,972.943,818.414
3877,301.098,380.129
3878,451.192,1139.511
3879,184.533,197.195
3880,414.808,328.427
3881,1086.605,232.534
3882,563.979,660.921
3883,349.644,226.144
3884,991.344,1139.559
3885,908.832,254.816
3886,1147.04,635.023
3887,1108.699,272.73
3888,1042.569,1059.302
3889,674.54,919.741
3890,981.739,305.042
3891,843.09,899.356
3892,595.183,26.105
3893,1038.102,698.127
3894,792.909,106.441
3895,307.063,340.816
3896,44.409,673.319
3897,483.034,775.515
3898,409.158,315.131
3899,739.427,920.155
3900,1072.531,641.014
3901,319.899,684.031
3902,49.041,529.472
3903,1054.28,796.327
3904,524.469,211.813
3905,517.463,291.596
3906,702.087,379.308
3907,1113.511,225.867
3908,676.183,92.786
3909,476.612,946.629
3910,728.137,1120.796
3911,827.166,793.548
3912,810.208,818.42
3913,3.312,944.549
3914,535.763,872.866
3915,17.094,626.255
3916,330.675,270.971
3917,127.387,933.959
3918,780.067,939.351
3919,342.184,132.378
3920,1135.94,503.347
3921,816.418,880.683
3922,299.511,384.358
3923,410.946,1020.404
3924,123.181,996.558
3925,310.09,48.541
3926,675.08,870.0
3927,1092.453,246.327
3928,1041.999,145.521
3929,439.976,821.577
3930,279.739,953.02
3931,771.303,562.103
3932,146.304,898.515
3933,602.829,602.982
3934,589.407,420.333
3935,621.142,934.916
3936,31.402,505.746
3937,659.266,386.014
3938,415.927,332.06
3939,1067.823,753.215
3940,1013.193,1144.301
3941,775.601,825.481
3942,900.45,1074.771
3943,315.868,1030.974
3944,40.45,999.568
3945,372.53,793.046
3946,716.478,575.158
3947,291.429,890.48
3948,184.165,741.133
3949,153.494,239.61
3950,299.776,937.387
3951,790.733,632.76
3952,543.272,177.438
3953,72.492,802.486
3954,505.091,608.92
3955,12.229,887.243
3956,583.666,1032.292
3957,487.954,744.073
3958,374.842,825.926
3959,734.774,890.606
3960,269.715,947.746
3961,901.389,726.708
3962,454.756,423.913
3963,667.341,321.671
3964,665.307,795.399
3965,957.557,335.967
3966,113.033,1045.15
3967,579.775,439.11
3968,457.124,1025.114
3969,1016.313,847.596
3970,1140.444,1055.079
3971,230.057,936.587
3972,829.59,1106.708
3973,53.579,109.098
3974,846.556,559.605
3975,229.8,859.033
3976,665.943,43.644
3977,546.126,970.722
3978,159.339,1013.76
3979,570.37,889.126
3980,412.454,535.485
3981,800.495,734.659
3982,466.943,248.391
3983,393.748,70.656
3984,973.177,614.52
3985,1134.408,801.921
3986,1039.815,23.604
3987,877.906,60.641
3988,70.393,552.624
3989,378.927,377.247
3990,384.971,738.002
3991,490.204,360.061
3992,1099.724,56.021
3993,917.198,742.13
3994,815.542,17.149
3995,576.392,1011.443
3996,349.402,426.688
3997,32.104,624.509
3998,725.033,541.47
3999,524.824,963.683
4000,207.182,459.887
4001,75.031,715.423
4002,793.217,794.298
4003,657.629,47.259
4004,187.612,1075.621
4005,432.494,700.353
4006,1048.711,623.514
4007,94.704,843.073
4008,806.519,983.931
4009,263.711,1054.885
4010,299.418,602.661
4011,195.337,698.184
4012,784.991,197.045
4013,299.877,707.817
4014,1045.14,208.197
4015,371.906,227.193
4016,651.29,1001.92
4017,494.767,1007.666
4018,613.402,218.547
4019,572.381,824.824
4020,1058.689,193.211
4021,607.005,174.141
4022,353.922,638.456
4023,856.037,1028.113
4024,400.82,135.516
4025,1097.778,1069.682
4026,20.466,581.682
4027,1009.978,671.617
4028,61.293,560.555
4029,878.229,1086.753
4030,715.972,581.317
4031,1110.751,627.013
4032,1103.586,738.161
4033,272.662,509.946
4034,477.317,631.353
4035,737.955,865.015
4036,1116.292,926.048
4037,1147.239,131.491
4038,1077.565,552.928
4039,556.1,725.532
4040,456.861,699.325
4041,21.426,67.147
4042,274.56,765.248
4043,977.974,263.668
4044,678.191,505.308
4045,1102.645,679.856
4046,898.449,1140.355
4047,1145.553,256.39
4048,601.698,1019.046
4049,194.419,1004.73
4050,354.904,263.818
4051,1120.771,356.549
4052,294.723,585.586
4053,654.97,915.878
4054,357.717,74.227
4055,728.362,411.381
4056,422.074,1101.57
4057,670.931,174.043
4058,51.83,328.072
4059,668.707,11.487
4060,632.817,561.458
4061,171.227,227.346
4062,796.631,331.351
4063,948.504,3.308
4064,1014.327,1058.23
4065,430.643,343.326
4066,474.914,377.926
4067,1129.879,282.039
4068,714.004,954.064
4069,56.339,969.991
4070,734.105,114.716
4071,751.271,108.352
4072,187.785,167.547
4073,736.976,38.122
4074,1020.253,1022.065
4075,1073.366,653.292
4076,813.2,235.747
4077,20.59,29.119
4078,1047.734,1036.116
4079,814.627,852.335
4080,762.621,40.773
4081,531.456,300.447
4082,851.977,1122.865
4083,142.904,711.328
4084,1044.774,827.362
4085,559.479,367.765
4086,826.705,741.49
4087,546.319,913.453
4088,456.924,776.794
4089,333.87,929.575
4090,922.759,60.384
4091,494.06,970.764
4092,112.109,318.009
4093,844.446,194.687
4094,437.115,241.114
4095,164.348,646.572
4096,1132.696,951.857
4097,823.035,36.689
4098,34.289,75.278
4099,832.7,327.218
4100,682.242,782.58
4101,960.714,19.099
4102,867.94,581.332
4103,76.541,1020.359
4104,1082.977,275.192
4105,341.553,465.28
4106,1036.885,969.26
4107,291.377,1032.634
4108,365.606,88.387
4109,560.745,122.669
4110,263.639,964.748
4111,431.476,827.024
4112,741.022,456.595
4113,47.643,701.173
4114,1017.39,1131.402
4115,561.415,942.701
4116,68.991,846.573
4117,845.044,381.319
4118,968.837,292.551
4119,427.996,769.433
4120,480.307,685.993
4121,990.853,460.899
4122,132.274,54.483
4123,308.568,630.73
4124,330.618,335.694
4125,1011.575,488.293
4126,891.648,795.601
4127,963.528,411.622
4128,553.936,985.826
4129,750.085,181.172
4130,74.724,981.311
4131,779.629,116.67
4132,356.541,73.79
4133,398.638,519.689
4134,11.553,916.988
4135,237.274,733.682
4136,944.946,378.564
4137,126.587,578.54
4138,71.456,760.382
4139,954.801,988.989
4140,283.471,58.579
4141,59.977,351.312
4142,880.632,379.843
4143,748.944,197.035
4144,406.988,1051.051
4145,144.45,710.882
4146,279.963,937.721
4147,254.581,280.742
4148,490.54,1052.303
4149,1133.276,60.722
4150,1074.064,315.056
4151,216.642,265.722
4152,381.575,807.548
4153,522.379,357.691
4154,901.896,827.012
4155,560.007,251.428
4156,783.043,823.755
4157,256.118,910.942
4158,869.45,738.835
4159,77.037,1047.919
4160,672.945,938.467
4161,609.067,544.822
4162,874.224,647.3
4163,694.602,112.348
4164,826.149,750.987
4165,432.213,190.61
4166,560.743,228.683
4167,95.939,564.239
4168,950.301,442.502
4169,946.502,162.407
4170,219.592,264.855
4171,102.703,161.324
4172,186.877,262.306
4173,333.153,538.773
4174,186.342,1144.162
4175,796.71,772.338
4176,230.0,1097.814
4177,630.67,382.629
4178,332.456,739.332
4179,598.782,906.932
4180,616.449,169.14
4181,36.963,215.727
4182,867.656,453.195
4183,582.775,386.207
4184,892.118,932.678
4185,366.78,892.613
4186,1059.768,1077.365
4187,379.987,914.189
4188,1135.413,389.862
4189,530.035,743.046
4190,278.172,665.951
4191,492.877,177.21
4192,193.321,63.74
4193,1047.439,265.92
4194,210.906,842.359
4195,818.747,568.243
4196,799.441,985.078
4197,222.443,1033.783
4198,1103.979,474.598
4199,1052.635,909.183
4200,1147.947,973.718
4201,295.789,394.559
4202,100.51,1092.265
4203,607.015,599.492
4204,103.016,498.244
4205,63.606,368.247
4206,187.78,877.402
4207,415.191,502.296
4208,481.5,589.321
4209,495.773,42.262
4210,909.978,955.39
4211,481.786,1088.888
4212,227.438,475.213
4213,430.328,891.626
4214,692.712,210.353
4215,65.064,902.298
4216,677.223,883.123
4217,1003.171,289.459
4218,793.659,304.65
4219,502.682,387.056
4220,619.517,870.746
4221,432.29,777.295
4222,383.052,635.487
4223,331.083,1088.521
4224,91.685,175.039
4225,606.764,164.85
4226,1131.566,987.208
4227,1009.143,517.211
4228,238.731,791.097
4229,106.8,504.461
4230,358.084,438.566
4231,96.545,974.929
4232,730.462,790.65
4233,520.508,362.576
4234,477.172,120.305
4235,791.34,895.651
4236,1089.456,402.222
4237,413.006,790.253
4238,244.686,205.932
4239,750.353,832.85
4240,70.417,409.95
4241,816.978,625.085
4242,323.562,385.337
4243,1143.31,1048.903
4244,667.057,724.109
4245,212.309,855.175
4246,620.117,650.095
4247,1105.661,695.067
4248,207.243,757.141
4249,919.784,366.945
4250,81.986,569.607
4251,975.675,35.614
4252,999.451,1035.555
4253,777.06,185.805
4254,728.53,867.211
4255,22.336,374.168
4256,514.223,1132.914
4257,1046.412,696.932
4258,1018.897,196.719
4259,1119.833,939.647
4260,1129.109,56.013
4261,476.806,518.813
4262,1011.163,878.604
4263,125.444,1120.055
4264,1073.16,568.647
4265,782.977,159.758
4266,875.862,1121.7
4267,1059.556,139.099
4268,188.275,163.176
4269,881.854,471.271
4270,696.394,704.719
4271,766.6,10.864
4272,175.756,589.766
4273,149.888,665.957
4274,825.412,597.191
4275,366.032,290.564
4276,586.544,872.274
4277,534.684,468.555
4278,421.597,52.452
4279,823.474,834.904
4280,27.632,211.699
4281,54.243,46.698
4282,1075.892,146.644
4283,681.193,153.779
4284,612.501,292.302
4285,487.814,1122.782
4286,981.018,570.642
4287,140.921,199.061
4288,950.373,62.074
4289,855.228,38.984
4290,685.819,914.944
4291,383.72,358.173
4292,172.944,1125.006
4293,877.254,996.783
4294,433.55,319.946
4295,899.905,1054.448
4296,973.331,970.052
4297,854.551,15.073
4298,351.789,932.105
4299,1004.342,117.943
4300,49.548,691.219
4301,985.39,862.694
4302,1077.321,872.278
4303,903.893,245.943
4304,1101.868,391.866
4305,971.792,1051.895
4306,938.03,45.11
4307,1118.001,43.021
4308,239.939,461.741
4309,538.322,195.647
4310,786.578,386.019
4311,1034.396,632.236
4312,1133.603,417.65
4313,433.293,810.881
4314,445.003,1092.881
4315,289.055,639.563
4316,60.331,525.032
4317,1137.471,852.518
4318,240.522,874.097
4319,620.68,784.015
4320,923.99,210.604
4321,165.544,141.624
4322,850.432,404.125
4323,398.626,1095.155
4324,133.931,952.572
4325,570.29,293.054
4326,233.945,773.239
4327,43.739,823.189
4328,1016.395,367.811
4329,1098.683,949.079
4330,262.026,132.91
4331,927.281,979.383
4332,532.577,299.73
4333,367.889,661.944
4334,572.781,162.231
4335,302.966,741.102
4336,767.138,492.551
4337,441.445,1017.817
4338,405.255,571.411
4339,869.595,852.456
4340,1129.222,1003.786
4341,433.618,363.714
4342,540.093,182.183
4343,171.307,142.838
4344,1035.828,35.131
4345,974.722,1075.115
4346,735.828,146.638
4347,117.099,1088.874
4348,1015.164,722.382
4349,937.05,982.006
4350,469.163,1138.133
4351,212.866,624.65
4352,565.654,1022.129
4353,76.476,776.993
4354,343.784,744.642
4355,618.149,69.903
4356,467.526,535.226
4357,695.757,256.701
4358,286.901,92.007
4359,945.351,654.022
4360,1049.621,245.225
4361,333.012,445.743
4362,616.419,1026.065
4363,935.376,253.353
4364,210.262,829.159
4365,919.075,152.787
4366,918.915,965.159
4367,536.786,704.782
4368,1125.639,589.693
4369,1059.82,304.9
4370,1118.06,876.51
4371,1084.39,1128.356
4372,287.948,454.687
4373,489.271,1023.878
4374,581.908,105.206
4375,266.732,931.529
4376,867.89,27.338
4377,236.277,268.322
4378,630.167,346.837
4379,730.007,806.957
4380,387.424,144.009
4381,74.037,711.749
4382,141.698,50.216
4383,136.623,579.872
4384,361.607,727.415
4385,545.443,32.473
4386,918.094,971.957
4387,1102.41,418.659
4388,1022.119,156.732
4389,865.802,216.111
4390,493.554,244.336
4391,884.373,489.03
4392,685.992,688.126
4393,164.148,460.499
4394,1134.579,658.867
4395,116.605,423.77
4396,72.206,143.368
4397,1029.6,361.926
4398,190.543,394.284
4399,238.799,10.339
4400,1083.676,794.295
4401,967.003,64.685
4402,667.118,323.097
4403,882.516,1122.293
4404,1086.656,440.688
4405,399.925,385.643
4406,984.715,477.863
4407,22.899,929.255
4408,88.902,287.622
4409,939.318,274.407
4410,924.693,363.281
4411,792.296,864.709
4412,192.629,789.588
4413,1127.312,782.543
4414,652.234,748.767
4415,1136.483,790.512
4416,808.734,809.14
4417,339.969,295.345
4418,546.667,143.827
4419,87.122,711.16
4420,826.915,308.25
4421,354.013,943.522
4422,903.581,10.601
4423,286.172,324.808
4424,326.052,383.914
4425,857.281,518.709
4426,667.061,505.839
4427,309.491,512.073
4428,898.702,40.427
4429,937.915,871.525
4430,303.459,926.972
4431,324.449,449.074
4432,989.327,809.015
4433,917.48,1047.25
4434,644.131,472.992
4435,850.25,899.214
4436,752.413,263.007
4437,879.512,345.913
4438,600.286,294.832
4439,131.06,306.589
4440,952.549,1054.709
4441,890.154,532.949
4442,1016.881,182.55
4443,562.134,369.791
4444,791.133,221.988
4445,363.34,495.504
4446,440.786,845.701
4447,794.347,97.109
4448,760.082,1051.376
4449,530.207,27.055
4450,1021.397,31.898
4451,1068.916,506.621
4452,984.026,712.579
4453,888.5,538.616
4454,465.82,401.145
4455,1013.486,956.664
4456,230.941,941.373
4457,758.413,219.328
4458,1052.871,365.264
4459,100.822,966.0
4460,587.688,466.781
4461,443.688,66.251
4462,1145.699,245.206
4463,903.77,732.266
4464,301.942,176.422
4465,367.406,878.233
4466,193.073,141.476
4467,1110.262,456.86
4468,205.886,258.27
4469,589.503,257.992
4470,780.253,783.086
4471,1017.304,606.707
4472,513.214,167.441
4473,72.157,256.182
4474,915.831,539.552
4475,806.755,16.76
4476,324.261,183.302
4477,1021.017,944.589
4478,1125.941,530.431
4479,428.672,736.78
4480,834.741,444.971
4481,821.02,1024.967
4482,397.734,87.909
4483,371.832,430.981
4484,628.559,974.344
4485,678.263,298.574
4486,19.519,189.064
4487,364.372,1070.961
4488,1069.378,126.44
4489,894.878,145.27
4490,1013.631,47.426
4491,863.843,463.902
4492,1070.027,279.471
4493,685.591,806.502
4494,14.726,786.689
4495,966.621,201.502
4496,109.705,592.371
4497,1038.673,77.542
4498,1064.759,315.307
4499,1070.134,374.753
4500,919.792,917.33
4501,601.22,475.632
4502,1043.01,121.522
4503,296.621,666.885
4504,1147.213,928.96
4505,459.909,97.923
4506,299.877,124.991
4507,903.111,787.441
4508,476.702,242.438
4509,448.278,72.331
4510,70.381,665.563
4511,48.79,1127.548
4512,200.42,390.481
4513,573.597,534.251
4514,940.448,1135.272
4515,952.054,526.618
4516,342.561,173.022
4517,244.591,1080.104
4518,522.32,221.082
4519,571.963,715.318
4520,911.522,332.833
4521,1134.202,1050.926
4522,1021.843,462.907
4523,118.627,585.96
4524,30.726,808.452
4525,1029.675,158.847
4526,761.146,628.434
4527,811.346,40.037
4528,654.815,685.989
4529,1017.844,948.316
4530,1073.442,683.276
4531,414.232,111.306
4532,501.404,604.519
4533,45.547,1093.454
4534,1003.956,1044.498
4535,801.113,348.382
4536,736.07,246.009
4537,854.848,1078.784
4538,546.629,143.438
4539,948.751,561.988
4540,977.443,726.475
4541,783.694,148.946
4542,978.601,332.311
4543,716.775,726.177
4544,691.689,341.038
4545,747.199,794.969
4546,1134.912,7.063
4547,522.57,200.714
4548,605.327,893.631
4549,871.05,163.621
4550,445.348,127.021
4551,681.829,784.689
4552,106.671,764.397
4553,712.078,457.388
4554,1035.26,574.159
4555,434.239,589.374
4556,206.353,935.596
4557,508.693,92.734
4558,1030.604,1045.437
4559,626.399,561.241
4560,927.619,1069.28
4561,910.775,17.936
4562,1054.417,809.845
4563,1130.887,1124.766
4564,415.71,34.841
4565,1004.923,719.103
4566,1045.994,722.174
4567,808.651,945.609
4568,1000.172,888.441
4569,1062.731,226.754
4570,532.19,980.776
4571,299.362,875.993
4572,298.224,477.573
4573,314.429,379.72
4574,271.813,838.345
4575,37.116,463.974
4576,463.761,124.765
4577,206.953,1134.563
4578,668.706,210.926
4579,853.891,770.577
4580,763.003,131.451
4581,681.345,352.506
4582,689.093,370.323
4583,496.794,389.753
4584,714.226,349.62
4585,4.114,554.579
4586,555.583,676.271
4587,973.989,175.885
4588,1142.905,69.401
4589,988.099,679.376
4590,413.465,55.936
4591,251.436,948.328
4592,622.634,338.928
4593,282.901,843.373
4594,703.597,27.705
4595,1016.922,270.097
4596,1016.317,321.756
4597,47.343,250.488
4598,551.147,566.842
4599,230.836,876.135
4600,369.512,908.472
4601,339.473,120.245
4602,561.192,151.889
4603,760.621,904.506
4604,168.832,78.139
4605,606.612,328.914
4606,1013.902,782.378
4607,150.355,197.296
4608,934.155,1054.42
4609,817.295,305.595
4610,616.257,570.732
4611,734.678,365.653
4612,88.732,220.443
4613,623.647,230.322
4614,1093.328,954.251
4615,870.655,22.401
4616,417.662,26.961
4617,80.797,257.648
4618,103.381,848.707
4619,483.719,518.847
4620,791.871,394.352
4621,372.28,931.316
4622,838.754,320.565
4623,591.884,592.032
4624,364.918,323.067
4625,293.759,160.875
4626,853.241,691.006
4627,640.781,360.711
4628,738.563,976.528
4629,189.738,712.728
4630,955.273,1034.201
4631,839.958,725.856
4632,862.098,429.079
4633,454.812,856.4
4634,780.948,990.407
4635,536.711,405.698
4636,722.708,683.481
4637,1086.339,1038.114
4638,817.612,1018.054
4639,252.916,420.609
4640,1092.988,804.771
4641,408.803,917.87
4642,388.636,124.992
4643,835.05,24.686
4644,362.67,85.074
4645,141.937,516.258
4646,202.739,530.265
4647,152.715,907.441
4648,1023.943,778.758
4649,197.065,186.313
4650,250.382,274.744
4651,381.377,222.629
4652,83.368,702.376
4653,1082.234,860.173
4654,391.153,954.355
4655,721.974,394.454
4656,114.182,563.97
4657,725.479,851.066
4658,884.259,168.043
4659,104.77,1047.424
4660,108.161,24.097
4661,658.121,5.135
4662,698.753,245.309
4663,1066.336,331.784
4664,1052.293,665.48
4665,145.718,146.585
4666,872.886,451.528
4667,959.854,426.676
4668,59.569,178.513
4669,632.437,1062.819
4670,1050.601,97.5
4671,247.296,492.249
4672,636.808,365.207
4673,609.166,830.376
4674,576.285,661.12
4675,493.404,988.64
4676,129.523,579.364
4677,864.501,321.347
4678,747.187,594.434
4679,353.643,861.877
4680,1118.114,670.249
4681,468.545,607.858
4682,1057.083,1129.109
4683,966.293,1025.185
4684,593.005,295.694
4685,1109.432,329.786
4686,374.182,778.403
4687,102.397,98.803
4688,720.134,514.606
4689,106.129,273.136
4690,751.138,896.25
4691,749.523,751.489
4692,329.045,325.016
4693,384.283,80.428
4694,639.627,288.299
4695,373.523,624.582
4696,210.243,515.744
4697,997.052,199.927
4698,881.021,337.655
4699,994.669,834.417
4700,331.943,74.133
4701,795.606,546.717
4702,445.883,1059.65
4703,329.666,708.814
4704,348.955,100.092
4705,45.211,877.332
4706,190.078,1044.953
4707,441.503,1042.096
4708,59.286,251.283
4709,1142.992,219.699
4710,1005.956,6.175
4711,426.02,962.37
4712,781.324,550.438
4713,868.934,714.937
4714,352.234,117.933
4715,854.027,696.794
4716,938.249,916.077
4717,632.047,565.449
4718,255.638,23.957
4719,996.39,338.748
4720,649.22,399.64
4721,961.242,406.284
4722,276.054,742.663
4723,234.159,17.497
4724,707.022,476.204
4725,598.053,82.011
4726,821.578,757.598
4727,983.006,112.971
4728,1050.493,123.836
4729,256.493,564.625
4730,634.956,161.461
4731,869.539,1059.304
4732,1104.313,404.828
4733,427.932,828.583
4734,1105.106,1119.361
4735,1057.683,1144.301
4736,654.544,326.719
4737,473.35,278.68
4738,68.452,670.284
4739,337.716,627.721
4740,644.569,553.139
4741,274.328,498.111
4742,1010.504,185.513
4743,1146.12,542.69
4744,385.528,576.303
4745,697.903,898.941
4746,769.636,236.315
4747,387.216,180.723
4748,861.685,447.163
4749,653.878,904.235
4750,538.686,887.034
4751,828.713,62.477
4752,1016.666,557.889
4753,764.129,867.738
4754,678.736,844.836
4755,659.547,258.092
4756,74.733,741.372
4757,247.922,100.037
4758,1144.304,1138.846
4759,348.15,727.192
4760,909.775,644.585
4761,788.228,531.205
4762,63.246,509.429
4763,367.499,314.202
4764,269.661,935.844
4765,1039.962,919.229
4766,691.828,1117.791
4767,1048.743,130.932
4768,1091.439,266.636
4769,386.883,660.886
4770,1005.203,702.651
4771,603.417,221.222
4772,668.672,757.745
4773,944.647,877.325
4774,262.221,16.407
4775,1017.774,83.567
4776,323.21,279.775
4777,1087.292,579.306
4778,708.855,865.122
4779,857.181,844.809
4780,545.038,844.919
4781,380.2,792.66
4782,186.153,231.241
4783,1068.451,155.812
4784,783.079,280.639
4785,56.11,1112.914
4786,677.291,622.184
4787,248.706,672.432
4788,914.462,386.483
4789,201.826,548.93
4790,495.964,444.845
4791,699.612,1070.131
4792,446.43,63.878
4793,957.398,92.898
4794,579.582,801.156
4795,1013.67,1139.415
4796,109.404,683.293
4797,833.188,337.693
4798,962.357,4.464
4799,737.166,1121.773
4800,250.259,778.643
4801,279.378,1000.497
4802,353.326,786.842
4803,460.788,458.775
4804,408.386,856.519
4805,676.814,398.759
4806,388.857,499.454
4807,1104.158,396.186
4808,367.615,1126.474
4809,515.202,670.367
4810,1132.879,709.14
4811,1069.422,586.173
4812,825.308,902.888
4813,241.996,871.333
4814,546.712,107.828
4815,813.196,393.666
4816,975.683,379.617
4817,1050.706,808.222
4818,887.313,586.744
4819,703.375,340.372
4820,1033.2,897.544
4821,109.018,611.436
4822,287.337,748.452
4823,1052.938,29.308
4824,189.957,480.065
4825,76.72,856.98
4826,359.331,615.579
4827,81.497,1008.291
4828,182.178,897.562
4829,741.023,760.259
4830,223.368,636.037
4831,38.224,858.207
4832,879.656,185.403
4833,455.771,340.31
4834,608.376,719.63
4835,1050.11,225.495
4836,262.067,30.721
4837,946.13,181.318
4838,864.174,145.653
4839,1046.379,51.934
4840,890.39,601.33
4841,141.571,1056.37
4842,5.459,823.6
4843,230.048,325.259
4844,527.976,849.132
4845,358.203,1039.982
4846,990.962,86.623
4847,435.617,232.511
4848,98.191,784.868
4849,528.673,848.095
4850,331.61,75.23
4851,237.755,478.727
4852,245.803,72.176
4853,302.098,904.173
4854,489.832,486.503
4855,702.606,27.8
4856,995.089,808.148
4857,79.808,462.878
4858,753.025,769.246
4859,464.077,148.256
4860,338.484,667.412
4861,23.822,89.19
4862,95.34,213.726
4863,877.754,379.42
4864,758.419,1099.136
4865,983.467,828.527
4866,982.746,327.789
4867,28.361,765.903
4868,278.554,997.05
4869,932.99,767.966
4870,201.904,2.781
4871,382.86,124.574
4872,287.051,595.72
4873,1020.196,38.863
4874,383.657,320.539
4875,439.835,465.124
4876,300.802,917.093
4877,783.59,472.972
4878,738.573,1017.836
4879,349.117,151.409
4880,1023.772,1003.315
4881,26.247,872.845
4882,378.311,928.737
4883,530.403,942.54
4884,167.149,850.442
4885,1055.76,573.996
4886,128.131,356.927
4887,73.191,533.629
4888,806.533,417.802
4889,830.601,791.247
4890,158.176,515.232
4891,622.964,272.116
4892,266.408,261.685
4893,641.632,864.133
4894,253.342,709.241
4895,850.426,378.992
4896,197.973,107.795
4897,685.689,753.841
4898,749.666,935.381
4899,949.933,643.011
4900,591.775,295.572
4901,717.625,1020.136
4902,567.059,330.956
4903,503.71,100.073
4904,1096.088,782.308
4905,857.59,205.63
4906,1052.623,608.562
4907,1099.714,35.467
4908,686.771,478.973
4909,991.014,960.684
4910,601.783,748.659
4911,963.971,39.284
4912,746.902,154.106
4913,948.765,149.378
4914,1052.961,852.104
4915,1085.124,582.15
4916,113.702,1119.551
4917,423.241,634.201
4918,422.562,900.624
4919,1080.424,845.225
4920,857.292,647.396
4921,922.655,383.697
4922,15.984,262.419
4923,977.243,1081.624
4924,519.54,1124.37
4925,861.292,207.039
4926,486.451,679.513
4927,540.938,28.781
4928,277.857,976.773
4929,404.317,346.231
4930,701.273,449.25
4931,269.862,19.736
4932,835.433,1067.026
4933,1000.0,142.299
4934,999.344,23.955
4935,803.222,724.568
4936,454.552,748.196
4937,276.532,1072.55
4938,407.272,581.509
4939,807.292,444.911
4940,105.69,297.888
4941,42.275,643.724
4942,866.65,789.991
4943,68.34,667.696
4944,1025.306,163.44
4945,742.46,1045.611
4946,24.558,452.108
4947,919.542,826.615
4948,677.11,365.347
4949,852.056,6.423
4950,648.622,383.956
4951,1141.46,1058.324
4952,304.197,1137.405
4953,527.925,992.477
4954,833.517,839.604
4955,266.173,169.017
4956,54.938,984.62
4957,200.24,244.997
4958,423.503,251.978
4959,539.784,601.4
4960,466.243,272.22
4961,917.999,510.672
4962,736.23,265.473
4963,208.237,574.639
4964,366.814,306.298
4965,1001.652,858.972
4966,812.644,885.912
4967,1060.862,27.362
4968,1028.63,356.569
4969,432.828,638.162
4970,153.26,433.588
4971,831.274,979.983
4972,896.084,50.77
4973,744.07,571.091
4974,345.141,779.037
4975,490.209,736.734
4976,343.613,242.584
4977,503.737,698.58
4978,674.62,571.412
4979,310.127,281.615
4980,706.997,122.19
4981,700.111,700.637
4982,1054.764,508.85
4983,987.644,817.225
4984,184.832,893.871
4985,952.835,1048.492
4986,759.975,187.634
4987,290.786,577.451
4988,985.636,726.23
4989,990.961,919.978
4990,420.773,319.288
4991,401.907,889.943
4992,26.101,1057.247
4993,634.202,256.565
4994,1105.696,613.466
4995,714.581,24.086
4996,243.056,523.937
4997,1144.305,481.494
4998,37.462,599.054
4999,448.435,982.709
