node_id,x_m,y_m
0,1053.348,1083.189
1,1096.594,1133.555
2,1082.715,1128.504
3,904.28,1013.871
4,1133.783,1059.893
5,1123.126,925.415
6,1014.736,958.89
7,1033.484,1041.059
8,900.292,951.399
9,967.15,1127.003
10,1089.197,937.061
11,1097.084,931.831
12,1051.981,928.802
13,897.445,1115.723
14,949.574,951.086
15,1143.588,1115.974
16,969.616,1138.331
17,1032.345,1067.135
18,948.4,1133.185
19,1070.351,1139.608
20,1121.329,971.996
21,987.659,938.655
22,933.571,913.35
23,972.641,1048.381
24,897.849,1067.161
25,981.812,974.799
26,1102.448,1017.667
27,976.264,1017.786
28,1073.872,911.307
29,1141.75,902.739
30,1085.199,1109.065
31,901.535,1094.722
32,988.912,1042.208
33,899.279,908.729
34,942.411,1136.75
35,946.327,1086.69
36,1130.343,1133.453
37,983.44,986.053
38,1028.7,1091.676
39,924.121,1084.848
40,1097.104,1112.783
41,906.195,1134.396
42,919.886,982.526
43,1050.318,1127.44
44,982.33,1128.974
45,1033.831,975.425
46,976.517,941.547
47,916.627,934.366
48,1069.983,1147.178
49,937.544,909.187
50,1144.661,1030.916
51,998.878,956.571
52,1046.084,1104.4
53,1011.372,1002.861
54,910.983,1126.933
55,905.213,1020.885
56,1107.446,929.774
57,1080.648,1135.399
58,1055.23,1094.79
59,923.764,1006.073
60,934.461,1109.028
61,970.998,1010.742
62,1147.824,1110.915
63,1141.978,1010.839
64,1019.528,1080.106
65,1017.24,970.047
66,998.351,933.773
67,991.627,1145.085
68,1137.914,1054.368
69,1022.33,981.958
70,919.373,965.35
71,1093.287,1114.714
72,987.693,1094.292
73,1091.499,1071.344
74,1063.669,1087.669
75,988.221,1073.822
76,967.494,1018.907
77,1090.207,1070.412
78,970.757,1134.332
79,1060.073,1042.746
80,899.907,1034.295
81,959.924,1065.582
82,1013.198,1101.987
83,1059.507,1097.204
84,984.319,1058.66
85,1082.195,1104.875
86,984.861,1108.563
87,1115.348,1069.773
88,1142.007,1137.086
89,1027.053,1029.864
90,938.709,1106.992
91,1132.283,1016.787
92,1070.548,1077.641
93,1080.319,940.129
94,1092.873,1042.792
95,1064.055,1002.619
96,1053.558,1091.451
97,1056.854,1077.824
98,903.933,937.166
99,1007.708,1060.179
100,951.979,1069.175
101,1055.347,907.507
102,1015.368,953.787
103,910.59,930.515
104,976.655,942.568
105,945.533,905.95
106,1013.798,992.455
107,1050.56,1045.131
108,956.699,1123.699
109,897.166,998.749
110,966.911,999.921
111,925.884,1105.674
112,990.844,906.052
113,1051.005,920.8
114,1033.85,982.183
115,1042.805,1137.533
116,1102.449,1002.195
117,1101.06,1058.216
118,989.73,932.67
119,1046.58,1038.529
120,1137.26,1139.967
121,1049.761,985.13
122,1121.26,897.238
123,924.088,1039.019
124,1051.407,932.316
125,1054.994,1120.712
126,991.338,1005.353
127,953.81,970.165
128,1141.086,992.325
129,1138.246,1126.351
130,1046.548,962.216
131,1143.226,1021.573
132,1001.288,977.107
133,1144.053,1020.43
134,968.886,1016.711
135,927.593,1053.043
136,1008.31,970.569
137,1093.208,1104.528
138,900.314,1030.674
139,965.721,1131.749
140,1093.259,958.661
141,964.19,935.846
142,1145.195,970.59
143,1049.617,1016.132
144,1058.864,1048.567
145,1083.612,926.663
146,1087.86,972.473
147,1030.908,981.367
148,971.502,1029.997
149,1013.549,987.621
150,1083.999,1045.292
151,906.144,960.358
152,1011.359,1127.06
153,1119.873,1033.944
154,900.655,1092.374
155,1004.361,1041.486
156,1074.753,1055.691
157,1017.952,1125.841
158,993.754,995.358
159,1110.827,946.314
160,971.409,1105.336
161,913.58,1106.906
162,1071.35,1005.638
163,968.877,1092.963
164,1125.58,932.814
165,1017.082,1034.823
166,1021.918,980.015
167,935.535,1044.049
168,1100.768,914.173
169,954.735,1102.718
170,1095.729,1063.564
171,903.414,1078.372
172,1142.65,1147.582
173,1073.013,909.272
174,1108.358,952.027
175,1059.08,1136.013
176,1075.823,930.791
177,970.416,1127.417
178,934.582,1050.264
179,1000.898,937.456
180,1053.224,907.934
181,924.162,992.179
182,915.073,911.448
183,1041.389,1083.327
184,1117.493,930.718
185,1005.349,975.957
186,1047.655,1019.885
187,1132.573,990.924
188,910.994,1072.021
189,934.928,1055.468
190,1023.967,1125.516
191,1036.278,1052.84
192,963.075,1035.471
193,960.802,1085.395
194,1026.766,930.579
195,955.839,990.175
196,1081.925,942.009
197,1076.037,1061.408
198,918.396,1064.656
199,919.886,928.323
200,1046.088,956.885
201,1117.109,1017.597
202,978.145,1096.912
203,904.395,1078.977
204,910.468,934.851
205,1135.962,1067.959
206,952.995,926.136
207,1141.147,1063.931
208,1102.97,932.081
209,1053.824,985.929
210,955.99,980.65
211,1051.053,984.517
212,993.823,931.243
213,1105.606,1059.62
214,1098.93,1005.782
215,1110.746,1026.89
216,1045.749,1040.888
217,1082.78,996.273
218,921.347,905.325
219,947.804,906.903
220,1120.204,1017.729
221,1087.847,897.11
222,1015.017,1120.334
223,1052.486,1004.59
224,1013.859,922.037
225,935.823,936.919
226,991.033,993.8
227,1117.966,935.181
228,960.771,966.635
229,937.546,969.05
230,956.027,1017.991
231,905.056,1129.054
232,989.611,1132.423
233,1069.616,1066.127
234,1015.405,1134.296
235,926.596,1064.81
236,970.066,1066.291
237,1080.054,937.97
238,947.457,903.258
239,954.849,916.629
240,997.669,1141.372
241,988.428,975.272
242,1014.477,968.069
243,1080.819,1077.2
244,938.002,957.374
245,1065.719,1133.061
246,1059.114,1005.093
247,1141.833,898.574
248,912.278,1092.595
249,999.952,908.282
250,1034.652,1145.391
251,1027.254,984.853
252,920.547,914.876
253,1122.597,1020.281
254,1131.87,910.494
255,958.109,909.665
256,996.727,912.095
257,961.113,999.275
258,973.793,909.887
259,906.439,1140.878
260,942.026,1024.666
261,997.992,1030.359
262,918.174,975.786
263,924.103,1033.026
264,1128.247,1047.17
265,1112.048,950.817
266,901.369,1032.448
267,1019.122,1040.427
268,991.534,1053.9
269,1079.135,1126.163
270,974.21,1009.71
271,1104.43,953.217
272,926.037,975.241
273,918.996,1090.874
274,1102.679,975.532
275,929.583,917.578
276,958.457,918.166
277,1004.591,1041.823
278,958.592,912.422
279,1072.851,909.056
280,947.163,968.791
281,990.814,921.731
282,1002.565,975.796
283,1085.832,1036.577
284,1121.919,1061.179
285,1087.689,1041.257
286,1007.988,1102.017
287,1061.52,1136.646
288,1079.733,1072.995
289,964.191,1100.831
290,992.984,929.691
291,913.548,939.51
292,962.911,1066.65
293,968.666,912.944
294,1088.711,1036.863
295,903.896,909.708
296,929.66,986.644
297,1112.809,1135.254
298,1050.612,955.005
299,1004.655,987.965
300,979.923,900.124
301,1043.689,1104.558
302,1079.435,920.92
303,1030.108,939.97
304,1075.068,1009.0
305,1132.573,1096.489
306,926.669,976.586
307,1126.663,1012.71
308,1005.973,1007.798
309,1089.643,1132.01
310,1030.683,1140.386
311,1046.6,922.994
312,1101.379,1002.284
313,910.13,1142.481
314,905.251,1041.825
315,1017.981,1118.329
316,995.572,951.121
317,966.538,947.49
318,1038.171,986.604
319,1085.521,957.631
320,985.294,959.308
321,1143.588,1107.893
322,1110.308,1052.157
323,997.615,932.907
324,1105.751,1020.018
325,906.474,939.559
326,921.779,1077.141
327,1122.946,947.029
328,1097.056,978.339
329,1068.409,1113.643
330,1053.399,1097.893
331,991.485,899.531
332,1025.448,1044.256
333,943.37,994.663
334,976.628,903.789
335,975.331,993.092
336,1016.502,1073.54
337,997.175,1143.579
338,1101.698,1128.896
339,1070.894,1065.214
340,1031.716,1097.469
341,988.062,1045.983
342,1067.545,1028.074
343,968.327,916.515
344,918.904,986.323
345,1042.679,1087.663
346,1076.329,974.005
347,1130.227,965.924
348,1076.733,915.08
349,1086.102,1065.155
350,1137.185,1122.185
351,1069.606,1107.402
352,1082.392,1050.356
353,949.395,1026.689
354,1121.929,957.01
355,1141.641,1033.534
356,995.746,897.743
357,994.932,941.711
358,1060.926,1122.784
359,1125.454,1050.996
360,994.053,924.335
361,1069.885,1035.909
362,1076.531,990.878
363,1119.579,950.39
364,973.701,964.183
365,1053.166,1122.212
366,939.023,1055.835
367,1089.388,953.387
368,912.735,1039.039
369,1105.398,1117.525
370,1079.737,1001.629
371,1003.774,1029.721
372,1124.088,972.883
373,967.468,1048.947
374,1139.608,943.996
375,904.65,926.015
376,1038.206,1048.465
377,943.153,944.761
378,1046.225,1059.236
379,1070.247,1079.96
380,912.409,1018.659
381,1106.493,1137.26
382,976.93,1110.435
383,1058.941,1129.605
384,954.496,1071.897
385,1108.021,1016.654
386,922.3,945.575
387,936.318,920.3
388,935.141,1051.549
389,923.33,1087.275
390,1081.79,1101.908
391,1098.732,1075.988
392,1128.945,1137.182
393,1053.9,1139.239
394,922.934,922.823
395,913.179,948.811
396,990.984,1012.127
397,1067.806,1083.476
398,918.029,998.215
399,1033.41,991.171
400,926.505,1046.868
401,990.977,1068.615
402,1021.373,1138.637
403,1134.202,915.121
404,1087.708,1078.035
405,971.278,926.329
406,1017.232,985.889
407,1082.066,1127.516
408,992.905,969.939
409,1022.189,1071.913
410,1095.039,1041.496
411,971.288,981.574
412,1109.851,1027.33
413,909.649,1002.611
414,956.697,1064.215
415,915.417,965.031
416,921.101,1016.867
417,1144.145,1032.881
418,993.958,1131.412
419,920.047,986.298
420,1100.506,898.286
421,1089.244,987.622
422,901.118,959.964
423,1012.016,993.087
424,1026.709,910.335
425,951.865,1141.55
426,1008.103,1015.444
427,918.422,967.069
428,1136.643,1069.453
429,1024.461,910.302
430,995.572,1092.388
431,1006.109,1045.978
432,1123.492,1058.929
433,1056.598,906.049
434,902.979,1090.16
435,1000.727,1116.426
436,1104.246,1126.754
437,992.013,1147.762
438,1086.818,1120.837
439,934.203,1093.01
440,1002.956,1140.994
441,1146.537,951.391
442,1002.775,964.997
443,1014.929,968.914
444,1064.293,927.957
445,939.475,1011.874
446,915.551,992.675
447,1122.248,1119.217
448,946.329,901.639
449,1104.901,1138.155
450,1047.327,931.22
451,956.376,1127.965
452,1132.329,904.806
453,943.386,1004.684
454,963.941,1086.223
455,990.608,1091.572
456,935.147,1027.098
457,1141.719,1073.203
458,919.606,924.857
459,1058.521,991.122
460,989.543,1016.898
461,1043.007,1139.429
462,957.47,1039.736
463,963.028,1033.884
464,1080.594,930.533
465,1017.769,1074.145
466,899.043,1090.554
467,1002.132,1023.545
468,1050.237,1096.017
469,911.071,1022.638
470,906.611,993.758
471,983.784,902.371
472,971.734,1009.956
473,1061.374,1129.123
474,989.984,1030.046
475,1076.008,1132.261
476,1135.363,1144.995
477,972.745,938.828
478,1130.905,916.423
479,1009.63,1081.789
480,1029.714,994.575
481,1129.053,972.102
482,1035.483,1105.247
483,931.639,985.092
484,1021.065,1039.045
485,949.048,1010.939
486,912.016,919.069
487,982.868,933.091
488,1139.849,963.089
489,966.212,1093.707
490,1083.031,962.789
491,1105.122,1054.057
492,994.542,1054.831
493,958.675,963.111
494,1117.007,1007.099
495,1122.218,941.41
496,931.463,910.04
497,1082.672,1037.866
498,899.421,907.867
499,1103.837,1021.089
500,1115.701,906.982
501,1044.803,926.481
502,1078.001,1050.442
503,1050.623,952.602
504,1135.204,924.867
505,913.074,1068.696
506,920.294,913.776
507,1012.534,1059.867
508,1120.909,1077.937
509,914.409,1058.423
510,1108.751,927.251
511,1086.379,961.922
512,971.959,897.376
513,1087.311,1026.454
514,1123.394,1013.848
515,936.011,951.317
516,963.103,1134.64
517,948.517,919.139
518,985.537,916.858
519,1003.726,1053.026
520,1060.307,940.877
521,931.841,1020.293
522,1069.486,1009.235
523,1040.891,1125.944
524,933.41,964.227
525,1020.934,1031.565
526,1122.946,1036.381
527,1063.258,1002.322
528,1093.854,1106.818
529,970.694,924.064
530,962.06,986.75
531,1120.311,963.414
532,1054.974,1057.798
533,1137.01,926.235
534,1090.24,981.439
535,922.841,1055.641
536,1108.929,1043.201
537,909.51,1141.003
538,993.416,1056.714
539,1078.721,962.43
540,999.496,979.657
541,921.077,913.17
542,1076.932,1000.044
543,1115.289,912.742
544,972.658,942.216
545,1133.796,1095.425
546,1121.982,1024.1
547,923.149,1001.453
548,953.775,903.747
549,1038.808,969.785
550,924.072,1025.403
551,1131.227,1134.441
552,1013.997,922.791
553,1089.946,925.816
554,1031.888,918.01
555,1144.794,1033.224
556,1006.807,965.317
557,1035.284,1141.209
558,1004.396,949.523
559,1026.179,1127.477
560,992.824,1056.097
561,1127.601,978.747
562,1100.533,1029.782
563,932.009,910.449
564,1132.688,1013.965
565,1008.238,1127.316
566,1041.068,1022.543
567,968.319,1083.784
568,961.315,1015.101
569,1087.392,1048.821
570,930.683,947.883
571,1071.443,1079.985
572,922.758,1147.376
573,930.479,939.093
574,919.523,1009.044
575,1052.526,1112.183
576,937.956,1072.381
577,923.411,1042.676
578,960.221,986.424
579,910.175,1077.872
580,927.695,1088.803
581,981.454,1045.521
582,1057.412,1019.666
583,1116.299,1127.782
584,967.8,980.782
585,1117.113,930.339
586,1002.435,1001.076
587,1142.071,929.189
588,1061.422,1087.014
589,1079.802,897.263
590,1133.856,975.423
591,1111.119,1062.996
592,1002.623,1107.255
593,1066.62,982.301
594,1080.691,1023.793
595,1075.602,1051.208
596,1096.8,936.987
597,1021.13,897.304
598,1095.494,1090.648
599,1107.111,907.836
600,1031.344,1017.127
601,926.993,947.846
602,1141.563,1111.012
603,956.782,1105.109
604,1060.399,993.611
605,1058.828,954.481
606,965.713,899.533
607,1061.818,1042.934
608,1083.596,1023.45
609,1006.151,973.91
610,1081.564,990.571
611,1046.785,1087.163
612,1008.578,1069.222
613,912.449,962.38
614,1107.999,934.011
615,911.265,900.634
616,1089.29,923.682
617,1011.982,1007.046
618,1098.53,1016.632
619,1027.966,903.224
620,1096.611,1089.616
621,1053.5,1106.538
622,1051.131,1076.719
623,1110.594,1051.957
624,902.089,1119.013
625,1145.37,947.533
626,913.584,982.329
627,922.134,989.708
628,919.389,952.268
629,897.827,1004.597
630,972.302,1079.926
631,994.575,938.672
632,1136.302,1121.515
633,1069.996,951.474
634,998.058,1010.201
635,999.587,903.609
636,1011.383,1089.684
637,1071.053,1112.932
638,1068.417,1088.447
639,1115.554,1127.204
640,1096.054,1001.439
641,1062.599,1062.222
642,1118.563,1076.114
643,1008.296,944.879
644,979.193,959.838
645,1068.16,1090.118
646,945.212,1030.902
647,1107.909,988.773
648,920.772,1049.006
649,987.961,933.11
650,969.293,898.729
651,934.369,1003.76
652,923.339,898.507
653,1035.042,1137.397
654,1106.336,978.865
655,1129.04,917.038
656,934.756,898.705
657,911.679,1048.055
658,1087.002,1016.895
659,1098.636,1010.267
660,1127.6,1049.612
661,1031.774,939.842
662,1004.053,1007.523
663,1103.522,954.635
664,970.959,1101.967
665,914.798,1031.779
666,952.126,1063.959
667,1046.197,920.672
668,1080.292,999.231
669,977.492,1111.995
670,1092.468,974.694
671,1067.11,927.996
672,1027.239,917.709
673,1057.831,1126.919
674,1056.719,907.214
675,1025.796,1014.847
676,1008.206,934.94
677,966.834,1009.829
678,914.851,1066.27
679,958.131,969.859
680,919.798,972.955
681,1130.715,970.248
682,921.082,983.792
683,1134.207,919.072
684,982.96,949.463
685,1068.136,1012.866
686,921.674,1113.431
687,979.353,1069.203
688,1010.661,1115.802
689,911.598,954.248
690,968.692,963.349
691,1103.319,1023.107
692,984.033,1024.223
693,1109.297,1040.004
694,1010.312,1061.867
695,1051.388,998.777
696,1004.007,930.057
697,1007.208,1117.611
698,973.809,988.668
699,1048.427,1045.205
700,941.015,1008.924
701,1081.217,907.396
702,924.301,1086.606
703,1124.214,913.943
704,917.442,1054.273
705,968.415,1061.787
706,905.591,1011.595
707,937.577,980.379
708,1071.079,1025.022
709,1111.207,1108.272
710,1052.469,1109.725
711,941.525,1016.101
712,977.209,1053.873
713,924.933,1119.201
714,989.993,1093.722
715,1133.648,1132.994
716,994.94,1112.079
717,1147.246,929.673
718,1084.615,1079.533
719,1011.888,966.752
720,940.518,1000.33
721,1130.903,997.9
722,961.097,1052.479
723,1006.779,1051.002
724,1011.078,968.878
725,905.909,1102.405
726,1062.406,958.167
727,1022.335,1042.811
728,1023.398,1123.134
729,1092.437,973.913
730,982.022,1050.557
731,937.744,1131.474
732,908.402,1022.38
733,965.612,1029.04
734,908.447,953.28
735,1145.25,1094.8
736,952.478,1011.468
737,905.151,927.625
738,945.151,1144.057
739,975.26,959.174
740,913.395,924.58
741,1146.83,1082.788
742,1128.007,1106.759
743,1093.444,961.006
744,939.443,964.76
745,913.422,941.036
746,1077.691,1020.25
747,899.632,973.485
748,1110.238,1110.589
749,1080.101,1080.592
750,1125.852,1036.849
751,993.212,1040.873
752,967.89,906.151
753,962.25,1011.857
754,927.16,917.232
755,959.072,989.405
756,1137.23,1019.231
757,1107.074,1083.839
758,1045.69,977.874
759,995.558,976.607
760,1056.217,1111.618
761,1095.441,971.11
762,934.535,899.24
763,1043.715,954.245
764,898.391,972.816
765,954.333,948.525
766,1063.761,1043.671
767,967.712,1080.387
768,948.823,1128.232
769,926.836,1045.592
770,1073.929,1080.84
771,1019.283,1115.754
772,1054.915,1070.395
773,916.845,943.864
774,1013.905,1033.858
775,920.889,1083.166
776,983.992,1016.262
777,1028.019,1107.539
778,972.832,1037.501
779,1048.97,1061.503
780,975.363,967.054
781,1015.071,1047.858
782,1058.813,930.58
783,1008.98,1037.627
784,945.88,922.647
785,1130.166,902.222
786,1022.161,970.962
787,904.807,964.752
788,937.52,997.447
789,1125.361,916.929
790,985.271,1071.437
791,1053.853,902.228
792,954.423,967.555
793,1121.636,1007.966
794,961.646,1017.527
795,1018.769,934.512
796,1064.435,1077.948
797,1016.792,1031.888
798,1090.405,1137.043
799,1050.814,908.126
800,1023.784,1063.227
801,980.057,1068.75
802,989.319,1051.724
803,1051.156,1065.175
804,1129.292,1074.657
805,1075.054,1073.749
806,954.877,1051.144
807,1052.729,912.309
808,1086.328,953.923
809,1020.519,1028.464
810,1078.276,1089.08
811,1014.504,1132.829
812,1008.194,1039.18
813,1145.879,978.267
814,1076.217,1137.041
815,918.194,1092.074
816,1060.617,1032.469
817,1095.182,1112.851
818,933.804,1019.124
819,1051.478,1072.409
820,1137.571,1098.531
821,1104.933,913.207
822,1004.01,1126.263
823,1134.468,1086.773
824,980.739,1090.226
825,1030.457,1064.538
826,1057.006,1114.178
827,1076.265,1140.587
828,1020.879,1020.87
829,1062.017,1038.01
830,909.323,1137.778
831,977.005,1022.406
832,907.633,944.778
833,1130.113,966.619
834,971.951,1100.787
835,957.584,1064.538
836,1039.661,1122.0
837,1016.681,979.489
838,962.03,988.317
839,897.029,926.994
840,934.348,975.961
841,1089.869,1133.427
842,985.923,959.703
843,970.613,1054.881
844,1017.155,926.493
845,1028.468,964.503
846,933.153,1094.096
847,923.411,1007.269
848,1089.258,1033.25
849,1116.274,976.627
850,1134.525,907.949
851,1121.696,1003.488
852,897.775,962.125
853,1145.186,1076.794
854,1082.051,1100.577
855,898.604,974.03
856,1013.893,1125.221
857,1124.91,934.513
858,1144.825,1036.13
859,973.469,917.754
860,1004.103,1027.671
861,1010.813,974.921
862,1134.891,1016.305
863,974.224,1092.171
864,958.319,1003.118
865,923.126,956.747
866,1147.244,1052.94
867,1028.431,1065.996
868,1065.718,1027.847
869,989.047,934.0
870,904.39,927.355
871,998.725,899.565
872,1066.328,981.652
873,955.623,975.725
874,1020.699,949.604
875,1110.947,1018.217
876,914.225,918.389
877,1120.467,1042.119
878,970.122,1075.978
879,908.543,1120.115
880,1132.06,1063.754
881,909.671,1003.868
882,1107.048,1045.957
883,949.455,955.844
884,912.98,1027.979
885,942.526,1008.825
886,1121.792,1123.113
887,1020.463,1093.776
888,930.645,1134.887
889,1114.239,1018.163
890,1119.39,971.618
891,1143.095,978.037
892,1129.01,1107.12
893,1131.566,1079.468
894,915.405,967.173
895,1061.575,1125.064
896,1067.905,906.798
897,984.255,983.614
898,939.969,953.481
899,1026.556,990.574
900,964.027,1000.426
901,1134.755,1046.782
902,1085.72,1131.098
903,904.769,1117.987
904,920.882,946.264
905,1082.588,1085.983
906,1051.317,1016.493
907,1078.26,1004.423
908,945.793,952.086
909,925.287,906.218
910,1135.945,1135.491
911,984.496,1000.536
912,966.981,1093.106
913,1020.593,939.778
914,1118.923,1130.099
915,908.668,1012.246
916,952.465,1057.415
917,987.039,971.764
918,972.903,1049.44
919,1023.295,1019.435
920,1067.827,1015.788
921,1134.659,1007.1
922,1095.719,1130.563
923,1053.049,1044.94
924,1095.222,1075.685
925,945.563,1001.615
926,936.38,902.288
927,1069.507,979.524
928,960.948,903.536
929,902.667,1065.599
930,986.826,1006.449
931,1066.644,1124.788
932,1072.943,952.036
933,1145.259,943.103
934,1042.769,1058.645
935,969.142,1120.136
936,1050.109,1075.206
937,931.777,1105.9
938,969.11,1052.144
939,1081.979,977.872
940,963.574,979.931
941,1142.536,1062.047
942,1015.285,1038.048
943,1061.586,962.786
944,916.044,924.398
945,1043.107,1047.279
946,1142.469,1052.859
947,1111.105,1144.696
948,1021.604,1002.843
949,1015.269,990.294
950,1087.792,1041.376
951,927.762,1136.814
952,1029.135,1084.928
953,1034.399,1044.719
954,1041.61,925.784
955,929.836,1080.458
956,984.736,929.329
957,1101.684,1084.733
958,1088.727,994.158
959,930.058,1087.648
960,951.114,1064.709
961,1071.808,965.604
962,897.55,1045.176
963,1095.373,1044.692
964,1144.081,954.344
965,1080.503,1006.265
966,1042.651,972.853
967,954.837,1034.649
968,1049.47,1125.301
969,1048.597,1022.422
970,1060.381,1054.611
971,999.386,963.919
972,1068.264,994.103
973,906.357,939.671
974,987.104,1069.327
975,1061.694,1020.042
976,1101.906,978.948
977,985.115,1085.547
978,1067.499,1003.891
979,1120.242,903.614
980,1031.632,1112.433
981,1117.642,945.468
982,1099.63,1030.805
983,1131.74,979.384
984,1063.773,1058.11
985,1145.619,982.13
986,994.797,928.302
987,1068.614,914.665
988,1110.155,933.668
989,944.851,1135.443
990,1022.11,1086.451
991,983.75,957.869
992,989.501,1143.677
993,945.184,1124.127
994,1118.601,1067.818
995,963.699,1080.35
996,1124.165,1045.819
997,952.234,1050.067
998,1137.085,1045.282
999,934.493,947.812
1000,1055.194,909.03
1001,897.33,990.889
1002,961.611,1020.884
1003,915.436,1037.473
1004,1066.575,976.571
1005,1043.005,1029.302
1006,1095.079,1041.641
1007,1057.174,1038.499
1008,1103.55,921.218
1009,925.604,1114.297
1010,1106.369,899.008
1011,1121.425,1049.848
1012,1111.867,1072.992
1013,991.426,925.574
1014,1088.942,1075.22
1015,1015.026,964.976
1016,988.405,1131.932
1017,1013.273,949.716
1018,1144.568,1142.56
1019,941.37,946.42
1020,1080.17,994.104
1021,1015.973,1068.673
1022,965.576,1046.193
1023,948.231,952.555
1024,1033.921,1004.361
1025,1121.526,932.941
1026,1126.974,962.727
1027,983.065,923.688
1028,976.338,1143.176
1029,987.876,1106.816
1030,1142.082,1071.585
1031,943.256,1005.296
1032,938.937,959.655
1033,981.073,938.629
1034,1067.627,1028.21
1035,970.019,960.912
1036,932.708,925.704
1037,1007.106,915.808
1038,1028.17,961.086
1039,1090.818,963.989
1040,1111.875,1134.282
1041,1130.335,954.122
1042,1130.183,1015.429
1043,1119.043,1013.492
1044,1032.79,961.941
1045,1087.124,989.318
1046,1118.834,1074.575
1047,1004.666,904.813
1048,964.417,1001.727
1049,989.949,1043.254
1050,898.312,1014.355
1051,1121.023,1136.22
1052,1069.856,1069.316
1053,1048.307,1147.814
1054,1095.323,1012.515
1055,1021.389,1132.815
1056,1035.49,1047.172
1057,974.194,1063.719
1058,1019.597,1133.808
1059,1147.926,1147.014
1060,1135.642,907.935
1061,915.282,982.123
1062,1104.524,1037.122
1063,961.452,922.262
1064,959.766,928.951
1065,933.04,1083.968
1066,945.493,938.894
1067,1052.593,929.76
1068,1106.174,1060.194
1069,1117.321,1079.211
1070,1080.392,964.118
1071,1003.122,992.343
1072,995.394,1125.985
1073,1006.446,1097.594
1074,1055.322,917.761
1075,949.84,1042.039
1076,1095.128,955.501
1077,959.68,991.634
1078,1012.216,1002.43
1079,1129.159,1049.629
1080,966.823,983.368
1081,1024.433,937.302
1082,995.388,913.293
1083,1061.759,1114.676
1084,1122.595,1046.894
1085,993.549,1037.548
1086,1036.443,941.301
1087,1032.631,1021.801
1088,946.53,1008.145
1089,1106.874,1058.002
1090,979.591,956.874
1091,1055.203,1035.747
1092,971.787,1015.252
1093,999.098,1054.428
1094,1117.467,990.568
1095,1032.049,1038.058
1096,1064.479,958.12
1097,958.975,1128.532
1098,933.488,1067.935
1099,962.299,1020.282
1100,1010.292,957.005
1101,941.211,1137.298
1102,906.688,932.798
1103,1082.456,990.183
1104,945.973,1091.857
1105,1143.373,949.114
1106,1074.437,996.506
1107,1147.431,1046.782
1108,1121.611,1063.45
1109,930.045,1007.885
1110,1074.048,935.385
1111,919.098,1145.715
1112,1128.843,1060.347
1113,912.94,1072.961
1114,1145.202,1093.388
1115,1076.55,1007.401
1116,1055.664,1129.524
1117,1022.371,915.709
1118,933.448,1136.04
1119,1075.087,1131.755
1120,934.129,923.452
1121,1068.473,1004.496
1122,1013.193,955.399
1123,1088.572,1093.15
1124,1079.205,1004.884
1125,1020.2,996.283
1126,1013.811,978.77
1127,1014.707,1138.536
1128,1098.189,930.941
1129,1065.318,1102.751
1130,983.542,1120.133
1131,1133.035,914.724
1132,1053.916,992.548
1133,1014.086,1034.633
1134,1112.756,1055.331
1135,1119.971,959.443
1136,1097.021,995.334
1137,942.799,1098.581
1138,1041.907,953.582
1139,1121.265,1020.395
1140,1066.164,1144.336
1141,979.029,1033.492
1142,1034.147,968.626
1143,1031.046,1139.472
1144,1072.032,963.602
1145,1068.547,1051.468
1146,989.55,1065.473
1147,991.352,1093.088
1148,994.354,1103.856
1149,971.597,940.111
1150,979.677,928.537
1151,1116.607,1146.91
1152,1001.461,957.276
1153,1118.36,1110.657
1154,958.317,973.689
1155,1021.855,930.16
1156,949.913,996.751
1157,926.987,933.254
1158,1048.776,972.477
1159,1126.764,1138.322
1160,1065.186,965.996
1161,1087.683,982.02
1162,1115.353,1003.35
1163,1070.646,1085.461
1164,1073.346,1085.912
1165,982.918,935.104
1166,989.487,1137.606
1167,906.25,967.827
1168,974.673,1007.516
1169,1115.534,940.141
1170,923.155,901.451
1171,982.283,1079.353
1172,1010.647,1059.149
1173,1025.705,987.471
1174,999.284,907.259
1175,1135.949,1080.891
1176,921.486,947.929
1177,1093.578,1024.404
1178,1084.931,1085.675
1179,933.521,1103.446
1180,947.498,931.703
1181,1084.565,1101.613
1182,972.993,993.729
1183,1081.291,970.847
1184,1008.644,1146.045
1185,929.551,1133.786
1186,1119.695,1147.188
1187,958.554,946.757
1188,1006.815,939.932
1189,1129.086,1040.311
1190,1108.32,1020.342
1191,1022.151,1136.917
1192,928.384,953.624
1193,1111.96,1044.874
1194,1093.283,1146.762
1195,1090.758,1050.124
1196,1085.598,1030.576
1197,951.977,978.628
1198,1129.108,1029.153
1199,905.056,1058.024
1200,1146.4,1054.132
1201,1020.533,1011.448
1202,1055.306,1051.335
1203,1019.577,1123.768
1204,1119.588,1093.327
1205,1079.079,1077.412
1206,946.548,1020.132
1207,963.924,948.403
1208,1135.452,954.958
1209,1101.566,1106.321
1210,998.583,903.151
1211,941.515,1058.998
1212,1075.046,986.068
1213,1047.455,937.91
1214,1062.115,1093.215
1215,1093.441,1038.287
1216,1040.947,897.52
1217,963.868,999.027
1218,915.173,915.445
1219,1137.296,1068.565
1220,1038.166,1070.052
1221,1115.081,1056.373
1222,1004.181,995.498
1223,1140.596,1136.479
1224,935.12,1102.405
1225,1058.319,983.248
1226,1071.322,965.925
1227,1084.146,1037.298
1228,1043.839,911.175
1229,1123.713,1136.953
1230,1088.031,970.623
1231,1078.355,926.221
1232,1034.175,983.686
1233,1015.268,969.688
1234,914.761,1006.215
1235,956.609,940.976
1236,980.201,928.26
1237,902.557,1141.417
1238,910.877,1121.161
1239,1002.359,927.263
1240,1004.674,1024.297
1241,910.967,1033.228
1242,898.845,971.958
1243,1075.456,1108.976
1244,941.68,999.084
1245,1134.8,976.087
1246,926.61,958.954
1247,1114.261,983.529
1248,1064.038,1132.38
1249,1053.018,946.578
1250,1017.682,978.701
1251,1017.321,1051.391
1252,1141.991,1069.866
1253,1024.646,1100.556
1254,1024.279,945.501
1255,1065.228,964.891
1256,950.276,994.596
1257,1018.693,905.092
1258,987.55,1138.215
1259,1024.97,989.366
1260,1011.671,1072.287
1261,1023.208,998.644
1262,1042.721,966.141
1263,1068.356,1003.415
1264,1074.06,984.384
1265,1057.249,946.248
1266,1018.776,1020.575
1267,900.817,928.717
1268,1012.541,1089.06
1269,1100.681,1108.822
1270,1099.332,1139.644
1271,946.131,934.91
1272,931.799,1095.94
1273,944.599,976.512
1274,931.753,1125.116
1275,949.564,956.102
1276,1046.189,1073.487
1277,906.649,1042.547
1278,1030.006,1036.109
1279,1026.398,1097.219
1280,1103.455,1113.079
1281,980.044,907.475
1282,1015.131,903.668
1283,1056.768,1017.456
1284,1084.428,1106.15
1285,1080.869,1071.087
1286,980.548,1079.265
1287,1057.487,951.975
1288,1115.133,1015.644
1289,1030.296,946.599
1290,1105.622,1015.912
1291,1083.311,1108.384
1292,1027.29,1043.882
1293,1013.302,956.647
1294,1097.573,1128.094
1295,905.725,905.296
1296,1014.933,917.05
1297,1007.074,982.804
1298,957.465,1091.653
1299,1042.977,1128.343
1300,945.8,992.501
1301,1051.859,1090.967
1302,1004.399,943.688
1303,993.784,1039.589
1304,1139.791,1060.414
1305,1108.971,1106.276
1306,1004.586,1024.008
1307,1106.232,1078.533
1308,997.313,944.367
1309,1080.65,970.404
1310,963.471,959.969
1311,1069.37,1059.259
1312,1132.184,1044.966
1313,1018.361,1118.987
1314,931.787,1044.854
1315,1144.825,980.599
1316,935.192,925.558
1317,903.875,1080.818
1318,1000.525,1102.961
1319,1106.677,903.525
1320,973.947,963.226
1321,963.229,904.223
1322,961.004,982.298
1323,1010.582,1030.297
1324,1144.206,924.154
1325,930.671,1123.725
1326,969.223,1032.206
1327,973.581,1121.727
1328,1131.497,1040.122
1329,920.604,990.259
1330,1073.702,1039.067
1331,967.353,996.636
1332,912.455,998.293
1333,1103.97,994.193
1334,1014.028,939.116
1335,1075.879,1001.642
1336,993.723,1091.096
1337,971.484,916.474
1338,1058.159,1082.278
1339,910.297,983.634
1340,1119.386,1024.737
1341,999.2,929.666
1342,969.351,1044.34
1343,1126.671,1063.258
1344,1140.096,999.285
1345,914.315,982.606
1346,988.96,911.306
1347,917.442,1125.658
1348,1121.728,930.374
1349,917.608,1143.122
1350,938.851,972.708
1351,953.682,949.322
1352,904.817,1012.938
1353,1091.694,914.857
1354,1020.358,930.191
1355,1094.72,1123.981
1356,1116.602,1030.936
1357,932.56,1077.037
1358,914.51,1091.574
1359,972.209,1120.953
1360,968.499,1082.782
1361,1021.326,957.051
1362,1020.29,1005.069
1363,936.1,1034.146
1364,1030.587,1072.683
1365,982.242,1051.279
1366,946.756,1028.061
1367,957.19,1094.22
1368,944.908,970.036
1369,914.527,972.115
1370,1032.845,954.275
1371,927.335,1121.229
1372,974.912,951.198
1373,997.177,1108.149
1374,1084.39,1123.558
1375,1033.961,981.016
1376,1022.815,911.671
1377,1068.287,1107.557
1378,1126.812,1105.426
1379,1059.421,1098.839
1380,970.151,1038.093
1381,937.933,1132.016
1382,1025.587,941.259
1383,1144.035,1052.68
1384,950.313,1109.257
1385,1054.178,1053.229
1386,1117.314,976.292
1387,966.705,1040.129
1388,948.032,1072.397
1389,1016.733,947.279
1390,928.281,937.691
1391,1041.583,1126.514
1392,1097.029,1109.944
1393,1039.244,1098.063
1394,979.919,989.355
1395,1123.799,961.901
1396,1053.471,1039.445
1397,910.08,1039.123
1398,1097.085,1120.123
1399,1002.071,1122.561
1400,906.536,1124.578
1401,1067.872,1100.438
1402,1009.416,1044.442
1403,1104.199,953.121
1404,943.022,1086.043
1405,1116.889,954.141
1406,1034.243,1024.411
1407,975.029,1108.609
1408,967.992,1092.662
1409,1000.467,933.773
1410,1138.47,934.03
1411,922.541,904.388
1412,985.017,903.696
1413,935.934,1133.197
1414,960.833,1076.536
1415,950.557,900.366
1416,898.773,927.614
1417,1136.332,1011.654
1418,959.668,908.791
1419,1058.022,976.359
1420,942.251,1006.704
1421,1075.506,982.754
1422,1037.879,944.291
1423,1037.35,907.581
1424,1128.603,1130.014
1425,1041.528,1015.917
1426,996.699,1084.971
1427,1042.221,1075.118
1428,1008.227,997.398
1429,1078.476,942.433
1430,982.844,957.338
1431,948.677,1113.711
1432,975.336,1081.93
1433,909.183,1129.06
1434,1014.648,1083.753
1435,923.644,1048.498
1436,1100.763,969.551
1437,920.337,993.126
1438,1090.083,1088.249
1439,913.11,978.366
1440,1126.794,969.452
1441,918.634,1114.947
1442,1102.781,1008.852
1443,1071.898,1085.531
1444,1107.014,944.497
1445,1080.251,1128.801
1446,1094.984,1028.033
1447,995.88,1142.876
1448,1146.318,1098.972
1449,1024.123,1121.161
1450,1116.484,1023.596
1451,930.133,1050.668
1452,930.801,981.034
1453,1039.716,1022.96
1454,1058.661,1102.94
1455,1135.06,974.895
1456,1136.495,977.959
1457,984.487,1086.789
1458,1141.924,1024.279
1459,1096.74,1104.308
1460,976.056,1051.946
1461,1132.523,902.109
1462,928.162,1115.995
1463,1039.095,1002.351
1464,1096.093,1008.408
1465,931.876,984.854
1466,1087.91,1058.07
1467,1021.346,899.809
1468,1147.131,916.818
1469,966.825,1095.295
1470,1132.365,1069.682
1471,992.891,1084.363
1472,1064.7,1042.16
1473,1094.149,1035.746
1474,1032.071,961.838
1475,1092.153,923.851
1476,920.874,1054.996
1477,908.618,1116.566
1478,945.382,1014.235
1479,962.251,1017.997
1480,1051.68,946.39
1481,1033.506,1141.189
1482,934.524,951.842
1483,946.014,923.786
1484,900.083,1137.634
1485,1138.747,906.821
1486,1106.141,1042.323
1487,949.104,1118.522
1488,926.161,1057.686
1489,1065.782,1072.385
1490,956.441,934.502
1491,1055.381,970.742
1492,1048.972,1082.613
1493,905.156,1079.1
1494,1142.717,998.215
1495,1041.275,979.722
1496,1117.889,952.811
1497,922.077,1023.197
1498,1008.515,1040.093
1499,948.197,1130.068
1500,1031.16,994.614
1501,1084.546,906.656
1502,1128.185,1106.439
1503,961.456,1010.772
1504,906.803,1095.971
1505,1141.327,1046.666
1506,1142.572,1015.534
1507,1114.894,1108.762
1508,1129.358,1012.351
1509,1024.65,905.751
1510,1135.768,919.099
1511,1042.855,1048.284
1512,940.723,984.951
1513,972.287,899.293
1514,997.391,992.778
1515,1077.272,1072.584
1516,1134.935,1115.604
1517,961.318,1050.358
1518,1070.886,1095.0
1519,932.212,980.436
1520,1051.139,976.064
1521,1126.842,1001.009
1522,1074.629,914.167
1523,1122.374,1141.148
1524,1139.216,982.647
1525,1106.176,1143.775
1526,923.864,915.61
1527,1063.757,1145.078
1528,904.684,1107.298
1529,1062.708,1016.235
1530,932.817,1024.262
1531,1022.115,947.558
1532,1122.934,1082.707
1533,938.615,1052.998
1534,1047.121,1132.497
1535,1143.313,1120.323
1536,910.662,1002.713
1537,935.567,1085.473
1538,917.691,1104.94
1539,1051.562,1058.18
1540,1134.166,1115.132
1541,1080.748,1054.6
1542,1034.231,1027.005
1543,904.246,946.199
1544,1069.882,1001.126
1545,1010.198,1109.318
1546,993.94,1079.731
1547,1098.81,1105.816
1548,955.906,1049.494
1549,1014.21,1044.35
1550,918.666,944.651
1551,958.635,1093.839
1552,1093.584,993.117
1553,1048.993,1007.569
1554,1031.859,963.953
1555,983.303,1137.408
1556,1119.103,927.434
1557,926.845,1114.084
1558,1008.311,1057.653
1559,1048.385,1048.683
1560,1124.413,935.554
1561,1113.023,962.253
1562,916.052,971.523
1563,1026.237,1098.411
1564,1042.635,1140.478
1565,944.475,992.178
1566,1041.033,1045.293
1567,1071.735,1024.054
1568,922.282,1093.275
1569,1096.397,914.896
1570,1101.093,898.474
1571,1068.755,1053.252
1572,971.607,919.486
1573,961.663,1053.878
1574,1030.975,1101.187
1575,940.123,1052.717
1576,973.185,907.71
1577,943.992,924.811
1578,936.996,906.483
1579,1141.932,987.313
1580,1087.126,1002.96
1581,1025.264,960.172
1582,1134.08,950.078
1583,1137.927,1092.713
1584,1113.817,921.406
1585,1144.662,1060.869
1586,1042.425,1039.396
1587,1008.818,1136.314
1588,1143.225,1136.029
1589,932.501,1030.007
1590,1072.787,943.044
1591,1120.584,1085.813
1592,927.284,971.47
1593,1067.857,1118.265
1594,1147.546,966.32
1595,1106.849,1044.145
1596,987.893,957.296
1597,923.503,905.694
1598,1004.986,927.356
1599,948.167,977.805
1600,931.1,947.639
1601,961.321,1141.832
1602,1003.418,1051.978
1603,1032.744,1137.889
1604,1104.331,1129.53
1605,1115.789,1082.264
1606,1116.899,980.37
1607,1049.566,980.074
1608,1129.297,964.225
1609,1147.93,956.349
1610,982.296,1083.374
1611,1040.54,950.858
1612,928.911,1116.843
1613,949.017,1025.029
1614,1107.164,1018.932
1615,1016.696,938.154
1616,1131.935,1047.998
1617,1064.651,995.755
1618,1075.63,992.107
1619,941.848,986.404
1620,1088.2,1113.82
1621,1026.032,1062.574
1622,1131.555,1060.171
1623,1141.972,960.444
1624,1115.977,1085.462
1625,1040.204,1045.727
1626,939.144,901.215
1627,904.837,1120.632
1628,996.937,1048.035
1629,1008.083,1117.549
1630,1082.013,990.913
1631,1057.295,950.784
1632,1133.693,937.174
1633,1125.836,1031.563
1634,934.026,1143.938
1635,946.924,1067.273
1636,962.221,930.604
1637,1095.634,1120.468
1638,1120.889,1065.927
1639,1058.252,936.446
1640,1147.512,979.263
1641,1057.256,903.416
1642,976.408,1028.222
1643,1015.908,1000.75
1644,993.069,901.784
1645,1059.16,986.036
1646,925.303,989.46
1647,1065.165,1083.674
1648,1001.329,926.147
1649,1054.137,1047.6
1650,1018.371,1140.429
1651,988.949,1028.194
1652,904.552,930.365
1653,945.754,943.893
1654,940.816,924.196
1655,1127.777,1044.416
1656,1019.921,1038.021
1657,968.066,1114.47
1658,1081.689,1004.146
1659,902.529,897.059
1660,905.865,1079.193
1661,904.756,1009.843
1662,1027.107,990.029
1663,971.64,1132.888
1664,1136.525,1086.478
1665,1031.84,1135.928
1666,1073.194,955.007
1667,932.171,933.59
1668,923.063,994.823
1669,1049.546,949.366
1670,917.44,981.577
1671,1011.881,1117.757
1672,1120.691,1103.268
1673,962.312,1103.651
1674,967.484,1043.92
1675,1031.173,955.46
1676,1032.765,963.071
1677,1096.94,956.011
1678,1093.188,944.282
1679,899.186,1007.165
1680,1118.305,1056.409
1681,960.357,1023.935
1682,980.123,1063.284
1683,969.327,939.108
1684,1147.756,906.757
1685,931.125,977.135
1686,980.406,1036.041
1687,1021.249,935.915
1688,1105.259,1075.033
1689,942.808,939.464
1690,925.093,1025.358
1691,1056.744,1077.685
1692,956.825,1114.254
1693,1123.341,1015.721
1694,927.084,940.627
1695,1077.611,913.65
1696,1053.715,1076.81
1697,902.095,933.925
1698,957.445,1006.979
1699,1110.469,1097.477
1700,994.683,900.006
1701,1032.743,945.979
1702,969.584,1130.894
1703,969.24,996.067
1704,1065.738,1131.039
1705,912.351,1045.046
1706,1063.182,928.664
1707,922.589,980.673
1708,982.055,1072.314
1709,1140.107,1063.282
1710,1004.864,1147.221
1711,1131.479,1007.422
1712,1015.03,1026.912
1713,923.429,1058.621
1714,1075.829,1016.386
1715,1043.697,1125.038
1716,1053.096,1069.923
1717,1118.688,1081.241
1718,1011.917,1137.193
1719,1134.526,917.114
1720,1147.985,938.834
1721,1117.744,1058.194
1722,1093.017,983.91
1723,968.869,941.251
1724,927.494,925.611
1725,939.548,1102.827
1726,1032.011,1112.506
1727,1144.592,1007.368
1728,941.337,1122.003
1729,925.345,1026.025
1730,1109.05,928.296
1731,964.281,1060.526
1732,921.437,1114.204
1733,1084.652,1036.182
1734,1092.17,932.019
1735,1109.618,1032.217
1736,993.275,1101.344
1737,1011.742,907.797
1738,1072.319,906.135
1739,1038.227,951.639
1740,1000.236,1002.272
1741,1072.317,1057.075
1742,985.316,954.5
1743,1092.311,913.357
1744,1043.508,1079.499
1745,1054.742,903.611
1746,917.694,1058.244
1747,1094.397,1055.99
1748,1144.195,1072.753
1749,1003.937,1137.245
1750,956.637,924.906
1751,994.98,904.013
1752,1039.496,1030.975
1753,944.362,1050.254
1754,1014.819,1072.504
1755,1095.405,1097.53
1756,1068.572,921.992
1757,1041.084,1064.431
1758,946.049,990.281
1759,1027.787,965.113
1760,917.677,968.726
1761,1000.901,1091.11
1762,1144.434,1109.326
1763,1121.079,1143.785
1764,1025.515,1052.319
1765,904.246,1077.876
1766,1106.88,983.761
1767,1050.034,921.168
1768,1132.281,1004.58
1769,1012.078,952.656
1770,1115.499,1136.243
1771,1000.463,1028.285
1772,968.981,1073.432
1773,1052.498,1109.411
1774,901.434,1023.501
1775,1140.257,903.112
1776,1053.918,991.407
1777,926.056,972.348
1778,1138.668,950.834
1779,1016.156,1114.506
1780,924.47,902.601
1781,1048.372,1053.521
1782,906.45,1107.372
1783,1089.656,1046.512
1784,957.989,1128.755
1785,952.34,1147.818
1786,1035.336,1125.127
1787,1033.876,1049.048
1788,1133.342,1006.827
1789,975.606,1139.768
1790,1146.563,929.057
1791,1112.56,1088.005
1792,949.743,955.604
1793,911.557,1107.068
1794,917.345,1106.994
1795,1096.663,1144.68
1796,925.203,1100.401
1797,917.848,924.875
1798,1109.356,932.295
1799,1081.901,1144.586
1800,1018.152,1003.03
1801,1121.686,1056.8
1802,1144.066,1070.485
1803,1008.992,908.421
1804,1121.036,1086.38
1805,931.837,1070.354
1806,964.75,1007.397
1807,936.771,917.76
1808,1014.354,1076.341
1809,1075.444,1110.531
1810,1126.013,1084.111
1811,959.662,1091.474
1812,1081.263,926.073
1813,900.694,1125.847
1814,940.192,1115.599
1815,1134.663,1002.322
1816,1029.556,915.299
1817,916.3,1110.5
1818,1053.437,962.02
1819,945.135,916.183
1820,1089.161,965.307
1821,910.533,1103.672
1822,975.849,939.46
1823,1038.958,989.111
1824,1028.905,1012.055
1825,1032.801,963.978
1826,1022.899,1136.969
1827,949.969,1002.082
1828,1013.006,1010.074
1829,982.962,1054.6
1830,1131.265,934.671
1831,1009.203,1142.988
1832,897.213,1070.975
1833,989.3,1023.822
1834,1079.395,961.302
1835,913.61,1057.499
1836,1144.859,1011.209
1837,1131.816,1025.946
1838,1067.492,1063.043
1839,1089.529,1060.298
1840,1069.126,1075.727
1841,960.285,1118.584
1842,1049.968,1022.891
1843,1055.498,983.484
1844,957.283,1126.536
1845,950.202,986.772
1846,1045.469,1021.596
1847,920.151,965.315
1848,1089.342,931.523
1849,1017.878,924.579
1850,916.164,1142.577
1851,1007.362,1014.398
1852,915.405,937.33
1853,1026.447,1130.509
1854,1132.463,997.184
1855,1025.516,952.432
1856,1106.364,931.721
1857,973.822,945.135
1858,1082.533,1114.851
1859,1007.624,979.977
1860,1127.08,921.882
1861,1088.971,976.829
1862,1124.892,961.414
1863,1115.736,1110.697
1864,975.64,948.268
1865,1055.783,915.993
1866,1041.712,974.419
1867,1064.529,923.421
1868,1069.935,964.071
1869,1041.463,1078.311
1870,938.942,978.719
1871,1076.277,1069.91
1872,1120.795,904.362
1873,994.787,984.655
1874,1118.947,1022.361
1875,979.34,937.023
1876,1008.457,982.141
1877,902.265,1055.046
1878,1120.126,999.019
1879,1010.154,1117.625
1880,1136.663,1138.119
1881,1084.303,943.032
1882,987.888,982.232
1883,1098.247,1094.311
1884,1102.451,935.55
1885,953.881,1146.304
1886,982.376,1046.184
1887,1004.27,1077.081
1888,898.273,1099.638
1889,1125.219,1071.375
1890,985.314,1070.968
1891,949.955,1090.258
1892,1097.566,1045.999
1893,1085.764,1070.924
1894,1090.078,1123.667
1895,1087.646,1125.592
1896,1075.775,917.966
1897,947.238,1125.546
1898,919.222,1114.923
1899,1077.239,932.147
1900,1119.473,1076.752
1901,951.353,983.225
1902,1067.655,1053.779
1903,1043.281,1111.263
1904,976.875,1111.899
1905,1139.237,1110.502
1906,1006.618,958.484
1907,1022.631,996.689
1908,1064.462,919.165
1909,970.532,919.953
1910,927.845,974.963
1911,1032.823,1095.582
1912,990.95,1119.694
1913,1021.745,1137.295
1914,980.916,978.284
1915,937.513,1095.372
1916,1045.583,1135.324
1917,1021.608,1088.95
1918,938.296,1130.785
1919,915.406,944.487
1920,1145.357,914.735
1921,1137.531,1146.441
1922,913.14,1002.299
1923,1096.024,1140.457
1924,1032.68,1124.695
1925,1003.523,1084.302
1926,914.3,1061.685
1927,949.861,1078.376
1928,967.924,903.976
1929,1009.757,954.912
1930,1024.073,898.678
1931,1005.588,952.287
1932,987.449,1050.257
1933,1082.617,1017.961
1934,1004.3,969.045
1935,1049.778,1082.985
1936,957.059,928.651
1937,1073.538,964.03
1938,1086.917,1036.262
1939,920.272,983.152
1940,1131.017,1106.273
1941,1060.742,1147.098
1942,1146.218,1093.973
1943,1116.118,1022.48
1944,1121.259,968.794
1945,1133.761,1143.316
1946,1102.655,1137.982
1947,1068.071,1067.625
1948,925.043,1079.128
1949,918.874,1122.909
1950,1099.181,1116.854
1951,1082.717,966.782
1952,1048.088,1019.781
1953,1117.022,1046.945
1954,999.944,1077.131
1955,1092.605,1056.474
1956,989.995,1064.203
1957,1040.194,923.591
1958,965.028,933.761
1959,1025.586,925.114
1960,1088.812,1045.305
1961,931.444,1073.45
1962,1094.17,905.264
1963,1081.122,1016.0
1964,1122.591,1127.182
1965,1052.134,1096.773
1966,943.954,1082.345
1967,1072.622,1084.817
1968,1010.259,955.951
1969,992.309,938.933
1970,1062.96,1067.305
1971,1052.815,1094.636
1972,969.07,1049.225
1973,1097.166,1055.072
1974,941.015,968.69
1975,974.976,975.457
1976,1068.736,991.659
1977,949.063,1135.061
1978,1042.703,1125.447
1979,1005.093,926.69
1980,914.76,1125.904
1981,903.705,915.889
1982,1046.958,999.774
1983,906.788,982.548
1984,1044.418,938.361
1985,991.06,958.495
1986,1023.875,1119.892
1987,1044.85,1086.586
1988,1101.956,900.411
1989,921.9,1102.57
1990,1020.391,1001.544
1991,1113.659,960.517
1992,1017.33,1097.697
1993,1074.866,913.936
1994,962.411,1113.251
1995,1050.967,996.378
1996,1122.283,1029.421
1997,1118.113,965.398
1998,1051.072,992.003
1999,897.899,1062.267
2000,591.866,374.893
2001,364.371,479.083
2002,727.107,1110.716
2003,835.582,1084.109
2004,350.483,31.621
2005,179.448,964.447
2006,117.148,872.063
2007,1137.149,903.822
2008,563.444,235.726
2009,964.706,220.874
2010,9.634,550.477
2011,1059.419,1143.645
2012,590.631,48.607
2013,535.325,504.143
2014,751.829,434.14
2015,468.102,981.769
2016,915.563,288.811
2017,626.497,53.243
2018,577.999,16.844
2019,724.878,446.731
2020,1069.927,582.171
2021,192.897,869.355
2022,449.855,639.024
2023,834.808,461.822
2024,607.759,58.586
2025,355.967,85.265
2026,571.795,554.634
2027,244.384,415.768
2028,13.667,1089.135
2029,995.833,359.026
2030,1137.32,838.62
2031,585.878,353.026
2032,805.827,952.036
2033,906.492,517.233
2034,1002.745,250.971
2035,909.906,1125.739
2036,49.243,191.875
2037,777.617,775.594
2038,162.619,26.681
2039,1066.067,1135.717
2040,1046.698,74.188
2041,856.879,511.97
2042,424.596,347.027
2043,815.975,457.942
2044,192.462,38.672
2045,58.711,485.559
2046,832.925,660.667
2047,1107.218,1016.698
2048,1026.656,619.844
2049,593.005,797.375
2050,728.541,201.659
2051,629.132,524.813
2052,568.803,562.022
2053,584.01,696.474
2054,360.398,177.844
2055,1143.989,863.71
2056,323.399,950.856
2057,901.085,380.705
2058,327.692,226.387
2059,21.542,287.014
2060,1045.834,1114.697
2061,725.649,1118.958
2062,61.593,628.979
2063,1114.264,304.295
2064,28.242,1069.992
2065,699.579,1073.809
2066,97.042,955.014
2067,672.235,994.798
2068,362.218,34.51
2069,727.748,393.591
2070,181.798,179.561
2071,107.318,697.876
2072,892.133,107.557
2073,220.779,945.199
2074,282.647,676.116
2075,216.727,938.799
2076,669.322,103.569
2077,388.58,769.972
2078,274.157,152.102
2079,456.659,26.7
2080,68.545,133.408
2081,345.332,936.604
2082,1026.653,454.765
2083,849.935,946.912
2084,1118.577,257.394
2085,804.623,1029.682
2086,857.14,50.632
2087,957.692,882.942
2088,686.94,49.048
2089,94.51,10.584
2090,636.26,687.398
2091,118.141,958.821
2092,470.319,161.043
2093,673.335,304.714
2094,247.926,243.709
2095,904.955,115.246
2096,272.932,161.225
2097,765.492,778.278
2098,492.727,178.733
2099,25.09,1065.992
2100,692.336,71.208
2101,732.36,957.156
2102,235.554,1084.604
2103,194.995,506.086
2104,503.322,1105.692
2105,552.368,847.36
2106,829.542,325.914
2107,529.568,530.116
2108,381.792,228.498
2109,190.062,1135.071
2110,1063.625,186.358
2111,1140.795,392.201
2112,872.606,537.849
2113,543.036,489.518
2114,40.058,598.716
2115,292.607,1056.212
2116,725.797,324.499
2117,961.37,670.193
2118,730.009,846.621
2119,838.585,249.627
2120,996.828,852.7
2121,871.851,854.034
2122,270.317,1126.233
2123,835.166,1051.52
2124,327.931,353.698
2125,1011.588,1145.629
2126,802.469,172.394
2127,332.344,624.012
2128,12.28,388.825
2129,651.136,1063.357
2130,792.394,1024.541
2131,238.289,1001.248
2132,252.533,290.572
2133,755.902,282.576
2134,16.055,805.904
2135,75.882,734.696
2136,120.577,582.249
2137,1031.901,481.267
2138,236.067,1023.719
2139,1053.179,545.9
2140,848.27,282.11
2141,24.528,259.703
2142,685.757,900.658
2143,167.854,163.784
2144,343.125,299.939
2145,404.462,860.786
2146,419.542,854.877
2147,750.838,1050.424
2148,676.905,1116.305
2149,429.655,628.129
2150,231.012,236.442
2151,404.722,980.181
2152,1036.411,525.877
2153,405.446,377.625
2154,650.678,528.471
2155,1139.901,790.687
2156,414.452,649.025
2157,534.554,1101.427
2158,213.086,923.221
2159,326.581,452.152
2160,48.47,288.813
2161,367.528,304.939
2162,728.016,141.474
2163,352.479,624.159
2164,612.674,673.665
2165,200.702,300.578
2166,884.302,1137.1
2167,195.018,99.994
2168,1010.641,1145.503
2169,463.354,1105.797
2170,683.099,1035.384
2171,50.874,27.24
2172,963.647,537.376
2173,125.312,888.382
2174,3.413,223.746
2175,852.585,852.695
2176,590.757,700.557
2177,683.997,299.682
2178,404.272,714.591
2179,270.213,907.119
2180,1052.743,720.94
2181,191.482,327.434
2182,676.452,513.124
2183,453.236,23.369
2184,448.61,431.42
2185,132.284,1132.81
2186,889.019,1108.236
2187,285.456,783.805
2188,825.516,285.435
2189,683.579,830.12
2190,681.395,626.938
2191,292.075,305.29
2192,369.98,575.253
2193,480.469,238.342
2194,67.291,1138.377
2195,410.991,1017.106
2196,1027.524,188.248
2197,216.858,265.727
2198,5.228,255.577
2199,706.879,805.297
2200,200.499,605.808
2201,738.9,830.764
2202,786.297,869.127
2203,101.659,150.701
2204,832.818,514.084
2205,813.647,835.551
2206,887.004,818.277
2207,489.161,1034.802
2208,769.996,554.509
2209,946.708,395.232
2210,397.181,682.757
2211,1125.538,220.186
2212,334.784,120.218
2213,747.299,548.747
2214,549.569,411.526
2215,422.305,666.789
2216,184.088,551.018
2217,170.262,586.648
2218,570.592,473.152
2219,363.329,918.78
2220,271.477,606.167
2221,1108.23,421.707
2222,483.806,784.359
2223,571.93,897.265
2224,1018.909,271.02
2225,577.725,544.436
2226,526.084,732.179
2227,221.704,323.181
2228,283.492,501.259
2229,362.421,344.577
2230,1086.461,710.82
2231,363.893,113.449
2232,728.649,691.814
2233,656.292,53.761
2234,695.749,915.58
2235,649.873,768.564
2236,407.641,437.298
2237,300.169,877.695
2238,854.79,621.04
2239,586.54,338.385
2240,1117.306,46.639
2241,649.338,355.415
2242,921.285,1110.385
2243,672.332,829.156
2244,237.7,1135.957
2245,519.523,1001.3
2246,33.185,381.87
2247,801.881,199.134
2248,13.219,376.195
2249,800.172,990.083
2250,217.158,682.357
2251,998.29,876.553
2252,732.09,564.517
2253,262.809,317.758
2254,648.323,348.837
2255,806.634,286.29
2256,716.554,243.603
2257,788.436,1015.653
2258,1023.146,482.4
2259,1064.299,161.981
2260,451.939,329.26
2261,448.449,65.566
2262,414.761,685.526
2263,861.58,511.336
2264,1059.942,775.402
2265,851.004,963.005
2266,409.442,877.852
2267,554.413,331.4
2268,769.061,811.395
2269,57.912,819.823
2270,1095.798,40.278
2271,1085.671,489.661
2272,1068.76,452.496
2273,523.487,753.485
2274,347.366,269.69
2275,754.662,389.725
2276,31.23,335.03
2277,1028.985,845.116
2278,155.306,585.875
2279,689.539,201.594
2280,944.045,1118.543
2281,755.936,904.572
2282,465.769,286.638
2283,777.25,1004.365
2284,844.429,174.691
2285,1145.332,1039.496
2286,792.959,247.433
2287,199.296,136.168
2288,899.579,632.02
2289,1135.004,201.488
2290,415.344,323.127
2291,976.935,879.055
2292,836.731,570.235
2293,310.588,458.119
2294,132.846,818.502
2295,695.047,620.646
2296,1000.543,153.257
2297,722.667,125.428
2298,294.217,749.592
2299,589.212,1002.353
2300,259.482,413.698
2301,434.924,341.95
2302,776.11,387.356
2303,460.543,901.912
2304,89.929,751.215
2305,569.925,472.768
2306,506.844,198.12
2307,150.099,825.472
2308,373.198,287.596
2309,233.362,724.333
2310,802.597,697.931
2311,30.109,507.587
2312,477.735,203.877
2313,855.328,464.0
2314,968.875,567.725
2315,278.36,996.157
2316,68.622,401.604
2317,417.86,127.641
2318,733.491,347.274
2319,1082.247,1046.074
2320,48.927,226.456
2321,766.11,811.061
2322,265.48,387.945
2323,1131.641,1073.7
2324,419.42,807.012
2325,1114.177,754.084
2326,482.526,1072.963
2327,669.382,775.736
2328,1036.823,63.739
2329,126.538,76.704
2330,319.717,1115.287
2331,823.007,418.218
2332,690.71,506.183
2333,560.063,399.367
2334,1062.583,858.455
2335,68.935,700.367
2336,1075.469,443.608
2337,149.01,59.665
2338,618.739,428.156
2339,630.539,785.676
2340,500.343,698.217
2341,685.461,656.277
2342,594.28,243.328
2343,313.426,775.331
2344,1077.119,122.992
2345,61.667,518.935
2346,1080.682,1010.968
2347,255.677,704.701
2348,85.234,925.211
2349,80.143,1083.015
2350,409.543,357.104
2351,394.438,133.426
2352,411.715,243.939
2353,39.447,539.789
2354,957.417,870.639
2355,624.297,141.598
2356,525.61,293.915
2357,530.829,1010.816
2358,225.559,613.001
2359,539.14,507.89
2360,82.497,1051.166
2361,1026.214,250.38
2362,993.383,523.55
2363,985.94,355.96
2364,66.661,1133.654
2365,416.11,50.384
2366,255.476,383.85
2367,955.527,1109.979
2368,316.698,141.925
2369,136.544,1132.238
2370,545.777,151.745
2371,356.409,590.271
2372,720.471,613.579
2373,888.954,514.059
2374,965.212,786.806
2375,696.349,114.951
2376,366.075,320.446
2377,1003.282,1000.75
2378,806.526,782.298
2379,158.732,20.84
2380,91.694,513.718
2381,333.679,1138.186
2382,112.368,715.425
2383,355.814,211.541
2384,933.453,943.334
2385,549.886,556.272
2386,134.963,691.791
2387,858.828,1017.992
2388,942.541,925.952
2389,224.416,1058.063
2390,103.45,273.555
2391,626.949,817.791
2392,735.043,706.807
2393,820.66,462.709
2394,51.602,328.098
2395,665.169,824.616
2396,465.829,632.564
2397,978.841,708.121
2398,550.64,465.262
2399,120.5,429.594
2400,1118.538,584.006
2401,531.546,756.329
2402,263.706,510.794
2403,282.115,605.104
2404,584.159,914.92
2405,871.725,417.434
2406,1136.793,650.098
2407,447.107,187.495
2408,20.279,408.345
2409,704.473,312.017
2410,150.269,546.129
2411,149.153,253.741
2412,573.261,829.802
2413,390.928,790.044
2414,367.2,161.07
2415,913.084,744.187
2416,754.369,854.791
2417,589.055,77.953
2418,173.722,622.219
2419,755.107,43.75
2420,841.214,1050.618
2421,692.315,1015.217
2422,563.633,864.796
2423,31.538,613.629
2424,858.901,906.87
2425,1058.462,467.533
2426,57.343,855.178
2427,1131.626,1081.617
2428,992.271,28.33
2429,784.056,1058.764
2430,347.204,710.332
2431,681.62,440.407
2432,1055.633,109.036
2433,199.092,858.933
2434,878.783,553.841
2435,998.353,223.716
2436,287.043,47.943
2437,961.235,348.071
2438,701.419,555.203
2439,623.928,313.765
2440,141.293,921.514
2441,511.505,399.883
2442,621.925,57.03
2443,856.002,390.061
2444,374.758,305.783
2445,51.922,838.897
2446,766.58,923.144
2447,543.415,989.342
2448,465.955,616.112
2449,935.577,351.521
2450,541.002,407.655
2451,65.547,1108.892
2452,971.975,897.962
2453,16.011,1041.03
2454,149.07,1042.553
2455,426.332,21.11
2456,870.552,30.387
2457,946.258,155.372
2458,951.282,54.19
2459,145.46,789.401
2460,700.394,829.627
2461,146.024,647.874
2462,977.345,932.103
2463,976.452,800.766
2464,938.039,585.802
2465,545.137,694.922
2466,941.248,215.202
2467,316.052,955.543
2468,272.687,139.419
2469,916.661,1124.874
2470,149.5,48.35
2471,585.236,658.208
2472,748.643,705.483
2473,557.95,120.59
2474,414.741,545.149
2475,1134.128,570.519
2476,744.609,755.608
2477,711.996,771.806
2478,128.233,258.717
2479,233.41,494.118
2480,348.084,1024.161
2481,109.433,70.262
2482,852.96,73.979
2483,59.076,300.292
2484,450.302,575.509
2485,677.039,861.804
2486,1061.936,298.543
2487,519.946,442.566
2488,215.547,643.194
2489,976.525,255.75
2490,186.641,98.258
2491,462.154,1147.835
2492,733.413,135.188
2493,1112.803,247.777
2494,515.574,685.366
2495,1116.364,1001.318
2496,398.029,1101.455
2497,682.132,940.377
2498,356.797,724.035
2499,832.672,1140.735
2500,971.903,689.378
2501,93.809,828.593
2502,144.768,1071.116
2503,1093.479,994.588
2504,122.47,691.657
2505,729.634,897.775
2506,989.251,148.611
2507,229.059,6.955
2508,1129.169,556.198
2509,685.292,998.212
2510,217.782,376.485
2511,748.347,394.467
2512,852.087,466.953
2513,669.795,631.385
2514,436.465,1117.781
2515,946.116,326.187
2516,635.617,694.87
2517,268.254,185.324
2518,484.289,676.185
2519,960.137,632.1
2520,572.831,531.472
2521,46.936,361.048
2522,884.266,739.232
2523,98.129,1019.619
2524,1008.422,978.289
2525,867.605,378.333
2526,303.558,429.44
2527,480.22,62.946
2528,225.205,789.616
2529,971.477,79.642
2530,201.663,279.358
2531,949.207,546.427
2532,337.828,704.298
2533,839.966,662.202
2534,681.693,916.338
2535,632.799,734.433
2536,489.231,995.988
2537,1068.914,645.294
2538,705.121,1014.022
2539,135.244,400.62
2540,387.409,675.164
2541,892.989,677.86
2542,646.56,893.462
2543,413.642,767.564
2544,882.356,537.96
2545,868.397,21.587
2546,708.508,835.358
2547,798.884,124.011
2548,595.812,730.135
2549,816.958,1090.034
2550,130.743,248.477
2551,765.984,50.184
2552,506.431,59.219
2553,726.854,725.803
2554,124.437,168.654
2555,391.655,356.985
2556,563.547,675.885
2557,377.539,26.164
2558,71.443,982.231
2559,220.124,1081.829
2560,490.153,196.884
2561,655.388,89.622
2562,283.572,678.614
2563,423.179,96.135
2564,750.047,290.493
2565,1104.04,222.875
2566,194.137,327.672
2567,925.535,1006.404
2568,927.566,259.846
2569,459.567,620.346
2570,606.02,1071.601
2571,891.035,580.336
2572,165.153,1144.174
2573,1138.648,943.169
2574,863.497,860.234
2575,1078.345,862.738
2576,668.039,624.525
2577,701.973,62.483
2578,709.138,115.16
2579,998.104,124.997
2580,322.269,857.384
2581,179.752,221.301
2582,564.349,1077.272
2583,1120.739,100.13
2584,21.464,199.773
2585,913.996,745.347
2586,961.854,583.704
2587,491.955,953.935
2588,426.659,943.451
2589,665.439,123.004
2590,33.949,556.328
2591,385.175,1129.438
2592,58.132,552.423
2593,858.193,362.97
2594,781.218,442.948
2595,254.778,87.446
2596,675.78,771.527
2597,639.001,387.979
2598,117.131,204.204
2599,997.591,437.902
2600,696.029,197.046
2601,279.128,78.849
2602,1136.175,304.995
2603,495.557,185.665
2604,505.382,1116.613
2605,439.363,7.085
2606,471.314,700.037
2607,392.653,46.325
2608,780.718,500.976
2609,1031.076,1116.595
2610,701.768,875.646
2611,850.419,88.888
2612,690.073,884.452
2613,900.948,673.115
2614,855.043,923.262
2615,946.437,265.048
2616,1130.677,1012.051
2617,109.326,344.743
2618,102.284,604.644
2619,168.721,505.976
2620,407.918,668.659
2621,362.078,129.379
2622,3.6,1035.46
2623,440.416,737.321
2624,84.798,82.194
2625,614.988,732.711
2626,1064.955,305.649
2627,1007.076,1116.453
2628,431.644,658.437
2629,103.115,769.163
2630,914.235,954.262
2631,698.181,381.523
2632,162.839,490.668
2633,718.167,46.182
2634,376.033,985.489
2635,691.847,1054.147
2636,134.315,584.637
2637,278.886,733.924
2638,1111.627,730.34
2639,1099.422,875.577
2640,239.862,954.421
2641,773.931,765.532
2642,1049.738,151.185
2643,881.579,981.732
2644,6.394,668.052
2645,584.08,511.317
2646,374.195,109.722
2647,607.329,988.837
2648,901.126,21.684
2649,667.645,403.088
2650,1024.867,931.36
2651,446.17,306.208
2652,35.392,494.063
2653,195.076,888.33
2654,587.213,581.981
2655,105.774,150.131
2656,220.385,188.139
2657,135.703,377.455
2658,625.153,588.159
2659,479.601,581.332
2660,66.594,470.307
2661,757.768,26.73
2662,764.032,1051.728
2663,1119.325,1111.48
2664,365.065,353.026
2665,96.058,72.376
2666,764.168,554.833
2667,50.447,834.726
2668,969.185,729.916
2669,460.962,386.935
2670,55.701,294.38
2671,1134.14,976.361
2672,194.681,986.052
2673,27.19,214.205
2674,429.414,205.249
2675,935.916,904.625
2676,888.217,701.455
2677,737.282,1060.429
2678,925.354,769.523
2679,1147.429,10.15
2680,498.611,592.25
2681,861.245,156.083
2682,522.319,614.743
2683,713.444,901.828
2684,539.056,1104.151
2685,211.754,989.102
2686,667.56,889.23
2687,1040.41,961.539
2688,995.139,477.264
2689,230.342,496.813
2690,560.07,622.14
2691,790.245,1077.048
2692,53.368,155.714
2693,279.659,424.254
2694,405.733,20.37
2695,216.773,240.509
2696,631.175,346.023
2697,969.566,10.916
2698,811.444,417.257
2699,912.574,259.879
2700,1067.569,229.601
2701,176.434,1030.029
2702,783.349,883.228
2703,507.918,1054.691
2704,1039.509,942.261
2705,923.326,1070.326
2706,177.217,953.226
2707,181.12,761.007
2708,312.67,453.029
2709,313.049,143.72
2710,606.935,1003.827
2711,410.146,209.791
2712,927.214,300.397
2713,119.894,58.463
2714,803.707,1102.134
2715,791.128,660.683
2716,813.639,864.034
2717,1138.173,730.608
2718,176.302,1147.856
2719,788.198,457.029
2720,1030.487,1025.467
2721,452.349,481.752
2722,180.953,1089.529
2723,809.391,753.329
2724,250.852,856.63
2725,1086.759,994.552
2726,529.081,100.832
2727,741.646,61.851
2728,493.675,480.116
2729,1071.485,858.129
2730,142.763,625.742
2731,745.937,283.552
2732,670.133,60.249
2733,841.856,679.223
2734,1054.394,1043.848
2735,343.891,64.524
2736,758.671,783.721
2737,850.397,366.159
2738,468.791,926.273
2739,691.308,318.865
2740,133.526,817.78
2741,343.459,1072.38
2742,964.06,509.468
2743,247.619,30.056
2744,618.09,826.007
2745,105.848,489.288
2746,429.929,544.054
2747,682.647,521.199
2748,798.274,260.983
2749,843.812,553.98
2750,674.009,709.801
2751,1035.599,1118.531
2752,18.11,815.025
2753,613.356,735.246
2754,271.619,507.623
2755,479.898,470.622
2756,1051.243,348.483
2757,515.582,53.824
2758,382.079,287.951
2759,450.252,183.418
2760,336.997,390.166
2761,532.488,538.419
2762,733.553,737.175
2763,545.003,485.035
2764,592.615,749.938
2765,410.383,1132.222
2766,927.345,970.106
2767,165.825,253.347
2768,710.76,997.328
2769,518.12,933.936
2770,691.237,6.415
2771,1117.072,1047.101
2772,436.474,933.507
2773,236.111,740.941
2774,736.207,449.852
2775,978.727,148.099
2776,207.735,654.454
2777,834.848,28.202
2778,777.874,257.7
2779,600.835,576.207
2780,843.558,464.954
2781,894.551,353.285
2782,1089.204,407.493
2783,192.529,371.136
2784,1080.276,795.599
2785,373.39,124.814
2786,791.534,824.849
2787,158.389,420.837
2788,936.003,707.75
2789,1106.226,702.066
2790,199.548,589.499
2791,825.931,1147.015
2792,358.051,169.373
2793,957.179,818.545
2794,150.651,546.801
2795,1096.055,510.186
2796,622.18,112.433
2797,1128.509,428.296
2798,625.023,346.238
2799,1082.032,479.899
2800,747.206,929.85
2801,934.868,578.33
2802,960.27,807.181
2803,396.874,564.853
2804,637.145,645.368
2805,774.773,478.233
2806,950.902,997.217
2807,196.655,876.096
2808,192.233,420.478
2809,871.665,35.922
2810,1119.052,251.044
2811,980.54,655.994
2812,616.568,1071.988
2813,401.075,1098.521
2814,850.703,568.163
2815,546.853,928.689
2816,60.82,263.938
2817,405.587,805.692
2818,1063.553,770.086
2819,177.066,985.327
2820,1124.415,910.855
2821,342.964,901.298
2822,141.253,664.737
2823,820.509,618.895
2824,374.146,641.816
2825,706.587,516.42
2826,332.981,221.576
2827,1096.608,1077.304
2828,152.666,213.707
2829,633.756,942.986
2830,673.478,1133.718
2831,391.734,467.684
2832,197.367,888.669
2833,270.491,277.883
2834,1055.841,195.143
2835,383.775,987.936
2836,296.875,254.001
2837,1020.257,1040.574
2838,407.835,783.155
2839,708.161,886.827
2840,759.586,159.036
2841,792.713,184.601
2842,948.925,91.379
2843,218.341,577.371
2844,943.916,408.477
2845,448.519,176.288
2846,794.835,352.807
2847,363.308,24.257
2848,289.878,188.586
2849,130.697,245.281
2850,961.279,583.388
2851,1053.552,639.997
2852,565.466,653.575
2853,802.875,247.573
2854,298.332,735.02
2855,754.05,580.735
2856,499.845,961.66
2857,163.895,126.955
2858,761.452,903.971
2859,380.339,1103.985
2860,340.12,292.599
2861,749.646,652.462
2862,35.495,96.811
2863,129.835,402.546
2864,30.783,864.123
2865,736.977,647.097
2866,304.83,180.744
2867,1073.978,522.871
2868,341.247,526.629
2869,624.954,1025.871
2870,605.738,306.987
2871,93.731,994.68
2872,930.222,807.855
2873,249.642,1017.981
2874,565.565,805.038
2875,39.707,588.417
2876,903.173,927.354
2877,914.944,496.911
2878,287.507,991.056
2879,1042.242,1066.809
2880,603.689,1048.24
2881,16.496,1027.758
2882,219.588,227.19
2883,493.154,748.907
2884,304.927,227.271
2885,965.099,659.579
2886,505.255,883.158
2887,751.083,1050.444
2888,453.821,175.908
2889,81.706,761.776
2890,370.54,56.465
2891,610.874,694.138
2892,1049.529,335.596
2893,401.69,1051.391
2894,776.454,172.033
2895,429.874,211.442
2896,816.093,776.102
2897,541.732,52.935
2898,585.103,286.253
2899,590.445,257.287
2900,85.88,1019.416
2901,715.521,943.867
2902,721.21,41.11
2903,1135.686,284.71
2904,36.142,339.77
2905,100.912,461.623
2906,792.658,584.664
2907,553.476,1129.704
2908,543.933,1093.171
2909,791.679,477.16
2910,982.728,242.392
2911,232.447,1040.462
2912,413.124,530.722
2913,761.941,1060.648
2914,636.565,1100.927
2915,809.489,724.61
2916,712.05,292.208
2917,1007.796,259.847
2918,1049.979,837.494
2919,400.595,176.151
2920,905.415,775.441
2921,967.088,212.268
2922,194.894,218.863
2923,586.117,868.748
2924,424.308,122.801
2925,557.161,509.21
2926,942.448,1137.371
2927,593.694,318.502
2928,226.825,10.025
2929,30.379,205.837
2930,281.953,460.329
2931,951.428,1000.461
2932,975.413,737.254
2933,1127.982,1089.821
2934,316.551,440.765
2935,1125.978,1136.633
2936,399.139,289.567
2937,920.619,85.257
2938,1120.267,240.039
2939,904.144,702.821
2940,536.988,998.881
2941,282.825,814.654
2942,267.957,882.752
2943,714.046,764.013
2944,912.961,530.992
2945,754.1,938.129
2946,1043.636,720.031
2947,67.355,543.82
2948,1029.092,801.517
2949,192.382,880.079
2950,858.087,135.168
2951,165.838,652.879
2952,260.434,23.04
2953,977.04,1060.921
2954,1103.989,285.561
2955,1103.567,86.594
2956,878.106,402.78
2957,585.566,1124.327
2958,838.613,407.226
2959,853.005,467.626
2960,613.499,67.575
2961,1133.632,59.146
2962,7.438,284.799
2963,802.179,854.666
2964,132.245,342.13
2965,588.223,1062.866
2966,254.245,183.648
2967,383.855,198.265
2968,1087.032,1058.152
2969,33.975,766.262
2970,410.684,135.334
2971,962.74,329.56
2972,15.325,285.922
2973,927.996,191.557
2974,1143.155,662.07
2975,941.326,926.668
2976,872.859,782.075
2977,170.655,1000.307
2978,95.028,412.657
2979,1077.515,878.404
2980,307.868,1114.505
2981,759.223,85.277
2982,631.669,374.15
2983,1040.457,100.577
2984,607.472,256.297
2985,727.858,176.046
2986,203.661,945.822
2987,657.567,504.984
2988,58.957,80.371
2989,696.332,343.025
2990,991.578,273.509
2991,1019.289,1069.964
2992,26.335,541.176
2993,514.932,741.722
2994,1094.293,41.942
2995,1009.306,498.766
2996,425.816,791.389
2997,365.066,121.721
2998,37.914,56.926
2999,1129.852,186.457
3000,815.085,505.727
3001,1044.654,244.118
3002,175.451,239.08
3003,519.934,31.442
3004,475.763,530.375
3005,749.855,881.584
3006,968.151,264.81
3007,966.86,1123.556
3008,1074.272,329.836
3009,820.413,231.62
3010,979.68,623.976
3011,338.193,195.845
3012,1113.921,163.762
3013,145.003,1026.789
3014,1005.52,30.232
3015,857.862,1040.733
3016,959.621,137.282
3017,1027.135,144.925
3018,177.215,467.846
3019,967.774,532.963
3020,1000.948,13.878
3021,1053.482,827.514
3022,1070.704,189.918
3023,154.346,563.59
3024,231.933,760.275
3025,756.882,1097.407
3026,290.996,632.981
3027,1117.538,767.264
3028,284.86,999.717
3029,519.929,815.554
3030,365.824,827.399
3031,1138.631,985.22
3032,661.236,380.374
3033,185.751,646.742
3034,295.825,996.269
3035,259.604,401.741
3036,444.649,1000.205
3037,641.145,143.272
3038,20.55,235.439
3039,658.069,702.319
3040,626.337,760.944
3041,347.691,547.121
3042,1106.605,1047.624
3043,950.026,309.53
3044,1120.522,1091.682
3045,2.888,71.961
3046,301.055,987.05
3047,547.868,657.157
3048,288.073,156.926
3049,717.038,982.409
3050,786.056,873.458
3051,28.195,391.794
3052,1098.11,1044.017
3053,607.12,571.633
3054,964.406,198.675
3055,1139.603,869.715
3056,748.469,505.5
3057,731.518,1066.129
3058,520.599,600.068
3059,393.245,994.539
3060,520.599,492.747
3061,267.097,1104.349
3062,1120.034,873.984
3063,475.032,221.933
3064,64.706,179.202
3065,717.828,732.176
3066,1040.264,263.079
3067,1052.722,1056.979
3068,920.583,756.193
3069,302.76,548.867
3070,946.154,498.767
3071,946.398,975.836
3072,823.928,231.79
3073,712.488,44.709
3074,184.334,96.788
3075,216.167,452.428
3076,246.165,416.791
3077,510.531,218.76
3078,216.263,1128.854
3079,204.218,1122.729
3080,478.665,651.477
3081,959.024,121.596
3082,1040.423,523.953
3083,105.4,342.076
3084,917.544,418.314
3085,986.22,997.307
3086,983.473,719.519
3087,854.281,891.169
3088,1005.083,1092.779
3089,51.358,1110.268
3090,1135.45,469.588
3091,735.394,981.924
3092,918.036,126.217
3093,962.888,294.856
3094,818.932,359.89
3095,970.682,332.029
3096,116.385,507.099
3097,407.974,161.21
3098,1118.138,1102.52
3099,772.354,929.947
3100,724.369,430.925
3101,547.226,214.768
3102,26.809,940.744
3103,651.753,660.565
3104,511.241,872.422
3105,905.921,791.956
3106,867.058,909.995
3107,953.98,1037.977
3108,585.03,322.003
3109,881.903,443.358
3110,103.562,97.803
3111,1063.006,40.356
3112,1067.096,541.866
3113,1084.781,433.99
3114,565.742,468.321
3115,287.815,718.72
3116,407.275,553.569
3117,133.245,883.544
3118,24.642,829.858
3119,285.24,39.47
3120,567.165,1024.605
3121,539.758,81.685
3122,432.293,831.993
3123,1145.742,103.032
3124,645.091,98.253
3125,509.199,979.007
3126,725.518,725.84
3127,457.632,812.96
3128,697.118,637.341
3129,1067.938,611.456
3130,380.267,318.097
3131,449.537,1061.906
3132,482.452,48.592
3133,1058.47,881.505
3134,980.62,817.966
3135,1034.223,171.047
3136,976.128,39.809
3137,1103.19,265.632
3138,166.081,570.85
3139,745.805,972.374
3140,583.14,1031.145
3141,288.258,45.716
3142,339.956,258.952
3143,651.774,1048.603
3144,949.131,660.682
3145,88.394,687.625
3146,809.427,823.975
3147,44.254,248.899
3148,647.598,677.467
3149,1082.574,1057.701
3150,846.643,519.969
3151,849.978,534.591
3152,200.289,710.655
3153,661.146,264.82
3154,161.941,477.278
3155,771.972,896.414
3156,57.308,18.699
3157,160.462,372.74
3158,459.284,345.678
3159,237.557,830.578
3160,729.495,435.323
3161,519.117,591.69
3162,441.063,720.794
3163,386.419,36.387
3164,75.552,33.463
3165,936.034,697.716
3166,702.386,391.207
3167,619.76,672.585
3168,310.609,118.088
3169,108.137,478.199
3170,806.505,695.429
3171,166.252,504.785
3172,95.959,636.732
3173,1126.079,499.164
3174,650.389,649.081
3175,305.242,522.866
3176,516.376,280.5
3177,511.352,698.234
3178,399.804,793.441
3179,1036.344,609.328
3180,890.443,1074.582
3181,957.832,771.766
3182,1074.67,480.274
3183,112.84,122.828
3184,1139.092,279.28
3185,273.753,152.804
3186,225.472,117.649
3187,659.959,595.309
3188,882.803,998.418
3189,444.108,399.913
3190,471.709,611.666
3191,476.187,1047.755
3192,655.325,380.086
3193,1015.302,655.92
3194,586.953,214.687
3195,427.878,565.059
3196,982.182,909.197
3197,13.963,156.002
3198,334.919,394.566
3199,299.082,991.583
3200,994.132,185.745
3201,188.386,280.728
3202,261.987,120.839
3203,67.155,1031.407
3204,441.958,720.805
3205,1016.133,1090.52
3206,856.678,543.998
3207,560.069,220.881
3208,394.182,1117.717
3209,57.759,1108.769
3210,239.917,872.162
3211,426.084,1083.325
3212,441.879,652.25
3213,196.331,586.802
3214,182.609,800.103
3215,691.253,48.917
3216,120.3,1030.069
3217,679.883,147.232
3218,64.376,318.794
3219,1076.637,250.65
3220,994.307,957.105
3221,62.446,594.99
3222,223.741,16.328
3223,996.352,593.851
3224,35.322,186.085
3225,388.512,896.074
3226,915.784,424.007
3227,433.349,454.979
3228,430.713,346.95
3229,625.748,156.105
3230,879.828,89.912
3231,1144.13,571.932
3232,586.758,514.436
3233,231.85,178.016
3234,79.604,284.051
3235,109.738,593.749
3236,831.297,38.642
3237,881.924,377.776
3238,1128.604,538.83
3239,413.015,33.416
3240,928.828,337.708
3241,617.742,11.02
3242,780.189,134.439
3243,164.801,4.685
3244,361.462,803.577
3245,434.631,49.419
3246,1138.971,768.902
3247,888.061,798.969
3248,205.545,1074.22
3249,956.266,769.883
3250,479.944,542.688
3251,1103.746,400.07
3252,1122.541,810.374
3253,498.636,230.512
3254,816.414,916.652
3255,584.738,175.182
3256,505.159,749.004
3257,1021.893,653.925
3258,665.372,679.861
3259,885.178,541.415
3260,55.584,79.708
3261,321.105,812.888
3262,697.914,1074.381
3263,1094.927,349.331
3264,966.985,764.793
3265,946.817,861.566
3266,602.031,967.499
3267,991.811,173.041
3268,1081.134,784.553
3269,114.117,8.652
3270,395.754,887.185
3271,454.913,1131.625
3272,36.099,739.078
3273,586.292,653.48
3274,656.582,297.206
3275,338.793,199.229
3276,466.244,593.445
3277,143.054,1057.557
3278,707.207,94.463
3279,324.792,120.108
3280,748.077,430.393
3281,479.943,396.682
3282,161.452,984.694
3283,120.093,228.953
3284,691.112,1060.211
3285,60.566,628.004
3286,820.633,791.03
3287,876.577,689.354
3288,1069.789,730.066
3289,310.753,835.492
3290,154.803,489.096
3291,182.444,47.881
3292,719.72,975.125
3293,343.163,210.168
3294,783.132,733.722
3295,674.698,735.63
3296,44.565,508.031
3297,1090.734,384.287
3298,1053.392,259.787
3299,191.719,230.917
3300,559.072,917.656
3301,862.889,926.41
3302,706.763,1043.581
3303,980.11,318.049
3304,156.85,21.774
3305,369.619,183.808
3306,618.156,285.578
3307,678.237,95.682
3308,280.633,356.219
3309,929.853,712.967
3310,1075.341,825.694
3311,1087.535,543.169
3312,249.978,240.574
3313,1088.739,825.29
3314,629.179,898.183
3315,913.222,49.742
3316,163.288,87.17
3317,482.294,151.532
3318,820.321,476.819
3319,867.973,791.623
3320,362.016,1039.046
3321,524.609,32.774
3322,454.713,105.142
3323,302.659,841.527
3324,23.796,1020.635
3325,1023.048,563.348
3326,775.709,793.441
3327,561.809,182.688
3328,987.297,830.904
3329,380.481,1133.878
3330,844.345,76.472
3331,188.181,1001.441
3332,834.546,391.834
3333,262.427,492.513
3334,346.031,586.402
3335,218.026,149.468
3336,57.841,834.212
3337,585.21,149.591
3338,446.439,254.72
3339,382.752,856.298
3340,411.162,890.242
3341,608.776,782.621
3342,1126.484,595.621
3343,1108.343,225.008
3344,783.086,816.454
3345,30.782,847.904
3346,474.517,650.607
3347,735.992,915.103
3348,55.265,538.166
3349,1070.335,712.322
3350,518.712,431.078
3351,370.019,79.505
3352,83.99,1142.297
3353,200.169,850.809
3354,276.753,658.813
3355,343.18,847.772
3356,1133.158,958.219
3357,880.811,559.198
3358,737.37,687.093
3359,364.046,980.209
3360,252.888,503.195
3361,203.413,772.174
3362,90.832,848.932
3363,512.15,930.268
3364,829.598,1080.728
3365,671.463,87.162
3366,844.595,494.079
3367,87.87,160.102
3368,470.976,815.422
3369,1075.97,414.099
3370,1101.286,899.242
3371,419.812,474.094
3372,1058.079,88.667
3373,1135.929,31.39
3374,975.88,602.183
3375,915.477,979.965
3376,686.142,913.896
3377,650.285,533.819
3378,897.817,450.74
3379,493.88,403.711
3380,651.059,942.714
3381,713.167,41.411
3382,75.567,607.878
3383,631.601,128.866
3384,129.976,84.498
3385,334.186,270.504
3386,806.691,699.338
3387,129.758,359.995
3388,565.525,739.832
3389,486.586,429.351
3390,30.121,91.107
3391,815.815,956.294
3392,846.702,608.185
3393,891.15,162.529
3394,913.814,69.789
3395,689.8,559.96
3396,462.291,816.459
3397,882.053,672.038
3398,676.951,68.653
3399,107.269,12.142
3400,461.319,331.765
3401,219.305,293.23
3402,83.05,123.721
3403,580.655,1055.394
3404,768.881,854.813
3405,34.552,589.129
3406,1107.027,1006.116
3407,53.597,351.601
3408,298.181,212.811
3409,187.466,273.862
3410,139.318,389.787
3411,1097.7,1005.184
3412,891.402,1008.138
3413,285.916,641.562
3414,318.035,374.731
3415,50.416,818.102
3416,444.485,235.954
3417,595.294,421.304
3418,235.465,1125.755
3419,731.062,193.971
3420,168.933,965.055
3421,1137.495,195.503
3422,628.297,382.572
3423,196.502,738.492
3424,341.593,728.031
3425,706.457,666.606
3426,483.887,87.598
3427,1098.535,49.99
3428,173.738,469.332
3429,1068.124,622.963
3430,381.208,99.585
3431,271.69,723.136
3432,1135.855,1099.547
3433,1055.61,1099.755
3434,319.268,78.709
3435,760.867,17.837
3436,588.464,940.898
3437,309.608,260.943
3438,267.355,639.175
3439,701.286,317.045
3440,926.174,574.332
3441,509.658,26.75
3442,524.548,397.242
3443,187.798,995.621
3444,971.673,284.117
3445,231.192,881.147
3446,578.587,1047.208
3447,1070.237,749.814
3448,386.049,600.032
3449,682.024,973.108
3450,339.323,484.361
3451,415.708,895.211
3452,342.908,447.82
3453,29.983,983.082
3454,187.306,1109.648
3455,66.651,18.453
3456,384.659,430.596
3457,1040.473,1091.928
3458,151.363,495.898
3459,287.538,684.75
3460,239.877,314.292
3461,562.244,941.068
3462,1099.77,714.657
3463,843.361,256.115
3464,485.844,565.659
3465,268.866,178.898
3466,16.309,681.992
3467,648.972,486.834
3468,754.844,870.412
3469,298.88,734.593
3470,907.472,270.46
3471,938.709,170.947
3472,286.215,310.195
3473,668.236,413.276
3474,545.474,952.767
3475,168.724,770.945
3476,64.4,66.007
3477,1033.404,282.728
3478,880.293,1110.737
3479,730.619,959.606
3480,1120.688,842.205
3481,961.256,846.86
3482,985.939,371.924
3483,824.779,816.486
3484,953.222,108.17
3485,419.074,1052.592
3486,889.457,829.879
3487,536.016,988.393
3488,423.662,187.619
3489,140.666,686.718
3490,30.377,1098.215
3491,129.57,182.613
3492,804.587,25.457
3493,773.348,503.403
3494,734.429,921.662
3495,401.69,886.095
3496,580.309,1002.336
3497,200.103,595.119
3498,1109.636,692.841
3499,585.247,238.896
3500,357.891,177.974
3501,471.808,611.745
3502,210.967,21.342
3503,688.85,628.443
3504,458.747,118.524
3505,112.714,313.813
3506,998.179,121.343
3507,118.686,87.541
3508,64.22,638.281
3509,625.776,944.755
3510,962.503,291.206
3511,515.401,906.799
3512,519.639,639.394
3513,31.04,33.975
3514,411.08,205.574
3515,512.293,286.07
3516,653.239,240.303
3517,183.574,1004.608
3518,999.588,613.67
3519,409.434,544.397
3520,989.14,512.623
3521,357.002,1142.024
3522,362.629,98.799
3523,3.609,566.336
3524,796.783,324.42
3525,1142.468,176.962
3526,1123.458,1131.97
3527,363.491,1136.894
3528,115.635,411.933
3529,557.685,794.153
3530,650.598,77.894
3531,710.217,399.783
3532,917.657,538.399
3533,1090.716,1100.324
3534,714.153,571.665
3535,459.917,344.543
3536,878.831,644.369
3537,832.883,357.291
3538,545.323,886.087
3539,517.415,269.119
3540,552.677,688.102
3541,744.396,198.543
3542,163.565,545.754
3543,1019.818,278.576
3544,975.854,326.243
3545,784.153,283.057
3546,4.646,1125.015
3547,998.687,497.595
3548,997.411,70.902
3549,671.387,664.834
3550,179.009,9.601
3551,474.203,637.277
3552,477.977,574.404
3553,113.684,323.675
3554,736.91,668.269
3555,362.495,853.735
3556,41.664,25.516
3557,372.635,8.072
3558,646.717,1100.864
3559,861.921,57.009
3560,615.568,947.397
3561,876.55,963.801
3562,214.939,696.642
3563,618.75,133.127
3564,943.39,140.585
3565,555.052,469.683
3566,346.25,115.344
3567,560.332,44.821
3568,1114.468,220.009
3569,201.127,600.118
3570,601.302,1019.169
3571,267.059,1034.237
3572,834.412,356.997
3573,791.701,1101.74
3574,1094.163,911.586
3575,545.233,31.59
3576,345.114,272.059
3577,964.899,299.881
3578,842.694,853.471
3579,496.162,758.992
3580,960.433,692.383
3581,592.206,958.861
3582,806.659,638.592
3583,977.517,978.09
3584,402.156,1096.257
3585,529.458,788.012
3586,535.018,1112.844
3587,66.056,973.748
3588,175.609,1099.669
3589,952.846,3.737
3590,322.422,54.395
3591,747.389,782.388
3592,113.669,612.024
3593,526.411,202.077
3594,489.91,1129.974
3595,256.707,115.282
3596,754.756,387.64
3597,667.742,23.536
3598,827.763,798.227
3599,587.116,1057.159
3600,1048.224,1038.028
3601,1145.795,1037.106
3602,70.913,862.042
3603,1079.403,1138.398
3604,305.936,1058.287
3605,1074.86,716.283
3606,707.397,512.652
3607,408.355,397.182
3608,913.767,749.136
3609,413.854,776.015
3610,845.906,220.922
3611,196.512,978.057
3612,153.111,223.118
3613,889.078,248.549
3614,802.705,1062.273
3615,611.878,555.886
3616,247.993,1073.132
3617,892.775,390.957
3618,624.06,1004.691
3619,496.634,390.527
3620,599.425,941.703
3621,858.759,164.363
3622,561.35,983.699
3623,767.409,1118.183
3624,791.668,525.108
3625,230.679,478.677
3626,808.835,410.566
3627,564.679,8.904
3628,951.694,92.668
3629,583.331,300.374
3630,714.634,91.879
3631,150.649,649.988
3632,668.124,95.029
3633,741.055,881.71
3634,808.336,565.611
3635,107.882,596.287
3636,482.638,500.418
3637,65.248,68.222
3638,630.707,601.409
3639,649.632,215.843
3640,280.976,65.712
3641,906.721,310.972
3642,281.139,930.261
3643,145.678,531.248
3644,1026.995,994.909
3645,72.143,398.389
3646,318.649,723.35
3647,998.53,629.636
3648,902.846,175.139
3649,204.55,604.226
3650,698.867,621.204
3651,247.944,1125.909
3652,925.518,655.079
3653,890.704,835.654
3654,658.349,349.307
3655,745.863,813.03
3656,332.191,46.248
3657,613.518,355.05
3658,966.646,1045.113
3659,48.591,1090.306
3660,452.753,1062.683
3661,83.785,678.42
3662,1053.534,43.313
3663,67.621,1104.927
3664,414.204,745.536
3665,762.872,296.239
3666,46.188,308.858
3667,1033.913,214.234
3668,275.229,1049.339
3669,597.591,699.325
3670,333.136,194.911
3671,637.794,934.77
3672,224.721,646.579
3673,609.256,708.202
3674,351.466,833.462
3675,208.028,975.238
3676,949.434,421.749
3677,296.758,545.008
3678,776.609,791.34
3679,720.334,867.85
3680,600.553,507.161
3681,5.965,228.659
3682,628.243,936.635
3683,1051.575,642.38
3684,652.168,366.191
3685,932.637,362.024
3686,814.967,450.277
3687,139.38,596.711
3688,258.737,4.936
3689,676.979,662.198
3690,386.97,1062.198
3691,967.832,1076.711
3692,347.227,1019.296
3693,457.074,382.307
3694,295.376,995.842
3695,273.495,437.333
3696,892.882,52.452
3697,1047.616,725.679
3698,627.211,478.315
3699,236.528,1092.864
3700,267.589,607.14
3701,334.337,199.514
3702,598.379,819.871
3703,127.264,154.265
3704,624.636,191.075
3705,691.007,423.703
3706,108.665,916.717
3707,310.725,1064.12
3708,950.811,675.49
3709,1074.762,355.257
3710,836.17,459.079
3711,413.827,433.73
3712,961.964,192.67
3713,810.213,1030.598
3714,796.284,998.778
3715,684.004,848.464
3716,327.457,987.819
3717,387.791,935.852
3718,752.143,920.388
3719,1075.469,583.426
3720,317.833,247.131
3721,734.047,958.106
3722,273.342,383.203
3723,794.016,615.524
3724,72.069,713.419
3725,92.584,776.323
3726,26.714,518.532
3727,634.654,237.026
3728,435.662,193.839
3729,1010.41,1134.504
3730,1100.703,967.92
3731,698.706,1034.351
3732,1142.831,276.23
3733,68.054,762.066
3734,466.629,701.978
3735,396.632,544.63
3736,563.679,30.638
3737,989.57,144.714
3738,240.242,889.606
3739,159.983,566.366
3740,1122.155,649.378
3741,532.158,128.882
3742,849.739,1026.785
3743,820.947,310.8
3744,717.428,1061.658
3745,276.911,953.864
3746,1115.459,913.486
3747,255.876,813.91
3748,924.995,631.397
3749,59.333,981.428
3750,932.966,496.351
3751,293.507,550.367
3752,1025.987,1067.644
3753,1115.762,866.399
3754,646.547,168.664
3755,485.258,174.398
3756,700.404,1062.119
3757,949.679,1123.612
3758,56.699,153.235
3759,827.176,357.544
3760,96.105,203.994
3761,471.219,464.827
3762,985.261,806.158
3763,1083.268,448.347
3764,928.351,1096.262
3765,1076.468,693.968
3766,90.183,810.764
3767,670.285,895.602
3768,973.725,628.363
3769,644.557,726.868
3770,541.328,256.626
3771,30.225,992.43
3772,1068.76,39.489
3773,655.552,774.58
3774,780.858,949.709
3775,559.668,343.853
3776,636.768,1090.968
3777,214.829,324.817
3778,61.571,377.003
3779,1041.409,108.253
3780,246.035,366.548
3781,753.174,281.949
3782,758.644,228.264
3783,249.549,929.404
3784,1020.438,1092.393
3785,155.246,367.334
3786,184.886,227.868
3787,937.614,468.997
3788,358.232,990.486
3789,485.444,1078.798
3790,301.586,427.133
3791,631.702,789.982
3792,986.629,891.665
3793,180.322,416.911
3794,862.966,1094.222
3795,426.894,822.239
3796,266.674,1084.209
3797,424.371,1075.885
3798,614.544,1016.031
3799,217.669,1142.578
3800,545.535,108.418
3801,452.174,492.166
3802,990.909,949.038
3803,358.434,732.424
3804,48.352,350.621
3805,841.733,375.712
3806,516.065,10.579
3807,362.668,917.272
3808,685.356,193.174
3809,547.095,265.659
3810,1053.576,55.597
3811,315.135,294.016
3812,1065.644,782.102
3813,934.378,1027.615
3814,138.457,489.201
3815,138.516,855.124
3816,533.43,974.399
3817,751.931,1088.249
3818,830.064,181.688
3819,247.729,249.833
3820,294.098,668.807
3821,686.476,730.499
3822,289.434,797.796
3823,946.547,824.502
3824,1124.638,568.163
3825,99.108,920.47
3826,49.059,869.643
3827,787.806,885.722
3828,633.179,382.889
3829,585.674,648.396
3830,370.782,805.616
3831,73.798,8.147
3832,855.867,711.762
3833,426.783,504.676
3834,404.1,318.86
3835,419.97,958.754
3836,650.206,1072.707
3837,816.187,367.022
3838,657.829,863.155
3839,149.063,636.914
3840,999.628,96.558
3841,562.299,927.705
3842,652.829,989.489
3843,652.781,242.074
3844,1082.395,926.35
3845,946.763,1108.865
3846,674.777,1020.006
3847,1122.937,329.799
3848,759.504,1130.59
3849,873.362,277.002
3850,524.178,270.614
3851,367.524,637.403
3852,517.041,884.279
3853,708.758,955.957
3854,635.87,219.455
3855,237.477,77.183
3856,89.357,430.962
3857,162.076,770.033
3858,962.722,478.394
3859,827.585,1090.374
3860,1058.963,786.368
3861,303.905,1013.789
3862,810.686,899.326
3863,316.85,187.255
3864,382.572,180.961
3865,1041.11,235.608
3866,585.996,917.043
3867,630.228,81.484
3868,613.071,36.867
3869,823.549,523.377
3870,811.124,1078.53
3871,563.363,430.049
3872,246.002,943.3
3873,908.754,1023.626
3874,917.93,309.784
3875,264.231,530.061
3876,905.504,437.329
3877,857.321,225.78
3878,534.485,407.246
3879,887.289,379.192
3880,996.935,195.851
3881,612.569,1129.885
3882,193.774,415.876
3883,462.822,507.791
3884,958.7,727.115
3885,712.323,439.058
3886,168.237,509.162
3887,878.914,591.484
3888,722.757,113.125
3889,963.375,990.555
3890,366.671,17.937
3891,139.797,175.264
3892,112.552,1063.244
3893,1051.313,449.642
3894,1041.587,871.752
3895,366.817,530.661
3896,78.03,873.113
3897,258.765,517.087
3898,160.447,942.555
3899,480.53,835.406
3900,186.618,812.95
3901,164.963,475.686
3902,363.599,1105.472
3903,455.231,509.722
3904,351.539,959.138
3905,169.094,1033.246
3906,1107.97,246.792
3907,729.184,149.841
3908,692.027,213.21
3909,1056.841,127.05
3910,711.109,333.094
3911,53.468,12.581
3912,942.493,914.732
3913,91.138,524.515
3914,107.77,165.448
3915,1117.452,1100.961
3916,533.588,299.619
3917,267.644,887.377
3918,600.863,249.377
3919,591.548,558.336
3920,882.592,882.658
3921,1075.509,711.902
3922,1127.444,231.459
3923,195.847,314.488
3924,596.206,677.869
3925,468.055,441.7
3926,933.038,803.332
3927,391.064,10.217
3928,196.272,625.114
3929,1102.204,103.067
3930,321.738,766.962
3931,238.857,1033.405
3932,873.628,365.012
3933,463.354,31.045
3934,252.873,791.256
3935,373.712,335.846
3936,670.634,325.361
3937,33.952,881.665
3938,19.392,464.379
3939,465.075,210.936
3940,173.529,63.794
3941,489.233,375.469
3942,998.15,631.693
3943,386.689,384.465
3944,338.166,523.439
3945,984.314,1022.441
3946,86.112,1054.158
3947,218.037,1114.478
3948,352.987,81.131
3949,475.583,343.859
3950,1046.996,503.553
3951,473.769,454.469
3952,944.234,487.926
3953,1128.773,890.957
3954,147.82,143.915
3955,309.817,165.192
3956,973.319,247.103
3957,859.55,1066.473
3958,530.575,396.795
3959,678.144,1145.574
3960,395.746,466.075
3961,789.1,1028.997
3962,890.667,248.716
3963,164.897,1014.988
3964,141.565,789.776
3965,232.284,1022.285
3966,185.164,1128.138
3967,528.171,339.805
3968,15.815,398.794
3969,745.882,133.369
3970,133.538,811.86
3971,280.889,682.102
3972,51.55,469.31
3973,289.687,820.08
3974,84.904,336.282
3975,936.261,587.007
3976,459.165,299.854
3977,613.186,149.732
3978,381.908,14.219
3979,885.96,747.563
3980,8.948,250.72
3981,842.32,352.553
3982,404.468,887.259
3983,194.139,681.384
3984,43.096,92.45
3985,259.93,1097.829
3986,1105.316,755.703
3987,1090.185,668.719
3988,39.411,112.683
3989,274.378,442.867
3990,415.984,82.349
3991,811.646,962.195
3992,548.093,734.507
3993,88.602,539.438
3994,902.448,430.429
3995,325.986,768.403
3996,927.341,458.368
3997,578.861,143.009
3998,906.173,315.904
3999,211.596,242.911
4000,481.408,941.733
4001,439.154,170.602
4002,528.383,213.875
4003,639.598,1103.788
4004,255.093,1072.425
4005,934.725,35.181
4006,117.076,670.247
4007,588.133,325.917
4008,140.588,656.349
4009,1068.452,670.065
4010,400.336,423.953
4011,163.738,186.3
4012,535.247,856.039
4013,10.615,1011.725
4014,269.5,329.122
4015,998.044,380.318
4016,506.201,48.038
4017,340.271,404.747
4018,167.847,1105.204
4019,931.766,335.495
4020,43.163,8.292
4021,1036.765,302.077
4022,75.436,553.288
4023,630.765,32.21
4024,753.345,184.433
4025,943.353,926.356
4026,798.678,373.754
4027,1134.448,258.713
4028,237.237,902.441
4029,57.107,493.771
4030,623.886,437.689
4031,546.962,565.909
4032,401.594,148.847
4033,1053.11,1051.476
4034,681.315,348.84
4035,138.4,592.843
4036,30.065,504.296
4037,104.191,1106.342
4038,624.604,1001.293
4039,345.329,1036.595
4040,298.565,889.357
4041,725.041,516.925
4042,655.183,811.822
4043,1078.166,254.001
4044,669.095,113.089
4045,245.954,68.53
4046,1011.457,998.54
4047,94.023,442.406
4048,339.162,811.22
4049,1138.94,309.303
4050,140.562,249.702
4051,413.972,57.506
4052,701.863,932.44
4053,79.713,1053.845
4054,1031.205,636.808
4055,342.685,372.357
4056,293.731,509.293
4057,873.3,523.245
4058,401.56,254.225
4059,938.211,879.453
4060,857.034,704.237
4061,515.52,1046.377
4062,591.564,214.724
4063,313.63,285.625
4064,608.874,745.745
4065,293.837,763.247
4066,960.214,1125.631
4067,975.389,6.278
4068,626.169,939.955
4069,82.735,994.539
4070,630.445,1125.766
4071,916.46,993.568
4072,770.9,897.188
4073,169.703,932.713
4074,1038.78,535.194
4075,177.105,896.399
4076,585.12,416.205
4077,726.328,35.444
4078,747.123,727.489
4079,77.164,288.214
4080,1072.913,766.724
4081,1091.207,497.539
4082,412.049,312.689
4083,1127.278,900.656
4084,137.705,473.718
4085,437.079,366.145
4086,1033.079,638.919
4087,545.42,1021.612
4088,972.627,1046.003
4089,288.223,924.327
4090,442.58,1068.44
4091,485.766,292.041
4092,611.424,358.31
4093,737.158,203.71
4094,948.743,221.652
4095,687.082,968.391
4096,297.177,489.893
4097,773.597,755.595
4098,263.62,60.06
4099,1104.69,928.349
4100,947.216,469.004
4101,463.986,39.341
4102,734.674,938.379
4103,1146.167,844.126
4104,594.363,524.244
4105,464.739,619.71
4106,214.81,830.938
4107,687.461,124.921
4108,634.001,18.97
4109,132.411,104.481
4110,536.65,576.199
4111,75.215,457.409
4112,595.516,732.632
4113,45.964,987.869
4114,840.606,102.176
4115,346.362,400.543
4116,836.291,312.653
4117,676.736,613.895
4118,949.015,682.468
4119,322.656,1064.988
4120,998.062,358.702
4121,648.148,878.791
4122,428.867,672.557
4123,156.163,956.59
4124,458.126,1061.726
4125,330.419,263.372
4126,376.354,439.1
4127,383.978,778.004
4128,898.907,782.526
4129,1023.211,284.224
4130,408.137,1112.196
4131,1057.565,955.078
4132,375.591,61.04
4133,803.814,819.757
4134,35.998,916.227
4135,312.85,501.808
4136,29.544,84.981
4137,13.128,653.128
4138,449.419,393.594
4139,653.4,1020.365
4140,224.82,484.081
4141,251.07,722.387
4142,213.456,379.129
4143,427.828,218.226
4144,331.092,810.043
4145,121.974,723.166
4146,169.009,32.709
4147,629.091,750.683
4148,452.97,242.933
4149,21.538,971.607
4150,146.886,154.324
4151,426.242,375.326
4152,224.804,881.47
4153,333.275,82.984
4154,610.175,258.793
4155,155.629,762.726
4156,268.213,1146.226
4157,585.213,266.592
4158,394.714,789.843
4159,263.87,396.25
4160,850.488,1100.539
4161,736.004,187.836
4162,290.516,252.313
4163,115.326,915.874
4164,1001.569,683.052
4165,364.502,961.33
4166,610.155,821.26
4167,438.172,729.639
4168,134.318,881.995
4169,42.214,477.513
4170,237.617,628.858
4171,872.309,1046.52
4172,941.455,815.09
4173,924.89,911.155
4174,240.39,487.751
4175,552.515,1026.904
4176,961.838,1128.187
4177,597.678,1144.234
4178,579.656,200.747
4179,446.169,1082.107
4180,460.7,523.937
4181,236.024,400.379
4182,874.721,1002.789
4183,153.68,123.199
4184,473.932,37.774
4185,148.282,18.175
4186,849.425,702.427
4187,1128.291,472.217
4188,849.018,149.966
4189,50.395,704.537
4190,111.776,376.569
4191,856.739,334.416
4192,763.356,1131.632
4193,817.392,300.742
4194,166.15,165.638
4195,633.305,345.471
4196,1021.88,744.702
4197,470.588,748.36
4198,1073.303,495.669
4199,659.921,994.047
4200,991.516,514.869
4201,201.634,1124.861
4202,536.592,1053.792
4203,1053.254,1147.811
4204,580.423,688.074
4205,322.363,634.272
4206,1062.264,806.662
4207,86.035,229.07
4208,1083.453,342.732
4209,677.943,329.269
4210,1027.335,975.193
4211,363.322,838.136
4212,737.053,117.722
4213,322.284,731.176
4214,840.296,628.648
4215,694.293,331.564
4216,268.726,700.411
4217,477.878,35.834
4218,881.031,1072.755
4219,1106.017,719.912
4220,447.104,676.783
4221,531.033,790.975
4222,515.374,121.461
4223,991.638,375.327
4224,780.284,362.828
4225,195.476,97.638
4226,907.763,349.697
4227,463.525,252.456
4228,647.258,388.903
4229,162.329,819.714
4230,380.673,768.754
4231,502.863,523.172
4232,187.866,1086.175
4233,353.699,342.033
4234,938.774,531.995
4235,250.417,401.407
4236,342.726,660.311
4237,1068.278,621.287
4238,1054.193,243.982
4239,902.49,747.235
4240,700.791,2.788
4241,1059.431,58.415
4242,782.801,50.645
4243,5.358,154.834
4244,401.77,182.538
4245,532.49,329.219
4246,437.695,215.31
4247,966.41,825.539
4248,1013.972,512.742
4249,414.082,80.538
4250,698.174,746.264
4251,655.079,988.296
4252,739.959,790.792
4253,456.175,146.543
4254,653.964,1027.272
4255,337.093,1137.089
4256,833.279,758.484
4257,416.133,926.661
4258,1145.45,166.211
4259,61.046,286.048
4260,642.709,451.625
4261,857.191,919.117
4262,9.537,837.165
4263,733.16,262.822
4264,834.802,98.966
4265,369.169,670.615
4266,112.327,728.71
4267,386.034,802.07
4268,143.205,710.148
4269,131.212,487.786
4270,191.504,503.654
4271,902.97,200.357
4272,373.305,820.474
4273,337.893,317.412
4274,675.555,237.721
4275,13.906,875.952
4276,399.466,290.525
4277,956.773,1054.297
4278,450.336,556.447
4279,678.169,947.038
4280,183.819,217.797
4281,987.232,718.651
4282,809.159,368.414
4283,197.652,949.964
4284,901.012,909.378
4285,142.571,998.829
4286,436.97,825.042
4287,793.244,835.346
4288,582.216,255.359
4289,876.148,79.227
4290,890.224,340.719
4291,570.351,508.06
4292,881.818,793.24
4293,217.995,1066.36
4294,874.354,347.328
4295,1090.379,132.402
4296,586.17,1028.132
4297,232.44,979.383
4298,1078.628,604.036
4299,925.936,738.685
4300,925.032,738.818
4301,373.556,1043.118
4302,96.053,1070.579
4303,1031.452,478.652
4304,334.437,444.911
4305,265.384,271.549
4306,591.388,675.433
4307,881.276,655.291
4308,614.874,742.091
4309,480.421,961.495
4310,1143.313,745.831
4311,223.596,501.137
4312,453.435,1102.851
4313,382.28,409.713
4314,233.909,719.405
4315,1026.379,730.343
4316,207.623,839.589
4317,1125.417,1084.6
4318,694.791,335.711
4319,254.734,735.121
4320,584.355,707.285
4321,853.885,169.265
4322,480.18,721.129
4323,1130.188,1100.794
4324,719.457,592.802
4325,687.999,899.317
4326,740.076,901.53
4327,509.646,666.933
4328,724.608,644.546
4329,407.978,688.746
4330,1105.062,939.102
4331,330.373,237.473
4332,769.005,342.571
4333,1111.472,16.696
4334,997.781,213.394
4335,847.084,773.2
4336,269.232,533.683
4337,1137.352,188.485
4338,619.817,422.399
4339,651.844,66.501
4340,836.971,251.498
4341,800.667,237.614
4342,550.095,921.18
4343,408.412,1041.195
4344,767.834,407.06
4345,254.613,400.995
4346,871.302,218.602
4347,748.183,445.29
4348,462.283,970.711
4349,740.625,237.843
4350,1062.165,725.774
4351,542.608,808.836
4352,881.785,1071.157
4353,419.358,101.06
4354,180.294,623.128
4355,372.995,226.867
4356,269.304,817.042
4357,830.65,150.376
4358,555.944,607.547
4359,271.718,748.896
4360,881.681,916.467
4361,743.988,503.617
4362,373.671,1047.948
4363,652.347,1059.14
4364,1022.79,615.725
4365,40.258,159.894
4366,261.793,573.355
4367,661.31,72.844
4368,62.657,141.074
4369,1136.412,1137.792
4370,1121.747,561.265
4371,590.95,161.752
4372,194.831,886.67
4373,826.344,212.598
4374,124.938,851.6
4375,448.296,1073.959
4376,890.503,265.729
4377,589.78,15.854
4378,294.582,443.545
4379,817.19,1062.555
4380,970.88,652.268
4381,174.9,389.178
4382,393.512,777.892
4383,783.281,42.307
4384,416.953,626.875
4385,472.053,850.052
4386,1110.059,285.001
4387,847.097,67.696
4388,383.221,881.511
4389,682.189,580.315
4390,709.614,732.293
4391,825.574,684.907
4392,453.985,346.183
4393,992.853,1021.695
4394,312.94,532.825
4395,820.594,944.349
4396,909.469,679.491
4397,499.411,43.52
4398,186.562,875.094
4399,890.701,726.919
4400,1095.645,184.009
4401,98.685,953.426
4402,514.542,675.069
4403,553.075,958.912
4404,316.92,715.729
4405,1068.782,685.776
4406,926.553,49.973
4407,709.483,449.403
4408,162.078,1122.493
4409,854.514,503.6
4410,349.512,673.068
4411,509.69,114.369
4412,1040.098,400.901
4413,30.355,803.05
4414,466.82,270.228
4415,802.022,144.552
4416,28.085,860.8
4417,159.419,393.903
4418,859.1,1021.64
4419,986.758,394.522
4420,1030.192,615.267
4421,727.846,2.005
4422,567.287,734.497
4423,53.95,88.174
4424,601.095,685.666
4425,502.272,477.365
4426,1117.223,257.86
4427,938.357,18.573
4428,659.658,362.105
4429,69.305,584.364
4430,613.533,525.407
4431,746.288,1007.299
4432,365.133,703.447
4433,348.096,728.632
4434,1061.888,767.821
4435,854.481,53.513
4436,321.879,970.725
4437,597.05,163.858
4438,537.687,1114.317
4439,822.104,70.698
4440,1073.241,1139.768
4441,217.316,633.637
4442,979.889,669.417
4443,1013.101,931.358
4444,467.802,232.509
4445,268.121,424.961
4446,562.66,581.117
4447,671.601,712.972
4448,411.989,328.412
4449,882.183,220.073
4450,255.89,1078.233
4451,1097.757,706.362
4452,889.196,477.685
4453,652.922,798.873
4454,281.339,953.441
4455,278.588,1015.938
4456,16.835,834.764
4457,639.796,1144.086
4458,299.854,266.349
4459,486.468,18.48
4460,332.929,128.428
4461,594.236,873.256
4462,324.8,740.426
4463,193.876,202.935
4464,777.505,61.438
4465,957.555,878.448
4466,950.98,655.934
4467,877.046,411.023
4468,672.491,151.95
4469,359.866,313.361
4470,1010.487,377.349
4471,820.659,297.371
4472,1117.468,135.707
4473,923.509,469.687
4474,424.337,609.026
4475,415.883,554.846
4476,247.564,741.763
4477,410.168,91.23
4478,810.335,737.31
4479,782.711,493.005
4480,229.673,404.214
4481,403.974,514.588
4482,1088.191,556.201
4483,827.405,718.538
4484,26.777,194.162
4485,257.72,283.59
4486,26.082,204.883
4487,448.039,781.229
4488,152.137,588.94
4489,243.157,491.845
4490,832.946,784.35
4491,403.605,1059.392
4492,107.553,418.875
4493,51.449,66.962
4494,430.966,381.065
4495,504.937,1111.229
4496,450.792,247.199
4497,458.414,1091.307
4498,1010.377,496.017
4499,446.643,618.193
4500,767.067,83.501
4501,153.527,567.059
4502,675.624,897.018
4503,992.422,985.312
4504,121.95,1010.437
4505,154.573,441.863
4506,1103.929,304.83
4507,819.036,1133.796
4508,16.55,298.239
4509,465.677,829.727
4510,632.464,941.15
4511,686.593,876.695
4512,456.897,108.205
4513,1050.108,134.887
4514,804.451,660.104
4515,524.05,354.544
4516,623.332,1008.932
4517,94.429,687.318
4518,1079.844,814.823
4519,1132.369,194.4
4520,442.498,83.106
4521,1048.419,443.44
4522,1019.618,1015.978
4523,278.477,804.575
4524,473.608,718.937
4525,14.303,1073.633
4526,945.646,1098.505
4527,640.524,953.465
4528,896.746,12.171
4529,223.243,803.746
4530,1054.689,22.605
4531,462.42,1103.016
4532,695.173,989.749
4533,648.073,538.053
4534,987.311,1109.97
4535,303.846,244.483
4536,396.392,632.9
4537,90.041,338.923
4538,744.223,453.791
4539,566.29,643.805
4540,668.803,983.029
4541,627.917,845.209
4542,332.092,424.319
4543,661.78,1147.503
4544,533.543,684.974
4545,191.877,643.539
4546,947.107,32.72
4547,287.008,487.906
4548,956.312,586.456
4549,595.693,423.83
4550,262.73,133.316
4551,1022.394,964.727
4552,195.576,884.631
4553,585.801,714.207
4554,488.384,732.091
4555,916.459,152.77
4556,683.336,339.789
4557,625.668,918.899
4558,209.38,319.522
4559,524.387,508.937
4560,829.992,17.014
4561,76.678,514.632
4562,1138.995,1135.398
4563,454.6,717.878
4564,493.478,571.27
4565,196.183,154.292
4566,512.408,94.356
4567,612.143,759.399
4568,27.715,512.233
4569,246.282,443.131
4570,1038.038,230.308
4571,874.633,552.967
4572,590.871,48.5
4573,135.638,1146.573
4574,273.561,861.966
4575,729.737,378.914
4576,952.639,855.737
4577,1120.262,767.834
4578,594.825,345.054
4579,512.719,520.694
4580,20.882,461.787
4581,1095.848,275.837
4582,220.395,699.666
4583,765.863,200.94
4584,1064.496,346.502
4585,358.075,884.344
4586,340.703,86.557
4587,280.008,303.078
4588,999.377,1042.144
4589,571.746,753.532
4590,714.993,16.534
4591,862.127,171.769
4592,240.748,324.299
4593,528.112,407.625
4594,660.146,977.266
4595,698.041,895.644
4596,572.943,798.217
4597,1045.214,92.046
4598,531.07,642.206
4599,518.741,665.259
4600,96.563,826.8
4601,983.312,615.206
4602,956.399,1090.957
4603,454.283,212.352
4604,63.404,351.905
4605,784.463,438.254
4606,1123.127,804.473
4607,83.678,513.531
4608,955.371,761.685
4609,567.709,58.011
4610,1027.863,363.426
4611,224.171,49.419
4612,6.288,1018.094
4613,958.572,141.35
4614,405.743,168.446
4615,834.336,740.04
4616,343.039,605.091
4617,607.059,107.135
4618,472.364,346.918
4619,599.789,982.756
4620,845.552,726.502
4621,881.66,95.202
4622,125.383,759.086
4623,818.05,858.204
4624,177.5,640.685
4625,774.198,70.819
4626,721.161,159.973
4627,300.948,642.24
4628,114.505,566.536
4629,915.02,497.23
4630,417.087,325.593
4631,1084.723,319.989
4632,23.1,408.698
4633,354.222,1135.246
4634,247.369,961.157
4635,25.064,464.801
4636,631.408,978.056
4637,85.629,543.187
4638,826.707,963.614
4639,1132.03,174.096
4640,779.367,279.255
4641,215.545,1082.203
4642,685.579,808.931
4643,315.563,932.874
4644,909.649,207.266
4645,736.66,142.758
4646,739.533,329.883
4647,639.092,52.961
4648,1060.863,403.247
4649,430.635,1004.043
4650,1057.943,653.947
4651,543.278,38.519
4652,2.394,779.581
4653,507.702,581.29
4654,57.403,571.626
4655,624.951,191.91
4656,511.289,211.371
4657,1123.057,808.244
4658,1144.772,315.421
4659,31.337,470.826
4660,103.589,526.03
4661,652.85,965.342
4662,1141.32,862.332
4663,773.782,39.981
4664,1073.652,480.434
4665,1034.409,79.723
4666,1023.925,139.024
4667,802.562,124.969
4668,605.898,823.095
4669,53.592,344.73
4670,262.677,356.383
4671,18.052,1083.829
4672,742.437,31.298
4673,452.615,706.492
4674,270.923,333.052
4675,1060.895,701.108
4676,1069.165,268.943
4677,1084.291,329.831
4678,165.487,49.032
4679,408.069,370.921
4680,1053.844,1058.198
4681,552.618,133.248
4682,514.818,617.72
4683,859.875,18.044
4684,268.232,1038.678
4685,376.687,935.639
4686,50.12,953.597
4687,914.488,596.681
4688,358.773,396.215
4689,504.344,870.397
4690,739.302,114.765
4691,926.557,729.601
4692,366.125,418.196
4693,408.527,944.849
4694,430.973,898.344
4695,726.027,753.221
4696,846.121,355.405
4697,608.928,478.47
4698,658.886,876.83
4699,352.547,335.709
4700,272.235,561.899
4701,225.383,104.223
4702,1105.997,221.973
4703,626.396,145.852
4704,633.291,429.43
4705,729.742,995.91
4706,541.735,875.908
4707,253.153,611.122
4708,438.083,765.412
4709,216.09,96.191
4710,1000.462,225.22
4711,82.055,16.406
4712,755.478,841.776
4713,1079.978,852.352
4714,963.611,865.397
4715,1092.322,1081.874
4716,43.954,904.622
4717,481.952,683.855
4718,894.38,156.285
4719,874.494,39.124
4720,362.647,408.247
4721,643.522,543.127
4722,1139.902,838.675
4723,959.411,1009.671
4724,405.04,1032.352
4725,639.986,309.319
4726,281.194,928.262
4727,168.013,831.737
4728,78.078,645.831
4729,755.319,688.518
4730,114.978,867.739
4731,889.417,236.244
4732,284.606,475.043
4733,887.283,289.802
4734,985.134,1007.234
4735,1043.925,301.309
4736,445.872,347.351
4737,1090.947,254.926
4738,470.161,545.176
4739,137.35,283.884
4740,648.331,135.581
4741,94.173,146.918
4742,649.794,34.989
4743,911.233,621.83
4744,514.871,23.007
4745,101.951,794.6
4746,214.326,874.413
4747,1107.529,340.385
4748,416.461,925.688
4749,765.481,867.582
4750,896.925,1081.806
4751,1085.821,647.117
4752,694.443,897.032
4753,420.218,324.91
4754,630.002,500.04
4755,338.649,407.892
4756,1006.829,95.192
4757,539.729,754.533
4758,786.878,1136.888
4759,976.166,1016.64
4760,493.221,282.701
4761,1013.743,800.208
4762,102.998,608.191
4763,385.981,724.27
4764,807.157,334.038
4765,609.959,673.651
4766,194.3,821.421
4767,410.515,1066.573
4768,250.191,196.852
4769,933.093,981.764
4770,342.084,761.312
4771,587.782,480.668
4772,763.361,414.954
4773,497.678,394.812
4774,279.141,636.226
4775,1107.791,839.661
4776,54.569,898.055
4777,920.648,328.275
4778,304.078,750.855
4779,761.016,277.606
4780,573.971,314.536
4781,933.859,492.271
4782,576.162,443.537
4783,254.42,327.853
4784,268.499,439.972
4785,305.675,510.191
4786,961.312,980.684
4787,222.985,489.542
4788,968.148,181.232
4789,707.794,365.407
4790,84.864,270.608
4791,675.683,947.051
4792,660.587,331.508
4793,369.987,1070.943
4794,172.466,361.31
4795,509.293,475.384
4796,378.637,628.442
4797,353.901,445.979
4798,1132.689,886.354
4799,1053.693,303.018
4800,495.608,226.134
4801,109.826,128.161
4802,1108.527,1093.457
4803,348.716,799.271
4804,842.915,218.893
4805,443.129,340.203
4806,816.383,846.328
4807,776.832,345.069
4808,778.267,146.636
4809,1025.273,993.173
4810,986.362,602.513
4811,847.043,975.471
4812,944.449,493.298
4813,476.841,1087.176
4814,824.02,433.639
4815,425.181,602.965
4816,871.012,382.228
4817,468.785,465.604
4818,272.751,752.406
4819,434.145,552.552
4820,1082.982,232.866
4821,1123.967,114.438
4822,832.633,514.658
4823,249.571,933.166
4824,186.781,572.327
4825,252.746,423.398
4826,419.944,1140.971
4827,992.439,875.105
4828,253.046,177.389
4829,1046.949,649.257
4830,760.077,761.032
4831,634.479,730.088
4832,781.52,283.642
4833,78.918,158.796
4834,433.389,1105.638
4835,297.132,297.403
4836,281.678,39.054
4837,69.098,904.609
4838,809.858,770.357
4839,1106.656,232.622
4840,1023.737,99.591
4841,487.232,667.529
4842,949.987,145.839
4843,816.031,476.446
4844,853.597,1009.083
4845,684.96,1114.047
4846,1095.592,1058.417
4847,921.377,52.209
4848,424.417,643.83
4849,316.934,163.131
4850,1011.645,801.599
4851,691.727,1145.502
4852,741.466,805.64
4853,804.227,233.935
4854,99.008,48.475
4855,232.543,814.185
4856,773.166,805.873
4857,137.32,167.511
4858,555.034,287.161
4859,734.429,924.872
4860,52.18,930.001
4861,679.251,354.738
4862,271.523,364.604
4863,276.42,365.131
4864,29.73,424.091
4865,1024.165,536.544
4866,141.481,602.95
4867,878.389,665.614
4868,533.469,669.175
4869,263.468,1035.757
4870,187.893,685.26
4871,1101.538,163.149
4872,291.662,670.698
4873,449.047,325.04
4874,693.896,261.245
4875,887.819,532.441
4876,648.774,310.262
4877,902.236,603.756
4878,146.208,398.693
4879,76.771,820.268
4880,781.572,916.258
4881,137.21,1076.245
4882,776.775,822.472
4883,624.897,790.636
4884,669.731,94.714
4885,1050.049,427.506
4886,384.826,788.798
4887,438.403,525.083
4888,449.327,616.595
4889,1103.77,102.4
4890,108.179,262.874
4891,841.163,473.241
4892,1014.764,573.181
4893,996.968,500.011
4894,1133.631,749.395
4895,1074.425,754.117
4896,1023.266,983.501
4897,745.447,842.677
4898,788.2,1101.067
4899,360.932,943.272
4900,969.552,1012.709
4901,937.206,974.059
4902,778.321,425.048
4903,713.293,398.184
4904,90.864,638.788
4905,187.969,344.493
4906,1048.927,577.528
4907,474.986,875.094
4908,702.638,565.261
4909,791.644,949.687
4910,1112.663,565.656
4911,2.652,698.417
4912,361.692,1028.565
4913,307.437,920.942
4914,291.917,208.558
4915,157.695,871.692
4916,771.063,844.771
4917,97.774,474.53
4918,892.906,502.603
4919,1072.417,1085.947
4920,935.353,294.478
4921,637.267,88.741
4922,684.076,331.327
4923,397.279,126.428
4924,385.664,246.297
4925,329.193,199.494
4926,453.357,1028.062
4927,612.629,543.091
4928,956.864,948.045
4929,692.682,308.797
4930,1112.36,1122.289
4931,977.18,587.686
4932,1013.688,360.398
4933,816.27,681.086
4934,535.323,958.555
4935,702.023,678.166
4936,983.928,354.721
4937,247.684,635.73
4938,1071.251,527.816
4939,743.234,1102.794
4940,1054.41,925.817
4941,844.406,201.026
4942,1108.41,770.031
4943,521.654,290.361
4944,769.839,805.271
4945,512.113,665.722
4946,469.392,670.191
4947,97.034,996.92
4948,290.954,342.191
4949,677.583,759.168
4950,494.116,1103.135
4951,401.269,368.045
4952,1036.114,204.218
4953,410.003,625.587
4954,859.417,178.658
4955,330.365,545.119
4956,374.98,587.921
4957,1083.658,133.768
4958,525.584,720.528
4959,614.958,131.832
4960,45.002,137.119
4961,117.83,1029.663
4962,188.459,750.308
4963,444.465,810.818
4964,1084.89,1057.405
4965,361.458,758.359
4966,561.692,1120.122
4967,913.814,1090.705
4968,331.891,181.205
4969,968.193,1140.03
4970,397.276,852.456
4971,79.876,278.455
4972,1081.331,744.528
4973,1097.582,212.615
4974,219.661,296.819
4975,196.414,45.711
4976,1069.167,132.851
4977,1103.612,731.778
4978,1061.9,510.148
4979,780.255,670.091
4980,899.323,732.971
4981,371.714,307.579
4982,257.065,127.56
4983,309.721,877.198
4984,248.763,202.3
4985,587.203,297.071
4986,15.027,816.231
4987,394.083,537.085
4988,174.98,813.315
4989,917.631,277.712
4990,596.032,186.026
4991,826.553,586.845
4992,607.431,385.527
4993,487.428,496.444
4994,197.165,573.399
4995,789.978,759.194
4996,1100.313,239.123
4997,1013.374,525.331
4998,996.607,114.281
4999,787.113,299.226
